id,class,seed,counterfactual,remaining_cycles,ideal_mhz
001-instcombine-foldaddtoashr-n87-d16.pbqp,llvm,heuristic,none,66677,3070.833141436006
001-instcombine-foldaddtoashr-n87-d16.pbqp,llvm,heuristic,free_descriptor_frontend,62497,2878.321742734767
001-instcombine-foldaddtoashr-n87-d16.pbqp,llvm,heuristic,zero_memory_wait,54694,2518.9517800396075
001-instcombine-foldaddtoashr-n87-d16.pbqp,llvm,heuristic,free_operand_service,39224,1806.4753834108599
001-instcombine-foldaddtoashr-n87-d16.pbqp,llvm,heuristic,free_arithmetic,59433,2737.2081241652468
001-instcombine-foldaddtoashr-n87-d16.pbqp,llvm,heuristic,free_tree_merge,47525,2188.7809146594204
001-instcombine-foldaddtoashr-n87-d16.pbqp,llvm,heuristic,free_conditioning_device,66677,3070.833141436006
003-instcombine-foldnowrapadd-n114-d16-r1.pbqp,llvm,heuristic,none,8119,2648.9396411092985
003-instcombine-foldnowrapadd-n114-d16-r1.pbqp,llvm,heuristic,free_descriptor_frontend,7641,2492.9853181076674
003-instcombine-foldnowrapadd-n114-d16-r1.pbqp,llvm,heuristic,zero_memory_wait,6670,2176.1827079934747
003-instcombine-foldnowrapadd-n114-d16-r1.pbqp,llvm,heuristic,free_operand_service,4786,1561.5008156606852
003-instcombine-foldnowrapadd-n114-d16-r1.pbqp,llvm,heuristic,free_arithmetic,7223,2356.6068515497554
003-instcombine-foldnowrapadd-n114-d16-r1.pbqp,llvm,heuristic,free_tree_merge,5767,1881.5660685154976
003-instcombine-foldnowrapadd-n114-d16-r1.pbqp,llvm,heuristic,free_conditioning_device,8119,2648.9396411092985
004-instcombine-mulwilloverflow-n13-d16.pbqp,llvm,none,none,440921,5211.46254402761
004-instcombine-mulwilloverflow-n13-d16.pbqp,llvm,none,free_descriptor_frontend,418916,4951.374607001868
004-instcombine-mulwilloverflow-n13-d16.pbqp,llvm,none,zero_memory_wait,363471,4296.042833841571
004-instcombine-mulwilloverflow-n13-d16.pbqp,llvm,none,free_operand_service,266261,3147.0699477578423
004-instcombine-mulwilloverflow-n13-d16.pbqp,llvm,none,free_arithmetic,391265,4624.553814150297
004-instcombine-mulwilloverflow-n13-d16.pbqp,llvm,none,free_tree_merge,311993,3687.598988251424
004-instcombine-mulwilloverflow-n13-d16.pbqp,llvm,none,free_conditioning_device,424517,5017.5755856558635
004-instcombine-mulwilloverflow-n13-d16.pbqp,llvm,heuristic,none,29265,5644.165863066538
004-instcombine-mulwilloverflow-n13-d16.pbqp,llvm,heuristic,free_descriptor_frontend,28076,5414.850530376085
004-instcombine-mulwilloverflow-n13-d16.pbqp,llvm,heuristic,zero_memory_wait,24269,4680.6171648987465
004-instcombine-mulwilloverflow-n13-d16.pbqp,llvm,heuristic,free_operand_service,17577,3389.971070395371
004-instcombine-mulwilloverflow-n13-d16.pbqp,llvm,heuristic,free_arithmetic,25881,4991.513982642237
004-instcombine-mulwilloverflow-n13-d16.pbqp,llvm,heuristic,free_tree_merge,20217,3899.1321118611377
004-instcombine-mulwilloverflow-n13-d16.pbqp,llvm,heuristic,free_conditioning_device,29265,5644.165863066538
005-instcombine-foldsubofminmax-n88-d17.pbqp,llvm,heuristic,none,23036,3263.351749539595
005-instcombine-foldsubofminmax-n88-d17.pbqp,llvm,heuristic,free_descriptor_frontend,21672,3070.123246918827
005-instcombine-foldsubofminmax-n88-d17.pbqp,llvm,heuristic,zero_memory_wait,18944,2683.6662416772915
005-instcombine-foldsubofminmax-n88-d17.pbqp,llvm,heuristic,free_operand_service,13652,1933.9849837087406
005-instcombine-foldsubofminmax-n88-d17.pbqp,llvm,heuristic,free_arithmetic,20476,2900.694149312934
005-instcombine-foldsubofminmax-n88-d17.pbqp,llvm,heuristic,free_tree_merge,16316,2311.37554894461
005-instcombine-foldsubofminmax-n88-d17.pbqp,llvm,heuristic,free_conditioning_device,23036,3263.351749539595
008-instcombine-foldfnegintoconstant-n40-d16.pbqp,llvm,heuristic,none,23085,3003.1221542864578
008-instcombine-foldfnegintoconstant-n40-d16.pbqp,llvm,heuristic,free_descriptor_frontend,21303,2771.3021985169767
008-instcombine-foldfnegintoconstant-n40-d16.pbqp,llvm,heuristic,zero_memory_wait,18887,2457.0053336802393
008-instcombine-foldfnegintoconstant-n40-d16.pbqp,llvm,heuristic,free_operand_service,13779,1792.5068297125017
008-instcombine-foldfnegintoconstant-n40-d16.pbqp,llvm,heuristic,free_arithmetic,20649,2686.223494211006
008-instcombine-foldfnegintoconstant-n40-d16.pbqp,llvm,heuristic,free_tree_merge,16659,2167.16534408742
008-instcombine-foldfnegintoconstant-n40-d16.pbqp,llvm,heuristic,free_conditioning_device,23085,3003.1221542864578
009-instcombine-canonicalizelowbitmask-n25-d16.pbqp,llvm,heuristic,none,21562,3644.0763900625316
009-instcombine-canonicalizelowbitmask-n25-d16.pbqp,llvm,heuristic,free_descriptor_frontend,20216,3416.5962480986987
009-instcombine-canonicalizelowbitmask-n25-d16.pbqp,llvm,heuristic,zero_memory_wait,17697,2990.873753591347
009-instcombine-canonicalizelowbitmask-n25-d16.pbqp,llvm,heuristic,free_operand_service,12724,2150.414061179652
009-instcombine-canonicalizelowbitmask-n25-d16.pbqp,llvm,heuristic,free_arithmetic,19210,3246.577657596755
009-instcombine-canonicalizelowbitmask-n25-d16.pbqp,llvm,heuristic,free_tree_merge,15346,2593.5440256886936
009-instcombine-canonicalizelowbitmask-n25-d16.pbqp,llvm,heuristic,free_conditioning_device,21562,3644.0763900625316
013-instcombine-factorizemathwithshlops-n33-d16-r1.pbqp,llvm,heuristic,none,1263,2321.6911764705883
013-instcombine-factorizemathwithshlops-n33-d16-r1.pbqp,llvm,heuristic,free_descriptor_frontend,1133,2082.720588235294
013-instcombine-factorizemathwithshlops-n33-d16-r1.pbqp,llvm,heuristic,zero_memory_wait,1021,1876.8382352941176
013-instcombine-factorizemathwithshlops-n33-d16-r1.pbqp,llvm,heuristic,free_operand_service,801,1472.4264705882354
013-instcombine-factorizemathwithshlops-n33-d16-r1.pbqp,llvm,heuristic,free_arithmetic,1151,2115.8088235294117
013-instcombine-factorizemathwithshlops-n33-d16-r1.pbqp,llvm,heuristic,free_tree_merge,969,1781.25
013-instcombine-factorizemathwithshlops-n33-d16-r1.pbqp,llvm,heuristic,free_conditioning_device,1263,2321.6911764705883
014-instcombine-combineaddsubwithshladdsub-n29-d16.pbqp,llvm,heuristic,none,20988,3475.409836065574
014-instcombine-combineaddsubwithshladdsub-n29-d16.pbqp,llvm,heuristic,free_descriptor_frontend,19707,3263.2886239443615
014-instcombine-combineaddsubwithshladdsub-n29-d16.pbqp,llvm,heuristic,zero_memory_wait,17223,2851.9622454048686
014-instcombine-combineaddsubwithshladdsub-n29-d16.pbqp,llvm,heuristic,free_operand_service,12351,2045.2061599602582
014-instcombine-combineaddsubwithshladdsub-n29-d16.pbqp,llvm,heuristic,free_arithmetic,18684,3093.8897168405365
014-instcombine-combineaddsubwithshladdsub-n29-d16.pbqp,llvm,heuristic,free_tree_merge,14940,2473.919523099851
014-instcombine-combineaddsubwithshladdsub-n29-d16.pbqp,llvm,heuristic,free_conditioning_device,20988,3475.409836065574
015-instcombine-foldtounsignedsaturatedadd-n62-d17.pbqp,llvm,heuristic,none,56280,3551.012682188151
015-instcombine-foldtounsignedsaturatedadd-n62-d17.pbqp,llvm,heuristic,free_descriptor_frontend,52919,3338.9488295791534
015-instcombine-foldtounsignedsaturatedadd-n62-d17.pbqp,llvm,heuristic,zero_memory_wait,46214,2915.8937472395733
015-instcombine-foldtounsignedsaturatedadd-n62-d17.pbqp,llvm,heuristic,free_operand_service,33120,2089.7217490062462
015-instcombine-foldtounsignedsaturatedadd-n62-d17.pbqp,llvm,heuristic,free_arithmetic,50152,3164.3636822512462
015-instcombine-foldtounsignedsaturatedadd-n62-d17.pbqp,llvm,heuristic,free_tree_merge,39996,2523.566155593413
015-instcombine-foldtounsignedsaturatedadd-n62-d17.pbqp,llvm,heuristic,free_conditioning_device,56280,3551.012682188151
016-instcombine-matchdiv-n30-d16.pbqp,llvm,heuristic,none,19761,3091.520650813517
016-instcombine-matchdiv-n30-d16.pbqp,llvm,heuristic,free_descriptor_frontend,18403,2879.0675844806005
016-instcombine-matchdiv-n30-d16.pbqp,llvm,heuristic,zero_memory_wait,16195,2533.6357947434294
016-instcombine-matchdiv-n30-d16.pbqp,llvm,heuristic,free_operand_service,11679,1827.127659574468
016-instcombine-matchdiv-n30-d16.pbqp,llvm,heuristic,free_arithmetic,17625,2757.3529411764707
016-instcombine-matchdiv-n30-d16.pbqp,llvm,heuristic,free_tree_merge,14133,2211.0450563204004
016-instcombine-matchdiv-n30-d16.pbqp,llvm,heuristic,free_conditioning_device,19761,3091.520650813517
017-instcombine-matchmul-n22-d16.pbqp,llvm,heuristic,none,14974,3239.7230636088275
017-instcombine-matchmul-n22-d16.pbqp,llvm,heuristic,free_descriptor_frontend,13970,3022.501081782778
017-instcombine-matchmul-n22-d16.pbqp,llvm,heuristic,zero_memory_wait,12279,2656.6421462570315
017-instcombine-matchmul-n22-d16.pbqp,llvm,heuristic,free_operand_service,8857,1916.2700129813934
017-instcombine-matchmul-n22-d16.pbqp,llvm,heuristic,free_arithmetic,13346,2887.4945910861097
017-instcombine-matchmul-n22-d16.pbqp,llvm,heuristic,free_tree_merge,10690,2312.851579402856
017-instcombine-matchmul-n22-d16.pbqp,llvm,heuristic,free_conditioning_device,14974,3239.7230636088275
018-instcombine-matchrem-n44-d16.pbqp,llvm,heuristic,none,14940,3024.2914979757084
018-instcombine-matchrem-n44-d16.pbqp,llvm,heuristic,free_descriptor_frontend,13708,2774.8987854251013
018-instcombine-matchrem-n44-d16.pbqp,llvm,heuristic,zero_memory_wait,12197,2469.0283400809717
018-instcombine-matchrem-n44-d16.pbqp,llvm,heuristic,free_operand_service,8823,1786.0323886639676
018-instcombine-matchrem-n44-d16.pbqp,llvm,heuristic,free_arithmetic,13392,2710.931174089069
018-instcombine-matchrem-n44-d16.pbqp,llvm,heuristic,free_tree_merge,10824,2191.093117408907
018-instcombine-matchrem-n44-d16.pbqp,llvm,heuristic,free_conditioning_device,14940,3024.2914979757084
020-instcombine-faddcombine-simplifyfadd-n138-d17-r1.pbqp,llvm,heuristic,none,29138,2873.5700197238657
020-instcombine-faddcombine-simplifyfadd-n138-d17-r1.pbqp,llvm,heuristic,free_descriptor_frontend,27038,2666.4694280078897
020-instcombine-faddcombine-simplifyfadd-n138-d17-r1.pbqp,llvm,heuristic,zero_memory_wait,23917,2358.6785009861933
020-instcombine-faddcombine-simplifyfadd-n138-d17-r1.pbqp,llvm,heuristic,free_operand_service,17381,1714.1025641025642
020-instcombine-faddcombine-simplifyfadd-n138-d17-r1.pbqp,llvm,heuristic,free_arithmetic,26058,2569.8224852071007
020-instcombine-faddcombine-simplifyfadd-n138-d17-r1.pbqp,llvm,heuristic,free_tree_merge,20822,2053.4516765286
020-instcombine-faddcombine-simplifyfadd-n138-d17-r1.pbqp,llvm,heuristic,free_conditioning_device,29138,2873.5700197238657
023-instcombine-faddendcoef-converttofptype-n7-d16.pbqp,llvm,none,none,152253,4322.054106225339
023-instcombine-faddendcoef-converttofptype-n7-d16.pbqp,llvm,none,free_descriptor_frontend,138080,3919.720668805178
023-instcombine-faddendcoef-converttofptype-n7-d16.pbqp,llvm,none,zero_memory_wait,123993,3519.8285406080563
023-instcombine-faddendcoef-converttofptype-n7-d16.pbqp,llvm,none,free_operand_service,97269,2761.2058932069153
023-instcombine-faddendcoef-converttofptype-n7-d16.pbqp,llvm,none,free_arithmetic,137221,3895.3359638913334
023-instcombine-faddendcoef-converttofptype-n7-d16.pbqp,llvm,none,free_tree_merge,113865,3232.3217986203763
023-instcombine-faddendcoef-converttofptype-n7-d16.pbqp,llvm,none,free_conditioning_device,131255,3725.9772333721294
023-instcombine-faddendcoef-converttofptype-n7-d16.pbqp,llvm,heuristic,none,2035,3214.8499210110585
023-instcombine-faddendcoef-converttofptype-n7-d16.pbqp,llvm,heuristic,free_descriptor_frontend,1905,3009.478672985782
023-instcombine-faddendcoef-converttofptype-n7-d16.pbqp,llvm,heuristic,zero_memory_wait,1671,2639.8104265402844
023-instcombine-faddendcoef-converttofptype-n7-d16.pbqp,llvm,heuristic,free_operand_service,1207,1906.7930489731439
023-instcombine-faddendcoef-converttofptype-n7-d16.pbqp,llvm,heuristic,free_arithmetic,1811,2860.9794628751974
023-instcombine-faddendcoef-converttofptype-n7-d16.pbqp,llvm,heuristic,free_tree_merge,1447,2285.9399684044233
023-instcombine-faddendcoef-converttofptype-n7-d16.pbqp,llvm,heuristic,free_conditioning_device,2035,3214.8499210110585
024-instcombine-faddendcoef-createapfloatfromint-n7-d16.pbqp,llvm,none,none,22762,4699.979351641545
024-instcombine-faddendcoef-createapfloatfromint-n7-d16.pbqp,llvm,none,free_descriptor_frontend,21545,4448.688829238075
024-instcombine-faddendcoef-createapfloatfromint-n7-d16.pbqp,llvm,none,zero_memory_wait,18704,3862.0689655172414
024-instcombine-faddendcoef-createapfloatfromint-n7-d16.pbqp,llvm,none,free_operand_service,13648,2818.0879620070205
024-instcombine-faddendcoef-createapfloatfromint-n7-d16.pbqp,llvm,none,free_arithmetic,20310,4193.681602312616
024-instcombine-faddendcoef-createapfloatfromint-n7-d16.pbqp,llvm,none,free_tree_merge,16270,3359.4879207103036
024-instcombine-faddendcoef-createapfloatfromint-n7-d16.pbqp,llvm,none,free_conditioning_device,22762,4699.979351641545
024-instcombine-faddendcoef-createapfloatfromint-n7-d16.pbqp,llvm,heuristic,none,22762,4244.266268879359
024-instcombine-faddendcoef-createapfloatfromint-n7-d16.pbqp,llvm,heuristic,free_descriptor_frontend,21545,4017.341040462428
024-instcombine-faddendcoef-createapfloatfromint-n7-d16.pbqp,llvm,heuristic,zero_memory_wait,18704,3487.6002237553607
024-instcombine-faddendcoef-createapfloatfromint-n7-d16.pbqp,llvm,heuristic,free_operand_service,13648,2544.8443035614396
024-instcombine-faddendcoef-createapfloatfromint-n7-d16.pbqp,llvm,heuristic,free_arithmetic,20310,3787.059481633414
024-instcombine-faddendcoef-createapfloatfromint-n7-d16.pbqp,llvm,heuristic,free_tree_merge,16270,3033.749766921499
024-instcombine-faddendcoef-createapfloatfromint-n7-d16.pbqp,llvm,heuristic,free_conditioning_device,22762,4244.266268879359
026-instcombine-faddend-drillvaluedownonestep-n36-d16-r1.pbqp,llvm,heuristic,none,19357,3817.1958193650166
026-instcombine-faddend-drillvaluedownonestep-n36-d16-r1.pbqp,llvm,heuristic,free_descriptor_frontend,18332,3615.0660619207256
026-instcombine-faddend-drillvaluedownonestep-n36-d16-r1.pbqp,llvm,heuristic,zero_memory_wait,15896,3134.6874383750737
026-instcombine-faddend-drillvaluedownonestep-n36-d16-r1.pbqp,llvm,heuristic,free_operand_service,11284,2225.2021297574443
026-instcombine-faddend-drillvaluedownonestep-n36-d16-r1.pbqp,llvm,heuristic,free_arithmetic,17249,3401.498718201538
026-instcombine-faddend-drillvaluedownonestep-n36-d16-r1.pbqp,llvm,heuristic,free_tree_merge,13729,2707.3555511733384
026-instcombine-faddend-drillvaluedownonestep-n36-d16-r1.pbqp,llvm,heuristic,free_conditioning_device,19357,3817.1958193650166
027-instcombine-faddend-set-n4-d16.pbqp,llvm,none,none,39075,3376.976925071299
027-instcombine-faddend-set-n4-d16.pbqp,llvm,none,free_descriptor_frontend,34680,2997.1480425200934
027-instcombine-faddend-set-n4-d16.pbqp,llvm,none,zero_memory_wait,31620,2732.693803474203
027-instcombine-faddend-set-n4-d16.pbqp,llvm,none,free_operand_service,24540,2120.819289603319
027-instcombine-faddend-set-n4-d16.pbqp,llvm,none,free_arithmetic,35385,3058.076225045372
027-instcombine-faddend-set-n4-d16.pbqp,llvm,none,free_tree_merge,29625,2560.2800103707546
027-instcombine-faddend-set-n4-d16.pbqp,llvm,none,free_conditioning_device,34905,3016.5932071558204
027-instcombine-faddend-set-n4-d16.pbqp,llvm,heuristic,none,0,
027-instcombine-faddend-set-n4-d16.pbqp,llvm,heuristic,free_descriptor_frontend,0,
027-instcombine-faddend-set-n4-d16.pbqp,llvm,heuristic,zero_memory_wait,0,
027-instcombine-faddend-set-n4-d16.pbqp,llvm,heuristic,free_operand_service,0,
027-instcombine-faddend-set-n4-d16.pbqp,llvm,heuristic,free_arithmetic,0,
027-instcombine-faddend-set-n4-d16.pbqp,llvm,heuristic,free_tree_merge,0,
027-instcombine-faddend-set-n4-d16.pbqp,llvm,heuristic,free_conditioning_device,0,
028-instcombine-faddend-scale-n17-d16.pbqp,llvm,heuristic,none,3763,2395.28962444303
028-instcombine-faddend-scale-n17-d16.pbqp,llvm,heuristic,free_descriptor_frontend,3281,2088.4786760025463
028-instcombine-faddend-scale-n17-d16.pbqp,llvm,heuristic,zero_memory_wait,3035,1931.8905155951622
028-instcombine-faddend-scale-n17-d16.pbqp,llvm,heuristic,free_operand_service,2227,1417.5684277530236
028-instcombine-faddend-scale-n17-d16.pbqp,llvm,heuristic,free_arithmetic,3427,2181.413112667091
028-instcombine-faddend-scale-n17-d16.pbqp,llvm,heuristic,free_tree_merge,2839,1807.129217059198
028-instcombine-faddend-scale-n17-d16.pbqp,llvm,heuristic,free_conditioning_device,3763,2395.28962444303
029-instcombine-selectinst-init-n19-d16.pbqp,llvm,heuristic,none,0,
029-instcombine-selectinst-init-n19-d16.pbqp,llvm,heuristic,free_descriptor_frontend,0,
029-instcombine-selectinst-init-n19-d16.pbqp,llvm,heuristic,zero_memory_wait,0,
029-instcombine-selectinst-init-n19-d16.pbqp,llvm,heuristic,free_operand_service,0,
029-instcombine-selectinst-init-n19-d16.pbqp,llvm,heuristic,free_arithmetic,0,
029-instcombine-selectinst-init-n19-d16.pbqp,llvm,heuristic,free_tree_merge,0,
029-instcombine-selectinst-init-n19-d16.pbqp,llvm,heuristic,free_conditioning_device,0,
031-instcombine-selectinst-create-n8-d15-r1.pbqp,llvm,none,none,138395,3728.2131408097844
031-instcombine-selectinst-create-n8-d15-r1.pbqp,llvm,none,free_descriptor_frontend,119372,3215.7538859405727
031-instcombine-selectinst-create-n8-d15-r1.pbqp,llvm,none,zero_memory_wait,110150,2967.3230785808573
031-instcombine-selectinst-create-n8-d15-r1.pbqp,llvm,none,free_operand_service,92417,2489.615042698203
031-instcombine-selectinst-create-n8-d15-r1.pbqp,llvm,none,free_arithmetic,128161,3452.5201368497615
031-instcombine-selectinst-create-n8-d15-r1.pbqp,llvm,none,free_tree_merge,113111,3047.0892486732578
031-instcombine-selectinst-create-n8-d15-r1.pbqp,llvm,none,free_conditioning_device,109527,2950.5401255354113
031-instcombine-selectinst-create-n8-d15-r1.pbqp,llvm,heuristic,none,432,1815.126050420168
031-instcombine-selectinst-create-n8-d15-r1.pbqp,llvm,heuristic,free_descriptor_frontend,344,1445.3781512605042
031-instcombine-selectinst-create-n8-d15-r1.pbqp,llvm,heuristic,zero_memory_wait,341,1432.7731092436975
031-instcombine-selectinst-create-n8-d15-r1.pbqp,llvm,heuristic,free_operand_service,255,1071.4285714285713
031-instcombine-selectinst-create-n8-d15-r1.pbqp,llvm,heuristic,free_arithmetic,404,1697.4789915966387
031-instcombine-selectinst-create-n8-d15-r1.pbqp,llvm,heuristic,free_tree_merge,348,1462.18487394958
031-instcombine-selectinst-create-n8-d15-r1.pbqp,llvm,heuristic,free_conditioning_device,432,1815.126050420168
032-instcombine-densemapbase-grow-n22-d17.pbqp,llvm,none,none,1177747,4975.989285382321
032-instcombine-densemapbase-grow-n22-d17.pbqp,llvm,none,free_descriptor_frontend,1101926,4655.6450318143025
032-instcombine-densemapbase-grow-n22-d17.pbqp,llvm,none,zero_memory_wait,965210,4078.0189787313147
032-instcombine-densemapbase-grow-n22-d17.pbqp,llvm,none,free_operand_service,734779,3104.4463973365555
032-instcombine-densemapbase-grow-n22-d17.pbqp,llvm,none,free_arithmetic,1053878,4452.64189685913
032-instcombine-densemapbase-grow-n22-d17.pbqp,llvm,none,free_tree_merge,855736,3615.490565559433
032-instcombine-densemapbase-grow-n22-d17.pbqp,llvm,none,free_conditioning_device,1050439,4438.112097884961
032-instcombine-densemapbase-grow-n22-d17.pbqp,llvm,heuristic,none,35481,4353.496932515337
032-instcombine-densemapbase-grow-n22-d17.pbqp,llvm,heuristic,free_descriptor_frontend,33956,4166.380368098159
032-instcombine-densemapbase-grow-n22-d17.pbqp,llvm,heuristic,zero_memory_wait,29296,3594.601226993865
032-instcombine-densemapbase-grow-n22-d17.pbqp,llvm,heuristic,free_operand_service,20931,2568.2208588957055
032-instcombine-densemapbase-grow-n22-d17.pbqp,llvm,heuristic,free_arithmetic,31476,3862.0858895705524
032-instcombine-densemapbase-grow-n22-d17.pbqp,llvm,heuristic,free_tree_merge,24774,3039.754601226994
032-instcombine-densemapbase-grow-n22-d17.pbqp,llvm,heuristic,free_conditioning_device,35481,4353.496932515337
033-instcombine-densemapbase-lookupbucketfor-n15-d16.pbqp,llvm,heuristic,none,0,
033-instcombine-densemapbase-lookupbucketfor-n15-d16.pbqp,llvm,heuristic,free_descriptor_frontend,0,
033-instcombine-densemapbase-lookupbucketfor-n15-d16.pbqp,llvm,heuristic,zero_memory_wait,0,
033-instcombine-densemapbase-lookupbucketfor-n15-d16.pbqp,llvm,heuristic,free_operand_service,0,
033-instcombine-densemapbase-lookupbucketfor-n15-d16.pbqp,llvm,heuristic,free_arithmetic,0,
033-instcombine-densemapbase-lookupbucketfor-n15-d16.pbqp,llvm,heuristic,free_tree_merge,0,
033-instcombine-densemapbase-lookupbucketfor-n15-d16.pbqp,llvm,heuristic,free_conditioning_device,0,
036-instcombine-densemapbase-lookuporinsertintobucke-n22-d16.pbqp,llvm,heuristic,none,3779,1499.6031746031747
036-instcombine-densemapbase-lookuporinsertintobucke-n22-d16.pbqp,llvm,heuristic,free_descriptor_frontend,3297,1308.3333333333333
036-instcombine-densemapbase-lookuporinsertintobucke-n22-d16.pbqp,llvm,heuristic,zero_memory_wait,3057,1213.095238095238
036-instcombine-densemapbase-lookuporinsertintobucke-n22-d16.pbqp,llvm,heuristic,free_operand_service,2261,897.2222222222222
036-instcombine-densemapbase-lookuporinsertintobucke-n22-d16.pbqp,llvm,heuristic,free_arithmetic,3435,1363.095238095238
036-instcombine-densemapbase-lookuporinsertintobucke-n22-d16.pbqp,llvm,heuristic,free_tree_merge,2831,1123.4126984126983
036-instcombine-densemapbase-lookuporinsertintobucke-n22-d16.pbqp,llvm,heuristic,free_conditioning_device,3779,1499.6031746031747
037-instcombine-densemapbase-grow-n20-d17.pbqp,llvm,none,none,469610,4740.518659842726
037-instcombine-densemapbase-grow-n20-d17.pbqp,llvm,none,free_descriptor_frontend,437595,4417.340480300415
037-instcombine-densemapbase-grow-n20-d17.pbqp,llvm,none,zero_memory_wait,384441,3880.77284152509
037-instcombine-densemapbase-grow-n20-d17.pbqp,llvm,none,free_operand_service,292028,2947.9018402430775
037-instcombine-densemapbase-grow-n20-d17.pbqp,llvm,none,free_arithmetic,420667,4246.459323864611
037-instcombine-densemapbase-grow-n20-d17.pbqp,llvm,none,free_tree_merge,342167,3454.034301404157
037-instcombine-densemapbase-grow-n20-d17.pbqp,llvm,none,free_conditioning_device,421828,4258.179138528008
037-instcombine-densemapbase-grow-n20-d17.pbqp,llvm,heuristic,none,17060,3401.794616151545
037-instcombine-densemapbase-grow-n20-d17.pbqp,llvm,heuristic,free_descriptor_frontend,15347,3060.219341974078
037-instcombine-densemapbase-grow-n20-d17.pbqp,llvm,heuristic,zero_memory_wait,13804,2752.5423728813557
037-instcombine-densemapbase-grow-n20-d17.pbqp,llvm,heuristic,free_operand_service,9824,1958.9232303090728
037-instcombine-densemapbase-grow-n20-d17.pbqp,llvm,heuristic,free_arithmetic,15471,3084.9451645064805
037-instcombine-densemapbase-grow-n20-d17.pbqp,llvm,heuristic,free_tree_merge,12677,2527.816550348953
037-instcombine-densemapbase-grow-n20-d17.pbqp,llvm,heuristic,free_conditioning_device,17060,3401.794616151545
038-instcombine-densemapbase-lookupbucketfor-n15-d16.pbqp,llvm,heuristic,none,0,
038-instcombine-densemapbase-lookupbucketfor-n15-d16.pbqp,llvm,heuristic,free_descriptor_frontend,0,
038-instcombine-densemapbase-lookupbucketfor-n15-d16.pbqp,llvm,heuristic,zero_memory_wait,0,
038-instcombine-densemapbase-lookupbucketfor-n15-d16.pbqp,llvm,heuristic,free_operand_service,0,
038-instcombine-densemapbase-lookupbucketfor-n15-d16.pbqp,llvm,heuristic,free_arithmetic,0,
038-instcombine-densemapbase-lookupbucketfor-n15-d16.pbqp,llvm,heuristic,free_tree_merge,0,
038-instcombine-densemapbase-lookupbucketfor-n15-d16.pbqp,llvm,heuristic,free_conditioning_device,0,
041-instcombine-densemapbase-lookuporinsertintobucke-n24-d16.pbqp,llvm,heuristic,none,5976,3538.188277087034
041-instcombine-densemapbase-lookuporinsertintobucke-n24-d16.pbqp,llvm,heuristic,free_descriptor_frontend,5494,3252.8123149792777
041-instcombine-densemapbase-lookuporinsertintobucke-n24-d16.pbqp,llvm,heuristic,zero_memory_wait,4867,2881.586737714624
041-instcombine-densemapbase-lookuporinsertintobucke-n24-d16.pbqp,llvm,heuristic,free_operand_service,3465,2051.5097690941384
041-instcombine-densemapbase-lookuporinsertintobucke-n24-d16.pbqp,llvm,heuristic,free_arithmetic,5380,3185.3167554766133
041-instcombine-densemapbase-lookuporinsertintobucke-n24-d16.pbqp,llvm,heuristic,free_tree_merge,4356,2579.0408525754883
041-instcombine-densemapbase-lookuporinsertintobucke-n24-d16.pbqp,llvm,heuristic,free_conditioning_device,5976,3538.188277087034
042-instcombine-instcombiner-replaceoperand-n18-d16.pbqp,llvm,heuristic,none,6117,3628.113879003559
042-instcombine-instcombiner-replaceoperand-n18-d16.pbqp,llvm,heuristic,free_descriptor_frontend,5727,3396.797153024911
042-instcombine-instcombiner-replaceoperand-n18-d16.pbqp,llvm,heuristic,zero_memory_wait,5021,2978.054567022539
042-instcombine-instcombiner-replaceoperand-n18-d16.pbqp,llvm,heuristic,free_operand_service,3621,2147.6868327402135
042-instcombine-instcombiner-replaceoperand-n18-d16.pbqp,llvm,heuristic,free_arithmetic,5445,3229.537366548043
042-instcombine-instcombiner-replaceoperand-n18-d16.pbqp,llvm,heuristic,free_tree_merge,4353,2581.8505338078294
042-instcombine-instcombiner-replaceoperand-n18-d16.pbqp,llvm,heuristic,free_conditioning_device,6117,3628.113879003559
044-instcombine-instcombiner-replaceinstuseswith-n16-d16-r1.pbqp,llvm,heuristic,none,3763,2687.8571428571427
044-instcombine-instcombiner-replaceinstuseswith-n16-d16-r1.pbqp,llvm,heuristic,free_descriptor_frontend,3281,2343.5714285714284
044-instcombine-instcombiner-replaceinstuseswith-n16-d16-r1.pbqp,llvm,heuristic,zero_memory_wait,3035,2167.8571428571427
044-instcombine-instcombiner-replaceinstuseswith-n16-d16-r1.pbqp,llvm,heuristic,free_operand_service,2227,1590.7142857142858
044-instcombine-instcombiner-replaceinstuseswith-n16-d16-r1.pbqp,llvm,heuristic,free_arithmetic,3427,2447.8571428571427
044-instcombine-instcombiner-replaceinstuseswith-n16-d16-r1.pbqp,llvm,heuristic,free_tree_merge,2839,2027.857142857143
044-instcombine-instcombiner-replaceinstuseswith-n16-d16-r1.pbqp,llvm,heuristic,free_conditioning_device,3763,2687.8571428571427
045-instcombine-instcombiner-addone-n3-d15.pbqp,llvm,none,none,6265,4972.222222222223
045-instcombine-instcombiner-addone-n3-d15.pbqp,llvm,none,free_descriptor_frontend,5823,4621.428571428572
045-instcombine-instcombiner-addone-n3-d15.pbqp,llvm,none,zero_memory_wait,5080,4031.746031746032
045-instcombine-instcombiner-addone-n3-d15.pbqp,llvm,none,free_operand_service,3814,3026.9841269841268
045-instcombine-instcombiner-addone-n3-d15.pbqp,llvm,none,free_arithmetic,5695,4519.841269841269
045-instcombine-instcombiner-addone-n3-d15.pbqp,llvm,none,free_tree_merge,4735,3757.936507936508
045-instcombine-instcombiner-addone-n3-d15.pbqp,llvm,none,free_conditioning_device,6265,4972.222222222223
045-instcombine-instcombiner-addone-n3-d15.pbqp,llvm,heuristic,none,6265,4735.449735449735
045-instcombine-instcombiner-addone-n3-d15.pbqp,llvm,heuristic,free_descriptor_frontend,5823,4401.360544217687
045-instcombine-instcombiner-addone-n3-d15.pbqp,llvm,heuristic,zero_memory_wait,5080,3839.7581254724114
045-instcombine-instcombiner-addone-n3-d15.pbqp,llvm,heuristic,free_operand_service,3814,2882.8420256991685
045-instcombine-instcombiner-addone-n3-d15.pbqp,llvm,heuristic,free_arithmetic,5695,4304.610733182161
045-instcombine-instcombiner-addone-n3-d15.pbqp,llvm,heuristic,free_tree_merge,4735,3578.9871504157218
045-instcombine-instcombiner-addone-n3-d15.pbqp,llvm,heuristic,free_conditioning_device,6265,4735.449735449735
046-instcombine-instcombiner-subone-n3-d15.pbqp,llvm,none,none,6265,4964.342313787639
046-instcombine-instcombiner-subone-n3-d15.pbqp,llvm,none,free_descriptor_frontend,5823,4614.104595879557
046-instcombine-instcombiner-subone-n3-d15.pbqp,llvm,none,zero_memory_wait,5080,4025.356576862124
046-instcombine-instcombiner-subone-n3-d15.pbqp,llvm,none,free_operand_service,3814,3022.187004754358
046-instcombine-instcombiner-subone-n3-d15.pbqp,llvm,none,free_arithmetic,5695,4512.678288431061
046-instcombine-instcombiner-subone-n3-d15.pbqp,llvm,none,free_tree_merge,4735,3751.9809825673533
046-instcombine-instcombiner-subone-n3-d15.pbqp,llvm,none,free_conditioning_device,6265,4964.342313787639
046-instcombine-instcombiner-subone-n3-d15.pbqp,llvm,heuristic,none,6265,4523.465703971119
046-instcombine-instcombiner-subone-n3-d15.pbqp,llvm,heuristic,free_descriptor_frontend,5823,4204.332129963899
046-instcombine-instcombiner-subone-n3-d15.pbqp,llvm,heuristic,zero_memory_wait,5080,3667.870036101083
046-instcombine-instcombiner-subone-n3-d15.pbqp,llvm,heuristic,free_operand_service,3814,2753.7906137184114
046-instcombine-instcombiner-subone-n3-d15.pbqp,llvm,heuristic,free_arithmetic,5695,4111.913357400722
046-instcombine-instcombiner-subone-n3-d15.pbqp,llvm,heuristic,free_tree_merge,4735,3418.7725631768953
046-instcombine-instcombiner-subone-n3-d15.pbqp,llvm,heuristic,free_conditioning_device,6265,4523.465703971119
047-instcombine-patternmatch-match-n13-d16.pbqp,llvm,none,none,259480,4520.557491289199
047-instcombine-patternmatch-match-n13-d16.pbqp,llvm,none,free_descriptor_frontend,238947,4162.839721254355
047-instcombine-patternmatch-match-n13-d16.pbqp,llvm,none,zero_memory_wait,210427,3665.9756097560976
047-instcombine-patternmatch-match-n13-d16.pbqp,llvm,none,free_operand_service,160963,2804.2334494773518
047-instcombine-patternmatch-match-n13-d16.pbqp,llvm,none,free_arithmetic,235106,4095.923344947735
047-instcombine-patternmatch-match-n13-d16.pbqp,llvm,none,free_tree_merge,195892,3412.752613240418
047-instcombine-patternmatch-match-n13-d16.pbqp,llvm,none,free_conditioning_device,240916,4197.142857142857
047-instcombine-patternmatch-match-n13-d16.pbqp,llvm,heuristic,none,8740,3967.317294598275
047-instcombine-patternmatch-match-n13-d16.pbqp,llvm,heuristic,free_descriptor_frontend,8262,3750.3404448479346
047-instcombine-patternmatch-match-n13-d16.pbqp,llvm,heuristic,zero_memory_wait,7210,3272.8098048116203
047-instcombine-patternmatch-match-n13-d16.pbqp,llvm,heuristic,free_operand_service,5227,2372.6736268724467
047-instcombine-patternmatch-match-n13-d16.pbqp,llvm,heuristic,free_arithmetic,7760,3522.4693599636857
047-instcombine-patternmatch-match-n13-d16.pbqp,llvm,heuristic,free_tree_merge,6136,2785.2927825692236
047-instcombine-patternmatch-match-n13-d16.pbqp,llvm,heuristic,free_conditioning_device,8740,3967.317294598275
048-instcombine-patternmatch-match-n11-d16.pbqp,llvm,none,none,119919,3688.453494094488
048-instcombine-patternmatch-match-n11-d16.pbqp,llvm,none,free_descriptor_frontend,107477,3305.7640255905512
048-instcombine-patternmatch-match-n11-d16.pbqp,llvm,none,zero_memory_wait,97203,2989.7576279527557
048-instcombine-patternmatch-match-n11-d16.pbqp,llvm,none,free_operand_service,74817,2301.2118602362207
048-instcombine-patternmatch-match-n11-d16.pbqp,llvm,none,free_arithmetic,108323,3331.785187007874
048-instcombine-patternmatch-match-n11-d16.pbqp,llvm,none,free_tree_merge,90243,2775.6828248031497
048-instcombine-patternmatch-match-n11-d16.pbqp,llvm,none,free_conditioning_device,107409,3303.6724901574803
048-instcombine-patternmatch-match-n11-d16.pbqp,llvm,heuristic,none,7074,3438.988818667963
048-instcombine-patternmatch-match-n11-d16.pbqp,llvm,heuristic,free_descriptor_frontend,6497,3158.4832280019446
048-instcombine-patternmatch-match-n11-d16.pbqp,llvm,heuristic,zero_memory_wait,5778,2808.9450656295576
048-instcombine-patternmatch-match-n11-d16.pbqp,llvm,heuristic,free_operand_service,4182,2033.0578512396694
048-instcombine-patternmatch-match-n11-d16.pbqp,llvm,heuristic,free_arithmetic,6338,3081.186193485659
048-instcombine-patternmatch-match-n11-d16.pbqp,llvm,heuristic,free_tree_merge,5118,2488.0894506562954
048-instcombine-patternmatch-match-n11-d16.pbqp,llvm,heuristic,free_conditioning_device,7074,3438.988818667963
049-instcombine-patternmatch-match-n13-d16.pbqp,llvm,none,none,266419,4438.984971175314
049-instcombine-patternmatch-match-n13-d16.pbqp,llvm,none,free_descriptor_frontend,245271,4086.624012796161
049-instcombine-patternmatch-match-n13-d16.pbqp,llvm,none,zero_memory_wait,216064,3599.986670665467
049-instcombine-patternmatch-match-n13-d16.pbqp,llvm,none,free_operand_service,165274,2753.7405445033155
049-instcombine-patternmatch-match-n13-d16.pbqp,llvm,none,free_arithmetic,241349,4021.276950248259
049-instcombine-patternmatch-match-n13-d16.pbqp,llvm,none,free_tree_merge,201067,3350.1116331767134
049-instcombine-patternmatch-match-n13-d16.pbqp,llvm,none,free_conditioning_device,247021,4115.78193208704
049-instcombine-patternmatch-match-n13-d16.pbqp,llvm,heuristic,none,8740,3570.2614379084966
049-instcombine-patternmatch-match-n13-d16.pbqp,llvm,heuristic,free_descriptor_frontend,8262,3375.0
049-instcombine-patternmatch-match-n13-d16.pbqp,llvm,heuristic,zero_memory_wait,7210,2945.2614379084966
049-instcombine-patternmatch-match-n13-d16.pbqp,llvm,heuristic,free_operand_service,5227,2135.2124183006536
049-instcombine-patternmatch-match-n13-d16.pbqp,llvm,heuristic,free_arithmetic,7760,3169.9346405228757
049-instcombine-patternmatch-match-n13-d16.pbqp,llvm,heuristic,free_tree_merge,6136,2506.5359477124184
049-instcombine-patternmatch-match-n13-d16.pbqp,llvm,heuristic,free_conditioning_device,8740,3570.2614379084966
050-instcombine-patternmatch-match-n11-d16.pbqp,llvm,heuristic,none,4670,3691.699604743083
050-instcombine-patternmatch-match-n11-d16.pbqp,llvm,heuristic,free_descriptor_frontend,4452,3519.3675889328065
050-instcombine-patternmatch-match-n11-d16.pbqp,llvm,heuristic,zero_memory_wait,3868,3057.707509881423
050-instcombine-patternmatch-match-n11-d16.pbqp,llvm,heuristic,free_operand_service,2813,2223.715415019763
050-instcombine-patternmatch-match-n11-d16.pbqp,llvm,heuristic,free_arithmetic,4138,3271.1462450592885
050-instcombine-patternmatch-match-n11-d16.pbqp,llvm,heuristic,free_tree_merge,3242,2562.8458498023715
050-instcombine-patternmatch-match-n11-d16.pbqp,llvm,heuristic,free_conditioning_device,4670,3691.699604743083
051-instcombine-patternmatch-match-n11-d16.pbqp,llvm,none,none,142834,4440.941454466312
051-instcombine-patternmatch-match-n11-d16.pbqp,llvm,none,free_descriptor_frontend,131470,4087.6162049560053
051-instcombine-patternmatch-match-n11-d16.pbqp,llvm,none,zero_memory_wait,115673,3596.461772844573
051-instcombine-patternmatch-match-n11-d16.pbqp,llvm,none,free_operand_service,88219,2742.872244504555
051-instcombine-patternmatch-match-n11-d16.pbqp,llvm,none,free_arithmetic,129602,4029.5370456736
051-instcombine-patternmatch-match-n11-d16.pbqp,llvm,none,free_tree_merge,108310,3367.5341230606596
051-instcombine-patternmatch-match-n11-d16.pbqp,llvm,none,free_conditioning_device,133850,4161.61427727513
051-instcombine-patternmatch-match-n11-d16.pbqp,llvm,heuristic,none,8596,3650.1061571125265
051-instcombine-patternmatch-match-n11-d16.pbqp,llvm,heuristic,free_descriptor_frontend,7988,3391.932059447983
051-instcombine-patternmatch-match-n11-d16.pbqp,llvm,heuristic,zero_memory_wait,7041,2989.808917197452
051-instcombine-patternmatch-match-n11-d16.pbqp,llvm,heuristic,free_operand_service,5083,2158.3864118895967
051-instcombine-patternmatch-match-n11-d16.pbqp,llvm,heuristic,free_arithmetic,7672,3257.7494692144373
051-instcombine-patternmatch-match-n11-d16.pbqp,llvm,heuristic,free_tree_merge,6160,2615.7112526539277
051-instcombine-patternmatch-match-n11-d16.pbqp,llvm,heuristic,free_conditioning_device,8596,3650.1061571125265
052-instcombine-patternmatch-match-n10-d16.pbqp,llvm,none,none,58905,4648.804356404388
052-instcombine-patternmatch-match-n10-d16.pbqp,llvm,none,free_descriptor_frontend,54678,4315.20795517323
052-instcombine-patternmatch-match-n10-d16.pbqp,llvm,none,zero_memory_wait,47823,3774.208823297293
052-instcombine-patternmatch-match-n10-d16.pbqp,llvm,none,free_operand_service,36345,2868.360823928656
052-instcombine-patternmatch-match-n10-d16.pbqp,llvm,none,free_arithmetic,53431,4216.794254597112
052-instcombine-patternmatch-match-n10-d16.pbqp,llvm,none,free_tree_merge,44373,3501.9335490490093
052-instcombine-patternmatch-match-n10-d16.pbqp,llvm,none,free_conditioning_device,56637,4469.812958724647
052-instcombine-patternmatch-match-n10-d16.pbqp,llvm,heuristic,none,10787,3763.7822749476622
052-instcombine-patternmatch-match-n10-d16.pbqp,llvm,heuristic,free_descriptor_frontend,10179,3551.6399162595953
052-instcombine-patternmatch-match-n10-d16.pbqp,llvm,heuristic,zero_memory_wait,8889,3101.535240753664
052-instcombine-patternmatch-match-n10-d16.pbqp,llvm,heuristic,free_operand_service,6434,2244.9406838799723
052-instcombine-patternmatch-match-n10-d16.pbqp,llvm,heuristic,free_arithmetic,9583,3343.6845778087927
052-instcombine-patternmatch-match-n10-d16.pbqp,llvm,heuristic,free_tree_merge,7595,2650.0348918353106
052-instcombine-patternmatch-match-n10-d16.pbqp,llvm,heuristic,free_conditioning_device,10787,3763.7822749476622
053-instcombine-patternmatch-match-n15-d16.pbqp,llvm,none,none,1062441,5966.959461736327
053-instcombine-patternmatch-match-n15-d16.pbqp,llvm,none,free_descriptor_frontend,1017630,5715.288620306199
053-instcombine-patternmatch-match-n15-d16.pbqp,llvm,none,zero_memory_wait,872248,4898.783515113392
053-instcombine-patternmatch-match-n15-d16.pbqp,llvm,none,free_operand_service,621975,3493.181843710335
053-instcombine-patternmatch-match-n15-d16.pbqp,llvm,none,free_arithmetic,946233,5314.303525896638
053-instcombine-patternmatch-match-n15-d16.pbqp,llvm,none,free_tree_merge,755649,4243.93161625125
053-instcombine-patternmatch-match-n15-d16.pbqp,llvm,none,free_conditioning_device,1026537,5765.3127702831725
053-instcombine-patternmatch-match-n15-d16.pbqp,llvm,heuristic,none,39513,5484.869516935036
053-instcombine-patternmatch-match-n15-d16.pbqp,llvm,heuristic,free_descriptor_frontend,38046,5281.232648528595
053-instcombine-patternmatch-match-n15-d16.pbqp,llvm,heuristic,zero_memory_wait,32584,4523.042754025541
053-instcombine-patternmatch-match-n15-d16.pbqp,llvm,heuristic,free_operand_service,22983,3190.3109383675737
053-instcombine-patternmatch-match-n15-d16.pbqp,llvm,heuristic,free_arithmetic,35049,4865.213770127707
053-instcombine-patternmatch-match-n15-d16.pbqp,llvm,heuristic,free_tree_merge,27633,3835.7856746252082
053-instcombine-patternmatch-match-n15-d16.pbqp,llvm,heuristic,free_conditioning_device,39513,5484.869516935036
054-instcombine-patternmatch-match-n14-d16.pbqp,llvm,none,none,965061,3969.516860125536
054-instcombine-patternmatch-match-n14-d16.pbqp,llvm,none,free_descriptor_frontend,883574,3634.3421712913073
054-instcombine-patternmatch-match-n14-d16.pbqp,llvm,none,zero_memory_wait,782137,3217.108564565355
054-instcombine-patternmatch-match-n14-d16.pbqp,llvm,none,free_operand_service,601149,2472.6634802852936
054-instcombine-patternmatch-match-n14-d16.pbqp,llvm,none,free_arithmetic,873589,3593.2715800557753
054-instcombine-patternmatch-match-n14-d16.pbqp,llvm,none,free_tree_merge,729333,2999.913622191693
054-instcombine-patternmatch-match-n14-d16.pbqp,llvm,none,free_conditioning_device,872445,3588.566046117523
054-instcombine-patternmatch-match-n14-d16.pbqp,llvm,heuristic,none,969,1985.655737704918
054-instcombine-patternmatch-match-n14-d16.pbqp,llvm,heuristic,free_descriptor_frontend,782,1602.4590163934427
054-instcombine-patternmatch-match-n14-d16.pbqp,llvm,heuristic,zero_memory_wait,765,1567.622950819672
054-instcombine-patternmatch-match-n14-d16.pbqp,llvm,heuristic,free_operand_service,561,1149.5901639344263
054-instcombine-patternmatch-match-n14-d16.pbqp,llvm,heuristic,free_arithmetic,905,1854.5081967213114
054-instcombine-patternmatch-match-n14-d16.pbqp,llvm,heuristic,free_tree_merge,777,1592.2131147540983
054-instcombine-patternmatch-match-n14-d16.pbqp,llvm,heuristic,free_conditioning_device,969,1985.655737704918
055-instcombine-patternmatch-match-n8-d16.pbqp,llvm,none,none,17948,4345.762711864407
055-instcombine-patternmatch-match-n8-d16.pbqp,llvm,none,free_descriptor_frontend,16958,4106.053268765133
055-instcombine-patternmatch-match-n8-d16.pbqp,llvm,none,zero_memory_wait,14706,3560.774818401937
055-instcombine-patternmatch-match-n8-d16.pbqp,llvm,none,free_operand_service,10880,2634.3825665859563
055-instcombine-patternmatch-match-n8-d16.pbqp,llvm,none,free_arithmetic,16104,3899.273607748184
055-instcombine-patternmatch-match-n8-d16.pbqp,llvm,none,free_tree_merge,13028,3154.4794188861983
055-instcombine-patternmatch-match-n8-d16.pbqp,llvm,none,free_conditioning_device,17948,4345.762711864407
055-instcombine-patternmatch-match-n8-d16.pbqp,llvm,heuristic,none,17948,4279.446828803052
055-instcombine-patternmatch-match-n8-d16.pbqp,llvm,heuristic,free_descriptor_frontend,16958,4043.3953266571293
055-instcombine-patternmatch-match-n8-d16.pbqp,llvm,heuristic,zero_memory_wait,14706,3506.4377682403433
055-instcombine-patternmatch-match-n8-d16.pbqp,llvm,heuristic,free_operand_service,10880,2594.1821649976155
055-instcombine-patternmatch-match-n8-d16.pbqp,llvm,heuristic,free_arithmetic,16104,3839.771101573677
055-instcombine-patternmatch-match-n8-d16.pbqp,llvm,heuristic,free_tree_merge,13028,3106.342393896042
055-instcombine-patternmatch-match-n8-d16.pbqp,llvm,heuristic,free_conditioning_device,17948,4279.446828803052
056-instcombine-patternmatch-match-n9-d16.pbqp,llvm,none,none,55640,4495.798319327731
056-instcombine-patternmatch-match-n9-d16.pbqp,llvm,none,free_descriptor_frontend,51336,4148.028442146089
056-instcombine-patternmatch-match-n9-d16.pbqp,llvm,none,zero_memory_wait,45022,3637.8474466709763
056-instcombine-patternmatch-match-n9-d16.pbqp,llvm,none,free_operand_service,34220,2765.0290885585005
056-instcombine-patternmatch-match-n9-d16.pbqp,llvm,none,free_arithmetic,50610,4089.366515837104
056-instcombine-patternmatch-match-n9-d16.pbqp,llvm,none,free_tree_merge,42356,3422.430510665805
056-instcombine-patternmatch-match-n9-d16.pbqp,llvm,none,free_conditioning_device,53372,4312.540400775695
056-instcombine-patternmatch-match-n9-d16.pbqp,llvm,heuristic,none,7025,3340.466000951022
056-instcombine-patternmatch-match-n9-d16.pbqp,llvm,heuristic,free_descriptor_frontend,6459,3071.32667617689
056-instcombine-patternmatch-match-n9-d16.pbqp,llvm,heuristic,zero_memory_wait,5738,2728.483119353305
056-instcombine-patternmatch-match-n9-d16.pbqp,llvm,heuristic,free_operand_service,4148,1972.4203518782692
056-instcombine-patternmatch-match-n9-d16.pbqp,llvm,heuristic,free_arithmetic,6293,2992.3918212077983
056-instcombine-patternmatch-match-n9-d16.pbqp,llvm,heuristic,free_tree_merge,5081,2416.072277698526
056-instcombine-patternmatch-match-n9-d16.pbqp,llvm,heuristic,free_conditioning_device,7025,3340.466000951022
057-instcombine-patternmatch-match-n7-d16.pbqp,llvm,none,none,38687,5580.124044425213
057-instcombine-patternmatch-match-n7-d16.pbqp,llvm,none,free_descriptor_frontend,37402,5394.778595124765
057-instcombine-patternmatch-match-n7-d16.pbqp,llvm,none,zero_memory_wait,32021,4618.63551132266
057-instcombine-patternmatch-match-n7-d16.pbqp,llvm,none,free_operand_service,22799,3288.475407471513
057-instcombine-patternmatch-match-n7-d16.pbqp,llvm,none,free_arithmetic,34223,4936.246934948796
057-instcombine-patternmatch-match-n7-d16.pbqp,llvm,none,free_tree_merge,26783,3863.1184191547673
057-instcombine-patternmatch-match-n7-d16.pbqp,llvm,none,free_conditioning_device,38687,5580.124044425213
057-instcombine-patternmatch-match-n7-d16.pbqp,llvm,heuristic,none,38687,5456.558533145275
057-instcombine-patternmatch-match-n7-d16.pbqp,llvm,heuristic,free_descriptor_frontend,37402,5275.317348377997
057-instcombine-patternmatch-match-n7-d16.pbqp,llvm,heuristic,zero_memory_wait,32021,4516.361071932299
057-instcombine-patternmatch-match-n7-d16.pbqp,llvm,heuristic,free_operand_service,22799,3215.6558533145276
057-instcombine-patternmatch-match-n7-d16.pbqp,llvm,heuristic,free_arithmetic,34223,4826.939351198872
057-instcombine-patternmatch-match-n7-d16.pbqp,llvm,heuristic,free_tree_merge,26783,3777.574047954866
057-instcombine-patternmatch-match-n7-d16.pbqp,llvm,heuristic,free_conditioning_device,38687,5456.558533145275
058-instcombine-patternmatch-match-n7-d16.pbqp,llvm,none,none,348489,5127.251059322034
058-instcombine-patternmatch-match-n7-d16.pbqp,llvm,none,free_descriptor_frontend,330110,4856.844397363465
058-instcombine-patternmatch-match-n7-d16.pbqp,llvm,none,zero_memory_wait,287117,4224.29672787194
058-instcombine-patternmatch-match-n7-d16.pbqp,llvm,none,free_operand_service,212721,3129.722810734463
058-instcombine-patternmatch-match-n7-d16.pbqp,llvm,none,free_arithmetic,310217,4564.1625470809795
058-instcombine-patternmatch-match-n7-d16.pbqp,llvm,none,free_tree_merge,247305,3638.5504943502824
058-instcombine-patternmatch-match-n7-d16.pbqp,llvm,none,free_conditioning_device,330537,4863.126765536723
058-instcombine-patternmatch-match-n7-d16.pbqp,llvm,heuristic,none,9545,5598.240469208211
058-instcombine-patternmatch-match-n7-d16.pbqp,llvm,heuristic,free_descriptor_frontend,9262,5432.258064516129
058-instcombine-patternmatch-match-n7-d16.pbqp,llvm,heuristic,zero_memory_wait,7869,4615.24926686217
058-instcombine-patternmatch-match-n7-d16.pbqp,llvm,heuristic,free_operand_service,5489,3219.3548387096776
058-instcombine-patternmatch-match-n7-d16.pbqp,llvm,heuristic,free_arithmetic,8457,4960.117302052786
058-instcombine-patternmatch-match-n7-d16.pbqp,llvm,heuristic,free_tree_merge,6665,3909.090909090909
058-instcombine-patternmatch-match-n7-d16.pbqp,llvm,heuristic,free_conditioning_device,9545,5598.240469208211
059-instcombine-patternmatch-match-n13-d16.pbqp,llvm,heuristic,none,10283,3448.3568075117373
059-instcombine-patternmatch-match-n13-d16.pbqp,llvm,heuristic,free_descriptor_frontend,9530,3195.8417169684776
059-instcombine-patternmatch-match-n13-d16.pbqp,llvm,heuristic,zero_memory_wait,8407,2819.2488262910797
059-instcombine-patternmatch-match-n13-d16.pbqp,llvm,heuristic,free_operand_service,6035,2023.8095238095239
059-instcombine-patternmatch-match-n13-d16.pbqp,llvm,heuristic,free_arithmetic,9195,3083.5010060362174
059-instcombine-patternmatch-match-n13-d16.pbqp,llvm,heuristic,free_tree_merge,7403,2482.562038900067
059-instcombine-patternmatch-match-n13-d16.pbqp,llvm,heuristic,free_conditioning_device,10283,3448.3568075117373
060-instcombine-patternmatch-match-n8-d16.pbqp,llvm,none,none,185995,5340.847092605886
060-instcombine-patternmatch-match-n8-d16.pbqp,llvm,none,free_descriptor_frontend,176822,5077.444364680546
060-instcombine-patternmatch-match-n8-d16.pbqp,llvm,none,zero_memory_wait,153521,4408.356066044508
060-instcombine-patternmatch-match-n8-d16.pbqp,llvm,none,free_operand_service,112678,3235.5491744436467
060-instcombine-patternmatch-match-n8-d16.pbqp,llvm,none,free_arithmetic,165271,4745.75735821967
060-instcombine-patternmatch-match-n8-d16.pbqp,llvm,none,free_tree_merge,130903,3758.880114860014
060-instcombine-patternmatch-match-n8-d16.pbqp,llvm,none,free_conditioning_device,180011,5169.0165111270635
060-instcombine-patternmatch-match-n8-d16.pbqp,llvm,heuristic,none,19515,5159.968270756213
060-instcombine-patternmatch-match-n8-d16.pbqp,llvm,heuristic,free_descriptor_frontend,18790,4968.270756213644
060-instcombine-patternmatch-match-n8-d16.pbqp,llvm,heuristic,zero_memory_wait,16129,4264.67477525119
060-instcombine-patternmatch-match-n8-d16.pbqp,llvm,heuristic,free_operand_service,11478,3034.902168164992
060-instcombine-patternmatch-match-n8-d16.pbqp,llvm,heuristic,free_arithmetic,17287,4570.861977789529
060-instcombine-patternmatch-match-n8-d16.pbqp,llvm,heuristic,free_tree_merge,13575,3589.3707033315704
060-instcombine-patternmatch-match-n8-d16.pbqp,llvm,heuristic,free_conditioning_device,19515,5159.968270756213
061-instcombine-patternmatch-match-n9-d16.pbqp,llvm,none,none,533701,5702.42114710659
061-instcombine-patternmatch-match-n9-d16.pbqp,llvm,none,free_descriptor_frontend,510074,5449.974356782631
061-instcombine-patternmatch-match-n9-d16.pbqp,llvm,none,zero_memory_wait,437994,4679.8230618001535
061-instcombine-patternmatch-match-n9-d16.pbqp,llvm,none,free_operand_service,312688,3340.9693136165483
061-instcombine-patternmatch-match-n9-d16.pbqp,llvm,none,free_arithmetic,475657,5082.2399350371825
061-instcombine-patternmatch-match-n9-d16.pbqp,llvm,none,free_tree_merge,380113,4061.3834515770577
061-instcombine-patternmatch-match-n9-d16.pbqp,llvm,none,free_conditioning_device,515749,5510.609881186426
061-instcombine-patternmatch-match-n9-d16.pbqp,llvm,heuristic,none,10453,5116.495349975527
061-instcombine-patternmatch-match-n9-d16.pbqp,llvm,heuristic,free_descriptor_frontend,9994,4891.825746451297
061-instcombine-patternmatch-match-n9-d16.pbqp,llvm,heuristic,zero_memory_wait,8586,4202.643171806168
061-instcombine-patternmatch-match-n9-d16.pbqp,llvm,heuristic,free_operand_service,6016,2944.689182574645
061-instcombine-patternmatch-match-n9-d16.pbqp,llvm,heuristic,free_arithmetic,9305,4554.576603034753
061-instcombine-patternmatch-match-n9-d16.pbqp,llvm,heuristic,free_tree_merge,7393,3618.6979931473325
061-instcombine-patternmatch-match-n9-d16.pbqp,llvm,heuristic,free_conditioning_device,10453,5116.495349975527
062-instcombine-patternmatch-match-n8-d16.pbqp,llvm,none,none,185995,5217.543761220826
062-instcombine-patternmatch-match-n8-d16.pbqp,llvm,none,free_descriptor_frontend,176822,4960.222172351885
062-instcombine-patternmatch-match-n8-d16.pbqp,llvm,none,zero_memory_wait,153521,4306.581014362657
062-instcombine-patternmatch-match-n8-d16.pbqp,llvm,none,free_operand_service,112678,3160.850538599641
062-instcombine-patternmatch-match-n8-d16.pbqp,llvm,none,free_arithmetic,165271,4636.192773788151
062-instcombine-patternmatch-match-n8-d16.pbqp,llvm,none,free_tree_merge,130903,3672.0994165170555
062-instcombine-patternmatch-match-n8-d16.pbqp,llvm,none,free_conditioning_device,180011,5049.680206463196
062-instcombine-patternmatch-match-n8-d16.pbqp,llvm,heuristic,none,19515,5438.963210702341
062-instcombine-patternmatch-match-n8-d16.pbqp,llvm,heuristic,free_descriptor_frontend,18790,5236.900780379041
062-instcombine-patternmatch-match-n8-d16.pbqp,llvm,heuristic,zero_memory_wait,16129,4495.261984392419
062-instcombine-patternmatch-match-n8-d16.pbqp,llvm,heuristic,free_operand_service,11478,3198.9966555183946
062-instcombine-patternmatch-match-n8-d16.pbqp,llvm,heuristic,free_arithmetic,17287,4818.004459308807
062-instcombine-patternmatch-match-n8-d16.pbqp,llvm,heuristic,free_tree_merge,13575,3783.4448160535117
062-instcombine-patternmatch-match-n8-d16.pbqp,llvm,heuristic,free_conditioning_device,19515,5438.963210702341
063-instcombine-patternmatch-match-n8-d16.pbqp,llvm,none,none,177902,5182.416686087159
063-instcombine-patternmatch-match-n8-d16.pbqp,llvm,none,free_descriptor_frontend,168808,4917.501747844325
063-instcombine-patternmatch-match-n8-d16.pbqp,llvm,none,zero_memory_wait,146743,4274.731997203449
063-instcombine-patternmatch-match-n8-d16.pbqp,llvm,none,free_operand_service,107777,3139.6236308552784
063-instcombine-patternmatch-match-n8-d16.pbqp,llvm,none,free_arithmetic,158194,4608.308086693079
063-instcombine-patternmatch-match-n8-d16.pbqp,llvm,none,free_tree_merge,125498,3655.8494523421114
063-instcombine-patternmatch-match-n8-d16.pbqp,llvm,none,free_conditioning_device,171918,5008.098345374039
063-instcombine-patternmatch-match-n8-d16.pbqp,llvm,heuristic,none,11422,4864.5655877342415
063-instcombine-patternmatch-match-n8-d16.pbqp,llvm,heuristic,free_descriptor_frontend,10776,4589.437819420784
063-instcombine-patternmatch-match-n8-d16.pbqp,llvm,heuristic,zero_memory_wait,9351,3982.5383304940374
063-instcombine-patternmatch-match-n8-d16.pbqp,llvm,heuristic,free_operand_service,6577,2801.107325383305
063-instcombine-patternmatch-match-n8-d16.pbqp,llvm,heuristic,free_arithmetic,10210,4348.381601362862
063-instcombine-patternmatch-match-n8-d16.pbqp,llvm,heuristic,free_tree_merge,8170,3479.557069846678
063-instcombine-patternmatch-match-n8-d16.pbqp,llvm,heuristic,free_conditioning_device,11422,4864.5655877342415
064-instcombine-patternmatch-match-n8-d16.pbqp,llvm,none,none,185995,5024.990544118442
064-instcombine-patternmatch-match-n8-d16.pbqp,llvm,none,free_descriptor_frontend,176822,4777.165396876858
064-instcombine-patternmatch-match-n8-d16.pbqp,llvm,none,zero_memory_wait,153521,4147.646836332198
064-instcombine-patternmatch-match-n8-d16.pbqp,llvm,none,free_operand_service,112678,3044.199492084076
064-instcombine-patternmatch-match-n8-d16.pbqp,llvm,none,free_arithmetic,165271,4465.094288647539
064-instcombine-patternmatch-match-n8-d16.pbqp,llvm,none,free_tree_merge,130903,3536.580753228508
064-instcombine-patternmatch-match-n8-d16.pbqp,llvm,none,free_conditioning_device,180011,4863.321986275463
064-instcombine-patternmatch-match-n8-d16.pbqp,llvm,heuristic,none,19515,5301.548492257539
064-instcombine-patternmatch-match-n8-d16.pbqp,llvm,heuristic,free_descriptor_frontend,18790,5104.591143710948
064-instcombine-patternmatch-match-n8-d16.pbqp,llvm,heuristic,zero_memory_wait,16129,4381.689758217875
064-instcombine-patternmatch-match-n8-d16.pbqp,llvm,heuristic,free_operand_service,11478,3118.1744091279543
064-instcombine-patternmatch-match-n8-d16.pbqp,llvm,heuristic,free_arithmetic,17287,4696.278185275741
064-instcombine-patternmatch-match-n8-d16.pbqp,llvm,heuristic,free_tree_merge,13575,3687.8565607171963
064-instcombine-patternmatch-match-n8-d16.pbqp,llvm,heuristic,free_conditioning_device,19515,5301.548492257539
065-instcombine-patternmatch-match-n9-d16.pbqp,llvm,none,none,533701,5777.86077730865
065-instcombine-patternmatch-match-n9-d16.pbqp,llvm,none,free_descriptor_frontend,510074,5522.074266536754
065-instcombine-patternmatch-match-n9-d16.pbqp,llvm,none,zero_memory_wait,437994,4741.734329327704
065-instcombine-patternmatch-match-n9-d16.pbqp,llvm,none,free_operand_service,312688,3385.1683447006603
065-instcombine-patternmatch-match-n9-d16.pbqp,llvm,none,free_arithmetic,475657,5149.474937750352
065-instcombine-patternmatch-match-n9-d16.pbqp,llvm,none,free_tree_merge,380113,4115.113131969254
065-instcombine-patternmatch-match-n9-d16.pbqp,llvm,none,free_conditioning_device,515749,5583.511962758472
065-instcombine-patternmatch-match-n9-d16.pbqp,llvm,heuristic,none,10453,5049.758454106281
065-instcombine-patternmatch-match-n9-d16.pbqp,llvm,heuristic,free_descriptor_frontend,9994,4828.019323671498
065-instcombine-patternmatch-match-n9-d16.pbqp,llvm,heuristic,zero_memory_wait,8586,4147.826086956522
065-instcombine-patternmatch-match-n9-d16.pbqp,llvm,heuristic,free_operand_service,6016,2906.280193236715
065-instcombine-patternmatch-match-n9-d16.pbqp,llvm,heuristic,free_arithmetic,9305,4495.169082125604
065-instcombine-patternmatch-match-n9-d16.pbqp,llvm,heuristic,free_tree_merge,7393,3571.4975845410627
065-instcombine-patternmatch-match-n9-d16.pbqp,llvm,heuristic,free_conditioning_device,10453,5049.758454106281
066-instcombine-patternmatch-match-n7-d16.pbqp,llvm,none,none,87716,5128.391019644528
066-instcombine-patternmatch-match-n7-d16.pbqp,llvm,none,free_descriptor_frontend,83284,4869.270346117867
066-instcombine-patternmatch-match-n7-d16.pbqp,llvm,none,zero_memory_wait,72326,4228.6014967259125
066-instcombine-patternmatch-match-n7-d16.pbqp,llvm,none,free_operand_service,52892,3092.376052385407
066-instcombine-patternmatch-match-n7-d16.pbqp,llvm,none,free_arithmetic,77992,4559.869036482694
066-instcombine-patternmatch-match-n7-d16.pbqp,llvm,none,free_tree_merge,61880,3617.867165575304
066-instcombine-patternmatch-match-n7-d16.pbqp,llvm,none,free_conditioning_device,85098,4975.327408793265
066-instcombine-patternmatch-match-n7-d16.pbqp,llvm,heuristic,none,14881,5147.353856796956
066-instcombine-patternmatch-match-n7-d16.pbqp,llvm,heuristic,free_descriptor_frontend,14145,4892.7706675890695
066-instcombine-patternmatch-match-n7-d16.pbqp,llvm,heuristic,zero_memory_wait,12217,4225.873400207541
066-instcombine-patternmatch-match-n7-d16.pbqp,llvm,heuristic,free_operand_service,8617,2980.629539951574
066-instcombine-patternmatch-match-n7-d16.pbqp,llvm,heuristic,free_arithmetic,13249,4582.843306814251
066-instcombine-patternmatch-match-n7-d16.pbqp,llvm,heuristic,free_tree_merge,10549,3648.910411622276
066-instcombine-patternmatch-match-n7-d16.pbqp,llvm,heuristic,free_conditioning_device,14881,5147.353856796956
067-instcombine-patternmatch-match-n7-d16.pbqp,llvm,none,none,87716,5155.822018456474
067-instcombine-patternmatch-match-n7-d16.pbqp,llvm,none,free_descriptor_frontend,83284,4895.315347087521
067-instcombine-patternmatch-match-n7-d16.pbqp,llvm,none,zero_memory_wait,72326,4251.219655557515
067-instcombine-patternmatch-match-n7-d16.pbqp,llvm,none,free_operand_service,52892,3108.9167107506023
067-instcombine-patternmatch-match-n7-d16.pbqp,llvm,none,free_arithmetic,77992,4584.259095985423
067-instcombine-patternmatch-match-n7-d16.pbqp,llvm,none,free_tree_merge,61880,3637.2185975430552
067-instcombine-patternmatch-match-n7-d16.pbqp,llvm,none,free_conditioning_device,85098,5001.9396931758065
067-instcombine-patternmatch-match-n7-d16.pbqp,llvm,heuristic,none,14881,4769.551282051282
067-instcombine-patternmatch-match-n7-d16.pbqp,llvm,heuristic,free_descriptor_frontend,14145,4533.653846153846
067-instcombine-patternmatch-match-n7-d16.pbqp,llvm,heuristic,zero_memory_wait,12217,3915.7051282051284
067-instcombine-patternmatch-match-n7-d16.pbqp,llvm,heuristic,free_operand_service,8617,2761.858974358974
067-instcombine-patternmatch-match-n7-d16.pbqp,llvm,heuristic,free_arithmetic,13249,4246.474358974359
067-instcombine-patternmatch-match-n7-d16.pbqp,llvm,heuristic,free_tree_merge,10549,3381.0897435897436
067-instcombine-patternmatch-match-n7-d16.pbqp,llvm,heuristic,free_conditioning_device,14881,4769.551282051282
068-instcombine-patternmatch-match-n8-d16.pbqp,llvm,none,none,226369,4874.54510217705
068-instcombine-patternmatch-match-n8-d16.pbqp,llvm,none,free_descriptor_frontend,213392,4595.1032537307
068-instcombine-patternmatch-match-n8-d16.pbqp,llvm,none,zero_memory_wait,186107,4007.558302289024
068-instcombine-patternmatch-match-n8-d16.pbqp,llvm,none,free_operand_service,137065,2951.506277051616
068-instcombine-patternmatch-match-n8-d16.pbqp,llvm,none,free_arithmetic,201683,4342.966041473761
068-instcombine-patternmatch-match-n8-d16.pbqp,llvm,none,free_tree_merge,161389,3475.2901655935743
068-instcombine-patternmatch-match-n8-d16.pbqp,llvm,none,free_conditioning_device,216273,4657.141626650014
068-instcombine-patternmatch-match-n8-d16.pbqp,llvm,heuristic,none,10514,4964.1170915958455
068-instcombine-patternmatch-match-n8-d16.pbqp,llvm,heuristic,free_descriptor_frontend,10044,4742.209631728046
068-instcombine-patternmatch-match-n8-d16.pbqp,llvm,heuristic,zero_memory_wait,8634,4076.4872521246457
068-instcombine-patternmatch-match-n8-d16.pbqp,llvm,heuristic,free_operand_service,6050,2856.4683663833807
068-instcombine-patternmatch-match-n8-d16.pbqp,llvm,heuristic,free_arithmetic,9362,4420.207743153919
068-instcombine-patternmatch-match-n8-d16.pbqp,llvm,heuristic,free_tree_merge,7442,3513.6921624173747
068-instcombine-patternmatch-match-n8-d16.pbqp,llvm,heuristic,free_conditioning_device,10514,4964.1170915958455
069-instcombine-patternmatch-match-n8-d16.pbqp,llvm,none,none,226369,4738.032944722356
069-instcombine-patternmatch-match-n8-d16.pbqp,llvm,none,free_descriptor_frontend,213392,4466.416895158758
069-instcombine-patternmatch-match-n8-d16.pbqp,llvm,none,zero_memory_wait,186107,3895.3262029846996
069-instcombine-patternmatch-match-n8-d16.pbqp,llvm,none,free_operand_service,137065,2868.8490277748706
069-instcombine-patternmatch-match-n8-d16.pbqp,llvm,none,free_arithmetic,201683,4221.340812524855
069-instcombine-patternmatch-match-n8-d16.pbqp,llvm,none,free_tree_merge,161389,3377.96429244197
069-instcombine-patternmatch-match-n8-d16.pbqp,llvm,none,free_conditioning_device,216273,4526.717876802646
069-instcombine-patternmatch-match-n8-d16.pbqp,llvm,heuristic,none,10514,4931.519699812383
069-instcombine-patternmatch-match-n8-d16.pbqp,llvm,heuristic,free_descriptor_frontend,10044,4711.069418386492
069-instcombine-patternmatch-match-n8-d16.pbqp,llvm,heuristic,zero_memory_wait,8634,4049.718574108818
069-instcombine-patternmatch-match-n8-d16.pbqp,llvm,heuristic,free_operand_service,6050,2837.7110694183866
069-instcombine-patternmatch-match-n8-d16.pbqp,llvm,heuristic,free_arithmetic,9362,4391.181988742965
069-instcombine-patternmatch-match-n8-d16.pbqp,llvm,heuristic,free_tree_merge,7442,3490.6191369606004
069-instcombine-patternmatch-match-n8-d16.pbqp,llvm,heuristic,free_conditioning_device,10514,4931.519699812383
070-instcombine-patternmatch-match-n16-d16.pbqp,llvm,heuristic,none,40057,4992.148554336989
070-instcombine-patternmatch-match-n16-d16.pbqp,llvm,heuristic,free_descriptor_frontend,38562,4805.8325024925225
070-instcombine-patternmatch-match-n16-d16.pbqp,llvm,heuristic,zero_memory_wait,32958,4107.427716849452
070-instcombine-patternmatch-match-n16-d16.pbqp,llvm,heuristic,free_operand_service,23044,2871.8843469591225
070-instcombine-patternmatch-match-n16-d16.pbqp,llvm,heuristic,free_arithmetic,35581,4434.322033898305
070-instcombine-patternmatch-match-n16-d16.pbqp,llvm,heuristic,free_tree_merge,28165,3510.0947158524427
070-instcombine-patternmatch-match-n16-d16.pbqp,llvm,heuristic,free_conditioning_device,40057,4992.148554336989
071-instcombine-patternmatch-match-n10-d16.pbqp,llvm,none,none,847954,5285.47475238576
071-instcombine-patternmatch-match-n10-d16.pbqp,llvm,none,free_descriptor_frontend,805740,5022.346055313499
071-instcombine-patternmatch-match-n10-d16.pbqp,llvm,none,zero_memory_wait,699386,4359.419314222314
071-instcombine-patternmatch-match-n10-d16.pbqp,llvm,none,free_operand_service,517666,3226.7205215949534
071-instcombine-patternmatch-match-n10-d16.pbqp,llvm,none,free_arithmetic,753938,4699.453347545051
071-instcombine-patternmatch-match-n10-d16.pbqp,llvm,none,free_tree_merge,599506,3736.8463700905686
071-instcombine-patternmatch-match-n10-d16.pbqp,llvm,none,free_conditioning_device,806066,5024.378081542844
071-instcombine-patternmatch-match-n10-d16.pbqp,llvm,heuristic,none,19090,5591.681312243702
071-instcombine-patternmatch-match-n10-d16.pbqp,llvm,heuristic,free_descriptor_frontend,18524,5425.89338019918
071-instcombine-patternmatch-match-n10-d16.pbqp,llvm,heuristic,zero_memory_wait,15738,4609.841827768014
071-instcombine-patternmatch-match-n10-d16.pbqp,llvm,heuristic,free_operand_service,10978,3215.5828939660223
071-instcombine-patternmatch-match-n10-d16.pbqp,llvm,heuristic,free_arithmetic,16914,4954.305799648506
071-instcombine-patternmatch-match-n10-d16.pbqp,llvm,heuristic,free_tree_merge,13330,3904.510837727006
071-instcombine-patternmatch-match-n10-d16.pbqp,llvm,heuristic,free_conditioning_device,19090,5591.681312243702
072-instcombine-patternmatch-match-n15-d16.pbqp,llvm,heuristic,none,39088,5230.563361434498
072-instcombine-patternmatch-match-n15-d16.pbqp,llvm,heuristic,free_descriptor_frontend,37780,5055.533253044293
072-instcombine-patternmatch-match-n15-d16.pbqp,llvm,heuristic,zero_memory_wait,32193,4307.908470493778
072-instcombine-patternmatch-match-n15-d16.pbqp,llvm,heuristic,free_operand_service,22483,3008.564164324903
072-instcombine-patternmatch-match-n15-d16.pbqp,llvm,heuristic,free_arithmetic,34676,4640.171283286498
072-instcombine-patternmatch-match-n15-d16.pbqp,llvm,heuristic,free_tree_merge,27388,3664.9270707881706
072-instcombine-patternmatch-match-n15-d16.pbqp,llvm,heuristic,free_conditioning_device,39088,5230.563361434498
073-instcombine-patternmatch-match-n15-d16.pbqp,llvm,heuristic,none,39088,5125.6228691319175
073-instcombine-patternmatch-match-n15-d16.pbqp,llvm,heuristic,free_descriptor_frontend,37780,4954.104379753475
073-instcombine-patternmatch-match-n15-d16.pbqp,llvm,heuristic,zero_memory_wait,32193,4221.479150275373
073-instcombine-patternmatch-match-n15-d16.pbqp,llvm,heuristic,free_operand_service,22483,2948.2035142932073
073-instcombine-patternmatch-match-n15-d16.pbqp,llvm,heuristic,free_arithmetic,34676,4547.0757933385785
073-instcombine-patternmatch-match-n15-d16.pbqp,llvm,heuristic,free_tree_merge,27388,3591.3978494623657
073-instcombine-patternmatch-match-n15-d16.pbqp,llvm,heuristic,free_conditioning_device,39088,5125.6228691319175
074-instcombine-patternmatch-match-n10-d16.pbqp,llvm,none,none,220877,5605.30389544474
074-instcombine-patternmatch-match-n10-d16.pbqp,llvm,none,free_descriptor_frontend,210866,5351.249841390686
074-instcombine-patternmatch-match-n10-d16.pbqp,llvm,none,zero_memory_wait,181387,4603.1468087806115
074-instcombine-patternmatch-match-n10-d16.pbqp,llvm,none,free_operand_service,129464,3285.4713868798376
074-instcombine-patternmatch-match-n10-d16.pbqp,llvm,none,free_arithmetic,196825,4994.924501966755
074-instcombine-patternmatch-match-n10-d16.pbqp,llvm,none,free_tree_merge,156953,3983.0732140591294
074-instcombine-patternmatch-match-n10-d16.pbqp,llvm,none,free_conditioning_device,214893,5453.444994290065
074-instcombine-patternmatch-match-n10-d16.pbqp,llvm,heuristic,none,38605,5523.680068679353
074-instcombine-patternmatch-match-n10-d16.pbqp,llvm,heuristic,free_descriptor_frontend,37314,5338.9612247818
074-instcombine-patternmatch-match-n10-d16.pbqp,llvm,heuristic,zero_memory_wait,31867,4559.5936471598225
074-instcombine-patternmatch-match-n10-d16.pbqp,llvm,heuristic,free_operand_service,22456,3213.0490771211903
074-instcombine-patternmatch-match-n10-d16.pbqp,llvm,heuristic,free_arithmetic,34201,4893.547002432394
074-instcombine-patternmatch-match-n10-d16.pbqp,llvm,heuristic,free_tree_merge,26905,3849.6208327371583
074-instcombine-patternmatch-match-n10-d16.pbqp,llvm,heuristic,free_conditioning_device,38605,5523.680068679353
075-instcombine-patternmatch-match-n5-d16.pbqp,llvm,none,none,28239,5592.988710635769
075-instcombine-patternmatch-match-n5-d16.pbqp,llvm,none,free_descriptor_frontend,27254,5397.900574371162
075-instcombine-patternmatch-match-n5-d16.pbqp,llvm,none,zero_memory_wait,23270,4608.833432362844
075-instcombine-patternmatch-match-n5-d16.pbqp,llvm,none,free_operand_service,16317,3231.729055258467
075-instcombine-patternmatch-match-n5-d16.pbqp,llvm,none,free_arithmetic,25055,4962.3687858981975
075-instcombine-patternmatch-match-n5-d16.pbqp,llvm,none,free_tree_merge,19767,3915.032679738562
075-instcombine-patternmatch-match-n5-d16.pbqp,llvm,none,free_conditioning_device,28239,5592.988710635769
075-instcombine-patternmatch-match-n5-d16.pbqp,llvm,heuristic,none,28239,5577.523207584436
075-instcombine-patternmatch-match-n5-d16.pbqp,llvm,heuristic,free_descriptor_frontend,27254,5382.974521034959
075-instcombine-patternmatch-match-n5-d16.pbqp,llvm,heuristic,zero_memory_wait,23270,4596.08927513332
075-instcombine-patternmatch-match-n5-d16.pbqp,llvm,heuristic,free_operand_service,16317,3222.7928105866085
075-instcombine-patternmatch-match-n5-d16.pbqp,llvm,heuristic,free_arithmetic,25055,4948.647047205214
075-instcombine-patternmatch-match-n5-d16.pbqp,llvm,heuristic,free_tree_merge,19767,3904.2069919020346
075-instcombine-patternmatch-match-n5-d16.pbqp,llvm,heuristic,free_conditioning_device,28239,5577.523207584436
076-instcombine-patternmatch-match-n15-d16.pbqp,llvm,none,none,3677137,4839.866536801095
076-instcombine-patternmatch-match-n15-d16.pbqp,llvm,none,free_descriptor_frontend,3498537,4604.792302832473
076-instcombine-patternmatch-match-n15-d16.pbqp,llvm,none,zero_memory_wait,3032095,3990.8589554596188
076-instcombine-patternmatch-match-n15-d16.pbqp,llvm,none,free_operand_service,2227036,2931.236179846267
076-instcombine-patternmatch-match-n15-d16.pbqp,llvm,none,free_arithmetic,3269185,4302.9180267452875
076-instcombine-patternmatch-match-n15-d16.pbqp,llvm,none,free_tree_merge,2596957,3418.1280930820258
076-instcombine-patternmatch-match-n15-d16.pbqp,llvm,none,free_conditioning_device,3527455,4642.8543224176055
076-instcombine-patternmatch-match-n15-d16.pbqp,llvm,heuristic,none,38605,5168.697282099344
076-instcombine-patternmatch-match-n15-d16.pbqp,llvm,heuristic,free_descriptor_frontend,37314,4995.849511313429
076-instcombine-patternmatch-match-n15-d16.pbqp,llvm,heuristic,zero_memory_wait,31867,4266.568483063328
076-instcombine-patternmatch-match-n15-d16.pbqp,llvm,heuristic,free_operand_service,22456,3006.560449859419
076-instcombine-patternmatch-match-n15-d16.pbqp,llvm,heuristic,free_arithmetic,34201,4579.060115142589
076-instcombine-patternmatch-match-n15-d16.pbqp,llvm,heuristic,free_tree_merge,26905,3602.222519748293
076-instcombine-patternmatch-match-n15-d16.pbqp,llvm,heuristic,free_conditioning_device,38605,5168.697282099344
077-instcombine-patternmatch-match-n12-d16.pbqp,llvm,none,none,239967,5493.121208652856
077-instcombine-patternmatch-match-n12-d16.pbqp,llvm,none,free_descriptor_frontend,229390,5251.0014879249175
077-instcombine-patternmatch-match-n12-d16.pbqp,llvm,none,zero_memory_wait,197125,4512.418450268971
077-instcombine-patternmatch-match-n12-d16.pbqp,llvm,none,free_operand_service,140442,3214.8792491701956
077-instcombine-patternmatch-match-n12-d16.pbqp,llvm,none,free_arithmetic,213739,4892.7320590591735
077-instcombine-patternmatch-match-n12-d16.pbqp,llvm,none,free_tree_merge,170283,3897.9741329975964
077-instcombine-patternmatch-match-n12-d16.pbqp,llvm,none,free_conditioning_device,233983,5356.140551676777
077-instcombine-patternmatch-match-n12-d16.pbqp,llvm,heuristic,none,57695,5331.762314019037
077-instcombine-patternmatch-match-n12-d16.pbqp,llvm,heuristic,free_descriptor_frontend,55838,5160.151557157379
077-instcombine-patternmatch-match-n12-d16.pbqp,llvm,heuristic,zero_memory_wait,47605,4399.316144533777
077-instcombine-patternmatch-match-n12-d16.pbqp,llvm,heuristic,free_operand_service,33434,3089.7329267165696
077-instcombine-patternmatch-match-n12-d16.pbqp,llvm,heuristic,free_arithmetic,51115,4723.685426485537
077-instcombine-patternmatch-match-n12-d16.pbqp,llvm,heuristic,free_tree_merge,40235,3718.233065335921
077-instcombine-patternmatch-match-n12-d16.pbqp,llvm,heuristic,free_conditioning_device,57695,5331.762314019037
078-instcombine-patternmatch-match-n14-d16.pbqp,llvm,heuristic,none,4670,3778.3171521035597
078-instcombine-patternmatch-match-n14-d16.pbqp,llvm,heuristic,free_descriptor_frontend,4452,3601.9417475728155
078-instcombine-patternmatch-match-n14-d16.pbqp,llvm,heuristic,zero_memory_wait,3868,3129.4498381877024
078-instcombine-patternmatch-match-n14-d16.pbqp,llvm,heuristic,free_operand_service,2813,2275.8899676375404
078-instcombine-patternmatch-match-n14-d16.pbqp,llvm,heuristic,free_arithmetic,4138,3347.8964401294497
078-instcombine-patternmatch-match-n14-d16.pbqp,llvm,heuristic,free_tree_merge,3242,2622.9773462783173
078-instcombine-patternmatch-match-n14-d16.pbqp,llvm,heuristic,free_conditioning_device,4670,3778.3171521035597
079-instcombine-patternmatch-match-n10-d16.pbqp,llvm,none,none,727368,5026.140674557931
079-instcombine-patternmatch-match-n10-d16.pbqp,llvm,none,free_descriptor_frontend,689200,4762.398336062798
079-instcombine-patternmatch-match-n10-d16.pbqp,llvm,none,zero_memory_wait,599526,4142.747569394059
079-instcombine-patternmatch-match-n10-d16.pbqp,llvm,none,free_operand_service,444399,3070.814071601816
079-instcombine-patternmatch-match-n10-d16.pbqp,llvm,none,free_arithmetic,647284,4472.757174347174
079-instcombine-patternmatch-match-n10-d16.pbqp,llvm,none,free_tree_merge,515508,3562.179978855283
079-instcombine-patternmatch-match-n10-d16.pbqp,llvm,none,free_conditioning_device,690872,4773.951919954117
079-instcombine-patternmatch-match-n10-d16.pbqp,llvm,heuristic,none,10296,3640.735502121641
079-instcombine-patternmatch-match-n10-d16.pbqp,llvm,heuristic,free_descriptor_frontend,9608,3397.4540311173973
079-instcombine-patternmatch-match-n10-d16.pbqp,llvm,heuristic,zero_memory_wait,8454,2989.3917963224894
079-instcombine-patternmatch-match-n10-d16.pbqp,llvm,heuristic,free_operand_service,6111,2160.891089108911
079-instcombine-patternmatch-match-n10-d16.pbqp,llvm,heuristic,free_arithmetic,9188,3248.939179632249
079-instcombine-patternmatch-match-n10-d16.pbqp,llvm,heuristic,free_tree_merge,7332,2592.6449787835927
079-instcombine-patternmatch-match-n10-d16.pbqp,llvm,heuristic,free_conditioning_device,10296,3640.735502121641
080-instcombine-patternmatch-match-n7-d16.pbqp,llvm,none,none,530048,5286.839952921463
080-instcombine-patternmatch-match-n7-d16.pbqp,llvm,none,free_descriptor_frontend,504336,5030.381615432185
080-instcombine-patternmatch-match-n7-d16.pbqp,llvm,none,zero_memory_wait,435664,4345.428793712223
080-instcombine-patternmatch-match-n7-d16.pbqp,llvm,none,free_operand_service,314672,3138.6223543258393
080-instcombine-patternmatch-match-n7-d16.pbqp,llvm,none,free_arithmetic,472320,4711.045502603283
080-instcombine-patternmatch-match-n7-d16.pbqp,llvm,none,free_tree_merge,376640,3756.7076941490955
080-instcombine-patternmatch-match-n7-d16.pbqp,llvm,none,free_conditioning_device,512096,5107.7819226395895
080-instcombine-patternmatch-match-n7-d16.pbqp,llvm,heuristic,none,0,
080-instcombine-patternmatch-match-n7-d16.pbqp,llvm,heuristic,free_descriptor_frontend,0,
080-instcombine-patternmatch-match-n7-d16.pbqp,llvm,heuristic,zero_memory_wait,0,
080-instcombine-patternmatch-match-n7-d16.pbqp,llvm,heuristic,free_operand_service,0,
080-instcombine-patternmatch-match-n7-d16.pbqp,llvm,heuristic,free_arithmetic,0,
080-instcombine-patternmatch-match-n7-d16.pbqp,llvm,heuristic,free_tree_merge,0,
080-instcombine-patternmatch-match-n7-d16.pbqp,llvm,heuristic,free_conditioning_device,0,
081-instcombine-patternmatch-match-n14-d16.pbqp,llvm,none,none,886801,3899.774844105929
081-instcombine-patternmatch-match-n14-d16.pbqp,llvm,none,free_descriptor_frontend,817537,3595.1811361577497
081-instcombine-patternmatch-match-n14-d16.pbqp,llvm,none,zero_memory_wait,722029,3175.1774421938626
081-instcombine-patternmatch-match-n14-d16.pbqp,llvm,none,free_operand_service,544360,2393.86450188656
081-instcombine-patternmatch-match-n14-d16.pbqp,llvm,none,free_arithmetic,797457,3506.877808951706
081-instcombine-patternmatch-match-n14-d16.pbqp,llvm,none,free_tree_merge,656029,2884.937422492722
081-instcombine-patternmatch-match-n14-d16.pbqp,llvm,none,free_conditioning_device,817403,3594.5918609662353
081-instcombine-patternmatch-match-n14-d16.pbqp,llvm,heuristic,none,969,2079.3991416309013
081-instcombine-patternmatch-match-n14-d16.pbqp,llvm,heuristic,free_descriptor_frontend,782,1678.1115879828326
081-instcombine-patternmatch-match-n14-d16.pbqp,llvm,heuristic,zero_memory_wait,765,1641.6309012875536
081-instcombine-patternmatch-match-n14-d16.pbqp,llvm,heuristic,free_operand_service,561,1203.862660944206
081-instcombine-patternmatch-match-n14-d16.pbqp,llvm,heuristic,free_arithmetic,905,1942.0600858369098
081-instcombine-patternmatch-match-n14-d16.pbqp,llvm,heuristic,free_tree_merge,777,1667.381974248927
081-instcombine-patternmatch-match-n14-d16.pbqp,llvm,heuristic,free_conditioning_device,969,2079.3991416309013
082-instcombine-patternmatch-match-n12-d16.pbqp,llvm,none,none,272184,4121.12769887654
082-instcombine-patternmatch-match-n12-d16.pbqp,llvm,none,free_descriptor_frontend,250646,3795.021651576174
082-instcombine-patternmatch-match-n12-d16.pbqp,llvm,none,zero_memory_wait,222058,3362.1718196408565
082-instcombine-patternmatch-match-n12-d16.pbqp,llvm,none,free_operand_service,165894,2511.7948096781033
082-instcombine-patternmatch-match-n12-d16.pbqp,llvm,none,free_arithmetic,244220,3697.725827453593
082-instcombine-patternmatch-match-n12-d16.pbqp,llvm,none,free_tree_merge,199356,3018.441692153953
082-instcombine-patternmatch-match-n12-d16.pbqp,llvm,none,free_conditioning_device,253860,3843.6847045998243
082-instcombine-patternmatch-match-n12-d16.pbqp,llvm,heuristic,none,4070,3592.233009708738
082-instcombine-patternmatch-match-n12-d16.pbqp,llvm,heuristic,free_descriptor_frontend,3810,3362.7537511032656
082-instcombine-patternmatch-match-n12-d16.pbqp,llvm,heuristic,zero_memory_wait,3342,2949.691085613416
082-instcombine-patternmatch-match-n12-d16.pbqp,llvm,heuristic,free_operand_service,2414,2130.6266548984995
082-instcombine-patternmatch-match-n12-d16.pbqp,llvm,heuristic,free_arithmetic,3622,3196.822594880847
082-instcombine-patternmatch-match-n12-d16.pbqp,llvm,heuristic,free_tree_merge,2894,2554.280670785525
082-instcombine-patternmatch-match-n12-d16.pbqp,llvm,heuristic,free_conditioning_device,4070,3592.233009708738
083-instcombine-patternmatch-match-n11-d16.pbqp,llvm,none,none,1343546,4766.460310421286
083-instcombine-patternmatch-match-n11-d16.pbqp,llvm,none,free_descriptor_frontend,1272148,4513.163636363636
083-instcombine-patternmatch-match-n11-d16.pbqp,llvm,none,zero_memory_wait,1107066,3927.5068736141907
083-instcombine-patternmatch-match-n11-d16.pbqp,llvm,none,free_operand_service,822098,2916.5339246119734
083-instcombine-patternmatch-match-n11-d16.pbqp,llvm,none,free_arithmetic,1195994,4242.994235033259
083-instcombine-patternmatch-match-n11-d16.pbqp,llvm,none,free_tree_merge,953594,3383.038580931264
083-instcombine-patternmatch-match-n11-d16.pbqp,llvm,none,free_conditioning_device,1271354,4510.346784922394
083-instcombine-patternmatch-match-n11-d16.pbqp,llvm,heuristic,none,5626,3864.010989010989
083-instcombine-patternmatch-match-n11-d16.pbqp,llvm,heuristic,free_descriptor_frontend,5156,3541.2087912087914
083-instcombine-patternmatch-match-n11-d16.pbqp,llvm,heuristic,zero_memory_wait,4586,3149.7252747252746
083-instcombine-patternmatch-match-n11-d16.pbqp,llvm,heuristic,free_operand_service,3298,2265.1098901098903
083-instcombine-patternmatch-match-n11-d16.pbqp,llvm,heuristic,free_arithmetic,5050,3468.4065934065934
083-instcombine-patternmatch-match-n11-d16.pbqp,llvm,heuristic,free_tree_merge,4090,2809.065934065934
083-instcombine-patternmatch-match-n11-d16.pbqp,llvm,heuristic,free_conditioning_device,5626,3864.010989010989
084-instcombine-patternmatch-match-n11-d16.pbqp,llvm,none,none,1343546,4884.467307727265
084-instcombine-patternmatch-match-n11-d16.pbqp,llvm,none,free_descriptor_frontend,1272148,4624.899569192737
084-instcombine-patternmatch-match-n11-d16.pbqp,llvm,none,zero_memory_wait,1107066,4024.7432425063166
084-instcombine-patternmatch-match-n11-d16.pbqp,llvm,none,free_operand_service,822098,2988.7408430734554
084-instcombine-patternmatch-match-n11-d16.pbqp,llvm,none,free_arithmetic,1195994,4348.041372039336
084-instcombine-patternmatch-match-n11-d16.pbqp,llvm,none,free_tree_merge,953594,3466.7951211531818
084-instcombine-patternmatch-match-n11-d16.pbqp,llvm,none,free_conditioning_device,1271354,4622.0129787504775
084-instcombine-patternmatch-match-n11-d16.pbqp,llvm,heuristic,none,5626,3422.1411192214114
084-instcombine-patternmatch-match-n11-d16.pbqp,llvm,heuristic,free_descriptor_frontend,5156,3136.2530413625304
084-instcombine-patternmatch-match-n11-d16.pbqp,llvm,heuristic,zero_memory_wait,4586,2789.5377128953774
084-instcombine-patternmatch-match-n11-d16.pbqp,llvm,heuristic,free_operand_service,3298,2006.0827250608272
084-instcombine-patternmatch-match-n11-d16.pbqp,llvm,heuristic,free_arithmetic,5050,3071.7761557177614
084-instcombine-patternmatch-match-n11-d16.pbqp,llvm,heuristic,free_tree_merge,4090,2487.8345498783456
084-instcombine-patternmatch-match-n11-d16.pbqp,llvm,heuristic,free_conditioning_device,5626,3422.1411192214114
085-instcombine-patternmatch-match-n11-d16.pbqp,llvm,none,none,1343546,5027.036937260536
085-instcombine-patternmatch-match-n11-d16.pbqp,llvm,none,free_descriptor_frontend,1272148,4759.892840038314
085-instcombine-patternmatch-match-n11-d16.pbqp,llvm,none,zero_memory_wait,1107066,4142.218929597701
085-instcombine-patternmatch-match-n11-d16.pbqp,llvm,none,free_operand_service,822098,3075.9773108237546
085-instcombine-patternmatch-match-n11-d16.pbqp,llvm,none,free_arithmetic,1195994,4474.953603927203
085-instcombine-patternmatch-match-n11-d16.pbqp,llvm,none,free_tree_merge,953594,3567.9852131226053
085-instcombine-patternmatch-match-n11-d16.pbqp,llvm,none,free_conditioning_device,1271354,4756.921994731801
085-instcombine-patternmatch-match-n11-d16.pbqp,llvm,heuristic,none,5626,3778.3747481531227
085-instcombine-patternmatch-match-n11-d16.pbqp,llvm,heuristic,free_descriptor_frontend,5156,3462.7266621893887
085-instcombine-patternmatch-match-n11-d16.pbqp,llvm,heuristic,zero_memory_wait,4586,3079.9194089993284
085-instcombine-patternmatch-match-n11-d16.pbqp,llvm,heuristic,free_operand_service,3298,2214.9093351242445
085-instcombine-patternmatch-match-n11-d16.pbqp,llvm,heuristic,free_arithmetic,5050,3391.537944929483
085-instcombine-patternmatch-match-n11-d16.pbqp,llvm,heuristic,free_tree_merge,4090,2746.8099395567497
085-instcombine-patternmatch-match-n11-d16.pbqp,llvm,heuristic,free_conditioning_device,5626,3778.3747481531227
086-instcombine-patternmatch-match-n9-d16.pbqp,llvm,none,none,723130,4937.287915719328
086-instcombine-patternmatch-match-n9-d16.pbqp,llvm,none,free_descriptor_frontend,685092,4677.577272075541
086-instcombine-patternmatch-match-n9-d16.pbqp,llvm,none,zero_memory_wait,595999,4069.280296047466
086-instcombine-patternmatch-match-n9-d16.pbqp,llvm,none,free_operand_service,441841,3016.7414295760705
086-instcombine-patternmatch-match-n9-d16.pbqp,llvm,none,free_arithmetic,643550,4393.942497422558
086-instcombine-patternmatch-match-n9-d16.pbqp,llvm,none,free_tree_merge,512614,3499.955620190765
086-instcombine-patternmatch-match-n9-d16.pbqp,llvm,none,free_conditioning_device,686634,4688.105528358698
086-instcombine-patternmatch-match-n9-d16.pbqp,llvm,heuristic,none,6058,2834.8151614412727
086-instcombine-patternmatch-match-n9-d16.pbqp,llvm,heuristic,free_descriptor_frontend,5500,2573.701450631727
086-instcombine-patternmatch-match-n9-d16.pbqp,llvm,heuristic,zero_memory_wait,4927,2305.5685540477307
086-instcombine-patternmatch-match-n9-d16.pbqp,llvm,heuristic,free_operand_service,3553,1662.6111371080954
086-instcombine-patternmatch-match-n9-d16.pbqp,llvm,heuristic,free_arithmetic,5454,2552.1759475900794
086-instcombine-patternmatch-match-n9-d16.pbqp,llvm,heuristic,free_tree_merge,4438,2076.743097800655
086-instcombine-patternmatch-match-n9-d16.pbqp,llvm,heuristic,free_conditioning_device,6058,2834.8151614412727
087-instcombine-patternmatch-match-n14-d16.pbqp,llvm,heuristic,none,5626,3225.9174311926604
087-instcombine-patternmatch-match-n14-d16.pbqp,llvm,heuristic,free_descriptor_frontend,5156,2956.422018348624
087-instcombine-patternmatch-match-n14-d16.pbqp,llvm,heuristic,zero_memory_wait,4586,2629.587155963303
087-instcombine-patternmatch-match-n14-d16.pbqp,llvm,heuristic,free_operand_service,3298,1891.0550458715597
087-instcombine-patternmatch-match-n14-d16.pbqp,llvm,heuristic,free_arithmetic,5050,2895.6422018348626
087-instcombine-patternmatch-match-n14-d16.pbqp,llvm,heuristic,free_tree_merge,4090,2345.183486238532
087-instcombine-patternmatch-match-n14-d16.pbqp,llvm,heuristic,free_conditioning_device,5626,3225.9174311926604
088-instcombine-patternmatch-match-n14-d16.pbqp,llvm,heuristic,none,5626,3681.937172774869
088-instcombine-patternmatch-match-n14-d16.pbqp,llvm,heuristic,free_descriptor_frontend,5156,3374.3455497382197
088-instcombine-patternmatch-match-n14-d16.pbqp,llvm,heuristic,zero_memory_wait,4586,3001.30890052356
088-instcombine-patternmatch-match-n14-d16.pbqp,llvm,heuristic,free_operand_service,3298,2158.3769633507854
088-instcombine-patternmatch-match-n14-d16.pbqp,llvm,heuristic,free_arithmetic,5050,3304.973821989529
088-instcombine-patternmatch-match-n14-d16.pbqp,llvm,heuristic,free_tree_merge,4090,2676.7015706806283
088-instcombine-patternmatch-match-n14-d16.pbqp,llvm,heuristic,free_conditioning_device,5626,3681.937172774869
089-instcombine-patternmatch-match-n15-d16.pbqp,llvm,heuristic,none,10031,5200.103680663557
089-instcombine-patternmatch-match-n15-d16.pbqp,llvm,heuristic,free_descriptor_frontend,9578,4965.266977708658
089-instcombine-patternmatch-match-n15-d16.pbqp,llvm,heuristic,zero_memory_wait,8308,4306.89476412649
089-instcombine-patternmatch-match-n15-d16.pbqp,llvm,heuristic,free_operand_service,6023,3122.343182996371
089-instcombine-patternmatch-match-n15-d16.pbqp,llvm,heuristic,free_arithmetic,8887,4607.050285121824
089-instcombine-patternmatch-match-n15-d16.pbqp,llvm,heuristic,free_tree_merge,6959,3607.568688439606
089-instcombine-patternmatch-match-n15-d16.pbqp,llvm,heuristic,free_conditioning_device,10031,5200.103680663557
090-instcombine-patternmatch-match-n17-d16.pbqp,llvm,heuristic,none,38423,5099.946907353332
090-instcombine-patternmatch-match-n17-d16.pbqp,llvm,heuristic,free_descriptor_frontend,37138,4929.386779930979
090-instcombine-patternmatch-match-n17-d16.pbqp,llvm,heuristic,zero_memory_wait,31941,4239.580568091319
090-instcombine-patternmatch-match-n17-d16.pbqp,llvm,heuristic,free_operand_service,23135,3070.7459516856916
090-instcombine-patternmatch-match-n17-d16.pbqp,llvm,heuristic,free_arithmetic,33895,4498.938147066631
090-instcombine-patternmatch-match-n17-d16.pbqp,llvm,heuristic,free_tree_merge,26327,3494.4252720998143
090-instcombine-patternmatch-match-n17-d16.pbqp,llvm,heuristic,free_conditioning_device,38423,5099.946907353332
091-instcombine-patternmatch-match-n14-d16.pbqp,llvm,none,none,2041803,5169.90682128931
091-instcombine-patternmatch-match-n14-d16.pbqp,llvm,none,free_descriptor_frontend,1957382,4956.150301311592
091-instcombine-patternmatch-match-n14-d16.pbqp,llvm,none,zero_memory_wait,1676305,4244.454853901859
091-instcombine-patternmatch-match-n14-d16.pbqp,llvm,none,free_operand_service,1195110,3026.0545905707195
091-instcombine-patternmatch-match-n14-d16.pbqp,llvm,none,free_arithmetic,1818135,4603.57269458652
091-instcombine-patternmatch-match-n14-d16.pbqp,llvm,none,free_tree_merge,1452183,3676.9711854965312
091-instcombine-patternmatch-match-n14-d16.pbqp,llvm,none,free_conditioning_device,1969995,4988.086797994632
091-instcombine-patternmatch-match-n14-d16.pbqp,llvm,heuristic,none,19515,5075.422626788037
091-instcombine-patternmatch-match-n14-d16.pbqp,llvm,heuristic,free_descriptor_frontend,18790,4886.866059817946
091-instcombine-patternmatch-match-n14-d16.pbqp,llvm,heuristic,zero_memory_wait,16129,4194.79843953186
091-instcombine-patternmatch-match-n14-d16.pbqp,llvm,heuristic,free_operand_service,11478,2985.1755526658
091-instcombine-patternmatch-match-n14-d16.pbqp,llvm,heuristic,free_arithmetic,17287,4495.968790637191
091-instcombine-patternmatch-match-n14-d16.pbqp,llvm,heuristic,free_tree_merge,13575,3530.5591677503253
091-instcombine-patternmatch-match-n14-d16.pbqp,llvm,heuristic,free_conditioning_device,19515,5075.422626788037
092-instcombine-patternmatch-match-n11-d16.pbqp,llvm,none,none,749392,3780.3022659859967
092-instcombine-patternmatch-match-n11-d16.pbqp,llvm,none,free_descriptor_frontend,664050,3349.7951936076192
092-instcombine-patternmatch-match-n11-d16.pbqp,llvm,none,zero_memory_wait,602164,3037.6117355071733
092-instcombine-patternmatch-match-n11-d16.pbqp,llvm,none,free_operand_service,482518,2434.0583950442906
092-instcombine-patternmatch-match-n11-d16.pbqp,llvm,none,free_arithmetic,686394,3462.5093323109827
092-instcombine-patternmatch-match-n11-d16.pbqp,llvm,none,free_tree_merge,588784,2970.1164268851267
092-instcombine-patternmatch-match-n11-d16.pbqp,llvm,none,free_conditioning_device,652210,3290.0684033172583
092-instcombine-patternmatch-match-n11-d16.pbqp,llvm,heuristic,none,0,
092-instcombine-patternmatch-match-n11-d16.pbqp,llvm,heuristic,free_descriptor_frontend,0,
092-instcombine-patternmatch-match-n11-d16.pbqp,llvm,heuristic,zero_memory_wait,0,
092-instcombine-patternmatch-match-n11-d16.pbqp,llvm,heuristic,free_operand_service,0,
092-instcombine-patternmatch-match-n11-d16.pbqp,llvm,heuristic,free_arithmetic,0,
092-instcombine-patternmatch-match-n11-d16.pbqp,llvm,heuristic,free_tree_merge,0,
092-instcombine-patternmatch-match-n11-d16.pbqp,llvm,heuristic,free_conditioning_device,0,
093-instcombine-patternmatch-match-n10-d16.pbqp,llvm,none,none,741300,4326.788382517744
093-instcombine-patternmatch-match-n10-d16.pbqp,llvm,none,free_descriptor_frontend,686923,4009.4030164363094
093-instcombine-patternmatch-match-n10-d16.pbqp,llvm,none,zero_memory_wait,603375,3521.75359544266
093-instcombine-patternmatch-match-n10-d16.pbqp,llvm,none,free_operand_service,451728,2636.62682106836
093-instcombine-patternmatch-match-n10-d16.pbqp,llvm,none,free_arithmetic,667462,3895.8138774747854
093-instcombine-patternmatch-match-n10-d16.pbqp,llvm,none,free_tree_merge,548940,3204.029697422488
093-instcombine-patternmatch-match-n10-d16.pbqp,llvm,none,free_conditioning_device,701288,4093.248038849458
093-instcombine-patternmatch-match-n10-d16.pbqp,llvm,heuristic,none,0,
093-instcombine-patternmatch-match-n10-d16.pbqp,llvm,heuristic,free_descriptor_frontend,0,
093-instcombine-patternmatch-match-n10-d16.pbqp,llvm,heuristic,zero_memory_wait,0,
093-instcombine-patternmatch-match-n10-d16.pbqp,llvm,heuristic,free_operand_service,0,
093-instcombine-patternmatch-match-n10-d16.pbqp,llvm,heuristic,free_arithmetic,0,
093-instcombine-patternmatch-match-n10-d16.pbqp,llvm,heuristic,free_tree_merge,0,
093-instcombine-patternmatch-match-n10-d16.pbqp,llvm,heuristic,free_conditioning_device,0,
094-instcombine-patternmatch-match-n12-d16.pbqp,llvm,heuristic,none,0,
094-instcombine-patternmatch-match-n12-d16.pbqp,llvm,heuristic,free_descriptor_frontend,0,
094-instcombine-patternmatch-match-n12-d16.pbqp,llvm,heuristic,zero_memory_wait,0,
094-instcombine-patternmatch-match-n12-d16.pbqp,llvm,heuristic,free_operand_service,0,
094-instcombine-patternmatch-match-n12-d16.pbqp,llvm,heuristic,free_arithmetic,0,
094-instcombine-patternmatch-match-n12-d16.pbqp,llvm,heuristic,free_tree_merge,0,
094-instcombine-patternmatch-match-n12-d16.pbqp,llvm,heuristic,free_conditioning_device,0,
095-instcombine-patternmatch-match-n10-d16.pbqp,llvm,none,none,456632,3923.696918661603
095-instcombine-patternmatch-match-n10-d16.pbqp,llvm,none,free_descriptor_frontend,419721,3606.532162436199
095-instcombine-patternmatch-match-n10-d16.pbqp,llvm,none,zero_memory_wait,371152,3189.1938338861296
095-instcombine-patternmatch-match-n10-d16.pbqp,llvm,none,free_operand_service,280997,2414.519926446579
095-instcombine-patternmatch-match-n10-d16.pbqp,llvm,none,free_arithmetic,411448,3535.444843527127
095-instcombine-patternmatch-match-n10-d16.pbqp,llvm,none,free_tree_merge,340124,2922.5798690474144
095-instcombine-patternmatch-match-n10-d16.pbqp,llvm,none,free_conditioning_device,419414,3603.8942068088472
095-instcombine-patternmatch-match-n10-d16.pbqp,llvm,heuristic,none,0,
095-instcombine-patternmatch-match-n10-d16.pbqp,llvm,heuristic,free_descriptor_frontend,0,
095-instcombine-patternmatch-match-n10-d16.pbqp,llvm,heuristic,zero_memory_wait,0,
095-instcombine-patternmatch-match-n10-d16.pbqp,llvm,heuristic,free_operand_service,0,
095-instcombine-patternmatch-match-n10-d16.pbqp,llvm,heuristic,free_arithmetic,0,
095-instcombine-patternmatch-match-n10-d16.pbqp,llvm,heuristic,free_tree_merge,0,
095-instcombine-patternmatch-match-n10-d16.pbqp,llvm,heuristic,free_conditioning_device,0,
096-instcombine-patternmatch-match-n9-d16.pbqp,llvm,none,none,241025,3953.887038829377
096-instcombine-patternmatch-match-n9-d16.pbqp,llvm,none,free_descriptor_frontend,217313,3564.904279925852
096-instcombine-patternmatch-match-n9-d16.pbqp,llvm,none,zero_memory_wait,194949,3198.0347446644464
096-instcombine-patternmatch-match-n9-d16.pbqp,llvm,none,free_operand_service,149372,2450.368280319559
096-instcombine-patternmatch-match-n9-d16.pbqp,llvm,none,free_arithmetic,217899,3574.517298512115
096-instcombine-patternmatch-match-n9-d16.pbqp,llvm,none,free_tree_merge,182225,2989.3042864876393
096-instcombine-patternmatch-match-n9-d16.pbqp,llvm,none,free_conditioning_device,210693,3456.3066979445202
096-instcombine-patternmatch-match-n9-d16.pbqp,llvm,heuristic,none,0,
096-instcombine-patternmatch-match-n9-d16.pbqp,llvm,heuristic,free_descriptor_frontend,0,
096-instcombine-patternmatch-match-n9-d16.pbqp,llvm,heuristic,zero_memory_wait,0,
096-instcombine-patternmatch-match-n9-d16.pbqp,llvm,heuristic,free_operand_service,0,
096-instcombine-patternmatch-match-n9-d16.pbqp,llvm,heuristic,free_arithmetic,0,
096-instcombine-patternmatch-match-n9-d16.pbqp,llvm,heuristic,free_tree_merge,0,
096-instcombine-patternmatch-match-n9-d16.pbqp,llvm,heuristic,free_conditioning_device,0,
097-instcombine-patternmatch-match-n14-d16.pbqp,llvm,none,none,200896,4201.175265062005
097-instcombine-patternmatch-match-n14-d16.pbqp,llvm,none,free_descriptor_frontend,177828,3718.7728727075014
097-instcombine-patternmatch-match-n14-d16.pbqp,llvm,none,zero_memory_wait,161282,3372.7597816767393
097-instcombine-patternmatch-match-n14-d16.pbqp,llvm,none,free_operand_service,128989,2697.442439197808
097-instcombine-patternmatch-match-n14-d16.pbqp,llvm,none,free_arithmetic,184080,3849.515882808089
097-instcombine-patternmatch-match-n14-d16.pbqp,llvm,none,free_tree_merge,158224,3308.8103055270917
097-instcombine-patternmatch-match-n14-d16.pbqp,llvm,none,free_conditioning_device,175530,3670.716660741546
097-instcombine-patternmatch-match-n14-d16.pbqp,llvm,heuristic,none,10535,3554.3184885290148
097-instcombine-patternmatch-match-n14-d16.pbqp,llvm,heuristic,free_descriptor_frontend,9797,3305.330634278003
097-instcombine-patternmatch-match-n14-d16.pbqp,llvm,heuristic,zero_memory_wait,8648,2917.6788124156546
097-instcombine-patternmatch-match-n14-d16.pbqp,llvm,heuristic,free_operand_service,6290,2122.132253711201
097-instcombine-patternmatch-match-n14-d16.pbqp,llvm,heuristic,free_arithmetic,9387,3167.004048582996
097-instcombine-patternmatch-match-n14-d16.pbqp,llvm,heuristic,free_tree_merge,7511,2534.0755735492576
097-instcombine-patternmatch-match-n14-d16.pbqp,llvm,heuristic,free_conditioning_device,10535,3554.3184885290148
098-instcombine-patternmatch-match-n12-d16.pbqp,llvm,none,none,27561,4601.168614357262
098-instcombine-patternmatch-match-n12-d16.pbqp,llvm,none,free_descriptor_frontend,25932,4329.215358931552
098-instcombine-patternmatch-match-n12-d16.pbqp,llvm,none,zero_memory_wait,22586,3770.6176961602673
098-instcombine-patternmatch-match-n12-d16.pbqp,llvm,none,free_operand_service,16362,2731.552587646077
098-instcombine-patternmatch-match-n12-d16.pbqp,llvm,none,free_arithmetic,24685,4121.035058430718
098-instcombine-patternmatch-match-n12-d16.pbqp,llvm,none,free_tree_merge,19845,3313.0217028380634
098-instcombine-patternmatch-match-n12-d16.pbqp,llvm,none,free_conditioning_device,27561,4601.168614357262
098-instcombine-patternmatch-match-n12-d16.pbqp,llvm,heuristic,none,27561,4184.150599666009
098-instcombine-patternmatch-match-n12-d16.pbqp,llvm,heuristic,free_descriptor_frontend,25932,3936.845301351146
098-instcombine-patternmatch-match-n12-d16.pbqp,llvm,heuristic,zero_memory_wait,22586,3428.8750569303174
098-instcombine-patternmatch-match-n12-d16.pbqp,llvm,heuristic,free_operand_service,16362,2483.98360406862
098-instcombine-patternmatch-match-n12-d16.pbqp,llvm,heuristic,free_arithmetic,24685,3747.5330195840293
098-instcombine-patternmatch-match-n12-d16.pbqp,llvm,heuristic,free_tree_merge,19845,3012.752391073326
098-instcombine-patternmatch-match-n12-d16.pbqp,llvm,heuristic,free_conditioning_device,27561,4184.150599666009
099-instcombine-patternmatch-match-n15-d16.pbqp,llvm,heuristic,none,969,1961.5384615384614
099-instcombine-patternmatch-match-n15-d16.pbqp,llvm,heuristic,free_descriptor_frontend,782,1582.995951417004
099-instcombine-patternmatch-match-n15-d16.pbqp,llvm,heuristic,zero_memory_wait,765,1548.582995951417
099-instcombine-patternmatch-match-n15-d16.pbqp,llvm,heuristic,free_operand_service,561,1135.6275303643724
099-instcombine-patternmatch-match-n15-d16.pbqp,llvm,heuristic,free_arithmetic,905,1831.9838056680162
099-instcombine-patternmatch-match-n15-d16.pbqp,llvm,heuristic,free_tree_merge,777,1572.8744939271255
099-instcombine-patternmatch-match-n15-d16.pbqp,llvm,heuristic,free_conditioning_device,969,1961.5384615384614
100-instcombine-patternmatch-match-n13-d16.pbqp,llvm,heuristic,none,9970,4654.5284780578895
100-instcombine-patternmatch-match-n13-d16.pbqp,llvm,heuristic,free_descriptor_frontend,9528,4448.179271708684
100-instcombine-patternmatch-match-n13-d16.pbqp,llvm,heuristic,zero_memory_wait,8260,3856.2091503267975
100-instcombine-patternmatch-match-n13-d16.pbqp,llvm,heuristic,free_operand_service,5989,2795.985060690943
100-instcombine-patternmatch-match-n13-d16.pbqp,llvm,heuristic,free_arithmetic,8830,4122.3155929038285
100-instcombine-patternmatch-match-n13-d16.pbqp,llvm,heuristic,free_tree_merge,6910,3225.957049486461
100-instcombine-patternmatch-match-n13-d16.pbqp,llvm,heuristic,free_conditioning_device,9970,4654.5284780578895
101-instcombine-patternmatch-match-n9-d16.pbqp,llvm,none,none,838409,5306.016669725525
101-instcombine-patternmatch-match-n9-d16.pbqp,llvm,none,free_descriptor_frontend,796478,5040.649068735721
101-instcombine-patternmatch-match-n9-d16.pbqp,llvm,none,zero_memory_wait,691517,4376.385188372961
101-instcombine-patternmatch-match-n9-d16.pbqp,llvm,none,free_operand_service,512177,3241.400915126162
101-instcombine-patternmatch-match-n9-d16.pbqp,llvm,none,free_arithmetic,745481,4717.905715424876
101-instcombine-patternmatch-match-n9-d16.pbqp,llvm,none,free_tree_merge,592841,3751.8970198277334
101-instcombine-patternmatch-match-n9-d16.pbqp,llvm,none,free_conditioning_device,796521,5040.92120168849
101-instcombine-patternmatch-match-n9-d16.pbqp,llvm,heuristic,none,9545,5426.378624218306
101-instcombine-patternmatch-match-n9-d16.pbqp,llvm,heuristic,free_descriptor_frontend,9262,5265.491756679932
101-instcombine-patternmatch-match-n9-d16.pbqp,llvm,heuristic,zero_memory_wait,7869,4473.564525298465
101-instcombine-patternmatch-match-n9-d16.pbqp,llvm,heuristic,free_operand_service,5489,3120.523024445708
101-instcombine-patternmatch-match-n9-d16.pbqp,llvm,heuristic,free_arithmetic,8457,4807.845366685617
101-instcombine-patternmatch-match-n9-d16.pbqp,llvm,heuristic,free_tree_merge,6665,3789.0847072200113
101-instcombine-patternmatch-match-n9-d16.pbqp,llvm,heuristic,free_conditioning_device,9545,5426.378624218306
102-instcombine-patternmatch-match-n9-d16.pbqp,llvm,none,none,838409,5324.71928665786
102-instcombine-patternmatch-match-n9-d16.pbqp,llvm,none,free_descriptor_frontend,796478,5058.4163194797275
102-instcombine-patternmatch-match-n9-d16.pbqp,llvm,none,zero_memory_wait,691517,4391.811045625444
102-instcombine-patternmatch-match-n9-d16.pbqp,llvm,none,free_operand_service,512177,3252.8261863631747
102-instcombine-patternmatch-match-n9-d16.pbqp,llvm,none,free_arithmetic,745481,4734.535362259933
102-instcombine-patternmatch-match-n9-d16.pbqp,llvm,none,free_tree_merge,592841,3765.1216847881315
102-instcombine-patternmatch-match-n9-d16.pbqp,llvm,none,free_conditioning_device,796521,5058.689411645158
102-instcombine-patternmatch-match-n9-d16.pbqp,llvm,heuristic,none,9545,5841.493268053856
102-instcombine-patternmatch-match-n9-d16.pbqp,llvm,heuristic,free_descriptor_frontend,9262,5668.298653610771
102-instcombine-patternmatch-match-n9-d16.pbqp,llvm,heuristic,zero_memory_wait,7869,4815.789473684211
102-instcombine-patternmatch-match-n9-d16.pbqp,llvm,heuristic,free_operand_service,5489,3359.2411260709914
102-instcombine-patternmatch-match-n9-d16.pbqp,llvm,heuristic,free_arithmetic,8457,5175.642594859241
102-instcombine-patternmatch-match-n9-d16.pbqp,llvm,heuristic,free_tree_merge,6665,4078.9473684210525
102-instcombine-patternmatch-match-n9-d16.pbqp,llvm,heuristic,free_conditioning_device,9545,5841.493268053856
103-instcombine-patternmatch-match-n8-d16.pbqp,llvm,none,none,722698,4945.582700335318
103-instcombine-patternmatch-match-n8-d16.pbqp,llvm,none,free_descriptor_frontend,684748,4685.8824334496685
103-instcombine-patternmatch-match-n8-d16.pbqp,llvm,none,zero_memory_wait,595658,4076.219804283857
103-instcombine-patternmatch-match-n8-d16.pbqp,llvm,none,free_operand_service,441586,3021.870936837063
103-instcombine-patternmatch-match-n8-d16.pbqp,llvm,none,free_arithmetic,643146,4401.190720591254
103-instcombine-patternmatch-match-n8-d16.pbqp,llvm,none,free_tree_merge,512266,3505.5498528707317
103-instcombine-patternmatch-match-n8-d16.pbqp,llvm,none,free_conditioning_device,686202,4695.8324779306095
103-instcombine-patternmatch-match-n8-d16.pbqp,llvm,heuristic,none,5626,3646.143875567077
103-instcombine-patternmatch-match-n8-d16.pbqp,llvm,heuristic,free_descriptor_frontend,5156,3341.542449773169
103-instcombine-patternmatch-match-n8-d16.pbqp,llvm,heuristic,zero_memory_wait,4586,2972.1322099805575
103-instcombine-patternmatch-match-n8-d16.pbqp,llvm,heuristic,free_operand_service,3298,2137.3946856772523
103-instcombine-patternmatch-match-n8-d16.pbqp,llvm,heuristic,free_arithmetic,5050,3272.8451069345433
103-instcombine-patternmatch-match-n8-d16.pbqp,llvm,heuristic,free_tree_merge,4090,2650.6804925469864
103-instcombine-patternmatch-match-n8-d16.pbqp,llvm,heuristic,free_conditioning_device,5626,3646.143875567077
104-instcombine-patternmatch-match-n8-d16.pbqp,llvm,none,none,722698,4941.18692738958
104-instcombine-patternmatch-match-n8-d16.pbqp,llvm,none,free_descriptor_frontend,684748,4681.717489402434
104-instcombine-patternmatch-match-n8-d16.pbqp,llvm,none,zero_memory_wait,595658,4072.5967455216737
104-instcombine-patternmatch-match-n8-d16.pbqp,llvm,none,free_operand_service,441586,3019.1850129905647
104-instcombine-patternmatch-match-n8-d16.pbqp,llvm,none,free_arithmetic,643146,4397.2788185423215
104-instcombine-patternmatch-match-n8-d16.pbqp,llvm,none,free_tree_merge,512266,3502.43402160536
104-instcombine-patternmatch-match-n8-d16.pbqp,llvm,none,free_conditioning_device,686202,4691.658690004102
104-instcombine-patternmatch-match-n8-d16.pbqp,llvm,heuristic,none,5626,3615.681233933162
104-instcombine-patternmatch-match-n8-d16.pbqp,llvm,heuristic,free_descriptor_frontend,5156,3313.624678663239
104-instcombine-patternmatch-match-n8-d16.pbqp,llvm,heuristic,zero_memory_wait,4586,2947.3007712082263
104-instcombine-patternmatch-match-n8-d16.pbqp,llvm,heuristic,free_operand_service,3298,2119.5372750642673
104-instcombine-patternmatch-match-n8-d16.pbqp,llvm,heuristic,free_arithmetic,5050,3245.501285347044
104-instcombine-patternmatch-match-n8-d16.pbqp,llvm,heuristic,free_tree_merge,4090,2628.53470437018
104-instcombine-patternmatch-match-n8-d16.pbqp,llvm,heuristic,free_conditioning_device,5626,3615.681233933162
105-instcombine-patternmatch-match-n4-d16.pbqp,llvm,none,none,5326,3605.9580230196343
105-instcombine-patternmatch-match-n4-d16.pbqp,llvm,none,free_descriptor_frontend,4879,3303.3175355450235
105-instcombine-patternmatch-match-n4-d16.pbqp,llvm,none,zero_memory_wait,4335,2935.003385240352
105-instcombine-patternmatch-match-n4-d16.pbqp,llvm,none,free_operand_service,3274,2216.65538253216
105-instcombine-patternmatch-match-n4-d16.pbqp,llvm,none,free_arithmetic,4818,3262.0176032498307
105-instcombine-patternmatch-match-n4-d16.pbqp,llvm,none,free_tree_merge,3970,2687.880839539607
105-instcombine-patternmatch-match-n4-d16.pbqp,llvm,none,free_conditioning_device,5326,3605.9580230196343
105-instcombine-patternmatch-match-n4-d16.pbqp,llvm,heuristic,none,5326,3562.541806020067
105-instcombine-patternmatch-match-n4-d16.pbqp,llvm,heuristic,free_descriptor_frontend,4879,3263.545150501672
105-instcombine-patternmatch-match-n4-d16.pbqp,llvm,heuristic,zero_memory_wait,4335,2899.665551839465
105-instcombine-patternmatch-match-n4-d16.pbqp,llvm,heuristic,free_operand_service,3274,2189.9665551839466
105-instcombine-patternmatch-match-n4-d16.pbqp,llvm,heuristic,free_arithmetic,4818,3222.742474916388
105-instcombine-patternmatch-match-n4-d16.pbqp,llvm,heuristic,free_tree_merge,3970,2655.5183946488296
105-instcombine-patternmatch-match-n4-d16.pbqp,llvm,heuristic,free_conditioning_device,5326,3562.541806020067
106-instcombine-patternmatch-match-n11-d16.pbqp,llvm,none,none,512148,4304.017883404907
106-instcombine-patternmatch-match-n11-d16.pbqp,llvm,none,free_descriptor_frontend,488612,4106.224735908835
106-instcombine-patternmatch-match-n11-d16.pbqp,llvm,none,zero_memory_wait,422046,3546.8136781155195
106-instcombine-patternmatch-match-n11-d16.pbqp,llvm,none,free_operand_service,307095,2580.7820628104173
106-instcombine-patternmatch-match-n11-d16.pbqp,llvm,none,free_arithmetic,455264,3825.972956392393
106-instcombine-patternmatch-match-n11-d16.pbqp,llvm,none,free_tree_merge,361632,3039.103140520871
106-instcombine-patternmatch-match-n11-d16.pbqp,llvm,none,free_conditioning_device,494196,4153.151866076156
106-instcombine-patternmatch-match-n11-d16.pbqp,llvm,heuristic,none,20484,4617.673579801623
106-instcombine-patternmatch-match-n11-d16.pbqp,llvm,heuristic,free_descriptor_frontend,19572,4412.082957619477
106-instcombine-patternmatch-match-n11-d16.pbqp,llvm,heuristic,zero_memory_wait,16894,3808.385933273219
106-instcombine-patternmatch-match-n11-d16.pbqp,llvm,heuristic,free_operand_service,12039,2713.931469792606
106-instcombine-patternmatch-match-n11-d16.pbqp,llvm,heuristic,free_arithmetic,18192,4100.991884580703
106-instcombine-patternmatch-match-n11-d16.pbqp,llvm,heuristic,free_tree_merge,14352,3235.3471596032464
106-instcombine-patternmatch-match-n11-d16.pbqp,llvm,heuristic,free_conditioning_device,20484,4617.673579801623
107-instcombine-patternmatch-match-n9-d16.pbqp,llvm,none,none,20571,4380.536626916524
107-instcombine-patternmatch-match-n9-d16.pbqp,llvm,none,free_descriptor_frontend,19493,4150.979557069847
107-instcombine-patternmatch-match-n9-d16.pbqp,llvm,none,zero_memory_wait,16895,3597.7427597955707
107-instcombine-patternmatch-match-n9-d16.pbqp,llvm,none,free_operand_service,12486,2658.8586030664396
107-instcombine-patternmatch-match-n9-d16.pbqp,llvm,none,free_arithmetic,18419,3922.274275979557
107-instcombine-patternmatch-match-n9-d16.pbqp,llvm,none,free_tree_merge,14811,3153.9608177172063
107-instcombine-patternmatch-match-n9-d16.pbqp,llvm,none,free_conditioning_device,20571,4380.536626916524
107-instcombine-patternmatch-match-n9-d16.pbqp,llvm,heuristic,none,20571,4417.221387159116
107-instcombine-patternmatch-match-n9-d16.pbqp,llvm,heuristic,free_descriptor_frontend,19493,4185.741893923127
107-instcombine-patternmatch-match-n9-d16.pbqp,llvm,heuristic,zero_memory_wait,16895,3627.8720206141293
107-instcombine-patternmatch-match-n9-d16.pbqp,llvm,heuristic,free_operand_service,12486,2681.125187889199
107-instcombine-patternmatch-match-n9-d16.pbqp,llvm,heuristic,free_arithmetic,18419,3955.121322739961
107-instcombine-patternmatch-match-n9-d16.pbqp,llvm,heuristic,free_tree_merge,14811,3180.3736310929785
107-instcombine-patternmatch-match-n9-d16.pbqp,llvm,heuristic,free_conditioning_device,20571,4417.221387159116
108-instcombine-patternmatch-match-n14-d16.pbqp,llvm,none,none,1000342,5713.0080697205585
108-instcombine-patternmatch-match-n14-d16.pbqp,llvm,none,free_descriptor_frontend,945292,5398.614498083941
108-instcombine-patternmatch-match-n14-d16.pbqp,llvm,none,zero_memory_wait,817122,4666.628592967407
108-instcombine-patternmatch-match-n14-d16.pbqp,llvm,none,free_operand_service,598348,3417.1982706925796
108-instcombine-patternmatch-match-n14-d16.pbqp,llvm,none,free_arithmetic,896046,5117.367889022781
108-instcombine-patternmatch-match-n14-d16.pbqp,llvm,none,free_tree_merge,727342,4153.890085037608
108-instcombine-patternmatch-match-n14-d16.pbqp,llvm,none,free_conditioning_device,920470,5256.85469363046
108-instcombine-patternmatch-match-n14-d16.pbqp,llvm,heuristic,none,39030,5257.273706896552
108-instcombine-patternmatch-match-n14-d16.pbqp,llvm,heuristic,free_descriptor_frontend,37580,5061.961206896552
108-instcombine-patternmatch-match-n14-d16.pbqp,llvm,heuristic,zero_memory_wait,32258,4345.0969827586205
108-instcombine-patternmatch-match-n14-d16.pbqp,llvm,heuristic,free_operand_service,22956,3092.1336206896553
108-instcombine-patternmatch-match-n14-d16.pbqp,llvm,heuristic,free_arithmetic,34574,4657.058189655172
108-instcombine-patternmatch-match-n14-d16.pbqp,llvm,heuristic,free_tree_merge,27150,3657.0581896551726
108-instcombine-patternmatch-match-n14-d16.pbqp,llvm,heuristic,free_conditioning_device,39030,5257.273706896552
109-instcombine-patternmatch-match-n8-d16.pbqp,llvm,none,none,532402,5364.468089394031
109-instcombine-patternmatch-match-n8-d16.pbqp,llvm,none,free_descriptor_frontend,508668,5125.324950123934
109-instcombine-patternmatch-match-n8-d16.pbqp,llvm,none,zero_memory_wait,440266,4436.1082562521415
109-instcombine-patternmatch-match-n8-d16.pbqp,llvm,none,free_operand_service,323890,3263.506841585555
109-instcombine-patternmatch-match-n8-d16.pbqp,llvm,none,free_arithmetic,472178,4757.652701368317
109-instcombine-patternmatch-match-n8-d16.pbqp,llvm,none,free_tree_merge,372658,3754.8918848114786
109-instcombine-patternmatch-match-n8-d16.pbqp,llvm,none,free_conditioning_device,514258,5181.649638272575
109-instcombine-patternmatch-match-n8-d16.pbqp,llvm,heuristic,none,19330,5207.435344827586
109-instcombine-patternmatch-match-n8-d16.pbqp,llvm,heuristic,free_descriptor_frontend,18764,5054.956896551724
109-instcombine-patternmatch-match-n8-d16.pbqp,llvm,heuristic,zero_memory_wait,16090,4334.5905172413795
109-instcombine-patternmatch-match-n8-d16.pbqp,llvm,heuristic,free_operand_service,11650,3138.469827586207
109-instcombine-patternmatch-match-n8-d16.pbqp,llvm,heuristic,free_arithmetic,17026,4586.745689655172
109-instcombine-patternmatch-match-n8-d16.pbqp,llvm,heuristic,free_tree_merge,13186,3552.262931034483
109-instcombine-patternmatch-match-n8-d16.pbqp,llvm,heuristic,free_conditioning_device,19330,5207.435344827586
110-instcombine-patternmatch-match-n8-d16.pbqp,llvm,none,none,532402,5382.800177943139
110-instcombine-patternmatch-match-n8-d16.pbqp,llvm,none,free_descriptor_frontend,508668,5142.839810733207
110-instcombine-patternmatch-match-n8-d16.pbqp,llvm,none,zero_memory_wait,440266,4451.267844865936
110-instcombine-patternmatch-match-n8-d16.pbqp,llvm,none,free_operand_service,323890,3274.6592793302866
110-instcombine-patternmatch-match-n8-d16.pbqp,llvm,none,free_arithmetic,472178,4773.911109313705
110-instcombine-patternmatch-match-n8-d16.pbqp,llvm,none,free_tree_merge,372658,3767.7235410684675
110-instcombine-patternmatch-match-n8-d16.pbqp,llvm,none,free_conditioning_device,514258,5199.356978201966
110-instcombine-patternmatch-match-n8-d16.pbqp,llvm,heuristic,none,19330,5403.9698071009225
110-instcombine-patternmatch-match-n8-d16.pbqp,llvm,heuristic,free_descriptor_frontend,18764,5245.736650824713
110-instcombine-patternmatch-match-n8-d16.pbqp,llvm,heuristic,zero_memory_wait,16090,4498.182834777746
110-instcombine-patternmatch-match-n8-d16.pbqp,llvm,heuristic,free_operand_service,11650,3256.91920603858
110-instcombine-patternmatch-match-n8-d16.pbqp,llvm,heuristic,free_arithmetic,17026,4759.854626782219
110-instcombine-patternmatch-match-n8-d16.pbqp,llvm,heuristic,free_tree_merge,13186,3686.3293262510483
110-instcombine-patternmatch-match-n8-d16.pbqp,llvm,heuristic,free_conditioning_device,19330,5403.9698071009225
111-instcombine-patternmatch-match-n9-d16.pbqp,llvm,none,none,211332,5840.643396069978
111-instcombine-patternmatch-match-n9-d16.pbqp,llvm,none,free_descriptor_frontend,201604,5571.787856175552
111-instcombine-patternmatch-match-n9-d16.pbqp,llvm,none,zero_memory_wait,173518,4795.566978968023
111-instcombine-patternmatch-match-n9-d16.pbqp,llvm,none,free_operand_service,123975,3426.3328082248568
111-instcombine-patternmatch-match-n9-d16.pbqp,llvm,none,free_arithmetic,188368,5205.980709172816
111-instcombine-patternmatch-match-n9-d16.pbqp,llvm,none,free_tree_merge,150288,4153.552773401874
111-instcombine-patternmatch-match-n9-d16.pbqp,llvm,none,free_conditioning_device,205348,5675.261863305973
111-instcombine-patternmatch-match-n9-d16.pbqp,llvm,heuristic,none,29060,5614.374034003091
111-instcombine-patternmatch-match-n9-d16.pbqp,llvm,heuristic,free_descriptor_frontend,28052,5419.629057187017
111-instcombine-patternmatch-match-n9-d16.pbqp,llvm,heuristic,zero_memory_wait,23998,4636.398763523956
111-instcombine-patternmatch-match-n9-d16.pbqp,llvm,heuristic,free_operand_service,16967,3278.013910355487
111-instcombine-patternmatch-match-n9-d16.pbqp,llvm,heuristic,free_arithmetic,25744,4973.724884080371
111-instcombine-patternmatch-match-n9-d16.pbqp,llvm,heuristic,free_tree_merge,20240,3910.355486862442
111-instcombine-patternmatch-match-n9-d16.pbqp,llvm,heuristic,free_conditioning_device,29060,5614.374034003091
112-instcombine-patternmatch-match-n14-d16.pbqp,llvm,none,none,3667592,4800.437689460375
112-instcombine-patternmatch-match-n14-d16.pbqp,llvm,none,free_descriptor_frontend,3489275,4567.042140699361
112-instcombine-patternmatch-match-n14-d16.pbqp,llvm,none,zero_memory_wait,3024226,3958.3488217462555
112-instcombine-patternmatch-match-n14-d16.pbqp,llvm,none,free_operand_service,2221547,2907.738360130469
112-instcombine-patternmatch-match-n14-d16.pbqp,llvm,none,free_arithmetic,3260728,4267.901551284534
112-instcombine-patternmatch-match-n14-d16.pbqp,llvm,none,free_tree_merge,2590292,3390.3813029114726
112-instcombine-patternmatch-match-n14-d16.pbqp,llvm,none,free_conditioning_device,3517910,4604.521918503898
112-instcombine-patternmatch-match-n14-d16.pbqp,llvm,heuristic,none,29060,4924.589052702931
112-instcombine-patternmatch-match-n14-d16.pbqp,llvm,heuristic,free_descriptor_frontend,28052,4753.770547364853
112-instcombine-patternmatch-match-n14-d16.pbqp,llvm,heuristic,zero_memory_wait,23998,4066.7683443484157
112-instcombine-patternmatch-match-n14-d16.pbqp,llvm,heuristic,free_operand_service,16967,2875.2753770547365
112-instcombine-patternmatch-match-n14-d16.pbqp,llvm,heuristic,free_arithmetic,25744,4362.650398237587
112-instcombine-patternmatch-match-n14-d16.pbqp,llvm,heuristic,free_tree_merge,20240,3429.9271309947467
112-instcombine-patternmatch-match-n14-d16.pbqp,llvm,heuristic,free_conditioning_device,29060,4924.589052702931
113-instcombine-patternmatch-match-n11-d16.pbqp,llvm,none,none,749392,3707.310316168577
113-instcombine-patternmatch-match-n11-d16.pbqp,llvm,none,free_descriptor_frontend,664050,3285.1156877198364
113-instcombine-patternmatch-match-n11-d16.pbqp,llvm,none,zero_memory_wait,602164,2978.960022558734
113-instcombine-patternmatch-match-n11-d16.pbqp,llvm,none,free_operand_service,482518,2387.0603891381675
113-instcombine-patternmatch-match-n11-d16.pbqp,llvm,none,free_arithmetic,686394,3395.6534859675767
113-instcombine-patternmatch-match-n11-d16.pbqp,llvm,none,free_tree_merge,588784,2912.767946808879
113-instcombine-patternmatch-match-n11-d16.pbqp,llvm,none,free_conditioning_device,652210,3226.5421318993367
113-instcombine-patternmatch-match-n11-d16.pbqp,llvm,heuristic,none,0,
113-instcombine-patternmatch-match-n11-d16.pbqp,llvm,heuristic,free_descriptor_frontend,0,
113-instcombine-patternmatch-match-n11-d16.pbqp,llvm,heuristic,zero_memory_wait,0,
113-instcombine-patternmatch-match-n11-d16.pbqp,llvm,heuristic,free_operand_service,0,
113-instcombine-patternmatch-match-n11-d16.pbqp,llvm,heuristic,free_arithmetic,0,
113-instcombine-patternmatch-match-n11-d16.pbqp,llvm,heuristic,free_tree_merge,0,
113-instcombine-patternmatch-match-n11-d16.pbqp,llvm,heuristic,free_conditioning_device,0,
114-instcombine-patternmatch-match-n10-d16.pbqp,llvm,none,none,456632,3791.522397974011
114-instcombine-patternmatch-match-n10-d16.pbqp,llvm,none,free_descriptor_frontend,419721,3485.041723751401
114-instcombine-patternmatch-match-n10-d16.pbqp,llvm,none,zero_memory_wait,371152,3081.7619462780754
114-instcombine-patternmatch-match-n10-d16.pbqp,llvm,none,free_operand_service,280997,2333.183875119359
114-instcombine-patternmatch-match-n10-d16.pbqp,llvm,none,free_arithmetic,411448,3416.3490679619713
114-instcombine-patternmatch-match-n10-d16.pbqp,llvm,none,free_tree_merge,340124,2824.1291983227466
114-instcombine-patternmatch-match-n10-d16.pbqp,llvm,none,free_conditioning_device,419414,3482.4926308797276
114-instcombine-patternmatch-match-n10-d16.pbqp,llvm,heuristic,none,0,
114-instcombine-patternmatch-match-n10-d16.pbqp,llvm,heuristic,free_descriptor_frontend,0,
114-instcombine-patternmatch-match-n10-d16.pbqp,llvm,heuristic,zero_memory_wait,0,
114-instcombine-patternmatch-match-n10-d16.pbqp,llvm,heuristic,free_operand_service,0,
114-instcombine-patternmatch-match-n10-d16.pbqp,llvm,heuristic,free_arithmetic,0,
114-instcombine-patternmatch-match-n10-d16.pbqp,llvm,heuristic,free_tree_merge,0,
114-instcombine-patternmatch-match-n10-d16.pbqp,llvm,heuristic,free_conditioning_device,0,
115-instcombine-function-ref-callback-fn-n2-d16.pbqp,llvm,none,none,0,
115-instcombine-function-ref-callback-fn-n2-d16.pbqp,llvm,none,free_descriptor_frontend,0,
115-instcombine-function-ref-callback-fn-n2-d16.pbqp,llvm,none,zero_memory_wait,0,
115-instcombine-function-ref-callback-fn-n2-d16.pbqp,llvm,none,free_operand_service,0,
115-instcombine-function-ref-callback-fn-n2-d16.pbqp,llvm,none,free_arithmetic,0,
115-instcombine-function-ref-callback-fn-n2-d16.pbqp,llvm,none,free_tree_merge,0,
115-instcombine-function-ref-callback-fn-n2-d16.pbqp,llvm,none,free_conditioning_device,0,
115-instcombine-function-ref-callback-fn-n2-d16.pbqp,llvm,heuristic,none,0,
115-instcombine-function-ref-callback-fn-n2-d16.pbqp,llvm,heuristic,free_descriptor_frontend,0,
115-instcombine-function-ref-callback-fn-n2-d16.pbqp,llvm,heuristic,zero_memory_wait,0,
115-instcombine-function-ref-callback-fn-n2-d16.pbqp,llvm,heuristic,free_operand_service,0,
115-instcombine-function-ref-callback-fn-n2-d16.pbqp,llvm,heuristic,free_arithmetic,0,
115-instcombine-function-ref-callback-fn-n2-d16.pbqp,llvm,heuristic,free_tree_merge,0,
115-instcombine-function-ref-callback-fn-n2-d16.pbqp,llvm,heuristic,free_conditioning_device,0,
117-instcombine-irbuilderbase-createcall-n38-d17-r1.pbqp,llvm,heuristic,none,5725,2409.5117845117843
117-instcombine-irbuilderbase-createcall-n38-d17-r1.pbqp,llvm,heuristic,free_descriptor_frontend,5335,2245.3703703703704
117-instcombine-irbuilderbase-createcall-n38-d17-r1.pbqp,llvm,heuristic,zero_memory_wait,4692,1974.7474747474748
117-instcombine-irbuilderbase-createcall-n38-d17-r1.pbqp,llvm,heuristic,free_operand_service,3418,1438.5521885521885
117-instcombine-irbuilderbase-createcall-n38-d17-r1.pbqp,llvm,heuristic,free_arithmetic,5109,2150.252525252525
117-instcombine-irbuilderbase-createcall-n38-d17-r1.pbqp,llvm,heuristic,free_tree_merge,4108,1728.9562289562289
117-instcombine-irbuilderbase-createcall-n38-d17-r1.pbqp,llvm,heuristic,free_conditioning_device,5725,2409.5117845117843
120-instcombine-irbuilderbase-createsrem-n12-d16.pbqp,llvm,heuristic,none,0,
120-instcombine-irbuilderbase-createsrem-n12-d16.pbqp,llvm,heuristic,free_descriptor_frontend,0,
120-instcombine-irbuilderbase-createsrem-n12-d16.pbqp,llvm,heuristic,zero_memory_wait,0,
120-instcombine-irbuilderbase-createsrem-n12-d16.pbqp,llvm,heuristic,free_operand_service,0,
120-instcombine-irbuilderbase-createsrem-n12-d16.pbqp,llvm,heuristic,free_arithmetic,0,
120-instcombine-irbuilderbase-createsrem-n12-d16.pbqp,llvm,heuristic,free_tree_merge,0,
120-instcombine-irbuilderbase-createsrem-n12-d16.pbqp,llvm,heuristic,free_conditioning_device,0,
121-instcombine-irbuilderbase-createurem-n12-d16.pbqp,llvm,heuristic,none,0,
121-instcombine-irbuilderbase-createurem-n12-d16.pbqp,llvm,heuristic,free_descriptor_frontend,0,
121-instcombine-irbuilderbase-createurem-n12-d16.pbqp,llvm,heuristic,zero_memory_wait,0,
121-instcombine-irbuilderbase-createurem-n12-d16.pbqp,llvm,heuristic,free_operand_service,0,
121-instcombine-irbuilderbase-createurem-n12-d16.pbqp,llvm,heuristic,free_arithmetic,0,
121-instcombine-irbuilderbase-createurem-n12-d16.pbqp,llvm,heuristic,free_tree_merge,0,
121-instcombine-irbuilderbase-createurem-n12-d16.pbqp,llvm,heuristic,free_conditioning_device,0,
122-instcombine-irbuilderbase-createzext-n13-d16.pbqp,llvm,heuristic,none,0,
122-instcombine-irbuilderbase-createzext-n13-d16.pbqp,llvm,heuristic,free_descriptor_frontend,0,
122-instcombine-irbuilderbase-createzext-n13-d16.pbqp,llvm,heuristic,zero_memory_wait,0,
122-instcombine-irbuilderbase-createzext-n13-d16.pbqp,llvm,heuristic,free_operand_service,0,
122-instcombine-irbuilderbase-createzext-n13-d16.pbqp,llvm,heuristic,free_arithmetic,0,
122-instcombine-irbuilderbase-createzext-n13-d16.pbqp,llvm,heuristic,free_tree_merge,0,
122-instcombine-irbuilderbase-createzext-n13-d16.pbqp,llvm,heuristic,free_conditioning_device,0,
123-instcombine-irbuilderbase-createfpext-n7-d16.pbqp,llvm,none,none,154992,4676.462601454304
123-instcombine-irbuilderbase-createfpext-n7-d16.pbqp,llvm,none,free_descriptor_frontend,142360,4295.32631324865
123-instcombine-irbuilderbase-createfpext-n7-d16.pbqp,llvm,none,zero_memory_wait,126048,3803.1560208792203
123-instcombine-irbuilderbase-createfpext-n7-d16.pbqp,llvm,none,free_operand_service,94764,2859.2462963521707
123-instcombine-irbuilderbase-createfpext-n7-d16.pbqp,llvm,none,free_arithmetic,138864,4189.844009293063
123-instcombine-irbuilderbase-createfpext-n7-d16.pbqp,llvm,none,free_tree_merge,115512,3485.2608393929336
123-instcombine-irbuilderbase-createfpext-n7-d16.pbqp,llvm,none,free_conditioning_device,139552,4210.602540506291
123-instcombine-irbuilderbase-createfpext-n7-d16.pbqp,llvm,heuristic,none,0,
123-instcombine-irbuilderbase-createfpext-n7-d16.pbqp,llvm,heuristic,free_descriptor_frontend,0,
123-instcombine-irbuilderbase-createfpext-n7-d16.pbqp,llvm,heuristic,zero_memory_wait,0,
123-instcombine-irbuilderbase-createfpext-n7-d16.pbqp,llvm,heuristic,free_operand_service,0,
123-instcombine-irbuilderbase-createfpext-n7-d16.pbqp,llvm,heuristic,free_arithmetic,0,
123-instcombine-irbuilderbase-createfpext-n7-d16.pbqp,llvm,heuristic,free_tree_merge,0,
123-instcombine-irbuilderbase-createfpext-n7-d16.pbqp,llvm,heuristic,free_conditioning_device,0,
124-instcombine-irbuilderbase-createisneg-n5-d16.pbqp,llvm,none,none,45970,3769.5776957769576
124-instcombine-irbuilderbase-createisneg-n5-d16.pbqp,llvm,none,free_descriptor_frontend,39744,3259.040590405904
124-instcombine-irbuilderbase-createisneg-n5-d16.pbqp,llvm,none,zero_memory_wait,36658,3005.9860598605987
124-instcombine-irbuilderbase-createisneg-n5-d16.pbqp,llvm,none,free_operand_service,30148,2472.160721607216
124-instcombine-irbuilderbase-createisneg-n5-d16.pbqp,llvm,none,free_arithmetic,42458,3481.590815908159
124-instcombine-irbuilderbase-createisneg-n5-d16.pbqp,llvm,none,free_tree_merge,37234,3053.2185321853217
124-instcombine-irbuilderbase-createisneg-n5-d16.pbqp,llvm,none,free_conditioning_device,38598,3165.0676506765067
124-instcombine-irbuilderbase-createisneg-n5-d16.pbqp,llvm,heuristic,none,0,
124-instcombine-irbuilderbase-createisneg-n5-d16.pbqp,llvm,heuristic,free_descriptor_frontend,0,
124-instcombine-irbuilderbase-createisneg-n5-d16.pbqp,llvm,heuristic,zero_memory_wait,0,
124-instcombine-irbuilderbase-createisneg-n5-d16.pbqp,llvm,heuristic,free_operand_service,0,
124-instcombine-irbuilderbase-createisneg-n5-d16.pbqp,llvm,heuristic,free_arithmetic,0,
124-instcombine-irbuilderbase-createisneg-n5-d16.pbqp,llvm,heuristic,free_tree_merge,0,
124-instcombine-irbuilderbase-createisneg-n5-d16.pbqp,llvm,heuristic,free_conditioning_device,0,
125-instcombine-irbuilderbase-createnuwadd-n12-d16.pbqp,llvm,heuristic,none,0,
125-instcombine-irbuilderbase-createnuwadd-n12-d16.pbqp,llvm,heuristic,free_descriptor_frontend,0,
125-instcombine-irbuilderbase-createnuwadd-n12-d16.pbqp,llvm,heuristic,zero_memory_wait,0,
125-instcombine-irbuilderbase-createnuwadd-n12-d16.pbqp,llvm,heuristic,free_operand_service,0,
125-instcombine-irbuilderbase-createnuwadd-n12-d16.pbqp,llvm,heuristic,free_arithmetic,0,
125-instcombine-irbuilderbase-createnuwadd-n12-d16.pbqp,llvm,heuristic,free_tree_merge,0,
125-instcombine-irbuilderbase-createnuwadd-n12-d16.pbqp,llvm,heuristic,free_conditioning_device,0,
129-instcombine-irbuilderbase-createfnegfmf-n14-d16.pbqp,llvm,heuristic,none,0,
129-instcombine-irbuilderbase-createfnegfmf-n14-d16.pbqp,llvm,heuristic,free_descriptor_frontend,0,
129-instcombine-irbuilderbase-createfnegfmf-n14-d16.pbqp,llvm,heuristic,zero_memory_wait,0,
129-instcombine-irbuilderbase-createfnegfmf-n14-d16.pbqp,llvm,heuristic,free_operand_service,0,
129-instcombine-irbuilderbase-createfnegfmf-n14-d16.pbqp,llvm,heuristic,free_arithmetic,0,
129-instcombine-irbuilderbase-createfnegfmf-n14-d16.pbqp,llvm,heuristic,free_tree_merge,0,
129-instcombine-irbuilderbase-createfnegfmf-n14-d16.pbqp,llvm,heuristic,free_conditioning_device,0,
130-instcombine-irbuilderbase-createfptrunc-n7-d16.pbqp,llvm,none,none,154992,4836.547463021906
130-instcombine-irbuilderbase-createfptrunc-n7-d16.pbqp,llvm,none,free_descriptor_frontend,142360,4442.364101603945
130-instcombine-irbuilderbase-createfptrunc-n7-d16.pbqp,llvm,none,zero_memory_wait,126048,3933.345815390376
130-instcombine-irbuilderbase-createfptrunc-n7-d16.pbqp,llvm,none,free_operand_service,94764,2957.124134057293
130-instcombine-irbuilderbase-createfptrunc-n7-d16.pbqp,llvm,none,free_arithmetic,138864,4333.270923048119
130-instcombine-irbuilderbase-createfptrunc-n7-d16.pbqp,llvm,none,free_tree_merge,115512,3604.5684328777384
130-instcombine-irbuilderbase-createfptrunc-n7-d16.pbqp,llvm,none,free_conditioning_device,139552,4354.74006116208
130-instcombine-irbuilderbase-createfptrunc-n7-d16.pbqp,llvm,heuristic,none,0,
130-instcombine-irbuilderbase-createfptrunc-n7-d16.pbqp,llvm,heuristic,free_descriptor_frontend,0,
130-instcombine-irbuilderbase-createfptrunc-n7-d16.pbqp,llvm,heuristic,zero_memory_wait,0,
130-instcombine-irbuilderbase-createfptrunc-n7-d16.pbqp,llvm,heuristic,free_operand_service,0,
130-instcombine-irbuilderbase-createfptrunc-n7-d16.pbqp,llvm,heuristic,free_arithmetic,0,
130-instcombine-irbuilderbase-createfptrunc-n7-d16.pbqp,llvm,heuristic,free_tree_merge,0,
130-instcombine-irbuilderbase-createfptrunc-n7-d16.pbqp,llvm,heuristic,free_conditioning_device,0,
133-instcombine-irbuilderbase-createisnotneg-n5-d16.pbqp,llvm,none,none,45970,3960.199862164025
133-instcombine-irbuilderbase-createisnotneg-n5-d16.pbqp,llvm,none,free_descriptor_frontend,39744,3423.8456237077876
133-instcombine-irbuilderbase-createisnotneg-n5-d16.pbqp,llvm,none,zero_memory_wait,36658,3157.9944865609923
133-instcombine-irbuilderbase-createisnotneg-n5-d16.pbqp,llvm,none,free_operand_service,30148,2597.1743625086146
133-instcombine-irbuilderbase-createisnotneg-n5-d16.pbqp,llvm,none,free_arithmetic,42458,3657.649896623019
133-instcombine-irbuilderbase-createisnotneg-n5-d16.pbqp,llvm,none,free_tree_merge,37234,3207.615437629221
133-instcombine-irbuilderbase-createisnotneg-n5-d16.pbqp,llvm,none,free_conditioning_device,38598,3325.120606478291
133-instcombine-irbuilderbase-createisnotneg-n5-d16.pbqp,llvm,heuristic,none,0,
133-instcombine-irbuilderbase-createisnotneg-n5-d16.pbqp,llvm,heuristic,free_descriptor_frontend,0,
133-instcombine-irbuilderbase-createisnotneg-n5-d16.pbqp,llvm,heuristic,zero_memory_wait,0,
133-instcombine-irbuilderbase-createisnotneg-n5-d16.pbqp,llvm,heuristic,free_operand_service,0,
133-instcombine-irbuilderbase-createisnotneg-n5-d16.pbqp,llvm,heuristic,free_arithmetic,0,
133-instcombine-irbuilderbase-createisnotneg-n5-d16.pbqp,llvm,heuristic,free_tree_merge,0,
133-instcombine-irbuilderbase-createisnotneg-n5-d16.pbqp,llvm,heuristic,free_conditioning_device,0,
134-instcombine-irbuilderbase-createisnotnull-n5-d16.pbqp,llvm,none,none,45970,4095.32293986637
134-instcombine-irbuilderbase-createisnotnull-n5-d16.pbqp,llvm,none,free_descriptor_frontend,39744,3540.6681514476613
134-instcombine-irbuilderbase-createisnotnull-n5-d16.pbqp,llvm,none,zero_memory_wait,36658,3265.7461024498884
134-instcombine-irbuilderbase-createisnotnull-n5-d16.pbqp,llvm,none,free_operand_service,30148,2685.790645879733
134-instcombine-irbuilderbase-createisnotnull-n5-d16.pbqp,llvm,none,free_arithmetic,42458,3782.4498886414253
134-instcombine-irbuilderbase-createisnotnull-n5-d16.pbqp,llvm,none,free_tree_merge,37234,3317.0601336302893
134-instcombine-irbuilderbase-createisnotnull-n5-d16.pbqp,llvm,none,free_conditioning_device,38598,3438.574610244989
134-instcombine-irbuilderbase-createisnotnull-n5-d16.pbqp,llvm,heuristic,none,0,
134-instcombine-irbuilderbase-createisnotnull-n5-d16.pbqp,llvm,heuristic,free_descriptor_frontend,0,
134-instcombine-irbuilderbase-createisnotnull-n5-d16.pbqp,llvm,heuristic,zero_memory_wait,0,
134-instcombine-irbuilderbase-createisnotnull-n5-d16.pbqp,llvm,heuristic,free_operand_service,0,
134-instcombine-irbuilderbase-createisnotnull-n5-d16.pbqp,llvm,heuristic,free_arithmetic,0,
134-instcombine-irbuilderbase-createisnotnull-n5-d16.pbqp,llvm,heuristic,free_tree_merge,0,
134-instcombine-irbuilderbase-createisnotnull-n5-d16.pbqp,llvm,heuristic,free_conditioning_device,0,
135-instcombine-irbuilderbase-createdisjointor-n12-d16.pbqp,llvm,heuristic,none,0,
135-instcombine-irbuilderbase-createdisjointor-n12-d16.pbqp,llvm,heuristic,free_descriptor_frontend,0,
135-instcombine-irbuilderbase-createdisjointor-n12-d16.pbqp,llvm,heuristic,zero_memory_wait,0,
135-instcombine-irbuilderbase-createdisjointor-n12-d16.pbqp,llvm,heuristic,free_operand_service,0,
135-instcombine-irbuilderbase-createdisjointor-n12-d16.pbqp,llvm,heuristic,free_arithmetic,0,
135-instcombine-irbuilderbase-createdisjointor-n12-d16.pbqp,llvm,heuristic,free_tree_merge,0,
135-instcombine-irbuilderbase-createdisjointor-n12-d16.pbqp,llvm,heuristic,free_conditioning_device,0,
136-instcombine-irbuilderbase-createzextortrunc-n26-d16.pbqp,llvm,heuristic,none,0,
136-instcombine-irbuilderbase-createzextortrunc-n26-d16.pbqp,llvm,heuristic,free_descriptor_frontend,0,
136-instcombine-irbuilderbase-createzextortrunc-n26-d16.pbqp,llvm,heuristic,zero_memory_wait,0,
136-instcombine-irbuilderbase-createzextortrunc-n26-d16.pbqp,llvm,heuristic,free_operand_service,0,
136-instcombine-irbuilderbase-createzextortrunc-n26-d16.pbqp,llvm,heuristic,free_arithmetic,0,
136-instcombine-irbuilderbase-createzextortrunc-n26-d16.pbqp,llvm,heuristic,free_tree_merge,0,
136-instcombine-irbuilderbase-createzextortrunc-n26-d16.pbqp,llvm,heuristic,free_conditioning_device,0,
138-instcombine-irbuilderbase-createand-n12-d16.pbqp,llvm,heuristic,none,0,
138-instcombine-irbuilderbase-createand-n12-d16.pbqp,llvm,heuristic,free_descriptor_frontend,0,
138-instcombine-irbuilderbase-createand-n12-d16.pbqp,llvm,heuristic,zero_memory_wait,0,
138-instcombine-irbuilderbase-createand-n12-d16.pbqp,llvm,heuristic,free_operand_service,0,
138-instcombine-irbuilderbase-createand-n12-d16.pbqp,llvm,heuristic,free_arithmetic,0,
138-instcombine-irbuilderbase-createand-n12-d16.pbqp,llvm,heuristic,free_tree_merge,0,
138-instcombine-irbuilderbase-createand-n12-d16.pbqp,llvm,heuristic,free_conditioning_device,0,
140-instcombine-irbuilderbase-createneg-n14-d16.pbqp,llvm,heuristic,none,0,
140-instcombine-irbuilderbase-createneg-n14-d16.pbqp,llvm,heuristic,free_descriptor_frontend,0,
140-instcombine-irbuilderbase-createneg-n14-d16.pbqp,llvm,heuristic,zero_memory_wait,0,
140-instcombine-irbuilderbase-createneg-n14-d16.pbqp,llvm,heuristic,free_operand_service,0,
140-instcombine-irbuilderbase-createneg-n14-d16.pbqp,llvm,heuristic,free_arithmetic,0,
140-instcombine-irbuilderbase-createneg-n14-d16.pbqp,llvm,heuristic,free_tree_merge,0,
140-instcombine-irbuilderbase-createneg-n14-d16.pbqp,llvm,heuristic,free_conditioning_device,0,
141-instcombine-irbuilderbase-createnot-n13-d16.pbqp,llvm,heuristic,none,0,
141-instcombine-irbuilderbase-createnot-n13-d16.pbqp,llvm,heuristic,free_descriptor_frontend,0,
141-instcombine-irbuilderbase-createnot-n13-d16.pbqp,llvm,heuristic,zero_memory_wait,0,
141-instcombine-irbuilderbase-createnot-n13-d16.pbqp,llvm,heuristic,free_operand_service,0,
141-instcombine-irbuilderbase-createnot-n13-d16.pbqp,llvm,heuristic,free_arithmetic,0,
141-instcombine-irbuilderbase-createnot-n13-d16.pbqp,llvm,heuristic,free_tree_merge,0,
141-instcombine-irbuilderbase-createnot-n13-d16.pbqp,llvm,heuristic,free_conditioning_device,0,
143-instcombine-irbuilderbase-createshl-n8-d16.pbqp,llvm,none,none,200886,3948.3863359408783
143-instcombine-irbuilderbase-createshl-n8-d16.pbqp,llvm,none,free_descriptor_frontend,170072,3342.741459963049
143-instcombine-irbuilderbase-createshl-n8-d16.pbqp,llvm,none,zero_memory_wait,158788,3120.956012421872
143-instcombine-irbuilderbase-createshl-n8-d16.pbqp,llvm,none,free_operand_service,138726,2726.640198120995
143-instcombine-irbuilderbase-createshl-n8-d16.pbqp,llvm,none,free_arithmetic,187166,3678.721647863517
143-instcombine-irbuilderbase-createshl-n8-d16.pbqp,llvm,none,free_tree_merge,168630,3314.39915091002
143-instcombine-irbuilderbase-createshl-n8-d16.pbqp,llvm,none,free_conditioning_device,138222,2716.734148354888
143-instcombine-irbuilderbase-createshl-n8-d16.pbqp,llvm,heuristic,none,0,
143-instcombine-irbuilderbase-createshl-n8-d16.pbqp,llvm,heuristic,free_descriptor_frontend,0,
143-instcombine-irbuilderbase-createshl-n8-d16.pbqp,llvm,heuristic,zero_memory_wait,0,
143-instcombine-irbuilderbase-createshl-n8-d16.pbqp,llvm,heuristic,free_operand_service,0,
143-instcombine-irbuilderbase-createshl-n8-d16.pbqp,llvm,heuristic,free_arithmetic,0,
143-instcombine-irbuilderbase-createshl-n8-d16.pbqp,llvm,heuristic,free_tree_merge,0,
143-instcombine-irbuilderbase-createshl-n8-d16.pbqp,llvm,heuristic,free_conditioning_device,0,
145-instcombine-irbuilderbase-createxor-n12-d16.pbqp,llvm,heuristic,none,0,
145-instcombine-irbuilderbase-createxor-n12-d16.pbqp,llvm,heuristic,free_descriptor_frontend,0,
145-instcombine-irbuilderbase-createxor-n12-d16.pbqp,llvm,heuristic,zero_memory_wait,0,
145-instcombine-irbuilderbase-createxor-n12-d16.pbqp,llvm,heuristic,free_operand_service,0,
145-instcombine-irbuilderbase-createxor-n12-d16.pbqp,llvm,heuristic,free_arithmetic,0,
145-instcombine-irbuilderbase-createxor-n12-d16.pbqp,llvm,heuristic,free_tree_merge,0,
145-instcombine-irbuilderbase-createxor-n12-d16.pbqp,llvm,heuristic,free_conditioning_device,0,
146-instcombine-unaryoperator-createfnegfmf-n6-d15.pbqp,llvm,none,none,107089,4706.588142223003
146-instcombine-unaryoperator-createfnegfmf-n6-d15.pbqp,llvm,none,free_descriptor_frontend,99201,4359.908583483497
146-instcombine-unaryoperator-createfnegfmf-n6-d15.pbqp,llvm,none,zero_memory_wait,87406,3841.5154045620357
146-instcombine-unaryoperator-createfnegfmf-n6-d15.pbqp,llvm,none,free_operand_service,65926,2897.4640706719993
146-instcombine-unaryoperator-createfnegfmf-n6-d15.pbqp,llvm,none,free_arithmetic,95862,4213.15870434668
146-instcombine-unaryoperator-createfnegfmf-n6-d15.pbqp,llvm,none,free_tree_merge,78823,3464.2904232408914
146-instcombine-unaryoperator-createfnegfmf-n6-d15.pbqp,llvm,none,free_conditioning_device,96234,4229.508196721312
146-instcombine-unaryoperator-createfnegfmf-n6-d15.pbqp,llvm,heuristic,none,292,1697.6744186046512
146-instcombine-unaryoperator-createfnegfmf-n6-d15.pbqp,llvm,heuristic,free_descriptor_frontend,204,1186.046511627907
146-instcombine-unaryoperator-createfnegfmf-n6-d15.pbqp,llvm,heuristic,zero_memory_wait,229,1331.3953488372092
146-instcombine-unaryoperator-createfnegfmf-n6-d15.pbqp,llvm,heuristic,free_operand_service,199,1156.9767441860465
146-instcombine-unaryoperator-createfnegfmf-n6-d15.pbqp,llvm,heuristic,free_arithmetic,278,1616.2790697674418
146-instcombine-unaryoperator-createfnegfmf-n6-d15.pbqp,llvm,heuristic,free_tree_merge,250,1453.4883720930231
146-instcombine-unaryoperator-createfnegfmf-n6-d15.pbqp,llvm,heuristic,free_conditioning_device,292,1697.6744186046512
147-instcombine-binaryoperator-createfaddfmf-n5-d15.pbqp,llvm,none,none,67312,4011.6812682519817
147-instcombine-binaryoperator-createfaddfmf-n5-d15.pbqp,llvm,none,free_descriptor_frontend,60309,3594.31432147327
147-instcombine-binaryoperator-createfaddfmf-n5-d15.pbqp,llvm,none,zero_memory_wait,54949,3274.867393766017
147-instcombine-binaryoperator-createfaddfmf-n5-d15.pbqp,llvm,none,free_operand_service,42649,2541.8082126467607
147-instcombine-binaryoperator-createfaddfmf-n5-d15.pbqp,llvm,none,free_arithmetic,60518,3606.770367721557
147-instcombine-binaryoperator-createfaddfmf-n5-d15.pbqp,llvm,none,free_tree_merge,49720,2963.227844329221
147-instcombine-binaryoperator-createfaddfmf-n5-d15.pbqp,llvm,none,free_conditioning_device,62692,3736.3370880267003
147-instcombine-binaryoperator-createfaddfmf-n5-d15.pbqp,llvm,heuristic,none,292,1586.9565217391305
147-instcombine-binaryoperator-createfaddfmf-n5-d15.pbqp,llvm,heuristic,free_descriptor_frontend,204,1108.695652173913
147-instcombine-binaryoperator-createfaddfmf-n5-d15.pbqp,llvm,heuristic,zero_memory_wait,229,1244.5652173913043
147-instcombine-binaryoperator-createfaddfmf-n5-d15.pbqp,llvm,heuristic,free_operand_service,199,1081.5217391304348
147-instcombine-binaryoperator-createfaddfmf-n5-d15.pbqp,llvm,heuristic,free_arithmetic,278,1510.8695652173913
147-instcombine-binaryoperator-createfaddfmf-n5-d15.pbqp,llvm,heuristic,free_tree_merge,250,1358.695652173913
147-instcombine-binaryoperator-createfaddfmf-n5-d15.pbqp,llvm,heuristic,free_conditioning_device,292,1586.9565217391305
148-instcombine-binaryoperator-createfmulfmf-n5-d15.pbqp,llvm,none,none,67312,4031.382883152662
148-instcombine-binaryoperator-createfmulfmf-n5-d15.pbqp,llvm,none,free_descriptor_frontend,60309,3611.966221476912
148-instcombine-binaryoperator-createfmulfmf-n5-d15.pbqp,llvm,none,zero_memory_wait,54949,3290.9504701443375
148-instcombine-binaryoperator-createfmulfmf-n5-d15.pbqp,llvm,none,free_operand_service,42649,2554.291190034138
148-instcombine-binaryoperator-createfmulfmf-n5-d15.pbqp,llvm,none,free_arithmetic,60518,3624.483440138947
148-instcombine-binaryoperator-createfmulfmf-n5-d15.pbqp,llvm,none,free_tree_merge,49720,2977.7804395999283
148-instcombine-binaryoperator-createfmulfmf-n5-d15.pbqp,llvm,none,free_conditioning_device,62692,3754.686470623465
148-instcombine-binaryoperator-createfmulfmf-n5-d15.pbqp,llvm,heuristic,none,292,1201.6460905349795
148-instcombine-binaryoperator-createfmulfmf-n5-d15.pbqp,llvm,heuristic,free_descriptor_frontend,204,839.5061728395061
148-instcombine-binaryoperator-createfmulfmf-n5-d15.pbqp,llvm,heuristic,zero_memory_wait,229,942.3868312757202
148-instcombine-binaryoperator-createfmulfmf-n5-d15.pbqp,llvm,heuristic,free_operand_service,199,818.9300411522634
148-instcombine-binaryoperator-createfmulfmf-n5-d15.pbqp,llvm,heuristic,free_arithmetic,278,1144.0329218106997
148-instcombine-binaryoperator-createfmulfmf-n5-d15.pbqp,llvm,heuristic,free_tree_merge,250,1028.80658436214
148-instcombine-binaryoperator-createfmulfmf-n5-d15.pbqp,llvm,heuristic,free_conditioning_device,292,1201.6460905349795
149-instcombine-binaryoperator-createfsubfmf-n5-d15.pbqp,llvm,none,none,67312,3881.4438934378963
149-instcombine-binaryoperator-createfsubfmf-n5-d15.pbqp,llvm,none,free_descriptor_frontend,60309,3477.62657132972
149-instcombine-binaryoperator-createfsubfmf-n5-d15.pbqp,llvm,none,zero_memory_wait,54949,3168.550340214508
149-instcombine-binaryoperator-createfsubfmf-n5-d15.pbqp,llvm,none,free_operand_service,42649,2459.2895859762425
149-instcombine-binaryoperator-createfsubfmf-n5-d15.pbqp,llvm,none,free_arithmetic,60518,3489.678237804175
149-instcombine-binaryoperator-createfsubfmf-n5-d15.pbqp,llvm,none,free_tree_merge,49720,2867.0280244493138
149-instcombine-binaryoperator-createfsubfmf-n5-d15.pbqp,llvm,none,free_conditioning_device,62692,3615.0386345288894
149-instcombine-binaryoperator-createfsubfmf-n5-d15.pbqp,llvm,heuristic,none,292,1460.0
149-instcombine-binaryoperator-createfsubfmf-n5-d15.pbqp,llvm,heuristic,free_descriptor_frontend,204,1020.0
149-instcombine-binaryoperator-createfsubfmf-n5-d15.pbqp,llvm,heuristic,zero_memory_wait,229,1145.0
149-instcombine-binaryoperator-createfsubfmf-n5-d15.pbqp,llvm,heuristic,free_operand_service,199,995.0
149-instcombine-binaryoperator-createfsubfmf-n5-d15.pbqp,llvm,heuristic,free_arithmetic,278,1390.0
149-instcombine-binaryoperator-createfsubfmf-n5-d15.pbqp,llvm,heuristic,free_tree_merge,250,1250.0
149-instcombine-binaryoperator-createfsubfmf-n5-d15.pbqp,llvm,heuristic,free_conditioning_device,292,1460.0
150-instcombine-fpmathoperator-classof-n22-d16.pbqp,llvm,heuristic,none,3331,2664.8
150-instcombine-fpmathoperator-classof-n22-d16.pbqp,llvm,heuristic,free_descriptor_frontend,2937,2349.6
150-instcombine-fpmathoperator-classof-n22-d16.pbqp,llvm,heuristic,zero_memory_wait,2694,2155.2
150-instcombine-fpmathoperator-classof-n22-d16.pbqp,llvm,heuristic,free_operand_service,1972,1577.6
150-instcombine-fpmathoperator-classof-n22-d16.pbqp,llvm,heuristic,free_arithmetic,3023,2418.4
150-instcombine-fpmathoperator-classof-n22-d16.pbqp,llvm,heuristic,free_tree_merge,2491,1992.8
150-instcombine-fpmathoperator-classof-n22-d16.pbqp,llvm,heuristic,free_conditioning_device,3331,2664.8
152-instcombine-instcombinerimpl-foldsquaresumfp-n18-d16.pbqp,llvm,heuristic,none,8330,3430.8072487644154
152-instcombine-instcombinerimpl-foldsquaresumfp-n18-d16.pbqp,llvm,heuristic,free_descriptor_frontend,7764,3197.6935749588138
152-instcombine-instcombinerimpl-foldsquaresumfp-n18-d16.pbqp,llvm,heuristic,zero_memory_wait,6845,2819.1927512355846
152-instcombine-instcombinerimpl-foldsquaresumfp-n18-d16.pbqp,llvm,heuristic,free_operand_service,4985,2053.130148270181
152-instcombine-instcombinerimpl-foldsquaresumfp-n18-d16.pbqp,llvm,heuristic,free_arithmetic,7420,3056.013179571664
152-instcombine-instcombinerimpl-foldsquaresumfp-n18-d16.pbqp,llvm,heuristic,free_tree_merge,5936,2444.810543657331
152-instcombine-instcombinerimpl-foldsquaresumfp-n18-d16.pbqp,llvm,heuristic,free_conditioning_device,8330,3430.8072487644154
153-instcombine-instcombinerimpl-foldsquaresumint-n22-d16.pbqp,llvm,heuristic,none,2890,2705.992509363296
153-instcombine-instcombinerimpl-foldsquaresumint-n22-d16.pbqp,llvm,heuristic,free_descriptor_frontend,2584,2419.4756554307114
153-instcombine-instcombinerimpl-foldsquaresumint-n22-d16.pbqp,llvm,heuristic,zero_memory_wait,2347,2197.565543071161
153-instcombine-instcombinerimpl-foldsquaresumint-n22-d16.pbqp,llvm,heuristic,free_operand_service,1717,1607.6779026217228
153-instcombine-instcombinerimpl-foldsquaresumint-n22-d16.pbqp,llvm,heuristic,free_arithmetic,2610,2443.820224719101
153-instcombine-instcombinerimpl-foldsquaresumint-n22-d16.pbqp,llvm,heuristic,free_tree_merge,2134,1998.1273408239701
153-instcombine-instcombinerimpl-foldsquaresumint-n22-d16.pbqp,llvm,heuristic,free_conditioning_device,2890,2705.992509363296
158-instcombine-instcombinerimpl-hoistfnegabovefmulf-n39-d16.pbqp,llvm,heuristic,none,1263,2166.3807890222984
158-instcombine-instcombinerimpl-hoistfnegabovefmulf-n39-d16.pbqp,llvm,heuristic,free_descriptor_frontend,1133,1943.3962264150944
158-instcombine-instcombinerimpl-hoistfnegabovefmulf-n39-d16.pbqp,llvm,heuristic,zero_memory_wait,1021,1751.286449399657
158-instcombine-instcombinerimpl-hoistfnegabovefmulf-n39-d16.pbqp,llvm,heuristic,free_operand_service,801,1373.9279588336192
158-instcombine-instcombinerimpl-hoistfnegabovefmulf-n39-d16.pbqp,llvm,heuristic,free_arithmetic,1151,1974.2710120068612
158-instcombine-instcombinerimpl-hoistfnegabovefmulf-n39-d16.pbqp,llvm,heuristic,free_tree_merge,969,1662.0926243567753
158-instcombine-instcombinerimpl-hoistfnegabovefmulf-n39-d16.pbqp,llvm,heuristic,free_conditioning_device,1263,2166.3807890222984
160-instcombine-instcombinerimpl-simplifyaddwithrema-n64-d16-r1.pbqp,llvm,heuristic,none,4934,2502.028397565923
160-instcombine-instcombinerimpl-simplifyaddwithrema-n64-d16-r1.pbqp,llvm,heuristic,free_descriptor_frontend,4498,2280.9330628803245
160-instcombine-instcombinerimpl-simplifyaddwithrema-n64-d16-r1.pbqp,llvm,heuristic,zero_memory_wait,4024,2040.5679513184584
160-instcombine-instcombinerimpl-simplifyaddwithrema-n64-d16-r1.pbqp,llvm,heuristic,free_operand_service,2924,1482.7586206896551
160-instcombine-instcombinerimpl-simplifyaddwithrema-n64-d16-r1.pbqp,llvm,heuristic,free_arithmetic,4430,2246.450304259635
160-instcombine-instcombinerimpl-simplifyaddwithrema-n64-d16-r1.pbqp,llvm,heuristic,free_tree_merge,3590,1820.4868154158214
160-instcombine-instcombinerimpl-simplifyaddwithrema-n64-d16-r1.pbqp,llvm,heuristic,free_conditioning_device,4934,2502.028397565923
161-instcombine-instcombinerimpl-optimizepointerdiff-n95-d16.pbqp,llvm,heuristic,none,9340,3495.508982035928
161-instcombine-instcombinerimpl-optimizepointerdiff-n95-d16.pbqp,llvm,heuristic,free_descriptor_frontend,8904,3332.3353293413174
161-instcombine-instcombinerimpl-optimizepointerdiff-n95-d16.pbqp,llvm,heuristic,zero_memory_wait,7736,2895.2095808383233
161-instcombine-instcombinerimpl-optimizepointerdiff-n95-d16.pbqp,llvm,heuristic,free_operand_service,5626,2105.5389221556884
161-instcombine-instcombinerimpl-optimizepointerdiff-n95-d16.pbqp,llvm,heuristic,free_arithmetic,8276,3097.305389221557
161-instcombine-instcombinerimpl-optimizepointerdiff-n95-d16.pbqp,llvm,heuristic,free_tree_merge,6484,2426.6467065868264
161-instcombine-instcombinerimpl-optimizepointerdiff-n95-d16.pbqp,llvm,heuristic,free_conditioning_device,9340,3495.508982035928
163-instcombine-instcombinerimpl-createselectinstwit-n9-d16-r1.pbqp,llvm,none,none,136368,3838.540787029218
163-instcombine-instcombinerimpl-createselectinstwit-n9-d16-r1.pbqp,llvm,none,free_descriptor_frontend,117957,3320.3006248944434
163-instcombine-instcombinerimpl-createselectinstwit-n9-d16-r1.pbqp,llvm,none,zero_memory_wait,108651,3058.3516297922647
163-instcombine-instcombinerimpl-createselectinstwit-n9-d16-r1.pbqp,llvm,none,free_operand_service,90642,2551.427123796656
163-instcombine-instcombinerimpl-createselectinstwit-n9-d16-r1.pbqp,llvm,none,free_arithmetic,126176,3551.6523109835052
163-instcombine-instcombinerimpl-createselectinstwit-n9-d16-r1.pbqp,llvm,none,free_tree_merge,111000,3124.4722175308225
163-instcombine-instcombinerimpl-createselectinstwit-n9-d16-r1.pbqp,llvm,none,free_conditioning_device,109950,3094.9163992568824
163-instcombine-instcombinerimpl-createselectinstwit-n9-d16-r1.pbqp,llvm,heuristic,none,855,1759.2592592592594
163-instcombine-instcombinerimpl-createselectinstwit-n9-d16-r1.pbqp,llvm,heuristic,free_descriptor_frontend,679,1397.119341563786
163-instcombine-instcombinerimpl-createselectinstwit-n9-d16-r1.pbqp,llvm,heuristic,zero_memory_wait,676,1390.946502057613
163-instcombine-instcombinerimpl-createselectinstwit-n9-d16-r1.pbqp,llvm,heuristic,free_operand_service,510,1049.3827160493827
163-instcombine-instcombinerimpl-createselectinstwit-n9-d16-r1.pbqp,llvm,heuristic,free_arithmetic,799,1644.0329218106997
163-instcombine-instcombinerimpl-createselectinstwit-n9-d16-r1.pbqp,llvm,heuristic,free_tree_merge,687,1413.5802469135801
163-instcombine-instcombinerimpl-createselectinstwit-n9-d16-r1.pbqp,llvm,heuristic,free_conditioning_device,855,1759.2592592592594
164-instcombine-instcombinerimpl-canonicalizecondsig-n73-d16.pbqp,llvm,heuristic,none,14539,3454.264670943217
164-instcombine-instcombinerimpl-canonicalizecondsig-n73-d16.pbqp,llvm,heuristic,free_descriptor_frontend,13671,3248.039914468995
164-instcombine-instcombinerimpl-canonicalizecondsig-n73-d16.pbqp,llvm,heuristic,zero_memory_wait,11935,2835.590401520551
164-instcombine-instcombinerimpl-canonicalizecondsig-n73-d16.pbqp,llvm,heuristic,free_operand_service,8554,2032.311712995961
164-instcombine-instcombinerimpl-canonicalizecondsig-n73-d16.pbqp,llvm,heuristic,free_arithmetic,12943,3075.0772154906153
164-instcombine-instcombinerimpl-canonicalizecondsig-n73-d16.pbqp,llvm,heuristic,free_tree_merge,10339,2456.4029460679494
164-instcombine-instcombinerimpl-canonicalizecondsig-n73-d16.pbqp,llvm,heuristic,free_conditioning_device,14539,3454.264670943217
170-instcombine-instcombinerimpl-visitfadd-n143-d17-r1.pbqp,llvm,heuristic,none,33853,2865.2560304697417
170-instcombine-instcombinerimpl-visitfadd-n143-d17-r1.pbqp,llvm,heuristic,free_descriptor_frontend,31503,2666.3563267033433
170-instcombine-instcombinerimpl-visitfadd-n143-d17-r1.pbqp,llvm,heuristic,zero_memory_wait,27800,2352.9411764705883
170-instcombine-instcombinerimpl-visitfadd-n143-d17-r1.pbqp,llvm,heuristic,free_operand_service,20230,1712.230215827338
170-instcombine-instcombinerimpl-visitfadd-n143-d17-r1.pbqp,llvm,heuristic,free_arithmetic,30153,2552.0947947524332
170-instcombine-instcombinerimpl-visitfadd-n143-d17-r1.pbqp,llvm,heuristic,free_tree_merge,24109,2040.5416842996192
170-instcombine-instcombinerimpl-visitfadd-n143-d17-r1.pbqp,llvm,heuristic,free_conditioning_device,33853,2865.2560304697417
171-instcombine-instcombinerimpl-visitfneg-n118-d17.pbqp,llvm,heuristic,none,23285,3286.984754376059
171-instcombine-instcombinerimpl-visitfneg-n118-d17.pbqp,llvm,heuristic,free_descriptor_frontend,22111,3121.259175607002
171-instcombine-instcombinerimpl-visitfneg-n118-d17.pbqp,llvm,heuristic,zero_memory_wait,19264,2719.3675889328065
171-instcombine-instcombinerimpl-visitfneg-n118-d17.pbqp,llvm,heuristic,free_operand_service,14030,1980.5194805194806
171-instcombine-instcombinerimpl-visitfneg-n118-d17.pbqp,llvm,heuristic,free_arithmetic,20625,2911.490683229814
171-instcombine-instcombinerimpl-visitfneg-n118-d17.pbqp,llvm,heuristic,free_tree_merge,16229,2290.9373235460193
171-instcombine-instcombinerimpl-visitfneg-n118-d17.pbqp,llvm,heuristic,free_conditioning_device,23285,3286.984754376059
175-instcombine-commonpointerbase-compute-n45-d16-r1.pbqp,llvm,heuristic,none,432,1069.3069306930693
175-instcombine-commonpointerbase-compute-n45-d16-r1.pbqp,llvm,heuristic,free_descriptor_frontend,344,851.4851485148515
175-instcombine-commonpointerbase-compute-n45-d16-r1.pbqp,llvm,heuristic,zero_memory_wait,341,844.059405940594
175-instcombine-commonpointerbase-compute-n45-d16-r1.pbqp,llvm,heuristic,free_operand_service,255,631.1881188118812
175-instcombine-commonpointerbase-compute-n45-d16-r1.pbqp,llvm,heuristic,free_arithmetic,404,1000.0
175-instcombine-commonpointerbase-compute-n45-d16-r1.pbqp,llvm,heuristic,free_tree_merge,348,861.3861386138614
175-instcombine-commonpointerbase-compute-n45-d16-r1.pbqp,llvm,heuristic,free_conditioning_device,432,1069.3069306930693
176-instcombine-instructionworklist-pushuserstoworkl-n11-d16.pbqp,llvm,heuristic,none,432,1854.0772532188842
176-instcombine-instructionworklist-pushuserstoworkl-n11-d16.pbqp,llvm,heuristic,free_descriptor_frontend,344,1476.3948497854078
176-instcombine-instructionworklist-pushuserstoworkl-n11-d16.pbqp,llvm,heuristic,zero_memory_wait,341,1463.519313304721
176-instcombine-instructionworklist-pushuserstoworkl-n11-d16.pbqp,llvm,heuristic,free_operand_service,255,1094.4206008583692
176-instcombine-instructionworklist-pushuserstoworkl-n11-d16.pbqp,llvm,heuristic,free_arithmetic,404,1733.9055793991417
176-instcombine-instructionworklist-pushuserstoworkl-n11-d16.pbqp,llvm,heuristic,free_tree_merge,348,1493.5622317596567
176-instcombine-instructionworklist-pushuserstoworkl-n11-d16.pbqp,llvm,heuristic,free_conditioning_device,432,1854.0772532188842
177-instcombine-smallvectortemplatebase-growandpushb-n6-d16.pbqp,llvm,none,none,131425,4862.37004698657
177-instcombine-smallvectortemplatebase-growandpushb-n6-d16.pbqp,llvm,none,free_descriptor_frontend,121130,4481.482851751822
177-instcombine-smallvectortemplatebase-growandpushb-n6-d16.pbqp,llvm,none,zero_memory_wait,106591,3943.579118724333
177-instcombine-smallvectortemplatebase-growandpushb-n6-d16.pbqp,llvm,none,free_operand_service,82165,3039.883088534537
177-instcombine-smallvectortemplatebase-growandpushb-n6-d16.pbqp,llvm,none,free_arithmetic,119309,4414.1107699137965
177-instcombine-smallvectortemplatebase-growandpushb-n6-d16.pbqp,llvm,none,free_tree_merge,99589,3684.5240297458286
177-instcombine-smallvectortemplatebase-growandpushb-n6-d16.pbqp,llvm,none,free_conditioning_device,123323,4562.617928891191
177-instcombine-smallvectortemplatebase-growandpushb-n6-d16.pbqp,llvm,heuristic,none,0,
177-instcombine-smallvectortemplatebase-growandpushb-n6-d16.pbqp,llvm,heuristic,free_descriptor_frontend,0,
177-instcombine-smallvectortemplatebase-growandpushb-n6-d16.pbqp,llvm,heuristic,zero_memory_wait,0,
177-instcombine-smallvectortemplatebase-growandpushb-n6-d16.pbqp,llvm,heuristic,free_operand_service,0,
177-instcombine-smallvectortemplatebase-growandpushb-n6-d16.pbqp,llvm,heuristic,free_arithmetic,0,
177-instcombine-smallvectortemplatebase-growandpushb-n6-d16.pbqp,llvm,heuristic,free_tree_merge,0,
177-instcombine-smallvectortemplatebase-growandpushb-n6-d16.pbqp,llvm,heuristic,free_conditioning_device,0,
178-instcombine-smallvectortemplatebase-growandpushb-n6-d16.pbqp,llvm,none,none,131425,4819.575341963402
178-instcombine-smallvectortemplatebase-growandpushb-n6-d16.pbqp,llvm,none,free_descriptor_frontend,121130,4442.040412189666
178-instcombine-smallvectortemplatebase-growandpushb-n6-d16.pbqp,llvm,none,zero_memory_wait,106591,3908.8708790201326
178-instcombine-smallvectortemplatebase-growandpushb-n6-d16.pbqp,llvm,none,free_operand_service,82165,3013.128460889655
178-instcombine-smallvectortemplatebase-growandpushb-n6-d16.pbqp,llvm,none,free_arithmetic,119309,4375.261285709047
178-instcombine-smallvectortemplatebase-growandpushb-n6-d16.pbqp,llvm,none,free_tree_merge,99589,3652.0957864241445
178-instcombine-smallvectortemplatebase-growandpushb-n6-d16.pbqp,llvm,none,free_conditioning_device,123323,4522.461403058418
178-instcombine-smallvectortemplatebase-growandpushb-n6-d16.pbqp,llvm,heuristic,none,0,
178-instcombine-smallvectortemplatebase-growandpushb-n6-d16.pbqp,llvm,heuristic,free_descriptor_frontend,0,
178-instcombine-smallvectortemplatebase-growandpushb-n6-d16.pbqp,llvm,heuristic,zero_memory_wait,0,
178-instcombine-smallvectortemplatebase-growandpushb-n6-d16.pbqp,llvm,heuristic,free_operand_service,0,
178-instcombine-smallvectortemplatebase-growandpushb-n6-d16.pbqp,llvm,heuristic,free_arithmetic,0,
178-instcombine-smallvectortemplatebase-growandpushb-n6-d16.pbqp,llvm,heuristic,free_tree_merge,0,
178-instcombine-smallvectortemplatebase-growandpushb-n6-d16.pbqp,llvm,heuristic,free_conditioning_device,0,
179-instcombine-smallvectortemplatebase-growandpushb-n6-d16.pbqp,llvm,none,none,131425,4700.128746155497
179-instcombine-smallvectortemplatebase-growandpushb-n6-d16.pbqp,llvm,none,free_descriptor_frontend,121130,4331.950504255776
179-instcombine-smallvectortemplatebase-growandpushb-n6-d16.pbqp,llvm,none,zero_memory_wait,106591,3811.99485015378
179-instcombine-smallvectortemplatebase-growandpushb-n6-d16.pbqp,llvm,none,free_operand_service,82165,2938.4521851083614
179-instcombine-smallvectortemplatebase-growandpushb-n6-d16.pbqp,llvm,none,free_arithmetic,119309,4266.826407267005
179-instcombine-smallvectortemplatebase-growandpushb-n6-d16.pbqp,llvm,none,free_tree_merge,99589,3561.58357771261
179-instcombine-smallvectortemplatebase-growandpushb-n6-d16.pbqp,llvm,none,free_conditioning_device,123323,4410.378370645876
179-instcombine-smallvectortemplatebase-growandpushb-n6-d16.pbqp,llvm,heuristic,none,0,
179-instcombine-smallvectortemplatebase-growandpushb-n6-d16.pbqp,llvm,heuristic,free_descriptor_frontend,0,
179-instcombine-smallvectortemplatebase-growandpushb-n6-d16.pbqp,llvm,heuristic,zero_memory_wait,0,
179-instcombine-smallvectortemplatebase-growandpushb-n6-d16.pbqp,llvm,heuristic,free_operand_service,0,
179-instcombine-smallvectortemplatebase-growandpushb-n6-d16.pbqp,llvm,heuristic,free_arithmetic,0,
179-instcombine-smallvectortemplatebase-growandpushb-n6-d16.pbqp,llvm,heuristic,free_tree_merge,0,
179-instcombine-smallvectortemplatebase-growandpushb-n6-d16.pbqp,llvm,heuristic,free_conditioning_device,0,
180-instcombine-apint-issamevalue-n17-d16.pbqp,llvm,heuristic,none,2592,1938.6686611817502
180-instcombine-apint-issamevalue-n17-d16.pbqp,llvm,heuristic,free_descriptor_frontend,2064,1543.754674644727
180-instcombine-apint-issamevalue-n17-d16.pbqp,llvm,heuristic,zero_memory_wait,2046,1530.291697830965
180-instcombine-apint-issamevalue-n17-d16.pbqp,llvm,heuristic,free_operand_service,1530,1144.353029169783
180-instcombine-apint-issamevalue-n17-d16.pbqp,llvm,heuristic,free_arithmetic,2424,1813.01421091997
180-instcombine-apint-issamevalue-n17-d16.pbqp,llvm,heuristic,free_tree_merge,2088,1561.70531039641
180-instcombine-apint-issamevalue-n17-d16.pbqp,llvm,heuristic,free_conditioning_device,2592,1938.6686611817502
181-instcombine-apint-gethighbitsset-n5-d15.pbqp,llvm,none,none,97822,3621.025356283546
181-instcombine-apint-gethighbitsset-n5-d15.pbqp,llvm,none,free_descriptor_frontend,83005,3072.5522857671663
181-instcombine-apint-gethighbitsset-n5-d15.pbqp,llvm,none,zero_memory_wait,78014,2887.803072367203
181-instcombine-apint-gethighbitsset-n5-d15.pbqp,llvm,none,free_operand_service,64594,2391.0420136960947
181-instcombine-apint-gethighbitsset-n5-d15.pbqp,llvm,none,free_arithmetic,90422,3347.103461040163
181-instcombine-apint-gethighbitsset-n5-d15.pbqp,llvm,none,free_tree_merge,79006,2924.523412918749
181-instcombine-apint-gethighbitsset-n5-d15.pbqp,llvm,none,free_conditioning_device,86212,3191.264112530076
181-instcombine-apint-gethighbitsset-n5-d15.pbqp,llvm,heuristic,none,0,
181-instcombine-apint-gethighbitsset-n5-d15.pbqp,llvm,heuristic,free_descriptor_frontend,0,
181-instcombine-apint-gethighbitsset-n5-d15.pbqp,llvm,heuristic,zero_memory_wait,0,
181-instcombine-apint-gethighbitsset-n5-d15.pbqp,llvm,heuristic,free_operand_service,0,
181-instcombine-apint-gethighbitsset-n5-d15.pbqp,llvm,heuristic,free_arithmetic,0,
181-instcombine-apint-gethighbitsset-n5-d15.pbqp,llvm,heuristic,free_tree_merge,0,
181-instcombine-apint-gethighbitsset-n5-d15.pbqp,llvm,heuristic,free_conditioning_device,0,
182-instcombine-llvm-dyn-cast-n5-d16.pbqp,llvm,none,none,177161,5775.984611371935
182-instcombine-llvm-dyn-cast-n5-d16.pbqp,llvm,none,free_descriptor_frontend,168254,5485.589462702139
182-instcombine-llvm-dyn-cast-n5-d16.pbqp,llvm,none,zero_memory_wait,146237,4767.768648930621
182-instcombine-llvm-dyn-cast-n5-d16.pbqp,llvm,none,free_operand_service,107633,3509.161450182577
182-instcombine-llvm-dyn-cast-n5-d16.pbqp,llvm,none,free_arithmetic,157449,5133.313771517996
182-instcombine-llvm-dyn-cast-n5-d16.pbqp,llvm,none,free_tree_merge,124745,4067.064423578508
182-instcombine-llvm-dyn-cast-n5-d16.pbqp,llvm,none,free_conditioning_device,171113,5578.8015127803865
182-instcombine-llvm-dyn-cast-n5-d16.pbqp,llvm,heuristic,none,969,1824.8587570621469
182-instcombine-llvm-dyn-cast-n5-d16.pbqp,llvm,heuristic,free_descriptor_frontend,782,1472.693032015066
182-instcombine-llvm-dyn-cast-n5-d16.pbqp,llvm,heuristic,zero_memory_wait,765,1440.677966101695
182-instcombine-llvm-dyn-cast-n5-d16.pbqp,llvm,heuristic,free_operand_service,561,1056.497175141243
182-instcombine-llvm-dyn-cast-n5-d16.pbqp,llvm,heuristic,free_arithmetic,905,1704.331450094162
182-instcombine-llvm-dyn-cast-n5-d16.pbqp,llvm,heuristic,free_tree_merge,777,1463.276836158192
182-instcombine-llvm-dyn-cast-n5-d16.pbqp,llvm,heuristic,free_conditioning_device,969,1824.8587570621469
183-instcombine-knownbits-knownbits-n3-d16.pbqp,llvm,none,none,432,1521.1267605633802
183-instcombine-knownbits-knownbits-n3-d16.pbqp,llvm,none,free_descriptor_frontend,344,1211.2676056338028
183-instcombine-knownbits-knownbits-n3-d16.pbqp,llvm,none,zero_memory_wait,341,1200.7042253521126
183-instcombine-knownbits-knownbits-n3-d16.pbqp,llvm,none,free_operand_service,255,897.887323943662
183-instcombine-knownbits-knownbits-n3-d16.pbqp,llvm,none,free_arithmetic,404,1422.5352112676057
183-instcombine-knownbits-knownbits-n3-d16.pbqp,llvm,none,free_tree_merge,348,1225.3521126760563
183-instcombine-knownbits-knownbits-n3-d16.pbqp,llvm,none,free_conditioning_device,432,1521.1267605633802
183-instcombine-knownbits-knownbits-n3-d16.pbqp,llvm,heuristic,none,432,1800.0
183-instcombine-knownbits-knownbits-n3-d16.pbqp,llvm,heuristic,free_descriptor_frontend,344,1433.3333333333333
183-instcombine-knownbits-knownbits-n3-d16.pbqp,llvm,heuristic,zero_memory_wait,341,1420.8333333333333
183-instcombine-knownbits-knownbits-n3-d16.pbqp,llvm,heuristic,free_operand_service,255,1062.5
183-instcombine-knownbits-knownbits-n3-d16.pbqp,llvm,heuristic,free_arithmetic,404,1683.3333333333333
183-instcombine-knownbits-knownbits-n3-d16.pbqp,llvm,heuristic,free_tree_merge,348,1450.0
183-instcombine-knownbits-knownbits-n3-d16.pbqp,llvm,heuristic,free_conditioning_device,432,1800.0
184-instcombine-setvector-insert-n20-d16.pbqp,llvm,heuristic,none,2035,975.5512943432407
184-instcombine-setvector-insert-n20-d16.pbqp,llvm,heuristic,free_descriptor_frontend,1905,913.2310642377756
184-instcombine-setvector-insert-n20-d16.pbqp,llvm,heuristic,zero_memory_wait,1671,801.0546500479386
184-instcombine-setvector-insert-n20-d16.pbqp,llvm,heuristic,free_operand_service,1207,578.6193672099712
184-instcombine-setvector-insert-n20-d16.pbqp,llvm,heuristic,free_arithmetic,1811,868.1687440076702
184-instcombine-setvector-insert-n20-d16.pbqp,llvm,heuristic,free_tree_merge,1447,693.6720997123682
184-instcombine-setvector-insert-n20-d16.pbqp,llvm,heuristic,free_conditioning_device,2035,975.5512943432407
185-instcombine-withcache-withcache-n3-d16.pbqp,llvm,none,none,432,1531.9148936170213
185-instcombine-withcache-withcache-n3-d16.pbqp,llvm,none,free_descriptor_frontend,344,1219.8581560283687
185-instcombine-withcache-withcache-n3-d16.pbqp,llvm,none,zero_memory_wait,341,1209.2198581560283
185-instcombine-withcache-withcache-n3-d16.pbqp,llvm,none,free_operand_service,255,904.2553191489362
185-instcombine-withcache-withcache-n3-d16.pbqp,llvm,none,free_arithmetic,404,1432.6241134751774
185-instcombine-withcache-withcache-n3-d16.pbqp,llvm,none,free_tree_merge,348,1234.0425531914893
185-instcombine-withcache-withcache-n3-d16.pbqp,llvm,none,free_conditioning_device,432,1531.9148936170213
185-instcombine-withcache-withcache-n3-d16.pbqp,llvm,heuristic,none,432,1505.226480836237
185-instcombine-withcache-withcache-n3-d16.pbqp,llvm,heuristic,free_descriptor_frontend,344,1198.6062717770035
185-instcombine-withcache-withcache-n3-d16.pbqp,llvm,heuristic,zero_memory_wait,341,1188.1533101045295
185-instcombine-withcache-withcache-n3-d16.pbqp,llvm,heuristic,free_operand_service,255,888.5017421602787
185-instcombine-withcache-withcache-n3-d16.pbqp,llvm,heuristic,free_arithmetic,404,1407.665505226481
185-instcombine-withcache-withcache-n3-d16.pbqp,llvm,heuristic,free_tree_merge,348,1212.5435540069686
185-instcombine-withcache-withcache-n3-d16.pbqp,llvm,heuristic,free_conditioning_device,432,1505.226480836237
186-instcombine-llvm-operator-n5-d16.pbqp,llvm,none,none,207914,3186.6656448770023
186-instcombine-llvm-operator-n5-d16.pbqp,llvm,none,free_descriptor_frontend,191954,2942.04919917235
186-instcombine-llvm-operator-n5-d16.pbqp,llvm,none,zero_memory_wait,168063,2575.875546018852
186-instcombine-llvm-operator-n5-d16.pbqp,llvm,none,free_operand_service,129710,1988.0450609242087
186-instcombine-llvm-operator-n5-d16.pbqp,llvm,none,free_arithmetic,189616,2906.2150356349143
186-instcombine-llvm-operator-n5-d16.pbqp,llvm,none,free_tree_merge,159530,2445.0915778986896
186-instcombine-llvm-operator-n5-d16.pbqp,llvm,none,free_conditioning_device,195608,2998.0534906889416
186-instcombine-llvm-operator-n5-d16.pbqp,llvm,heuristic,none,0,
186-instcombine-llvm-operator-n5-d16.pbqp,llvm,heuristic,free_descriptor_frontend,0,
186-instcombine-llvm-operator-n5-d16.pbqp,llvm,heuristic,zero_memory_wait,0,
186-instcombine-llvm-operator-n5-d16.pbqp,llvm,heuristic,free_operand_service,0,
186-instcombine-llvm-operator-n5-d16.pbqp,llvm,heuristic,free_arithmetic,0,
186-instcombine-llvm-operator-n5-d16.pbqp,llvm,heuristic,free_tree_merge,0,
186-instcombine-llvm-operator-n5-d16.pbqp,llvm,heuristic,free_conditioning_device,0,
187-instcombine-llvm-operator-n6-d16.pbqp,llvm,none,none,214290,4362.847893804589
187-instcombine-llvm-operator-n6-d16.pbqp,llvm,none,free_descriptor_frontend,194463,3959.1791029582428
187-instcombine-llvm-operator-n6-d16.pbqp,llvm,none,zero_memory_wait,171956,3500.946719058574
187-instcombine-llvm-operator-n6-d16.pbqp,llvm,none,free_operand_service,136518,2779.4449986766294
187-instcombine-llvm-operator-n6-d16.pbqp,llvm,none,free_arithmetic,196498,4000.610786489403
187-instcombine-llvm-operator-n6-d16.pbqp,llvm,none,free_tree_merge,168930,3439.3387218274734
187-instcombine-llvm-operator-n6-d16.pbqp,llvm,none,free_conditioning_device,185388,3774.416189913879
187-instcombine-llvm-operator-n6-d16.pbqp,llvm,heuristic,none,0,
187-instcombine-llvm-operator-n6-d16.pbqp,llvm,heuristic,free_descriptor_frontend,0,
187-instcombine-llvm-operator-n6-d16.pbqp,llvm,heuristic,zero_memory_wait,0,
187-instcombine-llvm-operator-n6-d16.pbqp,llvm,heuristic,free_operand_service,0,
187-instcombine-llvm-operator-n6-d16.pbqp,llvm,heuristic,free_arithmetic,0,
187-instcombine-llvm-operator-n6-d16.pbqp,llvm,heuristic,free_tree_merge,0,
187-instcombine-llvm-operator-n6-d16.pbqp,llvm,heuristic,free_conditioning_device,0,
188-instcombine-llvm-operator-n5-d16.pbqp,llvm,none,none,207914,4919.527719281641
188-instcombine-llvm-operator-n5-d16.pbqp,llvm,none,free_descriptor_frontend,191954,4541.892435463645
188-instcombine-llvm-operator-n5-d16.pbqp,llvm,none,zero_memory_wait,168063,3976.5989163097747
188-instcombine-llvm-operator-n5-d16.pbqp,llvm,none,free_operand_service,129710,3069.1148285734566
188-instcombine-llvm-operator-n5-d16.pbqp,llvm,none,free_arithmetic,189616,4486.572178974517
188-instcombine-llvm-operator-n5-d16.pbqp,llvm,none,free_tree_merge,159530,3774.6965430755035
188-instcombine-llvm-operator-n5-d16.pbqp,llvm,none,free_conditioning_device,195608,4628.351039916712
188-instcombine-llvm-operator-n5-d16.pbqp,llvm,heuristic,none,0,
188-instcombine-llvm-operator-n5-d16.pbqp,llvm,heuristic,free_descriptor_frontend,0,
188-instcombine-llvm-operator-n5-d16.pbqp,llvm,heuristic,zero_memory_wait,0,
188-instcombine-llvm-operator-n5-d16.pbqp,llvm,heuristic,free_operand_service,0,
188-instcombine-llvm-operator-n5-d16.pbqp,llvm,heuristic,free_arithmetic,0,
188-instcombine-llvm-operator-n5-d16.pbqp,llvm,heuristic,free_tree_merge,0,
188-instcombine-llvm-operator-n5-d16.pbqp,llvm,heuristic,free_conditioning_device,0,
189-instcombine-llvm-operator-n9-d16.pbqp,llvm,none,none,378825,4567.954082309389
189-instcombine-llvm-operator-n9-d16.pbqp,llvm,none,free_descriptor_frontend,343599,4143.191327730282
189-instcombine-llvm-operator-n9-d16.pbqp,llvm,none,zero_memory_wait,304087,3666.74705478048
189-instcombine-llvm-operator-n9-d16.pbqp,llvm,none,free_operand_service,241212,2908.5866563769882
189-instcombine-llvm-operator-n9-d16.pbqp,llvm,none,free_arithmetic,347265,4187.39675151632
189-instcombine-llvm-operator-n9-d16.pbqp,llvm,none,free_tree_merge,298269,3596.592347855446
189-instcombine-llvm-operator-n9-d16.pbqp,llvm,none,free_conditioning_device,328499,3961.1122499427233
189-instcombine-llvm-operator-n9-d16.pbqp,llvm,heuristic,none,4070,3526.8630849220103
189-instcombine-llvm-operator-n9-d16.pbqp,llvm,heuristic,free_descriptor_frontend,3810,3301.5597920277296
189-instcombine-llvm-operator-n9-d16.pbqp,llvm,heuristic,zero_memory_wait,3342,2896.013864818024
189-instcombine-llvm-operator-n9-d16.pbqp,llvm,heuristic,free_operand_service,2414,2091.8544194107453
189-instcombine-llvm-operator-n9-d16.pbqp,llvm,heuristic,free_arithmetic,3622,3138.648180242634
189-instcombine-llvm-operator-n9-d16.pbqp,llvm,heuristic,free_tree_merge,2894,2507.798960138648
189-instcombine-llvm-operator-n9-d16.pbqp,llvm,heuristic,free_conditioning_device,4070,3526.8630849220103
190-instcombine-llvm-operator-n8-d16.pbqp,llvm,none,none,218360,4663.918494628249
190-instcombine-llvm-operator-n8-d16.pbqp,llvm,none,free_descriptor_frontend,198273,4234.883273884534
190-instcombine-llvm-operator-n8-d16.pbqp,llvm,none,zero_memory_wait,175298,3744.163694226703
190-instcombine-llvm-operator-n8-d16.pbqp,llvm,none,free_operand_service,138932,2967.427753689741
190-instcombine-llvm-operator-n8-d16.pbqp,llvm,none,free_arithmetic,200120,4274.333069907516
190-instcombine-llvm-operator-n8-d16.pbqp,llvm,none,free_tree_merge,171824,3669.963049189432
190-instcombine-llvm-operator-n8-d16.pbqp,llvm,none,free_conditioning_device,189458,4046.6050107862193
190-instcombine-llvm-operator-n8-d16.pbqp,llvm,heuristic,none,4070,3469.7357203751067
190-instcombine-llvm-operator-n8-d16.pbqp,llvm,heuristic,free_descriptor_frontend,3810,3248.0818414322252
190-instcombine-llvm-operator-n8-d16.pbqp,llvm,heuristic,zero_memory_wait,3342,2849.1048593350383
190-instcombine-llvm-operator-n8-d16.pbqp,llvm,heuristic,free_operand_service,2414,2057.9710144927535
190-instcombine-llvm-operator-n8-d16.pbqp,llvm,heuristic,free_arithmetic,3622,3087.8090366581414
190-instcombine-llvm-operator-n8-d16.pbqp,llvm,heuristic,free_tree_merge,2894,2467.1781756180735
190-instcombine-llvm-operator-n8-d16.pbqp,llvm,heuristic,free_conditioning_device,4070,3469.7357203751067
191-instcombine-llvm-operator-n5-d16.pbqp,llvm,none,none,207914,5030.826558265582
191-instcombine-llvm-operator-n5-d16.pbqp,llvm,none,free_descriptor_frontend,191954,4644.6476964769645
191-instcombine-llvm-operator-n5-d16.pbqp,llvm,none,zero_memory_wait,168063,4066.5650406504064
191-instcombine-llvm-operator-n5-d16.pbqp,llvm,none,free_operand_service,129710,3138.550135501355
191-instcombine-llvm-operator-n5-d16.pbqp,llvm,none,free_arithmetic,189616,4588.075880758807
191-instcombine-llvm-operator-n5-d16.pbqp,llvm,none,free_tree_merge,159530,3860.0948509485097
191-instcombine-llvm-operator-n5-d16.pbqp,llvm,none,free_conditioning_device,195608,4733.0623306233065
191-instcombine-llvm-operator-n5-d16.pbqp,llvm,heuristic,none,0,
191-instcombine-llvm-operator-n5-d16.pbqp,llvm,heuristic,free_descriptor_frontend,0,
191-instcombine-llvm-operator-n5-d16.pbqp,llvm,heuristic,zero_memory_wait,0,
191-instcombine-llvm-operator-n5-d16.pbqp,llvm,heuristic,free_operand_service,0,
191-instcombine-llvm-operator-n5-d16.pbqp,llvm,heuristic,free_arithmetic,0,
191-instcombine-llvm-operator-n5-d16.pbqp,llvm,heuristic,free_tree_merge,0,
191-instcombine-llvm-operator-n5-d16.pbqp,llvm,heuristic,free_conditioning_device,0,
192-instcombine-datalayout-gettypesizeinbits-n16-d16.pbqp,llvm,heuristic,none,2578,1681.6699282452707
192-instcombine-datalayout-gettypesizeinbits-n16-d16.pbqp,llvm,heuristic,free_descriptor_frontend,2061,1344.4227005870841
192-instcombine-datalayout-gettypesizeinbits-n16-d16.pbqp,llvm,heuristic,zero_memory_wait,2035,1327.4624918460536
192-instcombine-datalayout-gettypesizeinbits-n16-d16.pbqp,llvm,heuristic,free_operand_service,1513,986.9536855838226
192-instcombine-datalayout-gettypesizeinbits-n16-d16.pbqp,llvm,heuristic,free_arithmetic,2410,1572.0808871493803
192-instcombine-datalayout-gettypesizeinbits-n16-d16.pbqp,llvm,heuristic,free_tree_merge,2074,1352.9028049575995
192-instcombine-datalayout-gettypesizeinbits-n16-d16.pbqp,llvm,heuristic,free_conditioning_device,2578,1681.6699282452707
193-instcombine-fneg-match-match-n37-d16.pbqp,llvm,heuristic,none,30864,3130.2231237322517
193-instcombine-fneg-match-match-n37-d16.pbqp,llvm,heuristic,free_descriptor_frontend,29082,2949.4929006085194
193-instcombine-fneg-match-match-n37-d16.pbqp,llvm,heuristic,zero_memory_wait,25404,2576.470588235294
193-instcombine-fneg-match-match-n37-d16.pbqp,llvm,heuristic,free_operand_service,18342,1860.2434077079108
193-instcombine-fneg-match-match-n37-d16.pbqp,llvm,heuristic,free_arithmetic,27432,2782.1501014198784
193-instcombine-fneg-match-match-n37-d16.pbqp,llvm,heuristic,free_tree_merge,21792,2210.1419878296147
193-instcombine-fneg-match-match-n37-d16.pbqp,llvm,heuristic,free_conditioning_device,30864,3130.2231237322517
194-instcombine-fneg-match-match-n35-d16.pbqp,llvm,heuristic,none,21550,2034.3623147361466
194-instcombine-fneg-match-match-n35-d16.pbqp,llvm,heuristic,free_descriptor_frontend,20334,1919.5695270461626
194-instcombine-fneg-match-match-n35-d16.pbqp,llvm,heuristic,zero_memory_wait,17762,1676.7676767676767
194-instcombine-fneg-match-match-n35-d16.pbqp,llvm,heuristic,free_operand_service,12868,1214.7644671009157
194-instcombine-fneg-match-match-n35-d16.pbqp,llvm,heuristic,free_arithmetic,19142,1807.042386481639
194-instcombine-fneg-match-match-n35-d16.pbqp,llvm,heuristic,free_tree_merge,15166,1431.7001793637307
194-instcombine-fneg-match-match-n35-d16.pbqp,llvm,heuristic,free_conditioning_device,21550,2034.3623147361466
195-instcombine-fneg-match-match-n35-d16.pbqp,llvm,heuristic,none,21550,2573.7489549743223
195-instcombine-fneg-match-match-n35-d16.pbqp,llvm,heuristic,free_descriptor_frontend,20334,2428.5202436402724
195-instcombine-fneg-match-match-n35-d16.pbqp,llvm,heuristic,zero_memory_wait,17762,2121.342410127792
195-instcombine-fneg-match-match-n35-d16.pbqp,llvm,heuristic,free_operand_service,12868,1536.8446196106534
195-instcombine-fneg-match-match-n35-d16.pbqp,llvm,heuristic,free_arithmetic,19142,2286.1578884509736
195-instcombine-fneg-match-match-n35-d16.pbqp,llvm,heuristic,free_tree_merge,15166,1811.2982204705602
195-instcombine-fneg-match-match-n35-d16.pbqp,llvm,heuristic,free_conditioning_device,21550,2573.7489549743223
196-instcombine-api-pred-ty-match-n19-d16.pbqp,llvm,heuristic,none,2467,2753.348214285714
196-instcombine-api-pred-ty-match-n19-d16.pbqp,llvm,heuristic,free_descriptor_frontend,2249,2510.0446428571427
196-instcombine-api-pred-ty-match-n19-d16.pbqp,llvm,heuristic,zero_memory_wait,2012,2245.535714285714
196-instcombine-api-pred-ty-match-n19-d16.pbqp,llvm,heuristic,free_operand_service,1462,1631.6964285714287
196-instcombine-api-pred-ty-match-n19-d16.pbqp,llvm,heuristic,free_arithmetic,2215,2472.098214285714
196-instcombine-api-pred-ty-match-n19-d16.pbqp,llvm,heuristic,free_tree_merge,1795,2003.3482142857142
196-instcombine-api-pred-ty-match-n19-d16.pbqp,llvm,heuristic,free_conditioning_device,2467,2753.348214285714
197-instcombine-api-pred-ty-match-n28-d16.pbqp,llvm,heuristic,none,2467,2699.124726477024
197-instcombine-api-pred-ty-match-n28-d16.pbqp,llvm,heuristic,free_descriptor_frontend,2249,2460.612691466083
197-instcombine-api-pred-ty-match-n28-d16.pbqp,llvm,heuristic,zero_memory_wait,2012,2201.3129102844637
197-instcombine-api-pred-ty-match-n28-d16.pbqp,llvm,heuristic,free_operand_service,1462,1599.562363238512
197-instcombine-api-pred-ty-match-n28-d16.pbqp,llvm,heuristic,free_arithmetic,2215,2423.4135667396063
197-instcombine-api-pred-ty-match-n28-d16.pbqp,llvm,heuristic,free_tree_merge,1795,1963.894967177243
197-instcombine-api-pred-ty-match-n28-d16.pbqp,llvm,heuristic,free_conditioning_device,2467,2699.124726477024
198-instcombine-api-pred-ty-match-n15-d16.pbqp,llvm,heuristic,none,4502,3083.5616438356165
198-instcombine-api-pred-ty-match-n15-d16.pbqp,llvm,heuristic,free_descriptor_frontend,4154,2845.205479452055
198-instcombine-api-pred-ty-match-n15-d16.pbqp,llvm,heuristic,zero_memory_wait,3683,2522.6027397260273
198-instcombine-api-pred-ty-match-n15-d16.pbqp,llvm,heuristic,free_operand_service,2669,1828.0821917808219
198-instcombine-api-pred-ty-match-n15-d16.pbqp,llvm,heuristic,free_arithmetic,4026,2757.5342465753424
198-instcombine-api-pred-ty-match-n15-d16.pbqp,llvm,heuristic,free_tree_merge,3242,2220.5479452054797
198-instcombine-api-pred-ty-match-n15-d16.pbqp,llvm,heuristic,free_conditioning_device,4502,3083.5616438356165
199-instcombine-oneuse-match-match-n18-d16.pbqp,llvm,heuristic,none,20059,5344.790833999467
199-instcombine-oneuse-match-match-n18-d16.pbqp,llvm,heuristic,free_descriptor_frontend,19306,5144.151345590194
199-instcombine-oneuse-match-match-n18-d16.pbqp,llvm,heuristic,zero_memory_wait,16503,4397.282174260591
199-instcombine-oneuse-match-match-n18-d16.pbqp,llvm,heuristic,free_operand_service,11539,3074.606981081801
199-instcombine-oneuse-match-match-n18-d16.pbqp,llvm,heuristic,free_arithmetic,17819,4747.934985345058
199-instcombine-oneuse-match-match-n18-d16.pbqp,llvm,heuristic,free_tree_merge,14107,3758.8595790034638
199-instcombine-oneuse-match-match-n18-d16.pbqp,llvm,heuristic,free_conditioning_device,20059,5344.790833999467
200-instcombine-oneuse-match-match-n18-d16.pbqp,llvm,heuristic,none,20059,5051.372450264417
200-instcombine-oneuse-match-match-n18-d16.pbqp,llvm,heuristic,free_descriptor_frontend,19306,4861.747670611937
200-instcombine-oneuse-match-match-n18-d16.pbqp,llvm,heuristic,zero_memory_wait,16503,4155.880130949383
200-instcombine-oneuse-match-match-n18-d16.pbqp,llvm,heuristic,free_operand_service,11539,2905.8171745152354
200-instcombine-oneuse-match-match-n18-d16.pbqp,llvm,heuristic,free_arithmetic,17819,4487.2828003021905
200-instcombine-oneuse-match-match-n18-d16.pbqp,llvm,heuristic,free_tree_merge,14107,3552.5056660790733
200-instcombine-oneuse-match-match-n18-d16.pbqp,llvm,heuristic,free_conditioning_device,20059,5051.372450264417
201-instcombine-oneuse-match-match-n16-d16.pbqp,llvm,heuristic,none,5129,3653.133903133903
201-instcombine-oneuse-match-match-n16-d16.pbqp,llvm,heuristic,free_descriptor_frontend,4812,3427.3504273504273
201-instcombine-oneuse-match-match-n16-d16.pbqp,llvm,heuristic,zero_memory_wait,4198,2990.02849002849
201-instcombine-oneuse-match-match-n16-d16.pbqp,llvm,heuristic,free_operand_service,2972,2116.809116809117
201-instcombine-oneuse-match-match-n16-d16.pbqp,llvm,heuristic,free_arithmetic,4589,3268.5185185185187
201-instcombine-oneuse-match-match-n16-d16.pbqp,llvm,heuristic,free_tree_merge,3677,2618.945868945869
201-instcombine-oneuse-match-match-n16-d16.pbqp,llvm,heuristic,free_conditioning_device,5129,3653.133903133903
202-instcombine-oneuse-match-match-n13-d16.pbqp,llvm,none,none,278968,4059.7240817276906
202-instcombine-oneuse-match-match-n13-d16.pbqp,llvm,none,free_descriptor_frontend,257300,3744.3972291751556
202-instcombine-oneuse-match-match-n13-d16.pbqp,llvm,none,zero_memory_wait,227235,3306.8717620350426
202-instcombine-oneuse-match-match-n13-d16.pbqp,llvm,none,free_operand_service,168241,2448.3526398509807
202-instcombine-oneuse-match-match-n13-d16.pbqp,llvm,none,free_arithmetic,250528,3645.8466732638685
202-instcombine-oneuse-match-match-n13-d16.pbqp,llvm,none,free_tree_merge,204880,2981.5472379067464
202-instcombine-oneuse-match-match-n13-d16.pbqp,llvm,none,free_conditioning_device,260708,3793.9926654636474
202-instcombine-oneuse-match-match-n13-d16.pbqp,llvm,heuristic,none,8230,3993.207180980107
202-instcombine-oneuse-match-match-n13-d16.pbqp,llvm,heuristic,free_descriptor_frontend,7840,3803.978651140223
202-instcombine-oneuse-match-match-n13-d16.pbqp,llvm,heuristic,zero_memory_wait,6775,3287.239204269772
202-instcombine-oneuse-match-match-n13-d16.pbqp,llvm,heuristic,free_operand_service,4825,2341.096555070354
202-instcombine-oneuse-match-match-n13-d16.pbqp,llvm,heuristic,free_arithmetic,7306,3544.881125667152
202-instcombine-oneuse-match-match-n13-d16.pbqp,llvm,heuristic,free_tree_merge,5794,2811.2566715186804
202-instcombine-oneuse-match-match-n13-d16.pbqp,llvm,heuristic,free_conditioning_device,8230,3993.207180980107
203-instcombine-binaryop-match-match-n49-d16.pbqp,llvm,heuristic,none,8740,3026.315789473684
203-instcombine-binaryop-match-match-n49-d16.pbqp,llvm,heuristic,free_descriptor_frontend,8262,2860.803324099723
203-instcombine-binaryop-match-match-n49-d16.pbqp,llvm,heuristic,zero_memory_wait,7210,2496.537396121884
203-instcombine-binaryop-match-match-n49-d16.pbqp,llvm,heuristic,free_operand_service,5227,1809.9030470914126
203-instcombine-binaryop-match-match-n49-d16.pbqp,llvm,heuristic,free_arithmetic,7760,2686.9806094182827
203-instcombine-binaryop-match-match-n49-d16.pbqp,llvm,heuristic,free_tree_merge,6136,2124.6537396121885
203-instcombine-binaryop-match-match-n49-d16.pbqp,llvm,heuristic,free_conditioning_device,8740,3026.315789473684
204-instcombine-binaryop-match-match-n45-d16.pbqp,llvm,heuristic,none,8740,1713.7254901960785
204-instcombine-binaryop-match-match-n45-d16.pbqp,llvm,heuristic,free_descriptor_frontend,8262,1620.0
204-instcombine-binaryop-match-match-n45-d16.pbqp,llvm,heuristic,zero_memory_wait,7210,1413.7254901960785
204-instcombine-binaryop-match-match-n45-d16.pbqp,llvm,heuristic,free_operand_service,5227,1024.9019607843138
204-instcombine-binaryop-match-match-n45-d16.pbqp,llvm,heuristic,free_arithmetic,7760,1521.5686274509803
204-instcombine-binaryop-match-match-n45-d16.pbqp,llvm,heuristic,free_tree_merge,6136,1203.137254901961
204-instcombine-binaryop-match-match-n45-d16.pbqp,llvm,heuristic,free_conditioning_device,8740,1713.7254901960785
205-instcombine-binaryop-match-match-n17-d16.pbqp,llvm,heuristic,none,3004,2905.222437137331
205-instcombine-binaryop-match-match-n17-d16.pbqp,llvm,heuristic,free_descriptor_frontend,2687,2598.6460348162477
205-instcombine-binaryop-match-match-n17-d16.pbqp,llvm,heuristic,zero_memory_wait,2436,2355.899419729207
205-instcombine-binaryop-match-match-n17-d16.pbqp,llvm,heuristic,free_operand_service,1768,1709.8646034816247
205-instcombine-binaryop-match-match-n17-d16.pbqp,llvm,heuristic,free_arithmetic,2716,2626.6924564796905
205-instcombine-binaryop-match-match-n17-d16.pbqp,llvm,heuristic,free_tree_merge,2224,2150.870406189555
205-instcombine-binaryop-match-match-n17-d16.pbqp,llvm,heuristic,free_conditioning_device,3004,2905.222437137331
206-instcombine-binaryop-match-match-n21-d16.pbqp,llvm,heuristic,none,3004,2743.37899543379
206-instcombine-binaryop-match-match-n21-d16.pbqp,llvm,heuristic,free_descriptor_frontend,2687,2453.8812785388127
206-instcombine-binaryop-match-match-n21-d16.pbqp,llvm,heuristic,zero_memory_wait,2436,2224.6575342465753
206-instcombine-binaryop-match-match-n21-d16.pbqp,llvm,heuristic,free_operand_service,1768,1614.6118721461187
206-instcombine-binaryop-match-match-n21-d16.pbqp,llvm,heuristic,free_arithmetic,2716,2480.365296803653
206-instcombine-binaryop-match-match-n21-d16.pbqp,llvm,heuristic,free_tree_merge,2224,2031.0502283105022
206-instcombine-binaryop-match-match-n21-d16.pbqp,llvm,heuristic,free_conditioning_device,3004,2743.37899543379
207-instcombine-binaryop-match-match-n18-d16.pbqp,llvm,heuristic,none,4670,3947.5908706677938
207-instcombine-binaryop-match-match-n18-d16.pbqp,llvm,heuristic,free_descriptor_frontend,4452,3763.3136094674555
207-instcombine-binaryop-match-match-n18-d16.pbqp,llvm,heuristic,zero_memory_wait,3868,3269.6534234995775
207-instcombine-binaryop-match-match-n18-d16.pbqp,llvm,heuristic,free_operand_service,2813,2377.852916314455
207-instcombine-binaryop-match-match-n18-d16.pbqp,llvm,heuristic,free_arithmetic,4138,3497.8867286559594
207-instcombine-binaryop-match-match-n18-d16.pbqp,llvm,heuristic,free_tree_merge,3242,2740.4902789518173
207-instcombine-binaryop-match-match-n18-d16.pbqp,llvm,heuristic,free_conditioning_device,4670,3947.5908706677938
208-instcombine-binaryop-match-match-n28-d16.pbqp,llvm,heuristic,none,969,1588.5245901639344
208-instcombine-binaryop-match-match-n28-d16.pbqp,llvm,heuristic,free_descriptor_frontend,782,1281.967213114754
208-instcombine-binaryop-match-match-n28-d16.pbqp,llvm,heuristic,zero_memory_wait,765,1254.0983606557377
208-instcombine-binaryop-match-match-n28-d16.pbqp,llvm,heuristic,free_operand_service,561,919.672131147541
208-instcombine-binaryop-match-match-n28-d16.pbqp,llvm,heuristic,free_arithmetic,905,1483.6065573770493
208-instcombine-binaryop-match-match-n28-d16.pbqp,llvm,heuristic,free_tree_merge,777,1273.7704918032787
208-instcombine-binaryop-match-match-n28-d16.pbqp,llvm,heuristic,free_conditioning_device,969,1588.5245901639344
209-instcombine-binaryop-match-match-n15-d16.pbqp,llvm,none,none,847943,3626.260509592275
209-instcombine-binaryop-match-match-n15-d16.pbqp,llvm,none,free_descriptor_frontend,778842,3330.7474533215873
209-instcombine-binaryop-match-match-n15-d16.pbqp,llvm,none,zero_memory_wait,689512,2948.724308697623
209-instcombine-binaryop-match-match-n15-d16.pbqp,llvm,none,free_operand_service,520811,2227.2680619584835
209-instcombine-binaryop-match-match-n15-d16.pbqp,llvm,none,free_arithmetic,763357,3264.5252615103022
209-instcombine-binaryop-match-match-n15-d16.pbqp,llvm,none,free_tree_merge,629981,2694.137721631585
209-instcombine-binaryop-match-match-n15-d16.pbqp,llvm,none,free_conditioning_device,779623,3334.0874295440353
209-instcombine-binaryop-match-match-n15-d16.pbqp,llvm,heuristic,none,3004,2565.3287788215202
209-instcombine-binaryop-match-match-n15-d16.pbqp,llvm,heuristic,free_descriptor_frontend,2687,2294.6199829205807
209-instcombine-binaryop-match-match-n15-d16.pbqp,llvm,heuristic,zero_memory_wait,2436,2080.2732707087957
209-instcombine-binaryop-match-match-n15-d16.pbqp,llvm,heuristic,free_operand_service,1768,1509.8206660973526
209-instcombine-binaryop-match-match-n15-d16.pbqp,llvm,heuristic,free_arithmetic,2716,2319.385140905209
209-instcombine-binaryop-match-match-n15-d16.pbqp,llvm,heuristic,free_tree_merge,2224,1899.2314261315116
209-instcombine-binaryop-match-match-n15-d16.pbqp,llvm,heuristic,free_conditioning_device,3004,2565.3287788215202
210-instcombine-binaryop-match-match-n19-d16.pbqp,llvm,heuristic,none,7074,3230.1369863013697
210-instcombine-binaryop-match-match-n19-d16.pbqp,llvm,heuristic,free_descriptor_frontend,6497,2966.6666666666665
210-instcombine-binaryop-match-match-n19-d16.pbqp,llvm,heuristic,zero_memory_wait,5778,2638.3561643835615
210-instcombine-binaryop-match-match-n19-d16.pbqp,llvm,heuristic,free_operand_service,4182,1909.5890410958905
210-instcombine-binaryop-match-match-n19-d16.pbqp,llvm,heuristic,free_arithmetic,6338,2894.0639269406392
210-instcombine-binaryop-match-match-n19-d16.pbqp,llvm,heuristic,free_tree_merge,5118,2336.986301369863
210-instcombine-binaryop-match-match-n19-d16.pbqp,llvm,heuristic,free_conditioning_device,7074,3230.1369863013697
211-instcombine-binaryop-match-match-n19-d16.pbqp,llvm,heuristic,none,7074,2560.2605863192184
211-instcombine-binaryop-match-match-n19-d16.pbqp,llvm,heuristic,free_descriptor_frontend,6497,2351.429605501267
211-instcombine-binaryop-match-match-n19-d16.pbqp,llvm,heuristic,zero_memory_wait,5778,2091.2052117263843
211-instcombine-binaryop-match-match-n19-d16.pbqp,llvm,heuristic,free_operand_service,4182,1513.57220412595
211-instcombine-binaryop-match-match-n19-d16.pbqp,llvm,heuristic,free_arithmetic,6338,2293.8834600072387
211-instcombine-binaryop-match-match-n19-d16.pbqp,llvm,heuristic,free_tree_merge,5118,1852.3344191096635
211-instcombine-binaryop-match-match-n19-d16.pbqp,llvm,heuristic,free_conditioning_device,7074,2560.2605863192184
212-instcombine-binaryop-match-match-n29-d16.pbqp,llvm,heuristic,none,13397,3392.504431501646
212-instcombine-binaryop-match-match-n29-d16.pbqp,llvm,heuristic,free_descriptor_frontend,12636,3199.797417067612
212-instcombine-binaryop-match-match-n29-d16.pbqp,llvm,heuristic,zero_memory_wait,11031,2793.3654089642946
212-instcombine-binaryop-match-match-n29-d16.pbqp,llvm,heuristic,free_operand_service,7964,2016.7130919220056
212-instcombine-binaryop-match-match-n29-d16.pbqp,llvm,heuristic,free_arithmetic,11905,3014.687262598126
212-instcombine-binaryop-match-match-n29-d16.pbqp,llvm,heuristic,free_tree_merge,9449,2392.757660167131
212-instcombine-binaryop-match-match-n29-d16.pbqp,llvm,heuristic,free_conditioning_device,13397,3392.504431501646
213-instcombine-binaryop-match-match-n16-d16.pbqp,llvm,heuristic,none,3004,2807.4766355140187
213-instcombine-binaryop-match-match-n16-d16.pbqp,llvm,heuristic,free_descriptor_frontend,2687,2511.214953271028
213-instcombine-binaryop-match-match-n16-d16.pbqp,llvm,heuristic,zero_memory_wait,2436,2276.6355140186915
213-instcombine-binaryop-match-match-n16-d16.pbqp,llvm,heuristic,free_operand_service,1768,1652.3364485981308
213-instcombine-binaryop-match-match-n16-d16.pbqp,llvm,heuristic,free_arithmetic,2716,2538.3177570093458
213-instcombine-binaryop-match-match-n16-d16.pbqp,llvm,heuristic,free_tree_merge,2224,2078.504672897196
213-instcombine-binaryop-match-match-n16-d16.pbqp,llvm,heuristic,free_conditioning_device,3004,2807.4766355140187
214-instcombine-binaryop-match-match-n17-d16.pbqp,llvm,heuristic,none,7661,3232.4894514767934
214-instcombine-binaryop-match-match-n17-d16.pbqp,llvm,heuristic,free_descriptor_frontend,7061,2979.324894514768
214-instcombine-binaryop-match-match-n17-d16.pbqp,llvm,heuristic,zero_memory_wait,6257,2640.084388185654
214-instcombine-binaryop-match-match-n17-d16.pbqp,llvm,heuristic,free_operand_service,4505,1900.84388185654
214-instcombine-binaryop-match-match-n17-d16.pbqp,llvm,heuristic,free_arithmetic,6861,2894.9367088607596
214-instcombine-binaryop-match-match-n17-d16.pbqp,llvm,heuristic,free_tree_merge,5537,2336.2869198312237
214-instcombine-binaryop-match-match-n17-d16.pbqp,llvm,heuristic,free_conditioning_device,7661,3232.4894514767934
215-instcombine-binaryop-match-match-n41-d16.pbqp,llvm,heuristic,none,4657,4161.751563896336
215-instcombine-binaryop-match-match-n41-d16.pbqp,llvm,heuristic,free_descriptor_frontend,4374,3908.847184986595
215-instcombine-binaryop-match-match-n41-d16.pbqp,llvm,heuristic,zero_memory_wait,3821,3414.655942806077
215-instcombine-binaryop-match-match-n41-d16.pbqp,llvm,heuristic,free_operand_service,2737,2445.9338695263627
215-instcombine-binaryop-match-match-n41-d16.pbqp,llvm,heuristic,free_arithmetic,4145,3704.20017873101
215-instcombine-binaryop-match-match-n41-d16.pbqp,llvm,heuristic,free_tree_merge,3313,2960.679177837355
215-instcombine-binaryop-match-match-n41-d16.pbqp,llvm,heuristic,free_conditioning_device,4657,4161.751563896336
216-instcombine-binaryop-match-match-n15-d16.pbqp,llvm,none,none,689045,4319.327256998859
216-instcombine-binaryop-match-match-n15-d16.pbqp,llvm,none,free_descriptor_frontend,606448,3801.5621278036183
216-instcombine-binaryop-match-match-n15-d16.pbqp,llvm,none,zero_memory_wait,552158,3461.241427729649
216-instcombine-binaryop-match-match-n15-d16.pbqp,llvm,none,free_operand_service,451121,2827.883855923172
216-instcombine-binaryop-match-match-n15-d16.pbqp,llvm,none,free_arithmetic,633177,3969.114752454145
216-instcombine-binaryop-match-match-n15-d16.pbqp,llvm,none,free_tree_merge,548129,3435.9853566189836
216-instcombine-binaryop-match-match-n15-d16.pbqp,llvm,none,free_conditioning_device,573459,3594.76825094342
216-instcombine-binaryop-match-match-n15-d16.pbqp,llvm,heuristic,none,7074,3121.80052956752
216-instcombine-binaryop-match-match-n15-d16.pbqp,llvm,heuristic,free_descriptor_frontend,6497,2867.1668137687557
216-instcombine-binaryop-match-match-n15-d16.pbqp,llvm,heuristic,zero_memory_wait,5778,2549.867608120035
216-instcombine-binaryop-match-match-n15-d16.pbqp,llvm,heuristic,free_operand_service,4182,1845.5428067078553
216-instcombine-binaryop-match-match-n15-d16.pbqp,llvm,heuristic,free_arithmetic,6338,2796.999117387467
216-instcombine-binaryop-match-match-n15-d16.pbqp,llvm,heuristic,free_tree_merge,5118,2258.6054721977052
216-instcombine-binaryop-match-match-n15-d16.pbqp,llvm,heuristic,free_conditioning_device,7074,3121.80052956752
217-instcombine-binaryop-match-match-n51-d16.pbqp,llvm,heuristic,none,15167,3068.3795266032776
217-instcombine-binaryop-match-match-n51-d16.pbqp,llvm,heuristic,free_descriptor_frontend,13902,2812.4620675703013
217-instcombine-binaryop-match-match-n51-d16.pbqp,llvm,heuristic,zero_memory_wait,12376,2503.742666396925
217-instcombine-binaryop-match-match-n51-d16.pbqp,llvm,heuristic,free_operand_service,8942,1809.022860610965
217-instcombine-binaryop-match-match-n51-d16.pbqp,llvm,heuristic,free_arithmetic,13603,2751.9724863443253
217-instcombine-binaryop-match-match-n51-d16.pbqp,llvm,heuristic,free_tree_merge,11003,2225.9761278575766
217-instcombine-binaryop-match-match-n51-d16.pbqp,llvm,heuristic,free_conditioning_device,15167,3068.3795266032776
218-instcombine-binaryop-match-match-n28-d16.pbqp,llvm,heuristic,none,17273,3306.4701378254213
218-instcombine-binaryop-match-match-n28-d16.pbqp,llvm,heuristic,free_descriptor_frontend,16046,3071.5926493108727
218-instcombine-binaryop-match-match-n28-d16.pbqp,llvm,heuristic,zero_memory_wait,14149,2708.460949464012
218-instcombine-binaryop-match-match-n28-d16.pbqp,llvm,heuristic,free_operand_service,10217,1955.781010719755
218-instcombine-binaryop-match-match-n28-d16.pbqp,llvm,heuristic,free_arithmetic,15417,2951.1868300153137
218-instcombine-binaryop-match-match-n28-d16.pbqp,llvm,heuristic,free_tree_merge,12377,2369.2572741194485
218-instcombine-binaryop-match-match-n28-d16.pbqp,llvm,heuristic,free_conditioning_device,17273,3306.4701378254213
219-instcombine-binaryop-match-match-n15-d16.pbqp,llvm,none,none,244440,4417.377475784299
219-instcombine-binaryop-match-match-n15-d16.pbqp,llvm,none,free_descriptor_frontend,224647,4059.6898944629174
219-instcombine-binaryop-match-match-n15-d16.pbqp,llvm,none,zero_memory_wait,197971,3577.6167413618623
219-instcombine-binaryop-match-match-n15-d16.pbqp,llvm,none,free_operand_service,152163,2749.801214399306
219-instcombine-binaryop-match-match-n15-d16.pbqp,llvm,none,free_arithmetic,221826,4008.7104235940437
219-instcombine-binaryop-match-match-n15-d16.pbqp,llvm,none,free_tree_merge,185556,3353.260083851381
219-instcombine-binaryop-match-match-n15-d16.pbqp,llvm,none,free_conditioning_device,224828,4062.960821165245
219-instcombine-binaryop-match-match-n15-d16.pbqp,llvm,heuristic,none,17072,3428.800964049006
219-instcombine-binaryop-match-match-n15-d16.pbqp,llvm,heuristic,free_descriptor_frontend,16074,3228.3591082546695
219-instcombine-binaryop-match-match-n15-d16.pbqp,llvm,heuristic,zero_memory_wait,14022,2816.228158264712
219-instcombine-binaryop-match-match-n15-d16.pbqp,llvm,heuristic,free_operand_service,10055,2019.4818236593694
219-instcombine-binaryop-match-match-n15-d16.pbqp,llvm,heuristic,free_arithmetic,15196,3052.018477605945
219-instcombine-binaryop-match-match-n15-d16.pbqp,llvm,heuristic,free_tree_merge,12116,2433.420365535248
219-instcombine-binaryop-match-match-n15-d16.pbqp,llvm,heuristic,free_conditioning_device,17072,3428.800964049006
220-instcombine-binaryop-match-match-n45-d16.pbqp,llvm,heuristic,none,11252,2894.7774633393365
220-instcombine-binaryop-match-match-n45-d16.pbqp,llvm,heuristic,free_descriptor_frontend,10312,2652.945716490867
220-instcombine-binaryop-match-match-n45-d16.pbqp,llvm,heuristic,zero_memory_wait,9172,2359.660406483149
220-instcombine-binaryop-match-match-n45-d16.pbqp,llvm,heuristic,free_operand_service,6596,1696.9385129920247
220-instcombine-binaryop-match-match-n45-d16.pbqp,llvm,heuristic,free_arithmetic,10100,2598.4049395420634
220-instcombine-binaryop-match-match-n45-d16.pbqp,llvm,heuristic,free_tree_merge,8180,2104.450733213275
220-instcombine-binaryop-match-match-n45-d16.pbqp,llvm,heuristic,free_conditioning_device,11252,2894.7774633393365
221-instcombine-binaryop-match-match-n27-d16.pbqp,llvm,heuristic,none,3004,2343.213728549142
221-instcombine-binaryop-match-match-n27-d16.pbqp,llvm,heuristic,free_descriptor_frontend,2687,2095.9438377535103
221-instcombine-binaryop-match-match-n27-d16.pbqp,llvm,heuristic,zero_memory_wait,2436,1900.1560062402496
221-instcombine-binaryop-match-match-n27-d16.pbqp,llvm,heuristic,free_operand_service,1768,1379.0951638065524
221-instcombine-binaryop-match-match-n27-d16.pbqp,llvm,heuristic,free_arithmetic,2716,2118.5647425897037
221-instcombine-binaryop-match-match-n27-d16.pbqp,llvm,heuristic,free_tree_merge,2224,1734.789391575663
221-instcombine-binaryop-match-match-n27-d16.pbqp,llvm,heuristic,free_conditioning_device,3004,2343.213728549142
222-instcombine-binaryop-match-match-n33-d16.pbqp,llvm,heuristic,none,9109,3312.3636363636365
222-instcombine-binaryop-match-match-n33-d16.pbqp,llvm,heuristic,free_descriptor_frontend,8402,3055.2727272727275
222-instcombine-binaryop-match-match-n33-d16.pbqp,llvm,heuristic,zero_memory_wait,7449,2708.7272727272725
222-instcombine-binaryop-match-match-n33-d16.pbqp,llvm,heuristic,free_operand_service,5389,1959.6363636363637
222-instcombine-binaryop-match-match-n33-d16.pbqp,llvm,heuristic,free_arithmetic,8149,2963.2727272727275
222-instcombine-binaryop-match-match-n33-d16.pbqp,llvm,heuristic,free_tree_merge,6565,2387.2727272727275
222-instcombine-binaryop-match-match-n33-d16.pbqp,llvm,heuristic,free_conditioning_device,9109,3312.3636363636365
223-instcombine-binaryop-match-match-n16-d16.pbqp,llvm,none,none,162516,4012.5425904893586
223-instcombine-binaryop-match-match-n16-d16.pbqp,llvm,none,free_descriptor_frontend,148110,3656.8564515332578
223-instcombine-binaryop-match-match-n16-d16.pbqp,llvm,none,zero_memory_wait,131740,3252.678880055306
223-instcombine-binaryop-match-match-n16-d16.pbqp,llvm,none,free_operand_service,100248,2475.1370302701102
223-instcombine-binaryop-match-match-n16-d16.pbqp,llvm,none,free_arithmetic,146662,3621.105130610834
223-instcombine-binaryop-match-match-n16-d16.pbqp,llvm,none,free_tree_merge,122196,3017.03619574342
223-instcombine-binaryop-match-match-n16-d16.pbqp,llvm,none,free_conditioning_device,142664,3522.393955854032
223-instcombine-binaryop-match-match-n16-d16.pbqp,llvm,heuristic,none,15373,2202.1200401088668
223-instcombine-binaryop-match-match-n16-d16.pbqp,llvm,heuristic,free_descriptor_frontend,14417,2065.1769087523276
223-instcombine-binaryop-match-match-n16-d16.pbqp,llvm,heuristic,zero_memory_wait,12628,1808.909898295373
223-instcombine-binaryop-match-match-n16-d16.pbqp,llvm,heuristic,free_operand_service,9103,1303.9679129064605
223-instcombine-binaryop-match-match-n16-d16.pbqp,llvm,heuristic,free_arithmetic,13693,1961.4668385618106
223-instcombine-binaryop-match-match-n16-d16.pbqp,llvm,heuristic,free_tree_merge,10921,1564.3890560091677
223-instcombine-binaryop-match-match-n16-d16.pbqp,llvm,heuristic,free_conditioning_device,15373,2202.1200401088668
224-instcombine-binaryop-match-match-n14-d16.pbqp,llvm,heuristic,none,10296,3681.086878798713
224-instcombine-binaryop-match-match-n14-d16.pbqp,llvm,heuristic,free_descriptor_frontend,9608,3435.109045405792
224-instcombine-binaryop-match-match-n14-d16.pbqp,llvm,heuristic,zero_memory_wait,8454,3022.5241329996425
224-instcombine-binaryop-match-match-n14-d16.pbqp,llvm,heuristic,free_operand_service,6111,2184.84090096532
224-instcombine-binaryop-match-match-n14-d16.pbqp,llvm,heuristic,free_arithmetic,9188,3284.948158741509
224-instcombine-binaryop-match-match-n14-d16.pbqp,llvm,heuristic,free_tree_merge,7332,2621.380050053629
224-instcombine-binaryop-match-match-n14-d16.pbqp,llvm,heuristic,free_conditioning_device,10296,3681.086878798713
225-instcombine-binaryop-match-match-n14-d16.pbqp,llvm,heuristic,none,10296,2550.408719346049
225-instcombine-binaryop-match-match-n14-d16.pbqp,llvm,heuristic,free_descriptor_frontend,9608,2379.9851374783257
225-instcombine-binaryop-match-match-n14-d16.pbqp,llvm,heuristic,zero_memory_wait,8454,2094.1293039385682
225-instcombine-binaryop-match-match-n14-d16.pbqp,llvm,heuristic,free_operand_service,6111,1513.7478325489224
225-instcombine-binaryop-match-match-n14-d16.pbqp,llvm,heuristic,free_arithmetic,9188,2275.94748575675
225-instcombine-binaryop-match-match-n14-d16.pbqp,llvm,heuristic,free_tree_merge,7332,1816.2001486252168
225-instcombine-binaryop-match-match-n14-d16.pbqp,llvm,heuristic,free_conditioning_device,10296,2550.408719346049
226-instcombine-binaryop-match-match-n17-d16.pbqp,llvm,heuristic,none,4670,4107.299912049252
226-instcombine-binaryop-match-match-n17-d16.pbqp,llvm,heuristic,free_descriptor_frontend,4452,3915.5672823218997
226-instcombine-binaryop-match-match-n17-d16.pbqp,llvm,heuristic,zero_memory_wait,3868,3401.93491644679
226-instcombine-binaryop-match-match-n17-d16.pbqp,llvm,heuristic,free_operand_service,2813,2474.0545294635003
226-instcombine-binaryop-match-match-n17-d16.pbqp,llvm,heuristic,free_arithmetic,4138,3639.401934916447
226-instcombine-binaryop-match-match-n17-d16.pbqp,llvm,heuristic,free_tree_merge,3242,2851.363236587511
226-instcombine-binaryop-match-match-n17-d16.pbqp,llvm,heuristic,free_conditioning_device,4670,4107.299912049252
227-instcombine-binaryop-match-match-n31-d16.pbqp,llvm,heuristic,none,3004,2587.4246339362617
227-instcombine-binaryop-match-match-n31-d16.pbqp,llvm,heuristic,free_descriptor_frontend,2687,2314.384151593454
227-instcombine-binaryop-match-match-n31-d16.pbqp,llvm,heuristic,zero_memory_wait,2436,2098.191214470284
227-instcombine-binaryop-match-match-n31-d16.pbqp,llvm,heuristic,free_operand_service,1768,1522.8251507321274
227-instcombine-binaryop-match-match-n31-d16.pbqp,llvm,heuristic,free_arithmetic,2716,2339.3626184323857
227-instcombine-binaryop-match-match-n31-d16.pbqp,llvm,heuristic,free_tree_merge,2224,1915.5900086132644
227-instcombine-binaryop-match-match-n31-d16.pbqp,llvm,heuristic,free_conditioning_device,3004,2587.4246339362617
228-instcombine-binaryop-match-match-n31-d16.pbqp,llvm,heuristic,none,3004,2748.3989021043003
228-instcombine-binaryop-match-match-n31-d16.pbqp,llvm,heuristic,free_descriptor_frontend,2687,2458.3714547118025
228-instcombine-binaryop-match-match-n31-d16.pbqp,llvm,heuristic,zero_memory_wait,2436,2228.7282708142725
228-instcombine-binaryop-match-match-n31-d16.pbqp,llvm,heuristic,free_operand_service,1768,1617.566331198536
228-instcombine-binaryop-match-match-n31-d16.pbqp,llvm,heuristic,free_arithmetic,2716,2484.903934126258
228-instcombine-binaryop-match-match-n31-d16.pbqp,llvm,heuristic,free_tree_merge,2224,2034.7666971637695
228-instcombine-binaryop-match-match-n31-d16.pbqp,llvm,heuristic,free_conditioning_device,3004,2748.3989021043003
229-instcombine-binaryop-match-match-n29-d16.pbqp,llvm,heuristic,none,5207,3554.2662116040956
229-instcombine-binaryop-match-match-n29-d16.pbqp,llvm,heuristic,free_descriptor_frontend,4890,3337.8839590443686
229-instcombine-binaryop-match-match-n29-d16.pbqp,llvm,heuristic,zero_memory_wait,4292,2929.692832764505
229-instcombine-binaryop-match-match-n29-d16.pbqp,llvm,heuristic,free_operand_service,3119,2129.0102389078497
229-instcombine-binaryop-match-match-n29-d16.pbqp,llvm,heuristic,free_arithmetic,4639,3166.5529010238906
229-instcombine-binaryop-match-match-n29-d16.pbqp,llvm,heuristic,free_tree_merge,3671,2505.80204778157
229-instcombine-binaryop-match-match-n29-d16.pbqp,llvm,heuristic,free_conditioning_device,5207,3554.2662116040956
230-instcombine-binaryop-match-match-n17-d16.pbqp,llvm,heuristic,none,1401,1893.2432432432433
230-instcombine-binaryop-match-match-n17-d16.pbqp,llvm,heuristic,free_descriptor_frontend,1126,1521.6216216216217
230-instcombine-binaryop-match-match-n17-d16.pbqp,llvm,heuristic,zero_memory_wait,1106,1494.5945945945946
230-instcombine-binaryop-match-match-n17-d16.pbqp,llvm,heuristic,free_operand_service,816,1102.7027027027027
230-instcombine-binaryop-match-match-n17-d16.pbqp,llvm,heuristic,free_arithmetic,1309,1768.918918918919
230-instcombine-binaryop-match-match-n17-d16.pbqp,llvm,heuristic,free_tree_merge,1125,1520.2702702702702
230-instcombine-binaryop-match-match-n17-d16.pbqp,llvm,heuristic,free_conditioning_device,1401,1893.2432432432433
231-instcombine-binaryop-match-match-n33-d16.pbqp,llvm,heuristic,none,4670,3950.9306260575295
231-instcombine-binaryop-match-match-n33-d16.pbqp,llvm,heuristic,free_descriptor_frontend,4452,3766.497461928934
231-instcombine-binaryop-match-match-n33-d16.pbqp,llvm,heuristic,zero_memory_wait,3868,3272.419627749577
231-instcombine-binaryop-match-match-n33-d16.pbqp,llvm,heuristic,free_operand_service,2813,2379.864636209814
231-instcombine-binaryop-match-match-n33-d16.pbqp,llvm,heuristic,free_arithmetic,4138,3500.846023688663
231-instcombine-binaryop-match-match-n33-d16.pbqp,llvm,heuristic,free_tree_merge,3242,2742.808798646362
231-instcombine-binaryop-match-match-n33-d16.pbqp,llvm,heuristic,free_conditioning_device,4670,3950.9306260575295
232-instcombine-binaryop-match-match-n26-d16.pbqp,llvm,heuristic,none,6273,3642.8571428571427
232-instcombine-binaryop-match-match-n26-d16.pbqp,llvm,heuristic,free_descriptor_frontend,6013,3491.869918699187
232-instcombine-binaryop-match-match-n26-d16.pbqp,llvm,heuristic,zero_memory_wait,5198,3018.583042973287
232-instcombine-binaryop-match-match-n26-d16.pbqp,llvm,heuristic,free_operand_service,3765,2186.411149825784
232-instcombine-binaryop-match-match-n26-d16.pbqp,llvm,heuristic,free_arithmetic,5545,3220.0929152148665
232-instcombine-binaryop-match-match-n26-d16.pbqp,llvm,heuristic,free_tree_merge,4341,2520.905923344948
232-instcombine-binaryop-match-match-n26-d16.pbqp,llvm,heuristic,free_conditioning_device,6273,3642.8571428571427
233-instcombine-binaryop-match-match-n17-d16.pbqp,llvm,heuristic,none,5626,3585.72339069471
233-instcombine-binaryop-match-match-n17-d16.pbqp,llvm,heuristic,free_descriptor_frontend,5156,3286.1695347355003
233-instcombine-binaryop-match-match-n17-d16.pbqp,llvm,heuristic,zero_memory_wait,4586,2922.880815806246
233-instcombine-binaryop-match-match-n17-d16.pbqp,llvm,heuristic,free_operand_service,3298,2101.9757807520714
233-instcombine-binaryop-match-match-n17-d16.pbqp,llvm,heuristic,free_arithmetic,5050,3218.610579987253
233-instcombine-binaryop-match-match-n17-d16.pbqp,llvm,heuristic,free_tree_merge,4090,2606.7558954748247
233-instcombine-binaryop-match-match-n17-d16.pbqp,llvm,heuristic,free_conditioning_device,5626,3585.72339069471
234-instcombine-binaryop-match-match-n19-d16.pbqp,llvm,heuristic,none,1401,1878.0160857908847
234-instcombine-binaryop-match-match-n19-d16.pbqp,llvm,heuristic,free_descriptor_frontend,1126,1509.3833780160858
234-instcombine-binaryop-match-match-n19-d16.pbqp,llvm,heuristic,zero_memory_wait,1106,1482.573726541555
234-instcombine-binaryop-match-match-n19-d16.pbqp,llvm,heuristic,free_operand_service,816,1093.833780160858
234-instcombine-binaryop-match-match-n19-d16.pbqp,llvm,heuristic,free_arithmetic,1309,1754.6916890080429
234-instcombine-binaryop-match-match-n19-d16.pbqp,llvm,heuristic,free_tree_merge,1125,1508.0428954423592
234-instcombine-binaryop-match-match-n19-d16.pbqp,llvm,heuristic,free_conditioning_device,1401,1878.0160857908847
235-instcombine-binaryop-match-match-n35-d16.pbqp,llvm,heuristic,none,7661,3227.0429654591408
235-instcombine-binaryop-match-match-n35-d16.pbqp,llvm,heuristic,free_descriptor_frontend,7061,2974.3049705139006
235-instcombine-binaryop-match-match-n35-d16.pbqp,llvm,heuristic,zero_memory_wait,6257,2635.636057287279
235-instcombine-binaryop-match-match-n35-d16.pbqp,llvm,heuristic,free_operand_service,4505,1897.6411120471778
235-instcombine-binaryop-match-match-n35-d16.pbqp,llvm,heuristic,free_arithmetic,6861,2890.0589721988204
235-instcombine-binaryop-match-match-n35-d16.pbqp,llvm,heuristic,free_tree_merge,5537,2332.3504633529906
235-instcombine-binaryop-match-match-n35-d16.pbqp,llvm,heuristic,free_conditioning_device,7661,3227.0429654591408
236-instcombine-binaryop-match-match-n18-d16.pbqp,llvm,heuristic,none,5626,3288.135593220339
236-instcombine-binaryop-match-match-n18-d16.pbqp,llvm,heuristic,free_descriptor_frontend,5156,3013.4424313267095
236-instcombine-binaryop-match-match-n18-d16.pbqp,llvm,heuristic,zero_memory_wait,4586,2680.303915838691
236-instcombine-binaryop-match-match-n18-d16.pbqp,llvm,heuristic,free_operand_service,3298,1927.5277615429573
236-instcombine-binaryop-match-match-n18-d16.pbqp,llvm,heuristic,free_arithmetic,5050,2951.490356516657
236-instcombine-binaryop-match-match-n18-d16.pbqp,llvm,heuristic,free_tree_merge,4090,2390.41496201052
236-instcombine-binaryop-match-match-n18-d16.pbqp,llvm,heuristic,free_conditioning_device,5626,3288.135593220339
237-instcombine-binaryop-match-match-n27-d16.pbqp,llvm,heuristic,none,4670,3564.885496183206
237-instcombine-binaryop-match-match-n27-d16.pbqp,llvm,heuristic,free_descriptor_frontend,4452,3398.4732824427483
237-instcombine-binaryop-match-match-n27-d16.pbqp,llvm,heuristic,zero_memory_wait,3868,2952.671755725191
237-instcombine-binaryop-match-match-n27-d16.pbqp,llvm,heuristic,free_operand_service,2813,2147.328244274809
237-instcombine-binaryop-match-match-n27-d16.pbqp,llvm,heuristic,free_arithmetic,4138,3158.7786259541986
237-instcombine-binaryop-match-match-n27-d16.pbqp,llvm,heuristic,free_tree_merge,3242,2474.8091603053435
237-instcombine-binaryop-match-match-n27-d16.pbqp,llvm,heuristic,free_conditioning_device,4670,3564.885496183206
238-instcombine-binaryop-match-match-n19-d16.pbqp,llvm,heuristic,none,7074,3297.902097902098
238-instcombine-binaryop-match-match-n19-d16.pbqp,llvm,heuristic,free_descriptor_frontend,6497,3028.904428904429
238-instcombine-binaryop-match-match-n19-d16.pbqp,llvm,heuristic,zero_memory_wait,5778,2693.7062937062938
238-instcombine-binaryop-match-match-n19-d16.pbqp,llvm,heuristic,free_operand_service,4182,1949.6503496503497
238-instcombine-binaryop-match-match-n19-d16.pbqp,llvm,heuristic,free_arithmetic,6338,2954.7785547785547
238-instcombine-binaryop-match-match-n19-d16.pbqp,llvm,heuristic,free_tree_merge,5118,2386.013986013986
238-instcombine-binaryop-match-match-n19-d16.pbqp,llvm,heuristic,free_conditioning_device,7074,3297.902097902098
239-instcombine-binaryop-match-match-n37-d16.pbqp,llvm,heuristic,none,6705,3209.6696984202968
239-instcombine-binaryop-match-match-n37-d16.pbqp,llvm,heuristic,free_descriptor_frontend,6357,3043.0828147438965
239-instcombine-binaryop-match-match-n37-d16.pbqp,llvm,heuristic,zero_memory_wait,5539,2651.507898516036
239-instcombine-binaryop-match-match-n37-d16.pbqp,llvm,heuristic,free_operand_service,4020,1924.3657252273815
239-instcombine-binaryop-match-match-n37-d16.pbqp,llvm,heuristic,free_arithmetic,5949,2847.7740545715656
239-instcombine-binaryop-match-match-n37-d16.pbqp,llvm,heuristic,free_tree_merge,4689,2244.614648157013
239-instcombine-binaryop-match-match-n37-d16.pbqp,llvm,heuristic,free_conditioning_device,6705,3209.6696984202968
240-instcombine-binaryop-match-match-n20-d16.pbqp,llvm,heuristic,none,969,1993.8271604938273
240-instcombine-binaryop-match-match-n20-d16.pbqp,llvm,heuristic,free_descriptor_frontend,782,1609.053497942387
240-instcombine-binaryop-match-match-n20-d16.pbqp,llvm,heuristic,zero_memory_wait,765,1574.0740740740741
240-instcombine-binaryop-match-match-n20-d16.pbqp,llvm,heuristic,free_operand_service,561,1154.320987654321
240-instcombine-binaryop-match-match-n20-d16.pbqp,llvm,heuristic,free_arithmetic,905,1862.1399176954733
240-instcombine-binaryop-match-match-n20-d16.pbqp,llvm,heuristic,free_tree_merge,777,1598.7654320987654
240-instcombine-binaryop-match-match-n20-d16.pbqp,llvm,heuristic,free_conditioning_device,969,1993.8271604938273
241-instcombine-binaryop-match-match-n17-d16.pbqp,llvm,none,none,353624,4163.172084152529
241-instcombine-binaryop-match-match-n17-d16.pbqp,llvm,none,free_descriptor_frontend,323888,3813.0937945161936
241-instcombine-binaryop-match-match-n17-d16.pbqp,llvm,none,zero_memory_wait,286928,3377.968236776115
241-instcombine-binaryop-match-match-n17-d16.pbqp,llvm,none,free_operand_service,217505,2560.6597520631967
241-instcombine-binaryop-match-match-n17-d16.pbqp,llvm,none,free_arithmetic,318858,3753.876219964446
241-instcombine-binaryop-match-match-n17-d16.pbqp,llvm,none,free_tree_merge,264836,3117.881823854205
241-instcombine-binaryop-match-match-n17-d16.pbqp,llvm,none,free_conditioning_device,310948,3660.7527577965884
241-instcombine-binaryop-match-match-n17-d16.pbqp,llvm,heuristic,none,10535,3404.977375565611
241-instcombine-binaryop-match-match-n17-d16.pbqp,llvm,heuristic,free_descriptor_frontend,9797,3166.4511958629605
241-instcombine-binaryop-match-match-n17-d16.pbqp,llvm,heuristic,zero_memory_wait,8648,2795.087265675501
241-instcombine-binaryop-match-match-n17-d16.pbqp,llvm,heuristic,free_operand_service,6290,2032.967032967033
241-instcombine-binaryop-match-match-n17-d16.pbqp,llvm,heuristic,free_arithmetic,9387,3033.9366515837105
241-instcombine-binaryop-match-match-n17-d16.pbqp,llvm,heuristic,free_tree_merge,7511,2427.601809954751
241-instcombine-binaryop-match-match-n17-d16.pbqp,llvm,heuristic,free_conditioning_device,10535,3404.977375565611
242-instcombine-binaryop-match-match-n17-d16.pbqp,llvm,none,none,353624,4241.672564142547
242-instcombine-binaryop-match-match-n17-d16.pbqp,llvm,none,free_descriptor_frontend,323888,3884.9932229005985
242-instcombine-binaryop-match-match-n17-d16.pbqp,llvm,none,zero_memory_wait,286928,3441.662968249589
242-instcombine-binaryop-match-match-n17-d16.pbqp,llvm,none,free_operand_service,217505,2608.9433722366825
242-instcombine-binaryop-match-match-n17-d16.pbqp,llvm,none,free_arithmetic,318858,3824.6590459283425
242-instcombine-binaryop-match-match-n17-d16.pbqp,llvm,none,free_tree_merge,264836,3176.672384219554
242-instcombine-binaryop-match-match-n17-d16.pbqp,llvm,none,free_conditioning_device,310948,3729.779654307956
242-instcombine-binaryop-match-match-n17-d16.pbqp,llvm,heuristic,none,10535,3532.8638497652582
242-instcombine-binaryop-match-match-n17-d16.pbqp,llvm,heuristic,free_descriptor_frontend,9797,3285.378940308518
242-instcombine-binaryop-match-match-n17-d16.pbqp,llvm,heuristic,zero_memory_wait,8648,2900.0670690811535
242-instcombine-binaryop-match-match-n17-d16.pbqp,llvm,heuristic,free_operand_service,6290,2109.3226022803487
242-instcombine-binaryop-match-match-n17-d16.pbqp,llvm,heuristic,free_arithmetic,9387,3147.887323943662
242-instcombine-binaryop-match-match-n17-d16.pbqp,llvm,heuristic,free_tree_merge,7511,2518.779342723005
242-instcombine-binaryop-match-match-n17-d16.pbqp,llvm,heuristic,free_conditioning_device,10535,3532.8638497652582
243-instcombine-binaryop-match-match-n17-d16.pbqp,llvm,none,none,353624,4319.4410514486735
243-instcombine-binaryop-match-match-n17-d16.pbqp,llvm,none,free_descriptor_frontend,323888,3956.2222113646358
243-instcombine-binaryop-match-match-n17-d16.pbqp,llvm,none,zero_memory_wait,286928,3504.763766062442
243-instcombine-binaryop-match-match-n17-d16.pbqp,llvm,none,free_operand_service,217505,2656.776762593443
243-instcombine-binaryop-match-match-n17-d16.pbqp,llvm,none,free_arithmetic,318858,3894.7818439439097
243-instcombine-binaryop-match-match-n17-d16.pbqp,llvm,none,free_tree_merge,264836,3234.9147408022673
243-instcombine-binaryop-match-match-n17-d16.pbqp,llvm,none,free_conditioning_device,310948,3798.162896369766
243-instcombine-binaryop-match-match-n17-d16.pbqp,llvm,heuristic,none,10535,3298.3719474013774
243-instcombine-binaryop-match-match-n17-d16.pbqp,llvm,heuristic,free_descriptor_frontend,9797,3067.313713212273
243-instcombine-binaryop-match-match-n17-d16.pbqp,llvm,heuristic,zero_memory_wait,8648,2707.5767063243584
243-instcombine-binaryop-match-match-n17-d16.pbqp,llvm,heuristic,free_operand_service,6290,1969.3174702567314
243-instcombine-binaryop-match-match-n17-d16.pbqp,llvm,heuristic,free_arithmetic,9387,2938.9480275516594
243-instcombine-binaryop-match-match-n17-d16.pbqp,llvm,heuristic,free_tree_merge,7511,2351.596743894803
243-instcombine-binaryop-match-match-n17-d16.pbqp,llvm,heuristic,free_conditioning_device,10535,3298.3719474013774
244-instcombine-binaryop-match-match-n19-d16.pbqp,llvm,heuristic,none,6595,3364.795918367347
244-instcombine-binaryop-match-match-n19-d16.pbqp,llvm,heuristic,free_descriptor_frontend,5938,3029.591836734694
244-instcombine-binaryop-match-match-n19-d16.pbqp,llvm,heuristic,zero_memory_wait,5351,2730.1020408163267
244-instcombine-binaryop-match-match-n19-d16.pbqp,llvm,heuristic,free_operand_service,3859,1968.8775510204082
244-instcombine-binaryop-match-match-n19-d16.pbqp,llvm,heuristic,free_arithmetic,5955,3038.265306122449
244-instcombine-binaryop-match-match-n19-d16.pbqp,llvm,heuristic,free_tree_merge,4867,2483.1632653061224
244-instcombine-binaryop-match-match-n19-d16.pbqp,llvm,heuristic,free_conditioning_device,6595,3364.795918367347
245-instcombine-binaryop-match-match-n31-d16.pbqp,llvm,heuristic,none,2899,2890.329012961117
245-instcombine-binaryop-match-match-n31-d16.pbqp,llvm,heuristic,free_descriptor_frontend,2593,2585.244267198405
245-instcombine-binaryop-match-match-n31-d16.pbqp,llvm,heuristic,zero_memory_wait,2353,2345.962113659023
245-instcombine-binaryop-match-match-n31-d16.pbqp,llvm,heuristic,free_operand_service,1717,1711.864406779661
245-instcombine-binaryop-match-match-n31-d16.pbqp,llvm,heuristic,free_arithmetic,2619,2611.1665004985043
245-instcombine-binaryop-match-match-n31-d16.pbqp,llvm,heuristic,free_tree_merge,2143,2136.590229312064
245-instcombine-binaryop-match-match-n31-d16.pbqp,llvm,heuristic,free_conditioning_device,2899,2890.329012961117
246-instcombine-binaryop-match-match-n24-d16.pbqp,llvm,heuristic,none,6873,3636.5079365079364
246-instcombine-binaryop-match-match-n24-d16.pbqp,llvm,heuristic,free_descriptor_frontend,6525,3452.3809523809523
246-instcombine-binaryop-match-match-n24-d16.pbqp,llvm,heuristic,zero_memory_wait,5651,2989.94708994709
246-instcombine-binaryop-match-match-n24-d16.pbqp,llvm,heuristic,free_operand_service,4020,2126.9841269841268
246-instcombine-binaryop-match-match-n24-d16.pbqp,llvm,heuristic,free_arithmetic,6117,3236.5079365079364
246-instcombine-binaryop-match-match-n24-d16.pbqp,llvm,heuristic,free_tree_merge,4857,2569.84126984127
246-instcombine-binaryop-match-match-n24-d16.pbqp,llvm,heuristic,free_conditioning_device,6873,3636.5079365079364
247-instcombine-binaryop-match-match-n43-d16.pbqp,llvm,heuristic,none,8908,3541.948310139165
247-instcombine-binaryop-match-match-n43-d16.pbqp,llvm,heuristic,free_descriptor_frontend,8430,3351.888667992048
247-instcombine-binaryop-match-match-n43-d16.pbqp,llvm,heuristic,zero_memory_wait,7322,2911.3320079522864
247-instcombine-binaryop-match-match-n43-d16.pbqp,llvm,heuristic,free_operand_service,5227,2078.3300198807156
247-instcombine-binaryop-match-match-n43-d16.pbqp,llvm,heuristic,free_arithmetic,7928,3152.2862823061632
247-instcombine-binaryop-match-match-n43-d16.pbqp,llvm,heuristic,free_tree_merge,6304,2506.5606361829027
247-instcombine-binaryop-match-match-n43-d16.pbqp,llvm,heuristic,free_conditioning_device,8908,3541.948310139165
248-instcombine-binaryop-match-match-n49-d16.pbqp,llvm,heuristic,none,10634,4307.006885378696
248-instcombine-binaryop-match-match-n49-d16.pbqp,llvm,heuristic,free_descriptor_frontend,10164,4116.646415552856
248-instcombine-binaryop-match-match-n49-d16.pbqp,llvm,heuristic,zero_memory_wait,8810,3568.246253543945
248-instcombine-binaryop-match-match-n49-d16.pbqp,llvm,heuristic,free_operand_service,6386,2586.4722559740785
248-instcombine-binaryop-match-match-n49-d16.pbqp,llvm,heuristic,free_arithmetic,9418,3814.499797488862
248-instcombine-binaryop-match-match-n49-d16.pbqp,llvm,heuristic,free_tree_merge,7370,2985.0141757796678
248-instcombine-binaryop-match-match-n49-d16.pbqp,llvm,heuristic,free_conditioning_device,10634,4307.006885378696
249-instcombine-castinst-match-match-n16-d16.pbqp,llvm,heuristic,none,5626,3194.7756956274843
249-instcombine-castinst-match-match-n16-d16.pbqp,llvm,heuristic,free_descriptor_frontend,5156,2927.8818852924474
249-instcombine-castinst-match-match-n16-d16.pbqp,llvm,heuristic,zero_memory_wait,4586,2604.2021578648496
249-instcombine-castinst-match-match-n16-d16.pbqp,llvm,heuristic,free_operand_service,3298,1872.7995457126633
249-instcombine-castinst-match-match-n16-d16.pbqp,llvm,heuristic,free_arithmetic,5050,2867.6888131743326
249-instcombine-castinst-match-match-n16-d16.pbqp,llvm,heuristic,free_tree_merge,4090,2322.544009085747
249-instcombine-castinst-match-match-n16-d16.pbqp,llvm,heuristic,free_conditioning_device,5626,3194.7756956274843
250-instcombine-castinst-match-match-n19-d16.pbqp,llvm,heuristic,none,10634,4577.701248385708
250-instcombine-castinst-match-match-n19-d16.pbqp,llvm,heuristic,free_descriptor_frontend,10164,4375.376668101593
250-instcombine-castinst-match-match-n19-d16.pbqp,llvm,heuristic,zero_memory_wait,8810,3792.509685751184
250-instcombine-castinst-match-match-n19-d16.pbqp,llvm,heuristic,free_operand_service,6386,2749.0314248816185
250-instcombine-castinst-match-match-n19-d16.pbqp,llvm,heuristic,free_arithmetic,9418,4054.2402066293585
250-instcombine-castinst-match-match-n19-d16.pbqp,llvm,heuristic,free_tree_merge,7370,3172.621609987086
250-instcombine-castinst-match-match-n19-d16.pbqp,llvm,heuristic,free_conditioning_device,10634,4577.701248385708
251-instcombine-castinst-match-match-n19-d16.pbqp,llvm,heuristic,none,10634,4488.813845504432
251-instcombine-castinst-match-match-n19-d16.pbqp,llvm,heuristic,free_descriptor_frontend,10164,4290.417897847193
251-instcombine-castinst-match-match-n19-d16.pbqp,llvm,heuristic,zero_memory_wait,8810,3718.868720979316
251-instcombine-castinst-match-match-n19-d16.pbqp,llvm,heuristic,free_operand_service,6386,2695.6521739130435
251-instcombine-castinst-match-match-n19-d16.pbqp,llvm,heuristic,free_arithmetic,9418,3975.5170958210215
251-instcombine-castinst-match-match-n19-d16.pbqp,llvm,heuristic,free_tree_merge,7370,3111.01730688054
251-instcombine-castinst-match-match-n19-d16.pbqp,llvm,heuristic,free_conditioning_device,10634,4488.813845504432
252-instcombine-cmpclass-match-match-n19-d16.pbqp,llvm,heuristic,none,6692,3174.573055028463
252-instcombine-cmpclass-match-match-n19-d16.pbqp,llvm,heuristic,free_descriptor_frontend,6279,2978.6527514231498
252-instcombine-cmpclass-match-match-n19-d16.pbqp,llvm,heuristic,zero_memory_wait,5492,2605.3130929791273
252-instcombine-cmpclass-match-match-n19-d16.pbqp,llvm,heuristic,free_operand_service,3944,1870.967741935484
252-instcombine-cmpclass-match-match-n19-d16.pbqp,llvm,heuristic,free_arithmetic,5956,2825.426944971537
252-instcombine-cmpclass-match-match-n19-d16.pbqp,llvm,heuristic,free_tree_merge,4760,2258.064516129032
252-instcombine-cmpclass-match-match-n19-d16.pbqp,llvm,heuristic,free_conditioning_device,6692,3174.573055028463
253-instcombine-cmpclass-match-match-n22-d16.pbqp,llvm,heuristic,none,7955,3597.9194934418815
253-instcombine-cmpclass-match-match-n22-d16.pbqp,llvm,heuristic,free_descriptor_frontend,7412,3352.329262777024
253-instcombine-cmpclass-match-match-n22-d16.pbqp,llvm,heuristic,zero_memory_wait,6513,2945.7259158751694
253-instcombine-cmpclass-match-match-n22-d16.pbqp,llvm,heuristic,free_operand_service,4745,2146.0877431026684
253-instcombine-cmpclass-match-match-n22-d16.pbqp,llvm,heuristic,free_arithmetic,7107,3214.38263229308
253-instcombine-cmpclass-match-match-n22-d16.pbqp,llvm,heuristic,free_tree_merge,5729,2591.1352329262777
253-instcombine-cmpclass-match-match-n22-d16.pbqp,llvm,heuristic,free_conditioning_device,7955,3597.9194934418815
254-instcombine-nnegzext-match-match-n20-d16.pbqp,llvm,heuristic,none,5626,3468.557336621455
254-instcombine-nnegzext-match-match-n20-d16.pbqp,llvm,heuristic,free_descriptor_frontend,5156,3178.7916152897656
254-instcombine-nnegzext-match-match-n20-d16.pbqp,llvm,heuristic,zero_memory_wait,4586,2827.3736128236746
254-instcombine-nnegzext-match-match-n20-d16.pbqp,llvm,heuristic,free_operand_service,3298,2033.292231812577
254-instcombine-nnegzext-match-match-n20-d16.pbqp,llvm,heuristic,free_arithmetic,5050,3113.4401972872997
254-instcombine-nnegzext-match-match-n20-d16.pbqp,llvm,heuristic,free_tree_merge,4090,2521.5782983970407
254-instcombine-nnegzext-match-match-n20-d16.pbqp,llvm,heuristic,free_conditioning_device,5626,3468.557336621455
255-instcombine-threeops-match-match-n22-d16.pbqp,llvm,heuristic,none,6705,3202.0057306590256
255-instcombine-threeops-match-match-n22-d16.pbqp,llvm,heuristic,free_descriptor_frontend,6357,3035.816618911175
255-instcombine-threeops-match-match-n22-d16.pbqp,llvm,heuristic,zero_memory_wait,5539,2645.1766953199617
255-instcombine-threeops-match-match-n22-d16.pbqp,llvm,heuristic,free_operand_service,4020,1919.7707736389684
255-instcombine-threeops-match-match-n22-d16.pbqp,llvm,heuristic,free_arithmetic,5949,2840.974212034384
255-instcombine-threeops-match-match-n22-d16.pbqp,llvm,heuristic,free_tree_merge,4689,2239.2550143266476
255-instcombine-threeops-match-match-n22-d16.pbqp,llvm,heuristic,free_conditioning_device,6705,3202.0057306590256
256-instcombine-cstval-pred-ty-matchvector-n15-d16.pbqp,llvm,heuristic,none,10396,4015.449980687524
256-instcombine-cstval-pred-ty-matchvector-n15-d16.pbqp,llvm,heuristic,free_descriptor_frontend,9824,3794.515256855929
256-instcombine-cstval-pred-ty-matchvector-n15-d16.pbqp,llvm,heuristic,zero_memory_wait,8488,3278.4859018926227
256-instcombine-cstval-pred-ty-matchvector-n15-d16.pbqp,llvm,heuristic,free_operand_service,6208,2397.8370027037467
256-instcombine-cstval-pred-ty-matchvector-n15-d16.pbqp,llvm,heuristic,free_arithmetic,9354,3612.9779837775204
256-instcombine-cstval-pred-ty-matchvector-n15-d16.pbqp,llvm,heuristic,free_tree_merge,7618,2942.4488219389727
256-instcombine-cstval-pred-ty-matchvector-n15-d16.pbqp,llvm,heuristic,free_conditioning_device,10396,4015.449980687524
257-instcombine-cstval-pred-ty-matchvector-n15-d16.pbqp,llvm,none,none,450189,3567.3227784909427
257-instcombine-cstval-pred-ty-matchvector-n15-d16.pbqp,llvm,none,free_descriptor_frontend,382553,3031.371337105184
257-instcombine-cstval-pred-ty-matchvector-n15-d16.pbqp,llvm,none,zero_memory_wait,356935,2828.3728743720185
257-instcombine-cstval-pred-ty-matchvector-n15-d16.pbqp,llvm,none,free_operand_service,308388,2443.683735082965
257-instcombine-cstval-pred-ty-matchvector-n15-d16.pbqp,llvm,none,free_arithmetic,418067,3312.786256517536
257-instcombine-cstval-pred-ty-matchvector-n15-d16.pbqp,llvm,none,free_tree_merge,373581,2960.2767080302383
257-instcombine-cstval-pred-ty-matchvector-n15-d16.pbqp,llvm,none,free_conditioning_device,318351,2522.6311035040176
257-instcombine-cstval-pred-ty-matchvector-n15-d16.pbqp,llvm,heuristic,none,9347,3896.206752813672
257-instcombine-cstval-pred-ty-matchvector-n15-d16.pbqp,llvm,heuristic,free_descriptor_frontend,8869,3696.957065443935
257-instcombine-cstval-pred-ty-matchvector-n15-d16.pbqp,llvm,heuristic,zero_memory_wait,7694,3207.1696540225093
257-instcombine-cstval-pred-ty-matchvector-n15-d16.pbqp,llvm,heuristic,free_operand_service,5654,2356.8153397248852
257-instcombine-cstval-pred-ty-matchvector-n15-d16.pbqp,llvm,heuristic,free_arithmetic,8339,3476.0316798666113
257-instcombine-cstval-pred-ty-matchvector-n15-d16.pbqp,llvm,heuristic,free_tree_merge,6659,2775.739891621509
257-instcombine-cstval-pred-ty-matchvector-n15-d16.pbqp,llvm,heuristic,free_conditioning_device,9347,3896.206752813672
258-instcombine-cstval-pred-ty-matchvector-n13-d16.pbqp,llvm,none,none,309765,3319.0648137234944
258-instcombine-cstval-pred-ty-matchvector-n13-d16.pbqp,llvm,none,free_descriptor_frontend,266202,2852.2967137759965
258-instcombine-cstval-pred-ty-matchvector-n13-d16.pbqp,llvm,none,zero_memory_wait,245208,2627.3505555615084
258-instcombine-cstval-pred-ty-matchvector-n13-d16.pbqp,llvm,none,free_operand_service,211932,2270.8054302521186
258-instcombine-cstval-pred-ty-matchvector-n13-d16.pbqp,llvm,none,free_arithmetic,287469,3080.1680078003624
258-instcombine-cstval-pred-ty-matchvector-n13-d16.pbqp,llvm,none,free_tree_merge,257745,2761.6817923689314
258-instcombine-cstval-pred-ty-matchvector-n13-d16.pbqp,llvm,none,free_conditioning_device,206105,2208.370388625186
258-instcombine-cstval-pred-ty-matchvector-n13-d16.pbqp,llvm,heuristic,none,1401,1911.3233287858118
258-instcombine-cstval-pred-ty-matchvector-n13-d16.pbqp,llvm,heuristic,free_descriptor_frontend,1126,1536.1527967257844
258-instcombine-cstval-pred-ty-matchvector-n13-d16.pbqp,llvm,heuristic,zero_memory_wait,1106,1508.867667121419
258-instcombine-cstval-pred-ty-matchvector-n13-d16.pbqp,llvm,heuristic,free_operand_service,816,1113.2332878581174
258-instcombine-cstval-pred-ty-matchvector-n13-d16.pbqp,llvm,heuristic,free_arithmetic,1309,1785.81173260573
258-instcombine-cstval-pred-ty-matchvector-n13-d16.pbqp,llvm,heuristic,free_tree_merge,1125,1534.788540245566
258-instcombine-cstval-pred-ty-matchvector-n13-d16.pbqp,llvm,heuristic,free_conditioning_device,1401,1911.3233287858118
259-instcombine-cstval-pred-ty-matchvector-n13-d16.pbqp,llvm,none,none,309765,3660.443131462334
259-instcombine-cstval-pred-ty-matchvector-n13-d16.pbqp,llvm,none,free_descriptor_frontend,266202,3145.666174298375
259-instcombine-cstval-pred-ty-matchvector-n13-d16.pbqp,llvm,none,zero_memory_wait,245208,2897.583456425406
259-instcombine-cstval-pred-ty-matchvector-n13-d16.pbqp,llvm,none,free_operand_service,211932,2504.3663220088624
259-instcombine-cstval-pred-ty-matchvector-n13-d16.pbqp,llvm,none,free_arithmetic,287469,3396.974889217134
259-instcombine-cstval-pred-ty-matchvector-n13-d16.pbqp,llvm,none,free_tree_merge,257745,3045.7311669128508
259-instcombine-cstval-pred-ty-matchvector-n13-d16.pbqp,llvm,none,free_conditioning_device,206105,2435.509601181684
259-instcombine-cstval-pred-ty-matchvector-n13-d16.pbqp,llvm,heuristic,none,1401,2078.635014836795
259-instcombine-cstval-pred-ty-matchvector-n13-d16.pbqp,llvm,heuristic,free_descriptor_frontend,1126,1670.6231454005936
259-instcombine-cstval-pred-ty-matchvector-n13-d16.pbqp,llvm,heuristic,zero_memory_wait,1106,1640.9495548961424
259-instcombine-cstval-pred-ty-matchvector-n13-d16.pbqp,llvm,heuristic,free_operand_service,816,1210.6824925816024
259-instcombine-cstval-pred-ty-matchvector-n13-d16.pbqp,llvm,heuristic,free_arithmetic,1309,1942.1364985163204
259-instcombine-cstval-pred-ty-matchvector-n13-d16.pbqp,llvm,heuristic,free_tree_merge,1125,1669.139465875371
259-instcombine-cstval-pred-ty-matchvector-n13-d16.pbqp,llvm,heuristic,free_conditioning_device,1401,2078.635014836795
260-instcombine-cstval-pred-ty-matchvector-n19-d16.pbqp,llvm,heuristic,none,29626,4219.025918541726
260-instcombine-cstval-pred-ty-matchvector-n19-d16.pbqp,llvm,heuristic,free_descriptor_frontend,28372,4040.44431785816
260-instcombine-cstval-pred-ty-matchvector-n19-d16.pbqp,llvm,heuristic,zero_memory_wait,24544,3495.3004841925376
260-instcombine-cstval-pred-ty-matchvector-n19-d16.pbqp,llvm,heuristic,free_operand_service,17761,2529.3363714041584
260-instcombine-cstval-pred-ty-matchvector-n19-d16.pbqp,llvm,heuristic,free_arithmetic,26214,3733.124465964113
260-instcombine-cstval-pred-ty-matchvector-n19-d16.pbqp,llvm,heuristic,free_tree_merge,20518,2921.959555682142
260-instcombine-cstval-pred-ty-matchvector-n19-d16.pbqp,llvm,heuristic,free_conditioning_device,29626,4219.025918541726
261-instcombine-cstval-pred-ty-matchvector-n15-d16.pbqp,llvm,none,none,448343,3340.0604922820194
261-instcombine-cstval-pred-ty-matchvector-n15-d16.pbqp,llvm,none,free_descriptor_frontend,376213,2802.7072531140116
261-instcombine-cstval-pred-ty-matchvector-n15-d16.pbqp,llvm,none,zero_memory_wait,354505,2640.9872459622147
261-instcombine-cstval-pred-ty-matchvector-n15-d16.pbqp,llvm,none,free_operand_service,306701,2284.8575600452946
261-instcombine-cstval-pred-ty-matchvector-n15-d16.pbqp,llvm,none,free_arithmetic,416459,3102.5314381071576
261-instcombine-cstval-pred-ty-matchvector-n15-d16.pbqp,llvm,none,free_tree_merge,373373,2781.549853984147
261-instcombine-cstval-pred-ty-matchvector-n15-d16.pbqp,llvm,none,free_conditioning_device,316505,2357.895285773884
261-instcombine-cstval-pred-ty-matchvector-n15-d16.pbqp,llvm,heuristic,none,6997,3465.5770183259037
261-instcombine-cstval-pred-ty-matchvector-n15-d16.pbqp,llvm,heuristic,free_descriptor_frontend,6561,3249.6285289747398
261-instcombine-cstval-pred-ty-matchvector-n15-d16.pbqp,llvm,heuristic,zero_memory_wait,5768,2856.859831599802
261-instcombine-cstval-pred-ty-matchvector-n15-d16.pbqp,llvm,heuristic,free_operand_service,4219,2089.648340762754
261-instcombine-cstval-pred-ty-matchvector-n15-d16.pbqp,llvm,heuristic,free_arithmetic,6227,3084.20009905894
261-instcombine-cstval-pred-ty-matchvector-n15-d16.pbqp,llvm,heuristic,free_tree_merge,4939,2446.2605250123825
261-instcombine-cstval-pred-ty-matchvector-n15-d16.pbqp,llvm,heuristic,free_conditioning_device,6997,3465.5770183259037
262-instcombine-specific-fpval-match-n21-d17.pbqp,llvm,heuristic,none,0,
262-instcombine-specific-fpval-match-n21-d17.pbqp,llvm,heuristic,free_descriptor_frontend,0,
262-instcombine-specific-fpval-match-n21-d17.pbqp,llvm,heuristic,zero_memory_wait,0,
262-instcombine-specific-fpval-match-n21-d17.pbqp,llvm,heuristic,free_operand_service,0,
262-instcombine-specific-fpval-match-n21-d17.pbqp,llvm,heuristic,free_arithmetic,0,
262-instcombine-specific-fpval-match-n21-d17.pbqp,llvm,heuristic,free_tree_merge,0,
262-instcombine-specific-fpval-match-n21-d17.pbqp,llvm,heuristic,free_conditioning_device,0,
263-instcombine-disjointor-match-match-n19-d16.pbqp,llvm,heuristic,none,3004,2716.0940325497286
263-instcombine-disjointor-match-match-n19-d16.pbqp,llvm,heuristic,free_descriptor_frontend,2687,2429.475587703436
263-instcombine-disjointor-match-match-n19-d16.pbqp,llvm,heuristic,zero_memory_wait,2436,2202.53164556962
263-instcombine-disjointor-match-match-n19-d16.pbqp,llvm,heuristic,free_operand_service,1768,1598.5533453887883
263-instcombine-disjointor-match-match-n19-d16.pbqp,llvm,heuristic,free_arithmetic,2716,2455.6962025316457
263-instcombine-disjointor-match-match-n19-d16.pbqp,llvm,heuristic,free_tree_merge,2224,2010.8499095840868
263-instcombine-disjointor-match-match-n19-d16.pbqp,llvm,heuristic,free_conditioning_device,3004,2716.0940325497286
264-instcombine-anybinaryop-match-match-n17-d16.pbqp,llvm,heuristic,none,5626,3401.451027811366
264-instcombine-anybinaryop-match-match-n17-d16.pbqp,llvm,heuristic,free_descriptor_frontend,5156,3117.291414752116
264-instcombine-anybinaryop-match-match-n17-d16.pbqp,llvm,heuristic,zero_memory_wait,4586,2772.6723095526
264-instcombine-anybinaryop-match-match-n17-d16.pbqp,llvm,heuristic,free_operand_service,3298,1993.9540507859733
264-instcombine-anybinaryop-match-match-n17-d16.pbqp,llvm,heuristic,free_arithmetic,5050,3053.204353083434
264-instcombine-anybinaryop-match-match-n17-d16.pbqp,llvm,heuristic,free_tree_merge,4090,2472.79322853688
264-instcombine-anybinaryop-match-match-n17-d16.pbqp,llvm,heuristic,free_conditioning_device,5626,3401.451027811366
265-instcombine-anybinaryop-match-match-n28-d16.pbqp,llvm,heuristic,none,2932,2297.8056426332287
265-instcombine-anybinaryop-match-match-n28-d16.pbqp,llvm,heuristic,free_descriptor_frontend,2615,2049.3730407523512
265-instcombine-anybinaryop-match-match-n28-d16.pbqp,llvm,heuristic,zero_memory_wait,2388,1871.473354231975
265-instcombine-anybinaryop-match-match-n28-d16.pbqp,llvm,heuristic,free_operand_service,1768,1385.5799373040752
265-instcombine-anybinaryop-match-match-n28-d16.pbqp,llvm,heuristic,free_arithmetic,2644,2072.1003134796238
265-instcombine-anybinaryop-match-match-n28-d16.pbqp,llvm,heuristic,free_tree_merge,2152,1686.5203761755486
265-instcombine-anybinaryop-match-match-n28-d16.pbqp,llvm,heuristic,free_conditioning_device,2932,2297.8056426332287
266-instcombine-anybinaryop-match-match-n33-d16.pbqp,llvm,heuristic,none,10634,4421.621621621622
266-instcombine-anybinaryop-match-match-n33-d16.pbqp,llvm,heuristic,free_descriptor_frontend,10164,4226.195426195426
266-instcombine-anybinaryop-match-match-n33-d16.pbqp,llvm,heuristic,zero_memory_wait,8810,3663.201663201663
266-instcombine-anybinaryop-match-match-n33-d16.pbqp,llvm,heuristic,free_operand_service,6386,2655.3014553014555
266-instcombine-anybinaryop-match-match-n33-d16.pbqp,llvm,heuristic,free_arithmetic,9418,3916.008316008316
266-instcombine-anybinaryop-match-match-n33-d16.pbqp,llvm,heuristic,free_tree_merge,7370,3064.4490644490643
266-instcombine-anybinaryop-match-match-n33-d16.pbqp,llvm,heuristic,free_conditioning_device,10634,4421.621621621622
267-instcombine-anybinaryop-match-match-n19-d16.pbqp,llvm,heuristic,none,5207,3894.540014958863
267-instcombine-anybinaryop-match-match-n19-d16.pbqp,llvm,heuristic,free_descriptor_frontend,4890,3657.442034405385
267-instcombine-anybinaryop-match-match-n19-d16.pbqp,llvm,heuristic,zero_memory_wait,4292,3210.1720269259536
267-instcombine-anybinaryop-match-match-n19-d16.pbqp,llvm,heuristic,free_operand_service,3119,2332.834704562453
267-instcombine-anybinaryop-match-match-n19-d16.pbqp,llvm,heuristic,free_arithmetic,4639,3469.708302169035
267-instcombine-anybinaryop-match-match-n19-d16.pbqp,llvm,heuristic,free_tree_merge,3671,2745.699326851159
267-instcombine-anybinaryop-match-match-n19-d16.pbqp,llvm,heuristic,free_conditioning_device,5207,3894.540014958863
268-instcombine-anybinaryop-match-match-n34-d16.pbqp,llvm,heuristic,none,2932,2641.4414414414414
268-instcombine-anybinaryop-match-match-n34-d16.pbqp,llvm,heuristic,free_descriptor_frontend,2615,2355.8558558558557
268-instcombine-anybinaryop-match-match-n34-d16.pbqp,llvm,heuristic,zero_memory_wait,2388,2151.3513513513512
268-instcombine-anybinaryop-match-match-n34-d16.pbqp,llvm,heuristic,free_operand_service,1768,1592.7927927927929
268-instcombine-anybinaryop-match-match-n34-d16.pbqp,llvm,heuristic,free_arithmetic,2644,2381.981981981982
268-instcombine-anybinaryop-match-match-n34-d16.pbqp,llvm,heuristic,free_tree_merge,2152,1938.7387387387387
268-instcombine-anybinaryop-match-match-n34-d16.pbqp,llvm,heuristic,free_conditioning_device,2932,2641.4414414414414
269-instcombine-anybinaryop-match-match-n27-d16.pbqp,llvm,heuristic,none,969,1364.7887323943662
269-instcombine-anybinaryop-match-match-n27-d16.pbqp,llvm,heuristic,free_descriptor_frontend,782,1101.4084507042253
269-instcombine-anybinaryop-match-match-n27-d16.pbqp,llvm,heuristic,zero_memory_wait,765,1077.4647887323943
269-instcombine-anybinaryop-match-match-n27-d16.pbqp,llvm,heuristic,free_operand_service,561,790.1408450704225
269-instcombine-anybinaryop-match-match-n27-d16.pbqp,llvm,heuristic,free_arithmetic,905,1274.6478873239437
269-instcombine-anybinaryop-match-match-n27-d16.pbqp,llvm,heuristic,free_tree_merge,777,1094.3661971830986
269-instcombine-anybinaryop-match-match-n27-d16.pbqp,llvm,heuristic,free_conditioning_device,969,1364.7887323943662
270-instcombine-anybinaryop-match-match-n27-d16.pbqp,llvm,heuristic,none,969,1573.051948051948
270-instcombine-anybinaryop-match-match-n27-d16.pbqp,llvm,heuristic,free_descriptor_frontend,782,1269.4805194805194
270-instcombine-anybinaryop-match-match-n27-d16.pbqp,llvm,heuristic,zero_memory_wait,765,1241.8831168831168
270-instcombine-anybinaryop-match-match-n27-d16.pbqp,llvm,heuristic,free_operand_service,561,910.7142857142857
270-instcombine-anybinaryop-match-match-n27-d16.pbqp,llvm,heuristic,free_arithmetic,905,1469.155844155844
270-instcombine-anybinaryop-match-match-n27-d16.pbqp,llvm,heuristic,free_tree_merge,777,1261.3636363636363
270-instcombine-anybinaryop-match-match-n27-d16.pbqp,llvm,heuristic,free_conditioning_device,969,1573.051948051948
271-instcombine-anybinaryop-match-match-n32-d16.pbqp,llvm,heuristic,none,29060,4799.339388934764
271-instcombine-anybinaryop-match-match-n32-d16.pbqp,llvm,heuristic,free_descriptor_frontend,28052,4632.865400495459
271-instcombine-anybinaryop-match-match-n32-d16.pbqp,llvm,heuristic,zero_memory_wait,23998,3963.3360858794385
271-instcombine-anybinaryop-match-match-n32-d16.pbqp,llvm,heuristic,free_operand_service,16967,2802.1469859620147
271-instcombine-anybinaryop-match-match-n32-d16.pbqp,llvm,heuristic,free_arithmetic,25744,4251.692815854665
271-instcombine-anybinaryop-match-match-n32-d16.pbqp,llvm,heuristic,free_tree_merge,20240,3342.691990090834
271-instcombine-anybinaryop-match-match-n32-d16.pbqp,llvm,heuristic,free_conditioning_device,29060,4799.339388934764
272-instcombine-ptrtointsamesize-match-match-n24-d16.pbqp,llvm,heuristic,none,6692,3311.2320633349827
272-instcombine-ptrtointsamesize-match-match-n24-d16.pbqp,llvm,heuristic,free_descriptor_frontend,6279,3106.8777832756064
272-instcombine-ptrtointsamesize-match-match-n24-d16.pbqp,llvm,heuristic,zero_memory_wait,5492,2717.4666006927264
272-instcombine-ptrtointsamesize-match-match-n24-d16.pbqp,llvm,heuristic,free_operand_service,3944,1951.5091538842157
272-instcombine-ptrtointsamesize-match-match-n24-d16.pbqp,llvm,heuristic,free_arithmetic,5956,2947.055912914399
272-instcombine-ptrtointsamesize-match-match-n24-d16.pbqp,llvm,heuristic,free_tree_merge,4760,2355.26966848095
272-instcombine-ptrtointsamesize-match-match-n24-d16.pbqp,llvm,heuristic,free_conditioning_device,6692,3311.2320633349827
273-instcombine-specificbinaryop-match-match-n23-d16.pbqp,llvm,heuristic,none,7074,2882.640586797066
273-instcombine-specificbinaryop-match-match-n23-d16.pbqp,llvm,heuristic,free_descriptor_frontend,6497,2647.5142624286877
273-instcombine-specificbinaryop-match-match-n23-d16.pbqp,llvm,heuristic,zero_memory_wait,5778,2354.5232273838633
273-instcombine-specificbinaryop-match-match-n23-d16.pbqp,llvm,heuristic,free_operand_service,4182,1704.1564792176039
273-instcombine-specificbinaryop-match-match-n23-d16.pbqp,llvm,heuristic,free_arithmetic,6338,2582.722086389568
273-instcombine-specificbinaryop-match-match-n23-d16.pbqp,llvm,heuristic,free_tree_merge,5118,2085.574572127139
273-instcombine-specificbinaryop-match-match-n23-d16.pbqp,llvm,heuristic,free_conditioning_device,7074,2882.640586797066
274-instcombine-specificbinaryop-match-match-n19-d16.pbqp,llvm,heuristic,none,4070,3720.2925045703837
274-instcombine-specificbinaryop-match-match-n19-d16.pbqp,llvm,heuristic,free_descriptor_frontend,3810,3482.632541133455
274-instcombine-specificbinaryop-match-match-n19-d16.pbqp,llvm,heuristic,zero_memory_wait,3342,3054.8446069469837
274-instcombine-specificbinaryop-match-match-n19-d16.pbqp,llvm,heuristic,free_operand_service,2414,2206.581352833638
274-instcombine-specificbinaryop-match-match-n19-d16.pbqp,llvm,heuristic,free_arithmetic,3622,3310.786106032907
274-instcombine-specificbinaryop-match-match-n19-d16.pbqp,llvm,heuristic,free_tree_merge,2894,2645.3382084095065
274-instcombine-specificbinaryop-match-match-n19-d16.pbqp,llvm,heuristic,free_conditioning_device,4070,3720.2925045703837
275-instcombine-specificbinaryop-match-match-n23-d16.pbqp,llvm,heuristic,none,7074,3202.3540063377095
275-instcombine-specificbinaryop-match-match-n23-d16.pbqp,llvm,heuristic,free_descriptor_frontend,6497,2941.1498415572655
275-instcombine-specificbinaryop-match-match-n23-d16.pbqp,llvm,heuristic,zero_memory_wait,5778,2615.6631960162968
275-instcombine-specificbinaryop-match-match-n23-d16.pbqp,llvm,heuristic,free_operand_service,4182,1893.1643277501132
275-instcombine-specificbinaryop-match-match-n23-d16.pbqp,llvm,heuristic,free_arithmetic,6338,2869.1715708465367
275-instcombine-specificbinaryop-match-match-n23-d16.pbqp,llvm,heuristic,free_tree_merge,5118,2316.8854685378
275-instcombine-specificbinaryop-match-match-n23-d16.pbqp,llvm,heuristic,free_conditioning_device,7074,3202.3540063377095
276-instcombine-specificbinaryop-match-match-n30-d16.pbqp,llvm,heuristic,none,10634,4548.331907613345
276-instcombine-specificbinaryop-match-match-n30-d16.pbqp,llvm,heuristic,free_descriptor_frontend,10164,4347.305389221557
276-instcombine-specificbinaryop-match-match-n30-d16.pbqp,llvm,heuristic,zero_memory_wait,8810,3768.1779298545766
276-instcombine-specificbinaryop-match-match-n30-d16.pbqp,llvm,heuristic,free_operand_service,6386,2731.394354148845
276-instcombine-specificbinaryop-match-match-n30-d16.pbqp,llvm,heuristic,free_arithmetic,9418,4028.229255774166
276-instcombine-specificbinaryop-match-match-n30-d16.pbqp,llvm,heuristic,free_tree_merge,7370,3152.2668947818647
276-instcombine-specificbinaryop-match-match-n30-d16.pbqp,llvm,heuristic,free_conditioning_device,10634,4548.331907613345
277-instcombine-specificcmpclass-match-match-n23-d16.pbqp,llvm,none,none,1145291,5235.041641145657
277-instcombine-specificcmpclass-match-match-n23-d16.pbqp,llvm,none,free_descriptor_frontend,1070474,4893.058590143253
277-instcombine-specificcmpclass-match-match-n23-d16.pbqp,llvm,none,zero_memory_wait,938740,4290.912082788631
277-instcombine-specificcmpclass-match-match-n23-d16.pbqp,llvm,none,free_operand_service,709484,3242.99962518398
277-instcombine-specificcmpclass-match-match-n23-d16.pbqp,llvm,none,free_arithmetic,1024229,4681.676067540018
277-instcombine-specificcmpclass-match-match-n23-d16.pbqp,llvm,none,free_tree_merge,830039,3794.047738762376
277-instcombine-specificcmpclass-match-match-n23-d16.pbqp,llvm,none,free_conditioning_device,1039225,4750.2216899631585
277-instcombine-specificcmpclass-match-match-n23-d16.pbqp,llvm,heuristic,none,25379,3610.613173993456
277-instcombine-specificcmpclass-match-match-n23-d16.pbqp,llvm,heuristic,free_descriptor_frontend,24052,3421.823872528098
277-instcombine-specificcmpclass-match-match-n23-d16.pbqp,llvm,heuristic,zero_memory_wait,20922,2976.525821596244
277-instcombine-specificcmpclass-match-match-n23-d16.pbqp,llvm,heuristic,free_operand_service,15224,2165.884194053208
277-instcombine-specificcmpclass-match-match-n23-d16.pbqp,llvm,heuristic,free_arithmetic,22571,3211.1253378859014
277-instcombine-specificcmpclass-match-match-n23-d16.pbqp,llvm,heuristic,free_tree_merge,17903,2547.0194906814627
277-instcombine-specificcmpclass-match-match-n23-d16.pbqp,llvm,heuristic,free_conditioning_device,25379,3610.613173993456
278-instcombine-specificcmpclass-match-match-n22-d16.pbqp,llvm,heuristic,none,5039,2846.892655367232
278-instcombine-specificcmpclass-match-match-n22-d16.pbqp,llvm,heuristic,free_descriptor_frontend,4592,2594.3502824858756
278-instcombine-specificcmpclass-match-match-n22-d16.pbqp,llvm,heuristic,zero_memory_wait,4107,2320.3389830508477
278-instcombine-specificcmpclass-match-match-n22-d16.pbqp,llvm,heuristic,free_operand_service,2975,1680.7909604519773
278-instcombine-specificcmpclass-match-match-n22-d16.pbqp,llvm,heuristic,free_arithmetic,4527,2557.6271186440677
278-instcombine-specificcmpclass-match-match-n22-d16.pbqp,llvm,heuristic,free_tree_merge,3671,2074.0112994350284
278-instcombine-specificcmpclass-match-match-n22-d16.pbqp,llvm,heuristic,free_conditioning_device,5039,2846.892655367232
279-instcombine-specificcmpclass-match-match-n17-d16.pbqp,llvm,none,none,1270009,4690.412790332648
279-instcombine-specificcmpclass-match-match-n17-d16.pbqp,llvm,none,free_descriptor_frontend,1189537,4393.212614535745
279-instcombine-specificcmpclass-match-match-n17-d16.pbqp,llvm,none,zero_memory_wait,1041608,3846.879420313406
279-instcombine-specificcmpclass-match-match-n17-d16.pbqp,llvm,none,free_operand_service,775702,2864.832125037394
279-instcombine-specificcmpclass-match-match-n17-d16.pbqp,llvm,none,free_arithmetic,1134017,4188.165470681434
279-instcombine-specificcmpclass-match-match-n17-d16.pbqp,llvm,none,free_tree_merge,914749,3378.362208097737
279-instcombine-specificcmpclass-match-match-n17-d16.pbqp,llvm,none,free_conditioning_device,1187003,4383.854014706371
279-instcombine-specificcmpclass-match-match-n17-d16.pbqp,llvm,heuristic,none,5039,2964.1176470588234
279-instcombine-specificcmpclass-match-match-n17-d16.pbqp,llvm,heuristic,free_descriptor_frontend,4592,2701.176470588235
279-instcombine-specificcmpclass-match-match-n17-d16.pbqp,llvm,heuristic,zero_memory_wait,4107,2415.8823529411766
279-instcombine-specificcmpclass-match-match-n17-d16.pbqp,llvm,heuristic,free_operand_service,2975,1750.0
279-instcombine-specificcmpclass-match-match-n17-d16.pbqp,llvm,heuristic,free_arithmetic,4527,2662.9411764705883
279-instcombine-specificcmpclass-match-match-n17-d16.pbqp,llvm,heuristic,free_tree_merge,3671,2159.4117647058824
279-instcombine-specificcmpclass-match-match-n17-d16.pbqp,llvm,heuristic,free_conditioning_device,5039,2964.1176470588234
280-instcombine-specificcmpclass-match-match-n21-d16.pbqp,llvm,heuristic,none,12570,3659.3886462882097
280-instcombine-specificcmpclass-match-match-n21-d16.pbqp,llvm,heuristic,free_descriptor_frontend,11702,3406.6957787481806
280-instcombine-specificcmpclass-match-match-n21-d16.pbqp,llvm,heuristic,zero_memory_wait,10319,3004.075691411936
280-instcombine-specificcmpclass-match-match-n21-d16.pbqp,llvm,heuristic,free_operand_service,7497,2182.532751091703
280-instcombine-specificcmpclass-match-match-n21-d16.pbqp,llvm,heuristic,free_arithmetic,11198,3259.9708879184864
280-instcombine-specificcmpclass-match-match-n21-d16.pbqp,llvm,heuristic,free_tree_merge,8958,2607.8602620087336
280-instcombine-specificcmpclass-match-match-n21-d16.pbqp,llvm,heuristic,free_conditioning_device,12570,3659.3886462882097
281-instcombine-overflowingbinaryop-match-match-n20-d16.pbqp,llvm,heuristic,none,0,
281-instcombine-overflowingbinaryop-match-match-n20-d16.pbqp,llvm,heuristic,free_descriptor_frontend,0,
281-instcombine-overflowingbinaryop-match-match-n20-d16.pbqp,llvm,heuristic,zero_memory_wait,0,
281-instcombine-overflowingbinaryop-match-match-n20-d16.pbqp,llvm,heuristic,free_operand_service,0,
281-instcombine-overflowingbinaryop-match-match-n20-d16.pbqp,llvm,heuristic,free_arithmetic,0,
281-instcombine-overflowingbinaryop-match-match-n20-d16.pbqp,llvm,heuristic,free_tree_merge,0,
281-instcombine-overflowingbinaryop-match-match-n20-d16.pbqp,llvm,heuristic,free_conditioning_device,0,
282-instcombine-overflowingbinaryop-match-match-n20-d16.pbqp,llvm,heuristic,none,0,
282-instcombine-overflowingbinaryop-match-match-n20-d16.pbqp,llvm,heuristic,free_descriptor_frontend,0,
282-instcombine-overflowingbinaryop-match-match-n20-d16.pbqp,llvm,heuristic,zero_memory_wait,0,
282-instcombine-overflowingbinaryop-match-match-n20-d16.pbqp,llvm,heuristic,free_operand_service,0,
282-instcombine-overflowingbinaryop-match-match-n20-d16.pbqp,llvm,heuristic,free_arithmetic,0,
282-instcombine-overflowingbinaryop-match-match-n20-d16.pbqp,llvm,heuristic,free_tree_merge,0,
282-instcombine-overflowingbinaryop-match-match-n20-d16.pbqp,llvm,heuristic,free_conditioning_device,0,
283-instcombine-overflowingbinaryop-match-match-n17-d16.pbqp,llvm,heuristic,none,5626,3420.0607902735564
283-instcombine-overflowingbinaryop-match-match-n17-d16.pbqp,llvm,heuristic,free_descriptor_frontend,5156,3134.3465045592707
283-instcombine-overflowingbinaryop-match-match-n17-d16.pbqp,llvm,heuristic,zero_memory_wait,4586,2787.841945288754
283-instcombine-overflowingbinaryop-match-match-n17-d16.pbqp,llvm,heuristic,free_operand_service,3298,2004.8632218844984
283-instcombine-overflowingbinaryop-match-match-n17-d16.pbqp,llvm,heuristic,free_arithmetic,5050,3069.908814589666
283-instcombine-overflowingbinaryop-match-match-n17-d16.pbqp,llvm,heuristic,free_tree_merge,4090,2486.322188449848
283-instcombine-overflowingbinaryop-match-match-n17-d16.pbqp,llvm,heuristic,free_conditioning_device,5626,3420.0607902735564
284-instcombine-commutativebinaryintrinsic-match-mat-n14-d16.pbqp,llvm,none,none,180141,4742.424641305779
284-instcombine-commutativebinaryintrinsic-match-mat-n14-d16.pbqp,llvm,none,free_descriptor_frontend,164129,4320.889824930894
284-instcombine-commutativebinaryintrinsic-match-mat-n14-d16.pbqp,llvm,none,zero_memory_wait,145090,3819.66565749638
284-instcombine-commutativebinaryintrinsic-match-mat-n14-d16.pbqp,llvm,none,free_operand_service,114225,3007.1080689745954
284-instcombine-commutativebinaryintrinsic-match-mat-n14-d16.pbqp,llvm,none,free_arithmetic,164699,4335.895748321706
284-instcombine-commutativebinaryintrinsic-match-mat-n14-d16.pbqp,llvm,none,free_tree_merge,140133,3689.166776359089
284-instcombine-commutativebinaryintrinsic-match-mat-n14-d16.pbqp,llvm,none,free_conditioning_device,159909,4209.793339476109
284-instcombine-commutativebinaryintrinsic-match-mat-n14-d16.pbqp,llvm,heuristic,none,13203,3639.1951488423374
284-instcombine-commutativebinaryintrinsic-match-mat-n14-d16.pbqp,llvm,heuristic,free_descriptor_frontend,12236,3372.657111356119
284-instcombine-commutativebinaryintrinsic-match-mat-n14-d16.pbqp,llvm,heuristic,zero_memory_wait,10807,2978.77618522602
284-instcombine-commutativebinaryintrinsic-match-mat-n14-d16.pbqp,llvm,heuristic,free_operand_service,7803,2150.77177508269
284-instcombine-commutativebinaryintrinsic-match-mat-n14-d16.pbqp,llvm,heuristic,free_arithmetic,11795,3251.1025358324146
284-instcombine-commutativebinaryintrinsic-match-mat-n14-d16.pbqp,llvm,heuristic,free_tree_merge,9483,2613.8368246968025
284-instcombine-commutativebinaryintrinsic-match-mat-n14-d16.pbqp,llvm,heuristic,free_conditioning_device,13203,3639.1951488423374
285-instcombine-commutativebinaryintrinsic-match-mat-n16-d16.pbqp,llvm,heuristic,none,4493,2963.7203166226914
285-instcombine-commutativebinaryintrinsic-match-mat-n16-d16.pbqp,llvm,heuristic,free_descriptor_frontend,4145,2734.168865435356
285-instcombine-commutativebinaryintrinsic-match-mat-n16-d16.pbqp,llvm,heuristic,zero_memory_wait,3677,2425.4617414248023
285-instcombine-commutativebinaryintrinsic-match-mat-n16-d16.pbqp,llvm,heuristic,free_operand_service,2669,1760.5540897097626
285-instcombine-commutativebinaryintrinsic-match-mat-n16-d16.pbqp,llvm,heuristic,free_arithmetic,4017,2649.736147757256
285-instcombine-commutativebinaryintrinsic-match-mat-n16-d16.pbqp,llvm,heuristic,free_tree_merge,3233,2132.585751978892
285-instcombine-commutativebinaryintrinsic-match-mat-n16-d16.pbqp,llvm,heuristic,free_conditioning_device,4493,2963.7203166226914
286-instcombine-commutativebinaryintrinsic-match-mat-n14-d16.pbqp,llvm,none,none,180141,4806.323372465315
286-instcombine-commutativebinaryintrinsic-match-mat-n14-d16.pbqp,llvm,none,free_descriptor_frontend,164129,4379.108858057631
286-instcombine-commutativebinaryintrinsic-match-mat-n14-d16.pbqp,llvm,none,zero_memory_wait,145090,3871.1312700106723
286-instcombine-commutativebinaryintrinsic-match-mat-n14-d16.pbqp,llvm,none,free_operand_service,114225,3047.6254002134474
286-instcombine-commutativebinaryintrinsic-match-mat-n14-d16.pbqp,llvm,none,free_arithmetic,164699,4394.31696905016
286-instcombine-commutativebinaryintrinsic-match-mat-n14-d16.pbqp,llvm,none,free_tree_merge,140133,3738.8740661686234
286-instcombine-commutativebinaryintrinsic-match-mat-n14-d16.pbqp,llvm,none,free_conditioning_device,159909,4266.515474919957
286-instcombine-commutativebinaryintrinsic-match-mat-n14-d16.pbqp,llvm,heuristic,none,13203,3419.5804195804194
286-instcombine-commutativebinaryintrinsic-match-mat-n14-d16.pbqp,llvm,heuristic,free_descriptor_frontend,12236,3169.127169127169
286-instcombine-commutativebinaryintrinsic-match-mat-n14-d16.pbqp,llvm,heuristic,zero_memory_wait,10807,2799.015799015799
286-instcombine-commutativebinaryintrinsic-match-mat-n14-d16.pbqp,llvm,heuristic,free_operand_service,7803,2020.979020979021
286-instcombine-commutativebinaryintrinsic-match-mat-n14-d16.pbqp,llvm,heuristic,free_arithmetic,11795,3054.908054908055
286-instcombine-commutativebinaryintrinsic-match-mat-n14-d16.pbqp,llvm,heuristic,free_tree_merge,9483,2456.099456099456
286-instcombine-commutativebinaryintrinsic-match-mat-n14-d16.pbqp,llvm,heuristic,free_conditioning_device,13203,3419.5804195804194
287-instcombine-irbuilderbase-insert-n7-d16.pbqp,llvm,none,none,528964,5234.934929981691
287-instcombine-irbuilderbase-insert-n7-d16.pbqp,llvm,none,free_descriptor_frontend,486804,4817.695086347667
287-instcombine-irbuilderbase-insert-n7-d16.pbqp,llvm,none,zero_memory_wait,430377,4259.260725419367
287-instcombine-irbuilderbase-insert-n7-d16.pbqp,llvm,none,free_operand_service,327268,3238.834182789846
287-instcombine-irbuilderbase-insert-n7-d16.pbqp,llvm,none,free_arithmetic,474428,4695.215003216389
287-instcombine-irbuilderbase-insert-n7-d16.pbqp,llvm,none,free_tree_merge,394324,3902.4593003117425
287-instcombine-irbuilderbase-insert-n7-d16.pbqp,llvm,none,free_conditioning_device,466640,4618.140432480578
287-instcombine-irbuilderbase-insert-n7-d16.pbqp,llvm,heuristic,none,0,
287-instcombine-irbuilderbase-insert-n7-d16.pbqp,llvm,heuristic,free_descriptor_frontend,0,
287-instcombine-irbuilderbase-insert-n7-d16.pbqp,llvm,heuristic,zero_memory_wait,0,
287-instcombine-irbuilderbase-insert-n7-d16.pbqp,llvm,heuristic,free_operand_service,0,
287-instcombine-irbuilderbase-insert-n7-d16.pbqp,llvm,heuristic,free_arithmetic,0,
287-instcombine-irbuilderbase-insert-n7-d16.pbqp,llvm,heuristic,free_tree_merge,0,
287-instcombine-irbuilderbase-insert-n7-d16.pbqp,llvm,heuristic,free_conditioning_device,0,
288-instcombine-commonpointerbase-isexpensive-n29-d16.pbqp,llvm,heuristic,none,28995,4857.597587535601
288-instcombine-commonpointerbase-isexpensive-n29-d16.pbqp,llvm,heuristic,free_descriptor_frontend,28146,4715.362707321159
288-instcombine-commonpointerbase-isexpensive-n29-d16.pbqp,llvm,heuristic,zero_memory_wait,24135,4043.3908527391523
288-instcombine-commonpointerbase-isexpensive-n29-d16.pbqp,llvm,heuristic,free_operand_service,17475,2927.6260680180935
288-instcombine-commonpointerbase-isexpensive-n29-d16.pbqp,llvm,heuristic,free_arithmetic,25539,4278.606131680349
288-instcombine-commonpointerbase-isexpensive-n29-d16.pbqp,llvm,heuristic,free_tree_merge,19779,3313.620371921595
288-instcombine-commonpointerbase-isexpensive-n29-d16.pbqp,llvm,heuristic,free_conditioning_device,28995,4857.597587535601
289-instcombine-match-combine-or-match-n22-d16.pbqp,llvm,heuristic,none,8630,3058.1148121899364
289-instcombine-match-combine-or-match-n22-d16.pbqp,llvm,heuristic,free_descriptor_frontend,7843,2779.234585400425
289-instcombine-match-combine-or-match-n22-d16.pbqp,llvm,heuristic,zero_memory_wait,7022,2488.30616583983
289-instcombine-match-combine-or-match-n22-d16.pbqp,llvm,heuristic,free_operand_service,5066,1795.1807228915663
289-instcombine-match-combine-or-match-n22-d16.pbqp,llvm,heuristic,free_arithmetic,7766,2751.948972360028
289-instcombine-match-combine-or-match-n22-d16.pbqp,llvm,heuristic,free_tree_merge,6314,2237.4202693125444
289-instcombine-match-combine-or-match-n22-d16.pbqp,llvm,heuristic,free_conditioning_device,8630,3058.1148121899364
290-instcombine-match-combine-or-match-n30-d16.pbqp,llvm,heuristic,none,6078,2614.1935483870966
290-instcombine-match-combine-or-match-n30-d16.pbqp,llvm,heuristic,free_descriptor_frontend,5543,2384.0860215053763
290-instcombine-match-combine-or-match-n30-d16.pbqp,llvm,heuristic,zero_memory_wait,4932,2121.2903225806454
290-instcombine-match-combine-or-match-n30-d16.pbqp,llvm,heuristic,free_operand_service,3657,1572.9032258064517
290-instcombine-match-combine-or-match-n30-d16.pbqp,llvm,heuristic,free_arithmetic,5510,2369.8924731182797
290-instcombine-match-combine-or-match-n30-d16.pbqp,llvm,heuristic,free_tree_merge,4542,1953.5483870967741
290-instcombine-match-combine-or-match-n30-d16.pbqp,llvm,heuristic,free_conditioning_device,6078,2614.1935483870966
291-instcombine-match-combine-or-match-n16-d16.pbqp,llvm,heuristic,none,2035,3130.769230769231
291-instcombine-match-combine-or-match-n16-d16.pbqp,llvm,heuristic,free_descriptor_frontend,1905,2930.769230769231
291-instcombine-match-combine-or-match-n16-d16.pbqp,llvm,heuristic,zero_memory_wait,1671,2570.769230769231
291-instcombine-match-combine-or-match-n16-d16.pbqp,llvm,heuristic,free_operand_service,1207,1856.923076923077
291-instcombine-match-combine-or-match-n16-d16.pbqp,llvm,heuristic,free_arithmetic,1811,2786.153846153846
291-instcombine-match-combine-or-match-n16-d16.pbqp,llvm,heuristic,free_tree_merge,1447,2226.153846153846
291-instcombine-match-combine-or-match-n16-d16.pbqp,llvm,heuristic,free_conditioning_device,2035,3130.769230769231
292-instcombine-match-combine-or-match-n16-d16.pbqp,llvm,heuristic,none,2035,3010.355029585799
292-instcombine-match-combine-or-match-n16-d16.pbqp,llvm,heuristic,free_descriptor_frontend,1905,2818.0473372781066
292-instcombine-match-combine-or-match-n16-d16.pbqp,llvm,heuristic,zero_memory_wait,1671,2471.8934911242604
292-instcombine-match-combine-or-match-n16-d16.pbqp,llvm,heuristic,free_operand_service,1207,1785.5029585798816
292-instcombine-match-combine-or-match-n16-d16.pbqp,llvm,heuristic,free_arithmetic,1811,2678.994082840237
292-instcombine-match-combine-or-match-n16-d16.pbqp,llvm,heuristic,free_tree_merge,1447,2140.5325443786983
292-instcombine-match-combine-or-match-n16-d16.pbqp,llvm,heuristic,free_conditioning_device,2035,3010.355029585799
293-instcombine-match-combine-or-match-n19-d16.pbqp,llvm,heuristic,none,1938,2618.9189189189187
293-instcombine-match-combine-or-match-n19-d16.pbqp,llvm,heuristic,free_descriptor_frontend,1564,2113.5135135135133
293-instcombine-match-combine-or-match-n19-d16.pbqp,llvm,heuristic,zero_memory_wait,1530,2067.5675675675675
293-instcombine-match-combine-or-match-n19-d16.pbqp,llvm,heuristic,free_operand_service,1122,1516.2162162162163
293-instcombine-match-combine-or-match-n19-d16.pbqp,llvm,heuristic,free_arithmetic,1810,2445.945945945946
293-instcombine-match-combine-or-match-n19-d16.pbqp,llvm,heuristic,free_tree_merge,1554,2100.0
293-instcombine-match-combine-or-match-n19-d16.pbqp,llvm,heuristic,free_conditioning_device,1938,2618.9189189189187
294-instcombine-match-combine-or-match-n19-d16.pbqp,llvm,heuristic,none,969,1645.1612903225807
294-instcombine-match-combine-or-match-n19-d16.pbqp,llvm,heuristic,free_descriptor_frontend,782,1327.6740237691001
294-instcombine-match-combine-or-match-n19-d16.pbqp,llvm,heuristic,zero_memory_wait,765,1298.811544991511
294-instcombine-match-combine-or-match-n19-d16.pbqp,llvm,heuristic,free_operand_service,561,952.4617996604414
294-instcombine-match-combine-or-match-n19-d16.pbqp,llvm,heuristic,free_arithmetic,905,1536.502546689304
294-instcombine-match-combine-or-match-n19-d16.pbqp,llvm,heuristic,free_tree_merge,777,1319.1850594227503
294-instcombine-match-combine-or-match-n19-d16.pbqp,llvm,heuristic,free_conditioning_device,969,1645.1612903225807
295-instcombine-match-combine-and-match-n14-d16.pbqp,llvm,heuristic,none,5626,3265.23505513639
295-instcombine-match-combine-and-match-n14-d16.pbqp,llvm,heuristic,free_descriptor_frontend,5156,2992.4550203134067
295-instcombine-match-combine-and-match-n14-d16.pbqp,llvm,heuristic,zero_memory_wait,4586,2661.636680208938
295-instcombine-match-combine-and-match-n14-d16.pbqp,llvm,heuristic,free_operand_service,3298,1914.103308183401
295-instcombine-match-combine-and-match-n14-d16.pbqp,llvm,heuristic,free_arithmetic,5050,2930.934416715032
295-instcombine-match-combine-and-match-n14-d16.pbqp,llvm,heuristic,free_tree_merge,4090,2373.7666860127683
295-instcombine-match-combine-and-match-n14-d16.pbqp,llvm,heuristic,free_conditioning_device,5626,3265.23505513639
296-instcombine-match-combine-and-match-n20-d16.pbqp,llvm,heuristic,none,4670,3772.2132471728596
296-instcombine-match-combine-and-match-n20-d16.pbqp,llvm,heuristic,free_descriptor_frontend,4452,3596.122778675283
296-instcombine-match-combine-and-match-n20-d16.pbqp,llvm,heuristic,zero_memory_wait,3868,3124.394184168013
296-instcombine-match-combine-and-match-n20-d16.pbqp,llvm,heuristic,free_operand_service,2813,2272.2132471728596
296-instcombine-match-combine-and-match-n20-d16.pbqp,llvm,heuristic,free_arithmetic,4138,3342.4878836833605
296-instcombine-match-combine-and-match-n20-d16.pbqp,llvm,heuristic,free_tree_merge,3242,2618.739903069467
296-instcombine-match-combine-and-match-n20-d16.pbqp,llvm,heuristic,free_conditioning_device,4670,3772.2132471728596
297-instcombine-match-combine-and-match-n18-d16.pbqp,llvm,heuristic,none,12480,4306.418219461698
297-instcombine-match-combine-and-match-n18-d16.pbqp,llvm,heuristic,free_descriptor_frontend,12090,4171.84265010352
297-instcombine-match-combine-and-match-n18-d16.pbqp,llvm,heuristic,zero_memory_wait,10299,3553.8302277432713
297-instcombine-match-combine-and-match-n18-d16.pbqp,llvm,heuristic,free_operand_service,7233,2495.8592132505178
297-instcombine-match-combine-and-match-n18-d16.pbqp,llvm,heuristic,free_arithmetic,11052,3813.664596273292
297-instcombine-match-combine-and-match-n18-d16.pbqp,llvm,heuristic,free_tree_merge,8700,3002.0703933747413
297-instcombine-match-combine-and-match-n18-d16.pbqp,llvm,heuristic,free_conditioning_device,12480,4306.418219461698
298-instcombine-match-combine-and-match-n20-d16.pbqp,llvm,heuristic,none,8740,3156.374142289635
298-instcombine-match-combine-and-match-n20-d16.pbqp,llvm,heuristic,free_descriptor_frontend,8262,2983.748645720477
298-instcombine-match-combine-and-match-n20-d16.pbqp,llvm,heuristic,zero_memory_wait,7210,2603.828096785843
298-instcombine-match-combine-and-match-n20-d16.pbqp,llvm,heuristic,free_operand_service,5227,1887.6850848681834
298-instcombine-match-combine-and-match-n20-d16.pbqp,llvm,heuristic,free_arithmetic,7760,2802.455760202239
298-instcombine-match-combine-and-match-n20-d16.pbqp,llvm,heuristic,free_tree_merge,6136,2215.962441314554
298-instcombine-match-combine-and-match-n20-d16.pbqp,llvm,heuristic,free_conditioning_device,8740,3156.374142289635
299-instcombine-apint-issignmask-n8-d16.pbqp,llvm,none,none,83932,4144.585452570243
299-instcombine-apint-issignmask-n8-d16.pbqp,llvm,none,free_descriptor_frontend,79053,3903.6590785640215
299-instcombine-apint-issignmask-n8-d16.pbqp,llvm,none,zero_memory_wait,69054,3409.9056836699424
299-instcombine-apint-issignmask-n8-d16.pbqp,llvm,none,free_operand_service,51448,2540.5165177028293
299-instcombine-apint-issignmask-n8-d16.pbqp,llvm,none,free_arithmetic,74818,3694.5336032788505
299-instcombine-apint-issignmask-n8-d16.pbqp,llvm,none,free_tree_merge,59908,2958.273665498
299-instcombine-apint-issignmask-n8-d16.pbqp,llvm,none,free_conditioning_device,79012,3901.6344871858178
299-instcombine-apint-issignmask-n8-d16.pbqp,llvm,heuristic,none,8962,3686.548745372275
299-instcombine-apint-issignmask-n8-d16.pbqp,llvm,heuristic,free_descriptor_frontend,8478,3487.4537227478404
299-instcombine-apint-issignmask-n8-d16.pbqp,llvm,heuristic,zero_memory_wait,7359,3027.1493212669684
299-instcombine-apint-issignmask-n8-d16.pbqp,llvm,heuristic,free_operand_service,5233,2152.6120937885644
299-instcombine-apint-issignmask-n8-d16.pbqp,llvm,heuristic,free_arithmetic,7978,3281.7770464829287
299-instcombine-apint-issignmask-n8-d16.pbqp,llvm,heuristic,free_tree_merge,6358,2615.3846153846152
299-instcombine-apint-issignmask-n8-d16.pbqp,llvm,heuristic,free_conditioning_device,8962,3686.548745372275
300-instcombine-apint-isminsignedvalue-n8-d16.pbqp,llvm,none,none,83932,4055.2737111658694
300-instcombine-apint-isminsignedvalue-n8-d16.pbqp,llvm,none,free_descriptor_frontend,79053,3819.5390636324105
300-instcombine-apint-isminsignedvalue-n8-d16.pbqp,llvm,none,zero_memory_wait,69054,3336.425568923032
300-instcombine-apint-isminsignedvalue-n8-d16.pbqp,llvm,none,free_operand_service,51448,2485.770884669276
300-instcombine-apint-isminsignedvalue-n8-d16.pbqp,llvm,none,free_arithmetic,74818,3614.9200367202975
300-instcombine-apint-isminsignedvalue-n8-d16.pbqp,llvm,none,free_tree_merge,59908,2894.525776682611
300-instcombine-apint-isminsignedvalue-n8-d16.pbqp,llvm,none,free_conditioning_device,79012,3817.5581002077597
300-instcombine-apint-isminsignedvalue-n8-d16.pbqp,llvm,heuristic,none,8962,4150.9958314034275
300-instcombine-apint-isminsignedvalue-n8-d16.pbqp,llvm,heuristic,free_descriptor_frontend,8478,3926.8179712830015
300-instcombine-apint-isminsignedvalue-n8-d16.pbqp,llvm,heuristic,zero_memory_wait,7359,3408.5224641037516
300-instcombine-apint-isminsignedvalue-n8-d16.pbqp,llvm,heuristic,free_operand_service,5233,2423.8073182028716
300-instcombine-apint-isminsignedvalue-n8-d16.pbqp,llvm,heuristic,free_arithmetic,7978,3695.2292728114867
300-instcombine-apint-isminsignedvalue-n8-d16.pbqp,llvm,heuristic,free_tree_merge,6358,2944.8818897637793
300-instcombine-apint-isminsignedvalue-n8-d16.pbqp,llvm,heuristic,free_conditioning_device,8962,4150.9958314034275
301-instcombine-apint-isnegatedpowerof2-n11-d16.pbqp,llvm,heuristic,none,0,
301-instcombine-apint-isnegatedpowerof2-n11-d16.pbqp,llvm,heuristic,free_descriptor_frontend,0,
301-instcombine-apint-isnegatedpowerof2-n11-d16.pbqp,llvm,heuristic,zero_memory_wait,0,
301-instcombine-apint-isnegatedpowerof2-n11-d16.pbqp,llvm,heuristic,free_operand_service,0,
301-instcombine-apint-isnegatedpowerof2-n11-d16.pbqp,llvm,heuristic,free_arithmetic,0,
301-instcombine-apint-isnegatedpowerof2-n11-d16.pbqp,llvm,heuristic,free_tree_merge,0,
301-instcombine-apint-isnegatedpowerof2-n11-d16.pbqp,llvm,heuristic,free_conditioning_device,0,
302-instcombine-apint-ismask-n8-d16.pbqp,llvm,none,none,16157,4488.055555555556
302-instcombine-apint-ismask-n8-d16.pbqp,llvm,none,free_descriptor_frontend,15053,4181.388888888889
302-instcombine-apint-ismask-n8-d16.pbqp,llvm,none,zero_memory_wait,13260,3683.3333333333335
302-instcombine-apint-ismask-n8-d16.pbqp,llvm,none,free_operand_service,9815,2726.3888888888887
302-instcombine-apint-ismask-n8-d16.pbqp,llvm,none,free_arithmetic,14481,4022.5
302-instcombine-apint-ismask-n8-d16.pbqp,llvm,none,free_tree_merge,11639,3233.0555555555557
302-instcombine-apint-ismask-n8-d16.pbqp,llvm,none,free_conditioning_device,16157,4488.055555555556
302-instcombine-apint-ismask-n8-d16.pbqp,llvm,heuristic,none,16157,4596.586059743954
302-instcombine-apint-ismask-n8-d16.pbqp,llvm,heuristic,free_descriptor_frontend,15053,4282.503556187767
302-instcombine-apint-ismask-n8-d16.pbqp,llvm,heuristic,zero_memory_wait,13260,3772.4039829302988
302-instcombine-apint-ismask-n8-d16.pbqp,llvm,heuristic,free_operand_service,9815,2792.3186344238975
302-instcombine-apint-ismask-n8-d16.pbqp,llvm,heuristic,free_arithmetic,14481,4119.77240398293
302-instcombine-apint-ismask-n8-d16.pbqp,llvm,heuristic,free_tree_merge,11639,3311.2375533428167
302-instcombine-apint-ismask-n8-d16.pbqp,llvm,heuristic,free_conditioning_device,16157,4596.586059743954
303-instcombine-apint-logbase2-n4-d16.pbqp,llvm,none,none,11224,4320.246343341031
303-instcombine-apint-logbase2-n4-d16.pbqp,llvm,none,free_descriptor_frontend,10624,4089.2994611239415
303-instcombine-apint-logbase2-n4-d16.pbqp,llvm,none,zero_memory_wait,9201,3541.5704387990763
303-instcombine-apint-logbase2-n4-d16.pbqp,llvm,none,free_operand_service,6832,2629.7151655119324
303-instcombine-apint-logbase2-n4-d16.pbqp,llvm,none,free_arithmetic,10080,3879.907621247113
303-instcombine-apint-logbase2-n4-d16.pbqp,llvm,none,free_tree_merge,8152,3137.7983063895304
303-instcombine-apint-logbase2-n4-d16.pbqp,llvm,none,free_conditioning_device,11224,4320.246343341031
303-instcombine-apint-logbase2-n4-d16.pbqp,llvm,heuristic,none,11224,5058.134294727354
303-instcombine-apint-logbase2-n4-d16.pbqp,llvm,heuristic,free_descriptor_frontend,10624,4787.742226228031
303-instcombine-apint-logbase2-n4-d16.pbqp,llvm,heuristic,zero_memory_wait,9201,4146.462370437134
303-instcombine-apint-logbase2-n4-d16.pbqp,llvm,heuristic,free_operand_service,6832,3078.8643533123027
303-instcombine-apint-logbase2-n4-d16.pbqp,llvm,heuristic,free_arithmetic,10080,4542.586750788643
303-instcombine-apint-logbase2-n4-d16.pbqp,llvm,heuristic,free_tree_merge,8152,3673.726904010816
303-instcombine-apint-logbase2-n4-d16.pbqp,llvm,heuristic,free_conditioning_device,11224,5058.134294727354
304-instcombine-apint-isallones-n5-d16.pbqp,llvm,none,none,10725,5148.82381180989
304-instcombine-apint-isallones-n5-d16.pbqp,llvm,none,free_descriptor_frontend,10153,4874.219875180029
304-instcombine-apint-isallones-n5-d16.pbqp,llvm,none,zero_memory_wait,8763,4206.913106096976
304-instcombine-apint-isallones-n5-d16.pbqp,llvm,none,free_operand_service,6420,3082.093134901584
304-instcombine-apint-isallones-n5-d16.pbqp,llvm,none,free_arithmetic,9649,4632.261161785886
304-instcombine-apint-isallones-n5-d16.pbqp,llvm,none,free_tree_merge,7845,3766.2025924147865
304-instcombine-apint-isallones-n5-d16.pbqp,llvm,none,free_conditioning_device,10725,5148.82381180989
304-instcombine-apint-isallones-n5-d16.pbqp,llvm,heuristic,none,10725,5061.349693251534
304-instcombine-apint-isallones-n5-d16.pbqp,llvm,heuristic,free_descriptor_frontend,10153,4791.411042944786
304-instcombine-apint-isallones-n5-d16.pbqp,llvm,heuristic,zero_memory_wait,8763,4135.441245870694
304-instcombine-apint-isallones-n5-d16.pbqp,llvm,heuristic,free_operand_service,6420,3029.7310051911277
304-instcombine-apint-isallones-n5-d16.pbqp,llvm,heuristic,free_arithmetic,9649,4553.563001415762
304-instcombine-apint-isallones-n5-d16.pbqp,llvm,heuristic,free_tree_merge,7845,3702.2180273714016
304-instcombine-apint-isallones-n5-d16.pbqp,llvm,heuristic,free_conditioning_device,10725,5061.349693251534
305-instcombine-apfloat-operator-n4-d16.pbqp,llvm,none,none,5338,3777.777777777778
305-instcombine-apfloat-operator-n4-d16.pbqp,llvm,none,free_descriptor_frontend,4891,3461.429582448691
305-instcombine-apfloat-operator-n4-d16.pbqp,llvm,none,zero_memory_wait,4343,3073.6022646850674
305-instcombine-apfloat-operator-n4-d16.pbqp,llvm,none,free_operand_service,3274,2317.0559094125974
305-instcombine-apfloat-operator-n4-d16.pbqp,llvm,none,free_arithmetic,4830,3418.2590233545648
305-instcombine-apfloat-operator-n4-d16.pbqp,llvm,none,free_tree_merge,3982,2818.117480537863
305-instcombine-apfloat-operator-n4-d16.pbqp,llvm,none,free_conditioning_device,5338,3777.777777777778
305-instcombine-apfloat-operator-n4-d16.pbqp,llvm,heuristic,none,5338,3821.045096635648
305-instcombine-apfloat-operator-n4-d16.pbqp,llvm,heuristic,free_descriptor_frontend,4891,3501.0737294201863
305-instcombine-apfloat-operator-n4-d16.pbqp,llvm,heuristic,zero_memory_wait,4343,3108.804581245526
305-instcombine-apfloat-operator-n4-d16.pbqp,llvm,heuristic,free_operand_service,3274,2343.5934144595562
305-instcombine-apfloat-operator-n4-d16.pbqp,llvm,heuristic,free_arithmetic,4830,3457.408732999284
305-instcombine-apfloat-operator-n4-d16.pbqp,llvm,heuristic,free_tree_merge,3982,2850.3937007874015
305-instcombine-apfloat-operator-n4-d16.pbqp,llvm,heuristic,free_conditioning_device,5338,3821.045096635648
306-instcombine-std-find-if-n35-d16.pbqp,llvm,heuristic,none,0,
306-instcombine-std-find-if-n35-d16.pbqp,llvm,heuristic,free_descriptor_frontend,0,
306-instcombine-std-find-if-n35-d16.pbqp,llvm,heuristic,zero_memory_wait,0,
306-instcombine-std-find-if-n35-d16.pbqp,llvm,heuristic,free_operand_service,0,
306-instcombine-std-find-if-n35-d16.pbqp,llvm,heuristic,free_arithmetic,0,
306-instcombine-std-find-if-n35-d16.pbqp,llvm,heuristic,free_tree_merge,0,
306-instcombine-std-find-if-n35-d16.pbqp,llvm,heuristic,free_conditioning_device,0,
307-instcombine-0-operator-n97-d16.pbqp,llvm,heuristic,none,1728,1830.5084745762713
307-instcombine-0-operator-n97-d16.pbqp,llvm,heuristic,free_descriptor_frontend,1376,1457.6271186440679
307-instcombine-0-operator-n97-d16.pbqp,llvm,heuristic,zero_memory_wait,1364,1444.915254237288
307-instcombine-0-operator-n97-d16.pbqp,llvm,heuristic,free_operand_service,1020,1080.5084745762713
307-instcombine-0-operator-n97-d16.pbqp,llvm,heuristic,free_arithmetic,1616,1711.864406779661
307-instcombine-0-operator-n97-d16.pbqp,llvm,heuristic,free_tree_merge,1392,1474.5762711864406
307-instcombine-0-operator-n97-d16.pbqp,llvm,heuristic,free_conditioning_device,1728,1830.5084745762713
308-instcombine-0-operator-n28-d17.pbqp,llvm,heuristic,none,2047,3198.4375
308-instcombine-0-operator-n28-d17.pbqp,llvm,heuristic,free_descriptor_frontend,1917,2995.3125
308-instcombine-0-operator-n28-d17.pbqp,llvm,heuristic,zero_memory_wait,1679,2623.4375
308-instcombine-0-operator-n28-d17.pbqp,llvm,heuristic,free_operand_service,1207,1885.9375
308-instcombine-0-operator-n28-d17.pbqp,llvm,heuristic,free_arithmetic,1823,2848.4375
308-instcombine-0-operator-n28-d17.pbqp,llvm,heuristic,free_tree_merge,1459,2279.6875
308-instcombine-0-operator-n28-d17.pbqp,llvm,heuristic,free_conditioning_device,2047,3198.4375
309-instcombine-2-operator-n12-d16.pbqp,llvm,none,none,1186898,5610.908884623748
309-instcombine-2-operator-n12-d16.pbqp,llvm,none,free_descriptor_frontend,1118492,5287.52824605028
309-instcombine-2-operator-n12-d16.pbqp,llvm,none,zero_memory_wait,969274,4582.119186513752
309-instcombine-2-operator-n12-d16.pbqp,llvm,none,free_operand_service,710690,3359.6963135949777
309-instcombine-2-operator-n12-d16.pbqp,llvm,none,free_arithmetic,1063634,5028.194049183583
309-instcombine-2-operator-n12-d16.pbqp,llvm,none,free_tree_merge,863954,4084.232321990791
309-instcombine-2-operator-n12-d16.pbqp,llvm,none,free_conditioning_device,1092818,5166.157686234837
309-instcombine-2-operator-n12-d16.pbqp,llvm,heuristic,none,1938,2481.4340588988475
309-instcombine-2-operator-n12-d16.pbqp,llvm,heuristic,free_descriptor_frontend,1564,2002.560819462228
309-instcombine-2-operator-n12-d16.pbqp,llvm,heuristic,zero_memory_wait,1530,1959.0268886043534
309-instcombine-2-operator-n12-d16.pbqp,llvm,heuristic,free_operand_service,1122,1436.619718309859
309-instcombine-2-operator-n12-d16.pbqp,llvm,heuristic,free_arithmetic,1810,2317.541613316261
309-instcombine-2-operator-n12-d16.pbqp,llvm,heuristic,free_tree_merge,1554,1989.7567221510883
309-instcombine-2-operator-n12-d16.pbqp,llvm,heuristic,free_conditioning_device,1938,2481.4340588988475
311-instcombine-3-operator-n27-d16-r1.pbqp,llvm,heuristic,none,2047,2740.2945113788487
311-instcombine-3-operator-n27-d16-r1.pbqp,llvm,heuristic,free_descriptor_frontend,1917,2566.265060240964
311-instcombine-3-operator-n27-d16-r1.pbqp,llvm,heuristic,zero_memory_wait,1679,2247.657295850067
311-instcombine-3-operator-n27-d16-r1.pbqp,llvm,heuristic,free_operand_service,1207,1615.7965194109772
311-instcombine-3-operator-n27-d16-r1.pbqp,llvm,heuristic,free_arithmetic,1823,2440.428380187416
311-instcombine-3-operator-n27-d16-r1.pbqp,llvm,heuristic,free_tree_merge,1459,1953.1459170013386
311-instcombine-3-operator-n27-d16-r1.pbqp,llvm,heuristic,free_conditioning_device,2047,2740.2945113788487
313-instcombine-3-operator-n27-d16-r1.pbqp,llvm,heuristic,none,2047,2514.742014742015
313-instcombine-3-operator-n27-d16-r1.pbqp,llvm,heuristic,free_descriptor_frontend,1917,2355.036855036855
313-instcombine-3-operator-n27-d16-r1.pbqp,llvm,heuristic,zero_memory_wait,1679,2062.653562653563
313-instcombine-3-operator-n27-d16-r1.pbqp,llvm,heuristic,free_operand_service,1207,1482.8009828009829
313-instcombine-3-operator-n27-d16-r1.pbqp,llvm,heuristic,free_arithmetic,1823,2239.5577395577398
313-instcombine-3-operator-n27-d16-r1.pbqp,llvm,heuristic,free_tree_merge,1459,1792.3832923832924
313-instcombine-3-operator-n27-d16-r1.pbqp,llvm,heuristic,free_conditioning_device,2047,2514.742014742015
314-instcombine-6-operator-n54-d16.pbqp,llvm,heuristic,none,16799,2700.8038585209
314-instcombine-6-operator-n54-d16.pbqp,llvm,heuristic,free_descriptor_frontend,15400,2475.8842443729905
314-instcombine-6-operator-n54-d16.pbqp,llvm,heuristic,zero_memory_wait,13696,2201.9292604501607
314-instcombine-6-operator-n54-d16.pbqp,llvm,heuristic,free_operand_service,9851,1583.7620578778135
314-instcombine-6-operator-n54-d16.pbqp,llvm,heuristic,free_arithmetic,15095,2426.848874598071
314-instcombine-6-operator-n54-d16.pbqp,llvm,heuristic,free_tree_merge,12215,1963.8263665594855
314-instcombine-6-operator-n54-d16.pbqp,llvm,heuristic,free_conditioning_device,16799,2700.8038585209
315-instcombine-0-operator-n12-d16.pbqp,llvm,heuristic,none,864,1774.1273100616017
315-instcombine-0-operator-n12-d16.pbqp,llvm,heuristic,free_descriptor_frontend,688,1412.7310061601643
315-instcombine-0-operator-n12-d16.pbqp,llvm,heuristic,zero_memory_wait,682,1400.4106776180697
315-instcombine-0-operator-n12-d16.pbqp,llvm,heuristic,free_operand_service,510,1047.2279260780288
315-instcombine-0-operator-n12-d16.pbqp,llvm,heuristic,free_arithmetic,808,1659.1375770020534
315-instcombine-0-operator-n12-d16.pbqp,llvm,heuristic,free_tree_merge,696,1429.1581108829569
315-instcombine-0-operator-n12-d16.pbqp,llvm,heuristic,free_conditioning_device,864,1774.1273100616017
316-mbb-global-sub-i-machinebasicblock-cpp-n7-d17.pbqp,llvm,none,none,0,
316-mbb-global-sub-i-machinebasicblock-cpp-n7-d17.pbqp,llvm,none,free_descriptor_frontend,0,
316-mbb-global-sub-i-machinebasicblock-cpp-n7-d17.pbqp,llvm,none,zero_memory_wait,0,
316-mbb-global-sub-i-machinebasicblock-cpp-n7-d17.pbqp,llvm,none,free_operand_service,0,
316-mbb-global-sub-i-machinebasicblock-cpp-n7-d17.pbqp,llvm,none,free_arithmetic,0,
316-mbb-global-sub-i-machinebasicblock-cpp-n7-d17.pbqp,llvm,none,free_tree_merge,0,
316-mbb-global-sub-i-machinebasicblock-cpp-n7-d17.pbqp,llvm,none,free_conditioning_device,0,
316-mbb-global-sub-i-machinebasicblock-cpp-n7-d17.pbqp,llvm,heuristic,none,0,
316-mbb-global-sub-i-machinebasicblock-cpp-n7-d17.pbqp,llvm,heuristic,free_descriptor_frontend,0,
316-mbb-global-sub-i-machinebasicblock-cpp-n7-d17.pbqp,llvm,heuristic,zero_memory_wait,0,
316-mbb-global-sub-i-machinebasicblock-cpp-n7-d17.pbqp,llvm,heuristic,free_operand_service,0,
316-mbb-global-sub-i-machinebasicblock-cpp-n7-d17.pbqp,llvm,heuristic,free_arithmetic,0,
316-mbb-global-sub-i-machinebasicblock-cpp-n7-d17.pbqp,llvm,heuristic,free_tree_merge,0,
316-mbb-global-sub-i-machinebasicblock-cpp-n7-d17.pbqp,llvm,heuristic,free_conditioning_device,0,
317-mbb-slotindexupdatedelegate-mf-handlerem-n6-d16.pbqp,llvm,none,none,51082,4557.230796681239
317-mbb-slotindexupdatedelegate-mf-handlerem-n6-d16.pbqp,llvm,none,free_descriptor_frontend,47126,4204.300115978232
317-mbb-slotindexupdatedelegate-mf-handlerem-n6-d16.pbqp,llvm,none,zero_memory_wait,41296,3684.1823534659648
317-mbb-slotindexupdatedelegate-mf-handlerem-n6-d16.pbqp,llvm,none,free_operand_service,31534,2813.275046837363
317-mbb-slotindexupdatedelegate-mf-handlerem-n6-d16.pbqp,llvm,none,free_arithmetic,46532,4151.3069854581145
317-mbb-slotindexupdatedelegate-mf-handlerem-n6-d16.pbqp,llvm,none,free_tree_merge,39070,3485.5919350521904
317-mbb-slotindexupdatedelegate-mf-handlerem-n6-d16.pbqp,llvm,none,free_conditioning_device,48814,4354.893389240789
317-mbb-slotindexupdatedelegate-mf-handlerem-n6-d16.pbqp,llvm,heuristic,none,2467,2775.0281214848146
317-mbb-slotindexupdatedelegate-mf-handlerem-n6-d16.pbqp,llvm,heuristic,free_descriptor_frontend,2249,2529.808773903262
317-mbb-slotindexupdatedelegate-mf-handlerem-n6-d16.pbqp,llvm,heuristic,zero_memory_wait,2012,2263.2170978627673
317-mbb-slotindexupdatedelegate-mf-handlerem-n6-d16.pbqp,llvm,heuristic,free_operand_service,1462,1644.5444319460069
317-mbb-slotindexupdatedelegate-mf-handlerem-n6-d16.pbqp,llvm,heuristic,free_arithmetic,2215,2491.5635545556806
317-mbb-slotindexupdatedelegate-mf-handlerem-n6-d16.pbqp,llvm,heuristic,free_tree_merge,1795,2019.1226096737907
317-mbb-slotindexupdatedelegate-mf-handlerem-n6-d16.pbqp,llvm,heuristic,free_conditioning_device,2467,2775.0281214848146
318-mbb-slotindexupdatedelegate-mf-handleins-n3-d16.pbqp,llvm,none,none,1877,2453.59477124183
318-mbb-slotindexupdatedelegate-mf-handleins-n3-d16.pbqp,llvm,none,free_descriptor_frontend,1514,1979.0849673202615
318-mbb-slotindexupdatedelegate-mf-handleins-n3-d16.pbqp,llvm,none,zero_memory_wait,1482,1937.2549019607843
318-mbb-slotindexupdatedelegate-mf-handleins-n3-d16.pbqp,llvm,none,free_operand_service,1088,1422.2222222222222
318-mbb-slotindexupdatedelegate-mf-handleins-n3-d16.pbqp,llvm,none,free_arithmetic,1753,2291.503267973856
318-mbb-slotindexupdatedelegate-mf-handleins-n3-d16.pbqp,llvm,none,free_tree_merge,1505,1967.3202614379086
318-mbb-slotindexupdatedelegate-mf-handleins-n3-d16.pbqp,llvm,none,free_conditioning_device,1877,2453.59477124183
318-mbb-slotindexupdatedelegate-mf-handleins-n3-d16.pbqp,llvm,heuristic,none,1877,2780.740740740741
318-mbb-slotindexupdatedelegate-mf-handleins-n3-d16.pbqp,llvm,heuristic,free_descriptor_frontend,1514,2242.962962962963
318-mbb-slotindexupdatedelegate-mf-handleins-n3-d16.pbqp,llvm,heuristic,zero_memory_wait,1482,2195.5555555555557
318-mbb-slotindexupdatedelegate-mf-handleins-n3-d16.pbqp,llvm,heuristic,free_operand_service,1088,1611.851851851852
318-mbb-slotindexupdatedelegate-mf-handleins-n3-d16.pbqp,llvm,heuristic,free_arithmetic,1753,2597.037037037037
318-mbb-slotindexupdatedelegate-mf-handleins-n3-d16.pbqp,llvm,heuristic,free_tree_merge,1505,2229.6296296296296
318-mbb-slotindexupdatedelegate-mf-handleins-n3-d16.pbqp,llvm,heuristic,free_conditioning_device,1877,2780.740740740741
319-mbb-slotindexupdatedelegate-slotindexupd-n13-d16.pbqp,llvm,none,none,301580,3367.426695549253
319-mbb-slotindexupdatedelegate-slotindexupd-n13-d16.pbqp,llvm,none,free_descriptor_frontend,267793,2990.162799526564
319-mbb-slotindexupdatedelegate-slotindexupd-n13-d16.pbqp,llvm,none,zero_memory_wait,243377,2717.5350052479957
319-mbb-slotindexupdatedelegate-slotindexupd-n13-d16.pbqp,llvm,none,free_operand_service,190556,2127.738448826459
319-mbb-slotindexupdatedelegate-slotindexupd-n13-d16.pbqp,llvm,none,free_arithmetic,273588,3054.8694700640926
319-mbb-slotindexupdatedelegate-slotindexupd-n13-d16.pbqp,llvm,none,free_tree_merge,230894,2578.150472319614
319-mbb-slotindexupdatedelegate-slotindexupd-n13-d16.pbqp,llvm,none,free_conditioning_device,257946,2880.211706380223
319-mbb-slotindexupdatedelegate-slotindexupd-n13-d16.pbqp,llvm,heuristic,none,7086,3582.4064711830133
319-mbb-slotindexupdatedelegate-slotindexupd-n13-d16.pbqp,llvm,heuristic,free_descriptor_frontend,6514,3293.2254802831144
319-mbb-slotindexupdatedelegate-slotindexupd-n13-d16.pbqp,llvm,heuristic,zero_memory_wait,5816,2940.3437815975735
319-mbb-slotindexupdatedelegate-slotindexupd-n13-d16.pbqp,llvm,heuristic,free_operand_service,4284,2165.82406471183
319-mbb-slotindexupdatedelegate-slotindexupd-n13-d16.pbqp,llvm,heuristic,free_arithmetic,6326,3198.179979777553
319-mbb-slotindexupdatedelegate-slotindexupd-n13-d16.pbqp,llvm,heuristic,free_tree_merge,5070,2563.1951466127402
319-mbb-slotindexupdatedelegate-slotindexupd-n13-d16.pbqp,llvm,heuristic,free_conditioning_device,7086,3582.4064711830133
320-mbb-slotindexupdatedelegate-slotindexupd-n15-d17.pbqp,llvm,none,none,686915,3627.4654767248435
320-mbb-slotindexupdatedelegate-slotindexupd-n15-d17.pbqp,llvm,none,free_descriptor_frontend,612964,3236.944525123439
320-mbb-slotindexupdatedelegate-slotindexupd-n15-d17.pbqp,llvm,none,zero_memory_wait,554418,2927.7744039289205
320-mbb-slotindexupdatedelegate-slotindexupd-n15-d17.pbqp,llvm,none,free_operand_service,431717,2279.8141155968633
320-mbb-slotindexupdatedelegate-slotindexupd-n15-d17.pbqp,llvm,none,free_arithmetic,622729,3288.511604573179
320-mbb-slotindexupdatedelegate-slotindexupd-n15-d17.pbqp,llvm,none,free_tree_merge,524879,2771.7846486943204
320-mbb-slotindexupdatedelegate-slotindexupd-n15-d17.pbqp,llvm,none,free_conditioning_device,587479,3102.3631610910147
320-mbb-slotindexupdatedelegate-slotindexupd-n15-d17.pbqp,llvm,heuristic,none,2899,2475.661827497865
320-mbb-slotindexupdatedelegate-slotindexupd-n15-d17.pbqp,llvm,heuristic,free_descriptor_frontend,2593,2214.346712211785
320-mbb-slotindexupdatedelegate-slotindexupd-n15-d17.pbqp,llvm,heuristic,zero_memory_wait,2353,2009.393680614859
320-mbb-slotindexupdatedelegate-slotindexupd-n15-d17.pbqp,llvm,heuristic,free_operand_service,1717,1466.268146883006
320-mbb-slotindexupdatedelegate-slotindexupd-n15-d17.pbqp,llvm,heuristic,free_arithmetic,2619,2236.5499573014517
320-mbb-slotindexupdatedelegate-slotindexupd-n15-d17.pbqp,llvm,heuristic,free_tree_merge,2143,1830.059777967549
320-mbb-slotindexupdatedelegate-slotindexupd-n15-d17.pbqp,llvm,heuristic,free_conditioning_device,2899,2475.661827497865
321-mbb-slotindexes-insertmbbinmaps-n25-d17.pbqp,llvm,heuristic,none,5169,2917.042889390519
321-mbb-slotindexes-insertmbbinmaps-n25-d17.pbqp,llvm,heuristic,free_descriptor_frontend,4821,2720.6546275395035
321-mbb-slotindexes-insertmbbinmaps-n25-d17.pbqp,llvm,heuristic,zero_memory_wait,4193,2366.252821670429
321-mbb-slotindexes-insertmbbinmaps-n25-d17.pbqp,llvm,heuristic,free_operand_service,3159,1782.7313769751693
321-mbb-slotindexes-insertmbbinmaps-n25-d17.pbqp,llvm,heuristic,free_arithmetic,4693,2648.4198645598194
321-mbb-slotindexes-insertmbbinmaps-n25-d17.pbqp,llvm,heuristic,free_tree_merge,3909,2205.981941309255
321-mbb-slotindexes-insertmbbinmaps-n25-d17.pbqp,llvm,heuristic,free_conditioning_device,5169,2917.042889390519
322-mbb-slotindexes-insertmachineinstrinmaps-n15-d17.pbqp,llvm,heuristic,none,1963,3437.8283712784587
322-mbb-slotindexes-insertmachineinstrinmaps-n15-d17.pbqp,llvm,heuristic,free_descriptor_frontend,1833,3210.15761821366
322-mbb-slotindexes-insertmachineinstrinmaps-n15-d17.pbqp,llvm,heuristic,zero_memory_wait,1623,2842.381786339755
322-mbb-slotindexes-insertmachineinstrinmaps-n15-d17.pbqp,llvm,heuristic,free_operand_service,1207,2113.835376532399
322-mbb-slotindexes-insertmachineinstrinmaps-n15-d17.pbqp,llvm,heuristic,free_arithmetic,1739,3045.53415061296
322-mbb-slotindexes-insertmachineinstrinmaps-n15-d17.pbqp,llvm,heuristic,free_tree_merge,1375,2408.0560420315237
322-mbb-slotindexes-insertmachineinstrinmaps-n15-d17.pbqp,llvm,heuristic,free_conditioning_device,1963,3437.8283712784587
323-mbb-iplist-impl-erase-n11-d16.pbqp,llvm,heuristic,none,0,
323-mbb-iplist-impl-erase-n11-d16.pbqp,llvm,heuristic,free_descriptor_frontend,0,
323-mbb-iplist-impl-erase-n11-d16.pbqp,llvm,heuristic,zero_memory_wait,0,
323-mbb-iplist-impl-erase-n11-d16.pbqp,llvm,heuristic,free_operand_service,0,
323-mbb-iplist-impl-erase-n11-d16.pbqp,llvm,heuristic,free_arithmetic,0,
323-mbb-iplist-impl-erase-n11-d16.pbqp,llvm,heuristic,free_tree_merge,0,
323-mbb-iplist-impl-erase-n11-d16.pbqp,llvm,heuristic,free_conditioning_device,0,
326-mbb-densemapbase-lookuporinsertintobucke-n24-d16.pbqp,llvm,heuristic,none,5976,3206.008583690987
326-mbb-densemapbase-lookuporinsertintobucke-n24-d16.pbqp,llvm,heuristic,free_descriptor_frontend,5494,2947.4248927038625
326-mbb-densemapbase-lookuporinsertintobucke-n24-d16.pbqp,llvm,heuristic,zero_memory_wait,4867,2611.0515021459228
326-mbb-densemapbase-lookuporinsertintobucke-n24-d16.pbqp,llvm,heuristic,free_operand_service,3465,1858.9055793991417
326-mbb-densemapbase-lookuporinsertintobucke-n24-d16.pbqp,llvm,heuristic,free_arithmetic,5380,2886.266094420601
326-mbb-densemapbase-lookuporinsertintobucke-n24-d16.pbqp,llvm,heuristic,free_tree_merge,4356,2336.9098712446353
326-mbb-densemapbase-lookuporinsertintobucke-n24-d16.pbqp,llvm,heuristic,free_conditioning_device,5976,3206.008583690987
327-mbb-densemapbase-lookupbucketfor-n15-d16.pbqp,llvm,heuristic,none,0,
327-mbb-densemapbase-lookupbucketfor-n15-d16.pbqp,llvm,heuristic,free_descriptor_frontend,0,
327-mbb-densemapbase-lookupbucketfor-n15-d16.pbqp,llvm,heuristic,zero_memory_wait,0,
327-mbb-densemapbase-lookupbucketfor-n15-d16.pbqp,llvm,heuristic,free_operand_service,0,
327-mbb-densemapbase-lookupbucketfor-n15-d16.pbqp,llvm,heuristic,free_arithmetic,0,
327-mbb-densemapbase-lookupbucketfor-n15-d16.pbqp,llvm,heuristic,free_tree_merge,0,
327-mbb-densemapbase-lookupbucketfor-n15-d16.pbqp,llvm,heuristic,free_conditioning_device,0,
328-mbb-densemapbase-grow-n20-d17.pbqp,llvm,none,none,469610,4761.571609632446
328-mbb-densemapbase-grow-n20-d17.pbqp,llvm,none,free_descriptor_frontend,437595,4436.958174904943
328-mbb-densemapbase-grow-n20-d17.pbqp,llvm,none,zero_memory_wait,384441,3898.0076045627375
328-mbb-densemapbase-grow-n20-d17.pbqp,llvm,none,free_operand_service,292028,2960.9936628643854
328-mbb-densemapbase-grow-n20-d17.pbqp,llvm,none,free_arithmetic,420667,4265.318124207858
328-mbb-densemapbase-grow-n20-d17.pbqp,llvm,none,free_tree_merge,342167,3469.3738910012676
328-mbb-densemapbase-grow-n20-d17.pbqp,llvm,none,free_conditioning_device,421828,4277.0899873257285
328-mbb-densemapbase-grow-n20-d17.pbqp,llvm,heuristic,none,17060,3556.3894100479465
328-mbb-densemapbase-grow-n20-d17.pbqp,llvm,heuristic,free_descriptor_frontend,15347,3199.2912236814677
328-mbb-densemapbase-grow-n20-d17.pbqp,llvm,heuristic,zero_memory_wait,13804,2877.6318532416094
328-mbb-densemapbase-grow-n20-d17.pbqp,llvm,heuristic,free_operand_service,9824,2047.946633312487
328-mbb-densemapbase-grow-n20-d17.pbqp,llvm,heuristic,free_arithmetic,15471,3225.140712945591
328-mbb-densemapbase-grow-n20-d17.pbqp,llvm,heuristic,free_tree_merge,12677,2642.6933500104233
328-mbb-densemapbase-grow-n20-d17.pbqp,llvm,heuristic,free_conditioning_device,17060,3556.3894100479465
329-mbb-densemapbase-lookuporinsertintobucke-n22-d16.pbqp,llvm,heuristic,none,3779,2413.154533844189
329-mbb-densemapbase-lookuporinsertintobucke-n22-d16.pbqp,llvm,heuristic,free_descriptor_frontend,3297,2105.3639846743295
329-mbb-densemapbase-lookuporinsertintobucke-n22-d16.pbqp,llvm,heuristic,zero_memory_wait,3057,1952.1072796934866
329-mbb-densemapbase-lookuporinsertintobucke-n22-d16.pbqp,llvm,heuristic,free_operand_service,2261,1443.8058748403575
329-mbb-densemapbase-lookuporinsertintobucke-n22-d16.pbqp,llvm,heuristic,free_arithmetic,3435,2193.4865900383143
329-mbb-densemapbase-lookuporinsertintobucke-n22-d16.pbqp,llvm,heuristic,free_tree_merge,2831,1807.7905491698596
329-mbb-densemapbase-lookuporinsertintobucke-n22-d16.pbqp,llvm,heuristic,free_conditioning_device,3779,2413.154533844189
330-mbb-densemapbase-grow-n22-d17.pbqp,llvm,none,none,1177747,4802.915808576147
330-mbb-densemapbase-grow-n22-d17.pbqp,llvm,none,free_descriptor_frontend,1101926,4493.713679831984
330-mbb-densemapbase-grow-n22-d17.pbqp,llvm,none,zero_memory_wait,965210,3936.178455640968
330-mbb-densemapbase-grow-n22-d17.pbqp,llvm,none,free_operand_service,734779,2996.4684052770017
330-mbb-densemapbase-grow-n22-d17.pbqp,llvm,none,free_arithmetic,1053878,4297.771343514874
330-mbb-densemapbase-grow-n22-d17.pbqp,llvm,none,free_tree_merge,855736,3489.7375772281466
330-mbb-densemapbase-grow-n22-d17.pbqp,llvm,none,free_conditioning_device,1050439,4283.746915971698
330-mbb-densemapbase-grow-n22-d17.pbqp,llvm,heuristic,none,35481,2589.475988906729
330-mbb-densemapbase-grow-n22-d17.pbqp,llvm,heuristic,free_descriptor_frontend,33956,2478.178368121442
330-mbb-densemapbase-grow-n22-d17.pbqp,llvm,heuristic,zero_memory_wait,29296,2138.0820318201722
330-mbb-densemapbase-grow-n22-d17.pbqp,llvm,heuristic,free_operand_service,20931,1527.5872135454679
330-mbb-densemapbase-grow-n22-d17.pbqp,llvm,heuristic,free_arithmetic,31476,2297.1828930083198
330-mbb-densemapbase-grow-n22-d17.pbqp,llvm,heuristic,free_tree_merge,24774,1808.0572179243907
330-mbb-densemapbase-grow-n22-d17.pbqp,llvm,heuristic,free_conditioning_device,35481,2589.475988906729
331-mbb-densemapbase-lookupbucketfor-n15-d16.pbqp,llvm,heuristic,none,0,
331-mbb-densemapbase-lookupbucketfor-n15-d16.pbqp,llvm,heuristic,free_descriptor_frontend,0,
331-mbb-densemapbase-lookupbucketfor-n15-d16.pbqp,llvm,heuristic,zero_memory_wait,0,
331-mbb-densemapbase-lookupbucketfor-n15-d16.pbqp,llvm,heuristic,free_operand_service,0,
331-mbb-densemapbase-lookupbucketfor-n15-d16.pbqp,llvm,heuristic,free_arithmetic,0,
331-mbb-densemapbase-lookupbucketfor-n15-d16.pbqp,llvm,heuristic,free_tree_merge,0,
331-mbb-densemapbase-lookupbucketfor-n15-d16.pbqp,llvm,heuristic,free_conditioning_device,0,
335-mbb-function-ref-callback-fn-n7-d17.pbqp,llvm,none,none,156736,5614.557959593065
335-mbb-function-ref-callback-fn-n7-d17.pbqp,llvm,none,free_descriptor_frontend,148631,5324.222668004012
335-mbb-function-ref-callback-fn-n7-d17.pbqp,llvm,none,zero_memory_wait,129135,4625.841811147729
335-mbb-function-ref-callback-fn-n7-d17.pbqp,llvm,none,free_operand_service,94552,3387.0181974494913
335-mbb-function-ref-callback-fn-n7-d17.pbqp,llvm,none,free_arithmetic,139284,4989.396761713712
335-mbb-function-ref-callback-fn-n7-d17.pbqp,llvm,none,free_tree_merge,111016,3976.787505373263
335-mbb-function-ref-callback-fn-n7-d17.pbqp,llvm,none,free_conditioning_device,151246,5417.896546783207
335-mbb-function-ref-callback-fn-n7-d17.pbqp,llvm,heuristic,none,17416,5674.812642554578
335-mbb-function-ref-callback-fn-n7-d17.pbqp,llvm,heuristic,free_descriptor_frontend,16901,5507.005539263604
335-mbb-function-ref-callback-fn-n7-d17.pbqp,llvm,heuristic,zero_memory_wait,14430,4701.857282502444
335-mbb-function-ref-callback-fn-n7-d17.pbqp,llvm,heuristic,free_operand_service,10267,3345.389377647442
335-mbb-function-ref-callback-fn-n7-d17.pbqp,llvm,heuristic,free_arithmetic,15384,5012.707722385142
335-mbb-function-ref-callback-fn-n7-d17.pbqp,llvm,heuristic,free_tree_merge,12016,3915.2818507657216
335-mbb-function-ref-callback-fn-n7-d17.pbqp,llvm,heuristic,free_conditioning_device,17416,5674.812642554578
336-mbb-function-ref-callback-fn-n7-d16.pbqp,llvm,none,none,278598,5040.2170963365
336-mbb-function-ref-callback-fn-n7-d16.pbqp,llvm,none,free_descriptor_frontend,262543,4749.760289461782
336-mbb-function-ref-callback-fn-n7-d16.pbqp,llvm,none,zero_memory_wait,227250,4111.261872455902
336-mbb-function-ref-callback-fn-n7-d16.pbqp,llvm,none,free_operand_service,163647,2960.597014925373
336-mbb-function-ref-callback-fn-n7-d16.pbqp,llvm,none,free_arithmetic,249254,4509.3441881501585
336-mbb-function-ref-callback-fn-n7-d16.pbqp,llvm,none,free_tree_merge,202998,3672.5101763907733
336-mbb-function-ref-callback-fn-n7-d16.pbqp,llvm,none,free_conditioning_device,262186,4743.301673450927
336-mbb-function-ref-callback-fn-n7-d16.pbqp,llvm,heuristic,none,17416,6003.447087211306
336-mbb-function-ref-callback-fn-n7-d16.pbqp,llvm,heuristic,free_descriptor_frontend,16901,5825.922095829024
336-mbb-function-ref-callback-fn-n7-d16.pbqp,llvm,heuristic,zero_memory_wait,14430,4974.146845915202
336-mbb-function-ref-callback-fn-n7-d16.pbqp,llvm,heuristic,free_operand_service,10267,3539.124439848328
336-mbb-function-ref-callback-fn-n7-d16.pbqp,llvm,heuristic,free_arithmetic,15384,5302.998965873837
336-mbb-function-ref-callback-fn-n7-d16.pbqp,llvm,heuristic,free_tree_merge,12016,4142.019993105826
336-mbb-function-ref-callback-fn-n7-d16.pbqp,llvm,heuristic,free_conditioning_device,17416,6003.447087211306
337-mbb-function-ref-callback-fn-n7-d16.pbqp,llvm,none,none,278598,4972.300553275031
337-mbb-function-ref-callback-fn-n7-d16.pbqp,llvm,none,free_descriptor_frontend,262543,4685.757629841157
337-mbb-function-ref-callback-fn-n7-d16.pbqp,llvm,none,zero_memory_wait,227250,4055.8629305729073
337-mbb-function-ref-callback-fn-n7-d16.pbqp,llvm,none,free_operand_service,163647,2920.703194717116
337-mbb-function-ref-callback-fn-n7-d16.pbqp,llvm,none,free_arithmetic,249254,4448.581117258612
337-mbb-function-ref-callback-fn-n7-d16.pbqp,llvm,none,free_tree_merge,202998,3623.023380331965
337-mbb-function-ref-callback-fn-n7-d16.pbqp,llvm,none,free_conditioning_device,262186,4679.386043191148
337-mbb-function-ref-callback-fn-n7-d16.pbqp,llvm,heuristic,none,17416,5805.333333333333
337-mbb-function-ref-callback-fn-n7-d16.pbqp,llvm,heuristic,free_descriptor_frontend,16901,5633.666666666667
337-mbb-function-ref-callback-fn-n7-d16.pbqp,llvm,heuristic,zero_memory_wait,14430,4810.0
337-mbb-function-ref-callback-fn-n7-d16.pbqp,llvm,heuristic,free_operand_service,10267,3422.3333333333335
337-mbb-function-ref-callback-fn-n7-d16.pbqp,llvm,heuristic,free_arithmetic,15384,5128.0
337-mbb-function-ref-callback-fn-n7-d16.pbqp,llvm,heuristic,free_tree_merge,12016,4005.3333333333335
337-mbb-function-ref-callback-fn-n7-d16.pbqp,llvm,heuristic,free_conditioning_device,17416,5805.333333333333
338-mbb-ilist-traits-deletenode-n4-d16.pbqp,llvm,none,none,11926,4842.062525375558
338-mbb-ilist-traits-deletenode-n4-d16.pbqp,llvm,none,free_descriptor_frontend,11280,4579.780755176614
338-mbb-ilist-traits-deletenode-n4-d16.pbqp,llvm,none,zero_memory_wait,9783,3971.985383678441
338-mbb-ilist-traits-deletenode-n4-d16.pbqp,llvm,none,free_operand_service,6913,2806.739748274462
338-mbb-ilist-traits-deletenode-n4-d16.pbqp,llvm,none,free_arithmetic,10650,4323.995127892814
338-mbb-ilist-traits-deletenode-n4-d16.pbqp,llvm,none,free_tree_merge,8482,3443.7677628907836
338-mbb-ilist-traits-deletenode-n4-d16.pbqp,llvm,none,free_conditioning_device,11926,4842.062525375558
338-mbb-ilist-traits-deletenode-n4-d16.pbqp,llvm,heuristic,none,11926,5040.574809805579
338-mbb-ilist-traits-deletenode-n4-d16.pbqp,llvm,heuristic,free_descriptor_frontend,11280,4767.540152155537
338-mbb-ilist-traits-deletenode-n4-d16.pbqp,llvm,heuristic,zero_memory_wait,9783,4134.826711749789
338-mbb-ilist-traits-deletenode-n4-d16.pbqp,llvm,heuristic,free_operand_service,6913,2921.8089602704986
338-mbb-ilist-traits-deletenode-n4-d16.pbqp,llvm,heuristic,free_arithmetic,10650,4501.267962806424
338-mbb-ilist-traits-deletenode-n4-d16.pbqp,llvm,heuristic,free_tree_merge,8482,3584.9535080304313
338-mbb-ilist-traits-deletenode-n4-d16.pbqp,llvm,heuristic,free_conditioning_device,11926,5040.574809805579
339-mbb-ilist-traits-addnodetolist-n5-d16.pbqp,llvm,none,none,3981,2979.7904191616767
339-mbb-ilist-traits-addnodetolist-n5-d16.pbqp,llvm,none,free_descriptor_frontend,3499,2619.011976047904
339-mbb-ilist-traits-addnodetolist-n5-d16.pbqp,llvm,none,zero_memory_wait,3202,2396.706586826347
339-mbb-ilist-traits-addnodetolist-n5-d16.pbqp,llvm,none,free_operand_service,2460,1841.317365269461
339-mbb-ilist-traits-addnodetolist-n5-d16.pbqp,llvm,none,free_arithmetic,3657,2737.2754491017963
339-mbb-ilist-traits-addnodetolist-n5-d16.pbqp,llvm,none,free_tree_merge,3093,2315.119760479042
339-mbb-ilist-traits-addnodetolist-n5-d16.pbqp,llvm,none,free_conditioning_device,3981,2979.7904191616767
339-mbb-ilist-traits-addnodetolist-n5-d16.pbqp,llvm,heuristic,none,3981,2379.557680812911
339-mbb-ilist-traits-addnodetolist-n5-d16.pbqp,llvm,heuristic,free_descriptor_frontend,3499,2091.4524805738197
339-mbb-ilist-traits-addnodetolist-n5-d16.pbqp,llvm,heuristic,zero_memory_wait,3202,1913.9270771069935
339-mbb-ilist-traits-addnodetolist-n5-d16.pbqp,llvm,heuristic,free_operand_service,2460,1470.412432755529
339-mbb-ilist-traits-addnodetolist-n5-d16.pbqp,llvm,heuristic,free_arithmetic,3657,2185.893604303646
339-mbb-ilist-traits-addnodetolist-n5-d16.pbqp,llvm,heuristic,free_tree_merge,3093,1848.774656306037
339-mbb-ilist-traits-addnodetolist-n5-d16.pbqp,llvm,heuristic,free_conditioning_device,3981,2379.557680812911
340-mbb-ilist-traits-removenodefromlist-n3-d15.pbqp,llvm,none,none,900,2272.7272727272725
340-mbb-ilist-traits-removenodefromlist-n3-d15.pbqp,llvm,none,free_descriptor_frontend,636,1606.060606060606
340-mbb-ilist-traits-removenodefromlist-n3-d15.pbqp,llvm,none,zero_memory_wait,706,1782.828282828283
340-mbb-ilist-traits-removenodefromlist-n3-d15.pbqp,llvm,none,free_operand_service,606,1530.3030303030303
340-mbb-ilist-traits-removenodefromlist-n3-d15.pbqp,llvm,none,free_arithmetic,856,2161.6161616161617
340-mbb-ilist-traits-removenodefromlist-n3-d15.pbqp,llvm,none,free_tree_merge,768,1939.3939393939395
340-mbb-ilist-traits-removenodefromlist-n3-d15.pbqp,llvm,none,free_conditioning_device,900,2272.7272727272725
340-mbb-ilist-traits-removenodefromlist-n3-d15.pbqp,llvm,heuristic,none,900,2227.7227722772277
340-mbb-ilist-traits-removenodefromlist-n3-d15.pbqp,llvm,heuristic,free_descriptor_frontend,636,1574.2574257425742
340-mbb-ilist-traits-removenodefromlist-n3-d15.pbqp,llvm,heuristic,zero_memory_wait,706,1747.5247524752476
340-mbb-ilist-traits-removenodefromlist-n3-d15.pbqp,llvm,heuristic,free_operand_service,606,1500.0
340-mbb-ilist-traits-removenodefromlist-n3-d15.pbqp,llvm,heuristic,free_arithmetic,856,2118.8118811881186
340-mbb-ilist-traits-removenodefromlist-n3-d15.pbqp,llvm,heuristic,free_tree_merge,768,1900.990099009901
340-mbb-ilist-traits-removenodefromlist-n3-d15.pbqp,llvm,heuristic,free_conditioning_device,900,2227.7227722772277
341-mbb-ilist-traits-transfernodesfromlist-n5-d16.pbqp,llvm,none,none,144524,4122.6608854404385
341-mbb-ilist-traits-transfernodesfromlist-n5-d16.pbqp,llvm,none,free_descriptor_frontend,136451,3892.3722044728434
341-mbb-ilist-traits-transfernodesfromlist-n5-d16.pbqp,llvm,none,zero_memory_wait,118011,3366.356686444546
341-mbb-ilist-traits-transfernodesfromlist-n5-d16.pbqp,llvm,none,free_operand_service,84089,2398.7049292560473
341-mbb-ilist-traits-transfernodesfromlist-n5-d16.pbqp,llvm,none,free_arithmetic,129156,3684.2765860337745
341-mbb-ilist-traits-transfernodesfromlist-n5-d16.pbqp,llvm,none,free_tree_merge,104708,2986.8781378366043
341-mbb-ilist-traits-transfernodesfromlist-n5-d16.pbqp,llvm,none,free_conditioning_device,138860,3961.0908261068007
341-mbb-ilist-traits-transfernodesfromlist-n5-d16.pbqp,llvm,heuristic,none,7388,5130.555555555556
341-mbb-ilist-traits-transfernodesfromlist-n5-d16.pbqp,llvm,heuristic,free_descriptor_frontend,7139,4957.638888888889
341-mbb-ilist-traits-transfernodesfromlist-n5-d16.pbqp,llvm,heuristic,zero_memory_wait,6075,4218.75
341-mbb-ilist-traits-transfernodesfromlist-n5-d16.pbqp,llvm,heuristic,free_operand_service,4217,2928.472222222222
341-mbb-ilist-traits-transfernodesfromlist-n5-d16.pbqp,llvm,heuristic,free_arithmetic,6548,4547.222222222223
341-mbb-ilist-traits-transfernodesfromlist-n5-d16.pbqp,llvm,heuristic,free_tree_merge,5204,3613.8888888888887
341-mbb-ilist-traits-transfernodesfromlist-n5-d16.pbqp,llvm,heuristic,free_conditioning_device,7388,5130.555555555556
342-mbb-liveintervals-removeregunit-n11-d16.pbqp,llvm,none,none,749754,4242.873877391644
342-mbb-liveintervals-removeregunit-n11-d16.pbqp,llvm,none,free_descriptor_frontend,673074,3808.9401218953194
342-mbb-liveintervals-removeregunit-n11-d16.pbqp,llvm,none,zero_memory_wait,608825,3445.353660537947
342-mbb-liveintervals-removeregunit-n11-d16.pbqp,llvm,none,free_operand_service,487761,2760.2499023818823
342-mbb-liveintervals-removeregunit-n11-d16.pbqp,llvm,none,free_arithmetic,678370,3838.910298852916
342-mbb-liveintervals-removeregunit-n11-d16.pbqp,llvm,none,free_tree_merge,568230,3215.6256896932246
342-mbb-liveintervals-removeregunit-n11-d16.pbqp,llvm,none,free_conditioning_device,616194,3487.0549887102525
342-mbb-liveintervals-removeregunit-n11-d16.pbqp,llvm,heuristic,none,432,1822.7848101265822
342-mbb-liveintervals-removeregunit-n11-d16.pbqp,llvm,heuristic,free_descriptor_frontend,344,1451.4767932489451
342-mbb-liveintervals-removeregunit-n11-d16.pbqp,llvm,heuristic,zero_memory_wait,341,1438.818565400844
342-mbb-liveintervals-removeregunit-n11-d16.pbqp,llvm,heuristic,free_operand_service,255,1075.9493670886077
342-mbb-liveintervals-removeregunit-n11-d16.pbqp,llvm,heuristic,free_arithmetic,404,1704.6413502109704
342-mbb-liveintervals-removeregunit-n11-d16.pbqp,llvm,heuristic,free_tree_merge,348,1468.3544303797469
342-mbb-liveintervals-removeregunit-n11-d16.pbqp,llvm,heuristic,free_conditioning_device,432,1822.7848101265822
343-mbb-machinebasicblock-movebefore-n6-d16.pbqp,llvm,none,none,568800,5598.7007234608
343-mbb-machinebasicblock-movebefore-n6-d16.pbqp,llvm,none,free_descriptor_frontend,538240,5297.898518627885
343-mbb-machinebasicblock-movebefore-n6-d16.pbqp,llvm,none,zero_memory_wait,464960,4576.6031792903195
343-mbb-machinebasicblock-movebefore-n6-d16.pbqp,llvm,none,free_operand_service,338784,3334.6522958807027
343-mbb-machinebasicblock-movebefore-n6-d16.pbqp,llvm,none,free_arithmetic,509152,5011.585215807864
343-mbb-machinebasicblock-movebefore-n6-d16.pbqp,llvm,none,free_tree_merge,412128,4056.5775874796986
343-mbb-machinebasicblock-movebefore-n6-d16.pbqp,llvm,none,free_conditioning_device,528864,5205.610512328362
343-mbb-machinebasicblock-movebefore-n6-d16.pbqp,llvm,heuristic,none,0,
343-mbb-machinebasicblock-movebefore-n6-d16.pbqp,llvm,heuristic,free_descriptor_frontend,0,
343-mbb-machinebasicblock-movebefore-n6-d16.pbqp,llvm,heuristic,zero_memory_wait,0,
343-mbb-machinebasicblock-movebefore-n6-d16.pbqp,llvm,heuristic,free_operand_service,0,
343-mbb-machinebasicblock-movebefore-n6-d16.pbqp,llvm,heuristic,free_arithmetic,0,
343-mbb-machinebasicblock-movebefore-n6-d16.pbqp,llvm,heuristic,free_tree_merge,0,
343-mbb-machinebasicblock-movebefore-n6-d16.pbqp,llvm,heuristic,free_conditioning_device,0,
345-mbb-machinebasicblock-addsuccessor-n35-d17-r1.pbqp,llvm,heuristic,none,5294,2512.577123872805
345-mbb-machinebasicblock-addsuccessor-n35-d17-r1.pbqp,llvm,heuristic,free_descriptor_frontend,4836,2295.2064546748934
345-mbb-machinebasicblock-addsuccessor-n35-d17-r1.pbqp,llvm,heuristic,zero_memory_wait,4307,2044.1385856668248
345-mbb-machinebasicblock-addsuccessor-n35-d17-r1.pbqp,llvm,heuristic,free_operand_service,3077,1460.3701945894636
345-mbb-machinebasicblock-addsuccessor-n35-d17-r1.pbqp,llvm,heuristic,free_arithmetic,4761,2259.610821072615
345-mbb-machinebasicblock-addsuccessor-n35-d17-r1.pbqp,llvm,heuristic,free_tree_merge,3863,1833.4124347413383
345-mbb-machinebasicblock-addsuccessor-n35-d17-r1.pbqp,llvm,heuristic,free_conditioning_device,5294,2512.577123872805
346-mbb-machinebasicblock-clearliveins-n6-d17.pbqp,llvm,none,none,183496,5522.4967646793275
346-mbb-machinebasicblock-clearliveins-n6-d17.pbqp,llvm,none,free_descriptor_frontend,174578,5254.100580852921
346-mbb-machinebasicblock-clearliveins-n6-d17.pbqp,llvm,none,zero_memory_wait,150485,4528.9975020314805
346-mbb-machinebasicblock-clearliveins-n6-d17.pbqp,llvm,none,free_operand_service,107671,3240.4670900171545
346-mbb-machinebasicblock-clearliveins-n6-d17.pbqp,llvm,none,free_arithmetic,163763,4928.612273151352
346-mbb-machinebasicblock-clearliveins-n6-d17.pbqp,llvm,none,free_tree_merge,131017,3943.088452162398
346-mbb-machinebasicblock-clearliveins-n6-d17.pbqp,llvm,none,free_conditioning_device,177512,5342.402263219671
346-mbb-machinebasicblock-clearliveins-n6-d17.pbqp,llvm,heuristic,none,1224,2528.9256198347107
346-mbb-machinebasicblock-clearliveins-n6-d17.pbqp,llvm,heuristic,free_descriptor_frontend,1026,2119.8347107438017
346-mbb-machinebasicblock-clearliveins-n6-d17.pbqp,llvm,heuristic,zero_memory_wait,965,1993.801652892562
346-mbb-machinebasicblock-clearliveins-n6-d17.pbqp,llvm,heuristic,free_operand_service,663,1369.8347107438017
346-mbb-machinebasicblock-clearliveins-n6-d17.pbqp,llvm,heuristic,free_arithmetic,1139,2353.305785123967
346-mbb-machinebasicblock-clearliveins-n6-d17.pbqp,llvm,heuristic,free_tree_merge,969,2002.0661157024792
346-mbb-machinebasicblock-clearliveins-n6-d17.pbqp,llvm,heuristic,free_conditioning_device,1224,2528.9256198347107
347-mbb-machinebasicblock-clearliveins-n2-d16.pbqp,llvm,none,none,969,2158.129175946548
347-mbb-machinebasicblock-clearliveins-n2-d16.pbqp,llvm,none,free_descriptor_frontend,782,1741.6481069042316
347-mbb-machinebasicblock-clearliveins-n2-d16.pbqp,llvm,none,zero_memory_wait,765,1703.7861915367482
347-mbb-machinebasicblock-clearliveins-n2-d16.pbqp,llvm,none,free_operand_service,561,1249.4432071269487
347-mbb-machinebasicblock-clearliveins-n2-d16.pbqp,llvm,none,free_arithmetic,905,2015.5902004454342
347-mbb-machinebasicblock-clearliveins-n2-d16.pbqp,llvm,none,free_tree_merge,777,1730.512249443207
347-mbb-machinebasicblock-clearliveins-n2-d16.pbqp,llvm,none,free_conditioning_device,969,2158.129175946548
347-mbb-machinebasicblock-clearliveins-n2-d16.pbqp,llvm,heuristic,none,969,2207.2892938496584
347-mbb-machinebasicblock-clearliveins-n2-d16.pbqp,llvm,heuristic,free_descriptor_frontend,782,1781.3211845102505
347-mbb-machinebasicblock-clearliveins-n2-d16.pbqp,llvm,heuristic,zero_memory_wait,765,1742.5968109339408
347-mbb-machinebasicblock-clearliveins-n2-d16.pbqp,llvm,heuristic,free_operand_service,561,1277.9043280182232
347-mbb-machinebasicblock-clearliveins-n2-d16.pbqp,llvm,heuristic,free_arithmetic,905,2061.503416856492
347-mbb-machinebasicblock-clearliveins-n2-d16.pbqp,llvm,heuristic,free_tree_merge,777,1769.9316628701595
347-mbb-machinebasicblock-clearliveins-n2-d16.pbqp,llvm,heuristic,free_conditioning_device,969,2207.2892938496584
348-mbb-machinebasicblock-finddebugloc-n5-d16.pbqp,llvm,none,none,174208,5160.648161862725
348-mbb-machinebasicblock-finddebugloc-n5-d16.pbqp,llvm,none,free_descriptor_frontend,165488,4902.331368308795
348-mbb-machinebasicblock-finddebugloc-n5-d16.pbqp,llvm,none,zero_memory_wait,142608,4224.546020084723
348-mbb-machinebasicblock-finddebugloc-n5-d16.pbqp,llvm,none,free_operand_service,101632,3010.6940782652487
348-mbb-machinebasicblock-finddebugloc-n5-d16.pbqp,llvm,none,free_arithmetic,155584,4608.94036792369
348-mbb-machinebasicblock-finddebugloc-n5-d16.pbqp,llvm,none,free_tree_merge,125056,3704.594602600942
348-mbb-machinebasicblock-finddebugloc-n5-d16.pbqp,llvm,none,free_conditioning_device,168224,4983.381224634891
348-mbb-machinebasicblock-finddebugloc-n5-d16.pbqp,llvm,heuristic,none,0,
348-mbb-machinebasicblock-finddebugloc-n5-d16.pbqp,llvm,heuristic,free_descriptor_frontend,0,
348-mbb-machinebasicblock-finddebugloc-n5-d16.pbqp,llvm,heuristic,zero_memory_wait,0,
348-mbb-machinebasicblock-finddebugloc-n5-d16.pbqp,llvm,heuristic,free_operand_service,0,
348-mbb-machinebasicblock-finddebugloc-n5-d16.pbqp,llvm,heuristic,free_arithmetic,0,
348-mbb-machinebasicblock-finddebugloc-n5-d16.pbqp,llvm,heuristic,free_tree_merge,0,
348-mbb-machinebasicblock-finddebugloc-n5-d16.pbqp,llvm,heuristic,free_conditioning_device,0,
349-mbb-machinebasicblock-removelivein-n5-d17.pbqp,llvm,none,none,32760,4166.878656830323
349-mbb-machinebasicblock-removelivein-n5-d17.pbqp,llvm,none,free_descriptor_frontend,30709,3906.0035614347494
349-mbb-machinebasicblock-removelivein-n5-d17.pbqp,llvm,none,zero_memory_wait,26712,3397.6087509539557
349-mbb-machinebasicblock-removelivein-n5-d17.pbqp,llvm,none,free_operand_service,19425,2470.745357415416
349-mbb-machinebasicblock-removelivein-n5-d17.pbqp,llvm,none,free_arithmetic,29358,3734.1643347748663
349-mbb-machinebasicblock-removelivein-n5-d17.pbqp,llvm,none,free_tree_merge,23940,3045.0267107606205
349-mbb-machinebasicblock-removelivein-n5-d17.pbqp,llvm,none,free_conditioning_device,30548,3885.525311625541
349-mbb-machinebasicblock-removelivein-n5-d17.pbqp,llvm,heuristic,none,0,
349-mbb-machinebasicblock-removelivein-n5-d17.pbqp,llvm,heuristic,free_descriptor_frontend,0,
349-mbb-machinebasicblock-removelivein-n5-d17.pbqp,llvm,heuristic,zero_memory_wait,0,
349-mbb-machinebasicblock-removelivein-n5-d17.pbqp,llvm,heuristic,free_operand_service,0,
349-mbb-machinebasicblock-removelivein-n5-d17.pbqp,llvm,heuristic,free_arithmetic,0,
349-mbb-machinebasicblock-removelivein-n5-d17.pbqp,llvm,heuristic,free_tree_merge,0,
349-mbb-machinebasicblock-removelivein-n5-d17.pbqp,llvm,heuristic,free_conditioning_device,0,
350-mbb-machinebasicblock-removelivein-n9-d17.pbqp,llvm,none,none,650508,5261.690029199796
350-mbb-machinebasicblock-removelivein-n9-d17.pbqp,llvm,none,free_descriptor_frontend,602967,4877.150552854867
350-mbb-machinebasicblock-removelivein-n9-d17.pbqp,llvm,none,zero_memory_wait,527205,4264.34308547209
350-mbb-machinebasicblock-removelivein-n9-d17.pbqp,llvm,none,free_operand_service,401808,3250.058642249921
350-mbb-machinebasicblock-removelivein-n9-d17.pbqp,llvm,none,free_arithmetic,587106,4748.857487199813
350-mbb-machinebasicblock-removelivein-n9-d17.pbqp,llvm,none,free_tree_merge,489228,3957.1628475058847
350-mbb-machinebasicblock-removelivein-n9-d17.pbqp,llvm,none,free_conditioning_device,545440,4411.838454756493
350-mbb-machinebasicblock-removelivein-n9-d17.pbqp,llvm,heuristic,none,0,
350-mbb-machinebasicblock-removelivein-n9-d17.pbqp,llvm,heuristic,free_descriptor_frontend,0,
350-mbb-machinebasicblock-removelivein-n9-d17.pbqp,llvm,heuristic,zero_memory_wait,0,
350-mbb-machinebasicblock-removelivein-n9-d17.pbqp,llvm,heuristic,free_operand_service,0,
350-mbb-machinebasicblock-removelivein-n9-d17.pbqp,llvm,heuristic,free_arithmetic,0,
350-mbb-machinebasicblock-removelivein-n9-d17.pbqp,llvm,heuristic,free_tree_merge,0,
350-mbb-machinebasicblock-removelivein-n9-d17.pbqp,llvm,heuristic,free_conditioning_device,0,
351-mbb-machinebasicblock-remove-instr-n9-d16.pbqp,llvm,none,none,87554,4876.5734655230035
351-mbb-machinebasicblock-remove-instr-n9-d16.pbqp,llvm,none,free_descriptor_frontend,82909,4617.8567450150385
351-mbb-machinebasicblock-remove-instr-n9-d16.pbqp,llvm,none,zero_memory_wait,72197,4021.220897850061
351-mbb-machinebasicblock-remove-instr-n9-d16.pbqp,llvm,none,free_operand_service,53027,2953.492257992648
351-mbb-machinebasicblock-remove-instr-n9-d16.pbqp,llvm,none,free_arithmetic,77864,4336.86086665924
351-mbb-machinebasicblock-remove-instr-n9-d16.pbqp,llvm,none,free_tree_merge,61808,3442.5754706472094
351-mbb-machinebasicblock-remove-instr-n9-d16.pbqp,llvm,none,free_conditioning_device,84908,4729.196836359585
351-mbb-machinebasicblock-remove-instr-n9-d16.pbqp,llvm,heuristic,none,10470,3911.0945087784835
351-mbb-machinebasicblock-remove-instr-n9-d16.pbqp,llvm,heuristic,free_descriptor_frontend,9640,3601.045946955547
351-mbb-machinebasicblock-remove-instr-n9-d16.pbqp,llvm,heuristic,zero_memory_wait,8553,3194.9943967127383
351-mbb-machinebasicblock-remove-instr-n9-d16.pbqp,llvm,heuristic,free_operand_service,6183,2309.6750093388123
351-mbb-machinebasicblock-remove-instr-n9-d16.pbqp,llvm,heuristic,free_arithmetic,9376,3502.4280911468063
351-mbb-machinebasicblock-remove-instr-n9-d16.pbqp,llvm,heuristic,free_tree_merge,7572,2828.539409787075
351-mbb-machinebasicblock-remove-instr-n9-d16.pbqp,llvm,heuristic,free_conditioning_device,10470,3911.0945087784835
353-mbb-machinebasicblock-rfinddebugloc-n11-d16.pbqp,llvm,none,none,525707,4890.479645754261
353-mbb-machinebasicblock-rfinddebugloc-n11-d16.pbqp,llvm,none,free_descriptor_frontend,499542,4647.07524000893
353-mbb-machinebasicblock-rfinddebugloc-n11-d16.pbqp,llvm,none,zero_memory_wait,432753,4025.7590980129494
353-mbb-machinebasicblock-rfinddebugloc-n11-d16.pbqp,llvm,none,free_operand_service,314966,2930.0253032670985
353-mbb-machinebasicblock-rfinddebugloc-n11-d16.pbqp,llvm,none,free_arithmetic,467927,4352.971273349706
353-mbb-machinebasicblock-rfinddebugloc-n11-d16.pbqp,llvm,none,free_tree_merge,372503,3465.273126441914
353-mbb-machinebasicblock-rfinddebugloc-n11-d16.pbqp,llvm,none,free_conditioning_device,507755,4723.478082905411
353-mbb-machinebasicblock-rfinddebugloc-n11-d16.pbqp,llvm,heuristic,none,19515,5484.822934232715
353-mbb-machinebasicblock-rfinddebugloc-n11-d16.pbqp,llvm,heuristic,free_descriptor_frontend,18790,5281.056773468241
353-mbb-machinebasicblock-rfinddebugloc-n11-d16.pbqp,llvm,heuristic,zero_memory_wait,16129,4533.164699269252
353-mbb-machinebasicblock-rfinddebugloc-n11-d16.pbqp,llvm,heuristic,free_operand_service,11478,3225.9696458684652
353-mbb-machinebasicblock-rfinddebugloc-n11-d16.pbqp,llvm,heuristic,free_arithmetic,17287,4858.628442945475
353-mbb-machinebasicblock-rfinddebugloc-n11-d16.pbqp,llvm,heuristic,free_tree_merge,13575,3815.345699831366
353-mbb-machinebasicblock-rfinddebugloc-n11-d16.pbqp,llvm,heuristic,free_conditioning_device,19515,5484.822934232715
354-mbb-machinebasicblock-addpredecessor-n4-d16.pbqp,llvm,none,none,166480,5023.991308808884
354-mbb-machinebasicblock-addpredecessor-n4-d16.pbqp,llvm,none,free_descriptor_frontend,158032,4769.049702749193
354-mbb-machinebasicblock-addpredecessor-n4-d16.pbqp,llvm,none,zero_memory_wait,137392,4146.181006126083
354-mbb-machinebasicblock-addpredecessor-n4-d16.pbqp,llvm,none,free_operand_service,101200,3053.987989256722
354-mbb-machinebasicblock-addpredecessor-n4-d16.pbqp,llvm,none,free_arithmetic,147984,4465.823701602439
354-mbb-machinebasicblock-addpredecessor-n4-d16.pbqp,llvm,none,free_tree_merge,117328,3540.6946917343153
354-mbb-machinebasicblock-addpredecessor-n4-d16.pbqp,llvm,none,free_conditioning_device,160496,4843.4076711832695
354-mbb-machinebasicblock-addpredecessor-n4-d16.pbqp,llvm,heuristic,none,0,
354-mbb-machinebasicblock-addpredecessor-n4-d16.pbqp,llvm,heuristic,free_descriptor_frontend,0,
354-mbb-machinebasicblock-addpredecessor-n4-d16.pbqp,llvm,heuristic,zero_memory_wait,0,
354-mbb-machinebasicblock-addpredecessor-n4-d16.pbqp,llvm,heuristic,free_operand_service,0,
354-mbb-machinebasicblock-addpredecessor-n4-d16.pbqp,llvm,heuristic,free_arithmetic,0,
354-mbb-machinebasicblock-addpredecessor-n4-d16.pbqp,llvm,heuristic,free_tree_merge,0,
354-mbb-machinebasicblock-addpredecessor-n4-d16.pbqp,llvm,heuristic,free_conditioning_device,0,
355-mbb-machinebasicblock-canfallthrough-n3-d16.pbqp,llvm,none,none,0,
355-mbb-machinebasicblock-canfallthrough-n3-d16.pbqp,llvm,none,free_descriptor_frontend,0,
355-mbb-machinebasicblock-canfallthrough-n3-d16.pbqp,llvm,none,zero_memory_wait,0,
355-mbb-machinebasicblock-canfallthrough-n3-d16.pbqp,llvm,none,free_operand_service,0,
355-mbb-machinebasicblock-canfallthrough-n3-d16.pbqp,llvm,none,free_arithmetic,0,
355-mbb-machinebasicblock-canfallthrough-n3-d16.pbqp,llvm,none,free_tree_merge,0,
355-mbb-machinebasicblock-canfallthrough-n3-d16.pbqp,llvm,none,free_conditioning_device,0,
355-mbb-machinebasicblock-canfallthrough-n3-d16.pbqp,llvm,heuristic,none,0,
355-mbb-machinebasicblock-canfallthrough-n3-d16.pbqp,llvm,heuristic,free_descriptor_frontend,0,
355-mbb-machinebasicblock-canfallthrough-n3-d16.pbqp,llvm,heuristic,zero_memory_wait,0,
355-mbb-machinebasicblock-canfallthrough-n3-d16.pbqp,llvm,heuristic,free_operand_service,0,
355-mbb-machinebasicblock-canfallthrough-n3-d16.pbqp,llvm,heuristic,free_arithmetic,0,
355-mbb-machinebasicblock-canfallthrough-n3-d16.pbqp,llvm,heuristic,free_tree_merge,0,
355-mbb-machinebasicblock-canfallthrough-n3-d16.pbqp,llvm,heuristic,free_conditioning_device,0,
356-mbb-machinebasicblock-getfallthrough-n38-d16.pbqp,llvm,heuristic,none,4070,2713.3333333333335
356-mbb-machinebasicblock-getfallthrough-n38-d16.pbqp,llvm,heuristic,free_descriptor_frontend,3810,2540.0
356-mbb-machinebasicblock-getfallthrough-n38-d16.pbqp,llvm,heuristic,zero_memory_wait,3342,2228.0
356-mbb-machinebasicblock-getfallthrough-n38-d16.pbqp,llvm,heuristic,free_operand_service,2414,1609.3333333333333
356-mbb-machinebasicblock-getfallthrough-n38-d16.pbqp,llvm,heuristic,free_arithmetic,3622,2414.6666666666665
356-mbb-machinebasicblock-getfallthrough-n38-d16.pbqp,llvm,heuristic,free_tree_merge,2894,1929.3333333333333
356-mbb-machinebasicblock-getfallthrough-n38-d16.pbqp,llvm,heuristic,free_conditioning_device,4070,2713.3333333333335
357-mbb-machinebasicblock-getfirstnonphi-n3-d16.pbqp,llvm,none,none,10634,5558.808154730789
357-mbb-machinebasicblock-getfirstnonphi-n3-d16.pbqp,llvm,none,free_descriptor_frontend,10164,5313.12075274438
357-mbb-machinebasicblock-getfirstnonphi-n3-d16.pbqp,llvm,none,zero_memory_wait,8810,4605.331939362258
357-mbb-machinebasicblock-getfirstnonphi-n3-d16.pbqp,llvm,none,free_operand_service,6386,3338.212232096184
357-mbb-machinebasicblock-getfirstnonphi-n3-d16.pbqp,llvm,none,free_arithmetic,9418,4923.157344485102
357-mbb-machinebasicblock-getfirstnonphi-n3-d16.pbqp,llvm,none,free_tree_merge,7370,3852.587558808155
357-mbb-machinebasicblock-getfirstnonphi-n3-d16.pbqp,llvm,none,free_conditioning_device,10634,5558.808154730789
357-mbb-machinebasicblock-getfirstnonphi-n3-d16.pbqp,llvm,heuristic,none,10634,5826.8493150684935
357-mbb-machinebasicblock-getfirstnonphi-n3-d16.pbqp,llvm,heuristic,free_descriptor_frontend,10164,5569.315068493151
357-mbb-machinebasicblock-getfirstnonphi-n3-d16.pbqp,llvm,heuristic,zero_memory_wait,8810,4827.397260273972
357-mbb-machinebasicblock-getfirstnonphi-n3-d16.pbqp,llvm,heuristic,free_operand_service,6386,3499.178082191781
357-mbb-machinebasicblock-getfirstnonphi-n3-d16.pbqp,llvm,heuristic,free_arithmetic,9418,5160.54794520548
357-mbb-machinebasicblock-getfirstnonphi-n3-d16.pbqp,llvm,heuristic,free_tree_merge,7370,4038.3561643835615
357-mbb-machinebasicblock-getfirstnonphi-n3-d16.pbqp,llvm,heuristic,free_conditioning_device,10634,5826.8493150684935
359-mbb-machinebasicblock-erasefromparent-n7-d17.pbqp,llvm,none,none,549680,5654.038819572306
359-mbb-machinebasicblock-erasefromparent-n7-d17.pbqp,llvm,none,free_descriptor_frontend,519320,5341.7541838529505
359-mbb-machinebasicblock-erasefromparent-n7-d17.pbqp,llvm,none,zero_memory_wait,452160,4650.942716958619
359-mbb-machinebasicblock-erasefromparent-n7-d17.pbqp,llvm,none,free_operand_service,338288,3479.6490397967477
359-mbb-machinebasicblock-erasefromparent-n7-d17.pbqp,llvm,none,free_arithmetic,490064,5040.825353068844
359-mbb-machinebasicblock-erasefromparent-n7-d17.pbqp,llvm,none,free_tree_merge,393008,4042.501980065625
359-mbb-machinebasicblock-erasefromparent-n7-d17.pbqp,llvm,none,free_conditioning_device,510432,5250.331725280038
359-mbb-machinebasicblock-erasefromparent-n7-d17.pbqp,llvm,heuristic,none,0,
359-mbb-machinebasicblock-erasefromparent-n7-d17.pbqp,llvm,heuristic,free_descriptor_frontend,0,
359-mbb-machinebasicblock-erasefromparent-n7-d17.pbqp,llvm,heuristic,zero_memory_wait,0,
359-mbb-machinebasicblock-erasefromparent-n7-d17.pbqp,llvm,heuristic,free_operand_service,0,
359-mbb-machinebasicblock-erasefromparent-n7-d17.pbqp,llvm,heuristic,free_arithmetic,0,
359-mbb-machinebasicblock-erasefromparent-n7-d17.pbqp,llvm,heuristic,free_tree_merge,0,
359-mbb-machinebasicblock-erasefromparent-n7-d17.pbqp,llvm,heuristic,free_conditioning_device,0,
362-mbb-machinebasicblock-findprevdebugloc-n8-d16.pbqp,llvm,none,none,179038,4890.546040591112
362-mbb-machinebasicblock-findprevdebugloc-n8-d16.pbqp,llvm,none,free_descriptor_frontend,169768,4637.329618399847
362-mbb-machinebasicblock-findprevdebugloc-n8-d16.pbqp,llvm,none,zero_memory_wait,147719,4035.046026933268
362-mbb-machinebasicblock-findprevdebugloc-n8-d16.pbqp,llvm,none,free_operand_service,108721,2969.788849736404
362-mbb-machinebasicblock-findprevdebugloc-n8-d16.pbqp,llvm,none,free_arithmetic,159202,4348.712065339124
362-mbb-machinebasicblock-findprevdebugloc-n8-d16.pbqp,llvm,none,free_tree_merge,126250,3448.605534158267
362-mbb-machinebasicblock-findprevdebugloc-n8-d16.pbqp,llvm,none,free_conditioning_device,172990,4725.340763200306
362-mbb-machinebasicblock-findprevdebugloc-n8-d16.pbqp,llvm,heuristic,none,2846,2280.448717948718
362-mbb-machinebasicblock-findprevdebugloc-n8-d16.pbqp,llvm,heuristic,free_descriptor_frontend,2296,1839.7435897435898
362-mbb-machinebasicblock-findprevdebugloc-n8-d16.pbqp,llvm,heuristic,zero_memory_wait,2247,1800.4807692307693
362-mbb-machinebasicblock-findprevdebugloc-n8-d16.pbqp,llvm,heuristic,free_operand_service,1649,1321.3141025641025
362-mbb-machinebasicblock-findprevdebugloc-n8-d16.pbqp,llvm,heuristic,free_arithmetic,2658,2129.8076923076924
362-mbb-machinebasicblock-findprevdebugloc-n8-d16.pbqp,llvm,heuristic,free_tree_merge,2282,1828.525641025641
362-mbb-machinebasicblock-findprevdebugloc-n8-d16.pbqp,llvm,heuristic,free_conditioning_device,2846,2280.448717948718
363-mbb-machinebasicblock-removefromparent-n7-d17.pbqp,llvm,none,none,368097,5938.006130020971
363-mbb-machinebasicblock-removefromparent-n7-d17.pbqp,llvm,none,free_descriptor_frontend,349174,5632.747217293112
363-mbb-machinebasicblock-removefromparent-n7-d17.pbqp,llvm,none,zero_memory_wait,303501,4895.967091466366
363-mbb-machinebasicblock-removefromparent-n7-d17.pbqp,llvm,none,free_operand_service,224865,3627.439909662849
363-mbb-machinebasicblock-removefromparent-n7-d17.pbqp,llvm,none,free_arithmetic,327457,5282.416518793354
363-mbb-machinebasicblock-removefromparent-n7-d17.pbqp,llvm,none,free_tree_merge,260577,4203.532827875464
363-mbb-machinebasicblock-removefromparent-n7-d17.pbqp,llvm,none,free_conditioning_device,349953,5645.313760283917
363-mbb-machinebasicblock-removefromparent-n7-d17.pbqp,llvm,heuristic,none,9665,5665.298944900352
363-mbb-machinebasicblock-removefromparent-n7-d17.pbqp,llvm,heuristic,free_descriptor_frontend,9382,5499.4138335287225
363-mbb-machinebasicblock-removefromparent-n7-d17.pbqp,llvm,heuristic,zero_memory_wait,8045,4715.709261430246
363-mbb-machinebasicblock-removefromparent-n7-d17.pbqp,llvm,heuristic,free_operand_service,5825,3414.419695193435
363-mbb-machinebasicblock-removefromparent-n7-d17.pbqp,llvm,heuristic,free_arithmetic,8513,4990.035169988277
363-mbb-machinebasicblock-removefromparent-n7-d17.pbqp,llvm,heuristic,free_tree_merge,6593,3864.595545134818
363-mbb-machinebasicblock-removefromparent-n7-d17.pbqp,llvm,heuristic,free_conditioning_device,9665,5665.298944900352
364-mbb-machinebasicblock-replacesuccessor-n35-d16.pbqp,llvm,heuristic,none,0,
364-mbb-machinebasicblock-replacesuccessor-n35-d16.pbqp,llvm,heuristic,free_descriptor_frontend,0,
364-mbb-machinebasicblock-replacesuccessor-n35-d16.pbqp,llvm,heuristic,zero_memory_wait,0,
364-mbb-machinebasicblock-replacesuccessor-n35-d16.pbqp,llvm,heuristic,free_operand_service,0,
364-mbb-machinebasicblock-replacesuccessor-n35-d16.pbqp,llvm,heuristic,free_arithmetic,0,
364-mbb-machinebasicblock-replacesuccessor-n35-d16.pbqp,llvm,heuristic,free_tree_merge,0,
364-mbb-machinebasicblock-replacesuccessor-n35-d16.pbqp,llvm,heuristic,free_conditioning_device,0,
365-mbb-machinebasicblock-updateterminator-n68-d16.pbqp,llvm,heuristic,none,2467,2577.8474399164056
365-mbb-machinebasicblock-updateterminator-n68-d16.pbqp,llvm,heuristic,free_descriptor_frontend,2249,2350.0522466039706
365-mbb-machinebasicblock-updateterminator-n68-d16.pbqp,llvm,heuristic,zero_memory_wait,2012,2102.4033437826542
365-mbb-machinebasicblock-updateterminator-n68-d16.pbqp,llvm,heuristic,free_operand_service,1462,1527.6907001044933
365-mbb-machinebasicblock-updateterminator-n68-d16.pbqp,llvm,heuristic,free_arithmetic,2215,2314.5245559038663
365-mbb-machinebasicblock-updateterminator-n68-d16.pbqp,llvm,heuristic,free_tree_merge,1795,1875.6530825496343
365-mbb-machinebasicblock-updateterminator-n68-d16.pbqp,llvm,heuristic,free_conditioning_device,2467,2577.8474399164056
366-mbb-machinebasicblock-skipphisandlabels-n9-d16.pbqp,llvm,none,none,172679,4003.872194398071
366-mbb-machinebasicblock-skipphisandlabels-n9-d16.pbqp,llvm,none,free_descriptor_frontend,153689,3563.554999072528
366-mbb-machinebasicblock-skipphisandlabels-n9-d16.pbqp,llvm,none,zero_memory_wait,138596,3213.5967352995735
366-mbb-machinebasicblock-skipphisandlabels-n9-d16.pbqp,llvm,none,free_operand_service,111932,2595.344092005194
366-mbb-machinebasicblock-skipphisandlabels-n9-d16.pbqp,llvm,none,free_arithmetic,158237,3669.0085327397514
366-mbb-machinebasicblock-skipphisandlabels-n9-d16.pbqp,llvm,none,free_tree_merge,136223,3158.5744759784825
366-mbb-machinebasicblock-skipphisandlabels-n9-d16.pbqp,llvm,none,free_conditioning_device,142377,3301.265998887034
366-mbb-machinebasicblock-skipphisandlabels-n9-d16.pbqp,llvm,heuristic,none,2035,3271.7041800643087
366-mbb-machinebasicblock-skipphisandlabels-n9-d16.pbqp,llvm,heuristic,free_descriptor_frontend,1905,3062.700964630225
366-mbb-machinebasicblock-skipphisandlabels-n9-d16.pbqp,llvm,heuristic,zero_memory_wait,1671,2686.4951768488745
366-mbb-machinebasicblock-skipphisandlabels-n9-d16.pbqp,llvm,heuristic,free_operand_service,1207,1940.5144694533763
366-mbb-machinebasicblock-skipphisandlabels-n9-d16.pbqp,llvm,heuristic,free_arithmetic,1811,2911.575562700965
366-mbb-machinebasicblock-skipphisandlabels-n9-d16.pbqp,llvm,heuristic,free_tree_merge,1447,2326.3665594855306
366-mbb-machinebasicblock-skipphisandlabels-n9-d16.pbqp,llvm,heuristic,free_conditioning_device,2035,3271.7041800643087
371-mbb-machinebasicblock-rfindprevdebugloc-n6-d16.pbqp,llvm,none,none,177161,5058.418753390629
371-mbb-machinebasicblock-rfindprevdebugloc-n6-d16.pbqp,llvm,none,free_descriptor_frontend,168254,4804.100162750193
371-mbb-machinebasicblock-rfindprevdebugloc-n6-d16.pbqp,llvm,none,zero_memory_wait,146237,4175.456128829626
371-mbb-machinebasicblock-rfindprevdebugloc-n6-d16.pbqp,llvm,none,free_operand_service,107633,3073.20903406333
371-mbb-machinebasicblock-rfindprevdebugloc-n6-d16.pbqp,llvm,none,free_arithmetic,157449,4495.588613197042
371-mbb-machinebasicblock-rfindprevdebugloc-n6-d16.pbqp,llvm,none,free_tree_merge,124745,3561.8022442395
371-mbb-machinebasicblock-rfindprevdebugloc-n6-d16.pbqp,llvm,none,free_conditioning_device,171113,4885.73223310396
371-mbb-machinebasicblock-rfindprevdebugloc-n6-d16.pbqp,llvm,heuristic,none,969,2556.728232189974
371-mbb-machinebasicblock-rfindprevdebugloc-n6-d16.pbqp,llvm,heuristic,free_descriptor_frontend,782,2063.324538258575
371-mbb-machinebasicblock-rfindprevdebugloc-n6-d16.pbqp,llvm,heuristic,zero_memory_wait,765,2018.4696569920845
371-mbb-machinebasicblock-rfindprevdebugloc-n6-d16.pbqp,llvm,heuristic,free_operand_service,561,1480.2110817941953
371-mbb-machinebasicblock-rfindprevdebugloc-n6-d16.pbqp,llvm,heuristic,free_arithmetic,905,2387.8627968337732
371-mbb-machinebasicblock-rfindprevdebugloc-n6-d16.pbqp,llvm,heuristic,free_tree_merge,777,2050.131926121372
371-mbb-machinebasicblock-rfindprevdebugloc-n6-d16.pbqp,llvm,heuristic,free_conditioning_device,969,2556.728232189974
373-mbb-machinebasicblock-sortuniqueliveins-n54-d17-r1.pbqp,llvm,heuristic,none,2370,2178.3088235294117
373-mbb-machinebasicblock-sortuniqueliveins-n54-d17-r1.pbqp,llvm,heuristic,free_descriptor_frontend,1908,1753.6764705882354
373-mbb-machinebasicblock-sortuniqueliveins-n54-d17-r1.pbqp,llvm,heuristic,zero_memory_wait,1871,1719.6691176470588
373-mbb-machinebasicblock-sortuniqueliveins-n54-d17-r1.pbqp,llvm,heuristic,free_operand_service,1377,1265.625
373-mbb-machinebasicblock-sortuniqueliveins-n54-d17-r1.pbqp,llvm,heuristic,free_arithmetic,2214,2034.9264705882354
373-mbb-machinebasicblock-sortuniqueliveins-n54-d17-r1.pbqp,llvm,heuristic,free_tree_merge,1902,1748.1617647058824
373-mbb-machinebasicblock-sortuniqueliveins-n54-d17-r1.pbqp,llvm,heuristic,free_conditioning_device,2370,2178.3088235294117
374-mbb-machinebasicblock-findbranchdebugloc-n16-d16.pbqp,llvm,heuristic,none,0,
374-mbb-machinebasicblock-findbranchdebugloc-n16-d16.pbqp,llvm,heuristic,free_descriptor_frontend,0,
374-mbb-machinebasicblock-findbranchdebugloc-n16-d16.pbqp,llvm,heuristic,zero_memory_wait,0,
374-mbb-machinebasicblock-findbranchdebugloc-n16-d16.pbqp,llvm,heuristic,free_operand_service,0,
374-mbb-machinebasicblock-findbranchdebugloc-n16-d16.pbqp,llvm,heuristic,free_arithmetic,0,
374-mbb-machinebasicblock-findbranchdebugloc-n16-d16.pbqp,llvm,heuristic,free_tree_merge,0,
374-mbb-machinebasicblock-findbranchdebugloc-n16-d16.pbqp,llvm,heuristic,free_conditioning_device,0,
375-mbb-machinebasicblock-getfirstterminator-n16-d16.pbqp,llvm,heuristic,none,4070,2983.8709677419356
375-mbb-machinebasicblock-getfirstterminator-n16-d16.pbqp,llvm,heuristic,free_descriptor_frontend,3810,2793.2551319648096
375-mbb-machinebasicblock-getfirstterminator-n16-d16.pbqp,llvm,heuristic,zero_memory_wait,3342,2450.1466275659823
375-mbb-machinebasicblock-getfirstterminator-n16-d16.pbqp,llvm,heuristic,free_operand_service,2414,1769.7947214076246
375-mbb-machinebasicblock-getfirstterminator-n16-d16.pbqp,llvm,heuristic,free_arithmetic,3622,2655.425219941349
375-mbb-machinebasicblock-getfirstterminator-n16-d16.pbqp,llvm,heuristic,free_tree_merge,2894,2121.7008797653957
375-mbb-machinebasicblock-getfirstterminator-n16-d16.pbqp,llvm,heuristic,free_conditioning_device,4070,2983.8709677419356
377-mbb-machinebasicblock-setsuccprobability-n4-d16.pbqp,llvm,none,none,149200,5071.7247943436
377-mbb-machinebasicblock-setsuccprobability-n4-d16.pbqp,llvm,none,free_descriptor_frontend,140928,4790.536406281868
377-mbb-machinebasicblock-setsuccprobability-n4-d16.pbqp,llvm,none,zero_memory_wait,122864,4176.490583996193
377-mbb-machinebasicblock-setsuccprobability-n4-d16.pbqp,llvm,none,free_operand_service,90448,3074.580188999932
377-mbb-machinebasicblock-setsuccprobability-n4-d16.pbqp,llvm,none,free_arithmetic,132688,4510.435787613026
377-mbb-machinebasicblock-setsuccprobability-n4-d16.pbqp,llvm,none,free_tree_merge,106000,3603.236113943844
377-mbb-machinebasicblock-setsuccprobability-n4-d16.pbqp,llvm,none,free_conditioning_device,143344,4872.662995444965
377-mbb-machinebasicblock-setsuccprobability-n4-d16.pbqp,llvm,heuristic,none,0,
377-mbb-machinebasicblock-setsuccprobability-n4-d16.pbqp,llvm,heuristic,free_descriptor_frontend,0,
377-mbb-machinebasicblock-setsuccprobability-n4-d16.pbqp,llvm,heuristic,zero_memory_wait,0,
377-mbb-machinebasicblock-setsuccprobability-n4-d16.pbqp,llvm,heuristic,free_operand_service,0,
377-mbb-machinebasicblock-setsuccprobability-n4-d16.pbqp,llvm,heuristic,free_arithmetic,0,
377-mbb-machinebasicblock-setsuccprobability-n4-d16.pbqp,llvm,heuristic,free_tree_merge,0,
377-mbb-machinebasicblock-setsuccprobability-n4-d16.pbqp,llvm,heuristic,free_conditioning_device,0,
378-mbb-machinebasicblock-transfersuccessors-n20-d16.pbqp,llvm,heuristic,none,0,
378-mbb-machinebasicblock-transfersuccessors-n20-d16.pbqp,llvm,heuristic,free_descriptor_frontend,0,
378-mbb-machinebasicblock-transfersuccessors-n20-d16.pbqp,llvm,heuristic,zero_memory_wait,0,
378-mbb-machinebasicblock-transfersuccessors-n20-d16.pbqp,llvm,heuristic,free_operand_service,0,
378-mbb-machinebasicblock-transfersuccessors-n20-d16.pbqp,llvm,heuristic,free_arithmetic,0,
378-mbb-machinebasicblock-transfersuccessors-n20-d16.pbqp,llvm,heuristic,free_tree_merge,0,
378-mbb-machinebasicblock-transfersuccessors-n20-d16.pbqp,llvm,heuristic,free_conditioning_device,0,
379-mbb-machinebasicblock-getlastnondebugins-n8-d16.pbqp,llvm,heuristic,none,0,
379-mbb-machinebasicblock-getlastnondebugins-n8-d16.pbqp,llvm,heuristic,free_descriptor_frontend,0,
379-mbb-machinebasicblock-getlastnondebugins-n8-d16.pbqp,llvm,heuristic,zero_memory_wait,0,
379-mbb-machinebasicblock-getlastnondebugins-n8-d16.pbqp,llvm,heuristic,free_operand_service,0,
379-mbb-machinebasicblock-getlastnondebugins-n8-d16.pbqp,llvm,heuristic,free_arithmetic,0,
379-mbb-machinebasicblock-getlastnondebugins-n8-d16.pbqp,llvm,heuristic,free_tree_merge,0,
379-mbb-machinebasicblock-getlastnondebugins-n8-d16.pbqp,llvm,heuristic,free_conditioning_device,0,
380-mbb-machinebasicblock-getfirstnondebugin-n7-d16.pbqp,llvm,heuristic,none,0,
380-mbb-machinebasicblock-getfirstnondebugin-n7-d16.pbqp,llvm,heuristic,free_descriptor_frontend,0,
380-mbb-machinebasicblock-getfirstnondebugin-n7-d16.pbqp,llvm,heuristic,zero_memory_wait,0,
380-mbb-machinebasicblock-getfirstnondebugin-n7-d16.pbqp,llvm,heuristic,free_operand_service,0,
380-mbb-machinebasicblock-getfirstnondebugin-n7-d16.pbqp,llvm,heuristic,free_arithmetic,0,
380-mbb-machinebasicblock-getfirstnondebugin-n7-d16.pbqp,llvm,heuristic,free_tree_merge,0,
380-mbb-machinebasicblock-getfirstnondebugin-n7-d16.pbqp,llvm,heuristic,free_conditioning_device,0,
381-mbb-machinebasicblock-replaceusesofblock-n15-d16.pbqp,llvm,heuristic,none,0,
381-mbb-machinebasicblock-replaceusesofblock-n15-d16.pbqp,llvm,heuristic,free_descriptor_frontend,0,
381-mbb-machinebasicblock-replaceusesofblock-n15-d16.pbqp,llvm,heuristic,zero_memory_wait,0,
381-mbb-machinebasicblock-replaceusesofblock-n15-d16.pbqp,llvm,heuristic,free_operand_service,0,
381-mbb-machinebasicblock-replaceusesofblock-n15-d16.pbqp,llvm,heuristic,free_arithmetic,0,
381-mbb-machinebasicblock-replaceusesofblock-n15-d16.pbqp,llvm,heuristic,free_tree_merge,0,
381-mbb-machinebasicblock-replaceusesofblock-n15-d16.pbqp,llvm,heuristic,free_conditioning_device,0,
382-mbb-machinebasicblock-skipphislabelsandd-n11-d16.pbqp,llvm,heuristic,none,0,
382-mbb-machinebasicblock-skipphislabelsandd-n11-d16.pbqp,llvm,heuristic,free_descriptor_frontend,0,
382-mbb-machinebasicblock-skipphislabelsandd-n11-d16.pbqp,llvm,heuristic,zero_memory_wait,0,
382-mbb-machinebasicblock-skipphislabelsandd-n11-d16.pbqp,llvm,heuristic,free_operand_service,0,
382-mbb-machinebasicblock-skipphislabelsandd-n11-d16.pbqp,llvm,heuristic,free_arithmetic,0,
382-mbb-machinebasicblock-skipphislabelsandd-n11-d16.pbqp,llvm,heuristic,free_tree_merge,0,
382-mbb-machinebasicblock-skipphislabelsandd-n11-d16.pbqp,llvm,heuristic,free_conditioning_device,0,
383-mbb-machinebasicblock-getprobabilityiter-n2-d16.pbqp,llvm,none,none,908,2434.3163538873996
383-mbb-machinebasicblock-getprobabilityiter-n2-d16.pbqp,llvm,none,free_descriptor_frontend,732,1962.466487935657
383-mbb-machinebasicblock-getprobabilityiter-n2-d16.pbqp,llvm,none,zero_memory_wait,717,1922.2520107238606
383-mbb-machinebasicblock-getprobabilityiter-n2-d16.pbqp,llvm,none,free_operand_service,527,1412.8686327077749
383-mbb-machinebasicblock-getprobabilityiter-n2-d16.pbqp,llvm,none,free_arithmetic,848,2273.4584450402144
383-mbb-machinebasicblock-getprobabilityiter-n2-d16.pbqp,llvm,none,free_tree_merge,728,1951.7426273458445
383-mbb-machinebasicblock-getprobabilityiter-n2-d16.pbqp,llvm,none,free_conditioning_device,908,2434.3163538873996
383-mbb-machinebasicblock-getprobabilityiter-n2-d16.pbqp,llvm,heuristic,none,908,2474.114441416894
383-mbb-machinebasicblock-getprobabilityiter-n2-d16.pbqp,llvm,heuristic,free_descriptor_frontend,732,1994.550408719346
383-mbb-machinebasicblock-getprobabilityiter-n2-d16.pbqp,llvm,heuristic,zero_memory_wait,717,1953.6784741144413
383-mbb-machinebasicblock-getprobabilityiter-n2-d16.pbqp,llvm,heuristic,free_operand_service,527,1435.967302452316
383-mbb-machinebasicblock-getprobabilityiter-n2-d16.pbqp,llvm,heuristic,free_arithmetic,848,2310.626702997275
383-mbb-machinebasicblock-getprobabilityiter-n2-d16.pbqp,llvm,heuristic,free_tree_merge,728,1983.651226158038
383-mbb-machinebasicblock-getprobabilityiter-n2-d16.pbqp,llvm,heuristic,free_conditioning_device,908,2474.114441416894
384-mbb-machinebasicblock-addsuccessorwithou-n8-d16.pbqp,llvm,none,none,114088,4064.7000142511047
384-mbb-machinebasicblock-addsuccessorwithou-n8-d16.pbqp,llvm,none,free_descriptor_frontend,105060,3743.0525865754594
384-mbb-machinebasicblock-addsuccessorwithou-n8-d16.pbqp,llvm,none,zero_memory_wait,93340,3325.495225880006
384-mbb-machinebasicblock-addsuccessorwithou-n8-d16.pbqp,llvm,none,free_operand_service,71032,2530.7111301125838
384-mbb-machinebasicblock-addsuccessorwithou-n8-d16.pbqp,llvm,none,free_arithmetic,102284,3644.1499216189254
384-mbb-machinebasicblock-addsuccessorwithou-n8-d16.pbqp,llvm,none,free_tree_merge,83344,2969.3601254097193
384-mbb-machinebasicblock-addsuccessorwithou-n8-d16.pbqp,llvm,none,free_conditioning_device,105048,3742.6250534416417
384-mbb-machinebasicblock-addsuccessorwithou-n8-d16.pbqp,llvm,heuristic,none,4070,3344.2892358258014
384-mbb-machinebasicblock-addsuccessorwithou-n8-d16.pbqp,llvm,heuristic,free_descriptor_frontend,3810,3130.6491372226787
384-mbb-machinebasicblock-addsuccessorwithou-n8-d16.pbqp,llvm,heuristic,zero_memory_wait,3342,2746.096959737058
384-mbb-machinebasicblock-addsuccessorwithou-n8-d16.pbqp,llvm,heuristic,free_operand_service,2414,1983.5661462612982
384-mbb-machinebasicblock-addsuccessorwithou-n8-d16.pbqp,llvm,heuristic,free_arithmetic,3622,2976.1709120788823
384-mbb-machinebasicblock-addsuccessorwithou-n8-d16.pbqp,llvm,heuristic,free_tree_merge,2894,2377.9786359901395
384-mbb-machinebasicblock-addsuccessorwithou-n8-d16.pbqp,llvm,heuristic,free_conditioning_device,4070,3344.2892358258014
385-mbb-machinebasicblock-getfirstinstrtermi-n14-d16.pbqp,llvm,heuristic,none,4070,3400.1670843776105
385-mbb-machinebasicblock-getfirstinstrtermi-n14-d16.pbqp,llvm,heuristic,free_descriptor_frontend,3810,3182.9573934837094
385-mbb-machinebasicblock-getfirstinstrtermi-n14-d16.pbqp,llvm,heuristic,zero_memory_wait,3342,2791.9799498746866
385-mbb-machinebasicblock-getfirstinstrtermi-n14-d16.pbqp,llvm,heuristic,free_operand_service,2414,2016.7084377610693
385-mbb-machinebasicblock-getfirstinstrtermi-n14-d16.pbqp,llvm,heuristic,free_arithmetic,3622,3025.8980785296576
385-mbb-machinebasicblock-getfirstinstrtermi-n14-d16.pbqp,llvm,heuristic,free_tree_merge,2894,2417.7109440267336
385-mbb-machinebasicblock-getfirstinstrtermi-n14-d16.pbqp,llvm,heuristic,free_conditioning_device,4070,3400.1670843776105
386-mbb-machinebasicblock-getfirstterminator-n19-d16.pbqp,llvm,none,none,918941,4170.975589829247
386-mbb-machinebasicblock-getfirstterminator-n19-d16.pbqp,llvm,none,free_descriptor_frontend,839719,3811.395346726096
386-mbb-machinebasicblock-getfirstterminator-n19-d16.pbqp,llvm,none,zero_memory_wait,746867,3389.9499813905354
386-mbb-machinebasicblock-getfirstterminator-n19-d16.pbqp,llvm,none,free_operand_service,563252,2556.5409998275222
386-mbb-machinebasicblock-getfirstterminator-n19-d16.pbqp,llvm,none,free_arithmetic,826415,3751.0099038662297
386-mbb-machinebasicblock-getfirstterminator-n19-d16.pbqp,llvm,none,free_tree_merge,681977,3095.421163953921
386-mbb-machinebasicblock-getfirstterminator-n19-d16.pbqp,llvm,none,free_conditioning_device,831413,3773.695294982707
386-mbb-machinebasicblock-getfirstterminator-n19-d16.pbqp,llvm,heuristic,none,16280,3645.320197044335
386-mbb-machinebasicblock-getfirstterminator-n19-d16.pbqp,llvm,heuristic,free_descriptor_frontend,15240,3412.449619346171
386-mbb-machinebasicblock-getfirstterminator-n19-d16.pbqp,llvm,heuristic,zero_memory_wait,13368,2993.282579489476
386-mbb-machinebasicblock-getfirstterminator-n19-d16.pbqp,llvm,heuristic,free_operand_service,9656,2162.113748320645
386-mbb-machinebasicblock-getfirstterminator-n19-d16.pbqp,llvm,heuristic,free_arithmetic,14488,3244.066278549037
386-mbb-machinebasicblock-getfirstterminator-n19-d16.pbqp,llvm,heuristic,free_tree_merge,11576,2592.028660994178
386-mbb-machinebasicblock-getfirstterminator-n19-d16.pbqp,llvm,heuristic,free_conditioning_device,16280,3645.320197044335
387-mbb-machinebasicblock-removeliveinoverla-n45-d17.pbqp,llvm,heuristic,none,2035,2691.798941798942
387-mbb-machinebasicblock-removeliveinoverla-n45-d17.pbqp,llvm,heuristic,free_descriptor_frontend,1905,2519.84126984127
387-mbb-machinebasicblock-removeliveinoverla-n45-d17.pbqp,llvm,heuristic,zero_memory_wait,1671,2210.3174603174602
387-mbb-machinebasicblock-removeliveinoverla-n45-d17.pbqp,llvm,heuristic,free_operand_service,1207,1596.5608465608466
387-mbb-machinebasicblock-removeliveinoverla-n45-d17.pbqp,llvm,heuristic,free_arithmetic,1811,2395.5026455026455
387-mbb-machinebasicblock-removeliveinoverla-n45-d17.pbqp,llvm,heuristic,free_tree_merge,1447,1914.021164021164
387-mbb-machinebasicblock-removeliveinoverla-n45-d17.pbqp,llvm,heuristic,free_conditioning_device,2035,2691.798941798942
389-mbb-machinebasicblock-removephisincoming-n5-d16.pbqp,llvm,none,none,42134,3460.6981519507185
389-mbb-machinebasicblock-removephisincoming-n5-d16.pbqp,llvm,none,free_descriptor_frontend,36432,2992.3613963039015
389-mbb-machinebasicblock-removephisincoming-n5-d16.pbqp,llvm,none,zero_memory_wait,33752,2772.2381930184806
389-mbb-machinebasicblock-removephisincoming-n5-d16.pbqp,llvm,none,free_operand_service,27608,2267.5975359342915
389-mbb-machinebasicblock-removephisincoming-n5-d16.pbqp,llvm,none,free_arithmetic,38530,3164.681724845996
389-mbb-machinebasicblock-removephisincoming-n5-d16.pbqp,llvm,none,free_tree_merge,33314,2736.2628336755647
389-mbb-machinebasicblock-removephisincoming-n5-d16.pbqp,llvm,none,free_conditioning_device,32578,2675.811088295688
389-mbb-machinebasicblock-removephisincoming-n5-d16.pbqp,llvm,heuristic,none,0,
389-mbb-machinebasicblock-removephisincoming-n5-d16.pbqp,llvm,heuristic,free_descriptor_frontend,0,
389-mbb-machinebasicblock-removephisincoming-n5-d16.pbqp,llvm,heuristic,zero_memory_wait,0,
389-mbb-machinebasicblock-removephisincoming-n5-d16.pbqp,llvm,heuristic,free_operand_service,0,
389-mbb-machinebasicblock-removephisincoming-n5-d16.pbqp,llvm,heuristic,free_arithmetic,0,
389-mbb-machinebasicblock-removephisincoming-n5-d16.pbqp,llvm,heuristic,free_tree_merge,0,
389-mbb-machinebasicblock-removephisincoming-n5-d16.pbqp,llvm,heuristic,free_conditioning_device,0,
390-mbb-machinebasicblock-erase-n12-d16.pbqp,llvm,heuristic,none,4070,3222.486144101346
390-mbb-machinebasicblock-erase-n12-d16.pbqp,llvm,heuristic,free_descriptor_frontend,3810,3016.627078384798
390-mbb-machinebasicblock-erase-n12-d16.pbqp,llvm,heuristic,zero_memory_wait,3342,2646.080760095012
390-mbb-machinebasicblock-erase-n12-d16.pbqp,llvm,heuristic,free_operand_service,2414,1911.3222486144102
390-mbb-machinebasicblock-erase-n12-d16.pbqp,llvm,heuristic,free_arithmetic,3622,2867.7751385589863
390-mbb-machinebasicblock-erase-n12-d16.pbqp,llvm,heuristic,free_tree_merge,2894,2291.3697545526525
390-mbb-machinebasicblock-erase-n12-d16.pbqp,llvm,heuristic,free_conditioning_device,4070,3222.486144101346
391-mbb-machinebasicblock-insert-n10-d16.pbqp,llvm,none,none,278364,4628.5229710181075
391-mbb-machinebasicblock-insert-n10-d16.pbqp,llvm,none,free_descriptor_frontend,256694,4268.2030561513775
391-mbb-machinebasicblock-insert-n10-d16.pbqp,llvm,none,zero_memory_wait,225514,3749.754743020568
391-mbb-machinebasicblock-insert-n10-d16.pbqp,llvm,none,free_operand_service,172644,2870.6539631865116
391-mbb-machinebasicblock-insert-n10-d16.pbqp,llvm,none,free_arithmetic,252756,4202.723599541078
391-mbb-machinebasicblock-insert-n10-d16.pbqp,llvm,none,free_tree_merge,211164,3511.14880031925
391-mbb-machinebasicblock-insert-n10-d16.pbqp,llvm,none,free_conditioning_device,260896,4338.0721970037075
391-mbb-machinebasicblock-insert-n10-d16.pbqp,llvm,heuristic,none,4070,3414.4295302013425
391-mbb-machinebasicblock-insert-n10-d16.pbqp,llvm,heuristic,free_descriptor_frontend,3810,3196.308724832215
391-mbb-machinebasicblock-insert-n10-d16.pbqp,llvm,heuristic,zero_memory_wait,3342,2803.691275167785
391-mbb-machinebasicblock-insert-n10-d16.pbqp,llvm,heuristic,free_operand_service,2414,2025.1677852348994
391-mbb-machinebasicblock-insert-n10-d16.pbqp,llvm,heuristic,free_arithmetic,3622,3038.5906040268455
391-mbb-machinebasicblock-insert-n10-d16.pbqp,llvm,heuristic,free_tree_merge,2894,2427.8523489932886
391-mbb-machinebasicblock-insert-n10-d16.pbqp,llvm,heuristic,free_conditioning_device,4070,3414.4295302013425
393-mbb-machinebasicblock-splitat-n39-d16-r1.pbqp,llvm,heuristic,none,9184,3083.948959032908
393-mbb-machinebasicblock-splitat-n39-d16-r1.pbqp,llvm,heuristic,free_descriptor_frontend,8618,2893.8885157824043
393-mbb-machinebasicblock-splitat-n39-d16-r1.pbqp,llvm,heuristic,zero_memory_wait,7559,2538.2807253190063
393-mbb-machinebasicblock-splitat-n39-d16-r1.pbqp,llvm,heuristic,free_operand_service,5482,1840.8327736736064
393-mbb-machinebasicblock-splitat-n39-d16-r1.pbqp,llvm,heuristic,free_arithmetic,8176,2745.466756212223
393-mbb-machinebasicblock-splitat-n39-d16-r1.pbqp,llvm,heuristic,free_tree_merge,6496,2181.329751511081
393-mbb-machinebasicblock-splitat-n39-d16-r1.pbqp,llvm,heuristic,free_conditioning_device,9184,3083.948959032908
396-mbb-machinebasicblock-moveafter-n7-d16.pbqp,llvm,none,none,551721,6083.994971549557
396-mbb-machinebasicblock-moveafter-n7-d16.pbqp,llvm,none,free_descriptor_frontend,520974,5744.938467645891
396-mbb-machinebasicblock-moveafter-n7-d16.pbqp,llvm,none,zero_memory_wait,453725,5003.363327599135
396-mbb-machinebasicblock-moveafter-n7-d16.pbqp,llvm,none,free_operand_service,339729,3746.294825989149
396-mbb-machinebasicblock-moveafter-n7-d16.pbqp,llvm,none,free_arithmetic,492009,5425.532618764059
396-mbb-machinebasicblock-moveafter-n7-d16.pbqp,llvm,none,free_tree_merge,394857,4354.208019055181
396-mbb-machinebasicblock-moveafter-n7-d16.pbqp,llvm,none,free_conditioning_device,511401,5639.374090247453
396-mbb-machinebasicblock-moveafter-n7-d16.pbqp,llvm,heuristic,none,969,2363.4146341463415
396-mbb-machinebasicblock-moveafter-n7-d16.pbqp,llvm,heuristic,free_descriptor_frontend,782,1907.3170731707316
396-mbb-machinebasicblock-moveafter-n7-d16.pbqp,llvm,heuristic,zero_memory_wait,765,1865.8536585365853
396-mbb-machinebasicblock-moveafter-n7-d16.pbqp,llvm,heuristic,free_operand_service,561,1368.2926829268292
396-mbb-machinebasicblock-moveafter-n7-d16.pbqp,llvm,heuristic,free_arithmetic,905,2207.317073170732
396-mbb-machinebasicblock-moveafter-n7-d16.pbqp,llvm,heuristic,free_tree_merge,777,1895.121951219512
396-mbb-machinebasicblock-moveafter-n7-d16.pbqp,llvm,heuristic,free_conditioning_device,969,2363.4146341463415
397-mbb-machinebasicblock-machinebasicblock-n13-d17.pbqp,llvm,none,none,241157,4947.825194911777
397-mbb-machinebasicblock-machinebasicblock-n13-d17.pbqp,llvm,none,free_descriptor_frontend,227453,4666.659827656956
397-mbb-machinebasicblock-machinebasicblock-n13-d17.pbqp,llvm,none,zero_memory_wait,198324,4069.019286007386
397-mbb-machinebasicblock-machinebasicblock-n13-d17.pbqp,llvm,none,free_operand_service,145832,2992.0393926959377
397-mbb-machinebasicblock-machinebasicblock-n13-d17.pbqp,llvm,none,free_arithmetic,214771,4406.462864177267
397-mbb-machinebasicblock-machinebasicblock-n13-d17.pbqp,llvm,none,free_tree_merge,171689,3522.5482150184653
397-mbb-machinebasicblock-machinebasicblock-n13-d17.pbqp,llvm,none,free_conditioning_device,231177,4743.065244152646
397-mbb-machinebasicblock-machinebasicblock-n13-d17.pbqp,llvm,heuristic,none,21146,4449.9158249158245
397-mbb-machinebasicblock-machinebasicblock-n13-d17.pbqp,llvm,heuristic,free_descriptor_frontend,19932,4194.444444444444
397-mbb-machinebasicblock-machinebasicblock-n13-d17.pbqp,llvm,heuristic,zero_memory_wait,17360,3653.198653198653
397-mbb-machinebasicblock-machinebasicblock-n13-d17.pbqp,llvm,heuristic,free_operand_service,12401,2609.638047138047
397-mbb-machinebasicblock-machinebasicblock-n13-d17.pbqp,llvm,heuristic,free_arithmetic,18822,3960.8585858585857
397-mbb-machinebasicblock-machinebasicblock-n13-d17.pbqp,llvm,heuristic,free_tree_merge,15014,3159.5117845117843
397-mbb-machinebasicblock-machinebasicblock-n13-d17.pbqp,llvm,heuristic,free_conditioning_device,21146,4449.9158249158245
398-mbb-machinebasicblock-machinebasicblock-n11-d16.pbqp,llvm,none,none,23292,3507.303117000452
398-mbb-machinebasicblock-machinebasicblock-n11-d16.pbqp,llvm,none,free_descriptor_frontend,22114,3329.9201927420568
398-mbb-machinebasicblock-machinebasicblock-n11-d16.pbqp,llvm,none,zero_memory_wait,19194,2890.227375395272
398-mbb-machinebasicblock-machinebasicblock-n11-d16.pbqp,llvm,none,free_operand_service,13776,2074.38638759223
398-mbb-machinebasicblock-machinebasicblock-n11-d16.pbqp,llvm,none,free_arithmetic,20714,3119.1085679867488
398-mbb-machinebasicblock-machinebasicblock-n11-d16.pbqp,llvm,none,free_tree_merge,16398,2469.2064448125284
398-mbb-machinebasicblock-machinebasicblock-n11-d16.pbqp,llvm,none,free_conditioning_device,23292,3507.303117000452
398-mbb-machinebasicblock-machinebasicblock-n11-d16.pbqp,llvm,heuristic,none,23292,3962.5723035045935
398-mbb-machinebasicblock-machinebasicblock-n11-d16.pbqp,llvm,heuristic,free_descriptor_frontend,22114,3762.164001361007
398-mbb-machinebasicblock-machinebasicblock-n11-d16.pbqp,llvm,heuristic,zero_memory_wait,19194,3265.396393331065
398-mbb-machinebasicblock-machinebasicblock-n11-d16.pbqp,llvm,heuristic,free_operand_service,13776,2343.654304185097
398-mbb-machinebasicblock-machinebasicblock-n11-d16.pbqp,llvm,heuristic,free_arithmetic,20714,3523.9877509356925
398-mbb-machinebasicblock-machinebasicblock-n11-d16.pbqp,llvm,heuristic,free_tree_merge,16398,2789.724396053079
398-mbb-machinebasicblock-machinebasicblock-n11-d16.pbqp,llvm,heuristic,free_conditioning_device,23292,3962.5723035045935
399-mbb-llvm-printmbbreference-n2-d16.pbqp,llvm,none,none,969,2752.840909090909
399-mbb-llvm-printmbbreference-n2-d16.pbqp,llvm,none,free_descriptor_frontend,782,2221.590909090909
399-mbb-llvm-printmbbreference-n2-d16.pbqp,llvm,none,zero_memory_wait,765,2173.2954545454545
399-mbb-llvm-printmbbreference-n2-d16.pbqp,llvm,none,free_operand_service,561,1593.75
399-mbb-llvm-printmbbreference-n2-d16.pbqp,llvm,none,free_arithmetic,905,2571.0227272727275
399-mbb-llvm-printmbbreference-n2-d16.pbqp,llvm,none,free_tree_merge,777,2207.3863636363635
399-mbb-llvm-printmbbreference-n2-d16.pbqp,llvm,none,free_conditioning_device,969,2752.840909090909
399-mbb-llvm-printmbbreference-n2-d16.pbqp,llvm,heuristic,none,969,2217.391304347826
399-mbb-llvm-printmbbreference-n2-d16.pbqp,llvm,heuristic,free_descriptor_frontend,782,1789.4736842105262
399-mbb-llvm-printmbbreference-n2-d16.pbqp,llvm,heuristic,zero_memory_wait,765,1750.5720823798626
399-mbb-llvm-printmbbreference-n2-d16.pbqp,llvm,heuristic,free_operand_service,561,1283.7528604118993
399-mbb-llvm-printmbbreference-n2-d16.pbqp,llvm,heuristic,free_arithmetic,905,2070.938215102975
399-mbb-llvm-printmbbreference-n2-d16.pbqp,llvm,heuristic,free_tree_merge,777,1778.0320366132723
399-mbb-llvm-printmbbreference-n2-d16.pbqp,llvm,heuristic,free_conditioning_device,969,2217.391304347826
400-mbb-bumpptrallocatorimpl-allocateslow-n17-d16.pbqp,llvm,heuristic,none,1963,3091.3385826771655
400-mbb-bumpptrallocatorimpl-allocateslow-n17-d16.pbqp,llvm,heuristic,free_descriptor_frontend,1833,2886.6141732283463
400-mbb-bumpptrallocatorimpl-allocateslow-n17-d16.pbqp,llvm,heuristic,zero_memory_wait,1623,2555.9055118110236
400-mbb-bumpptrallocatorimpl-allocateslow-n17-d16.pbqp,llvm,heuristic,free_operand_service,1207,1900.7874015748032
400-mbb-bumpptrallocatorimpl-allocateslow-n17-d16.pbqp,llvm,heuristic,free_arithmetic,1739,2738.582677165354
400-mbb-bumpptrallocatorimpl-allocateslow-n17-d16.pbqp,llvm,heuristic,free_tree_merge,1375,2165.3543307086616
400-mbb-bumpptrallocatorimpl-allocateslow-n17-d16.pbqp,llvm,heuristic,free_conditioning_device,1963,3091.3385826771655
402-mbb-ilist-callback-traits-addnodetolist-n15-d16-r1.pbqp,llvm,heuristic,none,2526,2471.624266144814
402-mbb-ilist-callback-traits-addnodetolist-n15-d16-r1.pbqp,llvm,heuristic,free_descriptor_frontend,2266,2217.221135029354
402-mbb-ilist-callback-traits-addnodetolist-n15-d16-r1.pbqp,llvm,heuristic,zero_memory_wait,2042,1998.0430528375734
402-mbb-ilist-callback-traits-addnodetolist-n15-d16-r1.pbqp,llvm,heuristic,free_operand_service,1602,1567.5146771037182
402-mbb-ilist-callback-traits-addnodetolist-n15-d16-r1.pbqp,llvm,heuristic,free_arithmetic,2302,2252.446183953033
402-mbb-ilist-callback-traits-addnodetolist-n15-d16-r1.pbqp,llvm,heuristic,free_tree_merge,1938,1896.2818003913894
402-mbb-ilist-callback-traits-addnodetolist-n15-d16-r1.pbqp,llvm,heuristic,free_conditioning_device,2526,2471.624266144814
403-mbb-ilist-callback-traits-removenodefrom-n4-d16.pbqp,llvm,none,none,20299,5968.5386650985
403-mbb-ilist-callback-traits-removenodefrom-n4-d16.pbqp,llvm,none,free_descriptor_frontend,19546,5747.133196118789
403-mbb-ilist-callback-traits-removenodefrom-n4-d16.pbqp,llvm,none,zero_memory_wait,16855,4955.89532490444
403-mbb-ilist-callback-traits-removenodefrom-n4-d16.pbqp,llvm,none,free_operand_service,12211,3590.4145839458984
403-mbb-ilist-callback-traits-removenodefrom-n4-d16.pbqp,llvm,none,free_arithmetic,17931,5272.272860923258
403-mbb-ilist-callback-traits-removenodefrom-n4-d16.pbqp,llvm,none,free_tree_merge,13963,4105.55718906204
403-mbb-ilist-callback-traits-removenodefrom-n4-d16.pbqp,llvm,none,free_conditioning_device,20299,5968.5386650985
403-mbb-ilist-callback-traits-removenodefrom-n4-d16.pbqp,llvm,heuristic,none,20299,5834.722621442944
403-mbb-ilist-callback-traits-removenodefrom-n4-d16.pbqp,llvm,heuristic,free_descriptor_frontend,19546,5618.2811152630065
403-mbb-ilist-callback-traits-removenodefrom-n4-d16.pbqp,llvm,heuristic,zero_memory_wait,16855,4844.782983615982
403-mbb-ilist-callback-traits-removenodefrom-n4-d16.pbqp,llvm,heuristic,free_operand_service,12211,3509.9166427134232
403-mbb-ilist-callback-traits-removenodefrom-n4-d16.pbqp,llvm,heuristic,free_arithmetic,17931,5154.0672607071
403-mbb-ilist-callback-traits-removenodefrom-n4-d16.pbqp,llvm,heuristic,free_tree_merge,13963,4013.5096292037942
403-mbb-ilist-callback-traits-removenodefrom-n4-d16.pbqp,llvm,heuristic,free_conditioning_device,20299,5834.722621442944
404-mbb-smallvectortemplatebase-growandpushb-n6-d16.pbqp,llvm,none,none,131425,4833.400757603619
404-mbb-smallvectortemplatebase-growandpushb-n6-d16.pbqp,llvm,none,free_descriptor_frontend,121130,4454.78283255489
404-mbb-smallvectortemplatebase-growandpushb-n6-d16.pbqp,llvm,none,zero_memory_wait,106591,3920.083851274319
404-mbb-smallvectortemplatebase-growandpushb-n6-d16.pbqp,llvm,none,free_operand_service,82165,3021.771909823103
404-mbb-smallvectortemplatebase-growandpushb-n6-d16.pbqp,llvm,none,free_arithmetic,119309,4387.812143724026
404-mbb-smallvectortemplatebase-growandpushb-n6-d16.pbqp,llvm,none,free_tree_merge,99589,3662.572174616601
404-mbb-smallvectortemplatebase-growandpushb-n6-d16.pbqp,llvm,none,free_conditioning_device,123323,4535.434518774595
404-mbb-smallvectortemplatebase-growandpushb-n6-d16.pbqp,llvm,heuristic,none,0,
404-mbb-smallvectortemplatebase-growandpushb-n6-d16.pbqp,llvm,heuristic,free_descriptor_frontend,0,
404-mbb-smallvectortemplatebase-growandpushb-n6-d16.pbqp,llvm,heuristic,zero_memory_wait,0,
404-mbb-smallvectortemplatebase-growandpushb-n6-d16.pbqp,llvm,heuristic,free_operand_service,0,
404-mbb-smallvectortemplatebase-growandpushb-n6-d16.pbqp,llvm,heuristic,free_arithmetic,0,
404-mbb-smallvectortemplatebase-growandpushb-n6-d16.pbqp,llvm,heuristic,free_tree_merge,0,
404-mbb-smallvectortemplatebase-growandpushb-n6-d16.pbqp,llvm,heuristic,free_conditioning_device,0,
405-mbb-smallvectortemplatebase-growandpushb-n6-d16.pbqp,llvm,none,none,131425,4788.842734295292
405-mbb-smallvectortemplatebase-growandpushb-n6-d16.pbqp,llvm,none,free_descriptor_frontend,121130,4413.715201865617
405-mbb-smallvectortemplatebase-growandpushb-n6-d16.pbqp,llvm,none,zero_memory_wait,106591,3883.9454889957733
405-mbb-smallvectortemplatebase-growandpushb-n6-d16.pbqp,llvm,none,free_operand_service,82165,2993.9148812126514
405-mbb-smallvectortemplatebase-growandpushb-n6-d16.pbqp,llvm,none,free_arithmetic,119309,4347.361900597581
405-mbb-smallvectortemplatebase-growandpushb-n6-d16.pbqp,llvm,none,free_tree_merge,99589,3628.807753971724
405-mbb-smallvectortemplatebase-growandpushb-n6-d16.pbqp,llvm,none,free_conditioning_device,123323,4493.623378516251
405-mbb-smallvectortemplatebase-growandpushb-n6-d16.pbqp,llvm,heuristic,none,0,
405-mbb-smallvectortemplatebase-growandpushb-n6-d16.pbqp,llvm,heuristic,free_descriptor_frontend,0,
405-mbb-smallvectortemplatebase-growandpushb-n6-d16.pbqp,llvm,heuristic,zero_memory_wait,0,
405-mbb-smallvectortemplatebase-growandpushb-n6-d16.pbqp,llvm,heuristic,free_operand_service,0,
405-mbb-smallvectortemplatebase-growandpushb-n6-d16.pbqp,llvm,heuristic,free_arithmetic,0,
405-mbb-smallvectortemplatebase-growandpushb-n6-d16.pbqp,llvm,heuristic,free_tree_merge,0,
405-mbb-smallvectortemplatebase-growandpushb-n6-d16.pbqp,llvm,heuristic,free_conditioning_device,0,
406-mbb-smallvectortemplatebase-growandpushb-n6-d16.pbqp,llvm,none,none,131425,4969.560614081524
406-mbb-smallvectortemplatebase-growandpushb-n6-d16.pbqp,llvm,none,free_descriptor_frontend,121130,4580.276790440898
406-mbb-smallvectortemplatebase-growandpushb-n6-d16.pbqp,llvm,none,zero_memory_wait,106591,4030.5150117219996
406-mbb-smallvectortemplatebase-growandpushb-n6-d16.pbqp,llvm,none,free_operand_service,82165,3106.8970732814037
406-mbb-smallvectortemplatebase-growandpushb-n6-d16.pbqp,llvm,none,free_arithmetic,119309,4511.419496332149
406-mbb-smallvectortemplatebase-growandpushb-n6-d16.pbqp,llvm,none,free_tree_merge,99589,3765.749073583907
406-mbb-smallvectortemplatebase-growandpushb-n6-d16.pbqp,llvm,none,free_conditioning_device,123323,4663.200484005142
406-mbb-smallvectortemplatebase-growandpushb-n6-d16.pbqp,llvm,heuristic,none,0,
406-mbb-smallvectortemplatebase-growandpushb-n6-d16.pbqp,llvm,heuristic,free_descriptor_frontend,0,
406-mbb-smallvectortemplatebase-growandpushb-n6-d16.pbqp,llvm,heuristic,zero_memory_wait,0,
406-mbb-smallvectortemplatebase-growandpushb-n6-d16.pbqp,llvm,heuristic,free_operand_service,0,
406-mbb-smallvectortemplatebase-growandpushb-n6-d16.pbqp,llvm,heuristic,free_arithmetic,0,
406-mbb-smallvectortemplatebase-growandpushb-n6-d16.pbqp,llvm,heuristic,free_tree_merge,0,
406-mbb-smallvectortemplatebase-growandpushb-n6-d16.pbqp,llvm,heuristic,free_conditioning_device,0,
407-mbb-smallvectortemplatebase-growandpushb-n6-d16.pbqp,llvm,none,none,131425,4600.910204796079
407-mbb-smallvectortemplatebase-growandpushb-n6-d16.pbqp,llvm,none,free_descriptor_frontend,121130,4240.504113425521
407-mbb-smallvectortemplatebase-growandpushb-n6-d16.pbqp,llvm,none,zero_memory_wait,106591,3731.5245930334327
407-mbb-smallvectortemplatebase-growandpushb-n6-d16.pbqp,llvm,none,free_operand_service,82165,2876.4221949938737
407-mbb-smallvectortemplatebase-growandpushb-n6-d16.pbqp,llvm,none,free_arithmetic,119309,4176.75476982321
407-mbb-smallvectortemplatebase-growandpushb-n6-d16.pbqp,llvm,none,free_tree_merge,99589,3486.3994398739715
407-mbb-smallvectortemplatebase-growandpushb-n6-d16.pbqp,llvm,none,free_conditioning_device,123323,4317.2763871871175
407-mbb-smallvectortemplatebase-growandpushb-n6-d16.pbqp,llvm,heuristic,none,0,
407-mbb-smallvectortemplatebase-growandpushb-n6-d16.pbqp,llvm,heuristic,free_descriptor_frontend,0,
407-mbb-smallvectortemplatebase-growandpushb-n6-d16.pbqp,llvm,heuristic,zero_memory_wait,0,
407-mbb-smallvectortemplatebase-growandpushb-n6-d16.pbqp,llvm,heuristic,free_operand_service,0,
407-mbb-smallvectortemplatebase-growandpushb-n6-d16.pbqp,llvm,heuristic,free_arithmetic,0,
407-mbb-smallvectortemplatebase-growandpushb-n6-d16.pbqp,llvm,heuristic,free_tree_merge,0,
407-mbb-smallvectortemplatebase-growandpushb-n6-d16.pbqp,llvm,heuristic,free_conditioning_device,0,
408-mbb-smallvectortemplatebase-growandpushb-n7-d16.pbqp,llvm,none,none,380580,5088.580176759236
408-mbb-smallvectortemplatebase-growandpushb-n7-d16.pbqp,llvm,none,free_descriptor_frontend,347675,4648.6208233611
408-mbb-smallvectortemplatebase-growandpushb-n7-d16.pbqp,llvm,none,zero_memory_wait,306642,4099.985292348009
408-mbb-smallvectortemplatebase-growandpushb-n7-d16.pbqp,llvm,none,free_operand_service,240948,3221.617574307069
408-mbb-smallvectortemplatebase-growandpushb-n7-d16.pbqp,llvm,none,free_arithmetic,348096,4654.249842895536
408-mbb-smallvectortemplatebase-growandpushb-n7-d16.pbqp,llvm,none,free_tree_merge,295908,3956.46535010897
408-mbb-smallvectortemplatebase-growandpushb-n7-d16.pbqp,llvm,none,free_conditioning_device,342314,4576.94107579789
408-mbb-smallvectortemplatebase-growandpushb-n7-d16.pbqp,llvm,heuristic,none,0,
408-mbb-smallvectortemplatebase-growandpushb-n7-d16.pbqp,llvm,heuristic,free_descriptor_frontend,0,
408-mbb-smallvectortemplatebase-growandpushb-n7-d16.pbqp,llvm,heuristic,zero_memory_wait,0,
408-mbb-smallvectortemplatebase-growandpushb-n7-d16.pbqp,llvm,heuristic,free_operand_service,0,
408-mbb-smallvectortemplatebase-growandpushb-n7-d16.pbqp,llvm,heuristic,free_arithmetic,0,
408-mbb-smallvectortemplatebase-growandpushb-n7-d16.pbqp,llvm,heuristic,free_tree_merge,0,
408-mbb-smallvectortemplatebase-growandpushb-n7-d16.pbqp,llvm,heuristic,free_conditioning_device,0,
409-mbb-smallvectortemplatebase-growandpushb-n7-d16.pbqp,llvm,none,none,380580,4954.178599323093
409-mbb-smallvectortemplatebase-growandpushb-n7-d16.pbqp,llvm,none,free_descriptor_frontend,347675,4525.839625097631
409-mbb-smallvectortemplatebase-growandpushb-n7-d16.pbqp,llvm,none,zero_memory_wait,306642,3991.6948711273108
409-mbb-smallvectortemplatebase-growandpushb-n7-d16.pbqp,llvm,none,free_operand_service,240948,3136.5269461077846
409-mbb-smallvectortemplatebase-growandpushb-n7-d16.pbqp,llvm,none,free_arithmetic,348096,4531.3199687581355
409-mbb-smallvectortemplatebase-growandpushb-n7-d16.pbqp,llvm,none,free_tree_merge,295908,3851.9656339494923
409-mbb-smallvectortemplatebase-growandpushb-n7-d16.pbqp,llvm,none,free_conditioning_device,342314,4456.053111168966
409-mbb-smallvectortemplatebase-growandpushb-n7-d16.pbqp,llvm,heuristic,none,0,
409-mbb-smallvectortemplatebase-growandpushb-n7-d16.pbqp,llvm,heuristic,free_descriptor_frontend,0,
409-mbb-smallvectortemplatebase-growandpushb-n7-d16.pbqp,llvm,heuristic,zero_memory_wait,0,
409-mbb-smallvectortemplatebase-growandpushb-n7-d16.pbqp,llvm,heuristic,free_operand_service,0,
409-mbb-smallvectortemplatebase-growandpushb-n7-d16.pbqp,llvm,heuristic,free_arithmetic,0,
409-mbb-smallvectortemplatebase-growandpushb-n7-d16.pbqp,llvm,heuristic,free_tree_merge,0,
409-mbb-smallvectortemplatebase-growandpushb-n7-d16.pbqp,llvm,heuristic,free_conditioning_device,0,
410-mbb-smallvectortemplatebase-growandpushb-n7-d16.pbqp,llvm,none,none,380580,5121.586887187285
410-mbb-smallvectortemplatebase-growandpushb-n7-d16.pbqp,llvm,none,free_descriptor_frontend,347675,4678.773768991643
410-mbb-smallvectortemplatebase-growandpushb-n7-d16.pbqp,llvm,none,zero_memory_wait,306642,4126.579552947826
410-mbb-smallvectortemplatebase-growandpushb-n7-d16.pbqp,llvm,none,free_operand_service,240948,3242.5143656892164
410-mbb-smallvectortemplatebase-growandpushb-n7-d16.pbqp,llvm,none,free_arithmetic,348096,4684.439300757647
410-mbb-smallvectortemplatebase-growandpushb-n7-d16.pbqp,llvm,none,free_tree_merge,295908,3982.128678894885
410-mbb-smallvectortemplatebase-growandpushb-n7-d16.pbqp,llvm,none,free_conditioning_device,342314,4606.629075885828
410-mbb-smallvectortemplatebase-growandpushb-n7-d16.pbqp,llvm,heuristic,none,0,
410-mbb-smallvectortemplatebase-growandpushb-n7-d16.pbqp,llvm,heuristic,free_descriptor_frontend,0,
410-mbb-smallvectortemplatebase-growandpushb-n7-d16.pbqp,llvm,heuristic,zero_memory_wait,0,
410-mbb-smallvectortemplatebase-growandpushb-n7-d16.pbqp,llvm,heuristic,free_operand_service,0,
410-mbb-smallvectortemplatebase-growandpushb-n7-d16.pbqp,llvm,heuristic,free_arithmetic,0,
410-mbb-smallvectortemplatebase-growandpushb-n7-d16.pbqp,llvm,heuristic,free_tree_merge,0,
410-mbb-smallvectortemplatebase-growandpushb-n7-d16.pbqp,llvm,heuristic,free_conditioning_device,0,
411-mbb-opt-opt-n7-d16.pbqp,llvm,none,none,6167,3447.177193963108
411-mbb-opt-opt-n7-d16.pbqp,llvm,none,free_descriptor_frontend,5597,3128.5634432643933
411-mbb-opt-opt-n7-d16.pbqp,llvm,none,zero_memory_wait,5036,2814.9804359977643
411-mbb-opt-opt-n7-d16.pbqp,llvm,none,free_operand_service,3686,2060.3689211850196
411-mbb-opt-opt-n7-d16.pbqp,llvm,none,free_arithmetic,5551,3102.8507546115147
411-mbb-opt-opt-n7-d16.pbqp,llvm,none,free_tree_merge,4487,2508.1050866405812
411-mbb-opt-opt-n7-d16.pbqp,llvm,none,free_conditioning_device,6167,3447.177193963108
411-mbb-opt-opt-n7-d16.pbqp,llvm,heuristic,none,6167,3310.252281266774
411-mbb-opt-opt-n7-d16.pbqp,llvm,heuristic,free_descriptor_frontend,5597,3004.2941492216855
411-mbb-opt-opt-n7-d16.pbqp,llvm,heuristic,zero_memory_wait,5036,2703.166935050993
411-mbb-opt-opt-n7-d16.pbqp,llvm,heuristic,free_operand_service,3686,1978.5292538915728
411-mbb-opt-opt-n7-d16.pbqp,llvm,heuristic,free_arithmetic,5551,2979.602791196994
411-mbb-opt-opt-n7-d16.pbqp,llvm,heuristic,free_tree_merge,4487,2408.4809447128287
411-mbb-opt-opt-n7-d16.pbqp,llvm,heuristic,free_conditioning_device,6167,3310.252281266774
412-mbb-llvm-buildmi-n19-d17.pbqp,llvm,heuristic,none,1963,3486.678507992895
412-mbb-llvm-buildmi-n19-d17.pbqp,llvm,heuristic,free_descriptor_frontend,1833,3255.772646536412
412-mbb-llvm-buildmi-n19-d17.pbqp,llvm,heuristic,zero_memory_wait,1623,2882.770870337478
412-mbb-llvm-buildmi-n19-d17.pbqp,llvm,heuristic,free_operand_service,1207,2143.8721136767317
412-mbb-llvm-buildmi-n19-d17.pbqp,llvm,heuristic,free_arithmetic,1739,3088.809946714032
412-mbb-llvm-buildmi-n19-d17.pbqp,llvm,heuristic,free_tree_merge,1375,2442.273534635879
412-mbb-llvm-buildmi-n19-d17.pbqp,llvm,heuristic,free_conditioning_device,1963,3486.678507992895
414-mbb-smallset-insertimpl-n37-d16-r1.pbqp,llvm,heuristic,none,13533,3977.9541446208113
414-mbb-smallset-insertimpl-n37-d16-r1.pbqp,llvm,heuristic,free_descriptor_frontend,12757,3749.8530276308056
414-mbb-smallset-insertimpl-n37-d16-r1.pbqp,llvm,heuristic,zero_memory_wait,11163,3281.305114638448
414-mbb-smallset-insertimpl-n37-d16-r1.pbqp,llvm,heuristic,free_operand_service,8103,2381.8342151675483
414-mbb-smallset-insertimpl-n37-d16-r1.pbqp,llvm,heuristic,free_arithmetic,12037,3538.2128159905938
414-mbb-smallset-insertimpl-n37-d16-r1.pbqp,llvm,heuristic,free_tree_merge,9513,2796.296296296296
414-mbb-smallset-insertimpl-n37-d16-r1.pbqp,llvm,heuristic,free_conditioning_device,13533,3977.9541446208113
415-mbb-setvector-insert-n20-d16.pbqp,llvm,heuristic,none,2035,3055.5555555555557
415-mbb-setvector-insert-n20-d16.pbqp,llvm,heuristic,free_descriptor_frontend,1905,2860.3603603603606
415-mbb-setvector-insert-n20-d16.pbqp,llvm,heuristic,zero_memory_wait,1671,2509.009009009009
415-mbb-setvector-insert-n20-d16.pbqp,llvm,heuristic,free_operand_service,1207,1812.3123123123123
415-mbb-setvector-insert-n20-d16.pbqp,llvm,heuristic,free_arithmetic,1811,2719.219219219219
415-mbb-setvector-insert-n20-d16.pbqp,llvm,heuristic,free_tree_merge,1447,2172.672672672673
415-mbb-setvector-insert-n20-d16.pbqp,llvm,heuristic,free_conditioning_device,2035,3055.5555555555557
416-mbb-setvector-remove-n37-d16.pbqp,llvm,heuristic,none,0,
416-mbb-setvector-remove-n37-d16.pbqp,llvm,heuristic,free_descriptor_frontend,0,
416-mbb-setvector-remove-n37-d16.pbqp,llvm,heuristic,zero_memory_wait,0,
416-mbb-setvector-remove-n37-d16.pbqp,llvm,heuristic,free_operand_service,0,
416-mbb-setvector-remove-n37-d16.pbqp,llvm,heuristic,free_arithmetic,0,
416-mbb-setvector-remove-n37-d16.pbqp,llvm,heuristic,free_tree_merge,0,
416-mbb-setvector-remove-n37-d16.pbqp,llvm,heuristic,free_conditioning_device,0,
417-mbb-llvm-operator-n2-d15.pbqp,llvm,none,none,608,2125.874125874126
417-mbb-llvm-operator-n2-d15.pbqp,llvm,none,free_descriptor_frontend,432,1510.4895104895104
417-mbb-llvm-operator-n2-d15.pbqp,llvm,none,zero_memory_wait,477,1667.832167832168
417-mbb-llvm-operator-n2-d15.pbqp,llvm,none,free_operand_service,407,1423.076923076923
417-mbb-llvm-operator-n2-d15.pbqp,llvm,none,free_arithmetic,578,2020.979020979021
417-mbb-llvm-operator-n2-d15.pbqp,llvm,none,free_tree_merge,518,1811.188811188811
417-mbb-llvm-operator-n2-d15.pbqp,llvm,none,free_conditioning_device,608,2125.874125874126
417-mbb-llvm-operator-n2-d15.pbqp,llvm,heuristic,none,608,2054.054054054054
417-mbb-llvm-operator-n2-d15.pbqp,llvm,heuristic,free_descriptor_frontend,432,1459.4594594594594
417-mbb-llvm-operator-n2-d15.pbqp,llvm,heuristic,zero_memory_wait,477,1611.4864864864865
417-mbb-llvm-operator-n2-d15.pbqp,llvm,heuristic,free_operand_service,407,1375.0
417-mbb-llvm-operator-n2-d15.pbqp,llvm,heuristic,free_arithmetic,578,1952.7027027027027
417-mbb-llvm-operator-n2-d15.pbqp,llvm,heuristic,free_tree_merge,518,1750.0
417-mbb-llvm-operator-n2-d15.pbqp,llvm,heuristic,free_conditioning_device,608,2054.054054054054
420-mbb-slotindexes-getinstructionindex-n20-d16.pbqp,llvm,heuristic,none,0,
420-mbb-slotindexes-getinstructionindex-n20-d16.pbqp,llvm,heuristic,free_descriptor_frontend,0,
420-mbb-slotindexes-getinstructionindex-n20-d16.pbqp,llvm,heuristic,zero_memory_wait,0,
420-mbb-slotindexes-getinstructionindex-n20-d16.pbqp,llvm,heuristic,free_operand_service,0,
420-mbb-slotindexes-getinstructionindex-n20-d16.pbqp,llvm,heuristic,free_arithmetic,0,
420-mbb-slotindexes-getinstructionindex-n20-d16.pbqp,llvm,heuristic,free_tree_merge,0,
420-mbb-slotindexes-getinstructionindex-n20-d16.pbqp,llvm,heuristic,free_conditioning_device,0,
421-mbb-machinebasicblock-getfullname-abi-cx-n35-d16.pbqp,llvm,heuristic,none,15361,3361.269146608315
421-mbb-machinebasicblock-getfullname-abi-cx-n35-d16.pbqp,llvm,heuristic,free_descriptor_frontend,14481,3168.7089715536104
421-mbb-machinebasicblock-getfullname-abi-cx-n35-d16.pbqp,llvm,heuristic,zero_memory_wait,12611,2759.5185995623633
421-mbb-machinebasicblock-getfullname-abi-cx-n35-d16.pbqp,llvm,heuristic,free_operand_service,9007,1970.8971553610504
421-mbb-machinebasicblock-getfullname-abi-cx-n35-d16.pbqp,llvm,heuristic,free_arithmetic,13673,2991.9037199124728
421-mbb-machinebasicblock-getfullname-abi-cx-n35-d16.pbqp,llvm,heuristic,free_tree_merge,10909,2387.089715536105
421-mbb-machinebasicblock-getfullname-abi-cx-n35-d16.pbqp,llvm,heuristic,free_conditioning_device,15361,3361.269146608315
422-mbb-machinebasicblock-issuccessor-n10-d16.pbqp,llvm,none,none,1475078,5146.2971297391405
422-mbb-machinebasicblock-issuccessor-n10-d16.pbqp,llvm,none,free_descriptor_frontend,1380428,4816.079322050456
422-mbb-machinebasicblock-issuccessor-n10-d16.pbqp,llvm,none,zero_memory_wait,1206775,4210.233437649365
422-mbb-machinebasicblock-issuccessor-n10-d16.pbqp,llvm,none,free_operand_service,923510,3221.969863482062
422-mbb-machinebasicblock-issuccessor-n10-d16.pbqp,llvm,none,free_arithmetic,1321742,4611.333814791944
422-mbb-machinebasicblock-issuccessor-n10-d16.pbqp,llvm,none,free_tree_merge,1078982,3764.3853203967496
422-mbb-machinebasicblock-issuccessor-n10-d16.pbqp,llvm,none,free_conditioning_device,1293030,4511.162513213945
422-mbb-machinebasicblock-issuccessor-n10-d16.pbqp,llvm,heuristic,none,9062,5586.929716399507
422-mbb-machinebasicblock-issuccessor-n10-d16.pbqp,llvm,heuristic,free_descriptor_frontend,8796,5422.934648581998
422-mbb-machinebasicblock-issuccessor-n10-d16.pbqp,llvm,heuristic,zero_memory_wait,7543,4650.4315659679405
422-mbb-machinebasicblock-issuccessor-n10-d16.pbqp,llvm,heuristic,free_operand_service,5462,3367.4475955610355
422-mbb-machinebasicblock-issuccessor-n10-d16.pbqp,llvm,heuristic,free_arithmetic,7982,4921.0850801479655
422-mbb-machinebasicblock-issuccessor-n10-d16.pbqp,llvm,heuristic,free_tree_merge,6182,3811.34401972873
422-mbb-machinebasicblock-issuccessor-n10-d16.pbqp,llvm,heuristic,free_conditioning_device,9062,5586.929716399507
423-mbb-machinebasicblock-getendsymbol-n9-d16.pbqp,llvm,none,none,95725,5889.681904879099
423-mbb-machinebasicblock-getendsymbol-n9-d16.pbqp,llvm,none,free_descriptor_frontend,90843,5589.306589552698
423-mbb-machinebasicblock-getendsymbol-n9-d16.pbqp,llvm,none,zero_memory_wait,78975,4859.102934842798
423-mbb-machinebasicblock-getendsymbol-n9-d16.pbqp,llvm,none,free_operand_service,57868,3560.4503783916816
423-mbb-machinebasicblock-getendsymbol-n9-d16.pbqp,llvm,none,free_arithmetic,85061,5233.556881806436
423-mbb-machinebasicblock-getendsymbol-n9-d16.pbqp,llvm,none,free_tree_merge,67417,4147.9726819664065
423-mbb-machinebasicblock-getendsymbol-n9-d16.pbqp,llvm,none,free_conditioning_device,93079,5726.881191164708
423-mbb-machinebasicblock-getendsymbol-n9-d16.pbqp,llvm,heuristic,none,18641,4404.773156899811
423-mbb-machinebasicblock-getendsymbol-n9-d16.pbqp,llvm,heuristic,free_descriptor_frontend,17574,4152.646502835539
423-mbb-machinebasicblock-getendsymbol-n9-d16.pbqp,llvm,heuristic,zero_memory_wait,15331,3622.6370510396973
423-mbb-machinebasicblock-getendsymbol-n9-d16.pbqp,llvm,heuristic,free_operand_service,11024,2604.914933837429
423-mbb-machinebasicblock-getendsymbol-n9-d16.pbqp,llvm,heuristic,free_arithmetic,16573,3916.115311909263
423-mbb-machinebasicblock-getendsymbol-n9-d16.pbqp,llvm,heuristic,free_tree_merge,13181,3114.6030245746692
423-mbb-machinebasicblock-getendsymbol-n9-d16.pbqp,llvm,heuristic,free_conditioning_device,18641,4404.773156899811
424-mbb-machinebasicblock-isentryblock-n3-d16.pbqp,llvm,none,none,969,2963.302752293578
424-mbb-machinebasicblock-isentryblock-n3-d16.pbqp,llvm,none,free_descriptor_frontend,782,2391.4373088685015
424-mbb-machinebasicblock-isentryblock-n3-d16.pbqp,llvm,none,zero_memory_wait,765,2339.4495412844035
424-mbb-machinebasicblock-isentryblock-n3-d16.pbqp,llvm,none,free_operand_service,561,1715.5963302752293
424-mbb-machinebasicblock-isentryblock-n3-d16.pbqp,llvm,none,free_arithmetic,905,2767.5840978593274
424-mbb-machinebasicblock-isentryblock-n3-d16.pbqp,llvm,none,free_tree_merge,777,2376.146788990826
424-mbb-machinebasicblock-isentryblock-n3-d16.pbqp,llvm,none,free_conditioning_device,969,2963.302752293578
424-mbb-machinebasicblock-isentryblock-n3-d16.pbqp,llvm,heuristic,none,969,3135.9223300970875
424-mbb-machinebasicblock-isentryblock-n3-d16.pbqp,llvm,heuristic,free_descriptor_frontend,782,2530.7443365695794
424-mbb-machinebasicblock-isentryblock-n3-d16.pbqp,llvm,heuristic,zero_memory_wait,765,2475.7281553398057
424-mbb-machinebasicblock-isentryblock-n3-d16.pbqp,llvm,heuristic,free_operand_service,561,1815.5339805825242
424-mbb-machinebasicblock-isentryblock-n3-d16.pbqp,llvm,heuristic,free_arithmetic,905,2928.802588996764
424-mbb-machinebasicblock-isentryblock-n3-d16.pbqp,llvm,heuristic,free_tree_merge,777,2514.5631067961167
424-mbb-machinebasicblock-isentryblock-n3-d16.pbqp,llvm,heuristic,free_conditioning_device,969,3135.9223300970875
425-mbb-machinebasicblock-livein-begin-n2-d16.pbqp,llvm,none,none,0,
425-mbb-machinebasicblock-livein-begin-n2-d16.pbqp,llvm,none,free_descriptor_frontend,0,
425-mbb-machinebasicblock-livein-begin-n2-d16.pbqp,llvm,none,zero_memory_wait,0,
425-mbb-machinebasicblock-livein-begin-n2-d16.pbqp,llvm,none,free_operand_service,0,
425-mbb-machinebasicblock-livein-begin-n2-d16.pbqp,llvm,none,free_arithmetic,0,
425-mbb-machinebasicblock-livein-begin-n2-d16.pbqp,llvm,none,free_tree_merge,0,
425-mbb-machinebasicblock-livein-begin-n2-d16.pbqp,llvm,none,free_conditioning_device,0,
425-mbb-machinebasicblock-livein-begin-n2-d16.pbqp,llvm,heuristic,none,0,
425-mbb-machinebasicblock-livein-begin-n2-d16.pbqp,llvm,heuristic,free_descriptor_frontend,0,
425-mbb-machinebasicblock-livein-begin-n2-d16.pbqp,llvm,heuristic,zero_memory_wait,0,
425-mbb-machinebasicblock-livein-begin-n2-d16.pbqp,llvm,heuristic,free_operand_service,0,
425-mbb-machinebasicblock-livein-begin-n2-d16.pbqp,llvm,heuristic,free_arithmetic,0,
425-mbb-machinebasicblock-livein-begin-n2-d16.pbqp,llvm,heuristic,free_tree_merge,0,
425-mbb-machinebasicblock-livein-begin-n2-d16.pbqp,llvm,heuristic,free_conditioning_device,0,
426-mbb-machinebasicblock-ispredecessor-n10-d16.pbqp,llvm,none,none,1475078,5225.695600728371
426-mbb-machinebasicblock-ispredecessor-n10-d16.pbqp,llvm,none,free_descriptor_frontend,1380428,4890.383102942531
426-mbb-machinebasicblock-ispredecessor-n10-d16.pbqp,llvm,none,zero_memory_wait,1206775,4275.190063555269
426-mbb-machinebasicblock-ispredecessor-n10-d16.pbqp,llvm,none,free_operand_service,923510,3271.679290334923
426-mbb-machinebasicblock-ispredecessor-n10-d16.pbqp,llvm,none,free_arithmetic,1321742,4682.478726343907
426-mbb-machinebasicblock-ispredecessor-n10-d16.pbqp,llvm,none,free_tree_merge,1078982,3822.4632803588
426-mbb-machinebasicblock-ispredecessor-n10-d16.pbqp,llvm,none,free_conditioning_device,1293030,4580.761954696501
426-mbb-machinebasicblock-ispredecessor-n10-d16.pbqp,llvm,heuristic,none,9062,5625.077591558039
426-mbb-machinebasicblock-ispredecessor-n10-d16.pbqp,llvm,heuristic,free_descriptor_frontend,8796,5459.962756052141
426-mbb-machinebasicblock-ispredecessor-n10-d16.pbqp,llvm,heuristic,zero_memory_wait,7543,4682.184978274364
426-mbb-machinebasicblock-ispredecessor-n10-d16.pbqp,llvm,heuristic,free_operand_service,5462,3390.4407200496585
426-mbb-machinebasicblock-ispredecessor-n10-d16.pbqp,llvm,heuristic,free_arithmetic,7982,4954.686530105524
426-mbb-machinebasicblock-ispredecessor-n10-d16.pbqp,llvm,heuristic,free_tree_merge,6182,3837.3680943513345
426-mbb-machinebasicblock-ispredecessor-n10-d16.pbqp,llvm,heuristic,free_conditioning_device,9062,5625.077591558039
427-mbb-machinebasicblock-liveout-begin-n23-d16.pbqp,llvm,heuristic,none,0,
427-mbb-machinebasicblock-liveout-begin-n23-d16.pbqp,llvm,heuristic,free_descriptor_frontend,0,
427-mbb-machinebasicblock-liveout-begin-n23-d16.pbqp,llvm,heuristic,zero_memory_wait,0,
427-mbb-machinebasicblock-liveout-begin-n23-d16.pbqp,llvm,heuristic,free_operand_service,0,
427-mbb-machinebasicblock-liveout-begin-n23-d16.pbqp,llvm,heuristic,free_arithmetic,0,
427-mbb-machinebasicblock-liveout-begin-n23-d16.pbqp,llvm,heuristic,free_tree_merge,0,
427-mbb-machinebasicblock-liveout-begin-n23-d16.pbqp,llvm,heuristic,free_conditioning_device,0,
428-mbb-machinebasicblock-printasoperand-n7-d16.pbqp,llvm,none,none,144704,4058.904378558806
428-mbb-machinebasicblock-printasoperand-n7-d16.pbqp,llvm,none,free_descriptor_frontend,131960,3701.4389498190794
428-mbb-machinebasicblock-printasoperand-n7-d16.pbqp,llvm,none,zero_memory_wait,116933,3279.9360466747075
428-mbb-machinebasicblock-printasoperand-n7-d16.pbqp,llvm,none,free_operand_service,91055,2554.0658046057615
428-mbb-machinebasicblock-printasoperand-n7-d16.pbqp,llvm,none,free_arithmetic,131748,3695.4924125550474
428-mbb-machinebasicblock-printasoperand-n7-d16.pbqp,llvm,none,free_tree_merge,111020,3114.0781464755546
428-mbb-machinebasicblock-printasoperand-n7-d16.pbqp,llvm,none,free_conditioning_device,131360,3684.609127373706
428-mbb-machinebasicblock-printasoperand-n7-d16.pbqp,llvm,heuristic,none,432,1605.9479553903345
428-mbb-machinebasicblock-printasoperand-n7-d16.pbqp,llvm,heuristic,free_descriptor_frontend,344,1278.810408921933
428-mbb-machinebasicblock-printasoperand-n7-d16.pbqp,llvm,heuristic,zero_memory_wait,341,1267.6579925650558
428-mbb-machinebasicblock-printasoperand-n7-d16.pbqp,llvm,heuristic,free_operand_service,255,947.9553903345725
428-mbb-machinebasicblock-printasoperand-n7-d16.pbqp,llvm,heuristic,free_arithmetic,404,1501.8587360594795
428-mbb-machinebasicblock-printasoperand-n7-d16.pbqp,llvm,heuristic,free_tree_merge,348,1293.6802973977694
428-mbb-machinebasicblock-printasoperand-n7-d16.pbqp,llvm,heuristic,free_conditioning_device,432,1605.9479553903345
429-mbb-machinebasicblock-getehcontsymbol-n22-d17.pbqp,llvm,heuristic,none,0,
429-mbb-machinebasicblock-getehcontsymbol-n22-d17.pbqp,llvm,heuristic,free_descriptor_frontend,0,
429-mbb-machinebasicblock-getehcontsymbol-n22-d17.pbqp,llvm,heuristic,zero_memory_wait,0,
429-mbb-machinebasicblock-getehcontsymbol-n22-d17.pbqp,llvm,heuristic,free_operand_service,0,
429-mbb-machinebasicblock-getehcontsymbol-n22-d17.pbqp,llvm,heuristic,free_arithmetic,0,
429-mbb-machinebasicblock-getehcontsymbol-n22-d17.pbqp,llvm,heuristic,free_tree_merge,0,
429-mbb-machinebasicblock-getehcontsymbol-n22-d17.pbqp,llvm,heuristic,free_conditioning_device,0,
430-mbb-machinebasicblock-getendclobbermask-n12-d16.pbqp,llvm,heuristic,none,4070,3167.315175097276
430-mbb-machinebasicblock-getendclobbermask-n12-d16.pbqp,llvm,heuristic,free_descriptor_frontend,3810,2964.9805447470817
430-mbb-machinebasicblock-getendclobbermask-n12-d16.pbqp,llvm,heuristic,zero_memory_wait,3342,2600.7782101167313
430-mbb-machinebasicblock-getendclobbermask-n12-d16.pbqp,llvm,heuristic,free_operand_service,2414,1878.5992217898834
430-mbb-machinebasicblock-getendclobbermask-n12-d16.pbqp,llvm,heuristic,free_arithmetic,3622,2818.6770428015566
430-mbb-machinebasicblock-getendclobbermask-n12-d16.pbqp,llvm,heuristic,free_tree_merge,2894,2252.140077821012
430-mbb-machinebasicblock-getendclobbermask-n12-d16.pbqp,llvm,heuristic,free_conditioning_device,4070,3167.315175097276
431-mbb-machinebasicblock-hasehpadsuccessor-n7-d16.pbqp,llvm,none,none,3190569,6097.68119210386
431-mbb-machinebasicblock-hasehpadsuccessor-n7-d16.pbqp,llvm,none,free_descriptor_frontend,3029822,5790.468291023482
431-mbb-machinebasicblock-hasehpadsuccessor-n7-d16.pbqp,llvm,none,zero_memory_wait,2632797,5031.690820517427
431-mbb-machinebasicblock-hasehpadsuccessor-n7-d16.pbqp,llvm,none,free_operand_service,1942545,3712.51024858431
431-mbb-machinebasicblock-hasehpadsuccessor-n7-d16.pbqp,llvm,none,free_arithmetic,2836265,5420.5502988095395
431-mbb-machinebasicblock-hasehpadsuccessor-n7-d16.pbqp,llvm,none,free_tree_merge,2250345,4300.764654281089
431-mbb-machinebasicblock-hasehpadsuccessor-n7-d16.pbqp,llvm,none,free_conditioning_device,3063561,5854.948847858452
431-mbb-machinebasicblock-hasehpadsuccessor-n7-d16.pbqp,llvm,heuristic,none,969,2530.0261096605745
431-mbb-machinebasicblock-hasehpadsuccessor-n7-d16.pbqp,llvm,heuristic,free_descriptor_frontend,782,2041.7754569190602
431-mbb-machinebasicblock-hasehpadsuccessor-n7-d16.pbqp,llvm,heuristic,zero_memory_wait,765,1997.3890339425589
431-mbb-machinebasicblock-hasehpadsuccessor-n7-d16.pbqp,llvm,heuristic,free_operand_service,561,1464.7519582245432
431-mbb-machinebasicblock-hasehpadsuccessor-n7-d16.pbqp,llvm,heuristic,free_arithmetic,905,2362.9242819843344
431-mbb-machinebasicblock-hasehpadsuccessor-n7-d16.pbqp,llvm,heuristic,free_tree_merge,777,2028.7206266318537
431-mbb-machinebasicblock-hasehpadsuccessor-n7-d16.pbqp,llvm,heuristic,free_conditioning_device,969,2530.0261096605745
432-mbb-machinebasicblock-islayoutsuccessor-n3-d16.pbqp,llvm,none,none,908,2494.5054945054944
432-mbb-machinebasicblock-islayoutsuccessor-n3-d16.pbqp,llvm,none,free_descriptor_frontend,732,2010.989010989011
432-mbb-machinebasicblock-islayoutsuccessor-n3-d16.pbqp,llvm,none,zero_memory_wait,717,1969.7802197802198
432-mbb-machinebasicblock-islayoutsuccessor-n3-d16.pbqp,llvm,none,free_operand_service,527,1447.8021978021977
432-mbb-machinebasicblock-islayoutsuccessor-n3-d16.pbqp,llvm,none,free_arithmetic,848,2329.6703296703295
432-mbb-machinebasicblock-islayoutsuccessor-n3-d16.pbqp,llvm,none,free_tree_merge,728,2000.0
432-mbb-machinebasicblock-islayoutsuccessor-n3-d16.pbqp,llvm,none,free_conditioning_device,908,2494.5054945054944
432-mbb-machinebasicblock-islayoutsuccessor-n3-d16.pbqp,llvm,heuristic,none,908,2702.3809523809523
432-mbb-machinebasicblock-islayoutsuccessor-n3-d16.pbqp,llvm,heuristic,free_descriptor_frontend,732,2178.5714285714284
432-mbb-machinebasicblock-islayoutsuccessor-n3-d16.pbqp,llvm,heuristic,zero_memory_wait,717,2133.9285714285716
432-mbb-machinebasicblock-islayoutsuccessor-n3-d16.pbqp,llvm,heuristic,free_operand_service,527,1568.452380952381
432-mbb-machinebasicblock-islayoutsuccessor-n3-d16.pbqp,llvm,heuristic,free_arithmetic,848,2523.809523809524
432-mbb-machinebasicblock-islayoutsuccessor-n3-d16.pbqp,llvm,heuristic,free_tree_merge,728,2166.6666666666665
432-mbb-machinebasicblock-islayoutsuccessor-n3-d16.pbqp,llvm,heuristic,free_conditioning_device,908,2702.3809523809523
433-mbb-machinebasicblock-getsinglesuccessor-n3-d16.pbqp,llvm,none,none,0,
433-mbb-machinebasicblock-getsinglesuccessor-n3-d16.pbqp,llvm,none,free_descriptor_frontend,0,
433-mbb-machinebasicblock-getsinglesuccessor-n3-d16.pbqp,llvm,none,zero_memory_wait,0,
433-mbb-machinebasicblock-getsinglesuccessor-n3-d16.pbqp,llvm,none,free_operand_service,0,
433-mbb-machinebasicblock-getsinglesuccessor-n3-d16.pbqp,llvm,none,free_arithmetic,0,
433-mbb-machinebasicblock-getsinglesuccessor-n3-d16.pbqp,llvm,none,free_tree_merge,0,
433-mbb-machinebasicblock-getsinglesuccessor-n3-d16.pbqp,llvm,none,free_conditioning_device,0,
433-mbb-machinebasicblock-getsinglesuccessor-n3-d16.pbqp,llvm,heuristic,none,0,
433-mbb-machinebasicblock-getsinglesuccessor-n3-d16.pbqp,llvm,heuristic,free_descriptor_frontend,0,
433-mbb-machinebasicblock-getsinglesuccessor-n3-d16.pbqp,llvm,heuristic,zero_memory_wait,0,
433-mbb-machinebasicblock-getsinglesuccessor-n3-d16.pbqp,llvm,heuristic,free_operand_service,0,
433-mbb-machinebasicblock-getsinglesuccessor-n3-d16.pbqp,llvm,heuristic,free_arithmetic,0,
433-mbb-machinebasicblock-getsinglesuccessor-n3-d16.pbqp,llvm,heuristic,free_tree_merge,0,
433-mbb-machinebasicblock-getsinglesuccessor-n3-d16.pbqp,llvm,heuristic,free_conditioning_device,0,
435-mbb-machinebasicblock-islegaltohoistinto-n18-d16.pbqp,llvm,heuristic,none,5024,3082.2085889570553
435-mbb-machinebasicblock-islegaltohoistinto-n18-d16.pbqp,llvm,heuristic,free_descriptor_frontend,4718,2894.478527607362
435-mbb-machinebasicblock-islegaltohoistinto-n18-d16.pbqp,llvm,heuristic,zero_memory_wait,4115,2524.5398773006136
435-mbb-machinebasicblock-islegaltohoistinto-n18-d16.pbqp,llvm,heuristic,free_operand_service,2921,1792.0245398773006
435-mbb-machinebasicblock-islegaltohoistinto-n18-d16.pbqp,llvm,heuristic,free_arithmetic,4492,2755.8282208588957
435-mbb-machinebasicblock-islegaltohoistinto-n18-d16.pbqp,llvm,heuristic,free_tree_merge,3596,2206.134969325153
435-mbb-machinebasicblock-islegaltohoistinto-n18-d16.pbqp,llvm,heuristic,free_conditioning_device,5024,3082.2085889570553
436-mbb-machinebasicblock-mayhaveinlineasmbr-n7-d16.pbqp,llvm,none,none,3190569,5921.125741168611
436-mbb-machinebasicblock-mayhaveinlineasmbr-n7-d16.pbqp,llvm,none,free_descriptor_frontend,3029822,5622.808043129286
436-mbb-machinebasicblock-mayhaveinlineasmbr-n7-d16.pbqp,llvm,none,zero_memory_wait,2632797,4886.000612421011
436-mbb-machinebasicblock-mayhaveinlineasmbr-n7-d16.pbqp,llvm,none,free_operand_service,1942545,3605.016284831445
436-mbb-machinebasicblock-mayhaveinlineasmbr-n7-d16.pbqp,llvm,none,free_arithmetic,2836265,5263.600849966131
436-mbb-machinebasicblock-mayhaveinlineasmbr-n7-d16.pbqp,llvm,none,free_tree_merge,2250345,4176.238064749603
436-mbb-machinebasicblock-mayhaveinlineasmbr-n7-d16.pbqp,llvm,none,free_conditioning_device,3063561,5685.421596191854
436-mbb-machinebasicblock-mayhaveinlineasmbr-n7-d16.pbqp,llvm,heuristic,none,969,2258.7412587412587
436-mbb-machinebasicblock-mayhaveinlineasmbr-n7-d16.pbqp,llvm,heuristic,free_descriptor_frontend,782,1822.8438228438229
436-mbb-machinebasicblock-mayhaveinlineasmbr-n7-d16.pbqp,llvm,heuristic,zero_memory_wait,765,1783.2167832167831
436-mbb-machinebasicblock-mayhaveinlineasmbr-n7-d16.pbqp,llvm,heuristic,free_operand_service,561,1307.6923076923076
436-mbb-machinebasicblock-mayhaveinlineasmbr-n7-d16.pbqp,llvm,heuristic,free_arithmetic,905,2109.5571095571095
436-mbb-machinebasicblock-mayhaveinlineasmbr-n7-d16.pbqp,llvm,heuristic,free_tree_merge,777,1811.188811188811
436-mbb-machinebasicblock-mayhaveinlineasmbr-n7-d16.pbqp,llvm,heuristic,free_conditioning_device,969,2258.7412587412587
437-mbb-machinebasicblock-getbeginclobbermas-n3-d16.pbqp,llvm,none,none,1401,2319.53642384106
437-mbb-machinebasicblock-getbeginclobbermas-n3-d16.pbqp,llvm,none,free_descriptor_frontend,1126,1864.2384105960266
437-mbb-machinebasicblock-getbeginclobbermas-n3-d16.pbqp,llvm,none,zero_memory_wait,1106,1831.1258278145694
437-mbb-machinebasicblock-getbeginclobbermas-n3-d16.pbqp,llvm,none,free_operand_service,816,1350.9933774834437
437-mbb-machinebasicblock-getbeginclobbermas-n3-d16.pbqp,llvm,none,free_arithmetic,1309,2167.218543046358
437-mbb-machinebasicblock-getbeginclobbermas-n3-d16.pbqp,llvm,none,free_tree_merge,1125,1862.5827814569536
437-mbb-machinebasicblock-getbeginclobbermas-n3-d16.pbqp,llvm,none,free_conditioning_device,1401,2319.53642384106
437-mbb-machinebasicblock-getbeginclobbermas-n3-d16.pbqp,llvm,heuristic,none,1401,2199.3720565149138
437-mbb-machinebasicblock-getbeginclobbermas-n3-d16.pbqp,llvm,heuristic,free_descriptor_frontend,1126,1767.6609105180535
437-mbb-machinebasicblock-getbeginclobbermas-n3-d16.pbqp,llvm,heuristic,zero_memory_wait,1106,1736.2637362637363
437-mbb-machinebasicblock-getbeginclobbermas-n3-d16.pbqp,llvm,heuristic,free_operand_service,816,1281.004709576138
437-mbb-machinebasicblock-getbeginclobbermas-n3-d16.pbqp,llvm,heuristic,free_arithmetic,1309,2054.945054945055
437-mbb-machinebasicblock-getbeginclobbermas-n3-d16.pbqp,llvm,heuristic,free_tree_merge,1125,1766.0910518053374
437-mbb-machinebasicblock-getbeginclobbermas-n3-d16.pbqp,llvm,heuristic,free_conditioning_device,1401,2199.3720565149138
439-mbb-machinebasicblock-cansplitcriticaled-n62-d16-r1.pbqp,llvm,heuristic,none,14935,3111.4583333333335
439-mbb-machinebasicblock-cansplitcriticaled-n62-d16-r1.pbqp,llvm,heuristic,free_descriptor_frontend,14197,2957.7083333333335
439-mbb-machinebasicblock-cansplitcriticaled-n62-d16-r1.pbqp,llvm,heuristic,zero_memory_wait,12314,2565.4166666666665
439-mbb-machinebasicblock-cansplitcriticaled-n62-d16-r1.pbqp,llvm,heuristic,free_operand_service,8845,1842.7083333333333
439-mbb-machinebasicblock-cansplitcriticaled-n62-d16-r1.pbqp,llvm,heuristic,free_arithmetic,13255,2761.4583333333335
439-mbb-machinebasicblock-cansplitcriticaled-n62-d16-r1.pbqp,llvm,heuristic,free_tree_merge,10483,2183.9583333333335
439-mbb-machinebasicblock-cansplitcriticaled-n62-d16-r1.pbqp,llvm,heuristic,free_conditioning_device,14935,3111.4583333333335
440-mbb-machinebasicblock-getsinglepredecess-n3-d16.pbqp,llvm,none,none,0,
440-mbb-machinebasicblock-getsinglepredecess-n3-d16.pbqp,llvm,none,free_descriptor_frontend,0,
440-mbb-machinebasicblock-getsinglepredecess-n3-d16.pbqp,llvm,none,zero_memory_wait,0,
440-mbb-machinebasicblock-getsinglepredecess-n3-d16.pbqp,llvm,none,free_operand_service,0,
440-mbb-machinebasicblock-getsinglepredecess-n3-d16.pbqp,llvm,none,free_arithmetic,0,
440-mbb-machinebasicblock-getsinglepredecess-n3-d16.pbqp,llvm,none,free_tree_merge,0,
440-mbb-machinebasicblock-getsinglepredecess-n3-d16.pbqp,llvm,none,free_conditioning_device,0,
440-mbb-machinebasicblock-getsinglepredecess-n3-d16.pbqp,llvm,heuristic,none,0,
440-mbb-machinebasicblock-getsinglepredecess-n3-d16.pbqp,llvm,heuristic,free_descriptor_frontend,0,
440-mbb-machinebasicblock-getsinglepredecess-n3-d16.pbqp,llvm,heuristic,zero_memory_wait,0,
440-mbb-machinebasicblock-getsinglepredecess-n3-d16.pbqp,llvm,heuristic,free_operand_service,0,
440-mbb-machinebasicblock-getsinglepredecess-n3-d16.pbqp,llvm,heuristic,free_arithmetic,0,
440-mbb-machinebasicblock-getsinglepredecess-n3-d16.pbqp,llvm,heuristic,free_tree_merge,0,
440-mbb-machinebasicblock-getsinglepredecess-n3-d16.pbqp,llvm,heuristic,free_conditioning_device,0,
441-mbb-machinebasicblock-getprobabilityiter-n2-d16.pbqp,llvm,none,none,908,2487.671232876712
441-mbb-machinebasicblock-getprobabilityiter-n2-d16.pbqp,llvm,none,free_descriptor_frontend,732,2005.4794520547946
441-mbb-machinebasicblock-getprobabilityiter-n2-d16.pbqp,llvm,none,zero_memory_wait,717,1964.3835616438357
441-mbb-machinebasicblock-getprobabilityiter-n2-d16.pbqp,llvm,none,free_operand_service,527,1443.835616438356
441-mbb-machinebasicblock-getprobabilityiter-n2-d16.pbqp,llvm,none,free_arithmetic,848,2323.2876712328766
441-mbb-machinebasicblock-getprobabilityiter-n2-d16.pbqp,llvm,none,free_tree_merge,728,1994.5205479452054
441-mbb-machinebasicblock-getprobabilityiter-n2-d16.pbqp,llvm,none,free_conditioning_device,908,2487.671232876712
441-mbb-machinebasicblock-getprobabilityiter-n2-d16.pbqp,llvm,heuristic,none,908,2536.3128491620114
441-mbb-machinebasicblock-getprobabilityiter-n2-d16.pbqp,llvm,heuristic,free_descriptor_frontend,732,2044.6927374301677
441-mbb-machinebasicblock-getprobabilityiter-n2-d16.pbqp,llvm,heuristic,zero_memory_wait,717,2002.7932960893854
441-mbb-machinebasicblock-getprobabilityiter-n2-d16.pbqp,llvm,heuristic,free_operand_service,527,1472.0670391061453
441-mbb-machinebasicblock-getprobabilityiter-n2-d16.pbqp,llvm,heuristic,free_arithmetic,848,2368.7150837988825
441-mbb-machinebasicblock-getprobabilityiter-n2-d16.pbqp,llvm,heuristic,free_tree_merge,728,2033.5195530726257
441-mbb-machinebasicblock-getprobabilityiter-n2-d16.pbqp,llvm,heuristic,free_conditioning_device,908,2536.3128491620114
444-mbb-machinebasicblock-sizewithoutdebugla-n9-d16.pbqp,llvm,heuristic,none,0,
444-mbb-machinebasicblock-sizewithoutdebugla-n9-d16.pbqp,llvm,heuristic,free_descriptor_frontend,0,
444-mbb-machinebasicblock-sizewithoutdebugla-n9-d16.pbqp,llvm,heuristic,zero_memory_wait,0,
444-mbb-machinebasicblock-sizewithoutdebugla-n9-d16.pbqp,llvm,heuristic,free_operand_service,0,
444-mbb-machinebasicblock-sizewithoutdebugla-n9-d16.pbqp,llvm,heuristic,free_arithmetic,0,
444-mbb-machinebasicblock-sizewithoutdebugla-n9-d16.pbqp,llvm,heuristic,free_tree_merge,0,
444-mbb-machinebasicblock-sizewithoutdebugla-n9-d16.pbqp,llvm,heuristic,free_conditioning_device,0,
446-mbb-machinebasicblock-print-n18-d17.pbqp,llvm,none,none,308367,3537.089503446852
446-mbb-machinebasicblock-print-n18-d17.pbqp,llvm,none,free_descriptor_frontend,260705,2990.387813858524
446-mbb-machinebasicblock-print-n18-d17.pbqp,llvm,none,zero_memory_wait,245090,2811.277686651908
446-mbb-machinebasicblock-print-n18-d17.pbqp,llvm,none,free_operand_service,207429,2379.291359355823
446-mbb-machinebasicblock-print-n18-d17.pbqp,llvm,none,free_arithmetic,284041,3258.060816003487
446-mbb-machinebasicblock-print-n18-d17.pbqp,llvm,none,free_tree_merge,251247,2881.9008728966173
446-mbb-machinebasicblock-print-n18-d17.pbqp,llvm,none,free_conditioning_device,211311,2423.819410192588
446-mbb-machinebasicblock-print-n18-d17.pbqp,llvm,heuristic,none,14835,4098.066298342542
446-mbb-machinebasicblock-print-n18-d17.pbqp,llvm,heuristic,free_descriptor_frontend,13810,3814.9171270718234
446-mbb-machinebasicblock-print-n18-d17.pbqp,llvm,heuristic,zero_memory_wait,12145,3354.972375690608
446-mbb-machinebasicblock-print-n18-d17.pbqp,llvm,heuristic,free_operand_service,8721,2409.1160220994475
446-mbb-machinebasicblock-print-n18-d17.pbqp,llvm,heuristic,free_arithmetic,13243,3658.2872928176794
446-mbb-machinebasicblock-print-n18-d17.pbqp,llvm,heuristic,free_tree_merge,10635,2937.8453038674033
446-mbb-machinebasicblock-print-n18-d17.pbqp,llvm,heuristic,free_conditioning_device,14835,4098.066298342542
449-mbb-machinebasicblock-getname-n4-d16.pbqp,llvm,none,none,908,2678.466076696165
449-mbb-machinebasicblock-getname-n4-d16.pbqp,llvm,none,free_descriptor_frontend,732,2159.29203539823
449-mbb-machinebasicblock-getname-n4-d16.pbqp,llvm,none,zero_memory_wait,717,2115.0442477876104
449-mbb-machinebasicblock-getname-n4-d16.pbqp,llvm,none,free_operand_service,527,1554.5722713864307
449-mbb-machinebasicblock-getname-n4-d16.pbqp,llvm,none,free_arithmetic,848,2501.4749262536875
449-mbb-machinebasicblock-getname-n4-d16.pbqp,llvm,none,free_tree_merge,728,2147.4926253687318
449-mbb-machinebasicblock-getname-n4-d16.pbqp,llvm,none,free_conditioning_device,908,2678.466076696165
449-mbb-machinebasicblock-getname-n4-d16.pbqp,llvm,heuristic,none,908,2564.9717514124295
449-mbb-machinebasicblock-getname-n4-d16.pbqp,llvm,heuristic,free_descriptor_frontend,732,2067.7966101694915
449-mbb-machinebasicblock-getname-n4-d16.pbqp,llvm,heuristic,zero_memory_wait,717,2025.4237288135594
449-mbb-machinebasicblock-getname-n4-d16.pbqp,llvm,heuristic,free_operand_service,527,1488.7005649717514
449-mbb-machinebasicblock-getname-n4-d16.pbqp,llvm,heuristic,free_arithmetic,848,2395.4802259887006
449-mbb-machinebasicblock-getname-n4-d16.pbqp,llvm,heuristic,free_tree_merge,728,2056.497175141243
449-mbb-machinebasicblock-getname-n4-d16.pbqp,llvm,heuristic,free_conditioning_device,908,2564.9717514124295
450-mbb-machinebasicblock-hasname-n3-d16.pbqp,llvm,none,none,0,
450-mbb-machinebasicblock-hasname-n3-d16.pbqp,llvm,none,free_descriptor_frontend,0,
450-mbb-machinebasicblock-hasname-n3-d16.pbqp,llvm,none,zero_memory_wait,0,
450-mbb-machinebasicblock-hasname-n3-d16.pbqp,llvm,none,free_operand_service,0,
450-mbb-machinebasicblock-hasname-n3-d16.pbqp,llvm,none,free_arithmetic,0,
450-mbb-machinebasicblock-hasname-n3-d16.pbqp,llvm,none,free_tree_merge,0,
450-mbb-machinebasicblock-hasname-n3-d16.pbqp,llvm,none,free_conditioning_device,0,
450-mbb-machinebasicblock-hasname-n3-d16.pbqp,llvm,heuristic,none,0,
450-mbb-machinebasicblock-hasname-n3-d16.pbqp,llvm,heuristic,free_descriptor_frontend,0,
450-mbb-machinebasicblock-hasname-n3-d16.pbqp,llvm,heuristic,zero_memory_wait,0,
450-mbb-machinebasicblock-hasname-n3-d16.pbqp,llvm,heuristic,free_operand_service,0,
450-mbb-machinebasicblock-hasname-n3-d16.pbqp,llvm,heuristic,free_arithmetic,0,
450-mbb-machinebasicblock-hasname-n3-d16.pbqp,llvm,heuristic,free_tree_merge,0,
450-mbb-machinebasicblock-hasname-n3-d16.pbqp,llvm,heuristic,free_conditioning_device,0,
451-mbb-machinebasicblock-islivein-n8-d16.pbqp,llvm,none,none,696032,5638.032287591229
451-mbb-machinebasicblock-islivein-n8-d16.pbqp,llvm,none,free_descriptor_frontend,653328,5292.1192680615295
451-mbb-machinebasicblock-islivein-n8-d16.pbqp,llvm,none,zero_memory_wait,567104,4593.683426081181
451-mbb-machinebasicblock-islivein-n8-d16.pbqp,llvm,none,free_operand_service,420704,3407.807019675504
451-mbb-machinebasicblock-islivein-n8-d16.pbqp,llvm,none,free_arithmetic,625056,5063.10903744745
451-mbb-machinebasicblock-islivein-n8-d16.pbqp,llvm,none,free_tree_merge,511712,4144.994451329656
451-mbb-machinebasicblock-islivein-n8-d16.pbqp,llvm,none,free_conditioning_device,623360,5049.371015690182
451-mbb-machinebasicblock-islivein-n8-d16.pbqp,llvm,heuristic,none,0,
451-mbb-machinebasicblock-islivein-n8-d16.pbqp,llvm,heuristic,free_descriptor_frontend,0,
451-mbb-machinebasicblock-islivein-n8-d16.pbqp,llvm,heuristic,zero_memory_wait,0,
451-mbb-machinebasicblock-islivein-n8-d16.pbqp,llvm,heuristic,free_operand_service,0,
451-mbb-machinebasicblock-islivein-n8-d16.pbqp,llvm,heuristic,free_arithmetic,0,
451-mbb-machinebasicblock-islivein-n8-d16.pbqp,llvm,heuristic,free_tree_merge,0,
451-mbb-machinebasicblock-islivein-n8-d16.pbqp,llvm,heuristic,free_conditioning_device,0,
452-mbb-machinebasicblock-getsymbol-n29-d17.pbqp,llvm,heuristic,none,4070,2977.322604242868
452-mbb-machinebasicblock-getsymbol-n29-d17.pbqp,llvm,heuristic,free_descriptor_frontend,3810,2787.125091441112
452-mbb-machinebasicblock-getsymbol-n29-d17.pbqp,llvm,heuristic,zero_memory_wait,3342,2444.769568397952
452-mbb-machinebasicblock-getsymbol-n29-d17.pbqp,llvm,heuristic,free_operand_service,2414,1765.9107534747623
452-mbb-machinebasicblock-getsymbol-n29-d17.pbqp,llvm,heuristic,free_arithmetic,3622,2649.5976591075346
452-mbb-machinebasicblock-getsymbol-n29-d17.pbqp,llvm,heuristic,free_tree_merge,2894,2117.044623262619
452-mbb-machinebasicblock-getsymbol-n29-d17.pbqp,llvm,heuristic,free_conditioning_device,4070,2977.322604242868
453-mbb-machinebasicblock-printname-n121-d17.pbqp,llvm,heuristic,none,13409,3069.1233691920347
453-mbb-machinebasicblock-printname-n121-d17.pbqp,llvm,heuristic,free_descriptor_frontend,12648,2894.941634241245
453-mbb-machinebasicblock-printname-n121-d17.pbqp,llvm,heuristic,zero_memory_wait,11039,2526.665140764477
453-mbb-machinebasicblock-printname-n121-d17.pbqp,llvm,heuristic,free_operand_service,7964,1822.8427557793545
453-mbb-machinebasicblock-printname-n121-d17.pbqp,llvm,heuristic,free_arithmetic,11917,2727.626459143969
453-mbb-machinebasicblock-printname-n121-d17.pbqp,llvm,heuristic,free_tree_merge,9461,2165.4840924696728
453-mbb-machinebasicblock-printname-n121-d17.pbqp,llvm,heuristic,free_conditioning_device,13409,3069.1233691920347
454-mbb-optionvaluecopy-compare-n4-d16.pbqp,llvm,none,none,11603,4560.927672955975
454-mbb-optionvaluecopy-compare-n4-d16.pbqp,llvm,none,free_descriptor_frontend,10946,4302.672955974843
454-mbb-optionvaluecopy-compare-n4-d16.pbqp,llvm,none,zero_memory_wait,9575,3763.7578616352203
454-mbb-optionvaluecopy-compare-n4-d16.pbqp,llvm,none,free_operand_service,6947,2730.738993710692
454-mbb-optionvaluecopy-compare-n4-d16.pbqp,llvm,none,free_arithmetic,10323,4057.7830188679245
454-mbb-optionvaluecopy-compare-n4-d16.pbqp,llvm,none,free_tree_merge,8147,3202.437106918239
454-mbb-optionvaluecopy-compare-n4-d16.pbqp,llvm,none,free_conditioning_device,11603,4560.927672955975
454-mbb-optionvaluecopy-compare-n4-d16.pbqp,llvm,heuristic,none,11603,5224.223322827555
454-mbb-optionvaluecopy-compare-n4-d16.pbqp,llvm,heuristic,free_descriptor_frontend,10946,4928.410625844214
454-mbb-optionvaluecopy-compare-n4-d16.pbqp,llvm,heuristic,zero_memory_wait,9575,4311.1211166141375
454-mbb-optionvaluecopy-compare-n4-d16.pbqp,llvm,heuristic,free_operand_service,6947,3127.8703286807745
454-mbb-optionvaluecopy-compare-n4-d16.pbqp,llvm,heuristic,free_arithmetic,10323,4647.9063484916705
454-mbb-optionvaluecopy-compare-n4-d16.pbqp,llvm,heuristic,free_tree_merge,8147,3668.1674921206663
454-mbb-optionvaluecopy-compare-n4-d16.pbqp,llvm,heuristic,free_conditioning_device,11603,5224.223322827555
455-mbb-function-handler-m-manager-n4-d16.pbqp,llvm,none,none,18199,5491.5509957754975
455-mbb-function-handler-m-manager-n4-d16.pbqp,llvm,none,free_descriptor_frontend,17514,5284.852142426072
455-mbb-function-handler-m-manager-n4-d16.pbqp,llvm,none,zero_memory_wait,15055,4542.848521424261
455-mbb-function-handler-m-manager-n4-d16.pbqp,llvm,none,free_operand_service,10759,3246.5298732649367
455-mbb-function-handler-m-manager-n4-d16.pbqp,llvm,none,free_arithmetic,16119,4863.910681955341
455-mbb-function-handler-m-manager-n4-d16.pbqp,llvm,none,free_tree_merge,12631,3811.4061557030777
455-mbb-function-handler-m-manager-n4-d16.pbqp,llvm,none,free_conditioning_device,18199,5491.5509957754975
455-mbb-function-handler-m-manager-n4-d16.pbqp,llvm,heuristic,none,18199,5489.894419306184
455-mbb-function-handler-m-manager-n4-d16.pbqp,llvm,heuristic,free_descriptor_frontend,17514,5283.257918552036
455-mbb-function-handler-m-manager-n4-d16.pbqp,llvm,heuristic,zero_memory_wait,15055,4541.478129713424
455-mbb-function-handler-m-manager-n4-d16.pbqp,llvm,heuristic,free_operand_service,10759,3245.550527903469
455-mbb-function-handler-m-manager-n4-d16.pbqp,llvm,heuristic,free_arithmetic,16119,4862.443438914027
455-mbb-function-handler-m-manager-n4-d16.pbqp,llvm,heuristic,free_tree_merge,12631,3810.25641025641
455-mbb-function-handler-m-manager-n4-d16.pbqp,llvm,heuristic,free_conditioning_device,18199,5489.894419306184
456-mbb-function-handler-m-invoke-n5-d16.pbqp,llvm,none,none,11159,3920.941672522839
456-mbb-function-handler-m-invoke-n5-d16.pbqp,llvm,none,free_descriptor_frontend,10381,3647.5755446240337
456-mbb-function-handler-m-invoke-n5-d16.pbqp,llvm,none,zero_memory_wait,9162,3219.255094869993
456-mbb-function-handler-m-invoke-n5-d16.pbqp,llvm,none,free_operand_service,6632,2330.2881236823614
456-mbb-function-handler-m-invoke-n5-d16.pbqp,llvm,none,free_arithmetic,9967,3502.108222066058
456-mbb-function-handler-m-invoke-n5-d16.pbqp,llvm,none,free_tree_merge,7967,2799.3675333801825
456-mbb-function-handler-m-invoke-n5-d16.pbqp,llvm,none,free_conditioning_device,11159,3920.941672522839
456-mbb-function-handler-m-invoke-n5-d16.pbqp,llvm,heuristic,none,11159,4449.362041467305
456-mbb-function-handler-m-invoke-n5-d16.pbqp,llvm,heuristic,free_descriptor_frontend,10381,4139.154704944179
456-mbb-function-handler-m-invoke-n5-d16.pbqp,llvm,heuristic,zero_memory_wait,9162,3653.1100478468898
456-mbb-function-handler-m-invoke-n5-d16.pbqp,llvm,heuristic,free_operand_service,6632,2644.3381180223287
456-mbb-function-handler-m-invoke-n5-d16.pbqp,llvm,heuristic,free_arithmetic,9967,3974.0829346092505
456-mbb-function-handler-m-invoke-n5-d16.pbqp,llvm,heuristic,free_tree_merge,7967,3176.634768740032
456-mbb-function-handler-m-invoke-n5-d16.pbqp,llvm,heuristic,free_conditioning_device,11159,4449.362041467305
457-mbb-function-handler-m-manager-n4-d16.pbqp,llvm,none,none,18199,5352.64705882353
457-mbb-function-handler-m-manager-n4-d16.pbqp,llvm,none,free_descriptor_frontend,17514,5151.176470588235
457-mbb-function-handler-m-manager-n4-d16.pbqp,llvm,none,zero_memory_wait,15055,4427.941176470588
457-mbb-function-handler-m-manager-n4-d16.pbqp,llvm,none,free_operand_service,10759,3164.4117647058824
457-mbb-function-handler-m-manager-n4-d16.pbqp,llvm,none,free_arithmetic,16119,4740.882352941177
457-mbb-function-handler-m-manager-n4-d16.pbqp,llvm,none,free_tree_merge,12631,3715.0
457-mbb-function-handler-m-manager-n4-d16.pbqp,llvm,none,free_conditioning_device,18199,5352.64705882353
457-mbb-function-handler-m-manager-n4-d16.pbqp,llvm,heuristic,none,18199,5521.541262135922
457-mbb-function-handler-m-manager-n4-d16.pbqp,llvm,heuristic,free_descriptor_frontend,17514,5313.71359223301
457-mbb-function-handler-m-manager-n4-d16.pbqp,llvm,heuristic,zero_memory_wait,15055,4567.657766990291
457-mbb-function-handler-m-manager-n4-d16.pbqp,llvm,heuristic,free_operand_service,10759,3264.259708737864
457-mbb-function-handler-m-manager-n4-d16.pbqp,llvm,heuristic,free_arithmetic,16119,4890.473300970873
457-mbb-function-handler-m-manager-n4-d16.pbqp,llvm,heuristic,free_tree_merge,12631,3832.220873786408
457-mbb-function-handler-m-manager-n4-d16.pbqp,llvm,heuristic,free_conditioning_device,18199,5521.541262135922
458-mbb-function-handler-m-invoke-n8-d16.pbqp,llvm,none,none,113710,3546.8979069839984
458-mbb-function-handler-m-invoke-n8-d16.pbqp,llvm,none,free_descriptor_frontend,104010,3244.3307651517516
458-mbb-function-handler-m-invoke-n8-d16.pbqp,llvm,none,zero_memory_wait,92444,2883.558439127858
458-mbb-function-handler-m-invoke-n8-d16.pbqp,llvm,none,free_operand_service,69142,2156.711063975795
458-mbb-function-handler-m-invoke-n8-d16.pbqp,llvm,none,free_arithmetic,102242,3189.182444867276
458-mbb-function-handler-m-invoke-n8-d16.pbqp,llvm,none,free_tree_merge,84142,2624.5983967060733
458-mbb-function-handler-m-invoke-n8-d16.pbqp,llvm,none,free_conditioning_device,104670,3264.9178077918837
458-mbb-function-handler-m-invoke-n8-d16.pbqp,llvm,heuristic,none,864,1815.126050420168
458-mbb-function-handler-m-invoke-n8-d16.pbqp,llvm,heuristic,free_descriptor_frontend,688,1445.3781512605042
458-mbb-function-handler-m-invoke-n8-d16.pbqp,llvm,heuristic,zero_memory_wait,682,1432.7731092436975
458-mbb-function-handler-m-invoke-n8-d16.pbqp,llvm,heuristic,free_operand_service,510,1071.4285714285713
458-mbb-function-handler-m-invoke-n8-d16.pbqp,llvm,heuristic,free_arithmetic,808,1697.4789915966387
458-mbb-function-handler-m-invoke-n8-d16.pbqp,llvm,heuristic,free_tree_merge,696,1462.18487394958
458-mbb-function-handler-m-invoke-n8-d16.pbqp,llvm,heuristic,free_conditioning_device,864,1815.126050420168
460-mbb-rb-tree-m-erase-n4-d15.pbqp,llvm,none,none,4204,3614.7893379191746
460-mbb-rb-tree-m-erase-n4-d15.pbqp,llvm,none,free_descriptor_frontend,3856,3315.5631986242474
460-mbb-rb-tree-m-erase-n4-d15.pbqp,llvm,none,zero_memory_wait,3405,2927.773000859845
460-mbb-rb-tree-m-erase-n4-d15.pbqp,llvm,none,free_operand_service,2599,2234.737747205503
460-mbb-rb-tree-m-erase-n4-d15.pbqp,llvm,none,free_arithmetic,3826,3289.767841788478
460-mbb-rb-tree-m-erase-n4-d15.pbqp,llvm,none,free_tree_merge,3196,2748.0653482373173
460-mbb-rb-tree-m-erase-n4-d15.pbqp,llvm,none,free_conditioning_device,4204,3614.7893379191746
460-mbb-rb-tree-m-erase-n4-d15.pbqp,llvm,heuristic,none,4204,3341.81240063593
460-mbb-rb-tree-m-erase-n4-d15.pbqp,llvm,heuristic,free_descriptor_frontend,3856,3065.182829888712
460-mbb-rb-tree-m-erase-n4-d15.pbqp,llvm,heuristic,zero_memory_wait,3405,2706.677265500795
460-mbb-rb-tree-m-erase-n4-d15.pbqp,llvm,heuristic,free_operand_service,2599,2065.977742448331
460-mbb-rb-tree-m-erase-n4-d15.pbqp,llvm,heuristic,free_arithmetic,3826,3041.335453100159
460-mbb-rb-tree-m-erase-n4-d15.pbqp,llvm,heuristic,free_tree_merge,3196,2540.5405405405404
460-mbb-rb-tree-m-erase-n4-d15.pbqp,llvm,heuristic,free_conditioning_device,4204,3341.81240063593
461-mbb-rb-tree-m-erase-n4-d15.pbqp,llvm,none,none,4204,3730.257320319432
461-mbb-rb-tree-m-erase-n4-d15.pbqp,llvm,none,free_descriptor_frontend,3856,3421.472937000887
461-mbb-rb-tree-m-erase-n4-d15.pbqp,llvm,none,zero_memory_wait,3405,3021.2954747116237
461-mbb-rb-tree-m-erase-n4-d15.pbqp,llvm,none,free_operand_service,2599,2306.122448979592
461-mbb-rb-tree-m-erase-n4-d15.pbqp,llvm,none,free_arithmetic,3826,3394.8535936113576
461-mbb-rb-tree-m-erase-n4-d15.pbqp,llvm,none,free_tree_merge,3196,2835.847382431233
461-mbb-rb-tree-m-erase-n4-d15.pbqp,llvm,none,free_conditioning_device,4204,3730.257320319432
461-mbb-rb-tree-m-erase-n4-d15.pbqp,llvm,heuristic,none,4204,3263.9751552795033
461-mbb-rb-tree-m-erase-n4-d15.pbqp,llvm,heuristic,free_descriptor_frontend,3856,2993.7888198757764
461-mbb-rb-tree-m-erase-n4-d15.pbqp,llvm,heuristic,zero_memory_wait,3405,2643.6335403726707
461-mbb-rb-tree-m-erase-n4-d15.pbqp,llvm,heuristic,free_operand_service,2599,2017.857142857143
461-mbb-rb-tree-m-erase-n4-d15.pbqp,llvm,heuristic,free_arithmetic,3826,2970.496894409938
461-mbb-rb-tree-m-erase-n4-d15.pbqp,llvm,heuristic,free_tree_merge,3196,2481.3664596273293
461-mbb-rb-tree-m-erase-n4-d15.pbqp,llvm,heuristic,free_conditioning_device,4204,3263.9751552795033
465-mbb-std-introsort-loop-n30-d16.pbqp,llvm,heuristic,none,0,
465-mbb-std-introsort-loop-n30-d16.pbqp,llvm,heuristic,free_descriptor_frontend,0,
465-mbb-std-introsort-loop-n30-d16.pbqp,llvm,heuristic,zero_memory_wait,0,
465-mbb-std-introsort-loop-n30-d16.pbqp,llvm,heuristic,free_operand_service,0,
465-mbb-std-introsort-loop-n30-d16.pbqp,llvm,heuristic,free_arithmetic,0,
465-mbb-std-introsort-loop-n30-d16.pbqp,llvm,heuristic,free_tree_merge,0,
465-mbb-std-introsort-loop-n30-d16.pbqp,llvm,heuristic,free_conditioning_device,0,
469-mbb-0-operator-n21-d17.pbqp,llvm,none,none,516397,4261.932076094582
469-mbb-0-operator-n21-d17.pbqp,llvm,none,free_descriptor_frontend,453672,3744.2495770230676
469-mbb-0-operator-n21-d17.pbqp,llvm,none,zero_memory_wait,413035,3408.863945858953
469-mbb-0-operator-n21-d17.pbqp,llvm,none,free_operand_service,340420,2809.5572153674743
469-mbb-0-operator-n21-d17.pbqp,llvm,none,free_arithmetic,475767,3926.6042173895103
469-mbb-0-operator-n21-d17.pbqp,llvm,none,free_tree_merge,414223,3418.66875747947
469-mbb-0-operator-n21-d17.pbqp,llvm,none,free_conditioning_device,424381,3502.5048487599556
469-mbb-0-operator-n21-d17.pbqp,llvm,heuristic,none,27131,3927.475390851187
469-mbb-0-operator-n21-d17.pbqp,llvm,heuristic,free_descriptor_frontend,25705,3721.0480602200346
469-mbb-0-operator-n21-d17.pbqp,llvm,heuristic,zero_memory_wait,22346,3234.8002316155184
469-mbb-0-operator-n21-d17.pbqp,llvm,heuristic,free_operand_service,16238,2350.607990735379
469-mbb-0-operator-n21-d17.pbqp,llvm,heuristic,free_arithmetic,24151,3496.091488129705
469-mbb-0-operator-n21-d17.pbqp,llvm,heuristic,free_tree_merge,19205,2780.110017371164
469-mbb-0-operator-n21-d17.pbqp,llvm,heuristic,free_conditioning_device,27131,3927.475390851187
470-cudd-addabs-cudd-addexistabstract-n10-d16.pbqp,llvm,none,none,438932,4677.401135964024
470-cudd-addabs-cudd-addexistabstract-n10-d16.pbqp,llvm,none,free_descriptor_frontend,396807,4228.503532571051
470-cudd-addabs-cudd-addexistabstract-n10-d16.pbqp,llvm,none,zero_memory_wait,352347,3754.7234151383723
470-cudd-addabs-cudd-addexistabstract-n10-d16.pbqp,llvm,none,free_operand_service,282272,3007.9815858739785
470-cudd-addabs-cudd-addexistabstract-n10-d16.pbqp,llvm,none,free_arithmetic,402434,4288.466661693716
470-cudd-addabs-cudd-addexistabstract-n10-d16.pbqp,llvm,none,free_tree_merge,346028,3687.386110548694
470-cudd-addabs-cudd-addexistabstract-n10-d16.pbqp,llvm,none,free_conditioning_device,370972,3953.1974296949093
470-cudd-addabs-cudd-addexistabstract-n10-d16.pbqp,llvm,heuristic,none,0,
470-cudd-addabs-cudd-addexistabstract-n10-d16.pbqp,llvm,heuristic,free_descriptor_frontend,0,
470-cudd-addabs-cudd-addexistabstract-n10-d16.pbqp,llvm,heuristic,zero_memory_wait,0,
470-cudd-addabs-cudd-addexistabstract-n10-d16.pbqp,llvm,heuristic,free_operand_service,0,
470-cudd-addabs-cudd-addexistabstract-n10-d16.pbqp,llvm,heuristic,free_arithmetic,0,
470-cudd-addabs-cudd-addexistabstract-n10-d16.pbqp,llvm,heuristic,free_tree_merge,0,
470-cudd-addabs-cudd-addexistabstract-n10-d16.pbqp,llvm,heuristic,free_conditioning_device,0,
471-cudd-addabs-cudd-addorabstract-n10-d16.pbqp,llvm,none,none,438932,4632.821075740944
471-cudd-addabs-cudd-addorabstract-n10-d16.pbqp,llvm,none,free_descriptor_frontend,396807,4188.201891412649
471-cudd-addabs-cudd-addorabstract-n10-d16.pbqp,llvm,none,zero_memory_wait,352347,3718.937346956008
471-cudd-addabs-cudd-addorabstract-n10-d16.pbqp,llvm,none,free_operand_service,282272,2979.3126741535084
471-cudd-addabs-cudd-addorabstract-n10-d16.pbqp,llvm,none,free_arithmetic,402434,4247.593515156633
471-cudd-addabs-cudd-addorabstract-n10-d16.pbqp,llvm,none,free_tree_merge,346028,3652.241830617242
471-cudd-addabs-cudd-addorabstract-n10-d16.pbqp,llvm,none,free_conditioning_device,370972,3915.5197162881027
471-cudd-addabs-cudd-addorabstract-n10-d16.pbqp,llvm,heuristic,none,0,
471-cudd-addabs-cudd-addorabstract-n10-d16.pbqp,llvm,heuristic,free_descriptor_frontend,0,
471-cudd-addabs-cudd-addorabstract-n10-d16.pbqp,llvm,heuristic,zero_memory_wait,0,
471-cudd-addabs-cudd-addorabstract-n10-d16.pbqp,llvm,heuristic,free_operand_service,0,
471-cudd-addabs-cudd-addorabstract-n10-d16.pbqp,llvm,heuristic,free_arithmetic,0,
471-cudd-addabs-cudd-addorabstract-n10-d16.pbqp,llvm,heuristic,free_tree_merge,0,
471-cudd-addabs-cudd-addorabstract-n10-d16.pbqp,llvm,heuristic,free_conditioning_device,0,
472-cudd-addabs-cudd-addunivabstract-n10-d16.pbqp,llvm,none,none,438932,4597.301939754493
472-cudd-addabs-cudd-addunivabstract-n10-d16.pbqp,llvm,none,free_descriptor_frontend,396807,4156.091583225104
472-cudd-addabs-cudd-addunivabstract-n10-d16.pbqp,llvm,none,zero_memory_wait,352347,3690.424818802631
472-cudd-addabs-cudd-addunivabstract-n10-d16.pbqp,llvm,none,free_operand_service,282272,2956.4707361012192
472-cudd-addabs-cudd-addunivabstract-n10-d16.pbqp,llvm,none,free_arithmetic,402434,4215.027860404709
472-cudd-addabs-cudd-addunivabstract-n10-d16.pbqp,llvm,none,free_tree_merge,346028,3624.2406468641334
472-cudd-addabs-cudd-addunivabstract-n10-d16.pbqp,llvm,none,free_conditioning_device,370972,3885.5000209476725
472-cudd-addabs-cudd-addunivabstract-n10-d16.pbqp,llvm,heuristic,none,0,
472-cudd-addabs-cudd-addunivabstract-n10-d16.pbqp,llvm,heuristic,free_descriptor_frontend,0,
472-cudd-addabs-cudd-addunivabstract-n10-d16.pbqp,llvm,heuristic,zero_memory_wait,0,
472-cudd-addabs-cudd-addunivabstract-n10-d16.pbqp,llvm,heuristic,free_operand_service,0,
472-cudd-addabs-cudd-addunivabstract-n10-d16.pbqp,llvm,heuristic,free_arithmetic,0,
472-cudd-addabs-cudd-addunivabstract-n10-d16.pbqp,llvm,heuristic,free_tree_merge,0,
472-cudd-addabs-cudd-addunivabstract-n10-d16.pbqp,llvm,heuristic,free_conditioning_device,0,
474-cudd-addabs-cuddaddexistabstractrecur-n37-d16-r1.pbqp,llvm,heuristic,none,6477,3159.512195121951
474-cudd-addabs-cuddaddexistabstractrecur-n37-d16-r1.pbqp,llvm,heuristic,free_descriptor_frontend,5999,2926.3414634146343
474-cudd-addabs-cuddaddexistabstractrecur-n37-d16-r1.pbqp,llvm,heuristic,zero_memory_wait,5314,2592.1951219512193
474-cudd-addabs-cuddaddexistabstractrecur-n37-d16-r1.pbqp,llvm,heuristic,free_operand_service,3876,1890.7317073170732
474-cudd-addabs-cuddaddexistabstractrecur-n37-d16-r1.pbqp,llvm,heuristic,free_arithmetic,5777,2818.048780487805
474-cudd-addabs-cuddaddexistabstractrecur-n37-d16-r1.pbqp,llvm,heuristic,free_tree_merge,4629,2258.048780487805
474-cudd-addabs-cuddaddexistabstractrecur-n37-d16-r1.pbqp,llvm,heuristic,free_conditioning_device,6477,3159.512195121951
476-cudd-addabs-cuddaddorabstractrecur-n30-d16-r1.pbqp,llvm,heuristic,none,0,
476-cudd-addabs-cuddaddorabstractrecur-n30-d16-r1.pbqp,llvm,heuristic,free_descriptor_frontend,0,
476-cudd-addabs-cuddaddorabstractrecur-n30-d16-r1.pbqp,llvm,heuristic,zero_memory_wait,0,
476-cudd-addabs-cuddaddorabstractrecur-n30-d16-r1.pbqp,llvm,heuristic,free_operand_service,0,
476-cudd-addabs-cuddaddorabstractrecur-n30-d16-r1.pbqp,llvm,heuristic,free_arithmetic,0,
476-cudd-addabs-cuddaddorabstractrecur-n30-d16-r1.pbqp,llvm,heuristic,free_tree_merge,0,
476-cudd-addabs-cuddaddorabstractrecur-n30-d16-r1.pbqp,llvm,heuristic,free_conditioning_device,0,
478-cudd-addabs-cuddaddunivabstractrecur-n40-d16-r1.pbqp,llvm,heuristic,none,6477,3128.985507246377
478-cudd-addabs-cuddaddunivabstractrecur-n40-d16-r1.pbqp,llvm,heuristic,free_descriptor_frontend,5999,2898.0676328502414
478-cudd-addabs-cuddaddunivabstractrecur-n40-d16-r1.pbqp,llvm,heuristic,zero_memory_wait,5314,2567.149758454106
478-cudd-addabs-cuddaddunivabstractrecur-n40-d16-r1.pbqp,llvm,heuristic,free_operand_service,3876,1872.463768115942
478-cudd-addabs-cuddaddunivabstractrecur-n40-d16-r1.pbqp,llvm,heuristic,free_arithmetic,5777,2790.8212560386473
478-cudd-addabs-cuddaddunivabstractrecur-n40-d16-r1.pbqp,llvm,heuristic,free_tree_merge,4629,2236.231884057971
478-cudd-addabs-cuddaddunivabstractrecur-n40-d16-r1.pbqp,llvm,heuristic,free_conditioning_device,6477,3128.985507246377
479-cudd-bddabs-cudd-bddbooleandiff-n9-d16.pbqp,llvm,none,none,318416,4232.9043922152505
479-cudd-bddabs-cudd-bddbooleandiff-n9-d16.pbqp,llvm,none,free_descriptor_frontend,290101,3856.4952674678293
479-cudd-bddabs-cudd-bddbooleandiff-n9-d16.pbqp,llvm,none,zero_memory_wait,257005,3416.5292991598426
479-cudd-bddabs-cudd-bddbooleandiff-n9-d16.pbqp,llvm,none,free_operand_service,200732,2668.456875465277
479-cudd-bddabs-cudd-bddbooleandiff-n9-d16.pbqp,llvm,none,free_arithmetic,290206,3857.8910985855578
479-cudd-bddabs-cudd-bddbooleandiff-n9-d16.pbqp,llvm,none,free_tree_merge,245336,3261.405934276295
479-cudd-bddabs-cudd-bddbooleandiff-n9-d16.pbqp,llvm,none,free_conditioning_device,288288,3832.3939168350526
479-cudd-bddabs-cudd-bddbooleandiff-n9-d16.pbqp,llvm,heuristic,none,0,
479-cudd-bddabs-cudd-bddbooleandiff-n9-d16.pbqp,llvm,heuristic,free_descriptor_frontend,0,
479-cudd-bddabs-cudd-bddbooleandiff-n9-d16.pbqp,llvm,heuristic,zero_memory_wait,0,
479-cudd-bddabs-cudd-bddbooleandiff-n9-d16.pbqp,llvm,heuristic,free_operand_service,0,
479-cudd-bddabs-cudd-bddbooleandiff-n9-d16.pbqp,llvm,heuristic,free_arithmetic,0,
479-cudd-bddabs-cudd-bddbooleandiff-n9-d16.pbqp,llvm,heuristic,free_tree_merge,0,
479-cudd-bddabs-cudd-bddbooleandiff-n9-d16.pbqp,llvm,heuristic,free_conditioning_device,0,
480-cudd-bddabs-cudd-bddexistabstract-n10-d16.pbqp,llvm,none,none,245047,4016.3738280993903
480-cudd-bddabs-cudd-bddexistabstract-n10-d16.pbqp,llvm,none,free_descriptor_frontend,208575,3418.5897856159445
480-cudd-bddabs-cudd-bddexistabstract-n10-d16.pbqp,llvm,none,zero_memory_wait,193905,3178.1452828951683
480-cudd-bddabs-cudd-bddexistabstract-n10-d16.pbqp,llvm,none,free_operand_service,168343,2759.1785222579165
480-cudd-bddabs-cudd-bddexistabstract-n10-d16.pbqp,llvm,none,free_arithmetic,227727,3732.495246836688
480-cudd-bddabs-cudd-bddexistabstract-n10-d16.pbqp,llvm,none,free_tree_merge,204475,3351.3898905133415
480-cudd-bddabs-cudd-bddexistabstract-n10-d16.pbqp,llvm,none,free_conditioning_device,167303,2742.1326952075
480-cudd-bddabs-cudd-bddexistabstract-n10-d16.pbqp,llvm,heuristic,none,423,1652.34375
480-cudd-bddabs-cudd-bddexistabstract-n10-d16.pbqp,llvm,heuristic,free_descriptor_frontend,335,1308.59375
480-cudd-bddabs-cudd-bddexistabstract-n10-d16.pbqp,llvm,heuristic,zero_memory_wait,335,1308.59375
480-cudd-bddabs-cudd-bddexistabstract-n10-d16.pbqp,llvm,heuristic,free_operand_service,255,996.09375
480-cudd-bddabs-cudd-bddexistabstract-n10-d16.pbqp,llvm,heuristic,free_arithmetic,395,1542.96875
480-cudd-bddabs-cudd-bddexistabstract-n10-d16.pbqp,llvm,heuristic,free_tree_merge,339,1324.21875
480-cudd-bddabs-cudd-bddexistabstract-n10-d16.pbqp,llvm,heuristic,free_conditioning_device,423,1652.34375
481-cudd-bddabs-cudd-bddexistabstractlimit-n13-d16.pbqp,llvm,heuristic,none,423,1792.3728813559321
481-cudd-bddabs-cudd-bddexistabstractlimit-n13-d16.pbqp,llvm,heuristic,free_descriptor_frontend,335,1419.4915254237287
481-cudd-bddabs-cudd-bddexistabstractlimit-n13-d16.pbqp,llvm,heuristic,zero_memory_wait,335,1419.4915254237287
481-cudd-bddabs-cudd-bddexistabstractlimit-n13-d16.pbqp,llvm,heuristic,free_operand_service,255,1080.5084745762713
481-cudd-bddabs-cudd-bddexistabstractlimit-n13-d16.pbqp,llvm,heuristic,free_arithmetic,395,1673.7288135593221
481-cudd-bddabs-cudd-bddexistabstractlimit-n13-d16.pbqp,llvm,heuristic,free_tree_merge,339,1436.4406779661017
481-cudd-bddabs-cudd-bddexistabstractlimit-n13-d16.pbqp,llvm,heuristic,free_conditioning_device,423,1792.3728813559321
482-cudd-bddabs-cudd-bddunivabstract-n11-d16.pbqp,llvm,none,none,281581,3948.0244524831046
482-cudd-bddabs-cudd-bddunivabstract-n11-d16.pbqp,llvm,none,free_descriptor_frontend,241797,3390.216202574241
482-cudd-bddabs-cudd-bddunivabstract-n11-d16.pbqp,llvm,none,zero_memory_wait,223677,3136.157146462522
482-cudd-bddabs-cudd-bddunivabstract-n11-d16.pbqp,llvm,none,free_operand_service,190789,2675.0371554359103
482-cudd-bddabs-cudd-bddunivabstract-n11-d16.pbqp,llvm,none,free_arithmetic,260793,3656.5575839152016
482-cudd-bddabs-cudd-bddunivabstract-n11-d16.pbqp,llvm,none,free_tree_merge,231601,3247.258910294159
482-cudd-bddabs-cudd-bddunivabstract-n11-d16.pbqp,llvm,none,free_conditioning_device,207413,2908.1209164072798
482-cudd-bddabs-cudd-bddunivabstract-n11-d16.pbqp,llvm,heuristic,none,423,1665.3543307086613
482-cudd-bddabs-cudd-bddunivabstract-n11-d16.pbqp,llvm,heuristic,free_descriptor_frontend,335,1318.8976377952756
482-cudd-bddabs-cudd-bddunivabstract-n11-d16.pbqp,llvm,heuristic,zero_memory_wait,335,1318.8976377952756
482-cudd-bddabs-cudd-bddunivabstract-n11-d16.pbqp,llvm,heuristic,free_operand_service,255,1003.9370078740158
482-cudd-bddabs-cudd-bddunivabstract-n11-d16.pbqp,llvm,heuristic,free_arithmetic,395,1555.1181102362204
482-cudd-bddabs-cudd-bddunivabstract-n11-d16.pbqp,llvm,heuristic,free_tree_merge,339,1334.6456692913387
482-cudd-bddabs-cudd-bddunivabstract-n11-d16.pbqp,llvm,heuristic,free_conditioning_device,423,1665.3543307086613
484-cudd-bddabs-cudd-bddvarisdependent-n19-d16-r1.pbqp,llvm,heuristic,none,0,
484-cudd-bddabs-cudd-bddvarisdependent-n19-d16-r1.pbqp,llvm,heuristic,free_descriptor_frontend,0,
484-cudd-bddabs-cudd-bddvarisdependent-n19-d16-r1.pbqp,llvm,heuristic,zero_memory_wait,0,
484-cudd-bddabs-cudd-bddvarisdependent-n19-d16-r1.pbqp,llvm,heuristic,free_operand_service,0,
484-cudd-bddabs-cudd-bddvarisdependent-n19-d16-r1.pbqp,llvm,heuristic,free_arithmetic,0,
484-cudd-bddabs-cudd-bddvarisdependent-n19-d16-r1.pbqp,llvm,heuristic,free_tree_merge,0,
484-cudd-bddabs-cudd-bddvarisdependent-n19-d16-r1.pbqp,llvm,heuristic,free_conditioning_device,0,
485-cudd-bddabs-cudd-bddxorexistabstract-n11-d16.pbqp,llvm,none,none,346872,3956.880325793094
485-cudd-bddabs-cudd-bddxorexistabstract-n11-d16.pbqp,llvm,none,free_descriptor_frontend,294018,3353.957770096848
485-cudd-bddabs-cudd-bddxorexistabstract-n11-d16.pbqp,llvm,none,zero_memory_wait,274353,3129.632798329968
485-cudd-bddabs-cudd-bddxorexistabstract-n11-d16.pbqp,llvm,none,free_operand_service,239040,2726.80606413196
485-cudd-bddabs-cudd-bddxorexistabstract-n11-d16.pbqp,llvm,none,free_arithmetic,322684,3680.9600401537705
485-cudd-bddabs-cudd-bddxorexistabstract-n11-d16.pbqp,llvm,none,free_tree_merge,290172,3310.0852126895043
485-cudd-bddabs-cudd-bddxorexistabstract-n11-d16.pbqp,llvm,none,free_conditioning_device,236414,2696.850438611501
485-cudd-bddabs-cudd-bddxorexistabstract-n11-d16.pbqp,llvm,heuristic,none,423,1639.5348837209303
485-cudd-bddabs-cudd-bddxorexistabstract-n11-d16.pbqp,llvm,heuristic,free_descriptor_frontend,335,1298.4496124031007
485-cudd-bddabs-cudd-bddxorexistabstract-n11-d16.pbqp,llvm,heuristic,zero_memory_wait,335,1298.4496124031007
485-cudd-bddabs-cudd-bddxorexistabstract-n11-d16.pbqp,llvm,heuristic,free_operand_service,255,988.3720930232558
485-cudd-bddabs-cudd-bddxorexistabstract-n11-d16.pbqp,llvm,heuristic,free_arithmetic,395,1531.0077519379845
485-cudd-bddabs-cudd-bddxorexistabstract-n11-d16.pbqp,llvm,heuristic,free_tree_merge,339,1313.953488372093
485-cudd-bddabs-cudd-bddxorexistabstract-n11-d16.pbqp,llvm,heuristic,free_conditioning_device,423,1639.5348837209303
487-cudd-bddabs-cuddbddbooleandiffrecur-n20-d16-r1.pbqp,llvm,heuristic,none,6054,3675.774134790528
487-cudd-bddabs-cuddbddbooleandiffrecur-n20-d16-r1.pbqp,llvm,heuristic,free_descriptor_frontend,5794,3517.911353976928
487-cudd-bddabs-cuddbddbooleandiffrecur-n20-d16-r1.pbqp,llvm,heuristic,zero_memory_wait,5010,3041.8943533697634
487-cudd-bddabs-cuddbddbooleandiffrecur-n20-d16-r1.pbqp,llvm,heuristic,free_operand_service,3618,2196.72131147541
487-cudd-bddabs-cuddbddbooleandiffrecur-n20-d16-r1.pbqp,llvm,heuristic,free_arithmetic,5354,3250.7589556769885
487-cudd-bddabs-cuddbddbooleandiffrecur-n20-d16-r1.pbqp,llvm,heuristic,free_tree_merge,4206,2553.7340619307834
487-cudd-bddabs-cuddbddbooleandiffrecur-n20-d16-r1.pbqp,llvm,heuristic,free_conditioning_device,6054,3675.774134790528
489-cudd-bddabs-cuddbddexistabstractrecur-n37-d16-r1.pbqp,llvm,heuristic,none,0,
489-cudd-bddabs-cuddbddexistabstractrecur-n37-d16-r1.pbqp,llvm,heuristic,free_descriptor_frontend,0,
489-cudd-bddabs-cuddbddexistabstractrecur-n37-d16-r1.pbqp,llvm,heuristic,zero_memory_wait,0,
489-cudd-bddabs-cuddbddexistabstractrecur-n37-d16-r1.pbqp,llvm,heuristic,free_operand_service,0,
489-cudd-bddabs-cuddbddexistabstractrecur-n37-d16-r1.pbqp,llvm,heuristic,free_arithmetic,0,
489-cudd-bddabs-cuddbddexistabstractrecur-n37-d16-r1.pbqp,llvm,heuristic,free_tree_merge,0,
489-cudd-bddabs-cuddbddexistabstractrecur-n37-d16-r1.pbqp,llvm,heuristic,free_conditioning_device,0,
degree-3-n12-d2-s1001.pbqp,synthetic,none,none,5684,1542.8881650380022
degree-3-n12-d2-s1001.pbqp,synthetic,none,free_descriptor_frontend,3200,868.6210640608035
degree-3-n12-d2-s1001.pbqp,synthetic,none,zero_memory_wait,4376,1187.8393051031487
degree-3-n12-d2-s1001.pbqp,synthetic,none,free_operand_service,4712,1279.0445168295332
degree-3-n12-d2-s1001.pbqp,synthetic,none,free_arithmetic,5470,1484.799131378936
degree-3-n12-d2-s1001.pbqp,synthetic,none,free_tree_merge,5324,1445.1682953311617
degree-3-n12-d2-s1001.pbqp,synthetic,none,free_conditioning_device,3626,984.256243213898
degree-3-n12-d2-s1001.pbqp,synthetic,heuristic,none,5684,1678.67690490254
degree-3-n12-d2-s1001.pbqp,synthetic,heuristic,free_descriptor_frontend,3200,945.0679267572357
degree-3-n12-d2-s1001.pbqp,synthetic,heuristic,zero_memory_wait,4376,1292.3803898405197
degree-3-n12-d2-s1001.pbqp,synthetic,heuristic,free_operand_service,4712,1391.6125221500295
degree-3-n12-d2-s1001.pbqp,synthetic,heuristic,free_arithmetic,5470,1615.4754873006498
degree-3-n12-d2-s1001.pbqp,synthetic,heuristic,free_tree_merge,5324,1572.356763142351
degree-3-n12-d2-s1001.pbqp,synthetic,heuristic,free_conditioning_device,3626,1070.8800945067926
degree-3-n12-d2-s1002.pbqp,synthetic,none,none,5684,1265.6423959029169
degree-3-n12-d2-s1002.pbqp,synthetic,none,free_descriptor_frontend,3200,712.5361834780673
degree-3-n12-d2-s1002.pbqp,synthetic,none,zero_memory_wait,4376,974.3932309062569
degree-3-n12-d2-s1002.pbqp,synthetic,none,free_operand_service,4712,1049.209530171454
degree-3-n12-d2-s1002.pbqp,synthetic,none,free_arithmetic,5470,1217.9915386328212
degree-3-n12-d2-s1002.pbqp,synthetic,none,free_tree_merge,5324,1185.4820752616345
degree-3-n12-d2-s1002.pbqp,synthetic,none,free_conditioning_device,3626,807.3925629035849
degree-3-n12-d2-s1002.pbqp,synthetic,heuristic,none,5010,1469.208211143695
degree-3-n12-d2-s1002.pbqp,synthetic,heuristic,free_descriptor_frontend,2832,830.4985337243402
degree-3-n12-d2-s1002.pbqp,synthetic,heuristic,zero_memory_wait,3858,1131.3782991202347
degree-3-n12-d2-s1002.pbqp,synthetic,heuristic,free_operand_service,4146,1215.8357771260996
degree-3-n12-d2-s1002.pbqp,synthetic,heuristic,free_arithmetic,4818,1412.9032258064517
degree-3-n12-d2-s1002.pbqp,synthetic,heuristic,free_tree_merge,4686,1374.1935483870968
degree-3-n12-d2-s1002.pbqp,synthetic,heuristic,free_conditioning_device,3246,951.9061583577712
degree-3-n12-d4-s1001.pbqp,synthetic,none,none,51912,1166.90269067368
degree-3-n12-d4-s1001.pbqp,synthetic,none,free_descriptor_frontend,35640,801.1329152336638
degree-3-n12-d4-s1001.pbqp,synthetic,none,zero_memory_wait,40704,914.9639220446422
degree-3-n12-d4-s1001.pbqp,synthetic,none,free_operand_service,41472,932.2273922718997
degree-3-n12-d4-s1001.pbqp,synthetic,none,free_arithmetic,49356,1109.4477038235889
degree-3-n12-d4-s1001.pbqp,synthetic,none,free_tree_merge,46152,1037.4266639692494
degree-3-n12-d4-s1001.pbqp,synthetic,none,free_conditioning_device,40284,905.5229617641108
degree-3-n12-d4-s1001.pbqp,synthetic,heuristic,none,51912,1328.012279355334
degree-3-n12-d4-s1001.pbqp,synthetic,heuristic,free_descriptor_frontend,35640,911.7421335379893
degree-3-n12-d4-s1001.pbqp,synthetic,heuristic,zero_memory_wait,40704,1041.2893323100536
degree-3-n12-d4-s1001.pbqp,synthetic,heuristic,free_operand_service,41472,1060.9363008442058
degree-3-n12-d4-s1001.pbqp,synthetic,heuristic,free_arithmetic,49356,1262.6247122026093
degree-3-n12-d4-s1001.pbqp,synthetic,heuristic,free_tree_merge,46152,1180.660015349194
degree-3-n12-d4-s1001.pbqp,synthetic,heuristic,free_conditioning_device,40284,1030.5448963929393
degree-3-n12-d4-s1002.pbqp,synthetic,none,none,54388,1289.762621831203
degree-3-n12-d4-s1002.pbqp,synthetic,none,free_descriptor_frontend,37280,884.0617515236311
degree-3-n12-d4-s1002.pbqp,synthetic,none,zero_memory_wait,42636,1011.0744859968223
degree-3-n12-d4-s1002.pbqp,synthetic,none,free_operand_service,43468,1030.8046195072209
degree-3-n12-d4-s1002.pbqp,synthetic,none,free_arithmetic,51724,1226.5882520334844
degree-3-n12-d4-s1002.pbqp,synthetic,none,free_tree_merge,48388,1147.4780051696744
degree-3-n12-d4-s1002.pbqp,synthetic,none,free_conditioning_device,42076,997.7945884417463
degree-3-n12-d4-s1002.pbqp,synthetic,heuristic,none,42008,1300.9197609240964
degree-3-n12-d4-s1002.pbqp,synthetic,heuristic,free_descriptor_frontend,29080,900.5605277012171
degree-3-n12-d4-s1002.pbqp,synthetic,heuristic,zero_memory_wait,32976,1021.2133411786566
degree-3-n12-d4-s1002.pbqp,synthetic,heuristic,free_operand_service,33488,1037.0691523954042
degree-3-n12-d4-s1002.pbqp,synthetic,heuristic,free_arithmetic,39884,1235.1429190796198
degree-3-n12-d4-s1002.pbqp,synthetic,heuristic,free_tree_merge,37208,1152.271530767087
degree-3-n12-d4-s1002.pbqp,synthetic,heuristic,free_conditioning_device,33116,1025.548914558236
degree-3-n20-d2-s1001.pbqp,synthetic,none,none,18340,1612.7330284910306
degree-3-n20-d2-s1001.pbqp,synthetic,none,free_descriptor_frontend,10432,917.3408371438621
degree-3-n20-d2-s1001.pbqp,synthetic,none,zero_memory_wait,14128,1242.3496306718255
degree-3-n20-d2-s1001.pbqp,synthetic,none,free_operand_service,15136,1330.9883925430884
degree-3-n20-d2-s1001.pbqp,synthetic,none,free_arithmetic,17618,1549.243756595146
degree-3-n20-d2-s1001.pbqp,synthetic,none,free_tree_merge,17116,1505.100246218783
degree-3-n20-d2-s1001.pbqp,synthetic,none,free_conditioning_device,12166,1069.8206120295463
degree-3-n20-d2-s1001.pbqp,synthetic,heuristic,none,18340,1614.152437951065
degree-3-n20-d2-s1001.pbqp,synthetic,heuristic,free_descriptor_frontend,10432,918.1482133427213
degree-3-n20-d2-s1001.pbqp,synthetic,heuristic,zero_memory_wait,14128,1243.4430558000352
degree-3-n20-d2-s1001.pbqp,synthetic,heuristic,free_operand_service,15136,1332.1598310156662
degree-3-n20-d2-s1001.pbqp,synthetic,heuristic,free_arithmetic,17618,1550.6072874493927
degree-3-n20-d2-s1001.pbqp,synthetic,heuristic,free_tree_merge,17116,1506.4249251892272
degree-3-n20-d2-s1001.pbqp,synthetic,heuristic,free_conditioning_device,12166,1070.7621897553247
degree-3-n20-d2-s1002.pbqp,synthetic,none,none,20332,1574.2934572202864
degree-3-n20-d2-s1002.pbqp,synthetic,none,free_descriptor_frontend,11584,896.9415408439799
degree-3-n20-d2-s1002.pbqp,synthetic,none,zero_memory_wait,15664,1212.8532713898567
degree-3-n20-d2-s1002.pbqp,synthetic,none,free_operand_service,16768,1298.3352690669765
degree-3-n20-d2-s1002.pbqp,synthetic,none,free_arithmetic,19526,1511.8854045683313
degree-3-n20-d2-s1002.pbqp,synthetic,none,free_tree_merge,18964,1468.3701122725513
degree-3-n20-d2-s1002.pbqp,synthetic,none,free_conditioning_device,13570,1050.7162214479288
degree-3-n20-d2-s1002.pbqp,synthetic,heuristic,none,20332,1409.3996949951477
degree-3-n20-d2-s1002.pbqp,synthetic,heuristic,free_descriptor_frontend,11584,802.9945930957992
degree-3-n20-d2-s1002.pbqp,synthetic,heuristic,zero_memory_wait,15664,1085.8172743657285
degree-3-n20-d2-s1002.pbqp,synthetic,heuristic,free_operand_service,16768,1162.3457645917094
degree-3-n20-d2-s1002.pbqp,synthetic,heuristic,free_arithmetic,19526,1353.5283515874116
degree-3-n20-d2-s1002.pbqp,synthetic,heuristic,free_tree_merge,18964,1314.5709136281714
degree-3-n20-d2-s1002.pbqp,synthetic,heuristic,free_conditioning_device,13570,940.6626923610148
degree-3-n20-d4-s1002.pbqp,synthetic,none,none,428112,1252.3350816583834
degree-3-n20-d4-s1002.pbqp,synthetic,none,free_descriptor_frontend,301896,883.1215939107974
degree-3-n20-d4-s1002.pbqp,synthetic,none,zero_memory_wait,336936,985.6223910417111
degree-3-n20-d4-s1002.pbqp,synthetic,none,free_operand_service,339624,993.48546589011
degree-3-n20-d4-s1002.pbqp,synthetic,none,free_arithmetic,405180,1185.2532243579806
degree-3-n20-d4-s1002.pbqp,synthetic,none,free_tree_merge,375984,1099.847594419791
degree-3-n20-d4-s1002.pbqp,synthetic,none,free_conditioning_device,349452,1022.2348333045684
degree-3-n20-d4-s1002.pbqp,synthetic,heuristic,none,316860,1231.0214610949665
degree-3-n20-d4-s1002.pbqp,synthetic,heuristic,free_descriptor_frontend,225696,876.8434629908779
degree-3-n20-d4-s1002.pbqp,synthetic,heuristic,zero_memory_wait,249732,970.2248675193088
degree-3-n20-d4-s1002.pbqp,synthetic,heuristic,free_operand_service,250692,973.9545292079131
degree-3-n20-d4-s1002.pbqp,synthetic,heuristic,free_arithmetic,299364,1163.0483768201525
degree-3-n20-d4-s1002.pbqp,synthetic,heuristic,free_tree_merge,276972,1076.0540179334566
degree-3-n20-d4-s1002.pbqp,synthetic,heuristic,free_conditioning_device,263508,1023.7455127507809
degree-4-n12-d2-s1001.pbqp,synthetic,none,none,5016,1258.0887885628292
degree-4-n12-d2-s1001.pbqp,synthetic,none,free_descriptor_frontend,2944,738.3997993478806
degree-4-n12-d2-s1001.pbqp,synthetic,none,zero_memory_wait,3880,973.1627790318536
degree-4-n12-d2-s1001.pbqp,synthetic,none,free_operand_service,4080,1023.3258088788563
degree-4-n12-d2-s1001.pbqp,synthetic,none,free_arithmetic,4796,1202.9094557311262
degree-4-n12-d2-s1001.pbqp,synthetic,none,free_tree_merge,4608,1155.7562076749437
degree-4-n12-d2-s1001.pbqp,synthetic,none,free_conditioning_device,4036,1012.2899423125157
degree-4-n12-d2-s1001.pbqp,synthetic,heuristic,none,5016,1287.4743326488706
degree-4-n12-d2-s1001.pbqp,synthetic,heuristic,free_descriptor_frontend,2944,755.6468172484599
degree-4-n12-d2-s1001.pbqp,synthetic,heuristic,zero_memory_wait,3880,995.8932238193019
degree-4-n12-d2-s1001.pbqp,synthetic,heuristic,free_operand_service,4080,1047.2279260780288
degree-4-n12-d2-s1001.pbqp,synthetic,heuristic,free_arithmetic,4796,1231.006160164271
degree-4-n12-d2-s1001.pbqp,synthetic,heuristic,free_tree_merge,4608,1182.7515400410678
degree-4-n12-d2-s1001.pbqp,synthetic,heuristic,free_conditioning_device,4036,1035.934291581109
degree-4-n12-d2-s1002.pbqp,synthetic,none,none,5016,1246.520874751491
degree-4-n12-d2-s1002.pbqp,synthetic,none,free_descriptor_frontend,2944,731.610337972167
degree-4-n12-d2-s1002.pbqp,synthetic,none,zero_memory_wait,3880,964.2147117296223
degree-4-n12-d2-s1002.pbqp,synthetic,none,free_operand_service,4080,1013.9165009940358
degree-4-n12-d2-s1002.pbqp,synthetic,none,free_arithmetic,4796,1191.8489065606361
degree-4-n12-d2-s1002.pbqp,synthetic,none,free_tree_merge,4608,1145.1292246520875
degree-4-n12-d2-s1002.pbqp,synthetic,none,free_conditioning_device,4036,1002.9821073558649
degree-4-n12-d2-s1002.pbqp,synthetic,heuristic,none,5016,1046.3078848560701
degree-4-n12-d2-s1002.pbqp,synthetic,heuristic,free_descriptor_frontend,2944,614.1009595327492
degree-4-n12-d2-s1002.pbqp,synthetic,heuristic,zero_memory_wait,3880,809.3450146015853
degree-4-n12-d2-s1002.pbqp,synthetic,heuristic,free_operand_service,4080,851.063829787234
degree-4-n12-d2-s1002.pbqp,synthetic,heuristic,free_arithmetic,4796,1000.4171881518565
degree-4-n12-d2-s1002.pbqp,synthetic,heuristic,free_tree_merge,4608,961.2015018773467
degree-4-n12-d2-s1002.pbqp,synthetic,heuristic,free_conditioning_device,4036,841.8856904463913
degree-4-n12-d4-s1001.pbqp,synthetic,none,none,45872,1153.2002614510534
degree-4-n12-d4-s1001.pbqp,synthetic,none,free_descriptor_frontend,33280,836.6433707074262
degree-4-n12-d4-s1001.pbqp,synthetic,none,zero_memory_wait,36304,912.6652923726683
degree-4-n12-d4-s1001.pbqp,synthetic,none,free_operand_service,35792,899.7938559002464
degree-4-n12-d4-s1001.pbqp,synthetic,none,free_arithmetic,43184,1085.625219970838
degree-4-n12-d4-s1001.pbqp,synthetic,none,free_tree_merge,39536,993.9162351048318
degree-4-n12-d4-s1001.pbqp,synthetic,none,free_conditioning_device,42224,1061.491276585047
degree-4-n12-d4-s1001.pbqp,synthetic,heuristic,none,45872,1110.890465696365
degree-4-n12-d4-s1001.pbqp,synthetic,heuristic,free_descriptor_frontend,33280,805.9477393262781
degree-4-n12-d4-s1001.pbqp,synthetic,heuristic,zero_memory_wait,36304,879.18049064006
degree-4-n12-d4-s1001.pbqp,synthetic,heuristic,free_operand_service,35792,866.781294650425
degree-4-n12-d4-s1001.pbqp,synthetic,heuristic,free_arithmetic,43184,1045.794686750781
degree-4-n12-d4-s1001.pbqp,synthetic,heuristic,free_tree_merge,39536,957.4504153246313
degree-4-n12-d4-s1001.pbqp,synthetic,heuristic,free_conditioning_device,42224,1022.5461942702153
degree-4-n12-d4-s1002.pbqp,synthetic,none,none,45872,1133.117604920584
degree-4-n12-d4-s1002.pbqp,synthetic,none,free_descriptor_frontend,33280,822.0734629350592
degree-4-n12-d4-s1002.pbqp,synthetic,none,zero_memory_wait,36304,896.7714843267545
degree-4-n12-d4-s1002.pbqp,synthetic,none,free_operand_service,35792,884.1242002815997
degree-4-n12-d4-s1002.pbqp,synthetic,none,free_arithmetic,43184,1066.7193636835216
degree-4-n12-d4-s1002.pbqp,synthetic,none,free_tree_merge,39536,976.6074648617938
degree-4-n12-d4-s1002.pbqp,synthetic,none,free_conditioning_device,42224,1043.0057060988563
degree-4-n12-d4-s1002.pbqp,synthetic,heuristic,none,45872,823.0228218745515
degree-4-n12-d4-s1002.pbqp,synthetic,heuristic,free_descriptor_frontend,33280,597.1006171953495
degree-4-n12-d4-s1002.pbqp,synthetic,heuristic,zero_memory_wait,36304,651.3563944308885
degree-4-n12-d4-s1002.pbqp,synthetic,heuristic,free_operand_service,35792,642.1702310894216
degree-4-n12-d4-s1002.pbqp,synthetic,heuristic,free_arithmetic,43184,774.7954643318501
degree-4-n12-d4-s1002.pbqp,synthetic,heuristic,free_tree_merge,39536,709.3440505238984
degree-4-n12-d4-s1002.pbqp,synthetic,heuristic,free_conditioning_device,42224,757.5714080665997
degree-4-n20-d2-s1001.pbqp,synthetic,none,none,8760,1183.943776185971
degree-4-n20-d2-s1001.pbqp,synthetic,none,free_descriptor_frontend,5248,709.2850385187187
degree-4-n20-d2-s1001.pbqp,synthetic,none,zero_memory_wait,6792,917.9618867414515
degree-4-n20-d2-s1001.pbqp,synthetic,none,free_operand_service,7056,953.6423841059602
degree-4-n20-d2-s1001.pbqp,synthetic,none,free_arithmetic,8348,1128.2605757534802
degree-4-n20-d2-s1001.pbqp,synthetic,none,free_tree_merge,7968,1076.902284092445
degree-4-n20-d2-s1001.pbqp,synthetic,none,free_conditioning_device,7780,1051.4934450601434
degree-4-n20-d2-s1001.pbqp,synthetic,heuristic,none,8760,1136.7765377627823
degree-4-n20-d2-s1001.pbqp,synthetic,heuristic,free_descriptor_frontend,5248,681.0277705683883
degree-4-n20-d2-s1001.pbqp,synthetic,heuristic,zero_memory_wait,6792,881.3911237996366
degree-4-n20-d2-s1001.pbqp,synthetic,heuristic,free_operand_service,7056,915.6501427459123
degree-4-n20-d2-s1001.pbqp,synthetic,heuristic,free_arithmetic,8348,1083.3117051648067
degree-4-n20-d2-s1001.pbqp,synthetic,heuristic,free_tree_merge,7968,1033.9994809239554
degree-4-n20-d2-s1001.pbqp,synthetic,heuristic,free_conditioning_device,7780,1009.60290682585
degree-4-n20-d2-s1002.pbqp,synthetic,none,none,8760,1165.9789697857047
degree-4-n20-d2-s1002.pbqp,synthetic,none,free_descriptor_frontend,5248,698.5225608944496
degree-4-n20-d2-s1002.pbqp,synthetic,none,zero_memory_wait,6792,904.0330094502862
degree-4-n20-d2-s1002.pbqp,synthetic,none,free_operand_service,7056,939.1721016904033
degree-4-n20-d2-s1002.pbqp,synthetic,none,free_arithmetic,8348,1111.1406894715826
degree-4-n20-d2-s1002.pbqp,synthetic,none,free_tree_merge,7968,1060.5616930653534
degree-4-n20-d2-s1002.pbqp,synthetic,none,free_conditioning_device,7780,1035.5384001064822
degree-4-n20-d2-s1002.pbqp,synthetic,heuristic,none,8760,1089.687772110959
degree-4-n20-d2-s1002.pbqp,synthetic,heuristic,free_descriptor_frontend,5248,652.8175146162458
degree-4-n20-d2-s1002.pbqp,synthetic,heuristic,zero_memory_wait,6792,844.8812041298669
degree-4-n20-d2-s1002.pbqp,synthetic,heuristic,free_operand_service,7056,877.7211095907451
degree-4-n20-d2-s1002.pbqp,synthetic,heuristic,free_arithmetic,8348,1038.4376166189825
degree-4-n20-d2-s1002.pbqp,synthetic,heuristic,free_tree_merge,7968,991.1680557283245
degree-4-n20-d2-s1002.pbqp,synthetic,heuristic,free_conditioning_device,7780,967.7820624455778
degree-4-n20-d4-s1001.pbqp,synthetic,none,none,85936,1058.5467400810514
degree-4-n20-d4-s1001.pbqp,synthetic,none,free_descriptor_frontend,63232,778.8822783094982
degree-4-n20-d4-s1001.pbqp,synthetic,none,zero_memory_wait,68176,839.7817277016125
degree-4-n20-d4-s1001.pbqp,synthetic,none,free_operand_service,66640,820.861510414742
degree-4-n20-d4-s1001.pbqp,synthetic,none,free_arithmetic,80688,993.9026643509109
degree-4-n20-d4-s1001.pbqp,synthetic,none,free_tree_merge,73456,904.8199746252294
degree-4-n20-d4-s1001.pbqp,synthetic,none,free_conditioning_device,82288,1013.6112240247343
degree-4-n20-d4-s1001.pbqp,synthetic,heuristic,none,85936,1085.4479544277576
degree-4-n20-d4-s1001.pbqp,synthetic,heuristic,free_descriptor_frontend,63232,798.6762829824052
degree-4-n20-d4-s1001.pbqp,synthetic,heuristic,zero_memory_wait,68176,861.1233911406955
degree-4-n20-d4-s1001.pbqp,synthetic,heuristic,free_operand_service,66640,841.722347829382
degree-4-n20-d4-s1001.pbqp,synthetic,heuristic,free_arithmetic,80688,1019.1610564474365
degree-4-n20-d4-s1001.pbqp,synthetic,heuristic,free_tree_merge,73456,927.8144775233355
degree-4-n20-d4-s1001.pbqp,synthetic,heuristic,free_conditioning_device,82288,1039.3704765633881
degree-4-n20-d4-s1002.pbqp,synthetic,none,none,85936,1083.7368845843423
degree-4-n20-d4-s1002.pbqp,synthetic,none,free_descriptor_frontend,63232,797.4172719935432
degree-4-n20-d4-s1002.pbqp,synthetic,none,zero_memory_wait,68176,859.7659402744149
degree-4-n20-d4-s1002.pbqp,synthetic,none,free_operand_service,66640,840.3954802259886
degree-4-n20-d4-s1002.pbqp,synthetic,none,free_arithmetic,80688,1017.5544794188862
degree-4-n20-d4-s1002.pbqp,synthetic,none,free_tree_merge,73456,926.3518966908797
degree-4-n20-d4-s1002.pbqp,synthetic,none,free_conditioning_device,82288,1037.73204196933
degree-4-n20-d4-s1002.pbqp,synthetic,heuristic,none,85936,1082.617349895437
degree-4-n20-d4-s1002.pbqp,synthetic,heuristic,free_descriptor_frontend,63232,796.593514575827
degree-4-n20-d4-s1002.pbqp,synthetic,heuristic,zero_memory_wait,68176,858.8777746982792
degree-4-n20-d4-s1002.pbqp,synthetic,heuristic,free_operand_service,66640,839.5273249514979
degree-4-n20-d4-s1002.pbqp,synthetic,heuristic,free_arithmetic,80688,1016.5033132606012
degree-4-n20-d4-s1002.pbqp,synthetic,heuristic,free_tree_merge,73456,925.3949457028395
degree-4-n20-d4-s1002.pbqp,synthetic,heuristic,free_conditioning_device,82288,1036.6600317468317
mixed-degree-n12-d2-s1001.pbqp,synthetic,none,none,26549,1925.235678027556
mixed-degree-n12-d2-s1001.pbqp,synthetic,none,free_descriptor_frontend,14024,1016.9688179840464
mixed-degree-n12-d2-s1001.pbqp,synthetic,none,zero_memory_wait,20287,1471.1385061638869
mixed-degree-n12-d2-s1001.pbqp,synthetic,none,free_operand_service,22613,1639.811457577955
mixed-degree-n12-d2-s1001.pbqp,synthetic,none,free_arithmetic,25783,1869.688179840464
mixed-degree-n12-d2-s1001.pbqp,synthetic,none,free_tree_merge,25589,1855.6200145032633
mixed-degree-n12-d2-s1001.pbqp,synthetic,none,free_conditioning_device,10085,731.3270485859318
mixed-degree-n12-d2-s1001.pbqp,synthetic,heuristic,none,17873,2269.5873015873017
mixed-degree-n12-d2-s1001.pbqp,synthetic,heuristic,free_descriptor_frontend,9320,1183.4920634920634
mixed-degree-n12-d2-s1001.pbqp,synthetic,heuristic,zero_memory_wait,13627,1730.4126984126983
mixed-degree-n12-d2-s1001.pbqp,synthetic,heuristic,free_operand_service,15305,1943.4920634920634
mixed-degree-n12-d2-s1001.pbqp,synthetic,heuristic,free_arithmetic,17383,2207.3650793650795
mixed-degree-n12-d2-s1001.pbqp,synthetic,heuristic,free_tree_merge,17345,2202.5396825396824
mixed-degree-n12-d2-s1001.pbqp,synthetic,heuristic,free_conditioning_device,5525,701.5873015873016
mixed-degree-n12-d2-s1002.pbqp,synthetic,none,none,2578,1152.9516994633273
mixed-degree-n12-d2-s1002.pbqp,synthetic,none,free_descriptor_frontend,1456,651.1627906976744
mixed-degree-n12-d2-s1002.pbqp,synthetic,none,zero_memory_wait,1986,888.1932021466905
mixed-degree-n12-d2-s1002.pbqp,synthetic,none,free_operand_service,2134,954.3828264758497
mixed-degree-n12-d2-s1002.pbqp,synthetic,none,free_arithmetic,2480,1109.12343470483
mixed-degree-n12-d2-s1002.pbqp,synthetic,none,free_tree_merge,2410,1077.8175313059035
mixed-degree-n12-d2-s1002.pbqp,synthetic,none,free_conditioning_device,1696,758.4973166368516
mixed-degree-n12-d2-s1002.pbqp,synthetic,heuristic,none,2578,1340.6136245449818
mixed-degree-n12-d2-s1002.pbqp,synthetic,heuristic,free_descriptor_frontend,1456,757.1502860114405
mixed-degree-n12-d2-s1002.pbqp,synthetic,heuristic,zero_memory_wait,1986,1032.761310452418
mixed-degree-n12-d2-s1002.pbqp,synthetic,heuristic,free_operand_service,2134,1109.7243889755591
mixed-degree-n12-d2-s1002.pbqp,synthetic,heuristic,free_arithmetic,2480,1289.6515860634424
mixed-degree-n12-d2-s1002.pbqp,synthetic,heuristic,free_tree_merge,2410,1253.2501300052002
mixed-degree-n12-d2-s1002.pbqp,synthetic,heuristic,free_conditioning_device,1696,881.9552782111284
mixed-degree-n12-d4-s1002.pbqp,synthetic,none,none,13718,1232.9678231170233
mixed-degree-n12-d4-s1002.pbqp,synthetic,none,free_descriptor_frontend,9284,834.4418479237821
mixed-degree-n12-d4-s1002.pbqp,synthetic,none,zero_memory_wait,10734,964.7672119360058
mixed-degree-n12-d4-s1002.pbqp,synthetic,none,free_operand_service,11006,989.2144526334712
mixed-degree-n12-d4-s1002.pbqp,synthetic,none,free_arithmetic,13074,1175.0853855833184
mixed-degree-n12-d4-s1002.pbqp,synthetic,none,free_tree_merge,12278,1103.541254718677
mixed-degree-n12-d4-s1002.pbqp,synthetic,none,free_conditioning_device,10298,925.579723170951
mixed-degree-n12-d4-s1002.pbqp,synthetic,heuristic,none,13718,1279.4254803208357
mixed-degree-n12-d4-s1002.pbqp,synthetic,heuristic,free_descriptor_frontend,9284,865.8832307405335
mixed-degree-n12-d4-s1002.pbqp,synthetic,heuristic,zero_memory_wait,10734,1001.1191941801902
mixed-degree-n12-d4-s1002.pbqp,synthetic,heuristic,free_operand_service,11006,1026.4875955978362
mixed-degree-n12-d4-s1002.pbqp,synthetic,heuristic,free_arithmetic,13074,1219.3620593172916
mixed-degree-n12-d4-s1002.pbqp,synthetic,heuristic,free_tree_merge,12278,1145.122178698004
mixed-degree-n12-d4-s1002.pbqp,synthetic,heuristic,free_conditioning_device,10298,960.4551389666107
stress-k4-d2-matching-s7402.pbqp,stress,none,none,674,1205.7245080500895
stress-k4-d2-matching-s7402.pbqp,stress,none,free_descriptor_frontend,368,658.3184257602862
stress-k4-d2-matching-s7402.pbqp,stress,none,zero_memory_wait,518,926.654740608229
stress-k4-d2-matching-s7402.pbqp,stress,none,free_operand_service,566,1012.5223613595707
stress-k4-d2-matching-s7402.pbqp,stress,none,free_arithmetic,652,1166.3685152057244
stress-k4-d2-matching-s7402.pbqp,stress,none,free_tree_merge,638,1141.3237924865832
stress-k4-d2-matching-s7402.pbqp,stress,none,free_conditioning_device,380,679.7853309481217
stress-k4-d2-matching-s7402.pbqp,stress,heuristic,none,674,1083.6012861736335
stress-k4-d2-matching-s7402.pbqp,stress,heuristic,free_descriptor_frontend,368,591.6398713826367
stress-k4-d2-matching-s7402.pbqp,stress,heuristic,zero_memory_wait,518,832.7974276527331
stress-k4-d2-matching-s7402.pbqp,stress,heuristic,free_operand_service,566,909.967845659164
stress-k4-d2-matching-s7402.pbqp,stress,heuristic,free_arithmetic,652,1048.2315112540193
stress-k4-d2-matching-s7402.pbqp,stress,heuristic,free_tree_merge,638,1025.7234726688102
stress-k4-d2-matching-s7402.pbqp,stress,heuristic,free_conditioning_device,380,610.9324758842444
stress-k4-d2-random-s7402.pbqp,stress,none,none,674,1115.8940397350993
stress-k4-d2-random-s7402.pbqp,stress,none,free_descriptor_frontend,368,609.2715231788079
stress-k4-d2-random-s7402.pbqp,stress,none,zero_memory_wait,518,857.615894039735
stress-k4-d2-random-s7402.pbqp,stress,none,free_operand_service,566,937.0860927152318
stress-k4-d2-random-s7402.pbqp,stress,none,free_arithmetic,652,1079.4701986754967
stress-k4-d2-random-s7402.pbqp,stress,none,free_tree_merge,638,1056.291390728477
stress-k4-d2-random-s7402.pbqp,stress,none,free_conditioning_device,380,629.1390728476821
stress-k4-d2-random-s7402.pbqp,stress,heuristic,none,674,1313.8401559454192
stress-k4-d2-random-s7402.pbqp,stress,heuristic,free_descriptor_frontend,368,717.3489278752437
stress-k4-d2-random-s7402.pbqp,stress,heuristic,zero_memory_wait,518,1009.7465886939572
stress-k4-d2-random-s7402.pbqp,stress,heuristic,free_operand_service,566,1103.3138401559454
stress-k4-d2-random-s7402.pbqp,stress,heuristic,free_arithmetic,652,1270.9551656920078
stress-k4-d2-random-s7402.pbqp,stress,heuristic,free_tree_merge,638,1243.664717348928
stress-k4-d2-random-s7402.pbqp,stress,heuristic,free_conditioning_device,380,740.7407407407408
stress-k4-d3-matching-s7403.pbqp,stress,none,none,1452,1208.992506244796
stress-k4-d3-matching-s7403.pbqp,stress,none,free_descriptor_frontend,909,756.8692756036636
stress-k4-d3-matching-s7403.pbqp,stress,none,zero_memory_wait,1119,931.7235636969192
stress-k4-d3-matching-s7403.pbqp,stress,none,free_operand_service,1146,954.2048293089092
stress-k4-d3-matching-s7403.pbqp,stress,none,free_arithmetic,1398,1164.029975020816
stress-k4-d3-matching-s7403.pbqp,stress,none,free_tree_merge,1344,1119.067443796836
stress-k4-d3-matching-s7403.pbqp,stress,none,free_conditioning_device,975,811.8234804329725
stress-k4-d3-matching-s7403.pbqp,stress,heuristic,none,1452,1223.2518955349622
stress-k4-d3-matching-s7403.pbqp,stress,heuristic,free_descriptor_frontend,909,765.7961246840775
stress-k4-d3-matching-s7403.pbqp,stress,heuristic,zero_memory_wait,1119,942.7127211457456
stress-k4-d3-matching-s7403.pbqp,stress,heuristic,free_operand_service,1146,965.4591406908172
stress-k4-d3-matching-s7403.pbqp,stress,heuristic,free_arithmetic,1398,1177.759056444819
stress-k4-d3-matching-s7403.pbqp,stress,heuristic,free_tree_merge,1344,1132.2662173546757
stress-k4-d3-matching-s7403.pbqp,stress,heuristic,free_conditioning_device,975,821.3984835720303
stress-k4-d3-random-s7403.pbqp,stress,none,none,1452,1439.0485629335976
stress-k4-d3-random-s7403.pbqp,stress,none,free_descriptor_frontend,909,900.8919722497523
stress-k4-d3-random-s7403.pbqp,stress,none,zero_memory_wait,1119,1109.0188305252725
stress-k4-d3-random-s7403.pbqp,stress,none,free_operand_service,1146,1135.7779980178395
stress-k4-d3-random-s7403.pbqp,stress,none,free_arithmetic,1398,1385.5302279484638
stress-k4-d3-random-s7403.pbqp,stress,none,free_tree_merge,1344,1332.01189296333
stress-k4-d3-random-s7403.pbqp,stress,none,free_conditioning_device,975,966.3032705649158
stress-k4-d3-random-s7403.pbqp,stress,heuristic,none,1452,1327.2394881170019
stress-k4-d3-random-s7403.pbqp,stress,heuristic,free_descriptor_frontend,909,830.8957952468007
stress-k4-d3-random-s7403.pbqp,stress,heuristic,zero_memory_wait,1119,1022.8519195612431
stress-k4-d3-random-s7403.pbqp,stress,heuristic,free_operand_service,1146,1047.5319926873858
stress-k4-d3-random-s7403.pbqp,stress,heuristic,free_arithmetic,1398,1277.8793418647167
stress-k4-d3-random-s7403.pbqp,stress,heuristic,free_tree_merge,1344,1228.5191956124315
stress-k4-d3-random-s7403.pbqp,stress,heuristic,free_conditioning_device,975,891.2248628884827
stress-k4-d4-matching-s7404.pbqp,stress,none,none,2476,1384.7874720357943
stress-k4-d4-matching-s7404.pbqp,stress,none,free_descriptor_frontend,1640,917.2259507829978
stress-k4-d4-matching-s7404.pbqp,stress,none,zero_memory_wait,1932,1080.5369127516778
stress-k4-d4-matching-s7404.pbqp,stress,none,free_operand_service,1996,1116.331096196868
stress-k4-d4-matching-s7404.pbqp,stress,none,free_arithmetic,2368,1324.384787472036
stress-k4-d4-matching-s7404.pbqp,stress,none,free_tree_merge,2236,1250.5592841163311
stress-k4-d4-matching-s7404.pbqp,stress,none,free_conditioning_device,1792,1002.2371364653244
stress-k4-d4-matching-s7404.pbqp,stress,heuristic,none,0,
stress-k4-d4-matching-s7404.pbqp,stress,heuristic,free_descriptor_frontend,0,
stress-k4-d4-matching-s7404.pbqp,stress,heuristic,zero_memory_wait,0,
stress-k4-d4-matching-s7404.pbqp,stress,heuristic,free_operand_service,0,
stress-k4-d4-matching-s7404.pbqp,stress,heuristic,free_arithmetic,0,
stress-k4-d4-matching-s7404.pbqp,stress,heuristic,free_tree_merge,0,
stress-k4-d4-matching-s7404.pbqp,stress,heuristic,free_conditioning_device,0,
stress-k4-d4-random-s7404.pbqp,stress,none,none,2476,1160.8063759962495
stress-k4-d4-random-s7404.pbqp,stress,none,free_descriptor_frontend,1640,768.8701359587435
stress-k4-d4-random-s7404.pbqp,stress,none,zero_memory_wait,1932,905.7665260196906
stress-k4-d4-random-s7404.pbqp,stress,none,free_operand_service,1996,935.7712142522269
stress-k4-d4-random-s7404.pbqp,stress,none,free_arithmetic,2368,1110.1734646038444
stress-k4-d4-random-s7404.pbqp,stress,none,free_tree_merge,2236,1048.288795124238
stress-k4-d4-random-s7404.pbqp,stress,none,free_conditioning_device,1792,840.1312705110173
stress-k4-d4-random-s7404.pbqp,stress,heuristic,none,2476,1291.6014606155452
stress-k4-d4-random-s7404.pbqp,stress,heuristic,free_descriptor_frontend,1640,855.5033907146583
stress-k4-d4-random-s7404.pbqp,stress,heuristic,zero_memory_wait,1932,1007.8247261345853
stress-k4-d4-random-s7404.pbqp,stress,heuristic,free_operand_service,1996,1041.210224308816
stress-k4-d4-random-s7404.pbqp,stress,heuristic,free_arithmetic,2368,1235.263432446531
stress-k4-d4-random-s7404.pbqp,stress,heuristic,free_tree_merge,2236,1166.4058424621805
stress-k4-d4-random-s7404.pbqp,stress,heuristic,free_conditioning_device,1792,934.7939488784559
stress-k6-d2-matching-s7602.pbqp,stress,none,none,3970,1451.5539305301645
stress-k6-d2-matching-s7602.pbqp,stress,none,free_descriptor_frontend,2096,766.3619744058501
stress-k6-d2-matching-s7602.pbqp,stress,none,zero_memory_wait,3034,1109.3235831809873
stress-k6-d2-matching-s7602.pbqp,stress,none,free_operand_service,3382,1236.563071297989
stress-k6-d2-matching-s7602.pbqp,stress,none,free_arithmetic,3856,1409.872029250457
stress-k6-d2-matching-s7602.pbqp,stress,none,free_tree_merge,3826,1398.9031078610603
stress-k6-d2-matching-s7602.pbqp,stress,none,free_conditioning_device,1520,555.7586837294333
stress-k6-d2-matching-s7602.pbqp,stress,heuristic,none,3970,1663.175534143276
stress-k6-d2-matching-s7602.pbqp,stress,heuristic,free_descriptor_frontend,2096,878.0896522832006
stress-k6-d2-matching-s7602.pbqp,stress,heuristic,zero_memory_wait,3034,1271.0515291160452
stress-k6-d2-matching-s7602.pbqp,stress,heuristic,free_operand_service,3382,1416.8412232928363
stress-k6-d2-matching-s7602.pbqp,stress,heuristic,free_arithmetic,3856,1615.4168412232927
stress-k6-d2-matching-s7602.pbqp,stress,heuristic,free_tree_merge,3826,1602.8487641390868
stress-k6-d2-matching-s7602.pbqp,stress,heuristic,free_conditioning_device,1520,636.7825722664433
stress-k6-d2-random-s7602.pbqp,stress,none,none,3970,1916.023166023166
stress-k6-d2-random-s7602.pbqp,stress,none,free_descriptor_frontend,2096,1011.5830115830116
stress-k6-d2-random-s7602.pbqp,stress,none,zero_memory_wait,3034,1464.2857142857142
stress-k6-d2-random-s7602.pbqp,stress,none,free_operand_service,3382,1632.2393822393822
stress-k6-d2-random-s7602.pbqp,stress,none,free_arithmetic,3856,1861.003861003861
stress-k6-d2-random-s7602.pbqp,stress,none,free_tree_merge,3826,1846.5250965250966
stress-k6-d2-random-s7602.pbqp,stress,none,free_conditioning_device,1520,733.5907335907336
stress-k6-d2-random-s7602.pbqp,stress,heuristic,none,3970,2044.2842430484036
stress-k6-d2-random-s7602.pbqp,stress,heuristic,free_descriptor_frontend,2096,1079.2996910401648
stress-k6-d2-random-s7602.pbqp,stress,heuristic,zero_memory_wait,3034,1562.3069001029867
stress-k6-d2-random-s7602.pbqp,stress,heuristic,free_operand_service,3382,1741.503604531411
stress-k6-d2-random-s7602.pbqp,stress,heuristic,free_arithmetic,3856,1985.5818743563336
stress-k6-d2-random-s7602.pbqp,stress,heuristic,free_tree_merge,3826,1970.1338825952625
stress-k6-d2-random-s7602.pbqp,stress,heuristic,free_conditioning_device,1520,782.6982492276004
stress-k6-d3-matching-s7603.pbqp,stress,none,none,15771,1547.238300794663
stress-k6-d3-matching-s7603.pbqp,stress,none,free_descriptor_frontend,9609,942.7057784754243
stress-k6-d3-matching-s7603.pbqp,stress,none,zero_memory_wait,12111,1188.1683508290002
stress-k6-d3-matching-s7603.pbqp,stress,none,free_operand_service,12711,1247.0322770528794
stress-k6-d3-matching-s7603.pbqp,stress,none,free_arithmetic,15234,1494.5550868242913
stress-k6-d3-matching-s7603.pbqp,stress,none,free_tree_merge,14799,1451.8787403119788
stress-k6-d3-matching-s7603.pbqp,stress,none,free_conditioning_device,8775,860.8849210242323
stress-k6-d3-matching-s7603.pbqp,stress,heuristic,none,15771,1626.5470297029703
stress-k6-d3-matching-s7603.pbqp,stress,heuristic,free_descriptor_frontend,9609,991.0272277227723
stress-k6-d3-matching-s7603.pbqp,stress,heuristic,zero_memory_wait,12111,1249.0717821782177
stress-k6-d3-matching-s7603.pbqp,stress,heuristic,free_operand_service,12711,1310.9529702970297
stress-k6-d3-matching-s7603.pbqp,stress,heuristic,free_arithmetic,15234,1571.1633663366338
stress-k6-d3-matching-s7603.pbqp,stress,heuristic,free_tree_merge,14799,1526.299504950495
stress-k6-d3-matching-s7603.pbqp,stress,heuristic,free_conditioning_device,8775,905.0123762376238
stress-k6-d3-random-s7603.pbqp,stress,none,none,15771,1512.2255249784255
stress-k6-d3-random-s7603.pbqp,stress,none,free_descriptor_frontend,9609,921.3730942564005
stress-k6-d3-random-s7603.pbqp,stress,none,zero_memory_wait,12111,1161.2810432447982
stress-k6-d3-random-s7603.pbqp,stress,none,free_operand_service,12711,1218.8129254962125
stress-k6-d3-random-s7603.pbqp,stress,none,free_arithmetic,15234,1460.7344903634098
stress-k6-d3-random-s7603.pbqp,stress,none,free_tree_merge,14799,1419.0238757311342
stress-k6-d3-random-s7603.pbqp,stress,none,free_conditioning_device,8775,841.4037779269345
stress-k6-d3-random-s7603.pbqp,stress,heuristic,none,15771,1804.6687263989015
stress-k6-d3-random-s7603.pbqp,stress,heuristic,free_descriptor_frontend,9609,1099.5537246824579
stress-k6-d3-random-s7603.pbqp,stress,heuristic,zero_memory_wait,12111,1385.856505320975
stress-k6-d3-random-s7603.pbqp,stress,heuristic,free_operand_service,12711,1454.5142464812907
stress-k6-d3-random-s7603.pbqp,stress,heuristic,free_arithmetic,15234,1743.2200480604188
stress-k6-d3-random-s7603.pbqp,stress,heuristic,free_tree_merge,14799,1693.4431857191898
stress-k6-d3-random-s7603.pbqp,stress,heuristic,free_conditioning_device,8775,1004.119464469619
stress-k6-d4-matching-s7604.pbqp,stress,none,none,44404,1539.2401552967276
stress-k6-d4-matching-s7604.pbqp,stress,none,free_descriptor_frontend,28928,1002.7731558513589
stress-k6-d4-matching-s7604.pbqp,stress,none,zero_memory_wait,34524,1196.7554076539102
stress-k6-d4-matching-s7604.pbqp,stress,none,free_operand_service,36220,1255.5463117027177
stress-k6-d4-matching-s7604.pbqp,stress,none,free_arithmetic,42592,1476.4281752634497
stress-k6-d4-matching-s7604.pbqp,stress,none,free_tree_merge,40564,1406.128674431503
stress-k6-d4-matching-s7604.pbqp,stress,none,free_conditioning_device,28672,993.8990571270106
stress-k6-d4-matching-s7604.pbqp,stress,heuristic,none,44404,1368.5508229057511
stress-k6-d4-matching-s7604.pbqp,stress,heuristic,free_descriptor_frontend,28928,891.5736916723171
stress-k6-d4-matching-s7604.pbqp,stress,heuristic,zero_memory_wait,34524,1064.0448745608087
stress-k6-d4-matching-s7604.pbqp,stress,heuristic,free_operand_service,36220,1116.3163409973495
stress-k6-d4-matching-s7604.pbqp,stress,heuristic,free_arithmetic,42592,1312.7041854157678
stress-k6-d4-matching-s7604.pbqp,stress,heuristic,free_tree_merge,40564,1250.2003328607532
stress-k6-d4-matching-s7604.pbqp,stress,heuristic,free_conditioning_device,28672,883.6836590026505
stress-k6-d4-random-s7604.pbqp,stress,none,none,39452,1503.849965693375
stress-k6-d4-random-s7604.pbqp,stress,none,free_descriptor_frontend,25648,977.6625752839826
stress-k6-d4-random-s7604.pbqp,stress,none,zero_memory_wait,30660,1168.712358008691
stress-k6-d4-random-s7604.pbqp,stress,none,free_operand_service,32228,1228.4821224365328
stress-k6-d4-random-s7604.pbqp,stress,none,free_arithmetic,37856,1443.0128840436075
stress-k6-d4-random-s7604.pbqp,stress,none,free_tree_merge,36092,1375.7718990622857
stress-k6-d4-random-s7604.pbqp,stress,none,free_conditioning_device,25088,956.3162308454677
stress-k6-d4-random-s7604.pbqp,stress,heuristic,none,39452,1456.3845103178412
stress-k6-d4-random-s7604.pbqp,stress,heuristic,free_descriptor_frontend,25648,946.8049761895973
stress-k6-d4-random-s7604.pbqp,stress,heuristic,zero_memory_wait,30660,1131.8247259035033
stress-k6-d4-random-s7604.pbqp,stress,heuristic,free_operand_service,32228,1189.7079995570157
stress-k6-d4-random-s7604.pbqp,stress,heuristic,free_arithmetic,37856,1397.4676067776588
stress-k6-d4-random-s7604.pbqp,stress,heuristic,free_tree_merge,36092,1332.3489239174573
stress-k6-d4-random-s7604.pbqp,stress,heuristic,free_conditioning_device,25088,926.1323784562
stress-k8-d2-matching-s7802.pbqp,stress,none,none,17742,2216.918655504186
stress-k8-d2-matching-s7802.pbqp,stress,none,free_descriptor_frontend,9296,1161.5644133449957
stress-k8-d2-matching-s7802.pbqp,stress,none,zero_memory_wait,13542,1692.115456703736
stress-k8-d2-matching-s7802.pbqp,stress,none,free_operand_service,15162,1894.539547669624
stress-k8-d2-matching-s7802.pbqp,stress,none,free_arithmetic,17248,2155.1918030738475
stress-k8-d2-matching-s7802.pbqp,stress,none,free_tree_merge,17166,2144.945645382981
stress-k8-d2-matching-s7802.pbqp,stress,none,free_conditioning_device,6080,759.7151068349369
stress-k8-d2-matching-s7802.pbqp,stress,heuristic,none,17742,2195.2487008166295
stress-k8-d2-matching-s7802.pbqp,stress,heuristic,free_descriptor_frontend,9296,1150.2103439742639
stress-k8-d2-matching-s7802.pbqp,stress,heuristic,zero_memory_wait,13542,1675.5753526354863
stress-k8-d2-matching-s7802.pbqp,stress,heuristic,free_operand_service,15162,1876.0207869339272
stress-k8-d2-matching-s7802.pbqp,stress,heuristic,free_arithmetic,17248,2134.125216530562
stress-k8-d2-matching-s7802.pbqp,stress,heuristic,free_tree_merge,17166,2123.9792130660726
stress-k8-d2-matching-s7802.pbqp,stress,heuristic,free_conditioning_device,6080,752.2890373669884
stress-k8-d2-random-s7802.pbqp,stress,none,none,11676,2580.3314917127072
stress-k8-d2-random-s7802.pbqp,stress,none,free_descriptor_frontend,5984,1322.4309392265193
stress-k8-d2-random-s7802.pbqp,stress,none,zero_memory_wait,8880,1962.4309392265193
stress-k8-d2-random-s7802.pbqp,stress,none,free_operand_service,10068,2224.972375690608
stress-k8-d2-random-s7802.pbqp,stress,none,free_arithmetic,11380,2514.9171270718234
stress-k8-d2-random-s7802.pbqp,stress,none,free_tree_merge,11424,2524.6408839779006
stress-k8-d2-random-s7802.pbqp,stress,none,free_conditioning_device,2660,587.8453038674033
stress-k8-d2-random-s7802.pbqp,stress,heuristic,none,11676,2724.2183854409705
stress-k8-d2-random-s7802.pbqp,stress,heuristic,free_descriptor_frontend,5984,1396.173588427438
stress-k8-d2-random-s7802.pbqp,stress,heuristic,zero_memory_wait,8880,2071.8618758749417
stress-k8-d2-random-s7802.pbqp,stress,heuristic,free_operand_service,10068,2349.0433971068596
stress-k8-d2-random-s7802.pbqp,stress,heuristic,free_arithmetic,11380,2655.156322911806
stress-k8-d2-random-s7802.pbqp,stress,heuristic,free_tree_merge,11424,2665.422305179655
stress-k8-d2-random-s7802.pbqp,stress,heuristic,free_conditioning_device,2660,620.6252916472235
stress-k8-d3-matching-s7803.pbqp,stress,none,none,145914,2043.8138192820024
stress-k8-d3-matching-s7803.pbqp,stress,none,free_descriptor_frontend,88581,1240.7518944434328
stress-k8-d3-matching-s7803.pbqp,stress,none,zero_memory_wait,111999,1568.7672460885522
stress-k8-d3-matching-s7803.pbqp,stress,none,free_operand_service,117924,1651.7585757707338
stress-k8-d3-matching-s7803.pbqp,stress,none,free_arithmetic,141006,1975.067583656661
stress-k8-d3-matching-s7803.pbqp,stress,none,free_tree_merge,137166,1921.280797837323
stress-k8-d3-matching-s7803.pbqp,stress,none,free_conditioning_device,78975,1106.200888042245
stress-k8-d3-matching-s7803.pbqp,stress,heuristic,none,145914,2034.7789708548319
stress-k8-d3-matching-s7803.pbqp,stress,heuristic,free_descriptor_frontend,88581,1235.2670478315438
stress-k8-d3-matching-s7803.pbqp,stress,heuristic,zero_memory_wait,111999,1561.8323804211407
stress-k8-d3-matching-s7803.pbqp,stress,heuristic,free_operand_service,117924,1644.4568400502021
stress-k8-d3-matching-s7803.pbqp,stress,heuristic,free_arithmetic,141006,1966.3366336633662
stress-k8-d3-matching-s7803.pbqp,stress,heuristic,free_tree_merge,137166,1912.787616789848
stress-k8-d3-matching-s7803.pbqp,stress,heuristic,free_conditioning_device,78975,1101.310835308883
stress-k8-d3-random-s7803.pbqp,stress,none,none,86382,2036.9750277076898
stress-k8-d3-random-s7803.pbqp,stress,none,free_descriptor_frontend,51312,1209.9889169240928
stress-k8-d3-random-s7803.pbqp,stress,none,zero_memory_wait,66120,1559.1765510411017
stress-k8-d3-random-s7803.pbqp,stress,none,free_operand_service,70938,1672.7898695970005
stress-k8-d3-random-s7803.pbqp,stress,none,free_arithmetic,83688,1973.4477798476667
stress-k8-d3-random-s7803.pbqp,stress,none,free_tree_merge,82062,1935.1050534109934
stress-k8-d3-random-s7803.pbqp,stress,none,free_conditioning_device,39000,919.6594901785082
stress-k8-d3-random-s7803.pbqp,stress,heuristic,none,83478,2064.6006974501024
stress-k8-d3-random-s7803.pbqp,stress,heuristic,free_descriptor_frontend,49494,1224.099126950758
stress-k8-d3-random-s7803.pbqp,stress,heuristic,zero_memory_wait,63882,1579.9470729354734
stress-k8-d3-random-s7803.pbqp,stress,heuristic,free_operand_service,68646,1697.7716221897954
stress-k8-d3-random-s7803.pbqp,stress,heuristic,free_arithmetic,80892,2000.6430391017238
stress-k8-d3-random-s7803.pbqp,stress,heuristic,free_tree_merge,79374,1963.099448470309
stress-k8-d3-random-s7803.pbqp,stress,heuristic,free_conditioning_device,37050,916.3307199564712
