id,class,seed,phase,diagnostic_ns
001-instcombine-foldaddtoashr-n87-d16.pbqp,llvm,heuristic,other,2908.0
001-instcombine-foldaddtoashr-n87-d16.pbqp,llvm,heuristic,topology,102297.0
001-instcombine-foldaddtoashr-n87-d16.pbqp,llvm,heuristic,selection,92575.0
001-instcombine-foldaddtoashr-n87-d16.pbqp,llvm,heuristic,reduction,19256.0
001-instcombine-foldaddtoashr-n87-d16.pbqp,llvm,heuristic,reconstruction,431.0
001-instcombine-foldaddtoashr-n87-d16.pbqp,llvm,heuristic,kernel,110204.0
001-instcombine-foldaddtoashr-n87-d16.pbqp,llvm,heuristic,metadata,6700.0
001-instcombine-foldaddtoashr-n87-d16.pbqp,llvm,heuristic,search,177.0
001-instcombine-foldaddtoashr-n87-d16.pbqp,llvm,heuristic,clone,0.0
001-instcombine-foldaddtoashr-n87-d16.pbqp,llvm,heuristic,allocation,13576.0
001-instcombine-foldaddtoashr-n87-d16.pbqp,llvm,heuristic,conditioning,13521.0
001-instcombine-foldaddtoashr-n87-d16.pbqp,llvm,heuristic,r0,160.0
001-instcombine-foldaddtoashr-n87-d16.pbqp,llvm,heuristic,r1,5264.0
001-instcombine-foldaddtoashr-n87-d16.pbqp,llvm,heuristic,r2,29927.0
001-instcombine-foldaddtoashr-n87-d16.pbqp,llvm,heuristic,lower_bound,10138.0
001-instcombine-foldaddtoashr-n87-d16.pbqp,llvm,heuristic,incumbent,104.0
001-instcombine-foldaddtoashr-n87-d16.pbqp,llvm,heuristic,seed,20182.0
003-instcombine-foldnowrapadd-n114-d16-r1.pbqp,llvm,heuristic,other,2071.0
003-instcombine-foldnowrapadd-n114-d16-r1.pbqp,llvm,heuristic,topology,261383.0
003-instcombine-foldnowrapadd-n114-d16-r1.pbqp,llvm,heuristic,selection,292285.0
003-instcombine-foldnowrapadd-n114-d16-r1.pbqp,llvm,heuristic,reduction,95142.0
003-instcombine-foldnowrapadd-n114-d16-r1.pbqp,llvm,heuristic,reconstruction,339.0
003-instcombine-foldnowrapadd-n114-d16-r1.pbqp,llvm,heuristic,kernel,122311.0
003-instcombine-foldnowrapadd-n114-d16-r1.pbqp,llvm,heuristic,metadata,1204.0
003-instcombine-foldnowrapadd-n114-d16-r1.pbqp,llvm,heuristic,search,256.0
003-instcombine-foldnowrapadd-n114-d16-r1.pbqp,llvm,heuristic,clone,0.0
003-instcombine-foldnowrapadd-n114-d16-r1.pbqp,llvm,heuristic,allocation,21353.0
003-instcombine-foldnowrapadd-n114-d16-r1.pbqp,llvm,heuristic,conditioning,57505.0
003-instcombine-foldnowrapadd-n114-d16-r1.pbqp,llvm,heuristic,r0,55.0
003-instcombine-foldnowrapadd-n114-d16-r1.pbqp,llvm,heuristic,r1,930.0
003-instcombine-foldnowrapadd-n114-d16-r1.pbqp,llvm,heuristic,r2,7797.0
003-instcombine-foldnowrapadd-n114-d16-r1.pbqp,llvm,heuristic,lower_bound,25664.0
003-instcombine-foldnowrapadd-n114-d16-r1.pbqp,llvm,heuristic,incumbent,124.0
003-instcombine-foldnowrapadd-n114-d16-r1.pbqp,llvm,heuristic,seed,42224.0
004-instcombine-mulwilloverflow-n13-d16.pbqp,llvm,none,other,634.0
004-instcombine-mulwilloverflow-n13-d16.pbqp,llvm,none,topology,16284.0
004-instcombine-mulwilloverflow-n13-d16.pbqp,llvm,none,selection,9160.0
004-instcombine-mulwilloverflow-n13-d16.pbqp,llvm,none,reduction,0.0
004-instcombine-mulwilloverflow-n13-d16.pbqp,llvm,none,reconstruction,130.0
004-instcombine-mulwilloverflow-n13-d16.pbqp,llvm,none,kernel,70680.0
004-instcombine-mulwilloverflow-n13-d16.pbqp,llvm,none,metadata,16095.0
004-instcombine-mulwilloverflow-n13-d16.pbqp,llvm,none,search,26600.0
004-instcombine-mulwilloverflow-n13-d16.pbqp,llvm,none,clone,27149.0
004-instcombine-mulwilloverflow-n13-d16.pbqp,llvm,none,allocation,15378.0
004-instcombine-mulwilloverflow-n13-d16.pbqp,llvm,none,conditioning,8908.0
004-instcombine-mulwilloverflow-n13-d16.pbqp,llvm,none,r0,817.0
004-instcombine-mulwilloverflow-n13-d16.pbqp,llvm,none,r1,7732.0
004-instcombine-mulwilloverflow-n13-d16.pbqp,llvm,none,r2,55237.0
004-instcombine-mulwilloverflow-n13-d16.pbqp,llvm,none,lower_bound,8626.0
004-instcombine-mulwilloverflow-n13-d16.pbqp,llvm,none,incumbent,2932.0
004-instcombine-mulwilloverflow-n13-d16.pbqp,llvm,none,seed,0.0
004-instcombine-mulwilloverflow-n13-d16.pbqp,llvm,heuristic,other,776.0
004-instcombine-mulwilloverflow-n13-d16.pbqp,llvm,heuristic,topology,3999.0
004-instcombine-mulwilloverflow-n13-d16.pbqp,llvm,heuristic,selection,3462.0
004-instcombine-mulwilloverflow-n13-d16.pbqp,llvm,heuristic,reduction,674.0
004-instcombine-mulwilloverflow-n13-d16.pbqp,llvm,heuristic,reconstruction,114.0
004-instcombine-mulwilloverflow-n13-d16.pbqp,llvm,heuristic,kernel,23812.0
004-instcombine-mulwilloverflow-n13-d16.pbqp,llvm,heuristic,metadata,1632.0
004-instcombine-mulwilloverflow-n13-d16.pbqp,llvm,heuristic,search,119.0
004-instcombine-mulwilloverflow-n13-d16.pbqp,llvm,heuristic,clone,0.0
004-instcombine-mulwilloverflow-n13-d16.pbqp,llvm,heuristic,allocation,1838.0
004-instcombine-mulwilloverflow-n13-d16.pbqp,llvm,heuristic,conditioning,487.0
004-instcombine-mulwilloverflow-n13-d16.pbqp,llvm,heuristic,r0,129.0
004-instcombine-mulwilloverflow-n13-d16.pbqp,llvm,heuristic,r1,1343.0
004-instcombine-mulwilloverflow-n13-d16.pbqp,llvm,heuristic,r2,9726.0
004-instcombine-mulwilloverflow-n13-d16.pbqp,llvm,heuristic,lower_bound,959.0
004-instcombine-mulwilloverflow-n13-d16.pbqp,llvm,heuristic,incumbent,75.0
004-instcombine-mulwilloverflow-n13-d16.pbqp,llvm,heuristic,seed,2360.0
005-instcombine-foldsubofminmax-n88-d17.pbqp,llvm,heuristic,other,2544.0
005-instcombine-foldsubofminmax-n88-d17.pbqp,llvm,heuristic,topology,141471.0
005-instcombine-foldsubofminmax-n88-d17.pbqp,llvm,heuristic,selection,148223.0
005-instcombine-foldsubofminmax-n88-d17.pbqp,llvm,heuristic,reduction,49092.0
005-instcombine-foldsubofminmax-n88-d17.pbqp,llvm,heuristic,reconstruction,301.0
005-instcombine-foldsubofminmax-n88-d17.pbqp,llvm,heuristic,kernel,100979.0
005-instcombine-foldsubofminmax-n88-d17.pbqp,llvm,heuristic,metadata,1726.0
005-instcombine-foldsubofminmax-n88-d17.pbqp,llvm,heuristic,search,127.0
005-instcombine-foldsubofminmax-n88-d17.pbqp,llvm,heuristic,clone,0.0
005-instcombine-foldsubofminmax-n88-d17.pbqp,llvm,heuristic,allocation,15078.0
005-instcombine-foldsubofminmax-n88-d17.pbqp,llvm,heuristic,conditioning,32625.0
005-instcombine-foldsubofminmax-n88-d17.pbqp,llvm,heuristic,r0,570.0
005-instcombine-foldsubofminmax-n88-d17.pbqp,llvm,heuristic,r1,1230.0
005-instcombine-foldsubofminmax-n88-d17.pbqp,llvm,heuristic,r2,10819.0
005-instcombine-foldsubofminmax-n88-d17.pbqp,llvm,heuristic,lower_bound,20413.0
005-instcombine-foldsubofminmax-n88-d17.pbqp,llvm,heuristic,incumbent,86.0
005-instcombine-foldsubofminmax-n88-d17.pbqp,llvm,heuristic,seed,31437.0
008-instcombine-foldfnegintoconstant-n40-d16.pbqp,llvm,heuristic,other,1624.0
008-instcombine-foldfnegintoconstant-n40-d16.pbqp,llvm,heuristic,topology,34662.0
008-instcombine-foldfnegintoconstant-n40-d16.pbqp,llvm,heuristic,selection,32032.0
008-instcombine-foldfnegintoconstant-n40-d16.pbqp,llvm,heuristic,reduction,7493.0
008-instcombine-foldfnegintoconstant-n40-d16.pbqp,llvm,heuristic,reconstruction,169.0
008-instcombine-foldfnegintoconstant-n40-d16.pbqp,llvm,heuristic,kernel,35711.0
008-instcombine-foldfnegintoconstant-n40-d16.pbqp,llvm,heuristic,metadata,2527.0
008-instcombine-foldfnegintoconstant-n40-d16.pbqp,llvm,heuristic,search,152.0
008-instcombine-foldfnegintoconstant-n40-d16.pbqp,llvm,heuristic,clone,0.0
008-instcombine-foldfnegintoconstant-n40-d16.pbqp,llvm,heuristic,allocation,6472.0
008-instcombine-foldfnegintoconstant-n40-d16.pbqp,llvm,heuristic,conditioning,5907.0
008-instcombine-foldfnegintoconstant-n40-d16.pbqp,llvm,heuristic,r0,52.0
008-instcombine-foldfnegintoconstant-n40-d16.pbqp,llvm,heuristic,r1,1941.0
008-instcombine-foldfnegintoconstant-n40-d16.pbqp,llvm,heuristic,r2,11858.0
008-instcombine-foldfnegintoconstant-n40-d16.pbqp,llvm,heuristic,lower_bound,4034.0
008-instcombine-foldfnegintoconstant-n40-d16.pbqp,llvm,heuristic,incumbent,77.0
008-instcombine-foldfnegintoconstant-n40-d16.pbqp,llvm,heuristic,seed,9359.0
009-instcombine-canonicalizelowbitmask-n25-d16.pbqp,llvm,heuristic,other,1170.0
009-instcombine-canonicalizelowbitmask-n25-d16.pbqp,llvm,heuristic,topology,12902.0
009-instcombine-canonicalizelowbitmask-n25-d16.pbqp,llvm,heuristic,selection,11171.0
009-instcombine-canonicalizelowbitmask-n25-d16.pbqp,llvm,heuristic,reduction,3533.0
009-instcombine-canonicalizelowbitmask-n25-d16.pbqp,llvm,heuristic,reconstruction,127.0
009-instcombine-canonicalizelowbitmask-n25-d16.pbqp,llvm,heuristic,kernel,25344.0
009-instcombine-canonicalizelowbitmask-n25-d16.pbqp,llvm,heuristic,metadata,1952.0
009-instcombine-canonicalizelowbitmask-n25-d16.pbqp,llvm,heuristic,search,115.0
009-instcombine-canonicalizelowbitmask-n25-d16.pbqp,llvm,heuristic,clone,0.0
009-instcombine-canonicalizelowbitmask-n25-d16.pbqp,llvm,heuristic,allocation,4388.0
009-instcombine-canonicalizelowbitmask-n25-d16.pbqp,llvm,heuristic,conditioning,3415.0
009-instcombine-canonicalizelowbitmask-n25-d16.pbqp,llvm,heuristic,r0,96.0
009-instcombine-canonicalizelowbitmask-n25-d16.pbqp,llvm,heuristic,r1,1071.0
009-instcombine-canonicalizelowbitmask-n25-d16.pbqp,llvm,heuristic,r2,8931.0
009-instcombine-canonicalizelowbitmask-n25-d16.pbqp,llvm,heuristic,lower_bound,2456.0
009-instcombine-canonicalizelowbitmask-n25-d16.pbqp,llvm,heuristic,incumbent,79.0
009-instcombine-canonicalizelowbitmask-n25-d16.pbqp,llvm,heuristic,seed,5473.0
013-instcombine-factorizemathwithshlops-n33-d16-r1.pbqp,llvm,heuristic,other,803.0
013-instcombine-factorizemathwithshlops-n33-d16-r1.pbqp,llvm,heuristic,topology,25756.0
013-instcombine-factorizemathwithshlops-n33-d16-r1.pbqp,llvm,heuristic,selection,27177.0
013-instcombine-factorizemathwithshlops-n33-d16-r1.pbqp,llvm,heuristic,reduction,12452.0
013-instcombine-factorizemathwithshlops-n33-d16-r1.pbqp,llvm,heuristic,reconstruction,104.0
013-instcombine-factorizemathwithshlops-n33-d16-r1.pbqp,llvm,heuristic,kernel,35227.0
013-instcombine-factorizemathwithshlops-n33-d16-r1.pbqp,llvm,heuristic,metadata,159.0
013-instcombine-factorizemathwithshlops-n33-d16-r1.pbqp,llvm,heuristic,search,133.0
013-instcombine-factorizemathwithshlops-n33-d16-r1.pbqp,llvm,heuristic,clone,0.0
013-instcombine-factorizemathwithshlops-n33-d16-r1.pbqp,llvm,heuristic,allocation,5342.0
013-instcombine-factorizemathwithshlops-n33-d16-r1.pbqp,llvm,heuristic,conditioning,11173.0
013-instcombine-factorizemathwithshlops-n33-d16-r1.pbqp,llvm,heuristic,r0,40.0
013-instcombine-factorizemathwithshlops-n33-d16-r1.pbqp,llvm,heuristic,r1,369.0
013-instcombine-factorizemathwithshlops-n33-d16-r1.pbqp,llvm,heuristic,r2,2928.0
013-instcombine-factorizemathwithshlops-n33-d16-r1.pbqp,llvm,heuristic,lower_bound,9079.0
013-instcombine-factorizemathwithshlops-n33-d16-r1.pbqp,llvm,heuristic,incumbent,79.0
013-instcombine-factorizemathwithshlops-n33-d16-r1.pbqp,llvm,heuristic,seed,9764.0
014-instcombine-combineaddsubwithshladdsub-n29-d16.pbqp,llvm,heuristic,other,1170.0
014-instcombine-combineaddsubwithshladdsub-n29-d16.pbqp,llvm,heuristic,topology,17912.0
014-instcombine-combineaddsubwithshladdsub-n29-d16.pbqp,llvm,heuristic,selection,15550.0
014-instcombine-combineaddsubwithshladdsub-n29-d16.pbqp,llvm,heuristic,reduction,4580.0
014-instcombine-combineaddsubwithshladdsub-n29-d16.pbqp,llvm,heuristic,reconstruction,159.0
014-instcombine-combineaddsubwithshladdsub-n29-d16.pbqp,llvm,heuristic,kernel,32979.0
014-instcombine-combineaddsubwithshladdsub-n29-d16.pbqp,llvm,heuristic,metadata,1691.0
014-instcombine-combineaddsubwithshladdsub-n29-d16.pbqp,llvm,heuristic,search,128.0
014-instcombine-combineaddsubwithshladdsub-n29-d16.pbqp,llvm,heuristic,clone,0.0
014-instcombine-combineaddsubwithshladdsub-n29-d16.pbqp,llvm,heuristic,allocation,5397.0
014-instcombine-combineaddsubwithshladdsub-n29-d16.pbqp,llvm,heuristic,conditioning,3695.0
014-instcombine-combineaddsubwithshladdsub-n29-d16.pbqp,llvm,heuristic,r0,129.0
014-instcombine-combineaddsubwithshladdsub-n29-d16.pbqp,llvm,heuristic,r1,969.0
014-instcombine-combineaddsubwithshladdsub-n29-d16.pbqp,llvm,heuristic,r2,10547.0
014-instcombine-combineaddsubwithshladdsub-n29-d16.pbqp,llvm,heuristic,lower_bound,3300.0
014-instcombine-combineaddsubwithshladdsub-n29-d16.pbqp,llvm,heuristic,incumbent,88.0
014-instcombine-combineaddsubwithshladdsub-n29-d16.pbqp,llvm,heuristic,seed,6527.0
015-instcombine-foldtounsignedsaturatedadd-n62-d17.pbqp,llvm,heuristic,other,2776.0
015-instcombine-foldtounsignedsaturatedadd-n62-d17.pbqp,llvm,heuristic,topology,54796.0
015-instcombine-foldtounsignedsaturatedadd-n62-d17.pbqp,llvm,heuristic,selection,49295.0
015-instcombine-foldtounsignedsaturatedadd-n62-d17.pbqp,llvm,heuristic,reduction,12015.0
015-instcombine-foldtounsignedsaturatedadd-n62-d17.pbqp,llvm,heuristic,reconstruction,265.0
015-instcombine-foldtounsignedsaturatedadd-n62-d17.pbqp,llvm,heuristic,kernel,62942.0
015-instcombine-foldtounsignedsaturatedadd-n62-d17.pbqp,llvm,heuristic,metadata,5632.0
015-instcombine-foldtounsignedsaturatedadd-n62-d17.pbqp,llvm,heuristic,search,158.0
015-instcombine-foldtounsignedsaturatedadd-n62-d17.pbqp,llvm,heuristic,clone,0.0
015-instcombine-foldtounsignedsaturatedadd-n62-d17.pbqp,llvm,heuristic,allocation,11153.0
015-instcombine-foldtounsignedsaturatedadd-n62-d17.pbqp,llvm,heuristic,conditioning,9319.0
015-instcombine-foldtounsignedsaturatedadd-n62-d17.pbqp,llvm,heuristic,r0,346.0
015-instcombine-foldtounsignedsaturatedadd-n62-d17.pbqp,llvm,heuristic,r1,4919.0
015-instcombine-foldtounsignedsaturatedadd-n62-d17.pbqp,llvm,heuristic,r2,19691.0
015-instcombine-foldtounsignedsaturatedadd-n62-d17.pbqp,llvm,heuristic,lower_bound,5736.0
015-instcombine-foldtounsignedsaturatedadd-n62-d17.pbqp,llvm,heuristic,incumbent,78.0
015-instcombine-foldtounsignedsaturatedadd-n62-d17.pbqp,llvm,heuristic,seed,14268.0
016-instcombine-matchdiv-n30-d16.pbqp,llvm,heuristic,other,1126.0
016-instcombine-matchdiv-n30-d16.pbqp,llvm,heuristic,topology,20642.0
016-instcombine-matchdiv-n30-d16.pbqp,llvm,heuristic,selection,18527.0
016-instcombine-matchdiv-n30-d16.pbqp,llvm,heuristic,reduction,6115.0
016-instcombine-matchdiv-n30-d16.pbqp,llvm,heuristic,reconstruction,177.0
016-instcombine-matchdiv-n30-d16.pbqp,llvm,heuristic,kernel,38913.0
016-instcombine-matchdiv-n30-d16.pbqp,llvm,heuristic,metadata,1542.0
016-instcombine-matchdiv-n30-d16.pbqp,llvm,heuristic,search,134.0
016-instcombine-matchdiv-n30-d16.pbqp,llvm,heuristic,clone,0.0
016-instcombine-matchdiv-n30-d16.pbqp,llvm,heuristic,allocation,5257.0
016-instcombine-matchdiv-n30-d16.pbqp,llvm,heuristic,conditioning,4488.0
016-instcombine-matchdiv-n30-d16.pbqp,llvm,heuristic,r0,52.0
016-instcombine-matchdiv-n30-d16.pbqp,llvm,heuristic,r1,1393.0
016-instcombine-matchdiv-n30-d16.pbqp,llvm,heuristic,r2,10302.0
016-instcombine-matchdiv-n30-d16.pbqp,llvm,heuristic,lower_bound,3992.0
016-instcombine-matchdiv-n30-d16.pbqp,llvm,heuristic,incumbent,79.0
016-instcombine-matchdiv-n30-d16.pbqp,llvm,heuristic,seed,7196.0
017-instcombine-matchmul-n22-d16.pbqp,llvm,heuristic,other,1239.0
017-instcombine-matchmul-n22-d16.pbqp,llvm,heuristic,topology,14788.0
017-instcombine-matchmul-n22-d16.pbqp,llvm,heuristic,selection,12194.0
017-instcombine-matchmul-n22-d16.pbqp,llvm,heuristic,reduction,4471.0
017-instcombine-matchmul-n22-d16.pbqp,llvm,heuristic,reconstruction,244.0
017-instcombine-matchmul-n22-d16.pbqp,llvm,heuristic,kernel,46822.0
017-instcombine-matchmul-n22-d16.pbqp,llvm,heuristic,metadata,2357.0
017-instcombine-matchmul-n22-d16.pbqp,llvm,heuristic,search,193.0
017-instcombine-matchmul-n22-d16.pbqp,llvm,heuristic,clone,0.0
017-instcombine-matchmul-n22-d16.pbqp,llvm,heuristic,allocation,5363.0
017-instcombine-matchmul-n22-d16.pbqp,llvm,heuristic,conditioning,3448.0
017-instcombine-matchmul-n22-d16.pbqp,llvm,heuristic,r0,90.0
017-instcombine-matchmul-n22-d16.pbqp,llvm,heuristic,r1,1176.0
017-instcombine-matchmul-n22-d16.pbqp,llvm,heuristic,r2,9675.0
017-instcombine-matchmul-n22-d16.pbqp,llvm,heuristic,lower_bound,3293.0
017-instcombine-matchmul-n22-d16.pbqp,llvm,heuristic,incumbent,114.0
017-instcombine-matchmul-n22-d16.pbqp,llvm,heuristic,seed,5331.0
018-instcombine-matchrem-n44-d16.pbqp,llvm,heuristic,other,1370.0
018-instcombine-matchrem-n44-d16.pbqp,llvm,heuristic,topology,39832.0
018-instcombine-matchrem-n44-d16.pbqp,llvm,heuristic,selection,40525.0
018-instcombine-matchrem-n44-d16.pbqp,llvm,heuristic,reduction,11575.0
018-instcombine-matchrem-n44-d16.pbqp,llvm,heuristic,reconstruction,147.0
018-instcombine-matchrem-n44-d16.pbqp,llvm,heuristic,kernel,46827.0
018-instcombine-matchrem-n44-d16.pbqp,llvm,heuristic,metadata,1615.0
018-instcombine-matchrem-n44-d16.pbqp,llvm,heuristic,search,187.0
018-instcombine-matchrem-n44-d16.pbqp,llvm,heuristic,clone,0.0
018-instcombine-matchrem-n44-d16.pbqp,llvm,heuristic,allocation,8003.0
018-instcombine-matchrem-n44-d16.pbqp,llvm,heuristic,conditioning,9291.0
018-instcombine-matchrem-n44-d16.pbqp,llvm,heuristic,r0,87.0
018-instcombine-matchrem-n44-d16.pbqp,llvm,heuristic,r1,3154.0
018-instcombine-matchrem-n44-d16.pbqp,llvm,heuristic,r2,8609.0
018-instcombine-matchrem-n44-d16.pbqp,llvm,heuristic,lower_bound,7165.0
018-instcombine-matchrem-n44-d16.pbqp,llvm,heuristic,incumbent,100.0
018-instcombine-matchrem-n44-d16.pbqp,llvm,heuristic,seed,10551.0
020-instcombine-faddcombine-simplifyfadd-n138-d17-r1.pbqp,llvm,heuristic,other,4108.0
020-instcombine-faddcombine-simplifyfadd-n138-d17-r1.pbqp,llvm,heuristic,topology,362005.0
020-instcombine-faddcombine-simplifyfadd-n138-d17-r1.pbqp,llvm,heuristic,selection,376211.0
020-instcombine-faddcombine-simplifyfadd-n138-d17-r1.pbqp,llvm,heuristic,reduction,100684.0
020-instcombine-faddcombine-simplifyfadd-n138-d17-r1.pbqp,llvm,heuristic,reconstruction,433.0
020-instcombine-faddcombine-simplifyfadd-n138-d17-r1.pbqp,llvm,heuristic,kernel,155981.0
020-instcombine-faddcombine-simplifyfadd-n138-d17-r1.pbqp,llvm,heuristic,metadata,5004.0
020-instcombine-faddcombine-simplifyfadd-n138-d17-r1.pbqp,llvm,heuristic,search,296.0
020-instcombine-faddcombine-simplifyfadd-n138-d17-r1.pbqp,llvm,heuristic,clone,0.0
020-instcombine-faddcombine-simplifyfadd-n138-d17-r1.pbqp,llvm,heuristic,allocation,24860.0
020-instcombine-faddcombine-simplifyfadd-n138-d17-r1.pbqp,llvm,heuristic,conditioning,75837.0
020-instcombine-faddcombine-simplifyfadd-n138-d17-r1.pbqp,llvm,heuristic,r0,529.0
020-instcombine-faddcombine-simplifyfadd-n138-d17-r1.pbqp,llvm,heuristic,r1,7759.0
020-instcombine-faddcombine-simplifyfadd-n138-d17-r1.pbqp,llvm,heuristic,r2,12000.0
020-instcombine-faddcombine-simplifyfadd-n138-d17-r1.pbqp,llvm,heuristic,lower_bound,43649.0
020-instcombine-faddcombine-simplifyfadd-n138-d17-r1.pbqp,llvm,heuristic,incumbent,133.0
020-instcombine-faddcombine-simplifyfadd-n138-d17-r1.pbqp,llvm,heuristic,seed,53883.0
023-instcombine-faddendcoef-converttofptype-n7-d16.pbqp,llvm,none,other,332.0
023-instcombine-faddendcoef-converttofptype-n7-d16.pbqp,llvm,none,topology,18416.0
023-instcombine-faddendcoef-converttofptype-n7-d16.pbqp,llvm,none,selection,10522.0
023-instcombine-faddendcoef-converttofptype-n7-d16.pbqp,llvm,none,reduction,0.0
023-instcombine-faddendcoef-converttofptype-n7-d16.pbqp,llvm,none,reconstruction,206.0
023-instcombine-faddendcoef-converttofptype-n7-d16.pbqp,llvm,none,kernel,29306.0
023-instcombine-faddendcoef-converttofptype-n7-d16.pbqp,llvm,none,metadata,10229.0
023-instcombine-faddendcoef-converttofptype-n7-d16.pbqp,llvm,none,search,36483.0
023-instcombine-faddendcoef-converttofptype-n7-d16.pbqp,llvm,none,clone,26024.0
023-instcombine-faddendcoef-converttofptype-n7-d16.pbqp,llvm,none,allocation,16910.0
023-instcombine-faddendcoef-converttofptype-n7-d16.pbqp,llvm,none,conditioning,13313.0
023-instcombine-faddendcoef-converttofptype-n7-d16.pbqp,llvm,none,r0,679.0
023-instcombine-faddendcoef-converttofptype-n7-d16.pbqp,llvm,none,r1,7190.0
023-instcombine-faddendcoef-converttofptype-n7-d16.pbqp,llvm,none,r2,18204.0
023-instcombine-faddendcoef-converttofptype-n7-d16.pbqp,llvm,none,lower_bound,20020.0
023-instcombine-faddendcoef-converttofptype-n7-d16.pbqp,llvm,none,incumbent,4786.0
023-instcombine-faddendcoef-converttofptype-n7-d16.pbqp,llvm,none,seed,0.0
023-instcombine-faddendcoef-converttofptype-n7-d16.pbqp,llvm,heuristic,other,377.0
023-instcombine-faddendcoef-converttofptype-n7-d16.pbqp,llvm,heuristic,topology,2142.0
023-instcombine-faddendcoef-converttofptype-n7-d16.pbqp,llvm,heuristic,selection,1896.0
023-instcombine-faddendcoef-converttofptype-n7-d16.pbqp,llvm,heuristic,reduction,1084.0
023-instcombine-faddendcoef-converttofptype-n7-d16.pbqp,llvm,heuristic,reconstruction,41.0
023-instcombine-faddendcoef-converttofptype-n7-d16.pbqp,llvm,heuristic,kernel,5656.0
023-instcombine-faddendcoef-converttofptype-n7-d16.pbqp,llvm,heuristic,metadata,238.0
023-instcombine-faddendcoef-converttofptype-n7-d16.pbqp,llvm,heuristic,search,218.0
023-instcombine-faddendcoef-converttofptype-n7-d16.pbqp,llvm,heuristic,clone,0.0
023-instcombine-faddendcoef-converttofptype-n7-d16.pbqp,llvm,heuristic,allocation,1068.0
023-instcombine-faddendcoef-converttofptype-n7-d16.pbqp,llvm,heuristic,conditioning,765.0
023-instcombine-faddendcoef-converttofptype-n7-d16.pbqp,llvm,heuristic,r0,62.0
023-instcombine-faddendcoef-converttofptype-n7-d16.pbqp,llvm,heuristic,r1,416.0
023-instcombine-faddendcoef-converttofptype-n7-d16.pbqp,llvm,heuristic,r2,2117.0
023-instcombine-faddendcoef-converttofptype-n7-d16.pbqp,llvm,heuristic,lower_bound,900.0
023-instcombine-faddendcoef-converttofptype-n7-d16.pbqp,llvm,heuristic,incumbent,79.0
023-instcombine-faddendcoef-converttofptype-n7-d16.pbqp,llvm,heuristic,seed,1767.0
024-instcombine-faddendcoef-createapfloatfromint-n7-d16.pbqp,llvm,none,other,686.0
024-instcombine-faddendcoef-createapfloatfromint-n7-d16.pbqp,llvm,none,topology,1122.0
024-instcombine-faddendcoef-createapfloatfromint-n7-d16.pbqp,llvm,none,selection,517.0
024-instcombine-faddendcoef-createapfloatfromint-n7-d16.pbqp,llvm,none,reduction,0.0
024-instcombine-faddendcoef-createapfloatfromint-n7-d16.pbqp,llvm,none,reconstruction,40.0
024-instcombine-faddendcoef-createapfloatfromint-n7-d16.pbqp,llvm,none,kernel,4038.0
024-instcombine-faddendcoef-createapfloatfromint-n7-d16.pbqp,llvm,none,metadata,1352.0
024-instcombine-faddendcoef-createapfloatfromint-n7-d16.pbqp,llvm,none,search,0.0
024-instcombine-faddendcoef-createapfloatfromint-n7-d16.pbqp,llvm,none,clone,0.0
024-instcombine-faddendcoef-createapfloatfromint-n7-d16.pbqp,llvm,none,allocation,743.0
024-instcombine-faddendcoef-createapfloatfromint-n7-d16.pbqp,llvm,none,conditioning,0.0
024-instcombine-faddendcoef-createapfloatfromint-n7-d16.pbqp,llvm,none,r0,59.0
024-instcombine-faddendcoef-createapfloatfromint-n7-d16.pbqp,llvm,none,r1,317.0
024-instcombine-faddendcoef-createapfloatfromint-n7-d16.pbqp,llvm,none,r2,3744.0
024-instcombine-faddendcoef-createapfloatfromint-n7-d16.pbqp,llvm,none,lower_bound,0.0
024-instcombine-faddendcoef-createapfloatfromint-n7-d16.pbqp,llvm,none,incumbent,0.0
024-instcombine-faddendcoef-createapfloatfromint-n7-d16.pbqp,llvm,none,seed,0.0
024-instcombine-faddendcoef-createapfloatfromint-n7-d16.pbqp,llvm,heuristic,other,771.0
024-instcombine-faddendcoef-createapfloatfromint-n7-d16.pbqp,llvm,heuristic,topology,2096.0
024-instcombine-faddendcoef-createapfloatfromint-n7-d16.pbqp,llvm,heuristic,selection,1002.0
024-instcombine-faddendcoef-createapfloatfromint-n7-d16.pbqp,llvm,heuristic,reduction,0.0
024-instcombine-faddendcoef-createapfloatfromint-n7-d16.pbqp,llvm,heuristic,reconstruction,130.0
024-instcombine-faddendcoef-createapfloatfromint-n7-d16.pbqp,llvm,heuristic,kernel,15174.0
024-instcombine-faddendcoef-createapfloatfromint-n7-d16.pbqp,llvm,heuristic,metadata,1475.0
024-instcombine-faddendcoef-createapfloatfromint-n7-d16.pbqp,llvm,heuristic,search,0.0
024-instcombine-faddendcoef-createapfloatfromint-n7-d16.pbqp,llvm,heuristic,clone,0.0
024-instcombine-faddendcoef-createapfloatfromint-n7-d16.pbqp,llvm,heuristic,allocation,1369.0
024-instcombine-faddendcoef-createapfloatfromint-n7-d16.pbqp,llvm,heuristic,conditioning,0.0
024-instcombine-faddendcoef-createapfloatfromint-n7-d16.pbqp,llvm,heuristic,r0,52.0
024-instcombine-faddendcoef-createapfloatfromint-n7-d16.pbqp,llvm,heuristic,r1,586.0
024-instcombine-faddendcoef-createapfloatfromint-n7-d16.pbqp,llvm,heuristic,r2,7471.0
024-instcombine-faddendcoef-createapfloatfromint-n7-d16.pbqp,llvm,heuristic,lower_bound,0.0
024-instcombine-faddendcoef-createapfloatfromint-n7-d16.pbqp,llvm,heuristic,incumbent,0.0
024-instcombine-faddendcoef-createapfloatfromint-n7-d16.pbqp,llvm,heuristic,seed,1219.0
026-instcombine-faddend-drillvaluedownonestep-n36-d16-r1.pbqp,llvm,heuristic,other,1255.0
026-instcombine-faddend-drillvaluedownonestep-n36-d16-r1.pbqp,llvm,heuristic,topology,29130.0
026-instcombine-faddend-drillvaluedownonestep-n36-d16-r1.pbqp,llvm,heuristic,selection,29000.0
026-instcombine-faddend-drillvaluedownonestep-n36-d16-r1.pbqp,llvm,heuristic,reduction,11083.0
026-instcombine-faddend-drillvaluedownonestep-n36-d16-r1.pbqp,llvm,heuristic,reconstruction,134.0
026-instcombine-faddend-drillvaluedownonestep-n36-d16-r1.pbqp,llvm,heuristic,kernel,42064.0
026-instcombine-faddend-drillvaluedownonestep-n36-d16-r1.pbqp,llvm,heuristic,metadata,1867.0
026-instcombine-faddend-drillvaluedownonestep-n36-d16-r1.pbqp,llvm,heuristic,search,168.0
026-instcombine-faddend-drillvaluedownonestep-n36-d16-r1.pbqp,llvm,heuristic,clone,0.0
026-instcombine-faddend-drillvaluedownonestep-n36-d16-r1.pbqp,llvm,heuristic,allocation,6457.0
026-instcombine-faddend-drillvaluedownonestep-n36-d16-r1.pbqp,llvm,heuristic,conditioning,9989.0
026-instcombine-faddend-drillvaluedownonestep-n36-d16-r1.pbqp,llvm,heuristic,r0,121.0
026-instcombine-faddend-drillvaluedownonestep-n36-d16-r1.pbqp,llvm,heuristic,r1,1951.0
026-instcombine-faddend-drillvaluedownonestep-n36-d16-r1.pbqp,llvm,heuristic,r2,6773.0
026-instcombine-faddend-drillvaluedownonestep-n36-d16-r1.pbqp,llvm,heuristic,lower_bound,7855.0
026-instcombine-faddend-drillvaluedownonestep-n36-d16-r1.pbqp,llvm,heuristic,incumbent,88.0
026-instcombine-faddend-drillvaluedownonestep-n36-d16-r1.pbqp,llvm,heuristic,seed,9831.0
027-instcombine-faddend-set-n4-d16.pbqp,llvm,none,other,146.0
027-instcombine-faddend-set-n4-d16.pbqp,llvm,none,topology,4920.0
027-instcombine-faddend-set-n4-d16.pbqp,llvm,none,selection,2615.0
027-instcombine-faddend-set-n4-d16.pbqp,llvm,none,reduction,0.0
027-instcombine-faddend-set-n4-d16.pbqp,llvm,none,reconstruction,67.0
027-instcombine-faddend-set-n4-d16.pbqp,llvm,none,kernel,10274.0
027-instcombine-faddend-set-n4-d16.pbqp,llvm,none,metadata,3320.0
027-instcombine-faddend-set-n4-d16.pbqp,llvm,none,search,9898.0
027-instcombine-faddend-set-n4-d16.pbqp,llvm,none,clone,2170.0
027-instcombine-faddend-set-n4-d16.pbqp,llvm,none,allocation,5175.0
027-instcombine-faddend-set-n4-d16.pbqp,llvm,none,conditioning,2765.0
027-instcombine-faddend-set-n4-d16.pbqp,llvm,none,r0,397.0
027-instcombine-faddend-set-n4-d16.pbqp,llvm,none,r1,3190.0
027-instcombine-faddend-set-n4-d16.pbqp,llvm,none,r2,7041.0
027-instcombine-faddend-set-n4-d16.pbqp,llvm,none,lower_bound,306.0
027-instcombine-faddend-set-n4-d16.pbqp,llvm,none,incumbent,1036.0
027-instcombine-faddend-set-n4-d16.pbqp,llvm,none,seed,0.0
027-instcombine-faddend-set-n4-d16.pbqp,llvm,heuristic,other,200.0
027-instcombine-faddend-set-n4-d16.pbqp,llvm,heuristic,topology,738.0
027-instcombine-faddend-set-n4-d16.pbqp,llvm,heuristic,selection,634.0
027-instcombine-faddend-set-n4-d16.pbqp,llvm,heuristic,reduction,304.0
027-instcombine-faddend-set-n4-d16.pbqp,llvm,heuristic,reconstruction,66.0
027-instcombine-faddend-set-n4-d16.pbqp,llvm,heuristic,kernel,2046.0
027-instcombine-faddend-set-n4-d16.pbqp,llvm,heuristic,metadata,0.0
027-instcombine-faddend-set-n4-d16.pbqp,llvm,heuristic,search,119.0
027-instcombine-faddend-set-n4-d16.pbqp,llvm,heuristic,clone,0.0
027-instcombine-faddend-set-n4-d16.pbqp,llvm,heuristic,allocation,376.0
027-instcombine-faddend-set-n4-d16.pbqp,llvm,heuristic,conditioning,221.0
027-instcombine-faddend-set-n4-d16.pbqp,llvm,heuristic,r0,24.0
027-instcombine-faddend-set-n4-d16.pbqp,llvm,heuristic,r1,235.0
027-instcombine-faddend-set-n4-d16.pbqp,llvm,heuristic,r2,549.0
027-instcombine-faddend-set-n4-d16.pbqp,llvm,heuristic,lower_bound,432.0
027-instcombine-faddend-set-n4-d16.pbqp,llvm,heuristic,incumbent,66.0
027-instcombine-faddend-set-n4-d16.pbqp,llvm,heuristic,seed,817.0
028-instcombine-faddend-scale-n17-d16.pbqp,llvm,heuristic,other,774.0
028-instcombine-faddend-scale-n17-d16.pbqp,llvm,heuristic,topology,7134.0
028-instcombine-faddend-scale-n17-d16.pbqp,llvm,heuristic,selection,6923.0
028-instcombine-faddend-scale-n17-d16.pbqp,llvm,heuristic,reduction,2431.0
028-instcombine-faddend-scale-n17-d16.pbqp,llvm,heuristic,reconstruction,88.0
028-instcombine-faddend-scale-n17-d16.pbqp,llvm,heuristic,kernel,17215.0
028-instcombine-faddend-scale-n17-d16.pbqp,llvm,heuristic,metadata,822.0
028-instcombine-faddend-scale-n17-d16.pbqp,llvm,heuristic,search,120.0
028-instcombine-faddend-scale-n17-d16.pbqp,llvm,heuristic,clone,0.0
028-instcombine-faddend-scale-n17-d16.pbqp,llvm,heuristic,allocation,2681.0
028-instcombine-faddend-scale-n17-d16.pbqp,llvm,heuristic,conditioning,2076.0
028-instcombine-faddend-scale-n17-d16.pbqp,llvm,heuristic,r0,98.0
028-instcombine-faddend-scale-n17-d16.pbqp,llvm,heuristic,r1,2040.0
028-instcombine-faddend-scale-n17-d16.pbqp,llvm,heuristic,r2,2777.0
028-instcombine-faddend-scale-n17-d16.pbqp,llvm,heuristic,lower_bound,2464.0
028-instcombine-faddend-scale-n17-d16.pbqp,llvm,heuristic,incumbent,74.0
028-instcombine-faddend-scale-n17-d16.pbqp,llvm,heuristic,seed,3676.0
029-instcombine-selectinst-init-n19-d16.pbqp,llvm,heuristic,other,427.0
029-instcombine-selectinst-init-n19-d16.pbqp,llvm,heuristic,topology,9995.0
029-instcombine-selectinst-init-n19-d16.pbqp,llvm,heuristic,selection,10588.0
029-instcombine-selectinst-init-n19-d16.pbqp,llvm,heuristic,reduction,5348.0
029-instcombine-selectinst-init-n19-d16.pbqp,llvm,heuristic,reconstruction,87.0
029-instcombine-selectinst-init-n19-d16.pbqp,llvm,heuristic,kernel,26585.0
029-instcombine-selectinst-init-n19-d16.pbqp,llvm,heuristic,metadata,0.0
029-instcombine-selectinst-init-n19-d16.pbqp,llvm,heuristic,search,132.0
029-instcombine-selectinst-init-n19-d16.pbqp,llvm,heuristic,clone,0.0
029-instcombine-selectinst-init-n19-d16.pbqp,llvm,heuristic,allocation,3073.0
029-instcombine-selectinst-init-n19-d16.pbqp,llvm,heuristic,conditioning,4952.0
029-instcombine-selectinst-init-n19-d16.pbqp,llvm,heuristic,r0,33.0
029-instcombine-selectinst-init-n19-d16.pbqp,llvm,heuristic,r1,295.0
029-instcombine-selectinst-init-n19-d16.pbqp,llvm,heuristic,r2,2499.0
029-instcombine-selectinst-init-n19-d16.pbqp,llvm,heuristic,lower_bound,6311.0
029-instcombine-selectinst-init-n19-d16.pbqp,llvm,heuristic,incumbent,71.0
029-instcombine-selectinst-init-n19-d16.pbqp,llvm,heuristic,seed,4824.0
031-instcombine-selectinst-create-n8-d15-r1.pbqp,llvm,none,other,253.0
031-instcombine-selectinst-create-n8-d15-r1.pbqp,llvm,none,topology,24757.0
031-instcombine-selectinst-create-n8-d15-r1.pbqp,llvm,none,selection,13191.0
031-instcombine-selectinst-create-n8-d15-r1.pbqp,llvm,none,reduction,0.0
031-instcombine-selectinst-create-n8-d15-r1.pbqp,llvm,none,reconstruction,203.0
031-instcombine-selectinst-create-n8-d15-r1.pbqp,llvm,none,kernel,32743.0
031-instcombine-selectinst-create-n8-d15-r1.pbqp,llvm,none,metadata,10124.0
031-instcombine-selectinst-create-n8-d15-r1.pbqp,llvm,none,search,42735.0
031-instcombine-selectinst-create-n8-d15-r1.pbqp,llvm,none,clone,43144.0
031-instcombine-selectinst-create-n8-d15-r1.pbqp,llvm,none,allocation,20294.0
031-instcombine-selectinst-create-n8-d15-r1.pbqp,llvm,none,conditioning,20702.0
031-instcombine-selectinst-create-n8-d15-r1.pbqp,llvm,none,r0,938.0
031-instcombine-selectinst-create-n8-d15-r1.pbqp,llvm,none,r1,9356.0
031-instcombine-selectinst-create-n8-d15-r1.pbqp,llvm,none,r2,23241.0
031-instcombine-selectinst-create-n8-d15-r1.pbqp,llvm,none,lower_bound,19023.0
031-instcombine-selectinst-create-n8-d15-r1.pbqp,llvm,none,incumbent,5581.0
031-instcombine-selectinst-create-n8-d15-r1.pbqp,llvm,none,seed,0.0
031-instcombine-selectinst-create-n8-d15-r1.pbqp,llvm,heuristic,other,339.0
031-instcombine-selectinst-create-n8-d15-r1.pbqp,llvm,heuristic,topology,2502.0
031-instcombine-selectinst-create-n8-d15-r1.pbqp,llvm,heuristic,selection,2210.0
031-instcombine-selectinst-create-n8-d15-r1.pbqp,llvm,heuristic,reduction,1328.0
031-instcombine-selectinst-create-n8-d15-r1.pbqp,llvm,heuristic,reconstruction,96.0
031-instcombine-selectinst-create-n8-d15-r1.pbqp,llvm,heuristic,kernel,4405.0
031-instcombine-selectinst-create-n8-d15-r1.pbqp,llvm,heuristic,metadata,182.0
031-instcombine-selectinst-create-n8-d15-r1.pbqp,llvm,heuristic,search,120.0
031-instcombine-selectinst-create-n8-d15-r1.pbqp,llvm,heuristic,clone,0.0
031-instcombine-selectinst-create-n8-d15-r1.pbqp,llvm,heuristic,allocation,1266.0
031-instcombine-selectinst-create-n8-d15-r1.pbqp,llvm,heuristic,conditioning,1338.0
031-instcombine-selectinst-create-n8-d15-r1.pbqp,llvm,heuristic,r0,36.0
031-instcombine-selectinst-create-n8-d15-r1.pbqp,llvm,heuristic,r1,770.0
031-instcombine-selectinst-create-n8-d15-r1.pbqp,llvm,heuristic,r2,815.0
031-instcombine-selectinst-create-n8-d15-r1.pbqp,llvm,heuristic,lower_bound,882.0
031-instcombine-selectinst-create-n8-d15-r1.pbqp,llvm,heuristic,incumbent,68.0
031-instcombine-selectinst-create-n8-d15-r1.pbqp,llvm,heuristic,seed,1590.0
032-instcombine-densemapbase-grow-n22-d17.pbqp,llvm,none,other,1145.0
032-instcombine-densemapbase-grow-n22-d17.pbqp,llvm,none,topology,110605.0
032-instcombine-densemapbase-grow-n22-d17.pbqp,llvm,none,selection,64177.0
032-instcombine-densemapbase-grow-n22-d17.pbqp,llvm,none,reduction,0.0
032-instcombine-densemapbase-grow-n22-d17.pbqp,llvm,none,reconstruction,1059.0
032-instcombine-densemapbase-grow-n22-d17.pbqp,llvm,none,kernel,208050.0
032-instcombine-densemapbase-grow-n22-d17.pbqp,llvm,none,metadata,56518.0
032-instcombine-densemapbase-grow-n22-d17.pbqp,llvm,none,search,170416.0
032-instcombine-densemapbase-grow-n22-d17.pbqp,llvm,none,clone,447366.0
032-instcombine-densemapbase-grow-n22-d17.pbqp,llvm,none,allocation,87595.0
032-instcombine-densemapbase-grow-n22-d17.pbqp,llvm,none,conditioning,80845.0
032-instcombine-densemapbase-grow-n22-d17.pbqp,llvm,none,r0,2232.0
032-instcombine-densemapbase-grow-n22-d17.pbqp,llvm,none,r1,31402.0
032-instcombine-densemapbase-grow-n22-d17.pbqp,llvm,none,r2,123496.0
032-instcombine-densemapbase-grow-n22-d17.pbqp,llvm,none,lower_bound,212503.0
032-instcombine-densemapbase-grow-n22-d17.pbqp,llvm,none,incumbent,22610.0
032-instcombine-densemapbase-grow-n22-d17.pbqp,llvm,none,seed,0.0
032-instcombine-densemapbase-grow-n22-d17.pbqp,llvm,heuristic,other,1464.0
032-instcombine-densemapbase-grow-n22-d17.pbqp,llvm,heuristic,topology,11461.0
032-instcombine-densemapbase-grow-n22-d17.pbqp,llvm,heuristic,selection,8697.0
032-instcombine-densemapbase-grow-n22-d17.pbqp,llvm,heuristic,reduction,2736.0
032-instcombine-densemapbase-grow-n22-d17.pbqp,llvm,heuristic,reconstruction,239.0
032-instcombine-densemapbase-grow-n22-d17.pbqp,llvm,heuristic,kernel,45927.0
032-instcombine-densemapbase-grow-n22-d17.pbqp,llvm,heuristic,metadata,5004.0
032-instcombine-densemapbase-grow-n22-d17.pbqp,llvm,heuristic,search,195.0
032-instcombine-densemapbase-grow-n22-d17.pbqp,llvm,heuristic,clone,0.0
032-instcombine-densemapbase-grow-n22-d17.pbqp,llvm,heuristic,allocation,5193.0
032-instcombine-densemapbase-grow-n22-d17.pbqp,llvm,heuristic,conditioning,1996.0
032-instcombine-densemapbase-grow-n22-d17.pbqp,llvm,heuristic,r0,155.0
032-instcombine-densemapbase-grow-n22-d17.pbqp,llvm,heuristic,r1,2491.0
032-instcombine-densemapbase-grow-n22-d17.pbqp,llvm,heuristic,r2,15625.0
032-instcombine-densemapbase-grow-n22-d17.pbqp,llvm,heuristic,lower_bound,2428.0
032-instcombine-densemapbase-grow-n22-d17.pbqp,llvm,heuristic,incumbent,117.0
032-instcombine-densemapbase-grow-n22-d17.pbqp,llvm,heuristic,seed,6377.0
033-instcombine-densemapbase-lookupbucketfor-n15-d16.pbqp,llvm,heuristic,other,388.0
033-instcombine-densemapbase-lookupbucketfor-n15-d16.pbqp,llvm,heuristic,topology,7093.0
033-instcombine-densemapbase-lookupbucketfor-n15-d16.pbqp,llvm,heuristic,selection,6915.0
033-instcombine-densemapbase-lookupbucketfor-n15-d16.pbqp,llvm,heuristic,reduction,4685.0
033-instcombine-densemapbase-lookupbucketfor-n15-d16.pbqp,llvm,heuristic,reconstruction,56.0
033-instcombine-densemapbase-lookupbucketfor-n15-d16.pbqp,llvm,heuristic,kernel,26698.0
033-instcombine-densemapbase-lookupbucketfor-n15-d16.pbqp,llvm,heuristic,metadata,0.0
033-instcombine-densemapbase-lookupbucketfor-n15-d16.pbqp,llvm,heuristic,search,121.0
033-instcombine-densemapbase-lookupbucketfor-n15-d16.pbqp,llvm,heuristic,clone,0.0
033-instcombine-densemapbase-lookupbucketfor-n15-d16.pbqp,llvm,heuristic,allocation,2754.0
033-instcombine-densemapbase-lookupbucketfor-n15-d16.pbqp,llvm,heuristic,conditioning,5104.0
033-instcombine-densemapbase-lookupbucketfor-n15-d16.pbqp,llvm,heuristic,r0,24.0
033-instcombine-densemapbase-lookupbucketfor-n15-d16.pbqp,llvm,heuristic,r1,323.0
033-instcombine-densemapbase-lookupbucketfor-n15-d16.pbqp,llvm,heuristic,r2,1371.0
033-instcombine-densemapbase-lookupbucketfor-n15-d16.pbqp,llvm,heuristic,lower_bound,6738.0
033-instcombine-densemapbase-lookupbucketfor-n15-d16.pbqp,llvm,heuristic,incumbent,70.0
033-instcombine-densemapbase-lookupbucketfor-n15-d16.pbqp,llvm,heuristic,seed,4328.0
036-instcombine-densemapbase-lookuporinsertintobucke-n22-d16.pbqp,llvm,heuristic,other,764.0
036-instcombine-densemapbase-lookuporinsertintobucke-n22-d16.pbqp,llvm,heuristic,topology,13357.0
036-instcombine-densemapbase-lookuporinsertintobucke-n22-d16.pbqp,llvm,heuristic,selection,12922.0
036-instcombine-densemapbase-lookuporinsertintobucke-n22-d16.pbqp,llvm,heuristic,reduction,7386.0
036-instcombine-densemapbase-lookuporinsertintobucke-n22-d16.pbqp,llvm,heuristic,reconstruction,132.0
036-instcombine-densemapbase-lookuporinsertintobucke-n22-d16.pbqp,llvm,heuristic,kernel,36900.0
036-instcombine-densemapbase-lookuporinsertintobucke-n22-d16.pbqp,llvm,heuristic,metadata,1199.0
036-instcombine-densemapbase-lookuporinsertintobucke-n22-d16.pbqp,llvm,heuristic,search,139.0
036-instcombine-densemapbase-lookuporinsertintobucke-n22-d16.pbqp,llvm,heuristic,clone,0.0
036-instcombine-densemapbase-lookuporinsertintobucke-n22-d16.pbqp,llvm,heuristic,allocation,4272.0
036-instcombine-densemapbase-lookuporinsertintobucke-n22-d16.pbqp,llvm,heuristic,conditioning,7904.0
036-instcombine-densemapbase-lookuporinsertintobucke-n22-d16.pbqp,llvm,heuristic,r0,39.0
036-instcombine-densemapbase-lookuporinsertintobucke-n22-d16.pbqp,llvm,heuristic,r1,1469.0
036-instcombine-densemapbase-lookuporinsertintobucke-n22-d16.pbqp,llvm,heuristic,r2,2249.0
036-instcombine-densemapbase-lookuporinsertintobucke-n22-d16.pbqp,llvm,heuristic,lower_bound,9208.0
036-instcombine-densemapbase-lookuporinsertintobucke-n22-d16.pbqp,llvm,heuristic,incumbent,82.0
036-instcombine-densemapbase-lookuporinsertintobucke-n22-d16.pbqp,llvm,heuristic,seed,6869.0
037-instcombine-densemapbase-grow-n20-d17.pbqp,llvm,none,other,1050.0
037-instcombine-densemapbase-grow-n20-d17.pbqp,llvm,none,topology,39207.0
037-instcombine-densemapbase-grow-n20-d17.pbqp,llvm,none,selection,24004.0
037-instcombine-densemapbase-grow-n20-d17.pbqp,llvm,none,reduction,0.0
037-instcombine-densemapbase-grow-n20-d17.pbqp,llvm,none,reconstruction,505.0
037-instcombine-densemapbase-grow-n20-d17.pbqp,llvm,none,kernel,84185.0
037-instcombine-densemapbase-grow-n20-d17.pbqp,llvm,none,metadata,23199.0
037-instcombine-densemapbase-grow-n20-d17.pbqp,llvm,none,search,65295.0
037-instcombine-densemapbase-grow-n20-d17.pbqp,llvm,none,clone,130790.0
037-instcombine-densemapbase-grow-n20-d17.pbqp,llvm,none,allocation,33576.0
037-instcombine-densemapbase-grow-n20-d17.pbqp,llvm,none,conditioning,29021.0
037-instcombine-densemapbase-grow-n20-d17.pbqp,llvm,none,r0,1020.0
037-instcombine-densemapbase-grow-n20-d17.pbqp,llvm,none,r1,15053.0
037-instcombine-densemapbase-grow-n20-d17.pbqp,llvm,none,r2,48912.0
037-instcombine-densemapbase-grow-n20-d17.pbqp,llvm,none,lower_bound,59877.0
037-instcombine-densemapbase-grow-n20-d17.pbqp,llvm,none,incumbent,8444.0
037-instcombine-densemapbase-grow-n20-d17.pbqp,llvm,none,seed,0.0
037-instcombine-densemapbase-grow-n20-d17.pbqp,llvm,heuristic,other,1053.0
037-instcombine-densemapbase-grow-n20-d17.pbqp,llvm,heuristic,topology,6331.0
037-instcombine-densemapbase-grow-n20-d17.pbqp,llvm,heuristic,selection,5501.0
037-instcombine-densemapbase-grow-n20-d17.pbqp,llvm,heuristic,reduction,1281.0
037-instcombine-densemapbase-grow-n20-d17.pbqp,llvm,heuristic,reconstruction,120.0
037-instcombine-densemapbase-grow-n20-d17.pbqp,llvm,heuristic,kernel,18385.0
037-instcombine-densemapbase-grow-n20-d17.pbqp,llvm,heuristic,metadata,2492.0
037-instcombine-densemapbase-grow-n20-d17.pbqp,llvm,heuristic,search,114.0
037-instcombine-densemapbase-grow-n20-d17.pbqp,llvm,heuristic,clone,0.0
037-instcombine-densemapbase-grow-n20-d17.pbqp,llvm,heuristic,allocation,3315.0
037-instcombine-densemapbase-grow-n20-d17.pbqp,llvm,heuristic,conditioning,1036.0
037-instcombine-densemapbase-grow-n20-d17.pbqp,llvm,heuristic,r0,120.0
037-instcombine-densemapbase-grow-n20-d17.pbqp,llvm,heuristic,r1,4776.0
037-instcombine-densemapbase-grow-n20-d17.pbqp,llvm,heuristic,r2,4649.0
037-instcombine-densemapbase-grow-n20-d17.pbqp,llvm,heuristic,lower_bound,1405.0
037-instcombine-densemapbase-grow-n20-d17.pbqp,llvm,heuristic,incumbent,68.0
037-instcombine-densemapbase-grow-n20-d17.pbqp,llvm,heuristic,seed,3494.0
038-instcombine-densemapbase-lookupbucketfor-n15-d16.pbqp,llvm,heuristic,other,437.0
038-instcombine-densemapbase-lookupbucketfor-n15-d16.pbqp,llvm,heuristic,topology,7090.0
038-instcombine-densemapbase-lookupbucketfor-n15-d16.pbqp,llvm,heuristic,selection,6574.0
038-instcombine-densemapbase-lookupbucketfor-n15-d16.pbqp,llvm,heuristic,reduction,4213.0
038-instcombine-densemapbase-lookupbucketfor-n15-d16.pbqp,llvm,heuristic,reconstruction,88.0
038-instcombine-densemapbase-lookupbucketfor-n15-d16.pbqp,llvm,heuristic,kernel,24616.0
038-instcombine-densemapbase-lookupbucketfor-n15-d16.pbqp,llvm,heuristic,metadata,0.0
038-instcombine-densemapbase-lookupbucketfor-n15-d16.pbqp,llvm,heuristic,search,133.0
038-instcombine-densemapbase-lookupbucketfor-n15-d16.pbqp,llvm,heuristic,clone,0.0
038-instcombine-densemapbase-lookupbucketfor-n15-d16.pbqp,llvm,heuristic,allocation,2422.0
038-instcombine-densemapbase-lookupbucketfor-n15-d16.pbqp,llvm,heuristic,conditioning,4861.0
038-instcombine-densemapbase-lookupbucketfor-n15-d16.pbqp,llvm,heuristic,r0,26.0
038-instcombine-densemapbase-lookupbucketfor-n15-d16.pbqp,llvm,heuristic,r1,305.0
038-instcombine-densemapbase-lookupbucketfor-n15-d16.pbqp,llvm,heuristic,r2,1790.0
038-instcombine-densemapbase-lookupbucketfor-n15-d16.pbqp,llvm,heuristic,lower_bound,6476.0
038-instcombine-densemapbase-lookupbucketfor-n15-d16.pbqp,llvm,heuristic,incumbent,67.0
038-instcombine-densemapbase-lookupbucketfor-n15-d16.pbqp,llvm,heuristic,seed,4123.0
041-instcombine-densemapbase-lookuporinsertintobucke-n24-d16.pbqp,llvm,heuristic,other,840.0
041-instcombine-densemapbase-lookuporinsertintobucke-n24-d16.pbqp,llvm,heuristic,topology,15997.0
041-instcombine-densemapbase-lookuporinsertintobucke-n24-d16.pbqp,llvm,heuristic,selection,15071.0
041-instcombine-densemapbase-lookuporinsertintobucke-n24-d16.pbqp,llvm,heuristic,reduction,8404.0
041-instcombine-densemapbase-lookuporinsertintobucke-n24-d16.pbqp,llvm,heuristic,reconstruction,142.0
041-instcombine-densemapbase-lookuporinsertintobucke-n24-d16.pbqp,llvm,heuristic,kernel,39504.0
041-instcombine-densemapbase-lookuporinsertintobucke-n24-d16.pbqp,llvm,heuristic,metadata,1001.0
041-instcombine-densemapbase-lookuporinsertintobucke-n24-d16.pbqp,llvm,heuristic,search,165.0
041-instcombine-densemapbase-lookuporinsertintobucke-n24-d16.pbqp,llvm,heuristic,clone,0.0
041-instcombine-densemapbase-lookuporinsertintobucke-n24-d16.pbqp,llvm,heuristic,allocation,4945.0
041-instcombine-densemapbase-lookuporinsertintobucke-n24-d16.pbqp,llvm,heuristic,conditioning,9218.0
041-instcombine-densemapbase-lookuporinsertintobucke-n24-d16.pbqp,llvm,heuristic,r0,80.0
041-instcombine-densemapbase-lookuporinsertintobucke-n24-d16.pbqp,llvm,heuristic,r1,1577.0
041-instcombine-densemapbase-lookuporinsertintobucke-n24-d16.pbqp,llvm,heuristic,r2,2623.0
041-instcombine-densemapbase-lookuporinsertintobucke-n24-d16.pbqp,llvm,heuristic,lower_bound,10517.0
041-instcombine-densemapbase-lookuporinsertintobucke-n24-d16.pbqp,llvm,heuristic,incumbent,91.0
041-instcombine-densemapbase-lookuporinsertintobucke-n24-d16.pbqp,llvm,heuristic,seed,8376.0
042-instcombine-instcombiner-replaceoperand-n18-d16.pbqp,llvm,heuristic,other,697.0
042-instcombine-instcombiner-replaceoperand-n18-d16.pbqp,llvm,heuristic,topology,9380.0
042-instcombine-instcombiner-replaceoperand-n18-d16.pbqp,llvm,heuristic,selection,8896.0
042-instcombine-instcombiner-replaceoperand-n18-d16.pbqp,llvm,heuristic,reduction,4190.0
042-instcombine-instcombiner-replaceoperand-n18-d16.pbqp,llvm,heuristic,reconstruction,91.0
042-instcombine-instcombiner-replaceoperand-n18-d16.pbqp,llvm,heuristic,kernel,21935.0
042-instcombine-instcombiner-replaceoperand-n18-d16.pbqp,llvm,heuristic,metadata,523.0
042-instcombine-instcombiner-replaceoperand-n18-d16.pbqp,llvm,heuristic,search,156.0
042-instcombine-instcombiner-replaceoperand-n18-d16.pbqp,llvm,heuristic,clone,0.0
042-instcombine-instcombiner-replaceoperand-n18-d16.pbqp,llvm,heuristic,allocation,3213.0
042-instcombine-instcombiner-replaceoperand-n18-d16.pbqp,llvm,heuristic,conditioning,3852.0
042-instcombine-instcombiner-replaceoperand-n18-d16.pbqp,llvm,heuristic,r0,79.0
042-instcombine-instcombiner-replaceoperand-n18-d16.pbqp,llvm,heuristic,r1,458.0
042-instcombine-instcombiner-replaceoperand-n18-d16.pbqp,llvm,heuristic,r2,4167.0
042-instcombine-instcombiner-replaceoperand-n18-d16.pbqp,llvm,heuristic,lower_bound,4261.0
042-instcombine-instcombiner-replaceoperand-n18-d16.pbqp,llvm,heuristic,incumbent,103.0
042-instcombine-instcombiner-replaceoperand-n18-d16.pbqp,llvm,heuristic,seed,4521.0
044-instcombine-instcombiner-replaceinstuseswith-n16-d16-r1.pbqp,llvm,heuristic,other,698.0
044-instcombine-instcombiner-replaceinstuseswith-n16-d16-r1.pbqp,llvm,heuristic,topology,7122.0
044-instcombine-instcombiner-replaceinstuseswith-n16-d16-r1.pbqp,llvm,heuristic,selection,6650.0
044-instcombine-instcombiner-replaceinstuseswith-n16-d16-r1.pbqp,llvm,heuristic,reduction,2861.0
044-instcombine-instcombiner-replaceinstuseswith-n16-d16-r1.pbqp,llvm,heuristic,reconstruction,97.0
044-instcombine-instcombiner-replaceinstuseswith-n16-d16-r1.pbqp,llvm,heuristic,kernel,11829.0
044-instcombine-instcombiner-replaceinstuseswith-n16-d16-r1.pbqp,llvm,heuristic,metadata,769.0
044-instcombine-instcombiner-replaceinstuseswith-n16-d16-r1.pbqp,llvm,heuristic,search,121.0
044-instcombine-instcombiner-replaceinstuseswith-n16-d16-r1.pbqp,llvm,heuristic,clone,0.0
044-instcombine-instcombiner-replaceinstuseswith-n16-d16-r1.pbqp,llvm,heuristic,allocation,2571.0
044-instcombine-instcombiner-replaceinstuseswith-n16-d16-r1.pbqp,llvm,heuristic,conditioning,3006.0
044-instcombine-instcombiner-replaceinstuseswith-n16-d16-r1.pbqp,llvm,heuristic,r0,24.0
044-instcombine-instcombiner-replaceinstuseswith-n16-d16-r1.pbqp,llvm,heuristic,r1,1919.0
044-instcombine-instcombiner-replaceinstuseswith-n16-d16-r1.pbqp,llvm,heuristic,r2,1475.0
044-instcombine-instcombiner-replaceinstuseswith-n16-d16-r1.pbqp,llvm,heuristic,lower_bound,2573.0
044-instcombine-instcombiner-replaceinstuseswith-n16-d16-r1.pbqp,llvm,heuristic,incumbent,70.0
044-instcombine-instcombiner-replaceinstuseswith-n16-d16-r1.pbqp,llvm,heuristic,seed,3648.0
045-instcombine-instcombiner-addone-n3-d15.pbqp,llvm,none,other,417.0
045-instcombine-instcombiner-addone-n3-d15.pbqp,llvm,none,topology,320.0
045-instcombine-instcombiner-addone-n3-d15.pbqp,llvm,none,selection,184.0
045-instcombine-instcombiner-addone-n3-d15.pbqp,llvm,none,reduction,0.0
045-instcombine-instcombiner-addone-n3-d15.pbqp,llvm,none,reconstruction,28.0
045-instcombine-instcombiner-addone-n3-d15.pbqp,llvm,none,kernel,1110.0
045-instcombine-instcombiner-addone-n3-d15.pbqp,llvm,none,metadata,430.0
045-instcombine-instcombiner-addone-n3-d15.pbqp,llvm,none,search,0.0
045-instcombine-instcombiner-addone-n3-d15.pbqp,llvm,none,clone,0.0
045-instcombine-instcombiner-addone-n3-d15.pbqp,llvm,none,allocation,235.0
045-instcombine-instcombiner-addone-n3-d15.pbqp,llvm,none,conditioning,0.0
045-instcombine-instcombiner-addone-n3-d15.pbqp,llvm,none,r0,26.0
045-instcombine-instcombiner-addone-n3-d15.pbqp,llvm,none,r1,296.0
045-instcombine-instcombiner-addone-n3-d15.pbqp,llvm,none,r2,1067.0
045-instcombine-instcombiner-addone-n3-d15.pbqp,llvm,none,lower_bound,0.0
045-instcombine-instcombiner-addone-n3-d15.pbqp,llvm,none,incumbent,0.0
045-instcombine-instcombiner-addone-n3-d15.pbqp,llvm,none,seed,0.0
045-instcombine-instcombiner-addone-n3-d15.pbqp,llvm,heuristic,other,389.0
045-instcombine-instcombiner-addone-n3-d15.pbqp,llvm,heuristic,topology,531.0
045-instcombine-instcombiner-addone-n3-d15.pbqp,llvm,heuristic,selection,298.0
045-instcombine-instcombiner-addone-n3-d15.pbqp,llvm,heuristic,reduction,0.0
045-instcombine-instcombiner-addone-n3-d15.pbqp,llvm,heuristic,reconstruction,55.0
045-instcombine-instcombiner-addone-n3-d15.pbqp,llvm,heuristic,kernel,3751.0
045-instcombine-instcombiner-addone-n3-d15.pbqp,llvm,heuristic,metadata,456.0
045-instcombine-instcombiner-addone-n3-d15.pbqp,llvm,heuristic,search,0.0
045-instcombine-instcombiner-addone-n3-d15.pbqp,llvm,heuristic,clone,0.0
045-instcombine-instcombiner-addone-n3-d15.pbqp,llvm,heuristic,allocation,344.0
045-instcombine-instcombiner-addone-n3-d15.pbqp,llvm,heuristic,conditioning,0.0
045-instcombine-instcombiner-addone-n3-d15.pbqp,llvm,heuristic,r0,48.0
045-instcombine-instcombiner-addone-n3-d15.pbqp,llvm,heuristic,r1,548.0
045-instcombine-instcombiner-addone-n3-d15.pbqp,llvm,heuristic,r2,1943.0
045-instcombine-instcombiner-addone-n3-d15.pbqp,llvm,heuristic,lower_bound,0.0
045-instcombine-instcombiner-addone-n3-d15.pbqp,llvm,heuristic,incumbent,0.0
045-instcombine-instcombiner-addone-n3-d15.pbqp,llvm,heuristic,seed,589.0
046-instcombine-instcombiner-subone-n3-d15.pbqp,llvm,none,other,381.0
046-instcombine-instcombiner-subone-n3-d15.pbqp,llvm,none,topology,295.0
046-instcombine-instcombiner-subone-n3-d15.pbqp,llvm,none,selection,170.0
046-instcombine-instcombiner-subone-n3-d15.pbqp,llvm,none,reduction,0.0
046-instcombine-instcombiner-subone-n3-d15.pbqp,llvm,none,reconstruction,27.0
046-instcombine-instcombiner-subone-n3-d15.pbqp,llvm,none,kernel,1039.0
046-instcombine-instcombiner-subone-n3-d15.pbqp,llvm,none,metadata,414.0
046-instcombine-instcombiner-subone-n3-d15.pbqp,llvm,none,search,0.0
046-instcombine-instcombiner-subone-n3-d15.pbqp,llvm,none,clone,0.0
046-instcombine-instcombiner-subone-n3-d15.pbqp,llvm,none,allocation,227.0
046-instcombine-instcombiner-subone-n3-d15.pbqp,llvm,none,conditioning,0.0
046-instcombine-instcombiner-subone-n3-d15.pbqp,llvm,none,r0,23.0
046-instcombine-instcombiner-subone-n3-d15.pbqp,llvm,none,r1,277.0
046-instcombine-instcombiner-subone-n3-d15.pbqp,llvm,none,r2,1158.0
046-instcombine-instcombiner-subone-n3-d15.pbqp,llvm,none,lower_bound,0.0
046-instcombine-instcombiner-subone-n3-d15.pbqp,llvm,none,incumbent,0.0
046-instcombine-instcombiner-subone-n3-d15.pbqp,llvm,none,seed,0.0
046-instcombine-instcombiner-subone-n3-d15.pbqp,llvm,heuristic,other,410.0
046-instcombine-instcombiner-subone-n3-d15.pbqp,llvm,heuristic,topology,577.0
046-instcombine-instcombiner-subone-n3-d15.pbqp,llvm,heuristic,selection,301.0
046-instcombine-instcombiner-subone-n3-d15.pbqp,llvm,heuristic,reduction,0.0
046-instcombine-instcombiner-subone-n3-d15.pbqp,llvm,heuristic,reconstruction,85.0
046-instcombine-instcombiner-subone-n3-d15.pbqp,llvm,heuristic,kernel,3918.0
046-instcombine-instcombiner-subone-n3-d15.pbqp,llvm,heuristic,metadata,465.0
046-instcombine-instcombiner-subone-n3-d15.pbqp,llvm,heuristic,search,0.0
046-instcombine-instcombiner-subone-n3-d15.pbqp,llvm,heuristic,clone,0.0
046-instcombine-instcombiner-subone-n3-d15.pbqp,llvm,heuristic,allocation,355.0
046-instcombine-instcombiner-subone-n3-d15.pbqp,llvm,heuristic,conditioning,0.0
046-instcombine-instcombiner-subone-n3-d15.pbqp,llvm,heuristic,r0,49.0
046-instcombine-instcombiner-subone-n3-d15.pbqp,llvm,heuristic,r1,582.0
046-instcombine-instcombiner-subone-n3-d15.pbqp,llvm,heuristic,r2,2030.0
046-instcombine-instcombiner-subone-n3-d15.pbqp,llvm,heuristic,lower_bound,0.0
046-instcombine-instcombiner-subone-n3-d15.pbqp,llvm,heuristic,incumbent,0.0
046-instcombine-instcombiner-subone-n3-d15.pbqp,llvm,heuristic,seed,589.0
047-instcombine-patternmatch-match-n13-d16.pbqp,llvm,none,other,608.0
047-instcombine-patternmatch-match-n13-d16.pbqp,llvm,none,topology,22286.0
047-instcombine-patternmatch-match-n13-d16.pbqp,llvm,none,selection,12553.0
047-instcombine-patternmatch-match-n13-d16.pbqp,llvm,none,reduction,0.0
047-instcombine-patternmatch-match-n13-d16.pbqp,llvm,none,reconstruction,225.0
047-instcombine-patternmatch-match-n13-d16.pbqp,llvm,none,kernel,48579.0
047-instcombine-patternmatch-match-n13-d16.pbqp,llvm,none,metadata,15894.0
047-instcombine-patternmatch-match-n13-d16.pbqp,llvm,none,search,35342.0
047-instcombine-patternmatch-match-n13-d16.pbqp,llvm,none,clone,41179.0
047-instcombine-patternmatch-match-n13-d16.pbqp,llvm,none,allocation,18744.0
047-instcombine-patternmatch-match-n13-d16.pbqp,llvm,none,conditioning,12245.0
047-instcombine-patternmatch-match-n13-d16.pbqp,llvm,none,r0,599.0
047-instcombine-patternmatch-match-n13-d16.pbqp,llvm,none,r1,5977.0
047-instcombine-patternmatch-match-n13-d16.pbqp,llvm,none,r2,44708.0
047-instcombine-patternmatch-match-n13-d16.pbqp,llvm,none,lower_bound,23470.0
047-instcombine-patternmatch-match-n13-d16.pbqp,llvm,none,incumbent,4191.0
047-instcombine-patternmatch-match-n13-d16.pbqp,llvm,none,seed,0.0
047-instcombine-patternmatch-match-n13-d16.pbqp,llvm,heuristic,other,564.0
047-instcombine-patternmatch-match-n13-d16.pbqp,llvm,heuristic,topology,4481.0
047-instcombine-patternmatch-match-n13-d16.pbqp,llvm,heuristic,selection,3746.0
047-instcombine-patternmatch-match-n13-d16.pbqp,llvm,heuristic,reduction,924.0
047-instcombine-patternmatch-match-n13-d16.pbqp,llvm,heuristic,reconstruction,44.0
047-instcombine-patternmatch-match-n13-d16.pbqp,llvm,heuristic,kernel,12485.0
047-instcombine-patternmatch-match-n13-d16.pbqp,llvm,heuristic,metadata,743.0
047-instcombine-patternmatch-match-n13-d16.pbqp,llvm,heuristic,search,122.0
047-instcombine-patternmatch-match-n13-d16.pbqp,llvm,heuristic,clone,0.0
047-instcombine-patternmatch-match-n13-d16.pbqp,llvm,heuristic,allocation,1717.0
047-instcombine-patternmatch-match-n13-d16.pbqp,llvm,heuristic,conditioning,719.0
047-instcombine-patternmatch-match-n13-d16.pbqp,llvm,heuristic,r0,72.0
047-instcombine-patternmatch-match-n13-d16.pbqp,llvm,heuristic,r1,722.0
047-instcombine-patternmatch-match-n13-d16.pbqp,llvm,heuristic,r2,5396.0
047-instcombine-patternmatch-match-n13-d16.pbqp,llvm,heuristic,lower_bound,1122.0
047-instcombine-patternmatch-match-n13-d16.pbqp,llvm,heuristic,incumbent,64.0
047-instcombine-patternmatch-match-n13-d16.pbqp,llvm,heuristic,seed,2283.0
048-instcombine-patternmatch-match-n11-d16.pbqp,llvm,none,other,494.0
048-instcombine-patternmatch-match-n11-d16.pbqp,llvm,none,topology,15535.0
048-instcombine-patternmatch-match-n11-d16.pbqp,llvm,none,selection,8508.0
048-instcombine-patternmatch-match-n11-d16.pbqp,llvm,none,reduction,0.0
048-instcombine-patternmatch-match-n11-d16.pbqp,llvm,none,reconstruction,105.0
048-instcombine-patternmatch-match-n11-d16.pbqp,llvm,none,kernel,29031.0
048-instcombine-patternmatch-match-n11-d16.pbqp,llvm,none,metadata,8908.0
048-instcombine-patternmatch-match-n11-d16.pbqp,llvm,none,search,27115.0
048-instcombine-patternmatch-match-n11-d16.pbqp,llvm,none,clone,26999.0
048-instcombine-patternmatch-match-n11-d16.pbqp,llvm,none,allocation,15054.0
048-instcombine-patternmatch-match-n11-d16.pbqp,llvm,none,conditioning,8509.0
048-instcombine-patternmatch-match-n11-d16.pbqp,llvm,none,r0,794.0
048-instcombine-patternmatch-match-n11-d16.pbqp,llvm,none,r1,6429.0
048-instcombine-patternmatch-match-n11-d16.pbqp,llvm,none,r2,21528.0
048-instcombine-patternmatch-match-n11-d16.pbqp,llvm,none,lower_bound,7060.0
048-instcombine-patternmatch-match-n11-d16.pbqp,llvm,none,incumbent,2981.0
048-instcombine-patternmatch-match-n11-d16.pbqp,llvm,none,seed,0.0
048-instcombine-patternmatch-match-n11-d16.pbqp,llvm,heuristic,other,572.0
048-instcombine-patternmatch-match-n11-d16.pbqp,llvm,heuristic,topology,3242.0
048-instcombine-patternmatch-match-n11-d16.pbqp,llvm,heuristic,selection,2894.0
048-instcombine-patternmatch-match-n11-d16.pbqp,llvm,heuristic,reduction,619.0
048-instcombine-patternmatch-match-n11-d16.pbqp,llvm,heuristic,reconstruction,45.0
048-instcombine-patternmatch-match-n11-d16.pbqp,llvm,heuristic,kernel,8718.0
048-instcombine-patternmatch-match-n11-d16.pbqp,llvm,heuristic,metadata,759.0
048-instcombine-patternmatch-match-n11-d16.pbqp,llvm,heuristic,search,116.0
048-instcombine-patternmatch-match-n11-d16.pbqp,llvm,heuristic,clone,0.0
048-instcombine-patternmatch-match-n11-d16.pbqp,llvm,heuristic,allocation,1270.0
048-instcombine-patternmatch-match-n11-d16.pbqp,llvm,heuristic,conditioning,449.0
048-instcombine-patternmatch-match-n11-d16.pbqp,llvm,heuristic,r0,71.0
048-instcombine-patternmatch-match-n11-d16.pbqp,llvm,heuristic,r1,734.0
048-instcombine-patternmatch-match-n11-d16.pbqp,llvm,heuristic,r2,3519.0
048-instcombine-patternmatch-match-n11-d16.pbqp,llvm,heuristic,lower_bound,788.0
048-instcombine-patternmatch-match-n11-d16.pbqp,llvm,heuristic,incumbent,61.0
048-instcombine-patternmatch-match-n11-d16.pbqp,llvm,heuristic,seed,1769.0
049-instcombine-patternmatch-match-n13-d16.pbqp,llvm,none,other,524.0
049-instcombine-patternmatch-match-n13-d16.pbqp,llvm,none,topology,24080.0
049-instcombine-patternmatch-match-n13-d16.pbqp,llvm,none,selection,13456.0
049-instcombine-patternmatch-match-n13-d16.pbqp,llvm,none,reduction,0.0
049-instcombine-patternmatch-match-n13-d16.pbqp,llvm,none,reconstruction,225.0
049-instcombine-patternmatch-match-n13-d16.pbqp,llvm,none,kernel,52289.0
049-instcombine-patternmatch-match-n13-d16.pbqp,llvm,none,metadata,16484.0
049-instcombine-patternmatch-match-n13-d16.pbqp,llvm,none,search,37462.0
049-instcombine-patternmatch-match-n13-d16.pbqp,llvm,none,clone,44691.0
049-instcombine-patternmatch-match-n13-d16.pbqp,llvm,none,allocation,20981.0
049-instcombine-patternmatch-match-n13-d16.pbqp,llvm,none,conditioning,13045.0
049-instcombine-patternmatch-match-n13-d16.pbqp,llvm,none,r0,624.0
049-instcombine-patternmatch-match-n13-d16.pbqp,llvm,none,r1,5849.0
049-instcombine-patternmatch-match-n13-d16.pbqp,llvm,none,r2,50279.0
049-instcombine-patternmatch-match-n13-d16.pbqp,llvm,none,lower_bound,25179.0
049-instcombine-patternmatch-match-n13-d16.pbqp,llvm,none,incumbent,4558.0
049-instcombine-patternmatch-match-n13-d16.pbqp,llvm,none,seed,0.0
049-instcombine-patternmatch-match-n13-d16.pbqp,llvm,heuristic,other,610.0
049-instcombine-patternmatch-match-n13-d16.pbqp,llvm,heuristic,topology,4714.0
049-instcombine-patternmatch-match-n13-d16.pbqp,llvm,heuristic,selection,3914.0
049-instcombine-patternmatch-match-n13-d16.pbqp,llvm,heuristic,reduction,1071.0
049-instcombine-patternmatch-match-n13-d16.pbqp,llvm,heuristic,reconstruction,83.0
049-instcombine-patternmatch-match-n13-d16.pbqp,llvm,heuristic,kernel,13423.0
049-instcombine-patternmatch-match-n13-d16.pbqp,llvm,heuristic,metadata,890.0
049-instcombine-patternmatch-match-n13-d16.pbqp,llvm,heuristic,search,117.0
049-instcombine-patternmatch-match-n13-d16.pbqp,llvm,heuristic,clone,0.0
049-instcombine-patternmatch-match-n13-d16.pbqp,llvm,heuristic,allocation,1838.0
049-instcombine-patternmatch-match-n13-d16.pbqp,llvm,heuristic,conditioning,735.0
049-instcombine-patternmatch-match-n13-d16.pbqp,llvm,heuristic,r0,124.0
049-instcombine-patternmatch-match-n13-d16.pbqp,llvm,heuristic,r1,728.0
049-instcombine-patternmatch-match-n13-d16.pbqp,llvm,heuristic,r2,5403.0
049-instcombine-patternmatch-match-n13-d16.pbqp,llvm,heuristic,lower_bound,1202.0
049-instcombine-patternmatch-match-n13-d16.pbqp,llvm,heuristic,incumbent,66.0
049-instcombine-patternmatch-match-n13-d16.pbqp,llvm,heuristic,seed,2378.0
050-instcombine-patternmatch-match-n11-d16.pbqp,llvm,heuristic,other,393.0
050-instcombine-patternmatch-match-n11-d16.pbqp,llvm,heuristic,topology,3637.0
050-instcombine-patternmatch-match-n11-d16.pbqp,llvm,heuristic,selection,3426.0
050-instcombine-patternmatch-match-n11-d16.pbqp,llvm,heuristic,reduction,1848.0
050-instcombine-patternmatch-match-n11-d16.pbqp,llvm,heuristic,reconstruction,81.0
050-instcombine-patternmatch-match-n11-d16.pbqp,llvm,heuristic,kernel,13819.0
050-instcombine-patternmatch-match-n11-d16.pbqp,llvm,heuristic,metadata,508.0
050-instcombine-patternmatch-match-n11-d16.pbqp,llvm,heuristic,search,120.0
050-instcombine-patternmatch-match-n11-d16.pbqp,llvm,heuristic,clone,0.0
050-instcombine-patternmatch-match-n11-d16.pbqp,llvm,heuristic,allocation,2194.0
050-instcombine-patternmatch-match-n11-d16.pbqp,llvm,heuristic,conditioning,1509.0
050-instcombine-patternmatch-match-n11-d16.pbqp,llvm,heuristic,r0,44.0
050-instcombine-patternmatch-match-n11-d16.pbqp,llvm,heuristic,r1,783.0
050-instcombine-patternmatch-match-n11-d16.pbqp,llvm,heuristic,r2,3021.0
050-instcombine-patternmatch-match-n11-d16.pbqp,llvm,heuristic,lower_bound,1892.0
050-instcombine-patternmatch-match-n11-d16.pbqp,llvm,heuristic,incumbent,73.0
050-instcombine-patternmatch-match-n11-d16.pbqp,llvm,heuristic,seed,2297.0
051-instcombine-patternmatch-match-n11-d16.pbqp,llvm,none,other,614.0
051-instcombine-patternmatch-match-n11-d16.pbqp,llvm,none,topology,12578.0
051-instcombine-patternmatch-match-n11-d16.pbqp,llvm,none,selection,7616.0
051-instcombine-patternmatch-match-n11-d16.pbqp,llvm,none,reduction,0.0
051-instcombine-patternmatch-match-n11-d16.pbqp,llvm,none,reconstruction,146.0
051-instcombine-patternmatch-match-n11-d16.pbqp,llvm,none,kernel,27689.0
051-instcombine-patternmatch-match-n11-d16.pbqp,llvm,none,metadata,8551.0
051-instcombine-patternmatch-match-n11-d16.pbqp,llvm,none,search,18250.0
051-instcombine-patternmatch-match-n11-d16.pbqp,llvm,none,clone,16813.0
051-instcombine-patternmatch-match-n11-d16.pbqp,llvm,none,allocation,9885.0
051-instcombine-patternmatch-match-n11-d16.pbqp,llvm,none,conditioning,5877.0
051-instcombine-patternmatch-match-n11-d16.pbqp,llvm,none,r0,380.0
051-instcombine-patternmatch-match-n11-d16.pbqp,llvm,none,r1,4218.0
051-instcombine-patternmatch-match-n11-d16.pbqp,llvm,none,r2,26374.0
051-instcombine-patternmatch-match-n11-d16.pbqp,llvm,none,lower_bound,7025.0
051-instcombine-patternmatch-match-n11-d16.pbqp,llvm,none,incumbent,2138.0
051-instcombine-patternmatch-match-n11-d16.pbqp,llvm,none,seed,0.0
051-instcombine-patternmatch-match-n11-d16.pbqp,llvm,heuristic,other,600.0
051-instcombine-patternmatch-match-n11-d16.pbqp,llvm,heuristic,topology,3470.0
051-instcombine-patternmatch-match-n11-d16.pbqp,llvm,heuristic,selection,2799.0
051-instcombine-patternmatch-match-n11-d16.pbqp,llvm,heuristic,reduction,657.0
051-instcombine-patternmatch-match-n11-d16.pbqp,llvm,heuristic,reconstruction,43.0
051-instcombine-patternmatch-match-n11-d16.pbqp,llvm,heuristic,kernel,11739.0
051-instcombine-patternmatch-match-n11-d16.pbqp,llvm,heuristic,metadata,789.0
051-instcombine-patternmatch-match-n11-d16.pbqp,llvm,heuristic,search,115.0
051-instcombine-patternmatch-match-n11-d16.pbqp,llvm,heuristic,clone,0.0
051-instcombine-patternmatch-match-n11-d16.pbqp,llvm,heuristic,allocation,1650.0
051-instcombine-patternmatch-match-n11-d16.pbqp,llvm,heuristic,conditioning,463.0
051-instcombine-patternmatch-match-n11-d16.pbqp,llvm,heuristic,r0,25.0
051-instcombine-patternmatch-match-n11-d16.pbqp,llvm,heuristic,r1,715.0
051-instcombine-patternmatch-match-n11-d16.pbqp,llvm,heuristic,r2,5499.0
051-instcombine-patternmatch-match-n11-d16.pbqp,llvm,heuristic,lower_bound,810.0
051-instcombine-patternmatch-match-n11-d16.pbqp,llvm,heuristic,incumbent,66.0
051-instcombine-patternmatch-match-n11-d16.pbqp,llvm,heuristic,seed,1977.0
052-instcombine-patternmatch-match-n10-d16.pbqp,llvm,none,other,590.0
052-instcombine-patternmatch-match-n10-d16.pbqp,llvm,none,topology,3437.0
052-instcombine-patternmatch-match-n10-d16.pbqp,llvm,none,selection,1941.0
052-instcombine-patternmatch-match-n10-d16.pbqp,llvm,none,reduction,0.0
052-instcombine-patternmatch-match-n10-d16.pbqp,llvm,none,reconstruction,65.0
052-instcombine-patternmatch-match-n10-d16.pbqp,llvm,none,kernel,10045.0
052-instcombine-patternmatch-match-n10-d16.pbqp,llvm,none,metadata,3618.0
052-instcombine-patternmatch-match-n10-d16.pbqp,llvm,none,search,4635.0
052-instcombine-patternmatch-match-n10-d16.pbqp,llvm,none,clone,3277.0
052-instcombine-patternmatch-match-n10-d16.pbqp,llvm,none,allocation,3238.0
052-instcombine-patternmatch-match-n10-d16.pbqp,llvm,none,conditioning,1316.0
052-instcombine-patternmatch-match-n10-d16.pbqp,llvm,none,r0,203.0
052-instcombine-patternmatch-match-n10-d16.pbqp,llvm,none,r1,1992.0
052-instcombine-patternmatch-match-n10-d16.pbqp,llvm,none,r2,9379.0
052-instcombine-patternmatch-match-n10-d16.pbqp,llvm,none,lower_bound,138.0
052-instcombine-patternmatch-match-n10-d16.pbqp,llvm,none,incumbent,484.0
052-instcombine-patternmatch-match-n10-d16.pbqp,llvm,none,seed,0.0
052-instcombine-patternmatch-match-n10-d16.pbqp,llvm,heuristic,other,773.0
052-instcombine-patternmatch-match-n10-d16.pbqp,llvm,heuristic,topology,3069.0
052-instcombine-patternmatch-match-n10-d16.pbqp,llvm,heuristic,selection,2046.0
052-instcombine-patternmatch-match-n10-d16.pbqp,llvm,heuristic,reduction,439.0
052-instcombine-patternmatch-match-n10-d16.pbqp,llvm,heuristic,reconstruction,104.0
052-instcombine-patternmatch-match-n10-d16.pbqp,llvm,heuristic,kernel,11185.0
052-instcombine-patternmatch-match-n10-d16.pbqp,llvm,heuristic,metadata,1036.0
052-instcombine-patternmatch-match-n10-d16.pbqp,llvm,heuristic,search,198.0
052-instcombine-patternmatch-match-n10-d16.pbqp,llvm,heuristic,clone,0.0
052-instcombine-patternmatch-match-n10-d16.pbqp,llvm,heuristic,allocation,1568.0
052-instcombine-patternmatch-match-n10-d16.pbqp,llvm,heuristic,conditioning,262.0
052-instcombine-patternmatch-match-n10-d16.pbqp,llvm,heuristic,r0,139.0
052-instcombine-patternmatch-match-n10-d16.pbqp,llvm,heuristic,r1,994.0
052-instcombine-patternmatch-match-n10-d16.pbqp,llvm,heuristic,r2,6020.0
052-instcombine-patternmatch-match-n10-d16.pbqp,llvm,heuristic,lower_bound,506.0
052-instcombine-patternmatch-match-n10-d16.pbqp,llvm,heuristic,incumbent,85.0
052-instcombine-patternmatch-match-n10-d16.pbqp,llvm,heuristic,seed,2007.0
053-instcombine-patternmatch-match-n15-d16.pbqp,llvm,none,other,666.0
053-instcombine-patternmatch-match-n15-d16.pbqp,llvm,none,topology,35586.0
053-instcombine-patternmatch-match-n15-d16.pbqp,llvm,none,selection,21001.0
053-instcombine-patternmatch-match-n15-d16.pbqp,llvm,none,reduction,0.0
053-instcombine-patternmatch-match-n15-d16.pbqp,llvm,none,reconstruction,173.0
053-instcombine-patternmatch-match-n15-d16.pbqp,llvm,none,kernel,151710.0
053-instcombine-patternmatch-match-n15-d16.pbqp,llvm,none,metadata,35168.0
053-instcombine-patternmatch-match-n15-d16.pbqp,llvm,none,search,52244.0
053-instcombine-patternmatch-match-n15-d16.pbqp,llvm,none,clone,73383.0
053-instcombine-patternmatch-match-n15-d16.pbqp,llvm,none,allocation,29753.0
053-instcombine-patternmatch-match-n15-d16.pbqp,llvm,none,conditioning,18310.0
053-instcombine-patternmatch-match-n15-d16.pbqp,llvm,none,r0,1234.0
053-instcombine-patternmatch-match-n15-d16.pbqp,llvm,none,r1,12918.0
053-instcombine-patternmatch-match-n15-d16.pbqp,llvm,none,r2,110171.0
053-instcombine-patternmatch-match-n15-d16.pbqp,llvm,none,lower_bound,36019.0
053-instcombine-patternmatch-match-n15-d16.pbqp,llvm,none,incumbent,6036.0
053-instcombine-patternmatch-match-n15-d16.pbqp,llvm,none,seed,0.0
053-instcombine-patternmatch-match-n15-d16.pbqp,llvm,heuristic,other,811.0
053-instcombine-patternmatch-match-n15-d16.pbqp,llvm,heuristic,topology,4914.0
053-instcombine-patternmatch-match-n15-d16.pbqp,llvm,heuristic,selection,3703.0
053-instcombine-patternmatch-match-n15-d16.pbqp,llvm,heuristic,reduction,1037.0
053-instcombine-patternmatch-match-n15-d16.pbqp,llvm,heuristic,reconstruction,107.0
053-instcombine-patternmatch-match-n15-d16.pbqp,llvm,heuristic,kernel,39842.0
053-instcombine-patternmatch-match-n15-d16.pbqp,llvm,heuristic,metadata,1686.0
053-instcombine-patternmatch-match-n15-d16.pbqp,llvm,heuristic,search,127.0
053-instcombine-patternmatch-match-n15-d16.pbqp,llvm,heuristic,clone,0.0
053-instcombine-patternmatch-match-n15-d16.pbqp,llvm,heuristic,allocation,2061.0
053-instcombine-patternmatch-match-n15-d16.pbqp,llvm,heuristic,conditioning,757.0
053-instcombine-patternmatch-match-n15-d16.pbqp,llvm,heuristic,r0,91.0
053-instcombine-patternmatch-match-n15-d16.pbqp,llvm,heuristic,r1,1409.0
053-instcombine-patternmatch-match-n15-d16.pbqp,llvm,heuristic,r2,15169.0
053-instcombine-patternmatch-match-n15-d16.pbqp,llvm,heuristic,lower_bound,1595.0
053-instcombine-patternmatch-match-n15-d16.pbqp,llvm,heuristic,incumbent,69.0
053-instcombine-patternmatch-match-n15-d16.pbqp,llvm,heuristic,seed,2658.0
054-instcombine-patternmatch-match-n14-d16.pbqp,llvm,none,other,614.0
054-instcombine-patternmatch-match-n14-d16.pbqp,llvm,none,topology,133609.0
054-instcombine-patternmatch-match-n14-d16.pbqp,llvm,none,selection,84633.0
054-instcombine-patternmatch-match-n14-d16.pbqp,llvm,none,reduction,0.0
054-instcombine-patternmatch-match-n14-d16.pbqp,llvm,none,reconstruction,569.0
054-instcombine-patternmatch-match-n14-d16.pbqp,llvm,none,kernel,201484.0
054-instcombine-patternmatch-match-n14-d16.pbqp,llvm,none,metadata,53274.0
054-instcombine-patternmatch-match-n14-d16.pbqp,llvm,none,search,170690.0
054-instcombine-patternmatch-match-n14-d16.pbqp,llvm,none,clone,247899.0
054-instcombine-patternmatch-match-n14-d16.pbqp,llvm,none,allocation,87441.0
054-instcombine-patternmatch-match-n14-d16.pbqp,llvm,none,conditioning,62998.0
054-instcombine-patternmatch-match-n14-d16.pbqp,llvm,none,r0,1440.0
054-instcombine-patternmatch-match-n14-d16.pbqp,llvm,none,r1,16702.0
054-instcombine-patternmatch-match-n14-d16.pbqp,llvm,none,r2,170512.0
054-instcombine-patternmatch-match-n14-d16.pbqp,llvm,none,lower_bound,247845.0
054-instcombine-patternmatch-match-n14-d16.pbqp,llvm,none,incumbent,21603.0
054-instcombine-patternmatch-match-n14-d16.pbqp,llvm,none,seed,0.0
054-instcombine-patternmatch-match-n14-d16.pbqp,llvm,heuristic,other,358.0
054-instcombine-patternmatch-match-n14-d16.pbqp,llvm,heuristic,topology,4976.0
054-instcombine-patternmatch-match-n14-d16.pbqp,llvm,heuristic,selection,4866.0
054-instcombine-patternmatch-match-n14-d16.pbqp,llvm,heuristic,reduction,1844.0
054-instcombine-patternmatch-match-n14-d16.pbqp,llvm,heuristic,reconstruction,99.0
054-instcombine-patternmatch-match-n14-d16.pbqp,llvm,heuristic,kernel,12709.0
054-instcombine-patternmatch-match-n14-d16.pbqp,llvm,heuristic,metadata,402.0
054-instcombine-patternmatch-match-n14-d16.pbqp,llvm,heuristic,search,123.0
054-instcombine-patternmatch-match-n14-d16.pbqp,llvm,heuristic,clone,0.0
054-instcombine-patternmatch-match-n14-d16.pbqp,llvm,heuristic,allocation,1830.0
054-instcombine-patternmatch-match-n14-d16.pbqp,llvm,heuristic,conditioning,1471.0
054-instcombine-patternmatch-match-n14-d16.pbqp,llvm,heuristic,r0,31.0
054-instcombine-patternmatch-match-n14-d16.pbqp,llvm,heuristic,r1,991.0
054-instcombine-patternmatch-match-n14-d16.pbqp,llvm,heuristic,r2,3230.0
054-instcombine-patternmatch-match-n14-d16.pbqp,llvm,heuristic,lower_bound,2132.0
054-instcombine-patternmatch-match-n14-d16.pbqp,llvm,heuristic,incumbent,67.0
054-instcombine-patternmatch-match-n14-d16.pbqp,llvm,heuristic,seed,2811.0
055-instcombine-patternmatch-match-n8-d16.pbqp,llvm,none,other,743.0
055-instcombine-patternmatch-match-n8-d16.pbqp,llvm,none,topology,1166.0
055-instcombine-patternmatch-match-n8-d16.pbqp,llvm,none,selection,516.0
055-instcombine-patternmatch-match-n8-d16.pbqp,llvm,none,reduction,0.0
055-instcombine-patternmatch-match-n8-d16.pbqp,llvm,none,reconstruction,40.0
055-instcombine-patternmatch-match-n8-d16.pbqp,llvm,none,kernel,3352.0
055-instcombine-patternmatch-match-n8-d16.pbqp,llvm,none,metadata,1279.0
055-instcombine-patternmatch-match-n8-d16.pbqp,llvm,none,search,0.0
055-instcombine-patternmatch-match-n8-d16.pbqp,llvm,none,clone,0.0
055-instcombine-patternmatch-match-n8-d16.pbqp,llvm,none,allocation,631.0
055-instcombine-patternmatch-match-n8-d16.pbqp,llvm,none,conditioning,0.0
055-instcombine-patternmatch-match-n8-d16.pbqp,llvm,none,r0,49.0
055-instcombine-patternmatch-match-n8-d16.pbqp,llvm,none,r1,298.0
055-instcombine-patternmatch-match-n8-d16.pbqp,llvm,none,r2,3737.0
055-instcombine-patternmatch-match-n8-d16.pbqp,llvm,none,lower_bound,0.0
055-instcombine-patternmatch-match-n8-d16.pbqp,llvm,none,incumbent,0.0
055-instcombine-patternmatch-match-n8-d16.pbqp,llvm,none,seed,0.0
055-instcombine-patternmatch-match-n8-d16.pbqp,llvm,heuristic,other,811.0
055-instcombine-patternmatch-match-n8-d16.pbqp,llvm,heuristic,topology,1804.0
055-instcombine-patternmatch-match-n8-d16.pbqp,llvm,heuristic,selection,959.0
055-instcombine-patternmatch-match-n8-d16.pbqp,llvm,heuristic,reduction,0.0
055-instcombine-patternmatch-match-n8-d16.pbqp,llvm,heuristic,reconstruction,76.0
055-instcombine-patternmatch-match-n8-d16.pbqp,llvm,heuristic,kernel,11358.0
055-instcombine-patternmatch-match-n8-d16.pbqp,llvm,heuristic,metadata,1367.0
055-instcombine-patternmatch-match-n8-d16.pbqp,llvm,heuristic,search,0.0
055-instcombine-patternmatch-match-n8-d16.pbqp,llvm,heuristic,clone,0.0
055-instcombine-patternmatch-match-n8-d16.pbqp,llvm,heuristic,allocation,1132.0
055-instcombine-patternmatch-match-n8-d16.pbqp,llvm,heuristic,conditioning,0.0
055-instcombine-patternmatch-match-n8-d16.pbqp,llvm,heuristic,r0,101.0
055-instcombine-patternmatch-match-n8-d16.pbqp,llvm,heuristic,r1,585.0
055-instcombine-patternmatch-match-n8-d16.pbqp,llvm,heuristic,r2,7570.0
055-instcombine-patternmatch-match-n8-d16.pbqp,llvm,heuristic,lower_bound,0.0
055-instcombine-patternmatch-match-n8-d16.pbqp,llvm,heuristic,incumbent,0.0
055-instcombine-patternmatch-match-n8-d16.pbqp,llvm,heuristic,seed,1264.0
056-instcombine-patternmatch-match-n9-d16.pbqp,llvm,none,other,620.0
056-instcombine-patternmatch-match-n9-d16.pbqp,llvm,none,topology,3338.0
056-instcombine-patternmatch-match-n9-d16.pbqp,llvm,none,selection,1993.0
056-instcombine-patternmatch-match-n9-d16.pbqp,llvm,none,reduction,0.0
056-instcombine-patternmatch-match-n9-d16.pbqp,llvm,none,reconstruction,85.0
056-instcombine-patternmatch-match-n9-d16.pbqp,llvm,none,kernel,10203.0
056-instcombine-patternmatch-match-n9-d16.pbqp,llvm,none,metadata,3704.0
056-instcombine-patternmatch-match-n9-d16.pbqp,llvm,none,search,5276.0
056-instcombine-patternmatch-match-n9-d16.pbqp,llvm,none,clone,2953.0
056-instcombine-patternmatch-match-n9-d16.pbqp,llvm,none,allocation,2945.0
056-instcombine-patternmatch-match-n9-d16.pbqp,llvm,none,conditioning,1497.0
056-instcombine-patternmatch-match-n9-d16.pbqp,llvm,none,r0,249.0
056-instcombine-patternmatch-match-n9-d16.pbqp,llvm,none,r1,2224.0
056-instcombine-patternmatch-match-n9-d16.pbqp,llvm,none,r2,9152.0
056-instcombine-patternmatch-match-n9-d16.pbqp,llvm,none,lower_bound,143.0
056-instcombine-patternmatch-match-n9-d16.pbqp,llvm,none,incumbent,543.0
056-instcombine-patternmatch-match-n9-d16.pbqp,llvm,none,seed,0.0
056-instcombine-patternmatch-match-n9-d16.pbqp,llvm,heuristic,other,602.0
056-instcombine-patternmatch-match-n9-d16.pbqp,llvm,heuristic,topology,2031.0
056-instcombine-patternmatch-match-n9-d16.pbqp,llvm,heuristic,selection,1571.0
056-instcombine-patternmatch-match-n9-d16.pbqp,llvm,heuristic,reduction,314.0
056-instcombine-patternmatch-match-n9-d16.pbqp,llvm,heuristic,reconstruction,38.0
056-instcombine-patternmatch-match-n9-d16.pbqp,llvm,heuristic,kernel,8794.0
056-instcombine-patternmatch-match-n9-d16.pbqp,llvm,heuristic,metadata,767.0
056-instcombine-patternmatch-match-n9-d16.pbqp,llvm,heuristic,search,120.0
056-instcombine-patternmatch-match-n9-d16.pbqp,llvm,heuristic,clone,0.0
056-instcombine-patternmatch-match-n9-d16.pbqp,llvm,heuristic,allocation,1142.0
056-instcombine-patternmatch-match-n9-d16.pbqp,llvm,heuristic,conditioning,216.0
056-instcombine-patternmatch-match-n9-d16.pbqp,llvm,heuristic,r0,76.0
056-instcombine-patternmatch-match-n9-d16.pbqp,llvm,heuristic,r1,815.0
056-instcombine-patternmatch-match-n9-d16.pbqp,llvm,heuristic,r2,4123.0
056-instcombine-patternmatch-match-n9-d16.pbqp,llvm,heuristic,lower_bound,446.0
056-instcombine-patternmatch-match-n9-d16.pbqp,llvm,heuristic,incumbent,77.0
056-instcombine-patternmatch-match-n9-d16.pbqp,llvm,heuristic,seed,1494.0
057-instcombine-patternmatch-match-n7-d16.pbqp,llvm,none,other,722.0
057-instcombine-patternmatch-match-n7-d16.pbqp,llvm,none,topology,870.0
057-instcombine-patternmatch-match-n7-d16.pbqp,llvm,none,selection,369.0
057-instcombine-patternmatch-match-n7-d16.pbqp,llvm,none,reduction,0.0
057-instcombine-patternmatch-match-n7-d16.pbqp,llvm,none,reconstruction,38.0
057-instcombine-patternmatch-match-n7-d16.pbqp,llvm,none,kernel,5788.0
057-instcombine-patternmatch-match-n7-d16.pbqp,llvm,none,metadata,1421.0
057-instcombine-patternmatch-match-n7-d16.pbqp,llvm,none,search,0.0
057-instcombine-patternmatch-match-n7-d16.pbqp,llvm,none,clone,0.0
057-instcombine-patternmatch-match-n7-d16.pbqp,llvm,none,allocation,604.0
057-instcombine-patternmatch-match-n7-d16.pbqp,llvm,none,conditioning,0.0
057-instcombine-patternmatch-match-n7-d16.pbqp,llvm,none,r0,54.0
057-instcombine-patternmatch-match-n7-d16.pbqp,llvm,none,r1,315.0
057-instcombine-patternmatch-match-n7-d16.pbqp,llvm,none,r2,5090.0
057-instcombine-patternmatch-match-n7-d16.pbqp,llvm,none,lower_bound,0.0
057-instcombine-patternmatch-match-n7-d16.pbqp,llvm,none,incumbent,0.0
057-instcombine-patternmatch-match-n7-d16.pbqp,llvm,none,seed,0.0
057-instcombine-patternmatch-match-n7-d16.pbqp,llvm,heuristic,other,686.0
057-instcombine-patternmatch-match-n7-d16.pbqp,llvm,heuristic,topology,1462.0
057-instcombine-patternmatch-match-n7-d16.pbqp,llvm,heuristic,selection,667.0
057-instcombine-patternmatch-match-n7-d16.pbqp,llvm,heuristic,reduction,0.0
057-instcombine-patternmatch-match-n7-d16.pbqp,llvm,heuristic,reconstruction,72.0
057-instcombine-patternmatch-match-n7-d16.pbqp,llvm,heuristic,kernel,21589.0
057-instcombine-patternmatch-match-n7-d16.pbqp,llvm,heuristic,metadata,1461.0
057-instcombine-patternmatch-match-n7-d16.pbqp,llvm,heuristic,search,0.0
057-instcombine-patternmatch-match-n7-d16.pbqp,llvm,heuristic,clone,0.0
057-instcombine-patternmatch-match-n7-d16.pbqp,llvm,heuristic,allocation,1041.0
057-instcombine-patternmatch-match-n7-d16.pbqp,llvm,heuristic,conditioning,0.0
057-instcombine-patternmatch-match-n7-d16.pbqp,llvm,heuristic,r0,99.0
057-instcombine-patternmatch-match-n7-d16.pbqp,llvm,heuristic,r1,601.0
057-instcombine-patternmatch-match-n7-d16.pbqp,llvm,heuristic,r2,10299.0
057-instcombine-patternmatch-match-n7-d16.pbqp,llvm,heuristic,lower_bound,0.0
057-instcombine-patternmatch-match-n7-d16.pbqp,llvm,heuristic,incumbent,0.0
057-instcombine-patternmatch-match-n7-d16.pbqp,llvm,heuristic,seed,1090.0
058-instcombine-patternmatch-match-n7-d16.pbqp,llvm,none,other,321.0
058-instcombine-patternmatch-match-n7-d16.pbqp,llvm,none,topology,13291.0
058-instcombine-patternmatch-match-n7-d16.pbqp,llvm,none,selection,7150.0
058-instcombine-patternmatch-match-n7-d16.pbqp,llvm,none,reduction,0.0
058-instcombine-patternmatch-match-n7-d16.pbqp,llvm,none,reconstruction,126.0
058-instcombine-patternmatch-match-n7-d16.pbqp,llvm,none,kernel,57101.0
058-instcombine-patternmatch-match-n7-d16.pbqp,llvm,none,metadata,16105.0
058-instcombine-patternmatch-match-n7-d16.pbqp,llvm,none,search,26469.0
058-instcombine-patternmatch-match-n7-d16.pbqp,llvm,none,clone,15825.0
058-instcombine-patternmatch-match-n7-d16.pbqp,llvm,none,allocation,13642.0
058-instcombine-patternmatch-match-n7-d16.pbqp,llvm,none,conditioning,9144.0
058-instcombine-patternmatch-match-n7-d16.pbqp,llvm,none,r0,852.0
058-instcombine-patternmatch-match-n7-d16.pbqp,llvm,none,r1,8498.0
058-instcombine-patternmatch-match-n7-d16.pbqp,llvm,none,r2,38975.0
058-instcombine-patternmatch-match-n7-d16.pbqp,llvm,none,lower_bound,9766.0
058-instcombine-patternmatch-match-n7-d16.pbqp,llvm,none,incumbent,3081.0
058-instcombine-patternmatch-match-n7-d16.pbqp,llvm,none,seed,0.0
058-instcombine-patternmatch-match-n7-d16.pbqp,llvm,heuristic,other,363.0
058-instcombine-patternmatch-match-n7-d16.pbqp,llvm,heuristic,topology,1640.0
058-instcombine-patternmatch-match-n7-d16.pbqp,llvm,heuristic,selection,1435.0
058-instcombine-patternmatch-match-n7-d16.pbqp,llvm,heuristic,reduction,625.0
058-instcombine-patternmatch-match-n7-d16.pbqp,llvm,heuristic,reconstruction,62.0
058-instcombine-patternmatch-match-n7-d16.pbqp,llvm,heuristic,kernel,12059.0
058-instcombine-patternmatch-match-n7-d16.pbqp,llvm,heuristic,metadata,313.0
058-instcombine-patternmatch-match-n7-d16.pbqp,llvm,heuristic,search,119.0
058-instcombine-patternmatch-match-n7-d16.pbqp,llvm,heuristic,clone,0.0
058-instcombine-patternmatch-match-n7-d16.pbqp,llvm,heuristic,allocation,792.0
058-instcombine-patternmatch-match-n7-d16.pbqp,llvm,heuristic,conditioning,463.0
058-instcombine-patternmatch-match-n7-d16.pbqp,llvm,heuristic,r0,73.0
058-instcombine-patternmatch-match-n7-d16.pbqp,llvm,heuristic,r1,276.0
058-instcombine-patternmatch-match-n7-d16.pbqp,llvm,heuristic,r2,4696.0
058-instcombine-patternmatch-match-n7-d16.pbqp,llvm,heuristic,lower_bound,922.0
058-instcombine-patternmatch-match-n7-d16.pbqp,llvm,heuristic,incumbent,73.0
058-instcombine-patternmatch-match-n7-d16.pbqp,llvm,heuristic,seed,1232.0
059-instcombine-patternmatch-match-n13-d16.pbqp,llvm,heuristic,other,518.0
059-instcombine-patternmatch-match-n13-d16.pbqp,llvm,heuristic,topology,4769.0
059-instcombine-patternmatch-match-n13-d16.pbqp,llvm,heuristic,selection,4006.0
059-instcombine-patternmatch-match-n13-d16.pbqp,llvm,heuristic,reduction,1694.0
059-instcombine-patternmatch-match-n13-d16.pbqp,llvm,heuristic,reconstruction,111.0
059-instcombine-patternmatch-match-n13-d16.pbqp,llvm,heuristic,kernel,22043.0
059-instcombine-patternmatch-match-n13-d16.pbqp,llvm,heuristic,metadata,793.0
059-instcombine-patternmatch-match-n13-d16.pbqp,llvm,heuristic,search,143.0
059-instcombine-patternmatch-match-n13-d16.pbqp,llvm,heuristic,clone,0.0
059-instcombine-patternmatch-match-n13-d16.pbqp,llvm,heuristic,allocation,1844.0
059-instcombine-patternmatch-match-n13-d16.pbqp,llvm,heuristic,conditioning,1254.0
059-instcombine-patternmatch-match-n13-d16.pbqp,llvm,heuristic,r0,42.0
059-instcombine-patternmatch-match-n13-d16.pbqp,llvm,heuristic,r1,1133.0
059-instcombine-patternmatch-match-n13-d16.pbqp,llvm,heuristic,r2,5025.0
059-instcombine-patternmatch-match-n13-d16.pbqp,llvm,heuristic,lower_bound,1978.0
059-instcombine-patternmatch-match-n13-d16.pbqp,llvm,heuristic,incumbent,73.0
059-instcombine-patternmatch-match-n13-d16.pbqp,llvm,heuristic,seed,2501.0
060-instcombine-patternmatch-match-n8-d16.pbqp,llvm,none,other,545.0
060-instcombine-patternmatch-match-n8-d16.pbqp,llvm,none,topology,5887.0
060-instcombine-patternmatch-match-n8-d16.pbqp,llvm,none,selection,3086.0
060-instcombine-patternmatch-match-n8-d16.pbqp,llvm,none,reduction,0.0
060-instcombine-patternmatch-match-n8-d16.pbqp,llvm,none,reconstruction,80.0
060-instcombine-patternmatch-match-n8-d16.pbqp,llvm,none,kernel,28147.0
060-instcombine-patternmatch-match-n8-d16.pbqp,llvm,none,metadata,8663.0
060-instcombine-patternmatch-match-n8-d16.pbqp,llvm,none,search,10195.0
060-instcombine-patternmatch-match-n8-d16.pbqp,llvm,none,clone,5341.0
060-instcombine-patternmatch-match-n8-d16.pbqp,llvm,none,allocation,5822.0
060-instcombine-patternmatch-match-n8-d16.pbqp,llvm,none,conditioning,2766.0
060-instcombine-patternmatch-match-n8-d16.pbqp,llvm,none,r0,465.0
060-instcombine-patternmatch-match-n8-d16.pbqp,llvm,none,r1,4390.0
060-instcombine-patternmatch-match-n8-d16.pbqp,llvm,none,r2,23043.0
060-instcombine-patternmatch-match-n8-d16.pbqp,llvm,none,lower_bound,329.0
060-instcombine-patternmatch-match-n8-d16.pbqp,llvm,none,incumbent,1075.0
060-instcombine-patternmatch-match-n8-d16.pbqp,llvm,none,seed,0.0
060-instcombine-patternmatch-match-n8-d16.pbqp,llvm,heuristic,other,529.0
060-instcombine-patternmatch-match-n8-d16.pbqp,llvm,heuristic,topology,1834.0
060-instcombine-patternmatch-match-n8-d16.pbqp,llvm,heuristic,selection,1372.0
060-instcombine-patternmatch-match-n8-d16.pbqp,llvm,heuristic,reduction,332.0
060-instcombine-patternmatch-match-n8-d16.pbqp,llvm,heuristic,reconstruction,78.0
060-instcombine-patternmatch-match-n8-d16.pbqp,llvm,heuristic,kernel,15993.0
060-instcombine-patternmatch-match-n8-d16.pbqp,llvm,heuristic,metadata,951.0
060-instcombine-patternmatch-match-n8-d16.pbqp,llvm,heuristic,search,119.0
060-instcombine-patternmatch-match-n8-d16.pbqp,llvm,heuristic,clone,0.0
060-instcombine-patternmatch-match-n8-d16.pbqp,llvm,heuristic,allocation,1102.0
060-instcombine-patternmatch-match-n8-d16.pbqp,llvm,heuristic,conditioning,217.0
060-instcombine-patternmatch-match-n8-d16.pbqp,llvm,heuristic,r0,88.0
060-instcombine-patternmatch-match-n8-d16.pbqp,llvm,heuristic,r1,832.0
060-instcombine-patternmatch-match-n8-d16.pbqp,llvm,heuristic,r2,6788.0
060-instcombine-patternmatch-match-n8-d16.pbqp,llvm,heuristic,lower_bound,649.0
060-instcombine-patternmatch-match-n8-d16.pbqp,llvm,heuristic,incumbent,65.0
060-instcombine-patternmatch-match-n8-d16.pbqp,llvm,heuristic,seed,1364.0
061-instcombine-patternmatch-match-n9-d16.pbqp,llvm,none,other,454.0
061-instcombine-patternmatch-match-n9-d16.pbqp,llvm,none,topology,15871.0
061-instcombine-patternmatch-match-n9-d16.pbqp,llvm,none,selection,8727.0
061-instcombine-patternmatch-match-n9-d16.pbqp,llvm,none,reduction,0.0
061-instcombine-patternmatch-match-n9-d16.pbqp,llvm,none,reconstruction,132.0
061-instcombine-patternmatch-match-n9-d16.pbqp,llvm,none,kernel,79149.0
061-instcombine-patternmatch-match-n9-d16.pbqp,llvm,none,metadata,19593.0
061-instcombine-patternmatch-match-n9-d16.pbqp,llvm,none,search,28148.0
061-instcombine-patternmatch-match-n9-d16.pbqp,llvm,none,clone,21828.0
061-instcombine-patternmatch-match-n9-d16.pbqp,llvm,none,allocation,15362.0
061-instcombine-patternmatch-match-n9-d16.pbqp,llvm,none,conditioning,9150.0
061-instcombine-patternmatch-match-n9-d16.pbqp,llvm,none,r0,890.0
061-instcombine-patternmatch-match-n9-d16.pbqp,llvm,none,r1,8968.0
061-instcombine-patternmatch-match-n9-d16.pbqp,llvm,none,r2,53142.0
061-instcombine-patternmatch-match-n9-d16.pbqp,llvm,none,lower_bound,9792.0
061-instcombine-patternmatch-match-n9-d16.pbqp,llvm,none,incumbent,3180.0
061-instcombine-patternmatch-match-n9-d16.pbqp,llvm,none,seed,0.0
061-instcombine-patternmatch-match-n9-d16.pbqp,llvm,heuristic,other,453.0
061-instcombine-patternmatch-match-n9-d16.pbqp,llvm,heuristic,topology,2272.0
061-instcombine-patternmatch-match-n9-d16.pbqp,llvm,heuristic,selection,2152.0
061-instcombine-patternmatch-match-n9-d16.pbqp,llvm,heuristic,reduction,617.0
061-instcombine-patternmatch-match-n9-d16.pbqp,llvm,heuristic,reconstruction,41.0
061-instcombine-patternmatch-match-n9-d16.pbqp,llvm,heuristic,kernel,19292.0
061-instcombine-patternmatch-match-n9-d16.pbqp,llvm,heuristic,metadata,650.0
061-instcombine-patternmatch-match-n9-d16.pbqp,llvm,heuristic,search,138.0
061-instcombine-patternmatch-match-n9-d16.pbqp,llvm,heuristic,clone,0.0
061-instcombine-patternmatch-match-n9-d16.pbqp,llvm,heuristic,allocation,1108.0
061-instcombine-patternmatch-match-n9-d16.pbqp,llvm,heuristic,conditioning,461.0
061-instcombine-patternmatch-match-n9-d16.pbqp,llvm,heuristic,r0,73.0
061-instcombine-patternmatch-match-n9-d16.pbqp,llvm,heuristic,r1,877.0
061-instcombine-patternmatch-match-n9-d16.pbqp,llvm,heuristic,r2,5257.0
061-instcombine-patternmatch-match-n9-d16.pbqp,llvm,heuristic,lower_bound,1174.0
061-instcombine-patternmatch-match-n9-d16.pbqp,llvm,heuristic,incumbent,69.0
061-instcombine-patternmatch-match-n9-d16.pbqp,llvm,heuristic,seed,1551.0
062-instcombine-patternmatch-match-n8-d16.pbqp,llvm,none,other,445.0
062-instcombine-patternmatch-match-n8-d16.pbqp,llvm,none,topology,5713.0
062-instcombine-patternmatch-match-n8-d16.pbqp,llvm,none,selection,2994.0
062-instcombine-patternmatch-match-n8-d16.pbqp,llvm,none,reduction,0.0
062-instcombine-patternmatch-match-n8-d16.pbqp,llvm,none,reconstruction,79.0
062-instcombine-patternmatch-match-n8-d16.pbqp,llvm,none,kernel,28576.0
062-instcombine-patternmatch-match-n8-d16.pbqp,llvm,none,metadata,8430.0
062-instcombine-patternmatch-match-n8-d16.pbqp,llvm,none,search,10072.0
062-instcombine-patternmatch-match-n8-d16.pbqp,llvm,none,clone,5267.0
062-instcombine-patternmatch-match-n8-d16.pbqp,llvm,none,allocation,5822.0
062-instcombine-patternmatch-match-n8-d16.pbqp,llvm,none,conditioning,2878.0
062-instcombine-patternmatch-match-n8-d16.pbqp,llvm,none,r0,455.0
062-instcombine-patternmatch-match-n8-d16.pbqp,llvm,none,r1,4457.0
062-instcombine-patternmatch-match-n8-d16.pbqp,llvm,none,r2,21671.0
062-instcombine-patternmatch-match-n8-d16.pbqp,llvm,none,lower_bound,337.0
062-instcombine-patternmatch-match-n8-d16.pbqp,llvm,none,incumbent,1027.0
062-instcombine-patternmatch-match-n8-d16.pbqp,llvm,none,seed,0.0
062-instcombine-patternmatch-match-n8-d16.pbqp,llvm,heuristic,other,491.0
062-instcombine-patternmatch-match-n8-d16.pbqp,llvm,heuristic,topology,1934.0
062-instcombine-patternmatch-match-n8-d16.pbqp,llvm,heuristic,selection,1387.0
062-instcombine-patternmatch-match-n8-d16.pbqp,llvm,heuristic,reduction,354.0
062-instcombine-patternmatch-match-n8-d16.pbqp,llvm,heuristic,reconstruction,38.0
062-instcombine-patternmatch-match-n8-d16.pbqp,llvm,heuristic,kernel,16378.0
062-instcombine-patternmatch-match-n8-d16.pbqp,llvm,heuristic,metadata,862.0
062-instcombine-patternmatch-match-n8-d16.pbqp,llvm,heuristic,search,125.0
062-instcombine-patternmatch-match-n8-d16.pbqp,llvm,heuristic,clone,0.0
062-instcombine-patternmatch-match-n8-d16.pbqp,llvm,heuristic,allocation,1039.0
062-instcombine-patternmatch-match-n8-d16.pbqp,llvm,heuristic,conditioning,214.0
062-instcombine-patternmatch-match-n8-d16.pbqp,llvm,heuristic,r0,78.0
062-instcombine-patternmatch-match-n8-d16.pbqp,llvm,heuristic,r1,789.0
062-instcombine-patternmatch-match-n8-d16.pbqp,llvm,heuristic,r2,6675.0
062-instcombine-patternmatch-match-n8-d16.pbqp,llvm,heuristic,lower_bound,672.0
062-instcombine-patternmatch-match-n8-d16.pbqp,llvm,heuristic,incumbent,68.0
062-instcombine-patternmatch-match-n8-d16.pbqp,llvm,heuristic,seed,1356.0
063-instcombine-patternmatch-match-n8-d16.pbqp,llvm,none,other,435.0
063-instcombine-patternmatch-match-n8-d16.pbqp,llvm,none,topology,5610.0
063-instcombine-patternmatch-match-n8-d16.pbqp,llvm,none,selection,3077.0
063-instcombine-patternmatch-match-n8-d16.pbqp,llvm,none,reduction,0.0
063-instcombine-patternmatch-match-n8-d16.pbqp,llvm,none,reconstruction,68.0
063-instcombine-patternmatch-match-n8-d16.pbqp,llvm,none,kernel,27099.0
063-instcombine-patternmatch-match-n8-d16.pbqp,llvm,none,metadata,8126.0
063-instcombine-patternmatch-match-n8-d16.pbqp,llvm,none,search,10050.0
063-instcombine-patternmatch-match-n8-d16.pbqp,llvm,none,clone,5191.0
063-instcombine-patternmatch-match-n8-d16.pbqp,llvm,none,allocation,5866.0
063-instcombine-patternmatch-match-n8-d16.pbqp,llvm,none,conditioning,2830.0
063-instcombine-patternmatch-match-n8-d16.pbqp,llvm,none,r0,461.0
063-instcombine-patternmatch-match-n8-d16.pbqp,llvm,none,r1,4714.0
063-instcombine-patternmatch-match-n8-d16.pbqp,llvm,none,r2,19415.0
063-instcombine-patternmatch-match-n8-d16.pbqp,llvm,none,lower_bound,331.0
063-instcombine-patternmatch-match-n8-d16.pbqp,llvm,none,incumbent,1066.0
063-instcombine-patternmatch-match-n8-d16.pbqp,llvm,none,seed,0.0
063-instcombine-patternmatch-match-n8-d16.pbqp,llvm,heuristic,other,506.0
063-instcombine-patternmatch-match-n8-d16.pbqp,llvm,heuristic,topology,1746.0
063-instcombine-patternmatch-match-n8-d16.pbqp,llvm,heuristic,selection,1519.0
063-instcombine-patternmatch-match-n8-d16.pbqp,llvm,heuristic,reduction,293.0
063-instcombine-patternmatch-match-n8-d16.pbqp,llvm,heuristic,reconstruction,90.0
063-instcombine-patternmatch-match-n8-d16.pbqp,llvm,heuristic,kernel,11599.0
063-instcombine-patternmatch-match-n8-d16.pbqp,llvm,heuristic,metadata,966.0
063-instcombine-patternmatch-match-n8-d16.pbqp,llvm,heuristic,search,121.0
063-instcombine-patternmatch-match-n8-d16.pbqp,llvm,heuristic,clone,0.0
063-instcombine-patternmatch-match-n8-d16.pbqp,llvm,heuristic,allocation,1107.0
063-instcombine-patternmatch-match-n8-d16.pbqp,llvm,heuristic,conditioning,217.0
063-instcombine-patternmatch-match-n8-d16.pbqp,llvm,heuristic,r0,82.0
063-instcombine-patternmatch-match-n8-d16.pbqp,llvm,heuristic,r1,1381.0
063-instcombine-patternmatch-match-n8-d16.pbqp,llvm,heuristic,r2,4343.0
063-instcombine-patternmatch-match-n8-d16.pbqp,llvm,heuristic,lower_bound,624.0
063-instcombine-patternmatch-match-n8-d16.pbqp,llvm,heuristic,incumbent,62.0
063-instcombine-patternmatch-match-n8-d16.pbqp,llvm,heuristic,seed,1303.0
064-instcombine-patternmatch-match-n8-d16.pbqp,llvm,none,other,465.0
064-instcombine-patternmatch-match-n8-d16.pbqp,llvm,none,topology,5985.0
064-instcombine-patternmatch-match-n8-d16.pbqp,llvm,none,selection,3222.0
064-instcombine-patternmatch-match-n8-d16.pbqp,llvm,none,reduction,0.0
064-instcombine-patternmatch-match-n8-d16.pbqp,llvm,none,reconstruction,93.0
064-instcombine-patternmatch-match-n8-d16.pbqp,llvm,none,kernel,29885.0
064-instcombine-patternmatch-match-n8-d16.pbqp,llvm,none,metadata,8512.0
064-instcombine-patternmatch-match-n8-d16.pbqp,llvm,none,search,10401.0
064-instcombine-patternmatch-match-n8-d16.pbqp,llvm,none,clone,5546.0
064-instcombine-patternmatch-match-n8-d16.pbqp,llvm,none,allocation,6180.0
064-instcombine-patternmatch-match-n8-d16.pbqp,llvm,none,conditioning,2951.0
064-instcombine-patternmatch-match-n8-d16.pbqp,llvm,none,r0,434.0
064-instcombine-patternmatch-match-n8-d16.pbqp,llvm,none,r1,4518.0
064-instcombine-patternmatch-match-n8-d16.pbqp,llvm,none,r2,22515.0
064-instcombine-patternmatch-match-n8-d16.pbqp,llvm,none,lower_bound,348.0
064-instcombine-patternmatch-match-n8-d16.pbqp,llvm,none,incumbent,1127.0
064-instcombine-patternmatch-match-n8-d16.pbqp,llvm,none,seed,0.0
064-instcombine-patternmatch-match-n8-d16.pbqp,llvm,heuristic,other,494.0
064-instcombine-patternmatch-match-n8-d16.pbqp,llvm,heuristic,topology,1894.0
064-instcombine-patternmatch-match-n8-d16.pbqp,llvm,heuristic,selection,1545.0
064-instcombine-patternmatch-match-n8-d16.pbqp,llvm,heuristic,reduction,332.0
064-instcombine-patternmatch-match-n8-d16.pbqp,llvm,heuristic,reconstruction,102.0
064-instcombine-patternmatch-match-n8-d16.pbqp,llvm,heuristic,kernel,16254.0
064-instcombine-patternmatch-match-n8-d16.pbqp,llvm,heuristic,metadata,936.0
064-instcombine-patternmatch-match-n8-d16.pbqp,llvm,heuristic,search,116.0
064-instcombine-patternmatch-match-n8-d16.pbqp,llvm,heuristic,clone,0.0
064-instcombine-patternmatch-match-n8-d16.pbqp,llvm,heuristic,allocation,1048.0
064-instcombine-patternmatch-match-n8-d16.pbqp,llvm,heuristic,conditioning,215.0
064-instcombine-patternmatch-match-n8-d16.pbqp,llvm,heuristic,r0,95.0
064-instcombine-patternmatch-match-n8-d16.pbqp,llvm,heuristic,r1,912.0
064-instcombine-patternmatch-match-n8-d16.pbqp,llvm,heuristic,r2,6242.0
064-instcombine-patternmatch-match-n8-d16.pbqp,llvm,heuristic,lower_bound,674.0
064-instcombine-patternmatch-match-n8-d16.pbqp,llvm,heuristic,incumbent,64.0
064-instcombine-patternmatch-match-n8-d16.pbqp,llvm,heuristic,seed,1297.0
065-instcombine-patternmatch-match-n9-d16.pbqp,llvm,none,other,387.0
065-instcombine-patternmatch-match-n9-d16.pbqp,llvm,none,topology,16347.0
065-instcombine-patternmatch-match-n9-d16.pbqp,llvm,none,selection,9175.0
065-instcombine-patternmatch-match-n9-d16.pbqp,llvm,none,reduction,0.0
065-instcombine-patternmatch-match-n9-d16.pbqp,llvm,none,reconstruction,119.0
065-instcombine-patternmatch-match-n9-d16.pbqp,llvm,none,kernel,78379.0
065-instcombine-patternmatch-match-n9-d16.pbqp,llvm,none,metadata,19392.0
065-instcombine-patternmatch-match-n9-d16.pbqp,llvm,none,search,28370.0
065-instcombine-patternmatch-match-n9-d16.pbqp,llvm,none,clone,22865.0
065-instcombine-patternmatch-match-n9-d16.pbqp,llvm,none,allocation,15784.0
065-instcombine-patternmatch-match-n9-d16.pbqp,llvm,none,conditioning,9339.0
065-instcombine-patternmatch-match-n9-d16.pbqp,llvm,none,r0,893.0
065-instcombine-patternmatch-match-n9-d16.pbqp,llvm,none,r1,8769.0
065-instcombine-patternmatch-match-n9-d16.pbqp,llvm,none,r2,57553.0
065-instcombine-patternmatch-match-n9-d16.pbqp,llvm,none,lower_bound,10019.0
065-instcombine-patternmatch-match-n9-d16.pbqp,llvm,none,incumbent,3185.0
065-instcombine-patternmatch-match-n9-d16.pbqp,llvm,none,seed,0.0
065-instcombine-patternmatch-match-n9-d16.pbqp,llvm,heuristic,other,474.0
065-instcombine-patternmatch-match-n9-d16.pbqp,llvm,heuristic,topology,2399.0
065-instcombine-patternmatch-match-n9-d16.pbqp,llvm,heuristic,selection,2148.0
065-instcombine-patternmatch-match-n9-d16.pbqp,llvm,heuristic,reduction,663.0
065-instcombine-patternmatch-match-n9-d16.pbqp,llvm,heuristic,reconstruction,94.0
065-instcombine-patternmatch-match-n9-d16.pbqp,llvm,heuristic,kernel,19169.0
065-instcombine-patternmatch-match-n9-d16.pbqp,llvm,heuristic,metadata,623.0
065-instcombine-patternmatch-match-n9-d16.pbqp,llvm,heuristic,search,134.0
065-instcombine-patternmatch-match-n9-d16.pbqp,llvm,heuristic,clone,0.0
065-instcombine-patternmatch-match-n9-d16.pbqp,llvm,heuristic,allocation,1242.0
065-instcombine-patternmatch-match-n9-d16.pbqp,llvm,heuristic,conditioning,495.0
065-instcombine-patternmatch-match-n9-d16.pbqp,llvm,heuristic,r0,74.0
065-instcombine-patternmatch-match-n9-d16.pbqp,llvm,heuristic,r1,825.0
065-instcombine-patternmatch-match-n9-d16.pbqp,llvm,heuristic,r2,5491.0
065-instcombine-patternmatch-match-n9-d16.pbqp,llvm,heuristic,lower_bound,1127.0
065-instcombine-patternmatch-match-n9-d16.pbqp,llvm,heuristic,incumbent,69.0
065-instcombine-patternmatch-match-n9-d16.pbqp,llvm,heuristic,seed,1614.0
066-instcombine-patternmatch-match-n7-d16.pbqp,llvm,none,other,366.0
066-instcombine-patternmatch-match-n7-d16.pbqp,llvm,none,topology,3020.0
066-instcombine-patternmatch-match-n7-d16.pbqp,llvm,none,selection,1746.0
066-instcombine-patternmatch-match-n7-d16.pbqp,llvm,none,reduction,0.0
066-instcombine-patternmatch-match-n7-d16.pbqp,llvm,none,reconstruction,72.0
066-instcombine-patternmatch-match-n7-d16.pbqp,llvm,none,kernel,14327.0
066-instcombine-patternmatch-match-n7-d16.pbqp,llvm,none,metadata,4066.0
066-instcombine-patternmatch-match-n7-d16.pbqp,llvm,none,search,5013.0
066-instcombine-patternmatch-match-n7-d16.pbqp,llvm,none,clone,2491.0
066-instcombine-patternmatch-match-n7-d16.pbqp,llvm,none,allocation,2962.0
066-instcombine-patternmatch-match-n7-d16.pbqp,llvm,none,conditioning,1276.0
066-instcombine-patternmatch-match-n7-d16.pbqp,llvm,none,r0,176.0
066-instcombine-patternmatch-match-n7-d16.pbqp,llvm,none,r1,2211.0
066-instcombine-patternmatch-match-n7-d16.pbqp,llvm,none,r2,11246.0
066-instcombine-patternmatch-match-n7-d16.pbqp,llvm,none,lower_bound,142.0
066-instcombine-patternmatch-match-n7-d16.pbqp,llvm,none,incumbent,523.0
066-instcombine-patternmatch-match-n7-d16.pbqp,llvm,none,seed,0.0
066-instcombine-patternmatch-match-n7-d16.pbqp,llvm,heuristic,other,470.0
066-instcombine-patternmatch-match-n7-d16.pbqp,llvm,heuristic,topology,1652.0
066-instcombine-patternmatch-match-n7-d16.pbqp,llvm,heuristic,selection,1174.0
066-instcombine-patternmatch-match-n7-d16.pbqp,llvm,heuristic,reduction,295.0
066-instcombine-patternmatch-match-n7-d16.pbqp,llvm,heuristic,reconstruction,34.0
066-instcombine-patternmatch-match-n7-d16.pbqp,llvm,heuristic,kernel,14012.0
066-instcombine-patternmatch-match-n7-d16.pbqp,llvm,heuristic,metadata,798.0
066-instcombine-patternmatch-match-n7-d16.pbqp,llvm,heuristic,search,119.0
066-instcombine-patternmatch-match-n7-d16.pbqp,llvm,heuristic,clone,0.0
066-instcombine-patternmatch-match-n7-d16.pbqp,llvm,heuristic,allocation,1043.0
066-instcombine-patternmatch-match-n7-d16.pbqp,llvm,heuristic,conditioning,236.0
066-instcombine-patternmatch-match-n7-d16.pbqp,llvm,heuristic,r0,25.0
066-instcombine-patternmatch-match-n7-d16.pbqp,llvm,heuristic,r1,886.0
066-instcombine-patternmatch-match-n7-d16.pbqp,llvm,heuristic,r2,5216.0
066-instcombine-patternmatch-match-n7-d16.pbqp,llvm,heuristic,lower_bound,510.0
066-instcombine-patternmatch-match-n7-d16.pbqp,llvm,heuristic,incumbent,66.0
066-instcombine-patternmatch-match-n7-d16.pbqp,llvm,heuristic,seed,1250.0
067-instcombine-patternmatch-match-n7-d16.pbqp,llvm,none,other,366.0
067-instcombine-patternmatch-match-n7-d16.pbqp,llvm,none,topology,2920.0
067-instcombine-patternmatch-match-n7-d16.pbqp,llvm,none,selection,1691.0
067-instcombine-patternmatch-match-n7-d16.pbqp,llvm,none,reduction,0.0
067-instcombine-patternmatch-match-n7-d16.pbqp,llvm,none,reconstruction,61.0
067-instcombine-patternmatch-match-n7-d16.pbqp,llvm,none,kernel,13976.0
067-instcombine-patternmatch-match-n7-d16.pbqp,llvm,none,metadata,4160.0
067-instcombine-patternmatch-match-n7-d16.pbqp,llvm,none,search,4903.0
067-instcombine-patternmatch-match-n7-d16.pbqp,llvm,none,clone,2426.0
067-instcombine-patternmatch-match-n7-d16.pbqp,llvm,none,allocation,2830.0
067-instcombine-patternmatch-match-n7-d16.pbqp,llvm,none,conditioning,1316.0
067-instcombine-patternmatch-match-n7-d16.pbqp,llvm,none,r0,177.0
067-instcombine-patternmatch-match-n7-d16.pbqp,llvm,none,r1,2251.0
067-instcombine-patternmatch-match-n7-d16.pbqp,llvm,none,r2,10519.0
067-instcombine-patternmatch-match-n7-d16.pbqp,llvm,none,lower_bound,138.0
067-instcombine-patternmatch-match-n7-d16.pbqp,llvm,none,incumbent,500.0
067-instcombine-patternmatch-match-n7-d16.pbqp,llvm,none,seed,0.0
067-instcombine-patternmatch-match-n7-d16.pbqp,llvm,heuristic,other,433.0
067-instcombine-patternmatch-match-n7-d16.pbqp,llvm,heuristic,topology,1634.0
067-instcombine-patternmatch-match-n7-d16.pbqp,llvm,heuristic,selection,1183.0
067-instcombine-patternmatch-match-n7-d16.pbqp,llvm,heuristic,reduction,311.0
067-instcombine-patternmatch-match-n7-d16.pbqp,llvm,heuristic,reconstruction,68.0
067-instcombine-patternmatch-match-n7-d16.pbqp,llvm,heuristic,kernel,14354.0
067-instcombine-patternmatch-match-n7-d16.pbqp,llvm,heuristic,metadata,750.0
067-instcombine-patternmatch-match-n7-d16.pbqp,llvm,heuristic,search,118.0
067-instcombine-patternmatch-match-n7-d16.pbqp,llvm,heuristic,clone,0.0
067-instcombine-patternmatch-match-n7-d16.pbqp,llvm,heuristic,allocation,1050.0
067-instcombine-patternmatch-match-n7-d16.pbqp,llvm,heuristic,conditioning,230.0
067-instcombine-patternmatch-match-n7-d16.pbqp,llvm,heuristic,r0,32.0
067-instcombine-patternmatch-match-n7-d16.pbqp,llvm,heuristic,r1,841.0
067-instcombine-patternmatch-match-n7-d16.pbqp,llvm,heuristic,r2,5782.0
067-instcombine-patternmatch-match-n7-d16.pbqp,llvm,heuristic,lower_bound,501.0
067-instcombine-patternmatch-match-n7-d16.pbqp,llvm,heuristic,incumbent,67.0
067-instcombine-patternmatch-match-n7-d16.pbqp,llvm,heuristic,seed,1202.0
068-instcombine-patternmatch-match-n8-d16.pbqp,llvm,none,other,342.0
068-instcombine-patternmatch-match-n8-d16.pbqp,llvm,none,topology,10034.0
068-instcombine-patternmatch-match-n8-d16.pbqp,llvm,none,selection,5759.0
068-instcombine-patternmatch-match-n8-d16.pbqp,llvm,none,reduction,0.0
068-instcombine-patternmatch-match-n8-d16.pbqp,llvm,none,reconstruction,132.0
068-instcombine-patternmatch-match-n8-d16.pbqp,llvm,none,kernel,40782.0
068-instcombine-patternmatch-match-n8-d16.pbqp,llvm,none,metadata,9919.0
068-instcombine-patternmatch-match-n8-d16.pbqp,llvm,none,search,17002.0
068-instcombine-patternmatch-match-n8-d16.pbqp,llvm,none,clone,12661.0
068-instcombine-patternmatch-match-n8-d16.pbqp,llvm,none,allocation,9130.0
068-instcombine-patternmatch-match-n8-d16.pbqp,llvm,none,conditioning,5675.0
068-instcombine-patternmatch-match-n8-d16.pbqp,llvm,none,r0,360.0
068-instcombine-patternmatch-match-n8-d16.pbqp,llvm,none,r1,4079.0
068-instcombine-patternmatch-match-n8-d16.pbqp,llvm,none,r2,27638.0
068-instcombine-patternmatch-match-n8-d16.pbqp,llvm,none,lower_bound,7133.0
068-instcombine-patternmatch-match-n8-d16.pbqp,llvm,none,incumbent,1973.0
068-instcombine-patternmatch-match-n8-d16.pbqp,llvm,none,seed,0.0
068-instcombine-patternmatch-match-n8-d16.pbqp,llvm,heuristic,other,421.0
068-instcombine-patternmatch-match-n8-d16.pbqp,llvm,heuristic,topology,2054.0
068-instcombine-patternmatch-match-n8-d16.pbqp,llvm,heuristic,selection,1672.0
068-instcombine-patternmatch-match-n8-d16.pbqp,llvm,heuristic,reduction,630.0
068-instcombine-patternmatch-match-n8-d16.pbqp,llvm,heuristic,reconstruction,61.0
068-instcombine-patternmatch-match-n8-d16.pbqp,llvm,heuristic,kernel,15054.0
068-instcombine-patternmatch-match-n8-d16.pbqp,llvm,heuristic,metadata,617.0
068-instcombine-patternmatch-match-n8-d16.pbqp,llvm,heuristic,search,144.0
068-instcombine-patternmatch-match-n8-d16.pbqp,llvm,heuristic,clone,0.0
068-instcombine-patternmatch-match-n8-d16.pbqp,llvm,heuristic,allocation,1289.0
068-instcombine-patternmatch-match-n8-d16.pbqp,llvm,heuristic,conditioning,488.0
068-instcombine-patternmatch-match-n8-d16.pbqp,llvm,heuristic,r0,24.0
068-instcombine-patternmatch-match-n8-d16.pbqp,llvm,heuristic,r1,860.0
068-instcombine-patternmatch-match-n8-d16.pbqp,llvm,heuristic,r2,5458.0
068-instcombine-patternmatch-match-n8-d16.pbqp,llvm,heuristic,lower_bound,951.0
068-instcombine-patternmatch-match-n8-d16.pbqp,llvm,heuristic,incumbent,76.0
068-instcombine-patternmatch-match-n8-d16.pbqp,llvm,heuristic,seed,1531.0
069-instcombine-patternmatch-match-n8-d16.pbqp,llvm,none,other,295.0
069-instcombine-patternmatch-match-n8-d16.pbqp,llvm,none,topology,10341.0
069-instcombine-patternmatch-match-n8-d16.pbqp,llvm,none,selection,5925.0
069-instcombine-patternmatch-match-n8-d16.pbqp,llvm,none,reduction,0.0
069-instcombine-patternmatch-match-n8-d16.pbqp,llvm,none,reconstruction,137.0
069-instcombine-patternmatch-match-n8-d16.pbqp,llvm,none,kernel,41742.0
069-instcombine-patternmatch-match-n8-d16.pbqp,llvm,none,metadata,9716.0
069-instcombine-patternmatch-match-n8-d16.pbqp,llvm,none,search,17402.0
069-instcombine-patternmatch-match-n8-d16.pbqp,llvm,none,clone,12650.0
069-instcombine-patternmatch-match-n8-d16.pbqp,llvm,none,allocation,9329.0
069-instcombine-patternmatch-match-n8-d16.pbqp,llvm,none,conditioning,5752.0
069-instcombine-patternmatch-match-n8-d16.pbqp,llvm,none,r0,350.0
069-instcombine-patternmatch-match-n8-d16.pbqp,llvm,none,r1,4124.0
069-instcombine-patternmatch-match-n8-d16.pbqp,llvm,none,r2,28056.0
069-instcombine-patternmatch-match-n8-d16.pbqp,llvm,none,lower_bound,7134.0
069-instcombine-patternmatch-match-n8-d16.pbqp,llvm,none,incumbent,2045.0
069-instcombine-patternmatch-match-n8-d16.pbqp,llvm,none,seed,0.0
069-instcombine-patternmatch-match-n8-d16.pbqp,llvm,heuristic,other,425.0
069-instcombine-patternmatch-match-n8-d16.pbqp,llvm,heuristic,topology,2117.0
069-instcombine-patternmatch-match-n8-d16.pbqp,llvm,heuristic,selection,1673.0
069-instcombine-patternmatch-match-n8-d16.pbqp,llvm,heuristic,reduction,674.0
069-instcombine-patternmatch-match-n8-d16.pbqp,llvm,heuristic,reconstruction,111.0
069-instcombine-patternmatch-match-n8-d16.pbqp,llvm,heuristic,kernel,15799.0
069-instcombine-patternmatch-match-n8-d16.pbqp,llvm,heuristic,metadata,708.0
069-instcombine-patternmatch-match-n8-d16.pbqp,llvm,heuristic,search,135.0
069-instcombine-patternmatch-match-n8-d16.pbqp,llvm,heuristic,clone,0.0
069-instcombine-patternmatch-match-n8-d16.pbqp,llvm,heuristic,allocation,1317.0
069-instcombine-patternmatch-match-n8-d16.pbqp,llvm,heuristic,conditioning,507.0
069-instcombine-patternmatch-match-n8-d16.pbqp,llvm,heuristic,r0,25.0
069-instcombine-patternmatch-match-n8-d16.pbqp,llvm,heuristic,r1,939.0
069-instcombine-patternmatch-match-n8-d16.pbqp,llvm,heuristic,r2,5125.0
069-instcombine-patternmatch-match-n8-d16.pbqp,llvm,heuristic,lower_bound,968.0
069-instcombine-patternmatch-match-n8-d16.pbqp,llvm,heuristic,incumbent,71.0
069-instcombine-patternmatch-match-n8-d16.pbqp,llvm,heuristic,seed,1691.0
070-instcombine-patternmatch-match-n16-d16.pbqp,llvm,heuristic,other,809.0
070-instcombine-patternmatch-match-n16-d16.pbqp,llvm,heuristic,topology,5797.0
070-instcombine-patternmatch-match-n16-d16.pbqp,llvm,heuristic,selection,5279.0
070-instcombine-patternmatch-match-n16-d16.pbqp,llvm,heuristic,reduction,1590.0
070-instcombine-patternmatch-match-n16-d16.pbqp,llvm,heuristic,reconstruction,95.0
070-instcombine-patternmatch-match-n16-d16.pbqp,llvm,heuristic,kernel,39502.0
070-instcombine-patternmatch-match-n16-d16.pbqp,llvm,heuristic,metadata,1659.0
070-instcombine-patternmatch-match-n16-d16.pbqp,llvm,heuristic,search,143.0
070-instcombine-patternmatch-match-n16-d16.pbqp,llvm,heuristic,clone,0.0
070-instcombine-patternmatch-match-n16-d16.pbqp,llvm,heuristic,allocation,2154.0
070-instcombine-patternmatch-match-n16-d16.pbqp,llvm,heuristic,conditioning,1143.0
070-instcombine-patternmatch-match-n16-d16.pbqp,llvm,heuristic,r0,101.0
070-instcombine-patternmatch-match-n16-d16.pbqp,llvm,heuristic,r1,1371.0
070-instcombine-patternmatch-match-n16-d16.pbqp,llvm,heuristic,r2,11522.0
070-instcombine-patternmatch-match-n16-d16.pbqp,llvm,heuristic,lower_bound,1992.0
070-instcombine-patternmatch-match-n16-d16.pbqp,llvm,heuristic,incumbent,71.0
070-instcombine-patternmatch-match-n16-d16.pbqp,llvm,heuristic,seed,3018.0
071-instcombine-patternmatch-match-n10-d16.pbqp,llvm,none,other,533.0
071-instcombine-patternmatch-match-n10-d16.pbqp,llvm,none,topology,34584.0
071-instcombine-patternmatch-match-n10-d16.pbqp,llvm,none,selection,19538.0
071-instcombine-patternmatch-match-n10-d16.pbqp,llvm,none,reduction,0.0
071-instcombine-patternmatch-match-n10-d16.pbqp,llvm,none,reconstruction,181.0
071-instcombine-patternmatch-match-n10-d16.pbqp,llvm,none,kernel,140181.0
071-instcombine-patternmatch-match-n10-d16.pbqp,llvm,none,metadata,35435.0
071-instcombine-patternmatch-match-n10-d16.pbqp,llvm,none,search,63282.0
071-instcombine-patternmatch-match-n10-d16.pbqp,llvm,none,clone,62678.0
071-instcombine-patternmatch-match-n10-d16.pbqp,llvm,none,allocation,32595.0
071-instcombine-patternmatch-match-n10-d16.pbqp,llvm,none,conditioning,22515.0
071-instcombine-patternmatch-match-n10-d16.pbqp,llvm,none,r0,1748.0
071-instcombine-patternmatch-match-n10-d16.pbqp,llvm,none,r1,17549.0
071-instcombine-patternmatch-match-n10-d16.pbqp,llvm,none,r2,93282.0
071-instcombine-patternmatch-match-n10-d16.pbqp,llvm,none,lower_bound,34977.0
071-instcombine-patternmatch-match-n10-d16.pbqp,llvm,none,incumbent,7376.0
071-instcombine-patternmatch-match-n10-d16.pbqp,llvm,none,seed,0.0
071-instcombine-patternmatch-match-n10-d16.pbqp,llvm,heuristic,other,492.0
071-instcombine-patternmatch-match-n10-d16.pbqp,llvm,heuristic,topology,2445.0
071-instcombine-patternmatch-match-n10-d16.pbqp,llvm,heuristic,selection,2120.0
071-instcombine-patternmatch-match-n10-d16.pbqp,llvm,heuristic,reduction,900.0
071-instcombine-patternmatch-match-n10-d16.pbqp,llvm,heuristic,reconstruction,93.0
071-instcombine-patternmatch-match-n10-d16.pbqp,llvm,heuristic,kernel,21487.0
071-instcombine-patternmatch-match-n10-d16.pbqp,llvm,heuristic,metadata,570.0
071-instcombine-patternmatch-match-n10-d16.pbqp,llvm,heuristic,search,111.0
071-instcombine-patternmatch-match-n10-d16.pbqp,llvm,heuristic,clone,0.0
071-instcombine-patternmatch-match-n10-d16.pbqp,llvm,heuristic,allocation,1094.0
071-instcombine-patternmatch-match-n10-d16.pbqp,llvm,heuristic,conditioning,678.0
071-instcombine-patternmatch-match-n10-d16.pbqp,llvm,heuristic,r0,102.0
071-instcombine-patternmatch-match-n10-d16.pbqp,llvm,heuristic,r1,274.0
071-instcombine-patternmatch-match-n10-d16.pbqp,llvm,heuristic,r2,8304.0
071-instcombine-patternmatch-match-n10-d16.pbqp,llvm,heuristic,lower_bound,1344.0
071-instcombine-patternmatch-match-n10-d16.pbqp,llvm,heuristic,incumbent,63.0
071-instcombine-patternmatch-match-n10-d16.pbqp,llvm,heuristic,seed,1729.0
072-instcombine-patternmatch-match-n15-d16.pbqp,llvm,heuristic,other,692.0
072-instcombine-patternmatch-match-n15-d16.pbqp,llvm,heuristic,topology,5025.0
072-instcombine-patternmatch-match-n15-d16.pbqp,llvm,heuristic,selection,4379.0
072-instcombine-patternmatch-match-n15-d16.pbqp,llvm,heuristic,reduction,1520.0
072-instcombine-patternmatch-match-n15-d16.pbqp,llvm,heuristic,reconstruction,88.0
072-instcombine-patternmatch-match-n15-d16.pbqp,llvm,heuristic,kernel,37980.0
072-instcombine-patternmatch-match-n15-d16.pbqp,llvm,heuristic,metadata,1328.0
072-instcombine-patternmatch-match-n15-d16.pbqp,llvm,heuristic,search,112.0
072-instcombine-patternmatch-match-n15-d16.pbqp,llvm,heuristic,clone,0.0
072-instcombine-patternmatch-match-n15-d16.pbqp,llvm,heuristic,allocation,2042.0
072-instcombine-patternmatch-match-n15-d16.pbqp,llvm,heuristic,conditioning,1173.0
072-instcombine-patternmatch-match-n15-d16.pbqp,llvm,heuristic,r0,76.0
072-instcombine-patternmatch-match-n15-d16.pbqp,llvm,heuristic,r1,813.0
072-instcombine-patternmatch-match-n15-d16.pbqp,llvm,heuristic,r2,14457.0
072-instcombine-patternmatch-match-n15-d16.pbqp,llvm,heuristic,lower_bound,1900.0
072-instcombine-patternmatch-match-n15-d16.pbqp,llvm,heuristic,incumbent,74.0
072-instcombine-patternmatch-match-n15-d16.pbqp,llvm,heuristic,seed,2674.0
073-instcombine-patternmatch-match-n15-d16.pbqp,llvm,heuristic,other,722.0
073-instcombine-patternmatch-match-n15-d16.pbqp,llvm,heuristic,topology,5274.0
073-instcombine-patternmatch-match-n15-d16.pbqp,llvm,heuristic,selection,4565.0
073-instcombine-patternmatch-match-n15-d16.pbqp,llvm,heuristic,reduction,1659.0
073-instcombine-patternmatch-match-n15-d16.pbqp,llvm,heuristic,reconstruction,129.0
073-instcombine-patternmatch-match-n15-d16.pbqp,llvm,heuristic,kernel,39496.0
073-instcombine-patternmatch-match-n15-d16.pbqp,llvm,heuristic,metadata,1419.0
073-instcombine-patternmatch-match-n15-d16.pbqp,llvm,heuristic,search,119.0
073-instcombine-patternmatch-match-n15-d16.pbqp,llvm,heuristic,clone,0.0
073-instcombine-patternmatch-match-n15-d16.pbqp,llvm,heuristic,allocation,1914.0
073-instcombine-patternmatch-match-n15-d16.pbqp,llvm,heuristic,conditioning,1183.0
073-instcombine-patternmatch-match-n15-d16.pbqp,llvm,heuristic,r0,99.0
073-instcombine-patternmatch-match-n15-d16.pbqp,llvm,heuristic,r1,835.0
073-instcombine-patternmatch-match-n15-d16.pbqp,llvm,heuristic,r2,16051.0
073-instcombine-patternmatch-match-n15-d16.pbqp,llvm,heuristic,lower_bound,1982.0
073-instcombine-patternmatch-match-n15-d16.pbqp,llvm,heuristic,incumbent,69.0
073-instcombine-patternmatch-match-n15-d16.pbqp,llvm,heuristic,seed,2843.0
074-instcombine-patternmatch-match-n10-d16.pbqp,llvm,none,other,606.0
074-instcombine-patternmatch-match-n10-d16.pbqp,llvm,none,topology,6272.0
074-instcombine-patternmatch-match-n10-d16.pbqp,llvm,none,selection,3215.0
074-instcombine-patternmatch-match-n10-d16.pbqp,llvm,none,reduction,0.0
074-instcombine-patternmatch-match-n10-d16.pbqp,llvm,none,reconstruction,108.0
074-instcombine-patternmatch-match-n10-d16.pbqp,llvm,none,kernel,31539.0
074-instcombine-patternmatch-match-n10-d16.pbqp,llvm,none,metadata,9386.0
074-instcombine-patternmatch-match-n10-d16.pbqp,llvm,none,search,10874.0
074-instcombine-patternmatch-match-n10-d16.pbqp,llvm,none,clone,7934.0
074-instcombine-patternmatch-match-n10-d16.pbqp,llvm,none,allocation,6440.0
074-instcombine-patternmatch-match-n10-d16.pbqp,llvm,none,conditioning,3163.0
074-instcombine-patternmatch-match-n10-d16.pbqp,llvm,none,r0,450.0
074-instcombine-patternmatch-match-n10-d16.pbqp,llvm,none,r1,4693.0
074-instcombine-patternmatch-match-n10-d16.pbqp,llvm,none,r2,22245.0
074-instcombine-patternmatch-match-n10-d16.pbqp,llvm,none,lower_bound,369.0
074-instcombine-patternmatch-match-n10-d16.pbqp,llvm,none,incumbent,1072.0
074-instcombine-patternmatch-match-n10-d16.pbqp,llvm,none,seed,0.0
074-instcombine-patternmatch-match-n10-d16.pbqp,llvm,heuristic,other,668.0
074-instcombine-patternmatch-match-n10-d16.pbqp,llvm,heuristic,topology,2427.0
074-instcombine-patternmatch-match-n10-d16.pbqp,llvm,heuristic,selection,1592.0
074-instcombine-patternmatch-match-n10-d16.pbqp,llvm,heuristic,reduction,358.0
074-instcombine-patternmatch-match-n10-d16.pbqp,llvm,heuristic,reconstruction,40.0
074-instcombine-patternmatch-match-n10-d16.pbqp,llvm,heuristic,kernel,29826.0
074-instcombine-patternmatch-match-n10-d16.pbqp,llvm,heuristic,metadata,1424.0
074-instcombine-patternmatch-match-n10-d16.pbqp,llvm,heuristic,search,133.0
074-instcombine-patternmatch-match-n10-d16.pbqp,llvm,heuristic,clone,0.0
074-instcombine-patternmatch-match-n10-d16.pbqp,llvm,heuristic,allocation,1454.0
074-instcombine-patternmatch-match-n10-d16.pbqp,llvm,heuristic,conditioning,224.0
074-instcombine-patternmatch-match-n10-d16.pbqp,llvm,heuristic,r0,109.0
074-instcombine-patternmatch-match-n10-d16.pbqp,llvm,heuristic,r1,842.0
074-instcombine-patternmatch-match-n10-d16.pbqp,llvm,heuristic,r2,11775.0
074-instcombine-patternmatch-match-n10-d16.pbqp,llvm,heuristic,lower_bound,654.0
074-instcombine-patternmatch-match-n10-d16.pbqp,llvm,heuristic,incumbent,70.0
074-instcombine-patternmatch-match-n10-d16.pbqp,llvm,heuristic,seed,1700.0
075-instcombine-patternmatch-match-n5-d16.pbqp,llvm,none,other,562.0
075-instcombine-patternmatch-match-n5-d16.pbqp,llvm,none,topology,621.0
075-instcombine-patternmatch-match-n5-d16.pbqp,llvm,none,selection,267.0
075-instcombine-patternmatch-match-n5-d16.pbqp,llvm,none,reduction,0.0
075-instcombine-patternmatch-match-n5-d16.pbqp,llvm,none,reconstruction,69.0
075-instcombine-patternmatch-match-n5-d16.pbqp,llvm,none,kernel,4208.0
075-instcombine-patternmatch-match-n5-d16.pbqp,llvm,none,metadata,1103.0
075-instcombine-patternmatch-match-n5-d16.pbqp,llvm,none,search,0.0
075-instcombine-patternmatch-match-n5-d16.pbqp,llvm,none,clone,0.0
075-instcombine-patternmatch-match-n5-d16.pbqp,llvm,none,allocation,507.0
075-instcombine-patternmatch-match-n5-d16.pbqp,llvm,none,conditioning,0.0
075-instcombine-patternmatch-match-n5-d16.pbqp,llvm,none,r0,27.0
075-instcombine-patternmatch-match-n5-d16.pbqp,llvm,none,r1,301.0
075-instcombine-patternmatch-match-n5-d16.pbqp,llvm,none,r2,4368.0
075-instcombine-patternmatch-match-n5-d16.pbqp,llvm,none,lower_bound,0.0
075-instcombine-patternmatch-match-n5-d16.pbqp,llvm,none,incumbent,0.0
075-instcombine-patternmatch-match-n5-d16.pbqp,llvm,none,seed,0.0
075-instcombine-patternmatch-match-n5-d16.pbqp,llvm,heuristic,other,548.0
075-instcombine-patternmatch-match-n5-d16.pbqp,llvm,heuristic,topology,836.0
075-instcombine-patternmatch-match-n5-d16.pbqp,llvm,heuristic,selection,474.0
075-instcombine-patternmatch-match-n5-d16.pbqp,llvm,heuristic,reduction,0.0
075-instcombine-patternmatch-match-n5-d16.pbqp,llvm,heuristic,reconstruction,63.0
075-instcombine-patternmatch-match-n5-d16.pbqp,llvm,heuristic,kernel,16791.0
075-instcombine-patternmatch-match-n5-d16.pbqp,llvm,heuristic,metadata,1153.0
075-instcombine-patternmatch-match-n5-d16.pbqp,llvm,heuristic,search,0.0
075-instcombine-patternmatch-match-n5-d16.pbqp,llvm,heuristic,clone,0.0
075-instcombine-patternmatch-match-n5-d16.pbqp,llvm,heuristic,allocation,758.0
075-instcombine-patternmatch-match-n5-d16.pbqp,llvm,heuristic,conditioning,0.0
075-instcombine-patternmatch-match-n5-d16.pbqp,llvm,heuristic,r0,50.0
075-instcombine-patternmatch-match-n5-d16.pbqp,llvm,heuristic,r1,520.0
075-instcombine-patternmatch-match-n5-d16.pbqp,llvm,heuristic,r2,8532.0
075-instcombine-patternmatch-match-n5-d16.pbqp,llvm,heuristic,lower_bound,0.0
075-instcombine-patternmatch-match-n5-d16.pbqp,llvm,heuristic,incumbent,0.0
075-instcombine-patternmatch-match-n5-d16.pbqp,llvm,heuristic,seed,889.0
076-instcombine-patternmatch-match-n15-d16.pbqp,llvm,none,other,786.0
076-instcombine-patternmatch-match-n15-d16.pbqp,llvm,none,topology,126393.0
076-instcombine-patternmatch-match-n15-d16.pbqp,llvm,none,selection,66328.0
076-instcombine-patternmatch-match-n15-d16.pbqp,llvm,none,reduction,0.0
076-instcombine-patternmatch-match-n15-d16.pbqp,llvm,none,reconstruction,9568.0
076-instcombine-patternmatch-match-n15-d16.pbqp,llvm,none,kernel,646358.0
076-instcombine-patternmatch-match-n15-d16.pbqp,llvm,none,metadata,153496.0
076-instcombine-patternmatch-match-n15-d16.pbqp,llvm,none,search,232007.0
076-instcombine-patternmatch-match-n15-d16.pbqp,llvm,none,clone,295330.0
076-instcombine-patternmatch-match-n15-d16.pbqp,llvm,none,allocation,122699.0
076-instcombine-patternmatch-match-n15-d16.pbqp,llvm,none,conditioning,81702.0
076-instcombine-patternmatch-match-n15-d16.pbqp,llvm,none,r0,7569.0
076-instcombine-patternmatch-match-n15-d16.pbqp,llvm,none,r1,79662.0
076-instcombine-patternmatch-match-n15-d16.pbqp,llvm,none,r2,395635.0
076-instcombine-patternmatch-match-n15-d16.pbqp,llvm,none,lower_bound,72161.0
076-instcombine-patternmatch-match-n15-d16.pbqp,llvm,none,incumbent,18466.0
076-instcombine-patternmatch-match-n15-d16.pbqp,llvm,none,seed,0.0
076-instcombine-patternmatch-match-n15-d16.pbqp,llvm,heuristic,other,760.0
076-instcombine-patternmatch-match-n15-d16.pbqp,llvm,heuristic,topology,5340.0
076-instcombine-patternmatch-match-n15-d16.pbqp,llvm,heuristic,selection,3681.0
076-instcombine-patternmatch-match-n15-d16.pbqp,llvm,heuristic,reduction,1320.0
076-instcombine-patternmatch-match-n15-d16.pbqp,llvm,heuristic,reconstruction,85.0
076-instcombine-patternmatch-match-n15-d16.pbqp,llvm,heuristic,kernel,45758.0
076-instcombine-patternmatch-match-n15-d16.pbqp,llvm,heuristic,metadata,1610.0
076-instcombine-patternmatch-match-n15-d16.pbqp,llvm,heuristic,search,131.0
076-instcombine-patternmatch-match-n15-d16.pbqp,llvm,heuristic,clone,0.0
076-instcombine-patternmatch-match-n15-d16.pbqp,llvm,heuristic,allocation,2301.0
076-instcombine-patternmatch-match-n15-d16.pbqp,llvm,heuristic,conditioning,1044.0
076-instcombine-patternmatch-match-n15-d16.pbqp,llvm,heuristic,r0,115.0
076-instcombine-patternmatch-match-n15-d16.pbqp,llvm,heuristic,r1,832.0
076-instcombine-patternmatch-match-n15-d16.pbqp,llvm,heuristic,r2,11990.0
076-instcombine-patternmatch-match-n15-d16.pbqp,llvm,heuristic,lower_bound,1936.0
076-instcombine-patternmatch-match-n15-d16.pbqp,llvm,heuristic,incumbent,70.0
076-instcombine-patternmatch-match-n15-d16.pbqp,llvm,heuristic,seed,2746.0
077-instcombine-patternmatch-match-n12-d16.pbqp,llvm,none,other,853.0
077-instcombine-patternmatch-match-n12-d16.pbqp,llvm,none,topology,7139.0
077-instcombine-patternmatch-match-n12-d16.pbqp,llvm,none,selection,3590.0
077-instcombine-patternmatch-match-n12-d16.pbqp,llvm,none,reduction,0.0
077-instcombine-patternmatch-match-n12-d16.pbqp,llvm,none,reconstruction,118.0
077-instcombine-patternmatch-match-n12-d16.pbqp,llvm,none,kernel,35301.0
077-instcombine-patternmatch-match-n12-d16.pbqp,llvm,none,metadata,11083.0
077-instcombine-patternmatch-match-n12-d16.pbqp,llvm,none,search,10858.0
077-instcombine-patternmatch-match-n12-d16.pbqp,llvm,none,clone,8802.0
077-instcombine-patternmatch-match-n12-d16.pbqp,llvm,none,allocation,6589.0
077-instcombine-patternmatch-match-n12-d16.pbqp,llvm,none,conditioning,3365.0
077-instcombine-patternmatch-match-n12-d16.pbqp,llvm,none,r0,489.0
077-instcombine-patternmatch-match-n12-d16.pbqp,llvm,none,r1,4758.0
077-instcombine-patternmatch-match-n12-d16.pbqp,llvm,none,r2,26793.0
077-instcombine-patternmatch-match-n12-d16.pbqp,llvm,none,lower_bound,405.0
077-instcombine-patternmatch-match-n12-d16.pbqp,llvm,none,incumbent,1155.0
077-instcombine-patternmatch-match-n12-d16.pbqp,llvm,none,seed,0.0
077-instcombine-patternmatch-match-n12-d16.pbqp,llvm,heuristic,other,1051.0
077-instcombine-patternmatch-match-n12-d16.pbqp,llvm,heuristic,topology,4483.0
077-instcombine-patternmatch-match-n12-d16.pbqp,llvm,heuristic,selection,2675.0
077-instcombine-patternmatch-match-n12-d16.pbqp,llvm,heuristic,reduction,608.0
077-instcombine-patternmatch-match-n12-d16.pbqp,llvm,heuristic,reconstruction,166.0
077-instcombine-patternmatch-match-n12-d16.pbqp,llvm,heuristic,kernel,66462.0
077-instcombine-patternmatch-match-n12-d16.pbqp,llvm,heuristic,metadata,3000.0
077-instcombine-patternmatch-match-n12-d16.pbqp,llvm,heuristic,search,155.0
077-instcombine-patternmatch-match-n12-d16.pbqp,llvm,heuristic,clone,0.0
077-instcombine-patternmatch-match-n12-d16.pbqp,llvm,heuristic,allocation,2519.0
077-instcombine-patternmatch-match-n12-d16.pbqp,llvm,heuristic,conditioning,343.0
077-instcombine-patternmatch-match-n12-d16.pbqp,llvm,heuristic,r0,172.0
077-instcombine-patternmatch-match-n12-d16.pbqp,llvm,heuristic,r1,1142.0
077-instcombine-patternmatch-match-n12-d16.pbqp,llvm,heuristic,r2,22101.0
077-instcombine-patternmatch-match-n12-d16.pbqp,llvm,heuristic,lower_bound,831.0
077-instcombine-patternmatch-match-n12-d16.pbqp,llvm,heuristic,incumbent,85.0
077-instcombine-patternmatch-match-n12-d16.pbqp,llvm,heuristic,seed,2561.0
078-instcombine-patternmatch-match-n14-d16.pbqp,llvm,heuristic,other,537.0
078-instcombine-patternmatch-match-n14-d16.pbqp,llvm,heuristic,topology,5500.0
078-instcombine-patternmatch-match-n14-d16.pbqp,llvm,heuristic,selection,5367.0
078-instcombine-patternmatch-match-n14-d16.pbqp,llvm,heuristic,reduction,2597.0
078-instcombine-patternmatch-match-n14-d16.pbqp,llvm,heuristic,reconstruction,100.0
078-instcombine-patternmatch-match-n14-d16.pbqp,llvm,heuristic,kernel,11804.0
078-instcombine-patternmatch-match-n14-d16.pbqp,llvm,heuristic,metadata,504.0
078-instcombine-patternmatch-match-n14-d16.pbqp,llvm,heuristic,search,155.0
078-instcombine-patternmatch-match-n14-d16.pbqp,llvm,heuristic,clone,0.0
078-instcombine-patternmatch-match-n14-d16.pbqp,llvm,heuristic,allocation,2529.0
078-instcombine-patternmatch-match-n14-d16.pbqp,llvm,heuristic,conditioning,2337.0
078-instcombine-patternmatch-match-n14-d16.pbqp,llvm,heuristic,r0,75.0
078-instcombine-patternmatch-match-n14-d16.pbqp,llvm,heuristic,r1,785.0
078-instcombine-patternmatch-match-n14-d16.pbqp,llvm,heuristic,r2,2878.0
078-instcombine-patternmatch-match-n14-d16.pbqp,llvm,heuristic,lower_bound,2154.0
078-instcombine-patternmatch-match-n14-d16.pbqp,llvm,heuristic,incumbent,70.0
078-instcombine-patternmatch-match-n14-d16.pbqp,llvm,heuristic,seed,2914.0
079-instcombine-patternmatch-match-n10-d16.pbqp,llvm,none,other,619.0
079-instcombine-patternmatch-match-n10-d16.pbqp,llvm,none,topology,29803.0
079-instcombine-patternmatch-match-n10-d16.pbqp,llvm,none,selection,15624.0
079-instcombine-patternmatch-match-n10-d16.pbqp,llvm,none,reduction,0.0
079-instcombine-patternmatch-match-n10-d16.pbqp,llvm,none,reconstruction,235.0
079-instcombine-patternmatch-match-n10-d16.pbqp,llvm,none,kernel,121352.0
079-instcombine-patternmatch-match-n10-d16.pbqp,llvm,none,metadata,36348.0
079-instcombine-patternmatch-match-n10-d16.pbqp,llvm,none,search,68781.0
079-instcombine-patternmatch-match-n10-d16.pbqp,llvm,none,clone,56224.0
079-instcombine-patternmatch-match-n10-d16.pbqp,llvm,none,allocation,29173.0
079-instcombine-patternmatch-match-n10-d16.pbqp,llvm,none,conditioning,18808.0
079-instcombine-patternmatch-match-n10-d16.pbqp,llvm,none,r0,1949.0
079-instcombine-patternmatch-match-n10-d16.pbqp,llvm,none,r1,18531.0
079-instcombine-patternmatch-match-n10-d16.pbqp,llvm,none,r2,95501.0
079-instcombine-patternmatch-match-n10-d16.pbqp,llvm,none,lower_bound,22874.0
079-instcombine-patternmatch-match-n10-d16.pbqp,llvm,none,incumbent,6616.0
079-instcombine-patternmatch-match-n10-d16.pbqp,llvm,none,seed,0.0
079-instcombine-patternmatch-match-n10-d16.pbqp,llvm,heuristic,other,542.0
079-instcombine-patternmatch-match-n10-d16.pbqp,llvm,heuristic,topology,2866.0
079-instcombine-patternmatch-match-n10-d16.pbqp,llvm,heuristic,selection,2440.0
079-instcombine-patternmatch-match-n10-d16.pbqp,llvm,heuristic,reduction,1032.0
079-instcombine-patternmatch-match-n10-d16.pbqp,llvm,heuristic,reconstruction,108.0
079-instcombine-patternmatch-match-n10-d16.pbqp,llvm,heuristic,kernel,15585.0
079-instcombine-patternmatch-match-n10-d16.pbqp,llvm,heuristic,metadata,1049.0
079-instcombine-patternmatch-match-n10-d16.pbqp,llvm,heuristic,search,131.0
079-instcombine-patternmatch-match-n10-d16.pbqp,llvm,heuristic,clone,0.0
079-instcombine-patternmatch-match-n10-d16.pbqp,llvm,heuristic,allocation,1821.0
079-instcombine-patternmatch-match-n10-d16.pbqp,llvm,heuristic,conditioning,772.0
079-instcombine-patternmatch-match-n10-d16.pbqp,llvm,heuristic,r0,27.0
079-instcombine-patternmatch-match-n10-d16.pbqp,llvm,heuristic,r1,1273.0
079-instcombine-patternmatch-match-n10-d16.pbqp,llvm,heuristic,r2,4009.0
079-instcombine-patternmatch-match-n10-d16.pbqp,llvm,heuristic,lower_bound,1175.0
079-instcombine-patternmatch-match-n10-d16.pbqp,llvm,heuristic,incumbent,66.0
079-instcombine-patternmatch-match-n10-d16.pbqp,llvm,heuristic,seed,1867.0
080-instcombine-patternmatch-match-n7-d16.pbqp,llvm,none,other,211.0
080-instcombine-patternmatch-match-n7-d16.pbqp,llvm,none,topology,17295.0
080-instcombine-patternmatch-match-n7-d16.pbqp,llvm,none,selection,9698.0
080-instcombine-patternmatch-match-n7-d16.pbqp,llvm,none,reduction,0.0
080-instcombine-patternmatch-match-n7-d16.pbqp,llvm,none,reconstruction,140.0
080-instcombine-patternmatch-match-n7-d16.pbqp,llvm,none,kernel,80390.0
080-instcombine-patternmatch-match-n7-d16.pbqp,llvm,none,metadata,23708.0
080-instcombine-patternmatch-match-n7-d16.pbqp,llvm,none,search,30151.0
080-instcombine-patternmatch-match-n7-d16.pbqp,llvm,none,clone,17265.0
080-instcombine-patternmatch-match-n7-d16.pbqp,llvm,none,allocation,16857.0
080-instcombine-patternmatch-match-n7-d16.pbqp,llvm,none,conditioning,9295.0
080-instcombine-patternmatch-match-n7-d16.pbqp,llvm,none,r0,867.0
080-instcombine-patternmatch-match-n7-d16.pbqp,llvm,none,r1,12918.0
080-instcombine-patternmatch-match-n7-d16.pbqp,llvm,none,r2,51807.0
080-instcombine-patternmatch-match-n7-d16.pbqp,llvm,none,lower_bound,9866.0
080-instcombine-patternmatch-match-n7-d16.pbqp,llvm,none,incumbent,3231.0
080-instcombine-patternmatch-match-n7-d16.pbqp,llvm,none,seed,0.0
080-instcombine-patternmatch-match-n7-d16.pbqp,llvm,heuristic,other,250.0
080-instcombine-patternmatch-match-n7-d16.pbqp,llvm,heuristic,topology,1528.0
080-instcombine-patternmatch-match-n7-d16.pbqp,llvm,heuristic,selection,1335.0
080-instcombine-patternmatch-match-n7-d16.pbqp,llvm,heuristic,reduction,634.0
080-instcombine-patternmatch-match-n7-d16.pbqp,llvm,heuristic,reconstruction,35.0
080-instcombine-patternmatch-match-n7-d16.pbqp,llvm,heuristic,kernel,9502.0
080-instcombine-patternmatch-match-n7-d16.pbqp,llvm,heuristic,metadata,0.0
080-instcombine-patternmatch-match-n7-d16.pbqp,llvm,heuristic,search,131.0
080-instcombine-patternmatch-match-n7-d16.pbqp,llvm,heuristic,clone,0.0
080-instcombine-patternmatch-match-n7-d16.pbqp,llvm,heuristic,allocation,930.0
080-instcombine-patternmatch-match-n7-d16.pbqp,llvm,heuristic,conditioning,476.0
080-instcombine-patternmatch-match-n7-d16.pbqp,llvm,heuristic,r0,42.0
080-instcombine-patternmatch-match-n7-d16.pbqp,llvm,heuristic,r1,565.0
080-instcombine-patternmatch-match-n7-d16.pbqp,llvm,heuristic,r2,2642.0
080-instcombine-patternmatch-match-n7-d16.pbqp,llvm,heuristic,lower_bound,1210.0
080-instcombine-patternmatch-match-n7-d16.pbqp,llvm,heuristic,incumbent,66.0
080-instcombine-patternmatch-match-n7-d16.pbqp,llvm,heuristic,seed,1261.0
081-instcombine-patternmatch-match-n14-d16.pbqp,llvm,none,other,370.0
081-instcombine-patternmatch-match-n14-d16.pbqp,llvm,none,topology,111377.0
081-instcombine-patternmatch-match-n14-d16.pbqp,llvm,none,selection,76121.0
081-instcombine-patternmatch-match-n14-d16.pbqp,llvm,none,reduction,0.0
081-instcombine-patternmatch-match-n14-d16.pbqp,llvm,none,reconstruction,463.0
081-instcombine-patternmatch-match-n14-d16.pbqp,llvm,none,kernel,201553.0
081-instcombine-patternmatch-match-n14-d16.pbqp,llvm,none,metadata,47356.0
081-instcombine-patternmatch-match-n14-d16.pbqp,llvm,none,search,132506.0
081-instcombine-patternmatch-match-n14-d16.pbqp,llvm,none,clone,185081.0
081-instcombine-patternmatch-match-n14-d16.pbqp,llvm,none,allocation,71543.0
081-instcombine-patternmatch-match-n14-d16.pbqp,llvm,none,conditioning,46664.0
081-instcombine-patternmatch-match-n14-d16.pbqp,llvm,none,r0,1309.0
081-instcombine-patternmatch-match-n14-d16.pbqp,llvm,none,r1,14703.0
081-instcombine-patternmatch-match-n14-d16.pbqp,llvm,none,r2,153016.0
081-instcombine-patternmatch-match-n14-d16.pbqp,llvm,none,lower_bound,132411.0
081-instcombine-patternmatch-match-n14-d16.pbqp,llvm,none,incumbent,15859.0
081-instcombine-patternmatch-match-n14-d16.pbqp,llvm,none,seed,0.0
081-instcombine-patternmatch-match-n14-d16.pbqp,llvm,heuristic,other,391.0
081-instcombine-patternmatch-match-n14-d16.pbqp,llvm,heuristic,topology,5128.0
081-instcombine-patternmatch-match-n14-d16.pbqp,llvm,heuristic,selection,4526.0
081-instcombine-patternmatch-match-n14-d16.pbqp,llvm,heuristic,reduction,1666.0
081-instcombine-patternmatch-match-n14-d16.pbqp,llvm,heuristic,reconstruction,63.0
081-instcombine-patternmatch-match-n14-d16.pbqp,llvm,heuristic,kernel,12333.0
081-instcombine-patternmatch-match-n14-d16.pbqp,llvm,heuristic,metadata,367.0
081-instcombine-patternmatch-match-n14-d16.pbqp,llvm,heuristic,search,118.0
081-instcombine-patternmatch-match-n14-d16.pbqp,llvm,heuristic,clone,0.0
081-instcombine-patternmatch-match-n14-d16.pbqp,llvm,heuristic,allocation,1705.0
081-instcombine-patternmatch-match-n14-d16.pbqp,llvm,heuristic,conditioning,1232.0
081-instcombine-patternmatch-match-n14-d16.pbqp,llvm,heuristic,r0,38.0
081-instcombine-patternmatch-match-n14-d16.pbqp,llvm,heuristic,r1,1060.0
081-instcombine-patternmatch-match-n14-d16.pbqp,llvm,heuristic,r2,3384.0
081-instcombine-patternmatch-match-n14-d16.pbqp,llvm,heuristic,lower_bound,1962.0
081-instcombine-patternmatch-match-n14-d16.pbqp,llvm,heuristic,incumbent,68.0
081-instcombine-patternmatch-match-n14-d16.pbqp,llvm,heuristic,seed,2628.0
082-instcombine-patternmatch-match-n12-d16.pbqp,llvm,none,other,436.0
082-instcombine-patternmatch-match-n12-d16.pbqp,llvm,none,topology,25976.0
082-instcombine-patternmatch-match-n12-d16.pbqp,llvm,none,selection,16610.0
082-instcombine-patternmatch-match-n12-d16.pbqp,llvm,none,reduction,0.0
082-instcombine-patternmatch-match-n12-d16.pbqp,llvm,none,reconstruction,208.0
082-instcombine-patternmatch-match-n12-d16.pbqp,llvm,none,kernel,56480.0
082-instcombine-patternmatch-match-n12-d16.pbqp,llvm,none,metadata,18017.0
082-instcombine-patternmatch-match-n12-d16.pbqp,llvm,none,search,36752.0
082-instcombine-patternmatch-match-n12-d16.pbqp,llvm,none,clone,36582.0
082-instcombine-patternmatch-match-n12-d16.pbqp,llvm,none,allocation,20358.0
082-instcombine-patternmatch-match-n12-d16.pbqp,llvm,none,conditioning,11530.0
082-instcombine-patternmatch-match-n12-d16.pbqp,llvm,none,r0,920.0
082-instcombine-patternmatch-match-n12-d16.pbqp,llvm,none,r1,12744.0
082-instcombine-patternmatch-match-n12-d16.pbqp,llvm,none,r2,37680.0
082-instcombine-patternmatch-match-n12-d16.pbqp,llvm,none,lower_bound,18297.0
082-instcombine-patternmatch-match-n12-d16.pbqp,llvm,none,incumbent,4032.0
082-instcombine-patternmatch-match-n12-d16.pbqp,llvm,none,seed,0.0
082-instcombine-patternmatch-match-n12-d16.pbqp,llvm,heuristic,other,395.0
082-instcombine-patternmatch-match-n12-d16.pbqp,llvm,heuristic,topology,3446.0
082-instcombine-patternmatch-match-n12-d16.pbqp,llvm,heuristic,selection,2856.0
082-instcombine-patternmatch-match-n12-d16.pbqp,llvm,heuristic,reduction,972.0
082-instcombine-patternmatch-match-n12-d16.pbqp,llvm,heuristic,reconstruction,70.0
082-instcombine-patternmatch-match-n12-d16.pbqp,llvm,heuristic,kernel,10650.0
082-instcombine-patternmatch-match-n12-d16.pbqp,llvm,heuristic,metadata,316.0
082-instcombine-patternmatch-match-n12-d16.pbqp,llvm,heuristic,search,114.0
082-instcombine-patternmatch-match-n12-d16.pbqp,llvm,heuristic,clone,0.0
082-instcombine-patternmatch-match-n12-d16.pbqp,llvm,heuristic,allocation,1505.0
082-instcombine-patternmatch-match-n12-d16.pbqp,llvm,heuristic,conditioning,659.0
082-instcombine-patternmatch-match-n12-d16.pbqp,llvm,heuristic,r0,41.0
082-instcombine-patternmatch-match-n12-d16.pbqp,llvm,heuristic,r1,686.0
082-instcombine-patternmatch-match-n12-d16.pbqp,llvm,heuristic,r2,3909.0
082-instcombine-patternmatch-match-n12-d16.pbqp,llvm,heuristic,lower_bound,1254.0
082-instcombine-patternmatch-match-n12-d16.pbqp,llvm,heuristic,incumbent,72.0
082-instcombine-patternmatch-match-n12-d16.pbqp,llvm,heuristic,seed,2142.0
083-instcombine-patternmatch-match-n11-d16.pbqp,llvm,none,other,421.0
083-instcombine-patternmatch-match-n11-d16.pbqp,llvm,none,topology,58057.0
083-instcombine-patternmatch-match-n11-d16.pbqp,llvm,none,selection,31515.0
083-instcombine-patternmatch-match-n11-d16.pbqp,llvm,none,reduction,0.0
083-instcombine-patternmatch-match-n11-d16.pbqp,llvm,none,reconstruction,309.0
083-instcombine-patternmatch-match-n11-d16.pbqp,llvm,none,kernel,216600.0
083-instcombine-patternmatch-match-n11-d16.pbqp,llvm,none,metadata,67000.0
083-instcombine-patternmatch-match-n11-d16.pbqp,llvm,none,search,105581.0
083-instcombine-patternmatch-match-n11-d16.pbqp,llvm,none,clone,111879.0
083-instcombine-patternmatch-match-n11-d16.pbqp,llvm,none,allocation,54764.0
083-instcombine-patternmatch-match-n11-d16.pbqp,llvm,none,conditioning,36562.0
083-instcombine-patternmatch-match-n11-d16.pbqp,llvm,none,r0,3285.0
083-instcombine-patternmatch-match-n11-d16.pbqp,llvm,none,r1,33154.0
083-instcombine-patternmatch-match-n11-d16.pbqp,llvm,none,r2,143772.0
083-instcombine-patternmatch-match-n11-d16.pbqp,llvm,none,lower_bound,61919.0
083-instcombine-patternmatch-match-n11-d16.pbqp,llvm,none,incumbent,12187.0
083-instcombine-patternmatch-match-n11-d16.pbqp,llvm,none,seed,0.0
083-instcombine-patternmatch-match-n11-d16.pbqp,llvm,heuristic,other,426.0
083-instcombine-patternmatch-match-n11-d16.pbqp,llvm,heuristic,topology,3588.0
083-instcombine-patternmatch-match-n11-d16.pbqp,llvm,heuristic,selection,3213.0
083-instcombine-patternmatch-match-n11-d16.pbqp,llvm,heuristic,reduction,1213.0
083-instcombine-patternmatch-match-n11-d16.pbqp,llvm,heuristic,reconstruction,105.0
083-instcombine-patternmatch-match-n11-d16.pbqp,llvm,heuristic,kernel,14746.0
083-instcombine-patternmatch-match-n11-d16.pbqp,llvm,heuristic,metadata,474.0
083-instcombine-patternmatch-match-n11-d16.pbqp,llvm,heuristic,search,116.0
083-instcombine-patternmatch-match-n11-d16.pbqp,llvm,heuristic,clone,0.0
083-instcombine-patternmatch-match-n11-d16.pbqp,llvm,heuristic,allocation,1542.0
083-instcombine-patternmatch-match-n11-d16.pbqp,llvm,heuristic,conditioning,975.0
083-instcombine-patternmatch-match-n11-d16.pbqp,llvm,heuristic,r0,49.0
083-instcombine-patternmatch-match-n11-d16.pbqp,llvm,heuristic,r1,1035.0
083-instcombine-patternmatch-match-n11-d16.pbqp,llvm,heuristic,r2,3610.0
083-instcombine-patternmatch-match-n11-d16.pbqp,llvm,heuristic,lower_bound,1659.0
083-instcombine-patternmatch-match-n11-d16.pbqp,llvm,heuristic,incumbent,81.0
083-instcombine-patternmatch-match-n11-d16.pbqp,llvm,heuristic,seed,2096.0
084-instcombine-patternmatch-match-n11-d16.pbqp,llvm,none,other,1200.0
084-instcombine-patternmatch-match-n11-d16.pbqp,llvm,none,topology,60821.0
084-instcombine-patternmatch-match-n11-d16.pbqp,llvm,none,selection,32954.0
084-instcombine-patternmatch-match-n11-d16.pbqp,llvm,none,reduction,0.0
084-instcombine-patternmatch-match-n11-d16.pbqp,llvm,none,reconstruction,327.0
084-instcombine-patternmatch-match-n11-d16.pbqp,llvm,none,kernel,224820.0
084-instcombine-patternmatch-match-n11-d16.pbqp,llvm,none,metadata,69562.0
084-instcombine-patternmatch-match-n11-d16.pbqp,llvm,none,search,111163.0
084-instcombine-patternmatch-match-n11-d16.pbqp,llvm,none,clone,118626.0
084-instcombine-patternmatch-match-n11-d16.pbqp,llvm,none,allocation,57493.0
084-instcombine-patternmatch-match-n11-d16.pbqp,llvm,none,conditioning,38083.0
084-instcombine-patternmatch-match-n11-d16.pbqp,llvm,none,r0,3346.0
084-instcombine-patternmatch-match-n11-d16.pbqp,llvm,none,r1,35004.0
084-instcombine-patternmatch-match-n11-d16.pbqp,llvm,none,r2,158172.0
084-instcombine-patternmatch-match-n11-d16.pbqp,llvm,none,lower_bound,65678.0
084-instcombine-patternmatch-match-n11-d16.pbqp,llvm,none,incumbent,12601.0
084-instcombine-patternmatch-match-n11-d16.pbqp,llvm,none,seed,0.0
084-instcombine-patternmatch-match-n11-d16.pbqp,llvm,heuristic,other,454.0
084-instcombine-patternmatch-match-n11-d16.pbqp,llvm,heuristic,topology,3664.0
084-instcombine-patternmatch-match-n11-d16.pbqp,llvm,heuristic,selection,3267.0
084-instcombine-patternmatch-match-n11-d16.pbqp,llvm,heuristic,reduction,1248.0
084-instcombine-patternmatch-match-n11-d16.pbqp,llvm,heuristic,reconstruction,102.0
084-instcombine-patternmatch-match-n11-d16.pbqp,llvm,heuristic,kernel,14915.0
084-instcombine-patternmatch-match-n11-d16.pbqp,llvm,heuristic,metadata,677.0
084-instcombine-patternmatch-match-n11-d16.pbqp,llvm,heuristic,search,127.0
084-instcombine-patternmatch-match-n11-d16.pbqp,llvm,heuristic,clone,0.0
084-instcombine-patternmatch-match-n11-d16.pbqp,llvm,heuristic,allocation,1592.0
084-instcombine-patternmatch-match-n11-d16.pbqp,llvm,heuristic,conditioning,1054.0
084-instcombine-patternmatch-match-n11-d16.pbqp,llvm,heuristic,r0,25.0
084-instcombine-patternmatch-match-n11-d16.pbqp,llvm,heuristic,r1,1058.0
084-instcombine-patternmatch-match-n11-d16.pbqp,llvm,heuristic,r2,3679.0
084-instcombine-patternmatch-match-n11-d16.pbqp,llvm,heuristic,lower_bound,1679.0
084-instcombine-patternmatch-match-n11-d16.pbqp,llvm,heuristic,incumbent,77.0
084-instcombine-patternmatch-match-n11-d16.pbqp,llvm,heuristic,seed,2103.0
085-instcombine-patternmatch-match-n11-d16.pbqp,llvm,none,other,442.0
085-instcombine-patternmatch-match-n11-d16.pbqp,llvm,none,topology,59795.0
085-instcombine-patternmatch-match-n11-d16.pbqp,llvm,none,selection,31390.0
085-instcombine-patternmatch-match-n11-d16.pbqp,llvm,none,reduction,0.0
085-instcombine-patternmatch-match-n11-d16.pbqp,llvm,none,reconstruction,292.0
085-instcombine-patternmatch-match-n11-d16.pbqp,llvm,none,kernel,213641.0
085-instcombine-patternmatch-match-n11-d16.pbqp,llvm,none,metadata,71230.0
085-instcombine-patternmatch-match-n11-d16.pbqp,llvm,none,search,110001.0
085-instcombine-patternmatch-match-n11-d16.pbqp,llvm,none,clone,111147.0
085-instcombine-patternmatch-match-n11-d16.pbqp,llvm,none,allocation,55017.0
085-instcombine-patternmatch-match-n11-d16.pbqp,llvm,none,conditioning,36702.0
085-instcombine-patternmatch-match-n11-d16.pbqp,llvm,none,r0,3198.0
085-instcombine-patternmatch-match-n11-d16.pbqp,llvm,none,r1,33670.0
085-instcombine-patternmatch-match-n11-d16.pbqp,llvm,none,r2,147728.0
085-instcombine-patternmatch-match-n11-d16.pbqp,llvm,none,lower_bound,62784.0
085-instcombine-patternmatch-match-n11-d16.pbqp,llvm,none,incumbent,12131.0
085-instcombine-patternmatch-match-n11-d16.pbqp,llvm,none,seed,0.0
085-instcombine-patternmatch-match-n11-d16.pbqp,llvm,heuristic,other,444.0
085-instcombine-patternmatch-match-n11-d16.pbqp,llvm,heuristic,topology,3597.0
085-instcombine-patternmatch-match-n11-d16.pbqp,llvm,heuristic,selection,3202.0
085-instcombine-patternmatch-match-n11-d16.pbqp,llvm,heuristic,reduction,1307.0
085-instcombine-patternmatch-match-n11-d16.pbqp,llvm,heuristic,reconstruction,71.0
085-instcombine-patternmatch-match-n11-d16.pbqp,llvm,heuristic,kernel,15071.0
085-instcombine-patternmatch-match-n11-d16.pbqp,llvm,heuristic,metadata,496.0
085-instcombine-patternmatch-match-n11-d16.pbqp,llvm,heuristic,search,119.0
085-instcombine-patternmatch-match-n11-d16.pbqp,llvm,heuristic,clone,0.0
085-instcombine-patternmatch-match-n11-d16.pbqp,llvm,heuristic,allocation,1659.0
085-instcombine-patternmatch-match-n11-d16.pbqp,llvm,heuristic,conditioning,979.0
085-instcombine-patternmatch-match-n11-d16.pbqp,llvm,heuristic,r0,35.0
085-instcombine-patternmatch-match-n11-d16.pbqp,llvm,heuristic,r1,1058.0
085-instcombine-patternmatch-match-n11-d16.pbqp,llvm,heuristic,r2,3544.0
085-instcombine-patternmatch-match-n11-d16.pbqp,llvm,heuristic,lower_bound,1648.0
085-instcombine-patternmatch-match-n11-d16.pbqp,llvm,heuristic,incumbent,66.0
085-instcombine-patternmatch-match-n11-d16.pbqp,llvm,heuristic,seed,2096.0
086-instcombine-patternmatch-match-n9-d16.pbqp,llvm,none,other,483.0
086-instcombine-patternmatch-match-n9-d16.pbqp,llvm,none,topology,28945.0
086-instcombine-patternmatch-match-n9-d16.pbqp,llvm,none,selection,14946.0
086-instcombine-patternmatch-match-n9-d16.pbqp,llvm,none,reduction,0.0
086-instcombine-patternmatch-match-n9-d16.pbqp,llvm,none,reconstruction,186.0
086-instcombine-patternmatch-match-n9-d16.pbqp,llvm,none,kernel,118228.0
086-instcombine-patternmatch-match-n9-d16.pbqp,llvm,none,metadata,37719.0
086-instcombine-patternmatch-match-n9-d16.pbqp,llvm,none,search,54631.0
086-instcombine-patternmatch-match-n9-d16.pbqp,llvm,none,clone,48626.0
086-instcombine-patternmatch-match-n9-d16.pbqp,llvm,none,allocation,28290.0
086-instcombine-patternmatch-match-n9-d16.pbqp,llvm,none,conditioning,18465.0
086-instcombine-patternmatch-match-n9-d16.pbqp,llvm,none,r0,1863.0
086-instcombine-patternmatch-match-n9-d16.pbqp,llvm,none,r1,18643.0
086-instcombine-patternmatch-match-n9-d16.pbqp,llvm,none,r2,89735.0
086-instcombine-patternmatch-match-n9-d16.pbqp,llvm,none,lower_bound,23051.0
086-instcombine-patternmatch-match-n9-d16.pbqp,llvm,none,incumbent,6277.0
086-instcombine-patternmatch-match-n9-d16.pbqp,llvm,none,seed,0.0
086-instcombine-patternmatch-match-n9-d16.pbqp,llvm,heuristic,other,515.0
086-instcombine-patternmatch-match-n9-d16.pbqp,llvm,heuristic,topology,2604.0
086-instcombine-patternmatch-match-n9-d16.pbqp,llvm,heuristic,selection,2273.0
086-instcombine-patternmatch-match-n9-d16.pbqp,llvm,heuristic,reduction,1035.0
086-instcombine-patternmatch-match-n9-d16.pbqp,llvm,heuristic,reconstruction,87.0
086-instcombine-patternmatch-match-n9-d16.pbqp,llvm,heuristic,kernel,14681.0
086-instcombine-patternmatch-match-n9-d16.pbqp,llvm,heuristic,metadata,881.0
086-instcombine-patternmatch-match-n9-d16.pbqp,llvm,heuristic,search,128.0
086-instcombine-patternmatch-match-n9-d16.pbqp,llvm,heuristic,clone,0.0
086-instcombine-patternmatch-match-n9-d16.pbqp,llvm,heuristic,allocation,1567.0
086-instcombine-patternmatch-match-n9-d16.pbqp,llvm,heuristic,conditioning,837.0
086-instcombine-patternmatch-match-n9-d16.pbqp,llvm,heuristic,r0,52.0
086-instcombine-patternmatch-match-n9-d16.pbqp,llvm,heuristic,r1,1341.0
086-instcombine-patternmatch-match-n9-d16.pbqp,llvm,heuristic,r2,3254.0
086-instcombine-patternmatch-match-n9-d16.pbqp,llvm,heuristic,lower_bound,1205.0
086-instcombine-patternmatch-match-n9-d16.pbqp,llvm,heuristic,incumbent,66.0
086-instcombine-patternmatch-match-n9-d16.pbqp,llvm,heuristic,seed,1760.0
087-instcombine-patternmatch-match-n14-d16.pbqp,llvm,heuristic,other,477.0
087-instcombine-patternmatch-match-n14-d16.pbqp,llvm,heuristic,topology,5752.0
087-instcombine-patternmatch-match-n14-d16.pbqp,llvm,heuristic,selection,5632.0
087-instcombine-patternmatch-match-n14-d16.pbqp,llvm,heuristic,reduction,2710.0
087-instcombine-patternmatch-match-n14-d16.pbqp,llvm,heuristic,reconstruction,69.0
087-instcombine-patternmatch-match-n14-d16.pbqp,llvm,heuristic,kernel,19147.0
087-instcombine-patternmatch-match-n14-d16.pbqp,llvm,heuristic,metadata,598.0
087-instcombine-patternmatch-match-n14-d16.pbqp,llvm,heuristic,search,151.0
087-instcombine-patternmatch-match-n14-d16.pbqp,llvm,heuristic,clone,0.0
087-instcombine-patternmatch-match-n14-d16.pbqp,llvm,heuristic,allocation,2445.0
087-instcombine-patternmatch-match-n14-d16.pbqp,llvm,heuristic,conditioning,2275.0
087-instcombine-patternmatch-match-n14-d16.pbqp,llvm,heuristic,r0,55.0
087-instcombine-patternmatch-match-n14-d16.pbqp,llvm,heuristic,r1,860.0
087-instcombine-patternmatch-match-n14-d16.pbqp,llvm,heuristic,r2,3836.0
087-instcombine-patternmatch-match-n14-d16.pbqp,llvm,heuristic,lower_bound,2599.0
087-instcombine-patternmatch-match-n14-d16.pbqp,llvm,heuristic,incumbent,66.0
087-instcombine-patternmatch-match-n14-d16.pbqp,llvm,heuristic,seed,3082.0
088-instcombine-patternmatch-match-n14-d16.pbqp,llvm,heuristic,other,462.0
088-instcombine-patternmatch-match-n14-d16.pbqp,llvm,heuristic,topology,5699.0
088-instcombine-patternmatch-match-n14-d16.pbqp,llvm,heuristic,selection,5756.0
088-instcombine-patternmatch-match-n14-d16.pbqp,llvm,heuristic,reduction,2575.0
088-instcombine-patternmatch-match-n14-d16.pbqp,llvm,heuristic,reconstruction,46.0
088-instcombine-patternmatch-match-n14-d16.pbqp,llvm,heuristic,kernel,18779.0
088-instcombine-patternmatch-match-n14-d16.pbqp,llvm,heuristic,metadata,467.0
088-instcombine-patternmatch-match-n14-d16.pbqp,llvm,heuristic,search,120.0
088-instcombine-patternmatch-match-n14-d16.pbqp,llvm,heuristic,clone,0.0
088-instcombine-patternmatch-match-n14-d16.pbqp,llvm,heuristic,allocation,2153.0
088-instcombine-patternmatch-match-n14-d16.pbqp,llvm,heuristic,conditioning,2156.0
088-instcombine-patternmatch-match-n14-d16.pbqp,llvm,heuristic,r0,49.0
088-instcombine-patternmatch-match-n14-d16.pbqp,llvm,heuristic,r1,855.0
088-instcombine-patternmatch-match-n14-d16.pbqp,llvm,heuristic,r2,3224.0
088-instcombine-patternmatch-match-n14-d16.pbqp,llvm,heuristic,lower_bound,2639.0
088-instcombine-patternmatch-match-n14-d16.pbqp,llvm,heuristic,incumbent,66.0
088-instcombine-patternmatch-match-n14-d16.pbqp,llvm,heuristic,seed,3133.0
089-instcombine-patternmatch-match-n15-d16.pbqp,llvm,heuristic,other,468.0
089-instcombine-patternmatch-match-n15-d16.pbqp,llvm,heuristic,topology,6635.0
089-instcombine-patternmatch-match-n15-d16.pbqp,llvm,heuristic,selection,6579.0
089-instcombine-patternmatch-match-n15-d16.pbqp,llvm,heuristic,reduction,3187.0
089-instcombine-patternmatch-match-n15-d16.pbqp,llvm,heuristic,reconstruction,102.0
089-instcombine-patternmatch-match-n15-d16.pbqp,llvm,heuristic,kernel,22908.0
089-instcombine-patternmatch-match-n15-d16.pbqp,llvm,heuristic,metadata,694.0
089-instcombine-patternmatch-match-n15-d16.pbqp,llvm,heuristic,search,129.0
089-instcombine-patternmatch-match-n15-d16.pbqp,llvm,heuristic,clone,0.0
089-instcombine-patternmatch-match-n15-d16.pbqp,llvm,heuristic,allocation,2205.0
089-instcombine-patternmatch-match-n15-d16.pbqp,llvm,heuristic,conditioning,2938.0
089-instcombine-patternmatch-match-n15-d16.pbqp,llvm,heuristic,r0,46.0
089-instcombine-patternmatch-match-n15-d16.pbqp,llvm,heuristic,r1,812.0
089-instcombine-patternmatch-match-n15-d16.pbqp,llvm,heuristic,r2,4155.0
089-instcombine-patternmatch-match-n15-d16.pbqp,llvm,heuristic,lower_bound,3949.0
089-instcombine-patternmatch-match-n15-d16.pbqp,llvm,heuristic,incumbent,72.0
089-instcombine-patternmatch-match-n15-d16.pbqp,llvm,heuristic,seed,3185.0
090-instcombine-patternmatch-match-n17-d16.pbqp,llvm,heuristic,other,811.0
090-instcombine-patternmatch-match-n17-d16.pbqp,llvm,heuristic,topology,8224.0
090-instcombine-patternmatch-match-n17-d16.pbqp,llvm,heuristic,selection,7444.0
090-instcombine-patternmatch-match-n17-d16.pbqp,llvm,heuristic,reduction,2902.0
090-instcombine-patternmatch-match-n17-d16.pbqp,llvm,heuristic,reconstruction,137.0
090-instcombine-patternmatch-match-n17-d16.pbqp,llvm,heuristic,kernel,48257.0
090-instcombine-patternmatch-match-n17-d16.pbqp,llvm,heuristic,metadata,1564.0
090-instcombine-patternmatch-match-n17-d16.pbqp,llvm,heuristic,search,168.0
090-instcombine-patternmatch-match-n17-d16.pbqp,llvm,heuristic,clone,0.0
090-instcombine-patternmatch-match-n17-d16.pbqp,llvm,heuristic,allocation,2756.0
090-instcombine-patternmatch-match-n17-d16.pbqp,llvm,heuristic,conditioning,2317.0
090-instcombine-patternmatch-match-n17-d16.pbqp,llvm,heuristic,r0,84.0
090-instcombine-patternmatch-match-n17-d16.pbqp,llvm,heuristic,r1,1069.0
090-instcombine-patternmatch-match-n17-d16.pbqp,llvm,heuristic,r2,14140.0
090-instcombine-patternmatch-match-n17-d16.pbqp,llvm,heuristic,lower_bound,3365.0
090-instcombine-patternmatch-match-n17-d16.pbqp,llvm,heuristic,incumbent,103.0
090-instcombine-patternmatch-match-n17-d16.pbqp,llvm,heuristic,seed,3811.0
091-instcombine-patternmatch-match-n14-d16.pbqp,llvm,none,other,671.0
091-instcombine-patternmatch-match-n14-d16.pbqp,llvm,none,topology,74246.0
091-instcombine-patternmatch-match-n14-d16.pbqp,llvm,none,selection,44501.0
091-instcombine-patternmatch-match-n14-d16.pbqp,llvm,none,reduction,0.0
091-instcombine-patternmatch-match-n14-d16.pbqp,llvm,none,reconstruction,246.0
091-instcombine-patternmatch-match-n14-d16.pbqp,llvm,none,kernel,319556.0
091-instcombine-patternmatch-match-n14-d16.pbqp,llvm,none,metadata,64861.0
091-instcombine-patternmatch-match-n14-d16.pbqp,llvm,none,search,108092.0
091-instcombine-patternmatch-match-n14-d16.pbqp,llvm,none,clone,147565.0
091-instcombine-patternmatch-match-n14-d16.pbqp,llvm,none,allocation,59484.0
091-instcombine-patternmatch-match-n14-d16.pbqp,llvm,none,conditioning,38551.0
091-instcombine-patternmatch-match-n14-d16.pbqp,llvm,none,r0,2162.0
091-instcombine-patternmatch-match-n14-d16.pbqp,llvm,none,r1,22798.0
091-instcombine-patternmatch-match-n14-d16.pbqp,llvm,none,r2,224805.0
091-instcombine-patternmatch-match-n14-d16.pbqp,llvm,none,lower_bound,100578.0
091-instcombine-patternmatch-match-n14-d16.pbqp,llvm,none,incumbent,12727.0
091-instcombine-patternmatch-match-n14-d16.pbqp,llvm,none,seed,0.0
091-instcombine-patternmatch-match-n14-d16.pbqp,llvm,heuristic,other,544.0
091-instcombine-patternmatch-match-n14-d16.pbqp,llvm,heuristic,topology,4936.0
091-instcombine-patternmatch-match-n14-d16.pbqp,llvm,heuristic,selection,4086.0
091-instcombine-patternmatch-match-n14-d16.pbqp,llvm,heuristic,reduction,1272.0
091-instcombine-patternmatch-match-n14-d16.pbqp,llvm,heuristic,reconstruction,46.0
091-instcombine-patternmatch-match-n14-d16.pbqp,llvm,heuristic,kernel,35030.0
091-instcombine-patternmatch-match-n14-d16.pbqp,llvm,heuristic,metadata,917.0
091-instcombine-patternmatch-match-n14-d16.pbqp,llvm,heuristic,search,112.0
091-instcombine-patternmatch-match-n14-d16.pbqp,llvm,heuristic,clone,0.0
091-instcombine-patternmatch-match-n14-d16.pbqp,llvm,heuristic,allocation,1674.0
091-instcombine-patternmatch-match-n14-d16.pbqp,llvm,heuristic,conditioning,995.0
091-instcombine-patternmatch-match-n14-d16.pbqp,llvm,heuristic,r0,71.0
091-instcombine-patternmatch-match-n14-d16.pbqp,llvm,heuristic,r1,772.0
091-instcombine-patternmatch-match-n14-d16.pbqp,llvm,heuristic,r2,9355.0
091-instcombine-patternmatch-match-n14-d16.pbqp,llvm,heuristic,lower_bound,1982.0
091-instcombine-patternmatch-match-n14-d16.pbqp,llvm,heuristic,incumbent,64.0
091-instcombine-patternmatch-match-n14-d16.pbqp,llvm,heuristic,seed,2577.0
092-instcombine-patternmatch-match-n11-d16.pbqp,llvm,none,other,246.0
092-instcombine-patternmatch-match-n11-d16.pbqp,llvm,none,topology,111375.0
092-instcombine-patternmatch-match-n11-d16.pbqp,llvm,none,selection,64477.0
092-instcombine-patternmatch-match-n11-d16.pbqp,llvm,none,reduction,0.0
092-instcombine-patternmatch-match-n11-d16.pbqp,llvm,none,reconstruction,4048.0
092-instcombine-patternmatch-match-n11-d16.pbqp,llvm,none,kernel,179055.0
092-instcombine-patternmatch-match-n11-d16.pbqp,llvm,none,metadata,56396.0
092-instcombine-patternmatch-match-n11-d16.pbqp,llvm,none,search,191466.0
092-instcombine-patternmatch-match-n11-d16.pbqp,llvm,none,clone,233107.0
092-instcombine-patternmatch-match-n11-d16.pbqp,llvm,none,allocation,95203.0
092-instcombine-patternmatch-match-n11-d16.pbqp,llvm,none,conditioning,71368.0
092-instcombine-patternmatch-match-n11-d16.pbqp,llvm,none,r0,4484.0
092-instcombine-patternmatch-match-n11-d16.pbqp,llvm,none,r1,42742.0
092-instcombine-patternmatch-match-n11-d16.pbqp,llvm,none,r2,138514.0
092-instcombine-patternmatch-match-n11-d16.pbqp,llvm,none,lower_bound,100373.0
092-instcombine-patternmatch-match-n11-d16.pbqp,llvm,none,incumbent,19807.0
092-instcombine-patternmatch-match-n11-d16.pbqp,llvm,none,seed,0.0
092-instcombine-patternmatch-match-n11-d16.pbqp,llvm,heuristic,other,279.0
092-instcombine-patternmatch-match-n11-d16.pbqp,llvm,heuristic,topology,3580.0
092-instcombine-patternmatch-match-n11-d16.pbqp,llvm,heuristic,selection,3326.0
092-instcombine-patternmatch-match-n11-d16.pbqp,llvm,heuristic,reduction,1677.0
092-instcombine-patternmatch-match-n11-d16.pbqp,llvm,heuristic,reconstruction,93.0
092-instcombine-patternmatch-match-n11-d16.pbqp,llvm,heuristic,kernel,10254.0
092-instcombine-patternmatch-match-n11-d16.pbqp,llvm,heuristic,metadata,0.0
092-instcombine-patternmatch-match-n11-d16.pbqp,llvm,heuristic,search,118.0
092-instcombine-patternmatch-match-n11-d16.pbqp,llvm,heuristic,clone,0.0
092-instcombine-patternmatch-match-n11-d16.pbqp,llvm,heuristic,allocation,1664.0
092-instcombine-patternmatch-match-n11-d16.pbqp,llvm,heuristic,conditioning,1215.0
092-instcombine-patternmatch-match-n11-d16.pbqp,llvm,heuristic,r0,24.0
092-instcombine-patternmatch-match-n11-d16.pbqp,llvm,heuristic,r1,296.0
092-instcombine-patternmatch-match-n11-d16.pbqp,llvm,heuristic,r2,2479.0
092-instcombine-patternmatch-match-n11-d16.pbqp,llvm,heuristic,lower_bound,1761.0
092-instcombine-patternmatch-match-n11-d16.pbqp,llvm,heuristic,incumbent,66.0
092-instcombine-patternmatch-match-n11-d16.pbqp,llvm,heuristic,seed,2270.0
093-instcombine-patternmatch-match-n10-d16.pbqp,llvm,none,other,329.0
093-instcombine-patternmatch-match-n10-d16.pbqp,llvm,none,topology,62735.0
093-instcombine-patternmatch-match-n10-d16.pbqp,llvm,none,selection,41353.0
093-instcombine-patternmatch-match-n10-d16.pbqp,llvm,none,reduction,0.0
093-instcombine-patternmatch-match-n10-d16.pbqp,llvm,none,reconstruction,266.0
093-instcombine-patternmatch-match-n10-d16.pbqp,llvm,none,kernel,149807.0
093-instcombine-patternmatch-match-n10-d16.pbqp,llvm,none,metadata,32559.0
093-instcombine-patternmatch-match-n10-d16.pbqp,llvm,none,search,75040.0
093-instcombine-patternmatch-match-n10-d16.pbqp,llvm,none,clone,75956.0
093-instcombine-patternmatch-match-n10-d16.pbqp,llvm,none,allocation,40638.0
093-instcombine-patternmatch-match-n10-d16.pbqp,llvm,none,conditioning,25902.0
093-instcombine-patternmatch-match-n10-d16.pbqp,llvm,none,r0,885.0
093-instcombine-patternmatch-match-n10-d16.pbqp,llvm,none,r1,9168.0
093-instcombine-patternmatch-match-n10-d16.pbqp,llvm,none,r2,116567.0
093-instcombine-patternmatch-match-n10-d16.pbqp,llvm,none,lower_bound,61684.0
093-instcombine-patternmatch-match-n10-d16.pbqp,llvm,none,incumbent,8520.0
093-instcombine-patternmatch-match-n10-d16.pbqp,llvm,none,seed,0.0
093-instcombine-patternmatch-match-n10-d16.pbqp,llvm,heuristic,other,256.0
093-instcombine-patternmatch-match-n10-d16.pbqp,llvm,heuristic,topology,3219.0
093-instcombine-patternmatch-match-n10-d16.pbqp,llvm,heuristic,selection,2857.0
093-instcombine-patternmatch-match-n10-d16.pbqp,llvm,heuristic,reduction,1345.0
093-instcombine-patternmatch-match-n10-d16.pbqp,llvm,heuristic,reconstruction,92.0
093-instcombine-patternmatch-match-n10-d16.pbqp,llvm,heuristic,kernel,10091.0
093-instcombine-patternmatch-match-n10-d16.pbqp,llvm,heuristic,metadata,0.0
093-instcombine-patternmatch-match-n10-d16.pbqp,llvm,heuristic,search,129.0
093-instcombine-patternmatch-match-n10-d16.pbqp,llvm,heuristic,clone,0.0
093-instcombine-patternmatch-match-n10-d16.pbqp,llvm,heuristic,allocation,1420.0
093-instcombine-patternmatch-match-n10-d16.pbqp,llvm,heuristic,conditioning,994.0
093-instcombine-patternmatch-match-n10-d16.pbqp,llvm,heuristic,r0,45.0
093-instcombine-patternmatch-match-n10-d16.pbqp,llvm,heuristic,r1,316.0
093-instcombine-patternmatch-match-n10-d16.pbqp,llvm,heuristic,r2,2948.0
093-instcombine-patternmatch-match-n10-d16.pbqp,llvm,heuristic,lower_bound,1496.0
093-instcombine-patternmatch-match-n10-d16.pbqp,llvm,heuristic,incumbent,79.0
093-instcombine-patternmatch-match-n10-d16.pbqp,llvm,heuristic,seed,2083.0
094-instcombine-patternmatch-match-n12-d16.pbqp,llvm,heuristic,other,356.0
094-instcombine-patternmatch-match-n12-d16.pbqp,llvm,heuristic,topology,4107.0
094-instcombine-patternmatch-match-n12-d16.pbqp,llvm,heuristic,selection,3820.0
094-instcombine-patternmatch-match-n12-d16.pbqp,llvm,heuristic,reduction,2257.0
094-instcombine-patternmatch-match-n12-d16.pbqp,llvm,heuristic,reconstruction,106.0
094-instcombine-patternmatch-match-n12-d16.pbqp,llvm,heuristic,kernel,15931.0
094-instcombine-patternmatch-match-n12-d16.pbqp,llvm,heuristic,metadata,0.0
094-instcombine-patternmatch-match-n12-d16.pbqp,llvm,heuristic,search,161.0
094-instcombine-patternmatch-match-n12-d16.pbqp,llvm,heuristic,clone,0.0
094-instcombine-patternmatch-match-n12-d16.pbqp,llvm,heuristic,allocation,1728.0
094-instcombine-patternmatch-match-n12-d16.pbqp,llvm,heuristic,conditioning,1646.0
094-instcombine-patternmatch-match-n12-d16.pbqp,llvm,heuristic,r0,55.0
094-instcombine-patternmatch-match-n12-d16.pbqp,llvm,heuristic,r1,438.0
094-instcombine-patternmatch-match-n12-d16.pbqp,llvm,heuristic,r2,3268.0
094-instcombine-patternmatch-match-n12-d16.pbqp,llvm,heuristic,lower_bound,2328.0
094-instcombine-patternmatch-match-n12-d16.pbqp,llvm,heuristic,incumbent,94.0
094-instcombine-patternmatch-match-n12-d16.pbqp,llvm,heuristic,seed,2740.0
095-instcombine-patternmatch-match-n10-d16.pbqp,llvm,none,other,232.0
095-instcombine-patternmatch-match-n10-d16.pbqp,llvm,none,topology,56906.0
095-instcombine-patternmatch-match-n10-d16.pbqp,llvm,none,selection,36592.0
095-instcombine-patternmatch-match-n10-d16.pbqp,llvm,none,reduction,0.0
095-instcombine-patternmatch-match-n10-d16.pbqp,llvm,none,reconstruction,328.0
095-instcombine-patternmatch-match-n10-d16.pbqp,llvm,none,kernel,109161.0
095-instcombine-patternmatch-match-n10-d16.pbqp,llvm,none,metadata,25967.0
095-instcombine-patternmatch-match-n10-d16.pbqp,llvm,none,search,73492.0
095-instcombine-patternmatch-match-n10-d16.pbqp,llvm,none,clone,79210.0
095-instcombine-patternmatch-match-n10-d16.pbqp,llvm,none,allocation,40615.0
095-instcombine-patternmatch-match-n10-d16.pbqp,llvm,none,conditioning,25912.0
095-instcombine-patternmatch-match-n10-d16.pbqp,llvm,none,r0,967.0
095-instcombine-patternmatch-match-n10-d16.pbqp,llvm,none,r1,7606.0
095-instcombine-patternmatch-match-n10-d16.pbqp,llvm,none,r2,80537.0
095-instcombine-patternmatch-match-n10-d16.pbqp,llvm,none,lower_bound,59665.0
095-instcombine-patternmatch-match-n10-d16.pbqp,llvm,none,incumbent,8830.0
095-instcombine-patternmatch-match-n10-d16.pbqp,llvm,none,seed,0.0
095-instcombine-patternmatch-match-n10-d16.pbqp,llvm,heuristic,other,296.0
095-instcombine-patternmatch-match-n10-d16.pbqp,llvm,heuristic,topology,3108.0
095-instcombine-patternmatch-match-n10-d16.pbqp,llvm,heuristic,selection,2722.0
095-instcombine-patternmatch-match-n10-d16.pbqp,llvm,heuristic,reduction,1289.0
095-instcombine-patternmatch-match-n10-d16.pbqp,llvm,heuristic,reconstruction,81.0
095-instcombine-patternmatch-match-n10-d16.pbqp,llvm,heuristic,kernel,9006.0
095-instcombine-patternmatch-match-n10-d16.pbqp,llvm,heuristic,metadata,0.0
095-instcombine-patternmatch-match-n10-d16.pbqp,llvm,heuristic,search,116.0
095-instcombine-patternmatch-match-n10-d16.pbqp,llvm,heuristic,clone,0.0
095-instcombine-patternmatch-match-n10-d16.pbqp,llvm,heuristic,allocation,1269.0
095-instcombine-patternmatch-match-n10-d16.pbqp,llvm,heuristic,conditioning,921.0
095-instcombine-patternmatch-match-n10-d16.pbqp,llvm,heuristic,r0,24.0
095-instcombine-patternmatch-match-n10-d16.pbqp,llvm,heuristic,r1,220.0
095-instcombine-patternmatch-match-n10-d16.pbqp,llvm,heuristic,r2,2408.0
095-instcombine-patternmatch-match-n10-d16.pbqp,llvm,heuristic,lower_bound,1492.0
095-instcombine-patternmatch-match-n10-d16.pbqp,llvm,heuristic,incumbent,68.0
095-instcombine-patternmatch-match-n10-d16.pbqp,llvm,heuristic,seed,1928.0
096-instcombine-patternmatch-match-n9-d16.pbqp,llvm,none,other,287.0
096-instcombine-patternmatch-match-n9-d16.pbqp,llvm,none,topology,32610.0
096-instcombine-patternmatch-match-n9-d16.pbqp,llvm,none,selection,20648.0
096-instcombine-patternmatch-match-n9-d16.pbqp,llvm,none,reduction,0.0
096-instcombine-patternmatch-match-n9-d16.pbqp,llvm,none,reconstruction,233.0
096-instcombine-patternmatch-match-n9-d16.pbqp,llvm,none,kernel,56324.0
096-instcombine-patternmatch-match-n9-d16.pbqp,llvm,none,metadata,12921.0
096-instcombine-patternmatch-match-n9-d16.pbqp,llvm,none,search,51185.0
096-instcombine-patternmatch-match-n9-d16.pbqp,llvm,none,clone,50984.0
096-instcombine-patternmatch-match-n9-d16.pbqp,llvm,none,allocation,25113.0
096-instcombine-patternmatch-match-n9-d16.pbqp,llvm,none,conditioning,19654.0
096-instcombine-patternmatch-match-n9-d16.pbqp,llvm,none,r0,1224.0
096-instcombine-patternmatch-match-n9-d16.pbqp,llvm,none,r1,10848.0
096-instcombine-patternmatch-match-n9-d16.pbqp,llvm,none,r2,29154.0
096-instcombine-patternmatch-match-n9-d16.pbqp,llvm,none,lower_bound,35539.0
096-instcombine-patternmatch-match-n9-d16.pbqp,llvm,none,incumbent,6488.0
096-instcombine-patternmatch-match-n9-d16.pbqp,llvm,none,seed,0.0
096-instcombine-patternmatch-match-n9-d16.pbqp,llvm,heuristic,other,277.0
096-instcombine-patternmatch-match-n9-d16.pbqp,llvm,heuristic,topology,2736.0
096-instcombine-patternmatch-match-n9-d16.pbqp,llvm,heuristic,selection,2491.0
096-instcombine-patternmatch-match-n9-d16.pbqp,llvm,heuristic,reduction,1210.0
096-instcombine-patternmatch-match-n9-d16.pbqp,llvm,heuristic,reconstruction,73.0
096-instcombine-patternmatch-match-n9-d16.pbqp,llvm,heuristic,kernel,6447.0
096-instcombine-patternmatch-match-n9-d16.pbqp,llvm,heuristic,metadata,0.0
096-instcombine-patternmatch-match-n9-d16.pbqp,llvm,heuristic,search,121.0
096-instcombine-patternmatch-match-n9-d16.pbqp,llvm,heuristic,clone,0.0
096-instcombine-patternmatch-match-n9-d16.pbqp,llvm,heuristic,allocation,1275.0
096-instcombine-patternmatch-match-n9-d16.pbqp,llvm,heuristic,conditioning,980.0
096-instcombine-patternmatch-match-n9-d16.pbqp,llvm,heuristic,r0,40.0
096-instcombine-patternmatch-match-n9-d16.pbqp,llvm,heuristic,r1,451.0
096-instcombine-patternmatch-match-n9-d16.pbqp,llvm,heuristic,r2,1207.0
096-instcombine-patternmatch-match-n9-d16.pbqp,llvm,heuristic,lower_bound,1175.0
096-instcombine-patternmatch-match-n9-d16.pbqp,llvm,heuristic,incumbent,70.0
096-instcombine-patternmatch-match-n9-d16.pbqp,llvm,heuristic,seed,1867.0
097-instcombine-patternmatch-match-n14-d16.pbqp,llvm,none,other,750.0
097-instcombine-patternmatch-match-n14-d16.pbqp,llvm,none,topology,30168.0
097-instcombine-patternmatch-match-n14-d16.pbqp,llvm,none,selection,16835.0
097-instcombine-patternmatch-match-n14-d16.pbqp,llvm,none,reduction,0.0
097-instcombine-patternmatch-match-n14-d16.pbqp,llvm,none,reconstruction,721.0
097-instcombine-patternmatch-match-n14-d16.pbqp,llvm,none,kernel,44084.0
097-instcombine-patternmatch-match-n14-d16.pbqp,llvm,none,metadata,15583.0
097-instcombine-patternmatch-match-n14-d16.pbqp,llvm,none,search,52642.0
097-instcombine-patternmatch-match-n14-d16.pbqp,llvm,none,clone,74220.0
097-instcombine-patternmatch-match-n14-d16.pbqp,llvm,none,allocation,26251.0
097-instcombine-patternmatch-match-n14-d16.pbqp,llvm,none,conditioning,18312.0
097-instcombine-patternmatch-match-n14-d16.pbqp,llvm,none,r0,1393.0
097-instcombine-patternmatch-match-n14-d16.pbqp,llvm,none,r1,12420.0
097-instcombine-patternmatch-match-n14-d16.pbqp,llvm,none,r2,37955.0
097-instcombine-patternmatch-match-n14-d16.pbqp,llvm,none,lower_bound,23214.0
097-instcombine-patternmatch-match-n14-d16.pbqp,llvm,none,incumbent,5835.0
097-instcombine-patternmatch-match-n14-d16.pbqp,llvm,none,seed,0.0
097-instcombine-patternmatch-match-n14-d16.pbqp,llvm,heuristic,other,757.0
097-instcombine-patternmatch-match-n14-d16.pbqp,llvm,heuristic,topology,4390.0
097-instcombine-patternmatch-match-n14-d16.pbqp,llvm,heuristic,selection,3494.0
097-instcombine-patternmatch-match-n14-d16.pbqp,llvm,heuristic,reduction,945.0
097-instcombine-patternmatch-match-n14-d16.pbqp,llvm,heuristic,reconstruction,82.0
097-instcombine-patternmatch-match-n14-d16.pbqp,llvm,heuristic,kernel,12740.0
097-instcombine-patternmatch-match-n14-d16.pbqp,llvm,heuristic,metadata,946.0
097-instcombine-patternmatch-match-n14-d16.pbqp,llvm,heuristic,search,121.0
097-instcombine-patternmatch-match-n14-d16.pbqp,llvm,heuristic,clone,0.0
097-instcombine-patternmatch-match-n14-d16.pbqp,llvm,heuristic,allocation,1892.0
097-instcombine-patternmatch-match-n14-d16.pbqp,llvm,heuristic,conditioning,767.0
097-instcombine-patternmatch-match-n14-d16.pbqp,llvm,heuristic,r0,77.0
097-instcombine-patternmatch-match-n14-d16.pbqp,llvm,heuristic,r1,742.0
097-instcombine-patternmatch-match-n14-d16.pbqp,llvm,heuristic,r2,5943.0
097-instcombine-patternmatch-match-n14-d16.pbqp,llvm,heuristic,lower_bound,1041.0
097-instcombine-patternmatch-match-n14-d16.pbqp,llvm,heuristic,incumbent,70.0
097-instcombine-patternmatch-match-n14-d16.pbqp,llvm,heuristic,seed,2575.0
098-instcombine-patternmatch-match-n12-d16.pbqp,llvm,none,other,1013.0
098-instcombine-patternmatch-match-n12-d16.pbqp,llvm,none,topology,1468.0
098-instcombine-patternmatch-match-n12-d16.pbqp,llvm,none,selection,722.0
098-instcombine-patternmatch-match-n12-d16.pbqp,llvm,none,reduction,0.0
098-instcombine-patternmatch-match-n12-d16.pbqp,llvm,none,reconstruction,40.0
098-instcombine-patternmatch-match-n12-d16.pbqp,llvm,none,kernel,4494.0
098-instcombine-patternmatch-match-n12-d16.pbqp,llvm,none,metadata,2165.0
098-instcombine-patternmatch-match-n12-d16.pbqp,llvm,none,search,0.0
098-instcombine-patternmatch-match-n12-d16.pbqp,llvm,none,clone,0.0
098-instcombine-patternmatch-match-n12-d16.pbqp,llvm,none,allocation,1080.0
098-instcombine-patternmatch-match-n12-d16.pbqp,llvm,none,conditioning,0.0
098-instcombine-patternmatch-match-n12-d16.pbqp,llvm,none,r0,47.0
098-instcombine-patternmatch-match-n12-d16.pbqp,llvm,none,r1,1450.0
098-instcombine-patternmatch-match-n12-d16.pbqp,llvm,none,r2,3440.0
098-instcombine-patternmatch-match-n12-d16.pbqp,llvm,none,lower_bound,0.0
098-instcombine-patternmatch-match-n12-d16.pbqp,llvm,none,incumbent,0.0
098-instcombine-patternmatch-match-n12-d16.pbqp,llvm,none,seed,0.0
098-instcombine-patternmatch-match-n12-d16.pbqp,llvm,heuristic,other,1046.0
098-instcombine-patternmatch-match-n12-d16.pbqp,llvm,heuristic,topology,2550.0
098-instcombine-patternmatch-match-n12-d16.pbqp,llvm,heuristic,selection,1339.0
098-instcombine-patternmatch-match-n12-d16.pbqp,llvm,heuristic,reduction,0.0
098-instcombine-patternmatch-match-n12-d16.pbqp,llvm,heuristic,reconstruction,82.0
098-instcombine-patternmatch-match-n12-d16.pbqp,llvm,heuristic,kernel,15242.0
098-instcombine-patternmatch-match-n12-d16.pbqp,llvm,heuristic,metadata,2377.0
098-instcombine-patternmatch-match-n12-d16.pbqp,llvm,heuristic,search,0.0
098-instcombine-patternmatch-match-n12-d16.pbqp,llvm,heuristic,clone,0.0
098-instcombine-patternmatch-match-n12-d16.pbqp,llvm,heuristic,allocation,1881.0
098-instcombine-patternmatch-match-n12-d16.pbqp,llvm,heuristic,conditioning,0.0
098-instcombine-patternmatch-match-n12-d16.pbqp,llvm,heuristic,r0,96.0
098-instcombine-patternmatch-match-n12-d16.pbqp,llvm,heuristic,r1,2855.0
098-instcombine-patternmatch-match-n12-d16.pbqp,llvm,heuristic,r2,6950.0
098-instcombine-patternmatch-match-n12-d16.pbqp,llvm,heuristic,lower_bound,0.0
098-instcombine-patternmatch-match-n12-d16.pbqp,llvm,heuristic,incumbent,0.0
098-instcombine-patternmatch-match-n12-d16.pbqp,llvm,heuristic,seed,1808.0
099-instcombine-patternmatch-match-n15-d16.pbqp,llvm,heuristic,other,490.0
099-instcombine-patternmatch-match-n15-d16.pbqp,llvm,heuristic,topology,6403.0
099-instcombine-patternmatch-match-n15-d16.pbqp,llvm,heuristic,selection,6231.0
099-instcombine-patternmatch-match-n15-d16.pbqp,llvm,heuristic,reduction,2918.0
099-instcombine-patternmatch-match-n15-d16.pbqp,llvm,heuristic,reconstruction,105.0
099-instcombine-patternmatch-match-n15-d16.pbqp,llvm,heuristic,kernel,28311.0
099-instcombine-patternmatch-match-n15-d16.pbqp,llvm,heuristic,metadata,478.0
099-instcombine-patternmatch-match-n15-d16.pbqp,llvm,heuristic,search,269.0
099-instcombine-patternmatch-match-n15-d16.pbqp,llvm,heuristic,clone,0.0
099-instcombine-patternmatch-match-n15-d16.pbqp,llvm,heuristic,allocation,2350.0
099-instcombine-patternmatch-match-n15-d16.pbqp,llvm,heuristic,conditioning,2312.0
099-instcombine-patternmatch-match-n15-d16.pbqp,llvm,heuristic,r0,70.0
099-instcombine-patternmatch-match-n15-d16.pbqp,llvm,heuristic,r1,1072.0
099-instcombine-patternmatch-match-n15-d16.pbqp,llvm,heuristic,r2,6727.0
099-instcombine-patternmatch-match-n15-d16.pbqp,llvm,heuristic,lower_bound,3571.0
099-instcombine-patternmatch-match-n15-d16.pbqp,llvm,heuristic,incumbent,97.0
099-instcombine-patternmatch-match-n15-d16.pbqp,llvm,heuristic,seed,3388.0
100-instcombine-patternmatch-match-n13-d16.pbqp,llvm,heuristic,other,515.0
100-instcombine-patternmatch-match-n13-d16.pbqp,llvm,heuristic,topology,5473.0
100-instcombine-patternmatch-match-n13-d16.pbqp,llvm,heuristic,selection,4655.0
100-instcombine-patternmatch-match-n13-d16.pbqp,llvm,heuristic,reduction,2371.0
100-instcombine-patternmatch-match-n13-d16.pbqp,llvm,heuristic,reconstruction,76.0
100-instcombine-patternmatch-match-n13-d16.pbqp,llvm,heuristic,kernel,22145.0
100-instcombine-patternmatch-match-n13-d16.pbqp,llvm,heuristic,metadata,690.0
100-instcombine-patternmatch-match-n13-d16.pbqp,llvm,heuristic,search,176.0
100-instcombine-patternmatch-match-n13-d16.pbqp,llvm,heuristic,clone,0.0
100-instcombine-patternmatch-match-n13-d16.pbqp,llvm,heuristic,allocation,1985.0
100-instcombine-patternmatch-match-n13-d16.pbqp,llvm,heuristic,conditioning,1795.0
100-instcombine-patternmatch-match-n13-d16.pbqp,llvm,heuristic,r0,55.0
100-instcombine-patternmatch-match-n13-d16.pbqp,llvm,heuristic,r1,1026.0
100-instcombine-patternmatch-match-n13-d16.pbqp,llvm,heuristic,r2,5530.0
100-instcombine-patternmatch-match-n13-d16.pbqp,llvm,heuristic,lower_bound,2894.0
100-instcombine-patternmatch-match-n13-d16.pbqp,llvm,heuristic,incumbent,85.0
100-instcombine-patternmatch-match-n13-d16.pbqp,llvm,heuristic,seed,2987.0
101-instcombine-patternmatch-match-n9-d16.pbqp,llvm,none,other,403.0
101-instcombine-patternmatch-match-n9-d16.pbqp,llvm,none,topology,33794.0
101-instcombine-patternmatch-match-n9-d16.pbqp,llvm,none,selection,18452.0
101-instcombine-patternmatch-match-n9-d16.pbqp,llvm,none,reduction,0.0
101-instcombine-patternmatch-match-n9-d16.pbqp,llvm,none,reconstruction,240.0
101-instcombine-patternmatch-match-n9-d16.pbqp,llvm,none,kernel,139947.0
101-instcombine-patternmatch-match-n9-d16.pbqp,llvm,none,metadata,34299.0
101-instcombine-patternmatch-match-n9-d16.pbqp,llvm,none,search,60753.0
101-instcombine-patternmatch-match-n9-d16.pbqp,llvm,none,clone,51856.0
101-instcombine-patternmatch-match-n9-d16.pbqp,llvm,none,allocation,30826.0
101-instcombine-patternmatch-match-n9-d16.pbqp,llvm,none,conditioning,21696.0
101-instcombine-patternmatch-match-n9-d16.pbqp,llvm,none,r0,1722.0
101-instcombine-patternmatch-match-n9-d16.pbqp,llvm,none,r1,18179.0
101-instcombine-patternmatch-match-n9-d16.pbqp,llvm,none,r2,88543.0
101-instcombine-patternmatch-match-n9-d16.pbqp,llvm,none,lower_bound,33530.0
101-instcombine-patternmatch-match-n9-d16.pbqp,llvm,none,incumbent,7177.0
101-instcombine-patternmatch-match-n9-d16.pbqp,llvm,none,seed,0.0
101-instcombine-patternmatch-match-n9-d16.pbqp,llvm,heuristic,other,396.0
101-instcombine-patternmatch-match-n9-d16.pbqp,llvm,heuristic,topology,2288.0
101-instcombine-patternmatch-match-n9-d16.pbqp,llvm,heuristic,selection,2059.0
101-instcombine-patternmatch-match-n9-d16.pbqp,llvm,heuristic,reduction,948.0
101-instcombine-patternmatch-match-n9-d16.pbqp,llvm,heuristic,reconstruction,77.0
101-instcombine-patternmatch-match-n9-d16.pbqp,llvm,heuristic,kernel,16531.0
101-instcombine-patternmatch-match-n9-d16.pbqp,llvm,heuristic,metadata,355.0
101-instcombine-patternmatch-match-n9-d16.pbqp,llvm,heuristic,search,130.0
101-instcombine-patternmatch-match-n9-d16.pbqp,llvm,heuristic,clone,0.0
101-instcombine-patternmatch-match-n9-d16.pbqp,llvm,heuristic,allocation,1000.0
101-instcombine-patternmatch-match-n9-d16.pbqp,llvm,heuristic,conditioning,734.0
101-instcombine-patternmatch-match-n9-d16.pbqp,llvm,heuristic,r0,74.0
101-instcombine-patternmatch-match-n9-d16.pbqp,llvm,heuristic,r1,309.0
101-instcombine-patternmatch-match-n9-d16.pbqp,llvm,heuristic,r2,5625.0
101-instcombine-patternmatch-match-n9-d16.pbqp,llvm,heuristic,lower_bound,1403.0
101-instcombine-patternmatch-match-n9-d16.pbqp,llvm,heuristic,incumbent,63.0
101-instcombine-patternmatch-match-n9-d16.pbqp,llvm,heuristic,seed,1626.0
102-instcombine-patternmatch-match-n9-d16.pbqp,llvm,none,other,323.0
102-instcombine-patternmatch-match-n9-d16.pbqp,llvm,none,topology,33227.0
102-instcombine-patternmatch-match-n9-d16.pbqp,llvm,none,selection,19089.0
102-instcombine-patternmatch-match-n9-d16.pbqp,llvm,none,reduction,0.0
102-instcombine-patternmatch-match-n9-d16.pbqp,llvm,none,reconstruction,223.0
102-instcombine-patternmatch-match-n9-d16.pbqp,llvm,none,kernel,134107.0
102-instcombine-patternmatch-match-n9-d16.pbqp,llvm,none,metadata,34608.0
102-instcombine-patternmatch-match-n9-d16.pbqp,llvm,none,search,62490.0
102-instcombine-patternmatch-match-n9-d16.pbqp,llvm,none,clone,51563.0
102-instcombine-patternmatch-match-n9-d16.pbqp,llvm,none,allocation,31548.0
102-instcombine-patternmatch-match-n9-d16.pbqp,llvm,none,conditioning,21992.0
102-instcombine-patternmatch-match-n9-d16.pbqp,llvm,none,r0,1705.0
102-instcombine-patternmatch-match-n9-d16.pbqp,llvm,none,r1,17904.0
102-instcombine-patternmatch-match-n9-d16.pbqp,llvm,none,r2,101807.0
102-instcombine-patternmatch-match-n9-d16.pbqp,llvm,none,lower_bound,34259.0
102-instcombine-patternmatch-match-n9-d16.pbqp,llvm,none,incumbent,7411.0
102-instcombine-patternmatch-match-n9-d16.pbqp,llvm,none,seed,0.0
102-instcombine-patternmatch-match-n9-d16.pbqp,llvm,heuristic,other,416.0
102-instcombine-patternmatch-match-n9-d16.pbqp,llvm,heuristic,topology,2289.0
102-instcombine-patternmatch-match-n9-d16.pbqp,llvm,heuristic,selection,2086.0
102-instcombine-patternmatch-match-n9-d16.pbqp,llvm,heuristic,reduction,960.0
102-instcombine-patternmatch-match-n9-d16.pbqp,llvm,heuristic,reconstruction,84.0
102-instcombine-patternmatch-match-n9-d16.pbqp,llvm,heuristic,kernel,16493.0
102-instcombine-patternmatch-match-n9-d16.pbqp,llvm,heuristic,metadata,326.0
102-instcombine-patternmatch-match-n9-d16.pbqp,llvm,heuristic,search,120.0
102-instcombine-patternmatch-match-n9-d16.pbqp,llvm,heuristic,clone,0.0
102-instcombine-patternmatch-match-n9-d16.pbqp,llvm,heuristic,allocation,978.0
102-instcombine-patternmatch-match-n9-d16.pbqp,llvm,heuristic,conditioning,672.0
102-instcombine-patternmatch-match-n9-d16.pbqp,llvm,heuristic,r0,101.0
102-instcombine-patternmatch-match-n9-d16.pbqp,llvm,heuristic,r1,321.0
102-instcombine-patternmatch-match-n9-d16.pbqp,llvm,heuristic,r2,5431.0
102-instcombine-patternmatch-match-n9-d16.pbqp,llvm,heuristic,lower_bound,1400.0
102-instcombine-patternmatch-match-n9-d16.pbqp,llvm,heuristic,incumbent,69.0
102-instcombine-patternmatch-match-n9-d16.pbqp,llvm,heuristic,seed,1657.0
103-instcombine-patternmatch-match-n8-d16.pbqp,llvm,none,other,482.0
103-instcombine-patternmatch-match-n8-d16.pbqp,llvm,none,topology,28126.0
103-instcombine-patternmatch-match-n8-d16.pbqp,llvm,none,selection,14604.0
103-instcombine-patternmatch-match-n8-d16.pbqp,llvm,none,reduction,0.0
103-instcombine-patternmatch-match-n8-d16.pbqp,llvm,none,reconstruction,165.0
103-instcombine-patternmatch-match-n8-d16.pbqp,llvm,none,kernel,117366.0
103-instcombine-patternmatch-match-n8-d16.pbqp,llvm,none,metadata,36062.0
103-instcombine-patternmatch-match-n8-d16.pbqp,llvm,none,search,55166.0
103-instcombine-patternmatch-match-n8-d16.pbqp,llvm,none,clone,45382.0
103-instcombine-patternmatch-match-n8-d16.pbqp,llvm,none,allocation,27333.0
103-instcombine-patternmatch-match-n8-d16.pbqp,llvm,none,conditioning,19050.0
103-instcombine-patternmatch-match-n8-d16.pbqp,llvm,none,r0,1855.0
103-instcombine-patternmatch-match-n8-d16.pbqp,llvm,none,r1,18049.0
103-instcombine-patternmatch-match-n8-d16.pbqp,llvm,none,r2,81396.0
103-instcombine-patternmatch-match-n8-d16.pbqp,llvm,none,lower_bound,22381.0
103-instcombine-patternmatch-match-n8-d16.pbqp,llvm,none,incumbent,6133.0
103-instcombine-patternmatch-match-n8-d16.pbqp,llvm,none,seed,0.0
103-instcombine-patternmatch-match-n8-d16.pbqp,llvm,heuristic,other,426.0
103-instcombine-patternmatch-match-n8-d16.pbqp,llvm,heuristic,topology,2310.0
103-instcombine-patternmatch-match-n8-d16.pbqp,llvm,heuristic,selection,2150.0
103-instcombine-patternmatch-match-n8-d16.pbqp,llvm,heuristic,reduction,972.0
103-instcombine-patternmatch-match-n8-d16.pbqp,llvm,heuristic,reconstruction,86.0
103-instcombine-patternmatch-match-n8-d16.pbqp,llvm,heuristic,kernel,12450.0
103-instcombine-patternmatch-match-n8-d16.pbqp,llvm,heuristic,metadata,532.0
103-instcombine-patternmatch-match-n8-d16.pbqp,llvm,heuristic,search,122.0
103-instcombine-patternmatch-match-n8-d16.pbqp,llvm,heuristic,clone,0.0
103-instcombine-patternmatch-match-n8-d16.pbqp,llvm,heuristic,allocation,1117.0
103-instcombine-patternmatch-match-n8-d16.pbqp,llvm,heuristic,conditioning,761.0
103-instcombine-patternmatch-match-n8-d16.pbqp,llvm,heuristic,r0,43.0
103-instcombine-patternmatch-match-n8-d16.pbqp,llvm,heuristic,r1,851.0
103-instcombine-patternmatch-match-n8-d16.pbqp,llvm,heuristic,r2,2877.0
103-instcombine-patternmatch-match-n8-d16.pbqp,llvm,heuristic,lower_bound,1207.0
103-instcombine-patternmatch-match-n8-d16.pbqp,llvm,heuristic,incumbent,77.0
103-instcombine-patternmatch-match-n8-d16.pbqp,llvm,heuristic,seed,1546.0
104-instcombine-patternmatch-match-n8-d16.pbqp,llvm,none,other,397.0
104-instcombine-patternmatch-match-n8-d16.pbqp,llvm,none,topology,28221.0
104-instcombine-patternmatch-match-n8-d16.pbqp,llvm,none,selection,14715.0
104-instcombine-patternmatch-match-n8-d16.pbqp,llvm,none,reduction,0.0
104-instcombine-patternmatch-match-n8-d16.pbqp,llvm,none,reconstruction,173.0
104-instcombine-patternmatch-match-n8-d16.pbqp,llvm,none,kernel,117023.0
104-instcombine-patternmatch-match-n8-d16.pbqp,llvm,none,metadata,36644.0
104-instcombine-patternmatch-match-n8-d16.pbqp,llvm,none,search,55465.0
104-instcombine-patternmatch-match-n8-d16.pbqp,llvm,none,clone,43695.0
104-instcombine-patternmatch-match-n8-d16.pbqp,llvm,none,allocation,27333.0
104-instcombine-patternmatch-match-n8-d16.pbqp,llvm,none,conditioning,18639.0
104-instcombine-patternmatch-match-n8-d16.pbqp,llvm,none,r0,1854.0
104-instcombine-patternmatch-match-n8-d16.pbqp,llvm,none,r1,17899.0
104-instcombine-patternmatch-match-n8-d16.pbqp,llvm,none,r2,86575.0
104-instcombine-patternmatch-match-n8-d16.pbqp,llvm,none,lower_bound,23019.0
104-instcombine-patternmatch-match-n8-d16.pbqp,llvm,none,incumbent,6193.0
104-instcombine-patternmatch-match-n8-d16.pbqp,llvm,none,seed,0.0
104-instcombine-patternmatch-match-n8-d16.pbqp,llvm,heuristic,other,432.0
104-instcombine-patternmatch-match-n8-d16.pbqp,llvm,heuristic,topology,2290.0
104-instcombine-patternmatch-match-n8-d16.pbqp,llvm,heuristic,selection,2083.0
104-instcombine-patternmatch-match-n8-d16.pbqp,llvm,heuristic,reduction,978.0
104-instcombine-patternmatch-match-n8-d16.pbqp,llvm,heuristic,reconstruction,37.0
104-instcombine-patternmatch-match-n8-d16.pbqp,llvm,heuristic,kernel,12729.0
104-instcombine-patternmatch-match-n8-d16.pbqp,llvm,heuristic,metadata,571.0
104-instcombine-patternmatch-match-n8-d16.pbqp,llvm,heuristic,search,121.0
104-instcombine-patternmatch-match-n8-d16.pbqp,llvm,heuristic,clone,0.0
104-instcombine-patternmatch-match-n8-d16.pbqp,llvm,heuristic,allocation,1177.0
104-instcombine-patternmatch-match-n8-d16.pbqp,llvm,heuristic,conditioning,823.0
104-instcombine-patternmatch-match-n8-d16.pbqp,llvm,heuristic,r0,24.0
104-instcombine-patternmatch-match-n8-d16.pbqp,llvm,heuristic,r1,867.0
104-instcombine-patternmatch-match-n8-d16.pbqp,llvm,heuristic,r2,2928.0
104-instcombine-patternmatch-match-n8-d16.pbqp,llvm,heuristic,lower_bound,1193.0
104-instcombine-patternmatch-match-n8-d16.pbqp,llvm,heuristic,incumbent,68.0
104-instcombine-patternmatch-match-n8-d16.pbqp,llvm,heuristic,seed,1581.0
105-instcombine-patternmatch-match-n4-d16.pbqp,llvm,none,other,461.0
105-instcombine-patternmatch-match-n4-d16.pbqp,llvm,none,topology,478.0
105-instcombine-patternmatch-match-n4-d16.pbqp,llvm,none,selection,284.0
105-instcombine-patternmatch-match-n4-d16.pbqp,llvm,none,reduction,0.0
105-instcombine-patternmatch-match-n4-d16.pbqp,llvm,none,reconstruction,31.0
105-instcombine-patternmatch-match-n4-d16.pbqp,llvm,none,kernel,1131.0
105-instcombine-patternmatch-match-n4-d16.pbqp,llvm,none,metadata,587.0
105-instcombine-patternmatch-match-n4-d16.pbqp,llvm,none,search,0.0
105-instcombine-patternmatch-match-n4-d16.pbqp,llvm,none,clone,0.0
105-instcombine-patternmatch-match-n4-d16.pbqp,llvm,none,allocation,347.0
105-instcombine-patternmatch-match-n4-d16.pbqp,llvm,none,conditioning,0.0
105-instcombine-patternmatch-match-n4-d16.pbqp,llvm,none,r0,25.0
105-instcombine-patternmatch-match-n4-d16.pbqp,llvm,none,r1,294.0
105-instcombine-patternmatch-match-n4-d16.pbqp,llvm,none,r2,1432.0
105-instcombine-patternmatch-match-n4-d16.pbqp,llvm,none,lower_bound,0.0
105-instcombine-patternmatch-match-n4-d16.pbqp,llvm,none,incumbent,0.0
105-instcombine-patternmatch-match-n4-d16.pbqp,llvm,none,seed,0.0
105-instcombine-patternmatch-match-n4-d16.pbqp,llvm,heuristic,other,471.0
105-instcombine-patternmatch-match-n4-d16.pbqp,llvm,heuristic,topology,912.0
105-instcombine-patternmatch-match-n4-d16.pbqp,llvm,heuristic,selection,496.0
105-instcombine-patternmatch-match-n4-d16.pbqp,llvm,heuristic,reduction,0.0
105-instcombine-patternmatch-match-n4-d16.pbqp,llvm,heuristic,reconstruction,65.0
105-instcombine-patternmatch-match-n4-d16.pbqp,llvm,heuristic,kernel,3896.0
105-instcombine-patternmatch-match-n4-d16.pbqp,llvm,heuristic,metadata,525.0
105-instcombine-patternmatch-match-n4-d16.pbqp,llvm,heuristic,search,0.0
105-instcombine-patternmatch-match-n4-d16.pbqp,llvm,heuristic,clone,0.0
105-instcombine-patternmatch-match-n4-d16.pbqp,llvm,heuristic,allocation,564.0
105-instcombine-patternmatch-match-n4-d16.pbqp,llvm,heuristic,conditioning,0.0
105-instcombine-patternmatch-match-n4-d16.pbqp,llvm,heuristic,r0,70.0
105-instcombine-patternmatch-match-n4-d16.pbqp,llvm,heuristic,r1,600.0
105-instcombine-patternmatch-match-n4-d16.pbqp,llvm,heuristic,r2,2608.0
105-instcombine-patternmatch-match-n4-d16.pbqp,llvm,heuristic,lower_bound,0.0
105-instcombine-patternmatch-match-n4-d16.pbqp,llvm,heuristic,incumbent,0.0
105-instcombine-patternmatch-match-n4-d16.pbqp,llvm,heuristic,seed,788.0
106-instcombine-patternmatch-match-n11-d16.pbqp,llvm,none,other,571.0
106-instcombine-patternmatch-match-n11-d16.pbqp,llvm,none,topology,17265.0
106-instcombine-patternmatch-match-n11-d16.pbqp,llvm,none,selection,10012.0
106-instcombine-patternmatch-match-n11-d16.pbqp,llvm,none,reduction,0.0
106-instcombine-patternmatch-match-n11-d16.pbqp,llvm,none,reconstruction,155.0
106-instcombine-patternmatch-match-n11-d16.pbqp,llvm,none,kernel,86041.0
106-instcombine-patternmatch-match-n11-d16.pbqp,llvm,none,metadata,19612.0
106-instcombine-patternmatch-match-n11-d16.pbqp,llvm,none,search,27733.0
106-instcombine-patternmatch-match-n11-d16.pbqp,llvm,none,clone,25766.0
106-instcombine-patternmatch-match-n11-d16.pbqp,llvm,none,allocation,15841.0
106-instcombine-patternmatch-match-n11-d16.pbqp,llvm,none,conditioning,8453.0
106-instcombine-patternmatch-match-n11-d16.pbqp,llvm,none,r0,880.0
106-instcombine-patternmatch-match-n11-d16.pbqp,llvm,none,r1,9162.0
106-instcombine-patternmatch-match-n11-d16.pbqp,llvm,none,r2,58175.0
106-instcombine-patternmatch-match-n11-d16.pbqp,llvm,none,lower_bound,9840.0
106-instcombine-patternmatch-match-n11-d16.pbqp,llvm,none,incumbent,3095.0
106-instcombine-patternmatch-match-n11-d16.pbqp,llvm,none,seed,0.0
106-instcombine-patternmatch-match-n11-d16.pbqp,llvm,heuristic,other,794.0
106-instcombine-patternmatch-match-n11-d16.pbqp,llvm,heuristic,topology,4450.0
106-instcombine-patternmatch-match-n11-d16.pbqp,llvm,heuristic,selection,3583.0
106-instcombine-patternmatch-match-n11-d16.pbqp,llvm,heuristic,reduction,971.0
106-instcombine-patternmatch-match-n11-d16.pbqp,llvm,heuristic,reconstruction,149.0
106-instcombine-patternmatch-match-n11-d16.pbqp,llvm,heuristic,kernel,44821.0
106-instcombine-patternmatch-match-n11-d16.pbqp,llvm,heuristic,metadata,1773.0
106-instcombine-patternmatch-match-n11-d16.pbqp,llvm,heuristic,search,165.0
106-instcombine-patternmatch-match-n11-d16.pbqp,llvm,heuristic,clone,0.0
106-instcombine-patternmatch-match-n11-d16.pbqp,llvm,heuristic,allocation,2100.0
106-instcombine-patternmatch-match-n11-d16.pbqp,llvm,heuristic,conditioning,597.0
106-instcombine-patternmatch-match-n11-d16.pbqp,llvm,heuristic,r0,184.0
106-instcombine-patternmatch-match-n11-d16.pbqp,llvm,heuristic,r1,1780.0
106-instcombine-patternmatch-match-n11-d16.pbqp,llvm,heuristic,r2,10276.0
106-instcombine-patternmatch-match-n11-d16.pbqp,llvm,heuristic,lower_bound,1408.0
106-instcombine-patternmatch-match-n11-d16.pbqp,llvm,heuristic,incumbent,84.0
106-instcombine-patternmatch-match-n11-d16.pbqp,llvm,heuristic,seed,2315.0
107-instcombine-patternmatch-match-n9-d16.pbqp,llvm,none,other,812.0
107-instcombine-patternmatch-match-n9-d16.pbqp,llvm,none,topology,1285.0
107-instcombine-patternmatch-match-n9-d16.pbqp,llvm,none,selection,552.0
107-instcombine-patternmatch-match-n9-d16.pbqp,llvm,none,reduction,0.0
107-instcombine-patternmatch-match-n9-d16.pbqp,llvm,none,reconstruction,41.0
107-instcombine-patternmatch-match-n9-d16.pbqp,llvm,none,kernel,3587.0
107-instcombine-patternmatch-match-n9-d16.pbqp,llvm,none,metadata,1601.0
107-instcombine-patternmatch-match-n9-d16.pbqp,llvm,none,search,0.0
107-instcombine-patternmatch-match-n9-d16.pbqp,llvm,none,clone,0.0
107-instcombine-patternmatch-match-n9-d16.pbqp,llvm,none,allocation,798.0
107-instcombine-patternmatch-match-n9-d16.pbqp,llvm,none,conditioning,0.0
107-instcombine-patternmatch-match-n9-d16.pbqp,llvm,none,r0,52.0
107-instcombine-patternmatch-match-n9-d16.pbqp,llvm,none,r1,498.0
107-instcombine-patternmatch-match-n9-d16.pbqp,llvm,none,r2,4107.0
107-instcombine-patternmatch-match-n9-d16.pbqp,llvm,none,lower_bound,0.0
107-instcombine-patternmatch-match-n9-d16.pbqp,llvm,none,incumbent,0.0
107-instcombine-patternmatch-match-n9-d16.pbqp,llvm,none,seed,0.0
107-instcombine-patternmatch-match-n9-d16.pbqp,llvm,heuristic,other,838.0
107-instcombine-patternmatch-match-n9-d16.pbqp,llvm,heuristic,topology,2089.0
107-instcombine-patternmatch-match-n9-d16.pbqp,llvm,heuristic,selection,1020.0
107-instcombine-patternmatch-match-n9-d16.pbqp,llvm,heuristic,reduction,0.0
107-instcombine-patternmatch-match-n9-d16.pbqp,llvm,heuristic,reconstruction,92.0
107-instcombine-patternmatch-match-n9-d16.pbqp,llvm,heuristic,kernel,12389.0
107-instcombine-patternmatch-match-n9-d16.pbqp,llvm,heuristic,metadata,1636.0
107-instcombine-patternmatch-match-n9-d16.pbqp,llvm,heuristic,search,0.0
107-instcombine-patternmatch-match-n9-d16.pbqp,llvm,heuristic,clone,0.0
107-instcombine-patternmatch-match-n9-d16.pbqp,llvm,heuristic,allocation,1371.0
107-instcombine-patternmatch-match-n9-d16.pbqp,llvm,heuristic,conditioning,0.0
107-instcombine-patternmatch-match-n9-d16.pbqp,llvm,heuristic,r0,97.0
107-instcombine-patternmatch-match-n9-d16.pbqp,llvm,heuristic,r1,987.0
107-instcombine-patternmatch-match-n9-d16.pbqp,llvm,heuristic,r2,7516.0
107-instcombine-patternmatch-match-n9-d16.pbqp,llvm,heuristic,lower_bound,0.0
107-instcombine-patternmatch-match-n9-d16.pbqp,llvm,heuristic,incumbent,0.0
107-instcombine-patternmatch-match-n9-d16.pbqp,llvm,heuristic,seed,1284.0
108-instcombine-patternmatch-match-n14-d16.pbqp,llvm,none,other,1051.0
108-instcombine-patternmatch-match-n14-d16.pbqp,llvm,none,topology,61609.0
108-instcombine-patternmatch-match-n14-d16.pbqp,llvm,none,selection,32870.0
108-instcombine-patternmatch-match-n14-d16.pbqp,llvm,none,reduction,0.0
108-instcombine-patternmatch-match-n14-d16.pbqp,llvm,none,reconstruction,336.0
108-instcombine-patternmatch-match-n14-d16.pbqp,llvm,none,kernel,172091.0
108-instcombine-patternmatch-match-n14-d16.pbqp,llvm,none,metadata,46966.0
108-instcombine-patternmatch-match-n14-d16.pbqp,llvm,none,search,106483.0
108-instcombine-patternmatch-match-n14-d16.pbqp,llvm,none,clone,167481.0
108-instcombine-patternmatch-match-n14-d16.pbqp,llvm,none,allocation,57039.0
108-instcombine-patternmatch-match-n14-d16.pbqp,llvm,none,conditioning,44771.0
108-instcombine-patternmatch-match-n14-d16.pbqp,llvm,none,r0,2822.0
108-instcombine-patternmatch-match-n14-d16.pbqp,llvm,none,r1,27710.0
108-instcombine-patternmatch-match-n14-d16.pbqp,llvm,none,r2,104398.0
108-instcombine-patternmatch-match-n14-d16.pbqp,llvm,none,lower_bound,93434.0
108-instcombine-patternmatch-match-n14-d16.pbqp,llvm,none,incumbent,13232.0
108-instcombine-patternmatch-match-n14-d16.pbqp,llvm,none,seed,0.0
108-instcombine-patternmatch-match-n14-d16.pbqp,llvm,heuristic,other,826.0
108-instcombine-patternmatch-match-n14-d16.pbqp,llvm,heuristic,topology,5190.0
108-instcombine-patternmatch-match-n14-d16.pbqp,llvm,heuristic,selection,4087.0
108-instcombine-patternmatch-match-n14-d16.pbqp,llvm,heuristic,reduction,1362.0
108-instcombine-patternmatch-match-n14-d16.pbqp,llvm,heuristic,reconstruction,47.0
108-instcombine-patternmatch-match-n14-d16.pbqp,llvm,heuristic,kernel,29914.0
108-instcombine-patternmatch-match-n14-d16.pbqp,llvm,heuristic,metadata,1669.0
108-instcombine-patternmatch-match-n14-d16.pbqp,llvm,heuristic,search,153.0
108-instcombine-patternmatch-match-n14-d16.pbqp,llvm,heuristic,clone,0.0
108-instcombine-patternmatch-match-n14-d16.pbqp,llvm,heuristic,allocation,1959.0
108-instcombine-patternmatch-match-n14-d16.pbqp,llvm,heuristic,conditioning,1021.0
108-instcombine-patternmatch-match-n14-d16.pbqp,llvm,heuristic,r0,151.0
108-instcombine-patternmatch-match-n14-d16.pbqp,llvm,heuristic,r1,1431.0
108-instcombine-patternmatch-match-n14-d16.pbqp,llvm,heuristic,r2,11247.0
108-instcombine-patternmatch-match-n14-d16.pbqp,llvm,heuristic,lower_bound,1538.0
108-instcombine-patternmatch-match-n14-d16.pbqp,llvm,heuristic,incumbent,85.0
108-instcombine-patternmatch-match-n14-d16.pbqp,llvm,heuristic,seed,2639.0
109-instcombine-patternmatch-match-n8-d16.pbqp,llvm,none,other,1174.0
109-instcombine-patternmatch-match-n8-d16.pbqp,llvm,none,topology,17141.0
109-instcombine-patternmatch-match-n8-d16.pbqp,llvm,none,selection,9034.0
109-instcombine-patternmatch-match-n8-d16.pbqp,llvm,none,reduction,0.0
109-instcombine-patternmatch-match-n8-d16.pbqp,llvm,none,reconstruction,236.0
109-instcombine-patternmatch-match-n8-d16.pbqp,llvm,none,kernel,97671.0
109-instcombine-patternmatch-match-n8-d16.pbqp,llvm,none,metadata,22317.0
109-instcombine-patternmatch-match-n8-d16.pbqp,llvm,none,search,29745.0
109-instcombine-patternmatch-match-n8-d16.pbqp,llvm,none,clone,21970.0
109-instcombine-patternmatch-match-n8-d16.pbqp,llvm,none,allocation,16181.0
109-instcombine-patternmatch-match-n8-d16.pbqp,llvm,none,conditioning,10151.0
109-instcombine-patternmatch-match-n8-d16.pbqp,llvm,none,r0,1007.0
109-instcombine-patternmatch-match-n8-d16.pbqp,llvm,none,r1,9384.0
109-instcombine-patternmatch-match-n8-d16.pbqp,llvm,none,r2,66184.0
109-instcombine-patternmatch-match-n8-d16.pbqp,llvm,none,lower_bound,9705.0
109-instcombine-patternmatch-match-n8-d16.pbqp,llvm,none,incumbent,3318.0
109-instcombine-patternmatch-match-n8-d16.pbqp,llvm,none,seed,0.0
109-instcombine-patternmatch-match-n8-d16.pbqp,llvm,heuristic,other,419.0
109-instcombine-patternmatch-match-n8-d16.pbqp,llvm,heuristic,topology,2079.0
109-instcombine-patternmatch-match-n8-d16.pbqp,llvm,heuristic,selection,1679.0
109-instcombine-patternmatch-match-n8-d16.pbqp,llvm,heuristic,reduction,683.0
109-instcombine-patternmatch-match-n8-d16.pbqp,llvm,heuristic,reconstruction,36.0
109-instcombine-patternmatch-match-n8-d16.pbqp,llvm,heuristic,kernel,24585.0
109-instcombine-patternmatch-match-n8-d16.pbqp,llvm,heuristic,metadata,577.0
109-instcombine-patternmatch-match-n8-d16.pbqp,llvm,heuristic,search,149.0
109-instcombine-patternmatch-match-n8-d16.pbqp,llvm,heuristic,clone,0.0
109-instcombine-patternmatch-match-n8-d16.pbqp,llvm,heuristic,allocation,954.0
109-instcombine-patternmatch-match-n8-d16.pbqp,llvm,heuristic,conditioning,487.0
109-instcombine-patternmatch-match-n8-d16.pbqp,llvm,heuristic,r0,25.0
109-instcombine-patternmatch-match-n8-d16.pbqp,llvm,heuristic,r1,300.0
109-instcombine-patternmatch-match-n8-d16.pbqp,llvm,heuristic,r2,8857.0
109-instcombine-patternmatch-match-n8-d16.pbqp,llvm,heuristic,lower_bound,1109.0
109-instcombine-patternmatch-match-n8-d16.pbqp,llvm,heuristic,incumbent,67.0
109-instcombine-patternmatch-match-n8-d16.pbqp,llvm,heuristic,seed,1503.0
110-instcombine-patternmatch-match-n8-d16.pbqp,llvm,none,other,435.0
110-instcombine-patternmatch-match-n8-d16.pbqp,llvm,none,topology,16826.0
110-instcombine-patternmatch-match-n8-d16.pbqp,llvm,none,selection,8824.0
110-instcombine-patternmatch-match-n8-d16.pbqp,llvm,none,reduction,0.0
110-instcombine-patternmatch-match-n8-d16.pbqp,llvm,none,reconstruction,156.0
110-instcombine-patternmatch-match-n8-d16.pbqp,llvm,none,kernel,84055.0
110-instcombine-patternmatch-match-n8-d16.pbqp,llvm,none,metadata,21473.0
110-instcombine-patternmatch-match-n8-d16.pbqp,llvm,none,search,29744.0
110-instcombine-patternmatch-match-n8-d16.pbqp,llvm,none,clone,21997.0
110-instcombine-patternmatch-match-n8-d16.pbqp,llvm,none,allocation,15694.0
110-instcombine-patternmatch-match-n8-d16.pbqp,llvm,none,conditioning,10207.0
110-instcombine-patternmatch-match-n8-d16.pbqp,llvm,none,r0,975.0
110-instcombine-patternmatch-match-n8-d16.pbqp,llvm,none,r1,9134.0
110-instcombine-patternmatch-match-n8-d16.pbqp,llvm,none,r2,63430.0
110-instcombine-patternmatch-match-n8-d16.pbqp,llvm,none,lower_bound,10124.0
110-instcombine-patternmatch-match-n8-d16.pbqp,llvm,none,incumbent,3312.0
110-instcombine-patternmatch-match-n8-d16.pbqp,llvm,none,seed,0.0
110-instcombine-patternmatch-match-n8-d16.pbqp,llvm,heuristic,other,434.0
110-instcombine-patternmatch-match-n8-d16.pbqp,llvm,heuristic,topology,2007.0
110-instcombine-patternmatch-match-n8-d16.pbqp,llvm,heuristic,selection,1716.0
110-instcombine-patternmatch-match-n8-d16.pbqp,llvm,heuristic,reduction,651.0
110-instcombine-patternmatch-match-n8-d16.pbqp,llvm,heuristic,reconstruction,36.0
110-instcombine-patternmatch-match-n8-d16.pbqp,llvm,heuristic,kernel,24731.0
110-instcombine-patternmatch-match-n8-d16.pbqp,llvm,heuristic,metadata,574.0
110-instcombine-patternmatch-match-n8-d16.pbqp,llvm,heuristic,search,117.0
110-instcombine-patternmatch-match-n8-d16.pbqp,llvm,heuristic,clone,0.0
110-instcombine-patternmatch-match-n8-d16.pbqp,llvm,heuristic,allocation,959.0
110-instcombine-patternmatch-match-n8-d16.pbqp,llvm,heuristic,conditioning,473.0
110-instcombine-patternmatch-match-n8-d16.pbqp,llvm,heuristic,r0,43.0
110-instcombine-patternmatch-match-n8-d16.pbqp,llvm,heuristic,r1,284.0
110-instcombine-patternmatch-match-n8-d16.pbqp,llvm,heuristic,r2,9050.0
110-instcombine-patternmatch-match-n8-d16.pbqp,llvm,heuristic,lower_bound,1107.0
110-instcombine-patternmatch-match-n8-d16.pbqp,llvm,heuristic,incumbent,69.0
110-instcombine-patternmatch-match-n8-d16.pbqp,llvm,heuristic,seed,1482.0
111-instcombine-patternmatch-match-n9-d16.pbqp,llvm,none,other,552.0
111-instcombine-patternmatch-match-n9-d16.pbqp,llvm,none,topology,5768.0
111-instcombine-patternmatch-match-n9-d16.pbqp,llvm,none,selection,3016.0
111-instcombine-patternmatch-match-n9-d16.pbqp,llvm,none,reduction,0.0
111-instcombine-patternmatch-match-n9-d16.pbqp,llvm,none,reconstruction,62.0
111-instcombine-patternmatch-match-n9-d16.pbqp,llvm,none,kernel,29219.0
111-instcombine-patternmatch-match-n9-d16.pbqp,llvm,none,metadata,9351.0
111-instcombine-patternmatch-match-n9-d16.pbqp,llvm,none,search,10162.0
111-instcombine-patternmatch-match-n9-d16.pbqp,llvm,none,clone,6315.0
111-instcombine-patternmatch-match-n9-d16.pbqp,llvm,none,allocation,6268.0
111-instcombine-patternmatch-match-n9-d16.pbqp,llvm,none,conditioning,3067.0
111-instcombine-patternmatch-match-n9-d16.pbqp,llvm,none,r0,419.0
111-instcombine-patternmatch-match-n9-d16.pbqp,llvm,none,r1,4494.0
111-instcombine-patternmatch-match-n9-d16.pbqp,llvm,none,r2,20446.0
111-instcombine-patternmatch-match-n9-d16.pbqp,llvm,none,lower_bound,341.0
111-instcombine-patternmatch-match-n9-d16.pbqp,llvm,none,incumbent,1050.0
111-instcombine-patternmatch-match-n9-d16.pbqp,llvm,none,seed,0.0
111-instcombine-patternmatch-match-n9-d16.pbqp,llvm,heuristic,other,572.0
111-instcombine-patternmatch-match-n9-d16.pbqp,llvm,heuristic,topology,2893.0
111-instcombine-patternmatch-match-n9-d16.pbqp,llvm,heuristic,selection,1677.0
111-instcombine-patternmatch-match-n9-d16.pbqp,llvm,heuristic,reduction,349.0
111-instcombine-patternmatch-match-n9-d16.pbqp,llvm,heuristic,reconstruction,36.0
111-instcombine-patternmatch-match-n9-d16.pbqp,llvm,heuristic,kernel,27431.0
111-instcombine-patternmatch-match-n9-d16.pbqp,llvm,heuristic,metadata,1228.0
111-instcombine-patternmatch-match-n9-d16.pbqp,llvm,heuristic,search,130.0
111-instcombine-patternmatch-match-n9-d16.pbqp,llvm,heuristic,clone,0.0
111-instcombine-patternmatch-match-n9-d16.pbqp,llvm,heuristic,allocation,1304.0
111-instcombine-patternmatch-match-n9-d16.pbqp,llvm,heuristic,conditioning,230.0
111-instcombine-patternmatch-match-n9-d16.pbqp,llvm,heuristic,r0,92.0
111-instcombine-patternmatch-match-n9-d16.pbqp,llvm,heuristic,r1,852.0
111-instcombine-patternmatch-match-n9-d16.pbqp,llvm,heuristic,r2,12012.0
111-instcombine-patternmatch-match-n9-d16.pbqp,llvm,heuristic,lower_bound,619.0
111-instcombine-patternmatch-match-n9-d16.pbqp,llvm,heuristic,incumbent,69.0
111-instcombine-patternmatch-match-n9-d16.pbqp,llvm,heuristic,seed,1548.0
112-instcombine-patternmatch-match-n14-d16.pbqp,llvm,none,other,739.0
112-instcombine-patternmatch-match-n14-d16.pbqp,llvm,none,topology,124414.0
112-instcombine-patternmatch-match-n14-d16.pbqp,llvm,none,selection,66198.0
112-instcombine-patternmatch-match-n14-d16.pbqp,llvm,none,reduction,0.0
112-instcombine-patternmatch-match-n14-d16.pbqp,llvm,none,reconstruction,9207.0
112-instcombine-patternmatch-match-n14-d16.pbqp,llvm,none,kernel,640908.0
112-instcombine-patternmatch-match-n14-d16.pbqp,llvm,none,metadata,150286.0
112-instcombine-patternmatch-match-n14-d16.pbqp,llvm,none,search,229239.0
112-instcombine-patternmatch-match-n14-d16.pbqp,llvm,none,clone,262450.0
112-instcombine-patternmatch-match-n14-d16.pbqp,llvm,none,allocation,119930.0
112-instcombine-patternmatch-match-n14-d16.pbqp,llvm,none,conditioning,81214.0
112-instcombine-patternmatch-match-n14-d16.pbqp,llvm,none,r0,7832.0
112-instcombine-patternmatch-match-n14-d16.pbqp,llvm,none,r1,77635.0
112-instcombine-patternmatch-match-n14-d16.pbqp,llvm,none,r2,369586.0
112-instcombine-patternmatch-match-n14-d16.pbqp,llvm,none,lower_bound,79347.0
112-instcombine-patternmatch-match-n14-d16.pbqp,llvm,none,incumbent,18530.0
112-instcombine-patternmatch-match-n14-d16.pbqp,llvm,none,seed,0.0
112-instcombine-patternmatch-match-n14-d16.pbqp,llvm,heuristic,other,704.0
112-instcombine-patternmatch-match-n14-d16.pbqp,llvm,heuristic,topology,5007.0
112-instcombine-patternmatch-match-n14-d16.pbqp,llvm,heuristic,selection,3795.0
112-instcombine-patternmatch-match-n14-d16.pbqp,llvm,heuristic,reduction,1391.0
112-instcombine-patternmatch-match-n14-d16.pbqp,llvm,heuristic,reconstruction,81.0
112-instcombine-patternmatch-match-n14-d16.pbqp,llvm,heuristic,kernel,42771.0
112-instcombine-patternmatch-match-n14-d16.pbqp,llvm,heuristic,metadata,1385.0
112-instcombine-patternmatch-match-n14-d16.pbqp,llvm,heuristic,search,151.0
112-instcombine-patternmatch-match-n14-d16.pbqp,llvm,heuristic,clone,0.0
112-instcombine-patternmatch-match-n14-d16.pbqp,llvm,heuristic,allocation,2278.0
112-instcombine-patternmatch-match-n14-d16.pbqp,llvm,heuristic,conditioning,1009.0
112-instcombine-patternmatch-match-n14-d16.pbqp,llvm,heuristic,r0,102.0
112-instcombine-patternmatch-match-n14-d16.pbqp,llvm,heuristic,r1,955.0
112-instcombine-patternmatch-match-n14-d16.pbqp,llvm,heuristic,r2,11134.0
112-instcombine-patternmatch-match-n14-d16.pbqp,llvm,heuristic,lower_bound,2008.0
112-instcombine-patternmatch-match-n14-d16.pbqp,llvm,heuristic,incumbent,84.0
112-instcombine-patternmatch-match-n14-d16.pbqp,llvm,heuristic,seed,2704.0
113-instcombine-patternmatch-match-n11-d16.pbqp,llvm,none,other,320.0
113-instcombine-patternmatch-match-n11-d16.pbqp,llvm,none,topology,115414.0
113-instcombine-patternmatch-match-n11-d16.pbqp,llvm,none,selection,63978.0
113-instcombine-patternmatch-match-n11-d16.pbqp,llvm,none,reduction,0.0
113-instcombine-patternmatch-match-n11-d16.pbqp,llvm,none,reconstruction,3970.0
113-instcombine-patternmatch-match-n11-d16.pbqp,llvm,none,kernel,182125.0
113-instcombine-patternmatch-match-n11-d16.pbqp,llvm,none,metadata,54700.0
113-instcombine-patternmatch-match-n11-d16.pbqp,llvm,none,search,187021.0
113-instcombine-patternmatch-match-n11-d16.pbqp,llvm,none,clone,229074.0
113-instcombine-patternmatch-match-n11-d16.pbqp,llvm,none,allocation,95208.0
113-instcombine-patternmatch-match-n11-d16.pbqp,llvm,none,conditioning,69546.0
113-instcombine-patternmatch-match-n11-d16.pbqp,llvm,none,r0,4368.0
113-instcombine-patternmatch-match-n11-d16.pbqp,llvm,none,r1,42305.0
113-instcombine-patternmatch-match-n11-d16.pbqp,llvm,none,r2,134285.0
113-instcombine-patternmatch-match-n11-d16.pbqp,llvm,none,lower_bound,97738.0
113-instcombine-patternmatch-match-n11-d16.pbqp,llvm,none,incumbent,19433.0
113-instcombine-patternmatch-match-n11-d16.pbqp,llvm,none,seed,0.0
113-instcombine-patternmatch-match-n11-d16.pbqp,llvm,heuristic,other,309.0
113-instcombine-patternmatch-match-n11-d16.pbqp,llvm,heuristic,topology,3530.0
113-instcombine-patternmatch-match-n11-d16.pbqp,llvm,heuristic,selection,3375.0
113-instcombine-patternmatch-match-n11-d16.pbqp,llvm,heuristic,reduction,1580.0
113-instcombine-patternmatch-match-n11-d16.pbqp,llvm,heuristic,reconstruction,45.0
113-instcombine-patternmatch-match-n11-d16.pbqp,llvm,heuristic,kernel,10260.0
113-instcombine-patternmatch-match-n11-d16.pbqp,llvm,heuristic,metadata,0.0
113-instcombine-patternmatch-match-n11-d16.pbqp,llvm,heuristic,search,142.0
113-instcombine-patternmatch-match-n11-d16.pbqp,llvm,heuristic,clone,0.0
113-instcombine-patternmatch-match-n11-d16.pbqp,llvm,heuristic,allocation,1537.0
113-instcombine-patternmatch-match-n11-d16.pbqp,llvm,heuristic,conditioning,1250.0
113-instcombine-patternmatch-match-n11-d16.pbqp,llvm,heuristic,r0,44.0
113-instcombine-patternmatch-match-n11-d16.pbqp,llvm,heuristic,r1,353.0
113-instcombine-patternmatch-match-n11-d16.pbqp,llvm,heuristic,r2,2575.0
113-instcombine-patternmatch-match-n11-d16.pbqp,llvm,heuristic,lower_bound,1776.0
113-instcombine-patternmatch-match-n11-d16.pbqp,llvm,heuristic,incumbent,68.0
113-instcombine-patternmatch-match-n11-d16.pbqp,llvm,heuristic,seed,2258.0
114-instcombine-patternmatch-match-n10-d16.pbqp,llvm,none,other,237.0
114-instcombine-patternmatch-match-n10-d16.pbqp,llvm,none,topology,55760.0
114-instcombine-patternmatch-match-n10-d16.pbqp,llvm,none,selection,35992.0
114-instcombine-patternmatch-match-n10-d16.pbqp,llvm,none,reduction,0.0
114-instcombine-patternmatch-match-n10-d16.pbqp,llvm,none,reconstruction,336.0
114-instcombine-patternmatch-match-n10-d16.pbqp,llvm,none,kernel,107157.0
114-instcombine-patternmatch-match-n10-d16.pbqp,llvm,none,metadata,24852.0
114-instcombine-patternmatch-match-n10-d16.pbqp,llvm,none,search,71644.0
114-instcombine-patternmatch-match-n10-d16.pbqp,llvm,none,clone,78018.0
114-instcombine-patternmatch-match-n10-d16.pbqp,llvm,none,allocation,39601.0
114-instcombine-patternmatch-match-n10-d16.pbqp,llvm,none,conditioning,25132.0
114-instcombine-patternmatch-match-n10-d16.pbqp,llvm,none,r0,1005.0
114-instcombine-patternmatch-match-n10-d16.pbqp,llvm,none,r1,7814.0
114-instcombine-patternmatch-match-n10-d16.pbqp,llvm,none,r2,78776.0
114-instcombine-patternmatch-match-n10-d16.pbqp,llvm,none,lower_bound,57155.0
114-instcombine-patternmatch-match-n10-d16.pbqp,llvm,none,incumbent,8680.0
114-instcombine-patternmatch-match-n10-d16.pbqp,llvm,none,seed,0.0
114-instcombine-patternmatch-match-n10-d16.pbqp,llvm,heuristic,other,300.0
114-instcombine-patternmatch-match-n10-d16.pbqp,llvm,heuristic,topology,3239.0
114-instcombine-patternmatch-match-n10-d16.pbqp,llvm,heuristic,selection,2854.0
114-instcombine-patternmatch-match-n10-d16.pbqp,llvm,heuristic,reduction,1331.0
114-instcombine-patternmatch-match-n10-d16.pbqp,llvm,heuristic,reconstruction,74.0
114-instcombine-patternmatch-match-n10-d16.pbqp,llvm,heuristic,kernel,9518.0
114-instcombine-patternmatch-match-n10-d16.pbqp,llvm,heuristic,metadata,0.0
114-instcombine-patternmatch-match-n10-d16.pbqp,llvm,heuristic,search,120.0
114-instcombine-patternmatch-match-n10-d16.pbqp,llvm,heuristic,clone,0.0
114-instcombine-patternmatch-match-n10-d16.pbqp,llvm,heuristic,allocation,1387.0
114-instcombine-patternmatch-match-n10-d16.pbqp,llvm,heuristic,conditioning,973.0
114-instcombine-patternmatch-match-n10-d16.pbqp,llvm,heuristic,r0,36.0
114-instcombine-patternmatch-match-n10-d16.pbqp,llvm,heuristic,r1,246.0
114-instcombine-patternmatch-match-n10-d16.pbqp,llvm,heuristic,r2,2370.0
114-instcombine-patternmatch-match-n10-d16.pbqp,llvm,heuristic,lower_bound,1510.0
114-instcombine-patternmatch-match-n10-d16.pbqp,llvm,heuristic,incumbent,85.0
114-instcombine-patternmatch-match-n10-d16.pbqp,llvm,heuristic,seed,2028.0
115-instcombine-function-ref-callback-fn-n2-d16.pbqp,llvm,none,other,276.0
115-instcombine-function-ref-callback-fn-n2-d16.pbqp,llvm,none,topology,98.0
115-instcombine-function-ref-callback-fn-n2-d16.pbqp,llvm,none,selection,129.0
115-instcombine-function-ref-callback-fn-n2-d16.pbqp,llvm,none,reduction,0.0
115-instcombine-function-ref-callback-fn-n2-d16.pbqp,llvm,none,reconstruction,24.0
115-instcombine-function-ref-callback-fn-n2-d16.pbqp,llvm,none,kernel,0.0
115-instcombine-function-ref-callback-fn-n2-d16.pbqp,llvm,none,metadata,0.0
115-instcombine-function-ref-callback-fn-n2-d16.pbqp,llvm,none,search,0.0
115-instcombine-function-ref-callback-fn-n2-d16.pbqp,llvm,none,clone,0.0
115-instcombine-function-ref-callback-fn-n2-d16.pbqp,llvm,none,allocation,0.0
115-instcombine-function-ref-callback-fn-n2-d16.pbqp,llvm,none,conditioning,0.0
115-instcombine-function-ref-callback-fn-n2-d16.pbqp,llvm,none,r0,47.0
115-instcombine-function-ref-callback-fn-n2-d16.pbqp,llvm,none,r1,0.0
115-instcombine-function-ref-callback-fn-n2-d16.pbqp,llvm,none,r2,0.0
115-instcombine-function-ref-callback-fn-n2-d16.pbqp,llvm,none,lower_bound,0.0
115-instcombine-function-ref-callback-fn-n2-d16.pbqp,llvm,none,incumbent,0.0
115-instcombine-function-ref-callback-fn-n2-d16.pbqp,llvm,none,seed,0.0
115-instcombine-function-ref-callback-fn-n2-d16.pbqp,llvm,heuristic,other,300.0
115-instcombine-function-ref-callback-fn-n2-d16.pbqp,llvm,heuristic,topology,190.0
115-instcombine-function-ref-callback-fn-n2-d16.pbqp,llvm,heuristic,selection,213.0
115-instcombine-function-ref-callback-fn-n2-d16.pbqp,llvm,heuristic,reduction,0.0
115-instcombine-function-ref-callback-fn-n2-d16.pbqp,llvm,heuristic,reconstruction,48.0
115-instcombine-function-ref-callback-fn-n2-d16.pbqp,llvm,heuristic,kernel,0.0
115-instcombine-function-ref-callback-fn-n2-d16.pbqp,llvm,heuristic,metadata,0.0
115-instcombine-function-ref-callback-fn-n2-d16.pbqp,llvm,heuristic,search,0.0
115-instcombine-function-ref-callback-fn-n2-d16.pbqp,llvm,heuristic,clone,0.0
115-instcombine-function-ref-callback-fn-n2-d16.pbqp,llvm,heuristic,allocation,0.0
115-instcombine-function-ref-callback-fn-n2-d16.pbqp,llvm,heuristic,conditioning,0.0
115-instcombine-function-ref-callback-fn-n2-d16.pbqp,llvm,heuristic,r0,96.0
115-instcombine-function-ref-callback-fn-n2-d16.pbqp,llvm,heuristic,r1,0.0
115-instcombine-function-ref-callback-fn-n2-d16.pbqp,llvm,heuristic,r2,0.0
115-instcombine-function-ref-callback-fn-n2-d16.pbqp,llvm,heuristic,lower_bound,0.0
115-instcombine-function-ref-callback-fn-n2-d16.pbqp,llvm,heuristic,incumbent,0.0
115-instcombine-function-ref-callback-fn-n2-d16.pbqp,llvm,heuristic,seed,476.0
117-instcombine-irbuilderbase-createcall-n38-d17-r1.pbqp,llvm,heuristic,other,1104.0
117-instcombine-irbuilderbase-createcall-n38-d17-r1.pbqp,llvm,heuristic,topology,41907.0
117-instcombine-irbuilderbase-createcall-n38-d17-r1.pbqp,llvm,heuristic,selection,35039.0
117-instcombine-irbuilderbase-createcall-n38-d17-r1.pbqp,llvm,heuristic,reduction,14288.0
117-instcombine-irbuilderbase-createcall-n38-d17-r1.pbqp,llvm,heuristic,reconstruction,138.0
117-instcombine-irbuilderbase-createcall-n38-d17-r1.pbqp,llvm,heuristic,kernel,53808.0
117-instcombine-irbuilderbase-createcall-n38-d17-r1.pbqp,llvm,heuristic,metadata,737.0
117-instcombine-irbuilderbase-createcall-n38-d17-r1.pbqp,llvm,heuristic,search,159.0
117-instcombine-irbuilderbase-createcall-n38-d17-r1.pbqp,llvm,heuristic,clone,0.0
117-instcombine-irbuilderbase-createcall-n38-d17-r1.pbqp,llvm,heuristic,allocation,7602.0
117-instcombine-irbuilderbase-createcall-n38-d17-r1.pbqp,llvm,heuristic,conditioning,11691.0
117-instcombine-irbuilderbase-createcall-n38-d17-r1.pbqp,llvm,heuristic,r0,165.0
117-instcombine-irbuilderbase-createcall-n38-d17-r1.pbqp,llvm,heuristic,r1,418.0
117-instcombine-irbuilderbase-createcall-n38-d17-r1.pbqp,llvm,heuristic,r2,5743.0
117-instcombine-irbuilderbase-createcall-n38-d17-r1.pbqp,llvm,heuristic,lower_bound,9782.0
117-instcombine-irbuilderbase-createcall-n38-d17-r1.pbqp,llvm,heuristic,incumbent,127.0
117-instcombine-irbuilderbase-createcall-n38-d17-r1.pbqp,llvm,heuristic,seed,10843.0
120-instcombine-irbuilderbase-createsrem-n12-d16.pbqp,llvm,heuristic,other,327.0
120-instcombine-irbuilderbase-createsrem-n12-d16.pbqp,llvm,heuristic,topology,4759.0
120-instcombine-irbuilderbase-createsrem-n12-d16.pbqp,llvm,heuristic,selection,4686.0
120-instcombine-irbuilderbase-createsrem-n12-d16.pbqp,llvm,heuristic,reduction,2894.0
120-instcombine-irbuilderbase-createsrem-n12-d16.pbqp,llvm,heuristic,reconstruction,102.0
120-instcombine-irbuilderbase-createsrem-n12-d16.pbqp,llvm,heuristic,kernel,8797.0
120-instcombine-irbuilderbase-createsrem-n12-d16.pbqp,llvm,heuristic,metadata,0.0
120-instcombine-irbuilderbase-createsrem-n12-d16.pbqp,llvm,heuristic,search,118.0
120-instcombine-irbuilderbase-createsrem-n12-d16.pbqp,llvm,heuristic,clone,0.0
120-instcombine-irbuilderbase-createsrem-n12-d16.pbqp,llvm,heuristic,allocation,2250.0
120-instcombine-irbuilderbase-createsrem-n12-d16.pbqp,llvm,heuristic,conditioning,3034.0
120-instcombine-irbuilderbase-createsrem-n12-d16.pbqp,llvm,heuristic,r0,23.0
120-instcombine-irbuilderbase-createsrem-n12-d16.pbqp,llvm,heuristic,r1,249.0
120-instcombine-irbuilderbase-createsrem-n12-d16.pbqp,llvm,heuristic,r2,643.0
120-instcombine-irbuilderbase-createsrem-n12-d16.pbqp,llvm,heuristic,lower_bound,2079.0
120-instcombine-irbuilderbase-createsrem-n12-d16.pbqp,llvm,heuristic,incumbent,68.0
120-instcombine-irbuilderbase-createsrem-n12-d16.pbqp,llvm,heuristic,seed,2752.0
121-instcombine-irbuilderbase-createurem-n12-d16.pbqp,llvm,heuristic,other,354.0
121-instcombine-irbuilderbase-createurem-n12-d16.pbqp,llvm,heuristic,topology,4713.0
121-instcombine-irbuilderbase-createurem-n12-d16.pbqp,llvm,heuristic,selection,4650.0
121-instcombine-irbuilderbase-createurem-n12-d16.pbqp,llvm,heuristic,reduction,2846.0
121-instcombine-irbuilderbase-createurem-n12-d16.pbqp,llvm,heuristic,reconstruction,62.0
121-instcombine-irbuilderbase-createurem-n12-d16.pbqp,llvm,heuristic,kernel,8436.0
121-instcombine-irbuilderbase-createurem-n12-d16.pbqp,llvm,heuristic,metadata,0.0
121-instcombine-irbuilderbase-createurem-n12-d16.pbqp,llvm,heuristic,search,119.0
121-instcombine-irbuilderbase-createurem-n12-d16.pbqp,llvm,heuristic,clone,0.0
121-instcombine-irbuilderbase-createurem-n12-d16.pbqp,llvm,heuristic,allocation,2245.0
121-instcombine-irbuilderbase-createurem-n12-d16.pbqp,llvm,heuristic,conditioning,2892.0
121-instcombine-irbuilderbase-createurem-n12-d16.pbqp,llvm,heuristic,r0,23.0
121-instcombine-irbuilderbase-createurem-n12-d16.pbqp,llvm,heuristic,r1,213.0
121-instcombine-irbuilderbase-createurem-n12-d16.pbqp,llvm,heuristic,r2,690.0
121-instcombine-irbuilderbase-createurem-n12-d16.pbqp,llvm,heuristic,lower_bound,2083.0
121-instcombine-irbuilderbase-createurem-n12-d16.pbqp,llvm,heuristic,incumbent,68.0
121-instcombine-irbuilderbase-createurem-n12-d16.pbqp,llvm,heuristic,seed,2782.0
122-instcombine-irbuilderbase-createzext-n13-d16.pbqp,llvm,heuristic,other,367.0
122-instcombine-irbuilderbase-createzext-n13-d16.pbqp,llvm,heuristic,topology,5449.0
122-instcombine-irbuilderbase-createzext-n13-d16.pbqp,llvm,heuristic,selection,5401.0
122-instcombine-irbuilderbase-createzext-n13-d16.pbqp,llvm,heuristic,reduction,3707.0
122-instcombine-irbuilderbase-createzext-n13-d16.pbqp,llvm,heuristic,reconstruction,101.0
122-instcombine-irbuilderbase-createzext-n13-d16.pbqp,llvm,heuristic,kernel,11418.0
122-instcombine-irbuilderbase-createzext-n13-d16.pbqp,llvm,heuristic,metadata,0.0
122-instcombine-irbuilderbase-createzext-n13-d16.pbqp,llvm,heuristic,search,122.0
122-instcombine-irbuilderbase-createzext-n13-d16.pbqp,llvm,heuristic,clone,0.0
122-instcombine-irbuilderbase-createzext-n13-d16.pbqp,llvm,heuristic,allocation,2688.0
122-instcombine-irbuilderbase-createzext-n13-d16.pbqp,llvm,heuristic,conditioning,3782.0
122-instcombine-irbuilderbase-createzext-n13-d16.pbqp,llvm,heuristic,r0,40.0
122-instcombine-irbuilderbase-createzext-n13-d16.pbqp,llvm,heuristic,r1,262.0
122-instcombine-irbuilderbase-createzext-n13-d16.pbqp,llvm,heuristic,r2,658.0
122-instcombine-irbuilderbase-createzext-n13-d16.pbqp,llvm,heuristic,lower_bound,2648.0
122-instcombine-irbuilderbase-createzext-n13-d16.pbqp,llvm,heuristic,incumbent,71.0
122-instcombine-irbuilderbase-createzext-n13-d16.pbqp,llvm,heuristic,seed,3403.0
123-instcombine-irbuilderbase-createfpext-n7-d16.pbqp,llvm,none,other,380.0
123-instcombine-irbuilderbase-createfpext-n7-d16.pbqp,llvm,none,topology,13110.0
123-instcombine-irbuilderbase-createfpext-n7-d16.pbqp,llvm,none,selection,7263.0
123-instcombine-irbuilderbase-createfpext-n7-d16.pbqp,llvm,none,reduction,0.0
123-instcombine-irbuilderbase-createfpext-n7-d16.pbqp,llvm,none,reconstruction,130.0
123-instcombine-irbuilderbase-createfpext-n7-d16.pbqp,llvm,none,kernel,30587.0
123-instcombine-irbuilderbase-createfpext-n7-d16.pbqp,llvm,none,metadata,9229.0
123-instcombine-irbuilderbase-createfpext-n7-d16.pbqp,llvm,none,search,25861.0
123-instcombine-irbuilderbase-createfpext-n7-d16.pbqp,llvm,none,clone,12807.0
123-instcombine-irbuilderbase-createfpext-n7-d16.pbqp,llvm,none,allocation,12761.0
123-instcombine-irbuilderbase-createfpext-n7-d16.pbqp,llvm,none,conditioning,8995.0
123-instcombine-irbuilderbase-createfpext-n7-d16.pbqp,llvm,none,r0,985.0
123-instcombine-irbuilderbase-createfpext-n7-d16.pbqp,llvm,none,r1,6670.0
123-instcombine-irbuilderbase-createfpext-n7-d16.pbqp,llvm,none,r2,19852.0
123-instcombine-irbuilderbase-createfpext-n7-d16.pbqp,llvm,none,lower_bound,7048.0
123-instcombine-irbuilderbase-createfpext-n7-d16.pbqp,llvm,none,incumbent,3019.0
123-instcombine-irbuilderbase-createfpext-n7-d16.pbqp,llvm,none,seed,0.0
123-instcombine-irbuilderbase-createfpext-n7-d16.pbqp,llvm,heuristic,other,366.0
123-instcombine-irbuilderbase-createfpext-n7-d16.pbqp,llvm,heuristic,topology,1605.0
123-instcombine-irbuilderbase-createfpext-n7-d16.pbqp,llvm,heuristic,selection,1579.0
123-instcombine-irbuilderbase-createfpext-n7-d16.pbqp,llvm,heuristic,reduction,616.0
123-instcombine-irbuilderbase-createfpext-n7-d16.pbqp,llvm,heuristic,reconstruction,63.0
123-instcombine-irbuilderbase-createfpext-n7-d16.pbqp,llvm,heuristic,kernel,3890.0
123-instcombine-irbuilderbase-createfpext-n7-d16.pbqp,llvm,heuristic,metadata,0.0
123-instcombine-irbuilderbase-createfpext-n7-d16.pbqp,llvm,heuristic,search,115.0
123-instcombine-irbuilderbase-createfpext-n7-d16.pbqp,llvm,heuristic,clone,0.0
123-instcombine-irbuilderbase-createfpext-n7-d16.pbqp,llvm,heuristic,allocation,679.0
123-instcombine-irbuilderbase-createfpext-n7-d16.pbqp,llvm,heuristic,conditioning,470.0
123-instcombine-irbuilderbase-createfpext-n7-d16.pbqp,llvm,heuristic,r0,134.0
123-instcombine-irbuilderbase-createfpext-n7-d16.pbqp,llvm,heuristic,r1,254.0
123-instcombine-irbuilderbase-createfpext-n7-d16.pbqp,llvm,heuristic,r2,851.0
123-instcombine-irbuilderbase-createfpext-n7-d16.pbqp,llvm,heuristic,lower_bound,796.0
123-instcombine-irbuilderbase-createfpext-n7-d16.pbqp,llvm,heuristic,incumbent,66.0
123-instcombine-irbuilderbase-createfpext-n7-d16.pbqp,llvm,heuristic,seed,1240.0
124-instcombine-irbuilderbase-createisneg-n5-d16.pbqp,llvm,none,other,163.0
124-instcombine-irbuilderbase-createisneg-n5-d16.pbqp,llvm,none,topology,7727.0
124-instcombine-irbuilderbase-createisneg-n5-d16.pbqp,llvm,none,selection,4358.0
124-instcombine-irbuilderbase-createisneg-n5-d16.pbqp,llvm,none,reduction,0.0
124-instcombine-irbuilderbase-createisneg-n5-d16.pbqp,llvm,none,reconstruction,110.0
124-instcombine-irbuilderbase-createisneg-n5-d16.pbqp,llvm,none,kernel,10234.0
124-instcombine-irbuilderbase-createisneg-n5-d16.pbqp,llvm,none,metadata,3573.0
124-instcombine-irbuilderbase-createisneg-n5-d16.pbqp,llvm,none,search,15783.0
124-instcombine-irbuilderbase-createisneg-n5-d16.pbqp,llvm,none,clone,8581.0
124-instcombine-irbuilderbase-createisneg-n5-d16.pbqp,llvm,none,allocation,7294.0
124-instcombine-irbuilderbase-createisneg-n5-d16.pbqp,llvm,none,conditioning,5460.0
124-instcombine-irbuilderbase-createisneg-n5-d16.pbqp,llvm,none,r0,335.0
124-instcombine-irbuilderbase-createisneg-n5-d16.pbqp,llvm,none,r1,3446.0
124-instcombine-irbuilderbase-createisneg-n5-d16.pbqp,llvm,none,r2,7371.0
124-instcombine-irbuilderbase-createisneg-n5-d16.pbqp,llvm,none,lower_bound,4534.0
124-instcombine-irbuilderbase-createisneg-n5-d16.pbqp,llvm,none,incumbent,1970.0
124-instcombine-irbuilderbase-createisneg-n5-d16.pbqp,llvm,none,seed,0.0
124-instcombine-irbuilderbase-createisneg-n5-d16.pbqp,llvm,heuristic,other,215.0
124-instcombine-irbuilderbase-createisneg-n5-d16.pbqp,llvm,heuristic,topology,1053.0
124-instcombine-irbuilderbase-createisneg-n5-d16.pbqp,llvm,heuristic,selection,1028.0
124-instcombine-irbuilderbase-createisneg-n5-d16.pbqp,llvm,heuristic,reduction,629.0
124-instcombine-irbuilderbase-createisneg-n5-d16.pbqp,llvm,heuristic,reconstruction,37.0
124-instcombine-irbuilderbase-createisneg-n5-d16.pbqp,llvm,heuristic,kernel,2545.0
124-instcombine-irbuilderbase-createisneg-n5-d16.pbqp,llvm,heuristic,metadata,0.0
124-instcombine-irbuilderbase-createisneg-n5-d16.pbqp,llvm,heuristic,search,122.0
124-instcombine-irbuilderbase-createisneg-n5-d16.pbqp,llvm,heuristic,clone,0.0
124-instcombine-irbuilderbase-createisneg-n5-d16.pbqp,llvm,heuristic,allocation,725.0
124-instcombine-irbuilderbase-createisneg-n5-d16.pbqp,llvm,heuristic,conditioning,440.0
124-instcombine-irbuilderbase-createisneg-n5-d16.pbqp,llvm,heuristic,r0,40.0
124-instcombine-irbuilderbase-createisneg-n5-d16.pbqp,llvm,heuristic,r1,321.0
124-instcombine-irbuilderbase-createisneg-n5-d16.pbqp,llvm,heuristic,r2,715.0
124-instcombine-irbuilderbase-createisneg-n5-d16.pbqp,llvm,heuristic,lower_bound,528.0
124-instcombine-irbuilderbase-createisneg-n5-d16.pbqp,llvm,heuristic,incumbent,70.0
124-instcombine-irbuilderbase-createisneg-n5-d16.pbqp,llvm,heuristic,seed,1227.0
125-instcombine-irbuilderbase-createnuwadd-n12-d16.pbqp,llvm,heuristic,other,329.0
125-instcombine-irbuilderbase-createnuwadd-n12-d16.pbqp,llvm,heuristic,topology,4578.0
125-instcombine-irbuilderbase-createnuwadd-n12-d16.pbqp,llvm,heuristic,selection,4686.0
125-instcombine-irbuilderbase-createnuwadd-n12-d16.pbqp,llvm,heuristic,reduction,2863.0
125-instcombine-irbuilderbase-createnuwadd-n12-d16.pbqp,llvm,heuristic,reconstruction,43.0
125-instcombine-irbuilderbase-createnuwadd-n12-d16.pbqp,llvm,heuristic,kernel,8566.0
125-instcombine-irbuilderbase-createnuwadd-n12-d16.pbqp,llvm,heuristic,metadata,0.0
125-instcombine-irbuilderbase-createnuwadd-n12-d16.pbqp,llvm,heuristic,search,130.0
125-instcombine-irbuilderbase-createnuwadd-n12-d16.pbqp,llvm,heuristic,clone,0.0
125-instcombine-irbuilderbase-createnuwadd-n12-d16.pbqp,llvm,heuristic,allocation,2295.0
125-instcombine-irbuilderbase-createnuwadd-n12-d16.pbqp,llvm,heuristic,conditioning,3047.0
125-instcombine-irbuilderbase-createnuwadd-n12-d16.pbqp,llvm,heuristic,r0,38.0
125-instcombine-irbuilderbase-createnuwadd-n12-d16.pbqp,llvm,heuristic,r1,233.0
125-instcombine-irbuilderbase-createnuwadd-n12-d16.pbqp,llvm,heuristic,r2,672.0
125-instcombine-irbuilderbase-createnuwadd-n12-d16.pbqp,llvm,heuristic,lower_bound,2036.0
125-instcombine-irbuilderbase-createnuwadd-n12-d16.pbqp,llvm,heuristic,incumbent,71.0
125-instcombine-irbuilderbase-createnuwadd-n12-d16.pbqp,llvm,heuristic,seed,2826.0
129-instcombine-irbuilderbase-createfnegfmf-n14-d16.pbqp,llvm,heuristic,other,367.0
129-instcombine-irbuilderbase-createfnegfmf-n14-d16.pbqp,llvm,heuristic,topology,6012.0
129-instcombine-irbuilderbase-createfnegfmf-n14-d16.pbqp,llvm,heuristic,selection,6162.0
129-instcombine-irbuilderbase-createfnegfmf-n14-d16.pbqp,llvm,heuristic,reduction,3832.0
129-instcombine-irbuilderbase-createfnegfmf-n14-d16.pbqp,llvm,heuristic,reconstruction,46.0
129-instcombine-irbuilderbase-createfnegfmf-n14-d16.pbqp,llvm,heuristic,kernel,11744.0
129-instcombine-irbuilderbase-createfnegfmf-n14-d16.pbqp,llvm,heuristic,metadata,0.0
129-instcombine-irbuilderbase-createfnegfmf-n14-d16.pbqp,llvm,heuristic,search,127.0
129-instcombine-irbuilderbase-createfnegfmf-n14-d16.pbqp,llvm,heuristic,clone,0.0
129-instcombine-irbuilderbase-createfnegfmf-n14-d16.pbqp,llvm,heuristic,allocation,2735.0
129-instcombine-irbuilderbase-createfnegfmf-n14-d16.pbqp,llvm,heuristic,conditioning,3897.0
129-instcombine-irbuilderbase-createfnegfmf-n14-d16.pbqp,llvm,heuristic,r0,22.0
129-instcombine-irbuilderbase-createfnegfmf-n14-d16.pbqp,llvm,heuristic,r1,296.0
129-instcombine-irbuilderbase-createfnegfmf-n14-d16.pbqp,llvm,heuristic,r2,723.0
129-instcombine-irbuilderbase-createfnegfmf-n14-d16.pbqp,llvm,heuristic,lower_bound,2766.0
129-instcombine-irbuilderbase-createfnegfmf-n14-d16.pbqp,llvm,heuristic,incumbent,71.0
129-instcombine-irbuilderbase-createfnegfmf-n14-d16.pbqp,llvm,heuristic,seed,3815.0
130-instcombine-irbuilderbase-createfptrunc-n7-d16.pbqp,llvm,none,other,379.0
130-instcombine-irbuilderbase-createfptrunc-n7-d16.pbqp,llvm,none,topology,12806.0
130-instcombine-irbuilderbase-createfptrunc-n7-d16.pbqp,llvm,none,selection,6864.0
130-instcombine-irbuilderbase-createfptrunc-n7-d16.pbqp,llvm,none,reduction,0.0
130-instcombine-irbuilderbase-createfptrunc-n7-d16.pbqp,llvm,none,reconstruction,125.0
130-instcombine-irbuilderbase-createfptrunc-n7-d16.pbqp,llvm,none,kernel,29043.0
130-instcombine-irbuilderbase-createfptrunc-n7-d16.pbqp,llvm,none,metadata,8114.0
130-instcombine-irbuilderbase-createfptrunc-n7-d16.pbqp,llvm,none,search,24570.0
130-instcombine-irbuilderbase-createfptrunc-n7-d16.pbqp,llvm,none,clone,12499.0
130-instcombine-irbuilderbase-createfptrunc-n7-d16.pbqp,llvm,none,allocation,12334.0
130-instcombine-irbuilderbase-createfptrunc-n7-d16.pbqp,llvm,none,conditioning,8798.0
130-instcombine-irbuilderbase-createfptrunc-n7-d16.pbqp,llvm,none,r0,916.0
130-instcombine-irbuilderbase-createfptrunc-n7-d16.pbqp,llvm,none,r1,6615.0
130-instcombine-irbuilderbase-createfptrunc-n7-d16.pbqp,llvm,none,r2,17503.0
130-instcombine-irbuilderbase-createfptrunc-n7-d16.pbqp,llvm,none,lower_bound,7010.0
130-instcombine-irbuilderbase-createfptrunc-n7-d16.pbqp,llvm,none,incumbent,2929.0
130-instcombine-irbuilderbase-createfptrunc-n7-d16.pbqp,llvm,none,seed,0.0
130-instcombine-irbuilderbase-createfptrunc-n7-d16.pbqp,llvm,heuristic,other,369.0
130-instcombine-irbuilderbase-createfptrunc-n7-d16.pbqp,llvm,heuristic,topology,1699.0
130-instcombine-irbuilderbase-createfptrunc-n7-d16.pbqp,llvm,heuristic,selection,1636.0
130-instcombine-irbuilderbase-createfptrunc-n7-d16.pbqp,llvm,heuristic,reduction,622.0
130-instcombine-irbuilderbase-createfptrunc-n7-d16.pbqp,llvm,heuristic,reconstruction,34.0
130-instcombine-irbuilderbase-createfptrunc-n7-d16.pbqp,llvm,heuristic,kernel,4024.0
130-instcombine-irbuilderbase-createfptrunc-n7-d16.pbqp,llvm,heuristic,metadata,0.0
130-instcombine-irbuilderbase-createfptrunc-n7-d16.pbqp,llvm,heuristic,search,121.0
130-instcombine-irbuilderbase-createfptrunc-n7-d16.pbqp,llvm,heuristic,clone,0.0
130-instcombine-irbuilderbase-createfptrunc-n7-d16.pbqp,llvm,heuristic,allocation,793.0
130-instcombine-irbuilderbase-createfptrunc-n7-d16.pbqp,llvm,heuristic,conditioning,449.0
130-instcombine-irbuilderbase-createfptrunc-n7-d16.pbqp,llvm,heuristic,r0,137.0
130-instcombine-irbuilderbase-createfptrunc-n7-d16.pbqp,llvm,heuristic,r1,271.0
130-instcombine-irbuilderbase-createfptrunc-n7-d16.pbqp,llvm,heuristic,r2,957.0
130-instcombine-irbuilderbase-createfptrunc-n7-d16.pbqp,llvm,heuristic,lower_bound,794.0
130-instcombine-irbuilderbase-createfptrunc-n7-d16.pbqp,llvm,heuristic,incumbent,76.0
130-instcombine-irbuilderbase-createfptrunc-n7-d16.pbqp,llvm,heuristic,seed,1233.0
133-instcombine-irbuilderbase-createisnotneg-n5-d16.pbqp,llvm,none,other,224.0
133-instcombine-irbuilderbase-createisnotneg-n5-d16.pbqp,llvm,none,topology,8184.0
133-instcombine-irbuilderbase-createisnotneg-n5-d16.pbqp,llvm,none,selection,4535.0
133-instcombine-irbuilderbase-createisnotneg-n5-d16.pbqp,llvm,none,reduction,0.0
133-instcombine-irbuilderbase-createisnotneg-n5-d16.pbqp,llvm,none,reconstruction,121.0
133-instcombine-irbuilderbase-createisnotneg-n5-d16.pbqp,llvm,none,kernel,11154.0
133-instcombine-irbuilderbase-createisnotneg-n5-d16.pbqp,llvm,none,metadata,3693.0
133-instcombine-irbuilderbase-createisnotneg-n5-d16.pbqp,llvm,none,search,16161.0
133-instcombine-irbuilderbase-createisnotneg-n5-d16.pbqp,llvm,none,clone,7497.0
133-instcombine-irbuilderbase-createisnotneg-n5-d16.pbqp,llvm,none,allocation,7442.0
133-instcombine-irbuilderbase-createisnotneg-n5-d16.pbqp,llvm,none,conditioning,5751.0
133-instcombine-irbuilderbase-createisnotneg-n5-d16.pbqp,llvm,none,r0,377.0
133-instcombine-irbuilderbase-createisnotneg-n5-d16.pbqp,llvm,none,r1,3614.0
133-instcombine-irbuilderbase-createisnotneg-n5-d16.pbqp,llvm,none,r2,8848.0
133-instcombine-irbuilderbase-createisnotneg-n5-d16.pbqp,llvm,none,lower_bound,4736.0
133-instcombine-irbuilderbase-createisnotneg-n5-d16.pbqp,llvm,none,incumbent,2098.0
133-instcombine-irbuilderbase-createisnotneg-n5-d16.pbqp,llvm,none,seed,0.0
133-instcombine-irbuilderbase-createisnotneg-n5-d16.pbqp,llvm,heuristic,other,210.0
133-instcombine-irbuilderbase-createisnotneg-n5-d16.pbqp,llvm,heuristic,topology,1057.0
133-instcombine-irbuilderbase-createisnotneg-n5-d16.pbqp,llvm,heuristic,selection,1016.0
133-instcombine-irbuilderbase-createisnotneg-n5-d16.pbqp,llvm,heuristic,reduction,673.0
133-instcombine-irbuilderbase-createisnotneg-n5-d16.pbqp,llvm,heuristic,reconstruction,69.0
133-instcombine-irbuilderbase-createisnotneg-n5-d16.pbqp,llvm,heuristic,kernel,2384.0
133-instcombine-irbuilderbase-createisnotneg-n5-d16.pbqp,llvm,heuristic,metadata,0.0
133-instcombine-irbuilderbase-createisnotneg-n5-d16.pbqp,llvm,heuristic,search,148.0
133-instcombine-irbuilderbase-createisnotneg-n5-d16.pbqp,llvm,heuristic,clone,0.0
133-instcombine-irbuilderbase-createisnotneg-n5-d16.pbqp,llvm,heuristic,allocation,653.0
133-instcombine-irbuilderbase-createisnotneg-n5-d16.pbqp,llvm,heuristic,conditioning,432.0
133-instcombine-irbuilderbase-createisnotneg-n5-d16.pbqp,llvm,heuristic,r0,25.0
133-instcombine-irbuilderbase-createisnotneg-n5-d16.pbqp,llvm,heuristic,r1,265.0
133-instcombine-irbuilderbase-createisnotneg-n5-d16.pbqp,llvm,heuristic,r2,674.0
133-instcombine-irbuilderbase-createisnotneg-n5-d16.pbqp,llvm,heuristic,lower_bound,499.0
133-instcombine-irbuilderbase-createisnotneg-n5-d16.pbqp,llvm,heuristic,incumbent,79.0
133-instcombine-irbuilderbase-createisnotneg-n5-d16.pbqp,llvm,heuristic,seed,1012.0
134-instcombine-irbuilderbase-createisnotnull-n5-d16.pbqp,llvm,none,other,158.0
134-instcombine-irbuilderbase-createisnotnull-n5-d16.pbqp,llvm,none,topology,7501.0
134-instcombine-irbuilderbase-createisnotnull-n5-d16.pbqp,llvm,none,selection,4306.0
134-instcombine-irbuilderbase-createisnotnull-n5-d16.pbqp,llvm,none,reduction,0.0
134-instcombine-irbuilderbase-createisnotnull-n5-d16.pbqp,llvm,none,reconstruction,109.0
134-instcombine-irbuilderbase-createisnotnull-n5-d16.pbqp,llvm,none,kernel,10043.0
134-instcombine-irbuilderbase-createisnotnull-n5-d16.pbqp,llvm,none,metadata,3434.0
134-instcombine-irbuilderbase-createisnotnull-n5-d16.pbqp,llvm,none,search,15448.0
134-instcombine-irbuilderbase-createisnotnull-n5-d16.pbqp,llvm,none,clone,7266.0
134-instcombine-irbuilderbase-createisnotnull-n5-d16.pbqp,llvm,none,allocation,7001.0
134-instcombine-irbuilderbase-createisnotnull-n5-d16.pbqp,llvm,none,conditioning,5223.0
134-instcombine-irbuilderbase-createisnotnull-n5-d16.pbqp,llvm,none,r0,326.0
134-instcombine-irbuilderbase-createisnotnull-n5-d16.pbqp,llvm,none,r1,3326.0
134-instcombine-irbuilderbase-createisnotnull-n5-d16.pbqp,llvm,none,r2,8303.0
134-instcombine-irbuilderbase-createisnotnull-n5-d16.pbqp,llvm,none,lower_bound,4572.0
134-instcombine-irbuilderbase-createisnotnull-n5-d16.pbqp,llvm,none,incumbent,1955.0
134-instcombine-irbuilderbase-createisnotnull-n5-d16.pbqp,llvm,none,seed,0.0
134-instcombine-irbuilderbase-createisnotnull-n5-d16.pbqp,llvm,heuristic,other,215.0
134-instcombine-irbuilderbase-createisnotnull-n5-d16.pbqp,llvm,heuristic,topology,1073.0
134-instcombine-irbuilderbase-createisnotnull-n5-d16.pbqp,llvm,heuristic,selection,1038.0
134-instcombine-irbuilderbase-createisnotnull-n5-d16.pbqp,llvm,heuristic,reduction,640.0
134-instcombine-irbuilderbase-createisnotnull-n5-d16.pbqp,llvm,heuristic,reconstruction,64.0
134-instcombine-irbuilderbase-createisnotnull-n5-d16.pbqp,llvm,heuristic,kernel,2425.0
134-instcombine-irbuilderbase-createisnotnull-n5-d16.pbqp,llvm,heuristic,metadata,0.0
134-instcombine-irbuilderbase-createisnotnull-n5-d16.pbqp,llvm,heuristic,search,119.0
134-instcombine-irbuilderbase-createisnotnull-n5-d16.pbqp,llvm,heuristic,clone,0.0
134-instcombine-irbuilderbase-createisnotnull-n5-d16.pbqp,llvm,heuristic,allocation,730.0
134-instcombine-irbuilderbase-createisnotnull-n5-d16.pbqp,llvm,heuristic,conditioning,468.0
134-instcombine-irbuilderbase-createisnotnull-n5-d16.pbqp,llvm,heuristic,r0,44.0
134-instcombine-irbuilderbase-createisnotnull-n5-d16.pbqp,llvm,heuristic,r1,270.0
134-instcombine-irbuilderbase-createisnotnull-n5-d16.pbqp,llvm,heuristic,r2,723.0
134-instcombine-irbuilderbase-createisnotnull-n5-d16.pbqp,llvm,heuristic,lower_bound,529.0
134-instcombine-irbuilderbase-createisnotnull-n5-d16.pbqp,llvm,heuristic,incumbent,74.0
134-instcombine-irbuilderbase-createisnotnull-n5-d16.pbqp,llvm,heuristic,seed,1028.0
135-instcombine-irbuilderbase-createdisjointor-n12-d16.pbqp,llvm,heuristic,other,320.0
135-instcombine-irbuilderbase-createdisjointor-n12-d16.pbqp,llvm,heuristic,topology,4402.0
135-instcombine-irbuilderbase-createdisjointor-n12-d16.pbqp,llvm,heuristic,selection,4516.0
135-instcombine-irbuilderbase-createdisjointor-n12-d16.pbqp,llvm,heuristic,reduction,2810.0
135-instcombine-irbuilderbase-createdisjointor-n12-d16.pbqp,llvm,heuristic,reconstruction,41.0
135-instcombine-irbuilderbase-createdisjointor-n12-d16.pbqp,llvm,heuristic,kernel,8268.0
135-instcombine-irbuilderbase-createdisjointor-n12-d16.pbqp,llvm,heuristic,metadata,0.0
135-instcombine-irbuilderbase-createdisjointor-n12-d16.pbqp,llvm,heuristic,search,115.0
135-instcombine-irbuilderbase-createdisjointor-n12-d16.pbqp,llvm,heuristic,clone,0.0
135-instcombine-irbuilderbase-createdisjointor-n12-d16.pbqp,llvm,heuristic,allocation,2395.0
135-instcombine-irbuilderbase-createdisjointor-n12-d16.pbqp,llvm,heuristic,conditioning,2768.0
135-instcombine-irbuilderbase-createdisjointor-n12-d16.pbqp,llvm,heuristic,r0,46.0
135-instcombine-irbuilderbase-createdisjointor-n12-d16.pbqp,llvm,heuristic,r1,244.0
135-instcombine-irbuilderbase-createdisjointor-n12-d16.pbqp,llvm,heuristic,r2,621.0
135-instcombine-irbuilderbase-createdisjointor-n12-d16.pbqp,llvm,heuristic,lower_bound,1971.0
135-instcombine-irbuilderbase-createdisjointor-n12-d16.pbqp,llvm,heuristic,incumbent,71.0
135-instcombine-irbuilderbase-createdisjointor-n12-d16.pbqp,llvm,heuristic,seed,2687.0
136-instcombine-irbuilderbase-createzextortrunc-n26-d16.pbqp,llvm,heuristic,other,564.0
136-instcombine-irbuilderbase-createzextortrunc-n26-d16.pbqp,llvm,heuristic,topology,16965.0
136-instcombine-irbuilderbase-createzextortrunc-n26-d16.pbqp,llvm,heuristic,selection,18624.0
136-instcombine-irbuilderbase-createzextortrunc-n26-d16.pbqp,llvm,heuristic,reduction,8992.0
136-instcombine-irbuilderbase-createzextortrunc-n26-d16.pbqp,llvm,heuristic,reconstruction,115.0
136-instcombine-irbuilderbase-createzextortrunc-n26-d16.pbqp,llvm,heuristic,kernel,22277.0
136-instcombine-irbuilderbase-createzextortrunc-n26-d16.pbqp,llvm,heuristic,metadata,0.0
136-instcombine-irbuilderbase-createzextortrunc-n26-d16.pbqp,llvm,heuristic,search,121.0
136-instcombine-irbuilderbase-createzextortrunc-n26-d16.pbqp,llvm,heuristic,clone,0.0
136-instcombine-irbuilderbase-createzextortrunc-n26-d16.pbqp,llvm,heuristic,allocation,4777.0
136-instcombine-irbuilderbase-createzextortrunc-n26-d16.pbqp,llvm,heuristic,conditioning,8330.0
136-instcombine-irbuilderbase-createzextortrunc-n26-d16.pbqp,llvm,heuristic,r0,37.0
136-instcombine-irbuilderbase-createzextortrunc-n26-d16.pbqp,llvm,heuristic,r1,276.0
136-instcombine-irbuilderbase-createzextortrunc-n26-d16.pbqp,llvm,heuristic,r2,982.0
136-instcombine-irbuilderbase-createzextortrunc-n26-d16.pbqp,llvm,heuristic,lower_bound,5677.0
136-instcombine-irbuilderbase-createzextortrunc-n26-d16.pbqp,llvm,heuristic,incumbent,76.0
136-instcombine-irbuilderbase-createzextortrunc-n26-d16.pbqp,llvm,heuristic,seed,7820.0
138-instcombine-irbuilderbase-createand-n12-d16.pbqp,llvm,heuristic,other,376.0
138-instcombine-irbuilderbase-createand-n12-d16.pbqp,llvm,heuristic,topology,4747.0
138-instcombine-irbuilderbase-createand-n12-d16.pbqp,llvm,heuristic,selection,4748.0
138-instcombine-irbuilderbase-createand-n12-d16.pbqp,llvm,heuristic,reduction,2994.0
138-instcombine-irbuilderbase-createand-n12-d16.pbqp,llvm,heuristic,reconstruction,45.0
138-instcombine-irbuilderbase-createand-n12-d16.pbqp,llvm,heuristic,kernel,8616.0
138-instcombine-irbuilderbase-createand-n12-d16.pbqp,llvm,heuristic,metadata,0.0
138-instcombine-irbuilderbase-createand-n12-d16.pbqp,llvm,heuristic,search,118.0
138-instcombine-irbuilderbase-createand-n12-d16.pbqp,llvm,heuristic,clone,0.0
138-instcombine-irbuilderbase-createand-n12-d16.pbqp,llvm,heuristic,allocation,2324.0
138-instcombine-irbuilderbase-createand-n12-d16.pbqp,llvm,heuristic,conditioning,2905.0
138-instcombine-irbuilderbase-createand-n12-d16.pbqp,llvm,heuristic,r0,23.0
138-instcombine-irbuilderbase-createand-n12-d16.pbqp,llvm,heuristic,r1,240.0
138-instcombine-irbuilderbase-createand-n12-d16.pbqp,llvm,heuristic,r2,660.0
138-instcombine-irbuilderbase-createand-n12-d16.pbqp,llvm,heuristic,lower_bound,2051.0
138-instcombine-irbuilderbase-createand-n12-d16.pbqp,llvm,heuristic,incumbent,75.0
138-instcombine-irbuilderbase-createand-n12-d16.pbqp,llvm,heuristic,seed,2793.0
140-instcombine-irbuilderbase-createneg-n14-d16.pbqp,llvm,heuristic,other,376.0
140-instcombine-irbuilderbase-createneg-n14-d16.pbqp,llvm,heuristic,topology,6056.0
140-instcombine-irbuilderbase-createneg-n14-d16.pbqp,llvm,heuristic,selection,6094.0
140-instcombine-irbuilderbase-createneg-n14-d16.pbqp,llvm,heuristic,reduction,4063.0
140-instcombine-irbuilderbase-createneg-n14-d16.pbqp,llvm,heuristic,reconstruction,52.0
140-instcombine-irbuilderbase-createneg-n14-d16.pbqp,llvm,heuristic,kernel,11612.0
140-instcombine-irbuilderbase-createneg-n14-d16.pbqp,llvm,heuristic,metadata,0.0
140-instcombine-irbuilderbase-createneg-n14-d16.pbqp,llvm,heuristic,search,138.0
140-instcombine-irbuilderbase-createneg-n14-d16.pbqp,llvm,heuristic,clone,0.0
140-instcombine-irbuilderbase-createneg-n14-d16.pbqp,llvm,heuristic,allocation,2646.0
140-instcombine-irbuilderbase-createneg-n14-d16.pbqp,llvm,heuristic,conditioning,4079.0
140-instcombine-irbuilderbase-createneg-n14-d16.pbqp,llvm,heuristic,r0,25.0
140-instcombine-irbuilderbase-createneg-n14-d16.pbqp,llvm,heuristic,r1,273.0
140-instcombine-irbuilderbase-createneg-n14-d16.pbqp,llvm,heuristic,r2,678.0
140-instcombine-irbuilderbase-createneg-n14-d16.pbqp,llvm,heuristic,lower_bound,2790.0
140-instcombine-irbuilderbase-createneg-n14-d16.pbqp,llvm,heuristic,incumbent,73.0
140-instcombine-irbuilderbase-createneg-n14-d16.pbqp,llvm,heuristic,seed,3869.0
141-instcombine-irbuilderbase-createnot-n13-d16.pbqp,llvm,heuristic,other,332.0
141-instcombine-irbuilderbase-createnot-n13-d16.pbqp,llvm,heuristic,topology,5138.0
141-instcombine-irbuilderbase-createnot-n13-d16.pbqp,llvm,heuristic,selection,5325.0
141-instcombine-irbuilderbase-createnot-n13-d16.pbqp,llvm,heuristic,reduction,3331.0
141-instcombine-irbuilderbase-createnot-n13-d16.pbqp,llvm,heuristic,reconstruction,67.0
141-instcombine-irbuilderbase-createnot-n13-d16.pbqp,llvm,heuristic,kernel,9367.0
141-instcombine-irbuilderbase-createnot-n13-d16.pbqp,llvm,heuristic,metadata,0.0
141-instcombine-irbuilderbase-createnot-n13-d16.pbqp,llvm,heuristic,search,119.0
141-instcombine-irbuilderbase-createnot-n13-d16.pbqp,llvm,heuristic,clone,0.0
141-instcombine-irbuilderbase-createnot-n13-d16.pbqp,llvm,heuristic,allocation,2475.0
141-instcombine-irbuilderbase-createnot-n13-d16.pbqp,llvm,heuristic,conditioning,3210.0
141-instcombine-irbuilderbase-createnot-n13-d16.pbqp,llvm,heuristic,r0,23.0
141-instcombine-irbuilderbase-createnot-n13-d16.pbqp,llvm,heuristic,r1,233.0
141-instcombine-irbuilderbase-createnot-n13-d16.pbqp,llvm,heuristic,r2,605.0
141-instcombine-irbuilderbase-createnot-n13-d16.pbqp,llvm,heuristic,lower_bound,2271.0
141-instcombine-irbuilderbase-createnot-n13-d16.pbqp,llvm,heuristic,incumbent,69.0
141-instcombine-irbuilderbase-createnot-n13-d16.pbqp,llvm,heuristic,seed,3065.0
143-instcombine-irbuilderbase-createshl-n8-d16.pbqp,llvm,none,other,235.0
143-instcombine-irbuilderbase-createshl-n8-d16.pbqp,llvm,none,topology,48047.0
143-instcombine-irbuilderbase-createshl-n8-d16.pbqp,llvm,none,selection,25440.0
143-instcombine-irbuilderbase-createshl-n8-d16.pbqp,llvm,none,reduction,0.0
143-instcombine-irbuilderbase-createshl-n8-d16.pbqp,llvm,none,reconstruction,356.0
143-instcombine-irbuilderbase-createshl-n8-d16.pbqp,llvm,none,kernel,51162.0
143-instcombine-irbuilderbase-createshl-n8-d16.pbqp,llvm,none,metadata,12749.0
143-instcombine-irbuilderbase-createshl-n8-d16.pbqp,llvm,none,search,83445.0
143-instcombine-irbuilderbase-createshl-n8-d16.pbqp,llvm,none,clone,101125.0
143-instcombine-irbuilderbase-createshl-n8-d16.pbqp,llvm,none,allocation,36243.0
143-instcombine-irbuilderbase-createshl-n8-d16.pbqp,llvm,none,conditioning,43976.0
143-instcombine-irbuilderbase-createshl-n8-d16.pbqp,llvm,none,r0,1210.0
143-instcombine-irbuilderbase-createshl-n8-d16.pbqp,llvm,none,r1,11573.0
143-instcombine-irbuilderbase-createshl-n8-d16.pbqp,llvm,none,r2,29095.0
143-instcombine-irbuilderbase-createshl-n8-d16.pbqp,llvm,none,lower_bound,63847.0
143-instcombine-irbuilderbase-createshl-n8-d16.pbqp,llvm,none,incumbent,11288.0
143-instcombine-irbuilderbase-createshl-n8-d16.pbqp,llvm,none,seed,0.0
143-instcombine-irbuilderbase-createshl-n8-d16.pbqp,llvm,heuristic,other,262.0
143-instcombine-irbuilderbase-createshl-n8-d16.pbqp,llvm,heuristic,topology,2473.0
143-instcombine-irbuilderbase-createshl-n8-d16.pbqp,llvm,heuristic,selection,2291.0
143-instcombine-irbuilderbase-createshl-n8-d16.pbqp,llvm,heuristic,reduction,1638.0
143-instcombine-irbuilderbase-createshl-n8-d16.pbqp,llvm,heuristic,reconstruction,36.0
143-instcombine-irbuilderbase-createshl-n8-d16.pbqp,llvm,heuristic,kernel,5546.0
143-instcombine-irbuilderbase-createshl-n8-d16.pbqp,llvm,heuristic,metadata,0.0
143-instcombine-irbuilderbase-createshl-n8-d16.pbqp,llvm,heuristic,search,118.0
143-instcombine-irbuilderbase-createshl-n8-d16.pbqp,llvm,heuristic,clone,0.0
143-instcombine-irbuilderbase-createshl-n8-d16.pbqp,llvm,heuristic,allocation,1227.0
143-instcombine-irbuilderbase-createshl-n8-d16.pbqp,llvm,heuristic,conditioning,1501.0
143-instcombine-irbuilderbase-createshl-n8-d16.pbqp,llvm,heuristic,r0,43.0
143-instcombine-irbuilderbase-createshl-n8-d16.pbqp,llvm,heuristic,r1,325.0
143-instcombine-irbuilderbase-createshl-n8-d16.pbqp,llvm,heuristic,r2,853.0
143-instcombine-irbuilderbase-createshl-n8-d16.pbqp,llvm,heuristic,lower_bound,1297.0
143-instcombine-irbuilderbase-createshl-n8-d16.pbqp,llvm,heuristic,incumbent,65.0
143-instcombine-irbuilderbase-createshl-n8-d16.pbqp,llvm,heuristic,seed,1895.0
145-instcombine-irbuilderbase-createxor-n12-d16.pbqp,llvm,heuristic,other,387.0
145-instcombine-irbuilderbase-createxor-n12-d16.pbqp,llvm,heuristic,topology,4785.0
145-instcombine-irbuilderbase-createxor-n12-d16.pbqp,llvm,heuristic,selection,4645.0
145-instcombine-irbuilderbase-createxor-n12-d16.pbqp,llvm,heuristic,reduction,2971.0
145-instcombine-irbuilderbase-createxor-n12-d16.pbqp,llvm,heuristic,reconstruction,95.0
145-instcombine-irbuilderbase-createxor-n12-d16.pbqp,llvm,heuristic,kernel,9061.0
145-instcombine-irbuilderbase-createxor-n12-d16.pbqp,llvm,heuristic,metadata,0.0
145-instcombine-irbuilderbase-createxor-n12-d16.pbqp,llvm,heuristic,search,129.0
145-instcombine-irbuilderbase-createxor-n12-d16.pbqp,llvm,heuristic,clone,0.0
145-instcombine-irbuilderbase-createxor-n12-d16.pbqp,llvm,heuristic,allocation,2328.0
145-instcombine-irbuilderbase-createxor-n12-d16.pbqp,llvm,heuristic,conditioning,2968.0
145-instcombine-irbuilderbase-createxor-n12-d16.pbqp,llvm,heuristic,r0,41.0
145-instcombine-irbuilderbase-createxor-n12-d16.pbqp,llvm,heuristic,r1,250.0
145-instcombine-irbuilderbase-createxor-n12-d16.pbqp,llvm,heuristic,r2,736.0
145-instcombine-irbuilderbase-createxor-n12-d16.pbqp,llvm,heuristic,lower_bound,2077.0
145-instcombine-irbuilderbase-createxor-n12-d16.pbqp,llvm,heuristic,incumbent,72.0
145-instcombine-irbuilderbase-createxor-n12-d16.pbqp,llvm,heuristic,seed,2820.0
146-instcombine-unaryoperator-createfnegfmf-n6-d15.pbqp,llvm,none,other,279.0
146-instcombine-unaryoperator-createfnegfmf-n6-d15.pbqp,llvm,none,topology,8453.0
146-instcombine-unaryoperator-createfnegfmf-n6-d15.pbqp,llvm,none,selection,4609.0
146-instcombine-unaryoperator-createfnegfmf-n6-d15.pbqp,llvm,none,reduction,0.0
146-instcombine-unaryoperator-createfnegfmf-n6-d15.pbqp,llvm,none,reconstruction,119.0
146-instcombine-unaryoperator-createfnegfmf-n6-d15.pbqp,llvm,none,kernel,20453.0
146-instcombine-unaryoperator-createfnegfmf-n6-d15.pbqp,llvm,none,metadata,5430.0
146-instcombine-unaryoperator-createfnegfmf-n6-d15.pbqp,llvm,none,search,15993.0
146-instcombine-unaryoperator-createfnegfmf-n6-d15.pbqp,llvm,none,clone,6691.0
146-instcombine-unaryoperator-createfnegfmf-n6-d15.pbqp,llvm,none,allocation,7549.0
146-instcombine-unaryoperator-createfnegfmf-n6-d15.pbqp,llvm,none,conditioning,6341.0
146-instcombine-unaryoperator-createfnegfmf-n6-d15.pbqp,llvm,none,r0,408.0
146-instcombine-unaryoperator-createfnegfmf-n6-d15.pbqp,llvm,none,r1,4062.0
146-instcombine-unaryoperator-createfnegfmf-n6-d15.pbqp,llvm,none,r2,11834.0
146-instcombine-unaryoperator-createfnegfmf-n6-d15.pbqp,llvm,none,lower_bound,5199.0
146-instcombine-unaryoperator-createfnegfmf-n6-d15.pbqp,llvm,none,incumbent,2088.0
146-instcombine-unaryoperator-createfnegfmf-n6-d15.pbqp,llvm,none,seed,0.0
146-instcombine-unaryoperator-createfnegfmf-n6-d15.pbqp,llvm,heuristic,other,335.0
146-instcombine-unaryoperator-createfnegfmf-n6-d15.pbqp,llvm,heuristic,topology,1460.0
146-instcombine-unaryoperator-createfnegfmf-n6-d15.pbqp,llvm,heuristic,selection,1361.0
146-instcombine-unaryoperator-createfnegfmf-n6-d15.pbqp,llvm,heuristic,reduction,645.0
146-instcombine-unaryoperator-createfnegfmf-n6-d15.pbqp,llvm,heuristic,reconstruction,87.0
146-instcombine-unaryoperator-createfnegfmf-n6-d15.pbqp,llvm,heuristic,kernel,4983.0
146-instcombine-unaryoperator-createfnegfmf-n6-d15.pbqp,llvm,heuristic,metadata,134.0
146-instcombine-unaryoperator-createfnegfmf-n6-d15.pbqp,llvm,heuristic,search,121.0
146-instcombine-unaryoperator-createfnegfmf-n6-d15.pbqp,llvm,heuristic,clone,0.0
146-instcombine-unaryoperator-createfnegfmf-n6-d15.pbqp,llvm,heuristic,allocation,874.0
146-instcombine-unaryoperator-createfnegfmf-n6-d15.pbqp,llvm,heuristic,conditioning,508.0
146-instcombine-unaryoperator-createfnegfmf-n6-d15.pbqp,llvm,heuristic,r0,32.0
146-instcombine-unaryoperator-createfnegfmf-n6-d15.pbqp,llvm,heuristic,r1,778.0
146-instcombine-unaryoperator-createfnegfmf-n6-d15.pbqp,llvm,heuristic,r2,1005.0
146-instcombine-unaryoperator-createfnegfmf-n6-d15.pbqp,llvm,heuristic,lower_bound,677.0
146-instcombine-unaryoperator-createfnegfmf-n6-d15.pbqp,llvm,heuristic,incumbent,67.0
146-instcombine-unaryoperator-createfnegfmf-n6-d15.pbqp,llvm,heuristic,seed,1127.0
147-instcombine-binaryoperator-createfaddfmf-n5-d15.pbqp,llvm,none,other,319.0
147-instcombine-binaryoperator-createfaddfmf-n5-d15.pbqp,llvm,none,topology,5062.0
147-instcombine-binaryoperator-createfaddfmf-n5-d15.pbqp,llvm,none,selection,2816.0
147-instcombine-binaryoperator-createfaddfmf-n5-d15.pbqp,llvm,none,reduction,0.0
147-instcombine-binaryoperator-createfaddfmf-n5-d15.pbqp,llvm,none,reconstruction,58.0
147-instcombine-binaryoperator-createfaddfmf-n5-d15.pbqp,llvm,none,kernel,15026.0
147-instcombine-binaryoperator-createfaddfmf-n5-d15.pbqp,llvm,none,metadata,3997.0
147-instcombine-binaryoperator-createfaddfmf-n5-d15.pbqp,llvm,none,search,9805.0
147-instcombine-binaryoperator-createfaddfmf-n5-d15.pbqp,llvm,none,clone,2458.0
147-instcombine-binaryoperator-createfaddfmf-n5-d15.pbqp,llvm,none,allocation,5293.0
147-instcombine-binaryoperator-createfaddfmf-n5-d15.pbqp,llvm,none,conditioning,2706.0
147-instcombine-binaryoperator-createfaddfmf-n5-d15.pbqp,llvm,none,r0,390.0
147-instcombine-binaryoperator-createfaddfmf-n5-d15.pbqp,llvm,none,r1,4109.0
147-instcombine-binaryoperator-createfaddfmf-n5-d15.pbqp,llvm,none,r2,9295.0
147-instcombine-binaryoperator-createfaddfmf-n5-d15.pbqp,llvm,none,lower_bound,308.0
147-instcombine-binaryoperator-createfaddfmf-n5-d15.pbqp,llvm,none,incumbent,1080.0
147-instcombine-binaryoperator-createfaddfmf-n5-d15.pbqp,llvm,none,seed,0.0
147-instcombine-binaryoperator-createfaddfmf-n5-d15.pbqp,llvm,heuristic,other,290.0
147-instcombine-binaryoperator-createfaddfmf-n5-d15.pbqp,llvm,heuristic,topology,1152.0
147-instcombine-binaryoperator-createfaddfmf-n5-d15.pbqp,llvm,heuristic,selection,983.0
147-instcombine-binaryoperator-createfaddfmf-n5-d15.pbqp,llvm,heuristic,reduction,333.0
147-instcombine-binaryoperator-createfaddfmf-n5-d15.pbqp,llvm,heuristic,reconstruction,56.0
147-instcombine-binaryoperator-createfaddfmf-n5-d15.pbqp,llvm,heuristic,kernel,3124.0
147-instcombine-binaryoperator-createfaddfmf-n5-d15.pbqp,llvm,heuristic,metadata,155.0
147-instcombine-binaryoperator-createfaddfmf-n5-d15.pbqp,llvm,heuristic,search,123.0
147-instcombine-binaryoperator-createfaddfmf-n5-d15.pbqp,llvm,heuristic,clone,0.0
147-instcombine-binaryoperator-createfaddfmf-n5-d15.pbqp,llvm,heuristic,allocation,670.0
147-instcombine-binaryoperator-createfaddfmf-n5-d15.pbqp,llvm,heuristic,conditioning,234.0
147-instcombine-binaryoperator-createfaddfmf-n5-d15.pbqp,llvm,heuristic,r0,24.0
147-instcombine-binaryoperator-createfaddfmf-n5-d15.pbqp,llvm,heuristic,r1,740.0
147-instcombine-binaryoperator-createfaddfmf-n5-d15.pbqp,llvm,heuristic,r2,679.0
147-instcombine-binaryoperator-createfaddfmf-n5-d15.pbqp,llvm,heuristic,lower_bound,472.0
147-instcombine-binaryoperator-createfaddfmf-n5-d15.pbqp,llvm,heuristic,incumbent,70.0
147-instcombine-binaryoperator-createfaddfmf-n5-d15.pbqp,llvm,heuristic,seed,898.0
148-instcombine-binaryoperator-createfmulfmf-n5-d15.pbqp,llvm,none,other,226.0
148-instcombine-binaryoperator-createfmulfmf-n5-d15.pbqp,llvm,none,topology,4910.0
148-instcombine-binaryoperator-createfmulfmf-n5-d15.pbqp,llvm,none,selection,2625.0
148-instcombine-binaryoperator-createfmulfmf-n5-d15.pbqp,llvm,none,reduction,0.0
148-instcombine-binaryoperator-createfmulfmf-n5-d15.pbqp,llvm,none,reconstruction,53.0
148-instcombine-binaryoperator-createfmulfmf-n5-d15.pbqp,llvm,none,kernel,14417.0
148-instcombine-binaryoperator-createfmulfmf-n5-d15.pbqp,llvm,none,metadata,3900.0
148-instcombine-binaryoperator-createfmulfmf-n5-d15.pbqp,llvm,none,search,9363.0
148-instcombine-binaryoperator-createfmulfmf-n5-d15.pbqp,llvm,none,clone,2345.0
148-instcombine-binaryoperator-createfmulfmf-n5-d15.pbqp,llvm,none,allocation,5218.0
148-instcombine-binaryoperator-createfmulfmf-n5-d15.pbqp,llvm,none,conditioning,2580.0
148-instcombine-binaryoperator-createfmulfmf-n5-d15.pbqp,llvm,none,r0,372.0
148-instcombine-binaryoperator-createfmulfmf-n5-d15.pbqp,llvm,none,r1,3975.0
148-instcombine-binaryoperator-createfmulfmf-n5-d15.pbqp,llvm,none,r2,8820.0
148-instcombine-binaryoperator-createfmulfmf-n5-d15.pbqp,llvm,none,lower_bound,295.0
148-instcombine-binaryoperator-createfmulfmf-n5-d15.pbqp,llvm,none,incumbent,994.0
148-instcombine-binaryoperator-createfmulfmf-n5-d15.pbqp,llvm,none,seed,0.0
148-instcombine-binaryoperator-createfmulfmf-n5-d15.pbqp,llvm,heuristic,other,315.0
148-instcombine-binaryoperator-createfmulfmf-n5-d15.pbqp,llvm,heuristic,topology,1183.0
148-instcombine-binaryoperator-createfmulfmf-n5-d15.pbqp,llvm,heuristic,selection,1117.0
148-instcombine-binaryoperator-createfmulfmf-n5-d15.pbqp,llvm,heuristic,reduction,353.0
148-instcombine-binaryoperator-createfmulfmf-n5-d15.pbqp,llvm,heuristic,reconstruction,38.0
148-instcombine-binaryoperator-createfmulfmf-n5-d15.pbqp,llvm,heuristic,kernel,3693.0
148-instcombine-binaryoperator-createfmulfmf-n5-d15.pbqp,llvm,heuristic,metadata,127.0
148-instcombine-binaryoperator-createfmulfmf-n5-d15.pbqp,llvm,heuristic,search,134.0
148-instcombine-binaryoperator-createfmulfmf-n5-d15.pbqp,llvm,heuristic,clone,0.0
148-instcombine-binaryoperator-createfmulfmf-n5-d15.pbqp,llvm,heuristic,allocation,729.0
148-instcombine-binaryoperator-createfmulfmf-n5-d15.pbqp,llvm,heuristic,conditioning,242.0
148-instcombine-binaryoperator-createfmulfmf-n5-d15.pbqp,llvm,heuristic,r0,47.0
148-instcombine-binaryoperator-createfmulfmf-n5-d15.pbqp,llvm,heuristic,r1,801.0
148-instcombine-binaryoperator-createfmulfmf-n5-d15.pbqp,llvm,heuristic,r2,733.0
148-instcombine-binaryoperator-createfmulfmf-n5-d15.pbqp,llvm,heuristic,lower_bound,549.0
148-instcombine-binaryoperator-createfmulfmf-n5-d15.pbqp,llvm,heuristic,incumbent,77.0
148-instcombine-binaryoperator-createfmulfmf-n5-d15.pbqp,llvm,heuristic,seed,1019.0
149-instcombine-binaryoperator-createfsubfmf-n5-d15.pbqp,llvm,none,other,237.0
149-instcombine-binaryoperator-createfsubfmf-n5-d15.pbqp,llvm,none,topology,5001.0
149-instcombine-binaryoperator-createfsubfmf-n5-d15.pbqp,llvm,none,selection,2757.0
149-instcombine-binaryoperator-createfsubfmf-n5-d15.pbqp,llvm,none,reduction,0.0
149-instcombine-binaryoperator-createfsubfmf-n5-d15.pbqp,llvm,none,reconstruction,57.0
149-instcombine-binaryoperator-createfsubfmf-n5-d15.pbqp,llvm,none,kernel,14801.0
149-instcombine-binaryoperator-createfsubfmf-n5-d15.pbqp,llvm,none,metadata,4161.0
149-instcombine-binaryoperator-createfsubfmf-n5-d15.pbqp,llvm,none,search,9741.0
149-instcombine-binaryoperator-createfsubfmf-n5-d15.pbqp,llvm,none,clone,2398.0
149-instcombine-binaryoperator-createfsubfmf-n5-d15.pbqp,llvm,none,allocation,5309.0
149-instcombine-binaryoperator-createfsubfmf-n5-d15.pbqp,llvm,none,conditioning,2724.0
149-instcombine-binaryoperator-createfsubfmf-n5-d15.pbqp,llvm,none,r0,379.0
149-instcombine-binaryoperator-createfsubfmf-n5-d15.pbqp,llvm,none,r1,4018.0
149-instcombine-binaryoperator-createfsubfmf-n5-d15.pbqp,llvm,none,r2,8830.0
149-instcombine-binaryoperator-createfsubfmf-n5-d15.pbqp,llvm,none,lower_bound,302.0
149-instcombine-binaryoperator-createfsubfmf-n5-d15.pbqp,llvm,none,incumbent,1034.0
149-instcombine-binaryoperator-createfsubfmf-n5-d15.pbqp,llvm,none,seed,0.0
149-instcombine-binaryoperator-createfsubfmf-n5-d15.pbqp,llvm,heuristic,other,266.0
149-instcombine-binaryoperator-createfsubfmf-n5-d15.pbqp,llvm,heuristic,topology,1049.0
149-instcombine-binaryoperator-createfsubfmf-n5-d15.pbqp,llvm,heuristic,selection,970.0
149-instcombine-binaryoperator-createfsubfmf-n5-d15.pbqp,llvm,heuristic,reduction,312.0
149-instcombine-binaryoperator-createfsubfmf-n5-d15.pbqp,llvm,heuristic,reconstruction,31.0
149-instcombine-binaryoperator-createfsubfmf-n5-d15.pbqp,llvm,heuristic,kernel,3241.0
149-instcombine-binaryoperator-createfsubfmf-n5-d15.pbqp,llvm,heuristic,metadata,148.0
149-instcombine-binaryoperator-createfsubfmf-n5-d15.pbqp,llvm,heuristic,search,121.0
149-instcombine-binaryoperator-createfsubfmf-n5-d15.pbqp,llvm,heuristic,clone,0.0
149-instcombine-binaryoperator-createfsubfmf-n5-d15.pbqp,llvm,heuristic,allocation,599.0
149-instcombine-binaryoperator-createfsubfmf-n5-d15.pbqp,llvm,heuristic,conditioning,204.0
149-instcombine-binaryoperator-createfsubfmf-n5-d15.pbqp,llvm,heuristic,r0,57.0
149-instcombine-binaryoperator-createfsubfmf-n5-d15.pbqp,llvm,heuristic,r1,778.0
149-instcombine-binaryoperator-createfsubfmf-n5-d15.pbqp,llvm,heuristic,r2,723.0
149-instcombine-binaryoperator-createfsubfmf-n5-d15.pbqp,llvm,heuristic,lower_bound,465.0
149-instcombine-binaryoperator-createfsubfmf-n5-d15.pbqp,llvm,heuristic,incumbent,70.0
149-instcombine-binaryoperator-createfsubfmf-n5-d15.pbqp,llvm,heuristic,seed,898.0
150-instcombine-fpmathoperator-classof-n22-d16.pbqp,llvm,heuristic,other,655.0
150-instcombine-fpmathoperator-classof-n22-d16.pbqp,llvm,heuristic,topology,10400.0
150-instcombine-fpmathoperator-classof-n22-d16.pbqp,llvm,heuristic,selection,10537.0
150-instcombine-fpmathoperator-classof-n22-d16.pbqp,llvm,heuristic,reduction,3959.0
150-instcombine-fpmathoperator-classof-n22-d16.pbqp,llvm,heuristic,reconstruction,107.0
150-instcombine-fpmathoperator-classof-n22-d16.pbqp,llvm,heuristic,kernel,19589.0
150-instcombine-fpmathoperator-classof-n22-d16.pbqp,llvm,heuristic,metadata,576.0
150-instcombine-fpmathoperator-classof-n22-d16.pbqp,llvm,heuristic,search,121.0
150-instcombine-fpmathoperator-classof-n22-d16.pbqp,llvm,heuristic,clone,0.0
150-instcombine-fpmathoperator-classof-n22-d16.pbqp,llvm,heuristic,allocation,3339.0
150-instcombine-fpmathoperator-classof-n22-d16.pbqp,llvm,heuristic,conditioning,3157.0
150-instcombine-fpmathoperator-classof-n22-d16.pbqp,llvm,heuristic,r0,24.0
150-instcombine-fpmathoperator-classof-n22-d16.pbqp,llvm,heuristic,r1,1746.0
150-instcombine-fpmathoperator-classof-n22-d16.pbqp,llvm,heuristic,r2,3169.0
150-instcombine-fpmathoperator-classof-n22-d16.pbqp,llvm,heuristic,lower_bound,3796.0
150-instcombine-fpmathoperator-classof-n22-d16.pbqp,llvm,heuristic,incumbent,88.0
150-instcombine-fpmathoperator-classof-n22-d16.pbqp,llvm,heuristic,seed,4572.0
152-instcombine-instcombinerimpl-foldsquaresumfp-n18-d16.pbqp,llvm,heuristic,other,713.0
152-instcombine-instcombinerimpl-foldsquaresumfp-n18-d16.pbqp,llvm,heuristic,topology,8592.0
152-instcombine-instcombinerimpl-foldsquaresumfp-n18-d16.pbqp,llvm,heuristic,selection,8201.0
152-instcombine-instcombinerimpl-foldsquaresumfp-n18-d16.pbqp,llvm,heuristic,reduction,3236.0
152-instcombine-instcombinerimpl-foldsquaresumfp-n18-d16.pbqp,llvm,heuristic,reconstruction,83.0
152-instcombine-instcombinerimpl-foldsquaresumfp-n18-d16.pbqp,llvm,heuristic,kernel,16296.0
152-instcombine-instcombinerimpl-foldsquaresumfp-n18-d16.pbqp,llvm,heuristic,metadata,867.0
152-instcombine-instcombinerimpl-foldsquaresumfp-n18-d16.pbqp,llvm,heuristic,search,129.0
152-instcombine-instcombinerimpl-foldsquaresumfp-n18-d16.pbqp,llvm,heuristic,clone,0.0
152-instcombine-instcombinerimpl-foldsquaresumfp-n18-d16.pbqp,llvm,heuristic,allocation,3007.0
152-instcombine-instcombinerimpl-foldsquaresumfp-n18-d16.pbqp,llvm,heuristic,conditioning,3084.0
152-instcombine-instcombinerimpl-foldsquaresumfp-n18-d16.pbqp,llvm,heuristic,r0,46.0
152-instcombine-instcombinerimpl-foldsquaresumfp-n18-d16.pbqp,llvm,heuristic,r1,1178.0
152-instcombine-instcombinerimpl-foldsquaresumfp-n18-d16.pbqp,llvm,heuristic,r2,4651.0
152-instcombine-instcombinerimpl-foldsquaresumfp-n18-d16.pbqp,llvm,heuristic,lower_bound,2242.0
152-instcombine-instcombinerimpl-foldsquaresumfp-n18-d16.pbqp,llvm,heuristic,incumbent,70.0
152-instcombine-instcombinerimpl-foldsquaresumfp-n18-d16.pbqp,llvm,heuristic,seed,3867.0
153-instcombine-instcombinerimpl-foldsquaresumint-n22-d16.pbqp,llvm,heuristic,other,720.0
153-instcombine-instcombinerimpl-foldsquaresumint-n22-d16.pbqp,llvm,heuristic,topology,11162.0
153-instcombine-instcombinerimpl-foldsquaresumint-n22-d16.pbqp,llvm,heuristic,selection,11334.0
153-instcombine-instcombinerimpl-foldsquaresumint-n22-d16.pbqp,llvm,heuristic,reduction,4621.0
153-instcombine-instcombinerimpl-foldsquaresumint-n22-d16.pbqp,llvm,heuristic,reconstruction,84.0
153-instcombine-instcombinerimpl-foldsquaresumint-n22-d16.pbqp,llvm,heuristic,kernel,15600.0
153-instcombine-instcombinerimpl-foldsquaresumint-n22-d16.pbqp,llvm,heuristic,metadata,572.0
153-instcombine-instcombinerimpl-foldsquaresumint-n22-d16.pbqp,llvm,heuristic,search,180.0
153-instcombine-instcombinerimpl-foldsquaresumint-n22-d16.pbqp,llvm,heuristic,clone,0.0
153-instcombine-instcombinerimpl-foldsquaresumint-n22-d16.pbqp,llvm,heuristic,allocation,3592.0
153-instcombine-instcombinerimpl-foldsquaresumint-n22-d16.pbqp,llvm,heuristic,conditioning,3943.0
153-instcombine-instcombinerimpl-foldsquaresumint-n22-d16.pbqp,llvm,heuristic,r0,148.0
153-instcombine-instcombinerimpl-foldsquaresumint-n22-d16.pbqp,llvm,heuristic,r1,1440.0
153-instcombine-instcombinerimpl-foldsquaresumint-n22-d16.pbqp,llvm,heuristic,r2,2633.0
153-instcombine-instcombinerimpl-foldsquaresumint-n22-d16.pbqp,llvm,heuristic,lower_bound,2934.0
153-instcombine-instcombinerimpl-foldsquaresumint-n22-d16.pbqp,llvm,heuristic,incumbent,90.0
153-instcombine-instcombinerimpl-foldsquaresumint-n22-d16.pbqp,llvm,heuristic,seed,4624.0
158-instcombine-instcombinerimpl-hoistfnegabovefmulf-n39-d16.pbqp,llvm,heuristic,other,794.0
158-instcombine-instcombinerimpl-hoistfnegabovefmulf-n39-d16.pbqp,llvm,heuristic,topology,35208.0
158-instcombine-instcombinerimpl-hoistfnegabovefmulf-n39-d16.pbqp,llvm,heuristic,selection,39432.0
158-instcombine-instcombinerimpl-hoistfnegabovefmulf-n39-d16.pbqp,llvm,heuristic,reduction,16269.0
158-instcombine-instcombinerimpl-hoistfnegabovefmulf-n39-d16.pbqp,llvm,heuristic,reconstruction,148.0
158-instcombine-instcombinerimpl-hoistfnegabovefmulf-n39-d16.pbqp,llvm,heuristic,kernel,35076.0
158-instcombine-instcombinerimpl-hoistfnegabovefmulf-n39-d16.pbqp,llvm,heuristic,metadata,220.0
158-instcombine-instcombinerimpl-hoistfnegabovefmulf-n39-d16.pbqp,llvm,heuristic,search,180.0
158-instcombine-instcombinerimpl-hoistfnegabovefmulf-n39-d16.pbqp,llvm,heuristic,clone,0.0
158-instcombine-instcombinerimpl-hoistfnegabovefmulf-n39-d16.pbqp,llvm,heuristic,allocation,7603.0
158-instcombine-instcombinerimpl-hoistfnegabovefmulf-n39-d16.pbqp,llvm,heuristic,conditioning,14686.0
158-instcombine-instcombinerimpl-hoistfnegabovefmulf-n39-d16.pbqp,llvm,heuristic,r0,75.0
158-instcombine-instcombinerimpl-hoistfnegabovefmulf-n39-d16.pbqp,llvm,heuristic,r1,398.0
158-instcombine-instcombinerimpl-hoistfnegabovefmulf-n39-d16.pbqp,llvm,heuristic,r2,2341.0
158-instcombine-instcombinerimpl-hoistfnegabovefmulf-n39-d16.pbqp,llvm,heuristic,lower_bound,8566.0
158-instcombine-instcombinerimpl-hoistfnegabovefmulf-n39-d16.pbqp,llvm,heuristic,incumbent,98.0
158-instcombine-instcombinerimpl-hoistfnegabovefmulf-n39-d16.pbqp,llvm,heuristic,seed,11660.0
160-instcombine-instcombinerimpl-simplifyaddwithrema-n64-d16-r1.pbqp,llvm,heuristic,other,1246.0
160-instcombine-instcombinerimpl-simplifyaddwithrema-n64-d16-r1.pbqp,llvm,heuristic,topology,82579.0
160-instcombine-instcombinerimpl-simplifyaddwithrema-n64-d16-r1.pbqp,llvm,heuristic,selection,92014.0
160-instcombine-instcombinerimpl-simplifyaddwithrema-n64-d16-r1.pbqp,llvm,heuristic,reduction,35634.0
160-instcombine-instcombinerimpl-simplifyaddwithrema-n64-d16-r1.pbqp,llvm,heuristic,reconstruction,200.0
160-instcombine-instcombinerimpl-simplifyaddwithrema-n64-d16-r1.pbqp,llvm,heuristic,kernel,65959.0
160-instcombine-instcombinerimpl-simplifyaddwithrema-n64-d16-r1.pbqp,llvm,heuristic,metadata,587.0
160-instcombine-instcombinerimpl-simplifyaddwithrema-n64-d16-r1.pbqp,llvm,heuristic,search,119.0
160-instcombine-instcombinerimpl-simplifyaddwithrema-n64-d16-r1.pbqp,llvm,heuristic,clone,0.0
160-instcombine-instcombinerimpl-simplifyaddwithrema-n64-d16-r1.pbqp,llvm,heuristic,allocation,11043.0
160-instcombine-instcombinerimpl-simplifyaddwithrema-n64-d16-r1.pbqp,llvm,heuristic,conditioning,27360.0
160-instcombine-instcombinerimpl-simplifyaddwithrema-n64-d16-r1.pbqp,llvm,heuristic,r0,45.0
160-instcombine-instcombinerimpl-simplifyaddwithrema-n64-d16-r1.pbqp,llvm,heuristic,r1,1219.0
160-instcombine-instcombinerimpl-simplifyaddwithrema-n64-d16-r1.pbqp,llvm,heuristic,r2,3054.0
160-instcombine-instcombinerimpl-simplifyaddwithrema-n64-d16-r1.pbqp,llvm,heuristic,lower_bound,16643.0
160-instcombine-instcombinerimpl-simplifyaddwithrema-n64-d16-r1.pbqp,llvm,heuristic,incumbent,95.0
160-instcombine-instcombinerimpl-simplifyaddwithrema-n64-d16-r1.pbqp,llvm,heuristic,seed,20815.0
161-instcombine-instcombinerimpl-optimizepointerdiff-n95-d16.pbqp,llvm,heuristic,other,2185.0
161-instcombine-instcombinerimpl-optimizepointerdiff-n95-d16.pbqp,llvm,heuristic,topology,188485.0
161-instcombine-instcombinerimpl-optimizepointerdiff-n95-d16.pbqp,llvm,heuristic,selection,243953.0
161-instcombine-instcombinerimpl-optimizepointerdiff-n95-d16.pbqp,llvm,heuristic,reduction,97859.0
161-instcombine-instcombinerimpl-optimizepointerdiff-n95-d16.pbqp,llvm,heuristic,reconstruction,254.0
161-instcombine-instcombinerimpl-optimizepointerdiff-n95-d16.pbqp,llvm,heuristic,kernel,159675.0
161-instcombine-instcombinerimpl-optimizepointerdiff-n95-d16.pbqp,llvm,heuristic,metadata,1108.0
161-instcombine-instcombinerimpl-optimizepointerdiff-n95-d16.pbqp,llvm,heuristic,search,250.0
161-instcombine-instcombinerimpl-optimizepointerdiff-n95-d16.pbqp,llvm,heuristic,clone,0.0
161-instcombine-instcombinerimpl-optimizepointerdiff-n95-d16.pbqp,llvm,heuristic,allocation,18401.0
161-instcombine-instcombinerimpl-optimizepointerdiff-n95-d16.pbqp,llvm,heuristic,conditioning,61637.0
161-instcombine-instcombinerimpl-optimizepointerdiff-n95-d16.pbqp,llvm,heuristic,r0,63.0
161-instcombine-instcombinerimpl-optimizepointerdiff-n95-d16.pbqp,llvm,heuristic,r1,1354.0
161-instcombine-instcombinerimpl-optimizepointerdiff-n95-d16.pbqp,llvm,heuristic,r2,4879.0
161-instcombine-instcombinerimpl-optimizepointerdiff-n95-d16.pbqp,llvm,heuristic,lower_bound,36700.0
161-instcombine-instcombinerimpl-optimizepointerdiff-n95-d16.pbqp,llvm,heuristic,incumbent,118.0
161-instcombine-instcombinerimpl-optimizepointerdiff-n95-d16.pbqp,llvm,heuristic,seed,43528.0
163-instcombine-instcombinerimpl-createselectinstwit-n9-d16-r1.pbqp,llvm,none,other,411.0
163-instcombine-instcombinerimpl-createselectinstwit-n9-d16-r1.pbqp,llvm,none,topology,24586.0
163-instcombine-instcombinerimpl-createselectinstwit-n9-d16-r1.pbqp,llvm,none,selection,12956.0
163-instcombine-instcombinerimpl-createselectinstwit-n9-d16-r1.pbqp,llvm,none,reduction,0.0
163-instcombine-instcombinerimpl-createselectinstwit-n9-d16-r1.pbqp,llvm,none,reconstruction,211.0
163-instcombine-instcombinerimpl-createselectinstwit-n9-d16-r1.pbqp,llvm,none,kernel,34061.0
163-instcombine-instcombinerimpl-createselectinstwit-n9-d16-r1.pbqp,llvm,none,metadata,11229.0
163-instcombine-instcombinerimpl-createselectinstwit-n9-d16-r1.pbqp,llvm,none,search,42971.0
163-instcombine-instcombinerimpl-createselectinstwit-n9-d16-r1.pbqp,llvm,none,clone,48496.0
163-instcombine-instcombinerimpl-createselectinstwit-n9-d16-r1.pbqp,llvm,none,allocation,20652.0
163-instcombine-instcombinerimpl-createselectinstwit-n9-d16-r1.pbqp,llvm,none,conditioning,20333.0
163-instcombine-instcombinerimpl-createselectinstwit-n9-d16-r1.pbqp,llvm,none,r0,967.0
163-instcombine-instcombinerimpl-createselectinstwit-n9-d16-r1.pbqp,llvm,none,r1,10092.0
163-instcombine-instcombinerimpl-createselectinstwit-n9-d16-r1.pbqp,llvm,none,r2,22632.0
163-instcombine-instcombinerimpl-createselectinstwit-n9-d16-r1.pbqp,llvm,none,lower_bound,18063.0
163-instcombine-instcombinerimpl-createselectinstwit-n9-d16-r1.pbqp,llvm,none,incumbent,5395.0
163-instcombine-instcombinerimpl-createselectinstwit-n9-d16-r1.pbqp,llvm,none,seed,0.0
163-instcombine-instcombinerimpl-createselectinstwit-n9-d16-r1.pbqp,llvm,heuristic,other,392.0
163-instcombine-instcombinerimpl-createselectinstwit-n9-d16-r1.pbqp,llvm,heuristic,topology,2809.0
163-instcombine-instcombinerimpl-createselectinstwit-n9-d16-r1.pbqp,llvm,heuristic,selection,2634.0
163-instcombine-instcombinerimpl-createselectinstwit-n9-d16-r1.pbqp,llvm,heuristic,reduction,1195.0
163-instcombine-instcombinerimpl-createselectinstwit-n9-d16-r1.pbqp,llvm,heuristic,reconstruction,38.0
163-instcombine-instcombinerimpl-createselectinstwit-n9-d16-r1.pbqp,llvm,heuristic,kernel,4635.0
163-instcombine-instcombinerimpl-createselectinstwit-n9-d16-r1.pbqp,llvm,heuristic,metadata,331.0
163-instcombine-instcombinerimpl-createselectinstwit-n9-d16-r1.pbqp,llvm,heuristic,search,116.0
163-instcombine-instcombinerimpl-createselectinstwit-n9-d16-r1.pbqp,llvm,heuristic,clone,0.0
163-instcombine-instcombinerimpl-createselectinstwit-n9-d16-r1.pbqp,llvm,heuristic,allocation,1449.0
163-instcombine-instcombinerimpl-createselectinstwit-n9-d16-r1.pbqp,llvm,heuristic,conditioning,1217.0
163-instcombine-instcombinerimpl-createselectinstwit-n9-d16-r1.pbqp,llvm,heuristic,r0,24.0
163-instcombine-instcombinerimpl-createselectinstwit-n9-d16-r1.pbqp,llvm,heuristic,r1,1211.0
163-instcombine-instcombinerimpl-createselectinstwit-n9-d16-r1.pbqp,llvm,heuristic,r2,603.0
163-instcombine-instcombinerimpl-createselectinstwit-n9-d16-r1.pbqp,llvm,heuristic,lower_bound,864.0
163-instcombine-instcombinerimpl-createselectinstwit-n9-d16-r1.pbqp,llvm,heuristic,incumbent,71.0
163-instcombine-instcombinerimpl-createselectinstwit-n9-d16-r1.pbqp,llvm,heuristic,seed,1859.0
164-instcombine-instcombinerimpl-canonicalizecondsig-n73-d16.pbqp,llvm,heuristic,other,1556.0
164-instcombine-instcombinerimpl-canonicalizecondsig-n73-d16.pbqp,llvm,heuristic,topology,102437.0
164-instcombine-instcombinerimpl-canonicalizecondsig-n73-d16.pbqp,llvm,heuristic,selection,111850.0
164-instcombine-instcombinerimpl-canonicalizecondsig-n73-d16.pbqp,llvm,heuristic,reduction,41271.0
164-instcombine-instcombinerimpl-canonicalizecondsig-n73-d16.pbqp,llvm,heuristic,reconstruction,213.0
164-instcombine-instcombinerimpl-canonicalizecondsig-n73-d16.pbqp,llvm,heuristic,kernel,81304.0
164-instcombine-instcombinerimpl-canonicalizecondsig-n73-d16.pbqp,llvm,heuristic,metadata,1526.0
164-instcombine-instcombinerimpl-canonicalizecondsig-n73-d16.pbqp,llvm,heuristic,search,155.0
164-instcombine-instcombinerimpl-canonicalizecondsig-n73-d16.pbqp,llvm,heuristic,clone,0.0
164-instcombine-instcombinerimpl-canonicalizecondsig-n73-d16.pbqp,llvm,heuristic,allocation,12423.0
164-instcombine-instcombinerimpl-canonicalizecondsig-n73-d16.pbqp,llvm,heuristic,conditioning,30385.0
164-instcombine-instcombinerimpl-canonicalizecondsig-n73-d16.pbqp,llvm,heuristic,r0,35.0
164-instcombine-instcombinerimpl-canonicalizecondsig-n73-d16.pbqp,llvm,heuristic,r1,838.0
164-instcombine-instcombinerimpl-canonicalizecondsig-n73-d16.pbqp,llvm,heuristic,r2,7474.0
164-instcombine-instcombinerimpl-canonicalizecondsig-n73-d16.pbqp,llvm,heuristic,lower_bound,18756.0
164-instcombine-instcombinerimpl-canonicalizecondsig-n73-d16.pbqp,llvm,heuristic,incumbent,96.0
164-instcombine-instcombinerimpl-canonicalizecondsig-n73-d16.pbqp,llvm,heuristic,seed,24015.0
170-instcombine-instcombinerimpl-visitfadd-n143-d17-r1.pbqp,llvm,heuristic,other,6508.0
170-instcombine-instcombinerimpl-visitfadd-n143-d17-r1.pbqp,llvm,heuristic,topology,334162.0
170-instcombine-instcombinerimpl-visitfadd-n143-d17-r1.pbqp,llvm,heuristic,selection,327393.0
170-instcombine-instcombinerimpl-visitfadd-n143-d17-r1.pbqp,llvm,heuristic,reduction,84510.0
170-instcombine-instcombinerimpl-visitfadd-n143-d17-r1.pbqp,llvm,heuristic,reconstruction,600.0
170-instcombine-instcombinerimpl-visitfadd-n143-d17-r1.pbqp,llvm,heuristic,kernel,187997.0
170-instcombine-instcombinerimpl-visitfadd-n143-d17-r1.pbqp,llvm,heuristic,metadata,4245.0
170-instcombine-instcombinerimpl-visitfadd-n143-d17-r1.pbqp,llvm,heuristic,search,278.0
170-instcombine-instcombinerimpl-visitfadd-n143-d17-r1.pbqp,llvm,heuristic,clone,0.0
170-instcombine-instcombinerimpl-visitfadd-n143-d17-r1.pbqp,llvm,heuristic,allocation,25740.0
170-instcombine-instcombinerimpl-visitfadd-n143-d17-r1.pbqp,llvm,heuristic,conditioning,53458.0
170-instcombine-instcombinerimpl-visitfadd-n143-d17-r1.pbqp,llvm,heuristic,r0,566.0
170-instcombine-instcombinerimpl-visitfadd-n143-d17-r1.pbqp,llvm,heuristic,r1,3971.0
170-instcombine-instcombinerimpl-visitfadd-n143-d17-r1.pbqp,llvm,heuristic,r2,26789.0
170-instcombine-instcombinerimpl-visitfadd-n143-d17-r1.pbqp,llvm,heuristic,lower_bound,31082.0
170-instcombine-instcombinerimpl-visitfadd-n143-d17-r1.pbqp,llvm,heuristic,incumbent,147.0
170-instcombine-instcombinerimpl-visitfadd-n143-d17-r1.pbqp,llvm,heuristic,seed,51890.0
171-instcombine-instcombinerimpl-visitfneg-n118-d17.pbqp,llvm,heuristic,other,2324.0
171-instcombine-instcombinerimpl-visitfneg-n118-d17.pbqp,llvm,heuristic,topology,257692.0
171-instcombine-instcombinerimpl-visitfneg-n118-d17.pbqp,llvm,heuristic,selection,278010.0
171-instcombine-instcombinerimpl-visitfneg-n118-d17.pbqp,llvm,heuristic,reduction,68872.0
171-instcombine-instcombinerimpl-visitfneg-n118-d17.pbqp,llvm,heuristic,reconstruction,445.0
171-instcombine-instcombinerimpl-visitfneg-n118-d17.pbqp,llvm,heuristic,kernel,128433.0
171-instcombine-instcombinerimpl-visitfneg-n118-d17.pbqp,llvm,heuristic,metadata,2847.0
171-instcombine-instcombinerimpl-visitfneg-n118-d17.pbqp,llvm,heuristic,search,202.0
171-instcombine-instcombinerimpl-visitfneg-n118-d17.pbqp,llvm,heuristic,clone,0.0
171-instcombine-instcombinerimpl-visitfneg-n118-d17.pbqp,llvm,heuristic,allocation,21845.0
171-instcombine-instcombinerimpl-visitfneg-n118-d17.pbqp,llvm,heuristic,conditioning,45094.0
171-instcombine-instcombinerimpl-visitfneg-n118-d17.pbqp,llvm,heuristic,r0,282.0
171-instcombine-instcombinerimpl-visitfneg-n118-d17.pbqp,llvm,heuristic,r1,3069.0
171-instcombine-instcombinerimpl-visitfneg-n118-d17.pbqp,llvm,heuristic,r2,18582.0
171-instcombine-instcombinerimpl-visitfneg-n118-d17.pbqp,llvm,heuristic,lower_bound,23398.0
171-instcombine-instcombinerimpl-visitfneg-n118-d17.pbqp,llvm,heuristic,incumbent,106.0
171-instcombine-instcombinerimpl-visitfneg-n118-d17.pbqp,llvm,heuristic,seed,39571.0
175-instcombine-commonpointerbase-compute-n45-d16-r1.pbqp,llvm,heuristic,other,1129.0
175-instcombine-commonpointerbase-compute-n45-d16-r1.pbqp,llvm,heuristic,topology,46569.0
175-instcombine-commonpointerbase-compute-n45-d16-r1.pbqp,llvm,heuristic,selection,51035.0
175-instcombine-commonpointerbase-compute-n45-d16-r1.pbqp,llvm,heuristic,reduction,23336.0
175-instcombine-commonpointerbase-compute-n45-d16-r1.pbqp,llvm,heuristic,reconstruction,188.0
175-instcombine-commonpointerbase-compute-n45-d16-r1.pbqp,llvm,heuristic,kernel,53327.0
175-instcombine-commonpointerbase-compute-n45-d16-r1.pbqp,llvm,heuristic,metadata,278.0
175-instcombine-commonpointerbase-compute-n45-d16-r1.pbqp,llvm,heuristic,search,164.0
175-instcombine-commonpointerbase-compute-n45-d16-r1.pbqp,llvm,heuristic,clone,0.0
175-instcombine-commonpointerbase-compute-n45-d16-r1.pbqp,llvm,heuristic,allocation,7688.0
175-instcombine-commonpointerbase-compute-n45-d16-r1.pbqp,llvm,heuristic,conditioning,18815.0
175-instcombine-commonpointerbase-compute-n45-d16-r1.pbqp,llvm,heuristic,r0,44.0
175-instcombine-commonpointerbase-compute-n45-d16-r1.pbqp,llvm,heuristic,r1,732.0
175-instcombine-commonpointerbase-compute-n45-d16-r1.pbqp,llvm,heuristic,r2,1454.0
175-instcombine-commonpointerbase-compute-n45-d16-r1.pbqp,llvm,heuristic,lower_bound,14720.0
175-instcombine-commonpointerbase-compute-n45-d16-r1.pbqp,llvm,heuristic,incumbent,79.0
175-instcombine-commonpointerbase-compute-n45-d16-r1.pbqp,llvm,heuristic,seed,14913.0
176-instcombine-instructionworklist-pushuserstoworkl-n11-d16.pbqp,llvm,heuristic,other,398.0
176-instcombine-instructionworklist-pushuserstoworkl-n11-d16.pbqp,llvm,heuristic,topology,4176.0
176-instcombine-instructionworklist-pushuserstoworkl-n11-d16.pbqp,llvm,heuristic,selection,3891.0
176-instcombine-instructionworklist-pushuserstoworkl-n11-d16.pbqp,llvm,heuristic,reduction,2504.0
176-instcombine-instructionworklist-pushuserstoworkl-n11-d16.pbqp,llvm,heuristic,reconstruction,43.0
176-instcombine-instructionworklist-pushuserstoworkl-n11-d16.pbqp,llvm,heuristic,kernel,8695.0
176-instcombine-instructionworklist-pushuserstoworkl-n11-d16.pbqp,llvm,heuristic,metadata,170.0
176-instcombine-instructionworklist-pushuserstoworkl-n11-d16.pbqp,llvm,heuristic,search,123.0
176-instcombine-instructionworklist-pushuserstoworkl-n11-d16.pbqp,llvm,heuristic,clone,0.0
176-instcombine-instructionworklist-pushuserstoworkl-n11-d16.pbqp,llvm,heuristic,allocation,2005.0
176-instcombine-instructionworklist-pushuserstoworkl-n11-d16.pbqp,llvm,heuristic,conditioning,2853.0
176-instcombine-instructionworklist-pushuserstoworkl-n11-d16.pbqp,llvm,heuristic,r0,24.0
176-instcombine-instructionworklist-pushuserstoworkl-n11-d16.pbqp,llvm,heuristic,r1,767.0
176-instcombine-instructionworklist-pushuserstoworkl-n11-d16.pbqp,llvm,heuristic,r2,845.0
176-instcombine-instructionworklist-pushuserstoworkl-n11-d16.pbqp,llvm,heuristic,lower_bound,2232.0
176-instcombine-instructionworklist-pushuserstoworkl-n11-d16.pbqp,llvm,heuristic,incumbent,70.0
176-instcombine-instructionworklist-pushuserstoworkl-n11-d16.pbqp,llvm,heuristic,seed,2801.0
177-instcombine-smallvectortemplatebase-growandpushb-n6-d16.pbqp,llvm,none,other,159.0
177-instcombine-smallvectortemplatebase-growandpushb-n6-d16.pbqp,llvm,none,topology,9295.0
177-instcombine-smallvectortemplatebase-growandpushb-n6-d16.pbqp,llvm,none,selection,5348.0
177-instcombine-smallvectortemplatebase-growandpushb-n6-d16.pbqp,llvm,none,reduction,0.0
177-instcombine-smallvectortemplatebase-growandpushb-n6-d16.pbqp,llvm,none,reconstruction,122.0
177-instcombine-smallvectortemplatebase-growandpushb-n6-d16.pbqp,llvm,none,kernel,23378.0
177-instcombine-smallvectortemplatebase-growandpushb-n6-d16.pbqp,llvm,none,metadata,7335.0
177-instcombine-smallvectortemplatebase-growandpushb-n6-d16.pbqp,llvm,none,search,15821.0
177-instcombine-smallvectortemplatebase-growandpushb-n6-d16.pbqp,llvm,none,clone,8530.0
177-instcombine-smallvectortemplatebase-growandpushb-n6-d16.pbqp,llvm,none,allocation,8166.0
177-instcombine-smallvectortemplatebase-growandpushb-n6-d16.pbqp,llvm,none,conditioning,5435.0
177-instcombine-smallvectortemplatebase-growandpushb-n6-d16.pbqp,llvm,none,r0,345.0
177-instcombine-smallvectortemplatebase-growandpushb-n6-d16.pbqp,llvm,none,r1,3774.0
177-instcombine-smallvectortemplatebase-growandpushb-n6-d16.pbqp,llvm,none,r2,22957.0
177-instcombine-smallvectortemplatebase-growandpushb-n6-d16.pbqp,llvm,none,lower_bound,5742.0
177-instcombine-smallvectortemplatebase-growandpushb-n6-d16.pbqp,llvm,none,incumbent,1864.0
177-instcombine-smallvectortemplatebase-growandpushb-n6-d16.pbqp,llvm,none,seed,0.0
177-instcombine-smallvectortemplatebase-growandpushb-n6-d16.pbqp,llvm,heuristic,other,241.0
177-instcombine-smallvectortemplatebase-growandpushb-n6-d16.pbqp,llvm,heuristic,topology,1384.0
177-instcombine-smallvectortemplatebase-growandpushb-n6-d16.pbqp,llvm,heuristic,selection,1244.0
177-instcombine-smallvectortemplatebase-growandpushb-n6-d16.pbqp,llvm,heuristic,reduction,631.0
177-instcombine-smallvectortemplatebase-growandpushb-n6-d16.pbqp,llvm,heuristic,reconstruction,65.0
177-instcombine-smallvectortemplatebase-growandpushb-n6-d16.pbqp,llvm,heuristic,kernel,5409.0
177-instcombine-smallvectortemplatebase-growandpushb-n6-d16.pbqp,llvm,heuristic,metadata,0.0
177-instcombine-smallvectortemplatebase-growandpushb-n6-d16.pbqp,llvm,heuristic,search,121.0
177-instcombine-smallvectortemplatebase-growandpushb-n6-d16.pbqp,llvm,heuristic,clone,0.0
177-instcombine-smallvectortemplatebase-growandpushb-n6-d16.pbqp,llvm,heuristic,allocation,838.0
177-instcombine-smallvectortemplatebase-growandpushb-n6-d16.pbqp,llvm,heuristic,conditioning,502.0
177-instcombine-smallvectortemplatebase-growandpushb-n6-d16.pbqp,llvm,heuristic,r0,41.0
177-instcombine-smallvectortemplatebase-growandpushb-n6-d16.pbqp,llvm,heuristic,r1,287.0
177-instcombine-smallvectortemplatebase-growandpushb-n6-d16.pbqp,llvm,heuristic,r2,1792.0
177-instcombine-smallvectortemplatebase-growandpushb-n6-d16.pbqp,llvm,heuristic,lower_bound,801.0
177-instcombine-smallvectortemplatebase-growandpushb-n6-d16.pbqp,llvm,heuristic,incumbent,68.0
177-instcombine-smallvectortemplatebase-growandpushb-n6-d16.pbqp,llvm,heuristic,seed,1150.0
178-instcombine-smallvectortemplatebase-growandpushb-n6-d16.pbqp,llvm,none,other,243.0
178-instcombine-smallvectortemplatebase-growandpushb-n6-d16.pbqp,llvm,none,topology,9747.0
178-instcombine-smallvectortemplatebase-growandpushb-n6-d16.pbqp,llvm,none,selection,5580.0
178-instcombine-smallvectortemplatebase-growandpushb-n6-d16.pbqp,llvm,none,reduction,0.0
178-instcombine-smallvectortemplatebase-growandpushb-n6-d16.pbqp,llvm,none,reconstruction,147.0
178-instcombine-smallvectortemplatebase-growandpushb-n6-d16.pbqp,llvm,none,kernel,29126.0
178-instcombine-smallvectortemplatebase-growandpushb-n6-d16.pbqp,llvm,none,metadata,7939.0
178-instcombine-smallvectortemplatebase-growandpushb-n6-d16.pbqp,llvm,none,search,16589.0
178-instcombine-smallvectortemplatebase-growandpushb-n6-d16.pbqp,llvm,none,clone,8338.0
178-instcombine-smallvectortemplatebase-growandpushb-n6-d16.pbqp,llvm,none,allocation,8739.0
178-instcombine-smallvectortemplatebase-growandpushb-n6-d16.pbqp,llvm,none,conditioning,5806.0
178-instcombine-smallvectortemplatebase-growandpushb-n6-d16.pbqp,llvm,none,r0,348.0
178-instcombine-smallvectortemplatebase-growandpushb-n6-d16.pbqp,llvm,none,r1,4050.0
178-instcombine-smallvectortemplatebase-growandpushb-n6-d16.pbqp,llvm,none,r2,23189.0
178-instcombine-smallvectortemplatebase-growandpushb-n6-d16.pbqp,llvm,none,lower_bound,5676.0
178-instcombine-smallvectortemplatebase-growandpushb-n6-d16.pbqp,llvm,none,incumbent,1925.0
178-instcombine-smallvectortemplatebase-growandpushb-n6-d16.pbqp,llvm,none,seed,0.0
178-instcombine-smallvectortemplatebase-growandpushb-n6-d16.pbqp,llvm,heuristic,other,217.0
178-instcombine-smallvectortemplatebase-growandpushb-n6-d16.pbqp,llvm,heuristic,topology,1384.0
178-instcombine-smallvectortemplatebase-growandpushb-n6-d16.pbqp,llvm,heuristic,selection,1204.0
178-instcombine-smallvectortemplatebase-growandpushb-n6-d16.pbqp,llvm,heuristic,reduction,611.0
178-instcombine-smallvectortemplatebase-growandpushb-n6-d16.pbqp,llvm,heuristic,reconstruction,32.0
178-instcombine-smallvectortemplatebase-growandpushb-n6-d16.pbqp,llvm,heuristic,kernel,5363.0
178-instcombine-smallvectortemplatebase-growandpushb-n6-d16.pbqp,llvm,heuristic,metadata,0.0
178-instcombine-smallvectortemplatebase-growandpushb-n6-d16.pbqp,llvm,heuristic,search,117.0
178-instcombine-smallvectortemplatebase-growandpushb-n6-d16.pbqp,llvm,heuristic,clone,0.0
178-instcombine-smallvectortemplatebase-growandpushb-n6-d16.pbqp,llvm,heuristic,allocation,839.0
178-instcombine-smallvectortemplatebase-growandpushb-n6-d16.pbqp,llvm,heuristic,conditioning,474.0
178-instcombine-smallvectortemplatebase-growandpushb-n6-d16.pbqp,llvm,heuristic,r0,28.0
178-instcombine-smallvectortemplatebase-growandpushb-n6-d16.pbqp,llvm,heuristic,r1,288.0
178-instcombine-smallvectortemplatebase-growandpushb-n6-d16.pbqp,llvm,heuristic,r2,1844.0
178-instcombine-smallvectortemplatebase-growandpushb-n6-d16.pbqp,llvm,heuristic,lower_bound,755.0
178-instcombine-smallvectortemplatebase-growandpushb-n6-d16.pbqp,llvm,heuristic,incumbent,66.0
178-instcombine-smallvectortemplatebase-growandpushb-n6-d16.pbqp,llvm,heuristic,seed,1125.0
179-instcombine-smallvectortemplatebase-growandpushb-n6-d16.pbqp,llvm,none,other,164.0
179-instcombine-smallvectortemplatebase-growandpushb-n6-d16.pbqp,llvm,none,topology,9510.0
179-instcombine-smallvectortemplatebase-growandpushb-n6-d16.pbqp,llvm,none,selection,5349.0
179-instcombine-smallvectortemplatebase-growandpushb-n6-d16.pbqp,llvm,none,reduction,0.0
179-instcombine-smallvectortemplatebase-growandpushb-n6-d16.pbqp,llvm,none,reconstruction,123.0
179-instcombine-smallvectortemplatebase-growandpushb-n6-d16.pbqp,llvm,none,kernel,23867.0
179-instcombine-smallvectortemplatebase-growandpushb-n6-d16.pbqp,llvm,none,metadata,7226.0
179-instcombine-smallvectortemplatebase-growandpushb-n6-d16.pbqp,llvm,none,search,16010.0
179-instcombine-smallvectortemplatebase-growandpushb-n6-d16.pbqp,llvm,none,clone,8243.0
179-instcombine-smallvectortemplatebase-growandpushb-n6-d16.pbqp,llvm,none,allocation,8175.0
179-instcombine-smallvectortemplatebase-growandpushb-n6-d16.pbqp,llvm,none,conditioning,5311.0
179-instcombine-smallvectortemplatebase-growandpushb-n6-d16.pbqp,llvm,none,r0,343.0
179-instcombine-smallvectortemplatebase-growandpushb-n6-d16.pbqp,llvm,none,r1,3844.0
179-instcombine-smallvectortemplatebase-growandpushb-n6-d16.pbqp,llvm,none,r2,22764.0
179-instcombine-smallvectortemplatebase-growandpushb-n6-d16.pbqp,llvm,none,lower_bound,5734.0
179-instcombine-smallvectortemplatebase-growandpushb-n6-d16.pbqp,llvm,none,incumbent,1881.0
179-instcombine-smallvectortemplatebase-growandpushb-n6-d16.pbqp,llvm,none,seed,0.0
179-instcombine-smallvectortemplatebase-growandpushb-n6-d16.pbqp,llvm,heuristic,other,224.0
179-instcombine-smallvectortemplatebase-growandpushb-n6-d16.pbqp,llvm,heuristic,topology,1426.0
179-instcombine-smallvectortemplatebase-growandpushb-n6-d16.pbqp,llvm,heuristic,selection,1210.0
179-instcombine-smallvectortemplatebase-growandpushb-n6-d16.pbqp,llvm,heuristic,reduction,630.0
179-instcombine-smallvectortemplatebase-growandpushb-n6-d16.pbqp,llvm,heuristic,reconstruction,31.0
179-instcombine-smallvectortemplatebase-growandpushb-n6-d16.pbqp,llvm,heuristic,kernel,5300.0
179-instcombine-smallvectortemplatebase-growandpushb-n6-d16.pbqp,llvm,heuristic,metadata,0.0
179-instcombine-smallvectortemplatebase-growandpushb-n6-d16.pbqp,llvm,heuristic,search,116.0
179-instcombine-smallvectortemplatebase-growandpushb-n6-d16.pbqp,llvm,heuristic,clone,0.0
179-instcombine-smallvectortemplatebase-growandpushb-n6-d16.pbqp,llvm,heuristic,allocation,877.0
179-instcombine-smallvectortemplatebase-growandpushb-n6-d16.pbqp,llvm,heuristic,conditioning,461.0
179-instcombine-smallvectortemplatebase-growandpushb-n6-d16.pbqp,llvm,heuristic,r0,51.0
179-instcombine-smallvectortemplatebase-growandpushb-n6-d16.pbqp,llvm,heuristic,r1,334.0
179-instcombine-smallvectortemplatebase-growandpushb-n6-d16.pbqp,llvm,heuristic,r2,1708.0
179-instcombine-smallvectortemplatebase-growandpushb-n6-d16.pbqp,llvm,heuristic,lower_bound,748.0
179-instcombine-smallvectortemplatebase-growandpushb-n6-d16.pbqp,llvm,heuristic,incumbent,67.0
179-instcombine-smallvectortemplatebase-growandpushb-n6-d16.pbqp,llvm,heuristic,seed,1149.0
180-instcombine-apint-issamevalue-n17-d16.pbqp,llvm,heuristic,other,897.0
180-instcombine-apint-issamevalue-n17-d16.pbqp,llvm,heuristic,topology,6224.0
180-instcombine-apint-issamevalue-n17-d16.pbqp,llvm,heuristic,selection,6275.0
180-instcombine-apint-issamevalue-n17-d16.pbqp,llvm,heuristic,reduction,1936.0
180-instcombine-apint-issamevalue-n17-d16.pbqp,llvm,heuristic,reconstruction,112.0
180-instcombine-apint-issamevalue-n17-d16.pbqp,llvm,heuristic,kernel,7919.0
180-instcombine-apint-issamevalue-n17-d16.pbqp,llvm,heuristic,metadata,924.0
180-instcombine-apint-issamevalue-n17-d16.pbqp,llvm,heuristic,search,122.0
180-instcombine-apint-issamevalue-n17-d16.pbqp,llvm,heuristic,clone,0.0
180-instcombine-apint-issamevalue-n17-d16.pbqp,llvm,heuristic,allocation,2302.0
180-instcombine-apint-issamevalue-n17-d16.pbqp,llvm,heuristic,conditioning,1433.0
180-instcombine-apint-issamevalue-n17-d16.pbqp,llvm,heuristic,r0,143.0
180-instcombine-apint-issamevalue-n17-d16.pbqp,llvm,heuristic,r1,2806.0
180-instcombine-apint-issamevalue-n17-d16.pbqp,llvm,heuristic,r2,768.0
180-instcombine-apint-issamevalue-n17-d16.pbqp,llvm,heuristic,lower_bound,1569.0
180-instcombine-apint-issamevalue-n17-d16.pbqp,llvm,heuristic,incumbent,84.0
180-instcombine-apint-issamevalue-n17-d16.pbqp,llvm,heuristic,seed,3001.0
181-instcombine-apint-gethighbitsset-n5-d15.pbqp,llvm,none,other,169.0
181-instcombine-apint-gethighbitsset-n5-d15.pbqp,llvm,none,topology,11880.0
181-instcombine-apint-gethighbitsset-n5-d15.pbqp,llvm,none,selection,6421.0
181-instcombine-apint-gethighbitsset-n5-d15.pbqp,llvm,none,reduction,0.0
181-instcombine-apint-gethighbitsset-n5-d15.pbqp,llvm,none,reconstruction,109.0
181-instcombine-apint-gethighbitsset-n5-d15.pbqp,llvm,none,kernel,25636.0
181-instcombine-apint-gethighbitsset-n5-d15.pbqp,llvm,none,metadata,6749.0
181-instcombine-apint-gethighbitsset-n5-d15.pbqp,llvm,none,search,23964.0
181-instcombine-apint-gethighbitsset-n5-d15.pbqp,llvm,none,clone,8172.0
181-instcombine-apint-gethighbitsset-n5-d15.pbqp,llvm,none,allocation,11937.0
181-instcombine-apint-gethighbitsset-n5-d15.pbqp,llvm,none,conditioning,7755.0
181-instcombine-apint-gethighbitsset-n5-d15.pbqp,llvm,none,r0,735.0
181-instcombine-apint-gethighbitsset-n5-d15.pbqp,llvm,none,r1,6974.0
181-instcombine-apint-gethighbitsset-n5-d15.pbqp,llvm,none,r2,16484.0
181-instcombine-apint-gethighbitsset-n5-d15.pbqp,llvm,none,lower_bound,5797.0
181-instcombine-apint-gethighbitsset-n5-d15.pbqp,llvm,none,incumbent,2848.0
181-instcombine-apint-gethighbitsset-n5-d15.pbqp,llvm,none,seed,0.0
181-instcombine-apint-gethighbitsset-n5-d15.pbqp,llvm,heuristic,other,207.0
181-instcombine-apint-gethighbitsset-n5-d15.pbqp,llvm,heuristic,topology,1039.0
181-instcombine-apint-gethighbitsset-n5-d15.pbqp,llvm,heuristic,selection,983.0
181-instcombine-apint-gethighbitsset-n5-d15.pbqp,llvm,heuristic,reduction,626.0
181-instcombine-apint-gethighbitsset-n5-d15.pbqp,llvm,heuristic,reconstruction,31.0
181-instcombine-apint-gethighbitsset-n5-d15.pbqp,llvm,heuristic,kernel,2855.0
181-instcombine-apint-gethighbitsset-n5-d15.pbqp,llvm,heuristic,metadata,0.0
181-instcombine-apint-gethighbitsset-n5-d15.pbqp,llvm,heuristic,search,122.0
181-instcombine-apint-gethighbitsset-n5-d15.pbqp,llvm,heuristic,clone,0.0
181-instcombine-apint-gethighbitsset-n5-d15.pbqp,llvm,heuristic,allocation,631.0
181-instcombine-apint-gethighbitsset-n5-d15.pbqp,llvm,heuristic,conditioning,412.0
181-instcombine-apint-gethighbitsset-n5-d15.pbqp,llvm,heuristic,r0,25.0
181-instcombine-apint-gethighbitsset-n5-d15.pbqp,llvm,heuristic,r1,314.0
181-instcombine-apint-gethighbitsset-n5-d15.pbqp,llvm,heuristic,r2,673.0
181-instcombine-apint-gethighbitsset-n5-d15.pbqp,llvm,heuristic,lower_bound,620.0
181-instcombine-apint-gethighbitsset-n5-d15.pbqp,llvm,heuristic,incumbent,69.0
181-instcombine-apint-gethighbitsset-n5-d15.pbqp,llvm,heuristic,seed,971.0
182-instcombine-llvm-dyn-cast-n5-d16.pbqp,llvm,none,other,322.0
182-instcombine-llvm-dyn-cast-n5-d16.pbqp,llvm,none,topology,5465.0
182-instcombine-llvm-dyn-cast-n5-d16.pbqp,llvm,none,selection,3159.0
182-instcombine-llvm-dyn-cast-n5-d16.pbqp,llvm,none,reduction,0.0
182-instcombine-llvm-dyn-cast-n5-d16.pbqp,llvm,none,reconstruction,56.0
182-instcombine-llvm-dyn-cast-n5-d16.pbqp,llvm,none,kernel,24162.0
182-instcombine-llvm-dyn-cast-n5-d16.pbqp,llvm,none,metadata,8650.0
182-instcombine-llvm-dyn-cast-n5-d16.pbqp,llvm,none,search,10948.0
182-instcombine-llvm-dyn-cast-n5-d16.pbqp,llvm,none,clone,3090.0
182-instcombine-llvm-dyn-cast-n5-d16.pbqp,llvm,none,allocation,5481.0
182-instcombine-llvm-dyn-cast-n5-d16.pbqp,llvm,none,conditioning,3384.0
182-instcombine-llvm-dyn-cast-n5-d16.pbqp,llvm,none,r0,482.0
182-instcombine-llvm-dyn-cast-n5-d16.pbqp,llvm,none,r1,5436.0
182-instcombine-llvm-dyn-cast-n5-d16.pbqp,llvm,none,r2,17832.0
182-instcombine-llvm-dyn-cast-n5-d16.pbqp,llvm,none,lower_bound,338.0
182-instcombine-llvm-dyn-cast-n5-d16.pbqp,llvm,none,incumbent,1088.0
182-instcombine-llvm-dyn-cast-n5-d16.pbqp,llvm,none,seed,0.0
182-instcombine-llvm-dyn-cast-n5-d16.pbqp,llvm,heuristic,other,509.0
182-instcombine-llvm-dyn-cast-n5-d16.pbqp,llvm,heuristic,topology,1516.0
182-instcombine-llvm-dyn-cast-n5-d16.pbqp,llvm,heuristic,selection,956.0
182-instcombine-llvm-dyn-cast-n5-d16.pbqp,llvm,heuristic,reduction,528.0
182-instcombine-llvm-dyn-cast-n5-d16.pbqp,llvm,heuristic,reconstruction,59.0
182-instcombine-llvm-dyn-cast-n5-d16.pbqp,llvm,heuristic,kernel,13583.0
182-instcombine-llvm-dyn-cast-n5-d16.pbqp,llvm,heuristic,metadata,683.0
182-instcombine-llvm-dyn-cast-n5-d16.pbqp,llvm,heuristic,search,173.0
182-instcombine-llvm-dyn-cast-n5-d16.pbqp,llvm,heuristic,clone,0.0
182-instcombine-llvm-dyn-cast-n5-d16.pbqp,llvm,heuristic,allocation,1072.0
182-instcombine-llvm-dyn-cast-n5-d16.pbqp,llvm,heuristic,conditioning,362.0
182-instcombine-llvm-dyn-cast-n5-d16.pbqp,llvm,heuristic,r0,89.0
182-instcombine-llvm-dyn-cast-n5-d16.pbqp,llvm,heuristic,r1,1051.0
182-instcombine-llvm-dyn-cast-n5-d16.pbqp,llvm,heuristic,r2,2138.0
182-instcombine-llvm-dyn-cast-n5-d16.pbqp,llvm,heuristic,lower_bound,1085.0
182-instcombine-llvm-dyn-cast-n5-d16.pbqp,llvm,heuristic,incumbent,96.0
182-instcombine-llvm-dyn-cast-n5-d16.pbqp,llvm,heuristic,seed,2113.0
183-instcombine-knownbits-knownbits-n3-d16.pbqp,llvm,none,other,423.0
183-instcombine-knownbits-knownbits-n3-d16.pbqp,llvm,none,topology,198.0
183-instcombine-knownbits-knownbits-n3-d16.pbqp,llvm,none,selection,181.0
183-instcombine-knownbits-knownbits-n3-d16.pbqp,llvm,none,reduction,0.0
183-instcombine-knownbits-knownbits-n3-d16.pbqp,llvm,none,reconstruction,41.0
183-instcombine-knownbits-knownbits-n3-d16.pbqp,llvm,none,kernel,134.0
183-instcombine-knownbits-knownbits-n3-d16.pbqp,llvm,none,metadata,232.0
183-instcombine-knownbits-knownbits-n3-d16.pbqp,llvm,none,search,0.0
183-instcombine-knownbits-knownbits-n3-d16.pbqp,llvm,none,clone,0.0
183-instcombine-knownbits-knownbits-n3-d16.pbqp,llvm,none,allocation,135.0
183-instcombine-knownbits-knownbits-n3-d16.pbqp,llvm,none,conditioning,0.0
183-instcombine-knownbits-knownbits-n3-d16.pbqp,llvm,none,r0,81.0
183-instcombine-knownbits-knownbits-n3-d16.pbqp,llvm,none,r1,300.0
183-instcombine-knownbits-knownbits-n3-d16.pbqp,llvm,none,r2,0.0
183-instcombine-knownbits-knownbits-n3-d16.pbqp,llvm,none,lower_bound,0.0
183-instcombine-knownbits-knownbits-n3-d16.pbqp,llvm,none,incumbent,0.0
183-instcombine-knownbits-knownbits-n3-d16.pbqp,llvm,none,seed,0.0
183-instcombine-knownbits-knownbits-n3-d16.pbqp,llvm,heuristic,other,436.0
183-instcombine-knownbits-knownbits-n3-d16.pbqp,llvm,heuristic,topology,365.0
183-instcombine-knownbits-knownbits-n3-d16.pbqp,llvm,heuristic,selection,341.0
183-instcombine-knownbits-knownbits-n3-d16.pbqp,llvm,heuristic,reduction,0.0
183-instcombine-knownbits-knownbits-n3-d16.pbqp,llvm,heuristic,reconstruction,49.0
183-instcombine-knownbits-knownbits-n3-d16.pbqp,llvm,heuristic,kernel,310.0
183-instcombine-knownbits-knownbits-n3-d16.pbqp,llvm,heuristic,metadata,182.0
183-instcombine-knownbits-knownbits-n3-d16.pbqp,llvm,heuristic,search,0.0
183-instcombine-knownbits-knownbits-n3-d16.pbqp,llvm,heuristic,clone,0.0
183-instcombine-knownbits-knownbits-n3-d16.pbqp,llvm,heuristic,allocation,220.0
183-instcombine-knownbits-knownbits-n3-d16.pbqp,llvm,heuristic,conditioning,0.0
183-instcombine-knownbits-knownbits-n3-d16.pbqp,llvm,heuristic,r0,120.0
183-instcombine-knownbits-knownbits-n3-d16.pbqp,llvm,heuristic,r1,480.0
183-instcombine-knownbits-knownbits-n3-d16.pbqp,llvm,heuristic,r2,0.0
183-instcombine-knownbits-knownbits-n3-d16.pbqp,llvm,heuristic,lower_bound,0.0
183-instcombine-knownbits-knownbits-n3-d16.pbqp,llvm,heuristic,incumbent,0.0
183-instcombine-knownbits-knownbits-n3-d16.pbqp,llvm,heuristic,seed,957.0
184-instcombine-setvector-insert-n20-d16.pbqp,llvm,heuristic,other,2413.0
184-instcombine-setvector-insert-n20-d16.pbqp,llvm,heuristic,topology,13565.0
184-instcombine-setvector-insert-n20-d16.pbqp,llvm,heuristic,selection,12013.0
184-instcombine-setvector-insert-n20-d16.pbqp,llvm,heuristic,reduction,8955.0
184-instcombine-setvector-insert-n20-d16.pbqp,llvm,heuristic,reconstruction,342.0
184-instcombine-setvector-insert-n20-d16.pbqp,llvm,heuristic,kernel,83647.0
184-instcombine-setvector-insert-n20-d16.pbqp,llvm,heuristic,metadata,1156.0
184-instcombine-setvector-insert-n20-d16.pbqp,llvm,heuristic,search,320.0
184-instcombine-setvector-insert-n20-d16.pbqp,llvm,heuristic,clone,0.0
184-instcombine-setvector-insert-n20-d16.pbqp,llvm,heuristic,allocation,7325.0
184-instcombine-setvector-insert-n20-d16.pbqp,llvm,heuristic,conditioning,6814.0
184-instcombine-setvector-insert-n20-d16.pbqp,llvm,heuristic,r0,118.0
184-instcombine-setvector-insert-n20-d16.pbqp,llvm,heuristic,r1,1220.0
184-instcombine-setvector-insert-n20-d16.pbqp,llvm,heuristic,r2,5978.0
184-instcombine-setvector-insert-n20-d16.pbqp,llvm,heuristic,lower_bound,10458.0
184-instcombine-setvector-insert-n20-d16.pbqp,llvm,heuristic,incumbent,145.0
184-instcombine-setvector-insert-n20-d16.pbqp,llvm,heuristic,seed,11144.0
185-instcombine-withcache-withcache-n3-d16.pbqp,llvm,none,other,409.0
185-instcombine-withcache-withcache-n3-d16.pbqp,llvm,none,topology,206.0
185-instcombine-withcache-withcache-n3-d16.pbqp,llvm,none,selection,188.0
185-instcombine-withcache-withcache-n3-d16.pbqp,llvm,none,reduction,0.0
185-instcombine-withcache-withcache-n3-d16.pbqp,llvm,none,reconstruction,26.0
185-instcombine-withcache-withcache-n3-d16.pbqp,llvm,none,kernel,123.0
185-instcombine-withcache-withcache-n3-d16.pbqp,llvm,none,metadata,185.0
185-instcombine-withcache-withcache-n3-d16.pbqp,llvm,none,search,0.0
185-instcombine-withcache-withcache-n3-d16.pbqp,llvm,none,clone,0.0
185-instcombine-withcache-withcache-n3-d16.pbqp,llvm,none,allocation,117.0
185-instcombine-withcache-withcache-n3-d16.pbqp,llvm,none,conditioning,0.0
185-instcombine-withcache-withcache-n3-d16.pbqp,llvm,none,r0,80.0
185-instcombine-withcache-withcache-n3-d16.pbqp,llvm,none,r1,249.0
185-instcombine-withcache-withcache-n3-d16.pbqp,llvm,none,r2,0.0
185-instcombine-withcache-withcache-n3-d16.pbqp,llvm,none,lower_bound,0.0
185-instcombine-withcache-withcache-n3-d16.pbqp,llvm,none,incumbent,0.0
185-instcombine-withcache-withcache-n3-d16.pbqp,llvm,none,seed,0.0
185-instcombine-withcache-withcache-n3-d16.pbqp,llvm,heuristic,other,441.0
185-instcombine-withcache-withcache-n3-d16.pbqp,llvm,heuristic,topology,375.0
185-instcombine-withcache-withcache-n3-d16.pbqp,llvm,heuristic,selection,353.0
185-instcombine-withcache-withcache-n3-d16.pbqp,llvm,heuristic,reduction,0.0
185-instcombine-withcache-withcache-n3-d16.pbqp,llvm,heuristic,reconstruction,49.0
185-instcombine-withcache-withcache-n3-d16.pbqp,llvm,heuristic,kernel,347.0
185-instcombine-withcache-withcache-n3-d16.pbqp,llvm,heuristic,metadata,183.0
185-instcombine-withcache-withcache-n3-d16.pbqp,llvm,heuristic,search,0.0
185-instcombine-withcache-withcache-n3-d16.pbqp,llvm,heuristic,clone,0.0
185-instcombine-withcache-withcache-n3-d16.pbqp,llvm,heuristic,allocation,201.0
185-instcombine-withcache-withcache-n3-d16.pbqp,llvm,heuristic,conditioning,0.0
185-instcombine-withcache-withcache-n3-d16.pbqp,llvm,heuristic,r0,133.0
185-instcombine-withcache-withcache-n3-d16.pbqp,llvm,heuristic,r1,505.0
185-instcombine-withcache-withcache-n3-d16.pbqp,llvm,heuristic,r2,0.0
185-instcombine-withcache-withcache-n3-d16.pbqp,llvm,heuristic,lower_bound,0.0
185-instcombine-withcache-withcache-n3-d16.pbqp,llvm,heuristic,incumbent,0.0
185-instcombine-withcache-withcache-n3-d16.pbqp,llvm,heuristic,seed,980.0
186-instcombine-llvm-operator-n5-d16.pbqp,llvm,none,other,1667.0
186-instcombine-llvm-operator-n5-d16.pbqp,llvm,none,topology,14068.0
186-instcombine-llvm-operator-n5-d16.pbqp,llvm,none,selection,6523.0
186-instcombine-llvm-operator-n5-d16.pbqp,llvm,none,reduction,0.0
186-instcombine-llvm-operator-n5-d16.pbqp,llvm,none,reconstruction,229.0
186-instcombine-llvm-operator-n5-d16.pbqp,llvm,none,kernel,86030.0
186-instcombine-llvm-operator-n5-d16.pbqp,llvm,none,metadata,24948.0
186-instcombine-llvm-operator-n5-d16.pbqp,llvm,none,search,30311.0
186-instcombine-llvm-operator-n5-d16.pbqp,llvm,none,clone,44682.0
186-instcombine-llvm-operator-n5-d16.pbqp,llvm,none,allocation,33810.0
186-instcombine-llvm-operator-n5-d16.pbqp,llvm,none,conditioning,9365.0
186-instcombine-llvm-operator-n5-d16.pbqp,llvm,none,r0,1128.0
186-instcombine-llvm-operator-n5-d16.pbqp,llvm,none,r1,10781.0
186-instcombine-llvm-operator-n5-d16.pbqp,llvm,none,r2,53437.0
186-instcombine-llvm-operator-n5-d16.pbqp,llvm,none,lower_bound,6432.0
186-instcombine-llvm-operator-n5-d16.pbqp,llvm,none,incumbent,2948.0
186-instcombine-llvm-operator-n5-d16.pbqp,llvm,none,seed,0.0
186-instcombine-llvm-operator-n5-d16.pbqp,llvm,heuristic,other,339.0
186-instcombine-llvm-operator-n5-d16.pbqp,llvm,heuristic,topology,1355.0
186-instcombine-llvm-operator-n5-d16.pbqp,llvm,heuristic,selection,1186.0
186-instcombine-llvm-operator-n5-d16.pbqp,llvm,heuristic,reduction,1016.0
186-instcombine-llvm-operator-n5-d16.pbqp,llvm,heuristic,reconstruction,41.0
186-instcombine-llvm-operator-n5-d16.pbqp,llvm,heuristic,kernel,8422.0
186-instcombine-llvm-operator-n5-d16.pbqp,llvm,heuristic,metadata,0.0
186-instcombine-llvm-operator-n5-d16.pbqp,llvm,heuristic,search,141.0
186-instcombine-llvm-operator-n5-d16.pbqp,llvm,heuristic,clone,0.0
186-instcombine-llvm-operator-n5-d16.pbqp,llvm,heuristic,allocation,981.0
186-instcombine-llvm-operator-n5-d16.pbqp,llvm,heuristic,conditioning,690.0
186-instcombine-llvm-operator-n5-d16.pbqp,llvm,heuristic,r0,62.0
186-instcombine-llvm-operator-n5-d16.pbqp,llvm,heuristic,r1,445.0
186-instcombine-llvm-operator-n5-d16.pbqp,llvm,heuristic,r2,1896.0
186-instcombine-llvm-operator-n5-d16.pbqp,llvm,heuristic,lower_bound,1308.0
186-instcombine-llvm-operator-n5-d16.pbqp,llvm,heuristic,incumbent,77.0
186-instcombine-llvm-operator-n5-d16.pbqp,llvm,heuristic,seed,2213.0
187-instcombine-llvm-operator-n6-d16.pbqp,llvm,none,other,356.0
187-instcombine-llvm-operator-n6-d16.pbqp,llvm,none,topology,21975.0
187-instcombine-llvm-operator-n6-d16.pbqp,llvm,none,selection,11614.0
187-instcombine-llvm-operator-n6-d16.pbqp,llvm,none,reduction,0.0
187-instcombine-llvm-operator-n6-d16.pbqp,llvm,none,reconstruction,241.0
187-instcombine-llvm-operator-n6-d16.pbqp,llvm,none,kernel,44505.0
187-instcombine-llvm-operator-n6-d16.pbqp,llvm,none,metadata,12691.0
187-instcombine-llvm-operator-n6-d16.pbqp,llvm,none,search,41828.0
187-instcombine-llvm-operator-n6-d16.pbqp,llvm,none,clone,31410.0
187-instcombine-llvm-operator-n6-d16.pbqp,llvm,none,allocation,19071.0
187-instcombine-llvm-operator-n6-d16.pbqp,llvm,none,conditioning,20451.0
187-instcombine-llvm-operator-n6-d16.pbqp,llvm,none,r0,988.0
187-instcombine-llvm-operator-n6-d16.pbqp,llvm,none,r1,8667.0
187-instcombine-llvm-operator-n6-d16.pbqp,llvm,none,r2,33905.0
187-instcombine-llvm-operator-n6-d16.pbqp,llvm,none,lower_bound,25040.0
187-instcombine-llvm-operator-n6-d16.pbqp,llvm,none,incumbent,5503.0
187-instcombine-llvm-operator-n6-d16.pbqp,llvm,none,seed,0.0
187-instcombine-llvm-operator-n6-d16.pbqp,llvm,heuristic,other,219.0
187-instcombine-llvm-operator-n6-d16.pbqp,llvm,heuristic,topology,1456.0
187-instcombine-llvm-operator-n6-d16.pbqp,llvm,heuristic,selection,1444.0
187-instcombine-llvm-operator-n6-d16.pbqp,llvm,heuristic,reduction,1012.0
187-instcombine-llvm-operator-n6-d16.pbqp,llvm,heuristic,reconstruction,32.0
187-instcombine-llvm-operator-n6-d16.pbqp,llvm,heuristic,kernel,6150.0
187-instcombine-llvm-operator-n6-d16.pbqp,llvm,heuristic,metadata,0.0
187-instcombine-llvm-operator-n6-d16.pbqp,llvm,heuristic,search,127.0
187-instcombine-llvm-operator-n6-d16.pbqp,llvm,heuristic,clone,0.0
187-instcombine-llvm-operator-n6-d16.pbqp,llvm,heuristic,allocation,849.0
187-instcombine-llvm-operator-n6-d16.pbqp,llvm,heuristic,conditioning,964.0
187-instcombine-llvm-operator-n6-d16.pbqp,llvm,heuristic,r0,46.0
187-instcombine-llvm-operator-n6-d16.pbqp,llvm,heuristic,r1,290.0
187-instcombine-llvm-operator-n6-d16.pbqp,llvm,heuristic,r2,1197.0
187-instcombine-llvm-operator-n6-d16.pbqp,llvm,heuristic,lower_bound,1186.0
187-instcombine-llvm-operator-n6-d16.pbqp,llvm,heuristic,incumbent,69.0
187-instcombine-llvm-operator-n6-d16.pbqp,llvm,heuristic,seed,1305.0
188-instcombine-llvm-operator-n5-d16.pbqp,llvm,none,other,165.0
188-instcombine-llvm-operator-n5-d16.pbqp,llvm,none,topology,10862.0
188-instcombine-llvm-operator-n5-d16.pbqp,llvm,none,selection,5494.0
188-instcombine-llvm-operator-n5-d16.pbqp,llvm,none,reduction,0.0
188-instcombine-llvm-operator-n5-d16.pbqp,llvm,none,reconstruction,83.0
188-instcombine-llvm-operator-n5-d16.pbqp,llvm,none,kernel,34271.0
188-instcombine-llvm-operator-n5-d16.pbqp,llvm,none,metadata,12230.0
188-instcombine-llvm-operator-n5-d16.pbqp,llvm,none,search,21172.0
188-instcombine-llvm-operator-n5-d16.pbqp,llvm,none,clone,8487.0
188-instcombine-llvm-operator-n5-d16.pbqp,llvm,none,allocation,11444.0
188-instcombine-llvm-operator-n5-d16.pbqp,llvm,none,conditioning,7348.0
188-instcombine-llvm-operator-n5-d16.pbqp,llvm,none,r0,744.0
188-instcombine-llvm-operator-n5-d16.pbqp,llvm,none,r1,7792.0
188-instcombine-llvm-operator-n5-d16.pbqp,llvm,none,r2,31948.0
188-instcombine-llvm-operator-n5-d16.pbqp,llvm,none,lower_bound,3636.0
188-instcombine-llvm-operator-n5-d16.pbqp,llvm,none,incumbent,2341.0
188-instcombine-llvm-operator-n5-d16.pbqp,llvm,none,seed,0.0
188-instcombine-llvm-operator-n5-d16.pbqp,llvm,heuristic,other,226.0
188-instcombine-llvm-operator-n5-d16.pbqp,llvm,heuristic,topology,1119.0
188-instcombine-llvm-operator-n5-d16.pbqp,llvm,heuristic,selection,1074.0
188-instcombine-llvm-operator-n5-d16.pbqp,llvm,heuristic,reduction,621.0
188-instcombine-llvm-operator-n5-d16.pbqp,llvm,heuristic,reconstruction,49.0
188-instcombine-llvm-operator-n5-d16.pbqp,llvm,heuristic,kernel,4860.0
188-instcombine-llvm-operator-n5-d16.pbqp,llvm,heuristic,metadata,0.0
188-instcombine-llvm-operator-n5-d16.pbqp,llvm,heuristic,search,131.0
188-instcombine-llvm-operator-n5-d16.pbqp,llvm,heuristic,clone,0.0
188-instcombine-llvm-operator-n5-d16.pbqp,llvm,heuristic,allocation,736.0
188-instcombine-llvm-operator-n5-d16.pbqp,llvm,heuristic,conditioning,525.0
188-instcombine-llvm-operator-n5-d16.pbqp,llvm,heuristic,r0,25.0
188-instcombine-llvm-operator-n5-d16.pbqp,llvm,heuristic,r1,291.0
188-instcombine-llvm-operator-n5-d16.pbqp,llvm,heuristic,r2,1205.0
188-instcombine-llvm-operator-n5-d16.pbqp,llvm,heuristic,lower_bound,741.0
188-instcombine-llvm-operator-n5-d16.pbqp,llvm,heuristic,incumbent,67.0
188-instcombine-llvm-operator-n5-d16.pbqp,llvm,heuristic,seed,1087.0
189-instcombine-llvm-operator-n9-d16.pbqp,llvm,none,other,379.0
189-instcombine-llvm-operator-n9-d16.pbqp,llvm,none,topology,37228.0
189-instcombine-llvm-operator-n9-d16.pbqp,llvm,none,selection,29226.0
189-instcombine-llvm-operator-n9-d16.pbqp,llvm,none,reduction,0.0
189-instcombine-llvm-operator-n9-d16.pbqp,llvm,none,reconstruction,269.0
189-instcombine-llvm-operator-n9-d16.pbqp,llvm,none,kernel,75399.0
189-instcombine-llvm-operator-n9-d16.pbqp,llvm,none,metadata,19846.0
189-instcombine-llvm-operator-n9-d16.pbqp,llvm,none,search,64420.0
189-instcombine-llvm-operator-n9-d16.pbqp,llvm,none,clone,81106.0
189-instcombine-llvm-operator-n9-d16.pbqp,llvm,none,allocation,30999.0
189-instcombine-llvm-operator-n9-d16.pbqp,llvm,none,conditioning,31626.0
189-instcombine-llvm-operator-n9-d16.pbqp,llvm,none,r0,1453.0
189-instcombine-llvm-operator-n9-d16.pbqp,llvm,none,r1,13079.0
189-instcombine-llvm-operator-n9-d16.pbqp,llvm,none,r2,56402.0
189-instcombine-llvm-operator-n9-d16.pbqp,llvm,none,lower_bound,44435.0
189-instcombine-llvm-operator-n9-d16.pbqp,llvm,none,incumbent,8289.0
189-instcombine-llvm-operator-n9-d16.pbqp,llvm,none,seed,0.0
189-instcombine-llvm-operator-n9-d16.pbqp,llvm,heuristic,other,412.0
189-instcombine-llvm-operator-n9-d16.pbqp,llvm,heuristic,topology,3043.0
189-instcombine-llvm-operator-n9-d16.pbqp,llvm,heuristic,selection,2537.0
189-instcombine-llvm-operator-n9-d16.pbqp,llvm,heuristic,reduction,1368.0
189-instcombine-llvm-operator-n9-d16.pbqp,llvm,heuristic,reconstruction,95.0
189-instcombine-llvm-operator-n9-d16.pbqp,llvm,heuristic,kernel,10077.0
189-instcombine-llvm-operator-n9-d16.pbqp,llvm,heuristic,metadata,397.0
189-instcombine-llvm-operator-n9-d16.pbqp,llvm,heuristic,search,120.0
189-instcombine-llvm-operator-n9-d16.pbqp,llvm,heuristic,clone,0.0
189-instcombine-llvm-operator-n9-d16.pbqp,llvm,heuristic,allocation,1581.0
189-instcombine-llvm-operator-n9-d16.pbqp,llvm,heuristic,conditioning,1247.0
189-instcombine-llvm-operator-n9-d16.pbqp,llvm,heuristic,r0,41.0
189-instcombine-llvm-operator-n9-d16.pbqp,llvm,heuristic,r1,301.0
189-instcombine-llvm-operator-n9-d16.pbqp,llvm,heuristic,r2,3284.0
189-instcombine-llvm-operator-n9-d16.pbqp,llvm,heuristic,lower_bound,1466.0
189-instcombine-llvm-operator-n9-d16.pbqp,llvm,heuristic,incumbent,78.0
189-instcombine-llvm-operator-n9-d16.pbqp,llvm,heuristic,seed,1890.0
190-instcombine-llvm-operator-n8-d16.pbqp,llvm,none,other,498.0
190-instcombine-llvm-operator-n8-d16.pbqp,llvm,none,topology,21019.0
190-instcombine-llvm-operator-n8-d16.pbqp,llvm,none,selection,11296.0
190-instcombine-llvm-operator-n8-d16.pbqp,llvm,none,reduction,0.0
190-instcombine-llvm-operator-n8-d16.pbqp,llvm,none,reconstruction,263.0
190-instcombine-llvm-operator-n8-d16.pbqp,llvm,none,kernel,43106.0
190-instcombine-llvm-operator-n8-d16.pbqp,llvm,none,metadata,11711.0
190-instcombine-llvm-operator-n8-d16.pbqp,llvm,none,search,39036.0
190-instcombine-llvm-operator-n8-d16.pbqp,llvm,none,clone,39655.0
190-instcombine-llvm-operator-n8-d16.pbqp,llvm,none,allocation,19068.0
190-instcombine-llvm-operator-n8-d16.pbqp,llvm,none,conditioning,18748.0
190-instcombine-llvm-operator-n8-d16.pbqp,llvm,none,r0,863.0
190-instcombine-llvm-operator-n8-d16.pbqp,llvm,none,r1,8024.0
190-instcombine-llvm-operator-n8-d16.pbqp,llvm,none,r2,33086.0
190-instcombine-llvm-operator-n8-d16.pbqp,llvm,none,lower_bound,23481.0
190-instcombine-llvm-operator-n8-d16.pbqp,llvm,none,incumbent,5003.0
190-instcombine-llvm-operator-n8-d16.pbqp,llvm,none,seed,0.0
190-instcombine-llvm-operator-n8-d16.pbqp,llvm,heuristic,other,384.0
190-instcombine-llvm-operator-n8-d16.pbqp,llvm,heuristic,topology,2277.0
190-instcombine-llvm-operator-n8-d16.pbqp,llvm,heuristic,selection,2082.0
190-instcombine-llvm-operator-n8-d16.pbqp,llvm,heuristic,reduction,948.0
190-instcombine-llvm-operator-n8-d16.pbqp,llvm,heuristic,reconstruction,37.0
190-instcombine-llvm-operator-n8-d16.pbqp,llvm,heuristic,kernel,9070.0
190-instcombine-llvm-operator-n8-d16.pbqp,llvm,heuristic,metadata,346.0
190-instcombine-llvm-operator-n8-d16.pbqp,llvm,heuristic,search,115.0
190-instcombine-llvm-operator-n8-d16.pbqp,llvm,heuristic,clone,0.0
190-instcombine-llvm-operator-n8-d16.pbqp,llvm,heuristic,allocation,1218.0
190-instcombine-llvm-operator-n8-d16.pbqp,llvm,heuristic,conditioning,871.0
190-instcombine-llvm-operator-n8-d16.pbqp,llvm,heuristic,r0,25.0
190-instcombine-llvm-operator-n8-d16.pbqp,llvm,heuristic,r1,304.0
190-instcombine-llvm-operator-n8-d16.pbqp,llvm,heuristic,r2,2984.0
190-instcombine-llvm-operator-n8-d16.pbqp,llvm,heuristic,lower_bound,1146.0
190-instcombine-llvm-operator-n8-d16.pbqp,llvm,heuristic,incumbent,68.0
190-instcombine-llvm-operator-n8-d16.pbqp,llvm,heuristic,seed,1578.0
191-instcombine-llvm-operator-n5-d16.pbqp,llvm,none,other,155.0
191-instcombine-llvm-operator-n5-d16.pbqp,llvm,none,topology,10599.0
191-instcombine-llvm-operator-n5-d16.pbqp,llvm,none,selection,5544.0
191-instcombine-llvm-operator-n5-d16.pbqp,llvm,none,reduction,0.0
191-instcombine-llvm-operator-n5-d16.pbqp,llvm,none,reconstruction,81.0
191-instcombine-llvm-operator-n5-d16.pbqp,llvm,none,kernel,34463.0
191-instcombine-llvm-operator-n5-d16.pbqp,llvm,none,metadata,11273.0
191-instcombine-llvm-operator-n5-d16.pbqp,llvm,none,search,21019.0
191-instcombine-llvm-operator-n5-d16.pbqp,llvm,none,clone,8998.0
191-instcombine-llvm-operator-n5-d16.pbqp,llvm,none,allocation,10845.0
191-instcombine-llvm-operator-n5-d16.pbqp,llvm,none,conditioning,7785.0
191-instcombine-llvm-operator-n5-d16.pbqp,llvm,none,r0,748.0
191-instcombine-llvm-operator-n5-d16.pbqp,llvm,none,r1,7762.0
191-instcombine-llvm-operator-n5-d16.pbqp,llvm,none,r2,27948.0
191-instcombine-llvm-operator-n5-d16.pbqp,llvm,none,lower_bound,3682.0
191-instcombine-llvm-operator-n5-d16.pbqp,llvm,none,incumbent,2341.0
191-instcombine-llvm-operator-n5-d16.pbqp,llvm,none,seed,0.0
191-instcombine-llvm-operator-n5-d16.pbqp,llvm,heuristic,other,223.0
191-instcombine-llvm-operator-n5-d16.pbqp,llvm,heuristic,topology,1094.0
191-instcombine-llvm-operator-n5-d16.pbqp,llvm,heuristic,selection,980.0
191-instcombine-llvm-operator-n5-d16.pbqp,llvm,heuristic,reduction,586.0
191-instcombine-llvm-operator-n5-d16.pbqp,llvm,heuristic,reconstruction,57.0
191-instcombine-llvm-operator-n5-d16.pbqp,llvm,heuristic,kernel,4675.0
191-instcombine-llvm-operator-n5-d16.pbqp,llvm,heuristic,metadata,0.0
191-instcombine-llvm-operator-n5-d16.pbqp,llvm,heuristic,search,120.0
191-instcombine-llvm-operator-n5-d16.pbqp,llvm,heuristic,clone,0.0
191-instcombine-llvm-operator-n5-d16.pbqp,llvm,heuristic,allocation,721.0
191-instcombine-llvm-operator-n5-d16.pbqp,llvm,heuristic,conditioning,533.0
191-instcombine-llvm-operator-n5-d16.pbqp,llvm,heuristic,r0,40.0
191-instcombine-llvm-operator-n5-d16.pbqp,llvm,heuristic,r1,279.0
191-instcombine-llvm-operator-n5-d16.pbqp,llvm,heuristic,r2,1239.0
191-instcombine-llvm-operator-n5-d16.pbqp,llvm,heuristic,lower_bound,712.0
191-instcombine-llvm-operator-n5-d16.pbqp,llvm,heuristic,incumbent,64.0
191-instcombine-llvm-operator-n5-d16.pbqp,llvm,heuristic,seed,1072.0
192-instcombine-datalayout-gettypesizeinbits-n16-d16.pbqp,llvm,heuristic,other,1000.0
192-instcombine-datalayout-gettypesizeinbits-n16-d16.pbqp,llvm,heuristic,topology,7294.0
192-instcombine-datalayout-gettypesizeinbits-n16-d16.pbqp,llvm,heuristic,selection,7215.0
192-instcombine-datalayout-gettypesizeinbits-n16-d16.pbqp,llvm,heuristic,reduction,2827.0
192-instcombine-datalayout-gettypesizeinbits-n16-d16.pbqp,llvm,heuristic,reconstruction,129.0
192-instcombine-datalayout-gettypesizeinbits-n16-d16.pbqp,llvm,heuristic,kernel,12063.0
192-instcombine-datalayout-gettypesizeinbits-n16-d16.pbqp,llvm,heuristic,metadata,1266.0
192-instcombine-datalayout-gettypesizeinbits-n16-d16.pbqp,llvm,heuristic,search,205.0
192-instcombine-datalayout-gettypesizeinbits-n16-d16.pbqp,llvm,heuristic,clone,0.0
192-instcombine-datalayout-gettypesizeinbits-n16-d16.pbqp,llvm,heuristic,allocation,2583.0
192-instcombine-datalayout-gettypesizeinbits-n16-d16.pbqp,llvm,heuristic,conditioning,2001.0
192-instcombine-datalayout-gettypesizeinbits-n16-d16.pbqp,llvm,heuristic,r0,210.0
192-instcombine-datalayout-gettypesizeinbits-n16-d16.pbqp,llvm,heuristic,r1,3514.0
192-instcombine-datalayout-gettypesizeinbits-n16-d16.pbqp,llvm,heuristic,r2,683.0
192-instcombine-datalayout-gettypesizeinbits-n16-d16.pbqp,llvm,heuristic,lower_bound,2873.0
192-instcombine-datalayout-gettypesizeinbits-n16-d16.pbqp,llvm,heuristic,incumbent,83.0
192-instcombine-datalayout-gettypesizeinbits-n16-d16.pbqp,llvm,heuristic,seed,4679.0
193-instcombine-fneg-match-match-n37-d16.pbqp,llvm,heuristic,other,1641.0
193-instcombine-fneg-match-match-n37-d16.pbqp,llvm,heuristic,topology,27491.0
193-instcombine-fneg-match-match-n37-d16.pbqp,llvm,heuristic,selection,23296.0
193-instcombine-fneg-match-match-n37-d16.pbqp,llvm,heuristic,reduction,6700.0
193-instcombine-fneg-match-match-n37-d16.pbqp,llvm,heuristic,reconstruction,168.0
193-instcombine-fneg-match-match-n37-d16.pbqp,llvm,heuristic,kernel,47024.0
193-instcombine-fneg-match-match-n37-d16.pbqp,llvm,heuristic,metadata,2335.0
193-instcombine-fneg-match-match-n37-d16.pbqp,llvm,heuristic,search,141.0
193-instcombine-fneg-match-match-n37-d16.pbqp,llvm,heuristic,clone,0.0
193-instcombine-fneg-match-match-n37-d16.pbqp,llvm,heuristic,allocation,5911.0
193-instcombine-fneg-match-match-n37-d16.pbqp,llvm,heuristic,conditioning,5253.0
193-instcombine-fneg-match-match-n37-d16.pbqp,llvm,heuristic,r0,136.0
193-instcombine-fneg-match-match-n37-d16.pbqp,llvm,heuristic,r1,1229.0
193-instcombine-fneg-match-match-n37-d16.pbqp,llvm,heuristic,r2,14206.0
193-instcombine-fneg-match-match-n37-d16.pbqp,llvm,heuristic,lower_bound,5427.0
193-instcombine-fneg-match-match-n37-d16.pbqp,llvm,heuristic,incumbent,94.0
193-instcombine-fneg-match-match-n37-d16.pbqp,llvm,heuristic,seed,8211.0
194-instcombine-fneg-match-match-n35-d16.pbqp,llvm,heuristic,other,2021.0
194-instcombine-fneg-match-match-n35-d16.pbqp,llvm,heuristic,topology,29095.0
194-instcombine-fneg-match-match-n35-d16.pbqp,llvm,heuristic,selection,26368.0
194-instcombine-fneg-match-match-n35-d16.pbqp,llvm,heuristic,reduction,6883.0
194-instcombine-fneg-match-match-n35-d16.pbqp,llvm,heuristic,reconstruction,199.0
194-instcombine-fneg-match-match-n35-d16.pbqp,llvm,heuristic,kernel,66029.0
194-instcombine-fneg-match-match-n35-d16.pbqp,llvm,heuristic,metadata,2854.0
194-instcombine-fneg-match-match-n35-d16.pbqp,llvm,heuristic,search,171.0
194-instcombine-fneg-match-match-n35-d16.pbqp,llvm,heuristic,clone,0.0
194-instcombine-fneg-match-match-n35-d16.pbqp,llvm,heuristic,allocation,5854.0
194-instcombine-fneg-match-match-n35-d16.pbqp,llvm,heuristic,conditioning,5808.0
194-instcombine-fneg-match-match-n35-d16.pbqp,llvm,heuristic,r0,163.0
194-instcombine-fneg-match-match-n35-d16.pbqp,llvm,heuristic,r1,1474.0
194-instcombine-fneg-match-match-n35-d16.pbqp,llvm,heuristic,r2,15076.0
194-instcombine-fneg-match-match-n35-d16.pbqp,llvm,heuristic,lower_bound,9832.0
194-instcombine-fneg-match-match-n35-d16.pbqp,llvm,heuristic,incumbent,82.0
194-instcombine-fneg-match-match-n35-d16.pbqp,llvm,heuristic,seed,9754.0
195-instcombine-fneg-match-match-n35-d16.pbqp,llvm,heuristic,other,2060.0
195-instcombine-fneg-match-match-n35-d16.pbqp,llvm,heuristic,topology,28629.0
195-instcombine-fneg-match-match-n35-d16.pbqp,llvm,heuristic,selection,27277.0
195-instcombine-fneg-match-match-n35-d16.pbqp,llvm,heuristic,reduction,8442.0
195-instcombine-fneg-match-match-n35-d16.pbqp,llvm,heuristic,reconstruction,278.0
195-instcombine-fneg-match-match-n35-d16.pbqp,llvm,heuristic,kernel,61790.0
195-instcombine-fneg-match-match-n35-d16.pbqp,llvm,heuristic,metadata,2845.0
195-instcombine-fneg-match-match-n35-d16.pbqp,llvm,heuristic,search,256.0
195-instcombine-fneg-match-match-n35-d16.pbqp,llvm,heuristic,clone,0.0
195-instcombine-fneg-match-match-n35-d16.pbqp,llvm,heuristic,allocation,7714.0
195-instcombine-fneg-match-match-n35-d16.pbqp,llvm,heuristic,conditioning,6591.0
195-instcombine-fneg-match-match-n35-d16.pbqp,llvm,heuristic,r0,216.0
195-instcombine-fneg-match-match-n35-d16.pbqp,llvm,heuristic,r1,1613.0
195-instcombine-fneg-match-match-n35-d16.pbqp,llvm,heuristic,r2,15468.0
195-instcombine-fneg-match-match-n35-d16.pbqp,llvm,heuristic,lower_bound,5454.0
195-instcombine-fneg-match-match-n35-d16.pbqp,llvm,heuristic,incumbent,120.0
195-instcombine-fneg-match-match-n35-d16.pbqp,llvm,heuristic,seed,10894.0
196-instcombine-api-pred-ty-match-n19-d16.pbqp,llvm,heuristic,other,591.0
196-instcombine-api-pred-ty-match-n19-d16.pbqp,llvm,heuristic,topology,10029.0
196-instcombine-api-pred-ty-match-n19-d16.pbqp,llvm,heuristic,selection,10132.0
196-instcombine-api-pred-ty-match-n19-d16.pbqp,llvm,heuristic,reduction,4597.0
196-instcombine-api-pred-ty-match-n19-d16.pbqp,llvm,heuristic,reconstruction,114.0
196-instcombine-api-pred-ty-match-n19-d16.pbqp,llvm,heuristic,kernel,14642.0
196-instcombine-api-pred-ty-match-n19-d16.pbqp,llvm,heuristic,metadata,406.0
196-instcombine-api-pred-ty-match-n19-d16.pbqp,llvm,heuristic,search,136.0
196-instcombine-api-pred-ty-match-n19-d16.pbqp,llvm,heuristic,clone,0.0
196-instcombine-api-pred-ty-match-n19-d16.pbqp,llvm,heuristic,allocation,3286.0
196-instcombine-api-pred-ty-match-n19-d16.pbqp,llvm,heuristic,conditioning,4125.0
196-instcombine-api-pred-ty-match-n19-d16.pbqp,llvm,heuristic,r0,45.0
196-instcombine-api-pred-ty-match-n19-d16.pbqp,llvm,heuristic,r1,776.0
196-instcombine-api-pred-ty-match-n19-d16.pbqp,llvm,heuristic,r2,2382.0
196-instcombine-api-pred-ty-match-n19-d16.pbqp,llvm,heuristic,lower_bound,3529.0
196-instcombine-api-pred-ty-match-n19-d16.pbqp,llvm,heuristic,incumbent,88.0
196-instcombine-api-pred-ty-match-n19-d16.pbqp,llvm,heuristic,seed,4886.0
197-instcombine-api-pred-ty-match-n28-d16.pbqp,llvm,heuristic,other,703.0
197-instcombine-api-pred-ty-match-n28-d16.pbqp,llvm,heuristic,topology,19920.0
197-instcombine-api-pred-ty-match-n28-d16.pbqp,llvm,heuristic,selection,21722.0
197-instcombine-api-pred-ty-match-n28-d16.pbqp,llvm,heuristic,reduction,9871.0
197-instcombine-api-pred-ty-match-n28-d16.pbqp,llvm,heuristic,reconstruction,134.0
197-instcombine-api-pred-ty-match-n28-d16.pbqp,llvm,heuristic,kernel,27897.0
197-instcombine-api-pred-ty-match-n28-d16.pbqp,llvm,heuristic,metadata,379.0
197-instcombine-api-pred-ty-match-n28-d16.pbqp,llvm,heuristic,search,137.0
197-instcombine-api-pred-ty-match-n28-d16.pbqp,llvm,heuristic,clone,0.0
197-instcombine-api-pred-ty-match-n28-d16.pbqp,llvm,heuristic,allocation,5087.0
197-instcombine-api-pred-ty-match-n28-d16.pbqp,llvm,heuristic,conditioning,9190.0
197-instcombine-api-pred-ty-match-n28-d16.pbqp,llvm,heuristic,r0,38.0
197-instcombine-api-pred-ty-match-n28-d16.pbqp,llvm,heuristic,r1,728.0
197-instcombine-api-pred-ty-match-n28-d16.pbqp,llvm,heuristic,r2,1772.0
197-instcombine-api-pred-ty-match-n28-d16.pbqp,llvm,heuristic,lower_bound,7440.0
197-instcombine-api-pred-ty-match-n28-d16.pbqp,llvm,heuristic,incumbent,74.0
197-instcombine-api-pred-ty-match-n28-d16.pbqp,llvm,heuristic,seed,7659.0
198-instcombine-api-pred-ty-match-n15-d16.pbqp,llvm,heuristic,other,553.0
198-instcombine-api-pred-ty-match-n15-d16.pbqp,llvm,heuristic,topology,6104.0
198-instcombine-api-pred-ty-match-n15-d16.pbqp,llvm,heuristic,selection,6264.0
198-instcombine-api-pred-ty-match-n15-d16.pbqp,llvm,heuristic,reduction,2719.0
198-instcombine-api-pred-ty-match-n15-d16.pbqp,llvm,heuristic,reconstruction,107.0
198-instcombine-api-pred-ty-match-n15-d16.pbqp,llvm,heuristic,kernel,13326.0
198-instcombine-api-pred-ty-match-n15-d16.pbqp,llvm,heuristic,metadata,566.0
198-instcombine-api-pred-ty-match-n15-d16.pbqp,llvm,heuristic,search,131.0
198-instcombine-api-pred-ty-match-n15-d16.pbqp,llvm,heuristic,clone,0.0
198-instcombine-api-pred-ty-match-n15-d16.pbqp,llvm,heuristic,allocation,2340.0
198-instcombine-api-pred-ty-match-n15-d16.pbqp,llvm,heuristic,conditioning,2202.0
198-instcombine-api-pred-ty-match-n15-d16.pbqp,llvm,heuristic,r0,46.0
198-instcombine-api-pred-ty-match-n15-d16.pbqp,llvm,heuristic,r1,685.0
198-instcombine-api-pred-ty-match-n15-d16.pbqp,llvm,heuristic,r2,3199.0
198-instcombine-api-pred-ty-match-n15-d16.pbqp,llvm,heuristic,lower_bound,2238.0
198-instcombine-api-pred-ty-match-n15-d16.pbqp,llvm,heuristic,incumbent,74.0
198-instcombine-api-pred-ty-match-n15-d16.pbqp,llvm,heuristic,seed,3064.0
199-instcombine-oneuse-match-match-n18-d16.pbqp,llvm,heuristic,other,629.0
199-instcombine-oneuse-match-match-n18-d16.pbqp,llvm,heuristic,topology,7956.0
199-instcombine-oneuse-match-match-n18-d16.pbqp,llvm,heuristic,selection,7738.0
199-instcombine-oneuse-match-match-n18-d16.pbqp,llvm,heuristic,reduction,2774.0
199-instcombine-oneuse-match-match-n18-d16.pbqp,llvm,heuristic,reconstruction,123.0
199-instcombine-oneuse-match-match-n18-d16.pbqp,llvm,heuristic,kernel,38633.0
199-instcombine-oneuse-match-match-n18-d16.pbqp,llvm,heuristic,metadata,820.0
199-instcombine-oneuse-match-match-n18-d16.pbqp,llvm,heuristic,search,134.0
199-instcombine-oneuse-match-match-n18-d16.pbqp,llvm,heuristic,clone,0.0
199-instcombine-oneuse-match-match-n18-d16.pbqp,llvm,heuristic,allocation,2171.0
199-instcombine-oneuse-match-match-n18-d16.pbqp,llvm,heuristic,conditioning,1911.0
199-instcombine-oneuse-match-match-n18-d16.pbqp,llvm,heuristic,r0,107.0
199-instcombine-oneuse-match-match-n18-d16.pbqp,llvm,heuristic,r1,852.0
199-instcombine-oneuse-match-match-n18-d16.pbqp,llvm,heuristic,r2,9961.0
199-instcombine-oneuse-match-match-n18-d16.pbqp,llvm,heuristic,lower_bound,3380.0
199-instcombine-oneuse-match-match-n18-d16.pbqp,llvm,heuristic,incumbent,66.0
199-instcombine-oneuse-match-match-n18-d16.pbqp,llvm,heuristic,seed,3475.0
200-instcombine-oneuse-match-match-n18-d16.pbqp,llvm,heuristic,other,740.0
200-instcombine-oneuse-match-match-n18-d16.pbqp,llvm,heuristic,topology,8057.0
200-instcombine-oneuse-match-match-n18-d16.pbqp,llvm,heuristic,selection,7777.0
200-instcombine-oneuse-match-match-n18-d16.pbqp,llvm,heuristic,reduction,2917.0
200-instcombine-oneuse-match-match-n18-d16.pbqp,llvm,heuristic,reconstruction,115.0
200-instcombine-oneuse-match-match-n18-d16.pbqp,llvm,heuristic,kernel,41910.0
200-instcombine-oneuse-match-match-n18-d16.pbqp,llvm,heuristic,metadata,971.0
200-instcombine-oneuse-match-match-n18-d16.pbqp,llvm,heuristic,search,174.0
200-instcombine-oneuse-match-match-n18-d16.pbqp,llvm,heuristic,clone,0.0
200-instcombine-oneuse-match-match-n18-d16.pbqp,llvm,heuristic,allocation,2246.0
200-instcombine-oneuse-match-match-n18-d16.pbqp,llvm,heuristic,conditioning,2116.0
200-instcombine-oneuse-match-match-n18-d16.pbqp,llvm,heuristic,r0,172.0
200-instcombine-oneuse-match-match-n18-d16.pbqp,llvm,heuristic,r1,1156.0
200-instcombine-oneuse-match-match-n18-d16.pbqp,llvm,heuristic,r2,10892.0
200-instcombine-oneuse-match-match-n18-d16.pbqp,llvm,heuristic,lower_bound,3429.0
200-instcombine-oneuse-match-match-n18-d16.pbqp,llvm,heuristic,incumbent,101.0
200-instcombine-oneuse-match-match-n18-d16.pbqp,llvm,heuristic,seed,3750.0
201-instcombine-oneuse-match-match-n16-d16.pbqp,llvm,heuristic,other,490.0
201-instcombine-oneuse-match-match-n16-d16.pbqp,llvm,heuristic,topology,5818.0
201-instcombine-oneuse-match-match-n16-d16.pbqp,llvm,heuristic,selection,5479.0
201-instcombine-oneuse-match-match-n16-d16.pbqp,llvm,heuristic,reduction,1930.0
201-instcombine-oneuse-match-match-n16-d16.pbqp,llvm,heuristic,reconstruction,91.0
201-instcombine-oneuse-match-match-n16-d16.pbqp,llvm,heuristic,kernel,17130.0
201-instcombine-oneuse-match-match-n16-d16.pbqp,llvm,heuristic,metadata,668.0
201-instcombine-oneuse-match-match-n16-d16.pbqp,llvm,heuristic,search,139.0
201-instcombine-oneuse-match-match-n16-d16.pbqp,llvm,heuristic,clone,0.0
201-instcombine-oneuse-match-match-n16-d16.pbqp,llvm,heuristic,allocation,2329.0
201-instcombine-oneuse-match-match-n16-d16.pbqp,llvm,heuristic,conditioning,1561.0
201-instcombine-oneuse-match-match-n16-d16.pbqp,llvm,heuristic,r0,37.0
201-instcombine-oneuse-match-match-n16-d16.pbqp,llvm,heuristic,r1,1178.0
201-instcombine-oneuse-match-match-n16-d16.pbqp,llvm,heuristic,r2,4739.0
201-instcombine-oneuse-match-match-n16-d16.pbqp,llvm,heuristic,lower_bound,2276.0
201-instcombine-oneuse-match-match-n16-d16.pbqp,llvm,heuristic,incumbent,77.0
201-instcombine-oneuse-match-match-n16-d16.pbqp,llvm,heuristic,seed,3189.0
202-instcombine-oneuse-match-match-n13-d16.pbqp,llvm,none,other,384.0
202-instcombine-oneuse-match-match-n13-d16.pbqp,llvm,none,topology,27084.0
202-instcombine-oneuse-match-match-n13-d16.pbqp,llvm,none,selection,17077.0
202-instcombine-oneuse-match-match-n13-d16.pbqp,llvm,none,reduction,0.0
202-instcombine-oneuse-match-match-n13-d16.pbqp,llvm,none,reconstruction,228.0
202-instcombine-oneuse-match-match-n13-d16.pbqp,llvm,none,kernel,57778.0
202-instcombine-oneuse-match-match-n13-d16.pbqp,llvm,none,metadata,18229.0
202-instcombine-oneuse-match-match-n13-d16.pbqp,llvm,none,search,36920.0
202-instcombine-oneuse-match-match-n13-d16.pbqp,llvm,none,clone,40637.0
202-instcombine-oneuse-match-match-n13-d16.pbqp,llvm,none,allocation,21630.0
202-instcombine-oneuse-match-match-n13-d16.pbqp,llvm,none,conditioning,11612.0
202-instcombine-oneuse-match-match-n13-d16.pbqp,llvm,none,r0,876.0
202-instcombine-oneuse-match-match-n13-d16.pbqp,llvm,none,r1,12641.0
202-instcombine-oneuse-match-match-n13-d16.pbqp,llvm,none,r2,38302.0
202-instcombine-oneuse-match-match-n13-d16.pbqp,llvm,none,lower_bound,18725.0
202-instcombine-oneuse-match-match-n13-d16.pbqp,llvm,none,incumbent,4008.0
202-instcombine-oneuse-match-match-n13-d16.pbqp,llvm,none,seed,0.0
202-instcombine-oneuse-match-match-n13-d16.pbqp,llvm,heuristic,other,494.0
202-instcombine-oneuse-match-match-n13-d16.pbqp,llvm,heuristic,topology,4183.0
202-instcombine-oneuse-match-match-n13-d16.pbqp,llvm,heuristic,selection,3123.0
202-instcombine-oneuse-match-match-n13-d16.pbqp,llvm,heuristic,reduction,1113.0
202-instcombine-oneuse-match-match-n13-d16.pbqp,llvm,heuristic,reconstruction,99.0
202-instcombine-oneuse-match-match-n13-d16.pbqp,llvm,heuristic,kernel,13899.0
202-instcombine-oneuse-match-match-n13-d16.pbqp,llvm,heuristic,metadata,695.0
202-instcombine-oneuse-match-match-n13-d16.pbqp,llvm,heuristic,search,149.0
202-instcombine-oneuse-match-match-n13-d16.pbqp,llvm,heuristic,clone,0.0
202-instcombine-oneuse-match-match-n13-d16.pbqp,llvm,heuristic,allocation,1811.0
202-instcombine-oneuse-match-match-n13-d16.pbqp,llvm,heuristic,conditioning,813.0
202-instcombine-oneuse-match-match-n13-d16.pbqp,llvm,heuristic,r0,37.0
202-instcombine-oneuse-match-match-n13-d16.pbqp,llvm,heuristic,r1,678.0
202-instcombine-oneuse-match-match-n13-d16.pbqp,llvm,heuristic,r2,5729.0
202-instcombine-oneuse-match-match-n13-d16.pbqp,llvm,heuristic,lower_bound,1270.0
202-instcombine-oneuse-match-match-n13-d16.pbqp,llvm,heuristic,incumbent,66.0
202-instcombine-oneuse-match-match-n13-d16.pbqp,llvm,heuristic,seed,2538.0
203-instcombine-binaryop-match-match-n49-d16.pbqp,llvm,heuristic,other,1014.0
203-instcombine-binaryop-match-match-n49-d16.pbqp,llvm,heuristic,topology,47866.0
203-instcombine-binaryop-match-match-n49-d16.pbqp,llvm,heuristic,selection,49749.0
203-instcombine-binaryop-match-match-n49-d16.pbqp,llvm,heuristic,reduction,13767.0
203-instcombine-binaryop-match-match-n49-d16.pbqp,llvm,heuristic,reconstruction,263.0
203-instcombine-binaryop-match-match-n49-d16.pbqp,llvm,heuristic,kernel,48452.0
203-instcombine-binaryop-match-match-n49-d16.pbqp,llvm,heuristic,metadata,1034.0
203-instcombine-binaryop-match-match-n49-d16.pbqp,llvm,heuristic,search,132.0
203-instcombine-binaryop-match-match-n49-d16.pbqp,llvm,heuristic,clone,0.0
203-instcombine-binaryop-match-match-n49-d16.pbqp,llvm,heuristic,allocation,7669.0
203-instcombine-binaryop-match-match-n49-d16.pbqp,llvm,heuristic,conditioning,10713.0
203-instcombine-binaryop-match-match-n49-d16.pbqp,llvm,heuristic,r0,108.0
203-instcombine-binaryop-match-match-n49-d16.pbqp,llvm,heuristic,r1,1041.0
203-instcombine-binaryop-match-match-n49-d16.pbqp,llvm,heuristic,r2,8600.0
203-instcombine-binaryop-match-match-n49-d16.pbqp,llvm,heuristic,lower_bound,9210.0
203-instcombine-binaryop-match-match-n49-d16.pbqp,llvm,heuristic,incumbent,72.0
203-instcombine-binaryop-match-match-n49-d16.pbqp,llvm,heuristic,seed,11381.0
204-instcombine-binaryop-match-match-n45-d16.pbqp,llvm,heuristic,other,1202.0
204-instcombine-binaryop-match-match-n45-d16.pbqp,llvm,heuristic,topology,46901.0
204-instcombine-binaryop-match-match-n45-d16.pbqp,llvm,heuristic,selection,47396.0
204-instcombine-binaryop-match-match-n45-d16.pbqp,llvm,heuristic,reduction,11949.0
204-instcombine-binaryop-match-match-n45-d16.pbqp,llvm,heuristic,reconstruction,290.0
204-instcombine-binaryop-match-match-n45-d16.pbqp,llvm,heuristic,kernel,73029.0
204-instcombine-binaryop-match-match-n45-d16.pbqp,llvm,heuristic,metadata,1300.0
204-instcombine-binaryop-match-match-n45-d16.pbqp,llvm,heuristic,search,178.0
204-instcombine-binaryop-match-match-n45-d16.pbqp,llvm,heuristic,clone,0.0
204-instcombine-binaryop-match-match-n45-d16.pbqp,llvm,heuristic,allocation,6986.0
204-instcombine-binaryop-match-match-n45-d16.pbqp,llvm,heuristic,conditioning,9863.0
204-instcombine-binaryop-match-match-n45-d16.pbqp,llvm,heuristic,r0,158.0
204-instcombine-binaryop-match-match-n45-d16.pbqp,llvm,heuristic,r1,1148.0
204-instcombine-binaryop-match-match-n45-d16.pbqp,llvm,heuristic,r2,10080.0
204-instcombine-binaryop-match-match-n45-d16.pbqp,llvm,heuristic,lower_bound,14786.0
204-instcombine-binaryop-match-match-n45-d16.pbqp,llvm,heuristic,incumbent,85.0
204-instcombine-binaryop-match-match-n45-d16.pbqp,llvm,heuristic,seed,12758.0
205-instcombine-binaryop-match-match-n17-d16.pbqp,llvm,heuristic,other,548.0
205-instcombine-binaryop-match-match-n17-d16.pbqp,llvm,heuristic,topology,7687.0
205-instcombine-binaryop-match-match-n17-d16.pbqp,llvm,heuristic,selection,7359.0
205-instcombine-binaryop-match-match-n17-d16.pbqp,llvm,heuristic,reduction,2514.0
205-instcombine-binaryop-match-match-n17-d16.pbqp,llvm,heuristic,reconstruction,86.0
205-instcombine-binaryop-match-match-n17-d16.pbqp,llvm,heuristic,kernel,12140.0
205-instcombine-binaryop-match-match-n17-d16.pbqp,llvm,heuristic,metadata,529.0
205-instcombine-binaryop-match-match-n17-d16.pbqp,llvm,heuristic,search,118.0
205-instcombine-binaryop-match-match-n17-d16.pbqp,llvm,heuristic,clone,0.0
205-instcombine-binaryop-match-match-n17-d16.pbqp,llvm,heuristic,allocation,2164.0
205-instcombine-binaryop-match-match-n17-d16.pbqp,llvm,heuristic,conditioning,1871.0
205-instcombine-binaryop-match-match-n17-d16.pbqp,llvm,heuristic,r0,104.0
205-instcombine-binaryop-match-match-n17-d16.pbqp,llvm,heuristic,r1,925.0
205-instcombine-binaryop-match-match-n17-d16.pbqp,llvm,heuristic,r2,2949.0
205-instcombine-binaryop-match-match-n17-d16.pbqp,llvm,heuristic,lower_bound,2125.0
205-instcombine-binaryop-match-match-n17-d16.pbqp,llvm,heuristic,incumbent,68.0
205-instcombine-binaryop-match-match-n17-d16.pbqp,llvm,heuristic,seed,3221.0
206-instcombine-binaryop-match-match-n21-d16.pbqp,llvm,heuristic,other,595.0
206-instcombine-binaryop-match-match-n21-d16.pbqp,llvm,heuristic,topology,11537.0
206-instcombine-binaryop-match-match-n21-d16.pbqp,llvm,heuristic,selection,11428.0
206-instcombine-binaryop-match-match-n21-d16.pbqp,llvm,heuristic,reduction,4448.0
206-instcombine-binaryop-match-match-n21-d16.pbqp,llvm,heuristic,reconstruction,92.0
206-instcombine-binaryop-match-match-n21-d16.pbqp,llvm,heuristic,kernel,15979.0
206-instcombine-binaryop-match-match-n21-d16.pbqp,llvm,heuristic,metadata,538.0
206-instcombine-binaryop-match-match-n21-d16.pbqp,llvm,heuristic,search,152.0
206-instcombine-binaryop-match-match-n21-d16.pbqp,llvm,heuristic,clone,0.0
206-instcombine-binaryop-match-match-n21-d16.pbqp,llvm,heuristic,allocation,3028.0
206-instcombine-binaryop-match-match-n21-d16.pbqp,llvm,heuristic,conditioning,3324.0
206-instcombine-binaryop-match-match-n21-d16.pbqp,llvm,heuristic,r0,79.0
206-instcombine-binaryop-match-match-n21-d16.pbqp,llvm,heuristic,r1,916.0
206-instcombine-binaryop-match-match-n21-d16.pbqp,llvm,heuristic,r2,3319.0
206-instcombine-binaryop-match-match-n21-d16.pbqp,llvm,heuristic,lower_bound,3290.0
206-instcombine-binaryop-match-match-n21-d16.pbqp,llvm,heuristic,incumbent,75.0
206-instcombine-binaryop-match-match-n21-d16.pbqp,llvm,heuristic,seed,4452.0
207-instcombine-binaryop-match-match-n18-d16.pbqp,llvm,heuristic,other,599.0
207-instcombine-binaryop-match-match-n18-d16.pbqp,llvm,heuristic,topology,8462.0
207-instcombine-binaryop-match-match-n18-d16.pbqp,llvm,heuristic,selection,8330.0
207-instcombine-binaryop-match-match-n18-d16.pbqp,llvm,heuristic,reduction,3720.0
207-instcombine-binaryop-match-match-n18-d16.pbqp,llvm,heuristic,reconstruction,57.0
207-instcombine-binaryop-match-match-n18-d16.pbqp,llvm,heuristic,kernel,16369.0
207-instcombine-binaryop-match-match-n18-d16.pbqp,llvm,heuristic,metadata,498.0
207-instcombine-binaryop-match-match-n18-d16.pbqp,llvm,heuristic,search,122.0
207-instcombine-binaryop-match-match-n18-d16.pbqp,llvm,heuristic,clone,0.0
207-instcombine-binaryop-match-match-n18-d16.pbqp,llvm,heuristic,allocation,2823.0
207-instcombine-binaryop-match-match-n18-d16.pbqp,llvm,heuristic,conditioning,3715.0
207-instcombine-binaryop-match-match-n18-d16.pbqp,llvm,heuristic,r0,89.0
207-instcombine-binaryop-match-match-n18-d16.pbqp,llvm,heuristic,r1,705.0
207-instcombine-binaryop-match-match-n18-d16.pbqp,llvm,heuristic,r2,3066.0
207-instcombine-binaryop-match-match-n18-d16.pbqp,llvm,heuristic,lower_bound,3251.0
207-instcombine-binaryop-match-match-n18-d16.pbqp,llvm,heuristic,incumbent,79.0
207-instcombine-binaryop-match-match-n18-d16.pbqp,llvm,heuristic,seed,3994.0
208-instcombine-binaryop-match-match-n28-d16.pbqp,llvm,heuristic,other,521.0
208-instcombine-binaryop-match-match-n28-d16.pbqp,llvm,heuristic,topology,17230.0
208-instcombine-binaryop-match-match-n28-d16.pbqp,llvm,heuristic,selection,17462.0
208-instcombine-binaryop-match-match-n28-d16.pbqp,llvm,heuristic,reduction,6605.0
208-instcombine-binaryop-match-match-n28-d16.pbqp,llvm,heuristic,reconstruction,96.0
208-instcombine-binaryop-match-match-n28-d16.pbqp,llvm,heuristic,kernel,27715.0
208-instcombine-binaryop-match-match-n28-d16.pbqp,llvm,heuristic,metadata,413.0
208-instcombine-binaryop-match-match-n28-d16.pbqp,llvm,heuristic,search,120.0
208-instcombine-binaryop-match-match-n28-d16.pbqp,llvm,heuristic,clone,0.0
208-instcombine-binaryop-match-match-n28-d16.pbqp,llvm,heuristic,allocation,4510.0
208-instcombine-binaryop-match-match-n28-d16.pbqp,llvm,heuristic,conditioning,5593.0
208-instcombine-binaryop-match-match-n28-d16.pbqp,llvm,heuristic,r0,25.0
208-instcombine-binaryop-match-match-n28-d16.pbqp,llvm,heuristic,r1,1253.0
208-instcombine-binaryop-match-match-n28-d16.pbqp,llvm,heuristic,r2,4962.0
208-instcombine-binaryop-match-match-n28-d16.pbqp,llvm,heuristic,lower_bound,5308.0
208-instcombine-binaryop-match-match-n28-d16.pbqp,llvm,heuristic,incumbent,72.0
208-instcombine-binaryop-match-match-n28-d16.pbqp,llvm,heuristic,seed,6558.0
209-instcombine-binaryop-match-match-n15-d16.pbqp,llvm,none,other,664.0
209-instcombine-binaryop-match-match-n15-d16.pbqp,llvm,none,topology,114570.0
209-instcombine-binaryop-match-match-n15-d16.pbqp,llvm,none,selection,76530.0
209-instcombine-binaryop-match-match-n15-d16.pbqp,llvm,none,reduction,0.0
209-instcombine-binaryop-match-match-n15-d16.pbqp,llvm,none,reconstruction,516.0
209-instcombine-binaryop-match-match-n15-d16.pbqp,llvm,none,kernel,208190.0
209-instcombine-binaryop-match-match-n15-d16.pbqp,llvm,none,metadata,47576.0
209-instcombine-binaryop-match-match-n15-d16.pbqp,llvm,none,search,135366.0
209-instcombine-binaryop-match-match-n15-d16.pbqp,llvm,none,clone,191946.0
209-instcombine-binaryop-match-match-n15-d16.pbqp,llvm,none,allocation,75275.0
209-instcombine-binaryop-match-match-n15-d16.pbqp,llvm,none,conditioning,49158.0
209-instcombine-binaryop-match-match-n15-d16.pbqp,llvm,none,r0,1323.0
209-instcombine-binaryop-match-match-n15-d16.pbqp,llvm,none,r1,14614.0
209-instcombine-binaryop-match-match-n15-d16.pbqp,llvm,none,r2,157370.0
209-instcombine-binaryop-match-match-n15-d16.pbqp,llvm,none,lower_bound,134053.0
209-instcombine-binaryop-match-match-n15-d16.pbqp,llvm,none,incumbent,16096.0
209-instcombine-binaryop-match-match-n15-d16.pbqp,llvm,none,seed,0.0
209-instcombine-binaryop-match-match-n15-d16.pbqp,llvm,heuristic,other,434.0
209-instcombine-binaryop-match-match-n15-d16.pbqp,llvm,heuristic,topology,5353.0
209-instcombine-binaryop-match-match-n15-d16.pbqp,llvm,heuristic,selection,4981.0
209-instcombine-binaryop-match-match-n15-d16.pbqp,llvm,heuristic,reduction,1648.0
209-instcombine-binaryop-match-match-n15-d16.pbqp,llvm,heuristic,reconstruction,105.0
209-instcombine-binaryop-match-match-n15-d16.pbqp,llvm,heuristic,kernel,13512.0
209-instcombine-binaryop-match-match-n15-d16.pbqp,llvm,heuristic,metadata,594.0
209-instcombine-binaryop-match-match-n15-d16.pbqp,llvm,heuristic,search,118.0
209-instcombine-binaryop-match-match-n15-d16.pbqp,llvm,heuristic,clone,0.0
209-instcombine-binaryop-match-match-n15-d16.pbqp,llvm,heuristic,allocation,2075.0
209-instcombine-binaryop-match-match-n15-d16.pbqp,llvm,heuristic,conditioning,1139.0
209-instcombine-binaryop-match-match-n15-d16.pbqp,llvm,heuristic,r0,37.0
209-instcombine-binaryop-match-match-n15-d16.pbqp,llvm,heuristic,r1,1010.0
209-instcombine-binaryop-match-match-n15-d16.pbqp,llvm,heuristic,r2,3771.0
209-instcombine-binaryop-match-match-n15-d16.pbqp,llvm,heuristic,lower_bound,1849.0
209-instcombine-binaryop-match-match-n15-d16.pbqp,llvm,heuristic,incumbent,71.0
209-instcombine-binaryop-match-match-n15-d16.pbqp,llvm,heuristic,seed,2818.0
210-instcombine-binaryop-match-match-n19-d16.pbqp,llvm,heuristic,other,665.0
210-instcombine-binaryop-match-match-n19-d16.pbqp,llvm,heuristic,topology,9248.0
210-instcombine-binaryop-match-match-n19-d16.pbqp,llvm,heuristic,selection,9410.0
210-instcombine-binaryop-match-match-n19-d16.pbqp,llvm,heuristic,reduction,3296.0
210-instcombine-binaryop-match-match-n19-d16.pbqp,llvm,heuristic,reconstruction,56.0
210-instcombine-binaryop-match-match-n19-d16.pbqp,llvm,heuristic,kernel,15902.0
210-instcombine-binaryop-match-match-n19-d16.pbqp,llvm,heuristic,metadata,852.0
210-instcombine-binaryop-match-match-n19-d16.pbqp,llvm,heuristic,search,131.0
210-instcombine-binaryop-match-match-n19-d16.pbqp,llvm,heuristic,clone,0.0
210-instcombine-binaryop-match-match-n19-d16.pbqp,llvm,heuristic,allocation,2589.0
210-instcombine-binaryop-match-match-n19-d16.pbqp,llvm,heuristic,conditioning,2496.0
210-instcombine-binaryop-match-match-n19-d16.pbqp,llvm,heuristic,r0,92.0
210-instcombine-binaryop-match-match-n19-d16.pbqp,llvm,heuristic,r1,876.0
210-instcombine-binaryop-match-match-n19-d16.pbqp,llvm,heuristic,r2,4157.0
210-instcombine-binaryop-match-match-n19-d16.pbqp,llvm,heuristic,lower_bound,2819.0
210-instcombine-binaryop-match-match-n19-d16.pbqp,llvm,heuristic,incumbent,78.0
210-instcombine-binaryop-match-match-n19-d16.pbqp,llvm,heuristic,seed,3666.0
211-instcombine-binaryop-match-match-n19-d16.pbqp,llvm,heuristic,other,712.0
211-instcombine-binaryop-match-match-n19-d16.pbqp,llvm,heuristic,topology,9231.0
211-instcombine-binaryop-match-match-n19-d16.pbqp,llvm,heuristic,selection,9652.0
211-instcombine-binaryop-match-match-n19-d16.pbqp,llvm,heuristic,reduction,3389.0
211-instcombine-binaryop-match-match-n19-d16.pbqp,llvm,heuristic,reconstruction,61.0
211-instcombine-binaryop-match-match-n19-d16.pbqp,llvm,heuristic,kernel,17725.0
211-instcombine-binaryop-match-match-n19-d16.pbqp,llvm,heuristic,metadata,960.0
211-instcombine-binaryop-match-match-n19-d16.pbqp,llvm,heuristic,search,144.0
211-instcombine-binaryop-match-match-n19-d16.pbqp,llvm,heuristic,clone,0.0
211-instcombine-binaryop-match-match-n19-d16.pbqp,llvm,heuristic,allocation,2779.0
211-instcombine-binaryop-match-match-n19-d16.pbqp,llvm,heuristic,conditioning,2777.0
211-instcombine-binaryop-match-match-n19-d16.pbqp,llvm,heuristic,r0,101.0
211-instcombine-binaryop-match-match-n19-d16.pbqp,llvm,heuristic,r1,932.0
211-instcombine-binaryop-match-match-n19-d16.pbqp,llvm,heuristic,r2,4275.0
211-instcombine-binaryop-match-match-n19-d16.pbqp,llvm,heuristic,lower_bound,2788.0
211-instcombine-binaryop-match-match-n19-d16.pbqp,llvm,heuristic,incumbent,73.0
211-instcombine-binaryop-match-match-n19-d16.pbqp,llvm,heuristic,seed,3862.0
212-instcombine-binaryop-match-match-n29-d16.pbqp,llvm,heuristic,other,914.0
212-instcombine-binaryop-match-match-n29-d16.pbqp,llvm,heuristic,topology,18222.0
212-instcombine-binaryop-match-match-n29-d16.pbqp,llvm,heuristic,selection,16565.0
212-instcombine-binaryop-match-match-n29-d16.pbqp,llvm,heuristic,reduction,4768.0
212-instcombine-binaryop-match-match-n29-d16.pbqp,llvm,heuristic,reconstruction,144.0
212-instcombine-binaryop-match-match-n29-d16.pbqp,llvm,heuristic,kernel,36876.0
212-instcombine-binaryop-match-match-n29-d16.pbqp,llvm,heuristic,metadata,1178.0
212-instcombine-binaryop-match-match-n29-d16.pbqp,llvm,heuristic,search,143.0
212-instcombine-binaryop-match-match-n29-d16.pbqp,llvm,heuristic,clone,0.0
212-instcombine-binaryop-match-match-n29-d16.pbqp,llvm,heuristic,allocation,4234.0
212-instcombine-binaryop-match-match-n29-d16.pbqp,llvm,heuristic,conditioning,3619.0
212-instcombine-binaryop-match-match-n29-d16.pbqp,llvm,heuristic,r0,121.0
212-instcombine-binaryop-match-match-n29-d16.pbqp,llvm,heuristic,r1,1053.0
212-instcombine-binaryop-match-match-n29-d16.pbqp,llvm,heuristic,r2,9157.0
212-instcombine-binaryop-match-match-n29-d16.pbqp,llvm,heuristic,lower_bound,4621.0
212-instcombine-binaryop-match-match-n29-d16.pbqp,llvm,heuristic,incumbent,87.0
212-instcombine-binaryop-match-match-n29-d16.pbqp,llvm,heuristic,seed,5752.0
213-instcombine-binaryop-match-match-n16-d16.pbqp,llvm,heuristic,other,450.0
213-instcombine-binaryop-match-match-n16-d16.pbqp,llvm,heuristic,topology,6079.0
213-instcombine-binaryop-match-match-n16-d16.pbqp,llvm,heuristic,selection,5502.0
213-instcombine-binaryop-match-match-n16-d16.pbqp,llvm,heuristic,reduction,1958.0
213-instcombine-binaryop-match-match-n16-d16.pbqp,llvm,heuristic,reconstruction,73.0
213-instcombine-binaryop-match-match-n16-d16.pbqp,llvm,heuristic,kernel,14337.0
213-instcombine-binaryop-match-match-n16-d16.pbqp,llvm,heuristic,metadata,466.0
213-instcombine-binaryop-match-match-n16-d16.pbqp,llvm,heuristic,search,118.0
213-instcombine-binaryop-match-match-n16-d16.pbqp,llvm,heuristic,clone,0.0
213-instcombine-binaryop-match-match-n16-d16.pbqp,llvm,heuristic,allocation,2429.0
213-instcombine-binaryop-match-match-n16-d16.pbqp,llvm,heuristic,conditioning,1444.0
213-instcombine-binaryop-match-match-n16-d16.pbqp,llvm,heuristic,r0,25.0
213-instcombine-binaryop-match-match-n16-d16.pbqp,llvm,heuristic,r1,1104.0
213-instcombine-binaryop-match-match-n16-d16.pbqp,llvm,heuristic,r2,3754.0
213-instcombine-binaryop-match-match-n16-d16.pbqp,llvm,heuristic,lower_bound,2121.0
213-instcombine-binaryop-match-match-n16-d16.pbqp,llvm,heuristic,incumbent,67.0
213-instcombine-binaryop-match-match-n16-d16.pbqp,llvm,heuristic,seed,3287.0
214-instcombine-binaryop-match-match-n17-d16.pbqp,llvm,heuristic,other,603.0
214-instcombine-binaryop-match-match-n17-d16.pbqp,llvm,heuristic,topology,7892.0
214-instcombine-binaryop-match-match-n17-d16.pbqp,llvm,heuristic,selection,7905.0
214-instcombine-binaryop-match-match-n17-d16.pbqp,llvm,heuristic,reduction,3015.0
214-instcombine-binaryop-match-match-n17-d16.pbqp,llvm,heuristic,reconstruction,99.0
214-instcombine-binaryop-match-match-n17-d16.pbqp,llvm,heuristic,kernel,22235.0
214-instcombine-binaryop-match-match-n17-d16.pbqp,llvm,heuristic,metadata,827.0
214-instcombine-binaryop-match-match-n17-d16.pbqp,llvm,heuristic,search,122.0
214-instcombine-binaryop-match-match-n17-d16.pbqp,llvm,heuristic,clone,0.0
214-instcombine-binaryop-match-match-n17-d16.pbqp,llvm,heuristic,allocation,2840.0
214-instcombine-binaryop-match-match-n17-d16.pbqp,llvm,heuristic,conditioning,2473.0
214-instcombine-binaryop-match-match-n17-d16.pbqp,llvm,heuristic,r0,44.0
214-instcombine-binaryop-match-match-n17-d16.pbqp,llvm,heuristic,r1,1127.0
214-instcombine-binaryop-match-match-n17-d16.pbqp,llvm,heuristic,r2,4346.0
214-instcombine-binaryop-match-match-n17-d16.pbqp,llvm,heuristic,lower_bound,2730.0
214-instcombine-binaryop-match-match-n17-d16.pbqp,llvm,heuristic,incumbent,78.0
214-instcombine-binaryop-match-match-n17-d16.pbqp,llvm,heuristic,seed,3454.0
215-instcombine-binaryop-match-match-n41-d16.pbqp,llvm,heuristic,other,616.0
215-instcombine-binaryop-match-match-n41-d16.pbqp,llvm,heuristic,topology,31201.0
215-instcombine-binaryop-match-match-n41-d16.pbqp,llvm,heuristic,selection,32585.0
215-instcombine-binaryop-match-match-n41-d16.pbqp,llvm,heuristic,reduction,9240.0
215-instcombine-binaryop-match-match-n41-d16.pbqp,llvm,heuristic,reconstruction,114.0
215-instcombine-binaryop-match-match-n41-d16.pbqp,llvm,heuristic,kernel,38774.0
215-instcombine-binaryop-match-match-n41-d16.pbqp,llvm,heuristic,metadata,202.0
215-instcombine-binaryop-match-match-n41-d16.pbqp,llvm,heuristic,search,119.0
215-instcombine-binaryop-match-match-n41-d16.pbqp,llvm,heuristic,clone,0.0
215-instcombine-binaryop-match-match-n41-d16.pbqp,llvm,heuristic,allocation,4810.0
215-instcombine-binaryop-match-match-n41-d16.pbqp,llvm,heuristic,conditioning,7041.0
215-instcombine-binaryop-match-match-n41-d16.pbqp,llvm,heuristic,r0,44.0
215-instcombine-binaryop-match-match-n41-d16.pbqp,llvm,heuristic,r1,306.0
215-instcombine-binaryop-match-match-n41-d16.pbqp,llvm,heuristic,r2,8263.0
215-instcombine-binaryop-match-match-n41-d16.pbqp,llvm,heuristic,lower_bound,7666.0
215-instcombine-binaryop-match-match-n41-d16.pbqp,llvm,heuristic,incumbent,79.0
215-instcombine-binaryop-match-match-n41-d16.pbqp,llvm,heuristic,seed,9394.0
216-instcombine-binaryop-match-match-n15-d16.pbqp,llvm,none,other,799.0
216-instcombine-binaryop-match-match-n15-d16.pbqp,llvm,none,topology,130656.0
216-instcombine-binaryop-match-match-n15-d16.pbqp,llvm,none,selection,78320.0
216-instcombine-binaryop-match-match-n15-d16.pbqp,llvm,none,reduction,0.0
216-instcombine-binaryop-match-match-n15-d16.pbqp,llvm,none,reconstruction,424.0
216-instcombine-binaryop-match-match-n15-d16.pbqp,llvm,none,kernel,152103.0
216-instcombine-binaryop-match-match-n15-d16.pbqp,llvm,none,metadata,50677.0
216-instcombine-binaryop-match-match-n15-d16.pbqp,llvm,none,search,224070.0
216-instcombine-binaryop-match-match-n15-d16.pbqp,llvm,none,clone,343466.0
216-instcombine-binaryop-match-match-n15-d16.pbqp,llvm,none,allocation,105830.0
216-instcombine-binaryop-match-match-n15-d16.pbqp,llvm,none,conditioning,81377.0
216-instcombine-binaryop-match-match-n15-d16.pbqp,llvm,none,r0,3779.0
216-instcombine-binaryop-match-match-n15-d16.pbqp,llvm,none,r1,37666.0
216-instcombine-binaryop-match-match-n15-d16.pbqp,llvm,none,r2,133305.0
216-instcombine-binaryop-match-match-n15-d16.pbqp,llvm,none,lower_bound,223605.0
216-instcombine-binaryop-match-match-n15-d16.pbqp,llvm,none,incumbent,27677.0
216-instcombine-binaryop-match-match-n15-d16.pbqp,llvm,none,seed,0.0
216-instcombine-binaryop-match-match-n15-d16.pbqp,llvm,heuristic,other,651.0
216-instcombine-binaryop-match-match-n15-d16.pbqp,llvm,heuristic,topology,6525.0
216-instcombine-binaryop-match-match-n15-d16.pbqp,llvm,heuristic,selection,5959.0
216-instcombine-binaryop-match-match-n15-d16.pbqp,llvm,heuristic,reduction,1817.0
216-instcombine-binaryop-match-match-n15-d16.pbqp,llvm,heuristic,reconstruction,51.0
216-instcombine-binaryop-match-match-n15-d16.pbqp,llvm,heuristic,kernel,12353.0
216-instcombine-binaryop-match-match-n15-d16.pbqp,llvm,heuristic,metadata,807.0
216-instcombine-binaryop-match-match-n15-d16.pbqp,llvm,heuristic,search,122.0
216-instcombine-binaryop-match-match-n15-d16.pbqp,llvm,heuristic,clone,0.0
216-instcombine-binaryop-match-match-n15-d16.pbqp,llvm,heuristic,allocation,1975.0
216-instcombine-binaryop-match-match-n15-d16.pbqp,llvm,heuristic,conditioning,1460.0
216-instcombine-binaryop-match-match-n15-d16.pbqp,llvm,heuristic,r0,76.0
216-instcombine-binaryop-match-match-n15-d16.pbqp,llvm,heuristic,r1,846.0
216-instcombine-binaryop-match-match-n15-d16.pbqp,llvm,heuristic,r2,3926.0
216-instcombine-binaryop-match-match-n15-d16.pbqp,llvm,heuristic,lower_bound,1796.0
216-instcombine-binaryop-match-match-n15-d16.pbqp,llvm,heuristic,incumbent,70.0
216-instcombine-binaryop-match-match-n15-d16.pbqp,llvm,heuristic,seed,2914.0
217-instcombine-binaryop-match-match-n51-d16.pbqp,llvm,heuristic,other,1279.0
217-instcombine-binaryop-match-match-n51-d16.pbqp,llvm,heuristic,topology,51184.0
217-instcombine-binaryop-match-match-n51-d16.pbqp,llvm,heuristic,selection,53630.0
217-instcombine-binaryop-match-match-n51-d16.pbqp,llvm,heuristic,reduction,15650.0
217-instcombine-binaryop-match-match-n51-d16.pbqp,llvm,heuristic,reconstruction,211.0
217-instcombine-binaryop-match-match-n51-d16.pbqp,llvm,heuristic,kernel,61998.0
217-instcombine-binaryop-match-match-n51-d16.pbqp,llvm,heuristic,metadata,1591.0
217-instcombine-binaryop-match-match-n51-d16.pbqp,llvm,heuristic,search,147.0
217-instcombine-binaryop-match-match-n51-d16.pbqp,llvm,heuristic,clone,0.0
217-instcombine-binaryop-match-match-n51-d16.pbqp,llvm,heuristic,allocation,8227.0
217-instcombine-binaryop-match-match-n51-d16.pbqp,llvm,heuristic,conditioning,11695.0
217-instcombine-binaryop-match-match-n51-d16.pbqp,llvm,heuristic,r0,53.0
217-instcombine-binaryop-match-match-n51-d16.pbqp,llvm,heuristic,r1,2301.0
217-instcombine-binaryop-match-match-n51-d16.pbqp,llvm,heuristic,r2,10671.0
217-instcombine-binaryop-match-match-n51-d16.pbqp,llvm,heuristic,lower_bound,10835.0
217-instcombine-binaryop-match-match-n51-d16.pbqp,llvm,heuristic,incumbent,94.0
217-instcombine-binaryop-match-match-n51-d16.pbqp,llvm,heuristic,seed,13000.0
218-instcombine-binaryop-match-match-n28-d16.pbqp,llvm,heuristic,other,1041.0
218-instcombine-binaryop-match-match-n28-d16.pbqp,llvm,heuristic,topology,16682.0
218-instcombine-binaryop-match-match-n28-d16.pbqp,llvm,heuristic,selection,15255.0
218-instcombine-binaryop-match-match-n28-d16.pbqp,llvm,heuristic,reduction,4561.0
218-instcombine-binaryop-match-match-n28-d16.pbqp,llvm,heuristic,reconstruction,107.0
218-instcombine-binaryop-match-match-n28-d16.pbqp,llvm,heuristic,kernel,29099.0
218-instcombine-binaryop-match-match-n28-d16.pbqp,llvm,heuristic,metadata,1655.0
218-instcombine-binaryop-match-match-n28-d16.pbqp,llvm,heuristic,search,121.0
218-instcombine-binaryop-match-match-n28-d16.pbqp,llvm,heuristic,clone,0.0
218-instcombine-binaryop-match-match-n28-d16.pbqp,llvm,heuristic,allocation,4514.0
218-instcombine-binaryop-match-match-n28-d16.pbqp,llvm,heuristic,conditioning,3580.0
218-instcombine-binaryop-match-match-n28-d16.pbqp,llvm,heuristic,r0,25.0
218-instcombine-binaryop-match-match-n28-d16.pbqp,llvm,heuristic,r1,931.0
218-instcombine-binaryop-match-match-n28-d16.pbqp,llvm,heuristic,r2,10170.0
218-instcombine-binaryop-match-match-n28-d16.pbqp,llvm,heuristic,lower_bound,3546.0
218-instcombine-binaryop-match-match-n28-d16.pbqp,llvm,heuristic,incumbent,71.0
218-instcombine-binaryop-match-match-n28-d16.pbqp,llvm,heuristic,seed,6222.0
219-instcombine-binaryop-match-match-n15-d16.pbqp,llvm,none,other,807.0
219-instcombine-binaryop-match-match-n15-d16.pbqp,llvm,none,topology,23220.0
219-instcombine-binaryop-match-match-n15-d16.pbqp,llvm,none,selection,12805.0
219-instcombine-binaryop-match-match-n15-d16.pbqp,llvm,none,reduction,0.0
219-instcombine-binaryop-match-match-n15-d16.pbqp,llvm,none,reconstruction,265.0
219-instcombine-binaryop-match-match-n15-d16.pbqp,llvm,none,kernel,47612.0
219-instcombine-binaryop-match-match-n15-d16.pbqp,llvm,none,metadata,14896.0
219-instcombine-binaryop-match-match-n15-d16.pbqp,llvm,none,search,36572.0
219-instcombine-binaryop-match-match-n15-d16.pbqp,llvm,none,clone,57192.0
219-instcombine-binaryop-match-match-n15-d16.pbqp,llvm,none,allocation,19419.0
219-instcombine-binaryop-match-match-n15-d16.pbqp,llvm,none,conditioning,13240.0
219-instcombine-binaryop-match-match-n15-d16.pbqp,llvm,none,r0,539.0
219-instcombine-binaryop-match-match-n15-d16.pbqp,llvm,none,r1,6011.0
219-instcombine-binaryop-match-match-n15-d16.pbqp,llvm,none,r2,41499.0
219-instcombine-binaryop-match-match-n15-d16.pbqp,llvm,none,lower_bound,25988.0
219-instcombine-binaryop-match-match-n15-d16.pbqp,llvm,none,incumbent,4563.0
219-instcombine-binaryop-match-match-n15-d16.pbqp,llvm,none,seed,0.0
219-instcombine-binaryop-match-match-n15-d16.pbqp,llvm,heuristic,other,960.0
219-instcombine-binaryop-match-match-n15-d16.pbqp,llvm,heuristic,topology,5824.0
219-instcombine-binaryop-match-match-n15-d16.pbqp,llvm,heuristic,selection,4128.0
219-instcombine-binaryop-match-match-n15-d16.pbqp,llvm,heuristic,reduction,1148.0
219-instcombine-binaryop-match-match-n15-d16.pbqp,llvm,heuristic,reconstruction,99.0
219-instcombine-binaryop-match-match-n15-d16.pbqp,llvm,heuristic,kernel,19144.0
219-instcombine-binaryop-match-match-n15-d16.pbqp,llvm,heuristic,metadata,1571.0
219-instcombine-binaryop-match-match-n15-d16.pbqp,llvm,heuristic,search,193.0
219-instcombine-binaryop-match-match-n15-d16.pbqp,llvm,heuristic,clone,0.0
219-instcombine-binaryop-match-match-n15-d16.pbqp,llvm,heuristic,allocation,2630.0
219-instcombine-binaryop-match-match-n15-d16.pbqp,llvm,heuristic,conditioning,894.0
219-instcombine-binaryop-match-match-n15-d16.pbqp,llvm,heuristic,r0,56.0
219-instcombine-binaryop-match-match-n15-d16.pbqp,llvm,heuristic,r1,946.0
219-instcombine-binaryop-match-match-n15-d16.pbqp,llvm,heuristic,r2,8322.0
219-instcombine-binaryop-match-match-n15-d16.pbqp,llvm,heuristic,lower_bound,1125.0
219-instcombine-binaryop-match-match-n15-d16.pbqp,llvm,heuristic,incumbent,93.0
219-instcombine-binaryop-match-match-n15-d16.pbqp,llvm,heuristic,seed,3099.0
220-instcombine-binaryop-match-match-n45-d16.pbqp,llvm,heuristic,other,923.0
220-instcombine-binaryop-match-match-n45-d16.pbqp,llvm,heuristic,topology,38747.0
220-instcombine-binaryop-match-match-n45-d16.pbqp,llvm,heuristic,selection,41626.0
220-instcombine-binaryop-match-match-n45-d16.pbqp,llvm,heuristic,reduction,12284.0
220-instcombine-binaryop-match-match-n45-d16.pbqp,llvm,heuristic,reconstruction,190.0
220-instcombine-binaryop-match-match-n45-d16.pbqp,llvm,heuristic,kernel,55687.0
220-instcombine-binaryop-match-match-n45-d16.pbqp,llvm,heuristic,metadata,995.0
220-instcombine-binaryop-match-match-n45-d16.pbqp,llvm,heuristic,search,160.0
220-instcombine-binaryop-match-match-n45-d16.pbqp,llvm,heuristic,clone,0.0
220-instcombine-binaryop-match-match-n45-d16.pbqp,llvm,heuristic,allocation,7032.0
220-instcombine-binaryop-match-match-n45-d16.pbqp,llvm,heuristic,conditioning,9772.0
220-instcombine-binaryop-match-match-n45-d16.pbqp,llvm,heuristic,r0,44.0
220-instcombine-binaryop-match-match-n45-d16.pbqp,llvm,heuristic,r1,1785.0
220-instcombine-binaryop-match-match-n45-d16.pbqp,llvm,heuristic,r2,7918.0
220-instcombine-binaryop-match-match-n45-d16.pbqp,llvm,heuristic,lower_bound,8571.0
220-instcombine-binaryop-match-match-n45-d16.pbqp,llvm,heuristic,incumbent,98.0
220-instcombine-binaryop-match-match-n45-d16.pbqp,llvm,heuristic,seed,10905.0
221-instcombine-binaryop-match-match-n27-d16.pbqp,llvm,heuristic,other,749.0
221-instcombine-binaryop-match-match-n27-d16.pbqp,llvm,heuristic,topology,17158.0
221-instcombine-binaryop-match-match-n27-d16.pbqp,llvm,heuristic,selection,18067.0
221-instcombine-binaryop-match-match-n27-d16.pbqp,llvm,heuristic,reduction,7372.0
221-instcombine-binaryop-match-match-n27-d16.pbqp,llvm,heuristic,reconstruction,148.0
221-instcombine-binaryop-match-match-n27-d16.pbqp,llvm,heuristic,kernel,27131.0
221-instcombine-binaryop-match-match-n27-d16.pbqp,llvm,heuristic,metadata,613.0
221-instcombine-binaryop-match-match-n27-d16.pbqp,llvm,heuristic,search,193.0
221-instcombine-binaryop-match-match-n27-d16.pbqp,llvm,heuristic,clone,0.0
221-instcombine-binaryop-match-match-n27-d16.pbqp,llvm,heuristic,allocation,4597.0
221-instcombine-binaryop-match-match-n27-d16.pbqp,llvm,heuristic,conditioning,6375.0
221-instcombine-binaryop-match-match-n27-d16.pbqp,llvm,heuristic,r0,114.0
221-instcombine-binaryop-match-match-n27-d16.pbqp,llvm,heuristic,r1,1107.0
221-instcombine-binaryop-match-match-n27-d16.pbqp,llvm,heuristic,r2,3446.0
221-instcombine-binaryop-match-match-n27-d16.pbqp,llvm,heuristic,lower_bound,5163.0
221-instcombine-binaryop-match-match-n27-d16.pbqp,llvm,heuristic,incumbent,97.0
221-instcombine-binaryop-match-match-n27-d16.pbqp,llvm,heuristic,seed,6598.0
222-instcombine-binaryop-match-match-n33-d16.pbqp,llvm,heuristic,other,1109.0
222-instcombine-binaryop-match-match-n33-d16.pbqp,llvm,heuristic,topology,25480.0
222-instcombine-binaryop-match-match-n33-d16.pbqp,llvm,heuristic,selection,25626.0
222-instcombine-binaryop-match-match-n33-d16.pbqp,llvm,heuristic,reduction,9596.0
222-instcombine-binaryop-match-match-n33-d16.pbqp,llvm,heuristic,reconstruction,161.0
222-instcombine-binaryop-match-match-n33-d16.pbqp,llvm,heuristic,kernel,32311.0
222-instcombine-binaryop-match-match-n33-d16.pbqp,llvm,heuristic,metadata,1238.0
222-instcombine-binaryop-match-match-n33-d16.pbqp,llvm,heuristic,search,261.0
222-instcombine-binaryop-match-match-n33-d16.pbqp,llvm,heuristic,clone,0.0
222-instcombine-binaryop-match-match-n33-d16.pbqp,llvm,heuristic,allocation,5829.0
222-instcombine-binaryop-match-match-n33-d16.pbqp,llvm,heuristic,conditioning,8070.0
222-instcombine-binaryop-match-match-n33-d16.pbqp,llvm,heuristic,r0,163.0
222-instcombine-binaryop-match-match-n33-d16.pbqp,llvm,heuristic,r1,1452.0
222-instcombine-binaryop-match-match-n33-d16.pbqp,llvm,heuristic,r2,6707.0
222-instcombine-binaryop-match-match-n33-d16.pbqp,llvm,heuristic,lower_bound,6469.0
222-instcombine-binaryop-match-match-n33-d16.pbqp,llvm,heuristic,incumbent,109.0
222-instcombine-binaryop-match-match-n33-d16.pbqp,llvm,heuristic,seed,8576.0
223-instcombine-binaryop-match-match-n16-d16.pbqp,llvm,none,other,846.0
223-instcombine-binaryop-match-match-n16-d16.pbqp,llvm,none,topology,22168.0
223-instcombine-binaryop-match-match-n16-d16.pbqp,llvm,none,selection,13218.0
223-instcombine-binaryop-match-match-n16-d16.pbqp,llvm,none,reduction,0.0
223-instcombine-binaryop-match-match-n16-d16.pbqp,llvm,none,reconstruction,502.0
223-instcombine-binaryop-match-match-n16-d16.pbqp,llvm,none,kernel,34442.0
223-instcombine-binaryop-match-match-n16-d16.pbqp,llvm,none,metadata,11157.0
223-instcombine-binaryop-match-match-n16-d16.pbqp,llvm,none,search,37288.0
223-instcombine-binaryop-match-match-n16-d16.pbqp,llvm,none,clone,56879.0
223-instcombine-binaryop-match-match-n16-d16.pbqp,llvm,none,allocation,17789.0
223-instcombine-binaryop-match-match-n16-d16.pbqp,llvm,none,conditioning,13644.0
223-instcombine-binaryop-match-match-n16-d16.pbqp,llvm,none,r0,624.0
223-instcombine-binaryop-match-match-n16-d16.pbqp,llvm,none,r1,5937.0
223-instcombine-binaryop-match-match-n16-d16.pbqp,llvm,none,r2,22924.0
223-instcombine-binaryop-match-match-n16-d16.pbqp,llvm,none,lower_bound,21874.0
223-instcombine-binaryop-match-match-n16-d16.pbqp,llvm,none,incumbent,4347.0
223-instcombine-binaryop-match-match-n16-d16.pbqp,llvm,none,seed,0.0
223-instcombine-binaryop-match-match-n16-d16.pbqp,llvm,heuristic,other,948.0
223-instcombine-binaryop-match-match-n16-d16.pbqp,llvm,heuristic,topology,5704.0
223-instcombine-binaryop-match-match-n16-d16.pbqp,llvm,heuristic,selection,4122.0
223-instcombine-binaryop-match-match-n16-d16.pbqp,llvm,heuristic,reduction,1199.0
223-instcombine-binaryop-match-match-n16-d16.pbqp,llvm,heuristic,reconstruction,162.0
223-instcombine-binaryop-match-match-n16-d16.pbqp,llvm,heuristic,kernel,21497.0
223-instcombine-binaryop-match-match-n16-d16.pbqp,llvm,heuristic,metadata,1818.0
223-instcombine-binaryop-match-match-n16-d16.pbqp,llvm,heuristic,search,126.0
223-instcombine-binaryop-match-match-n16-d16.pbqp,llvm,heuristic,clone,0.0
223-instcombine-binaryop-match-match-n16-d16.pbqp,llvm,heuristic,allocation,2557.0
223-instcombine-binaryop-match-match-n16-d16.pbqp,llvm,heuristic,conditioning,745.0
223-instcombine-binaryop-match-match-n16-d16.pbqp,llvm,heuristic,r0,85.0
223-instcombine-binaryop-match-match-n16-d16.pbqp,llvm,heuristic,r1,1161.0
223-instcombine-binaryop-match-match-n16-d16.pbqp,llvm,heuristic,r2,7487.0
223-instcombine-binaryop-match-match-n16-d16.pbqp,llvm,heuristic,lower_bound,1117.0
223-instcombine-binaryop-match-match-n16-d16.pbqp,llvm,heuristic,incumbent,71.0
223-instcombine-binaryop-match-match-n16-d16.pbqp,llvm,heuristic,seed,2864.0
224-instcombine-binaryop-match-match-n14-d16.pbqp,llvm,heuristic,other,718.0
224-instcombine-binaryop-match-match-n14-d16.pbqp,llvm,heuristic,topology,6210.0
224-instcombine-binaryop-match-match-n14-d16.pbqp,llvm,heuristic,selection,5267.0
224-instcombine-binaryop-match-match-n14-d16.pbqp,llvm,heuristic,reduction,2525.0
224-instcombine-binaryop-match-match-n14-d16.pbqp,llvm,heuristic,reconstruction,119.0
224-instcombine-binaryop-match-match-n14-d16.pbqp,llvm,heuristic,kernel,14495.0
224-instcombine-binaryop-match-match-n14-d16.pbqp,llvm,heuristic,metadata,1087.0
224-instcombine-binaryop-match-match-n14-d16.pbqp,llvm,heuristic,search,182.0
224-instcombine-binaryop-match-match-n14-d16.pbqp,llvm,heuristic,clone,0.0
224-instcombine-binaryop-match-match-n14-d16.pbqp,llvm,heuristic,allocation,2315.0
224-instcombine-binaryop-match-match-n14-d16.pbqp,llvm,heuristic,conditioning,2161.0
224-instcombine-binaryop-match-match-n14-d16.pbqp,llvm,heuristic,r0,50.0
224-instcombine-binaryop-match-match-n14-d16.pbqp,llvm,heuristic,r1,1435.0
224-instcombine-binaryop-match-match-n14-d16.pbqp,llvm,heuristic,r2,3858.0
224-instcombine-binaryop-match-match-n14-d16.pbqp,llvm,heuristic,lower_bound,1696.0
224-instcombine-binaryop-match-match-n14-d16.pbqp,llvm,heuristic,incumbent,90.0
224-instcombine-binaryop-match-match-n14-d16.pbqp,llvm,heuristic,seed,3030.0
225-instcombine-binaryop-match-match-n14-d16.pbqp,llvm,heuristic,other,703.0
225-instcombine-binaryop-match-match-n14-d16.pbqp,llvm,heuristic,topology,6700.0
225-instcombine-binaryop-match-match-n14-d16.pbqp,llvm,heuristic,selection,6004.0
225-instcombine-binaryop-match-match-n14-d16.pbqp,llvm,heuristic,reduction,2815.0
225-instcombine-binaryop-match-match-n14-d16.pbqp,llvm,heuristic,reconstruction,62.0
225-instcombine-binaryop-match-match-n14-d16.pbqp,llvm,heuristic,kernel,18695.0
225-instcombine-binaryop-match-match-n14-d16.pbqp,llvm,heuristic,metadata,1410.0
225-instcombine-binaryop-match-match-n14-d16.pbqp,llvm,heuristic,search,152.0
225-instcombine-binaryop-match-match-n14-d16.pbqp,llvm,heuristic,clone,0.0
225-instcombine-binaryop-match-match-n14-d16.pbqp,llvm,heuristic,allocation,2991.0
225-instcombine-binaryop-match-match-n14-d16.pbqp,llvm,heuristic,conditioning,2505.0
225-instcombine-binaryop-match-match-n14-d16.pbqp,llvm,heuristic,r0,35.0
225-instcombine-binaryop-match-match-n14-d16.pbqp,llvm,heuristic,r1,1498.0
225-instcombine-binaryop-match-match-n14-d16.pbqp,llvm,heuristic,r2,4246.0
225-instcombine-binaryop-match-match-n14-d16.pbqp,llvm,heuristic,lower_bound,1905.0
225-instcombine-binaryop-match-match-n14-d16.pbqp,llvm,heuristic,incumbent,127.0
225-instcombine-binaryop-match-match-n14-d16.pbqp,llvm,heuristic,seed,3375.0
226-instcombine-binaryop-match-match-n17-d16.pbqp,llvm,heuristic,other,534.0
226-instcombine-binaryop-match-match-n17-d16.pbqp,llvm,heuristic,topology,7393.0
226-instcombine-binaryop-match-match-n17-d16.pbqp,llvm,heuristic,selection,7472.0
226-instcombine-binaryop-match-match-n17-d16.pbqp,llvm,heuristic,reduction,3503.0
226-instcombine-binaryop-match-match-n17-d16.pbqp,llvm,heuristic,reconstruction,87.0
226-instcombine-binaryop-match-match-n17-d16.pbqp,llvm,heuristic,kernel,11980.0
226-instcombine-binaryop-match-match-n17-d16.pbqp,llvm,heuristic,metadata,439.0
226-instcombine-binaryop-match-match-n17-d16.pbqp,llvm,heuristic,search,126.0
226-instcombine-binaryop-match-match-n17-d16.pbqp,llvm,heuristic,clone,0.0
226-instcombine-binaryop-match-match-n17-d16.pbqp,llvm,heuristic,allocation,2646.0
226-instcombine-binaryop-match-match-n17-d16.pbqp,llvm,heuristic,conditioning,2810.0
226-instcombine-binaryop-match-match-n17-d16.pbqp,llvm,heuristic,r0,73.0
226-instcombine-binaryop-match-match-n17-d16.pbqp,llvm,heuristic,r1,719.0
226-instcombine-binaryop-match-match-n17-d16.pbqp,llvm,heuristic,r2,2116.0
226-instcombine-binaryop-match-match-n17-d16.pbqp,llvm,heuristic,lower_bound,2580.0
226-instcombine-binaryop-match-match-n17-d16.pbqp,llvm,heuristic,incumbent,71.0
226-instcombine-binaryop-match-match-n17-d16.pbqp,llvm,heuristic,seed,3332.0
227-instcombine-binaryop-match-match-n31-d16.pbqp,llvm,heuristic,other,681.0
227-instcombine-binaryop-match-match-n31-d16.pbqp,llvm,heuristic,topology,21313.0
227-instcombine-binaryop-match-match-n31-d16.pbqp,llvm,heuristic,selection,22936.0
227-instcombine-binaryop-match-match-n31-d16.pbqp,llvm,heuristic,reduction,8052.0
227-instcombine-binaryop-match-match-n31-d16.pbqp,llvm,heuristic,reconstruction,115.0
227-instcombine-binaryop-match-match-n31-d16.pbqp,llvm,heuristic,kernel,26454.0
227-instcombine-binaryop-match-match-n31-d16.pbqp,llvm,heuristic,metadata,630.0
227-instcombine-binaryop-match-match-n31-d16.pbqp,llvm,heuristic,search,138.0
227-instcombine-binaryop-match-match-n31-d16.pbqp,llvm,heuristic,clone,0.0
227-instcombine-binaryop-match-match-n31-d16.pbqp,llvm,heuristic,allocation,4566.0
227-instcombine-binaryop-match-match-n31-d16.pbqp,llvm,heuristic,conditioning,6796.0
227-instcombine-binaryop-match-match-n31-d16.pbqp,llvm,heuristic,r0,34.0
227-instcombine-binaryop-match-match-n31-d16.pbqp,llvm,heuristic,r1,838.0
227-instcombine-binaryop-match-match-n31-d16.pbqp,llvm,heuristic,r2,3806.0
227-instcombine-binaryop-match-match-n31-d16.pbqp,llvm,heuristic,lower_bound,5664.0
227-instcombine-binaryop-match-match-n31-d16.pbqp,llvm,heuristic,incumbent,70.0
227-instcombine-binaryop-match-match-n31-d16.pbqp,llvm,heuristic,seed,7144.0
228-instcombine-binaryop-match-match-n31-d16.pbqp,llvm,heuristic,other,613.0
228-instcombine-binaryop-match-match-n31-d16.pbqp,llvm,heuristic,topology,21115.0
228-instcombine-binaryop-match-match-n31-d16.pbqp,llvm,heuristic,selection,22676.0
228-instcombine-binaryop-match-match-n31-d16.pbqp,llvm,heuristic,reduction,7929.0
228-instcombine-binaryop-match-match-n31-d16.pbqp,llvm,heuristic,reconstruction,110.0
228-instcombine-binaryop-match-match-n31-d16.pbqp,llvm,heuristic,kernel,25893.0
228-instcombine-binaryop-match-match-n31-d16.pbqp,llvm,heuristic,metadata,520.0
228-instcombine-binaryop-match-match-n31-d16.pbqp,llvm,heuristic,search,149.0
228-instcombine-binaryop-match-match-n31-d16.pbqp,llvm,heuristic,clone,0.0
228-instcombine-binaryop-match-match-n31-d16.pbqp,llvm,heuristic,allocation,4435.0
228-instcombine-binaryop-match-match-n31-d16.pbqp,llvm,heuristic,conditioning,6451.0
228-instcombine-binaryop-match-match-n31-d16.pbqp,llvm,heuristic,r0,38.0
228-instcombine-binaryop-match-match-n31-d16.pbqp,llvm,heuristic,r1,829.0
228-instcombine-binaryop-match-match-n31-d16.pbqp,llvm,heuristic,r2,3506.0
228-instcombine-binaryop-match-match-n31-d16.pbqp,llvm,heuristic,lower_bound,5520.0
228-instcombine-binaryop-match-match-n31-d16.pbqp,llvm,heuristic,incumbent,68.0
228-instcombine-binaryop-match-match-n31-d16.pbqp,llvm,heuristic,seed,7259.0
229-instcombine-binaryop-match-match-n29-d16.pbqp,llvm,heuristic,other,652.0
229-instcombine-binaryop-match-match-n29-d16.pbqp,llvm,heuristic,topology,17299.0
229-instcombine-binaryop-match-match-n29-d16.pbqp,llvm,heuristic,selection,17820.0
229-instcombine-binaryop-match-match-n29-d16.pbqp,llvm,heuristic,reduction,5675.0
229-instcombine-binaryop-match-match-n29-d16.pbqp,llvm,heuristic,reconstruction,139.0
229-instcombine-binaryop-match-match-n29-d16.pbqp,llvm,heuristic,kernel,29525.0
229-instcombine-binaryop-match-match-n29-d16.pbqp,llvm,heuristic,metadata,702.0
229-instcombine-binaryop-match-match-n29-d16.pbqp,llvm,heuristic,search,116.0
229-instcombine-binaryop-match-match-n29-d16.pbqp,llvm,heuristic,clone,0.0
229-instcombine-binaryop-match-match-n29-d16.pbqp,llvm,heuristic,allocation,4182.0
229-instcombine-binaryop-match-match-n29-d16.pbqp,llvm,heuristic,conditioning,4519.0
229-instcombine-binaryop-match-match-n29-d16.pbqp,llvm,heuristic,r0,91.0
229-instcombine-binaryop-match-match-n29-d16.pbqp,llvm,heuristic,r1,886.0
229-instcombine-binaryop-match-match-n29-d16.pbqp,llvm,heuristic,r2,6691.0
229-instcombine-binaryop-match-match-n29-d16.pbqp,llvm,heuristic,lower_bound,4928.0
229-instcombine-binaryop-match-match-n29-d16.pbqp,llvm,heuristic,incumbent,81.0
229-instcombine-binaryop-match-match-n29-d16.pbqp,llvm,heuristic,seed,6358.0
230-instcombine-binaryop-match-match-n17-d16.pbqp,llvm,heuristic,other,643.0
230-instcombine-binaryop-match-match-n17-d16.pbqp,llvm,heuristic,topology,8062.0
230-instcombine-binaryop-match-match-n17-d16.pbqp,llvm,heuristic,selection,8200.0
230-instcombine-binaryop-match-match-n17-d16.pbqp,llvm,heuristic,reduction,3536.0
230-instcombine-binaryop-match-match-n17-d16.pbqp,llvm,heuristic,reconstruction,124.0
230-instcombine-binaryop-match-match-n17-d16.pbqp,llvm,heuristic,kernel,14105.0
230-instcombine-binaryop-match-match-n17-d16.pbqp,llvm,heuristic,metadata,541.0
230-instcombine-binaryop-match-match-n17-d16.pbqp,llvm,heuristic,search,149.0
230-instcombine-binaryop-match-match-n17-d16.pbqp,llvm,heuristic,clone,0.0
230-instcombine-binaryop-match-match-n17-d16.pbqp,llvm,heuristic,allocation,2706.0
230-instcombine-binaryop-match-match-n17-d16.pbqp,llvm,heuristic,conditioning,3487.0
230-instcombine-binaryop-match-match-n17-d16.pbqp,llvm,heuristic,r0,113.0
230-instcombine-binaryop-match-match-n17-d16.pbqp,llvm,heuristic,r1,1396.0
230-instcombine-binaryop-match-match-n17-d16.pbqp,llvm,heuristic,r2,1349.0
230-instcombine-binaryop-match-match-n17-d16.pbqp,llvm,heuristic,lower_bound,3151.0
230-instcombine-binaryop-match-match-n17-d16.pbqp,llvm,heuristic,incumbent,70.0
230-instcombine-binaryop-match-match-n17-d16.pbqp,llvm,heuristic,seed,4179.0
231-instcombine-binaryop-match-match-n33-d16.pbqp,llvm,heuristic,other,776.0
231-instcombine-binaryop-match-match-n33-d16.pbqp,llvm,heuristic,topology,24000.0
231-instcombine-binaryop-match-match-n33-d16.pbqp,llvm,heuristic,selection,24749.0
231-instcombine-binaryop-match-match-n33-d16.pbqp,llvm,heuristic,reduction,8563.0
231-instcombine-binaryop-match-match-n33-d16.pbqp,llvm,heuristic,reconstruction,97.0
231-instcombine-binaryop-match-match-n33-d16.pbqp,llvm,heuristic,kernel,30442.0
231-instcombine-binaryop-match-match-n33-d16.pbqp,llvm,heuristic,metadata,469.0
231-instcombine-binaryop-match-match-n33-d16.pbqp,llvm,heuristic,search,122.0
231-instcombine-binaryop-match-match-n33-d16.pbqp,llvm,heuristic,clone,0.0
231-instcombine-binaryop-match-match-n33-d16.pbqp,llvm,heuristic,allocation,4953.0
231-instcombine-binaryop-match-match-n33-d16.pbqp,llvm,heuristic,conditioning,7909.0
231-instcombine-binaryop-match-match-n33-d16.pbqp,llvm,heuristic,r0,129.0
231-instcombine-binaryop-match-match-n33-d16.pbqp,llvm,heuristic,r1,783.0
231-instcombine-binaryop-match-match-n33-d16.pbqp,llvm,heuristic,r2,4993.0
231-instcombine-binaryop-match-match-n33-d16.pbqp,llvm,heuristic,lower_bound,6802.0
231-instcombine-binaryop-match-match-n33-d16.pbqp,llvm,heuristic,incumbent,102.0
231-instcombine-binaryop-match-match-n33-d16.pbqp,llvm,heuristic,seed,7889.0
232-instcombine-binaryop-match-match-n26-d16.pbqp,llvm,heuristic,other,572.0
232-instcombine-binaryop-match-match-n26-d16.pbqp,llvm,heuristic,topology,16554.0
232-instcombine-binaryop-match-match-n26-d16.pbqp,llvm,heuristic,selection,16240.0
232-instcombine-binaryop-match-match-n26-d16.pbqp,llvm,heuristic,reduction,6031.0
232-instcombine-binaryop-match-match-n26-d16.pbqp,llvm,heuristic,reconstruction,88.0
232-instcombine-binaryop-match-match-n26-d16.pbqp,llvm,heuristic,kernel,22339.0
232-instcombine-binaryop-match-match-n26-d16.pbqp,llvm,heuristic,metadata,485.0
232-instcombine-binaryop-match-match-n26-d16.pbqp,llvm,heuristic,search,139.0
232-instcombine-binaryop-match-match-n26-d16.pbqp,llvm,heuristic,clone,0.0
232-instcombine-binaryop-match-match-n26-d16.pbqp,llvm,heuristic,allocation,3750.0
232-instcombine-binaryop-match-match-n26-d16.pbqp,llvm,heuristic,conditioning,5278.0
232-instcombine-binaryop-match-match-n26-d16.pbqp,llvm,heuristic,r0,23.0
232-instcombine-binaryop-match-match-n26-d16.pbqp,llvm,heuristic,r1,241.0
232-instcombine-binaryop-match-match-n26-d16.pbqp,llvm,heuristic,r2,5207.0
232-instcombine-binaryop-match-match-n26-d16.pbqp,llvm,heuristic,lower_bound,4216.0
232-instcombine-binaryop-match-match-n26-d16.pbqp,llvm,heuristic,incumbent,72.0
232-instcombine-binaryop-match-match-n26-d16.pbqp,llvm,heuristic,seed,6287.0
233-instcombine-binaryop-match-match-n17-d16.pbqp,llvm,heuristic,other,506.0
233-instcombine-binaryop-match-match-n17-d16.pbqp,llvm,heuristic,topology,7562.0
233-instcombine-binaryop-match-match-n17-d16.pbqp,llvm,heuristic,selection,7674.0
233-instcombine-binaryop-match-match-n17-d16.pbqp,llvm,heuristic,reduction,3251.0
233-instcombine-binaryop-match-match-n17-d16.pbqp,llvm,heuristic,reconstruction,107.0
233-instcombine-binaryop-match-match-n17-d16.pbqp,llvm,heuristic,kernel,22293.0
233-instcombine-binaryop-match-match-n17-d16.pbqp,llvm,heuristic,metadata,569.0
233-instcombine-binaryop-match-match-n17-d16.pbqp,llvm,heuristic,search,138.0
233-instcombine-binaryop-match-match-n17-d16.pbqp,llvm,heuristic,clone,0.0
233-instcombine-binaryop-match-match-n17-d16.pbqp,llvm,heuristic,allocation,2619.0
233-instcombine-binaryop-match-match-n17-d16.pbqp,llvm,heuristic,conditioning,2676.0
233-instcombine-binaryop-match-match-n17-d16.pbqp,llvm,heuristic,r0,26.0
233-instcombine-binaryop-match-match-n17-d16.pbqp,llvm,heuristic,r1,816.0
233-instcombine-binaryop-match-match-n17-d16.pbqp,llvm,heuristic,r2,4183.0
233-instcombine-binaryop-match-match-n17-d16.pbqp,llvm,heuristic,lower_bound,3317.0
233-instcombine-binaryop-match-match-n17-d16.pbqp,llvm,heuristic,incumbent,69.0
233-instcombine-binaryop-match-match-n17-d16.pbqp,llvm,heuristic,seed,3458.0
234-instcombine-binaryop-match-match-n19-d16.pbqp,llvm,heuristic,other,776.0
234-instcombine-binaryop-match-match-n19-d16.pbqp,llvm,heuristic,topology,11712.0
234-instcombine-binaryop-match-match-n19-d16.pbqp,llvm,heuristic,selection,11366.0
234-instcombine-binaryop-match-match-n19-d16.pbqp,llvm,heuristic,reduction,5548.0
234-instcombine-binaryop-match-match-n19-d16.pbqp,llvm,heuristic,reconstruction,178.0
234-instcombine-binaryop-match-match-n19-d16.pbqp,llvm,heuristic,kernel,18657.0
234-instcombine-binaryop-match-match-n19-d16.pbqp,llvm,heuristic,metadata,983.0
234-instcombine-binaryop-match-match-n19-d16.pbqp,llvm,heuristic,search,141.0
234-instcombine-binaryop-match-match-n19-d16.pbqp,llvm,heuristic,clone,0.0
234-instcombine-binaryop-match-match-n19-d16.pbqp,llvm,heuristic,allocation,3909.0
234-instcombine-binaryop-match-match-n19-d16.pbqp,llvm,heuristic,conditioning,4758.0
234-instcombine-binaryop-match-match-n19-d16.pbqp,llvm,heuristic,r0,139.0
234-instcombine-binaryop-match-match-n19-d16.pbqp,llvm,heuristic,r1,1549.0
234-instcombine-binaryop-match-match-n19-d16.pbqp,llvm,heuristic,r2,859.0
234-instcombine-binaryop-match-match-n19-d16.pbqp,llvm,heuristic,lower_bound,4263.0
234-instcombine-binaryop-match-match-n19-d16.pbqp,llvm,heuristic,incumbent,97.0
234-instcombine-binaryop-match-match-n19-d16.pbqp,llvm,heuristic,seed,4967.0
235-instcombine-binaryop-match-match-n35-d16.pbqp,llvm,heuristic,other,847.0
235-instcombine-binaryop-match-match-n35-d16.pbqp,llvm,heuristic,topology,26327.0
235-instcombine-binaryop-match-match-n35-d16.pbqp,llvm,heuristic,selection,27605.0
235-instcombine-binaryop-match-match-n35-d16.pbqp,llvm,heuristic,reduction,8719.0
235-instcombine-binaryop-match-match-n35-d16.pbqp,llvm,heuristic,reconstruction,135.0
235-instcombine-binaryop-match-match-n35-d16.pbqp,llvm,heuristic,kernel,35708.0
235-instcombine-binaryop-match-match-n35-d16.pbqp,llvm,heuristic,metadata,768.0
235-instcombine-binaryop-match-match-n35-d16.pbqp,llvm,heuristic,search,186.0
235-instcombine-binaryop-match-match-n35-d16.pbqp,llvm,heuristic,clone,0.0
235-instcombine-binaryop-match-match-n35-d16.pbqp,llvm,heuristic,allocation,5245.0
235-instcombine-binaryop-match-match-n35-d16.pbqp,llvm,heuristic,conditioning,6984.0
235-instcombine-binaryop-match-match-n35-d16.pbqp,llvm,heuristic,r0,23.0
235-instcombine-binaryop-match-match-n35-d16.pbqp,llvm,heuristic,r1,1220.0
235-instcombine-binaryop-match-match-n35-d16.pbqp,llvm,heuristic,r2,6374.0
235-instcombine-binaryop-match-match-n35-d16.pbqp,llvm,heuristic,lower_bound,6165.0
235-instcombine-binaryop-match-match-n35-d16.pbqp,llvm,heuristic,incumbent,98.0
235-instcombine-binaryop-match-match-n35-d16.pbqp,llvm,heuristic,seed,8782.0
236-instcombine-binaryop-match-match-n18-d16.pbqp,llvm,heuristic,other,565.0
236-instcombine-binaryop-match-match-n18-d16.pbqp,llvm,heuristic,topology,9274.0
236-instcombine-binaryop-match-match-n18-d16.pbqp,llvm,heuristic,selection,8849.0
236-instcombine-binaryop-match-match-n18-d16.pbqp,llvm,heuristic,reduction,4103.0
236-instcombine-binaryop-match-match-n18-d16.pbqp,llvm,heuristic,reconstruction,100.0
236-instcombine-binaryop-match-match-n18-d16.pbqp,llvm,heuristic,kernel,24318.0
236-instcombine-binaryop-match-match-n18-d16.pbqp,llvm,heuristic,metadata,652.0
236-instcombine-binaryop-match-match-n18-d16.pbqp,llvm,heuristic,search,159.0
236-instcombine-binaryop-match-match-n18-d16.pbqp,llvm,heuristic,clone,0.0
236-instcombine-binaryop-match-match-n18-d16.pbqp,llvm,heuristic,allocation,2845.0
236-instcombine-binaryop-match-match-n18-d16.pbqp,llvm,heuristic,conditioning,3224.0
236-instcombine-binaryop-match-match-n18-d16.pbqp,llvm,heuristic,r0,56.0
236-instcombine-binaryop-match-match-n18-d16.pbqp,llvm,heuristic,r1,1090.0
236-instcombine-binaryop-match-match-n18-d16.pbqp,llvm,heuristic,r2,4610.0
236-instcombine-binaryop-match-match-n18-d16.pbqp,llvm,heuristic,lower_bound,3722.0
236-instcombine-binaryop-match-match-n18-d16.pbqp,llvm,heuristic,incumbent,94.0
236-instcombine-binaryop-match-match-n18-d16.pbqp,llvm,heuristic,seed,4078.0
237-instcombine-binaryop-match-match-n27-d16.pbqp,llvm,heuristic,other,582.0
237-instcombine-binaryop-match-match-n27-d16.pbqp,llvm,heuristic,topology,16756.0
237-instcombine-binaryop-match-match-n27-d16.pbqp,llvm,heuristic,selection,17237.0
237-instcombine-binaryop-match-match-n27-d16.pbqp,llvm,heuristic,reduction,6138.0
237-instcombine-binaryop-match-match-n27-d16.pbqp,llvm,heuristic,reconstruction,96.0
237-instcombine-binaryop-match-match-n27-d16.pbqp,llvm,heuristic,kernel,29827.0
237-instcombine-binaryop-match-match-n27-d16.pbqp,llvm,heuristic,metadata,496.0
237-instcombine-binaryop-match-match-n27-d16.pbqp,llvm,heuristic,search,130.0
237-instcombine-binaryop-match-match-n27-d16.pbqp,llvm,heuristic,clone,0.0
237-instcombine-binaryop-match-match-n27-d16.pbqp,llvm,heuristic,allocation,4003.0
237-instcombine-binaryop-match-match-n27-d16.pbqp,llvm,heuristic,conditioning,4756.0
237-instcombine-binaryop-match-match-n27-d16.pbqp,llvm,heuristic,r0,64.0
237-instcombine-binaryop-match-match-n27-d16.pbqp,llvm,heuristic,r1,836.0
237-instcombine-binaryop-match-match-n27-d16.pbqp,llvm,heuristic,r2,4801.0
237-instcombine-binaryop-match-match-n27-d16.pbqp,llvm,heuristic,lower_bound,5347.0
237-instcombine-binaryop-match-match-n27-d16.pbqp,llvm,heuristic,incumbent,88.0
237-instcombine-binaryop-match-match-n27-d16.pbqp,llvm,heuristic,seed,6121.0
238-instcombine-binaryop-match-match-n19-d16.pbqp,llvm,heuristic,other,695.0
238-instcombine-binaryop-match-match-n19-d16.pbqp,llvm,heuristic,topology,8524.0
238-instcombine-binaryop-match-match-n19-d16.pbqp,llvm,heuristic,selection,7962.0
238-instcombine-binaryop-match-match-n19-d16.pbqp,llvm,heuristic,reduction,2217.0
238-instcombine-binaryop-match-match-n19-d16.pbqp,llvm,heuristic,reconstruction,111.0
238-instcombine-binaryop-match-match-n19-d16.pbqp,llvm,heuristic,kernel,15471.0
238-instcombine-binaryop-match-match-n19-d16.pbqp,llvm,heuristic,metadata,833.0
238-instcombine-binaryop-match-match-n19-d16.pbqp,llvm,heuristic,search,118.0
238-instcombine-binaryop-match-match-n19-d16.pbqp,llvm,heuristic,clone,0.0
238-instcombine-binaryop-match-match-n19-d16.pbqp,llvm,heuristic,allocation,2577.0
238-instcombine-binaryop-match-match-n19-d16.pbqp,llvm,heuristic,conditioning,1777.0
238-instcombine-binaryop-match-match-n19-d16.pbqp,llvm,heuristic,r0,89.0
238-instcombine-binaryop-match-match-n19-d16.pbqp,llvm,heuristic,r1,1078.0
238-instcombine-binaryop-match-match-n19-d16.pbqp,llvm,heuristic,r2,4876.0
238-instcombine-binaryop-match-match-n19-d16.pbqp,llvm,heuristic,lower_bound,2179.0
238-instcombine-binaryop-match-match-n19-d16.pbqp,llvm,heuristic,incumbent,69.0
238-instcombine-binaryop-match-match-n19-d16.pbqp,llvm,heuristic,seed,3559.0
239-instcombine-binaryop-match-match-n37-d16.pbqp,llvm,heuristic,other,875.0
239-instcombine-binaryop-match-match-n37-d16.pbqp,llvm,heuristic,topology,29877.0
239-instcombine-binaryop-match-match-n37-d16.pbqp,llvm,heuristic,selection,29171.0
239-instcombine-binaryop-match-match-n37-d16.pbqp,llvm,heuristic,reduction,9703.0
239-instcombine-binaryop-match-match-n37-d16.pbqp,llvm,heuristic,reconstruction,148.0
239-instcombine-binaryop-match-match-n37-d16.pbqp,llvm,heuristic,kernel,33810.0
239-instcombine-binaryop-match-match-n37-d16.pbqp,llvm,heuristic,metadata,734.0
239-instcombine-binaryop-match-match-n37-d16.pbqp,llvm,heuristic,search,144.0
239-instcombine-binaryop-match-match-n37-d16.pbqp,llvm,heuristic,clone,0.0
239-instcombine-binaryop-match-match-n37-d16.pbqp,llvm,heuristic,allocation,5530.0
239-instcombine-binaryop-match-match-n37-d16.pbqp,llvm,heuristic,conditioning,8656.0
239-instcombine-binaryop-match-match-n37-d16.pbqp,llvm,heuristic,r0,69.0
239-instcombine-binaryop-match-match-n37-d16.pbqp,llvm,heuristic,r1,986.0
239-instcombine-binaryop-match-match-n37-d16.pbqp,llvm,heuristic,r2,5967.0
239-instcombine-binaryop-match-match-n37-d16.pbqp,llvm,heuristic,lower_bound,7053.0
239-instcombine-binaryop-match-match-n37-d16.pbqp,llvm,heuristic,incumbent,67.0
239-instcombine-binaryop-match-match-n37-d16.pbqp,llvm,heuristic,seed,10315.0
240-instcombine-binaryop-match-match-n20-d16.pbqp,llvm,heuristic,other,422.0
240-instcombine-binaryop-match-match-n20-d16.pbqp,llvm,heuristic,topology,9164.0
240-instcombine-binaryop-match-match-n20-d16.pbqp,llvm,heuristic,selection,9159.0
240-instcombine-binaryop-match-match-n20-d16.pbqp,llvm,heuristic,reduction,3553.0
240-instcombine-binaryop-match-match-n20-d16.pbqp,llvm,heuristic,reconstruction,128.0
240-instcombine-binaryop-match-match-n20-d16.pbqp,llvm,heuristic,kernel,15783.0
240-instcombine-binaryop-match-match-n20-d16.pbqp,llvm,heuristic,metadata,351.0
240-instcombine-binaryop-match-match-n20-d16.pbqp,llvm,heuristic,search,122.0
240-instcombine-binaryop-match-match-n20-d16.pbqp,llvm,heuristic,clone,0.0
240-instcombine-binaryop-match-match-n20-d16.pbqp,llvm,heuristic,allocation,2796.0
240-instcombine-binaryop-match-match-n20-d16.pbqp,llvm,heuristic,conditioning,2791.0
240-instcombine-binaryop-match-match-n20-d16.pbqp,llvm,heuristic,r0,23.0
240-instcombine-binaryop-match-match-n20-d16.pbqp,llvm,heuristic,r1,859.0
240-instcombine-binaryop-match-match-n20-d16.pbqp,llvm,heuristic,r2,2984.0
240-instcombine-binaryop-match-match-n20-d16.pbqp,llvm,heuristic,lower_bound,3226.0
240-instcombine-binaryop-match-match-n20-d16.pbqp,llvm,heuristic,incumbent,66.0
240-instcombine-binaryop-match-match-n20-d16.pbqp,llvm,heuristic,seed,4221.0
241-instcombine-binaryop-match-match-n17-d16.pbqp,llvm,none,other,916.0
241-instcombine-binaryop-match-match-n17-d16.pbqp,llvm,none,topology,51847.0
241-instcombine-binaryop-match-match-n17-d16.pbqp,llvm,none,selection,31228.0
241-instcombine-binaryop-match-match-n17-d16.pbqp,llvm,none,reduction,0.0
241-instcombine-binaryop-match-match-n17-d16.pbqp,llvm,none,reconstruction,674.0
241-instcombine-binaryop-match-match-n17-d16.pbqp,llvm,none,kernel,76778.0
241-instcombine-binaryop-match-match-n17-d16.pbqp,llvm,none,metadata,24758.0
241-instcombine-binaryop-match-match-n17-d16.pbqp,llvm,none,search,79601.0
241-instcombine-binaryop-match-match-n17-d16.pbqp,llvm,none,clone,151504.0
241-instcombine-binaryop-match-match-n17-d16.pbqp,llvm,none,allocation,39832.0
241-instcombine-binaryop-match-match-n17-d16.pbqp,llvm,none,conditioning,31033.0
241-instcombine-binaryop-match-match-n17-d16.pbqp,llvm,none,r0,1136.0
241-instcombine-binaryop-match-match-n17-d16.pbqp,llvm,none,r1,13484.0
241-instcombine-binaryop-match-match-n17-d16.pbqp,llvm,none,r2,51762.0
241-instcombine-binaryop-match-match-n17-d16.pbqp,llvm,none,lower_bound,69830.0
241-instcombine-binaryop-match-match-n17-d16.pbqp,llvm,none,incumbent,9938.0
241-instcombine-binaryop-match-match-n17-d16.pbqp,llvm,none,seed,0.0
241-instcombine-binaryop-match-match-n17-d16.pbqp,llvm,heuristic,other,779.0
241-instcombine-binaryop-match-match-n17-d16.pbqp,llvm,heuristic,topology,6435.0
241-instcombine-binaryop-match-match-n17-d16.pbqp,llvm,heuristic,selection,5388.0
241-instcombine-binaryop-match-match-n17-d16.pbqp,llvm,heuristic,reduction,1345.0
241-instcombine-binaryop-match-match-n17-d16.pbqp,llvm,heuristic,reconstruction,77.0
241-instcombine-binaryop-match-match-n17-d16.pbqp,llvm,heuristic,kernel,15986.0
241-instcombine-binaryop-match-match-n17-d16.pbqp,llvm,heuristic,metadata,947.0
241-instcombine-binaryop-match-match-n17-d16.pbqp,llvm,heuristic,search,122.0
241-instcombine-binaryop-match-match-n17-d16.pbqp,llvm,heuristic,clone,0.0
241-instcombine-binaryop-match-match-n17-d16.pbqp,llvm,heuristic,allocation,2307.0
241-instcombine-binaryop-match-match-n17-d16.pbqp,llvm,heuristic,conditioning,1026.0
241-instcombine-binaryop-match-match-n17-d16.pbqp,llvm,heuristic,r0,97.0
241-instcombine-binaryop-match-match-n17-d16.pbqp,llvm,heuristic,r1,974.0
241-instcombine-binaryop-match-match-n17-d16.pbqp,llvm,heuristic,r2,6257.0
241-instcombine-binaryop-match-match-n17-d16.pbqp,llvm,heuristic,lower_bound,1481.0
241-instcombine-binaryop-match-match-n17-d16.pbqp,llvm,heuristic,incumbent,65.0
241-instcombine-binaryop-match-match-n17-d16.pbqp,llvm,heuristic,seed,3077.0
242-instcombine-binaryop-match-match-n17-d16.pbqp,llvm,none,other,784.0
242-instcombine-binaryop-match-match-n17-d16.pbqp,llvm,none,topology,50321.0
242-instcombine-binaryop-match-match-n17-d16.pbqp,llvm,none,selection,30501.0
242-instcombine-binaryop-match-match-n17-d16.pbqp,llvm,none,reduction,0.0
242-instcombine-binaryop-match-match-n17-d16.pbqp,llvm,none,reconstruction,659.0
242-instcombine-binaryop-match-match-n17-d16.pbqp,llvm,none,kernel,72393.0
242-instcombine-binaryop-match-match-n17-d16.pbqp,llvm,none,metadata,23775.0
242-instcombine-binaryop-match-match-n17-d16.pbqp,llvm,none,search,79800.0
242-instcombine-binaryop-match-match-n17-d16.pbqp,llvm,none,clone,138130.0
242-instcombine-binaryop-match-match-n17-d16.pbqp,llvm,none,allocation,38219.0
242-instcombine-binaryop-match-match-n17-d16.pbqp,llvm,none,conditioning,29309.0
242-instcombine-binaryop-match-match-n17-d16.pbqp,llvm,none,r0,1065.0
242-instcombine-binaryop-match-match-n17-d16.pbqp,llvm,none,r1,13137.0
242-instcombine-binaryop-match-match-n17-d16.pbqp,llvm,none,r2,49318.0
242-instcombine-binaryop-match-match-n17-d16.pbqp,llvm,none,lower_bound,61149.0
242-instcombine-binaryop-match-match-n17-d16.pbqp,llvm,none,incumbent,9781.0
242-instcombine-binaryop-match-match-n17-d16.pbqp,llvm,none,seed,0.0
242-instcombine-binaryop-match-match-n17-d16.pbqp,llvm,heuristic,other,778.0
242-instcombine-binaryop-match-match-n17-d16.pbqp,llvm,heuristic,topology,6266.0
242-instcombine-binaryop-match-match-n17-d16.pbqp,llvm,heuristic,selection,5341.0
242-instcombine-binaryop-match-match-n17-d16.pbqp,llvm,heuristic,reduction,1296.0
242-instcombine-binaryop-match-match-n17-d16.pbqp,llvm,heuristic,reconstruction,90.0
242-instcombine-binaryop-match-match-n17-d16.pbqp,llvm,heuristic,kernel,15945.0
242-instcombine-binaryop-match-match-n17-d16.pbqp,llvm,heuristic,metadata,945.0
242-instcombine-binaryop-match-match-n17-d16.pbqp,llvm,heuristic,search,118.0
242-instcombine-binaryop-match-match-n17-d16.pbqp,llvm,heuristic,clone,0.0
242-instcombine-binaryop-match-match-n17-d16.pbqp,llvm,heuristic,allocation,2319.0
242-instcombine-binaryop-match-match-n17-d16.pbqp,llvm,heuristic,conditioning,1027.0
242-instcombine-binaryop-match-match-n17-d16.pbqp,llvm,heuristic,r0,74.0
242-instcombine-binaryop-match-match-n17-d16.pbqp,llvm,heuristic,r1,924.0
242-instcombine-binaryop-match-match-n17-d16.pbqp,llvm,heuristic,r2,6888.0
242-instcombine-binaryop-match-match-n17-d16.pbqp,llvm,heuristic,lower_bound,1492.0
242-instcombine-binaryop-match-match-n17-d16.pbqp,llvm,heuristic,incumbent,68.0
242-instcombine-binaryop-match-match-n17-d16.pbqp,llvm,heuristic,seed,3100.0
243-instcombine-binaryop-match-match-n17-d16.pbqp,llvm,none,other,794.0
243-instcombine-binaryop-match-match-n17-d16.pbqp,llvm,none,topology,51685.0
243-instcombine-binaryop-match-match-n17-d16.pbqp,llvm,none,selection,30606.0
243-instcombine-binaryop-match-match-n17-d16.pbqp,llvm,none,reduction,0.0
243-instcombine-binaryop-match-match-n17-d16.pbqp,llvm,none,reconstruction,648.0
243-instcombine-binaryop-match-match-n17-d16.pbqp,llvm,none,kernel,72746.0
243-instcombine-binaryop-match-match-n17-d16.pbqp,llvm,none,metadata,24243.0
243-instcombine-binaryop-match-match-n17-d16.pbqp,llvm,none,search,76416.0
243-instcombine-binaryop-match-match-n17-d16.pbqp,llvm,none,clone,142700.0
243-instcombine-binaryop-match-match-n17-d16.pbqp,llvm,none,allocation,38171.0
243-instcombine-binaryop-match-match-n17-d16.pbqp,llvm,none,conditioning,29547.0
243-instcombine-binaryop-match-match-n17-d16.pbqp,llvm,none,r0,1066.0
243-instcombine-binaryop-match-match-n17-d16.pbqp,llvm,none,r1,13059.0
243-instcombine-binaryop-match-match-n17-d16.pbqp,llvm,none,r2,49020.0
243-instcombine-binaryop-match-match-n17-d16.pbqp,llvm,none,lower_bound,61021.0
243-instcombine-binaryop-match-match-n17-d16.pbqp,llvm,none,incumbent,9693.0
243-instcombine-binaryop-match-match-n17-d16.pbqp,llvm,none,seed,0.0
243-instcombine-binaryop-match-match-n17-d16.pbqp,llvm,heuristic,other,836.0
243-instcombine-binaryop-match-match-n17-d16.pbqp,llvm,heuristic,topology,6512.0
243-instcombine-binaryop-match-match-n17-d16.pbqp,llvm,heuristic,selection,5421.0
243-instcombine-binaryop-match-match-n17-d16.pbqp,llvm,heuristic,reduction,1379.0
243-instcombine-binaryop-match-match-n17-d16.pbqp,llvm,heuristic,reconstruction,84.0
243-instcombine-binaryop-match-match-n17-d16.pbqp,llvm,heuristic,kernel,16713.0
243-instcombine-binaryop-match-match-n17-d16.pbqp,llvm,heuristic,metadata,957.0
243-instcombine-binaryop-match-match-n17-d16.pbqp,llvm,heuristic,search,138.0
243-instcombine-binaryop-match-match-n17-d16.pbqp,llvm,heuristic,clone,0.0
243-instcombine-binaryop-match-match-n17-d16.pbqp,llvm,heuristic,allocation,2335.0
243-instcombine-binaryop-match-match-n17-d16.pbqp,llvm,heuristic,conditioning,977.0
243-instcombine-binaryop-match-match-n17-d16.pbqp,llvm,heuristic,r0,98.0
243-instcombine-binaryop-match-match-n17-d16.pbqp,llvm,heuristic,r1,902.0
243-instcombine-binaryop-match-match-n17-d16.pbqp,llvm,heuristic,r2,6566.0
243-instcombine-binaryop-match-match-n17-d16.pbqp,llvm,heuristic,lower_bound,1499.0
243-instcombine-binaryop-match-match-n17-d16.pbqp,llvm,heuristic,incumbent,67.0
243-instcombine-binaryop-match-match-n17-d16.pbqp,llvm,heuristic,seed,3271.0
244-instcombine-binaryop-match-match-n19-d16.pbqp,llvm,heuristic,other,548.0
244-instcombine-binaryop-match-match-n19-d16.pbqp,llvm,heuristic,topology,8188.0
244-instcombine-binaryop-match-match-n19-d16.pbqp,llvm,heuristic,selection,8177.0
244-instcombine-binaryop-match-match-n19-d16.pbqp,llvm,heuristic,reduction,2886.0
244-instcombine-binaryop-match-match-n19-d16.pbqp,llvm,heuristic,reconstruction,106.0
244-instcombine-binaryop-match-match-n19-d16.pbqp,llvm,heuristic,kernel,22838.0
244-instcombine-binaryop-match-match-n19-d16.pbqp,llvm,heuristic,metadata,755.0
244-instcombine-binaryop-match-match-n19-d16.pbqp,llvm,heuristic,search,114.0
244-instcombine-binaryop-match-match-n19-d16.pbqp,llvm,heuristic,clone,0.0
244-instcombine-binaryop-match-match-n19-d16.pbqp,llvm,heuristic,allocation,2770.0
244-instcombine-binaryop-match-match-n19-d16.pbqp,llvm,heuristic,conditioning,2249.0
244-instcombine-binaryop-match-match-n19-d16.pbqp,llvm,heuristic,r0,23.0
244-instcombine-binaryop-match-match-n19-d16.pbqp,llvm,heuristic,r1,1523.0
244-instcombine-binaryop-match-match-n19-d16.pbqp,llvm,heuristic,r2,4161.0
244-instcombine-binaryop-match-match-n19-d16.pbqp,llvm,heuristic,lower_bound,2985.0
244-instcombine-binaryop-match-match-n19-d16.pbqp,llvm,heuristic,incumbent,76.0
244-instcombine-binaryop-match-match-n19-d16.pbqp,llvm,heuristic,seed,3575.0
245-instcombine-binaryop-match-match-n31-d16.pbqp,llvm,heuristic,other,856.0
245-instcombine-binaryop-match-match-n31-d16.pbqp,llvm,heuristic,topology,23307.0
245-instcombine-binaryop-match-match-n31-d16.pbqp,llvm,heuristic,selection,23689.0
245-instcombine-binaryop-match-match-n31-d16.pbqp,llvm,heuristic,reduction,8625.0
245-instcombine-binaryop-match-match-n31-d16.pbqp,llvm,heuristic,reconstruction,249.0
245-instcombine-binaryop-match-match-n31-d16.pbqp,llvm,heuristic,kernel,33082.0
245-instcombine-binaryop-match-match-n31-d16.pbqp,llvm,heuristic,metadata,949.0
245-instcombine-binaryop-match-match-n31-d16.pbqp,llvm,heuristic,search,163.0
245-instcombine-binaryop-match-match-n31-d16.pbqp,llvm,heuristic,clone,0.0
245-instcombine-binaryop-match-match-n31-d16.pbqp,llvm,heuristic,allocation,5076.0
245-instcombine-binaryop-match-match-n31-d16.pbqp,llvm,heuristic,conditioning,6361.0
245-instcombine-binaryop-match-match-n31-d16.pbqp,llvm,heuristic,r0,79.0
245-instcombine-binaryop-match-match-n31-d16.pbqp,llvm,heuristic,r1,1580.0
245-instcombine-binaryop-match-match-n31-d16.pbqp,llvm,heuristic,r2,4801.0
245-instcombine-binaryop-match-match-n31-d16.pbqp,llvm,heuristic,lower_bound,4924.0
245-instcombine-binaryop-match-match-n31-d16.pbqp,llvm,heuristic,incumbent,102.0
245-instcombine-binaryop-match-match-n31-d16.pbqp,llvm,heuristic,seed,7487.0
246-instcombine-binaryop-match-match-n24-d16.pbqp,llvm,heuristic,other,663.0
246-instcombine-binaryop-match-match-n24-d16.pbqp,llvm,heuristic,topology,13898.0
246-instcombine-binaryop-match-match-n24-d16.pbqp,llvm,heuristic,selection,14456.0
246-instcombine-binaryop-match-match-n24-d16.pbqp,llvm,heuristic,reduction,5924.0
246-instcombine-binaryop-match-match-n24-d16.pbqp,llvm,heuristic,reconstruction,67.0
246-instcombine-binaryop-match-match-n24-d16.pbqp,llvm,heuristic,kernel,19381.0
246-instcombine-binaryop-match-match-n24-d16.pbqp,llvm,heuristic,metadata,753.0
246-instcombine-binaryop-match-match-n24-d16.pbqp,llvm,heuristic,search,132.0
246-instcombine-binaryop-match-match-n24-d16.pbqp,llvm,heuristic,clone,0.0
246-instcombine-binaryop-match-match-n24-d16.pbqp,llvm,heuristic,allocation,3820.0
246-instcombine-binaryop-match-match-n24-d16.pbqp,llvm,heuristic,conditioning,5055.0
246-instcombine-binaryop-match-match-n24-d16.pbqp,llvm,heuristic,r0,61.0
246-instcombine-binaryop-match-match-n24-d16.pbqp,llvm,heuristic,r1,760.0
246-instcombine-binaryop-match-match-n24-d16.pbqp,llvm,heuristic,r2,3895.0
246-instcombine-binaryop-match-match-n24-d16.pbqp,llvm,heuristic,lower_bound,4124.0
246-instcombine-binaryop-match-match-n24-d16.pbqp,llvm,heuristic,incumbent,71.0
246-instcombine-binaryop-match-match-n24-d16.pbqp,llvm,heuristic,seed,5651.0
247-instcombine-binaryop-match-match-n43-d16.pbqp,llvm,heuristic,other,896.0
247-instcombine-binaryop-match-match-n43-d16.pbqp,llvm,heuristic,topology,38274.0
247-instcombine-binaryop-match-match-n43-d16.pbqp,llvm,heuristic,selection,41663.0
247-instcombine-binaryop-match-match-n43-d16.pbqp,llvm,heuristic,reduction,13915.0
247-instcombine-binaryop-match-match-n43-d16.pbqp,llvm,heuristic,reconstruction,168.0
247-instcombine-binaryop-match-match-n43-d16.pbqp,llvm,heuristic,kernel,41598.0
247-instcombine-binaryop-match-match-n43-d16.pbqp,llvm,heuristic,metadata,855.0
247-instcombine-binaryop-match-match-n43-d16.pbqp,llvm,heuristic,search,144.0
247-instcombine-binaryop-match-match-n43-d16.pbqp,llvm,heuristic,clone,0.0
247-instcombine-binaryop-match-match-n43-d16.pbqp,llvm,heuristic,allocation,6482.0
247-instcombine-binaryop-match-match-n43-d16.pbqp,llvm,heuristic,conditioning,10450.0
247-instcombine-binaryop-match-match-n43-d16.pbqp,llvm,heuristic,r0,47.0
247-instcombine-binaryop-match-match-n43-d16.pbqp,llvm,heuristic,r1,805.0
247-instcombine-binaryop-match-match-n43-d16.pbqp,llvm,heuristic,r2,6903.0
247-instcombine-binaryop-match-match-n43-d16.pbqp,llvm,heuristic,lower_bound,8746.0
247-instcombine-binaryop-match-match-n43-d16.pbqp,llvm,heuristic,incumbent,79.0
247-instcombine-binaryop-match-match-n43-d16.pbqp,llvm,heuristic,seed,10955.0
248-instcombine-binaryop-match-match-n49-d16.pbqp,llvm,heuristic,other,913.0
248-instcombine-binaryop-match-match-n49-d16.pbqp,llvm,heuristic,topology,47469.0
248-instcombine-binaryop-match-match-n49-d16.pbqp,llvm,heuristic,selection,52904.0
248-instcombine-binaryop-match-match-n49-d16.pbqp,llvm,heuristic,reduction,16422.0
248-instcombine-binaryop-match-match-n49-d16.pbqp,llvm,heuristic,reconstruction,229.0
248-instcombine-binaryop-match-match-n49-d16.pbqp,llvm,heuristic,kernel,90615.0
248-instcombine-binaryop-match-match-n49-d16.pbqp,llvm,heuristic,metadata,653.0
248-instcombine-binaryop-match-match-n49-d16.pbqp,llvm,heuristic,search,137.0
248-instcombine-binaryop-match-match-n49-d16.pbqp,llvm,heuristic,clone,0.0
248-instcombine-binaryop-match-match-n49-d16.pbqp,llvm,heuristic,allocation,6565.0
248-instcombine-binaryop-match-match-n49-d16.pbqp,llvm,heuristic,conditioning,11695.0
248-instcombine-binaryop-match-match-n49-d16.pbqp,llvm,heuristic,r0,151.0
248-instcombine-binaryop-match-match-n49-d16.pbqp,llvm,heuristic,r1,1190.0
248-instcombine-binaryop-match-match-n49-d16.pbqp,llvm,heuristic,r2,12778.0
248-instcombine-binaryop-match-match-n49-d16.pbqp,llvm,heuristic,lower_bound,12877.0
248-instcombine-binaryop-match-match-n49-d16.pbqp,llvm,heuristic,incumbent,98.0
248-instcombine-binaryop-match-match-n49-d16.pbqp,llvm,heuristic,seed,12126.0
249-instcombine-castinst-match-match-n16-d16.pbqp,llvm,heuristic,other,553.0
249-instcombine-castinst-match-match-n16-d16.pbqp,llvm,heuristic,topology,7805.0
249-instcombine-castinst-match-match-n16-d16.pbqp,llvm,heuristic,selection,7773.0
249-instcombine-castinst-match-match-n16-d16.pbqp,llvm,heuristic,reduction,3987.0
249-instcombine-castinst-match-match-n16-d16.pbqp,llvm,heuristic,reconstruction,119.0
249-instcombine-castinst-match-match-n16-d16.pbqp,llvm,heuristic,kernel,20268.0
249-instcombine-castinst-match-match-n16-d16.pbqp,llvm,heuristic,metadata,657.0
249-instcombine-castinst-match-match-n16-d16.pbqp,llvm,heuristic,search,179.0
249-instcombine-castinst-match-match-n16-d16.pbqp,llvm,heuristic,clone,0.0
249-instcombine-castinst-match-match-n16-d16.pbqp,llvm,heuristic,allocation,2770.0
249-instcombine-castinst-match-match-n16-d16.pbqp,llvm,heuristic,conditioning,3246.0
249-instcombine-castinst-match-match-n16-d16.pbqp,llvm,heuristic,r0,80.0
249-instcombine-castinst-match-match-n16-d16.pbqp,llvm,heuristic,r1,1004.0
249-instcombine-castinst-match-match-n16-d16.pbqp,llvm,heuristic,r2,3307.0
249-instcombine-castinst-match-match-n16-d16.pbqp,llvm,heuristic,lower_bound,3043.0
249-instcombine-castinst-match-match-n16-d16.pbqp,llvm,heuristic,incumbent,87.0
249-instcombine-castinst-match-match-n16-d16.pbqp,llvm,heuristic,seed,3510.0
250-instcombine-castinst-match-match-n19-d16.pbqp,llvm,heuristic,other,675.0
250-instcombine-castinst-match-match-n19-d16.pbqp,llvm,heuristic,topology,9859.0
250-instcombine-castinst-match-match-n19-d16.pbqp,llvm,heuristic,selection,10292.0
250-instcombine-castinst-match-match-n19-d16.pbqp,llvm,heuristic,reduction,5283.0
250-instcombine-castinst-match-match-n19-d16.pbqp,llvm,heuristic,reconstruction,117.0
250-instcombine-castinst-match-match-n19-d16.pbqp,llvm,heuristic,kernel,37698.0
250-instcombine-castinst-match-match-n19-d16.pbqp,llvm,heuristic,metadata,800.0
250-instcombine-castinst-match-match-n19-d16.pbqp,llvm,heuristic,search,170.0
250-instcombine-castinst-match-match-n19-d16.pbqp,llvm,heuristic,clone,0.0
250-instcombine-castinst-match-match-n19-d16.pbqp,llvm,heuristic,allocation,2921.0
250-instcombine-castinst-match-match-n19-d16.pbqp,llvm,heuristic,conditioning,4327.0
250-instcombine-castinst-match-match-n19-d16.pbqp,llvm,heuristic,r0,72.0
250-instcombine-castinst-match-match-n19-d16.pbqp,llvm,heuristic,r1,1085.0
250-instcombine-castinst-match-match-n19-d16.pbqp,llvm,heuristic,r2,6097.0
250-instcombine-castinst-match-match-n19-d16.pbqp,llvm,heuristic,lower_bound,5532.0
250-instcombine-castinst-match-match-n19-d16.pbqp,llvm,heuristic,incumbent,101.0
250-instcombine-castinst-match-match-n19-d16.pbqp,llvm,heuristic,seed,4853.0
251-instcombine-castinst-match-match-n19-d16.pbqp,llvm,heuristic,other,558.0
251-instcombine-castinst-match-match-n19-d16.pbqp,llvm,heuristic,topology,9165.0
251-instcombine-castinst-match-match-n19-d16.pbqp,llvm,heuristic,selection,9579.0
251-instcombine-castinst-match-match-n19-d16.pbqp,llvm,heuristic,reduction,4694.0
251-instcombine-castinst-match-match-n19-d16.pbqp,llvm,heuristic,reconstruction,100.0
251-instcombine-castinst-match-match-n19-d16.pbqp,llvm,heuristic,kernel,37582.0
251-instcombine-castinst-match-match-n19-d16.pbqp,llvm,heuristic,metadata,722.0
251-instcombine-castinst-match-match-n19-d16.pbqp,llvm,heuristic,search,120.0
251-instcombine-castinst-match-match-n19-d16.pbqp,llvm,heuristic,clone,0.0
251-instcombine-castinst-match-match-n19-d16.pbqp,llvm,heuristic,allocation,2818.0
251-instcombine-castinst-match-match-n19-d16.pbqp,llvm,heuristic,conditioning,3996.0
251-instcombine-castinst-match-match-n19-d16.pbqp,llvm,heuristic,r0,46.0
251-instcombine-castinst-match-match-n19-d16.pbqp,llvm,heuristic,r1,889.0
251-instcombine-castinst-match-match-n19-d16.pbqp,llvm,heuristic,r2,5433.0
251-instcombine-castinst-match-match-n19-d16.pbqp,llvm,heuristic,lower_bound,5271.0
251-instcombine-castinst-match-match-n19-d16.pbqp,llvm,heuristic,incumbent,82.0
251-instcombine-castinst-match-match-n19-d16.pbqp,llvm,heuristic,seed,4300.0
252-instcombine-cmpclass-match-match-n19-d16.pbqp,llvm,heuristic,other,535.0
252-instcombine-cmpclass-match-match-n19-d16.pbqp,llvm,heuristic,topology,9422.0
252-instcombine-cmpclass-match-match-n19-d16.pbqp,llvm,heuristic,selection,9687.0
252-instcombine-cmpclass-match-match-n19-d16.pbqp,llvm,heuristic,reduction,4444.0
252-instcombine-cmpclass-match-match-n19-d16.pbqp,llvm,heuristic,reconstruction,96.0
252-instcombine-cmpclass-match-match-n19-d16.pbqp,llvm,heuristic,kernel,23322.0
252-instcombine-cmpclass-match-match-n19-d16.pbqp,llvm,heuristic,metadata,402.0
252-instcombine-cmpclass-match-match-n19-d16.pbqp,llvm,heuristic,search,121.0
252-instcombine-cmpclass-match-match-n19-d16.pbqp,llvm,heuristic,clone,0.0
252-instcombine-cmpclass-match-match-n19-d16.pbqp,llvm,heuristic,allocation,3267.0
252-instcombine-cmpclass-match-match-n19-d16.pbqp,llvm,heuristic,conditioning,3812.0
252-instcombine-cmpclass-match-match-n19-d16.pbqp,llvm,heuristic,r0,49.0
252-instcombine-cmpclass-match-match-n19-d16.pbqp,llvm,heuristic,r1,322.0
252-instcombine-cmpclass-match-match-n19-d16.pbqp,llvm,heuristic,r2,4955.0
252-instcombine-cmpclass-match-match-n19-d16.pbqp,llvm,heuristic,lower_bound,3641.0
252-instcombine-cmpclass-match-match-n19-d16.pbqp,llvm,heuristic,incumbent,78.0
252-instcombine-cmpclass-match-match-n19-d16.pbqp,llvm,heuristic,seed,4374.0
253-instcombine-cmpclass-match-match-n22-d16.pbqp,llvm,heuristic,other,627.0
253-instcombine-cmpclass-match-match-n22-d16.pbqp,llvm,heuristic,topology,13016.0
253-instcombine-cmpclass-match-match-n22-d16.pbqp,llvm,heuristic,selection,12296.0
253-instcombine-cmpclass-match-match-n22-d16.pbqp,llvm,heuristic,reduction,5309.0
253-instcombine-cmpclass-match-match-n22-d16.pbqp,llvm,heuristic,reconstruction,134.0
253-instcombine-cmpclass-match-match-n22-d16.pbqp,llvm,heuristic,kernel,22819.0
253-instcombine-cmpclass-match-match-n22-d16.pbqp,llvm,heuristic,metadata,518.0
253-instcombine-cmpclass-match-match-n22-d16.pbqp,llvm,heuristic,search,152.0
253-instcombine-cmpclass-match-match-n22-d16.pbqp,llvm,heuristic,clone,0.0
253-instcombine-cmpclass-match-match-n22-d16.pbqp,llvm,heuristic,allocation,3495.0
253-instcombine-cmpclass-match-match-n22-d16.pbqp,llvm,heuristic,conditioning,4530.0
253-instcombine-cmpclass-match-match-n22-d16.pbqp,llvm,heuristic,r0,22.0
253-instcombine-cmpclass-match-match-n22-d16.pbqp,llvm,heuristic,r1,234.0
253-instcombine-cmpclass-match-match-n22-d16.pbqp,llvm,heuristic,r2,4954.0
253-instcombine-cmpclass-match-match-n22-d16.pbqp,llvm,heuristic,lower_bound,4077.0
253-instcombine-cmpclass-match-match-n22-d16.pbqp,llvm,heuristic,incumbent,72.0
253-instcombine-cmpclass-match-match-n22-d16.pbqp,llvm,heuristic,seed,5230.0
254-instcombine-nnegzext-match-match-n20-d16.pbqp,llvm,heuristic,other,696.0
254-instcombine-nnegzext-match-match-n20-d16.pbqp,llvm,heuristic,topology,10458.0
254-instcombine-nnegzext-match-match-n20-d16.pbqp,llvm,heuristic,selection,10704.0
254-instcombine-nnegzext-match-match-n20-d16.pbqp,llvm,heuristic,reduction,5460.0
254-instcombine-nnegzext-match-match-n20-d16.pbqp,llvm,heuristic,reconstruction,149.0
254-instcombine-nnegzext-match-match-n20-d16.pbqp,llvm,heuristic,kernel,39157.0
254-instcombine-nnegzext-match-match-n20-d16.pbqp,llvm,heuristic,metadata,979.0
254-instcombine-nnegzext-match-match-n20-d16.pbqp,llvm,heuristic,search,183.0
254-instcombine-nnegzext-match-match-n20-d16.pbqp,llvm,heuristic,clone,0.0
254-instcombine-nnegzext-match-match-n20-d16.pbqp,llvm,heuristic,allocation,3695.0
254-instcombine-nnegzext-match-match-n20-d16.pbqp,llvm,heuristic,conditioning,4442.0
254-instcombine-nnegzext-match-match-n20-d16.pbqp,llvm,heuristic,r0,71.0
254-instcombine-nnegzext-match-match-n20-d16.pbqp,llvm,heuristic,r1,1171.0
254-instcombine-nnegzext-match-match-n20-d16.pbqp,llvm,heuristic,r2,4096.0
254-instcombine-nnegzext-match-match-n20-d16.pbqp,llvm,heuristic,lower_bound,4609.0
254-instcombine-nnegzext-match-match-n20-d16.pbqp,llvm,heuristic,incumbent,102.0
254-instcombine-nnegzext-match-match-n20-d16.pbqp,llvm,heuristic,seed,4758.0
255-instcombine-threeops-match-match-n22-d16.pbqp,llvm,heuristic,other,667.0
255-instcombine-threeops-match-match-n22-d16.pbqp,llvm,heuristic,topology,11524.0
255-instcombine-threeops-match-match-n22-d16.pbqp,llvm,heuristic,selection,11022.0
255-instcombine-threeops-match-match-n22-d16.pbqp,llvm,heuristic,reduction,4408.0
255-instcombine-threeops-match-match-n22-d16.pbqp,llvm,heuristic,reconstruction,98.0
255-instcombine-threeops-match-match-n22-d16.pbqp,llvm,heuristic,kernel,27718.0
255-instcombine-threeops-match-match-n22-d16.pbqp,llvm,heuristic,metadata,825.0
255-instcombine-threeops-match-match-n22-d16.pbqp,llvm,heuristic,search,127.0
255-instcombine-threeops-match-match-n22-d16.pbqp,llvm,heuristic,clone,0.0
255-instcombine-threeops-match-match-n22-d16.pbqp,llvm,heuristic,allocation,3602.0
255-instcombine-threeops-match-match-n22-d16.pbqp,llvm,heuristic,conditioning,3710.0
255-instcombine-threeops-match-match-n22-d16.pbqp,llvm,heuristic,r0,57.0
255-instcombine-threeops-match-match-n22-d16.pbqp,llvm,heuristic,r1,793.0
255-instcombine-threeops-match-match-n22-d16.pbqp,llvm,heuristic,r2,5778.0
255-instcombine-threeops-match-match-n22-d16.pbqp,llvm,heuristic,lower_bound,4148.0
255-instcombine-threeops-match-match-n22-d16.pbqp,llvm,heuristic,incumbent,88.0
255-instcombine-threeops-match-match-n22-d16.pbqp,llvm,heuristic,seed,5130.0
256-instcombine-cstval-pred-ty-matchvector-n15-d16.pbqp,llvm,heuristic,other,661.0
256-instcombine-cstval-pred-ty-matchvector-n15-d16.pbqp,llvm,heuristic,topology,5436.0
256-instcombine-cstval-pred-ty-matchvector-n15-d16.pbqp,llvm,heuristic,selection,4772.0
256-instcombine-cstval-pred-ty-matchvector-n15-d16.pbqp,llvm,heuristic,reduction,2400.0
256-instcombine-cstval-pred-ty-matchvector-n15-d16.pbqp,llvm,heuristic,reconstruction,96.0
256-instcombine-cstval-pred-ty-matchvector-n15-d16.pbqp,llvm,heuristic,kernel,16478.0
256-instcombine-cstval-pred-ty-matchvector-n15-d16.pbqp,llvm,heuristic,metadata,877.0
256-instcombine-cstval-pred-ty-matchvector-n15-d16.pbqp,llvm,heuristic,search,154.0
256-instcombine-cstval-pred-ty-matchvector-n15-d16.pbqp,llvm,heuristic,clone,0.0
256-instcombine-cstval-pred-ty-matchvector-n15-d16.pbqp,llvm,heuristic,allocation,2771.0
256-instcombine-cstval-pred-ty-matchvector-n15-d16.pbqp,llvm,heuristic,conditioning,2193.0
256-instcombine-cstval-pred-ty-matchvector-n15-d16.pbqp,llvm,heuristic,r0,24.0
256-instcombine-cstval-pred-ty-matchvector-n15-d16.pbqp,llvm,heuristic,r1,1129.0
256-instcombine-cstval-pred-ty-matchvector-n15-d16.pbqp,llvm,heuristic,r2,5296.0
256-instcombine-cstval-pred-ty-matchvector-n15-d16.pbqp,llvm,heuristic,lower_bound,2131.0
256-instcombine-cstval-pred-ty-matchvector-n15-d16.pbqp,llvm,heuristic,incumbent,95.0
256-instcombine-cstval-pred-ty-matchvector-n15-d16.pbqp,llvm,heuristic,seed,3261.0
257-instcombine-cstval-pred-ty-matchvector-n15-d16.pbqp,llvm,none,other,644.0
257-instcombine-cstval-pred-ty-matchvector-n15-d16.pbqp,llvm,none,topology,118086.0
257-instcombine-cstval-pred-ty-matchvector-n15-d16.pbqp,llvm,none,selection,67085.0
257-instcombine-cstval-pred-ty-matchvector-n15-d16.pbqp,llvm,none,reduction,0.0
257-instcombine-cstval-pred-ty-matchvector-n15-d16.pbqp,llvm,none,reconstruction,556.0
257-instcombine-cstval-pred-ty-matchvector-n15-d16.pbqp,llvm,none,kernel,112774.0
257-instcombine-cstval-pred-ty-matchvector-n15-d16.pbqp,llvm,none,metadata,28163.0
257-instcombine-cstval-pred-ty-matchvector-n15-d16.pbqp,llvm,none,search,174732.0
257-instcombine-cstval-pred-ty-matchvector-n15-d16.pbqp,llvm,none,clone,374276.0
257-instcombine-cstval-pred-ty-matchvector-n15-d16.pbqp,llvm,none,allocation,78819.0
257-instcombine-cstval-pred-ty-matchvector-n15-d16.pbqp,llvm,none,conditioning,92887.0
257-instcombine-cstval-pred-ty-matchvector-n15-d16.pbqp,llvm,none,r0,2350.0
257-instcombine-cstval-pred-ty-matchvector-n15-d16.pbqp,llvm,none,r1,23110.0
257-instcombine-cstval-pred-ty-matchvector-n15-d16.pbqp,llvm,none,r2,66344.0
257-instcombine-cstval-pred-ty-matchvector-n15-d16.pbqp,llvm,none,lower_bound,191411.0
257-instcombine-cstval-pred-ty-matchvector-n15-d16.pbqp,llvm,none,incumbent,24405.0
257-instcombine-cstval-pred-ty-matchvector-n15-d16.pbqp,llvm,none,seed,0.0
257-instcombine-cstval-pred-ty-matchvector-n15-d16.pbqp,llvm,heuristic,other,726.0
257-instcombine-cstval-pred-ty-matchvector-n15-d16.pbqp,llvm,heuristic,topology,6379.0
257-instcombine-cstval-pred-ty-matchvector-n15-d16.pbqp,llvm,heuristic,selection,4699.0
257-instcombine-cstval-pred-ty-matchvector-n15-d16.pbqp,llvm,heuristic,reduction,2704.0
257-instcombine-cstval-pred-ty-matchvector-n15-d16.pbqp,llvm,heuristic,reconstruction,93.0
257-instcombine-cstval-pred-ty-matchvector-n15-d16.pbqp,llvm,heuristic,kernel,15080.0
257-instcombine-cstval-pred-ty-matchvector-n15-d16.pbqp,llvm,heuristic,metadata,976.0
257-instcombine-cstval-pred-ty-matchvector-n15-d16.pbqp,llvm,heuristic,search,196.0
257-instcombine-cstval-pred-ty-matchvector-n15-d16.pbqp,llvm,heuristic,clone,0.0
257-instcombine-cstval-pred-ty-matchvector-n15-d16.pbqp,llvm,heuristic,allocation,2717.0
257-instcombine-cstval-pred-ty-matchvector-n15-d16.pbqp,llvm,heuristic,conditioning,2558.0
257-instcombine-cstval-pred-ty-matchvector-n15-d16.pbqp,llvm,heuristic,r0,77.0
257-instcombine-cstval-pred-ty-matchvector-n15-d16.pbqp,llvm,heuristic,r1,979.0
257-instcombine-cstval-pred-ty-matchvector-n15-d16.pbqp,llvm,heuristic,r2,5245.0
257-instcombine-cstval-pred-ty-matchvector-n15-d16.pbqp,llvm,heuristic,lower_bound,2099.0
257-instcombine-cstval-pred-ty-matchvector-n15-d16.pbqp,llvm,heuristic,incumbent,91.0
257-instcombine-cstval-pred-ty-matchvector-n15-d16.pbqp,llvm,heuristic,seed,3388.0
258-instcombine-cstval-pred-ty-matchvector-n13-d16.pbqp,llvm,none,other,603.0
258-instcombine-cstval-pred-ty-matchvector-n13-d16.pbqp,llvm,none,topology,80685.0
258-instcombine-cstval-pred-ty-matchvector-n13-d16.pbqp,llvm,none,selection,44587.0
258-instcombine-cstval-pred-ty-matchvector-n13-d16.pbqp,llvm,none,reduction,0.0
258-instcombine-cstval-pred-ty-matchvector-n13-d16.pbqp,llvm,none,reconstruction,387.0
258-instcombine-cstval-pred-ty-matchvector-n13-d16.pbqp,llvm,none,kernel,81727.0
258-instcombine-cstval-pred-ty-matchvector-n13-d16.pbqp,llvm,none,metadata,18705.0
258-instcombine-cstval-pred-ty-matchvector-n13-d16.pbqp,llvm,none,search,129899.0
258-instcombine-cstval-pred-ty-matchvector-n13-d16.pbqp,llvm,none,clone,240656.0
258-instcombine-cstval-pred-ty-matchvector-n13-d16.pbqp,llvm,none,allocation,58854.0
258-instcombine-cstval-pred-ty-matchvector-n13-d16.pbqp,llvm,none,conditioning,70978.0
258-instcombine-cstval-pred-ty-matchvector-n13-d16.pbqp,llvm,none,r0,1721.0
258-instcombine-cstval-pred-ty-matchvector-n13-d16.pbqp,llvm,none,r1,13392.0
258-instcombine-cstval-pred-ty-matchvector-n13-d16.pbqp,llvm,none,r2,44893.0
258-instcombine-cstval-pred-ty-matchvector-n13-d16.pbqp,llvm,none,lower_bound,132203.0
258-instcombine-cstval-pred-ty-matchvector-n13-d16.pbqp,llvm,none,incumbent,18017.0
258-instcombine-cstval-pred-ty-matchvector-n13-d16.pbqp,llvm,none,seed,0.0
258-instcombine-cstval-pred-ty-matchvector-n13-d16.pbqp,llvm,heuristic,other,548.0
258-instcombine-cstval-pred-ty-matchvector-n13-d16.pbqp,llvm,heuristic,topology,4769.0
258-instcombine-cstval-pred-ty-matchvector-n13-d16.pbqp,llvm,heuristic,selection,4460.0
258-instcombine-cstval-pred-ty-matchvector-n13-d16.pbqp,llvm,heuristic,reduction,1994.0
258-instcombine-cstval-pred-ty-matchvector-n13-d16.pbqp,llvm,heuristic,reconstruction,96.0
258-instcombine-cstval-pred-ty-matchvector-n13-d16.pbqp,llvm,heuristic,kernel,8761.0
258-instcombine-cstval-pred-ty-matchvector-n13-d16.pbqp,llvm,heuristic,metadata,520.0
258-instcombine-cstval-pred-ty-matchvector-n13-d16.pbqp,llvm,heuristic,search,154.0
258-instcombine-cstval-pred-ty-matchvector-n13-d16.pbqp,llvm,heuristic,clone,0.0
258-instcombine-cstval-pred-ty-matchvector-n13-d16.pbqp,llvm,heuristic,allocation,2241.0
258-instcombine-cstval-pred-ty-matchvector-n13-d16.pbqp,llvm,heuristic,conditioning,1987.0
258-instcombine-cstval-pred-ty-matchvector-n13-d16.pbqp,llvm,heuristic,r0,108.0
258-instcombine-cstval-pred-ty-matchvector-n13-d16.pbqp,llvm,heuristic,r1,1315.0
258-instcombine-cstval-pred-ty-matchvector-n13-d16.pbqp,llvm,heuristic,r2,1389.0
258-instcombine-cstval-pred-ty-matchvector-n13-d16.pbqp,llvm,heuristic,lower_bound,1786.0
258-instcombine-cstval-pred-ty-matchvector-n13-d16.pbqp,llvm,heuristic,incumbent,68.0
258-instcombine-cstval-pred-ty-matchvector-n13-d16.pbqp,llvm,heuristic,seed,2860.0
259-instcombine-cstval-pred-ty-matchvector-n13-d16.pbqp,llvm,none,other,477.0
259-instcombine-cstval-pred-ty-matchvector-n13-d16.pbqp,llvm,none,topology,84336.0
259-instcombine-cstval-pred-ty-matchvector-n13-d16.pbqp,llvm,none,selection,46480.0
259-instcombine-cstval-pred-ty-matchvector-n13-d16.pbqp,llvm,none,reduction,0.0
259-instcombine-cstval-pred-ty-matchvector-n13-d16.pbqp,llvm,none,reconstruction,384.0
259-instcombine-cstval-pred-ty-matchvector-n13-d16.pbqp,llvm,none,kernel,86509.0
259-instcombine-cstval-pred-ty-matchvector-n13-d16.pbqp,llvm,none,metadata,18459.0
259-instcombine-cstval-pred-ty-matchvector-n13-d16.pbqp,llvm,none,search,134701.0
259-instcombine-cstval-pred-ty-matchvector-n13-d16.pbqp,llvm,none,clone,243195.0
259-instcombine-cstval-pred-ty-matchvector-n13-d16.pbqp,llvm,none,allocation,61488.0
259-instcombine-cstval-pred-ty-matchvector-n13-d16.pbqp,llvm,none,conditioning,75958.0
259-instcombine-cstval-pred-ty-matchvector-n13-d16.pbqp,llvm,none,r0,1721.0
259-instcombine-cstval-pred-ty-matchvector-n13-d16.pbqp,llvm,none,r1,13624.0
259-instcombine-cstval-pred-ty-matchvector-n13-d16.pbqp,llvm,none,r2,47635.0
259-instcombine-cstval-pred-ty-matchvector-n13-d16.pbqp,llvm,none,lower_bound,139116.0
259-instcombine-cstval-pred-ty-matchvector-n13-d16.pbqp,llvm,none,incumbent,18712.0
259-instcombine-cstval-pred-ty-matchvector-n13-d16.pbqp,llvm,none,seed,0.0
259-instcombine-cstval-pred-ty-matchvector-n13-d16.pbqp,llvm,heuristic,other,495.0
259-instcombine-cstval-pred-ty-matchvector-n13-d16.pbqp,llvm,heuristic,topology,4563.0
259-instcombine-cstval-pred-ty-matchvector-n13-d16.pbqp,llvm,heuristic,selection,4302.0
259-instcombine-cstval-pred-ty-matchvector-n13-d16.pbqp,llvm,heuristic,reduction,1931.0
259-instcombine-cstval-pred-ty-matchvector-n13-d16.pbqp,llvm,heuristic,reconstruction,104.0
259-instcombine-cstval-pred-ty-matchvector-n13-d16.pbqp,llvm,heuristic,kernel,8395.0
259-instcombine-cstval-pred-ty-matchvector-n13-d16.pbqp,llvm,heuristic,metadata,485.0
259-instcombine-cstval-pred-ty-matchvector-n13-d16.pbqp,llvm,heuristic,search,130.0
259-instcombine-cstval-pred-ty-matchvector-n13-d16.pbqp,llvm,heuristic,clone,0.0
259-instcombine-cstval-pred-ty-matchvector-n13-d16.pbqp,llvm,heuristic,allocation,2169.0
259-instcombine-cstval-pred-ty-matchvector-n13-d16.pbqp,llvm,heuristic,conditioning,1935.0
259-instcombine-cstval-pred-ty-matchvector-n13-d16.pbqp,llvm,heuristic,r0,82.0
259-instcombine-cstval-pred-ty-matchvector-n13-d16.pbqp,llvm,heuristic,r1,1252.0
259-instcombine-cstval-pred-ty-matchvector-n13-d16.pbqp,llvm,heuristic,r2,1382.0
259-instcombine-cstval-pred-ty-matchvector-n13-d16.pbqp,llvm,heuristic,lower_bound,1736.0
259-instcombine-cstval-pred-ty-matchvector-n13-d16.pbqp,llvm,heuristic,incumbent,72.0
259-instcombine-cstval-pred-ty-matchvector-n13-d16.pbqp,llvm,heuristic,seed,2786.0
260-instcombine-cstval-pred-ty-matchvector-n19-d16.pbqp,llvm,heuristic,other,794.0
260-instcombine-cstval-pred-ty-matchvector-n19-d16.pbqp,llvm,heuristic,topology,8851.0
260-instcombine-cstval-pred-ty-matchvector-n19-d16.pbqp,llvm,heuristic,selection,7173.0
260-instcombine-cstval-pred-ty-matchvector-n19-d16.pbqp,llvm,heuristic,reduction,3334.0
260-instcombine-cstval-pred-ty-matchvector-n19-d16.pbqp,llvm,heuristic,reconstruction,136.0
260-instcombine-cstval-pred-ty-matchvector-n19-d16.pbqp,llvm,heuristic,kernel,41596.0
260-instcombine-cstval-pred-ty-matchvector-n19-d16.pbqp,llvm,heuristic,metadata,1632.0
260-instcombine-cstval-pred-ty-matchvector-n19-d16.pbqp,llvm,heuristic,search,142.0
260-instcombine-cstval-pred-ty-matchvector-n19-d16.pbqp,llvm,heuristic,clone,0.0
260-instcombine-cstval-pred-ty-matchvector-n19-d16.pbqp,llvm,heuristic,allocation,3537.0
260-instcombine-cstval-pred-ty-matchvector-n19-d16.pbqp,llvm,heuristic,conditioning,2892.0
260-instcombine-cstval-pred-ty-matchvector-n19-d16.pbqp,llvm,heuristic,r0,56.0
260-instcombine-cstval-pred-ty-matchvector-n19-d16.pbqp,llvm,heuristic,r1,1383.0
260-instcombine-cstval-pred-ty-matchvector-n19-d16.pbqp,llvm,heuristic,r2,10920.0
260-instcombine-cstval-pred-ty-matchvector-n19-d16.pbqp,llvm,heuristic,lower_bound,2834.0
260-instcombine-cstval-pred-ty-matchvector-n19-d16.pbqp,llvm,heuristic,incumbent,74.0
260-instcombine-cstval-pred-ty-matchvector-n19-d16.pbqp,llvm,heuristic,seed,4019.0
261-instcombine-cstval-pred-ty-matchvector-n15-d16.pbqp,llvm,none,other,643.0
261-instcombine-cstval-pred-ty-matchvector-n15-d16.pbqp,llvm,none,topology,115155.0
261-instcombine-cstval-pred-ty-matchvector-n15-d16.pbqp,llvm,none,selection,63466.0
261-instcombine-cstval-pred-ty-matchvector-n15-d16.pbqp,llvm,none,reduction,0.0
261-instcombine-cstval-pred-ty-matchvector-n15-d16.pbqp,llvm,none,reconstruction,575.0
261-instcombine-cstval-pred-ty-matchvector-n15-d16.pbqp,llvm,none,kernel,131896.0
261-instcombine-cstval-pred-ty-matchvector-n15-d16.pbqp,llvm,none,metadata,20668.0
261-instcombine-cstval-pred-ty-matchvector-n15-d16.pbqp,llvm,none,search,173159.0
261-instcombine-cstval-pred-ty-matchvector-n15-d16.pbqp,llvm,none,clone,375102.0
261-instcombine-cstval-pred-ty-matchvector-n15-d16.pbqp,llvm,none,allocation,78871.0
261-instcombine-cstval-pred-ty-matchvector-n15-d16.pbqp,llvm,none,conditioning,95251.0
261-instcombine-cstval-pred-ty-matchvector-n15-d16.pbqp,llvm,none,r0,2750.0
261-instcombine-cstval-pred-ty-matchvector-n15-d16.pbqp,llvm,none,r1,18510.0
261-instcombine-cstval-pred-ty-matchvector-n15-d16.pbqp,llvm,none,r2,67607.0
261-instcombine-cstval-pred-ty-matchvector-n15-d16.pbqp,llvm,none,lower_bound,187901.0
261-instcombine-cstval-pred-ty-matchvector-n15-d16.pbqp,llvm,none,incumbent,23834.0
261-instcombine-cstval-pred-ty-matchvector-n15-d16.pbqp,llvm,none,seed,0.0
261-instcombine-cstval-pred-ty-matchvector-n15-d16.pbqp,llvm,heuristic,other,631.0
261-instcombine-cstval-pred-ty-matchvector-n15-d16.pbqp,llvm,heuristic,topology,5723.0
261-instcombine-cstval-pred-ty-matchvector-n15-d16.pbqp,llvm,heuristic,selection,4611.0
261-instcombine-cstval-pred-ty-matchvector-n15-d16.pbqp,llvm,heuristic,reduction,2317.0
261-instcombine-cstval-pred-ty-matchvector-n15-d16.pbqp,llvm,heuristic,reconstruction,54.0
261-instcombine-cstval-pred-ty-matchvector-n15-d16.pbqp,llvm,heuristic,kernel,13179.0
261-instcombine-cstval-pred-ty-matchvector-n15-d16.pbqp,llvm,heuristic,metadata,857.0
261-instcombine-cstval-pred-ty-matchvector-n15-d16.pbqp,llvm,heuristic,search,121.0
261-instcombine-cstval-pred-ty-matchvector-n15-d16.pbqp,llvm,heuristic,clone,0.0
261-instcombine-cstval-pred-ty-matchvector-n15-d16.pbqp,llvm,heuristic,allocation,2553.0
261-instcombine-cstval-pred-ty-matchvector-n15-d16.pbqp,llvm,heuristic,conditioning,2176.0
261-instcombine-cstval-pred-ty-matchvector-n15-d16.pbqp,llvm,heuristic,r0,41.0
261-instcombine-cstval-pred-ty-matchvector-n15-d16.pbqp,llvm,heuristic,r1,1084.0
261-instcombine-cstval-pred-ty-matchvector-n15-d16.pbqp,llvm,heuristic,r2,3882.0
261-instcombine-cstval-pred-ty-matchvector-n15-d16.pbqp,llvm,heuristic,lower_bound,2072.0
261-instcombine-cstval-pred-ty-matchvector-n15-d16.pbqp,llvm,heuristic,incumbent,72.0
261-instcombine-cstval-pred-ty-matchvector-n15-d16.pbqp,llvm,heuristic,seed,3266.0
262-instcombine-specific-fpval-match-n21-d17.pbqp,llvm,heuristic,other,459.0
262-instcombine-specific-fpval-match-n21-d17.pbqp,llvm,heuristic,topology,9383.0
262-instcombine-specific-fpval-match-n21-d17.pbqp,llvm,heuristic,selection,8777.0
262-instcombine-specific-fpval-match-n21-d17.pbqp,llvm,heuristic,reduction,2873.0
262-instcombine-specific-fpval-match-n21-d17.pbqp,llvm,heuristic,reconstruction,118.0
262-instcombine-specific-fpval-match-n21-d17.pbqp,llvm,heuristic,kernel,13779.0
262-instcombine-specific-fpval-match-n21-d17.pbqp,llvm,heuristic,metadata,0.0
262-instcombine-specific-fpval-match-n21-d17.pbqp,llvm,heuristic,search,124.0
262-instcombine-specific-fpval-match-n21-d17.pbqp,llvm,heuristic,clone,0.0
262-instcombine-specific-fpval-match-n21-d17.pbqp,llvm,heuristic,allocation,2518.0
262-instcombine-specific-fpval-match-n21-d17.pbqp,llvm,heuristic,conditioning,2245.0
262-instcombine-specific-fpval-match-n21-d17.pbqp,llvm,heuristic,r0,152.0
262-instcombine-specific-fpval-match-n21-d17.pbqp,llvm,heuristic,r1,505.0
262-instcombine-specific-fpval-match-n21-d17.pbqp,llvm,heuristic,r2,4202.0
262-instcombine-specific-fpval-match-n21-d17.pbqp,llvm,heuristic,lower_bound,2477.0
262-instcombine-specific-fpval-match-n21-d17.pbqp,llvm,heuristic,incumbent,67.0
262-instcombine-specific-fpval-match-n21-d17.pbqp,llvm,heuristic,seed,4469.0
263-instcombine-disjointor-match-match-n19-d16.pbqp,llvm,heuristic,other,485.0
263-instcombine-disjointor-match-match-n19-d16.pbqp,llvm,heuristic,topology,9505.0
263-instcombine-disjointor-match-match-n19-d16.pbqp,llvm,heuristic,selection,9958.0
263-instcombine-disjointor-match-match-n19-d16.pbqp,llvm,heuristic,reduction,4246.0
263-instcombine-disjointor-match-match-n19-d16.pbqp,llvm,heuristic,reconstruction,95.0
263-instcombine-disjointor-match-match-n19-d16.pbqp,llvm,heuristic,kernel,14831.0
263-instcombine-disjointor-match-match-n19-d16.pbqp,llvm,heuristic,metadata,517.0
263-instcombine-disjointor-match-match-n19-d16.pbqp,llvm,heuristic,search,122.0
263-instcombine-disjointor-match-match-n19-d16.pbqp,llvm,heuristic,clone,0.0
263-instcombine-disjointor-match-match-n19-d16.pbqp,llvm,heuristic,allocation,2883.0
263-instcombine-disjointor-match-match-n19-d16.pbqp,llvm,heuristic,conditioning,3430.0
263-instcombine-disjointor-match-match-n19-d16.pbqp,llvm,heuristic,r0,23.0
263-instcombine-disjointor-match-match-n19-d16.pbqp,llvm,heuristic,r1,842.0
263-instcombine-disjointor-match-match-n19-d16.pbqp,llvm,heuristic,r2,2145.0
263-instcombine-disjointor-match-match-n19-d16.pbqp,llvm,heuristic,lower_bound,3116.0
263-instcombine-disjointor-match-match-n19-d16.pbqp,llvm,heuristic,incumbent,66.0
263-instcombine-disjointor-match-match-n19-d16.pbqp,llvm,heuristic,seed,3925.0
264-instcombine-anybinaryop-match-match-n17-d16.pbqp,llvm,heuristic,other,531.0
264-instcombine-anybinaryop-match-match-n17-d16.pbqp,llvm,heuristic,topology,7888.0
264-instcombine-anybinaryop-match-match-n17-d16.pbqp,llvm,heuristic,selection,8343.0
264-instcombine-anybinaryop-match-match-n17-d16.pbqp,llvm,heuristic,reduction,3653.0
264-instcombine-anybinaryop-match-match-n17-d16.pbqp,llvm,heuristic,reconstruction,104.0
264-instcombine-anybinaryop-match-match-n17-d16.pbqp,llvm,heuristic,kernel,20815.0
264-instcombine-anybinaryop-match-match-n17-d16.pbqp,llvm,heuristic,metadata,551.0
264-instcombine-anybinaryop-match-match-n17-d16.pbqp,llvm,heuristic,search,124.0
264-instcombine-anybinaryop-match-match-n17-d16.pbqp,llvm,heuristic,clone,0.0
264-instcombine-anybinaryop-match-match-n17-d16.pbqp,llvm,heuristic,allocation,2842.0
264-instcombine-anybinaryop-match-match-n17-d16.pbqp,llvm,heuristic,conditioning,3006.0
264-instcombine-anybinaryop-match-match-n17-d16.pbqp,llvm,heuristic,r0,37.0
264-instcombine-anybinaryop-match-match-n17-d16.pbqp,llvm,heuristic,r1,863.0
264-instcombine-anybinaryop-match-match-n17-d16.pbqp,llvm,heuristic,r2,3222.0
264-instcombine-anybinaryop-match-match-n17-d16.pbqp,llvm,heuristic,lower_bound,3075.0
264-instcombine-anybinaryop-match-match-n17-d16.pbqp,llvm,heuristic,incumbent,68.0
264-instcombine-anybinaryop-match-match-n17-d16.pbqp,llvm,heuristic,seed,3611.0
265-instcombine-anybinaryop-match-match-n28-d16.pbqp,llvm,heuristic,other,595.0
265-instcombine-anybinaryop-match-match-n28-d16.pbqp,llvm,heuristic,topology,18057.0
265-instcombine-anybinaryop-match-match-n28-d16.pbqp,llvm,heuristic,selection,19567.0
265-instcombine-anybinaryop-match-match-n28-d16.pbqp,llvm,heuristic,reduction,6740.0
265-instcombine-anybinaryop-match-match-n28-d16.pbqp,llvm,heuristic,reconstruction,95.0
265-instcombine-anybinaryop-match-match-n28-d16.pbqp,llvm,heuristic,kernel,29570.0
265-instcombine-anybinaryop-match-match-n28-d16.pbqp,llvm,heuristic,metadata,659.0
265-instcombine-anybinaryop-match-match-n28-d16.pbqp,llvm,heuristic,search,117.0
265-instcombine-anybinaryop-match-match-n28-d16.pbqp,llvm,heuristic,clone,0.0
265-instcombine-anybinaryop-match-match-n28-d16.pbqp,llvm,heuristic,allocation,3866.0
265-instcombine-anybinaryop-match-match-n28-d16.pbqp,llvm,heuristic,conditioning,5281.0
265-instcombine-anybinaryop-match-match-n28-d16.pbqp,llvm,heuristic,r0,36.0
265-instcombine-anybinaryop-match-match-n28-d16.pbqp,llvm,heuristic,r1,825.0
265-instcombine-anybinaryop-match-match-n28-d16.pbqp,llvm,heuristic,r2,4191.0
265-instcombine-anybinaryop-match-match-n28-d16.pbqp,llvm,heuristic,lower_bound,5534.0
265-instcombine-anybinaryop-match-match-n28-d16.pbqp,llvm,heuristic,incumbent,68.0
265-instcombine-anybinaryop-match-match-n28-d16.pbqp,llvm,heuristic,seed,6030.0
266-instcombine-anybinaryop-match-match-n33-d16.pbqp,llvm,heuristic,other,703.0
266-instcombine-anybinaryop-match-match-n33-d16.pbqp,llvm,heuristic,topology,23425.0
266-instcombine-anybinaryop-match-match-n33-d16.pbqp,llvm,heuristic,selection,25249.0
266-instcombine-anybinaryop-match-match-n33-d16.pbqp,llvm,heuristic,reduction,8505.0
266-instcombine-anybinaryop-match-match-n33-d16.pbqp,llvm,heuristic,reconstruction,128.0
266-instcombine-anybinaryop-match-match-n33-d16.pbqp,llvm,heuristic,kernel,54629.0
266-instcombine-anybinaryop-match-match-n33-d16.pbqp,llvm,heuristic,metadata,633.0
266-instcombine-anybinaryop-match-match-n33-d16.pbqp,llvm,heuristic,search,135.0
266-instcombine-anybinaryop-match-match-n33-d16.pbqp,llvm,heuristic,clone,0.0
266-instcombine-anybinaryop-match-match-n33-d16.pbqp,llvm,heuristic,allocation,4319.0
266-instcombine-anybinaryop-match-match-n33-d16.pbqp,llvm,heuristic,conditioning,6503.0
266-instcombine-anybinaryop-match-match-n33-d16.pbqp,llvm,heuristic,r0,92.0
266-instcombine-anybinaryop-match-match-n33-d16.pbqp,llvm,heuristic,r1,898.0
266-instcombine-anybinaryop-match-match-n33-d16.pbqp,llvm,heuristic,r2,9227.0
266-instcombine-anybinaryop-match-match-n33-d16.pbqp,llvm,heuristic,lower_bound,8216.0
266-instcombine-anybinaryop-match-match-n33-d16.pbqp,llvm,heuristic,incumbent,83.0
266-instcombine-anybinaryop-match-match-n33-d16.pbqp,llvm,heuristic,seed,8114.0
267-instcombine-anybinaryop-match-match-n19-d16.pbqp,llvm,heuristic,other,495.0
267-instcombine-anybinaryop-match-match-n19-d16.pbqp,llvm,heuristic,topology,9591.0
267-instcombine-anybinaryop-match-match-n19-d16.pbqp,llvm,heuristic,selection,9734.0
267-instcombine-anybinaryop-match-match-n19-d16.pbqp,llvm,heuristic,reduction,4107.0
267-instcombine-anybinaryop-match-match-n19-d16.pbqp,llvm,heuristic,reconstruction,99.0
267-instcombine-anybinaryop-match-match-n19-d16.pbqp,llvm,heuristic,kernel,14636.0
267-instcombine-anybinaryop-match-match-n19-d16.pbqp,llvm,heuristic,metadata,588.0
267-instcombine-anybinaryop-match-match-n19-d16.pbqp,llvm,heuristic,search,126.0
267-instcombine-anybinaryop-match-match-n19-d16.pbqp,llvm,heuristic,clone,0.0
267-instcombine-anybinaryop-match-match-n19-d16.pbqp,llvm,heuristic,allocation,2805.0
267-instcombine-anybinaryop-match-match-n19-d16.pbqp,llvm,heuristic,conditioning,3318.0
267-instcombine-anybinaryop-match-match-n19-d16.pbqp,llvm,heuristic,r0,41.0
267-instcombine-anybinaryop-match-match-n19-d16.pbqp,llvm,heuristic,r1,815.0
267-instcombine-anybinaryop-match-match-n19-d16.pbqp,llvm,heuristic,r2,2817.0
267-instcombine-anybinaryop-match-match-n19-d16.pbqp,llvm,heuristic,lower_bound,2981.0
267-instcombine-anybinaryop-match-match-n19-d16.pbqp,llvm,heuristic,incumbent,69.0
267-instcombine-anybinaryop-match-match-n19-d16.pbqp,llvm,heuristic,seed,3898.0
268-instcombine-anybinaryop-match-match-n34-d16.pbqp,llvm,heuristic,other,735.0
268-instcombine-anybinaryop-match-match-n34-d16.pbqp,llvm,heuristic,topology,26438.0
268-instcombine-anybinaryop-match-match-n34-d16.pbqp,llvm,heuristic,selection,28813.0
268-instcombine-anybinaryop-match-match-n34-d16.pbqp,llvm,heuristic,reduction,10478.0
268-instcombine-anybinaryop-match-match-n34-d16.pbqp,llvm,heuristic,reconstruction,158.0
268-instcombine-anybinaryop-match-match-n34-d16.pbqp,llvm,heuristic,kernel,29976.0
268-instcombine-anybinaryop-match-match-n34-d16.pbqp,llvm,heuristic,metadata,562.0
268-instcombine-anybinaryop-match-match-n34-d16.pbqp,llvm,heuristic,search,126.0
268-instcombine-anybinaryop-match-match-n34-d16.pbqp,llvm,heuristic,clone,0.0
268-instcombine-anybinaryop-match-match-n34-d16.pbqp,llvm,heuristic,allocation,5018.0
268-instcombine-anybinaryop-match-match-n34-d16.pbqp,llvm,heuristic,conditioning,8708.0
268-instcombine-anybinaryop-match-match-n34-d16.pbqp,llvm,heuristic,r0,25.0
268-instcombine-anybinaryop-match-match-n34-d16.pbqp,llvm,heuristic,r1,880.0
268-instcombine-anybinaryop-match-match-n34-d16.pbqp,llvm,heuristic,r2,3211.0
268-instcombine-anybinaryop-match-match-n34-d16.pbqp,llvm,heuristic,lower_bound,7164.0
268-instcombine-anybinaryop-match-match-n34-d16.pbqp,llvm,heuristic,incumbent,89.0
268-instcombine-anybinaryop-match-match-n34-d16.pbqp,llvm,heuristic,seed,9540.0
269-instcombine-anybinaryop-match-match-n27-d16.pbqp,llvm,heuristic,other,585.0
269-instcombine-anybinaryop-match-match-n27-d16.pbqp,llvm,heuristic,topology,16336.0
269-instcombine-anybinaryop-match-match-n27-d16.pbqp,llvm,heuristic,selection,17370.0
269-instcombine-anybinaryop-match-match-n27-d16.pbqp,llvm,heuristic,reduction,5876.0
269-instcombine-anybinaryop-match-match-n27-d16.pbqp,llvm,heuristic,reconstruction,125.0
269-instcombine-anybinaryop-match-match-n27-d16.pbqp,llvm,heuristic,kernel,50727.0
269-instcombine-anybinaryop-match-match-n27-d16.pbqp,llvm,heuristic,metadata,538.0
269-instcombine-anybinaryop-match-match-n27-d16.pbqp,llvm,heuristic,search,124.0
269-instcombine-anybinaryop-match-match-n27-d16.pbqp,llvm,heuristic,clone,0.0
269-instcombine-anybinaryop-match-match-n27-d16.pbqp,llvm,heuristic,allocation,3276.0
269-instcombine-anybinaryop-match-match-n27-d16.pbqp,llvm,heuristic,conditioning,4731.0
269-instcombine-anybinaryop-match-match-n27-d16.pbqp,llvm,heuristic,r0,120.0
269-instcombine-anybinaryop-match-match-n27-d16.pbqp,llvm,heuristic,r1,1566.0
269-instcombine-anybinaryop-match-match-n27-d16.pbqp,llvm,heuristic,r2,7831.0
269-instcombine-anybinaryop-match-match-n27-d16.pbqp,llvm,heuristic,lower_bound,6728.0
269-instcombine-anybinaryop-match-match-n27-d16.pbqp,llvm,heuristic,incumbent,86.0
269-instcombine-anybinaryop-match-match-n27-d16.pbqp,llvm,heuristic,seed,6535.0
270-instcombine-anybinaryop-match-match-n27-d16.pbqp,llvm,heuristic,other,538.0
270-instcombine-anybinaryop-match-match-n27-d16.pbqp,llvm,heuristic,topology,16265.0
270-instcombine-anybinaryop-match-match-n27-d16.pbqp,llvm,heuristic,selection,16578.0
270-instcombine-anybinaryop-match-match-n27-d16.pbqp,llvm,heuristic,reduction,5775.0
270-instcombine-anybinaryop-match-match-n27-d16.pbqp,llvm,heuristic,reconstruction,133.0
270-instcombine-anybinaryop-match-match-n27-d16.pbqp,llvm,heuristic,kernel,47842.0
270-instcombine-anybinaryop-match-match-n27-d16.pbqp,llvm,heuristic,metadata,475.0
270-instcombine-anybinaryop-match-match-n27-d16.pbqp,llvm,heuristic,search,114.0
270-instcombine-anybinaryop-match-match-n27-d16.pbqp,llvm,heuristic,clone,0.0
270-instcombine-anybinaryop-match-match-n27-d16.pbqp,llvm,heuristic,allocation,3268.0
270-instcombine-anybinaryop-match-match-n27-d16.pbqp,llvm,heuristic,conditioning,4430.0
270-instcombine-anybinaryop-match-match-n27-d16.pbqp,llvm,heuristic,r0,109.0
270-instcombine-anybinaryop-match-match-n27-d16.pbqp,llvm,heuristic,r1,1080.0
270-instcombine-anybinaryop-match-match-n27-d16.pbqp,llvm,heuristic,r2,8056.0
270-instcombine-anybinaryop-match-match-n27-d16.pbqp,llvm,heuristic,lower_bound,6433.0
270-instcombine-anybinaryop-match-match-n27-d16.pbqp,llvm,heuristic,incumbent,69.0
270-instcombine-anybinaryop-match-match-n27-d16.pbqp,llvm,heuristic,seed,5852.0
271-instcombine-anybinaryop-match-match-n32-d16.pbqp,llvm,heuristic,other,859.0
271-instcombine-anybinaryop-match-match-n32-d16.pbqp,llvm,heuristic,topology,24817.0
271-instcombine-anybinaryop-match-match-n32-d16.pbqp,llvm,heuristic,selection,26659.0
271-instcombine-anybinaryop-match-match-n32-d16.pbqp,llvm,heuristic,reduction,8599.0
271-instcombine-anybinaryop-match-match-n32-d16.pbqp,llvm,heuristic,reconstruction,122.0
271-instcombine-anybinaryop-match-match-n32-d16.pbqp,llvm,heuristic,kernel,59952.0
271-instcombine-anybinaryop-match-match-n32-d16.pbqp,llvm,heuristic,metadata,1242.0
271-instcombine-anybinaryop-match-match-n32-d16.pbqp,llvm,heuristic,search,169.0
271-instcombine-anybinaryop-match-match-n32-d16.pbqp,llvm,heuristic,clone,0.0
271-instcombine-anybinaryop-match-match-n32-d16.pbqp,llvm,heuristic,allocation,4405.0
271-instcombine-anybinaryop-match-match-n32-d16.pbqp,llvm,heuristic,conditioning,6377.0
271-instcombine-anybinaryop-match-match-n32-d16.pbqp,llvm,heuristic,r0,57.0
271-instcombine-anybinaryop-match-match-n32-d16.pbqp,llvm,heuristic,r1,913.0
271-instcombine-anybinaryop-match-match-n32-d16.pbqp,llvm,heuristic,r2,12792.0
271-instcombine-anybinaryop-match-match-n32-d16.pbqp,llvm,heuristic,lower_bound,8184.0
271-instcombine-anybinaryop-match-match-n32-d16.pbqp,llvm,heuristic,incumbent,104.0
271-instcombine-anybinaryop-match-match-n32-d16.pbqp,llvm,heuristic,seed,7805.0
272-instcombine-ptrtointsamesize-match-match-n24-d16.pbqp,llvm,heuristic,other,686.0
272-instcombine-ptrtointsamesize-match-match-n24-d16.pbqp,llvm,heuristic,topology,15418.0
272-instcombine-ptrtointsamesize-match-match-n24-d16.pbqp,llvm,heuristic,selection,15328.0
272-instcombine-ptrtointsamesize-match-match-n24-d16.pbqp,llvm,heuristic,reduction,7715.0
272-instcombine-ptrtointsamesize-match-match-n24-d16.pbqp,llvm,heuristic,reconstruction,83.0
272-instcombine-ptrtointsamesize-match-match-n24-d16.pbqp,llvm,heuristic,kernel,26425.0
272-instcombine-ptrtointsamesize-match-match-n24-d16.pbqp,llvm,heuristic,metadata,332.0
272-instcombine-ptrtointsamesize-match-match-n24-d16.pbqp,llvm,heuristic,search,134.0
272-instcombine-ptrtointsamesize-match-match-n24-d16.pbqp,llvm,heuristic,clone,0.0
272-instcombine-ptrtointsamesize-match-match-n24-d16.pbqp,llvm,heuristic,allocation,4520.0
272-instcombine-ptrtointsamesize-match-match-n24-d16.pbqp,llvm,heuristic,conditioning,6685.0
272-instcombine-ptrtointsamesize-match-match-n24-d16.pbqp,llvm,heuristic,r0,24.0
272-instcombine-ptrtointsamesize-match-match-n24-d16.pbqp,llvm,heuristic,r1,348.0
272-instcombine-ptrtointsamesize-match-match-n24-d16.pbqp,llvm,heuristic,r2,3647.0
272-instcombine-ptrtointsamesize-match-match-n24-d16.pbqp,llvm,heuristic,lower_bound,5834.0
272-instcombine-ptrtointsamesize-match-match-n24-d16.pbqp,llvm,heuristic,incumbent,82.0
272-instcombine-ptrtointsamesize-match-match-n24-d16.pbqp,llvm,heuristic,seed,6800.0
273-instcombine-specificbinaryop-match-match-n23-d16.pbqp,llvm,heuristic,other,867.0
273-instcombine-specificbinaryop-match-match-n23-d16.pbqp,llvm,heuristic,topology,13168.0
273-instcombine-specificbinaryop-match-match-n23-d16.pbqp,llvm,heuristic,selection,13830.0
273-instcombine-specificbinaryop-match-match-n23-d16.pbqp,llvm,heuristic,reduction,4977.0
273-instcombine-specificbinaryop-match-match-n23-d16.pbqp,llvm,heuristic,reconstruction,121.0
273-instcombine-specificbinaryop-match-match-n23-d16.pbqp,llvm,heuristic,kernel,22178.0
273-instcombine-specificbinaryop-match-match-n23-d16.pbqp,llvm,heuristic,metadata,978.0
273-instcombine-specificbinaryop-match-match-n23-d16.pbqp,llvm,heuristic,search,182.0
273-instcombine-specificbinaryop-match-match-n23-d16.pbqp,llvm,heuristic,clone,0.0
273-instcombine-specificbinaryop-match-match-n23-d16.pbqp,llvm,heuristic,allocation,3316.0
273-instcombine-specificbinaryop-match-match-n23-d16.pbqp,llvm,heuristic,conditioning,3835.0
273-instcombine-specificbinaryop-match-match-n23-d16.pbqp,llvm,heuristic,r0,118.0
273-instcombine-specificbinaryop-match-match-n23-d16.pbqp,llvm,heuristic,r1,1065.0
273-instcombine-specificbinaryop-match-match-n23-d16.pbqp,llvm,heuristic,r2,5405.0
273-instcombine-specificbinaryop-match-match-n23-d16.pbqp,llvm,heuristic,lower_bound,3990.0
273-instcombine-specificbinaryop-match-match-n23-d16.pbqp,llvm,heuristic,incumbent,104.0
273-instcombine-specificbinaryop-match-match-n23-d16.pbqp,llvm,heuristic,seed,5064.0
274-instcombine-specificbinaryop-match-match-n19-d16.pbqp,llvm,heuristic,other,522.0
274-instcombine-specificbinaryop-match-match-n19-d16.pbqp,llvm,heuristic,topology,8162.0
274-instcombine-specificbinaryop-match-match-n19-d16.pbqp,llvm,heuristic,selection,7717.0
274-instcombine-specificbinaryop-match-match-n19-d16.pbqp,llvm,heuristic,reduction,2845.0
274-instcombine-specificbinaryop-match-match-n19-d16.pbqp,llvm,heuristic,reconstruction,113.0
274-instcombine-specificbinaryop-match-match-n19-d16.pbqp,llvm,heuristic,kernel,21770.0
274-instcombine-specificbinaryop-match-match-n19-d16.pbqp,llvm,heuristic,metadata,335.0
274-instcombine-specificbinaryop-match-match-n19-d16.pbqp,llvm,heuristic,search,124.0
274-instcombine-specificbinaryop-match-match-n19-d16.pbqp,llvm,heuristic,clone,0.0
274-instcombine-specificbinaryop-match-match-n19-d16.pbqp,llvm,heuristic,allocation,2718.0
274-instcombine-specificbinaryop-match-match-n19-d16.pbqp,llvm,heuristic,conditioning,2109.0
274-instcombine-specificbinaryop-match-match-n19-d16.pbqp,llvm,heuristic,r0,37.0
274-instcombine-specificbinaryop-match-match-n19-d16.pbqp,llvm,heuristic,r1,734.0
274-instcombine-specificbinaryop-match-match-n19-d16.pbqp,llvm,heuristic,r2,5585.0
274-instcombine-specificbinaryop-match-match-n19-d16.pbqp,llvm,heuristic,lower_bound,3070.0
274-instcombine-specificbinaryop-match-match-n19-d16.pbqp,llvm,heuristic,incumbent,74.0
274-instcombine-specificbinaryop-match-match-n19-d16.pbqp,llvm,heuristic,seed,3670.0
275-instcombine-specificbinaryop-match-match-n23-d16.pbqp,llvm,heuristic,other,960.0
275-instcombine-specificbinaryop-match-match-n23-d16.pbqp,llvm,heuristic,topology,14491.0
275-instcombine-specificbinaryop-match-match-n23-d16.pbqp,llvm,heuristic,selection,13645.0
275-instcombine-specificbinaryop-match-match-n23-d16.pbqp,llvm,heuristic,reduction,6141.0
275-instcombine-specificbinaryop-match-match-n23-d16.pbqp,llvm,heuristic,reconstruction,238.0
275-instcombine-specificbinaryop-match-match-n23-d16.pbqp,llvm,heuristic,kernel,29067.0
275-instcombine-specificbinaryop-match-match-n23-d16.pbqp,llvm,heuristic,metadata,1485.0
275-instcombine-specificbinaryop-match-match-n23-d16.pbqp,llvm,heuristic,search,177.0
275-instcombine-specificbinaryop-match-match-n23-d16.pbqp,llvm,heuristic,clone,0.0
275-instcombine-specificbinaryop-match-match-n23-d16.pbqp,llvm,heuristic,allocation,5229.0
275-instcombine-specificbinaryop-match-match-n23-d16.pbqp,llvm,heuristic,conditioning,4074.0
275-instcombine-specificbinaryop-match-match-n23-d16.pbqp,llvm,heuristic,r0,159.0
275-instcombine-specificbinaryop-match-match-n23-d16.pbqp,llvm,heuristic,r1,1135.0
275-instcombine-specificbinaryop-match-match-n23-d16.pbqp,llvm,heuristic,r2,5925.0
275-instcombine-specificbinaryop-match-match-n23-d16.pbqp,llvm,heuristic,lower_bound,4198.0
275-instcombine-specificbinaryop-match-match-n23-d16.pbqp,llvm,heuristic,incumbent,95.0
275-instcombine-specificbinaryop-match-match-n23-d16.pbqp,llvm,heuristic,seed,6433.0
276-instcombine-specificbinaryop-match-match-n30-d16.pbqp,llvm,heuristic,other,848.0
276-instcombine-specificbinaryop-match-match-n30-d16.pbqp,llvm,heuristic,topology,22666.0
276-instcombine-specificbinaryop-match-match-n30-d16.pbqp,llvm,heuristic,selection,22698.0
276-instcombine-specificbinaryop-match-match-n30-d16.pbqp,llvm,heuristic,reduction,9313.0
276-instcombine-specificbinaryop-match-match-n30-d16.pbqp,llvm,heuristic,reconstruction,136.0
276-instcombine-specificbinaryop-match-match-n30-d16.pbqp,llvm,heuristic,kernel,53732.0
276-instcombine-specificbinaryop-match-match-n30-d16.pbqp,llvm,heuristic,metadata,784.0
276-instcombine-specificbinaryop-match-match-n30-d16.pbqp,llvm,heuristic,search,161.0
276-instcombine-specificbinaryop-match-match-n30-d16.pbqp,llvm,heuristic,clone,0.0
276-instcombine-specificbinaryop-match-match-n30-d16.pbqp,llvm,heuristic,allocation,4685.0
276-instcombine-specificbinaryop-match-match-n30-d16.pbqp,llvm,heuristic,conditioning,8403.0
276-instcombine-specificbinaryop-match-match-n30-d16.pbqp,llvm,heuristic,r0,111.0
276-instcombine-specificbinaryop-match-match-n30-d16.pbqp,llvm,heuristic,r1,1007.0
276-instcombine-specificbinaryop-match-match-n30-d16.pbqp,llvm,heuristic,r2,6895.0
276-instcombine-specificbinaryop-match-match-n30-d16.pbqp,llvm,heuristic,lower_bound,10589.0
276-instcombine-specificbinaryop-match-match-n30-d16.pbqp,llvm,heuristic,incumbent,93.0
276-instcombine-specificbinaryop-match-match-n30-d16.pbqp,llvm,heuristic,seed,9360.0
277-instcombine-specificcmpclass-match-match-n23-d16.pbqp,llvm,none,other,1099.0
277-instcombine-specificcmpclass-match-match-n23-d16.pbqp,llvm,none,topology,115663.0
277-instcombine-specificcmpclass-match-match-n23-d16.pbqp,llvm,none,selection,72362.0
277-instcombine-specificcmpclass-match-match-n23-d16.pbqp,llvm,none,reduction,0.0
277-instcombine-specificcmpclass-match-match-n23-d16.pbqp,llvm,none,reconstruction,624.0
277-instcombine-specificcmpclass-match-match-n23-d16.pbqp,llvm,none,kernel,187342.0
277-instcombine-specificcmpclass-match-match-n23-d16.pbqp,llvm,none,metadata,53790.0
277-instcombine-specificcmpclass-match-match-n23-d16.pbqp,llvm,none,search,150647.0
277-instcombine-specificcmpclass-match-match-n23-d16.pbqp,llvm,none,clone,351742.0
277-instcombine-specificcmpclass-match-match-n23-d16.pbqp,llvm,none,allocation,75048.0
277-instcombine-specificcmpclass-match-match-n23-d16.pbqp,llvm,none,conditioning,65125.0
277-instcombine-specificcmpclass-match-match-n23-d16.pbqp,llvm,none,r0,2142.0
277-instcombine-specificcmpclass-match-match-n23-d16.pbqp,llvm,none,r1,23339.0
277-instcombine-specificcmpclass-match-match-n23-d16.pbqp,llvm,none,r2,121387.0
277-instcombine-specificcmpclass-match-match-n23-d16.pbqp,llvm,none,lower_bound,199634.0
277-instcombine-specificcmpclass-match-match-n23-d16.pbqp,llvm,none,incumbent,19176.0
277-instcombine-specificcmpclass-match-match-n23-d16.pbqp,llvm,none,seed,0.0
277-instcombine-specificcmpclass-match-match-n23-d16.pbqp,llvm,heuristic,other,1056.0
277-instcombine-specificcmpclass-match-match-n23-d16.pbqp,llvm,heuristic,topology,11201.0
277-instcombine-specificcmpclass-match-match-n23-d16.pbqp,llvm,heuristic,selection,9588.0
277-instcombine-specificcmpclass-match-match-n23-d16.pbqp,llvm,heuristic,reduction,2034.0
277-instcombine-specificcmpclass-match-match-n23-d16.pbqp,llvm,heuristic,reconstruction,68.0
277-instcombine-specificcmpclass-match-match-n23-d16.pbqp,llvm,heuristic,kernel,30297.0
277-instcombine-specificcmpclass-match-match-n23-d16.pbqp,llvm,heuristic,metadata,2174.0
277-instcombine-specificcmpclass-match-match-n23-d16.pbqp,llvm,heuristic,search,114.0
277-instcombine-specificcmpclass-match-match-n23-d16.pbqp,llvm,heuristic,clone,0.0
277-instcombine-specificcmpclass-match-match-n23-d16.pbqp,llvm,heuristic,allocation,3716.0
277-instcombine-specificcmpclass-match-match-n23-d16.pbqp,llvm,heuristic,conditioning,1586.0
277-instcombine-specificcmpclass-match-match-n23-d16.pbqp,llvm,heuristic,r0,84.0
277-instcombine-specificcmpclass-match-match-n23-d16.pbqp,llvm,heuristic,r1,1869.0
277-instcombine-specificcmpclass-match-match-n23-d16.pbqp,llvm,heuristic,r2,11355.0
277-instcombine-specificcmpclass-match-match-n23-d16.pbqp,llvm,heuristic,lower_bound,2122.0
277-instcombine-specificcmpclass-match-match-n23-d16.pbqp,llvm,heuristic,incumbent,73.0
277-instcombine-specificcmpclass-match-match-n23-d16.pbqp,llvm,heuristic,seed,4116.0
278-instcombine-specificcmpclass-match-match-n22-d16.pbqp,llvm,heuristic,other,671.0
278-instcombine-specificcmpclass-match-match-n22-d16.pbqp,llvm,heuristic,topology,12042.0
278-instcombine-specificcmpclass-match-match-n22-d16.pbqp,llvm,heuristic,selection,11343.0
278-instcombine-specificcmpclass-match-match-n22-d16.pbqp,llvm,heuristic,reduction,3681.0
278-instcombine-specificcmpclass-match-match-n22-d16.pbqp,llvm,heuristic,reconstruction,113.0
278-instcombine-specificcmpclass-match-match-n22-d16.pbqp,llvm,heuristic,kernel,24833.0
278-instcombine-specificcmpclass-match-match-n22-d16.pbqp,llvm,heuristic,metadata,753.0
278-instcombine-specificcmpclass-match-match-n22-d16.pbqp,llvm,heuristic,search,181.0
278-instcombine-specificcmpclass-match-match-n22-d16.pbqp,llvm,heuristic,clone,0.0
278-instcombine-specificcmpclass-match-match-n22-d16.pbqp,llvm,heuristic,allocation,3404.0
278-instcombine-specificcmpclass-match-match-n22-d16.pbqp,llvm,heuristic,conditioning,2706.0
278-instcombine-specificcmpclass-match-match-n22-d16.pbqp,llvm,heuristic,r0,58.0
278-instcombine-specificcmpclass-match-match-n22-d16.pbqp,llvm,heuristic,r1,1336.0
278-instcombine-specificcmpclass-match-match-n22-d16.pbqp,llvm,heuristic,r2,6522.0
278-instcombine-specificcmpclass-match-match-n22-d16.pbqp,llvm,heuristic,lower_bound,3395.0
278-instcombine-specificcmpclass-match-match-n22-d16.pbqp,llvm,heuristic,incumbent,105.0
278-instcombine-specificcmpclass-match-match-n22-d16.pbqp,llvm,heuristic,seed,4678.0
279-instcombine-specificcmpclass-match-match-n17-d16.pbqp,llvm,none,other,454.0
279-instcombine-specificcmpclass-match-match-n17-d16.pbqp,llvm,none,topology,131983.0
279-instcombine-specificcmpclass-match-match-n17-d16.pbqp,llvm,none,selection,90940.0
279-instcombine-specificcmpclass-match-match-n17-d16.pbqp,llvm,none,reduction,0.0
279-instcombine-specificcmpclass-match-match-n17-d16.pbqp,llvm,none,reconstruction,434.0
279-instcombine-specificcmpclass-match-match-n17-d16.pbqp,llvm,none,kernel,229703.0
279-instcombine-specificcmpclass-match-match-n17-d16.pbqp,llvm,none,metadata,61200.0
279-instcombine-specificcmpclass-match-match-n17-d16.pbqp,llvm,none,search,136553.0
279-instcombine-specificcmpclass-match-match-n17-d16.pbqp,llvm,none,clone,223413.0
279-instcombine-specificcmpclass-match-match-n17-d16.pbqp,llvm,none,allocation,73192.0
279-instcombine-specificcmpclass-match-match-n17-d16.pbqp,llvm,none,conditioning,52432.0
279-instcombine-specificcmpclass-match-match-n17-d16.pbqp,llvm,none,r0,1560.0
279-instcombine-specificcmpclass-match-match-n17-d16.pbqp,llvm,none,r1,24105.0
279-instcombine-specificcmpclass-match-match-n17-d16.pbqp,llvm,none,r2,175202.0
279-instcombine-specificcmpclass-match-match-n17-d16.pbqp,llvm,none,lower_bound,180194.0
279-instcombine-specificcmpclass-match-match-n17-d16.pbqp,llvm,none,incumbent,15873.0
279-instcombine-specificcmpclass-match-match-n17-d16.pbqp,llvm,none,seed,0.0
279-instcombine-specificcmpclass-match-match-n17-d16.pbqp,llvm,heuristic,other,530.0
279-instcombine-specificcmpclass-match-match-n17-d16.pbqp,llvm,heuristic,topology,7053.0
279-instcombine-specificcmpclass-match-match-n17-d16.pbqp,llvm,heuristic,selection,6651.0
279-instcombine-specificcmpclass-match-match-n17-d16.pbqp,llvm,heuristic,reduction,1997.0
279-instcombine-specificcmpclass-match-match-n17-d16.pbqp,llvm,heuristic,reconstruction,89.0
279-instcombine-specificcmpclass-match-match-n17-d16.pbqp,llvm,heuristic,kernel,18381.0
279-instcombine-specificcmpclass-match-match-n17-d16.pbqp,llvm,heuristic,metadata,738.0
279-instcombine-specificcmpclass-match-match-n17-d16.pbqp,llvm,heuristic,search,133.0
279-instcombine-specificcmpclass-match-match-n17-d16.pbqp,llvm,heuristic,clone,0.0
279-instcombine-specificcmpclass-match-match-n17-d16.pbqp,llvm,heuristic,allocation,2492.0
279-instcombine-specificcmpclass-match-match-n17-d16.pbqp,llvm,heuristic,conditioning,1586.0
279-instcombine-specificcmpclass-match-match-n17-d16.pbqp,llvm,heuristic,r0,42.0
279-instcombine-specificcmpclass-match-match-n17-d16.pbqp,llvm,heuristic,r1,1123.0
279-instcombine-specificcmpclass-match-match-n17-d16.pbqp,llvm,heuristic,r2,5414.0
279-instcombine-specificcmpclass-match-match-n17-d16.pbqp,llvm,heuristic,lower_bound,2208.0
279-instcombine-specificcmpclass-match-match-n17-d16.pbqp,llvm,heuristic,incumbent,73.0
279-instcombine-specificcmpclass-match-match-n17-d16.pbqp,llvm,heuristic,seed,3288.0
280-instcombine-specificcmpclass-match-match-n21-d16.pbqp,llvm,heuristic,other,879.0
280-instcombine-specificcmpclass-match-match-n21-d16.pbqp,llvm,heuristic,topology,9018.0
280-instcombine-specificcmpclass-match-match-n21-d16.pbqp,llvm,heuristic,selection,7849.0
280-instcombine-specificcmpclass-match-match-n21-d16.pbqp,llvm,heuristic,reduction,1956.0
280-instcombine-specificcmpclass-match-match-n21-d16.pbqp,llvm,heuristic,reconstruction,121.0
280-instcombine-specificcmpclass-match-match-n21-d16.pbqp,llvm,heuristic,kernel,21367.0
280-instcombine-specificcmpclass-match-match-n21-d16.pbqp,llvm,heuristic,metadata,1086.0
280-instcombine-specificcmpclass-match-match-n21-d16.pbqp,llvm,heuristic,search,135.0
280-instcombine-specificcmpclass-match-match-n21-d16.pbqp,llvm,heuristic,clone,0.0
280-instcombine-specificcmpclass-match-match-n21-d16.pbqp,llvm,heuristic,allocation,3036.0
280-instcombine-specificcmpclass-match-match-n21-d16.pbqp,llvm,heuristic,conditioning,1523.0
280-instcombine-specificcmpclass-match-match-n21-d16.pbqp,llvm,heuristic,r0,95.0
280-instcombine-specificcmpclass-match-match-n21-d16.pbqp,llvm,heuristic,r1,1164.0
280-instcombine-specificcmpclass-match-match-n21-d16.pbqp,llvm,heuristic,r2,8216.0
280-instcombine-specificcmpclass-match-match-n21-d16.pbqp,llvm,heuristic,lower_bound,2053.0
280-instcombine-specificcmpclass-match-match-n21-d16.pbqp,llvm,heuristic,incumbent,73.0
280-instcombine-specificcmpclass-match-match-n21-d16.pbqp,llvm,heuristic,seed,3742.0
281-instcombine-overflowingbinaryop-match-match-n20-d16.pbqp,llvm,heuristic,other,451.0
281-instcombine-overflowingbinaryop-match-match-n20-d16.pbqp,llvm,heuristic,topology,9679.0
281-instcombine-overflowingbinaryop-match-match-n20-d16.pbqp,llvm,heuristic,selection,9655.0
281-instcombine-overflowingbinaryop-match-match-n20-d16.pbqp,llvm,heuristic,reduction,4095.0
281-instcombine-overflowingbinaryop-match-match-n20-d16.pbqp,llvm,heuristic,reconstruction,121.0
281-instcombine-overflowingbinaryop-match-match-n20-d16.pbqp,llvm,heuristic,kernel,27122.0
281-instcombine-overflowingbinaryop-match-match-n20-d16.pbqp,llvm,heuristic,metadata,0.0
281-instcombine-overflowingbinaryop-match-match-n20-d16.pbqp,llvm,heuristic,search,172.0
281-instcombine-overflowingbinaryop-match-match-n20-d16.pbqp,llvm,heuristic,clone,0.0
281-instcombine-overflowingbinaryop-match-match-n20-d16.pbqp,llvm,heuristic,allocation,2973.0
281-instcombine-overflowingbinaryop-match-match-n20-d16.pbqp,llvm,heuristic,conditioning,3175.0
281-instcombine-overflowingbinaryop-match-match-n20-d16.pbqp,llvm,heuristic,r0,70.0
281-instcombine-overflowingbinaryop-match-match-n20-d16.pbqp,llvm,heuristic,r1,449.0
281-instcombine-overflowingbinaryop-match-match-n20-d16.pbqp,llvm,heuristic,r2,5655.0
281-instcombine-overflowingbinaryop-match-match-n20-d16.pbqp,llvm,heuristic,lower_bound,4052.0
281-instcombine-overflowingbinaryop-match-match-n20-d16.pbqp,llvm,heuristic,incumbent,95.0
281-instcombine-overflowingbinaryop-match-match-n20-d16.pbqp,llvm,heuristic,seed,4397.0
282-instcombine-overflowingbinaryop-match-match-n20-d16.pbqp,llvm,heuristic,other,391.0
282-instcombine-overflowingbinaryop-match-match-n20-d16.pbqp,llvm,heuristic,topology,9361.0
282-instcombine-overflowingbinaryop-match-match-n20-d16.pbqp,llvm,heuristic,selection,9554.0
282-instcombine-overflowingbinaryop-match-match-n20-d16.pbqp,llvm,heuristic,reduction,3974.0
282-instcombine-overflowingbinaryop-match-match-n20-d16.pbqp,llvm,heuristic,reconstruction,120.0
282-instcombine-overflowingbinaryop-match-match-n20-d16.pbqp,llvm,heuristic,kernel,27841.0
282-instcombine-overflowingbinaryop-match-match-n20-d16.pbqp,llvm,heuristic,metadata,0.0
282-instcombine-overflowingbinaryop-match-match-n20-d16.pbqp,llvm,heuristic,search,120.0
282-instcombine-overflowingbinaryop-match-match-n20-d16.pbqp,llvm,heuristic,clone,0.0
282-instcombine-overflowingbinaryop-match-match-n20-d16.pbqp,llvm,heuristic,allocation,2729.0
282-instcombine-overflowingbinaryop-match-match-n20-d16.pbqp,llvm,heuristic,conditioning,2966.0
282-instcombine-overflowingbinaryop-match-match-n20-d16.pbqp,llvm,heuristic,r0,37.0
282-instcombine-overflowingbinaryop-match-match-n20-d16.pbqp,llvm,heuristic,r1,321.0
282-instcombine-overflowingbinaryop-match-match-n20-d16.pbqp,llvm,heuristic,r2,5415.0
282-instcombine-overflowingbinaryop-match-match-n20-d16.pbqp,llvm,heuristic,lower_bound,4049.0
282-instcombine-overflowingbinaryop-match-match-n20-d16.pbqp,llvm,heuristic,incumbent,79.0
282-instcombine-overflowingbinaryop-match-match-n20-d16.pbqp,llvm,heuristic,seed,4104.0
283-instcombine-overflowingbinaryop-match-match-n17-d16.pbqp,llvm,heuristic,other,607.0
283-instcombine-overflowingbinaryop-match-match-n17-d16.pbqp,llvm,heuristic,topology,8368.0
283-instcombine-overflowingbinaryop-match-match-n17-d16.pbqp,llvm,heuristic,selection,8070.0
283-instcombine-overflowingbinaryop-match-match-n17-d16.pbqp,llvm,heuristic,reduction,3596.0
283-instcombine-overflowingbinaryop-match-match-n17-d16.pbqp,llvm,heuristic,reconstruction,91.0
283-instcombine-overflowingbinaryop-match-match-n17-d16.pbqp,llvm,heuristic,kernel,22327.0
283-instcombine-overflowingbinaryop-match-match-n17-d16.pbqp,llvm,heuristic,metadata,650.0
283-instcombine-overflowingbinaryop-match-match-n17-d16.pbqp,llvm,heuristic,search,188.0
283-instcombine-overflowingbinaryop-match-match-n17-d16.pbqp,llvm,heuristic,clone,0.0
283-instcombine-overflowingbinaryop-match-match-n17-d16.pbqp,llvm,heuristic,allocation,2724.0
283-instcombine-overflowingbinaryop-match-match-n17-d16.pbqp,llvm,heuristic,conditioning,2872.0
283-instcombine-overflowingbinaryop-match-match-n17-d16.pbqp,llvm,heuristic,r0,63.0
283-instcombine-overflowingbinaryop-match-match-n17-d16.pbqp,llvm,heuristic,r1,1036.0
283-instcombine-overflowingbinaryop-match-match-n17-d16.pbqp,llvm,heuristic,r2,4603.0
283-instcombine-overflowingbinaryop-match-match-n17-d16.pbqp,llvm,heuristic,lower_bound,3611.0
283-instcombine-overflowingbinaryop-match-match-n17-d16.pbqp,llvm,heuristic,incumbent,94.0
283-instcombine-overflowingbinaryop-match-match-n17-d16.pbqp,llvm,heuristic,seed,3771.0
284-instcombine-commutativebinaryintrinsic-match-mat-n14-d16.pbqp,llvm,none,other,939.0
284-instcombine-commutativebinaryintrinsic-match-mat-n14-d16.pbqp,llvm,none,topology,19520.0
284-instcombine-commutativebinaryintrinsic-match-mat-n14-d16.pbqp,llvm,none,selection,11304.0
284-instcombine-commutativebinaryintrinsic-match-mat-n14-d16.pbqp,llvm,none,reduction,0.0
284-instcombine-commutativebinaryintrinsic-match-mat-n14-d16.pbqp,llvm,none,reconstruction,443.0
284-instcombine-commutativebinaryintrinsic-match-mat-n14-d16.pbqp,llvm,none,kernel,33039.0
284-instcombine-commutativebinaryintrinsic-match-mat-n14-d16.pbqp,llvm,none,metadata,10162.0
284-instcombine-commutativebinaryintrinsic-match-mat-n14-d16.pbqp,llvm,none,search,36032.0
284-instcombine-commutativebinaryintrinsic-match-mat-n14-d16.pbqp,llvm,none,clone,53169.0
284-instcombine-commutativebinaryintrinsic-match-mat-n14-d16.pbqp,llvm,none,allocation,16963.0
284-instcombine-commutativebinaryintrinsic-match-mat-n14-d16.pbqp,llvm,none,conditioning,13765.0
284-instcombine-commutativebinaryintrinsic-match-mat-n14-d16.pbqp,llvm,none,r0,637.0
284-instcombine-commutativebinaryintrinsic-match-mat-n14-d16.pbqp,llvm,none,r1,6155.0
284-instcombine-commutativebinaryintrinsic-match-mat-n14-d16.pbqp,llvm,none,r2,30465.0
284-instcombine-commutativebinaryintrinsic-match-mat-n14-d16.pbqp,llvm,none,lower_bound,24270.0
284-instcombine-commutativebinaryintrinsic-match-mat-n14-d16.pbqp,llvm,none,incumbent,4535.0
284-instcombine-commutativebinaryintrinsic-match-mat-n14-d16.pbqp,llvm,none,seed,0.0
284-instcombine-commutativebinaryintrinsic-match-mat-n14-d16.pbqp,llvm,heuristic,other,842.0
284-instcombine-commutativebinaryintrinsic-match-mat-n14-d16.pbqp,llvm,heuristic,topology,4332.0
284-instcombine-commutativebinaryintrinsic-match-mat-n14-d16.pbqp,llvm,heuristic,selection,3351.0
284-instcombine-commutativebinaryintrinsic-match-mat-n14-d16.pbqp,llvm,heuristic,reduction,973.0
284-instcombine-commutativebinaryintrinsic-match-mat-n14-d16.pbqp,llvm,heuristic,reconstruction,119.0
284-instcombine-commutativebinaryintrinsic-match-mat-n14-d16.pbqp,llvm,heuristic,kernel,14818.0
284-instcombine-commutativebinaryintrinsic-match-mat-n14-d16.pbqp,llvm,heuristic,metadata,1204.0
284-instcombine-commutativebinaryintrinsic-match-mat-n14-d16.pbqp,llvm,heuristic,search,115.0
284-instcombine-commutativebinaryintrinsic-match-mat-n14-d16.pbqp,llvm,heuristic,clone,0.0
284-instcombine-commutativebinaryintrinsic-match-mat-n14-d16.pbqp,llvm,heuristic,allocation,2163.0
284-instcombine-commutativebinaryintrinsic-match-mat-n14-d16.pbqp,llvm,heuristic,conditioning,720.0
284-instcombine-commutativebinaryintrinsic-match-mat-n14-d16.pbqp,llvm,heuristic,r0,75.0
284-instcombine-commutativebinaryintrinsic-match-mat-n14-d16.pbqp,llvm,heuristic,r1,887.0
284-instcombine-commutativebinaryintrinsic-match-mat-n14-d16.pbqp,llvm,heuristic,r2,6530.0
284-instcombine-commutativebinaryintrinsic-match-mat-n14-d16.pbqp,llvm,heuristic,lower_bound,946.0
284-instcombine-commutativebinaryintrinsic-match-mat-n14-d16.pbqp,llvm,heuristic,incumbent,77.0
284-instcombine-commutativebinaryintrinsic-match-mat-n14-d16.pbqp,llvm,heuristic,seed,2487.0
285-instcombine-commutativebinaryintrinsic-match-mat-n16-d16.pbqp,llvm,heuristic,other,534.0
285-instcombine-commutativebinaryintrinsic-match-mat-n16-d16.pbqp,llvm,heuristic,topology,6393.0
285-instcombine-commutativebinaryintrinsic-match-mat-n16-d16.pbqp,llvm,heuristic,selection,6060.0
285-instcombine-commutativebinaryintrinsic-match-mat-n16-d16.pbqp,llvm,heuristic,reduction,2278.0
285-instcombine-commutativebinaryintrinsic-match-mat-n16-d16.pbqp,llvm,heuristic,reconstruction,91.0
285-instcombine-commutativebinaryintrinsic-match-mat-n16-d16.pbqp,llvm,heuristic,kernel,14985.0
285-instcombine-commutativebinaryintrinsic-match-mat-n16-d16.pbqp,llvm,heuristic,metadata,520.0
285-instcombine-commutativebinaryintrinsic-match-mat-n16-d16.pbqp,llvm,heuristic,search,122.0
285-instcombine-commutativebinaryintrinsic-match-mat-n16-d16.pbqp,llvm,heuristic,clone,0.0
285-instcombine-commutativebinaryintrinsic-match-mat-n16-d16.pbqp,llvm,heuristic,allocation,2197.0
285-instcombine-commutativebinaryintrinsic-match-mat-n16-d16.pbqp,llvm,heuristic,conditioning,1669.0
285-instcombine-commutativebinaryintrinsic-match-mat-n16-d16.pbqp,llvm,heuristic,r0,25.0
285-instcombine-commutativebinaryintrinsic-match-mat-n16-d16.pbqp,llvm,heuristic,r1,706.0
285-instcombine-commutativebinaryintrinsic-match-mat-n16-d16.pbqp,llvm,heuristic,r2,4382.0
285-instcombine-commutativebinaryintrinsic-match-mat-n16-d16.pbqp,llvm,heuristic,lower_bound,2239.0
285-instcombine-commutativebinaryintrinsic-match-mat-n16-d16.pbqp,llvm,heuristic,incumbent,68.0
285-instcombine-commutativebinaryintrinsic-match-mat-n16-d16.pbqp,llvm,heuristic,seed,3057.0
286-instcombine-commutativebinaryintrinsic-match-mat-n14-d16.pbqp,llvm,none,other,772.0
286-instcombine-commutativebinaryintrinsic-match-mat-n14-d16.pbqp,llvm,none,topology,19349.0
286-instcombine-commutativebinaryintrinsic-match-mat-n14-d16.pbqp,llvm,none,selection,10967.0
286-instcombine-commutativebinaryintrinsic-match-mat-n14-d16.pbqp,llvm,none,reduction,0.0
286-instcombine-commutativebinaryintrinsic-match-mat-n14-d16.pbqp,llvm,none,reconstruction,467.0
286-instcombine-commutativebinaryintrinsic-match-mat-n14-d16.pbqp,llvm,none,kernel,33683.0
286-instcombine-commutativebinaryintrinsic-match-mat-n14-d16.pbqp,llvm,none,metadata,10079.0
286-instcombine-commutativebinaryintrinsic-match-mat-n14-d16.pbqp,llvm,none,search,35139.0
286-instcombine-commutativebinaryintrinsic-match-mat-n14-d16.pbqp,llvm,none,clone,52435.0
286-instcombine-commutativebinaryintrinsic-match-mat-n14-d16.pbqp,llvm,none,allocation,16810.0
286-instcombine-commutativebinaryintrinsic-match-mat-n14-d16.pbqp,llvm,none,conditioning,13668.0
286-instcombine-commutativebinaryintrinsic-match-mat-n14-d16.pbqp,llvm,none,r0,639.0
286-instcombine-commutativebinaryintrinsic-match-mat-n14-d16.pbqp,llvm,none,r1,6051.0
286-instcombine-commutativebinaryintrinsic-match-mat-n14-d16.pbqp,llvm,none,r2,27710.0
286-instcombine-commutativebinaryintrinsic-match-mat-n14-d16.pbqp,llvm,none,lower_bound,24289.0
286-instcombine-commutativebinaryintrinsic-match-mat-n14-d16.pbqp,llvm,none,incumbent,4500.0
286-instcombine-commutativebinaryintrinsic-match-mat-n14-d16.pbqp,llvm,none,seed,0.0
286-instcombine-commutativebinaryintrinsic-match-mat-n14-d16.pbqp,llvm,heuristic,other,854.0
286-instcombine-commutativebinaryintrinsic-match-mat-n14-d16.pbqp,llvm,heuristic,topology,4271.0
286-instcombine-commutativebinaryintrinsic-match-mat-n14-d16.pbqp,llvm,heuristic,selection,3339.0
286-instcombine-commutativebinaryintrinsic-match-mat-n14-d16.pbqp,llvm,heuristic,reduction,933.0
286-instcombine-commutativebinaryintrinsic-match-mat-n14-d16.pbqp,llvm,heuristic,reconstruction,70.0
286-instcombine-commutativebinaryintrinsic-match-mat-n14-d16.pbqp,llvm,heuristic,kernel,15033.0
286-instcombine-commutativebinaryintrinsic-match-mat-n14-d16.pbqp,llvm,heuristic,metadata,1303.0
286-instcombine-commutativebinaryintrinsic-match-mat-n14-d16.pbqp,llvm,heuristic,search,128.0
286-instcombine-commutativebinaryintrinsic-match-mat-n14-d16.pbqp,llvm,heuristic,clone,0.0
286-instcombine-commutativebinaryintrinsic-match-mat-n14-d16.pbqp,llvm,heuristic,allocation,2044.0
286-instcombine-commutativebinaryintrinsic-match-mat-n14-d16.pbqp,llvm,heuristic,conditioning,680.0
286-instcombine-commutativebinaryintrinsic-match-mat-n14-d16.pbqp,llvm,heuristic,r0,74.0
286-instcombine-commutativebinaryintrinsic-match-mat-n14-d16.pbqp,llvm,heuristic,r1,852.0
286-instcombine-commutativebinaryintrinsic-match-mat-n14-d16.pbqp,llvm,heuristic,r2,6947.0
286-instcombine-commutativebinaryintrinsic-match-mat-n14-d16.pbqp,llvm,heuristic,lower_bound,969.0
286-instcombine-commutativebinaryintrinsic-match-mat-n14-d16.pbqp,llvm,heuristic,incumbent,70.0
286-instcombine-commutativebinaryintrinsic-match-mat-n14-d16.pbqp,llvm,heuristic,seed,2501.0
287-instcombine-irbuilderbase-insert-n7-d16.pbqp,llvm,none,other,243.0
287-instcombine-irbuilderbase-insert-n7-d16.pbqp,llvm,none,topology,45535.0
287-instcombine-irbuilderbase-insert-n7-d16.pbqp,llvm,none,selection,23455.0
287-instcombine-irbuilderbase-insert-n7-d16.pbqp,llvm,none,reduction,0.0
287-instcombine-irbuilderbase-insert-n7-d16.pbqp,llvm,none,reconstruction,187.0
287-instcombine-irbuilderbase-insert-n7-d16.pbqp,llvm,none,kernel,93707.0
287-instcombine-irbuilderbase-insert-n7-d16.pbqp,llvm,none,metadata,24726.0
287-instcombine-irbuilderbase-insert-n7-d16.pbqp,llvm,none,search,84652.0
287-instcombine-irbuilderbase-insert-n7-d16.pbqp,llvm,none,clone,89244.0
287-instcombine-irbuilderbase-insert-n7-d16.pbqp,llvm,none,allocation,41811.0
287-instcombine-irbuilderbase-insert-n7-d16.pbqp,llvm,none,conditioning,39304.0
287-instcombine-irbuilderbase-insert-n7-d16.pbqp,llvm,none,r0,2263.0
287-instcombine-irbuilderbase-insert-n7-d16.pbqp,llvm,none,r1,19708.0
287-instcombine-irbuilderbase-insert-n7-d16.pbqp,llvm,none,r2,58602.0
287-instcombine-irbuilderbase-insert-n7-d16.pbqp,llvm,none,lower_bound,39124.0
287-instcombine-irbuilderbase-insert-n7-d16.pbqp,llvm,none,incumbent,10325.0
287-instcombine-irbuilderbase-insert-n7-d16.pbqp,llvm,none,seed,0.0
287-instcombine-irbuilderbase-insert-n7-d16.pbqp,llvm,heuristic,other,246.0
287-instcombine-irbuilderbase-insert-n7-d16.pbqp,llvm,heuristic,topology,2016.0
287-instcombine-irbuilderbase-insert-n7-d16.pbqp,llvm,heuristic,selection,1823.0
287-instcombine-irbuilderbase-insert-n7-d16.pbqp,llvm,heuristic,reduction,1328.0
287-instcombine-irbuilderbase-insert-n7-d16.pbqp,llvm,heuristic,reconstruction,35.0
287-instcombine-irbuilderbase-insert-n7-d16.pbqp,llvm,heuristic,kernel,6277.0
287-instcombine-irbuilderbase-insert-n7-d16.pbqp,llvm,heuristic,metadata,0.0
287-instcombine-irbuilderbase-insert-n7-d16.pbqp,llvm,heuristic,search,121.0
287-instcombine-irbuilderbase-insert-n7-d16.pbqp,llvm,heuristic,clone,0.0
287-instcombine-irbuilderbase-insert-n7-d16.pbqp,llvm,heuristic,allocation,1217.0
287-instcombine-irbuilderbase-insert-n7-d16.pbqp,llvm,heuristic,conditioning,1331.0
287-instcombine-irbuilderbase-insert-n7-d16.pbqp,llvm,heuristic,r0,25.0
287-instcombine-irbuilderbase-insert-n7-d16.pbqp,llvm,heuristic,r1,252.0
287-instcombine-irbuilderbase-insert-n7-d16.pbqp,llvm,heuristic,r2,903.0
287-instcombine-irbuilderbase-insert-n7-d16.pbqp,llvm,heuristic,lower_bound,1260.0
287-instcombine-irbuilderbase-insert-n7-d16.pbqp,llvm,heuristic,incumbent,75.0
287-instcombine-irbuilderbase-insert-n7-d16.pbqp,llvm,heuristic,seed,1579.0
288-instcombine-commonpointerbase-isexpensive-n29-d16.pbqp,llvm,heuristic,other,922.0
288-instcombine-commonpointerbase-isexpensive-n29-d16.pbqp,llvm,heuristic,topology,21107.0
288-instcombine-commonpointerbase-isexpensive-n29-d16.pbqp,llvm,heuristic,selection,21512.0
288-instcombine-commonpointerbase-isexpensive-n29-d16.pbqp,llvm,heuristic,reduction,9448.0
288-instcombine-commonpointerbase-isexpensive-n29-d16.pbqp,llvm,heuristic,reconstruction,142.0
288-instcombine-commonpointerbase-isexpensive-n29-d16.pbqp,llvm,heuristic,kernel,71931.0
288-instcombine-commonpointerbase-isexpensive-n29-d16.pbqp,llvm,heuristic,metadata,1047.0
288-instcombine-commonpointerbase-isexpensive-n29-d16.pbqp,llvm,heuristic,search,179.0
288-instcombine-commonpointerbase-isexpensive-n29-d16.pbqp,llvm,heuristic,clone,0.0
288-instcombine-commonpointerbase-isexpensive-n29-d16.pbqp,llvm,heuristic,allocation,4474.0
288-instcombine-commonpointerbase-isexpensive-n29-d16.pbqp,llvm,heuristic,conditioning,8445.0
288-instcombine-commonpointerbase-isexpensive-n29-d16.pbqp,llvm,heuristic,r0,182.0
288-instcombine-commonpointerbase-isexpensive-n29-d16.pbqp,llvm,heuristic,r1,456.0
288-instcombine-commonpointerbase-isexpensive-n29-d16.pbqp,llvm,heuristic,r2,11452.0
288-instcombine-commonpointerbase-isexpensive-n29-d16.pbqp,llvm,heuristic,lower_bound,10560.0
288-instcombine-commonpointerbase-isexpensive-n29-d16.pbqp,llvm,heuristic,incumbent,102.0
288-instcombine-commonpointerbase-isexpensive-n29-d16.pbqp,llvm,heuristic,seed,8295.0
289-instcombine-match-combine-or-match-n22-d16.pbqp,llvm,heuristic,other,693.0
289-instcombine-match-combine-or-match-n22-d16.pbqp,llvm,heuristic,topology,11777.0
289-instcombine-match-combine-or-match-n22-d16.pbqp,llvm,heuristic,selection,11061.0
289-instcombine-match-combine-or-match-n22-d16.pbqp,llvm,heuristic,reduction,3887.0
289-instcombine-match-combine-or-match-n22-d16.pbqp,llvm,heuristic,reconstruction,118.0
289-instcombine-match-combine-or-match-n22-d16.pbqp,llvm,heuristic,kernel,29775.0
289-instcombine-match-combine-or-match-n22-d16.pbqp,llvm,heuristic,metadata,1080.0
289-instcombine-match-combine-or-match-n22-d16.pbqp,llvm,heuristic,search,139.0
289-instcombine-match-combine-or-match-n22-d16.pbqp,llvm,heuristic,clone,0.0
289-instcombine-match-combine-or-match-n22-d16.pbqp,llvm,heuristic,allocation,3446.0
289-instcombine-match-combine-or-match-n22-d16.pbqp,llvm,heuristic,conditioning,3048.0
289-instcombine-match-combine-or-match-n22-d16.pbqp,llvm,heuristic,r0,34.0
289-instcombine-match-combine-or-match-n22-d16.pbqp,llvm,heuristic,r1,1670.0
289-instcombine-match-combine-or-match-n22-d16.pbqp,llvm,heuristic,r2,5885.0
289-instcombine-match-combine-or-match-n22-d16.pbqp,llvm,heuristic,lower_bound,3626.0
289-instcombine-match-combine-or-match-n22-d16.pbqp,llvm,heuristic,incumbent,80.0
289-instcombine-match-combine-or-match-n22-d16.pbqp,llvm,heuristic,seed,4481.0
290-instcombine-match-combine-or-match-n30-d16.pbqp,llvm,heuristic,other,807.0
290-instcombine-match-combine-or-match-n30-d16.pbqp,llvm,heuristic,topology,19281.0
290-instcombine-match-combine-or-match-n30-d16.pbqp,llvm,heuristic,selection,19679.0
290-instcombine-match-combine-or-match-n30-d16.pbqp,llvm,heuristic,reduction,6833.0
290-instcombine-match-combine-or-match-n30-d16.pbqp,llvm,heuristic,reconstruction,134.0
290-instcombine-match-combine-or-match-n30-d16.pbqp,llvm,heuristic,kernel,43122.0
290-instcombine-match-combine-or-match-n30-d16.pbqp,llvm,heuristic,metadata,1181.0
290-instcombine-match-combine-or-match-n30-d16.pbqp,llvm,heuristic,search,140.0
290-instcombine-match-combine-or-match-n30-d16.pbqp,llvm,heuristic,clone,0.0
290-instcombine-match-combine-or-match-n30-d16.pbqp,llvm,heuristic,allocation,4746.0
290-instcombine-match-combine-or-match-n30-d16.pbqp,llvm,heuristic,conditioning,5550.0
290-instcombine-match-combine-or-match-n30-d16.pbqp,llvm,heuristic,r0,38.0
290-instcombine-match-combine-or-match-n30-d16.pbqp,llvm,heuristic,r1,1413.0
290-instcombine-match-combine-or-match-n30-d16.pbqp,llvm,heuristic,r2,7752.0
290-instcombine-match-combine-or-match-n30-d16.pbqp,llvm,heuristic,lower_bound,6720.0
290-instcombine-match-combine-or-match-n30-d16.pbqp,llvm,heuristic,incumbent,81.0
290-instcombine-match-combine-or-match-n30-d16.pbqp,llvm,heuristic,seed,7802.0
291-instcombine-match-combine-or-match-n16-d16.pbqp,llvm,heuristic,other,415.0
291-instcombine-match-combine-or-match-n16-d16.pbqp,llvm,heuristic,topology,7170.0
291-instcombine-match-combine-or-match-n16-d16.pbqp,llvm,heuristic,selection,7264.0
291-instcombine-match-combine-or-match-n16-d16.pbqp,llvm,heuristic,reduction,3504.0
291-instcombine-match-combine-or-match-n16-d16.pbqp,llvm,heuristic,reconstruction,50.0
291-instcombine-match-combine-or-match-n16-d16.pbqp,llvm,heuristic,kernel,12755.0
291-instcombine-match-combine-or-match-n16-d16.pbqp,llvm,heuristic,metadata,195.0
291-instcombine-match-combine-or-match-n16-d16.pbqp,llvm,heuristic,search,118.0
291-instcombine-match-combine-or-match-n16-d16.pbqp,llvm,heuristic,clone,0.0
291-instcombine-match-combine-or-match-n16-d16.pbqp,llvm,heuristic,allocation,2347.0
291-instcombine-match-combine-or-match-n16-d16.pbqp,llvm,heuristic,conditioning,3058.0
291-instcombine-match-combine-or-match-n16-d16.pbqp,llvm,heuristic,r0,22.0
291-instcombine-match-combine-or-match-n16-d16.pbqp,llvm,heuristic,r1,247.0
291-instcombine-match-combine-or-match-n16-d16.pbqp,llvm,heuristic,r2,1955.0
291-instcombine-match-combine-or-match-n16-d16.pbqp,llvm,heuristic,lower_bound,2731.0
291-instcombine-match-combine-or-match-n16-d16.pbqp,llvm,heuristic,incumbent,71.0
291-instcombine-match-combine-or-match-n16-d16.pbqp,llvm,heuristic,seed,3517.0
292-instcombine-match-combine-or-match-n16-d16.pbqp,llvm,heuristic,other,431.0
292-instcombine-match-combine-or-match-n16-d16.pbqp,llvm,heuristic,topology,7198.0
292-instcombine-match-combine-or-match-n16-d16.pbqp,llvm,heuristic,selection,7237.0
292-instcombine-match-combine-or-match-n16-d16.pbqp,llvm,heuristic,reduction,3545.0
292-instcombine-match-combine-or-match-n16-d16.pbqp,llvm,heuristic,reconstruction,95.0
292-instcombine-match-combine-or-match-n16-d16.pbqp,llvm,heuristic,kernel,12501.0
292-instcombine-match-combine-or-match-n16-d16.pbqp,llvm,heuristic,metadata,196.0
292-instcombine-match-combine-or-match-n16-d16.pbqp,llvm,heuristic,search,127.0
292-instcombine-match-combine-or-match-n16-d16.pbqp,llvm,heuristic,clone,0.0
292-instcombine-match-combine-or-match-n16-d16.pbqp,llvm,heuristic,allocation,2335.0
292-instcombine-match-combine-or-match-n16-d16.pbqp,llvm,heuristic,conditioning,3047.0
292-instcombine-match-combine-or-match-n16-d16.pbqp,llvm,heuristic,r0,24.0
292-instcombine-match-combine-or-match-n16-d16.pbqp,llvm,heuristic,r1,287.0
292-instcombine-match-combine-or-match-n16-d16.pbqp,llvm,heuristic,r2,1947.0
292-instcombine-match-combine-or-match-n16-d16.pbqp,llvm,heuristic,lower_bound,2810.0
292-instcombine-match-combine-or-match-n16-d16.pbqp,llvm,heuristic,incumbent,69.0
292-instcombine-match-combine-or-match-n16-d16.pbqp,llvm,heuristic,seed,3498.0
293-instcombine-match-combine-or-match-n19-d16.pbqp,llvm,heuristic,other,559.0
293-instcombine-match-combine-or-match-n19-d16.pbqp,llvm,heuristic,topology,9911.0
293-instcombine-match-combine-or-match-n19-d16.pbqp,llvm,heuristic,selection,10252.0
293-instcombine-match-combine-or-match-n19-d16.pbqp,llvm,heuristic,reduction,4512.0
293-instcombine-match-combine-or-match-n19-d16.pbqp,llvm,heuristic,reconstruction,79.0
293-instcombine-match-combine-or-match-n19-d16.pbqp,llvm,heuristic,kernel,24599.0
293-instcombine-match-combine-or-match-n19-d16.pbqp,llvm,heuristic,metadata,593.0
293-instcombine-match-combine-or-match-n19-d16.pbqp,llvm,heuristic,search,137.0
293-instcombine-match-combine-or-match-n19-d16.pbqp,llvm,heuristic,clone,0.0
293-instcombine-match-combine-or-match-n19-d16.pbqp,llvm,heuristic,allocation,2558.0
293-instcombine-match-combine-or-match-n19-d16.pbqp,llvm,heuristic,conditioning,4000.0
293-instcombine-match-combine-or-match-n19-d16.pbqp,llvm,heuristic,r0,43.0
293-instcombine-match-combine-or-match-n19-d16.pbqp,llvm,heuristic,r1,1479.0
293-instcombine-match-combine-or-match-n19-d16.pbqp,llvm,heuristic,r2,2212.0
293-instcombine-match-combine-or-match-n19-d16.pbqp,llvm,heuristic,lower_bound,5354.0
293-instcombine-match-combine-or-match-n19-d16.pbqp,llvm,heuristic,incumbent,77.0
293-instcombine-match-combine-or-match-n19-d16.pbqp,llvm,heuristic,seed,4452.0
294-instcombine-match-combine-or-match-n19-d16.pbqp,llvm,heuristic,other,530.0
294-instcombine-match-combine-or-match-n19-d16.pbqp,llvm,heuristic,topology,9421.0
294-instcombine-match-combine-or-match-n19-d16.pbqp,llvm,heuristic,selection,9802.0
294-instcombine-match-combine-or-match-n19-d16.pbqp,llvm,heuristic,reduction,4768.0
294-instcombine-match-combine-or-match-n19-d16.pbqp,llvm,heuristic,reconstruction,64.0
294-instcombine-match-combine-or-match-n19-d16.pbqp,llvm,heuristic,kernel,28730.0
294-instcombine-match-combine-or-match-n19-d16.pbqp,llvm,heuristic,metadata,375.0
294-instcombine-match-combine-or-match-n19-d16.pbqp,llvm,heuristic,search,124.0
294-instcombine-match-combine-or-match-n19-d16.pbqp,llvm,heuristic,clone,0.0
294-instcombine-match-combine-or-match-n19-d16.pbqp,llvm,heuristic,allocation,2816.0
294-instcombine-match-combine-or-match-n19-d16.pbqp,llvm,heuristic,conditioning,4736.0
294-instcombine-match-combine-or-match-n19-d16.pbqp,llvm,heuristic,r0,132.0
294-instcombine-match-combine-or-match-n19-d16.pbqp,llvm,heuristic,r1,922.0
294-instcombine-match-combine-or-match-n19-d16.pbqp,llvm,heuristic,r2,2443.0
294-instcombine-match-combine-or-match-n19-d16.pbqp,llvm,heuristic,lower_bound,6094.0
294-instcombine-match-combine-or-match-n19-d16.pbqp,llvm,heuristic,incumbent,76.0
294-instcombine-match-combine-or-match-n19-d16.pbqp,llvm,heuristic,seed,4633.0
295-instcombine-match-combine-and-match-n14-d16.pbqp,llvm,heuristic,other,415.0
295-instcombine-match-combine-and-match-n14-d16.pbqp,llvm,heuristic,topology,4704.0
295-instcombine-match-combine-and-match-n14-d16.pbqp,llvm,heuristic,selection,4377.0
295-instcombine-match-combine-and-match-n14-d16.pbqp,llvm,heuristic,reduction,1657.0
295-instcombine-match-combine-and-match-n14-d16.pbqp,llvm,heuristic,reconstruction,77.0
295-instcombine-match-combine-and-match-n14-d16.pbqp,llvm,heuristic,kernel,23117.0
295-instcombine-match-combine-and-match-n14-d16.pbqp,llvm,heuristic,metadata,581.0
295-instcombine-match-combine-and-match-n14-d16.pbqp,llvm,heuristic,search,120.0
295-instcombine-match-combine-and-match-n14-d16.pbqp,llvm,heuristic,clone,0.0
295-instcombine-match-combine-and-match-n14-d16.pbqp,llvm,heuristic,allocation,2003.0
295-instcombine-match-combine-and-match-n14-d16.pbqp,llvm,heuristic,conditioning,1220.0
295-instcombine-match-combine-and-match-n14-d16.pbqp,llvm,heuristic,r0,45.0
295-instcombine-match-combine-and-match-n14-d16.pbqp,llvm,heuristic,r1,1072.0
295-instcombine-match-combine-and-match-n14-d16.pbqp,llvm,heuristic,r2,4986.0
295-instcombine-match-combine-and-match-n14-d16.pbqp,llvm,heuristic,lower_bound,2265.0
295-instcombine-match-combine-and-match-n14-d16.pbqp,llvm,heuristic,incumbent,65.0
295-instcombine-match-combine-and-match-n14-d16.pbqp,llvm,heuristic,seed,2840.0
296-instcombine-match-combine-and-match-n20-d16.pbqp,llvm,heuristic,other,759.0
296-instcombine-match-combine-and-match-n20-d16.pbqp,llvm,heuristic,topology,10342.0
296-instcombine-match-combine-and-match-n20-d16.pbqp,llvm,heuristic,selection,10053.0
296-instcombine-match-combine-and-match-n20-d16.pbqp,llvm,heuristic,reduction,4997.0
296-instcombine-match-combine-and-match-n20-d16.pbqp,llvm,heuristic,reconstruction,113.0
296-instcombine-match-combine-and-match-n20-d16.pbqp,llvm,heuristic,kernel,19486.0
296-instcombine-match-combine-and-match-n20-d16.pbqp,llvm,heuristic,metadata,640.0
296-instcombine-match-combine-and-match-n20-d16.pbqp,llvm,heuristic,search,266.0
296-instcombine-match-combine-and-match-n20-d16.pbqp,llvm,heuristic,clone,0.0
296-instcombine-match-combine-and-match-n20-d16.pbqp,llvm,heuristic,allocation,3268.0
296-instcombine-match-combine-and-match-n20-d16.pbqp,llvm,heuristic,conditioning,4367.0
296-instcombine-match-combine-and-match-n20-d16.pbqp,llvm,heuristic,r0,131.0
296-instcombine-match-combine-and-match-n20-d16.pbqp,llvm,heuristic,r1,1009.0
296-instcombine-match-combine-and-match-n20-d16.pbqp,llvm,heuristic,r2,3931.0
296-instcombine-match-combine-and-match-n20-d16.pbqp,llvm,heuristic,lower_bound,3939.0
296-instcombine-match-combine-and-match-n20-d16.pbqp,llvm,heuristic,incumbent,106.0
296-instcombine-match-combine-and-match-n20-d16.pbqp,llvm,heuristic,seed,4979.0
297-instcombine-match-combine-and-match-n18-d16.pbqp,llvm,heuristic,other,646.0
297-instcombine-match-combine-and-match-n18-d16.pbqp,llvm,heuristic,topology,7654.0
297-instcombine-match-combine-and-match-n18-d16.pbqp,llvm,heuristic,selection,6132.0
297-instcombine-match-combine-and-match-n18-d16.pbqp,llvm,heuristic,reduction,2241.0
297-instcombine-match-combine-and-match-n18-d16.pbqp,llvm,heuristic,reconstruction,99.0
297-instcombine-match-combine-and-match-n18-d16.pbqp,llvm,heuristic,kernel,25949.0
297-instcombine-match-combine-and-match-n18-d16.pbqp,llvm,heuristic,metadata,958.0
297-instcombine-match-combine-and-match-n18-d16.pbqp,llvm,heuristic,search,168.0
297-instcombine-match-combine-and-match-n18-d16.pbqp,llvm,heuristic,clone,0.0
297-instcombine-match-combine-and-match-n18-d16.pbqp,llvm,heuristic,allocation,3449.0
297-instcombine-match-combine-and-match-n18-d16.pbqp,llvm,heuristic,conditioning,1809.0
297-instcombine-match-combine-and-match-n18-d16.pbqp,llvm,heuristic,r0,59.0
297-instcombine-match-combine-and-match-n18-d16.pbqp,llvm,heuristic,r1,620.0
297-instcombine-match-combine-and-match-n18-d16.pbqp,llvm,heuristic,r2,9097.0
297-instcombine-match-combine-and-match-n18-d16.pbqp,llvm,heuristic,lower_bound,2400.0
297-instcombine-match-combine-and-match-n18-d16.pbqp,llvm,heuristic,incumbent,92.0
297-instcombine-match-combine-and-match-n18-d16.pbqp,llvm,heuristic,seed,3639.0
298-instcombine-match-combine-and-match-n20-d16.pbqp,llvm,heuristic,other,709.0
298-instcombine-match-combine-and-match-n20-d16.pbqp,llvm,heuristic,topology,9631.0
298-instcombine-match-combine-and-match-n20-d16.pbqp,llvm,heuristic,selection,8666.0
298-instcombine-match-combine-and-match-n20-d16.pbqp,llvm,heuristic,reduction,3881.0
298-instcombine-match-combine-and-match-n20-d16.pbqp,llvm,heuristic,reconstruction,118.0
298-instcombine-match-combine-and-match-n20-d16.pbqp,llvm,heuristic,kernel,29833.0
298-instcombine-match-combine-and-match-n20-d16.pbqp,llvm,heuristic,metadata,1059.0
298-instcombine-match-combine-and-match-n20-d16.pbqp,llvm,heuristic,search,134.0
298-instcombine-match-combine-and-match-n20-d16.pbqp,llvm,heuristic,clone,0.0
298-instcombine-match-combine-and-match-n20-d16.pbqp,llvm,heuristic,allocation,3960.0
298-instcombine-match-combine-and-match-n20-d16.pbqp,llvm,heuristic,conditioning,3053.0
298-instcombine-match-combine-and-match-n20-d16.pbqp,llvm,heuristic,r0,42.0
298-instcombine-match-combine-and-match-n20-d16.pbqp,llvm,heuristic,r1,835.0
298-instcombine-match-combine-and-match-n20-d16.pbqp,llvm,heuristic,r2,6248.0
298-instcombine-match-combine-and-match-n20-d16.pbqp,llvm,heuristic,lower_bound,3423.0
298-instcombine-match-combine-and-match-n20-d16.pbqp,llvm,heuristic,incumbent,74.0
298-instcombine-match-combine-and-match-n20-d16.pbqp,llvm,heuristic,seed,4156.0
299-instcombine-apint-issignmask-n8-d16.pbqp,llvm,none,other,550.0
299-instcombine-apint-issignmask-n8-d16.pbqp,llvm,none,topology,5883.0
299-instcombine-apint-issignmask-n8-d16.pbqp,llvm,none,selection,3315.0
299-instcombine-apint-issignmask-n8-d16.pbqp,llvm,none,reduction,0.0
299-instcombine-apint-issignmask-n8-d16.pbqp,llvm,none,reconstruction,86.0
299-instcombine-apint-issignmask-n8-d16.pbqp,llvm,none,kernel,15644.0
299-instcombine-apint-issignmask-n8-d16.pbqp,llvm,none,metadata,7114.0
299-instcombine-apint-issignmask-n8-d16.pbqp,llvm,none,search,10254.0
299-instcombine-apint-issignmask-n8-d16.pbqp,llvm,none,clone,5656.0
299-instcombine-apint-issignmask-n8-d16.pbqp,llvm,none,allocation,5970.0
299-instcombine-apint-issignmask-n8-d16.pbqp,llvm,none,conditioning,3227.0
299-instcombine-apint-issignmask-n8-d16.pbqp,llvm,none,r0,452.0
299-instcombine-apint-issignmask-n8-d16.pbqp,llvm,none,r1,3669.0
299-instcombine-apint-issignmask-n8-d16.pbqp,llvm,none,r2,12176.0
299-instcombine-apint-issignmask-n8-d16.pbqp,llvm,none,lower_bound,338.0
299-instcombine-apint-issignmask-n8-d16.pbqp,llvm,none,incumbent,1097.0
299-instcombine-apint-issignmask-n8-d16.pbqp,llvm,none,seed,0.0
299-instcombine-apint-issignmask-n8-d16.pbqp,llvm,heuristic,other,572.0
299-instcombine-apint-issignmask-n8-d16.pbqp,llvm,heuristic,topology,2140.0
299-instcombine-apint-issignmask-n8-d16.pbqp,llvm,heuristic,selection,1723.0
299-instcombine-apint-issignmask-n8-d16.pbqp,llvm,heuristic,reduction,315.0
299-instcombine-apint-issignmask-n8-d16.pbqp,llvm,heuristic,reconstruction,92.0
299-instcombine-apint-issignmask-n8-d16.pbqp,llvm,heuristic,kernel,9415.0
299-instcombine-apint-issignmask-n8-d16.pbqp,llvm,heuristic,metadata,688.0
299-instcombine-apint-issignmask-n8-d16.pbqp,llvm,heuristic,search,117.0
299-instcombine-apint-issignmask-n8-d16.pbqp,llvm,heuristic,clone,0.0
299-instcombine-apint-issignmask-n8-d16.pbqp,llvm,heuristic,allocation,1061.0
299-instcombine-apint-issignmask-n8-d16.pbqp,llvm,heuristic,conditioning,229.0
299-instcombine-apint-issignmask-n8-d16.pbqp,llvm,heuristic,r0,75.0
299-instcombine-apint-issignmask-n8-d16.pbqp,llvm,heuristic,r1,665.0
299-instcombine-apint-issignmask-n8-d16.pbqp,llvm,heuristic,r2,3743.0
299-instcombine-apint-issignmask-n8-d16.pbqp,llvm,heuristic,lower_bound,563.0
299-instcombine-apint-issignmask-n8-d16.pbqp,llvm,heuristic,incumbent,67.0
299-instcombine-apint-issignmask-n8-d16.pbqp,llvm,heuristic,seed,1382.0
300-instcombine-apint-isminsignedvalue-n8-d16.pbqp,llvm,none,other,544.0
300-instcombine-apint-isminsignedvalue-n8-d16.pbqp,llvm,none,topology,5868.0
300-instcombine-apint-isminsignedvalue-n8-d16.pbqp,llvm,none,selection,3218.0
300-instcombine-apint-isminsignedvalue-n8-d16.pbqp,llvm,none,reduction,0.0
300-instcombine-apint-isminsignedvalue-n8-d16.pbqp,llvm,none,reconstruction,65.0
300-instcombine-apint-isminsignedvalue-n8-d16.pbqp,llvm,none,kernel,16155.0
300-instcombine-apint-isminsignedvalue-n8-d16.pbqp,llvm,none,metadata,6719.0
300-instcombine-apint-isminsignedvalue-n8-d16.pbqp,llvm,none,search,10437.0
300-instcombine-apint-isminsignedvalue-n8-d16.pbqp,llvm,none,clone,5455.0
300-instcombine-apint-isminsignedvalue-n8-d16.pbqp,llvm,none,allocation,5814.0
300-instcombine-apint-isminsignedvalue-n8-d16.pbqp,llvm,none,conditioning,3129.0
300-instcombine-apint-isminsignedvalue-n8-d16.pbqp,llvm,none,r0,462.0
300-instcombine-apint-isminsignedvalue-n8-d16.pbqp,llvm,none,r1,3728.0
300-instcombine-apint-isminsignedvalue-n8-d16.pbqp,llvm,none,r2,11430.0
300-instcombine-apint-isminsignedvalue-n8-d16.pbqp,llvm,none,lower_bound,352.0
300-instcombine-apint-isminsignedvalue-n8-d16.pbqp,llvm,none,incumbent,1086.0
300-instcombine-apint-isminsignedvalue-n8-d16.pbqp,llvm,none,seed,0.0
300-instcombine-apint-isminsignedvalue-n8-d16.pbqp,llvm,heuristic,other,593.0
300-instcombine-apint-isminsignedvalue-n8-d16.pbqp,llvm,heuristic,topology,2200.0
300-instcombine-apint-isminsignedvalue-n8-d16.pbqp,llvm,heuristic,selection,1777.0
300-instcombine-apint-isminsignedvalue-n8-d16.pbqp,llvm,heuristic,reduction,338.0
300-instcombine-apint-isminsignedvalue-n8-d16.pbqp,llvm,heuristic,reconstruction,84.0
300-instcombine-apint-isminsignedvalue-n8-d16.pbqp,llvm,heuristic,kernel,9371.0
300-instcombine-apint-isminsignedvalue-n8-d16.pbqp,llvm,heuristic,metadata,689.0
300-instcombine-apint-isminsignedvalue-n8-d16.pbqp,llvm,heuristic,search,121.0
300-instcombine-apint-isminsignedvalue-n8-d16.pbqp,llvm,heuristic,clone,0.0
300-instcombine-apint-isminsignedvalue-n8-d16.pbqp,llvm,heuristic,allocation,1026.0
300-instcombine-apint-isminsignedvalue-n8-d16.pbqp,llvm,heuristic,conditioning,239.0
300-instcombine-apint-isminsignedvalue-n8-d16.pbqp,llvm,heuristic,r0,74.0
300-instcombine-apint-isminsignedvalue-n8-d16.pbqp,llvm,heuristic,r1,709.0
300-instcombine-apint-isminsignedvalue-n8-d16.pbqp,llvm,heuristic,r2,3737.0
300-instcombine-apint-isminsignedvalue-n8-d16.pbqp,llvm,heuristic,lower_bound,550.0
300-instcombine-apint-isminsignedvalue-n8-d16.pbqp,llvm,heuristic,incumbent,71.0
300-instcombine-apint-isminsignedvalue-n8-d16.pbqp,llvm,heuristic,seed,1386.0
301-instcombine-apint-isnegatedpowerof2-n11-d16.pbqp,llvm,heuristic,other,299.0
301-instcombine-apint-isnegatedpowerof2-n11-d16.pbqp,llvm,heuristic,topology,3700.0
301-instcombine-apint-isnegatedpowerof2-n11-d16.pbqp,llvm,heuristic,selection,4191.0
301-instcombine-apint-isnegatedpowerof2-n11-d16.pbqp,llvm,heuristic,reduction,2481.0
301-instcombine-apint-isnegatedpowerof2-n11-d16.pbqp,llvm,heuristic,reconstruction,71.0
301-instcombine-apint-isnegatedpowerof2-n11-d16.pbqp,llvm,heuristic,kernel,7431.0
301-instcombine-apint-isnegatedpowerof2-n11-d16.pbqp,llvm,heuristic,metadata,0.0
301-instcombine-apint-isnegatedpowerof2-n11-d16.pbqp,llvm,heuristic,search,132.0
301-instcombine-apint-isnegatedpowerof2-n11-d16.pbqp,llvm,heuristic,clone,0.0
301-instcombine-apint-isnegatedpowerof2-n11-d16.pbqp,llvm,heuristic,allocation,1651.0
301-instcombine-apint-isnegatedpowerof2-n11-d16.pbqp,llvm,heuristic,conditioning,1963.0
301-instcombine-apint-isnegatedpowerof2-n11-d16.pbqp,llvm,heuristic,r0,24.0
301-instcombine-apint-isnegatedpowerof2-n11-d16.pbqp,llvm,heuristic,r1,233.0
301-instcombine-apint-isnegatedpowerof2-n11-d16.pbqp,llvm,heuristic,r2,851.0
301-instcombine-apint-isnegatedpowerof2-n11-d16.pbqp,llvm,heuristic,lower_bound,1949.0
301-instcombine-apint-isnegatedpowerof2-n11-d16.pbqp,llvm,heuristic,incumbent,72.0
301-instcombine-apint-isnegatedpowerof2-n11-d16.pbqp,llvm,heuristic,seed,2277.0
302-instcombine-apint-ismask-n8-d16.pbqp,llvm,none,other,753.0
302-instcombine-apint-ismask-n8-d16.pbqp,llvm,none,topology,915.0
302-instcombine-apint-ismask-n8-d16.pbqp,llvm,none,selection,447.0
302-instcombine-apint-ismask-n8-d16.pbqp,llvm,none,reduction,0.0
302-instcombine-apint-ismask-n8-d16.pbqp,llvm,none,reconstruction,40.0
302-instcombine-apint-ismask-n8-d16.pbqp,llvm,none,kernel,2557.0
302-instcombine-apint-ismask-n8-d16.pbqp,llvm,none,metadata,1385.0
302-instcombine-apint-ismask-n8-d16.pbqp,llvm,none,search,0.0
302-instcombine-apint-ismask-n8-d16.pbqp,llvm,none,clone,0.0
302-instcombine-apint-ismask-n8-d16.pbqp,llvm,none,allocation,622.0
302-instcombine-apint-ismask-n8-d16.pbqp,llvm,none,conditioning,0.0
302-instcombine-apint-ismask-n8-d16.pbqp,llvm,none,r0,49.0
302-instcombine-apint-ismask-n8-d16.pbqp,llvm,none,r1,834.0
302-instcombine-apint-ismask-n8-d16.pbqp,llvm,none,r2,2360.0
302-instcombine-apint-ismask-n8-d16.pbqp,llvm,none,lower_bound,0.0
302-instcombine-apint-ismask-n8-d16.pbqp,llvm,none,incumbent,0.0
302-instcombine-apint-ismask-n8-d16.pbqp,llvm,none,seed,0.0
302-instcombine-apint-ismask-n8-d16.pbqp,llvm,heuristic,other,775.0
302-instcombine-apint-ismask-n8-d16.pbqp,llvm,heuristic,topology,1273.0
302-instcombine-apint-ismask-n8-d16.pbqp,llvm,heuristic,selection,797.0
302-instcombine-apint-ismask-n8-d16.pbqp,llvm,heuristic,reduction,0.0
302-instcombine-apint-ismask-n8-d16.pbqp,llvm,heuristic,reconstruction,79.0
302-instcombine-apint-ismask-n8-d16.pbqp,llvm,heuristic,kernel,8748.0
302-instcombine-apint-ismask-n8-d16.pbqp,llvm,heuristic,metadata,1359.0
302-instcombine-apint-ismask-n8-d16.pbqp,llvm,heuristic,search,0.0
302-instcombine-apint-ismask-n8-d16.pbqp,llvm,heuristic,clone,0.0
302-instcombine-apint-ismask-n8-d16.pbqp,llvm,heuristic,allocation,1070.0
302-instcombine-apint-ismask-n8-d16.pbqp,llvm,heuristic,conditioning,0.0
302-instcombine-apint-ismask-n8-d16.pbqp,llvm,heuristic,r0,99.0
302-instcombine-apint-ismask-n8-d16.pbqp,llvm,heuristic,r1,1603.0
302-instcombine-apint-ismask-n8-d16.pbqp,llvm,heuristic,r2,4807.0
302-instcombine-apint-ismask-n8-d16.pbqp,llvm,heuristic,lower_bound,0.0
302-instcombine-apint-ismask-n8-d16.pbqp,llvm,heuristic,incumbent,0.0
302-instcombine-apint-ismask-n8-d16.pbqp,llvm,heuristic,seed,1237.0
303-instcombine-apint-logbase2-n4-d16.pbqp,llvm,none,other,508.0
303-instcombine-apint-logbase2-n4-d16.pbqp,llvm,none,topology,555.0
303-instcombine-apint-logbase2-n4-d16.pbqp,llvm,none,selection,236.0
303-instcombine-apint-logbase2-n4-d16.pbqp,llvm,none,reduction,0.0
303-instcombine-apint-logbase2-n4-d16.pbqp,llvm,none,reconstruction,63.0
303-instcombine-apint-logbase2-n4-d16.pbqp,llvm,none,kernel,1938.0
303-instcombine-apint-logbase2-n4-d16.pbqp,llvm,none,metadata,871.0
303-instcombine-apint-logbase2-n4-d16.pbqp,llvm,none,search,0.0
303-instcombine-apint-logbase2-n4-d16.pbqp,llvm,none,clone,0.0
303-instcombine-apint-logbase2-n4-d16.pbqp,llvm,none,allocation,398.0
303-instcombine-apint-logbase2-n4-d16.pbqp,llvm,none,conditioning,0.0
303-instcombine-apint-logbase2-n4-d16.pbqp,llvm,none,r0,26.0
303-instcombine-apint-logbase2-n4-d16.pbqp,llvm,none,r1,315.0
303-instcombine-apint-logbase2-n4-d16.pbqp,llvm,none,r2,1854.0
303-instcombine-apint-logbase2-n4-d16.pbqp,llvm,none,lower_bound,0.0
303-instcombine-apint-logbase2-n4-d16.pbqp,llvm,none,incumbent,0.0
303-instcombine-apint-logbase2-n4-d16.pbqp,llvm,none,seed,0.0
303-instcombine-apint-logbase2-n4-d16.pbqp,llvm,heuristic,other,478.0
303-instcombine-apint-logbase2-n4-d16.pbqp,llvm,heuristic,topology,772.0
303-instcombine-apint-logbase2-n4-d16.pbqp,llvm,heuristic,selection,392.0
303-instcombine-apint-logbase2-n4-d16.pbqp,llvm,heuristic,reduction,0.0
303-instcombine-apint-logbase2-n4-d16.pbqp,llvm,heuristic,reconstruction,64.0
303-instcombine-apint-logbase2-n4-d16.pbqp,llvm,heuristic,kernel,6266.0
303-instcombine-apint-logbase2-n4-d16.pbqp,llvm,heuristic,metadata,770.0
303-instcombine-apint-logbase2-n4-d16.pbqp,llvm,heuristic,search,0.0
303-instcombine-apint-logbase2-n4-d16.pbqp,llvm,heuristic,clone,0.0
303-instcombine-apint-logbase2-n4-d16.pbqp,llvm,heuristic,allocation,557.0
303-instcombine-apint-logbase2-n4-d16.pbqp,llvm,heuristic,conditioning,0.0
303-instcombine-apint-logbase2-n4-d16.pbqp,llvm,heuristic,r0,51.0
303-instcombine-apint-logbase2-n4-d16.pbqp,llvm,heuristic,r1,617.0
303-instcombine-apint-logbase2-n4-d16.pbqp,llvm,heuristic,r2,3488.0
303-instcombine-apint-logbase2-n4-d16.pbqp,llvm,heuristic,lower_bound,0.0
303-instcombine-apint-logbase2-n4-d16.pbqp,llvm,heuristic,incumbent,0.0
303-instcombine-apint-logbase2-n4-d16.pbqp,llvm,heuristic,seed,785.0
304-instcombine-apint-isallones-n5-d16.pbqp,llvm,none,other,519.0
304-instcombine-apint-isallones-n5-d16.pbqp,llvm,none,topology,484.0
304-instcombine-apint-isallones-n5-d16.pbqp,llvm,none,selection,332.0
304-instcombine-apint-isallones-n5-d16.pbqp,llvm,none,reduction,0.0
304-instcombine-apint-isallones-n5-d16.pbqp,llvm,none,reconstruction,33.0
304-instcombine-apint-isallones-n5-d16.pbqp,llvm,none,kernel,1748.0
304-instcombine-apint-isallones-n5-d16.pbqp,llvm,none,metadata,688.0
304-instcombine-apint-isallones-n5-d16.pbqp,llvm,none,search,0.0
304-instcombine-apint-isallones-n5-d16.pbqp,llvm,none,clone,0.0
304-instcombine-apint-isallones-n5-d16.pbqp,llvm,none,allocation,367.0
304-instcombine-apint-isallones-n5-d16.pbqp,llvm,none,conditioning,0.0
304-instcombine-apint-isallones-n5-d16.pbqp,llvm,none,r0,69.0
304-instcombine-apint-isallones-n5-d16.pbqp,llvm,none,r1,274.0
304-instcombine-apint-isallones-n5-d16.pbqp,llvm,none,r2,1622.0
304-instcombine-apint-isallones-n5-d16.pbqp,llvm,none,lower_bound,0.0
304-instcombine-apint-isallones-n5-d16.pbqp,llvm,none,incumbent,0.0
304-instcombine-apint-isallones-n5-d16.pbqp,llvm,none,seed,0.0
304-instcombine-apint-isallones-n5-d16.pbqp,llvm,heuristic,other,556.0
304-instcombine-apint-isallones-n5-d16.pbqp,llvm,heuristic,topology,884.0
304-instcombine-apint-isallones-n5-d16.pbqp,llvm,heuristic,selection,555.0
304-instcombine-apint-isallones-n5-d16.pbqp,llvm,heuristic,reduction,0.0
304-instcombine-apint-isallones-n5-d16.pbqp,llvm,heuristic,reconstruction,66.0
304-instcombine-apint-isallones-n5-d16.pbqp,llvm,heuristic,kernel,6226.0
304-instcombine-apint-isallones-n5-d16.pbqp,llvm,heuristic,metadata,669.0
304-instcombine-apint-isallones-n5-d16.pbqp,llvm,heuristic,search,0.0
304-instcombine-apint-isallones-n5-d16.pbqp,llvm,heuristic,clone,0.0
304-instcombine-apint-isallones-n5-d16.pbqp,llvm,heuristic,allocation,592.0
304-instcombine-apint-isallones-n5-d16.pbqp,llvm,heuristic,conditioning,0.0
304-instcombine-apint-isallones-n5-d16.pbqp,llvm,heuristic,r0,100.0
304-instcombine-apint-isallones-n5-d16.pbqp,llvm,heuristic,r1,645.0
304-instcombine-apint-isallones-n5-d16.pbqp,llvm,heuristic,r2,3322.0
304-instcombine-apint-isallones-n5-d16.pbqp,llvm,heuristic,lower_bound,0.0
304-instcombine-apint-isallones-n5-d16.pbqp,llvm,heuristic,incumbent,0.0
304-instcombine-apint-isallones-n5-d16.pbqp,llvm,heuristic,seed,884.0
305-instcombine-apfloat-operator-n4-d16.pbqp,llvm,none,other,521.0
305-instcombine-apfloat-operator-n4-d16.pbqp,llvm,none,topology,495.0
305-instcombine-apfloat-operator-n4-d16.pbqp,llvm,none,selection,208.0
305-instcombine-apfloat-operator-n4-d16.pbqp,llvm,none,reduction,0.0
305-instcombine-apfloat-operator-n4-d16.pbqp,llvm,none,reconstruction,33.0
305-instcombine-apfloat-operator-n4-d16.pbqp,llvm,none,kernel,1119.0
305-instcombine-apfloat-operator-n4-d16.pbqp,llvm,none,metadata,546.0
305-instcombine-apfloat-operator-n4-d16.pbqp,llvm,none,search,0.0
305-instcombine-apfloat-operator-n4-d16.pbqp,llvm,none,clone,0.0
305-instcombine-apfloat-operator-n4-d16.pbqp,llvm,none,allocation,351.0
305-instcombine-apfloat-operator-n4-d16.pbqp,llvm,none,conditioning,0.0
305-instcombine-apfloat-operator-n4-d16.pbqp,llvm,none,r0,41.0
305-instcombine-apfloat-operator-n4-d16.pbqp,llvm,none,r1,320.0
305-instcombine-apfloat-operator-n4-d16.pbqp,llvm,none,r2,1134.0
305-instcombine-apfloat-operator-n4-d16.pbqp,llvm,none,lower_bound,0.0
305-instcombine-apfloat-operator-n4-d16.pbqp,llvm,none,incumbent,0.0
305-instcombine-apfloat-operator-n4-d16.pbqp,llvm,none,seed,0.0
305-instcombine-apfloat-operator-n4-d16.pbqp,llvm,heuristic,other,512.0
305-instcombine-apfloat-operator-n4-d16.pbqp,llvm,heuristic,topology,786.0
305-instcombine-apfloat-operator-n4-d16.pbqp,llvm,heuristic,selection,450.0
305-instcombine-apfloat-operator-n4-d16.pbqp,llvm,heuristic,reduction,0.0
305-instcombine-apfloat-operator-n4-d16.pbqp,llvm,heuristic,reconstruction,72.0
305-instcombine-apfloat-operator-n4-d16.pbqp,llvm,heuristic,kernel,4031.0
305-instcombine-apfloat-operator-n4-d16.pbqp,llvm,heuristic,metadata,550.0
305-instcombine-apfloat-operator-n4-d16.pbqp,llvm,heuristic,search,0.0
305-instcombine-apfloat-operator-n4-d16.pbqp,llvm,heuristic,clone,0.0
305-instcombine-apfloat-operator-n4-d16.pbqp,llvm,heuristic,allocation,584.0
305-instcombine-apfloat-operator-n4-d16.pbqp,llvm,heuristic,conditioning,0.0
305-instcombine-apfloat-operator-n4-d16.pbqp,llvm,heuristic,r0,55.0
305-instcombine-apfloat-operator-n4-d16.pbqp,llvm,heuristic,r1,669.0
305-instcombine-apfloat-operator-n4-d16.pbqp,llvm,heuristic,r2,2575.0
305-instcombine-apfloat-operator-n4-d16.pbqp,llvm,heuristic,lower_bound,0.0
305-instcombine-apfloat-operator-n4-d16.pbqp,llvm,heuristic,incumbent,0.0
305-instcombine-apfloat-operator-n4-d16.pbqp,llvm,heuristic,seed,857.0
306-instcombine-std-find-if-n35-d16.pbqp,llvm,heuristic,other,691.0
306-instcombine-std-find-if-n35-d16.pbqp,llvm,heuristic,topology,29558.0
306-instcombine-std-find-if-n35-d16.pbqp,llvm,heuristic,selection,32992.0
306-instcombine-std-find-if-n35-d16.pbqp,llvm,heuristic,reduction,13869.0
306-instcombine-std-find-if-n35-d16.pbqp,llvm,heuristic,reconstruction,133.0
306-instcombine-std-find-if-n35-d16.pbqp,llvm,heuristic,kernel,42780.0
306-instcombine-std-find-if-n35-d16.pbqp,llvm,heuristic,metadata,0.0
306-instcombine-std-find-if-n35-d16.pbqp,llvm,heuristic,search,148.0
306-instcombine-std-find-if-n35-d16.pbqp,llvm,heuristic,clone,0.0
306-instcombine-std-find-if-n35-d16.pbqp,llvm,heuristic,allocation,5216.0
306-instcombine-std-find-if-n35-d16.pbqp,llvm,heuristic,conditioning,11409.0
306-instcombine-std-find-if-n35-d16.pbqp,llvm,heuristic,r0,57.0
306-instcombine-std-find-if-n35-d16.pbqp,llvm,heuristic,r1,449.0
306-instcombine-std-find-if-n35-d16.pbqp,llvm,heuristic,r2,1564.0
306-instcombine-std-find-if-n35-d16.pbqp,llvm,heuristic,lower_bound,12610.0
306-instcombine-std-find-if-n35-d16.pbqp,llvm,heuristic,incumbent,103.0
306-instcombine-std-find-if-n35-d16.pbqp,llvm,heuristic,seed,9751.0
307-instcombine-0-operator-n97-d16.pbqp,llvm,heuristic,other,1700.0
307-instcombine-0-operator-n97-d16.pbqp,llvm,heuristic,topology,196847.0
307-instcombine-0-operator-n97-d16.pbqp,llvm,heuristic,selection,214754.0
307-instcombine-0-operator-n97-d16.pbqp,llvm,heuristic,reduction,73103.0
307-instcombine-0-operator-n97-d16.pbqp,llvm,heuristic,reconstruction,285.0
307-instcombine-0-operator-n97-d16.pbqp,llvm,heuristic,kernel,93774.0
307-instcombine-0-operator-n97-d16.pbqp,llvm,heuristic,metadata,742.0
307-instcombine-0-operator-n97-d16.pbqp,llvm,heuristic,search,196.0
307-instcombine-0-operator-n97-d16.pbqp,llvm,heuristic,clone,0.0
307-instcombine-0-operator-n97-d16.pbqp,llvm,heuristic,allocation,16580.0
307-instcombine-0-operator-n97-d16.pbqp,llvm,heuristic,conditioning,46721.0
307-instcombine-0-operator-n97-d16.pbqp,llvm,heuristic,r0,51.0
307-instcombine-0-operator-n97-d16.pbqp,llvm,heuristic,r1,2239.0
307-instcombine-0-operator-n97-d16.pbqp,llvm,heuristic,r2,1403.0
307-instcombine-0-operator-n97-d16.pbqp,llvm,heuristic,lower_bound,23960.0
307-instcombine-0-operator-n97-d16.pbqp,llvm,heuristic,incumbent,111.0
307-instcombine-0-operator-n97-d16.pbqp,llvm,heuristic,seed,35506.0
308-instcombine-0-operator-n28-d17.pbqp,llvm,heuristic,other,554.0
308-instcombine-0-operator-n28-d17.pbqp,llvm,heuristic,topology,15723.0
308-instcombine-0-operator-n28-d17.pbqp,llvm,heuristic,selection,16288.0
308-instcombine-0-operator-n28-d17.pbqp,llvm,heuristic,reduction,6792.0
308-instcombine-0-operator-n28-d17.pbqp,llvm,heuristic,reconstruction,78.0
308-instcombine-0-operator-n28-d17.pbqp,llvm,heuristic,kernel,29196.0
308-instcombine-0-operator-n28-d17.pbqp,llvm,heuristic,metadata,176.0
308-instcombine-0-operator-n28-d17.pbqp,llvm,heuristic,search,121.0
308-instcombine-0-operator-n28-d17.pbqp,llvm,heuristic,clone,0.0
308-instcombine-0-operator-n28-d17.pbqp,llvm,heuristic,allocation,4476.0
308-instcombine-0-operator-n28-d17.pbqp,llvm,heuristic,conditioning,5727.0
308-instcombine-0-operator-n28-d17.pbqp,llvm,heuristic,r0,99.0
308-instcombine-0-operator-n28-d17.pbqp,llvm,heuristic,r1,892.0
308-instcombine-0-operator-n28-d17.pbqp,llvm,heuristic,r2,4686.0
308-instcombine-0-operator-n28-d17.pbqp,llvm,heuristic,lower_bound,5660.0
308-instcombine-0-operator-n28-d17.pbqp,llvm,heuristic,incumbent,84.0
308-instcombine-0-operator-n28-d17.pbqp,llvm,heuristic,seed,6979.0
309-instcombine-2-operator-n12-d16.pbqp,llvm,none,other,613.0
309-instcombine-2-operator-n12-d16.pbqp,llvm,none,topology,64944.0
309-instcombine-2-operator-n12-d16.pbqp,llvm,none,selection,33799.0
309-instcombine-2-operator-n12-d16.pbqp,llvm,none,reduction,0.0
309-instcombine-2-operator-n12-d16.pbqp,llvm,none,reconstruction,310.0
309-instcombine-2-operator-n12-d16.pbqp,llvm,none,kernel,186028.0
309-instcombine-2-operator-n12-d16.pbqp,llvm,none,metadata,50804.0
309-instcombine-2-operator-n12-d16.pbqp,llvm,none,search,118640.0
309-instcombine-2-operator-n12-d16.pbqp,llvm,none,clone,138887.0
309-instcombine-2-operator-n12-d16.pbqp,llvm,none,allocation,58368.0
309-instcombine-2-operator-n12-d16.pbqp,llvm,none,conditioning,46629.0
309-instcombine-2-operator-n12-d16.pbqp,llvm,none,r0,3392.0
309-instcombine-2-operator-n12-d16.pbqp,llvm,none,r1,31534.0
309-instcombine-2-operator-n12-d16.pbqp,llvm,none,r2,122623.0
309-instcombine-2-operator-n12-d16.pbqp,llvm,none,lower_bound,91901.0
309-instcombine-2-operator-n12-d16.pbqp,llvm,none,incumbent,14688.0
309-instcombine-2-operator-n12-d16.pbqp,llvm,none,seed,0.0
309-instcombine-2-operator-n12-d16.pbqp,llvm,heuristic,other,612.0
309-instcombine-2-operator-n12-d16.pbqp,llvm,heuristic,topology,3609.0
309-instcombine-2-operator-n12-d16.pbqp,llvm,heuristic,selection,3515.0
309-instcombine-2-operator-n12-d16.pbqp,llvm,heuristic,reduction,1298.0
309-instcombine-2-operator-n12-d16.pbqp,llvm,heuristic,reconstruction,42.0
309-instcombine-2-operator-n12-d16.pbqp,llvm,heuristic,kernel,8757.0
309-instcombine-2-operator-n12-d16.pbqp,llvm,heuristic,metadata,599.0
309-instcombine-2-operator-n12-d16.pbqp,llvm,heuristic,search,138.0
309-instcombine-2-operator-n12-d16.pbqp,llvm,heuristic,clone,0.0
309-instcombine-2-operator-n12-d16.pbqp,llvm,heuristic,allocation,1317.0
309-instcombine-2-operator-n12-d16.pbqp,llvm,heuristic,conditioning,1059.0
309-instcombine-2-operator-n12-d16.pbqp,llvm,heuristic,r0,175.0
309-instcombine-2-operator-n12-d16.pbqp,llvm,heuristic,r1,1441.0
309-instcombine-2-operator-n12-d16.pbqp,llvm,heuristic,r2,1416.0
309-instcombine-2-operator-n12-d16.pbqp,llvm,heuristic,lower_bound,1715.0
309-instcombine-2-operator-n12-d16.pbqp,llvm,heuristic,incumbent,69.0
309-instcombine-2-operator-n12-d16.pbqp,llvm,heuristic,seed,2119.0
311-instcombine-3-operator-n27-d16-r1.pbqp,llvm,heuristic,other,651.0
311-instcombine-3-operator-n27-d16-r1.pbqp,llvm,heuristic,topology,18678.0
311-instcombine-3-operator-n27-d16-r1.pbqp,llvm,heuristic,selection,19322.0
311-instcombine-3-operator-n27-d16-r1.pbqp,llvm,heuristic,reduction,9283.0
311-instcombine-3-operator-n27-d16-r1.pbqp,llvm,heuristic,reconstruction,101.0
311-instcombine-3-operator-n27-d16-r1.pbqp,llvm,heuristic,kernel,31339.0
311-instcombine-3-operator-n27-d16-r1.pbqp,llvm,heuristic,metadata,228.0
311-instcombine-3-operator-n27-d16-r1.pbqp,llvm,heuristic,search,129.0
311-instcombine-3-operator-n27-d16-r1.pbqp,llvm,heuristic,clone,0.0
311-instcombine-3-operator-n27-d16-r1.pbqp,llvm,heuristic,allocation,5369.0
311-instcombine-3-operator-n27-d16-r1.pbqp,llvm,heuristic,conditioning,8311.0
311-instcombine-3-operator-n27-d16-r1.pbqp,llvm,heuristic,r0,45.0
311-instcombine-3-operator-n27-d16-r1.pbqp,llvm,heuristic,r1,314.0
311-instcombine-3-operator-n27-d16-r1.pbqp,llvm,heuristic,r2,3344.0
311-instcombine-3-operator-n27-d16-r1.pbqp,llvm,heuristic,lower_bound,6217.0
311-instcombine-3-operator-n27-d16-r1.pbqp,llvm,heuristic,incumbent,80.0
311-instcombine-3-operator-n27-d16-r1.pbqp,llvm,heuristic,seed,7447.0
313-instcombine-3-operator-n27-d16-r1.pbqp,llvm,heuristic,other,770.0
313-instcombine-3-operator-n27-d16-r1.pbqp,llvm,heuristic,topology,20772.0
313-instcombine-3-operator-n27-d16-r1.pbqp,llvm,heuristic,selection,21463.0
313-instcombine-3-operator-n27-d16-r1.pbqp,llvm,heuristic,reduction,10403.0
313-instcombine-3-operator-n27-d16-r1.pbqp,llvm,heuristic,reconstruction,152.0
313-instcombine-3-operator-n27-d16-r1.pbqp,llvm,heuristic,kernel,33087.0
313-instcombine-3-operator-n27-d16-r1.pbqp,llvm,heuristic,metadata,327.0
313-instcombine-3-operator-n27-d16-r1.pbqp,llvm,heuristic,search,192.0
313-instcombine-3-operator-n27-d16-r1.pbqp,llvm,heuristic,clone,0.0
313-instcombine-3-operator-n27-d16-r1.pbqp,llvm,heuristic,allocation,7057.0
313-instcombine-3-operator-n27-d16-r1.pbqp,llvm,heuristic,conditioning,9397.0
313-instcombine-3-operator-n27-d16-r1.pbqp,llvm,heuristic,r0,70.0
313-instcombine-3-operator-n27-d16-r1.pbqp,llvm,heuristic,r1,507.0
313-instcombine-3-operator-n27-d16-r1.pbqp,llvm,heuristic,r2,4100.0
313-instcombine-3-operator-n27-d16-r1.pbqp,llvm,heuristic,lower_bound,6854.0
313-instcombine-3-operator-n27-d16-r1.pbqp,llvm,heuristic,incumbent,103.0
313-instcombine-3-operator-n27-d16-r1.pbqp,llvm,heuristic,seed,8917.0
314-instcombine-6-operator-n54-d16.pbqp,llvm,heuristic,other,1629.0
314-instcombine-6-operator-n54-d16.pbqp,llvm,heuristic,topology,55944.0
314-instcombine-6-operator-n54-d16.pbqp,llvm,heuristic,selection,58136.0
314-instcombine-6-operator-n54-d16.pbqp,llvm,heuristic,reduction,17309.0
314-instcombine-6-operator-n54-d16.pbqp,llvm,heuristic,reconstruction,221.0
314-instcombine-6-operator-n54-d16.pbqp,llvm,heuristic,kernel,72451.0
314-instcombine-6-operator-n54-d16.pbqp,llvm,heuristic,metadata,2406.0
314-instcombine-6-operator-n54-d16.pbqp,llvm,heuristic,search,172.0
314-instcombine-6-operator-n54-d16.pbqp,llvm,heuristic,clone,0.0
314-instcombine-6-operator-n54-d16.pbqp,llvm,heuristic,allocation,9559.0
314-instcombine-6-operator-n54-d16.pbqp,llvm,heuristic,conditioning,13525.0
314-instcombine-6-operator-n54-d16.pbqp,llvm,heuristic,r0,76.0
314-instcombine-6-operator-n54-d16.pbqp,llvm,heuristic,r1,3632.0
314-instcombine-6-operator-n54-d16.pbqp,llvm,heuristic,r2,9810.0
314-instcombine-6-operator-n54-d16.pbqp,llvm,heuristic,lower_bound,13300.0
314-instcombine-6-operator-n54-d16.pbqp,llvm,heuristic,incumbent,121.0
314-instcombine-6-operator-n54-d16.pbqp,llvm,heuristic,seed,14642.0
315-instcombine-0-operator-n12-d16.pbqp,llvm,heuristic,other,439.0
315-instcombine-0-operator-n12-d16.pbqp,llvm,heuristic,topology,4492.0
315-instcombine-0-operator-n12-d16.pbqp,llvm,heuristic,selection,4698.0
315-instcombine-0-operator-n12-d16.pbqp,llvm,heuristic,reduction,2230.0
315-instcombine-0-operator-n12-d16.pbqp,llvm,heuristic,reconstruction,79.0
315-instcombine-0-operator-n12-d16.pbqp,llvm,heuristic,kernel,6176.0
315-instcombine-0-operator-n12-d16.pbqp,llvm,heuristic,metadata,328.0
315-instcombine-0-operator-n12-d16.pbqp,llvm,heuristic,search,122.0
315-instcombine-0-operator-n12-d16.pbqp,llvm,heuristic,clone,0.0
315-instcombine-0-operator-n12-d16.pbqp,llvm,heuristic,allocation,1823.0
315-instcombine-0-operator-n12-d16.pbqp,llvm,heuristic,conditioning,1733.0
315-instcombine-0-operator-n12-d16.pbqp,llvm,heuristic,r0,25.0
315-instcombine-0-operator-n12-d16.pbqp,llvm,heuristic,r1,1139.0
315-instcombine-0-operator-n12-d16.pbqp,llvm,heuristic,r2,682.0
315-instcombine-0-operator-n12-d16.pbqp,llvm,heuristic,lower_bound,1455.0
315-instcombine-0-operator-n12-d16.pbqp,llvm,heuristic,incumbent,68.0
315-instcombine-0-operator-n12-d16.pbqp,llvm,heuristic,seed,2424.0
316-mbb-global-sub-i-machinebasicblock-cpp-n7-d17.pbqp,llvm,none,other,660.0
316-mbb-global-sub-i-machinebasicblock-cpp-n7-d17.pbqp,llvm,none,topology,307.0
316-mbb-global-sub-i-machinebasicblock-cpp-n7-d17.pbqp,llvm,none,selection,382.0
316-mbb-global-sub-i-machinebasicblock-cpp-n7-d17.pbqp,llvm,none,reduction,0.0
316-mbb-global-sub-i-machinebasicblock-cpp-n7-d17.pbqp,llvm,none,reconstruction,33.0
316-mbb-global-sub-i-machinebasicblock-cpp-n7-d17.pbqp,llvm,none,kernel,0.0
316-mbb-global-sub-i-machinebasicblock-cpp-n7-d17.pbqp,llvm,none,metadata,0.0
316-mbb-global-sub-i-machinebasicblock-cpp-n7-d17.pbqp,llvm,none,search,0.0
316-mbb-global-sub-i-machinebasicblock-cpp-n7-d17.pbqp,llvm,none,clone,0.0
316-mbb-global-sub-i-machinebasicblock-cpp-n7-d17.pbqp,llvm,none,allocation,0.0
316-mbb-global-sub-i-machinebasicblock-cpp-n7-d17.pbqp,llvm,none,conditioning,0.0
316-mbb-global-sub-i-machinebasicblock-cpp-n7-d17.pbqp,llvm,none,r0,203.0
316-mbb-global-sub-i-machinebasicblock-cpp-n7-d17.pbqp,llvm,none,r1,0.0
316-mbb-global-sub-i-machinebasicblock-cpp-n7-d17.pbqp,llvm,none,r2,0.0
316-mbb-global-sub-i-machinebasicblock-cpp-n7-d17.pbqp,llvm,none,lower_bound,0.0
316-mbb-global-sub-i-machinebasicblock-cpp-n7-d17.pbqp,llvm,none,incumbent,0.0
316-mbb-global-sub-i-machinebasicblock-cpp-n7-d17.pbqp,llvm,none,seed,0.0
316-mbb-global-sub-i-machinebasicblock-cpp-n7-d17.pbqp,llvm,heuristic,other,642.0
316-mbb-global-sub-i-machinebasicblock-cpp-n7-d17.pbqp,llvm,heuristic,topology,569.0
316-mbb-global-sub-i-machinebasicblock-cpp-n7-d17.pbqp,llvm,heuristic,selection,672.0
316-mbb-global-sub-i-machinebasicblock-cpp-n7-d17.pbqp,llvm,heuristic,reduction,0.0
316-mbb-global-sub-i-machinebasicblock-cpp-n7-d17.pbqp,llvm,heuristic,reconstruction,63.0
316-mbb-global-sub-i-machinebasicblock-cpp-n7-d17.pbqp,llvm,heuristic,kernel,0.0
316-mbb-global-sub-i-machinebasicblock-cpp-n7-d17.pbqp,llvm,heuristic,metadata,0.0
316-mbb-global-sub-i-machinebasicblock-cpp-n7-d17.pbqp,llvm,heuristic,search,0.0
316-mbb-global-sub-i-machinebasicblock-cpp-n7-d17.pbqp,llvm,heuristic,clone,0.0
316-mbb-global-sub-i-machinebasicblock-cpp-n7-d17.pbqp,llvm,heuristic,allocation,0.0
316-mbb-global-sub-i-machinebasicblock-cpp-n7-d17.pbqp,llvm,heuristic,conditioning,0.0
316-mbb-global-sub-i-machinebasicblock-cpp-n7-d17.pbqp,llvm,heuristic,r0,385.0
316-mbb-global-sub-i-machinebasicblock-cpp-n7-d17.pbqp,llvm,heuristic,r1,0.0
316-mbb-global-sub-i-machinebasicblock-cpp-n7-d17.pbqp,llvm,heuristic,r2,0.0
316-mbb-global-sub-i-machinebasicblock-cpp-n7-d17.pbqp,llvm,heuristic,lower_bound,0.0
316-mbb-global-sub-i-machinebasicblock-cpp-n7-d17.pbqp,llvm,heuristic,incumbent,0.0
316-mbb-global-sub-i-machinebasicblock-cpp-n7-d17.pbqp,llvm,heuristic,seed,865.0
317-mbb-slotindexupdatedelegate-mf-handlerem-n6-d16.pbqp,llvm,none,other,305.0
317-mbb-slotindexupdatedelegate-mf-handlerem-n6-d16.pbqp,llvm,none,topology,2875.0
317-mbb-slotindexupdatedelegate-mf-handlerem-n6-d16.pbqp,llvm,none,selection,1752.0
317-mbb-slotindexupdatedelegate-mf-handlerem-n6-d16.pbqp,llvm,none,reduction,0.0
317-mbb-slotindexupdatedelegate-mf-handlerem-n6-d16.pbqp,llvm,none,reconstruction,65.0
317-mbb-slotindexupdatedelegate-mf-handlerem-n6-d16.pbqp,llvm,none,kernel,9155.0
317-mbb-slotindexupdatedelegate-mf-handlerem-n6-d16.pbqp,llvm,none,metadata,3215.0
317-mbb-slotindexupdatedelegate-mf-handlerem-n6-d16.pbqp,llvm,none,search,4985.0
317-mbb-slotindexupdatedelegate-mf-handlerem-n6-d16.pbqp,llvm,none,clone,1991.0
317-mbb-slotindexupdatedelegate-mf-handlerem-n6-d16.pbqp,llvm,none,allocation,2878.0
317-mbb-slotindexupdatedelegate-mf-handlerem-n6-d16.pbqp,llvm,none,conditioning,1414.0
317-mbb-slotindexupdatedelegate-mf-handlerem-n6-d16.pbqp,llvm,none,r0,181.0
317-mbb-slotindexupdatedelegate-mf-handlerem-n6-d16.pbqp,llvm,none,r1,2301.0
317-mbb-slotindexupdatedelegate-mf-handlerem-n6-d16.pbqp,llvm,none,r2,8982.0
317-mbb-slotindexupdatedelegate-mf-handlerem-n6-d16.pbqp,llvm,none,lower_bound,146.0
317-mbb-slotindexupdatedelegate-mf-handlerem-n6-d16.pbqp,llvm,none,incumbent,510.0
317-mbb-slotindexupdatedelegate-mf-handlerem-n6-d16.pbqp,llvm,none,seed,0.0
317-mbb-slotindexupdatedelegate-mf-handlerem-n6-d16.pbqp,llvm,heuristic,other,390.0
317-mbb-slotindexupdatedelegate-mf-handlerem-n6-d16.pbqp,llvm,heuristic,topology,1460.0
317-mbb-slotindexupdatedelegate-mf-handlerem-n6-d16.pbqp,llvm,heuristic,selection,1242.0
317-mbb-slotindexupdatedelegate-mf-handlerem-n6-d16.pbqp,llvm,heuristic,reduction,325.0
317-mbb-slotindexupdatedelegate-mf-handlerem-n6-d16.pbqp,llvm,heuristic,reconstruction,66.0
317-mbb-slotindexupdatedelegate-mf-handlerem-n6-d16.pbqp,llvm,heuristic,kernel,5696.0
317-mbb-slotindexupdatedelegate-mf-handlerem-n6-d16.pbqp,llvm,heuristic,metadata,327.0
317-mbb-slotindexupdatedelegate-mf-handlerem-n6-d16.pbqp,llvm,heuristic,search,121.0
317-mbb-slotindexupdatedelegate-mf-handlerem-n6-d16.pbqp,llvm,heuristic,clone,0.0
317-mbb-slotindexupdatedelegate-mf-handlerem-n6-d16.pbqp,llvm,heuristic,allocation,958.0
317-mbb-slotindexupdatedelegate-mf-handlerem-n6-d16.pbqp,llvm,heuristic,conditioning,235.0
317-mbb-slotindexupdatedelegate-mf-handlerem-n6-d16.pbqp,llvm,heuristic,r0,41.0
317-mbb-slotindexupdatedelegate-mf-handlerem-n6-d16.pbqp,llvm,heuristic,r1,756.0
317-mbb-slotindexupdatedelegate-mf-handlerem-n6-d16.pbqp,llvm,heuristic,r2,2263.0
317-mbb-slotindexupdatedelegate-mf-handlerem-n6-d16.pbqp,llvm,heuristic,lower_bound,460.0
317-mbb-slotindexupdatedelegate-mf-handlerem-n6-d16.pbqp,llvm,heuristic,incumbent,76.0
317-mbb-slotindexupdatedelegate-mf-handlerem-n6-d16.pbqp,llvm,heuristic,seed,1171.0
318-mbb-slotindexupdatedelegate-mf-handleins-n3-d16.pbqp,llvm,none,other,434.0
318-mbb-slotindexupdatedelegate-mf-handleins-n3-d16.pbqp,llvm,none,topology,218.0
318-mbb-slotindexupdatedelegate-mf-handleins-n3-d16.pbqp,llvm,none,selection,183.0
318-mbb-slotindexupdatedelegate-mf-handleins-n3-d16.pbqp,llvm,none,reduction,0.0
318-mbb-slotindexupdatedelegate-mf-handleins-n3-d16.pbqp,llvm,none,reconstruction,33.0
318-mbb-slotindexupdatedelegate-mf-handleins-n3-d16.pbqp,llvm,none,kernel,337.0
318-mbb-slotindexupdatedelegate-mf-handleins-n3-d16.pbqp,llvm,none,metadata,583.0
318-mbb-slotindexupdatedelegate-mf-handleins-n3-d16.pbqp,llvm,none,search,0.0
318-mbb-slotindexupdatedelegate-mf-handleins-n3-d16.pbqp,llvm,none,clone,0.0
318-mbb-slotindexupdatedelegate-mf-handleins-n3-d16.pbqp,llvm,none,allocation,265.0
318-mbb-slotindexupdatedelegate-mf-handleins-n3-d16.pbqp,llvm,none,conditioning,0.0
318-mbb-slotindexupdatedelegate-mf-handleins-n3-d16.pbqp,llvm,none,r0,27.0
318-mbb-slotindexupdatedelegate-mf-handleins-n3-d16.pbqp,llvm,none,r1,678.0
318-mbb-slotindexupdatedelegate-mf-handleins-n3-d16.pbqp,llvm,none,r2,0.0
318-mbb-slotindexupdatedelegate-mf-handleins-n3-d16.pbqp,llvm,none,lower_bound,0.0
318-mbb-slotindexupdatedelegate-mf-handleins-n3-d16.pbqp,llvm,none,incumbent,0.0
318-mbb-slotindexupdatedelegate-mf-handleins-n3-d16.pbqp,llvm,none,seed,0.0
318-mbb-slotindexupdatedelegate-mf-handleins-n3-d16.pbqp,llvm,heuristic,other,378.0
318-mbb-slotindexupdatedelegate-mf-handleins-n3-d16.pbqp,llvm,heuristic,topology,397.0
318-mbb-slotindexupdatedelegate-mf-handleins-n3-d16.pbqp,llvm,heuristic,selection,302.0
318-mbb-slotindexupdatedelegate-mf-handleins-n3-d16.pbqp,llvm,heuristic,reduction,0.0
318-mbb-slotindexupdatedelegate-mf-handleins-n3-d16.pbqp,llvm,heuristic,reconstruction,55.0
318-mbb-slotindexupdatedelegate-mf-handleins-n3-d16.pbqp,llvm,heuristic,kernel,769.0
318-mbb-slotindexupdatedelegate-mf-handleins-n3-d16.pbqp,llvm,heuristic,metadata,512.0
318-mbb-slotindexupdatedelegate-mf-handleins-n3-d16.pbqp,llvm,heuristic,search,0.0
318-mbb-slotindexupdatedelegate-mf-handleins-n3-d16.pbqp,llvm,heuristic,clone,0.0
318-mbb-slotindexupdatedelegate-mf-handleins-n3-d16.pbqp,llvm,heuristic,allocation,363.0
318-mbb-slotindexupdatedelegate-mf-handleins-n3-d16.pbqp,llvm,heuristic,conditioning,0.0
318-mbb-slotindexupdatedelegate-mf-handleins-n3-d16.pbqp,llvm,heuristic,r0,48.0
318-mbb-slotindexupdatedelegate-mf-handleins-n3-d16.pbqp,llvm,heuristic,r1,1090.0
318-mbb-slotindexupdatedelegate-mf-handleins-n3-d16.pbqp,llvm,heuristic,r2,0.0
318-mbb-slotindexupdatedelegate-mf-handleins-n3-d16.pbqp,llvm,heuristic,lower_bound,0.0
318-mbb-slotindexupdatedelegate-mf-handleins-n3-d16.pbqp,llvm,heuristic,incumbent,0.0
318-mbb-slotindexupdatedelegate-mf-handleins-n3-d16.pbqp,llvm,heuristic,seed,610.0
319-mbb-slotindexupdatedelegate-slotindexupd-n13-d16.pbqp,llvm,none,other,544.0
319-mbb-slotindexupdatedelegate-slotindexupd-n13-d16.pbqp,llvm,none,topology,46348.0
319-mbb-slotindexupdatedelegate-slotindexupd-n13-d16.pbqp,llvm,none,selection,25947.0
319-mbb-slotindexupdatedelegate-slotindexupd-n13-d16.pbqp,llvm,none,reduction,0.0
319-mbb-slotindexupdatedelegate-slotindexupd-n13-d16.pbqp,llvm,none,reconstruction,248.0
319-mbb-slotindexupdatedelegate-slotindexupd-n13-d16.pbqp,llvm,none,kernel,81695.0
319-mbb-slotindexupdatedelegate-slotindexupd-n13-d16.pbqp,llvm,none,metadata,22386.0
319-mbb-slotindexupdatedelegate-slotindexupd-n13-d16.pbqp,llvm,none,search,76619.0
319-mbb-slotindexupdatedelegate-slotindexupd-n13-d16.pbqp,llvm,none,clone,103791.0
319-mbb-slotindexupdatedelegate-slotindexupd-n13-d16.pbqp,llvm,none,allocation,40663.0
319-mbb-slotindexupdatedelegate-slotindexupd-n13-d16.pbqp,llvm,none,conditioning,30424.0
319-mbb-slotindexupdatedelegate-slotindexupd-n13-d16.pbqp,llvm,none,r0,2273.0
319-mbb-slotindexupdatedelegate-slotindexupd-n13-d16.pbqp,llvm,none,r1,19465.0
319-mbb-slotindexupdatedelegate-slotindexupd-n13-d16.pbqp,llvm,none,r2,46251.0
319-mbb-slotindexupdatedelegate-slotindexupd-n13-d16.pbqp,llvm,none,lower_bound,35019.0
319-mbb-slotindexupdatedelegate-slotindexupd-n13-d16.pbqp,llvm,none,incumbent,8910.0
319-mbb-slotindexupdatedelegate-slotindexupd-n13-d16.pbqp,llvm,none,seed,0.0
319-mbb-slotindexupdatedelegate-slotindexupd-n13-d16.pbqp,llvm,heuristic,other,605.0
319-mbb-slotindexupdatedelegate-slotindexupd-n13-d16.pbqp,llvm,heuristic,topology,4125.0
319-mbb-slotindexupdatedelegate-slotindexupd-n13-d16.pbqp,llvm,heuristic,selection,3483.0
319-mbb-slotindexupdatedelegate-slotindexupd-n13-d16.pbqp,llvm,heuristic,reduction,1369.0
319-mbb-slotindexupdatedelegate-slotindexupd-n13-d16.pbqp,llvm,heuristic,reconstruction,101.0
319-mbb-slotindexupdatedelegate-slotindexupd-n13-d16.pbqp,llvm,heuristic,kernel,13446.0
319-mbb-slotindexupdatedelegate-slotindexupd-n13-d16.pbqp,llvm,heuristic,metadata,636.0
319-mbb-slotindexupdatedelegate-slotindexupd-n13-d16.pbqp,llvm,heuristic,search,129.0
319-mbb-slotindexupdatedelegate-slotindexupd-n13-d16.pbqp,llvm,heuristic,clone,0.0
319-mbb-slotindexupdatedelegate-slotindexupd-n13-d16.pbqp,llvm,heuristic,allocation,2044.0
319-mbb-slotindexupdatedelegate-slotindexupd-n13-d16.pbqp,llvm,heuristic,conditioning,1185.0
319-mbb-slotindexupdatedelegate-slotindexupd-n13-d16.pbqp,llvm,heuristic,r0,58.0
319-mbb-slotindexupdatedelegate-slotindexupd-n13-d16.pbqp,llvm,heuristic,r1,1332.0
319-mbb-slotindexupdatedelegate-slotindexupd-n13-d16.pbqp,llvm,heuristic,r2,3588.0
319-mbb-slotindexupdatedelegate-slotindexupd-n13-d16.pbqp,llvm,heuristic,lower_bound,1351.0
319-mbb-slotindexupdatedelegate-slotindexupd-n13-d16.pbqp,llvm,heuristic,incumbent,90.0
319-mbb-slotindexupdatedelegate-slotindexupd-n13-d16.pbqp,llvm,heuristic,seed,2711.0
320-mbb-slotindexupdatedelegate-slotindexupd-n15-d17.pbqp,llvm,none,other,631.0
320-mbb-slotindexupdatedelegate-slotindexupd-n15-d17.pbqp,llvm,none,topology,112518.0
320-mbb-slotindexupdatedelegate-slotindexupd-n15-d17.pbqp,llvm,none,selection,67995.0
320-mbb-slotindexupdatedelegate-slotindexupd-n15-d17.pbqp,llvm,none,reduction,0.0
320-mbb-slotindexupdatedelegate-slotindexupd-n15-d17.pbqp,llvm,none,reconstruction,361.0
320-mbb-slotindexupdatedelegate-slotindexupd-n15-d17.pbqp,llvm,none,kernel,180606.0
320-mbb-slotindexupdatedelegate-slotindexupd-n15-d17.pbqp,llvm,none,metadata,43449.0
320-mbb-slotindexupdatedelegate-slotindexupd-n15-d17.pbqp,llvm,none,search,166539.0
320-mbb-slotindexupdatedelegate-slotindexupd-n15-d17.pbqp,llvm,none,clone,284722.0
320-mbb-slotindexupdatedelegate-slotindexupd-n15-d17.pbqp,llvm,none,allocation,84677.0
320-mbb-slotindexupdatedelegate-slotindexupd-n15-d17.pbqp,llvm,none,conditioning,68161.0
320-mbb-slotindexupdatedelegate-slotindexupd-n15-d17.pbqp,llvm,none,r0,3453.0
320-mbb-slotindexupdatedelegate-slotindexupd-n15-d17.pbqp,llvm,none,r1,38635.0
320-mbb-slotindexupdatedelegate-slotindexupd-n15-d17.pbqp,llvm,none,r2,97742.0
320-mbb-slotindexupdatedelegate-slotindexupd-n15-d17.pbqp,llvm,none,lower_bound,134302.0
320-mbb-slotindexupdatedelegate-slotindexupd-n15-d17.pbqp,llvm,none,incumbent,19715.0
320-mbb-slotindexupdatedelegate-slotindexupd-n15-d17.pbqp,llvm,none,seed,0.0
320-mbb-slotindexupdatedelegate-slotindexupd-n15-d17.pbqp,llvm,heuristic,other,648.0
320-mbb-slotindexupdatedelegate-slotindexupd-n15-d17.pbqp,llvm,heuristic,topology,5321.0
320-mbb-slotindexupdatedelegate-slotindexupd-n15-d17.pbqp,llvm,heuristic,selection,4851.0
320-mbb-slotindexupdatedelegate-slotindexupd-n15-d17.pbqp,llvm,heuristic,reduction,1994.0
320-mbb-slotindexupdatedelegate-slotindexupd-n15-d17.pbqp,llvm,heuristic,reconstruction,118.0
320-mbb-slotindexupdatedelegate-slotindexupd-n15-d17.pbqp,llvm,heuristic,kernel,10961.0
320-mbb-slotindexupdatedelegate-slotindexupd-n15-d17.pbqp,llvm,heuristic,metadata,483.0
320-mbb-slotindexupdatedelegate-slotindexupd-n15-d17.pbqp,llvm,heuristic,search,119.0
320-mbb-slotindexupdatedelegate-slotindexupd-n15-d17.pbqp,llvm,heuristic,clone,0.0
320-mbb-slotindexupdatedelegate-slotindexupd-n15-d17.pbqp,llvm,heuristic,allocation,2055.0
320-mbb-slotindexupdatedelegate-slotindexupd-n15-d17.pbqp,llvm,heuristic,conditioning,1705.0
320-mbb-slotindexupdatedelegate-slotindexupd-n15-d17.pbqp,llvm,heuristic,r0,86.0
320-mbb-slotindexupdatedelegate-slotindexupd-n15-d17.pbqp,llvm,heuristic,r1,1318.0
320-mbb-slotindexupdatedelegate-slotindexupd-n15-d17.pbqp,llvm,heuristic,r2,2198.0
320-mbb-slotindexupdatedelegate-slotindexupd-n15-d17.pbqp,llvm,heuristic,lower_bound,1766.0
320-mbb-slotindexupdatedelegate-slotindexupd-n15-d17.pbqp,llvm,heuristic,incumbent,71.0
320-mbb-slotindexupdatedelegate-slotindexupd-n15-d17.pbqp,llvm,heuristic,seed,3155.0
321-mbb-slotindexes-insertmbbinmaps-n25-d17.pbqp,llvm,heuristic,other,801.0
321-mbb-slotindexes-insertmbbinmaps-n25-d17.pbqp,llvm,heuristic,topology,16505.0
321-mbb-slotindexes-insertmbbinmaps-n25-d17.pbqp,llvm,heuristic,selection,16224.0
321-mbb-slotindexes-insertmbbinmaps-n25-d17.pbqp,llvm,heuristic,reduction,7641.0
321-mbb-slotindexes-insertmbbinmaps-n25-d17.pbqp,llvm,heuristic,reconstruction,131.0
321-mbb-slotindexes-insertmbbinmaps-n25-d17.pbqp,llvm,heuristic,kernel,29215.0
321-mbb-slotindexes-insertmbbinmaps-n25-d17.pbqp,llvm,heuristic,metadata,638.0
321-mbb-slotindexes-insertmbbinmaps-n25-d17.pbqp,llvm,heuristic,search,125.0
321-mbb-slotindexes-insertmbbinmaps-n25-d17.pbqp,llvm,heuristic,clone,0.0
321-mbb-slotindexes-insertmbbinmaps-n25-d17.pbqp,llvm,heuristic,allocation,4579.0
321-mbb-slotindexes-insertmbbinmaps-n25-d17.pbqp,llvm,heuristic,conditioning,7912.0
321-mbb-slotindexes-insertmbbinmaps-n25-d17.pbqp,llvm,heuristic,r0,94.0
321-mbb-slotindexes-insertmbbinmaps-n25-d17.pbqp,llvm,heuristic,r1,786.0
321-mbb-slotindexes-insertmbbinmaps-n25-d17.pbqp,llvm,heuristic,r2,4390.0
321-mbb-slotindexes-insertmbbinmaps-n25-d17.pbqp,llvm,heuristic,lower_bound,6586.0
321-mbb-slotindexes-insertmbbinmaps-n25-d17.pbqp,llvm,heuristic,incumbent,91.0
321-mbb-slotindexes-insertmbbinmaps-n25-d17.pbqp,llvm,heuristic,seed,7973.0
322-mbb-slotindexes-insertmachineinstrinmaps-n15-d17.pbqp,llvm,heuristic,other,492.0
322-mbb-slotindexes-insertmachineinstrinmaps-n15-d17.pbqp,llvm,heuristic,topology,6073.0
322-mbb-slotindexes-insertmachineinstrinmaps-n15-d17.pbqp,llvm,heuristic,selection,5928.0
322-mbb-slotindexes-insertmachineinstrinmaps-n15-d17.pbqp,llvm,heuristic,reduction,3300.0
322-mbb-slotindexes-insertmachineinstrinmaps-n15-d17.pbqp,llvm,heuristic,reconstruction,91.0
322-mbb-slotindexes-insertmachineinstrinmaps-n15-d17.pbqp,llvm,heuristic,kernel,11051.0
322-mbb-slotindexes-insertmachineinstrinmaps-n15-d17.pbqp,llvm,heuristic,metadata,157.0
322-mbb-slotindexes-insertmachineinstrinmaps-n15-d17.pbqp,llvm,heuristic,search,132.0
322-mbb-slotindexes-insertmachineinstrinmaps-n15-d17.pbqp,llvm,heuristic,clone,0.0
322-mbb-slotindexes-insertmachineinstrinmaps-n15-d17.pbqp,llvm,heuristic,allocation,2082.0
322-mbb-slotindexes-insertmachineinstrinmaps-n15-d17.pbqp,llvm,heuristic,conditioning,2919.0
322-mbb-slotindexes-insertmachineinstrinmaps-n15-d17.pbqp,llvm,heuristic,r0,84.0
322-mbb-slotindexes-insertmachineinstrinmaps-n15-d17.pbqp,llvm,heuristic,r1,230.0
322-mbb-slotindexes-insertmachineinstrinmaps-n15-d17.pbqp,llvm,heuristic,r2,1904.0
322-mbb-slotindexes-insertmachineinstrinmaps-n15-d17.pbqp,llvm,heuristic,lower_bound,2397.0
322-mbb-slotindexes-insertmachineinstrinmaps-n15-d17.pbqp,llvm,heuristic,incumbent,69.0
322-mbb-slotindexes-insertmachineinstrinmaps-n15-d17.pbqp,llvm,heuristic,seed,3628.0
323-mbb-iplist-impl-erase-n11-d16.pbqp,llvm,heuristic,other,330.0
323-mbb-iplist-impl-erase-n11-d16.pbqp,llvm,heuristic,topology,3970.0
323-mbb-iplist-impl-erase-n11-d16.pbqp,llvm,heuristic,selection,4044.0
323-mbb-iplist-impl-erase-n11-d16.pbqp,llvm,heuristic,reduction,2560.0
323-mbb-iplist-impl-erase-n11-d16.pbqp,llvm,heuristic,reconstruction,41.0
323-mbb-iplist-impl-erase-n11-d16.pbqp,llvm,heuristic,kernel,8240.0
323-mbb-iplist-impl-erase-n11-d16.pbqp,llvm,heuristic,metadata,0.0
323-mbb-iplist-impl-erase-n11-d16.pbqp,llvm,heuristic,search,135.0
323-mbb-iplist-impl-erase-n11-d16.pbqp,llvm,heuristic,clone,0.0
323-mbb-iplist-impl-erase-n11-d16.pbqp,llvm,heuristic,allocation,1830.0
323-mbb-iplist-impl-erase-n11-d16.pbqp,llvm,heuristic,conditioning,2501.0
323-mbb-iplist-impl-erase-n11-d16.pbqp,llvm,heuristic,r0,24.0
323-mbb-iplist-impl-erase-n11-d16.pbqp,llvm,heuristic,r1,264.0
323-mbb-iplist-impl-erase-n11-d16.pbqp,llvm,heuristic,r2,772.0
323-mbb-iplist-impl-erase-n11-d16.pbqp,llvm,heuristic,lower_bound,2224.0
323-mbb-iplist-impl-erase-n11-d16.pbqp,llvm,heuristic,incumbent,75.0
323-mbb-iplist-impl-erase-n11-d16.pbqp,llvm,heuristic,seed,2593.0
326-mbb-densemapbase-lookuporinsertintobucke-n24-d16.pbqp,llvm,heuristic,other,844.0
326-mbb-densemapbase-lookuporinsertintobucke-n24-d16.pbqp,llvm,heuristic,topology,16488.0
326-mbb-densemapbase-lookuporinsertintobucke-n24-d16.pbqp,llvm,heuristic,selection,15856.0
326-mbb-densemapbase-lookuporinsertintobucke-n24-d16.pbqp,llvm,heuristic,reduction,8787.0
326-mbb-densemapbase-lookuporinsertintobucke-n24-d16.pbqp,llvm,heuristic,reconstruction,88.0
326-mbb-densemapbase-lookuporinsertintobucke-n24-d16.pbqp,llvm,heuristic,kernel,40933.0
326-mbb-densemapbase-lookuporinsertintobucke-n24-d16.pbqp,llvm,heuristic,metadata,929.0
326-mbb-densemapbase-lookuporinsertintobucke-n24-d16.pbqp,llvm,heuristic,search,126.0
326-mbb-densemapbase-lookuporinsertintobucke-n24-d16.pbqp,llvm,heuristic,clone,0.0
326-mbb-densemapbase-lookuporinsertintobucke-n24-d16.pbqp,llvm,heuristic,allocation,4768.0
326-mbb-densemapbase-lookuporinsertintobucke-n24-d16.pbqp,llvm,heuristic,conditioning,9578.0
326-mbb-densemapbase-lookuporinsertintobucke-n24-d16.pbqp,llvm,heuristic,r0,43.0
326-mbb-densemapbase-lookuporinsertintobucke-n24-d16.pbqp,llvm,heuristic,r1,1411.0
326-mbb-densemapbase-lookuporinsertintobucke-n24-d16.pbqp,llvm,heuristic,r2,2964.0
326-mbb-densemapbase-lookuporinsertintobucke-n24-d16.pbqp,llvm,heuristic,lower_bound,10805.0
326-mbb-densemapbase-lookuporinsertintobucke-n24-d16.pbqp,llvm,heuristic,incumbent,89.0
326-mbb-densemapbase-lookuporinsertintobucke-n24-d16.pbqp,llvm,heuristic,seed,8325.0
327-mbb-densemapbase-lookupbucketfor-n15-d16.pbqp,llvm,heuristic,other,484.0
327-mbb-densemapbase-lookupbucketfor-n15-d16.pbqp,llvm,heuristic,topology,7330.0
327-mbb-densemapbase-lookupbucketfor-n15-d16.pbqp,llvm,heuristic,selection,6976.0
327-mbb-densemapbase-lookupbucketfor-n15-d16.pbqp,llvm,heuristic,reduction,4912.0
327-mbb-densemapbase-lookupbucketfor-n15-d16.pbqp,llvm,heuristic,reconstruction,101.0
327-mbb-densemapbase-lookupbucketfor-n15-d16.pbqp,llvm,heuristic,kernel,26502.0
327-mbb-densemapbase-lookupbucketfor-n15-d16.pbqp,llvm,heuristic,metadata,0.0
327-mbb-densemapbase-lookupbucketfor-n15-d16.pbqp,llvm,heuristic,search,212.0
327-mbb-densemapbase-lookupbucketfor-n15-d16.pbqp,llvm,heuristic,clone,0.0
327-mbb-densemapbase-lookupbucketfor-n15-d16.pbqp,llvm,heuristic,allocation,2471.0
327-mbb-densemapbase-lookupbucketfor-n15-d16.pbqp,llvm,heuristic,conditioning,5005.0
327-mbb-densemapbase-lookupbucketfor-n15-d16.pbqp,llvm,heuristic,r0,62.0
327-mbb-densemapbase-lookupbucketfor-n15-d16.pbqp,llvm,heuristic,r1,398.0
327-mbb-densemapbase-lookupbucketfor-n15-d16.pbqp,llvm,heuristic,r2,1804.0
327-mbb-densemapbase-lookupbucketfor-n15-d16.pbqp,llvm,heuristic,lower_bound,6852.0
327-mbb-densemapbase-lookupbucketfor-n15-d16.pbqp,llvm,heuristic,incumbent,103.0
327-mbb-densemapbase-lookupbucketfor-n15-d16.pbqp,llvm,heuristic,seed,4458.0
328-mbb-densemapbase-grow-n20-d17.pbqp,llvm,none,other,983.0
328-mbb-densemapbase-grow-n20-d17.pbqp,llvm,none,topology,41038.0
328-mbb-densemapbase-grow-n20-d17.pbqp,llvm,none,selection,24020.0
328-mbb-densemapbase-grow-n20-d17.pbqp,llvm,none,reduction,0.0
328-mbb-densemapbase-grow-n20-d17.pbqp,llvm,none,reconstruction,512.0
328-mbb-densemapbase-grow-n20-d17.pbqp,llvm,none,kernel,87594.0
328-mbb-densemapbase-grow-n20-d17.pbqp,llvm,none,metadata,23873.0
328-mbb-densemapbase-grow-n20-d17.pbqp,llvm,none,search,65114.0
328-mbb-densemapbase-grow-n20-d17.pbqp,llvm,none,clone,130990.0
328-mbb-densemapbase-grow-n20-d17.pbqp,llvm,none,allocation,34762.0
328-mbb-densemapbase-grow-n20-d17.pbqp,llvm,none,conditioning,30593.0
328-mbb-densemapbase-grow-n20-d17.pbqp,llvm,none,r0,1090.0
328-mbb-densemapbase-grow-n20-d17.pbqp,llvm,none,r1,15482.0
328-mbb-densemapbase-grow-n20-d17.pbqp,llvm,none,r2,46780.0
328-mbb-densemapbase-grow-n20-d17.pbqp,llvm,none,lower_bound,62067.0
328-mbb-densemapbase-grow-n20-d17.pbqp,llvm,none,incumbent,8518.0
328-mbb-densemapbase-grow-n20-d17.pbqp,llvm,none,seed,0.0
328-mbb-densemapbase-grow-n20-d17.pbqp,llvm,heuristic,other,1196.0
328-mbb-densemapbase-grow-n20-d17.pbqp,llvm,heuristic,topology,7587.0
328-mbb-densemapbase-grow-n20-d17.pbqp,llvm,heuristic,selection,5614.0
328-mbb-densemapbase-grow-n20-d17.pbqp,llvm,heuristic,reduction,1301.0
328-mbb-densemapbase-grow-n20-d17.pbqp,llvm,heuristic,reconstruction,110.0
328-mbb-densemapbase-grow-n20-d17.pbqp,llvm,heuristic,kernel,18427.0
328-mbb-densemapbase-grow-n20-d17.pbqp,llvm,heuristic,metadata,2815.0
328-mbb-densemapbase-grow-n20-d17.pbqp,llvm,heuristic,search,192.0
328-mbb-densemapbase-grow-n20-d17.pbqp,llvm,heuristic,clone,0.0
328-mbb-densemapbase-grow-n20-d17.pbqp,llvm,heuristic,allocation,3276.0
328-mbb-densemapbase-grow-n20-d17.pbqp,llvm,heuristic,conditioning,1029.0
328-mbb-densemapbase-grow-n20-d17.pbqp,llvm,heuristic,r0,128.0
328-mbb-densemapbase-grow-n20-d17.pbqp,llvm,heuristic,r1,5337.0
328-mbb-densemapbase-grow-n20-d17.pbqp,llvm,heuristic,r2,4682.0
328-mbb-densemapbase-grow-n20-d17.pbqp,llvm,heuristic,lower_bound,1430.0
328-mbb-densemapbase-grow-n20-d17.pbqp,llvm,heuristic,incumbent,105.0
328-mbb-densemapbase-grow-n20-d17.pbqp,llvm,heuristic,seed,3628.0
329-mbb-densemapbase-lookuporinsertintobucke-n22-d16.pbqp,llvm,heuristic,other,725.0
329-mbb-densemapbase-lookuporinsertintobucke-n22-d16.pbqp,llvm,heuristic,topology,13603.0
329-mbb-densemapbase-lookuporinsertintobucke-n22-d16.pbqp,llvm,heuristic,selection,12975.0
329-mbb-densemapbase-lookuporinsertintobucke-n22-d16.pbqp,llvm,heuristic,reduction,6939.0
329-mbb-densemapbase-lookuporinsertintobucke-n22-d16.pbqp,llvm,heuristic,reconstruction,127.0
329-mbb-densemapbase-lookuporinsertintobucke-n22-d16.pbqp,llvm,heuristic,kernel,33685.0
329-mbb-densemapbase-lookuporinsertintobucke-n22-d16.pbqp,llvm,heuristic,metadata,942.0
329-mbb-densemapbase-lookuporinsertintobucke-n22-d16.pbqp,llvm,heuristic,search,124.0
329-mbb-densemapbase-lookuporinsertintobucke-n22-d16.pbqp,llvm,heuristic,clone,0.0
329-mbb-densemapbase-lookuporinsertintobucke-n22-d16.pbqp,llvm,heuristic,allocation,4268.0
329-mbb-densemapbase-lookuporinsertintobucke-n22-d16.pbqp,llvm,heuristic,conditioning,7786.0
329-mbb-densemapbase-lookuporinsertintobucke-n22-d16.pbqp,llvm,heuristic,r0,52.0
329-mbb-densemapbase-lookuporinsertintobucke-n22-d16.pbqp,llvm,heuristic,r1,1448.0
329-mbb-densemapbase-lookuporinsertintobucke-n22-d16.pbqp,llvm,heuristic,r2,2357.0
329-mbb-densemapbase-lookuporinsertintobucke-n22-d16.pbqp,llvm,heuristic,lower_bound,9187.0
329-mbb-densemapbase-lookuporinsertintobucke-n22-d16.pbqp,llvm,heuristic,incumbent,72.0
329-mbb-densemapbase-lookuporinsertintobucke-n22-d16.pbqp,llvm,heuristic,seed,7528.0
330-mbb-densemapbase-grow-n22-d17.pbqp,llvm,none,other,1360.0
330-mbb-densemapbase-grow-n22-d17.pbqp,llvm,none,topology,111828.0
330-mbb-densemapbase-grow-n22-d17.pbqp,llvm,none,selection,65002.0
330-mbb-densemapbase-grow-n22-d17.pbqp,llvm,none,reduction,0.0
330-mbb-densemapbase-grow-n22-d17.pbqp,llvm,none,reconstruction,1074.0
330-mbb-densemapbase-grow-n22-d17.pbqp,llvm,none,kernel,214200.0
330-mbb-densemapbase-grow-n22-d17.pbqp,llvm,none,metadata,65869.0
330-mbb-densemapbase-grow-n22-d17.pbqp,llvm,none,search,171247.0
330-mbb-densemapbase-grow-n22-d17.pbqp,llvm,none,clone,452023.0
330-mbb-densemapbase-grow-n22-d17.pbqp,llvm,none,allocation,87186.0
330-mbb-densemapbase-grow-n22-d17.pbqp,llvm,none,conditioning,74794.0
330-mbb-densemapbase-grow-n22-d17.pbqp,llvm,none,r0,2212.0
330-mbb-densemapbase-grow-n22-d17.pbqp,llvm,none,r1,31865.0
330-mbb-densemapbase-grow-n22-d17.pbqp,llvm,none,r2,129556.0
330-mbb-densemapbase-grow-n22-d17.pbqp,llvm,none,lower_bound,212078.0
330-mbb-densemapbase-grow-n22-d17.pbqp,llvm,none,incumbent,22659.0
330-mbb-densemapbase-grow-n22-d17.pbqp,llvm,none,seed,0.0
330-mbb-densemapbase-grow-n22-d17.pbqp,llvm,heuristic,other,1656.0
330-mbb-densemapbase-grow-n22-d17.pbqp,llvm,heuristic,topology,10888.0
330-mbb-densemapbase-grow-n22-d17.pbqp,llvm,heuristic,selection,8713.0
330-mbb-densemapbase-grow-n22-d17.pbqp,llvm,heuristic,reduction,2787.0
330-mbb-densemapbase-grow-n22-d17.pbqp,llvm,heuristic,reconstruction,198.0
330-mbb-densemapbase-grow-n22-d17.pbqp,llvm,heuristic,kernel,68598.0
330-mbb-densemapbase-grow-n22-d17.pbqp,llvm,heuristic,metadata,4487.0
330-mbb-densemapbase-grow-n22-d17.pbqp,llvm,heuristic,search,236.0
330-mbb-densemapbase-grow-n22-d17.pbqp,llvm,heuristic,clone,0.0
330-mbb-densemapbase-grow-n22-d17.pbqp,llvm,heuristic,allocation,4901.0
330-mbb-densemapbase-grow-n22-d17.pbqp,llvm,heuristic,conditioning,2021.0
330-mbb-densemapbase-grow-n22-d17.pbqp,llvm,heuristic,r0,229.0
330-mbb-densemapbase-grow-n22-d17.pbqp,llvm,heuristic,r1,3030.0
330-mbb-densemapbase-grow-n22-d17.pbqp,llvm,heuristic,r2,17896.0
330-mbb-densemapbase-grow-n22-d17.pbqp,llvm,heuristic,lower_bound,3613.0
330-mbb-densemapbase-grow-n22-d17.pbqp,llvm,heuristic,incumbent,107.0
330-mbb-densemapbase-grow-n22-d17.pbqp,llvm,heuristic,seed,6633.0
331-mbb-densemapbase-lookupbucketfor-n15-d16.pbqp,llvm,heuristic,other,509.0
331-mbb-densemapbase-lookupbucketfor-n15-d16.pbqp,llvm,heuristic,topology,8310.0
331-mbb-densemapbase-lookupbucketfor-n15-d16.pbqp,llvm,heuristic,selection,7852.0
331-mbb-densemapbase-lookupbucketfor-n15-d16.pbqp,llvm,heuristic,reduction,4742.0
331-mbb-densemapbase-lookupbucketfor-n15-d16.pbqp,llvm,heuristic,reconstruction,62.0
331-mbb-densemapbase-lookupbucketfor-n15-d16.pbqp,llvm,heuristic,kernel,46906.0
331-mbb-densemapbase-lookupbucketfor-n15-d16.pbqp,llvm,heuristic,metadata,0.0
331-mbb-densemapbase-lookupbucketfor-n15-d16.pbqp,llvm,heuristic,search,156.0
331-mbb-densemapbase-lookupbucketfor-n15-d16.pbqp,llvm,heuristic,clone,0.0
331-mbb-densemapbase-lookupbucketfor-n15-d16.pbqp,llvm,heuristic,allocation,2926.0
331-mbb-densemapbase-lookupbucketfor-n15-d16.pbqp,llvm,heuristic,conditioning,5513.0
331-mbb-densemapbase-lookupbucketfor-n15-d16.pbqp,llvm,heuristic,r0,52.0
331-mbb-densemapbase-lookupbucketfor-n15-d16.pbqp,llvm,heuristic,r1,430.0
331-mbb-densemapbase-lookupbucketfor-n15-d16.pbqp,llvm,heuristic,r2,2341.0
331-mbb-densemapbase-lookupbucketfor-n15-d16.pbqp,llvm,heuristic,lower_bound,10891.0
331-mbb-densemapbase-lookupbucketfor-n15-d16.pbqp,llvm,heuristic,incumbent,86.0
331-mbb-densemapbase-lookupbucketfor-n15-d16.pbqp,llvm,heuristic,seed,5818.0
335-mbb-function-ref-callback-fn-n7-d17.pbqp,llvm,none,other,377.0
335-mbb-function-ref-callback-fn-n7-d17.pbqp,llvm,none,topology,5372.0
335-mbb-function-ref-callback-fn-n7-d17.pbqp,llvm,none,selection,2844.0
335-mbb-function-ref-callback-fn-n7-d17.pbqp,llvm,none,reduction,0.0
335-mbb-function-ref-callback-fn-n7-d17.pbqp,llvm,none,reconstruction,65.0
335-mbb-function-ref-callback-fn-n7-d17.pbqp,llvm,none,kernel,22769.0
335-mbb-function-ref-callback-fn-n7-d17.pbqp,llvm,none,metadata,7539.0
335-mbb-function-ref-callback-fn-n7-d17.pbqp,llvm,none,search,9812.0
335-mbb-function-ref-callback-fn-n7-d17.pbqp,llvm,none,clone,5905.0
335-mbb-function-ref-callback-fn-n7-d17.pbqp,llvm,none,allocation,5565.0
335-mbb-function-ref-callback-fn-n7-d17.pbqp,llvm,none,conditioning,2930.0
335-mbb-function-ref-callback-fn-n7-d17.pbqp,llvm,none,r0,425.0
335-mbb-function-ref-callback-fn-n7-d17.pbqp,llvm,none,r1,3900.0
335-mbb-function-ref-callback-fn-n7-d17.pbqp,llvm,none,r2,17597.0
335-mbb-function-ref-callback-fn-n7-d17.pbqp,llvm,none,lower_bound,325.0
335-mbb-function-ref-callback-fn-n7-d17.pbqp,llvm,none,incumbent,1043.0
335-mbb-function-ref-callback-fn-n7-d17.pbqp,llvm,none,seed,0.0
335-mbb-function-ref-callback-fn-n7-d17.pbqp,llvm,heuristic,other,437.0
335-mbb-function-ref-callback-fn-n7-d17.pbqp,llvm,heuristic,topology,1547.0
335-mbb-function-ref-callback-fn-n7-d17.pbqp,llvm,heuristic,selection,1224.0
335-mbb-function-ref-callback-fn-n7-d17.pbqp,llvm,heuristic,reduction,328.0
335-mbb-function-ref-callback-fn-n7-d17.pbqp,llvm,heuristic,reconstruction,36.0
335-mbb-function-ref-callback-fn-n7-d17.pbqp,llvm,heuristic,kernel,14936.0
335-mbb-function-ref-callback-fn-n7-d17.pbqp,llvm,heuristic,metadata,676.0
335-mbb-function-ref-callback-fn-n7-d17.pbqp,llvm,heuristic,search,121.0
335-mbb-function-ref-callback-fn-n7-d17.pbqp,llvm,heuristic,clone,0.0
335-mbb-function-ref-callback-fn-n7-d17.pbqp,llvm,heuristic,allocation,826.0
335-mbb-function-ref-callback-fn-n7-d17.pbqp,llvm,heuristic,conditioning,208.0
335-mbb-function-ref-callback-fn-n7-d17.pbqp,llvm,heuristic,r0,96.0
335-mbb-function-ref-callback-fn-n7-d17.pbqp,llvm,heuristic,r1,297.0
335-mbb-function-ref-callback-fn-n7-d17.pbqp,llvm,heuristic,r2,6085.0
335-mbb-function-ref-callback-fn-n7-d17.pbqp,llvm,heuristic,lower_bound,572.0
335-mbb-function-ref-callback-fn-n7-d17.pbqp,llvm,heuristic,incumbent,65.0
335-mbb-function-ref-callback-fn-n7-d17.pbqp,llvm,heuristic,seed,1305.0
336-mbb-function-ref-callback-fn-n7-d16.pbqp,llvm,none,other,310.0
336-mbb-function-ref-callback-fn-n7-d16.pbqp,llvm,none,topology,13147.0
336-mbb-function-ref-callback-fn-n7-d16.pbqp,llvm,none,selection,6982.0
336-mbb-function-ref-callback-fn-n7-d16.pbqp,llvm,none,reduction,0.0
336-mbb-function-ref-callback-fn-n7-d16.pbqp,llvm,none,reconstruction,137.0
336-mbb-function-ref-callback-fn-n7-d16.pbqp,llvm,none,kernel,48269.0
336-mbb-function-ref-callback-fn-n7-d16.pbqp,llvm,none,metadata,12319.0
336-mbb-function-ref-callback-fn-n7-d16.pbqp,llvm,none,search,26377.0
336-mbb-function-ref-callback-fn-n7-d16.pbqp,llvm,none,clone,18191.0
336-mbb-function-ref-callback-fn-n7-d16.pbqp,llvm,none,allocation,13711.0
336-mbb-function-ref-callback-fn-n7-d16.pbqp,llvm,none,conditioning,9410.0
336-mbb-function-ref-callback-fn-n7-d16.pbqp,llvm,none,r0,773.0
336-mbb-function-ref-callback-fn-n7-d16.pbqp,llvm,none,r1,7436.0
336-mbb-function-ref-callback-fn-n7-d16.pbqp,llvm,none,r2,28379.0
336-mbb-function-ref-callback-fn-n7-d16.pbqp,llvm,none,lower_bound,8519.0
336-mbb-function-ref-callback-fn-n7-d16.pbqp,llvm,none,incumbent,3049.0
336-mbb-function-ref-callback-fn-n7-d16.pbqp,llvm,none,seed,0.0
336-mbb-function-ref-callback-fn-n7-d16.pbqp,llvm,heuristic,other,366.0
336-mbb-function-ref-callback-fn-n7-d16.pbqp,llvm,heuristic,topology,1560.0
336-mbb-function-ref-callback-fn-n7-d16.pbqp,llvm,heuristic,selection,1240.0
336-mbb-function-ref-callback-fn-n7-d16.pbqp,llvm,heuristic,reduction,561.0
336-mbb-function-ref-callback-fn-n7-d16.pbqp,llvm,heuristic,reconstruction,54.0
336-mbb-function-ref-callback-fn-n7-d16.pbqp,llvm,heuristic,kernel,14991.0
336-mbb-function-ref-callback-fn-n7-d16.pbqp,llvm,heuristic,metadata,584.0
336-mbb-function-ref-callback-fn-n7-d16.pbqp,llvm,heuristic,search,120.0
336-mbb-function-ref-callback-fn-n7-d16.pbqp,llvm,heuristic,clone,0.0
336-mbb-function-ref-callback-fn-n7-d16.pbqp,llvm,heuristic,allocation,1168.0
336-mbb-function-ref-callback-fn-n7-d16.pbqp,llvm,heuristic,conditioning,441.0
336-mbb-function-ref-callback-fn-n7-d16.pbqp,llvm,heuristic,r0,43.0
336-mbb-function-ref-callback-fn-n7-d16.pbqp,llvm,heuristic,r1,292.0
336-mbb-function-ref-callback-fn-n7-d16.pbqp,llvm,heuristic,r2,6272.0
336-mbb-function-ref-callback-fn-n7-d16.pbqp,llvm,heuristic,lower_bound,808.0
336-mbb-function-ref-callback-fn-n7-d16.pbqp,llvm,heuristic,incumbent,65.0
336-mbb-function-ref-callback-fn-n7-d16.pbqp,llvm,heuristic,seed,1280.0
337-mbb-function-ref-callback-fn-n7-d16.pbqp,llvm,none,other,306.0
337-mbb-function-ref-callback-fn-n7-d16.pbqp,llvm,none,topology,13482.0
337-mbb-function-ref-callback-fn-n7-d16.pbqp,llvm,none,selection,7157.0
337-mbb-function-ref-callback-fn-n7-d16.pbqp,llvm,none,reduction,0.0
337-mbb-function-ref-callback-fn-n7-d16.pbqp,llvm,none,reconstruction,167.0
337-mbb-function-ref-callback-fn-n7-d16.pbqp,llvm,none,kernel,49787.0
337-mbb-function-ref-callback-fn-n7-d16.pbqp,llvm,none,metadata,12560.0
337-mbb-function-ref-callback-fn-n7-d16.pbqp,llvm,none,search,26848.0
337-mbb-function-ref-callback-fn-n7-d16.pbqp,llvm,none,clone,18871.0
337-mbb-function-ref-callback-fn-n7-d16.pbqp,llvm,none,allocation,14055.0
337-mbb-function-ref-callback-fn-n7-d16.pbqp,llvm,none,conditioning,9552.0
337-mbb-function-ref-callback-fn-n7-d16.pbqp,llvm,none,r0,813.0
337-mbb-function-ref-callback-fn-n7-d16.pbqp,llvm,none,r1,7834.0
337-mbb-function-ref-callback-fn-n7-d16.pbqp,llvm,none,r2,29110.0
337-mbb-function-ref-callback-fn-n7-d16.pbqp,llvm,none,lower_bound,8727.0
337-mbb-function-ref-callback-fn-n7-d16.pbqp,llvm,none,incumbent,3117.0
337-mbb-function-ref-callback-fn-n7-d16.pbqp,llvm,none,seed,0.0
337-mbb-function-ref-callback-fn-n7-d16.pbqp,llvm,heuristic,other,392.0
337-mbb-function-ref-callback-fn-n7-d16.pbqp,llvm,heuristic,topology,1651.0
337-mbb-function-ref-callback-fn-n7-d16.pbqp,llvm,heuristic,selection,1263.0
337-mbb-function-ref-callback-fn-n7-d16.pbqp,llvm,heuristic,reduction,616.0
337-mbb-function-ref-callback-fn-n7-d16.pbqp,llvm,heuristic,reconstruction,36.0
337-mbb-function-ref-callback-fn-n7-d16.pbqp,llvm,heuristic,kernel,15511.0
337-mbb-function-ref-callback-fn-n7-d16.pbqp,llvm,heuristic,metadata,656.0
337-mbb-function-ref-callback-fn-n7-d16.pbqp,llvm,heuristic,search,119.0
337-mbb-function-ref-callback-fn-n7-d16.pbqp,llvm,heuristic,clone,0.0
337-mbb-function-ref-callback-fn-n7-d16.pbqp,llvm,heuristic,allocation,1187.0
337-mbb-function-ref-callback-fn-n7-d16.pbqp,llvm,heuristic,conditioning,459.0
337-mbb-function-ref-callback-fn-n7-d16.pbqp,llvm,heuristic,r0,42.0
337-mbb-function-ref-callback-fn-n7-d16.pbqp,llvm,heuristic,r1,289.0
337-mbb-function-ref-callback-fn-n7-d16.pbqp,llvm,heuristic,r2,6137.0
337-mbb-function-ref-callback-fn-n7-d16.pbqp,llvm,heuristic,lower_bound,803.0
337-mbb-function-ref-callback-fn-n7-d16.pbqp,llvm,heuristic,incumbent,77.0
337-mbb-function-ref-callback-fn-n7-d16.pbqp,llvm,heuristic,seed,1339.0
338-mbb-ilist-traits-deletenode-n4-d16.pbqp,llvm,none,other,508.0
338-mbb-ilist-traits-deletenode-n4-d16.pbqp,llvm,none,topology,441.0
338-mbb-ilist-traits-deletenode-n4-d16.pbqp,llvm,none,selection,223.0
338-mbb-ilist-traits-deletenode-n4-d16.pbqp,llvm,none,reduction,0.0
338-mbb-ilist-traits-deletenode-n4-d16.pbqp,llvm,none,reconstruction,60.0
338-mbb-ilist-traits-deletenode-n4-d16.pbqp,llvm,none,kernel,1639.0
338-mbb-ilist-traits-deletenode-n4-d16.pbqp,llvm,none,metadata,825.0
338-mbb-ilist-traits-deletenode-n4-d16.pbqp,llvm,none,search,0.0
338-mbb-ilist-traits-deletenode-n4-d16.pbqp,llvm,none,clone,0.0
338-mbb-ilist-traits-deletenode-n4-d16.pbqp,llvm,none,allocation,459.0
338-mbb-ilist-traits-deletenode-n4-d16.pbqp,llvm,none,conditioning,0.0
338-mbb-ilist-traits-deletenode-n4-d16.pbqp,llvm,none,r0,25.0
338-mbb-ilist-traits-deletenode-n4-d16.pbqp,llvm,none,r1,573.0
338-mbb-ilist-traits-deletenode-n4-d16.pbqp,llvm,none,r2,1120.0
338-mbb-ilist-traits-deletenode-n4-d16.pbqp,llvm,none,lower_bound,0.0
338-mbb-ilist-traits-deletenode-n4-d16.pbqp,llvm,none,incumbent,0.0
338-mbb-ilist-traits-deletenode-n4-d16.pbqp,llvm,none,seed,0.0
338-mbb-ilist-traits-deletenode-n4-d16.pbqp,llvm,heuristic,other,481.0
338-mbb-ilist-traits-deletenode-n4-d16.pbqp,llvm,heuristic,topology,733.0
338-mbb-ilist-traits-deletenode-n4-d16.pbqp,llvm,heuristic,selection,393.0
338-mbb-ilist-traits-deletenode-n4-d16.pbqp,llvm,heuristic,reduction,0.0
338-mbb-ilist-traits-deletenode-n4-d16.pbqp,llvm,heuristic,reconstruction,104.0
338-mbb-ilist-traits-deletenode-n4-d16.pbqp,llvm,heuristic,kernel,6213.0
338-mbb-ilist-traits-deletenode-n4-d16.pbqp,llvm,heuristic,metadata,908.0
338-mbb-ilist-traits-deletenode-n4-d16.pbqp,llvm,heuristic,search,0.0
338-mbb-ilist-traits-deletenode-n4-d16.pbqp,llvm,heuristic,clone,0.0
338-mbb-ilist-traits-deletenode-n4-d16.pbqp,llvm,heuristic,allocation,579.0
338-mbb-ilist-traits-deletenode-n4-d16.pbqp,llvm,heuristic,conditioning,0.0
338-mbb-ilist-traits-deletenode-n4-d16.pbqp,llvm,heuristic,r0,49.0
338-mbb-ilist-traits-deletenode-n4-d16.pbqp,llvm,heuristic,r1,1138.0
338-mbb-ilist-traits-deletenode-n4-d16.pbqp,llvm,heuristic,r2,2098.0
338-mbb-ilist-traits-deletenode-n4-d16.pbqp,llvm,heuristic,lower_bound,0.0
338-mbb-ilist-traits-deletenode-n4-d16.pbqp,llvm,heuristic,incumbent,0.0
338-mbb-ilist-traits-deletenode-n4-d16.pbqp,llvm,heuristic,seed,746.0
339-mbb-ilist-traits-addnodetolist-n5-d16.pbqp,llvm,none,other,510.0
339-mbb-ilist-traits-addnodetolist-n5-d16.pbqp,llvm,none,topology,466.0
339-mbb-ilist-traits-addnodetolist-n5-d16.pbqp,llvm,none,selection,254.0
339-mbb-ilist-traits-addnodetolist-n5-d16.pbqp,llvm,none,reduction,0.0
339-mbb-ilist-traits-addnodetolist-n5-d16.pbqp,llvm,none,reconstruction,32.0
339-mbb-ilist-traits-addnodetolist-n5-d16.pbqp,llvm,none,kernel,913.0
339-mbb-ilist-traits-addnodetolist-n5-d16.pbqp,llvm,none,metadata,744.0
339-mbb-ilist-traits-addnodetolist-n5-d16.pbqp,llvm,none,search,0.0
339-mbb-ilist-traits-addnodetolist-n5-d16.pbqp,llvm,none,clone,0.0
339-mbb-ilist-traits-addnodetolist-n5-d16.pbqp,llvm,none,allocation,439.0
339-mbb-ilist-traits-addnodetolist-n5-d16.pbqp,llvm,none,conditioning,0.0
339-mbb-ilist-traits-addnodetolist-n5-d16.pbqp,llvm,none,r0,25.0
339-mbb-ilist-traits-addnodetolist-n5-d16.pbqp,llvm,none,r1,784.0
339-mbb-ilist-traits-addnodetolist-n5-d16.pbqp,llvm,none,r2,719.0
339-mbb-ilist-traits-addnodetolist-n5-d16.pbqp,llvm,none,lower_bound,0.0
339-mbb-ilist-traits-addnodetolist-n5-d16.pbqp,llvm,none,incumbent,0.0
339-mbb-ilist-traits-addnodetolist-n5-d16.pbqp,llvm,none,seed,0.0
339-mbb-ilist-traits-addnodetolist-n5-d16.pbqp,llvm,heuristic,other,644.0
339-mbb-ilist-traits-addnodetolist-n5-d16.pbqp,llvm,heuristic,topology,913.0
339-mbb-ilist-traits-addnodetolist-n5-d16.pbqp,llvm,heuristic,selection,605.0
339-mbb-ilist-traits-addnodetolist-n5-d16.pbqp,llvm,heuristic,reduction,0.0
339-mbb-ilist-traits-addnodetolist-n5-d16.pbqp,llvm,heuristic,reconstruction,65.0
339-mbb-ilist-traits-addnodetolist-n5-d16.pbqp,llvm,heuristic,kernel,3982.0
339-mbb-ilist-traits-addnodetolist-n5-d16.pbqp,llvm,heuristic,metadata,852.0
339-mbb-ilist-traits-addnodetolist-n5-d16.pbqp,llvm,heuristic,search,0.0
339-mbb-ilist-traits-addnodetolist-n5-d16.pbqp,llvm,heuristic,clone,0.0
339-mbb-ilist-traits-addnodetolist-n5-d16.pbqp,llvm,heuristic,allocation,824.0
339-mbb-ilist-traits-addnodetolist-n5-d16.pbqp,llvm,heuristic,conditioning,0.0
339-mbb-ilist-traits-addnodetolist-n5-d16.pbqp,llvm,heuristic,r0,77.0
339-mbb-ilist-traits-addnodetolist-n5-d16.pbqp,llvm,heuristic,r1,1617.0
339-mbb-ilist-traits-addnodetolist-n5-d16.pbqp,llvm,heuristic,r2,1662.0
339-mbb-ilist-traits-addnodetolist-n5-d16.pbqp,llvm,heuristic,lower_bound,0.0
339-mbb-ilist-traits-addnodetolist-n5-d16.pbqp,llvm,heuristic,incumbent,0.0
339-mbb-ilist-traits-addnodetolist-n5-d16.pbqp,llvm,heuristic,seed,1419.0
340-mbb-ilist-traits-removenodefromlist-n3-d15.pbqp,llvm,none,other,375.0
340-mbb-ilist-traits-removenodefromlist-n3-d15.pbqp,llvm,none,topology,204.0
340-mbb-ilist-traits-removenodefromlist-n3-d15.pbqp,llvm,none,selection,158.0
340-mbb-ilist-traits-removenodefromlist-n3-d15.pbqp,llvm,none,reduction,0.0
340-mbb-ilist-traits-removenodefromlist-n3-d15.pbqp,llvm,none,reconstruction,27.0
340-mbb-ilist-traits-removenodefromlist-n3-d15.pbqp,llvm,none,kernel,239.0
340-mbb-ilist-traits-removenodefromlist-n3-d15.pbqp,llvm,none,metadata,303.0
340-mbb-ilist-traits-removenodefromlist-n3-d15.pbqp,llvm,none,search,0.0
340-mbb-ilist-traits-removenodefromlist-n3-d15.pbqp,llvm,none,clone,0.0
340-mbb-ilist-traits-removenodefromlist-n3-d15.pbqp,llvm,none,allocation,233.0
340-mbb-ilist-traits-removenodefromlist-n3-d15.pbqp,llvm,none,conditioning,0.0
340-mbb-ilist-traits-removenodefromlist-n3-d15.pbqp,llvm,none,r0,41.0
340-mbb-ilist-traits-removenodefromlist-n3-d15.pbqp,llvm,none,r1,534.0
340-mbb-ilist-traits-removenodefromlist-n3-d15.pbqp,llvm,none,r2,0.0
340-mbb-ilist-traits-removenodefromlist-n3-d15.pbqp,llvm,none,lower_bound,0.0
340-mbb-ilist-traits-removenodefromlist-n3-d15.pbqp,llvm,none,incumbent,0.0
340-mbb-ilist-traits-removenodefromlist-n3-d15.pbqp,llvm,none,seed,0.0
340-mbb-ilist-traits-removenodefromlist-n3-d15.pbqp,llvm,heuristic,other,391.0
340-mbb-ilist-traits-removenodefromlist-n3-d15.pbqp,llvm,heuristic,topology,383.0
340-mbb-ilist-traits-removenodefromlist-n3-d15.pbqp,llvm,heuristic,selection,286.0
340-mbb-ilist-traits-removenodefromlist-n3-d15.pbqp,llvm,heuristic,reduction,0.0
340-mbb-ilist-traits-removenodefromlist-n3-d15.pbqp,llvm,heuristic,reconstruction,55.0
340-mbb-ilist-traits-removenodefromlist-n3-d15.pbqp,llvm,heuristic,kernel,604.0
340-mbb-ilist-traits-removenodefromlist-n3-d15.pbqp,llvm,heuristic,metadata,309.0
340-mbb-ilist-traits-removenodefromlist-n3-d15.pbqp,llvm,heuristic,search,0.0
340-mbb-ilist-traits-removenodefromlist-n3-d15.pbqp,llvm,heuristic,clone,0.0
340-mbb-ilist-traits-removenodefromlist-n3-d15.pbqp,llvm,heuristic,allocation,359.0
340-mbb-ilist-traits-removenodefromlist-n3-d15.pbqp,llvm,heuristic,conditioning,0.0
340-mbb-ilist-traits-removenodefromlist-n3-d15.pbqp,llvm,heuristic,r0,49.0
340-mbb-ilist-traits-removenodefromlist-n3-d15.pbqp,llvm,heuristic,r1,992.0
340-mbb-ilist-traits-removenodefromlist-n3-d15.pbqp,llvm,heuristic,r2,0.0
340-mbb-ilist-traits-removenodefromlist-n3-d15.pbqp,llvm,heuristic,lower_bound,0.0
340-mbb-ilist-traits-removenodefromlist-n3-d15.pbqp,llvm,heuristic,incumbent,0.0
340-mbb-ilist-traits-removenodefromlist-n3-d15.pbqp,llvm,heuristic,seed,597.0
341-mbb-ilist-traits-transfernodesfromlist-n5-d16.pbqp,llvm,none,other,220.0
341-mbb-ilist-traits-transfernodesfromlist-n5-d16.pbqp,llvm,none,topology,5222.0
341-mbb-ilist-traits-transfernodesfromlist-n5-d16.pbqp,llvm,none,selection,2788.0
341-mbb-ilist-traits-transfernodesfromlist-n5-d16.pbqp,llvm,none,reduction,0.0
341-mbb-ilist-traits-transfernodesfromlist-n5-d16.pbqp,llvm,none,reconstruction,54.0
341-mbb-ilist-traits-transfernodesfromlist-n5-d16.pbqp,llvm,none,kernel,25183.0
341-mbb-ilist-traits-transfernodesfromlist-n5-d16.pbqp,llvm,none,metadata,7392.0
341-mbb-ilist-traits-transfernodesfromlist-n5-d16.pbqp,llvm,none,search,10259.0
341-mbb-ilist-traits-transfernodesfromlist-n5-d16.pbqp,llvm,none,clone,3318.0
341-mbb-ilist-traits-transfernodesfromlist-n5-d16.pbqp,llvm,none,allocation,5587.0
341-mbb-ilist-traits-transfernodesfromlist-n5-d16.pbqp,llvm,none,conditioning,2882.0
341-mbb-ilist-traits-transfernodesfromlist-n5-d16.pbqp,llvm,none,r0,406.0
341-mbb-ilist-traits-transfernodesfromlist-n5-d16.pbqp,llvm,none,r1,4122.0
341-mbb-ilist-traits-transfernodesfromlist-n5-d16.pbqp,llvm,none,r2,17040.0
341-mbb-ilist-traits-transfernodesfromlist-n5-d16.pbqp,llvm,none,lower_bound,331.0
341-mbb-ilist-traits-transfernodesfromlist-n5-d16.pbqp,llvm,none,incumbent,1077.0
341-mbb-ilist-traits-transfernodesfromlist-n5-d16.pbqp,llvm,none,seed,0.0
341-mbb-ilist-traits-transfernodesfromlist-n5-d16.pbqp,llvm,heuristic,other,285.0
341-mbb-ilist-traits-transfernodesfromlist-n5-d16.pbqp,llvm,heuristic,topology,929.0
341-mbb-ilist-traits-transfernodesfromlist-n5-d16.pbqp,llvm,heuristic,selection,787.0
341-mbb-ilist-traits-transfernodesfromlist-n5-d16.pbqp,llvm,heuristic,reduction,308.0
341-mbb-ilist-traits-transfernodesfromlist-n5-d16.pbqp,llvm,heuristic,reconstruction,30.0
341-mbb-ilist-traits-transfernodesfromlist-n5-d16.pbqp,llvm,heuristic,kernel,9652.0
341-mbb-ilist-traits-transfernodesfromlist-n5-d16.pbqp,llvm,heuristic,metadata,338.0
341-mbb-ilist-traits-transfernodesfromlist-n5-d16.pbqp,llvm,heuristic,search,118.0
341-mbb-ilist-traits-transfernodesfromlist-n5-d16.pbqp,llvm,heuristic,clone,0.0
341-mbb-ilist-traits-transfernodesfromlist-n5-d16.pbqp,llvm,heuristic,allocation,612.0
341-mbb-ilist-traits-transfernodesfromlist-n5-d16.pbqp,llvm,heuristic,conditioning,223.0
341-mbb-ilist-traits-transfernodesfromlist-n5-d16.pbqp,llvm,heuristic,r0,40.0
341-mbb-ilist-traits-transfernodesfromlist-n5-d16.pbqp,llvm,heuristic,r1,284.0
341-mbb-ilist-traits-transfernodesfromlist-n5-d16.pbqp,llvm,heuristic,r2,3548.0
341-mbb-ilist-traits-transfernodesfromlist-n5-d16.pbqp,llvm,heuristic,lower_bound,574.0
341-mbb-ilist-traits-transfernodesfromlist-n5-d16.pbqp,llvm,heuristic,incumbent,69.0
341-mbb-ilist-traits-transfernodesfromlist-n5-d16.pbqp,llvm,heuristic,seed,1017.0
342-mbb-liveintervals-removeregunit-n11-d16.pbqp,llvm,none,other,454.0
342-mbb-liveintervals-removeregunit-n11-d16.pbqp,llvm,none,topology,127600.0
342-mbb-liveintervals-removeregunit-n11-d16.pbqp,llvm,none,selection,75104.0
342-mbb-liveintervals-removeregunit-n11-d16.pbqp,llvm,none,reduction,0.0
342-mbb-liveintervals-removeregunit-n11-d16.pbqp,llvm,none,reconstruction,2091.0
342-mbb-liveintervals-removeregunit-n11-d16.pbqp,llvm,none,kernel,164040.0
342-mbb-liveintervals-removeregunit-n11-d16.pbqp,llvm,none,metadata,51625.0
342-mbb-liveintervals-removeregunit-n11-d16.pbqp,llvm,none,search,221147.0
342-mbb-liveintervals-removeregunit-n11-d16.pbqp,llvm,none,clone,325171.0
342-mbb-liveintervals-removeregunit-n11-d16.pbqp,llvm,none,allocation,101505.0
342-mbb-liveintervals-removeregunit-n11-d16.pbqp,llvm,none,conditioning,100593.0
342-mbb-liveintervals-removeregunit-n11-d16.pbqp,llvm,none,r0,3527.0
342-mbb-liveintervals-removeregunit-n11-d16.pbqp,llvm,none,r1,36201.0
342-mbb-liveintervals-removeregunit-n11-d16.pbqp,llvm,none,r2,91572.0
342-mbb-liveintervals-removeregunit-n11-d16.pbqp,llvm,none,lower_bound,256823.0
342-mbb-liveintervals-removeregunit-n11-d16.pbqp,llvm,none,incumbent,28618.0
342-mbb-liveintervals-removeregunit-n11-d16.pbqp,llvm,none,seed,0.0
342-mbb-liveintervals-removeregunit-n11-d16.pbqp,llvm,heuristic,other,370.0
342-mbb-liveintervals-removeregunit-n11-d16.pbqp,llvm,heuristic,topology,3888.0
342-mbb-liveintervals-removeregunit-n11-d16.pbqp,llvm,heuristic,selection,3733.0
342-mbb-liveintervals-removeregunit-n11-d16.pbqp,llvm,heuristic,reduction,2219.0
342-mbb-liveintervals-removeregunit-n11-d16.pbqp,llvm,heuristic,reconstruction,61.0
342-mbb-liveintervals-removeregunit-n11-d16.pbqp,llvm,heuristic,kernel,7029.0
342-mbb-liveintervals-removeregunit-n11-d16.pbqp,llvm,heuristic,metadata,131.0
342-mbb-liveintervals-removeregunit-n11-d16.pbqp,llvm,heuristic,search,119.0
342-mbb-liveintervals-removeregunit-n11-d16.pbqp,llvm,heuristic,clone,0.0
342-mbb-liveintervals-removeregunit-n11-d16.pbqp,llvm,heuristic,allocation,1857.0
342-mbb-liveintervals-removeregunit-n11-d16.pbqp,llvm,heuristic,conditioning,1828.0
342-mbb-liveintervals-removeregunit-n11-d16.pbqp,llvm,heuristic,r0,42.0
342-mbb-liveintervals-removeregunit-n11-d16.pbqp,llvm,heuristic,r1,741.0
342-mbb-liveintervals-removeregunit-n11-d16.pbqp,llvm,heuristic,r2,860.0
342-mbb-liveintervals-removeregunit-n11-d16.pbqp,llvm,heuristic,lower_bound,1638.0
342-mbb-liveintervals-removeregunit-n11-d16.pbqp,llvm,heuristic,incumbent,69.0
342-mbb-liveintervals-removeregunit-n11-d16.pbqp,llvm,heuristic,seed,2342.0
343-mbb-machinebasicblock-movebefore-n6-d16.pbqp,llvm,none,other,181.0
343-mbb-machinebasicblock-movebefore-n6-d16.pbqp,llvm,none,topology,27179.0
343-mbb-machinebasicblock-movebefore-n6-d16.pbqp,llvm,none,selection,14462.0
343-mbb-machinebasicblock-movebefore-n6-d16.pbqp,llvm,none,reduction,0.0
343-mbb-machinebasicblock-movebefore-n6-d16.pbqp,llvm,none,reconstruction,133.0
343-mbb-machinebasicblock-movebefore-n6-d16.pbqp,llvm,none,kernel,87989.0
343-mbb-machinebasicblock-movebefore-n6-d16.pbqp,llvm,none,metadata,24722.0
343-mbb-machinebasicblock-movebefore-n6-d16.pbqp,llvm,none,search,53312.0
343-mbb-machinebasicblock-movebefore-n6-d16.pbqp,llvm,none,clone,34008.0
343-mbb-machinebasicblock-movebefore-n6-d16.pbqp,llvm,none,allocation,25602.0
343-mbb-machinebasicblock-movebefore-n6-d16.pbqp,llvm,none,conditioning,21607.0
343-mbb-machinebasicblock-movebefore-n6-d16.pbqp,llvm,none,r0,1450.0
343-mbb-machinebasicblock-movebefore-n6-d16.pbqp,llvm,none,r1,14487.0
343-mbb-machinebasicblock-movebefore-n6-d16.pbqp,llvm,none,r2,54070.0
343-mbb-machinebasicblock-movebefore-n6-d16.pbqp,llvm,none,lower_bound,36758.0
343-mbb-machinebasicblock-movebefore-n6-d16.pbqp,llvm,none,incumbent,6579.0
343-mbb-machinebasicblock-movebefore-n6-d16.pbqp,llvm,none,seed,0.0
343-mbb-machinebasicblock-movebefore-n6-d16.pbqp,llvm,heuristic,other,221.0
343-mbb-machinebasicblock-movebefore-n6-d16.pbqp,llvm,heuristic,topology,1436.0
343-mbb-machinebasicblock-movebefore-n6-d16.pbqp,llvm,heuristic,selection,1405.0
343-mbb-machinebasicblock-movebefore-n6-d16.pbqp,llvm,heuristic,reduction,997.0
343-mbb-machinebasicblock-movebefore-n6-d16.pbqp,llvm,heuristic,reconstruction,74.0
343-mbb-machinebasicblock-movebefore-n6-d16.pbqp,llvm,heuristic,kernel,7121.0
343-mbb-machinebasicblock-movebefore-n6-d16.pbqp,llvm,heuristic,metadata,0.0
343-mbb-machinebasicblock-movebefore-n6-d16.pbqp,llvm,heuristic,search,127.0
343-mbb-machinebasicblock-movebefore-n6-d16.pbqp,llvm,heuristic,clone,0.0
343-mbb-machinebasicblock-movebefore-n6-d16.pbqp,llvm,heuristic,allocation,790.0
343-mbb-machinebasicblock-movebefore-n6-d16.pbqp,llvm,heuristic,conditioning,707.0
343-mbb-machinebasicblock-movebefore-n6-d16.pbqp,llvm,heuristic,r0,40.0
343-mbb-machinebasicblock-movebefore-n6-d16.pbqp,llvm,heuristic,r1,284.0
343-mbb-machinebasicblock-movebefore-n6-d16.pbqp,llvm,heuristic,r2,1128.0
343-mbb-machinebasicblock-movebefore-n6-d16.pbqp,llvm,heuristic,lower_bound,1280.0
343-mbb-machinebasicblock-movebefore-n6-d16.pbqp,llvm,heuristic,incumbent,65.0
343-mbb-machinebasicblock-movebefore-n6-d16.pbqp,llvm,heuristic,seed,1230.0
345-mbb-machinebasicblock-addsuccessor-n35-d17-r1.pbqp,llvm,heuristic,other,983.0
345-mbb-machinebasicblock-addsuccessor-n35-d17-r1.pbqp,llvm,heuristic,topology,26303.0
345-mbb-machinebasicblock-addsuccessor-n35-d17-r1.pbqp,llvm,heuristic,selection,26922.0
345-mbb-machinebasicblock-addsuccessor-n35-d17-r1.pbqp,llvm,heuristic,reduction,13090.0
345-mbb-machinebasicblock-addsuccessor-n35-d17-r1.pbqp,llvm,heuristic,reconstruction,131.0
345-mbb-machinebasicblock-addsuccessor-n35-d17-r1.pbqp,llvm,heuristic,kernel,42633.0
345-mbb-machinebasicblock-addsuccessor-n35-d17-r1.pbqp,llvm,heuristic,metadata,845.0
345-mbb-machinebasicblock-addsuccessor-n35-d17-r1.pbqp,llvm,heuristic,search,145.0
345-mbb-machinebasicblock-addsuccessor-n35-d17-r1.pbqp,llvm,heuristic,clone,0.0
345-mbb-machinebasicblock-addsuccessor-n35-d17-r1.pbqp,llvm,heuristic,allocation,6004.0
345-mbb-machinebasicblock-addsuccessor-n35-d17-r1.pbqp,llvm,heuristic,conditioning,11536.0
345-mbb-machinebasicblock-addsuccessor-n35-d17-r1.pbqp,llvm,heuristic,r0,95.0
345-mbb-machinebasicblock-addsuccessor-n35-d17-r1.pbqp,llvm,heuristic,r1,953.0
345-mbb-machinebasicblock-addsuccessor-n35-d17-r1.pbqp,llvm,heuristic,r2,3693.0
345-mbb-machinebasicblock-addsuccessor-n35-d17-r1.pbqp,llvm,heuristic,lower_bound,9411.0
345-mbb-machinebasicblock-addsuccessor-n35-d17-r1.pbqp,llvm,heuristic,incumbent,95.0
345-mbb-machinebasicblock-addsuccessor-n35-d17-r1.pbqp,llvm,heuristic,seed,11734.0
346-mbb-machinebasicblock-clearliveins-n6-d17.pbqp,llvm,none,other,426.0
346-mbb-machinebasicblock-clearliveins-n6-d17.pbqp,llvm,none,topology,5804.0
346-mbb-machinebasicblock-clearliveins-n6-d17.pbqp,llvm,none,selection,3115.0
346-mbb-machinebasicblock-clearliveins-n6-d17.pbqp,llvm,none,reduction,0.0
346-mbb-machinebasicblock-clearliveins-n6-d17.pbqp,llvm,none,reconstruction,62.0
346-mbb-machinebasicblock-clearliveins-n6-d17.pbqp,llvm,none,kernel,27869.0
346-mbb-machinebasicblock-clearliveins-n6-d17.pbqp,llvm,none,metadata,8883.0
346-mbb-machinebasicblock-clearliveins-n6-d17.pbqp,llvm,none,search,10888.0
346-mbb-machinebasicblock-clearliveins-n6-d17.pbqp,llvm,none,clone,3884.0
346-mbb-machinebasicblock-clearliveins-n6-d17.pbqp,llvm,none,allocation,5986.0
346-mbb-machinebasicblock-clearliveins-n6-d17.pbqp,llvm,none,conditioning,3453.0
346-mbb-machinebasicblock-clearliveins-n6-d17.pbqp,llvm,none,r0,503.0
346-mbb-machinebasicblock-clearliveins-n6-d17.pbqp,llvm,none,r1,4973.0
346-mbb-machinebasicblock-clearliveins-n6-d17.pbqp,llvm,none,r2,18216.0
346-mbb-machinebasicblock-clearliveins-n6-d17.pbqp,llvm,none,lower_bound,350.0
346-mbb-machinebasicblock-clearliveins-n6-d17.pbqp,llvm,none,incumbent,1145.0
346-mbb-machinebasicblock-clearliveins-n6-d17.pbqp,llvm,none,seed,0.0
346-mbb-machinebasicblock-clearliveins-n6-d17.pbqp,llvm,heuristic,other,363.0
346-mbb-machinebasicblock-clearliveins-n6-d17.pbqp,llvm,heuristic,topology,1255.0
346-mbb-machinebasicblock-clearliveins-n6-d17.pbqp,llvm,heuristic,selection,1093.0
346-mbb-machinebasicblock-clearliveins-n6-d17.pbqp,llvm,heuristic,reduction,316.0
346-mbb-machinebasicblock-clearliveins-n6-d17.pbqp,llvm,heuristic,reconstruction,32.0
346-mbb-machinebasicblock-clearliveins-n6-d17.pbqp,llvm,heuristic,kernel,5542.0
346-mbb-machinebasicblock-clearliveins-n6-d17.pbqp,llvm,heuristic,metadata,343.0
346-mbb-machinebasicblock-clearliveins-n6-d17.pbqp,llvm,heuristic,search,119.0
346-mbb-machinebasicblock-clearliveins-n6-d17.pbqp,llvm,heuristic,clone,0.0
346-mbb-machinebasicblock-clearliveins-n6-d17.pbqp,llvm,heuristic,allocation,718.0
346-mbb-machinebasicblock-clearliveins-n6-d17.pbqp,llvm,heuristic,conditioning,242.0
346-mbb-machinebasicblock-clearliveins-n6-d17.pbqp,llvm,heuristic,r0,74.0
346-mbb-machinebasicblock-clearliveins-n6-d17.pbqp,llvm,heuristic,r1,880.0
346-mbb-machinebasicblock-clearliveins-n6-d17.pbqp,llvm,heuristic,r2,1162.0
346-mbb-machinebasicblock-clearliveins-n6-d17.pbqp,llvm,heuristic,lower_bound,646.0
346-mbb-machinebasicblock-clearliveins-n6-d17.pbqp,llvm,heuristic,incumbent,66.0
346-mbb-machinebasicblock-clearliveins-n6-d17.pbqp,llvm,heuristic,seed,1032.0
347-mbb-machinebasicblock-clearliveins-n2-d16.pbqp,llvm,none,other,344.0
347-mbb-machinebasicblock-clearliveins-n2-d16.pbqp,llvm,none,topology,147.0
347-mbb-machinebasicblock-clearliveins-n2-d16.pbqp,llvm,none,selection,120.0
347-mbb-machinebasicblock-clearliveins-n2-d16.pbqp,llvm,none,reduction,0.0
347-mbb-machinebasicblock-clearliveins-n2-d16.pbqp,llvm,none,reconstruction,28.0
347-mbb-machinebasicblock-clearliveins-n2-d16.pbqp,llvm,none,kernel,179.0
347-mbb-machinebasicblock-clearliveins-n2-d16.pbqp,llvm,none,metadata,322.0
347-mbb-machinebasicblock-clearliveins-n2-d16.pbqp,llvm,none,search,0.0
347-mbb-machinebasicblock-clearliveins-n2-d16.pbqp,llvm,none,clone,0.0
347-mbb-machinebasicblock-clearliveins-n2-d16.pbqp,llvm,none,allocation,122.0
347-mbb-machinebasicblock-clearliveins-n2-d16.pbqp,llvm,none,conditioning,0.0
347-mbb-machinebasicblock-clearliveins-n2-d16.pbqp,llvm,none,r0,26.0
347-mbb-machinebasicblock-clearliveins-n2-d16.pbqp,llvm,none,r1,343.0
347-mbb-machinebasicblock-clearliveins-n2-d16.pbqp,llvm,none,r2,0.0
347-mbb-machinebasicblock-clearliveins-n2-d16.pbqp,llvm,none,lower_bound,0.0
347-mbb-machinebasicblock-clearliveins-n2-d16.pbqp,llvm,none,incumbent,0.0
347-mbb-machinebasicblock-clearliveins-n2-d16.pbqp,llvm,none,seed,0.0
347-mbb-machinebasicblock-clearliveins-n2-d16.pbqp,llvm,heuristic,other,315.0
347-mbb-machinebasicblock-clearliveins-n2-d16.pbqp,llvm,heuristic,topology,231.0
347-mbb-machinebasicblock-clearliveins-n2-d16.pbqp,llvm,heuristic,selection,214.0
347-mbb-machinebasicblock-clearliveins-n2-d16.pbqp,llvm,heuristic,reduction,0.0
347-mbb-machinebasicblock-clearliveins-n2-d16.pbqp,llvm,heuristic,reconstruction,49.0
347-mbb-machinebasicblock-clearliveins-n2-d16.pbqp,llvm,heuristic,kernel,546.0
347-mbb-machinebasicblock-clearliveins-n2-d16.pbqp,llvm,heuristic,metadata,293.0
347-mbb-machinebasicblock-clearliveins-n2-d16.pbqp,llvm,heuristic,search,0.0
347-mbb-machinebasicblock-clearliveins-n2-d16.pbqp,llvm,heuristic,clone,0.0
347-mbb-machinebasicblock-clearliveins-n2-d16.pbqp,llvm,heuristic,allocation,167.0
347-mbb-machinebasicblock-clearliveins-n2-d16.pbqp,llvm,heuristic,conditioning,0.0
347-mbb-machinebasicblock-clearliveins-n2-d16.pbqp,llvm,heuristic,r0,48.0
347-mbb-machinebasicblock-clearliveins-n2-d16.pbqp,llvm,heuristic,r1,581.0
347-mbb-machinebasicblock-clearliveins-n2-d16.pbqp,llvm,heuristic,r2,0.0
347-mbb-machinebasicblock-clearliveins-n2-d16.pbqp,llvm,heuristic,lower_bound,0.0
347-mbb-machinebasicblock-clearliveins-n2-d16.pbqp,llvm,heuristic,incumbent,0.0
347-mbb-machinebasicblock-clearliveins-n2-d16.pbqp,llvm,heuristic,seed,536.0
348-mbb-machinebasicblock-finddebugloc-n5-d16.pbqp,llvm,none,other,351.0
348-mbb-machinebasicblock-finddebugloc-n5-d16.pbqp,llvm,none,topology,5849.0
348-mbb-machinebasicblock-finddebugloc-n5-d16.pbqp,llvm,none,selection,3094.0
348-mbb-machinebasicblock-finddebugloc-n5-d16.pbqp,llvm,none,reduction,0.0
348-mbb-machinebasicblock-finddebugloc-n5-d16.pbqp,llvm,none,reconstruction,76.0
348-mbb-machinebasicblock-finddebugloc-n5-d16.pbqp,llvm,none,kernel,29160.0
348-mbb-machinebasicblock-finddebugloc-n5-d16.pbqp,llvm,none,metadata,8152.0
348-mbb-machinebasicblock-finddebugloc-n5-d16.pbqp,llvm,none,search,11599.0
348-mbb-machinebasicblock-finddebugloc-n5-d16.pbqp,llvm,none,clone,3042.0
348-mbb-machinebasicblock-finddebugloc-n5-d16.pbqp,llvm,none,allocation,6087.0
348-mbb-machinebasicblock-finddebugloc-n5-d16.pbqp,llvm,none,conditioning,3622.0
348-mbb-machinebasicblock-finddebugloc-n5-d16.pbqp,llvm,none,r0,532.0
348-mbb-machinebasicblock-finddebugloc-n5-d16.pbqp,llvm,none,r1,4834.0
348-mbb-machinebasicblock-finddebugloc-n5-d16.pbqp,llvm,none,r2,20451.0
348-mbb-machinebasicblock-finddebugloc-n5-d16.pbqp,llvm,none,lower_bound,358.0
348-mbb-machinebasicblock-finddebugloc-n5-d16.pbqp,llvm,none,incumbent,1198.0
348-mbb-machinebasicblock-finddebugloc-n5-d16.pbqp,llvm,none,seed,0.0
348-mbb-machinebasicblock-finddebugloc-n5-d16.pbqp,llvm,heuristic,other,363.0
348-mbb-machinebasicblock-finddebugloc-n5-d16.pbqp,llvm,heuristic,topology,1094.0
348-mbb-machinebasicblock-finddebugloc-n5-d16.pbqp,llvm,heuristic,selection,990.0
348-mbb-machinebasicblock-finddebugloc-n5-d16.pbqp,llvm,heuristic,reduction,459.0
348-mbb-machinebasicblock-finddebugloc-n5-d16.pbqp,llvm,heuristic,reconstruction,63.0
348-mbb-machinebasicblock-finddebugloc-n5-d16.pbqp,llvm,heuristic,kernel,6132.0
348-mbb-machinebasicblock-finddebugloc-n5-d16.pbqp,llvm,heuristic,metadata,0.0
348-mbb-machinebasicblock-finddebugloc-n5-d16.pbqp,llvm,heuristic,search,182.0
348-mbb-machinebasicblock-finddebugloc-n5-d16.pbqp,llvm,heuristic,clone,0.0
348-mbb-machinebasicblock-finddebugloc-n5-d16.pbqp,llvm,heuristic,allocation,470.0
348-mbb-machinebasicblock-finddebugloc-n5-d16.pbqp,llvm,heuristic,conditioning,298.0
348-mbb-machinebasicblock-finddebugloc-n5-d16.pbqp,llvm,heuristic,r0,168.0
348-mbb-machinebasicblock-finddebugloc-n5-d16.pbqp,llvm,heuristic,r1,400.0
348-mbb-machinebasicblock-finddebugloc-n5-d16.pbqp,llvm,heuristic,r2,1506.0
348-mbb-machinebasicblock-finddebugloc-n5-d16.pbqp,llvm,heuristic,lower_bound,684.0
348-mbb-machinebasicblock-finddebugloc-n5-d16.pbqp,llvm,heuristic,incumbent,99.0
348-mbb-machinebasicblock-finddebugloc-n5-d16.pbqp,llvm,heuristic,seed,1150.0
349-mbb-machinebasicblock-removelivein-n5-d17.pbqp,llvm,none,other,254.0
349-mbb-machinebasicblock-removelivein-n5-d17.pbqp,llvm,none,topology,2591.0
349-mbb-machinebasicblock-removelivein-n5-d17.pbqp,llvm,none,selection,1538.0
349-mbb-machinebasicblock-removelivein-n5-d17.pbqp,llvm,none,reduction,0.0
349-mbb-machinebasicblock-removelivein-n5-d17.pbqp,llvm,none,reconstruction,56.0
349-mbb-machinebasicblock-removelivein-n5-d17.pbqp,llvm,none,kernel,6142.0
349-mbb-machinebasicblock-removelivein-n5-d17.pbqp,llvm,none,metadata,2547.0
349-mbb-machinebasicblock-removelivein-n5-d17.pbqp,llvm,none,search,4794.0
349-mbb-machinebasicblock-removelivein-n5-d17.pbqp,llvm,none,clone,1348.0
349-mbb-machinebasicblock-removelivein-n5-d17.pbqp,llvm,none,allocation,2407.0
349-mbb-machinebasicblock-removelivein-n5-d17.pbqp,llvm,none,conditioning,1510.0
349-mbb-machinebasicblock-removelivein-n5-d17.pbqp,llvm,none,r0,248.0
349-mbb-machinebasicblock-removelivein-n5-d17.pbqp,llvm,none,r1,1579.0
349-mbb-machinebasicblock-removelivein-n5-d17.pbqp,llvm,none,r2,4194.0
349-mbb-machinebasicblock-removelivein-n5-d17.pbqp,llvm,none,lower_bound,129.0
349-mbb-machinebasicblock-removelivein-n5-d17.pbqp,llvm,none,incumbent,516.0
349-mbb-machinebasicblock-removelivein-n5-d17.pbqp,llvm,none,seed,0.0
349-mbb-machinebasicblock-removelivein-n5-d17.pbqp,llvm,heuristic,other,290.0
349-mbb-machinebasicblock-removelivein-n5-d17.pbqp,llvm,heuristic,topology,1108.0
349-mbb-machinebasicblock-removelivein-n5-d17.pbqp,llvm,heuristic,selection,956.0
349-mbb-machinebasicblock-removelivein-n5-d17.pbqp,llvm,heuristic,reduction,283.0
349-mbb-machinebasicblock-removelivein-n5-d17.pbqp,llvm,heuristic,reconstruction,81.0
349-mbb-machinebasicblock-removelivein-n5-d17.pbqp,llvm,heuristic,kernel,2466.0
349-mbb-machinebasicblock-removelivein-n5-d17.pbqp,llvm,heuristic,metadata,0.0
349-mbb-machinebasicblock-removelivein-n5-d17.pbqp,llvm,heuristic,search,119.0
349-mbb-machinebasicblock-removelivein-n5-d17.pbqp,llvm,heuristic,clone,0.0
349-mbb-machinebasicblock-removelivein-n5-d17.pbqp,llvm,heuristic,allocation,576.0
349-mbb-machinebasicblock-removelivein-n5-d17.pbqp,llvm,heuristic,conditioning,235.0
349-mbb-machinebasicblock-removelivein-n5-d17.pbqp,llvm,heuristic,r0,76.0
349-mbb-machinebasicblock-removelivein-n5-d17.pbqp,llvm,heuristic,r1,237.0
349-mbb-machinebasicblock-removelivein-n5-d17.pbqp,llvm,heuristic,r2,747.0
349-mbb-machinebasicblock-removelivein-n5-d17.pbqp,llvm,heuristic,lower_bound,435.0
349-mbb-machinebasicblock-removelivein-n5-d17.pbqp,llvm,heuristic,incumbent,67.0
349-mbb-machinebasicblock-removelivein-n5-d17.pbqp,llvm,heuristic,seed,940.0
350-mbb-machinebasicblock-removelivein-n9-d17.pbqp,llvm,none,other,483.0
350-mbb-machinebasicblock-removelivein-n9-d17.pbqp,llvm,none,topology,62454.0
350-mbb-machinebasicblock-removelivein-n9-d17.pbqp,llvm,none,selection,33658.0
350-mbb-machinebasicblock-removelivein-n9-d17.pbqp,llvm,none,reduction,0.0
350-mbb-machinebasicblock-removelivein-n9-d17.pbqp,llvm,none,reconstruction,414.0
350-mbb-machinebasicblock-removelivein-n9-d17.pbqp,llvm,none,kernel,115506.0
350-mbb-machinebasicblock-removelivein-n9-d17.pbqp,llvm,none,metadata,25246.0
350-mbb-machinebasicblock-removelivein-n9-d17.pbqp,llvm,none,search,111625.0
350-mbb-machinebasicblock-removelivein-n9-d17.pbqp,llvm,none,clone,145164.0
350-mbb-machinebasicblock-removelivein-n9-d17.pbqp,llvm,none,allocation,49679.0
350-mbb-machinebasicblock-removelivein-n9-d17.pbqp,llvm,none,conditioning,56925.0
350-mbb-machinebasicblock-removelivein-n9-d17.pbqp,llvm,none,r0,1808.0
350-mbb-machinebasicblock-removelivein-n9-d17.pbqp,llvm,none,r1,16480.0
350-mbb-machinebasicblock-removelivein-n9-d17.pbqp,llvm,none,r2,62997.0
350-mbb-machinebasicblock-removelivein-n9-d17.pbqp,llvm,none,lower_bound,131562.0
350-mbb-machinebasicblock-removelivein-n9-d17.pbqp,llvm,none,incumbent,14943.0
350-mbb-machinebasicblock-removelivein-n9-d17.pbqp,llvm,none,seed,0.0
350-mbb-machinebasicblock-removelivein-n9-d17.pbqp,llvm,heuristic,other,330.0
350-mbb-machinebasicblock-removelivein-n9-d17.pbqp,llvm,heuristic,topology,2897.0
350-mbb-machinebasicblock-removelivein-n9-d17.pbqp,llvm,heuristic,selection,2770.0
350-mbb-machinebasicblock-removelivein-n9-d17.pbqp,llvm,heuristic,reduction,1685.0
350-mbb-machinebasicblock-removelivein-n9-d17.pbqp,llvm,heuristic,reconstruction,79.0
350-mbb-machinebasicblock-removelivein-n9-d17.pbqp,llvm,heuristic,kernel,9469.0
350-mbb-machinebasicblock-removelivein-n9-d17.pbqp,llvm,heuristic,metadata,0.0
350-mbb-machinebasicblock-removelivein-n9-d17.pbqp,llvm,heuristic,search,128.0
350-mbb-machinebasicblock-removelivein-n9-d17.pbqp,llvm,heuristic,clone,0.0
350-mbb-machinebasicblock-removelivein-n9-d17.pbqp,llvm,heuristic,allocation,1402.0
350-mbb-machinebasicblock-removelivein-n9-d17.pbqp,llvm,heuristic,conditioning,1483.0
350-mbb-machinebasicblock-removelivein-n9-d17.pbqp,llvm,heuristic,r0,93.0
350-mbb-machinebasicblock-removelivein-n9-d17.pbqp,llvm,heuristic,r1,331.0
350-mbb-machinebasicblock-removelivein-n9-d17.pbqp,llvm,heuristic,r2,1175.0
350-mbb-machinebasicblock-removelivein-n9-d17.pbqp,llvm,heuristic,lower_bound,2017.0
350-mbb-machinebasicblock-removelivein-n9-d17.pbqp,llvm,heuristic,incumbent,71.0
350-mbb-machinebasicblock-removelivein-n9-d17.pbqp,llvm,heuristic,seed,2091.0
351-mbb-machinebasicblock-remove-instr-n9-d16.pbqp,llvm,none,other,590.0
351-mbb-machinebasicblock-remove-instr-n9-d16.pbqp,llvm,none,topology,3730.0
351-mbb-machinebasicblock-remove-instr-n9-d16.pbqp,llvm,none,selection,2025.0
351-mbb-machinebasicblock-remove-instr-n9-d16.pbqp,llvm,none,reduction,0.0
351-mbb-machinebasicblock-remove-instr-n9-d16.pbqp,llvm,none,reconstruction,72.0
351-mbb-machinebasicblock-remove-instr-n9-d16.pbqp,llvm,none,kernel,14765.0
351-mbb-machinebasicblock-remove-instr-n9-d16.pbqp,llvm,none,metadata,4648.0
351-mbb-machinebasicblock-remove-instr-n9-d16.pbqp,llvm,none,search,5232.0
351-mbb-machinebasicblock-remove-instr-n9-d16.pbqp,llvm,none,clone,3207.0
351-mbb-machinebasicblock-remove-instr-n9-d16.pbqp,llvm,none,allocation,3219.0
351-mbb-machinebasicblock-remove-instr-n9-d16.pbqp,llvm,none,conditioning,1591.0
351-mbb-machinebasicblock-remove-instr-n9-d16.pbqp,llvm,none,r0,208.0
351-mbb-machinebasicblock-remove-instr-n9-d16.pbqp,llvm,none,r1,2909.0
351-mbb-machinebasicblock-remove-instr-n9-d16.pbqp,llvm,none,r2,10401.0
351-mbb-machinebasicblock-remove-instr-n9-d16.pbqp,llvm,none,lower_bound,154.0
351-mbb-machinebasicblock-remove-instr-n9-d16.pbqp,llvm,none,incumbent,594.0
351-mbb-machinebasicblock-remove-instr-n9-d16.pbqp,llvm,none,seed,0.0
351-mbb-machinebasicblock-remove-instr-n9-d16.pbqp,llvm,heuristic,other,587.0
351-mbb-machinebasicblock-remove-instr-n9-d16.pbqp,llvm,heuristic,topology,1999.0
351-mbb-machinebasicblock-remove-instr-n9-d16.pbqp,llvm,heuristic,selection,1484.0
351-mbb-machinebasicblock-remove-instr-n9-d16.pbqp,llvm,heuristic,reduction,314.0
351-mbb-machinebasicblock-remove-instr-n9-d16.pbqp,llvm,heuristic,reconstruction,64.0
351-mbb-machinebasicblock-remove-instr-n9-d16.pbqp,llvm,heuristic,kernel,12047.0
351-mbb-machinebasicblock-remove-instr-n9-d16.pbqp,llvm,heuristic,metadata,710.0
351-mbb-machinebasicblock-remove-instr-n9-d16.pbqp,llvm,heuristic,search,122.0
351-mbb-machinebasicblock-remove-instr-n9-d16.pbqp,llvm,heuristic,clone,0.0
351-mbb-machinebasicblock-remove-instr-n9-d16.pbqp,llvm,heuristic,allocation,1338.0
351-mbb-machinebasicblock-remove-instr-n9-d16.pbqp,llvm,heuristic,conditioning,255.0
351-mbb-machinebasicblock-remove-instr-n9-d16.pbqp,llvm,heuristic,r0,25.0
351-mbb-machinebasicblock-remove-instr-n9-d16.pbqp,llvm,heuristic,r1,1538.0
351-mbb-machinebasicblock-remove-instr-n9-d16.pbqp,llvm,heuristic,r2,4362.0
351-mbb-machinebasicblock-remove-instr-n9-d16.pbqp,llvm,heuristic,lower_bound,566.0
351-mbb-machinebasicblock-remove-instr-n9-d16.pbqp,llvm,heuristic,incumbent,70.0
351-mbb-machinebasicblock-remove-instr-n9-d16.pbqp,llvm,heuristic,seed,1494.0
353-mbb-machinebasicblock-rfinddebugloc-n11-d16.pbqp,llvm,none,other,885.0
353-mbb-machinebasicblock-rfinddebugloc-n11-d16.pbqp,llvm,none,topology,19338.0
353-mbb-machinebasicblock-rfinddebugloc-n11-d16.pbqp,llvm,none,selection,11034.0
353-mbb-machinebasicblock-rfinddebugloc-n11-d16.pbqp,llvm,none,reduction,0.0
353-mbb-machinebasicblock-rfinddebugloc-n11-d16.pbqp,llvm,none,reconstruction,160.0
353-mbb-machinebasicblock-rfinddebugloc-n11-d16.pbqp,llvm,none,kernel,86433.0
353-mbb-machinebasicblock-rfinddebugloc-n11-d16.pbqp,llvm,none,metadata,25880.0
353-mbb-machinebasicblock-rfinddebugloc-n11-d16.pbqp,llvm,none,search,32142.0
353-mbb-machinebasicblock-rfinddebugloc-n11-d16.pbqp,llvm,none,clone,28278.0
353-mbb-machinebasicblock-rfinddebugloc-n11-d16.pbqp,llvm,none,allocation,17963.0
353-mbb-machinebasicblock-rfinddebugloc-n11-d16.pbqp,llvm,none,conditioning,9669.0
353-mbb-machinebasicblock-rfinddebugloc-n11-d16.pbqp,llvm,none,r0,971.0
353-mbb-machinebasicblock-rfinddebugloc-n11-d16.pbqp,llvm,none,r1,13986.0
353-mbb-machinebasicblock-rfinddebugloc-n11-d16.pbqp,llvm,none,r2,65685.0
353-mbb-machinebasicblock-rfinddebugloc-n11-d16.pbqp,llvm,none,lower_bound,10449.0
353-mbb-machinebasicblock-rfinddebugloc-n11-d16.pbqp,llvm,none,incumbent,3292.0
353-mbb-machinebasicblock-rfinddebugloc-n11-d16.pbqp,llvm,none,seed,0.0
353-mbb-machinebasicblock-rfinddebugloc-n11-d16.pbqp,llvm,heuristic,other,605.0
353-mbb-machinebasicblock-rfinddebugloc-n11-d16.pbqp,llvm,heuristic,topology,2606.0
353-mbb-machinebasicblock-rfinddebugloc-n11-d16.pbqp,llvm,heuristic,selection,2233.0
353-mbb-machinebasicblock-rfinddebugloc-n11-d16.pbqp,llvm,heuristic,reduction,619.0
353-mbb-machinebasicblock-rfinddebugloc-n11-d16.pbqp,llvm,heuristic,reconstruction,42.0
353-mbb-machinebasicblock-rfinddebugloc-n11-d16.pbqp,llvm,heuristic,kernel,22669.0
353-mbb-machinebasicblock-rfinddebugloc-n11-d16.pbqp,llvm,heuristic,metadata,918.0
353-mbb-machinebasicblock-rfinddebugloc-n11-d16.pbqp,llvm,heuristic,search,118.0
353-mbb-machinebasicblock-rfinddebugloc-n11-d16.pbqp,llvm,heuristic,clone,0.0
353-mbb-machinebasicblock-rfinddebugloc-n11-d16.pbqp,llvm,heuristic,allocation,1416.0
353-mbb-machinebasicblock-rfinddebugloc-n11-d16.pbqp,llvm,heuristic,conditioning,477.0
353-mbb-machinebasicblock-rfinddebugloc-n11-d16.pbqp,llvm,heuristic,r0,88.0
353-mbb-machinebasicblock-rfinddebugloc-n11-d16.pbqp,llvm,heuristic,r1,1095.0
353-mbb-machinebasicblock-rfinddebugloc-n11-d16.pbqp,llvm,heuristic,r2,8141.0
353-mbb-machinebasicblock-rfinddebugloc-n11-d16.pbqp,llvm,heuristic,lower_bound,1209.0
353-mbb-machinebasicblock-rfinddebugloc-n11-d16.pbqp,llvm,heuristic,incumbent,70.0
353-mbb-machinebasicblock-rfinddebugloc-n11-d16.pbqp,llvm,heuristic,seed,1925.0
354-mbb-machinebasicblock-addpredecessor-n4-d16.pbqp,llvm,none,other,236.0
354-mbb-machinebasicblock-addpredecessor-n4-d16.pbqp,llvm,none,topology,5284.0
354-mbb-machinebasicblock-addpredecessor-n4-d16.pbqp,llvm,none,selection,2845.0
354-mbb-machinebasicblock-addpredecessor-n4-d16.pbqp,llvm,none,reduction,0.0
354-mbb-machinebasicblock-addpredecessor-n4-d16.pbqp,llvm,none,reconstruction,75.0
354-mbb-machinebasicblock-addpredecessor-n4-d16.pbqp,llvm,none,kernel,27604.0
354-mbb-machinebasicblock-addpredecessor-n4-d16.pbqp,llvm,none,metadata,8993.0
354-mbb-machinebasicblock-addpredecessor-n4-d16.pbqp,llvm,none,search,10930.0
354-mbb-machinebasicblock-addpredecessor-n4-d16.pbqp,llvm,none,clone,2627.0
354-mbb-machinebasicblock-addpredecessor-n4-d16.pbqp,llvm,none,allocation,5730.0
354-mbb-machinebasicblock-addpredecessor-n4-d16.pbqp,llvm,none,conditioning,3273.0
354-mbb-machinebasicblock-addpredecessor-n4-d16.pbqp,llvm,none,r0,449.0
354-mbb-machinebasicblock-addpredecessor-n4-d16.pbqp,llvm,none,r1,4455.0
354-mbb-machinebasicblock-addpredecessor-n4-d16.pbqp,llvm,none,r2,19015.0
354-mbb-machinebasicblock-addpredecessor-n4-d16.pbqp,llvm,none,lower_bound,329.0
354-mbb-machinebasicblock-addpredecessor-n4-d16.pbqp,llvm,none,incumbent,1135.0
354-mbb-machinebasicblock-addpredecessor-n4-d16.pbqp,llvm,none,seed,0.0
354-mbb-machinebasicblock-addpredecessor-n4-d16.pbqp,llvm,heuristic,other,186.0
354-mbb-machinebasicblock-addpredecessor-n4-d16.pbqp,llvm,heuristic,topology,769.0
354-mbb-machinebasicblock-addpredecessor-n4-d16.pbqp,llvm,heuristic,selection,686.0
354-mbb-machinebasicblock-addpredecessor-n4-d16.pbqp,llvm,heuristic,reduction,295.0
354-mbb-machinebasicblock-addpredecessor-n4-d16.pbqp,llvm,heuristic,reconstruction,76.0
354-mbb-machinebasicblock-addpredecessor-n4-d16.pbqp,llvm,heuristic,kernel,4774.0
354-mbb-machinebasicblock-addpredecessor-n4-d16.pbqp,llvm,heuristic,metadata,0.0
354-mbb-machinebasicblock-addpredecessor-n4-d16.pbqp,llvm,heuristic,search,120.0
354-mbb-machinebasicblock-addpredecessor-n4-d16.pbqp,llvm,heuristic,clone,0.0
354-mbb-machinebasicblock-addpredecessor-n4-d16.pbqp,llvm,heuristic,allocation,480.0
354-mbb-machinebasicblock-addpredecessor-n4-d16.pbqp,llvm,heuristic,conditioning,267.0
354-mbb-machinebasicblock-addpredecessor-n4-d16.pbqp,llvm,heuristic,r0,43.0
354-mbb-machinebasicblock-addpredecessor-n4-d16.pbqp,llvm,heuristic,r1,293.0
354-mbb-machinebasicblock-addpredecessor-n4-d16.pbqp,llvm,heuristic,r2,1431.0
354-mbb-machinebasicblock-addpredecessor-n4-d16.pbqp,llvm,heuristic,lower_bound,632.0
354-mbb-machinebasicblock-addpredecessor-n4-d16.pbqp,llvm,heuristic,incumbent,66.0
354-mbb-machinebasicblock-addpredecessor-n4-d16.pbqp,llvm,heuristic,seed,838.0
355-mbb-machinebasicblock-canfallthrough-n3-d16.pbqp,llvm,none,other,345.0
355-mbb-machinebasicblock-canfallthrough-n3-d16.pbqp,llvm,none,topology,136.0
355-mbb-machinebasicblock-canfallthrough-n3-d16.pbqp,llvm,none,selection,169.0
355-mbb-machinebasicblock-canfallthrough-n3-d16.pbqp,llvm,none,reduction,0.0
355-mbb-machinebasicblock-canfallthrough-n3-d16.pbqp,llvm,none,reconstruction,26.0
355-mbb-machinebasicblock-canfallthrough-n3-d16.pbqp,llvm,none,kernel,0.0
355-mbb-machinebasicblock-canfallthrough-n3-d16.pbqp,llvm,none,metadata,0.0
355-mbb-machinebasicblock-canfallthrough-n3-d16.pbqp,llvm,none,search,0.0
355-mbb-machinebasicblock-canfallthrough-n3-d16.pbqp,llvm,none,clone,0.0
355-mbb-machinebasicblock-canfallthrough-n3-d16.pbqp,llvm,none,allocation,0.0
355-mbb-machinebasicblock-canfallthrough-n3-d16.pbqp,llvm,none,conditioning,0.0
355-mbb-machinebasicblock-canfallthrough-n3-d16.pbqp,llvm,none,r0,74.0
355-mbb-machinebasicblock-canfallthrough-n3-d16.pbqp,llvm,none,r1,0.0
355-mbb-machinebasicblock-canfallthrough-n3-d16.pbqp,llvm,none,r2,0.0
355-mbb-machinebasicblock-canfallthrough-n3-d16.pbqp,llvm,none,lower_bound,0.0
355-mbb-machinebasicblock-canfallthrough-n3-d16.pbqp,llvm,none,incumbent,0.0
355-mbb-machinebasicblock-canfallthrough-n3-d16.pbqp,llvm,none,seed,0.0
355-mbb-machinebasicblock-canfallthrough-n3-d16.pbqp,llvm,heuristic,other,365.0
355-mbb-machinebasicblock-canfallthrough-n3-d16.pbqp,llvm,heuristic,topology,266.0
355-mbb-machinebasicblock-canfallthrough-n3-d16.pbqp,llvm,heuristic,selection,306.0
355-mbb-machinebasicblock-canfallthrough-n3-d16.pbqp,llvm,heuristic,reduction,0.0
355-mbb-machinebasicblock-canfallthrough-n3-d16.pbqp,llvm,heuristic,reconstruction,50.0
355-mbb-machinebasicblock-canfallthrough-n3-d16.pbqp,llvm,heuristic,kernel,0.0
355-mbb-machinebasicblock-canfallthrough-n3-d16.pbqp,llvm,heuristic,metadata,0.0
355-mbb-machinebasicblock-canfallthrough-n3-d16.pbqp,llvm,heuristic,search,0.0
355-mbb-machinebasicblock-canfallthrough-n3-d16.pbqp,llvm,heuristic,clone,0.0
355-mbb-machinebasicblock-canfallthrough-n3-d16.pbqp,llvm,heuristic,allocation,0.0
355-mbb-machinebasicblock-canfallthrough-n3-d16.pbqp,llvm,heuristic,conditioning,0.0
355-mbb-machinebasicblock-canfallthrough-n3-d16.pbqp,llvm,heuristic,r0,145.0
355-mbb-machinebasicblock-canfallthrough-n3-d16.pbqp,llvm,heuristic,r1,0.0
355-mbb-machinebasicblock-canfallthrough-n3-d16.pbqp,llvm,heuristic,r2,0.0
355-mbb-machinebasicblock-canfallthrough-n3-d16.pbqp,llvm,heuristic,lower_bound,0.0
355-mbb-machinebasicblock-canfallthrough-n3-d16.pbqp,llvm,heuristic,incumbent,0.0
355-mbb-machinebasicblock-canfallthrough-n3-d16.pbqp,llvm,heuristic,seed,546.0
356-mbb-machinebasicblock-getfallthrough-n38-d16.pbqp,llvm,heuristic,other,944.0
356-mbb-machinebasicblock-getfallthrough-n38-d16.pbqp,llvm,heuristic,topology,34794.0
356-mbb-machinebasicblock-getfallthrough-n38-d16.pbqp,llvm,heuristic,selection,37773.0
356-mbb-machinebasicblock-getfallthrough-n38-d16.pbqp,llvm,heuristic,reduction,17412.0
356-mbb-machinebasicblock-getfallthrough-n38-d16.pbqp,llvm,heuristic,reconstruction,120.0
356-mbb-machinebasicblock-getfallthrough-n38-d16.pbqp,llvm,heuristic,kernel,49337.0
356-mbb-machinebasicblock-getfallthrough-n38-d16.pbqp,llvm,heuristic,metadata,445.0
356-mbb-machinebasicblock-getfallthrough-n38-d16.pbqp,llvm,heuristic,search,170.0
356-mbb-machinebasicblock-getfallthrough-n38-d16.pbqp,llvm,heuristic,clone,0.0
356-mbb-machinebasicblock-getfallthrough-n38-d16.pbqp,llvm,heuristic,allocation,7691.0
356-mbb-machinebasicblock-getfallthrough-n38-d16.pbqp,llvm,heuristic,conditioning,15072.0
356-mbb-machinebasicblock-getfallthrough-n38-d16.pbqp,llvm,heuristic,r0,56.0
356-mbb-machinebasicblock-getfallthrough-n38-d16.pbqp,llvm,heuristic,r1,375.0
356-mbb-machinebasicblock-getfallthrough-n38-d16.pbqp,llvm,heuristic,r2,2977.0
356-mbb-machinebasicblock-getfallthrough-n38-d16.pbqp,llvm,heuristic,lower_bound,12785.0
356-mbb-machinebasicblock-getfallthrough-n38-d16.pbqp,llvm,heuristic,incumbent,102.0
356-mbb-machinebasicblock-getfallthrough-n38-d16.pbqp,llvm,heuristic,seed,13075.0
357-mbb-machinebasicblock-getfirstnonphi-n3-d16.pbqp,llvm,none,other,370.0
357-mbb-machinebasicblock-getfirstnonphi-n3-d16.pbqp,llvm,none,topology,285.0
357-mbb-machinebasicblock-getfirstnonphi-n3-d16.pbqp,llvm,none,selection,158.0
357-mbb-machinebasicblock-getfirstnonphi-n3-d16.pbqp,llvm,none,reduction,0.0
357-mbb-machinebasicblock-getfirstnonphi-n3-d16.pbqp,llvm,none,reconstruction,28.0
357-mbb-machinebasicblock-getfirstnonphi-n3-d16.pbqp,llvm,none,kernel,1414.0
357-mbb-machinebasicblock-getfirstnonphi-n3-d16.pbqp,llvm,none,metadata,626.0
357-mbb-machinebasicblock-getfirstnonphi-n3-d16.pbqp,llvm,none,search,0.0
357-mbb-machinebasicblock-getfirstnonphi-n3-d16.pbqp,llvm,none,clone,0.0
357-mbb-machinebasicblock-getfirstnonphi-n3-d16.pbqp,llvm,none,allocation,246.0
357-mbb-machinebasicblock-getfirstnonphi-n3-d16.pbqp,llvm,none,conditioning,0.0
357-mbb-machinebasicblock-getfirstnonphi-n3-d16.pbqp,llvm,none,r0,25.0
357-mbb-machinebasicblock-getfirstnonphi-n3-d16.pbqp,llvm,none,r1,289.0
357-mbb-machinebasicblock-getfirstnonphi-n3-d16.pbqp,llvm,none,r2,1139.0
357-mbb-machinebasicblock-getfirstnonphi-n3-d16.pbqp,llvm,none,lower_bound,0.0
357-mbb-machinebasicblock-getfirstnonphi-n3-d16.pbqp,llvm,none,incumbent,0.0
357-mbb-machinebasicblock-getfirstnonphi-n3-d16.pbqp,llvm,none,seed,0.0
357-mbb-machinebasicblock-getfirstnonphi-n3-d16.pbqp,llvm,heuristic,other,407.0
357-mbb-machinebasicblock-getfirstnonphi-n3-d16.pbqp,llvm,heuristic,topology,466.0
357-mbb-machinebasicblock-getfirstnonphi-n3-d16.pbqp,llvm,heuristic,selection,294.0
357-mbb-machinebasicblock-getfirstnonphi-n3-d16.pbqp,llvm,heuristic,reduction,0.0
357-mbb-machinebasicblock-getfirstnonphi-n3-d16.pbqp,llvm,heuristic,reconstruction,57.0
357-mbb-machinebasicblock-getfirstnonphi-n3-d16.pbqp,llvm,heuristic,kernel,5353.0
357-mbb-machinebasicblock-getfirstnonphi-n3-d16.pbqp,llvm,heuristic,metadata,572.0
357-mbb-machinebasicblock-getfirstnonphi-n3-d16.pbqp,llvm,heuristic,search,0.0
357-mbb-machinebasicblock-getfirstnonphi-n3-d16.pbqp,llvm,heuristic,clone,0.0
357-mbb-machinebasicblock-getfirstnonphi-n3-d16.pbqp,llvm,heuristic,allocation,471.0
357-mbb-machinebasicblock-getfirstnonphi-n3-d16.pbqp,llvm,heuristic,conditioning,0.0
357-mbb-machinebasicblock-getfirstnonphi-n3-d16.pbqp,llvm,heuristic,r0,50.0
357-mbb-machinebasicblock-getfirstnonphi-n3-d16.pbqp,llvm,heuristic,r1,562.0
357-mbb-machinebasicblock-getfirstnonphi-n3-d16.pbqp,llvm,heuristic,r2,2518.0
357-mbb-machinebasicblock-getfirstnonphi-n3-d16.pbqp,llvm,heuristic,lower_bound,0.0
357-mbb-machinebasicblock-getfirstnonphi-n3-d16.pbqp,llvm,heuristic,incumbent,0.0
357-mbb-machinebasicblock-getfirstnonphi-n3-d16.pbqp,llvm,heuristic,seed,685.0
359-mbb-machinebasicblock-erasefromparent-n7-d17.pbqp,llvm,none,other,261.0
359-mbb-machinebasicblock-erasefromparent-n7-d17.pbqp,llvm,none,topology,27316.0
359-mbb-machinebasicblock-erasefromparent-n7-d17.pbqp,llvm,none,selection,14563.0
359-mbb-machinebasicblock-erasefromparent-n7-d17.pbqp,llvm,none,reduction,0.0
359-mbb-machinebasicblock-erasefromparent-n7-d17.pbqp,llvm,none,reconstruction,174.0
359-mbb-machinebasicblock-erasefromparent-n7-d17.pbqp,llvm,none,kernel,81291.0
359-mbb-machinebasicblock-erasefromparent-n7-d17.pbqp,llvm,none,metadata,25295.0
359-mbb-machinebasicblock-erasefromparent-n7-d17.pbqp,llvm,none,search,52375.0
359-mbb-machinebasicblock-erasefromparent-n7-d17.pbqp,llvm,none,clone,42255.0
359-mbb-machinebasicblock-erasefromparent-n7-d17.pbqp,llvm,none,allocation,26150.0
359-mbb-machinebasicblock-erasefromparent-n7-d17.pbqp,llvm,none,conditioning,21862.0
359-mbb-machinebasicblock-erasefromparent-n7-d17.pbqp,llvm,none,r0,1552.0
359-mbb-machinebasicblock-erasefromparent-n7-d17.pbqp,llvm,none,r1,13535.0
359-mbb-machinebasicblock-erasefromparent-n7-d17.pbqp,llvm,none,r2,54120.0
359-mbb-machinebasicblock-erasefromparent-n7-d17.pbqp,llvm,none,lower_bound,35880.0
359-mbb-machinebasicblock-erasefromparent-n7-d17.pbqp,llvm,none,incumbent,6513.0
359-mbb-machinebasicblock-erasefromparent-n7-d17.pbqp,llvm,none,seed,0.0
359-mbb-machinebasicblock-erasefromparent-n7-d17.pbqp,llvm,heuristic,other,300.0
359-mbb-machinebasicblock-erasefromparent-n7-d17.pbqp,llvm,heuristic,topology,1830.0
359-mbb-machinebasicblock-erasefromparent-n7-d17.pbqp,llvm,heuristic,selection,1802.0
359-mbb-machinebasicblock-erasefromparent-n7-d17.pbqp,llvm,heuristic,reduction,920.0
359-mbb-machinebasicblock-erasefromparent-n7-d17.pbqp,llvm,heuristic,reconstruction,63.0
359-mbb-machinebasicblock-erasefromparent-n7-d17.pbqp,llvm,heuristic,kernel,7269.0
359-mbb-machinebasicblock-erasefromparent-n7-d17.pbqp,llvm,heuristic,metadata,0.0
359-mbb-machinebasicblock-erasefromparent-n7-d17.pbqp,llvm,heuristic,search,131.0
359-mbb-machinebasicblock-erasefromparent-n7-d17.pbqp,llvm,heuristic,clone,0.0
359-mbb-machinebasicblock-erasefromparent-n7-d17.pbqp,llvm,heuristic,allocation,823.0
359-mbb-machinebasicblock-erasefromparent-n7-d17.pbqp,llvm,heuristic,conditioning,788.0
359-mbb-machinebasicblock-erasefromparent-n7-d17.pbqp,llvm,heuristic,r0,120.0
359-mbb-machinebasicblock-erasefromparent-n7-d17.pbqp,llvm,heuristic,r1,301.0
359-mbb-machinebasicblock-erasefromparent-n7-d17.pbqp,llvm,heuristic,r2,1266.0
359-mbb-machinebasicblock-erasefromparent-n7-d17.pbqp,llvm,heuristic,lower_bound,1335.0
359-mbb-machinebasicblock-erasefromparent-n7-d17.pbqp,llvm,heuristic,incumbent,65.0
359-mbb-machinebasicblock-erasefromparent-n7-d17.pbqp,llvm,heuristic,seed,1428.0
362-mbb-machinebasicblock-findprevdebugloc-n8-d16.pbqp,llvm,none,other,426.0
362-mbb-machinebasicblock-findprevdebugloc-n8-d16.pbqp,llvm,none,topology,5595.0
362-mbb-machinebasicblock-findprevdebugloc-n8-d16.pbqp,llvm,none,selection,3146.0
362-mbb-machinebasicblock-findprevdebugloc-n8-d16.pbqp,llvm,none,reduction,0.0
362-mbb-machinebasicblock-findprevdebugloc-n8-d16.pbqp,llvm,none,reconstruction,91.0
362-mbb-machinebasicblock-findprevdebugloc-n8-d16.pbqp,llvm,none,kernel,28366.0
362-mbb-machinebasicblock-findprevdebugloc-n8-d16.pbqp,llvm,none,metadata,9341.0
362-mbb-machinebasicblock-findprevdebugloc-n8-d16.pbqp,llvm,none,search,10504.0
362-mbb-machinebasicblock-findprevdebugloc-n8-d16.pbqp,llvm,none,clone,4929.0
362-mbb-machinebasicblock-findprevdebugloc-n8-d16.pbqp,llvm,none,allocation,5925.0
362-mbb-machinebasicblock-findprevdebugloc-n8-d16.pbqp,llvm,none,conditioning,3333.0
362-mbb-machinebasicblock-findprevdebugloc-n8-d16.pbqp,llvm,none,r0,464.0
362-mbb-machinebasicblock-findprevdebugloc-n8-d16.pbqp,llvm,none,r1,5369.0
362-mbb-machinebasicblock-findprevdebugloc-n8-d16.pbqp,llvm,none,r2,19709.0
362-mbb-machinebasicblock-findprevdebugloc-n8-d16.pbqp,llvm,none,lower_bound,342.0
362-mbb-machinebasicblock-findprevdebugloc-n8-d16.pbqp,llvm,none,incumbent,1098.0
362-mbb-machinebasicblock-findprevdebugloc-n8-d16.pbqp,llvm,none,seed,0.0
362-mbb-machinebasicblock-findprevdebugloc-n8-d16.pbqp,llvm,heuristic,other,548.0
362-mbb-machinebasicblock-findprevdebugloc-n8-d16.pbqp,llvm,heuristic,topology,1549.0
362-mbb-machinebasicblock-findprevdebugloc-n8-d16.pbqp,llvm,heuristic,selection,1332.0
362-mbb-machinebasicblock-findprevdebugloc-n8-d16.pbqp,llvm,heuristic,reduction,317.0
362-mbb-machinebasicblock-findprevdebugloc-n8-d16.pbqp,llvm,heuristic,reconstruction,76.0
362-mbb-machinebasicblock-findprevdebugloc-n8-d16.pbqp,llvm,heuristic,kernel,7670.0
362-mbb-machinebasicblock-findprevdebugloc-n8-d16.pbqp,llvm,heuristic,metadata,868.0
362-mbb-machinebasicblock-findprevdebugloc-n8-d16.pbqp,llvm,heuristic,search,118.0
362-mbb-machinebasicblock-findprevdebugloc-n8-d16.pbqp,llvm,heuristic,clone,0.0
362-mbb-machinebasicblock-findprevdebugloc-n8-d16.pbqp,llvm,heuristic,allocation,960.0
362-mbb-machinebasicblock-findprevdebugloc-n8-d16.pbqp,llvm,heuristic,conditioning,209.0
362-mbb-machinebasicblock-findprevdebugloc-n8-d16.pbqp,llvm,heuristic,r0,73.0
362-mbb-machinebasicblock-findprevdebugloc-n8-d16.pbqp,llvm,heuristic,r1,1849.0
362-mbb-machinebasicblock-findprevdebugloc-n8-d16.pbqp,llvm,heuristic,r2,1436.0
362-mbb-machinebasicblock-findprevdebugloc-n8-d16.pbqp,llvm,heuristic,lower_bound,627.0
362-mbb-machinebasicblock-findprevdebugloc-n8-d16.pbqp,llvm,heuristic,incumbent,73.0
362-mbb-machinebasicblock-findprevdebugloc-n8-d16.pbqp,llvm,heuristic,seed,1257.0
363-mbb-machinebasicblock-removefromparent-n7-d17.pbqp,llvm,none,other,331.0
363-mbb-machinebasicblock-removefromparent-n7-d17.pbqp,llvm,none,topology,14053.0
363-mbb-machinebasicblock-removefromparent-n7-d17.pbqp,llvm,none,selection,7678.0
363-mbb-machinebasicblock-removefromparent-n7-d17.pbqp,llvm,none,reduction,0.0
363-mbb-machinebasicblock-removefromparent-n7-d17.pbqp,llvm,none,reconstruction,103.0
363-mbb-machinebasicblock-removefromparent-n7-d17.pbqp,llvm,none,kernel,51643.0
363-mbb-machinebasicblock-removefromparent-n7-d17.pbqp,llvm,none,metadata,16834.0
363-mbb-machinebasicblock-removefromparent-n7-d17.pbqp,llvm,none,search,28098.0
363-mbb-machinebasicblock-removefromparent-n7-d17.pbqp,llvm,none,clone,18872.0
363-mbb-machinebasicblock-removefromparent-n7-d17.pbqp,llvm,none,allocation,14083.0
363-mbb-machinebasicblock-removefromparent-n7-d17.pbqp,llvm,none,conditioning,9510.0
363-mbb-machinebasicblock-removefromparent-n7-d17.pbqp,llvm,none,r0,915.0
363-mbb-machinebasicblock-removefromparent-n7-d17.pbqp,llvm,none,r1,8494.0
363-mbb-machinebasicblock-removefromparent-n7-d17.pbqp,llvm,none,r2,36324.0
363-mbb-machinebasicblock-removefromparent-n7-d17.pbqp,llvm,none,lower_bound,10108.0
363-mbb-machinebasicblock-removefromparent-n7-d17.pbqp,llvm,none,incumbent,3188.0
363-mbb-machinebasicblock-removefromparent-n7-d17.pbqp,llvm,none,seed,0.0
363-mbb-machinebasicblock-removefromparent-n7-d17.pbqp,llvm,heuristic,other,360.0
363-mbb-machinebasicblock-removefromparent-n7-d17.pbqp,llvm,heuristic,topology,1831.0
363-mbb-machinebasicblock-removefromparent-n7-d17.pbqp,llvm,heuristic,selection,1696.0
363-mbb-machinebasicblock-removefromparent-n7-d17.pbqp,llvm,heuristic,reduction,621.0
363-mbb-machinebasicblock-removefromparent-n7-d17.pbqp,llvm,heuristic,reconstruction,35.0
363-mbb-machinebasicblock-removefromparent-n7-d17.pbqp,llvm,heuristic,kernel,12341.0
363-mbb-machinebasicblock-removefromparent-n7-d17.pbqp,llvm,heuristic,metadata,326.0
363-mbb-machinebasicblock-removefromparent-n7-d17.pbqp,llvm,heuristic,search,122.0
363-mbb-machinebasicblock-removefromparent-n7-d17.pbqp,llvm,heuristic,clone,0.0
363-mbb-machinebasicblock-removefromparent-n7-d17.pbqp,llvm,heuristic,allocation,719.0
363-mbb-machinebasicblock-removefromparent-n7-d17.pbqp,llvm,heuristic,conditioning,458.0
363-mbb-machinebasicblock-removefromparent-n7-d17.pbqp,llvm,heuristic,r0,85.0
363-mbb-machinebasicblock-removefromparent-n7-d17.pbqp,llvm,heuristic,r1,314.0
363-mbb-machinebasicblock-removefromparent-n7-d17.pbqp,llvm,heuristic,r2,4429.0
363-mbb-machinebasicblock-removefromparent-n7-d17.pbqp,llvm,heuristic,lower_bound,940.0
363-mbb-machinebasicblock-removefromparent-n7-d17.pbqp,llvm,heuristic,incumbent,67.0
363-mbb-machinebasicblock-removefromparent-n7-d17.pbqp,llvm,heuristic,seed,1363.0
364-mbb-machinebasicblock-replacesuccessor-n35-d16.pbqp,llvm,heuristic,other,881.0
364-mbb-machinebasicblock-replacesuccessor-n35-d16.pbqp,llvm,heuristic,topology,33462.0
364-mbb-machinebasicblock-replacesuccessor-n35-d16.pbqp,llvm,heuristic,selection,33995.0
364-mbb-machinebasicblock-replacesuccessor-n35-d16.pbqp,llvm,heuristic,reduction,17317.0
364-mbb-machinebasicblock-replacesuccessor-n35-d16.pbqp,llvm,heuristic,reconstruction,122.0
364-mbb-machinebasicblock-replacesuccessor-n35-d16.pbqp,llvm,heuristic,kernel,58027.0
364-mbb-machinebasicblock-replacesuccessor-n35-d16.pbqp,llvm,heuristic,metadata,0.0
364-mbb-machinebasicblock-replacesuccessor-n35-d16.pbqp,llvm,heuristic,search,138.0
364-mbb-machinebasicblock-replacesuccessor-n35-d16.pbqp,llvm,heuristic,clone,0.0
364-mbb-machinebasicblock-replacesuccessor-n35-d16.pbqp,llvm,heuristic,allocation,6815.0
364-mbb-machinebasicblock-replacesuccessor-n35-d16.pbqp,llvm,heuristic,conditioning,18124.0
364-mbb-machinebasicblock-replacesuccessor-n35-d16.pbqp,llvm,heuristic,r0,25.0
364-mbb-machinebasicblock-replacesuccessor-n35-d16.pbqp,llvm,heuristic,r1,337.0
364-mbb-machinebasicblock-replacesuccessor-n35-d16.pbqp,llvm,heuristic,r2,902.0
364-mbb-machinebasicblock-replacesuccessor-n35-d16.pbqp,llvm,heuristic,lower_bound,16854.0
364-mbb-machinebasicblock-replacesuccessor-n35-d16.pbqp,llvm,heuristic,incumbent,83.0
364-mbb-machinebasicblock-replacesuccessor-n35-d16.pbqp,llvm,heuristic,seed,13604.0
365-mbb-machinebasicblock-updateterminator-n68-d16.pbqp,llvm,heuristic,other,1368.0
365-mbb-machinebasicblock-updateterminator-n68-d16.pbqp,llvm,heuristic,topology,95517.0
365-mbb-machinebasicblock-updateterminator-n68-d16.pbqp,llvm,heuristic,selection,108749.0
365-mbb-machinebasicblock-updateterminator-n68-d16.pbqp,llvm,heuristic,reduction,42965.0
365-mbb-machinebasicblock-updateterminator-n68-d16.pbqp,llvm,heuristic,reconstruction,226.0
365-mbb-machinebasicblock-updateterminator-n68-d16.pbqp,llvm,heuristic,kernel,72309.0
365-mbb-machinebasicblock-updateterminator-n68-d16.pbqp,llvm,heuristic,metadata,590.0
365-mbb-machinebasicblock-updateterminator-n68-d16.pbqp,llvm,heuristic,search,206.0
365-mbb-machinebasicblock-updateterminator-n68-d16.pbqp,llvm,heuristic,clone,0.0
365-mbb-machinebasicblock-updateterminator-n68-d16.pbqp,llvm,heuristic,allocation,13535.0
365-mbb-machinebasicblock-updateterminator-n68-d16.pbqp,llvm,heuristic,conditioning,32092.0
365-mbb-machinebasicblock-updateterminator-n68-d16.pbqp,llvm,heuristic,r0,77.0
365-mbb-machinebasicblock-updateterminator-n68-d16.pbqp,llvm,heuristic,r1,1164.0
365-mbb-machinebasicblock-updateterminator-n68-d16.pbqp,llvm,heuristic,r2,2642.0
365-mbb-machinebasicblock-updateterminator-n68-d16.pbqp,llvm,heuristic,lower_bound,17721.0
365-mbb-machinebasicblock-updateterminator-n68-d16.pbqp,llvm,heuristic,incumbent,119.0
365-mbb-machinebasicblock-updateterminator-n68-d16.pbqp,llvm,heuristic,seed,23875.0
366-mbb-machinebasicblock-skipphisandlabels-n9-d16.pbqp,llvm,none,other,407.0
366-mbb-machinebasicblock-skipphisandlabels-n9-d16.pbqp,llvm,none,topology,34620.0
366-mbb-machinebasicblock-skipphisandlabels-n9-d16.pbqp,llvm,none,selection,20375.0
366-mbb-machinebasicblock-skipphisandlabels-n9-d16.pbqp,llvm,none,reduction,0.0
366-mbb-machinebasicblock-skipphisandlabels-n9-d16.pbqp,llvm,none,reconstruction,328.0
366-mbb-machinebasicblock-skipphisandlabels-n9-d16.pbqp,llvm,none,kernel,41669.0
366-mbb-machinebasicblock-skipphisandlabels-n9-d16.pbqp,llvm,none,metadata,13330.0
366-mbb-machinebasicblock-skipphisandlabels-n9-d16.pbqp,llvm,none,search,62732.0
366-mbb-machinebasicblock-skipphisandlabels-n9-d16.pbqp,llvm,none,clone,71054.0
366-mbb-machinebasicblock-skipphisandlabels-n9-d16.pbqp,llvm,none,allocation,29789.0
366-mbb-machinebasicblock-skipphisandlabels-n9-d16.pbqp,llvm,none,conditioning,24148.0
366-mbb-machinebasicblock-skipphisandlabels-n9-d16.pbqp,llvm,none,r0,1016.0
366-mbb-machinebasicblock-skipphisandlabels-n9-d16.pbqp,llvm,none,r1,7995.0
366-mbb-machinebasicblock-skipphisandlabels-n9-d16.pbqp,llvm,none,r2,33303.0
366-mbb-machinebasicblock-skipphisandlabels-n9-d16.pbqp,llvm,none,lower_bound,40970.0
366-mbb-machinebasicblock-skipphisandlabels-n9-d16.pbqp,llvm,none,incumbent,8318.0
366-mbb-machinebasicblock-skipphisandlabels-n9-d16.pbqp,llvm,none,seed,0.0
366-mbb-machinebasicblock-skipphisandlabels-n9-d16.pbqp,llvm,heuristic,other,345.0
366-mbb-machinebasicblock-skipphisandlabels-n9-d16.pbqp,llvm,heuristic,topology,2554.0
366-mbb-machinebasicblock-skipphisandlabels-n9-d16.pbqp,llvm,heuristic,selection,2248.0
366-mbb-machinebasicblock-skipphisandlabels-n9-d16.pbqp,llvm,heuristic,reduction,1285.0
366-mbb-machinebasicblock-skipphisandlabels-n9-d16.pbqp,llvm,heuristic,reconstruction,54.0
366-mbb-machinebasicblock-skipphisandlabels-n9-d16.pbqp,llvm,heuristic,kernel,6737.0
366-mbb-machinebasicblock-skipphisandlabels-n9-d16.pbqp,llvm,heuristic,metadata,183.0
366-mbb-machinebasicblock-skipphisandlabels-n9-d16.pbqp,llvm,heuristic,search,120.0
366-mbb-machinebasicblock-skipphisandlabels-n9-d16.pbqp,llvm,heuristic,clone,0.0
366-mbb-machinebasicblock-skipphisandlabels-n9-d16.pbqp,llvm,heuristic,allocation,1344.0
366-mbb-machinebasicblock-skipphisandlabels-n9-d16.pbqp,llvm,heuristic,conditioning,955.0
366-mbb-machinebasicblock-skipphisandlabels-n9-d16.pbqp,llvm,heuristic,r0,41.0
366-mbb-machinebasicblock-skipphisandlabels-n9-d16.pbqp,llvm,heuristic,r1,211.0
366-mbb-machinebasicblock-skipphisandlabels-n9-d16.pbqp,llvm,heuristic,r2,2311.0
366-mbb-machinebasicblock-skipphisandlabels-n9-d16.pbqp,llvm,heuristic,lower_bound,1132.0
366-mbb-machinebasicblock-skipphisandlabels-n9-d16.pbqp,llvm,heuristic,incumbent,69.0
366-mbb-machinebasicblock-skipphisandlabels-n9-d16.pbqp,llvm,heuristic,seed,1807.0
371-mbb-machinebasicblock-rfindprevdebugloc-n6-d16.pbqp,llvm,none,other,429.0
371-mbb-machinebasicblock-rfindprevdebugloc-n6-d16.pbqp,llvm,none,topology,5932.0
371-mbb-machinebasicblock-rfindprevdebugloc-n6-d16.pbqp,llvm,none,selection,2992.0
371-mbb-machinebasicblock-rfindprevdebugloc-n6-d16.pbqp,llvm,none,reduction,0.0
371-mbb-machinebasicblock-rfindprevdebugloc-n6-d16.pbqp,llvm,none,reconstruction,82.0
371-mbb-machinebasicblock-rfindprevdebugloc-n6-d16.pbqp,llvm,none,kernel,28690.0
371-mbb-machinebasicblock-rfindprevdebugloc-n6-d16.pbqp,llvm,none,metadata,8550.0
371-mbb-machinebasicblock-rfindprevdebugloc-n6-d16.pbqp,llvm,none,search,10862.0
371-mbb-machinebasicblock-rfindprevdebugloc-n6-d16.pbqp,llvm,none,clone,3391.0
371-mbb-machinebasicblock-rfindprevdebugloc-n6-d16.pbqp,llvm,none,allocation,5558.0
371-mbb-machinebasicblock-rfindprevdebugloc-n6-d16.pbqp,llvm,none,conditioning,3427.0
371-mbb-machinebasicblock-rfindprevdebugloc-n6-d16.pbqp,llvm,none,r0,538.0
371-mbb-machinebasicblock-rfindprevdebugloc-n6-d16.pbqp,llvm,none,r1,4982.0
371-mbb-machinebasicblock-rfindprevdebugloc-n6-d16.pbqp,llvm,none,r2,19785.0
371-mbb-machinebasicblock-rfindprevdebugloc-n6-d16.pbqp,llvm,none,lower_bound,361.0
371-mbb-machinebasicblock-rfindprevdebugloc-n6-d16.pbqp,llvm,none,incumbent,1122.0
371-mbb-machinebasicblock-rfindprevdebugloc-n6-d16.pbqp,llvm,none,seed,0.0
371-mbb-machinebasicblock-rfindprevdebugloc-n6-d16.pbqp,llvm,heuristic,other,403.0
371-mbb-machinebasicblock-rfindprevdebugloc-n6-d16.pbqp,llvm,heuristic,topology,1176.0
371-mbb-machinebasicblock-rfindprevdebugloc-n6-d16.pbqp,llvm,heuristic,selection,1076.0
371-mbb-machinebasicblock-rfindprevdebugloc-n6-d16.pbqp,llvm,heuristic,reduction,330.0
371-mbb-machinebasicblock-rfindprevdebugloc-n6-d16.pbqp,llvm,heuristic,reconstruction,92.0
371-mbb-machinebasicblock-rfindprevdebugloc-n6-d16.pbqp,llvm,heuristic,kernel,6864.0
371-mbb-machinebasicblock-rfindprevdebugloc-n6-d16.pbqp,llvm,heuristic,metadata,269.0
371-mbb-machinebasicblock-rfindprevdebugloc-n6-d16.pbqp,llvm,heuristic,search,120.0
371-mbb-machinebasicblock-rfindprevdebugloc-n6-d16.pbqp,llvm,heuristic,clone,0.0
371-mbb-machinebasicblock-rfindprevdebugloc-n6-d16.pbqp,llvm,heuristic,allocation,581.0
371-mbb-machinebasicblock-rfindprevdebugloc-n6-d16.pbqp,llvm,heuristic,conditioning,238.0
371-mbb-machinebasicblock-rfindprevdebugloc-n6-d16.pbqp,llvm,heuristic,r0,93.0
371-mbb-machinebasicblock-rfindprevdebugloc-n6-d16.pbqp,llvm,heuristic,r1,870.0
371-mbb-machinebasicblock-rfindprevdebugloc-n6-d16.pbqp,llvm,heuristic,r2,1532.0
371-mbb-machinebasicblock-rfindprevdebugloc-n6-d16.pbqp,llvm,heuristic,lower_bound,648.0
371-mbb-machinebasicblock-rfindprevdebugloc-n6-d16.pbqp,llvm,heuristic,incumbent,68.0
371-mbb-machinebasicblock-rfindprevdebugloc-n6-d16.pbqp,llvm,heuristic,seed,1103.0
373-mbb-machinebasicblock-sortuniqueliveins-n54-d17-r1.pbqp,llvm,heuristic,other,1820.0
373-mbb-machinebasicblock-sortuniqueliveins-n54-d17-r1.pbqp,llvm,heuristic,topology,59875.0
373-mbb-machinebasicblock-sortuniqueliveins-n54-d17-r1.pbqp,llvm,heuristic,selection,79035.0
373-mbb-machinebasicblock-sortuniqueliveins-n54-d17-r1.pbqp,llvm,heuristic,reduction,16651.0
373-mbb-machinebasicblock-sortuniqueliveins-n54-d17-r1.pbqp,llvm,heuristic,reconstruction,195.0
373-mbb-machinebasicblock-sortuniqueliveins-n54-d17-r1.pbqp,llvm,heuristic,kernel,46161.0
373-mbb-machinebasicblock-sortuniqueliveins-n54-d17-r1.pbqp,llvm,heuristic,metadata,908.0
373-mbb-machinebasicblock-sortuniqueliveins-n54-d17-r1.pbqp,llvm,heuristic,search,274.0
373-mbb-machinebasicblock-sortuniqueliveins-n54-d17-r1.pbqp,llvm,heuristic,clone,0.0
373-mbb-machinebasicblock-sortuniqueliveins-n54-d17-r1.pbqp,llvm,heuristic,allocation,8157.0
373-mbb-machinebasicblock-sortuniqueliveins-n54-d17-r1.pbqp,llvm,heuristic,conditioning,14078.0
373-mbb-machinebasicblock-sortuniqueliveins-n54-d17-r1.pbqp,llvm,heuristic,r0,824.0
373-mbb-machinebasicblock-sortuniqueliveins-n54-d17-r1.pbqp,llvm,heuristic,r1,2658.0
373-mbb-machinebasicblock-sortuniqueliveins-n54-d17-r1.pbqp,llvm,heuristic,r2,2742.0
373-mbb-machinebasicblock-sortuniqueliveins-n54-d17-r1.pbqp,llvm,heuristic,lower_bound,11429.0
373-mbb-machinebasicblock-sortuniqueliveins-n54-d17-r1.pbqp,llvm,heuristic,incumbent,118.0
373-mbb-machinebasicblock-sortuniqueliveins-n54-d17-r1.pbqp,llvm,heuristic,seed,15327.0
374-mbb-machinebasicblock-findbranchdebugloc-n16-d16.pbqp,llvm,heuristic,other,353.0
374-mbb-machinebasicblock-findbranchdebugloc-n16-d16.pbqp,llvm,heuristic,topology,7087.0
374-mbb-machinebasicblock-findbranchdebugloc-n16-d16.pbqp,llvm,heuristic,selection,7679.0
374-mbb-machinebasicblock-findbranchdebugloc-n16-d16.pbqp,llvm,heuristic,reduction,3956.0
374-mbb-machinebasicblock-findbranchdebugloc-n16-d16.pbqp,llvm,heuristic,reconstruction,57.0
374-mbb-machinebasicblock-findbranchdebugloc-n16-d16.pbqp,llvm,heuristic,kernel,10940.0
374-mbb-machinebasicblock-findbranchdebugloc-n16-d16.pbqp,llvm,heuristic,metadata,0.0
374-mbb-machinebasicblock-findbranchdebugloc-n16-d16.pbqp,llvm,heuristic,search,135.0
374-mbb-machinebasicblock-findbranchdebugloc-n16-d16.pbqp,llvm,heuristic,clone,0.0
374-mbb-machinebasicblock-findbranchdebugloc-n16-d16.pbqp,llvm,heuristic,allocation,2374.0
374-mbb-machinebasicblock-findbranchdebugloc-n16-d16.pbqp,llvm,heuristic,conditioning,3159.0
374-mbb-machinebasicblock-findbranchdebugloc-n16-d16.pbqp,llvm,heuristic,r0,22.0
374-mbb-machinebasicblock-findbranchdebugloc-n16-d16.pbqp,llvm,heuristic,r1,239.0
374-mbb-machinebasicblock-findbranchdebugloc-n16-d16.pbqp,llvm,heuristic,r2,1058.0
374-mbb-machinebasicblock-findbranchdebugloc-n16-d16.pbqp,llvm,heuristic,lower_bound,2966.0
374-mbb-machinebasicblock-findbranchdebugloc-n16-d16.pbqp,llvm,heuristic,incumbent,88.0
374-mbb-machinebasicblock-findbranchdebugloc-n16-d16.pbqp,llvm,heuristic,seed,3415.0
375-mbb-machinebasicblock-getfirstterminator-n16-d16.pbqp,llvm,heuristic,other,471.0
375-mbb-machinebasicblock-getfirstterminator-n16-d16.pbqp,llvm,heuristic,topology,7302.0
375-mbb-machinebasicblock-getfirstterminator-n16-d16.pbqp,llvm,heuristic,selection,7294.0
375-mbb-machinebasicblock-getfirstterminator-n16-d16.pbqp,llvm,heuristic,reduction,3426.0
375-mbb-machinebasicblock-getfirstterminator-n16-d16.pbqp,llvm,heuristic,reconstruction,104.0
375-mbb-machinebasicblock-getfirstterminator-n16-d16.pbqp,llvm,heuristic,kernel,16756.0
375-mbb-machinebasicblock-getfirstterminator-n16-d16.pbqp,llvm,heuristic,metadata,389.0
375-mbb-machinebasicblock-getfirstterminator-n16-d16.pbqp,llvm,heuristic,search,132.0
375-mbb-machinebasicblock-getfirstterminator-n16-d16.pbqp,llvm,heuristic,clone,0.0
375-mbb-machinebasicblock-getfirstterminator-n16-d16.pbqp,llvm,heuristic,allocation,2591.0
375-mbb-machinebasicblock-getfirstterminator-n16-d16.pbqp,llvm,heuristic,conditioning,2687.0
375-mbb-machinebasicblock-getfirstterminator-n16-d16.pbqp,llvm,heuristic,r0,52.0
375-mbb-machinebasicblock-getfirstterminator-n16-d16.pbqp,llvm,heuristic,r1,284.0
375-mbb-machinebasicblock-getfirstterminator-n16-d16.pbqp,llvm,heuristic,r2,3837.0
375-mbb-machinebasicblock-getfirstterminator-n16-d16.pbqp,llvm,heuristic,lower_bound,2816.0
375-mbb-machinebasicblock-getfirstterminator-n16-d16.pbqp,llvm,heuristic,incumbent,71.0
375-mbb-machinebasicblock-getfirstterminator-n16-d16.pbqp,llvm,heuristic,seed,3571.0
377-mbb-machinebasicblock-setsuccprobability-n4-d16.pbqp,llvm,none,other,219.0
377-mbb-machinebasicblock-setsuccprobability-n4-d16.pbqp,llvm,none,topology,5240.0
377-mbb-machinebasicblock-setsuccprobability-n4-d16.pbqp,llvm,none,selection,2768.0
377-mbb-machinebasicblock-setsuccprobability-n4-d16.pbqp,llvm,none,reduction,0.0
377-mbb-machinebasicblock-setsuccprobability-n4-d16.pbqp,llvm,none,reconstruction,60.0
377-mbb-machinebasicblock-setsuccprobability-n4-d16.pbqp,llvm,none,kernel,24926.0
377-mbb-machinebasicblock-setsuccprobability-n4-d16.pbqp,llvm,none,metadata,7211.0
377-mbb-machinebasicblock-setsuccprobability-n4-d16.pbqp,llvm,none,search,11183.0
377-mbb-machinebasicblock-setsuccprobability-n4-d16.pbqp,llvm,none,clone,2576.0
377-mbb-machinebasicblock-setsuccprobability-n4-d16.pbqp,llvm,none,allocation,5481.0
377-mbb-machinebasicblock-setsuccprobability-n4-d16.pbqp,llvm,none,conditioning,3075.0
377-mbb-machinebasicblock-setsuccprobability-n4-d16.pbqp,llvm,none,r0,452.0
377-mbb-machinebasicblock-setsuccprobability-n4-d16.pbqp,llvm,none,r1,4597.0
377-mbb-machinebasicblock-setsuccprobability-n4-d16.pbqp,llvm,none,r2,16918.0
377-mbb-machinebasicblock-setsuccprobability-n4-d16.pbqp,llvm,none,lower_bound,314.0
377-mbb-machinebasicblock-setsuccprobability-n4-d16.pbqp,llvm,none,incumbent,1069.0
377-mbb-machinebasicblock-setsuccprobability-n4-d16.pbqp,llvm,none,seed,0.0
377-mbb-machinebasicblock-setsuccprobability-n4-d16.pbqp,llvm,heuristic,other,192.0
377-mbb-machinebasicblock-setsuccprobability-n4-d16.pbqp,llvm,heuristic,topology,833.0
377-mbb-machinebasicblock-setsuccprobability-n4-d16.pbqp,llvm,heuristic,selection,690.0
377-mbb-machinebasicblock-setsuccprobability-n4-d16.pbqp,llvm,heuristic,reduction,329.0
377-mbb-machinebasicblock-setsuccprobability-n4-d16.pbqp,llvm,heuristic,reconstruction,50.0
377-mbb-machinebasicblock-setsuccprobability-n4-d16.pbqp,llvm,heuristic,kernel,5418.0
377-mbb-machinebasicblock-setsuccprobability-n4-d16.pbqp,llvm,heuristic,metadata,0.0
377-mbb-machinebasicblock-setsuccprobability-n4-d16.pbqp,llvm,heuristic,search,122.0
377-mbb-machinebasicblock-setsuccprobability-n4-d16.pbqp,llvm,heuristic,clone,0.0
377-mbb-machinebasicblock-setsuccprobability-n4-d16.pbqp,llvm,heuristic,allocation,473.0
377-mbb-machinebasicblock-setsuccprobability-n4-d16.pbqp,llvm,heuristic,conditioning,211.0
377-mbb-machinebasicblock-setsuccprobability-n4-d16.pbqp,llvm,heuristic,r0,25.0
377-mbb-machinebasicblock-setsuccprobability-n4-d16.pbqp,llvm,heuristic,r1,294.0
377-mbb-machinebasicblock-setsuccprobability-n4-d16.pbqp,llvm,heuristic,r2,1473.0
377-mbb-machinebasicblock-setsuccprobability-n4-d16.pbqp,llvm,heuristic,lower_bound,641.0
377-mbb-machinebasicblock-setsuccprobability-n4-d16.pbqp,llvm,heuristic,incumbent,69.0
377-mbb-machinebasicblock-setsuccprobability-n4-d16.pbqp,llvm,heuristic,seed,824.0
378-mbb-machinebasicblock-transfersuccessors-n20-d16.pbqp,llvm,heuristic,other,477.0
378-mbb-machinebasicblock-transfersuccessors-n20-d16.pbqp,llvm,heuristic,topology,11380.0
378-mbb-machinebasicblock-transfersuccessors-n20-d16.pbqp,llvm,heuristic,selection,11566.0
378-mbb-machinebasicblock-transfersuccessors-n20-d16.pbqp,llvm,heuristic,reduction,6486.0
378-mbb-machinebasicblock-transfersuccessors-n20-d16.pbqp,llvm,heuristic,reconstruction,72.0
378-mbb-machinebasicblock-transfersuccessors-n20-d16.pbqp,llvm,heuristic,kernel,22965.0
378-mbb-machinebasicblock-transfersuccessors-n20-d16.pbqp,llvm,heuristic,metadata,0.0
378-mbb-machinebasicblock-transfersuccessors-n20-d16.pbqp,llvm,heuristic,search,146.0
378-mbb-machinebasicblock-transfersuccessors-n20-d16.pbqp,llvm,heuristic,clone,0.0
378-mbb-machinebasicblock-transfersuccessors-n20-d16.pbqp,llvm,heuristic,allocation,3265.0
378-mbb-machinebasicblock-transfersuccessors-n20-d16.pbqp,llvm,heuristic,conditioning,6980.0
378-mbb-machinebasicblock-transfersuccessors-n20-d16.pbqp,llvm,heuristic,r0,45.0
378-mbb-machinebasicblock-transfersuccessors-n20-d16.pbqp,llvm,heuristic,r1,327.0
378-mbb-machinebasicblock-transfersuccessors-n20-d16.pbqp,llvm,heuristic,r2,816.0
378-mbb-machinebasicblock-transfersuccessors-n20-d16.pbqp,llvm,heuristic,lower_bound,6557.0
378-mbb-machinebasicblock-transfersuccessors-n20-d16.pbqp,llvm,heuristic,incumbent,78.0
378-mbb-machinebasicblock-transfersuccessors-n20-d16.pbqp,llvm,heuristic,seed,6449.0
379-mbb-machinebasicblock-getlastnondebugins-n8-d16.pbqp,llvm,heuristic,other,276.0
379-mbb-machinebasicblock-getlastnondebugins-n8-d16.pbqp,llvm,heuristic,topology,2403.0
379-mbb-machinebasicblock-getlastnondebugins-n8-d16.pbqp,llvm,heuristic,selection,2367.0
379-mbb-machinebasicblock-getlastnondebugins-n8-d16.pbqp,llvm,heuristic,reduction,1692.0
379-mbb-machinebasicblock-getlastnondebugins-n8-d16.pbqp,llvm,heuristic,reconstruction,89.0
379-mbb-machinebasicblock-getlastnondebugins-n8-d16.pbqp,llvm,heuristic,kernel,10243.0
379-mbb-machinebasicblock-getlastnondebugins-n8-d16.pbqp,llvm,heuristic,metadata,0.0
379-mbb-machinebasicblock-getlastnondebugins-n8-d16.pbqp,llvm,heuristic,search,119.0
379-mbb-machinebasicblock-getlastnondebugins-n8-d16.pbqp,llvm,heuristic,clone,0.0
379-mbb-machinebasicblock-getlastnondebugins-n8-d16.pbqp,llvm,heuristic,allocation,1053.0
379-mbb-machinebasicblock-getlastnondebugins-n8-d16.pbqp,llvm,heuristic,conditioning,1589.0
379-mbb-machinebasicblock-getlastnondebugins-n8-d16.pbqp,llvm,heuristic,r0,53.0
379-mbb-machinebasicblock-getlastnondebugins-n8-d16.pbqp,llvm,heuristic,r1,301.0
379-mbb-machinebasicblock-getlastnondebugins-n8-d16.pbqp,llvm,heuristic,r2,1495.0
379-mbb-machinebasicblock-getlastnondebugins-n8-d16.pbqp,llvm,heuristic,lower_bound,2407.0
379-mbb-machinebasicblock-getlastnondebugins-n8-d16.pbqp,llvm,heuristic,incumbent,73.0
379-mbb-machinebasicblock-getlastnondebugins-n8-d16.pbqp,llvm,heuristic,seed,1793.0
380-mbb-machinebasicblock-getfirstnondebugin-n7-d16.pbqp,llvm,heuristic,other,235.0
380-mbb-machinebasicblock-getfirstnondebugin-n7-d16.pbqp,llvm,heuristic,topology,1931.0
380-mbb-machinebasicblock-getfirstnondebugin-n7-d16.pbqp,llvm,heuristic,selection,1831.0
380-mbb-machinebasicblock-getfirstnondebugin-n7-d16.pbqp,llvm,heuristic,reduction,1413.0
380-mbb-machinebasicblock-getfirstnondebugin-n7-d16.pbqp,llvm,heuristic,reconstruction,66.0
380-mbb-machinebasicblock-getfirstnondebugin-n7-d16.pbqp,llvm,heuristic,kernel,9892.0
380-mbb-machinebasicblock-getfirstnondebugin-n7-d16.pbqp,llvm,heuristic,metadata,0.0
380-mbb-machinebasicblock-getfirstnondebugin-n7-d16.pbqp,llvm,heuristic,search,139.0
380-mbb-machinebasicblock-getfirstnondebugin-n7-d16.pbqp,llvm,heuristic,clone,0.0
380-mbb-machinebasicblock-getfirstnondebugin-n7-d16.pbqp,llvm,heuristic,allocation,964.0
380-mbb-machinebasicblock-getfirstnondebugin-n7-d16.pbqp,llvm,heuristic,conditioning,1145.0
380-mbb-machinebasicblock-getfirstnondebugin-n7-d16.pbqp,llvm,heuristic,r0,41.0
380-mbb-machinebasicblock-getfirstnondebugin-n7-d16.pbqp,llvm,heuristic,r1,298.0
380-mbb-machinebasicblock-getfirstnondebugin-n7-d16.pbqp,llvm,heuristic,r2,1549.0
380-mbb-machinebasicblock-getfirstnondebugin-n7-d16.pbqp,llvm,heuristic,lower_bound,1813.0
380-mbb-machinebasicblock-getfirstnondebugin-n7-d16.pbqp,llvm,heuristic,incumbent,77.0
380-mbb-machinebasicblock-getfirstnondebugin-n7-d16.pbqp,llvm,heuristic,seed,1565.0
381-mbb-machinebasicblock-replaceusesofblock-n15-d16.pbqp,llvm,heuristic,other,354.0
381-mbb-machinebasicblock-replaceusesofblock-n15-d16.pbqp,llvm,heuristic,topology,6641.0
381-mbb-machinebasicblock-replaceusesofblock-n15-d16.pbqp,llvm,heuristic,selection,6752.0
381-mbb-machinebasicblock-replaceusesofblock-n15-d16.pbqp,llvm,heuristic,reduction,4145.0
381-mbb-machinebasicblock-replaceusesofblock-n15-d16.pbqp,llvm,heuristic,reconstruction,47.0
381-mbb-machinebasicblock-replaceusesofblock-n15-d16.pbqp,llvm,heuristic,kernel,14606.0
381-mbb-machinebasicblock-replaceusesofblock-n15-d16.pbqp,llvm,heuristic,metadata,0.0
381-mbb-machinebasicblock-replaceusesofblock-n15-d16.pbqp,llvm,heuristic,search,120.0
381-mbb-machinebasicblock-replaceusesofblock-n15-d16.pbqp,llvm,heuristic,clone,0.0
381-mbb-machinebasicblock-replaceusesofblock-n15-d16.pbqp,llvm,heuristic,allocation,2402.0
381-mbb-machinebasicblock-replaceusesofblock-n15-d16.pbqp,llvm,heuristic,conditioning,4048.0
381-mbb-machinebasicblock-replaceusesofblock-n15-d16.pbqp,llvm,heuristic,r0,40.0
381-mbb-machinebasicblock-replaceusesofblock-n15-d16.pbqp,llvm,heuristic,r1,302.0
381-mbb-machinebasicblock-replaceusesofblock-n15-d16.pbqp,llvm,heuristic,r2,688.0
381-mbb-machinebasicblock-replaceusesofblock-n15-d16.pbqp,llvm,heuristic,lower_bound,4079.0
381-mbb-machinebasicblock-replaceusesofblock-n15-d16.pbqp,llvm,heuristic,incumbent,70.0
381-mbb-machinebasicblock-replaceusesofblock-n15-d16.pbqp,llvm,heuristic,seed,3870.0
382-mbb-machinebasicblock-skipphislabelsandd-n11-d16.pbqp,llvm,heuristic,other,308.0
382-mbb-machinebasicblock-skipphislabelsandd-n11-d16.pbqp,llvm,heuristic,topology,4200.0
382-mbb-machinebasicblock-skipphislabelsandd-n11-d16.pbqp,llvm,heuristic,selection,4068.0
382-mbb-machinebasicblock-skipphislabelsandd-n11-d16.pbqp,llvm,heuristic,reduction,2729.0
382-mbb-machinebasicblock-skipphislabelsandd-n11-d16.pbqp,llvm,heuristic,reconstruction,39.0
382-mbb-machinebasicblock-skipphislabelsandd-n11-d16.pbqp,llvm,heuristic,kernel,8600.0
382-mbb-machinebasicblock-skipphislabelsandd-n11-d16.pbqp,llvm,heuristic,metadata,0.0
382-mbb-machinebasicblock-skipphislabelsandd-n11-d16.pbqp,llvm,heuristic,search,119.0
382-mbb-machinebasicblock-skipphislabelsandd-n11-d16.pbqp,llvm,heuristic,clone,0.0
382-mbb-machinebasicblock-skipphislabelsandd-n11-d16.pbqp,llvm,heuristic,allocation,2111.0
382-mbb-machinebasicblock-skipphislabelsandd-n11-d16.pbqp,llvm,heuristic,conditioning,2538.0
382-mbb-machinebasicblock-skipphislabelsandd-n11-d16.pbqp,llvm,heuristic,r0,24.0
382-mbb-machinebasicblock-skipphislabelsandd-n11-d16.pbqp,llvm,heuristic,r1,240.0
382-mbb-machinebasicblock-skipphislabelsandd-n11-d16.pbqp,llvm,heuristic,r2,700.0
382-mbb-machinebasicblock-skipphislabelsandd-n11-d16.pbqp,llvm,heuristic,lower_bound,2176.0
382-mbb-machinebasicblock-skipphislabelsandd-n11-d16.pbqp,llvm,heuristic,incumbent,69.0
382-mbb-machinebasicblock-skipphislabelsandd-n11-d16.pbqp,llvm,heuristic,seed,2812.0
383-mbb-machinebasicblock-getprobabilityiter-n2-d16.pbqp,llvm,none,other,276.0
383-mbb-machinebasicblock-getprobabilityiter-n2-d16.pbqp,llvm,none,topology,126.0
383-mbb-machinebasicblock-getprobabilityiter-n2-d16.pbqp,llvm,none,selection,109.0
383-mbb-machinebasicblock-getprobabilityiter-n2-d16.pbqp,llvm,none,reduction,0.0
383-mbb-machinebasicblock-getprobabilityiter-n2-d16.pbqp,llvm,none,reconstruction,25.0
383-mbb-machinebasicblock-getprobabilityiter-n2-d16.pbqp,llvm,none,kernel,154.0
383-mbb-machinebasicblock-getprobabilityiter-n2-d16.pbqp,llvm,none,metadata,275.0
383-mbb-machinebasicblock-getprobabilityiter-n2-d16.pbqp,llvm,none,search,0.0
383-mbb-machinebasicblock-getprobabilityiter-n2-d16.pbqp,llvm,none,clone,0.0
383-mbb-machinebasicblock-getprobabilityiter-n2-d16.pbqp,llvm,none,allocation,102.0
383-mbb-machinebasicblock-getprobabilityiter-n2-d16.pbqp,llvm,none,conditioning,0.0
383-mbb-machinebasicblock-getprobabilityiter-n2-d16.pbqp,llvm,none,r0,25.0
383-mbb-machinebasicblock-getprobabilityiter-n2-d16.pbqp,llvm,none,r1,296.0
383-mbb-machinebasicblock-getprobabilityiter-n2-d16.pbqp,llvm,none,r2,0.0
383-mbb-machinebasicblock-getprobabilityiter-n2-d16.pbqp,llvm,none,lower_bound,0.0
383-mbb-machinebasicblock-getprobabilityiter-n2-d16.pbqp,llvm,none,incumbent,0.0
383-mbb-machinebasicblock-getprobabilityiter-n2-d16.pbqp,llvm,none,seed,0.0
383-mbb-machinebasicblock-getprobabilityiter-n2-d16.pbqp,llvm,heuristic,other,314.0
383-mbb-machinebasicblock-getprobabilityiter-n2-d16.pbqp,llvm,heuristic,topology,233.0
383-mbb-machinebasicblock-getprobabilityiter-n2-d16.pbqp,llvm,heuristic,selection,202.0
383-mbb-machinebasicblock-getprobabilityiter-n2-d16.pbqp,llvm,heuristic,reduction,0.0
383-mbb-machinebasicblock-getprobabilityiter-n2-d16.pbqp,llvm,heuristic,reconstruction,50.0
383-mbb-machinebasicblock-getprobabilityiter-n2-d16.pbqp,llvm,heuristic,kernel,416.0
383-mbb-machinebasicblock-getprobabilityiter-n2-d16.pbqp,llvm,heuristic,metadata,264.0
383-mbb-machinebasicblock-getprobabilityiter-n2-d16.pbqp,llvm,heuristic,search,0.0
383-mbb-machinebasicblock-getprobabilityiter-n2-d16.pbqp,llvm,heuristic,clone,0.0
383-mbb-machinebasicblock-getprobabilityiter-n2-d16.pbqp,llvm,heuristic,allocation,161.0
383-mbb-machinebasicblock-getprobabilityiter-n2-d16.pbqp,llvm,heuristic,conditioning,0.0
383-mbb-machinebasicblock-getprobabilityiter-n2-d16.pbqp,llvm,heuristic,r0,49.0
383-mbb-machinebasicblock-getprobabilityiter-n2-d16.pbqp,llvm,heuristic,r1,626.0
383-mbb-machinebasicblock-getprobabilityiter-n2-d16.pbqp,llvm,heuristic,r2,0.0
383-mbb-machinebasicblock-getprobabilityiter-n2-d16.pbqp,llvm,heuristic,lower_bound,0.0
383-mbb-machinebasicblock-getprobabilityiter-n2-d16.pbqp,llvm,heuristic,incumbent,0.0
383-mbb-machinebasicblock-getprobabilityiter-n2-d16.pbqp,llvm,heuristic,seed,487.0
384-mbb-machinebasicblock-addsuccessorwithou-n8-d16.pbqp,llvm,none,other,326.0
384-mbb-machinebasicblock-addsuccessorwithou-n8-d16.pbqp,llvm,none,topology,10892.0
384-mbb-machinebasicblock-addsuccessorwithou-n8-d16.pbqp,llvm,none,selection,6478.0
384-mbb-machinebasicblock-addsuccessorwithou-n8-d16.pbqp,llvm,none,reduction,0.0
384-mbb-machinebasicblock-addsuccessorwithou-n8-d16.pbqp,llvm,none,reconstruction,125.0
384-mbb-machinebasicblock-addsuccessorwithou-n8-d16.pbqp,llvm,none,kernel,23160.0
384-mbb-machinebasicblock-addsuccessorwithou-n8-d16.pbqp,llvm,none,metadata,7989.0
384-mbb-machinebasicblock-addsuccessorwithou-n8-d16.pbqp,llvm,none,search,17472.0
384-mbb-machinebasicblock-addsuccessorwithou-n8-d16.pbqp,llvm,none,clone,14196.0
384-mbb-machinebasicblock-addsuccessorwithou-n8-d16.pbqp,llvm,none,allocation,9098.0
384-mbb-machinebasicblock-addsuccessorwithou-n8-d16.pbqp,llvm,none,conditioning,5869.0
384-mbb-machinebasicblock-addsuccessorwithou-n8-d16.pbqp,llvm,none,r0,344.0
384-mbb-machinebasicblock-addsuccessorwithou-n8-d16.pbqp,llvm,none,r1,3746.0
384-mbb-machinebasicblock-addsuccessorwithou-n8-d16.pbqp,llvm,none,r2,17401.0
384-mbb-machinebasicblock-addsuccessorwithou-n8-d16.pbqp,llvm,none,lower_bound,7118.0
384-mbb-machinebasicblock-addsuccessorwithou-n8-d16.pbqp,llvm,none,incumbent,2089.0
384-mbb-machinebasicblock-addsuccessorwithou-n8-d16.pbqp,llvm,none,seed,0.0
384-mbb-machinebasicblock-addsuccessorwithou-n8-d16.pbqp,llvm,heuristic,other,396.0
384-mbb-machinebasicblock-addsuccessorwithou-n8-d16.pbqp,llvm,heuristic,topology,1933.0
384-mbb-machinebasicblock-addsuccessorwithou-n8-d16.pbqp,llvm,heuristic,selection,1440.0
384-mbb-machinebasicblock-addsuccessorwithou-n8-d16.pbqp,llvm,heuristic,reduction,700.0
384-mbb-machinebasicblock-addsuccessorwithou-n8-d16.pbqp,llvm,heuristic,reconstruction,59.0
384-mbb-machinebasicblock-addsuccessorwithou-n8-d16.pbqp,llvm,heuristic,kernel,8053.0
384-mbb-machinebasicblock-addsuccessorwithou-n8-d16.pbqp,llvm,heuristic,metadata,379.0
384-mbb-machinebasicblock-addsuccessorwithou-n8-d16.pbqp,llvm,heuristic,search,124.0
384-mbb-machinebasicblock-addsuccessorwithou-n8-d16.pbqp,llvm,heuristic,clone,0.0
384-mbb-machinebasicblock-addsuccessorwithou-n8-d16.pbqp,llvm,heuristic,allocation,1226.0
384-mbb-machinebasicblock-addsuccessorwithou-n8-d16.pbqp,llvm,heuristic,conditioning,530.0
384-mbb-machinebasicblock-addsuccessorwithou-n8-d16.pbqp,llvm,heuristic,r0,42.0
384-mbb-machinebasicblock-addsuccessorwithou-n8-d16.pbqp,llvm,heuristic,r1,321.0
384-mbb-machinebasicblock-addsuccessorwithou-n8-d16.pbqp,llvm,heuristic,r2,3359.0
384-mbb-machinebasicblock-addsuccessorwithou-n8-d16.pbqp,llvm,heuristic,lower_bound,850.0
384-mbb-machinebasicblock-addsuccessorwithou-n8-d16.pbqp,llvm,heuristic,incumbent,67.0
384-mbb-machinebasicblock-addsuccessorwithou-n8-d16.pbqp,llvm,heuristic,seed,1548.0
385-mbb-machinebasicblock-getfirstinstrtermi-n14-d16.pbqp,llvm,heuristic,other,519.0
385-mbb-machinebasicblock-getfirstinstrtermi-n14-d16.pbqp,llvm,heuristic,topology,6295.0
385-mbb-machinebasicblock-getfirstinstrtermi-n14-d16.pbqp,llvm,heuristic,selection,6088.0
385-mbb-machinebasicblock-getfirstinstrtermi-n14-d16.pbqp,llvm,heuristic,reduction,2828.0
385-mbb-machinebasicblock-getfirstinstrtermi-n14-d16.pbqp,llvm,heuristic,reconstruction,74.0
385-mbb-machinebasicblock-getfirstinstrtermi-n14-d16.pbqp,llvm,heuristic,kernel,12576.0
385-mbb-machinebasicblock-getfirstinstrtermi-n14-d16.pbqp,llvm,heuristic,metadata,393.0
385-mbb-machinebasicblock-getfirstinstrtermi-n14-d16.pbqp,llvm,heuristic,search,158.0
385-mbb-machinebasicblock-getfirstinstrtermi-n14-d16.pbqp,llvm,heuristic,clone,0.0
385-mbb-machinebasicblock-getfirstinstrtermi-n14-d16.pbqp,llvm,heuristic,allocation,2237.0
385-mbb-machinebasicblock-getfirstinstrtermi-n14-d16.pbqp,llvm,heuristic,conditioning,2229.0
385-mbb-machinebasicblock-getfirstinstrtermi-n14-d16.pbqp,llvm,heuristic,r0,61.0
385-mbb-machinebasicblock-getfirstinstrtermi-n14-d16.pbqp,llvm,heuristic,r1,390.0
385-mbb-machinebasicblock-getfirstinstrtermi-n14-d16.pbqp,llvm,heuristic,r2,3473.0
385-mbb-machinebasicblock-getfirstinstrtermi-n14-d16.pbqp,llvm,heuristic,lower_bound,2232.0
385-mbb-machinebasicblock-getfirstinstrtermi-n14-d16.pbqp,llvm,heuristic,incumbent,86.0
385-mbb-machinebasicblock-getfirstinstrtermi-n14-d16.pbqp,llvm,heuristic,seed,3268.0
386-mbb-machinebasicblock-getfirstterminator-n19-d16.pbqp,llvm,none,other,890.0
386-mbb-machinebasicblock-getfirstterminator-n19-d16.pbqp,llvm,none,topology,117038.0
386-mbb-machinebasicblock-getfirstterminator-n19-d16.pbqp,llvm,none,selection,66444.0
386-mbb-machinebasicblock-getfirstterminator-n19-d16.pbqp,llvm,none,reduction,0.0
386-mbb-machinebasicblock-getfirstterminator-n19-d16.pbqp,llvm,none,reconstruction,792.0
386-mbb-machinebasicblock-getfirstterminator-n19-d16.pbqp,llvm,none,kernel,202747.0
386-mbb-machinebasicblock-getfirstterminator-n19-d16.pbqp,llvm,none,metadata,47478.0
386-mbb-machinebasicblock-getfirstterminator-n19-d16.pbqp,llvm,none,search,164553.0
386-mbb-machinebasicblock-getfirstterminator-n19-d16.pbqp,llvm,none,clone,304447.0
386-mbb-machinebasicblock-getfirstterminator-n19-d16.pbqp,llvm,none,allocation,84729.0
386-mbb-machinebasicblock-getfirstterminator-n19-d16.pbqp,llvm,none,conditioning,57758.0
386-mbb-machinebasicblock-getfirstterminator-n19-d16.pbqp,llvm,none,r0,2008.0
386-mbb-machinebasicblock-getfirstterminator-n19-d16.pbqp,llvm,none,r1,16209.0
386-mbb-machinebasicblock-getfirstterminator-n19-d16.pbqp,llvm,none,r2,152162.0
386-mbb-machinebasicblock-getfirstterminator-n19-d16.pbqp,llvm,none,lower_bound,166168.0
386-mbb-machinebasicblock-getfirstterminator-n19-d16.pbqp,llvm,none,incumbent,20249.0
386-mbb-machinebasicblock-getfirstterminator-n19-d16.pbqp,llvm,none,seed,0.0
386-mbb-machinebasicblock-getfirstterminator-n19-d16.pbqp,llvm,heuristic,other,874.0
386-mbb-machinebasicblock-getfirstterminator-n19-d16.pbqp,llvm,heuristic,topology,7860.0
386-mbb-machinebasicblock-getfirstterminator-n19-d16.pbqp,llvm,heuristic,selection,6211.0
386-mbb-machinebasicblock-getfirstterminator-n19-d16.pbqp,llvm,heuristic,reduction,1639.0
386-mbb-machinebasicblock-getfirstterminator-n19-d16.pbqp,llvm,heuristic,reconstruction,63.0
386-mbb-machinebasicblock-getfirstterminator-n19-d16.pbqp,llvm,heuristic,kernel,21938.0
386-mbb-machinebasicblock-getfirstterminator-n19-d16.pbqp,llvm,heuristic,metadata,1249.0
386-mbb-machinebasicblock-getfirstterminator-n19-d16.pbqp,llvm,heuristic,search,135.0
386-mbb-machinebasicblock-getfirstterminator-n19-d16.pbqp,llvm,heuristic,clone,0.0
386-mbb-machinebasicblock-getfirstterminator-n19-d16.pbqp,llvm,heuristic,allocation,2548.0
386-mbb-machinebasicblock-getfirstterminator-n19-d16.pbqp,llvm,heuristic,conditioning,1211.0
386-mbb-machinebasicblock-getfirstterminator-n19-d16.pbqp,llvm,heuristic,r0,24.0
386-mbb-machinebasicblock-getfirstterminator-n19-d16.pbqp,llvm,heuristic,r1,272.0
386-mbb-machinebasicblock-getfirstterminator-n19-d16.pbqp,llvm,heuristic,r2,8507.0
386-mbb-machinebasicblock-getfirstterminator-n19-d16.pbqp,llvm,heuristic,lower_bound,1821.0
386-mbb-machinebasicblock-getfirstterminator-n19-d16.pbqp,llvm,heuristic,incumbent,67.0
386-mbb-machinebasicblock-getfirstterminator-n19-d16.pbqp,llvm,heuristic,seed,3503.0
387-mbb-machinebasicblock-removeliveinoverla-n45-d17.pbqp,llvm,heuristic,other,1126.0
387-mbb-machinebasicblock-removeliveinoverla-n45-d17.pbqp,llvm,heuristic,topology,44638.0
387-mbb-machinebasicblock-removeliveinoverla-n45-d17.pbqp,llvm,heuristic,selection,46733.0
387-mbb-machinebasicblock-removeliveinoverla-n45-d17.pbqp,llvm,heuristic,reduction,23422.0
387-mbb-machinebasicblock-removeliveinoverla-n45-d17.pbqp,llvm,heuristic,reconstruction,141.0
387-mbb-machinebasicblock-removeliveinoverla-n45-d17.pbqp,llvm,heuristic,kernel,73008.0
387-mbb-machinebasicblock-removeliveinoverla-n45-d17.pbqp,llvm,heuristic,metadata,283.0
387-mbb-machinebasicblock-removeliveinoverla-n45-d17.pbqp,llvm,heuristic,search,148.0
387-mbb-machinebasicblock-removeliveinoverla-n45-d17.pbqp,llvm,heuristic,clone,0.0
387-mbb-machinebasicblock-removeliveinoverla-n45-d17.pbqp,llvm,heuristic,allocation,8170.0
387-mbb-machinebasicblock-removeliveinoverla-n45-d17.pbqp,llvm,heuristic,conditioning,23168.0
387-mbb-machinebasicblock-removeliveinoverla-n45-d17.pbqp,llvm,heuristic,r0,160.0
387-mbb-machinebasicblock-removeliveinoverla-n45-d17.pbqp,llvm,heuristic,r1,379.0
387-mbb-machinebasicblock-removeliveinoverla-n45-d17.pbqp,llvm,heuristic,r2,2822.0
387-mbb-machinebasicblock-removeliveinoverla-n45-d17.pbqp,llvm,heuristic,lower_bound,17956.0
387-mbb-machinebasicblock-removeliveinoverla-n45-d17.pbqp,llvm,heuristic,incumbent,103.0
387-mbb-machinebasicblock-removeliveinoverla-n45-d17.pbqp,llvm,heuristic,seed,18003.0
389-mbb-machinebasicblock-removephisincoming-n5-d16.pbqp,llvm,none,other,230.0
389-mbb-machinebasicblock-removephisincoming-n5-d16.pbqp,llvm,none,topology,8216.0
389-mbb-machinebasicblock-removephisincoming-n5-d16.pbqp,llvm,none,selection,4484.0
389-mbb-machinebasicblock-removephisincoming-n5-d16.pbqp,llvm,none,reduction,0.0
389-mbb-machinebasicblock-removephisincoming-n5-d16.pbqp,llvm,none,reconstruction,131.0
389-mbb-machinebasicblock-removephisincoming-n5-d16.pbqp,llvm,none,kernel,11867.0
389-mbb-machinebasicblock-removephisincoming-n5-d16.pbqp,llvm,none,metadata,3050.0
389-mbb-machinebasicblock-removephisincoming-n5-d16.pbqp,llvm,none,search,16304.0
389-mbb-machinebasicblock-removephisincoming-n5-d16.pbqp,llvm,none,clone,6285.0
389-mbb-machinebasicblock-removephisincoming-n5-d16.pbqp,llvm,none,allocation,7439.0
389-mbb-machinebasicblock-removephisincoming-n5-d16.pbqp,llvm,none,conditioning,6533.0
389-mbb-machinebasicblock-removephisincoming-n5-d16.pbqp,llvm,none,r0,371.0
389-mbb-machinebasicblock-removephisincoming-n5-d16.pbqp,llvm,none,r1,2994.0
389-mbb-machinebasicblock-removephisincoming-n5-d16.pbqp,llvm,none,r2,6635.0
389-mbb-machinebasicblock-removephisincoming-n5-d16.pbqp,llvm,none,lower_bound,5382.0
389-mbb-machinebasicblock-removephisincoming-n5-d16.pbqp,llvm,none,incumbent,2051.0
389-mbb-machinebasicblock-removephisincoming-n5-d16.pbqp,llvm,none,seed,0.0
389-mbb-machinebasicblock-removephisincoming-n5-d16.pbqp,llvm,heuristic,other,194.0
389-mbb-machinebasicblock-removephisincoming-n5-d16.pbqp,llvm,heuristic,topology,1062.0
389-mbb-machinebasicblock-removephisincoming-n5-d16.pbqp,llvm,heuristic,selection,962.0
389-mbb-machinebasicblock-removephisincoming-n5-d16.pbqp,llvm,heuristic,reduction,637.0
389-mbb-machinebasicblock-removephisincoming-n5-d16.pbqp,llvm,heuristic,reconstruction,30.0
389-mbb-machinebasicblock-removephisincoming-n5-d16.pbqp,llvm,heuristic,kernel,2723.0
389-mbb-machinebasicblock-removephisincoming-n5-d16.pbqp,llvm,heuristic,metadata,0.0
389-mbb-machinebasicblock-removephisincoming-n5-d16.pbqp,llvm,heuristic,search,130.0
389-mbb-machinebasicblock-removephisincoming-n5-d16.pbqp,llvm,heuristic,clone,0.0
389-mbb-machinebasicblock-removephisincoming-n5-d16.pbqp,llvm,heuristic,allocation,693.0
389-mbb-machinebasicblock-removephisincoming-n5-d16.pbqp,llvm,heuristic,conditioning,516.0
389-mbb-machinebasicblock-removephisincoming-n5-d16.pbqp,llvm,heuristic,r0,24.0
389-mbb-machinebasicblock-removephisincoming-n5-d16.pbqp,llvm,heuristic,r1,236.0
389-mbb-machinebasicblock-removephisincoming-n5-d16.pbqp,llvm,heuristic,r2,584.0
389-mbb-machinebasicblock-removephisincoming-n5-d16.pbqp,llvm,heuristic,lower_bound,593.0
389-mbb-machinebasicblock-removephisincoming-n5-d16.pbqp,llvm,heuristic,incumbent,65.0
389-mbb-machinebasicblock-removephisincoming-n5-d16.pbqp,llvm,heuristic,seed,1017.0
390-mbb-machinebasicblock-erase-n12-d16.pbqp,llvm,heuristic,other,422.0
390-mbb-machinebasicblock-erase-n12-d16.pbqp,llvm,heuristic,topology,4682.0
390-mbb-machinebasicblock-erase-n12-d16.pbqp,llvm,heuristic,selection,4419.0
390-mbb-machinebasicblock-erase-n12-d16.pbqp,llvm,heuristic,reduction,2072.0
390-mbb-machinebasicblock-erase-n12-d16.pbqp,llvm,heuristic,reconstruction,45.0
390-mbb-machinebasicblock-erase-n12-d16.pbqp,llvm,heuristic,kernel,13197.0
390-mbb-machinebasicblock-erase-n12-d16.pbqp,llvm,heuristic,metadata,380.0
390-mbb-machinebasicblock-erase-n12-d16.pbqp,llvm,heuristic,search,118.0
390-mbb-machinebasicblock-erase-n12-d16.pbqp,llvm,heuristic,clone,0.0
390-mbb-machinebasicblock-erase-n12-d16.pbqp,llvm,heuristic,allocation,2126.0
390-mbb-machinebasicblock-erase-n12-d16.pbqp,llvm,heuristic,conditioning,1656.0
390-mbb-machinebasicblock-erase-n12-d16.pbqp,llvm,heuristic,r0,46.0
390-mbb-machinebasicblock-erase-n12-d16.pbqp,llvm,heuristic,r1,329.0
390-mbb-machinebasicblock-erase-n12-d16.pbqp,llvm,heuristic,r2,3924.0
390-mbb-machinebasicblock-erase-n12-d16.pbqp,llvm,heuristic,lower_bound,1738.0
390-mbb-machinebasicblock-erase-n12-d16.pbqp,llvm,heuristic,incumbent,84.0
390-mbb-machinebasicblock-erase-n12-d16.pbqp,llvm,heuristic,seed,2610.0
391-mbb-machinebasicblock-insert-n10-d16.pbqp,llvm,none,other,375.0
391-mbb-machinebasicblock-insert-n10-d16.pbqp,llvm,none,topology,21164.0
391-mbb-machinebasicblock-insert-n10-d16.pbqp,llvm,none,selection,12454.0
391-mbb-machinebasicblock-insert-n10-d16.pbqp,llvm,none,reduction,0.0
391-mbb-machinebasicblock-insert-n10-d16.pbqp,llvm,none,reconstruction,171.0
391-mbb-machinebasicblock-insert-n10-d16.pbqp,llvm,none,kernel,51051.0
391-mbb-machinebasicblock-insert-n10-d16.pbqp,llvm,none,metadata,15973.0
391-mbb-machinebasicblock-insert-n10-d16.pbqp,llvm,none,search,33284.0
391-mbb-machinebasicblock-insert-n10-d16.pbqp,llvm,none,clone,32173.0
391-mbb-machinebasicblock-insert-n10-d16.pbqp,llvm,none,allocation,17346.0
391-mbb-machinebasicblock-insert-n10-d16.pbqp,llvm,none,conditioning,11249.0
391-mbb-machinebasicblock-insert-n10-d16.pbqp,llvm,none,r0,714.0
391-mbb-machinebasicblock-insert-n10-d16.pbqp,llvm,none,r1,7342.0
391-mbb-machinebasicblock-insert-n10-d16.pbqp,llvm,none,r2,47726.0
391-mbb-machinebasicblock-insert-n10-d16.pbqp,llvm,none,lower_bound,16528.0
391-mbb-machinebasicblock-insert-n10-d16.pbqp,llvm,none,incumbent,3879.0
391-mbb-machinebasicblock-insert-n10-d16.pbqp,llvm,none,seed,0.0
391-mbb-machinebasicblock-insert-n10-d16.pbqp,llvm,heuristic,other,388.0
391-mbb-machinebasicblock-insert-n10-d16.pbqp,llvm,heuristic,topology,3189.0
391-mbb-machinebasicblock-insert-n10-d16.pbqp,llvm,heuristic,selection,2616.0
391-mbb-machinebasicblock-insert-n10-d16.pbqp,llvm,heuristic,reduction,973.0
391-mbb-machinebasicblock-insert-n10-d16.pbqp,llvm,heuristic,reconstruction,42.0
391-mbb-machinebasicblock-insert-n10-d16.pbqp,llvm,heuristic,kernel,10374.0
391-mbb-machinebasicblock-insert-n10-d16.pbqp,llvm,heuristic,metadata,351.0
391-mbb-machinebasicblock-insert-n10-d16.pbqp,llvm,heuristic,search,123.0
391-mbb-machinebasicblock-insert-n10-d16.pbqp,llvm,heuristic,clone,0.0
391-mbb-machinebasicblock-insert-n10-d16.pbqp,llvm,heuristic,allocation,1280.0
391-mbb-machinebasicblock-insert-n10-d16.pbqp,llvm,heuristic,conditioning,730.0
391-mbb-machinebasicblock-insert-n10-d16.pbqp,llvm,heuristic,r0,38.0
391-mbb-machinebasicblock-insert-n10-d16.pbqp,llvm,heuristic,r1,338.0
391-mbb-machinebasicblock-insert-n10-d16.pbqp,llvm,heuristic,r2,4104.0
391-mbb-machinebasicblock-insert-n10-d16.pbqp,llvm,heuristic,lower_bound,1073.0
391-mbb-machinebasicblock-insert-n10-d16.pbqp,llvm,heuristic,incumbent,66.0
391-mbb-machinebasicblock-insert-n10-d16.pbqp,llvm,heuristic,seed,1959.0
393-mbb-machinebasicblock-splitat-n39-d16-r1.pbqp,llvm,heuristic,other,1104.0
393-mbb-machinebasicblock-splitat-n39-d16-r1.pbqp,llvm,heuristic,topology,33573.0
393-mbb-machinebasicblock-splitat-n39-d16-r1.pbqp,llvm,heuristic,selection,36520.0
393-mbb-machinebasicblock-splitat-n39-d16-r1.pbqp,llvm,heuristic,reduction,14853.0
393-mbb-machinebasicblock-splitat-n39-d16-r1.pbqp,llvm,heuristic,reconstruction,146.0
393-mbb-machinebasicblock-splitat-n39-d16-r1.pbqp,llvm,heuristic,kernel,43041.0
393-mbb-machinebasicblock-splitat-n39-d16-r1.pbqp,llvm,heuristic,metadata,1340.0
393-mbb-machinebasicblock-splitat-n39-d16-r1.pbqp,llvm,heuristic,search,237.0
393-mbb-machinebasicblock-splitat-n39-d16-r1.pbqp,llvm,heuristic,clone,0.0
393-mbb-machinebasicblock-splitat-n39-d16-r1.pbqp,llvm,heuristic,allocation,6464.0
393-mbb-machinebasicblock-splitat-n39-d16-r1.pbqp,llvm,heuristic,conditioning,12538.0
393-mbb-machinebasicblock-splitat-n39-d16-r1.pbqp,llvm,heuristic,r0,57.0
393-mbb-machinebasicblock-splitat-n39-d16-r1.pbqp,llvm,heuristic,r1,1340.0
393-mbb-machinebasicblock-splitat-n39-d16-r1.pbqp,llvm,heuristic,r2,4545.0
393-mbb-machinebasicblock-splitat-n39-d16-r1.pbqp,llvm,heuristic,lower_bound,9882.0
393-mbb-machinebasicblock-splitat-n39-d16-r1.pbqp,llvm,heuristic,incumbent,105.0
393-mbb-machinebasicblock-splitat-n39-d16-r1.pbqp,llvm,heuristic,seed,10518.0
396-mbb-machinebasicblock-moveafter-n7-d16.pbqp,llvm,none,other,241.0
396-mbb-machinebasicblock-moveafter-n7-d16.pbqp,llvm,none,topology,25492.0
396-mbb-machinebasicblock-moveafter-n7-d16.pbqp,llvm,none,selection,13535.0
396-mbb-machinebasicblock-moveafter-n7-d16.pbqp,llvm,none,reduction,0.0
396-mbb-machinebasicblock-moveafter-n7-d16.pbqp,llvm,none,reconstruction,113.0
396-mbb-machinebasicblock-moveafter-n7-d16.pbqp,llvm,none,kernel,74145.0
396-mbb-machinebasicblock-moveafter-n7-d16.pbqp,llvm,none,metadata,23794.0
396-mbb-machinebasicblock-moveafter-n7-d16.pbqp,llvm,none,search,48692.0
396-mbb-machinebasicblock-moveafter-n7-d16.pbqp,llvm,none,clone,34084.0
396-mbb-machinebasicblock-moveafter-n7-d16.pbqp,llvm,none,allocation,23998.0
396-mbb-machinebasicblock-moveafter-n7-d16.pbqp,llvm,none,conditioning,19527.0
396-mbb-machinebasicblock-moveafter-n7-d16.pbqp,llvm,none,r0,1374.0
396-mbb-machinebasicblock-moveafter-n7-d16.pbqp,llvm,none,r1,12999.0
396-mbb-machinebasicblock-moveafter-n7-d16.pbqp,llvm,none,r2,49667.0
396-mbb-machinebasicblock-moveafter-n7-d16.pbqp,llvm,none,lower_bound,34065.0
396-mbb-machinebasicblock-moveafter-n7-d16.pbqp,llvm,none,incumbent,6075.0
396-mbb-machinebasicblock-moveafter-n7-d16.pbqp,llvm,none,seed,0.0
396-mbb-machinebasicblock-moveafter-n7-d16.pbqp,llvm,heuristic,other,305.0
396-mbb-machinebasicblock-moveafter-n7-d16.pbqp,llvm,heuristic,topology,1842.0
396-mbb-machinebasicblock-moveafter-n7-d16.pbqp,llvm,heuristic,selection,1706.0
396-mbb-machinebasicblock-moveafter-n7-d16.pbqp,llvm,heuristic,reduction,930.0
396-mbb-machinebasicblock-moveafter-n7-d16.pbqp,llvm,heuristic,reconstruction,78.0
396-mbb-machinebasicblock-moveafter-n7-d16.pbqp,llvm,heuristic,kernel,7457.0
396-mbb-machinebasicblock-moveafter-n7-d16.pbqp,llvm,heuristic,metadata,307.0
396-mbb-machinebasicblock-moveafter-n7-d16.pbqp,llvm,heuristic,search,120.0
396-mbb-machinebasicblock-moveafter-n7-d16.pbqp,llvm,heuristic,clone,0.0
396-mbb-machinebasicblock-moveafter-n7-d16.pbqp,llvm,heuristic,allocation,1087.0
396-mbb-machinebasicblock-moveafter-n7-d16.pbqp,llvm,heuristic,conditioning,818.0
396-mbb-machinebasicblock-moveafter-n7-d16.pbqp,llvm,heuristic,r0,44.0
396-mbb-machinebasicblock-moveafter-n7-d16.pbqp,llvm,heuristic,r1,880.0
396-mbb-machinebasicblock-moveafter-n7-d16.pbqp,llvm,heuristic,r2,1215.0
396-mbb-machinebasicblock-moveafter-n7-d16.pbqp,llvm,heuristic,lower_bound,1328.0
396-mbb-machinebasicblock-moveafter-n7-d16.pbqp,llvm,heuristic,incumbent,69.0
396-mbb-machinebasicblock-moveafter-n7-d16.pbqp,llvm,heuristic,seed,1326.0
397-mbb-machinebasicblock-machinebasicblock-n13-d17.pbqp,llvm,none,other,973.0
397-mbb-machinebasicblock-machinebasicblock-n13-d17.pbqp,llvm,none,topology,14742.0
397-mbb-machinebasicblock-machinebasicblock-n13-d17.pbqp,llvm,none,selection,8042.0
397-mbb-machinebasicblock-machinebasicblock-n13-d17.pbqp,llvm,none,reduction,0.0
397-mbb-machinebasicblock-machinebasicblock-n13-d17.pbqp,llvm,none,reconstruction,304.0
397-mbb-machinebasicblock-machinebasicblock-n13-d17.pbqp,llvm,none,kernel,57535.0
397-mbb-machinebasicblock-machinebasicblock-n13-d17.pbqp,llvm,none,metadata,12661.0
397-mbb-machinebasicblock-machinebasicblock-n13-d17.pbqp,llvm,none,search,20139.0
397-mbb-machinebasicblock-machinebasicblock-n13-d17.pbqp,llvm,none,clone,24467.0
397-mbb-machinebasicblock-machinebasicblock-n13-d17.pbqp,llvm,none,allocation,11653.0
397-mbb-machinebasicblock-machinebasicblock-n13-d17.pbqp,llvm,none,conditioning,6721.0
397-mbb-machinebasicblock-machinebasicblock-n13-d17.pbqp,llvm,none,r0,501.0
397-mbb-machinebasicblock-machinebasicblock-n13-d17.pbqp,llvm,none,r1,4657.0
397-mbb-machinebasicblock-machinebasicblock-n13-d17.pbqp,llvm,none,r2,31658.0
397-mbb-machinebasicblock-machinebasicblock-n13-d17.pbqp,llvm,none,lower_bound,8486.0
397-mbb-machinebasicblock-machinebasicblock-n13-d17.pbqp,llvm,none,incumbent,2294.0
397-mbb-machinebasicblock-machinebasicblock-n13-d17.pbqp,llvm,none,seed,0.0
397-mbb-machinebasicblock-machinebasicblock-n13-d17.pbqp,llvm,heuristic,other,745.0
397-mbb-machinebasicblock-machinebasicblock-n13-d17.pbqp,llvm,heuristic,topology,4545.0
397-mbb-machinebasicblock-machinebasicblock-n13-d17.pbqp,llvm,heuristic,selection,3683.0
397-mbb-machinebasicblock-machinebasicblock-n13-d17.pbqp,llvm,heuristic,reduction,730.0
397-mbb-machinebasicblock-machinebasicblock-n13-d17.pbqp,llvm,heuristic,reconstruction,87.0
397-mbb-machinebasicblock-machinebasicblock-n13-d17.pbqp,llvm,heuristic,kernel,22347.0
397-mbb-machinebasicblock-machinebasicblock-n13-d17.pbqp,llvm,heuristic,metadata,1064.0
397-mbb-machinebasicblock-machinebasicblock-n13-d17.pbqp,llvm,heuristic,search,113.0
397-mbb-machinebasicblock-machinebasicblock-n13-d17.pbqp,llvm,heuristic,clone,0.0
397-mbb-machinebasicblock-machinebasicblock-n13-d17.pbqp,llvm,heuristic,allocation,2211.0
397-mbb-machinebasicblock-machinebasicblock-n13-d17.pbqp,llvm,heuristic,conditioning,471.0
397-mbb-machinebasicblock-machinebasicblock-n13-d17.pbqp,llvm,heuristic,r0,101.0
397-mbb-machinebasicblock-machinebasicblock-n13-d17.pbqp,llvm,heuristic,r1,777.0
397-mbb-machinebasicblock-machinebasicblock-n13-d17.pbqp,llvm,heuristic,r2,8370.0
397-mbb-machinebasicblock-machinebasicblock-n13-d17.pbqp,llvm,heuristic,lower_bound,880.0
397-mbb-machinebasicblock-machinebasicblock-n13-d17.pbqp,llvm,heuristic,incumbent,65.0
397-mbb-machinebasicblock-machinebasicblock-n13-d17.pbqp,llvm,heuristic,seed,2460.0
398-mbb-machinebasicblock-machinebasicblock-n11-d16.pbqp,llvm,none,other,976.0
398-mbb-machinebasicblock-machinebasicblock-n11-d16.pbqp,llvm,none,topology,1275.0
398-mbb-machinebasicblock-machinebasicblock-n11-d16.pbqp,llvm,none,selection,576.0
398-mbb-machinebasicblock-machinebasicblock-n11-d16.pbqp,llvm,none,reduction,0.0
398-mbb-machinebasicblock-machinebasicblock-n11-d16.pbqp,llvm,none,reconstruction,41.0
398-mbb-machinebasicblock-machinebasicblock-n11-d16.pbqp,llvm,none,kernel,4296.0
398-mbb-machinebasicblock-machinebasicblock-n11-d16.pbqp,llvm,none,metadata,2266.0
398-mbb-machinebasicblock-machinebasicblock-n11-d16.pbqp,llvm,none,search,0.0
398-mbb-machinebasicblock-machinebasicblock-n11-d16.pbqp,llvm,none,clone,0.0
398-mbb-machinebasicblock-machinebasicblock-n11-d16.pbqp,llvm,none,allocation,937.0
398-mbb-machinebasicblock-machinebasicblock-n11-d16.pbqp,llvm,none,conditioning,0.0
398-mbb-machinebasicblock-machinebasicblock-n11-d16.pbqp,llvm,none,r0,24.0
398-mbb-machinebasicblock-machinebasicblock-n11-d16.pbqp,llvm,none,r1,1089.0
398-mbb-machinebasicblock-machinebasicblock-n11-d16.pbqp,llvm,none,r2,3874.0
398-mbb-machinebasicblock-machinebasicblock-n11-d16.pbqp,llvm,none,lower_bound,0.0
398-mbb-machinebasicblock-machinebasicblock-n11-d16.pbqp,llvm,none,incumbent,0.0
398-mbb-machinebasicblock-machinebasicblock-n11-d16.pbqp,llvm,none,seed,0.0
398-mbb-machinebasicblock-machinebasicblock-n11-d16.pbqp,llvm,heuristic,other,1016.0
398-mbb-machinebasicblock-machinebasicblock-n11-d16.pbqp,llvm,heuristic,topology,2180.0
398-mbb-machinebasicblock-machinebasicblock-n11-d16.pbqp,llvm,heuristic,selection,1176.0
398-mbb-machinebasicblock-machinebasicblock-n11-d16.pbqp,llvm,heuristic,reduction,0.0
398-mbb-machinebasicblock-machinebasicblock-n11-d16.pbqp,llvm,heuristic,reconstruction,86.0
398-mbb-machinebasicblock-machinebasicblock-n11-d16.pbqp,llvm,heuristic,kernel,13255.0
398-mbb-machinebasicblock-machinebasicblock-n11-d16.pbqp,llvm,heuristic,metadata,2280.0
398-mbb-machinebasicblock-machinebasicblock-n11-d16.pbqp,llvm,heuristic,search,0.0
398-mbb-machinebasicblock-machinebasicblock-n11-d16.pbqp,llvm,heuristic,clone,0.0
398-mbb-machinebasicblock-machinebasicblock-n11-d16.pbqp,llvm,heuristic,allocation,1755.0
398-mbb-machinebasicblock-machinebasicblock-n11-d16.pbqp,llvm,heuristic,conditioning,0.0
398-mbb-machinebasicblock-machinebasicblock-n11-d16.pbqp,llvm,heuristic,r0,49.0
398-mbb-machinebasicblock-machinebasicblock-n11-d16.pbqp,llvm,heuristic,r1,2280.0
398-mbb-machinebasicblock-machinebasicblock-n11-d16.pbqp,llvm,heuristic,r2,7234.0
398-mbb-machinebasicblock-machinebasicblock-n11-d16.pbqp,llvm,heuristic,lower_bound,0.0
398-mbb-machinebasicblock-machinebasicblock-n11-d16.pbqp,llvm,heuristic,incumbent,0.0
398-mbb-machinebasicblock-machinebasicblock-n11-d16.pbqp,llvm,heuristic,seed,1709.0
399-mbb-llvm-printmbbreference-n2-d16.pbqp,llvm,none,other,309.0
399-mbb-llvm-printmbbreference-n2-d16.pbqp,llvm,none,topology,145.0
399-mbb-llvm-printmbbreference-n2-d16.pbqp,llvm,none,selection,117.0
399-mbb-llvm-printmbbreference-n2-d16.pbqp,llvm,none,reduction,0.0
399-mbb-llvm-printmbbreference-n2-d16.pbqp,llvm,none,reconstruction,52.0
399-mbb-llvm-printmbbreference-n2-d16.pbqp,llvm,none,kernel,147.0
399-mbb-llvm-printmbbreference-n2-d16.pbqp,llvm,none,metadata,256.0
399-mbb-llvm-printmbbreference-n2-d16.pbqp,llvm,none,search,0.0
399-mbb-llvm-printmbbreference-n2-d16.pbqp,llvm,none,clone,0.0
399-mbb-llvm-printmbbreference-n2-d16.pbqp,llvm,none,allocation,93.0
399-mbb-llvm-printmbbreference-n2-d16.pbqp,llvm,none,conditioning,0.0
399-mbb-llvm-printmbbreference-n2-d16.pbqp,llvm,none,r0,24.0
399-mbb-llvm-printmbbreference-n2-d16.pbqp,llvm,none,r1,287.0
399-mbb-llvm-printmbbreference-n2-d16.pbqp,llvm,none,r2,0.0
399-mbb-llvm-printmbbreference-n2-d16.pbqp,llvm,none,lower_bound,0.0
399-mbb-llvm-printmbbreference-n2-d16.pbqp,llvm,none,incumbent,0.0
399-mbb-llvm-printmbbreference-n2-d16.pbqp,llvm,none,seed,0.0
399-mbb-llvm-printmbbreference-n2-d16.pbqp,llvm,heuristic,other,344.0
399-mbb-llvm-printmbbreference-n2-d16.pbqp,llvm,heuristic,topology,263.0
399-mbb-llvm-printmbbreference-n2-d16.pbqp,llvm,heuristic,selection,231.0
399-mbb-llvm-printmbbreference-n2-d16.pbqp,llvm,heuristic,reduction,0.0
399-mbb-llvm-printmbbreference-n2-d16.pbqp,llvm,heuristic,reconstruction,55.0
399-mbb-llvm-printmbbreference-n2-d16.pbqp,llvm,heuristic,kernel,467.0
399-mbb-llvm-printmbbreference-n2-d16.pbqp,llvm,heuristic,metadata,270.0
399-mbb-llvm-printmbbreference-n2-d16.pbqp,llvm,heuristic,search,0.0
399-mbb-llvm-printmbbreference-n2-d16.pbqp,llvm,heuristic,clone,0.0
399-mbb-llvm-printmbbreference-n2-d16.pbqp,llvm,heuristic,allocation,182.0
399-mbb-llvm-printmbbreference-n2-d16.pbqp,llvm,heuristic,conditioning,0.0
399-mbb-llvm-printmbbreference-n2-d16.pbqp,llvm,heuristic,r0,53.0
399-mbb-llvm-printmbbreference-n2-d16.pbqp,llvm,heuristic,r1,612.0
399-mbb-llvm-printmbbreference-n2-d16.pbqp,llvm,heuristic,r2,0.0
399-mbb-llvm-printmbbreference-n2-d16.pbqp,llvm,heuristic,lower_bound,0.0
399-mbb-llvm-printmbbreference-n2-d16.pbqp,llvm,heuristic,incumbent,0.0
399-mbb-llvm-printmbbreference-n2-d16.pbqp,llvm,heuristic,seed,594.0
400-mbb-bumpptrallocatorimpl-allocateslow-n17-d16.pbqp,llvm,heuristic,other,483.0
400-mbb-bumpptrallocatorimpl-allocateslow-n17-d16.pbqp,llvm,heuristic,topology,8319.0
400-mbb-bumpptrallocatorimpl-allocateslow-n17-d16.pbqp,llvm,heuristic,selection,8265.0
400-mbb-bumpptrallocatorimpl-allocateslow-n17-d16.pbqp,llvm,heuristic,reduction,4592.0
400-mbb-bumpptrallocatorimpl-allocateslow-n17-d16.pbqp,llvm,heuristic,reconstruction,85.0
400-mbb-bumpptrallocatorimpl-allocateslow-n17-d16.pbqp,llvm,heuristic,kernel,14921.0
400-mbb-bumpptrallocatorimpl-allocateslow-n17-d16.pbqp,llvm,heuristic,metadata,168.0
400-mbb-bumpptrallocatorimpl-allocateslow-n17-d16.pbqp,llvm,heuristic,search,121.0
400-mbb-bumpptrallocatorimpl-allocateslow-n17-d16.pbqp,llvm,heuristic,clone,0.0
400-mbb-bumpptrallocatorimpl-allocateslow-n17-d16.pbqp,llvm,heuristic,allocation,2815.0
400-mbb-bumpptrallocatorimpl-allocateslow-n17-d16.pbqp,llvm,heuristic,conditioning,4937.0
400-mbb-bumpptrallocatorimpl-allocateslow-n17-d16.pbqp,llvm,heuristic,r0,34.0
400-mbb-bumpptrallocatorimpl-allocateslow-n17-d16.pbqp,llvm,heuristic,r1,245.0
400-mbb-bumpptrallocatorimpl-allocateslow-n17-d16.pbqp,llvm,heuristic,r2,1447.0
400-mbb-bumpptrallocatorimpl-allocateslow-n17-d16.pbqp,llvm,heuristic,lower_bound,3763.0
400-mbb-bumpptrallocatorimpl-allocateslow-n17-d16.pbqp,llvm,heuristic,incumbent,87.0
400-mbb-bumpptrallocatorimpl-allocateslow-n17-d16.pbqp,llvm,heuristic,seed,4744.0
402-mbb-ilist-callback-traits-addnodetolist-n15-d16-r1.pbqp,llvm,heuristic,other,494.0
402-mbb-ilist-callback-traits-addnodetolist-n15-d16-r1.pbqp,llvm,heuristic,topology,6603.0
402-mbb-ilist-callback-traits-addnodetolist-n15-d16-r1.pbqp,llvm,heuristic,selection,6149.0
402-mbb-ilist-callback-traits-addnodetolist-n15-d16-r1.pbqp,llvm,heuristic,reduction,3037.0
402-mbb-ilist-callback-traits-addnodetolist-n15-d16-r1.pbqp,llvm,heuristic,reconstruction,116.0
402-mbb-ilist-callback-traits-addnodetolist-n15-d16-r1.pbqp,llvm,heuristic,kernel,10935.0
402-mbb-ilist-callback-traits-addnodetolist-n15-d16-r1.pbqp,llvm,heuristic,metadata,298.0
402-mbb-ilist-callback-traits-addnodetolist-n15-d16-r1.pbqp,llvm,heuristic,search,123.0
402-mbb-ilist-callback-traits-addnodetolist-n15-d16-r1.pbqp,llvm,heuristic,clone,0.0
402-mbb-ilist-callback-traits-addnodetolist-n15-d16-r1.pbqp,llvm,heuristic,allocation,2381.0
402-mbb-ilist-callback-traits-addnodetolist-n15-d16-r1.pbqp,llvm,heuristic,conditioning,2689.0
402-mbb-ilist-callback-traits-addnodetolist-n15-d16-r1.pbqp,llvm,heuristic,r0,35.0
402-mbb-ilist-callback-traits-addnodetolist-n15-d16-r1.pbqp,llvm,heuristic,r1,268.0
402-mbb-ilist-callback-traits-addnodetolist-n15-d16-r1.pbqp,llvm,heuristic,r2,2964.0
402-mbb-ilist-callback-traits-addnodetolist-n15-d16-r1.pbqp,llvm,heuristic,lower_bound,2147.0
402-mbb-ilist-callback-traits-addnodetolist-n15-d16-r1.pbqp,llvm,heuristic,incumbent,80.0
402-mbb-ilist-callback-traits-addnodetolist-n15-d16-r1.pbqp,llvm,heuristic,seed,3314.0
403-mbb-ilist-callback-traits-removenodefrom-n4-d16.pbqp,llvm,none,other,453.0
403-mbb-ilist-callback-traits-removenodefrom-n4-d16.pbqp,llvm,none,topology,481.0
403-mbb-ilist-callback-traits-removenodefrom-n4-d16.pbqp,llvm,none,selection,239.0
403-mbb-ilist-callback-traits-removenodefrom-n4-d16.pbqp,llvm,none,reduction,0.0
403-mbb-ilist-callback-traits-removenodefrom-n4-d16.pbqp,llvm,none,reconstruction,31.0
403-mbb-ilist-callback-traits-removenodefrom-n4-d16.pbqp,llvm,none,kernel,2766.0
403-mbb-ilist-callback-traits-removenodefrom-n4-d16.pbqp,llvm,none,metadata,760.0
403-mbb-ilist-callback-traits-removenodefrom-n4-d16.pbqp,llvm,none,search,0.0
403-mbb-ilist-callback-traits-removenodefrom-n4-d16.pbqp,llvm,none,clone,0.0
403-mbb-ilist-callback-traits-removenodefrom-n4-d16.pbqp,llvm,none,allocation,309.0
403-mbb-ilist-callback-traits-removenodefrom-n4-d16.pbqp,llvm,none,conditioning,0.0
403-mbb-ilist-callback-traits-removenodefrom-n4-d16.pbqp,llvm,none,r0,30.0
403-mbb-ilist-callback-traits-removenodefrom-n4-d16.pbqp,llvm,none,r1,287.0
403-mbb-ilist-callback-traits-removenodefrom-n4-d16.pbqp,llvm,none,r2,2350.0
403-mbb-ilist-callback-traits-removenodefrom-n4-d16.pbqp,llvm,none,lower_bound,0.0
403-mbb-ilist-callback-traits-removenodefrom-n4-d16.pbqp,llvm,none,incumbent,0.0
403-mbb-ilist-callback-traits-removenodefrom-n4-d16.pbqp,llvm,none,seed,0.0
403-mbb-ilist-callback-traits-removenodefrom-n4-d16.pbqp,llvm,heuristic,other,488.0
403-mbb-ilist-callback-traits-removenodefrom-n4-d16.pbqp,llvm,heuristic,topology,761.0
403-mbb-ilist-callback-traits-removenodefrom-n4-d16.pbqp,llvm,heuristic,selection,465.0
403-mbb-ilist-callback-traits-removenodefrom-n4-d16.pbqp,llvm,heuristic,reduction,0.0
403-mbb-ilist-callback-traits-removenodefrom-n4-d16.pbqp,llvm,heuristic,reconstruction,63.0
403-mbb-ilist-callback-traits-removenodefrom-n4-d16.pbqp,llvm,heuristic,kernel,10392.0
403-mbb-ilist-callback-traits-removenodefrom-n4-d16.pbqp,llvm,heuristic,metadata,829.0
403-mbb-ilist-callback-traits-removenodefrom-n4-d16.pbqp,llvm,heuristic,search,0.0
403-mbb-ilist-callback-traits-removenodefrom-n4-d16.pbqp,llvm,heuristic,clone,0.0
403-mbb-ilist-callback-traits-removenodefrom-n4-d16.pbqp,llvm,heuristic,allocation,513.0
403-mbb-ilist-callback-traits-removenodefrom-n4-d16.pbqp,llvm,heuristic,conditioning,0.0
403-mbb-ilist-callback-traits-removenodefrom-n4-d16.pbqp,llvm,heuristic,r0,67.0
403-mbb-ilist-callback-traits-removenodefrom-n4-d16.pbqp,llvm,heuristic,r1,593.0
403-mbb-ilist-callback-traits-removenodefrom-n4-d16.pbqp,llvm,heuristic,r2,5152.0
403-mbb-ilist-callback-traits-removenodefrom-n4-d16.pbqp,llvm,heuristic,lower_bound,0.0
403-mbb-ilist-callback-traits-removenodefrom-n4-d16.pbqp,llvm,heuristic,incumbent,0.0
403-mbb-ilist-callback-traits-removenodefrom-n4-d16.pbqp,llvm,heuristic,seed,807.0
404-mbb-smallvectortemplatebase-growandpushb-n6-d16.pbqp,llvm,none,other,151.0
404-mbb-smallvectortemplatebase-growandpushb-n6-d16.pbqp,llvm,none,topology,9311.0
404-mbb-smallvectortemplatebase-growandpushb-n6-d16.pbqp,llvm,none,selection,5349.0
404-mbb-smallvectortemplatebase-growandpushb-n6-d16.pbqp,llvm,none,reduction,0.0
404-mbb-smallvectortemplatebase-growandpushb-n6-d16.pbqp,llvm,none,reconstruction,123.0
404-mbb-smallvectortemplatebase-growandpushb-n6-d16.pbqp,llvm,none,kernel,23516.0
404-mbb-smallvectortemplatebase-growandpushb-n6-d16.pbqp,llvm,none,metadata,7124.0
404-mbb-smallvectortemplatebase-growandpushb-n6-d16.pbqp,llvm,none,search,15943.0
404-mbb-smallvectortemplatebase-growandpushb-n6-d16.pbqp,llvm,none,clone,8413.0
404-mbb-smallvectortemplatebase-growandpushb-n6-d16.pbqp,llvm,none,allocation,8248.0
404-mbb-smallvectortemplatebase-growandpushb-n6-d16.pbqp,llvm,none,conditioning,5428.0
404-mbb-smallvectortemplatebase-growandpushb-n6-d16.pbqp,llvm,none,r0,339.0
404-mbb-smallvectortemplatebase-growandpushb-n6-d16.pbqp,llvm,none,r1,3994.0
404-mbb-smallvectortemplatebase-growandpushb-n6-d16.pbqp,llvm,none,r2,22754.0
404-mbb-smallvectortemplatebase-growandpushb-n6-d16.pbqp,llvm,none,lower_bound,5767.0
404-mbb-smallvectortemplatebase-growandpushb-n6-d16.pbqp,llvm,none,incumbent,1881.0
404-mbb-smallvectortemplatebase-growandpushb-n6-d16.pbqp,llvm,none,seed,0.0
404-mbb-smallvectortemplatebase-growandpushb-n6-d16.pbqp,llvm,heuristic,other,224.0
404-mbb-smallvectortemplatebase-growandpushb-n6-d16.pbqp,llvm,heuristic,topology,1370.0
404-mbb-smallvectortemplatebase-growandpushb-n6-d16.pbqp,llvm,heuristic,selection,1183.0
404-mbb-smallvectortemplatebase-growandpushb-n6-d16.pbqp,llvm,heuristic,reduction,709.0
404-mbb-smallvectortemplatebase-growandpushb-n6-d16.pbqp,llvm,heuristic,reconstruction,35.0
404-mbb-smallvectortemplatebase-growandpushb-n6-d16.pbqp,llvm,heuristic,kernel,5452.0
404-mbb-smallvectortemplatebase-growandpushb-n6-d16.pbqp,llvm,heuristic,metadata,0.0
404-mbb-smallvectortemplatebase-growandpushb-n6-d16.pbqp,llvm,heuristic,search,121.0
404-mbb-smallvectortemplatebase-growandpushb-n6-d16.pbqp,llvm,heuristic,clone,0.0
404-mbb-smallvectortemplatebase-growandpushb-n6-d16.pbqp,llvm,heuristic,allocation,922.0
404-mbb-smallvectortemplatebase-growandpushb-n6-d16.pbqp,llvm,heuristic,conditioning,482.0
404-mbb-smallvectortemplatebase-growandpushb-n6-d16.pbqp,llvm,heuristic,r0,25.0
404-mbb-smallvectortemplatebase-growandpushb-n6-d16.pbqp,llvm,heuristic,r1,296.0
404-mbb-smallvectortemplatebase-growandpushb-n6-d16.pbqp,llvm,heuristic,r2,1932.0
404-mbb-smallvectortemplatebase-growandpushb-n6-d16.pbqp,llvm,heuristic,lower_bound,774.0
404-mbb-smallvectortemplatebase-growandpushb-n6-d16.pbqp,llvm,heuristic,incumbent,66.0
404-mbb-smallvectortemplatebase-growandpushb-n6-d16.pbqp,llvm,heuristic,seed,1195.0
405-mbb-smallvectortemplatebase-growandpushb-n6-d16.pbqp,llvm,none,other,158.0
405-mbb-smallvectortemplatebase-growandpushb-n6-d16.pbqp,llvm,none,topology,9314.0
405-mbb-smallvectortemplatebase-growandpushb-n6-d16.pbqp,llvm,none,selection,5331.0
405-mbb-smallvectortemplatebase-growandpushb-n6-d16.pbqp,llvm,none,reduction,0.0
405-mbb-smallvectortemplatebase-growandpushb-n6-d16.pbqp,llvm,none,reconstruction,121.0
405-mbb-smallvectortemplatebase-growandpushb-n6-d16.pbqp,llvm,none,kernel,23700.0
405-mbb-smallvectortemplatebase-growandpushb-n6-d16.pbqp,llvm,none,metadata,7167.0
405-mbb-smallvectortemplatebase-growandpushb-n6-d16.pbqp,llvm,none,search,15867.0
405-mbb-smallvectortemplatebase-growandpushb-n6-d16.pbqp,llvm,none,clone,8493.0
405-mbb-smallvectortemplatebase-growandpushb-n6-d16.pbqp,llvm,none,allocation,8282.0
405-mbb-smallvectortemplatebase-growandpushb-n6-d16.pbqp,llvm,none,conditioning,5280.0
405-mbb-smallvectortemplatebase-growandpushb-n6-d16.pbqp,llvm,none,r0,347.0
405-mbb-smallvectortemplatebase-growandpushb-n6-d16.pbqp,llvm,none,r1,3779.0
405-mbb-smallvectortemplatebase-growandpushb-n6-d16.pbqp,llvm,none,r2,22880.0
405-mbb-smallvectortemplatebase-growandpushb-n6-d16.pbqp,llvm,none,lower_bound,5795.0
405-mbb-smallvectortemplatebase-growandpushb-n6-d16.pbqp,llvm,none,incumbent,1848.0
405-mbb-smallvectortemplatebase-growandpushb-n6-d16.pbqp,llvm,none,seed,0.0
405-mbb-smallvectortemplatebase-growandpushb-n6-d16.pbqp,llvm,heuristic,other,223.0
405-mbb-smallvectortemplatebase-growandpushb-n6-d16.pbqp,llvm,heuristic,topology,1380.0
405-mbb-smallvectortemplatebase-growandpushb-n6-d16.pbqp,llvm,heuristic,selection,1221.0
405-mbb-smallvectortemplatebase-growandpushb-n6-d16.pbqp,llvm,heuristic,reduction,613.0
405-mbb-smallvectortemplatebase-growandpushb-n6-d16.pbqp,llvm,heuristic,reconstruction,34.0
405-mbb-smallvectortemplatebase-growandpushb-n6-d16.pbqp,llvm,heuristic,kernel,5624.0
405-mbb-smallvectortemplatebase-growandpushb-n6-d16.pbqp,llvm,heuristic,metadata,0.0
405-mbb-smallvectortemplatebase-growandpushb-n6-d16.pbqp,llvm,heuristic,search,135.0
405-mbb-smallvectortemplatebase-growandpushb-n6-d16.pbqp,llvm,heuristic,clone,0.0
405-mbb-smallvectortemplatebase-growandpushb-n6-d16.pbqp,llvm,heuristic,allocation,890.0
405-mbb-smallvectortemplatebase-growandpushb-n6-d16.pbqp,llvm,heuristic,conditioning,458.0
405-mbb-smallvectortemplatebase-growandpushb-n6-d16.pbqp,llvm,heuristic,r0,37.0
405-mbb-smallvectortemplatebase-growandpushb-n6-d16.pbqp,llvm,heuristic,r1,303.0
405-mbb-smallvectortemplatebase-growandpushb-n6-d16.pbqp,llvm,heuristic,r2,1901.0
405-mbb-smallvectortemplatebase-growandpushb-n6-d16.pbqp,llvm,heuristic,lower_bound,791.0
405-mbb-smallvectortemplatebase-growandpushb-n6-d16.pbqp,llvm,heuristic,incumbent,66.0
405-mbb-smallvectortemplatebase-growandpushb-n6-d16.pbqp,llvm,heuristic,seed,1282.0
406-mbb-smallvectortemplatebase-growandpushb-n6-d16.pbqp,llvm,none,other,148.0
406-mbb-smallvectortemplatebase-growandpushb-n6-d16.pbqp,llvm,none,topology,9276.0
406-mbb-smallvectortemplatebase-growandpushb-n6-d16.pbqp,llvm,none,selection,5376.0
406-mbb-smallvectortemplatebase-growandpushb-n6-d16.pbqp,llvm,none,reduction,0.0
406-mbb-smallvectortemplatebase-growandpushb-n6-d16.pbqp,llvm,none,reconstruction,123.0
406-mbb-smallvectortemplatebase-growandpushb-n6-d16.pbqp,llvm,none,kernel,23209.0
406-mbb-smallvectortemplatebase-growandpushb-n6-d16.pbqp,llvm,none,metadata,7062.0
406-mbb-smallvectortemplatebase-growandpushb-n6-d16.pbqp,llvm,none,search,15878.0
406-mbb-smallvectortemplatebase-growandpushb-n6-d16.pbqp,llvm,none,clone,8528.0
406-mbb-smallvectortemplatebase-growandpushb-n6-d16.pbqp,llvm,none,allocation,8125.0
406-mbb-smallvectortemplatebase-growandpushb-n6-d16.pbqp,llvm,none,conditioning,5294.0
406-mbb-smallvectortemplatebase-growandpushb-n6-d16.pbqp,llvm,none,r0,341.0
406-mbb-smallvectortemplatebase-growandpushb-n6-d16.pbqp,llvm,none,r1,3840.0
406-mbb-smallvectortemplatebase-growandpushb-n6-d16.pbqp,llvm,none,r2,22314.0
406-mbb-smallvectortemplatebase-growandpushb-n6-d16.pbqp,llvm,none,lower_bound,5766.0
406-mbb-smallvectortemplatebase-growandpushb-n6-d16.pbqp,llvm,none,incumbent,1844.0
406-mbb-smallvectortemplatebase-growandpushb-n6-d16.pbqp,llvm,none,seed,0.0
406-mbb-smallvectortemplatebase-growandpushb-n6-d16.pbqp,llvm,heuristic,other,225.0
406-mbb-smallvectortemplatebase-growandpushb-n6-d16.pbqp,llvm,heuristic,topology,1372.0
406-mbb-smallvectortemplatebase-growandpushb-n6-d16.pbqp,llvm,heuristic,selection,1177.0
406-mbb-smallvectortemplatebase-growandpushb-n6-d16.pbqp,llvm,heuristic,reduction,628.0
406-mbb-smallvectortemplatebase-growandpushb-n6-d16.pbqp,llvm,heuristic,reconstruction,31.0
406-mbb-smallvectortemplatebase-growandpushb-n6-d16.pbqp,llvm,heuristic,kernel,5087.0
406-mbb-smallvectortemplatebase-growandpushb-n6-d16.pbqp,llvm,heuristic,metadata,0.0
406-mbb-smallvectortemplatebase-growandpushb-n6-d16.pbqp,llvm,heuristic,search,117.0
406-mbb-smallvectortemplatebase-growandpushb-n6-d16.pbqp,llvm,heuristic,clone,0.0
406-mbb-smallvectortemplatebase-growandpushb-n6-d16.pbqp,llvm,heuristic,allocation,801.0
406-mbb-smallvectortemplatebase-growandpushb-n6-d16.pbqp,llvm,heuristic,conditioning,454.0
406-mbb-smallvectortemplatebase-growandpushb-n6-d16.pbqp,llvm,heuristic,r0,25.0
406-mbb-smallvectortemplatebase-growandpushb-n6-d16.pbqp,llvm,heuristic,r1,281.0
406-mbb-smallvectortemplatebase-growandpushb-n6-d16.pbqp,llvm,heuristic,r2,1837.0
406-mbb-smallvectortemplatebase-growandpushb-n6-d16.pbqp,llvm,heuristic,lower_bound,736.0
406-mbb-smallvectortemplatebase-growandpushb-n6-d16.pbqp,llvm,heuristic,incumbent,65.0
406-mbb-smallvectortemplatebase-growandpushb-n6-d16.pbqp,llvm,heuristic,seed,1143.0
407-mbb-smallvectortemplatebase-growandpushb-n6-d16.pbqp,llvm,none,other,172.0
407-mbb-smallvectortemplatebase-growandpushb-n6-d16.pbqp,llvm,none,topology,9279.0
407-mbb-smallvectortemplatebase-growandpushb-n6-d16.pbqp,llvm,none,selection,5374.0
407-mbb-smallvectortemplatebase-growandpushb-n6-d16.pbqp,llvm,none,reduction,0.0
407-mbb-smallvectortemplatebase-growandpushb-n6-d16.pbqp,llvm,none,reconstruction,126.0
407-mbb-smallvectortemplatebase-growandpushb-n6-d16.pbqp,llvm,none,kernel,23831.0
407-mbb-smallvectortemplatebase-growandpushb-n6-d16.pbqp,llvm,none,metadata,7420.0
407-mbb-smallvectortemplatebase-growandpushb-n6-d16.pbqp,llvm,none,search,16070.0
407-mbb-smallvectortemplatebase-growandpushb-n6-d16.pbqp,llvm,none,clone,8602.0
407-mbb-smallvectortemplatebase-growandpushb-n6-d16.pbqp,llvm,none,allocation,8501.0
407-mbb-smallvectortemplatebase-growandpushb-n6-d16.pbqp,llvm,none,conditioning,5367.0
407-mbb-smallvectortemplatebase-growandpushb-n6-d16.pbqp,llvm,none,r0,350.0
407-mbb-smallvectortemplatebase-growandpushb-n6-d16.pbqp,llvm,none,r1,3790.0
407-mbb-smallvectortemplatebase-growandpushb-n6-d16.pbqp,llvm,none,r2,23162.0
407-mbb-smallvectortemplatebase-growandpushb-n6-d16.pbqp,llvm,none,lower_bound,5708.0
407-mbb-smallvectortemplatebase-growandpushb-n6-d16.pbqp,llvm,none,incumbent,1896.0
407-mbb-smallvectortemplatebase-growandpushb-n6-d16.pbqp,llvm,none,seed,0.0
407-mbb-smallvectortemplatebase-growandpushb-n6-d16.pbqp,llvm,heuristic,other,248.0
407-mbb-smallvectortemplatebase-growandpushb-n6-d16.pbqp,llvm,heuristic,topology,1426.0
407-mbb-smallvectortemplatebase-growandpushb-n6-d16.pbqp,llvm,heuristic,selection,1212.0
407-mbb-smallvectortemplatebase-growandpushb-n6-d16.pbqp,llvm,heuristic,reduction,647.0
407-mbb-smallvectortemplatebase-growandpushb-n6-d16.pbqp,llvm,heuristic,reconstruction,73.0
407-mbb-smallvectortemplatebase-growandpushb-n6-d16.pbqp,llvm,heuristic,kernel,5432.0
407-mbb-smallvectortemplatebase-growandpushb-n6-d16.pbqp,llvm,heuristic,metadata,0.0
407-mbb-smallvectortemplatebase-growandpushb-n6-d16.pbqp,llvm,heuristic,search,121.0
407-mbb-smallvectortemplatebase-growandpushb-n6-d16.pbqp,llvm,heuristic,clone,0.0
407-mbb-smallvectortemplatebase-growandpushb-n6-d16.pbqp,llvm,heuristic,allocation,859.0
407-mbb-smallvectortemplatebase-growandpushb-n6-d16.pbqp,llvm,heuristic,conditioning,447.0
407-mbb-smallvectortemplatebase-growandpushb-n6-d16.pbqp,llvm,heuristic,r0,43.0
407-mbb-smallvectortemplatebase-growandpushb-n6-d16.pbqp,llvm,heuristic,r1,291.0
407-mbb-smallvectortemplatebase-growandpushb-n6-d16.pbqp,llvm,heuristic,r2,1794.0
407-mbb-smallvectortemplatebase-growandpushb-n6-d16.pbqp,llvm,heuristic,lower_bound,781.0
407-mbb-smallvectortemplatebase-growandpushb-n6-d16.pbqp,llvm,heuristic,incumbent,68.0
407-mbb-smallvectortemplatebase-growandpushb-n6-d16.pbqp,llvm,heuristic,seed,1184.0
408-mbb-smallvectortemplatebase-growandpushb-n7-d16.pbqp,llvm,none,other,208.0
408-mbb-smallvectortemplatebase-growandpushb-n7-d16.pbqp,llvm,none,topology,32960.0
408-mbb-smallvectortemplatebase-growandpushb-n7-d16.pbqp,llvm,none,selection,18156.0
408-mbb-smallvectortemplatebase-growandpushb-n7-d16.pbqp,llvm,none,reduction,0.0
408-mbb-smallvectortemplatebase-growandpushb-n7-d16.pbqp,llvm,none,reconstruction,330.0
408-mbb-smallvectortemplatebase-growandpushb-n7-d16.pbqp,llvm,none,kernel,64874.0
408-mbb-smallvectortemplatebase-growandpushb-n7-d16.pbqp,llvm,none,metadata,20091.0
408-mbb-smallvectortemplatebase-growandpushb-n7-d16.pbqp,llvm,none,search,61447.0
408-mbb-smallvectortemplatebase-growandpushb-n7-d16.pbqp,llvm,none,clone,56386.0
408-mbb-smallvectortemplatebase-growandpushb-n7-d16.pbqp,llvm,none,allocation,29842.0
408-mbb-smallvectortemplatebase-growandpushb-n7-d16.pbqp,llvm,none,conditioning,24096.0
408-mbb-smallvectortemplatebase-growandpushb-n7-d16.pbqp,llvm,none,r0,1247.0
408-mbb-smallvectortemplatebase-growandpushb-n7-d16.pbqp,llvm,none,r1,13236.0
408-mbb-smallvectortemplatebase-growandpushb-n7-d16.pbqp,llvm,none,r2,56404.0
408-mbb-smallvectortemplatebase-growandpushb-n7-d16.pbqp,llvm,none,lower_bound,39798.0
408-mbb-smallvectortemplatebase-growandpushb-n7-d16.pbqp,llvm,none,incumbent,8049.0
408-mbb-smallvectortemplatebase-growandpushb-n7-d16.pbqp,llvm,none,seed,0.0
408-mbb-smallvectortemplatebase-growandpushb-n7-d16.pbqp,llvm,heuristic,other,270.0
408-mbb-smallvectortemplatebase-growandpushb-n7-d16.pbqp,llvm,heuristic,topology,1970.0
408-mbb-smallvectortemplatebase-growandpushb-n7-d16.pbqp,llvm,heuristic,selection,1875.0
408-mbb-smallvectortemplatebase-growandpushb-n7-d16.pbqp,llvm,heuristic,reduction,1337.0
408-mbb-smallvectortemplatebase-growandpushb-n7-d16.pbqp,llvm,heuristic,reconstruction,33.0
408-mbb-smallvectortemplatebase-growandpushb-n7-d16.pbqp,llvm,heuristic,kernel,5839.0
408-mbb-smallvectortemplatebase-growandpushb-n7-d16.pbqp,llvm,heuristic,metadata,0.0
408-mbb-smallvectortemplatebase-growandpushb-n7-d16.pbqp,llvm,heuristic,search,121.0
408-mbb-smallvectortemplatebase-growandpushb-n7-d16.pbqp,llvm,heuristic,clone,0.0
408-mbb-smallvectortemplatebase-growandpushb-n7-d16.pbqp,llvm,heuristic,allocation,1077.0
408-mbb-smallvectortemplatebase-growandpushb-n7-d16.pbqp,llvm,heuristic,conditioning,1113.0
408-mbb-smallvectortemplatebase-growandpushb-n7-d16.pbqp,llvm,heuristic,r0,26.0
408-mbb-smallvectortemplatebase-growandpushb-n7-d16.pbqp,llvm,heuristic,r1,330.0
408-mbb-smallvectortemplatebase-growandpushb-n7-d16.pbqp,llvm,heuristic,r2,1351.0
408-mbb-smallvectortemplatebase-growandpushb-n7-d16.pbqp,llvm,heuristic,lower_bound,1081.0
408-mbb-smallvectortemplatebase-growandpushb-n7-d16.pbqp,llvm,heuristic,incumbent,76.0
408-mbb-smallvectortemplatebase-growandpushb-n7-d16.pbqp,llvm,heuristic,seed,1494.0
409-mbb-smallvectortemplatebase-growandpushb-n7-d16.pbqp,llvm,none,other,227.0
409-mbb-smallvectortemplatebase-growandpushb-n7-d16.pbqp,llvm,none,topology,32759.0
409-mbb-smallvectortemplatebase-growandpushb-n7-d16.pbqp,llvm,none,selection,18156.0
409-mbb-smallvectortemplatebase-growandpushb-n7-d16.pbqp,llvm,none,reduction,0.0
409-mbb-smallvectortemplatebase-growandpushb-n7-d16.pbqp,llvm,none,reconstruction,323.0
409-mbb-smallvectortemplatebase-growandpushb-n7-d16.pbqp,llvm,none,kernel,65446.0
409-mbb-smallvectortemplatebase-growandpushb-n7-d16.pbqp,llvm,none,metadata,19684.0
409-mbb-smallvectortemplatebase-growandpushb-n7-d16.pbqp,llvm,none,search,61655.0
409-mbb-smallvectortemplatebase-growandpushb-n7-d16.pbqp,llvm,none,clone,57634.0
409-mbb-smallvectortemplatebase-growandpushb-n7-d16.pbqp,llvm,none,allocation,29260.0
409-mbb-smallvectortemplatebase-growandpushb-n7-d16.pbqp,llvm,none,conditioning,25058.0
409-mbb-smallvectortemplatebase-growandpushb-n7-d16.pbqp,llvm,none,r0,1230.0
409-mbb-smallvectortemplatebase-growandpushb-n7-d16.pbqp,llvm,none,r1,13313.0
409-mbb-smallvectortemplatebase-growandpushb-n7-d16.pbqp,llvm,none,r2,57437.0
409-mbb-smallvectortemplatebase-growandpushb-n7-d16.pbqp,llvm,none,lower_bound,39418.0
409-mbb-smallvectortemplatebase-growandpushb-n7-d16.pbqp,llvm,none,incumbent,7986.0
409-mbb-smallvectortemplatebase-growandpushb-n7-d16.pbqp,llvm,none,seed,0.0
409-mbb-smallvectortemplatebase-growandpushb-n7-d16.pbqp,llvm,heuristic,other,247.0
409-mbb-smallvectortemplatebase-growandpushb-n7-d16.pbqp,llvm,heuristic,topology,1945.0
409-mbb-smallvectortemplatebase-growandpushb-n7-d16.pbqp,llvm,heuristic,selection,1901.0
409-mbb-smallvectortemplatebase-growandpushb-n7-d16.pbqp,llvm,heuristic,reduction,1263.0
409-mbb-smallvectortemplatebase-growandpushb-n7-d16.pbqp,llvm,heuristic,reconstruction,59.0
409-mbb-smallvectortemplatebase-growandpushb-n7-d16.pbqp,llvm,heuristic,kernel,5838.0
409-mbb-smallvectortemplatebase-growandpushb-n7-d16.pbqp,llvm,heuristic,metadata,0.0
409-mbb-smallvectortemplatebase-growandpushb-n7-d16.pbqp,llvm,heuristic,search,122.0
409-mbb-smallvectortemplatebase-growandpushb-n7-d16.pbqp,llvm,heuristic,clone,0.0
409-mbb-smallvectortemplatebase-growandpushb-n7-d16.pbqp,llvm,heuristic,allocation,1226.0
409-mbb-smallvectortemplatebase-growandpushb-n7-d16.pbqp,llvm,heuristic,conditioning,1107.0
409-mbb-smallvectortemplatebase-growandpushb-n7-d16.pbqp,llvm,heuristic,r0,47.0
409-mbb-smallvectortemplatebase-growandpushb-n7-d16.pbqp,llvm,heuristic,r1,279.0
409-mbb-smallvectortemplatebase-growandpushb-n7-d16.pbqp,llvm,heuristic,r2,1358.0
409-mbb-smallvectortemplatebase-growandpushb-n7-d16.pbqp,llvm,heuristic,lower_bound,1079.0
409-mbb-smallvectortemplatebase-growandpushb-n7-d16.pbqp,llvm,heuristic,incumbent,67.0
409-mbb-smallvectortemplatebase-growandpushb-n7-d16.pbqp,llvm,heuristic,seed,1524.0
410-mbb-smallvectortemplatebase-growandpushb-n7-d16.pbqp,llvm,none,other,238.0
410-mbb-smallvectortemplatebase-growandpushb-n7-d16.pbqp,llvm,none,topology,33018.0
410-mbb-smallvectortemplatebase-growandpushb-n7-d16.pbqp,llvm,none,selection,18211.0
410-mbb-smallvectortemplatebase-growandpushb-n7-d16.pbqp,llvm,none,reduction,0.0
410-mbb-smallvectortemplatebase-growandpushb-n7-d16.pbqp,llvm,none,reconstruction,323.0
410-mbb-smallvectortemplatebase-growandpushb-n7-d16.pbqp,llvm,none,kernel,68127.0
410-mbb-smallvectortemplatebase-growandpushb-n7-d16.pbqp,llvm,none,metadata,19906.0
410-mbb-smallvectortemplatebase-growandpushb-n7-d16.pbqp,llvm,none,search,62033.0
410-mbb-smallvectortemplatebase-growandpushb-n7-d16.pbqp,llvm,none,clone,57802.0
410-mbb-smallvectortemplatebase-growandpushb-n7-d16.pbqp,llvm,none,allocation,29188.0
410-mbb-smallvectortemplatebase-growandpushb-n7-d16.pbqp,llvm,none,conditioning,24238.0
410-mbb-smallvectortemplatebase-growandpushb-n7-d16.pbqp,llvm,none,r0,1276.0
410-mbb-smallvectortemplatebase-growandpushb-n7-d16.pbqp,llvm,none,r1,13690.0
410-mbb-smallvectortemplatebase-growandpushb-n7-d16.pbqp,llvm,none,r2,58611.0
410-mbb-smallvectortemplatebase-growandpushb-n7-d16.pbqp,llvm,none,lower_bound,39745.0
410-mbb-smallvectortemplatebase-growandpushb-n7-d16.pbqp,llvm,none,incumbent,7984.0
410-mbb-smallvectortemplatebase-growandpushb-n7-d16.pbqp,llvm,none,seed,0.0
410-mbb-smallvectortemplatebase-growandpushb-n7-d16.pbqp,llvm,heuristic,other,254.0
410-mbb-smallvectortemplatebase-growandpushb-n7-d16.pbqp,llvm,heuristic,topology,1918.0
410-mbb-smallvectortemplatebase-growandpushb-n7-d16.pbqp,llvm,heuristic,selection,1862.0
410-mbb-smallvectortemplatebase-growandpushb-n7-d16.pbqp,llvm,heuristic,reduction,1268.0
410-mbb-smallvectortemplatebase-growandpushb-n7-d16.pbqp,llvm,heuristic,reconstruction,34.0
410-mbb-smallvectortemplatebase-growandpushb-n7-d16.pbqp,llvm,heuristic,kernel,5862.0
410-mbb-smallvectortemplatebase-growandpushb-n7-d16.pbqp,llvm,heuristic,metadata,0.0
410-mbb-smallvectortemplatebase-growandpushb-n7-d16.pbqp,llvm,heuristic,search,121.0
410-mbb-smallvectortemplatebase-growandpushb-n7-d16.pbqp,llvm,heuristic,clone,0.0
410-mbb-smallvectortemplatebase-growandpushb-n7-d16.pbqp,llvm,heuristic,allocation,1200.0
410-mbb-smallvectortemplatebase-growandpushb-n7-d16.pbqp,llvm,heuristic,conditioning,1022.0
410-mbb-smallvectortemplatebase-growandpushb-n7-d16.pbqp,llvm,heuristic,r0,25.0
410-mbb-smallvectortemplatebase-growandpushb-n7-d16.pbqp,llvm,heuristic,r1,295.0
410-mbb-smallvectortemplatebase-growandpushb-n7-d16.pbqp,llvm,heuristic,r2,1213.0
410-mbb-smallvectortemplatebase-growandpushb-n7-d16.pbqp,llvm,heuristic,lower_bound,1098.0
410-mbb-smallvectortemplatebase-growandpushb-n7-d16.pbqp,llvm,heuristic,incumbent,68.0
410-mbb-smallvectortemplatebase-growandpushb-n7-d16.pbqp,llvm,heuristic,seed,1475.0
411-mbb-opt-opt-n7-d16.pbqp,llvm,none,other,647.0
411-mbb-opt-opt-n7-d16.pbqp,llvm,none,topology,618.0
411-mbb-opt-opt-n7-d16.pbqp,llvm,none,selection,367.0
411-mbb-opt-opt-n7-d16.pbqp,llvm,none,reduction,0.0
411-mbb-opt-opt-n7-d16.pbqp,llvm,none,reconstruction,71.0
411-mbb-opt-opt-n7-d16.pbqp,llvm,none,kernel,1161.0
411-mbb-opt-opt-n7-d16.pbqp,llvm,none,metadata,930.0
411-mbb-opt-opt-n7-d16.pbqp,llvm,none,search,0.0
411-mbb-opt-opt-n7-d16.pbqp,llvm,none,clone,0.0
411-mbb-opt-opt-n7-d16.pbqp,llvm,none,allocation,556.0
411-mbb-opt-opt-n7-d16.pbqp,llvm,none,conditioning,0.0
411-mbb-opt-opt-n7-d16.pbqp,llvm,none,r0,23.0
411-mbb-opt-opt-n7-d16.pbqp,llvm,none,r1,1063.0
411-mbb-opt-opt-n7-d16.pbqp,llvm,none,r2,664.0
411-mbb-opt-opt-n7-d16.pbqp,llvm,none,lower_bound,0.0
411-mbb-opt-opt-n7-d16.pbqp,llvm,none,incumbent,0.0
411-mbb-opt-opt-n7-d16.pbqp,llvm,none,seed,0.0
411-mbb-opt-opt-n7-d16.pbqp,llvm,heuristic,other,714.0
411-mbb-opt-opt-n7-d16.pbqp,llvm,heuristic,topology,946.0
411-mbb-opt-opt-n7-d16.pbqp,llvm,heuristic,selection,721.0
411-mbb-opt-opt-n7-d16.pbqp,llvm,heuristic,reduction,0.0
411-mbb-opt-opt-n7-d16.pbqp,llvm,heuristic,reconstruction,80.0
411-mbb-opt-opt-n7-d16.pbqp,llvm,heuristic,kernel,3511.0
411-mbb-opt-opt-n7-d16.pbqp,llvm,heuristic,metadata,994.0
411-mbb-opt-opt-n7-d16.pbqp,llvm,heuristic,search,0.0
411-mbb-opt-opt-n7-d16.pbqp,llvm,heuristic,clone,0.0
411-mbb-opt-opt-n7-d16.pbqp,llvm,heuristic,allocation,1035.0
411-mbb-opt-opt-n7-d16.pbqp,llvm,heuristic,conditioning,0.0
411-mbb-opt-opt-n7-d16.pbqp,llvm,heuristic,r0,48.0
411-mbb-opt-opt-n7-d16.pbqp,llvm,heuristic,r1,2132.0
411-mbb-opt-opt-n7-d16.pbqp,llvm,heuristic,r2,1408.0
411-mbb-opt-opt-n7-d16.pbqp,llvm,heuristic,lower_bound,0.0
411-mbb-opt-opt-n7-d16.pbqp,llvm,heuristic,incumbent,0.0
411-mbb-opt-opt-n7-d16.pbqp,llvm,heuristic,seed,1113.0
412-mbb-llvm-buildmi-n19-d17.pbqp,llvm,heuristic,other,534.0
412-mbb-llvm-buildmi-n19-d17.pbqp,llvm,heuristic,topology,9895.0
412-mbb-llvm-buildmi-n19-d17.pbqp,llvm,heuristic,selection,10284.0
412-mbb-llvm-buildmi-n19-d17.pbqp,llvm,heuristic,reduction,5122.0
412-mbb-llvm-buildmi-n19-d17.pbqp,llvm,heuristic,reconstruction,121.0
412-mbb-llvm-buildmi-n19-d17.pbqp,llvm,heuristic,kernel,16125.0
412-mbb-llvm-buildmi-n19-d17.pbqp,llvm,heuristic,metadata,161.0
412-mbb-llvm-buildmi-n19-d17.pbqp,llvm,heuristic,search,128.0
412-mbb-llvm-buildmi-n19-d17.pbqp,llvm,heuristic,clone,0.0
412-mbb-llvm-buildmi-n19-d17.pbqp,llvm,heuristic,allocation,3083.0
412-mbb-llvm-buildmi-n19-d17.pbqp,llvm,heuristic,conditioning,4817.0
412-mbb-llvm-buildmi-n19-d17.pbqp,llvm,heuristic,r0,74.0
412-mbb-llvm-buildmi-n19-d17.pbqp,llvm,heuristic,r1,308.0
412-mbb-llvm-buildmi-n19-d17.pbqp,llvm,heuristic,r2,2332.0
412-mbb-llvm-buildmi-n19-d17.pbqp,llvm,heuristic,lower_bound,3467.0
412-mbb-llvm-buildmi-n19-d17.pbqp,llvm,heuristic,incumbent,67.0
412-mbb-llvm-buildmi-n19-d17.pbqp,llvm,heuristic,seed,5583.0
414-mbb-smallset-insertimpl-n37-d16-r1.pbqp,llvm,heuristic,other,974.0
414-mbb-smallset-insertimpl-n37-d16-r1.pbqp,llvm,heuristic,topology,30939.0
414-mbb-smallset-insertimpl-n37-d16-r1.pbqp,llvm,heuristic,selection,32850.0
414-mbb-smallset-insertimpl-n37-d16-r1.pbqp,llvm,heuristic,reduction,11839.0
414-mbb-smallset-insertimpl-n37-d16-r1.pbqp,llvm,heuristic,reconstruction,133.0
414-mbb-smallset-insertimpl-n37-d16-r1.pbqp,llvm,heuristic,kernel,36060.0
414-mbb-smallset-insertimpl-n37-d16-r1.pbqp,llvm,heuristic,metadata,1237.0
414-mbb-smallset-insertimpl-n37-d16-r1.pbqp,llvm,heuristic,search,143.0
414-mbb-smallset-insertimpl-n37-d16-r1.pbqp,llvm,heuristic,clone,0.0
414-mbb-smallset-insertimpl-n37-d16-r1.pbqp,llvm,heuristic,allocation,6622.0
414-mbb-smallset-insertimpl-n37-d16-r1.pbqp,llvm,heuristic,conditioning,10410.0
414-mbb-smallset-insertimpl-n37-d16-r1.pbqp,llvm,heuristic,r0,35.0
414-mbb-smallset-insertimpl-n37-d16-r1.pbqp,llvm,heuristic,r1,1698.0
414-mbb-smallset-insertimpl-n37-d16-r1.pbqp,llvm,heuristic,r2,5205.0
414-mbb-smallset-insertimpl-n37-d16-r1.pbqp,llvm,heuristic,lower_bound,7002.0
414-mbb-smallset-insertimpl-n37-d16-r1.pbqp,llvm,heuristic,incumbent,85.0
414-mbb-smallset-insertimpl-n37-d16-r1.pbqp,llvm,heuristic,seed,9952.0
415-mbb-setvector-insert-n20-d16.pbqp,llvm,heuristic,other,722.0
415-mbb-setvector-insert-n20-d16.pbqp,llvm,heuristic,topology,12280.0
415-mbb-setvector-insert-n20-d16.pbqp,llvm,heuristic,selection,11203.0
415-mbb-setvector-insert-n20-d16.pbqp,llvm,heuristic,reduction,6411.0
415-mbb-setvector-insert-n20-d16.pbqp,llvm,heuristic,reconstruction,178.0
415-mbb-setvector-insert-n20-d16.pbqp,llvm,heuristic,kernel,34279.0
415-mbb-setvector-insert-n20-d16.pbqp,llvm,heuristic,metadata,481.0
415-mbb-setvector-insert-n20-d16.pbqp,llvm,heuristic,search,194.0
415-mbb-setvector-insert-n20-d16.pbqp,llvm,heuristic,clone,0.0
415-mbb-setvector-insert-n20-d16.pbqp,llvm,heuristic,allocation,5346.0
415-mbb-setvector-insert-n20-d16.pbqp,llvm,heuristic,conditioning,5558.0
415-mbb-setvector-insert-n20-d16.pbqp,llvm,heuristic,r0,88.0
415-mbb-setvector-insert-n20-d16.pbqp,llvm,heuristic,r1,831.0
415-mbb-setvector-insert-n20-d16.pbqp,llvm,heuristic,r2,4322.0
415-mbb-setvector-insert-n20-d16.pbqp,llvm,heuristic,lower_bound,5992.0
415-mbb-setvector-insert-n20-d16.pbqp,llvm,heuristic,incumbent,110.0
415-mbb-setvector-insert-n20-d16.pbqp,llvm,heuristic,seed,6805.0
416-mbb-setvector-remove-n37-d16.pbqp,llvm,heuristic,other,765.0
416-mbb-setvector-remove-n37-d16.pbqp,llvm,heuristic,topology,32138.0
416-mbb-setvector-remove-n37-d16.pbqp,llvm,heuristic,selection,34783.0
416-mbb-setvector-remove-n37-d16.pbqp,llvm,heuristic,reduction,15663.0
416-mbb-setvector-remove-n37-d16.pbqp,llvm,heuristic,reconstruction,166.0
416-mbb-setvector-remove-n37-d16.pbqp,llvm,heuristic,kernel,56624.0
416-mbb-setvector-remove-n37-d16.pbqp,llvm,heuristic,metadata,0.0
416-mbb-setvector-remove-n37-d16.pbqp,llvm,heuristic,search,151.0
416-mbb-setvector-remove-n37-d16.pbqp,llvm,heuristic,clone,0.0
416-mbb-setvector-remove-n37-d16.pbqp,llvm,heuristic,allocation,6572.0
416-mbb-setvector-remove-n37-d16.pbqp,llvm,heuristic,conditioning,14840.0
416-mbb-setvector-remove-n37-d16.pbqp,llvm,heuristic,r0,48.0
416-mbb-setvector-remove-n37-d16.pbqp,llvm,heuristic,r1,344.0
416-mbb-setvector-remove-n37-d16.pbqp,llvm,heuristic,r2,2523.0
416-mbb-setvector-remove-n37-d16.pbqp,llvm,heuristic,lower_bound,14914.0
416-mbb-setvector-remove-n37-d16.pbqp,llvm,heuristic,incumbent,91.0
416-mbb-setvector-remove-n37-d16.pbqp,llvm,heuristic,seed,12010.0
417-mbb-llvm-operator-n2-d15.pbqp,llvm,none,other,291.0
417-mbb-llvm-operator-n2-d15.pbqp,llvm,none,topology,126.0
417-mbb-llvm-operator-n2-d15.pbqp,llvm,none,selection,102.0
417-mbb-llvm-operator-n2-d15.pbqp,llvm,none,reduction,0.0
417-mbb-llvm-operator-n2-d15.pbqp,llvm,none,reconstruction,35.0
417-mbb-llvm-operator-n2-d15.pbqp,llvm,none,kernel,139.0
417-mbb-llvm-operator-n2-d15.pbqp,llvm,none,metadata,186.0
417-mbb-llvm-operator-n2-d15.pbqp,llvm,none,search,0.0
417-mbb-llvm-operator-n2-d15.pbqp,llvm,none,clone,0.0
417-mbb-llvm-operator-n2-d15.pbqp,llvm,none,allocation,95.0
417-mbb-llvm-operator-n2-d15.pbqp,llvm,none,conditioning,0.0
417-mbb-llvm-operator-n2-d15.pbqp,llvm,none,r0,25.0
417-mbb-llvm-operator-n2-d15.pbqp,llvm,none,r1,309.0
417-mbb-llvm-operator-n2-d15.pbqp,llvm,none,r2,0.0
417-mbb-llvm-operator-n2-d15.pbqp,llvm,none,lower_bound,0.0
417-mbb-llvm-operator-n2-d15.pbqp,llvm,none,incumbent,0.0
417-mbb-llvm-operator-n2-d15.pbqp,llvm,none,seed,0.0
417-mbb-llvm-operator-n2-d15.pbqp,llvm,heuristic,other,310.0
417-mbb-llvm-operator-n2-d15.pbqp,llvm,heuristic,topology,232.0
417-mbb-llvm-operator-n2-d15.pbqp,llvm,heuristic,selection,221.0
417-mbb-llvm-operator-n2-d15.pbqp,llvm,heuristic,reduction,0.0
417-mbb-llvm-operator-n2-d15.pbqp,llvm,heuristic,reconstruction,49.0
417-mbb-llvm-operator-n2-d15.pbqp,llvm,heuristic,kernel,348.0
417-mbb-llvm-operator-n2-d15.pbqp,llvm,heuristic,metadata,201.0
417-mbb-llvm-operator-n2-d15.pbqp,llvm,heuristic,search,0.0
417-mbb-llvm-operator-n2-d15.pbqp,llvm,heuristic,clone,0.0
417-mbb-llvm-operator-n2-d15.pbqp,llvm,heuristic,allocation,212.0
417-mbb-llvm-operator-n2-d15.pbqp,llvm,heuristic,conditioning,0.0
417-mbb-llvm-operator-n2-d15.pbqp,llvm,heuristic,r0,49.0
417-mbb-llvm-operator-n2-d15.pbqp,llvm,heuristic,r1,571.0
417-mbb-llvm-operator-n2-d15.pbqp,llvm,heuristic,r2,0.0
417-mbb-llvm-operator-n2-d15.pbqp,llvm,heuristic,lower_bound,0.0
417-mbb-llvm-operator-n2-d15.pbqp,llvm,heuristic,incumbent,0.0
417-mbb-llvm-operator-n2-d15.pbqp,llvm,heuristic,seed,492.0
420-mbb-slotindexes-getinstructionindex-n20-d16.pbqp,llvm,heuristic,other,538.0
420-mbb-slotindexes-getinstructionindex-n20-d16.pbqp,llvm,heuristic,topology,11988.0
420-mbb-slotindexes-getinstructionindex-n20-d16.pbqp,llvm,heuristic,selection,12964.0
420-mbb-slotindexes-getinstructionindex-n20-d16.pbqp,llvm,heuristic,reduction,7071.0
420-mbb-slotindexes-getinstructionindex-n20-d16.pbqp,llvm,heuristic,reconstruction,121.0
420-mbb-slotindexes-getinstructionindex-n20-d16.pbqp,llvm,heuristic,kernel,43117.0
420-mbb-slotindexes-getinstructionindex-n20-d16.pbqp,llvm,heuristic,metadata,0.0
420-mbb-slotindexes-getinstructionindex-n20-d16.pbqp,llvm,heuristic,search,152.0
420-mbb-slotindexes-getinstructionindex-n20-d16.pbqp,llvm,heuristic,clone,0.0
420-mbb-slotindexes-getinstructionindex-n20-d16.pbqp,llvm,heuristic,allocation,3744.0
420-mbb-slotindexes-getinstructionindex-n20-d16.pbqp,llvm,heuristic,conditioning,6337.0
420-mbb-slotindexes-getinstructionindex-n20-d16.pbqp,llvm,heuristic,r0,90.0
420-mbb-slotindexes-getinstructionindex-n20-d16.pbqp,llvm,heuristic,r1,369.0
420-mbb-slotindexes-getinstructionindex-n20-d16.pbqp,llvm,heuristic,r2,3196.0
420-mbb-slotindexes-getinstructionindex-n20-d16.pbqp,llvm,heuristic,lower_bound,7142.0
420-mbb-slotindexes-getinstructionindex-n20-d16.pbqp,llvm,heuristic,incumbent,92.0
420-mbb-slotindexes-getinstructionindex-n20-d16.pbqp,llvm,heuristic,seed,6309.0
421-mbb-machinebasicblock-getfullname-abi-cx-n35-d16.pbqp,llvm,heuristic,other,906.0
421-mbb-machinebasicblock-getfullname-abi-cx-n35-d16.pbqp,llvm,heuristic,topology,27010.0
421-mbb-machinebasicblock-getfullname-abi-cx-n35-d16.pbqp,llvm,heuristic,selection,25741.0
421-mbb-machinebasicblock-getfullname-abi-cx-n35-d16.pbqp,llvm,heuristic,reduction,8118.0
421-mbb-machinebasicblock-getfullname-abi-cx-n35-d16.pbqp,llvm,heuristic,reconstruction,175.0
421-mbb-machinebasicblock-getfullname-abi-cx-n35-d16.pbqp,llvm,heuristic,kernel,44027.0
421-mbb-machinebasicblock-getfullname-abi-cx-n35-d16.pbqp,llvm,heuristic,metadata,1182.0
421-mbb-machinebasicblock-getfullname-abi-cx-n35-d16.pbqp,llvm,heuristic,search,138.0
421-mbb-machinebasicblock-getfullname-abi-cx-n35-d16.pbqp,llvm,heuristic,clone,0.0
421-mbb-machinebasicblock-getfullname-abi-cx-n35-d16.pbqp,llvm,heuristic,allocation,5946.0
421-mbb-machinebasicblock-getfullname-abi-cx-n35-d16.pbqp,llvm,heuristic,conditioning,6499.0
421-mbb-machinebasicblock-getfullname-abi-cx-n35-d16.pbqp,llvm,heuristic,r0,61.0
421-mbb-machinebasicblock-getfullname-abi-cx-n35-d16.pbqp,llvm,heuristic,r1,780.0
421-mbb-machinebasicblock-getfullname-abi-cx-n35-d16.pbqp,llvm,heuristic,r2,7996.0
421-mbb-machinebasicblock-getfullname-abi-cx-n35-d16.pbqp,llvm,heuristic,lower_bound,6371.0
421-mbb-machinebasicblock-getfullname-abi-cx-n35-d16.pbqp,llvm,heuristic,incumbent,91.0
421-mbb-machinebasicblock-getfullname-abi-cx-n35-d16.pbqp,llvm,heuristic,seed,8668.0
422-mbb-machinebasicblock-issuccessor-n10-d16.pbqp,llvm,none,other,469.0
422-mbb-machinebasicblock-issuccessor-n10-d16.pbqp,llvm,none,topology,98102.0
422-mbb-machinebasicblock-issuccessor-n10-d16.pbqp,llvm,none,selection,49863.0
422-mbb-machinebasicblock-issuccessor-n10-d16.pbqp,llvm,none,reduction,0.0
422-mbb-machinebasicblock-issuccessor-n10-d16.pbqp,llvm,none,reconstruction,317.0
422-mbb-machinebasicblock-issuccessor-n10-d16.pbqp,llvm,none,kernel,249200.0
422-mbb-machinebasicblock-issuccessor-n10-d16.pbqp,llvm,none,metadata,64039.0
422-mbb-machinebasicblock-issuccessor-n10-d16.pbqp,llvm,none,search,174844.0
422-mbb-machinebasicblock-issuccessor-n10-d16.pbqp,llvm,none,clone,237993.0
422-mbb-machinebasicblock-issuccessor-n10-d16.pbqp,llvm,none,allocation,81365.0
422-mbb-machinebasicblock-issuccessor-n10-d16.pbqp,llvm,none,conditioning,87719.0
422-mbb-machinebasicblock-issuccessor-n10-d16.pbqp,llvm,none,r0,3762.0
422-mbb-machinebasicblock-issuccessor-n10-d16.pbqp,llvm,none,r1,32592.0
422-mbb-machinebasicblock-issuccessor-n10-d16.pbqp,llvm,none,r2,149044.0
422-mbb-machinebasicblock-issuccessor-n10-d16.pbqp,llvm,none,lower_bound,203908.0
422-mbb-machinebasicblock-issuccessor-n10-d16.pbqp,llvm,none,incumbent,22088.0
422-mbb-machinebasicblock-issuccessor-n10-d16.pbqp,llvm,none,seed,0.0
422-mbb-machinebasicblock-issuccessor-n10-d16.pbqp,llvm,heuristic,other,406.0
422-mbb-machinebasicblock-issuccessor-n10-d16.pbqp,llvm,heuristic,topology,3415.0
422-mbb-machinebasicblock-issuccessor-n10-d16.pbqp,llvm,heuristic,selection,3088.0
422-mbb-machinebasicblock-issuccessor-n10-d16.pbqp,llvm,heuristic,reduction,1611.0
422-mbb-machinebasicblock-issuccessor-n10-d16.pbqp,llvm,heuristic,reconstruction,41.0
422-mbb-machinebasicblock-issuccessor-n10-d16.pbqp,llvm,heuristic,kernel,17498.0
422-mbb-machinebasicblock-issuccessor-n10-d16.pbqp,llvm,heuristic,metadata,305.0
422-mbb-machinebasicblock-issuccessor-n10-d16.pbqp,llvm,heuristic,search,119.0
422-mbb-machinebasicblock-issuccessor-n10-d16.pbqp,llvm,heuristic,clone,0.0
422-mbb-machinebasicblock-issuccessor-n10-d16.pbqp,llvm,heuristic,allocation,1439.0
422-mbb-machinebasicblock-issuccessor-n10-d16.pbqp,llvm,heuristic,conditioning,1785.0
422-mbb-machinebasicblock-issuccessor-n10-d16.pbqp,llvm,heuristic,r0,92.0
422-mbb-machinebasicblock-issuccessor-n10-d16.pbqp,llvm,heuristic,r1,349.0
422-mbb-machinebasicblock-issuccessor-n10-d16.pbqp,llvm,heuristic,r2,4141.0
422-mbb-machinebasicblock-issuccessor-n10-d16.pbqp,llvm,heuristic,lower_bound,2701.0
422-mbb-machinebasicblock-issuccessor-n10-d16.pbqp,llvm,heuristic,incumbent,77.0
422-mbb-machinebasicblock-issuccessor-n10-d16.pbqp,llvm,heuristic,seed,2311.0
423-mbb-machinebasicblock-getendsymbol-n9-d16.pbqp,llvm,none,other,491.0
423-mbb-machinebasicblock-getendsymbol-n9-d16.pbqp,llvm,none,topology,3342.0
423-mbb-machinebasicblock-getendsymbol-n9-d16.pbqp,llvm,none,selection,1870.0
423-mbb-machinebasicblock-getendsymbol-n9-d16.pbqp,llvm,none,reduction,0.0
423-mbb-machinebasicblock-getendsymbol-n9-d16.pbqp,llvm,none,reconstruction,62.0
423-mbb-machinebasicblock-getendsymbol-n9-d16.pbqp,llvm,none,kernel,13304.0
423-mbb-machinebasicblock-getendsymbol-n9-d16.pbqp,llvm,none,metadata,4188.0
423-mbb-machinebasicblock-getendsymbol-n9-d16.pbqp,llvm,none,search,4695.0
423-mbb-machinebasicblock-getendsymbol-n9-d16.pbqp,llvm,none,clone,3475.0
423-mbb-machinebasicblock-getendsymbol-n9-d16.pbqp,llvm,none,allocation,3085.0
423-mbb-machinebasicblock-getendsymbol-n9-d16.pbqp,llvm,none,conditioning,1318.0
423-mbb-machinebasicblock-getendsymbol-n9-d16.pbqp,llvm,none,r0,179.0
423-mbb-machinebasicblock-getendsymbol-n9-d16.pbqp,llvm,none,r1,2081.0
423-mbb-machinebasicblock-getendsymbol-n9-d16.pbqp,llvm,none,r2,9365.0
423-mbb-machinebasicblock-getendsymbol-n9-d16.pbqp,llvm,none,lower_bound,144.0
423-mbb-machinebasicblock-getendsymbol-n9-d16.pbqp,llvm,none,incumbent,480.0
423-mbb-machinebasicblock-getendsymbol-n9-d16.pbqp,llvm,none,seed,0.0
423-mbb-machinebasicblock-getendsymbol-n9-d16.pbqp,llvm,heuristic,other,617.0
423-mbb-machinebasicblock-getendsymbol-n9-d16.pbqp,llvm,heuristic,topology,2416.0
423-mbb-machinebasicblock-getendsymbol-n9-d16.pbqp,llvm,heuristic,selection,1806.0
423-mbb-machinebasicblock-getendsymbol-n9-d16.pbqp,llvm,heuristic,reduction,278.0
423-mbb-machinebasicblock-getendsymbol-n9-d16.pbqp,llvm,heuristic,reconstruction,66.0
423-mbb-machinebasicblock-getendsymbol-n9-d16.pbqp,llvm,heuristic,kernel,17974.0
423-mbb-machinebasicblock-getendsymbol-n9-d16.pbqp,llvm,heuristic,metadata,1036.0
423-mbb-machinebasicblock-getendsymbol-n9-d16.pbqp,llvm,heuristic,search,118.0
423-mbb-machinebasicblock-getendsymbol-n9-d16.pbqp,llvm,heuristic,clone,0.0
423-mbb-machinebasicblock-getendsymbol-n9-d16.pbqp,llvm,heuristic,allocation,1395.0
423-mbb-machinebasicblock-getendsymbol-n9-d16.pbqp,llvm,heuristic,conditioning,216.0
423-mbb-machinebasicblock-getendsymbol-n9-d16.pbqp,llvm,heuristic,r0,23.0
423-mbb-machinebasicblock-getendsymbol-n9-d16.pbqp,llvm,heuristic,r1,745.0
423-mbb-machinebasicblock-getendsymbol-n9-d16.pbqp,llvm,heuristic,r2,7080.0
423-mbb-machinebasicblock-getendsymbol-n9-d16.pbqp,llvm,heuristic,lower_bound,566.0
423-mbb-machinebasicblock-getendsymbol-n9-d16.pbqp,llvm,heuristic,incumbent,69.0
423-mbb-machinebasicblock-getendsymbol-n9-d16.pbqp,llvm,heuristic,seed,1589.0
424-mbb-machinebasicblock-isentryblock-n3-d16.pbqp,llvm,none,other,344.0
424-mbb-machinebasicblock-isentryblock-n3-d16.pbqp,llvm,none,topology,171.0
424-mbb-machinebasicblock-isentryblock-n3-d16.pbqp,llvm,none,selection,161.0
424-mbb-machinebasicblock-isentryblock-n3-d16.pbqp,llvm,none,reduction,0.0
424-mbb-machinebasicblock-isentryblock-n3-d16.pbqp,llvm,none,reconstruction,48.0
424-mbb-machinebasicblock-isentryblock-n3-d16.pbqp,llvm,none,kernel,151.0
424-mbb-machinebasicblock-isentryblock-n3-d16.pbqp,llvm,none,metadata,245.0
424-mbb-machinebasicblock-isentryblock-n3-d16.pbqp,llvm,none,search,0.0
424-mbb-machinebasicblock-isentryblock-n3-d16.pbqp,llvm,none,clone,0.0
424-mbb-machinebasicblock-isentryblock-n3-d16.pbqp,llvm,none,allocation,102.0
424-mbb-machinebasicblock-isentryblock-n3-d16.pbqp,llvm,none,conditioning,0.0
424-mbb-machinebasicblock-isentryblock-n3-d16.pbqp,llvm,none,r0,46.0
424-mbb-machinebasicblock-isentryblock-n3-d16.pbqp,llvm,none,r1,308.0
424-mbb-machinebasicblock-isentryblock-n3-d16.pbqp,llvm,none,r2,0.0
424-mbb-machinebasicblock-isentryblock-n3-d16.pbqp,llvm,none,lower_bound,0.0
424-mbb-machinebasicblock-isentryblock-n3-d16.pbqp,llvm,none,incumbent,0.0
424-mbb-machinebasicblock-isentryblock-n3-d16.pbqp,llvm,none,seed,0.0
424-mbb-machinebasicblock-isentryblock-n3-d16.pbqp,llvm,heuristic,other,344.0
424-mbb-machinebasicblock-isentryblock-n3-d16.pbqp,llvm,heuristic,topology,311.0
424-mbb-machinebasicblock-isentryblock-n3-d16.pbqp,llvm,heuristic,selection,269.0
424-mbb-machinebasicblock-isentryblock-n3-d16.pbqp,llvm,heuristic,reduction,0.0
424-mbb-machinebasicblock-isentryblock-n3-d16.pbqp,llvm,heuristic,reconstruction,50.0
424-mbb-machinebasicblock-isentryblock-n3-d16.pbqp,llvm,heuristic,kernel,367.0
424-mbb-machinebasicblock-isentryblock-n3-d16.pbqp,llvm,heuristic,metadata,244.0
424-mbb-machinebasicblock-isentryblock-n3-d16.pbqp,llvm,heuristic,search,0.0
424-mbb-machinebasicblock-isentryblock-n3-d16.pbqp,llvm,heuristic,clone,0.0
424-mbb-machinebasicblock-isentryblock-n3-d16.pbqp,llvm,heuristic,allocation,154.0
424-mbb-machinebasicblock-isentryblock-n3-d16.pbqp,llvm,heuristic,conditioning,0.0
424-mbb-machinebasicblock-isentryblock-n3-d16.pbqp,llvm,heuristic,r0,91.0
424-mbb-machinebasicblock-isentryblock-n3-d16.pbqp,llvm,heuristic,r1,525.0
424-mbb-machinebasicblock-isentryblock-n3-d16.pbqp,llvm,heuristic,r2,0.0
424-mbb-machinebasicblock-isentryblock-n3-d16.pbqp,llvm,heuristic,lower_bound,0.0
424-mbb-machinebasicblock-isentryblock-n3-d16.pbqp,llvm,heuristic,incumbent,0.0
424-mbb-machinebasicblock-isentryblock-n3-d16.pbqp,llvm,heuristic,seed,547.0
425-mbb-machinebasicblock-livein-begin-n2-d16.pbqp,llvm,none,other,276.0
425-mbb-machinebasicblock-livein-begin-n2-d16.pbqp,llvm,none,topology,91.0
425-mbb-machinebasicblock-livein-begin-n2-d16.pbqp,llvm,none,selection,122.0
425-mbb-machinebasicblock-livein-begin-n2-d16.pbqp,llvm,none,reduction,0.0
425-mbb-machinebasicblock-livein-begin-n2-d16.pbqp,llvm,none,reconstruction,23.0
425-mbb-machinebasicblock-livein-begin-n2-d16.pbqp,llvm,none,kernel,0.0
425-mbb-machinebasicblock-livein-begin-n2-d16.pbqp,llvm,none,metadata,0.0
425-mbb-machinebasicblock-livein-begin-n2-d16.pbqp,llvm,none,search,0.0
425-mbb-machinebasicblock-livein-begin-n2-d16.pbqp,llvm,none,clone,0.0
425-mbb-machinebasicblock-livein-begin-n2-d16.pbqp,llvm,none,allocation,0.0
425-mbb-machinebasicblock-livein-begin-n2-d16.pbqp,llvm,none,conditioning,0.0
425-mbb-machinebasicblock-livein-begin-n2-d16.pbqp,llvm,none,r0,47.0
425-mbb-machinebasicblock-livein-begin-n2-d16.pbqp,llvm,none,r1,0.0
425-mbb-machinebasicblock-livein-begin-n2-d16.pbqp,llvm,none,r2,0.0
425-mbb-machinebasicblock-livein-begin-n2-d16.pbqp,llvm,none,lower_bound,0.0
425-mbb-machinebasicblock-livein-begin-n2-d16.pbqp,llvm,none,incumbent,0.0
425-mbb-machinebasicblock-livein-begin-n2-d16.pbqp,llvm,none,seed,0.0
425-mbb-machinebasicblock-livein-begin-n2-d16.pbqp,llvm,heuristic,other,308.0
425-mbb-machinebasicblock-livein-begin-n2-d16.pbqp,llvm,heuristic,topology,193.0
425-mbb-machinebasicblock-livein-begin-n2-d16.pbqp,llvm,heuristic,selection,223.0
425-mbb-machinebasicblock-livein-begin-n2-d16.pbqp,llvm,heuristic,reduction,0.0
425-mbb-machinebasicblock-livein-begin-n2-d16.pbqp,llvm,heuristic,reconstruction,47.0
425-mbb-machinebasicblock-livein-begin-n2-d16.pbqp,llvm,heuristic,kernel,0.0
425-mbb-machinebasicblock-livein-begin-n2-d16.pbqp,llvm,heuristic,metadata,0.0
425-mbb-machinebasicblock-livein-begin-n2-d16.pbqp,llvm,heuristic,search,0.0
425-mbb-machinebasicblock-livein-begin-n2-d16.pbqp,llvm,heuristic,clone,0.0
425-mbb-machinebasicblock-livein-begin-n2-d16.pbqp,llvm,heuristic,allocation,0.0
425-mbb-machinebasicblock-livein-begin-n2-d16.pbqp,llvm,heuristic,conditioning,0.0
425-mbb-machinebasicblock-livein-begin-n2-d16.pbqp,llvm,heuristic,r0,97.0
425-mbb-machinebasicblock-livein-begin-n2-d16.pbqp,llvm,heuristic,r1,0.0
425-mbb-machinebasicblock-livein-begin-n2-d16.pbqp,llvm,heuristic,r2,0.0
425-mbb-machinebasicblock-livein-begin-n2-d16.pbqp,llvm,heuristic,lower_bound,0.0
425-mbb-machinebasicblock-livein-begin-n2-d16.pbqp,llvm,heuristic,incumbent,0.0
425-mbb-machinebasicblock-livein-begin-n2-d16.pbqp,llvm,heuristic,seed,499.0
426-mbb-machinebasicblock-ispredecessor-n10-d16.pbqp,llvm,none,other,446.0
426-mbb-machinebasicblock-ispredecessor-n10-d16.pbqp,llvm,none,topology,101506.0
426-mbb-machinebasicblock-ispredecessor-n10-d16.pbqp,llvm,none,selection,50545.0
426-mbb-machinebasicblock-ispredecessor-n10-d16.pbqp,llvm,none,reduction,0.0
426-mbb-machinebasicblock-ispredecessor-n10-d16.pbqp,llvm,none,reconstruction,309.0
426-mbb-machinebasicblock-ispredecessor-n10-d16.pbqp,llvm,none,kernel,267361.0
426-mbb-machinebasicblock-ispredecessor-n10-d16.pbqp,llvm,none,metadata,59466.0
426-mbb-machinebasicblock-ispredecessor-n10-d16.pbqp,llvm,none,search,172134.0
426-mbb-machinebasicblock-ispredecessor-n10-d16.pbqp,llvm,none,clone,241765.0
426-mbb-machinebasicblock-ispredecessor-n10-d16.pbqp,llvm,none,allocation,81808.0
426-mbb-machinebasicblock-ispredecessor-n10-d16.pbqp,llvm,none,conditioning,89348.0
426-mbb-machinebasicblock-ispredecessor-n10-d16.pbqp,llvm,none,r0,3827.0
426-mbb-machinebasicblock-ispredecessor-n10-d16.pbqp,llvm,none,r1,34225.0
426-mbb-machinebasicblock-ispredecessor-n10-d16.pbqp,llvm,none,r2,136936.0
426-mbb-machinebasicblock-ispredecessor-n10-d16.pbqp,llvm,none,lower_bound,205368.0
426-mbb-machinebasicblock-ispredecessor-n10-d16.pbqp,llvm,none,incumbent,22696.0
426-mbb-machinebasicblock-ispredecessor-n10-d16.pbqp,llvm,none,seed,0.0
426-mbb-machinebasicblock-ispredecessor-n10-d16.pbqp,llvm,heuristic,other,424.0
426-mbb-machinebasicblock-ispredecessor-n10-d16.pbqp,llvm,heuristic,topology,3276.0
426-mbb-machinebasicblock-ispredecessor-n10-d16.pbqp,llvm,heuristic,selection,2994.0
426-mbb-machinebasicblock-ispredecessor-n10-d16.pbqp,llvm,heuristic,reduction,1576.0
426-mbb-machinebasicblock-ispredecessor-n10-d16.pbqp,llvm,heuristic,reconstruction,97.0
426-mbb-machinebasicblock-ispredecessor-n10-d16.pbqp,llvm,heuristic,kernel,17315.0
426-mbb-machinebasicblock-ispredecessor-n10-d16.pbqp,llvm,heuristic,metadata,354.0
426-mbb-machinebasicblock-ispredecessor-n10-d16.pbqp,llvm,heuristic,search,121.0
426-mbb-machinebasicblock-ispredecessor-n10-d16.pbqp,llvm,heuristic,clone,0.0
426-mbb-machinebasicblock-ispredecessor-n10-d16.pbqp,llvm,heuristic,allocation,1397.0
426-mbb-machinebasicblock-ispredecessor-n10-d16.pbqp,llvm,heuristic,conditioning,1707.0
426-mbb-machinebasicblock-ispredecessor-n10-d16.pbqp,llvm,heuristic,r0,91.0
426-mbb-machinebasicblock-ispredecessor-n10-d16.pbqp,llvm,heuristic,r1,318.0
426-mbb-machinebasicblock-ispredecessor-n10-d16.pbqp,llvm,heuristic,r2,4227.0
426-mbb-machinebasicblock-ispredecessor-n10-d16.pbqp,llvm,heuristic,lower_bound,2586.0
426-mbb-machinebasicblock-ispredecessor-n10-d16.pbqp,llvm,heuristic,incumbent,62.0
426-mbb-machinebasicblock-ispredecessor-n10-d16.pbqp,llvm,heuristic,seed,2240.0
427-mbb-machinebasicblock-liveout-begin-n23-d16.pbqp,llvm,heuristic,other,493.0
427-mbb-machinebasicblock-liveout-begin-n23-d16.pbqp,llvm,heuristic,topology,13704.0
427-mbb-machinebasicblock-liveout-begin-n23-d16.pbqp,llvm,heuristic,selection,14565.0
427-mbb-machinebasicblock-liveout-begin-n23-d16.pbqp,llvm,heuristic,reduction,7862.0
427-mbb-machinebasicblock-liveout-begin-n23-d16.pbqp,llvm,heuristic,reconstruction,57.0
427-mbb-machinebasicblock-liveout-begin-n23-d16.pbqp,llvm,heuristic,kernel,25054.0
427-mbb-machinebasicblock-liveout-begin-n23-d16.pbqp,llvm,heuristic,metadata,0.0
427-mbb-machinebasicblock-liveout-begin-n23-d16.pbqp,llvm,heuristic,search,132.0
427-mbb-machinebasicblock-liveout-begin-n23-d16.pbqp,llvm,heuristic,clone,0.0
427-mbb-machinebasicblock-liveout-begin-n23-d16.pbqp,llvm,heuristic,allocation,4054.0
427-mbb-machinebasicblock-liveout-begin-n23-d16.pbqp,llvm,heuristic,conditioning,7667.0
427-mbb-machinebasicblock-liveout-begin-n23-d16.pbqp,llvm,heuristic,r0,41.0
427-mbb-machinebasicblock-liveout-begin-n23-d16.pbqp,llvm,heuristic,r1,299.0
427-mbb-machinebasicblock-liveout-begin-n23-d16.pbqp,llvm,heuristic,r2,1577.0
427-mbb-machinebasicblock-liveout-begin-n23-d16.pbqp,llvm,heuristic,lower_bound,6304.0
427-mbb-machinebasicblock-liveout-begin-n23-d16.pbqp,llvm,heuristic,incumbent,78.0
427-mbb-machinebasicblock-liveout-begin-n23-d16.pbqp,llvm,heuristic,seed,7054.0
428-mbb-machinebasicblock-printasoperand-n7-d16.pbqp,llvm,none,other,244.0
428-mbb-machinebasicblock-printasoperand-n7-d16.pbqp,llvm,none,topology,16178.0
428-mbb-machinebasicblock-printasoperand-n7-d16.pbqp,llvm,none,selection,8788.0
428-mbb-machinebasicblock-printasoperand-n7-d16.pbqp,llvm,none,reduction,0.0
428-mbb-machinebasicblock-printasoperand-n7-d16.pbqp,llvm,none,reconstruction,89.0
428-mbb-machinebasicblock-printasoperand-n7-d16.pbqp,llvm,none,kernel,29728.0
428-mbb-machinebasicblock-printasoperand-n7-d16.pbqp,llvm,none,metadata,11747.0
428-mbb-machinebasicblock-printasoperand-n7-d16.pbqp,llvm,none,search,28491.0
428-mbb-machinebasicblock-printasoperand-n7-d16.pbqp,llvm,none,clone,17581.0
428-mbb-machinebasicblock-printasoperand-n7-d16.pbqp,llvm,none,allocation,15129.0
428-mbb-machinebasicblock-printasoperand-n7-d16.pbqp,llvm,none,conditioning,8921.0
428-mbb-machinebasicblock-printasoperand-n7-d16.pbqp,llvm,none,r0,789.0
428-mbb-machinebasicblock-printasoperand-n7-d16.pbqp,llvm,none,r1,6969.0
428-mbb-machinebasicblock-printasoperand-n7-d16.pbqp,llvm,none,r2,30107.0
428-mbb-machinebasicblock-printasoperand-n7-d16.pbqp,llvm,none,lower_bound,7621.0
428-mbb-machinebasicblock-printasoperand-n7-d16.pbqp,llvm,none,incumbent,3161.0
428-mbb-machinebasicblock-printasoperand-n7-d16.pbqp,llvm,none,seed,0.0
428-mbb-machinebasicblock-printasoperand-n7-d16.pbqp,llvm,heuristic,other,321.0
428-mbb-machinebasicblock-printasoperand-n7-d16.pbqp,llvm,heuristic,topology,1725.0
428-mbb-machinebasicblock-printasoperand-n7-d16.pbqp,llvm,heuristic,selection,1572.0
428-mbb-machinebasicblock-printasoperand-n7-d16.pbqp,llvm,heuristic,reduction,705.0
428-mbb-machinebasicblock-printasoperand-n7-d16.pbqp,llvm,heuristic,reconstruction,87.0
428-mbb-machinebasicblock-printasoperand-n7-d16.pbqp,llvm,heuristic,kernel,4753.0
428-mbb-machinebasicblock-printasoperand-n7-d16.pbqp,llvm,heuristic,metadata,186.0
428-mbb-machinebasicblock-printasoperand-n7-d16.pbqp,llvm,heuristic,search,121.0
428-mbb-machinebasicblock-printasoperand-n7-d16.pbqp,llvm,heuristic,clone,0.0
428-mbb-machinebasicblock-printasoperand-n7-d16.pbqp,llvm,heuristic,allocation,869.0
428-mbb-machinebasicblock-printasoperand-n7-d16.pbqp,llvm,heuristic,conditioning,471.0
428-mbb-machinebasicblock-printasoperand-n7-d16.pbqp,llvm,heuristic,r0,23.0
428-mbb-machinebasicblock-printasoperand-n7-d16.pbqp,llvm,heuristic,r1,718.0
428-mbb-machinebasicblock-printasoperand-n7-d16.pbqp,llvm,heuristic,r2,1384.0
428-mbb-machinebasicblock-printasoperand-n7-d16.pbqp,llvm,heuristic,lower_bound,865.0
428-mbb-machinebasicblock-printasoperand-n7-d16.pbqp,llvm,heuristic,incumbent,66.0
428-mbb-machinebasicblock-printasoperand-n7-d16.pbqp,llvm,heuristic,seed,1297.0
429-mbb-machinebasicblock-getehcontsymbol-n22-d17.pbqp,llvm,heuristic,other,530.0
429-mbb-machinebasicblock-getehcontsymbol-n22-d17.pbqp,llvm,heuristic,topology,11629.0
429-mbb-machinebasicblock-getehcontsymbol-n22-d17.pbqp,llvm,heuristic,selection,12686.0
429-mbb-machinebasicblock-getehcontsymbol-n22-d17.pbqp,llvm,heuristic,reduction,5127.0
429-mbb-machinebasicblock-getehcontsymbol-n22-d17.pbqp,llvm,heuristic,reconstruction,117.0
429-mbb-machinebasicblock-getehcontsymbol-n22-d17.pbqp,llvm,heuristic,kernel,15029.0
429-mbb-machinebasicblock-getehcontsymbol-n22-d17.pbqp,llvm,heuristic,metadata,0.0
429-mbb-machinebasicblock-getehcontsymbol-n22-d17.pbqp,llvm,heuristic,search,144.0
429-mbb-machinebasicblock-getehcontsymbol-n22-d17.pbqp,llvm,heuristic,clone,0.0
429-mbb-machinebasicblock-getehcontsymbol-n22-d17.pbqp,llvm,heuristic,allocation,3102.0
429-mbb-machinebasicblock-getehcontsymbol-n22-d17.pbqp,llvm,heuristic,conditioning,3912.0
429-mbb-machinebasicblock-getehcontsymbol-n22-d17.pbqp,llvm,heuristic,r0,170.0
429-mbb-machinebasicblock-getehcontsymbol-n22-d17.pbqp,llvm,heuristic,r1,233.0
429-mbb-machinebasicblock-getehcontsymbol-n22-d17.pbqp,llvm,heuristic,r2,1785.0
429-mbb-machinebasicblock-getehcontsymbol-n22-d17.pbqp,llvm,heuristic,lower_bound,3730.0
429-mbb-machinebasicblock-getehcontsymbol-n22-d17.pbqp,llvm,heuristic,incumbent,78.0
429-mbb-machinebasicblock-getehcontsymbol-n22-d17.pbqp,llvm,heuristic,seed,5347.0
430-mbb-machinebasicblock-getendclobbermask-n12-d16.pbqp,llvm,heuristic,other,501.0
430-mbb-machinebasicblock-getendclobbermask-n12-d16.pbqp,llvm,heuristic,topology,4490.0
430-mbb-machinebasicblock-getendclobbermask-n12-d16.pbqp,llvm,heuristic,selection,4345.0
430-mbb-machinebasicblock-getendclobbermask-n12-d16.pbqp,llvm,heuristic,reduction,2069.0
430-mbb-machinebasicblock-getendclobbermask-n12-d16.pbqp,llvm,heuristic,reconstruction,45.0
430-mbb-machinebasicblock-getendclobbermask-n12-d16.pbqp,llvm,heuristic,kernel,14435.0
430-mbb-machinebasicblock-getendclobbermask-n12-d16.pbqp,llvm,heuristic,metadata,388.0
430-mbb-machinebasicblock-getendclobbermask-n12-d16.pbqp,llvm,heuristic,search,121.0
430-mbb-machinebasicblock-getendclobbermask-n12-d16.pbqp,llvm,heuristic,clone,0.0
430-mbb-machinebasicblock-getendclobbermask-n12-d16.pbqp,llvm,heuristic,allocation,1729.0
430-mbb-machinebasicblock-getendclobbermask-n12-d16.pbqp,llvm,heuristic,conditioning,1739.0
430-mbb-machinebasicblock-getendclobbermask-n12-d16.pbqp,llvm,heuristic,r0,113.0
430-mbb-machinebasicblock-getendclobbermask-n12-d16.pbqp,llvm,heuristic,r1,406.0
430-mbb-machinebasicblock-getendclobbermask-n12-d16.pbqp,llvm,heuristic,r2,3356.0
430-mbb-machinebasicblock-getendclobbermask-n12-d16.pbqp,llvm,heuristic,lower_bound,2121.0
430-mbb-machinebasicblock-getendclobbermask-n12-d16.pbqp,llvm,heuristic,incumbent,71.0
430-mbb-machinebasicblock-getendclobbermask-n12-d16.pbqp,llvm,heuristic,seed,2434.0
431-mbb-machinebasicblock-hasehpadsuccessor-n7-d16.pbqp,llvm,none,other,394.0
431-mbb-machinebasicblock-hasehpadsuccessor-n7-d16.pbqp,llvm,none,topology,108072.0
431-mbb-machinebasicblock-hasehpadsuccessor-n7-d16.pbqp,llvm,none,selection,51414.0
431-mbb-machinebasicblock-hasehpadsuccessor-n7-d16.pbqp,llvm,none,reduction,0.0
431-mbb-machinebasicblock-hasehpadsuccessor-n7-d16.pbqp,llvm,none,reconstruction,7544.0
431-mbb-machinebasicblock-hasehpadsuccessor-n7-d16.pbqp,llvm,none,kernel,436888.0
431-mbb-machinebasicblock-hasehpadsuccessor-n7-d16.pbqp,llvm,none,metadata,144186.0
431-mbb-machinebasicblock-hasehpadsuccessor-n7-d16.pbqp,llvm,none,search,213368.0
431-mbb-machinebasicblock-hasehpadsuccessor-n7-d16.pbqp,llvm,none,clone,131646.0
431-mbb-machinebasicblock-hasehpadsuccessor-n7-d16.pbqp,llvm,none,allocation,114944.0
431-mbb-machinebasicblock-hasehpadsuccessor-n7-d16.pbqp,llvm,none,conditioning,69423.0
431-mbb-machinebasicblock-hasehpadsuccessor-n7-d16.pbqp,llvm,none,r0,7685.0
431-mbb-machinebasicblock-hasehpadsuccessor-n7-d16.pbqp,llvm,none,r1,85845.0
431-mbb-machinebasicblock-hasehpadsuccessor-n7-d16.pbqp,llvm,none,r2,324033.0
431-mbb-machinebasicblock-hasehpadsuccessor-n7-d16.pbqp,llvm,none,lower_bound,22728.0
431-mbb-machinebasicblock-hasehpadsuccessor-n7-d16.pbqp,llvm,none,incumbent,15498.0
431-mbb-machinebasicblock-hasehpadsuccessor-n7-d16.pbqp,llvm,none,seed,0.0
431-mbb-machinebasicblock-hasehpadsuccessor-n7-d16.pbqp,llvm,heuristic,other,331.0
431-mbb-machinebasicblock-hasehpadsuccessor-n7-d16.pbqp,llvm,heuristic,topology,1705.0
431-mbb-machinebasicblock-hasehpadsuccessor-n7-d16.pbqp,llvm,heuristic,selection,1635.0
431-mbb-machinebasicblock-hasehpadsuccessor-n7-d16.pbqp,llvm,heuristic,reduction,941.0
431-mbb-machinebasicblock-hasehpadsuccessor-n7-d16.pbqp,llvm,heuristic,reconstruction,75.0
431-mbb-machinebasicblock-hasehpadsuccessor-n7-d16.pbqp,llvm,heuristic,kernel,6699.0
431-mbb-machinebasicblock-hasehpadsuccessor-n7-d16.pbqp,llvm,heuristic,metadata,277.0
431-mbb-machinebasicblock-hasehpadsuccessor-n7-d16.pbqp,llvm,heuristic,search,116.0
431-mbb-machinebasicblock-hasehpadsuccessor-n7-d16.pbqp,llvm,heuristic,clone,0.0
431-mbb-machinebasicblock-hasehpadsuccessor-n7-d16.pbqp,llvm,heuristic,allocation,762.0
431-mbb-machinebasicblock-hasehpadsuccessor-n7-d16.pbqp,llvm,heuristic,conditioning,665.0
431-mbb-machinebasicblock-hasehpadsuccessor-n7-d16.pbqp,llvm,heuristic,r0,41.0
431-mbb-machinebasicblock-hasehpadsuccessor-n7-d16.pbqp,llvm,heuristic,r1,832.0
431-mbb-machinebasicblock-hasehpadsuccessor-n7-d16.pbqp,llvm,heuristic,r2,1295.0
431-mbb-machinebasicblock-hasehpadsuccessor-n7-d16.pbqp,llvm,heuristic,lower_bound,1179.0
431-mbb-machinebasicblock-hasehpadsuccessor-n7-d16.pbqp,llvm,heuristic,incumbent,67.0
431-mbb-machinebasicblock-hasehpadsuccessor-n7-d16.pbqp,llvm,heuristic,seed,1352.0
432-mbb-machinebasicblock-islayoutsuccessor-n3-d16.pbqp,llvm,none,other,343.0
432-mbb-machinebasicblock-islayoutsuccessor-n3-d16.pbqp,llvm,none,topology,181.0
432-mbb-machinebasicblock-islayoutsuccessor-n3-d16.pbqp,llvm,none,selection,156.0
432-mbb-machinebasicblock-islayoutsuccessor-n3-d16.pbqp,llvm,none,reduction,0.0
432-mbb-machinebasicblock-islayoutsuccessor-n3-d16.pbqp,llvm,none,reconstruction,53.0
432-mbb-machinebasicblock-islayoutsuccessor-n3-d16.pbqp,llvm,none,kernel,137.0
432-mbb-machinebasicblock-islayoutsuccessor-n3-d16.pbqp,llvm,none,metadata,311.0
432-mbb-machinebasicblock-islayoutsuccessor-n3-d16.pbqp,llvm,none,search,0.0
432-mbb-machinebasicblock-islayoutsuccessor-n3-d16.pbqp,llvm,none,clone,0.0
432-mbb-machinebasicblock-islayoutsuccessor-n3-d16.pbqp,llvm,none,allocation,115.0
432-mbb-machinebasicblock-islayoutsuccessor-n3-d16.pbqp,llvm,none,conditioning,0.0
432-mbb-machinebasicblock-islayoutsuccessor-n3-d16.pbqp,llvm,none,r0,49.0
432-mbb-machinebasicblock-islayoutsuccessor-n3-d16.pbqp,llvm,none,r1,278.0
432-mbb-machinebasicblock-islayoutsuccessor-n3-d16.pbqp,llvm,none,r2,0.0
432-mbb-machinebasicblock-islayoutsuccessor-n3-d16.pbqp,llvm,none,lower_bound,0.0
432-mbb-machinebasicblock-islayoutsuccessor-n3-d16.pbqp,llvm,none,incumbent,0.0
432-mbb-machinebasicblock-islayoutsuccessor-n3-d16.pbqp,llvm,none,seed,0.0
432-mbb-machinebasicblock-islayoutsuccessor-n3-d16.pbqp,llvm,heuristic,other,384.0
432-mbb-machinebasicblock-islayoutsuccessor-n3-d16.pbqp,llvm,heuristic,topology,318.0
432-mbb-machinebasicblock-islayoutsuccessor-n3-d16.pbqp,llvm,heuristic,selection,296.0
432-mbb-machinebasicblock-islayoutsuccessor-n3-d16.pbqp,llvm,heuristic,reduction,0.0
432-mbb-machinebasicblock-islayoutsuccessor-n3-d16.pbqp,llvm,heuristic,reconstruction,54.0
432-mbb-machinebasicblock-islayoutsuccessor-n3-d16.pbqp,llvm,heuristic,kernel,476.0
432-mbb-machinebasicblock-islayoutsuccessor-n3-d16.pbqp,llvm,heuristic,metadata,273.0
432-mbb-machinebasicblock-islayoutsuccessor-n3-d16.pbqp,llvm,heuristic,search,0.0
432-mbb-machinebasicblock-islayoutsuccessor-n3-d16.pbqp,llvm,heuristic,clone,0.0
432-mbb-machinebasicblock-islayoutsuccessor-n3-d16.pbqp,llvm,heuristic,allocation,163.0
432-mbb-machinebasicblock-islayoutsuccessor-n3-d16.pbqp,llvm,heuristic,conditioning,0.0
432-mbb-machinebasicblock-islayoutsuccessor-n3-d16.pbqp,llvm,heuristic,r0,96.0
432-mbb-machinebasicblock-islayoutsuccessor-n3-d16.pbqp,llvm,heuristic,r1,565.0
432-mbb-machinebasicblock-islayoutsuccessor-n3-d16.pbqp,llvm,heuristic,r2,0.0
432-mbb-machinebasicblock-islayoutsuccessor-n3-d16.pbqp,llvm,heuristic,lower_bound,0.0
432-mbb-machinebasicblock-islayoutsuccessor-n3-d16.pbqp,llvm,heuristic,incumbent,0.0
432-mbb-machinebasicblock-islayoutsuccessor-n3-d16.pbqp,llvm,heuristic,seed,580.0
433-mbb-machinebasicblock-getsinglesuccessor-n3-d16.pbqp,llvm,none,other,341.0
433-mbb-machinebasicblock-getsinglesuccessor-n3-d16.pbqp,llvm,none,topology,138.0
433-mbb-machinebasicblock-getsinglesuccessor-n3-d16.pbqp,llvm,none,selection,187.0
433-mbb-machinebasicblock-getsinglesuccessor-n3-d16.pbqp,llvm,none,reduction,0.0
433-mbb-machinebasicblock-getsinglesuccessor-n3-d16.pbqp,llvm,none,reconstruction,25.0
433-mbb-machinebasicblock-getsinglesuccessor-n3-d16.pbqp,llvm,none,kernel,0.0
433-mbb-machinebasicblock-getsinglesuccessor-n3-d16.pbqp,llvm,none,metadata,0.0
433-mbb-machinebasicblock-getsinglesuccessor-n3-d16.pbqp,llvm,none,search,0.0
433-mbb-machinebasicblock-getsinglesuccessor-n3-d16.pbqp,llvm,none,clone,0.0
433-mbb-machinebasicblock-getsinglesuccessor-n3-d16.pbqp,llvm,none,allocation,0.0
433-mbb-machinebasicblock-getsinglesuccessor-n3-d16.pbqp,llvm,none,conditioning,0.0
433-mbb-machinebasicblock-getsinglesuccessor-n3-d16.pbqp,llvm,none,r0,73.0
433-mbb-machinebasicblock-getsinglesuccessor-n3-d16.pbqp,llvm,none,r1,0.0
433-mbb-machinebasicblock-getsinglesuccessor-n3-d16.pbqp,llvm,none,r2,0.0
433-mbb-machinebasicblock-getsinglesuccessor-n3-d16.pbqp,llvm,none,lower_bound,0.0
433-mbb-machinebasicblock-getsinglesuccessor-n3-d16.pbqp,llvm,none,incumbent,0.0
433-mbb-machinebasicblock-getsinglesuccessor-n3-d16.pbqp,llvm,none,seed,0.0
433-mbb-machinebasicblock-getsinglesuccessor-n3-d16.pbqp,llvm,heuristic,other,393.0
433-mbb-machinebasicblock-getsinglesuccessor-n3-d16.pbqp,llvm,heuristic,topology,276.0
433-mbb-machinebasicblock-getsinglesuccessor-n3-d16.pbqp,llvm,heuristic,selection,317.0
433-mbb-machinebasicblock-getsinglesuccessor-n3-d16.pbqp,llvm,heuristic,reduction,0.0
433-mbb-machinebasicblock-getsinglesuccessor-n3-d16.pbqp,llvm,heuristic,reconstruction,51.0
433-mbb-machinebasicblock-getsinglesuccessor-n3-d16.pbqp,llvm,heuristic,kernel,0.0
433-mbb-machinebasicblock-getsinglesuccessor-n3-d16.pbqp,llvm,heuristic,metadata,0.0
433-mbb-machinebasicblock-getsinglesuccessor-n3-d16.pbqp,llvm,heuristic,search,0.0
433-mbb-machinebasicblock-getsinglesuccessor-n3-d16.pbqp,llvm,heuristic,clone,0.0
433-mbb-machinebasicblock-getsinglesuccessor-n3-d16.pbqp,llvm,heuristic,allocation,0.0
433-mbb-machinebasicblock-getsinglesuccessor-n3-d16.pbqp,llvm,heuristic,conditioning,0.0
433-mbb-machinebasicblock-getsinglesuccessor-n3-d16.pbqp,llvm,heuristic,r0,146.0
433-mbb-machinebasicblock-getsinglesuccessor-n3-d16.pbqp,llvm,heuristic,r1,0.0
433-mbb-machinebasicblock-getsinglesuccessor-n3-d16.pbqp,llvm,heuristic,r2,0.0
433-mbb-machinebasicblock-getsinglesuccessor-n3-d16.pbqp,llvm,heuristic,lower_bound,0.0
433-mbb-machinebasicblock-getsinglesuccessor-n3-d16.pbqp,llvm,heuristic,incumbent,0.0
433-mbb-machinebasicblock-getsinglesuccessor-n3-d16.pbqp,llvm,heuristic,seed,570.0
435-mbb-machinebasicblock-islegaltohoistinto-n18-d16.pbqp,llvm,heuristic,other,591.0
435-mbb-machinebasicblock-islegaltohoistinto-n18-d16.pbqp,llvm,heuristic,topology,7347.0
435-mbb-machinebasicblock-islegaltohoistinto-n18-d16.pbqp,llvm,heuristic,selection,7159.0
435-mbb-machinebasicblock-islegaltohoistinto-n18-d16.pbqp,llvm,heuristic,reduction,2593.0
435-mbb-machinebasicblock-islegaltohoistinto-n18-d16.pbqp,llvm,heuristic,reconstruction,94.0
435-mbb-machinebasicblock-islegaltohoistinto-n18-d16.pbqp,llvm,heuristic,kernel,31654.0
435-mbb-machinebasicblock-islegaltohoistinto-n18-d16.pbqp,llvm,heuristic,metadata,864.0
435-mbb-machinebasicblock-islegaltohoistinto-n18-d16.pbqp,llvm,heuristic,search,121.0
435-mbb-machinebasicblock-islegaltohoistinto-n18-d16.pbqp,llvm,heuristic,clone,0.0
435-mbb-machinebasicblock-islegaltohoistinto-n18-d16.pbqp,llvm,heuristic,allocation,2626.0
435-mbb-machinebasicblock-islegaltohoistinto-n18-d16.pbqp,llvm,heuristic,conditioning,2011.0
435-mbb-machinebasicblock-islegaltohoistinto-n18-d16.pbqp,llvm,heuristic,r0,46.0
435-mbb-machinebasicblock-islegaltohoistinto-n18-d16.pbqp,llvm,heuristic,r1,1340.0
435-mbb-machinebasicblock-islegaltohoistinto-n18-d16.pbqp,llvm,heuristic,r2,6605.0
435-mbb-machinebasicblock-islegaltohoistinto-n18-d16.pbqp,llvm,heuristic,lower_bound,3084.0
435-mbb-machinebasicblock-islegaltohoistinto-n18-d16.pbqp,llvm,heuristic,incumbent,69.0
435-mbb-machinebasicblock-islegaltohoistinto-n18-d16.pbqp,llvm,heuristic,seed,3709.0
436-mbb-machinebasicblock-mayhaveinlineasmbr-n7-d16.pbqp,llvm,none,other,390.0
436-mbb-machinebasicblock-mayhaveinlineasmbr-n7-d16.pbqp,llvm,none,topology,101013.0
436-mbb-machinebasicblock-mayhaveinlineasmbr-n7-d16.pbqp,llvm,none,selection,50213.0
436-mbb-machinebasicblock-mayhaveinlineasmbr-n7-d16.pbqp,llvm,none,reduction,0.0
436-mbb-machinebasicblock-mayhaveinlineasmbr-n7-d16.pbqp,llvm,none,reconstruction,7445.0
436-mbb-machinebasicblock-mayhaveinlineasmbr-n7-d16.pbqp,llvm,none,kernel,442109.0
436-mbb-machinebasicblock-mayhaveinlineasmbr-n7-d16.pbqp,llvm,none,metadata,146309.0
436-mbb-machinebasicblock-mayhaveinlineasmbr-n7-d16.pbqp,llvm,none,search,208947.0
436-mbb-machinebasicblock-mayhaveinlineasmbr-n7-d16.pbqp,llvm,none,clone,130965.0
436-mbb-machinebasicblock-mayhaveinlineasmbr-n7-d16.pbqp,llvm,none,allocation,104721.0
436-mbb-machinebasicblock-mayhaveinlineasmbr-n7-d16.pbqp,llvm,none,conditioning,61747.0
436-mbb-machinebasicblock-mayhaveinlineasmbr-n7-d16.pbqp,llvm,none,r0,7644.0
436-mbb-machinebasicblock-mayhaveinlineasmbr-n7-d16.pbqp,llvm,none,r1,81773.0
436-mbb-machinebasicblock-mayhaveinlineasmbr-n7-d16.pbqp,llvm,none,r2,320493.0
436-mbb-machinebasicblock-mayhaveinlineasmbr-n7-d16.pbqp,llvm,none,lower_bound,22278.0
436-mbb-machinebasicblock-mayhaveinlineasmbr-n7-d16.pbqp,llvm,none,incumbent,15193.0
436-mbb-machinebasicblock-mayhaveinlineasmbr-n7-d16.pbqp,llvm,none,seed,0.0
436-mbb-machinebasicblock-mayhaveinlineasmbr-n7-d16.pbqp,llvm,heuristic,other,289.0
436-mbb-machinebasicblock-mayhaveinlineasmbr-n7-d16.pbqp,llvm,heuristic,topology,1690.0
436-mbb-machinebasicblock-mayhaveinlineasmbr-n7-d16.pbqp,llvm,heuristic,selection,1606.0
436-mbb-machinebasicblock-mayhaveinlineasmbr-n7-d16.pbqp,llvm,heuristic,reduction,922.0
436-mbb-machinebasicblock-mayhaveinlineasmbr-n7-d16.pbqp,llvm,heuristic,reconstruction,65.0
436-mbb-machinebasicblock-mayhaveinlineasmbr-n7-d16.pbqp,llvm,heuristic,kernel,6713.0
436-mbb-machinebasicblock-mayhaveinlineasmbr-n7-d16.pbqp,llvm,heuristic,metadata,287.0
436-mbb-machinebasicblock-mayhaveinlineasmbr-n7-d16.pbqp,llvm,heuristic,search,128.0
436-mbb-machinebasicblock-mayhaveinlineasmbr-n7-d16.pbqp,llvm,heuristic,clone,0.0
436-mbb-machinebasicblock-mayhaveinlineasmbr-n7-d16.pbqp,llvm,heuristic,allocation,814.0
436-mbb-machinebasicblock-mayhaveinlineasmbr-n7-d16.pbqp,llvm,heuristic,conditioning,649.0
436-mbb-machinebasicblock-mayhaveinlineasmbr-n7-d16.pbqp,llvm,heuristic,r0,42.0
436-mbb-machinebasicblock-mayhaveinlineasmbr-n7-d16.pbqp,llvm,heuristic,r1,843.0
436-mbb-machinebasicblock-mayhaveinlineasmbr-n7-d16.pbqp,llvm,heuristic,r2,1307.0
436-mbb-machinebasicblock-mayhaveinlineasmbr-n7-d16.pbqp,llvm,heuristic,lower_bound,1190.0
436-mbb-machinebasicblock-mayhaveinlineasmbr-n7-d16.pbqp,llvm,heuristic,incumbent,67.0
436-mbb-machinebasicblock-mayhaveinlineasmbr-n7-d16.pbqp,llvm,heuristic,seed,1345.0
437-mbb-machinebasicblock-getbeginclobbermas-n3-d16.pbqp,llvm,none,other,422.0
437-mbb-machinebasicblock-getbeginclobbermas-n3-d16.pbqp,llvm,none,topology,246.0
437-mbb-machinebasicblock-getbeginclobbermas-n3-d16.pbqp,llvm,none,selection,166.0
437-mbb-machinebasicblock-getbeginclobbermas-n3-d16.pbqp,llvm,none,reduction,0.0
437-mbb-machinebasicblock-getbeginclobbermas-n3-d16.pbqp,llvm,none,reconstruction,57.0
437-mbb-machinebasicblock-getbeginclobbermas-n3-d16.pbqp,llvm,none,kernel,291.0
437-mbb-machinebasicblock-getbeginclobbermas-n3-d16.pbqp,llvm,none,metadata,429.0
437-mbb-machinebasicblock-getbeginclobbermas-n3-d16.pbqp,llvm,none,search,0.0
437-mbb-machinebasicblock-getbeginclobbermas-n3-d16.pbqp,llvm,none,clone,0.0
437-mbb-machinebasicblock-getbeginclobbermas-n3-d16.pbqp,llvm,none,allocation,198.0
437-mbb-machinebasicblock-getbeginclobbermas-n3-d16.pbqp,llvm,none,conditioning,0.0
437-mbb-machinebasicblock-getbeginclobbermas-n3-d16.pbqp,llvm,none,r0,26.0
437-mbb-machinebasicblock-getbeginclobbermas-n3-d16.pbqp,llvm,none,r1,590.0
437-mbb-machinebasicblock-getbeginclobbermas-n3-d16.pbqp,llvm,none,r2,0.0
437-mbb-machinebasicblock-getbeginclobbermas-n3-d16.pbqp,llvm,none,lower_bound,0.0
437-mbb-machinebasicblock-getbeginclobbermas-n3-d16.pbqp,llvm,none,incumbent,0.0
437-mbb-machinebasicblock-getbeginclobbermas-n3-d16.pbqp,llvm,none,seed,0.0
437-mbb-machinebasicblock-getbeginclobbermas-n3-d16.pbqp,llvm,heuristic,other,375.0
437-mbb-machinebasicblock-getbeginclobbermas-n3-d16.pbqp,llvm,heuristic,topology,374.0
437-mbb-machinebasicblock-getbeginclobbermas-n3-d16.pbqp,llvm,heuristic,selection,286.0
437-mbb-machinebasicblock-getbeginclobbermas-n3-d16.pbqp,llvm,heuristic,reduction,0.0
437-mbb-machinebasicblock-getbeginclobbermas-n3-d16.pbqp,llvm,heuristic,reconstruction,54.0
437-mbb-machinebasicblock-getbeginclobbermas-n3-d16.pbqp,llvm,heuristic,kernel,734.0
437-mbb-machinebasicblock-getbeginclobbermas-n3-d16.pbqp,llvm,heuristic,metadata,465.0
437-mbb-machinebasicblock-getbeginclobbermas-n3-d16.pbqp,llvm,heuristic,search,0.0
437-mbb-machinebasicblock-getbeginclobbermas-n3-d16.pbqp,llvm,heuristic,clone,0.0
437-mbb-machinebasicblock-getbeginclobbermas-n3-d16.pbqp,llvm,heuristic,allocation,348.0
437-mbb-machinebasicblock-getbeginclobbermas-n3-d16.pbqp,llvm,heuristic,conditioning,0.0
437-mbb-machinebasicblock-getbeginclobbermas-n3-d16.pbqp,llvm,heuristic,r0,46.0
437-mbb-machinebasicblock-getbeginclobbermas-n3-d16.pbqp,llvm,heuristic,r1,995.0
437-mbb-machinebasicblock-getbeginclobbermas-n3-d16.pbqp,llvm,heuristic,r2,0.0
437-mbb-machinebasicblock-getbeginclobbermas-n3-d16.pbqp,llvm,heuristic,lower_bound,0.0
437-mbb-machinebasicblock-getbeginclobbermas-n3-d16.pbqp,llvm,heuristic,incumbent,0.0
437-mbb-machinebasicblock-getbeginclobbermas-n3-d16.pbqp,llvm,heuristic,seed,603.0
439-mbb-machinebasicblock-cansplitcriticaled-n62-d16-r1.pbqp,llvm,heuristic,other,1599.0
439-mbb-machinebasicblock-cansplitcriticaled-n62-d16-r1.pbqp,llvm,heuristic,topology,83760.0
439-mbb-machinebasicblock-cansplitcriticaled-n62-d16-r1.pbqp,llvm,heuristic,selection,85629.0
439-mbb-machinebasicblock-cansplitcriticaled-n62-d16-r1.pbqp,llvm,heuristic,reduction,28653.0
439-mbb-machinebasicblock-cansplitcriticaled-n62-d16-r1.pbqp,llvm,heuristic,reconstruction,272.0
439-mbb-machinebasicblock-cansplitcriticaled-n62-d16-r1.pbqp,llvm,heuristic,kernel,76339.0
439-mbb-machinebasicblock-cansplitcriticaled-n62-d16-r1.pbqp,llvm,heuristic,metadata,1849.0
439-mbb-machinebasicblock-cansplitcriticaled-n62-d16-r1.pbqp,llvm,heuristic,search,267.0
439-mbb-machinebasicblock-cansplitcriticaled-n62-d16-r1.pbqp,llvm,heuristic,clone,0.0
439-mbb-machinebasicblock-cansplitcriticaled-n62-d16-r1.pbqp,llvm,heuristic,allocation,11235.0
439-mbb-machinebasicblock-cansplitcriticaled-n62-d16-r1.pbqp,llvm,heuristic,conditioning,20619.0
439-mbb-machinebasicblock-cansplitcriticaled-n62-d16-r1.pbqp,llvm,heuristic,r0,61.0
439-mbb-machinebasicblock-cansplitcriticaled-n62-d16-r1.pbqp,llvm,heuristic,r1,1060.0
439-mbb-machinebasicblock-cansplitcriticaled-n62-d16-r1.pbqp,llvm,heuristic,r2,9365.0
439-mbb-machinebasicblock-cansplitcriticaled-n62-d16-r1.pbqp,llvm,heuristic,lower_bound,13086.0
439-mbb-machinebasicblock-cansplitcriticaled-n62-d16-r1.pbqp,llvm,heuristic,incumbent,115.0
439-mbb-machinebasicblock-cansplitcriticaled-n62-d16-r1.pbqp,llvm,heuristic,seed,18469.0
440-mbb-machinebasicblock-getsinglepredecess-n3-d16.pbqp,llvm,none,other,369.0
440-mbb-machinebasicblock-getsinglepredecess-n3-d16.pbqp,llvm,none,topology,139.0
440-mbb-machinebasicblock-getsinglepredecess-n3-d16.pbqp,llvm,none,selection,179.0
440-mbb-machinebasicblock-getsinglepredecess-n3-d16.pbqp,llvm,none,reduction,0.0
440-mbb-machinebasicblock-getsinglepredecess-n3-d16.pbqp,llvm,none,reconstruction,26.0
440-mbb-machinebasicblock-getsinglepredecess-n3-d16.pbqp,llvm,none,kernel,0.0
440-mbb-machinebasicblock-getsinglepredecess-n3-d16.pbqp,llvm,none,metadata,0.0
440-mbb-machinebasicblock-getsinglepredecess-n3-d16.pbqp,llvm,none,search,0.0
440-mbb-machinebasicblock-getsinglepredecess-n3-d16.pbqp,llvm,none,clone,0.0
440-mbb-machinebasicblock-getsinglepredecess-n3-d16.pbqp,llvm,none,allocation,0.0
440-mbb-machinebasicblock-getsinglepredecess-n3-d16.pbqp,llvm,none,conditioning,0.0
440-mbb-machinebasicblock-getsinglepredecess-n3-d16.pbqp,llvm,none,r0,93.0
440-mbb-machinebasicblock-getsinglepredecess-n3-d16.pbqp,llvm,none,r1,0.0
440-mbb-machinebasicblock-getsinglepredecess-n3-d16.pbqp,llvm,none,r2,0.0
440-mbb-machinebasicblock-getsinglepredecess-n3-d16.pbqp,llvm,none,lower_bound,0.0
440-mbb-machinebasicblock-getsinglepredecess-n3-d16.pbqp,llvm,none,incumbent,0.0
440-mbb-machinebasicblock-getsinglepredecess-n3-d16.pbqp,llvm,none,seed,0.0
440-mbb-machinebasicblock-getsinglepredecess-n3-d16.pbqp,llvm,heuristic,other,437.0
440-mbb-machinebasicblock-getsinglepredecess-n3-d16.pbqp,llvm,heuristic,topology,319.0
440-mbb-machinebasicblock-getsinglepredecess-n3-d16.pbqp,llvm,heuristic,selection,360.0
440-mbb-machinebasicblock-getsinglepredecess-n3-d16.pbqp,llvm,heuristic,reduction,0.0
440-mbb-machinebasicblock-getsinglepredecess-n3-d16.pbqp,llvm,heuristic,reconstruction,50.0
440-mbb-machinebasicblock-getsinglepredecess-n3-d16.pbqp,llvm,heuristic,kernel,0.0
440-mbb-machinebasicblock-getsinglepredecess-n3-d16.pbqp,llvm,heuristic,metadata,0.0
440-mbb-machinebasicblock-getsinglepredecess-n3-d16.pbqp,llvm,heuristic,search,0.0
440-mbb-machinebasicblock-getsinglepredecess-n3-d16.pbqp,llvm,heuristic,clone,0.0
440-mbb-machinebasicblock-getsinglepredecess-n3-d16.pbqp,llvm,heuristic,allocation,0.0
440-mbb-machinebasicblock-getsinglepredecess-n3-d16.pbqp,llvm,heuristic,conditioning,0.0
440-mbb-machinebasicblock-getsinglepredecess-n3-d16.pbqp,llvm,heuristic,r0,161.0
440-mbb-machinebasicblock-getsinglepredecess-n3-d16.pbqp,llvm,heuristic,r1,0.0
440-mbb-machinebasicblock-getsinglepredecess-n3-d16.pbqp,llvm,heuristic,r2,0.0
440-mbb-machinebasicblock-getsinglepredecess-n3-d16.pbqp,llvm,heuristic,lower_bound,0.0
440-mbb-machinebasicblock-getsinglepredecess-n3-d16.pbqp,llvm,heuristic,incumbent,0.0
440-mbb-machinebasicblock-getsinglepredecess-n3-d16.pbqp,llvm,heuristic,seed,905.0
441-mbb-machinebasicblock-getprobabilityiter-n2-d16.pbqp,llvm,none,other,317.0
441-mbb-machinebasicblock-getprobabilityiter-n2-d16.pbqp,llvm,none,topology,130.0
441-mbb-machinebasicblock-getprobabilityiter-n2-d16.pbqp,llvm,none,selection,119.0
441-mbb-machinebasicblock-getprobabilityiter-n2-d16.pbqp,llvm,none,reduction,0.0
441-mbb-machinebasicblock-getprobabilityiter-n2-d16.pbqp,llvm,none,reconstruction,34.0
441-mbb-machinebasicblock-getprobabilityiter-n2-d16.pbqp,llvm,none,kernel,147.0
441-mbb-machinebasicblock-getprobabilityiter-n2-d16.pbqp,llvm,none,metadata,280.0
441-mbb-machinebasicblock-getprobabilityiter-n2-d16.pbqp,llvm,none,search,0.0
441-mbb-machinebasicblock-getprobabilityiter-n2-d16.pbqp,llvm,none,clone,0.0
441-mbb-machinebasicblock-getprobabilityiter-n2-d16.pbqp,llvm,none,allocation,120.0
441-mbb-machinebasicblock-getprobabilityiter-n2-d16.pbqp,llvm,none,conditioning,0.0
441-mbb-machinebasicblock-getprobabilityiter-n2-d16.pbqp,llvm,none,r0,25.0
441-mbb-machinebasicblock-getprobabilityiter-n2-d16.pbqp,llvm,none,r1,382.0
441-mbb-machinebasicblock-getprobabilityiter-n2-d16.pbqp,llvm,none,r2,0.0
441-mbb-machinebasicblock-getprobabilityiter-n2-d16.pbqp,llvm,none,lower_bound,0.0
441-mbb-machinebasicblock-getprobabilityiter-n2-d16.pbqp,llvm,none,incumbent,0.0
441-mbb-machinebasicblock-getprobabilityiter-n2-d16.pbqp,llvm,none,seed,0.0
441-mbb-machinebasicblock-getprobabilityiter-n2-d16.pbqp,llvm,heuristic,other,280.0
441-mbb-machinebasicblock-getprobabilityiter-n2-d16.pbqp,llvm,heuristic,topology,224.0
441-mbb-machinebasicblock-getprobabilityiter-n2-d16.pbqp,llvm,heuristic,selection,209.0
441-mbb-machinebasicblock-getprobabilityiter-n2-d16.pbqp,llvm,heuristic,reduction,0.0
441-mbb-machinebasicblock-getprobabilityiter-n2-d16.pbqp,llvm,heuristic,reconstruction,47.0
441-mbb-machinebasicblock-getprobabilityiter-n2-d16.pbqp,llvm,heuristic,kernel,454.0
441-mbb-machinebasicblock-getprobabilityiter-n2-d16.pbqp,llvm,heuristic,metadata,262.0
441-mbb-machinebasicblock-getprobabilityiter-n2-d16.pbqp,llvm,heuristic,search,0.0
441-mbb-machinebasicblock-getprobabilityiter-n2-d16.pbqp,llvm,heuristic,clone,0.0
441-mbb-machinebasicblock-getprobabilityiter-n2-d16.pbqp,llvm,heuristic,allocation,172.0
441-mbb-machinebasicblock-getprobabilityiter-n2-d16.pbqp,llvm,heuristic,conditioning,0.0
441-mbb-machinebasicblock-getprobabilityiter-n2-d16.pbqp,llvm,heuristic,r0,46.0
441-mbb-machinebasicblock-getprobabilityiter-n2-d16.pbqp,llvm,heuristic,r1,554.0
441-mbb-machinebasicblock-getprobabilityiter-n2-d16.pbqp,llvm,heuristic,r2,0.0
441-mbb-machinebasicblock-getprobabilityiter-n2-d16.pbqp,llvm,heuristic,lower_bound,0.0
441-mbb-machinebasicblock-getprobabilityiter-n2-d16.pbqp,llvm,heuristic,incumbent,0.0
441-mbb-machinebasicblock-getprobabilityiter-n2-d16.pbqp,llvm,heuristic,seed,496.0
444-mbb-machinebasicblock-sizewithoutdebugla-n9-d16.pbqp,llvm,heuristic,other,253.0
444-mbb-machinebasicblock-sizewithoutdebugla-n9-d16.pbqp,llvm,heuristic,topology,2882.0
444-mbb-machinebasicblock-sizewithoutdebugla-n9-d16.pbqp,llvm,heuristic,selection,2826.0
444-mbb-machinebasicblock-sizewithoutdebugla-n9-d16.pbqp,llvm,heuristic,reduction,1929.0
444-mbb-machinebasicblock-sizewithoutdebugla-n9-d16.pbqp,llvm,heuristic,reconstruction,65.0
444-mbb-machinebasicblock-sizewithoutdebugla-n9-d16.pbqp,llvm,heuristic,kernel,11357.0
444-mbb-machinebasicblock-sizewithoutdebugla-n9-d16.pbqp,llvm,heuristic,metadata,0.0
444-mbb-machinebasicblock-sizewithoutdebugla-n9-d16.pbqp,llvm,heuristic,search,128.0
444-mbb-machinebasicblock-sizewithoutdebugla-n9-d16.pbqp,llvm,heuristic,clone,0.0
444-mbb-machinebasicblock-sizewithoutdebugla-n9-d16.pbqp,llvm,heuristic,allocation,1344.0
444-mbb-machinebasicblock-sizewithoutdebugla-n9-d16.pbqp,llvm,heuristic,conditioning,1828.0
444-mbb-machinebasicblock-sizewithoutdebugla-n9-d16.pbqp,llvm,heuristic,r0,42.0
444-mbb-machinebasicblock-sizewithoutdebugla-n9-d16.pbqp,llvm,heuristic,r1,307.0
444-mbb-machinebasicblock-sizewithoutdebugla-n9-d16.pbqp,llvm,heuristic,r2,1390.0
444-mbb-machinebasicblock-sizewithoutdebugla-n9-d16.pbqp,llvm,heuristic,lower_bound,2697.0
444-mbb-machinebasicblock-sizewithoutdebugla-n9-d16.pbqp,llvm,heuristic,incumbent,66.0
444-mbb-machinebasicblock-sizewithoutdebugla-n9-d16.pbqp,llvm,heuristic,seed,2005.0
446-mbb-machinebasicblock-print-n18-d17.pbqp,llvm,none,other,947.0
446-mbb-machinebasicblock-print-n18-d17.pbqp,llvm,none,topology,88316.0
446-mbb-machinebasicblock-print-n18-d17.pbqp,llvm,none,selection,46264.0
446-mbb-machinebasicblock-print-n18-d17.pbqp,llvm,none,reduction,0.0
446-mbb-machinebasicblock-print-n18-d17.pbqp,llvm,none,reconstruction,580.0
446-mbb-machinebasicblock-print-n18-d17.pbqp,llvm,none,kernel,87678.0
446-mbb-machinebasicblock-print-n18-d17.pbqp,llvm,none,metadata,19240.0
446-mbb-machinebasicblock-print-n18-d17.pbqp,llvm,none,search,137718.0
446-mbb-machinebasicblock-print-n18-d17.pbqp,llvm,none,clone,303823.0
446-mbb-machinebasicblock-print-n18-d17.pbqp,llvm,none,allocation,63143.0
446-mbb-machinebasicblock-print-n18-d17.pbqp,llvm,none,conditioning,75638.0
446-mbb-machinebasicblock-print-n18-d17.pbqp,llvm,none,r0,2914.0
446-mbb-machinebasicblock-print-n18-d17.pbqp,llvm,none,r1,17929.0
446-mbb-machinebasicblock-print-n18-d17.pbqp,llvm,none,r2,39260.0
446-mbb-machinebasicblock-print-n18-d17.pbqp,llvm,none,lower_bound,95765.0
446-mbb-machinebasicblock-print-n18-d17.pbqp,llvm,none,incumbent,18629.0
446-mbb-machinebasicblock-print-n18-d17.pbqp,llvm,none,seed,0.0
446-mbb-machinebasicblock-print-n18-d17.pbqp,llvm,heuristic,other,923.0
446-mbb-machinebasicblock-print-n18-d17.pbqp,llvm,heuristic,topology,6798.0
446-mbb-machinebasicblock-print-n18-d17.pbqp,llvm,heuristic,selection,6239.0
446-mbb-machinebasicblock-print-n18-d17.pbqp,llvm,heuristic,reduction,1890.0
446-mbb-machinebasicblock-print-n18-d17.pbqp,llvm,heuristic,reconstruction,82.0
446-mbb-machinebasicblock-print-n18-d17.pbqp,llvm,heuristic,kernel,15347.0
446-mbb-machinebasicblock-print-n18-d17.pbqp,llvm,heuristic,metadata,801.0
446-mbb-machinebasicblock-print-n18-d17.pbqp,llvm,heuristic,search,133.0
446-mbb-machinebasicblock-print-n18-d17.pbqp,llvm,heuristic,clone,0.0
446-mbb-machinebasicblock-print-n18-d17.pbqp,llvm,heuristic,allocation,2327.0
446-mbb-machinebasicblock-print-n18-d17.pbqp,llvm,heuristic,conditioning,1889.0
446-mbb-machinebasicblock-print-n18-d17.pbqp,llvm,heuristic,r0,215.0
446-mbb-machinebasicblock-print-n18-d17.pbqp,llvm,heuristic,r1,1021.0
446-mbb-machinebasicblock-print-n18-d17.pbqp,llvm,heuristic,r2,4782.0
446-mbb-machinebasicblock-print-n18-d17.pbqp,llvm,heuristic,lower_bound,1268.0
446-mbb-machinebasicblock-print-n18-d17.pbqp,llvm,heuristic,incumbent,76.0
446-mbb-machinebasicblock-print-n18-d17.pbqp,llvm,heuristic,seed,3607.0
449-mbb-machinebasicblock-getname-n4-d16.pbqp,llvm,none,other,414.0
449-mbb-machinebasicblock-getname-n4-d16.pbqp,llvm,none,topology,208.0
449-mbb-machinebasicblock-getname-n4-d16.pbqp,llvm,none,selection,196.0
449-mbb-machinebasicblock-getname-n4-d16.pbqp,llvm,none,reduction,0.0
449-mbb-machinebasicblock-getname-n4-d16.pbqp,llvm,none,reconstruction,26.0
449-mbb-machinebasicblock-getname-n4-d16.pbqp,llvm,none,kernel,163.0
449-mbb-machinebasicblock-getname-n4-d16.pbqp,llvm,none,metadata,225.0
449-mbb-machinebasicblock-getname-n4-d16.pbqp,llvm,none,search,0.0
449-mbb-machinebasicblock-getname-n4-d16.pbqp,llvm,none,clone,0.0
449-mbb-machinebasicblock-getname-n4-d16.pbqp,llvm,none,allocation,86.0
449-mbb-machinebasicblock-getname-n4-d16.pbqp,llvm,none,conditioning,0.0
449-mbb-machinebasicblock-getname-n4-d16.pbqp,llvm,none,r0,79.0
449-mbb-machinebasicblock-getname-n4-d16.pbqp,llvm,none,r1,281.0
449-mbb-machinebasicblock-getname-n4-d16.pbqp,llvm,none,r2,0.0
449-mbb-machinebasicblock-getname-n4-d16.pbqp,llvm,none,lower_bound,0.0
449-mbb-machinebasicblock-getname-n4-d16.pbqp,llvm,none,incumbent,0.0
449-mbb-machinebasicblock-getname-n4-d16.pbqp,llvm,none,seed,0.0
449-mbb-machinebasicblock-getname-n4-d16.pbqp,llvm,heuristic,other,457.0
449-mbb-machinebasicblock-getname-n4-d16.pbqp,llvm,heuristic,topology,389.0
449-mbb-machinebasicblock-getname-n4-d16.pbqp,llvm,heuristic,selection,399.0
449-mbb-machinebasicblock-getname-n4-d16.pbqp,llvm,heuristic,reduction,0.0
449-mbb-machinebasicblock-getname-n4-d16.pbqp,llvm,heuristic,reconstruction,53.0
449-mbb-machinebasicblock-getname-n4-d16.pbqp,llvm,heuristic,kernel,525.0
449-mbb-machinebasicblock-getname-n4-d16.pbqp,llvm,heuristic,metadata,253.0
449-mbb-machinebasicblock-getname-n4-d16.pbqp,llvm,heuristic,search,0.0
449-mbb-machinebasicblock-getname-n4-d16.pbqp,llvm,heuristic,clone,0.0
449-mbb-machinebasicblock-getname-n4-d16.pbqp,llvm,heuristic,allocation,172.0
449-mbb-machinebasicblock-getname-n4-d16.pbqp,llvm,heuristic,conditioning,0.0
449-mbb-machinebasicblock-getname-n4-d16.pbqp,llvm,heuristic,r0,159.0
449-mbb-machinebasicblock-getname-n4-d16.pbqp,llvm,heuristic,r1,627.0
449-mbb-machinebasicblock-getname-n4-d16.pbqp,llvm,heuristic,r2,0.0
449-mbb-machinebasicblock-getname-n4-d16.pbqp,llvm,heuristic,lower_bound,0.0
449-mbb-machinebasicblock-getname-n4-d16.pbqp,llvm,heuristic,incumbent,0.0
449-mbb-machinebasicblock-getname-n4-d16.pbqp,llvm,heuristic,seed,680.0
450-mbb-machinebasicblock-hasname-n3-d16.pbqp,llvm,none,other,315.0
450-mbb-machinebasicblock-hasname-n3-d16.pbqp,llvm,none,topology,127.0
450-mbb-machinebasicblock-hasname-n3-d16.pbqp,llvm,none,selection,177.0
450-mbb-machinebasicblock-hasname-n3-d16.pbqp,llvm,none,reduction,0.0
450-mbb-machinebasicblock-hasname-n3-d16.pbqp,llvm,none,reconstruction,25.0
450-mbb-machinebasicblock-hasname-n3-d16.pbqp,llvm,none,kernel,0.0
450-mbb-machinebasicblock-hasname-n3-d16.pbqp,llvm,none,metadata,0.0
450-mbb-machinebasicblock-hasname-n3-d16.pbqp,llvm,none,search,0.0
450-mbb-machinebasicblock-hasname-n3-d16.pbqp,llvm,none,clone,0.0
450-mbb-machinebasicblock-hasname-n3-d16.pbqp,llvm,none,allocation,0.0
450-mbb-machinebasicblock-hasname-n3-d16.pbqp,llvm,none,conditioning,0.0
450-mbb-machinebasicblock-hasname-n3-d16.pbqp,llvm,none,r0,68.0
450-mbb-machinebasicblock-hasname-n3-d16.pbqp,llvm,none,r1,0.0
450-mbb-machinebasicblock-hasname-n3-d16.pbqp,llvm,none,r2,0.0
450-mbb-machinebasicblock-hasname-n3-d16.pbqp,llvm,none,lower_bound,0.0
450-mbb-machinebasicblock-hasname-n3-d16.pbqp,llvm,none,incumbent,0.0
450-mbb-machinebasicblock-hasname-n3-d16.pbqp,llvm,none,seed,0.0
450-mbb-machinebasicblock-hasname-n3-d16.pbqp,llvm,heuristic,other,381.0
450-mbb-machinebasicblock-hasname-n3-d16.pbqp,llvm,heuristic,topology,267.0
450-mbb-machinebasicblock-hasname-n3-d16.pbqp,llvm,heuristic,selection,307.0
450-mbb-machinebasicblock-hasname-n3-d16.pbqp,llvm,heuristic,reduction,0.0
450-mbb-machinebasicblock-hasname-n3-d16.pbqp,llvm,heuristic,reconstruction,51.0
450-mbb-machinebasicblock-hasname-n3-d16.pbqp,llvm,heuristic,kernel,0.0
450-mbb-machinebasicblock-hasname-n3-d16.pbqp,llvm,heuristic,metadata,0.0
450-mbb-machinebasicblock-hasname-n3-d16.pbqp,llvm,heuristic,search,0.0
450-mbb-machinebasicblock-hasname-n3-d16.pbqp,llvm,heuristic,clone,0.0
450-mbb-machinebasicblock-hasname-n3-d16.pbqp,llvm,heuristic,allocation,0.0
450-mbb-machinebasicblock-hasname-n3-d16.pbqp,llvm,heuristic,conditioning,0.0
450-mbb-machinebasicblock-hasname-n3-d16.pbqp,llvm,heuristic,r0,142.0
450-mbb-machinebasicblock-hasname-n3-d16.pbqp,llvm,heuristic,r1,0.0
450-mbb-machinebasicblock-hasname-n3-d16.pbqp,llvm,heuristic,r2,0.0
450-mbb-machinebasicblock-hasname-n3-d16.pbqp,llvm,heuristic,lower_bound,0.0
450-mbb-machinebasicblock-hasname-n3-d16.pbqp,llvm,heuristic,incumbent,0.0
450-mbb-machinebasicblock-hasname-n3-d16.pbqp,llvm,heuristic,seed,559.0
451-mbb-machinebasicblock-islivein-n8-d16.pbqp,llvm,none,other,388.0
451-mbb-machinebasicblock-islivein-n8-d16.pbqp,llvm,none,topology,44736.0
451-mbb-machinebasicblock-islivein-n8-d16.pbqp,llvm,none,selection,23790.0
451-mbb-machinebasicblock-islivein-n8-d16.pbqp,llvm,none,reduction,0.0
451-mbb-machinebasicblock-islivein-n8-d16.pbqp,llvm,none,reconstruction,208.0
451-mbb-machinebasicblock-islivein-n8-d16.pbqp,llvm,none,kernel,123452.0
451-mbb-machinebasicblock-islivein-n8-d16.pbqp,llvm,none,metadata,29847.0
451-mbb-machinebasicblock-islivein-n8-d16.pbqp,llvm,none,search,86648.0
451-mbb-machinebasicblock-islivein-n8-d16.pbqp,llvm,none,clone,76788.0
451-mbb-machinebasicblock-islivein-n8-d16.pbqp,llvm,none,allocation,39393.0
451-mbb-machinebasicblock-islivein-n8-d16.pbqp,llvm,none,conditioning,36876.0
451-mbb-machinebasicblock-islivein-n8-d16.pbqp,llvm,none,r0,2075.0
451-mbb-machinebasicblock-islivein-n8-d16.pbqp,llvm,none,r1,17771.0
451-mbb-machinebasicblock-islivein-n8-d16.pbqp,llvm,none,r2,66474.0
451-mbb-machinebasicblock-islivein-n8-d16.pbqp,llvm,none,lower_bound,82260.0
451-mbb-machinebasicblock-islivein-n8-d16.pbqp,llvm,none,incumbent,10637.0
451-mbb-machinebasicblock-islivein-n8-d16.pbqp,llvm,none,seed,0.0
451-mbb-machinebasicblock-islivein-n8-d16.pbqp,llvm,heuristic,other,335.0
451-mbb-machinebasicblock-islivein-n8-d16.pbqp,llvm,heuristic,topology,2265.0
451-mbb-machinebasicblock-islivein-n8-d16.pbqp,llvm,heuristic,selection,2153.0
451-mbb-machinebasicblock-islivein-n8-d16.pbqp,llvm,heuristic,reduction,1291.0
451-mbb-machinebasicblock-islivein-n8-d16.pbqp,llvm,heuristic,reconstruction,77.0
451-mbb-machinebasicblock-islivein-n8-d16.pbqp,llvm,heuristic,kernel,8199.0
451-mbb-machinebasicblock-islivein-n8-d16.pbqp,llvm,heuristic,metadata,0.0
451-mbb-machinebasicblock-islivein-n8-d16.pbqp,llvm,heuristic,search,127.0
451-mbb-machinebasicblock-islivein-n8-d16.pbqp,llvm,heuristic,clone,0.0
451-mbb-machinebasicblock-islivein-n8-d16.pbqp,llvm,heuristic,allocation,1013.0
451-mbb-machinebasicblock-islivein-n8-d16.pbqp,llvm,heuristic,conditioning,1065.0
451-mbb-machinebasicblock-islivein-n8-d16.pbqp,llvm,heuristic,r0,74.0
451-mbb-machinebasicblock-islivein-n8-d16.pbqp,llvm,heuristic,r1,296.0
451-mbb-machinebasicblock-islivein-n8-d16.pbqp,llvm,heuristic,r2,1153.0
451-mbb-machinebasicblock-islivein-n8-d16.pbqp,llvm,heuristic,lower_bound,1743.0
451-mbb-machinebasicblock-islivein-n8-d16.pbqp,llvm,heuristic,incumbent,64.0
451-mbb-machinebasicblock-islivein-n8-d16.pbqp,llvm,heuristic,seed,1551.0
452-mbb-machinebasicblock-getsymbol-n29-d17.pbqp,llvm,heuristic,other,720.0
452-mbb-machinebasicblock-getsymbol-n29-d17.pbqp,llvm,heuristic,topology,18558.0
452-mbb-machinebasicblock-getsymbol-n29-d17.pbqp,llvm,heuristic,selection,18995.0
452-mbb-machinebasicblock-getsymbol-n29-d17.pbqp,llvm,heuristic,reduction,8221.0
452-mbb-machinebasicblock-getsymbol-n29-d17.pbqp,llvm,heuristic,reconstruction,102.0
452-mbb-machinebasicblock-getsymbol-n29-d17.pbqp,llvm,heuristic,kernel,30153.0
452-mbb-machinebasicblock-getsymbol-n29-d17.pbqp,llvm,heuristic,metadata,341.0
452-mbb-machinebasicblock-getsymbol-n29-d17.pbqp,llvm,heuristic,search,135.0
452-mbb-machinebasicblock-getsymbol-n29-d17.pbqp,llvm,heuristic,clone,0.0
452-mbb-machinebasicblock-getsymbol-n29-d17.pbqp,llvm,heuristic,allocation,4992.0
452-mbb-machinebasicblock-getsymbol-n29-d17.pbqp,llvm,heuristic,conditioning,7064.0
452-mbb-machinebasicblock-getsymbol-n29-d17.pbqp,llvm,heuristic,r0,101.0
452-mbb-machinebasicblock-getsymbol-n29-d17.pbqp,llvm,heuristic,r1,355.0
452-mbb-machinebasicblock-getsymbol-n29-d17.pbqp,llvm,heuristic,r2,4038.0
452-mbb-machinebasicblock-getsymbol-n29-d17.pbqp,llvm,heuristic,lower_bound,6192.0
452-mbb-machinebasicblock-getsymbol-n29-d17.pbqp,llvm,heuristic,incumbent,88.0
452-mbb-machinebasicblock-getsymbol-n29-d17.pbqp,llvm,heuristic,seed,8731.0
453-mbb-machinebasicblock-printname-n121-d17.pbqp,llvm,heuristic,other,2106.0
453-mbb-machinebasicblock-printname-n121-d17.pbqp,llvm,heuristic,topology,256116.0
453-mbb-machinebasicblock-printname-n121-d17.pbqp,llvm,heuristic,selection,285125.0
453-mbb-machinebasicblock-printname-n121-d17.pbqp,llvm,heuristic,reduction,61680.0
453-mbb-machinebasicblock-printname-n121-d17.pbqp,llvm,heuristic,reconstruction,434.0
453-mbb-machinebasicblock-printname-n121-d17.pbqp,llvm,heuristic,kernel,107665.0
453-mbb-machinebasicblock-printname-n121-d17.pbqp,llvm,heuristic,metadata,1375.0
453-mbb-machinebasicblock-printname-n121-d17.pbqp,llvm,heuristic,search,258.0
453-mbb-machinebasicblock-printname-n121-d17.pbqp,llvm,heuristic,clone,0.0
453-mbb-machinebasicblock-printname-n121-d17.pbqp,llvm,heuristic,allocation,16037.0
453-mbb-machinebasicblock-printname-n121-d17.pbqp,llvm,heuristic,conditioning,38084.0
453-mbb-machinebasicblock-printname-n121-d17.pbqp,llvm,heuristic,r0,558.0
453-mbb-machinebasicblock-printname-n121-d17.pbqp,llvm,heuristic,r1,954.0
453-mbb-machinebasicblock-printname-n121-d17.pbqp,llvm,heuristic,r2,12293.0
453-mbb-machinebasicblock-printname-n121-d17.pbqp,llvm,heuristic,lower_bound,22664.0
453-mbb-machinebasicblock-printname-n121-d17.pbqp,llvm,heuristic,incumbent,110.0
453-mbb-machinebasicblock-printname-n121-d17.pbqp,llvm,heuristic,seed,36742.0
454-mbb-optionvaluecopy-compare-n4-d16.pbqp,llvm,none,other,514.0
454-mbb-optionvaluecopy-compare-n4-d16.pbqp,llvm,none,topology,542.0
454-mbb-optionvaluecopy-compare-n4-d16.pbqp,llvm,none,selection,297.0
454-mbb-optionvaluecopy-compare-n4-d16.pbqp,llvm,none,reduction,0.0
454-mbb-optionvaluecopy-compare-n4-d16.pbqp,llvm,none,reconstruction,35.0
454-mbb-optionvaluecopy-compare-n4-d16.pbqp,llvm,none,kernel,1796.0
454-mbb-optionvaluecopy-compare-n4-d16.pbqp,llvm,none,metadata,940.0
454-mbb-optionvaluecopy-compare-n4-d16.pbqp,llvm,none,search,0.0
454-mbb-optionvaluecopy-compare-n4-d16.pbqp,llvm,none,clone,0.0
454-mbb-optionvaluecopy-compare-n4-d16.pbqp,llvm,none,allocation,413.0
454-mbb-optionvaluecopy-compare-n4-d16.pbqp,llvm,none,conditioning,0.0
454-mbb-optionvaluecopy-compare-n4-d16.pbqp,llvm,none,r0,28.0
454-mbb-optionvaluecopy-compare-n4-d16.pbqp,llvm,none,r1,680.0
454-mbb-optionvaluecopy-compare-n4-d16.pbqp,llvm,none,r2,1221.0
454-mbb-optionvaluecopy-compare-n4-d16.pbqp,llvm,none,lower_bound,0.0
454-mbb-optionvaluecopy-compare-n4-d16.pbqp,llvm,none,incumbent,0.0
454-mbb-optionvaluecopy-compare-n4-d16.pbqp,llvm,none,seed,0.0
454-mbb-optionvaluecopy-compare-n4-d16.pbqp,llvm,heuristic,other,447.0
454-mbb-optionvaluecopy-compare-n4-d16.pbqp,llvm,heuristic,topology,724.0
454-mbb-optionvaluecopy-compare-n4-d16.pbqp,llvm,heuristic,selection,447.0
454-mbb-optionvaluecopy-compare-n4-d16.pbqp,llvm,heuristic,reduction,0.0
454-mbb-optionvaluecopy-compare-n4-d16.pbqp,llvm,heuristic,reconstruction,61.0
454-mbb-optionvaluecopy-compare-n4-d16.pbqp,llvm,heuristic,kernel,5499.0
454-mbb-optionvaluecopy-compare-n4-d16.pbqp,llvm,heuristic,metadata,848.0
454-mbb-optionvaluecopy-compare-n4-d16.pbqp,llvm,heuristic,search,0.0
454-mbb-optionvaluecopy-compare-n4-d16.pbqp,llvm,heuristic,clone,0.0
454-mbb-optionvaluecopy-compare-n4-d16.pbqp,llvm,heuristic,allocation,499.0
454-mbb-optionvaluecopy-compare-n4-d16.pbqp,llvm,heuristic,conditioning,0.0
454-mbb-optionvaluecopy-compare-n4-d16.pbqp,llvm,heuristic,r0,64.0
454-mbb-optionvaluecopy-compare-n4-d16.pbqp,llvm,heuristic,r1,1075.0
454-mbb-optionvaluecopy-compare-n4-d16.pbqp,llvm,heuristic,r2,2060.0
454-mbb-optionvaluecopy-compare-n4-d16.pbqp,llvm,heuristic,lower_bound,0.0
454-mbb-optionvaluecopy-compare-n4-d16.pbqp,llvm,heuristic,incumbent,0.0
454-mbb-optionvaluecopy-compare-n4-d16.pbqp,llvm,heuristic,seed,720.0
455-mbb-function-handler-m-manager-n4-d16.pbqp,llvm,none,other,491.0
455-mbb-function-handler-m-manager-n4-d16.pbqp,llvm,none,topology,468.0
455-mbb-function-handler-m-manager-n4-d16.pbqp,llvm,none,selection,246.0
455-mbb-function-handler-m-manager-n4-d16.pbqp,llvm,none,reduction,0.0
455-mbb-function-handler-m-manager-n4-d16.pbqp,llvm,none,reconstruction,31.0
455-mbb-function-handler-m-manager-n4-d16.pbqp,llvm,none,kernel,2759.0
455-mbb-function-handler-m-manager-n4-d16.pbqp,llvm,none,metadata,884.0
455-mbb-function-handler-m-manager-n4-d16.pbqp,llvm,none,search,0.0
455-mbb-function-handler-m-manager-n4-d16.pbqp,llvm,none,clone,0.0
455-mbb-function-handler-m-manager-n4-d16.pbqp,llvm,none,allocation,390.0
455-mbb-function-handler-m-manager-n4-d16.pbqp,llvm,none,conditioning,0.0
455-mbb-function-handler-m-manager-n4-d16.pbqp,llvm,none,r0,25.0
455-mbb-function-handler-m-manager-n4-d16.pbqp,llvm,none,r1,310.0
455-mbb-function-handler-m-manager-n4-d16.pbqp,llvm,none,r2,2504.0
455-mbb-function-handler-m-manager-n4-d16.pbqp,llvm,none,lower_bound,0.0
455-mbb-function-handler-m-manager-n4-d16.pbqp,llvm,none,incumbent,0.0
455-mbb-function-handler-m-manager-n4-d16.pbqp,llvm,none,seed,0.0
455-mbb-function-handler-m-manager-n4-d16.pbqp,llvm,heuristic,other,480.0
455-mbb-function-handler-m-manager-n4-d16.pbqp,llvm,heuristic,topology,831.0
455-mbb-function-handler-m-manager-n4-d16.pbqp,llvm,heuristic,selection,451.0
455-mbb-function-handler-m-manager-n4-d16.pbqp,llvm,heuristic,reduction,0.0
455-mbb-function-handler-m-manager-n4-d16.pbqp,llvm,heuristic,reconstruction,63.0
455-mbb-function-handler-m-manager-n4-d16.pbqp,llvm,heuristic,kernel,9804.0
455-mbb-function-handler-m-manager-n4-d16.pbqp,llvm,heuristic,metadata,897.0
455-mbb-function-handler-m-manager-n4-d16.pbqp,llvm,heuristic,search,0.0
455-mbb-function-handler-m-manager-n4-d16.pbqp,llvm,heuristic,clone,0.0
455-mbb-function-handler-m-manager-n4-d16.pbqp,llvm,heuristic,allocation,543.0
455-mbb-function-handler-m-manager-n4-d16.pbqp,llvm,heuristic,conditioning,0.0
455-mbb-function-handler-m-manager-n4-d16.pbqp,llvm,heuristic,r0,49.0
455-mbb-function-handler-m-manager-n4-d16.pbqp,llvm,heuristic,r1,551.0
455-mbb-function-handler-m-manager-n4-d16.pbqp,llvm,heuristic,r2,4765.0
455-mbb-function-handler-m-manager-n4-d16.pbqp,llvm,heuristic,lower_bound,0.0
455-mbb-function-handler-m-manager-n4-d16.pbqp,llvm,heuristic,incumbent,0.0
455-mbb-function-handler-m-manager-n4-d16.pbqp,llvm,heuristic,seed,770.0
456-mbb-function-handler-m-invoke-n5-d16.pbqp,llvm,none,other,589.0
456-mbb-function-handler-m-invoke-n5-d16.pbqp,llvm,none,topology,579.0
456-mbb-function-handler-m-invoke-n5-d16.pbqp,llvm,none,selection,334.0
456-mbb-function-handler-m-invoke-n5-d16.pbqp,llvm,none,reduction,0.0
456-mbb-function-handler-m-invoke-n5-d16.pbqp,llvm,none,reconstruction,34.0
456-mbb-function-handler-m-invoke-n5-d16.pbqp,llvm,none,kernel,1917.0
456-mbb-function-handler-m-invoke-n5-d16.pbqp,llvm,none,metadata,1137.0
456-mbb-function-handler-m-invoke-n5-d16.pbqp,llvm,none,search,0.0
456-mbb-function-handler-m-invoke-n5-d16.pbqp,llvm,none,clone,0.0
456-mbb-function-handler-m-invoke-n5-d16.pbqp,llvm,none,allocation,454.0
456-mbb-function-handler-m-invoke-n5-d16.pbqp,llvm,none,conditioning,0.0
456-mbb-function-handler-m-invoke-n5-d16.pbqp,llvm,none,r0,27.0
456-mbb-function-handler-m-invoke-n5-d16.pbqp,llvm,none,r1,922.0
456-mbb-function-handler-m-invoke-n5-d16.pbqp,llvm,none,r2,1168.0
456-mbb-function-handler-m-invoke-n5-d16.pbqp,llvm,none,lower_bound,0.0
456-mbb-function-handler-m-invoke-n5-d16.pbqp,llvm,none,incumbent,0.0
456-mbb-function-handler-m-invoke-n5-d16.pbqp,llvm,none,seed,0.0
456-mbb-function-handler-m-invoke-n5-d16.pbqp,llvm,heuristic,other,531.0
456-mbb-function-handler-m-invoke-n5-d16.pbqp,llvm,heuristic,topology,885.0
456-mbb-function-handler-m-invoke-n5-d16.pbqp,llvm,heuristic,selection,546.0
456-mbb-function-handler-m-invoke-n5-d16.pbqp,llvm,heuristic,reduction,0.0
456-mbb-function-handler-m-invoke-n5-d16.pbqp,llvm,heuristic,reconstruction,66.0
456-mbb-function-handler-m-invoke-n5-d16.pbqp,llvm,heuristic,kernel,6158.0
456-mbb-function-handler-m-invoke-n5-d16.pbqp,llvm,heuristic,metadata,1044.0
456-mbb-function-handler-m-invoke-n5-d16.pbqp,llvm,heuristic,search,0.0
456-mbb-function-handler-m-invoke-n5-d16.pbqp,llvm,heuristic,clone,0.0
456-mbb-function-handler-m-invoke-n5-d16.pbqp,llvm,heuristic,allocation,681.0
456-mbb-function-handler-m-invoke-n5-d16.pbqp,llvm,heuristic,conditioning,0.0
456-mbb-function-handler-m-invoke-n5-d16.pbqp,llvm,heuristic,r0,49.0
456-mbb-function-handler-m-invoke-n5-d16.pbqp,llvm,heuristic,r1,1747.0
456-mbb-function-handler-m-invoke-n5-d16.pbqp,llvm,heuristic,r2,2120.0
456-mbb-function-handler-m-invoke-n5-d16.pbqp,llvm,heuristic,lower_bound,0.0
456-mbb-function-handler-m-invoke-n5-d16.pbqp,llvm,heuristic,incumbent,0.0
456-mbb-function-handler-m-invoke-n5-d16.pbqp,llvm,heuristic,seed,826.0
457-mbb-function-handler-m-manager-n4-d16.pbqp,llvm,none,other,462.0
457-mbb-function-handler-m-manager-n4-d16.pbqp,llvm,none,topology,458.0
457-mbb-function-handler-m-manager-n4-d16.pbqp,llvm,none,selection,254.0
457-mbb-function-handler-m-manager-n4-d16.pbqp,llvm,none,reduction,0.0
457-mbb-function-handler-m-manager-n4-d16.pbqp,llvm,none,reconstruction,32.0
457-mbb-function-handler-m-manager-n4-d16.pbqp,llvm,none,kernel,2798.0
457-mbb-function-handler-m-manager-n4-d16.pbqp,llvm,none,metadata,854.0
457-mbb-function-handler-m-manager-n4-d16.pbqp,llvm,none,search,0.0
457-mbb-function-handler-m-manager-n4-d16.pbqp,llvm,none,clone,0.0
457-mbb-function-handler-m-manager-n4-d16.pbqp,llvm,none,allocation,332.0
457-mbb-function-handler-m-manager-n4-d16.pbqp,llvm,none,conditioning,0.0
457-mbb-function-handler-m-manager-n4-d16.pbqp,llvm,none,r0,24.0
457-mbb-function-handler-m-manager-n4-d16.pbqp,llvm,none,r1,347.0
457-mbb-function-handler-m-manager-n4-d16.pbqp,llvm,none,r2,2634.0
457-mbb-function-handler-m-manager-n4-d16.pbqp,llvm,none,lower_bound,0.0
457-mbb-function-handler-m-manager-n4-d16.pbqp,llvm,none,incumbent,0.0
457-mbb-function-handler-m-manager-n4-d16.pbqp,llvm,none,seed,0.0
457-mbb-function-handler-m-manager-n4-d16.pbqp,llvm,heuristic,other,451.0
457-mbb-function-handler-m-manager-n4-d16.pbqp,llvm,heuristic,topology,873.0
457-mbb-function-handler-m-manager-n4-d16.pbqp,llvm,heuristic,selection,467.0
457-mbb-function-handler-m-manager-n4-d16.pbqp,llvm,heuristic,reduction,0.0
457-mbb-function-handler-m-manager-n4-d16.pbqp,llvm,heuristic,reconstruction,62.0
457-mbb-function-handler-m-manager-n4-d16.pbqp,llvm,heuristic,kernel,9535.0
457-mbb-function-handler-m-manager-n4-d16.pbqp,llvm,heuristic,metadata,874.0
457-mbb-function-handler-m-manager-n4-d16.pbqp,llvm,heuristic,search,0.0
457-mbb-function-handler-m-manager-n4-d16.pbqp,llvm,heuristic,clone,0.0
457-mbb-function-handler-m-manager-n4-d16.pbqp,llvm,heuristic,allocation,536.0
457-mbb-function-handler-m-manager-n4-d16.pbqp,llvm,heuristic,conditioning,0.0
457-mbb-function-handler-m-manager-n4-d16.pbqp,llvm,heuristic,r0,47.0
457-mbb-function-handler-m-manager-n4-d16.pbqp,llvm,heuristic,r1,561.0
457-mbb-function-handler-m-manager-n4-d16.pbqp,llvm,heuristic,r2,4664.0
457-mbb-function-handler-m-manager-n4-d16.pbqp,llvm,heuristic,lower_bound,0.0
457-mbb-function-handler-m-manager-n4-d16.pbqp,llvm,heuristic,incumbent,0.0
457-mbb-function-handler-m-manager-n4-d16.pbqp,llvm,heuristic,seed,755.0
458-mbb-function-handler-m-invoke-n8-d16.pbqp,llvm,none,other,305.0
458-mbb-function-handler-m-invoke-n8-d16.pbqp,llvm,none,topology,10579.0
458-mbb-function-handler-m-invoke-n8-d16.pbqp,llvm,none,selection,6332.0
458-mbb-function-handler-m-invoke-n8-d16.pbqp,llvm,none,reduction,0.0
458-mbb-function-handler-m-invoke-n8-d16.pbqp,llvm,none,reconstruction,135.0
458-mbb-function-handler-m-invoke-n8-d16.pbqp,llvm,none,kernel,25674.0
458-mbb-function-handler-m-invoke-n8-d16.pbqp,llvm,none,metadata,5808.0
458-mbb-function-handler-m-invoke-n8-d16.pbqp,llvm,none,search,17582.0
458-mbb-function-handler-m-invoke-n8-d16.pbqp,llvm,none,clone,12574.0
458-mbb-function-handler-m-invoke-n8-d16.pbqp,llvm,none,allocation,9258.0
458-mbb-function-handler-m-invoke-n8-d16.pbqp,llvm,none,conditioning,5853.0
458-mbb-function-handler-m-invoke-n8-d16.pbqp,llvm,none,r0,383.0
458-mbb-function-handler-m-invoke-n8-d16.pbqp,llvm,none,r1,3389.0
458-mbb-function-handler-m-invoke-n8-d16.pbqp,llvm,none,r2,16174.0
458-mbb-function-handler-m-invoke-n8-d16.pbqp,llvm,none,lower_bound,7243.0
458-mbb-function-handler-m-invoke-n8-d16.pbqp,llvm,none,incumbent,2039.0
458-mbb-function-handler-m-invoke-n8-d16.pbqp,llvm,none,seed,0.0
458-mbb-function-handler-m-invoke-n8-d16.pbqp,llvm,heuristic,other,386.0
458-mbb-function-handler-m-invoke-n8-d16.pbqp,llvm,heuristic,topology,2009.0
458-mbb-function-handler-m-invoke-n8-d16.pbqp,llvm,heuristic,selection,1817.0
458-mbb-function-handler-m-invoke-n8-d16.pbqp,llvm,heuristic,reduction,656.0
458-mbb-function-handler-m-invoke-n8-d16.pbqp,llvm,heuristic,reconstruction,37.0
458-mbb-function-handler-m-invoke-n8-d16.pbqp,llvm,heuristic,kernel,6162.0
458-mbb-function-handler-m-invoke-n8-d16.pbqp,llvm,heuristic,metadata,371.0
458-mbb-function-handler-m-invoke-n8-d16.pbqp,llvm,heuristic,search,120.0
458-mbb-function-handler-m-invoke-n8-d16.pbqp,llvm,heuristic,clone,0.0
458-mbb-function-handler-m-invoke-n8-d16.pbqp,llvm,heuristic,allocation,1219.0
458-mbb-function-handler-m-invoke-n8-d16.pbqp,llvm,heuristic,conditioning,501.0
458-mbb-function-handler-m-invoke-n8-d16.pbqp,llvm,heuristic,r0,40.0
458-mbb-function-handler-m-invoke-n8-d16.pbqp,llvm,heuristic,r1,1128.0
458-mbb-function-handler-m-invoke-n8-d16.pbqp,llvm,heuristic,r2,1228.0
458-mbb-function-handler-m-invoke-n8-d16.pbqp,llvm,heuristic,lower_bound,865.0
458-mbb-function-handler-m-invoke-n8-d16.pbqp,llvm,heuristic,incumbent,69.0
458-mbb-function-handler-m-invoke-n8-d16.pbqp,llvm,heuristic,seed,1383.0
460-mbb-rb-tree-m-erase-n4-d15.pbqp,llvm,none,other,458.0
460-mbb-rb-tree-m-erase-n4-d15.pbqp,llvm,none,topology,394.0
460-mbb-rb-tree-m-erase-n4-d15.pbqp,llvm,none,selection,204.0
460-mbb-rb-tree-m-erase-n4-d15.pbqp,llvm,none,reduction,0.0
460-mbb-rb-tree-m-erase-n4-d15.pbqp,llvm,none,reconstruction,29.0
460-mbb-rb-tree-m-erase-n4-d15.pbqp,llvm,none,kernel,941.0
460-mbb-rb-tree-m-erase-n4-d15.pbqp,llvm,none,metadata,417.0
460-mbb-rb-tree-m-erase-n4-d15.pbqp,llvm,none,search,0.0
460-mbb-rb-tree-m-erase-n4-d15.pbqp,llvm,none,clone,0.0
460-mbb-rb-tree-m-erase-n4-d15.pbqp,llvm,none,allocation,375.0
460-mbb-rb-tree-m-erase-n4-d15.pbqp,llvm,none,conditioning,0.0
460-mbb-rb-tree-m-erase-n4-d15.pbqp,llvm,none,r0,22.0
460-mbb-rb-tree-m-erase-n4-d15.pbqp,llvm,none,r1,236.0
460-mbb-rb-tree-m-erase-n4-d15.pbqp,llvm,none,r2,1293.0
460-mbb-rb-tree-m-erase-n4-d15.pbqp,llvm,none,lower_bound,0.0
460-mbb-rb-tree-m-erase-n4-d15.pbqp,llvm,none,incumbent,0.0
460-mbb-rb-tree-m-erase-n4-d15.pbqp,llvm,none,seed,0.0
460-mbb-rb-tree-m-erase-n4-d15.pbqp,llvm,heuristic,other,496.0
460-mbb-rb-tree-m-erase-n4-d15.pbqp,llvm,heuristic,topology,745.0
460-mbb-rb-tree-m-erase-n4-d15.pbqp,llvm,heuristic,selection,382.0
460-mbb-rb-tree-m-erase-n4-d15.pbqp,llvm,heuristic,reduction,0.0
460-mbb-rb-tree-m-erase-n4-d15.pbqp,llvm,heuristic,reconstruction,62.0
460-mbb-rb-tree-m-erase-n4-d15.pbqp,llvm,heuristic,kernel,3037.0
460-mbb-rb-tree-m-erase-n4-d15.pbqp,llvm,heuristic,metadata,485.0
460-mbb-rb-tree-m-erase-n4-d15.pbqp,llvm,heuristic,search,0.0
460-mbb-rb-tree-m-erase-n4-d15.pbqp,llvm,heuristic,clone,0.0
460-mbb-rb-tree-m-erase-n4-d15.pbqp,llvm,heuristic,allocation,568.0
460-mbb-rb-tree-m-erase-n4-d15.pbqp,llvm,heuristic,conditioning,0.0
460-mbb-rb-tree-m-erase-n4-d15.pbqp,llvm,heuristic,r0,49.0
460-mbb-rb-tree-m-erase-n4-d15.pbqp,llvm,heuristic,r1,453.0
460-mbb-rb-tree-m-erase-n4-d15.pbqp,llvm,heuristic,r2,2596.0
460-mbb-rb-tree-m-erase-n4-d15.pbqp,llvm,heuristic,lower_bound,0.0
460-mbb-rb-tree-m-erase-n4-d15.pbqp,llvm,heuristic,incumbent,0.0
460-mbb-rb-tree-m-erase-n4-d15.pbqp,llvm,heuristic,seed,733.0
461-mbb-rb-tree-m-erase-n4-d15.pbqp,llvm,none,other,472.0
461-mbb-rb-tree-m-erase-n4-d15.pbqp,llvm,none,topology,386.0
461-mbb-rb-tree-m-erase-n4-d15.pbqp,llvm,none,selection,197.0
461-mbb-rb-tree-m-erase-n4-d15.pbqp,llvm,none,reduction,0.0
461-mbb-rb-tree-m-erase-n4-d15.pbqp,llvm,none,reconstruction,59.0
461-mbb-rb-tree-m-erase-n4-d15.pbqp,llvm,none,kernel,923.0
461-mbb-rb-tree-m-erase-n4-d15.pbqp,llvm,none,metadata,461.0
461-mbb-rb-tree-m-erase-n4-d15.pbqp,llvm,none,search,0.0
461-mbb-rb-tree-m-erase-n4-d15.pbqp,llvm,none,clone,0.0
461-mbb-rb-tree-m-erase-n4-d15.pbqp,llvm,none,allocation,371.0
461-mbb-rb-tree-m-erase-n4-d15.pbqp,llvm,none,conditioning,0.0
461-mbb-rb-tree-m-erase-n4-d15.pbqp,llvm,none,r0,23.0
461-mbb-rb-tree-m-erase-n4-d15.pbqp,llvm,none,r1,240.0
461-mbb-rb-tree-m-erase-n4-d15.pbqp,llvm,none,r2,1315.0
461-mbb-rb-tree-m-erase-n4-d15.pbqp,llvm,none,lower_bound,0.0
461-mbb-rb-tree-m-erase-n4-d15.pbqp,llvm,none,incumbent,0.0
461-mbb-rb-tree-m-erase-n4-d15.pbqp,llvm,none,seed,0.0
461-mbb-rb-tree-m-erase-n4-d15.pbqp,llvm,heuristic,other,487.0
461-mbb-rb-tree-m-erase-n4-d15.pbqp,llvm,heuristic,topology,682.0
461-mbb-rb-tree-m-erase-n4-d15.pbqp,llvm,heuristic,selection,400.0
461-mbb-rb-tree-m-erase-n4-d15.pbqp,llvm,heuristic,reduction,0.0
461-mbb-rb-tree-m-erase-n4-d15.pbqp,llvm,heuristic,reconstruction,64.0
461-mbb-rb-tree-m-erase-n4-d15.pbqp,llvm,heuristic,kernel,3146.0
461-mbb-rb-tree-m-erase-n4-d15.pbqp,llvm,heuristic,metadata,454.0
461-mbb-rb-tree-m-erase-n4-d15.pbqp,llvm,heuristic,search,0.0
461-mbb-rb-tree-m-erase-n4-d15.pbqp,llvm,heuristic,clone,0.0
461-mbb-rb-tree-m-erase-n4-d15.pbqp,llvm,heuristic,allocation,549.0
461-mbb-rb-tree-m-erase-n4-d15.pbqp,llvm,heuristic,conditioning,0.0
461-mbb-rb-tree-m-erase-n4-d15.pbqp,llvm,heuristic,r0,49.0
461-mbb-rb-tree-m-erase-n4-d15.pbqp,llvm,heuristic,r1,461.0
461-mbb-rb-tree-m-erase-n4-d15.pbqp,llvm,heuristic,r2,2584.0
461-mbb-rb-tree-m-erase-n4-d15.pbqp,llvm,heuristic,lower_bound,0.0
461-mbb-rb-tree-m-erase-n4-d15.pbqp,llvm,heuristic,incumbent,0.0
461-mbb-rb-tree-m-erase-n4-d15.pbqp,llvm,heuristic,seed,774.0
465-mbb-std-introsort-loop-n30-d16.pbqp,llvm,heuristic,other,594.0
465-mbb-std-introsort-loop-n30-d16.pbqp,llvm,heuristic,topology,21760.0
465-mbb-std-introsort-loop-n30-d16.pbqp,llvm,heuristic,selection,23140.0
465-mbb-std-introsort-loop-n30-d16.pbqp,llvm,heuristic,reduction,11949.0
465-mbb-std-introsort-loop-n30-d16.pbqp,llvm,heuristic,reconstruction,91.0
465-mbb-std-introsort-loop-n30-d16.pbqp,llvm,heuristic,kernel,37062.0
465-mbb-std-introsort-loop-n30-d16.pbqp,llvm,heuristic,metadata,0.0
465-mbb-std-introsort-loop-n30-d16.pbqp,llvm,heuristic,search,147.0
465-mbb-std-introsort-loop-n30-d16.pbqp,llvm,heuristic,clone,0.0
465-mbb-std-introsort-loop-n30-d16.pbqp,llvm,heuristic,allocation,5944.0
465-mbb-std-introsort-loop-n30-d16.pbqp,llvm,heuristic,conditioning,11868.0
465-mbb-std-introsort-loop-n30-d16.pbqp,llvm,heuristic,r0,55.0
465-mbb-std-introsort-loop-n30-d16.pbqp,llvm,heuristic,r1,296.0
465-mbb-std-introsort-loop-n30-d16.pbqp,llvm,heuristic,r2,1931.0
465-mbb-std-introsort-loop-n30-d16.pbqp,llvm,heuristic,lower_bound,9707.0
465-mbb-std-introsort-loop-n30-d16.pbqp,llvm,heuristic,incumbent,88.0
465-mbb-std-introsort-loop-n30-d16.pbqp,llvm,heuristic,seed,10214.0
469-mbb-0-operator-n21-d17.pbqp,llvm,none,other,1687.0
469-mbb-0-operator-n21-d17.pbqp,llvm,none,topology,89478.0
469-mbb-0-operator-n21-d17.pbqp,llvm,none,selection,48366.0
469-mbb-0-operator-n21-d17.pbqp,llvm,none,reduction,0.0
469-mbb-0-operator-n21-d17.pbqp,llvm,none,reconstruction,632.0
469-mbb-0-operator-n21-d17.pbqp,llvm,none,kernel,116680.0
469-mbb-0-operator-n21-d17.pbqp,llvm,none,metadata,42150.0
469-mbb-0-operator-n21-d17.pbqp,llvm,none,search,145850.0
469-mbb-0-operator-n21-d17.pbqp,llvm,none,clone,349466.0
469-mbb-0-operator-n21-d17.pbqp,llvm,none,allocation,76488.0
469-mbb-0-operator-n21-d17.pbqp,llvm,none,conditioning,63528.0
469-mbb-0-operator-n21-d17.pbqp,llvm,none,r0,3298.0
469-mbb-0-operator-n21-d17.pbqp,llvm,none,r1,34084.0
469-mbb-0-operator-n21-d17.pbqp,llvm,none,r2,90699.0
469-mbb-0-operator-n21-d17.pbqp,llvm,none,lower_bound,114755.0
469-mbb-0-operator-n21-d17.pbqp,llvm,none,incumbent,18257.0
469-mbb-0-operator-n21-d17.pbqp,llvm,none,seed,0.0
469-mbb-0-operator-n21-d17.pbqp,llvm,heuristic,other,1320.0
469-mbb-0-operator-n21-d17.pbqp,llvm,heuristic,topology,10134.0
469-mbb-0-operator-n21-d17.pbqp,llvm,heuristic,selection,7455.0
469-mbb-0-operator-n21-d17.pbqp,llvm,heuristic,reduction,1850.0
469-mbb-0-operator-n21-d17.pbqp,llvm,heuristic,reconstruction,128.0
469-mbb-0-operator-n21-d17.pbqp,llvm,heuristic,kernel,24272.0
469-mbb-0-operator-n21-d17.pbqp,llvm,heuristic,metadata,2408.0
469-mbb-0-operator-n21-d17.pbqp,llvm,heuristic,search,179.0
469-mbb-0-operator-n21-d17.pbqp,llvm,heuristic,clone,0.0
469-mbb-0-operator-n21-d17.pbqp,llvm,heuristic,allocation,3698.0
469-mbb-0-operator-n21-d17.pbqp,llvm,heuristic,conditioning,1465.0
469-mbb-0-operator-n21-d17.pbqp,llvm,heuristic,r0,204.0
469-mbb-0-operator-n21-d17.pbqp,llvm,heuristic,r1,1980.0
469-mbb-0-operator-n21-d17.pbqp,llvm,heuristic,r2,10810.0
469-mbb-0-operator-n21-d17.pbqp,llvm,heuristic,lower_bound,1613.0
469-mbb-0-operator-n21-d17.pbqp,llvm,heuristic,incumbent,113.0
469-mbb-0-operator-n21-d17.pbqp,llvm,heuristic,seed,4337.0
470-cudd-addabs-cudd-addexistabstract-n10-d16.pbqp,llvm,none,other,320.0
470-cudd-addabs-cudd-addexistabstract-n10-d16.pbqp,llvm,none,topology,54097.0
470-cudd-addabs-cudd-addexistabstract-n10-d16.pbqp,llvm,none,selection,30238.0
470-cudd-addabs-cudd-addexistabstract-n10-d16.pbqp,llvm,none,reduction,0.0
470-cudd-addabs-cudd-addexistabstract-n10-d16.pbqp,llvm,none,reconstruction,407.0
470-cudd-addabs-cudd-addexistabstract-n10-d16.pbqp,llvm,none,kernel,89003.0
470-cudd-addabs-cudd-addexistabstract-n10-d16.pbqp,llvm,none,metadata,21966.0
470-cudd-addabs-cudd-addexistabstract-n10-d16.pbqp,llvm,none,search,88596.0
470-cudd-addabs-cudd-addexistabstract-n10-d16.pbqp,llvm,none,clone,115880.0
470-cudd-addabs-cudd-addexistabstract-n10-d16.pbqp,llvm,none,allocation,42155.0
470-cudd-addabs-cudd-addexistabstract-n10-d16.pbqp,llvm,none,conditioning,43342.0
470-cudd-addabs-cudd-addexistabstract-n10-d16.pbqp,llvm,none,r0,1495.0
470-cudd-addabs-cudd-addexistabstract-n10-d16.pbqp,llvm,none,r1,13754.0
470-cudd-addabs-cudd-addexistabstract-n10-d16.pbqp,llvm,none,r2,64917.0
470-cudd-addabs-cudd-addexistabstract-n10-d16.pbqp,llvm,none,lower_bound,84551.0
470-cudd-addabs-cudd-addexistabstract-n10-d16.pbqp,llvm,none,incumbent,12073.0
470-cudd-addabs-cudd-addexistabstract-n10-d16.pbqp,llvm,none,seed,0.0
470-cudd-addabs-cudd-addexistabstract-n10-d16.pbqp,llvm,heuristic,other,347.0
470-cudd-addabs-cudd-addexistabstract-n10-d16.pbqp,llvm,heuristic,topology,2935.0
470-cudd-addabs-cudd-addexistabstract-n10-d16.pbqp,llvm,heuristic,selection,2945.0
470-cudd-addabs-cudd-addexistabstract-n10-d16.pbqp,llvm,heuristic,reduction,1528.0
470-cudd-addabs-cudd-addexistabstract-n10-d16.pbqp,llvm,heuristic,reconstruction,83.0
470-cudd-addabs-cudd-addexistabstract-n10-d16.pbqp,llvm,heuristic,kernel,7753.0
470-cudd-addabs-cudd-addexistabstract-n10-d16.pbqp,llvm,heuristic,metadata,0.0
470-cudd-addabs-cudd-addexistabstract-n10-d16.pbqp,llvm,heuristic,search,121.0
470-cudd-addabs-cudd-addexistabstract-n10-d16.pbqp,llvm,heuristic,clone,0.0
470-cudd-addabs-cudd-addexistabstract-n10-d16.pbqp,llvm,heuristic,allocation,1344.0
470-cudd-addabs-cudd-addexistabstract-n10-d16.pbqp,llvm,heuristic,conditioning,1335.0
470-cudd-addabs-cudd-addexistabstract-n10-d16.pbqp,llvm,heuristic,r0,70.0
470-cudd-addabs-cudd-addexistabstract-n10-d16.pbqp,llvm,heuristic,r1,286.0
470-cudd-addabs-cudd-addexistabstract-n10-d16.pbqp,llvm,heuristic,r2,1757.0
470-cudd-addabs-cudd-addexistabstract-n10-d16.pbqp,llvm,heuristic,lower_bound,1406.0
470-cudd-addabs-cudd-addexistabstract-n10-d16.pbqp,llvm,heuristic,incumbent,64.0
470-cudd-addabs-cudd-addexistabstract-n10-d16.pbqp,llvm,heuristic,seed,1984.0
471-cudd-addabs-cudd-addorabstract-n10-d16.pbqp,llvm,none,other,378.0
471-cudd-addabs-cudd-addorabstract-n10-d16.pbqp,llvm,none,topology,52736.0
471-cudd-addabs-cudd-addorabstract-n10-d16.pbqp,llvm,none,selection,29453.0
471-cudd-addabs-cudd-addorabstract-n10-d16.pbqp,llvm,none,reduction,0.0
471-cudd-addabs-cudd-addorabstract-n10-d16.pbqp,llvm,none,reconstruction,393.0
471-cudd-addabs-cudd-addorabstract-n10-d16.pbqp,llvm,none,kernel,89496.0
471-cudd-addabs-cudd-addorabstract-n10-d16.pbqp,llvm,none,metadata,22374.0
471-cudd-addabs-cudd-addorabstract-n10-d16.pbqp,llvm,none,search,86687.0
471-cudd-addabs-cudd-addorabstract-n10-d16.pbqp,llvm,none,clone,114460.0
471-cudd-addabs-cudd-addorabstract-n10-d16.pbqp,llvm,none,allocation,42741.0
471-cudd-addabs-cudd-addorabstract-n10-d16.pbqp,llvm,none,conditioning,42923.0
471-cudd-addabs-cudd-addorabstract-n10-d16.pbqp,llvm,none,r0,1454.0
471-cudd-addabs-cudd-addorabstract-n10-d16.pbqp,llvm,none,r1,13787.0
471-cudd-addabs-cudd-addorabstract-n10-d16.pbqp,llvm,none,r2,68387.0
471-cudd-addabs-cudd-addorabstract-n10-d16.pbqp,llvm,none,lower_bound,82661.0
471-cudd-addabs-cudd-addorabstract-n10-d16.pbqp,llvm,none,incumbent,11859.0
471-cudd-addabs-cudd-addorabstract-n10-d16.pbqp,llvm,none,seed,0.0
471-cudd-addabs-cudd-addorabstract-n10-d16.pbqp,llvm,heuristic,other,414.0
471-cudd-addabs-cudd-addorabstract-n10-d16.pbqp,llvm,heuristic,topology,3152.0
471-cudd-addabs-cudd-addorabstract-n10-d16.pbqp,llvm,heuristic,selection,2987.0
471-cudd-addabs-cudd-addorabstract-n10-d16.pbqp,llvm,heuristic,reduction,1554.0
471-cudd-addabs-cudd-addorabstract-n10-d16.pbqp,llvm,heuristic,reconstruction,47.0
471-cudd-addabs-cudd-addorabstract-n10-d16.pbqp,llvm,heuristic,kernel,8028.0
471-cudd-addabs-cudd-addorabstract-n10-d16.pbqp,llvm,heuristic,metadata,0.0
471-cudd-addabs-cudd-addorabstract-n10-d16.pbqp,llvm,heuristic,search,165.0
471-cudd-addabs-cudd-addorabstract-n10-d16.pbqp,llvm,heuristic,clone,0.0
471-cudd-addabs-cudd-addorabstract-n10-d16.pbqp,llvm,heuristic,allocation,1342.0
471-cudd-addabs-cudd-addorabstract-n10-d16.pbqp,llvm,heuristic,conditioning,1370.0
471-cudd-addabs-cudd-addorabstract-n10-d16.pbqp,llvm,heuristic,r0,128.0
471-cudd-addabs-cudd-addorabstract-n10-d16.pbqp,llvm,heuristic,r1,441.0
471-cudd-addabs-cudd-addorabstract-n10-d16.pbqp,llvm,heuristic,r2,2017.0
471-cudd-addabs-cudd-addorabstract-n10-d16.pbqp,llvm,heuristic,lower_bound,1505.0
471-cudd-addabs-cudd-addorabstract-n10-d16.pbqp,llvm,heuristic,incumbent,94.0
471-cudd-addabs-cudd-addorabstract-n10-d16.pbqp,llvm,heuristic,seed,2189.0
472-cudd-addabs-cudd-addunivabstract-n10-d16.pbqp,llvm,none,other,330.0
472-cudd-addabs-cudd-addunivabstract-n10-d16.pbqp,llvm,none,topology,54698.0
472-cudd-addabs-cudd-addunivabstract-n10-d16.pbqp,llvm,none,selection,30545.0
472-cudd-addabs-cudd-addunivabstract-n10-d16.pbqp,llvm,none,reduction,0.0
472-cudd-addabs-cudd-addunivabstract-n10-d16.pbqp,llvm,none,reconstruction,401.0
472-cudd-addabs-cudd-addunivabstract-n10-d16.pbqp,llvm,none,kernel,89127.0
472-cudd-addabs-cudd-addunivabstract-n10-d16.pbqp,llvm,none,metadata,22061.0
472-cudd-addabs-cudd-addunivabstract-n10-d16.pbqp,llvm,none,search,88777.0
472-cudd-addabs-cudd-addunivabstract-n10-d16.pbqp,llvm,none,clone,116826.0
472-cudd-addabs-cudd-addunivabstract-n10-d16.pbqp,llvm,none,allocation,42641.0
472-cudd-addabs-cudd-addunivabstract-n10-d16.pbqp,llvm,none,conditioning,44832.0
472-cudd-addabs-cudd-addunivabstract-n10-d16.pbqp,llvm,none,r0,1477.0
472-cudd-addabs-cudd-addunivabstract-n10-d16.pbqp,llvm,none,r1,14061.0
472-cudd-addabs-cudd-addunivabstract-n10-d16.pbqp,llvm,none,r2,68136.0
472-cudd-addabs-cudd-addunivabstract-n10-d16.pbqp,llvm,none,lower_bound,85526.0
472-cudd-addabs-cudd-addunivabstract-n10-d16.pbqp,llvm,none,incumbent,12115.0
472-cudd-addabs-cudd-addunivabstract-n10-d16.pbqp,llvm,none,seed,0.0
472-cudd-addabs-cudd-addunivabstract-n10-d16.pbqp,llvm,heuristic,other,347.0
472-cudd-addabs-cudd-addunivabstract-n10-d16.pbqp,llvm,heuristic,topology,3098.0
472-cudd-addabs-cudd-addunivabstract-n10-d16.pbqp,llvm,heuristic,selection,2897.0
472-cudd-addabs-cudd-addunivabstract-n10-d16.pbqp,llvm,heuristic,reduction,1576.0
472-cudd-addabs-cudd-addunivabstract-n10-d16.pbqp,llvm,heuristic,reconstruction,69.0
472-cudd-addabs-cudd-addunivabstract-n10-d16.pbqp,llvm,heuristic,kernel,7872.0
472-cudd-addabs-cudd-addunivabstract-n10-d16.pbqp,llvm,heuristic,metadata,0.0
472-cudd-addabs-cudd-addunivabstract-n10-d16.pbqp,llvm,heuristic,search,120.0
472-cudd-addabs-cudd-addunivabstract-n10-d16.pbqp,llvm,heuristic,clone,0.0
472-cudd-addabs-cudd-addunivabstract-n10-d16.pbqp,llvm,heuristic,allocation,1424.0
472-cudd-addabs-cudd-addunivabstract-n10-d16.pbqp,llvm,heuristic,conditioning,1364.0
472-cudd-addabs-cudd-addunivabstract-n10-d16.pbqp,llvm,heuristic,r0,106.0
472-cudd-addabs-cudd-addunivabstract-n10-d16.pbqp,llvm,heuristic,r1,312.0
472-cudd-addabs-cudd-addunivabstract-n10-d16.pbqp,llvm,heuristic,r2,1796.0
472-cudd-addabs-cudd-addunivabstract-n10-d16.pbqp,llvm,heuristic,lower_bound,1473.0
472-cudd-addabs-cudd-addunivabstract-n10-d16.pbqp,llvm,heuristic,incumbent,68.0
472-cudd-addabs-cudd-addunivabstract-n10-d16.pbqp,llvm,heuristic,seed,2037.0
474-cudd-addabs-cuddaddexistabstractrecur-n37-d16-r1.pbqp,llvm,heuristic,other,859.0
474-cudd-addabs-cuddaddexistabstractrecur-n37-d16-r1.pbqp,llvm,heuristic,topology,30554.0
474-cudd-addabs-cuddaddexistabstractrecur-n37-d16-r1.pbqp,llvm,heuristic,selection,33196.0
474-cudd-addabs-cuddaddexistabstractrecur-n37-d16-r1.pbqp,llvm,heuristic,reduction,11675.0
474-cudd-addabs-cuddaddexistabstractrecur-n37-d16-r1.pbqp,llvm,heuristic,reconstruction,137.0
474-cudd-addabs-cuddaddexistabstractrecur-n37-d16-r1.pbqp,llvm,heuristic,kernel,33701.0
474-cudd-addabs-cuddaddexistabstractrecur-n37-d16-r1.pbqp,llvm,heuristic,metadata,752.0
474-cudd-addabs-cuddaddexistabstractrecur-n37-d16-r1.pbqp,llvm,heuristic,search,115.0
474-cudd-addabs-cuddaddexistabstractrecur-n37-d16-r1.pbqp,llvm,heuristic,clone,0.0
474-cudd-addabs-cuddaddexistabstractrecur-n37-d16-r1.pbqp,llvm,heuristic,allocation,6138.0
474-cudd-addabs-cuddaddexistabstractrecur-n37-d16-r1.pbqp,llvm,heuristic,conditioning,10465.0
474-cudd-addabs-cuddaddexistabstractrecur-n37-d16-r1.pbqp,llvm,heuristic,r0,43.0
474-cudd-addabs-cuddaddexistabstractrecur-n37-d16-r1.pbqp,llvm,heuristic,r1,773.0
474-cudd-addabs-cuddaddexistabstractrecur-n37-d16-r1.pbqp,llvm,heuristic,r2,4027.0
474-cudd-addabs-cuddaddexistabstractrecur-n37-d16-r1.pbqp,llvm,heuristic,lower_bound,7234.0
474-cudd-addabs-cuddaddexistabstractrecur-n37-d16-r1.pbqp,llvm,heuristic,incumbent,81.0
474-cudd-addabs-cuddaddexistabstractrecur-n37-d16-r1.pbqp,llvm,heuristic,seed,9911.0
476-cudd-addabs-cuddaddorabstractrecur-n30-d16-r1.pbqp,llvm,heuristic,other,557.0
476-cudd-addabs-cuddaddorabstractrecur-n30-d16-r1.pbqp,llvm,heuristic,topology,22275.0
476-cudd-addabs-cuddaddorabstractrecur-n30-d16-r1.pbqp,llvm,heuristic,selection,24715.0
476-cudd-addabs-cuddaddorabstractrecur-n30-d16-r1.pbqp,llvm,heuristic,reduction,11412.0
476-cudd-addabs-cuddaddorabstractrecur-n30-d16-r1.pbqp,llvm,heuristic,reconstruction,85.0
476-cudd-addabs-cuddaddorabstractrecur-n30-d16-r1.pbqp,llvm,heuristic,kernel,27888.0
476-cudd-addabs-cuddaddorabstractrecur-n30-d16-r1.pbqp,llvm,heuristic,metadata,0.0
476-cudd-addabs-cuddaddorabstractrecur-n30-d16-r1.pbqp,llvm,heuristic,search,131.0
476-cudd-addabs-cuddaddorabstractrecur-n30-d16-r1.pbqp,llvm,heuristic,clone,0.0
476-cudd-addabs-cuddaddorabstractrecur-n30-d16-r1.pbqp,llvm,heuristic,allocation,4927.0
476-cudd-addabs-cuddaddorabstractrecur-n30-d16-r1.pbqp,llvm,heuristic,conditioning,10165.0
476-cudd-addabs-cuddaddorabstractrecur-n30-d16-r1.pbqp,llvm,heuristic,r0,57.0
476-cudd-addabs-cuddaddorabstractrecur-n30-d16-r1.pbqp,llvm,heuristic,r1,293.0
476-cudd-addabs-cuddaddorabstractrecur-n30-d16-r1.pbqp,llvm,heuristic,r2,1364.0
476-cudd-addabs-cuddaddorabstractrecur-n30-d16-r1.pbqp,llvm,heuristic,lower_bound,7518.0
476-cudd-addabs-cuddaddorabstractrecur-n30-d16-r1.pbqp,llvm,heuristic,incumbent,77.0
476-cudd-addabs-cuddaddorabstractrecur-n30-d16-r1.pbqp,llvm,heuristic,seed,9640.0
478-cudd-addabs-cuddaddunivabstractrecur-n40-d16-r1.pbqp,llvm,heuristic,other,1130.0
478-cudd-addabs-cuddaddunivabstractrecur-n40-d16-r1.pbqp,llvm,heuristic,topology,35913.0
478-cudd-addabs-cuddaddunivabstractrecur-n40-d16-r1.pbqp,llvm,heuristic,selection,39490.0
478-cudd-addabs-cuddaddunivabstractrecur-n40-d16-r1.pbqp,llvm,heuristic,reduction,13923.0
478-cudd-addabs-cuddaddunivabstractrecur-n40-d16-r1.pbqp,llvm,heuristic,reconstruction,145.0
478-cudd-addabs-cuddaddunivabstractrecur-n40-d16-r1.pbqp,llvm,heuristic,kernel,37144.0
478-cudd-addabs-cuddaddunivabstractrecur-n40-d16-r1.pbqp,llvm,heuristic,metadata,978.0
478-cudd-addabs-cuddaddunivabstractrecur-n40-d16-r1.pbqp,llvm,heuristic,search,252.0
478-cudd-addabs-cuddaddunivabstractrecur-n40-d16-r1.pbqp,llvm,heuristic,clone,0.0
478-cudd-addabs-cuddaddunivabstractrecur-n40-d16-r1.pbqp,llvm,heuristic,allocation,7698.0
478-cudd-addabs-cuddaddunivabstractrecur-n40-d16-r1.pbqp,llvm,heuristic,conditioning,12297.0
478-cudd-addabs-cuddaddunivabstractrecur-n40-d16-r1.pbqp,llvm,heuristic,r0,76.0
478-cudd-addabs-cuddaddunivabstractrecur-n40-d16-r1.pbqp,llvm,heuristic,r1,1130.0
478-cudd-addabs-cuddaddunivabstractrecur-n40-d16-r1.pbqp,llvm,heuristic,r2,4971.0
478-cudd-addabs-cuddaddunivabstractrecur-n40-d16-r1.pbqp,llvm,heuristic,lower_bound,8222.0
478-cudd-addabs-cuddaddunivabstractrecur-n40-d16-r1.pbqp,llvm,heuristic,incumbent,129.0
478-cudd-addabs-cuddaddunivabstractrecur-n40-d16-r1.pbqp,llvm,heuristic,seed,11350.0
479-cudd-bddabs-cudd-bddbooleandiff-n9-d16.pbqp,llvm,none,other,236.0
479-cudd-bddabs-cudd-bddbooleandiff-n9-d16.pbqp,llvm,none,topology,39415.0
479-cudd-bddabs-cudd-bddbooleandiff-n9-d16.pbqp,llvm,none,selection,24988.0
479-cudd-bddabs-cudd-bddbooleandiff-n9-d16.pbqp,llvm,none,reduction,0.0
479-cudd-bddabs-cudd-bddbooleandiff-n9-d16.pbqp,llvm,none,reconstruction,263.0
479-cudd-bddabs-cudd-bddbooleandiff-n9-d16.pbqp,llvm,none,kernel,66831.0
479-cudd-bddabs-cudd-bddbooleandiff-n9-d16.pbqp,llvm,none,metadata,17854.0
479-cudd-bddabs-cudd-bddbooleandiff-n9-d16.pbqp,llvm,none,search,56070.0
479-cudd-bddabs-cudd-bddbooleandiff-n9-d16.pbqp,llvm,none,clone,57149.0
479-cudd-bddabs-cudd-bddbooleandiff-n9-d16.pbqp,llvm,none,allocation,28561.0
479-cudd-bddabs-cudd-bddbooleandiff-n9-d16.pbqp,llvm,none,conditioning,21285.0
479-cudd-bddabs-cudd-bddbooleandiff-n9-d16.pbqp,llvm,none,r0,696.0
479-cudd-bddabs-cudd-bddbooleandiff-n9-d16.pbqp,llvm,none,r1,7485.0
479-cudd-bddabs-cudd-bddbooleandiff-n9-d16.pbqp,llvm,none,r2,51493.0
479-cudd-bddabs-cudd-bddbooleandiff-n9-d16.pbqp,llvm,none,lower_bound,41261.0
479-cudd-bddabs-cudd-bddbooleandiff-n9-d16.pbqp,llvm,none,incumbent,7049.0
479-cudd-bddabs-cudd-bddbooleandiff-n9-d16.pbqp,llvm,none,seed,0.0
479-cudd-bddabs-cudd-bddbooleandiff-n9-d16.pbqp,llvm,heuristic,other,280.0
479-cudd-bddabs-cudd-bddbooleandiff-n9-d16.pbqp,llvm,heuristic,topology,2637.0
479-cudd-bddabs-cudd-bddbooleandiff-n9-d16.pbqp,llvm,heuristic,selection,2479.0
479-cudd-bddabs-cudd-bddbooleandiff-n9-d16.pbqp,llvm,heuristic,reduction,1375.0
479-cudd-bddabs-cudd-bddbooleandiff-n9-d16.pbqp,llvm,heuristic,reconstruction,58.0
479-cudd-bddabs-cudd-bddbooleandiff-n9-d16.pbqp,llvm,heuristic,kernel,7542.0
479-cudd-bddabs-cudd-bddbooleandiff-n9-d16.pbqp,llvm,heuristic,metadata,0.0
479-cudd-bddabs-cudd-bddbooleandiff-n9-d16.pbqp,llvm,heuristic,search,123.0
479-cudd-bddabs-cudd-bddbooleandiff-n9-d16.pbqp,llvm,heuristic,clone,0.0
479-cudd-bddabs-cudd-bddbooleandiff-n9-d16.pbqp,llvm,heuristic,allocation,1256.0
479-cudd-bddabs-cudd-bddbooleandiff-n9-d16.pbqp,llvm,heuristic,conditioning,974.0
479-cudd-bddabs-cudd-bddbooleandiff-n9-d16.pbqp,llvm,heuristic,r0,45.0
479-cudd-bddabs-cudd-bddbooleandiff-n9-d16.pbqp,llvm,heuristic,r1,284.0
479-cudd-bddabs-cudd-bddbooleandiff-n9-d16.pbqp,llvm,heuristic,r2,2326.0
479-cudd-bddabs-cudd-bddbooleandiff-n9-d16.pbqp,llvm,heuristic,lower_bound,1155.0
479-cudd-bddabs-cudd-bddbooleandiff-n9-d16.pbqp,llvm,heuristic,incumbent,71.0
479-cudd-bddabs-cudd-bddbooleandiff-n9-d16.pbqp,llvm,heuristic,seed,1920.0
480-cudd-bddabs-cudd-bddexistabstract-n10-d16.pbqp,llvm,none,other,401.0
480-cudd-bddabs-cudd-bddexistabstract-n10-d16.pbqp,llvm,none,topology,61222.0
480-cudd-bddabs-cudd-bddexistabstract-n10-d16.pbqp,llvm,none,selection,34223.0
480-cudd-bddabs-cudd-bddexistabstract-n10-d16.pbqp,llvm,none,reduction,0.0
480-cudd-bddabs-cudd-bddexistabstract-n10-d16.pbqp,llvm,none,reconstruction,321.0
480-cudd-bddabs-cudd-bddexistabstract-n10-d16.pbqp,llvm,none,kernel,62820.0
480-cudd-bddabs-cudd-bddexistabstract-n10-d16.pbqp,llvm,none,metadata,15572.0
480-cudd-bddabs-cudd-bddexistabstract-n10-d16.pbqp,llvm,none,search,102295.0
480-cudd-bddabs-cudd-bddexistabstract-n10-d16.pbqp,llvm,none,clone,125474.0
480-cudd-bddabs-cudd-bddexistabstract-n10-d16.pbqp,llvm,none,allocation,46614.0
480-cudd-bddabs-cudd-bddexistabstract-n10-d16.pbqp,llvm,none,conditioning,53653.0
480-cudd-bddabs-cudd-bddexistabstract-n10-d16.pbqp,llvm,none,r0,1205.0
480-cudd-bddabs-cudd-bddexistabstract-n10-d16.pbqp,llvm,none,r1,12151.0
480-cudd-bddabs-cudd-bddexistabstract-n10-d16.pbqp,llvm,none,r2,37464.0
480-cudd-bddabs-cudd-bddexistabstract-n10-d16.pbqp,llvm,none,lower_bound,96214.0
480-cudd-bddabs-cudd-bddexistabstract-n10-d16.pbqp,llvm,none,incumbent,14450.0
480-cudd-bddabs-cudd-bddexistabstract-n10-d16.pbqp,llvm,none,seed,0.0
480-cudd-bddabs-cudd-bddexistabstract-n10-d16.pbqp,llvm,heuristic,other,316.0
480-cudd-bddabs-cudd-bddexistabstract-n10-d16.pbqp,llvm,heuristic,topology,3201.0
480-cudd-bddabs-cudd-bddexistabstract-n10-d16.pbqp,llvm,heuristic,selection,3121.0
480-cudd-bddabs-cudd-bddexistabstract-n10-d16.pbqp,llvm,heuristic,reduction,1638.0
480-cudd-bddabs-cudd-bddexistabstract-n10-d16.pbqp,llvm,heuristic,reconstruction,79.0
480-cudd-bddabs-cudd-bddexistabstract-n10-d16.pbqp,llvm,heuristic,kernel,6995.0
480-cudd-bddabs-cudd-bddexistabstract-n10-d16.pbqp,llvm,heuristic,metadata,160.0
480-cudd-bddabs-cudd-bddexistabstract-n10-d16.pbqp,llvm,heuristic,search,122.0
480-cudd-bddabs-cudd-bddexistabstract-n10-d16.pbqp,llvm,heuristic,clone,0.0
480-cudd-bddabs-cudd-bddexistabstract-n10-d16.pbqp,llvm,heuristic,allocation,1527.0
480-cudd-bddabs-cudd-bddexistabstract-n10-d16.pbqp,llvm,heuristic,conditioning,1333.0
480-cudd-bddabs-cudd-bddexistabstract-n10-d16.pbqp,llvm,heuristic,r0,51.0
480-cudd-bddabs-cudd-bddexistabstract-n10-d16.pbqp,llvm,heuristic,r1,818.0
480-cudd-bddabs-cudd-bddexistabstract-n10-d16.pbqp,llvm,heuristic,r2,1362.0
480-cudd-bddabs-cudd-bddexistabstract-n10-d16.pbqp,llvm,heuristic,lower_bound,1502.0
480-cudd-bddabs-cudd-bddexistabstract-n10-d16.pbqp,llvm,heuristic,incumbent,70.0
480-cudd-bddabs-cudd-bddexistabstract-n10-d16.pbqp,llvm,heuristic,seed,2090.0
481-cudd-bddabs-cudd-bddexistabstractlimit-n13-d16.pbqp,llvm,heuristic,other,480.0
481-cudd-bddabs-cudd-bddexistabstractlimit-n13-d16.pbqp,llvm,heuristic,topology,5653.0
481-cudd-bddabs-cudd-bddexistabstractlimit-n13-d16.pbqp,llvm,heuristic,selection,5058.0
481-cudd-bddabs-cudd-bddexistabstractlimit-n13-d16.pbqp,llvm,heuristic,reduction,3124.0
481-cudd-bddabs-cudd-bddexistabstractlimit-n13-d16.pbqp,llvm,heuristic,reconstruction,89.0
481-cudd-bddabs-cudd-bddexistabstractlimit-n13-d16.pbqp,llvm,heuristic,kernel,20434.0
481-cudd-bddabs-cudd-bddexistabstractlimit-n13-d16.pbqp,llvm,heuristic,metadata,259.0
481-cudd-bddabs-cudd-bddexistabstractlimit-n13-d16.pbqp,llvm,heuristic,search,242.0
481-cudd-bddabs-cudd-bddexistabstractlimit-n13-d16.pbqp,llvm,heuristic,clone,0.0
481-cudd-bddabs-cudd-bddexistabstractlimit-n13-d16.pbqp,llvm,heuristic,allocation,2423.0
481-cudd-bddabs-cudd-bddexistabstractlimit-n13-d16.pbqp,llvm,heuristic,conditioning,2923.0
481-cudd-bddabs-cudd-bddexistabstractlimit-n13-d16.pbqp,llvm,heuristic,r0,55.0
481-cudd-bddabs-cudd-bddexistabstractlimit-n13-d16.pbqp,llvm,heuristic,r1,977.0
481-cudd-bddabs-cudd-bddexistabstractlimit-n13-d16.pbqp,llvm,heuristic,r2,1787.0
481-cudd-bddabs-cudd-bddexistabstractlimit-n13-d16.pbqp,llvm,heuristic,lower_bound,2490.0
481-cudd-bddabs-cudd-bddexistabstractlimit-n13-d16.pbqp,llvm,heuristic,incumbent,91.0
481-cudd-bddabs-cudd-bddexistabstractlimit-n13-d16.pbqp,llvm,heuristic,seed,3535.0
482-cudd-bddabs-cudd-bddunivabstract-n11-d16.pbqp,llvm,none,other,290.0
482-cudd-bddabs-cudd-bddunivabstract-n11-d16.pbqp,llvm,none,topology,61650.0
482-cudd-bddabs-cudd-bddunivabstract-n11-d16.pbqp,llvm,none,selection,35957.0
482-cudd-bddabs-cudd-bddunivabstract-n11-d16.pbqp,llvm,none,reduction,0.0
482-cudd-bddabs-cudd-bddunivabstract-n11-d16.pbqp,llvm,none,reconstruction,373.0
482-cudd-bddabs-cudd-bddunivabstract-n11-d16.pbqp,llvm,none,kernel,67696.0
482-cudd-bddabs-cudd-bddunivabstract-n11-d16.pbqp,llvm,none,metadata,16313.0
482-cudd-bddabs-cudd-bddunivabstract-n11-d16.pbqp,llvm,none,search,98192.0
482-cudd-bddabs-cudd-bddunivabstract-n11-d16.pbqp,llvm,none,clone,131834.0
482-cudd-bddabs-cudd-bddunivabstract-n11-d16.pbqp,llvm,none,allocation,45924.0
482-cudd-bddabs-cudd-bddunivabstract-n11-d16.pbqp,llvm,none,conditioning,48532.0
482-cudd-bddabs-cudd-bddunivabstract-n11-d16.pbqp,llvm,none,r0,1307.0
482-cudd-bddabs-cudd-bddunivabstract-n11-d16.pbqp,llvm,none,r1,11273.0
482-cudd-bddabs-cudd-bddunivabstract-n11-d16.pbqp,llvm,none,r2,45577.0
482-cudd-bddabs-cudd-bddunivabstract-n11-d16.pbqp,llvm,none,lower_bound,100495.0
482-cudd-bddabs-cudd-bddunivabstract-n11-d16.pbqp,llvm,none,incumbent,13753.0
482-cudd-bddabs-cudd-bddunivabstract-n11-d16.pbqp,llvm,none,seed,0.0
482-cudd-bddabs-cudd-bddunivabstract-n11-d16.pbqp,llvm,heuristic,other,343.0
482-cudd-bddabs-cudd-bddunivabstract-n11-d16.pbqp,llvm,heuristic,topology,3701.0
482-cudd-bddabs-cudd-bddunivabstract-n11-d16.pbqp,llvm,heuristic,selection,3338.0
482-cudd-bddabs-cudd-bddunivabstract-n11-d16.pbqp,llvm,heuristic,reduction,1619.0
482-cudd-bddabs-cudd-bddunivabstract-n11-d16.pbqp,llvm,heuristic,reconstruction,42.0
482-cudd-bddabs-cudd-bddunivabstract-n11-d16.pbqp,llvm,heuristic,kernel,8716.0
482-cudd-bddabs-cudd-bddunivabstract-n11-d16.pbqp,llvm,heuristic,metadata,165.0
482-cudd-bddabs-cudd-bddunivabstract-n11-d16.pbqp,llvm,heuristic,search,117.0
482-cudd-bddabs-cudd-bddunivabstract-n11-d16.pbqp,llvm,heuristic,clone,0.0
482-cudd-bddabs-cudd-bddunivabstract-n11-d16.pbqp,llvm,heuristic,allocation,1919.0
482-cudd-bddabs-cudd-bddunivabstract-n11-d16.pbqp,llvm,heuristic,conditioning,1322.0
482-cudd-bddabs-cudd-bddunivabstract-n11-d16.pbqp,llvm,heuristic,r0,25.0
482-cudd-bddabs-cudd-bddunivabstract-n11-d16.pbqp,llvm,heuristic,r1,785.0
482-cudd-bddabs-cudd-bddunivabstract-n11-d16.pbqp,llvm,heuristic,r2,1876.0
482-cudd-bddabs-cudd-bddunivabstract-n11-d16.pbqp,llvm,heuristic,lower_bound,1639.0
482-cudd-bddabs-cudd-bddunivabstract-n11-d16.pbqp,llvm,heuristic,incumbent,73.0
482-cudd-bddabs-cudd-bddunivabstract-n11-d16.pbqp,llvm,heuristic,seed,2264.0
484-cudd-bddabs-cudd-bddvarisdependent-n19-d16-r1.pbqp,llvm,heuristic,other,546.0
484-cudd-bddabs-cudd-bddvarisdependent-n19-d16-r1.pbqp,llvm,heuristic,topology,10801.0
484-cudd-bddabs-cudd-bddvarisdependent-n19-d16-r1.pbqp,llvm,heuristic,selection,11413.0
484-cudd-bddabs-cudd-bddvarisdependent-n19-d16-r1.pbqp,llvm,heuristic,reduction,6719.0
484-cudd-bddabs-cudd-bddvarisdependent-n19-d16-r1.pbqp,llvm,heuristic,reconstruction,56.0
484-cudd-bddabs-cudd-bddvarisdependent-n19-d16-r1.pbqp,llvm,heuristic,kernel,19110.0
484-cudd-bddabs-cudd-bddvarisdependent-n19-d16-r1.pbqp,llvm,heuristic,metadata,0.0
484-cudd-bddabs-cudd-bddvarisdependent-n19-d16-r1.pbqp,llvm,heuristic,search,179.0
484-cudd-bddabs-cudd-bddvarisdependent-n19-d16-r1.pbqp,llvm,heuristic,clone,0.0
484-cudd-bddabs-cudd-bddvarisdependent-n19-d16-r1.pbqp,llvm,heuristic,allocation,3077.0
484-cudd-bddabs-cudd-bddvarisdependent-n19-d16-r1.pbqp,llvm,heuristic,conditioning,6701.0
484-cudd-bddabs-cudd-bddvarisdependent-n19-d16-r1.pbqp,llvm,heuristic,r0,63.0
484-cudd-bddabs-cudd-bddvarisdependent-n19-d16-r1.pbqp,llvm,heuristic,r1,418.0
484-cudd-bddabs-cudd-bddvarisdependent-n19-d16-r1.pbqp,llvm,heuristic,r2,904.0
484-cudd-bddabs-cudd-bddvarisdependent-n19-d16-r1.pbqp,llvm,heuristic,lower_bound,5306.0
484-cudd-bddabs-cudd-bddvarisdependent-n19-d16-r1.pbqp,llvm,heuristic,incumbent,92.0
484-cudd-bddabs-cudd-bddvarisdependent-n19-d16-r1.pbqp,llvm,heuristic,seed,6289.0
485-cudd-bddabs-cudd-bddxorexistabstract-n11-d16.pbqp,llvm,none,other,347.0
485-cudd-bddabs-cudd-bddxorexistabstract-n11-d16.pbqp,llvm,none,topology,87688.0
485-cudd-bddabs-cudd-bddxorexistabstract-n11-d16.pbqp,llvm,none,selection,47528.0
485-cudd-bddabs-cudd-bddxorexistabstract-n11-d16.pbqp,llvm,none,reduction,0.0
485-cudd-bddabs-cudd-bddxorexistabstract-n11-d16.pbqp,llvm,none,reconstruction,532.0
485-cudd-bddabs-cudd-bddxorexistabstract-n11-d16.pbqp,llvm,none,kernel,91978.0
485-cudd-bddabs-cudd-bddxorexistabstract-n11-d16.pbqp,llvm,none,metadata,21859.0
485-cudd-bddabs-cudd-bddxorexistabstract-n11-d16.pbqp,llvm,none,search,135859.0
485-cudd-bddabs-cudd-bddxorexistabstract-n11-d16.pbqp,llvm,none,clone,216058.0
485-cudd-bddabs-cudd-bddxorexistabstract-n11-d16.pbqp,llvm,none,allocation,60610.0
485-cudd-bddabs-cudd-bddxorexistabstract-n11-d16.pbqp,llvm,none,conditioning,78496.0
485-cudd-bddabs-cudd-bddxorexistabstract-n11-d16.pbqp,llvm,none,r0,1818.0
485-cudd-bddabs-cudd-bddxorexistabstract-n11-d16.pbqp,llvm,none,r1,17773.0
485-cudd-bddabs-cudd-bddxorexistabstract-n11-d16.pbqp,llvm,none,r2,49916.0
485-cudd-bddabs-cudd-bddxorexistabstract-n11-d16.pbqp,llvm,none,lower_bound,145588.0
485-cudd-bddabs-cudd-bddxorexistabstract-n11-d16.pbqp,llvm,none,incumbent,18587.0
485-cudd-bddabs-cudd-bddxorexistabstract-n11-d16.pbqp,llvm,none,seed,0.0
485-cudd-bddabs-cudd-bddxorexistabstract-n11-d16.pbqp,llvm,heuristic,other,491.0
485-cudd-bddabs-cudd-bddxorexistabstract-n11-d16.pbqp,llvm,heuristic,topology,3914.0
485-cudd-bddabs-cudd-bddxorexistabstract-n11-d16.pbqp,llvm,heuristic,selection,3745.0
485-cudd-bddabs-cudd-bddxorexistabstract-n11-d16.pbqp,llvm,heuristic,reduction,2063.0
485-cudd-bddabs-cudd-bddxorexistabstract-n11-d16.pbqp,llvm,heuristic,reconstruction,85.0
485-cudd-bddabs-cudd-bddxorexistabstract-n11-d16.pbqp,llvm,heuristic,kernel,8432.0
485-cudd-bddabs-cudd-bddxorexistabstract-n11-d16.pbqp,llvm,heuristic,metadata,225.0
485-cudd-bddabs-cudd-bddxorexistabstract-n11-d16.pbqp,llvm,heuristic,search,183.0
485-cudd-bddabs-cudd-bddxorexistabstract-n11-d16.pbqp,llvm,heuristic,clone,0.0
485-cudd-bddabs-cudd-bddxorexistabstract-n11-d16.pbqp,llvm,heuristic,allocation,1918.0
485-cudd-bddabs-cudd-bddxorexistabstract-n11-d16.pbqp,llvm,heuristic,conditioning,1815.0
485-cudd-bddabs-cudd-bddxorexistabstract-n11-d16.pbqp,llvm,heuristic,r0,77.0
485-cudd-bddabs-cudd-bddxorexistabstract-n11-d16.pbqp,llvm,heuristic,r1,1152.0
485-cudd-bddabs-cudd-bddxorexistabstract-n11-d16.pbqp,llvm,heuristic,r2,1232.0
485-cudd-bddabs-cudd-bddxorexistabstract-n11-d16.pbqp,llvm,heuristic,lower_bound,1893.0
485-cudd-bddabs-cudd-bddxorexistabstract-n11-d16.pbqp,llvm,heuristic,incumbent,87.0
485-cudd-bddabs-cudd-bddxorexistabstract-n11-d16.pbqp,llvm,heuristic,seed,2658.0
487-cudd-bddabs-cuddbddbooleandiffrecur-n20-d16-r1.pbqp,llvm,heuristic,other,603.0
487-cudd-bddabs-cuddbddbooleandiffrecur-n20-d16-r1.pbqp,llvm,heuristic,topology,11027.0
487-cudd-bddabs-cuddbddbooleandiffrecur-n20-d16-r1.pbqp,llvm,heuristic,selection,11218.0
487-cudd-bddabs-cuddbddbooleandiffrecur-n20-d16-r1.pbqp,llvm,heuristic,reduction,5410.0
487-cudd-bddabs-cuddbddbooleandiffrecur-n20-d16-r1.pbqp,llvm,heuristic,reconstruction,60.0
487-cudd-bddabs-cuddbddbooleandiffrecur-n20-d16-r1.pbqp,llvm,heuristic,kernel,20923.0
487-cudd-bddabs-cuddbddbooleandiffrecur-n20-d16-r1.pbqp,llvm,heuristic,metadata,490.0
487-cudd-bddabs-cuddbddbooleandiffrecur-n20-d16-r1.pbqp,llvm,heuristic,search,130.0
487-cudd-bddabs-cuddbddbooleandiffrecur-n20-d16-r1.pbqp,llvm,heuristic,clone,0.0
487-cudd-bddabs-cuddbddbooleandiffrecur-n20-d16-r1.pbqp,llvm,heuristic,allocation,3623.0
487-cudd-bddabs-cuddbddbooleandiffrecur-n20-d16-r1.pbqp,llvm,heuristic,conditioning,5312.0
487-cudd-bddabs-cuddbddbooleandiffrecur-n20-d16-r1.pbqp,llvm,heuristic,r0,42.0
487-cudd-bddabs-cuddbddbooleandiffrecur-n20-d16-r1.pbqp,llvm,heuristic,r1,303.0
487-cudd-bddabs-cuddbddbooleandiffrecur-n20-d16-r1.pbqp,llvm,heuristic,r2,4125.0
487-cudd-bddabs-cuddbddbooleandiffrecur-n20-d16-r1.pbqp,llvm,heuristic,lower_bound,4236.0
487-cudd-bddabs-cuddbddbooleandiffrecur-n20-d16-r1.pbqp,llvm,heuristic,incumbent,82.0
487-cudd-bddabs-cuddbddbooleandiffrecur-n20-d16-r1.pbqp,llvm,heuristic,seed,5084.0
489-cudd-bddabs-cuddbddexistabstractrecur-n37-d16-r1.pbqp,llvm,heuristic,other,815.0
489-cudd-bddabs-cuddbddexistabstractrecur-n37-d16-r1.pbqp,llvm,heuristic,topology,33212.0
489-cudd-bddabs-cuddbddexistabstractrecur-n37-d16-r1.pbqp,llvm,heuristic,selection,37087.0
489-cudd-bddabs-cuddbddexistabstractrecur-n37-d16-r1.pbqp,llvm,heuristic,reduction,17917.0
489-cudd-bddabs-cuddbddexistabstractrecur-n37-d16-r1.pbqp,llvm,heuristic,reconstruction,98.0
489-cudd-bddabs-cuddbddexistabstractrecur-n37-d16-r1.pbqp,llvm,heuristic,kernel,41434.0
489-cudd-bddabs-cuddbddexistabstractrecur-n37-d16-r1.pbqp,llvm,heuristic,metadata,0.0
489-cudd-bddabs-cuddbddexistabstractrecur-n37-d16-r1.pbqp,llvm,heuristic,search,122.0
489-cudd-bddabs-cuddbddexistabstractrecur-n37-d16-r1.pbqp,llvm,heuristic,clone,0.0
489-cudd-bddabs-cuddbddexistabstractrecur-n37-d16-r1.pbqp,llvm,heuristic,allocation,6611.0
489-cudd-bddabs-cuddbddexistabstractrecur-n37-d16-r1.pbqp,llvm,heuristic,conditioning,15947.0
489-cudd-bddabs-cuddbddexistabstractrecur-n37-d16-r1.pbqp,llvm,heuristic,r0,39.0
489-cudd-bddabs-cuddbddexistabstractrecur-n37-d16-r1.pbqp,llvm,heuristic,r1,476.0
489-cudd-bddabs-cuddbddexistabstractrecur-n37-d16-r1.pbqp,llvm,heuristic,r2,1240.0
489-cudd-bddabs-cuddbddexistabstractrecur-n37-d16-r1.pbqp,llvm,heuristic,lower_bound,11366.0
489-cudd-bddabs-cuddbddexistabstractrecur-n37-d16-r1.pbqp,llvm,heuristic,incumbent,73.0
489-cudd-bddabs-cuddbddexistabstractrecur-n37-d16-r1.pbqp,llvm,heuristic,seed,11980.0
degree-3-n12-d2-s1001.pbqp,synthetic,none,other,221.0
degree-3-n12-d2-s1001.pbqp,synthetic,none,topology,9649.0
degree-3-n12-d2-s1001.pbqp,synthetic,none,selection,5776.0
degree-3-n12-d2-s1001.pbqp,synthetic,none,reduction,0.0
degree-3-n12-d2-s1001.pbqp,synthetic,none,reconstruction,193.0
degree-3-n12-d2-s1001.pbqp,synthetic,none,kernel,5078.0
degree-3-n12-d2-s1001.pbqp,synthetic,none,metadata,1756.0
degree-3-n12-d2-s1001.pbqp,synthetic,none,search,11182.0
degree-3-n12-d2-s1001.pbqp,synthetic,none,clone,1746.0
degree-3-n12-d2-s1001.pbqp,synthetic,none,allocation,6080.0
degree-3-n12-d2-s1001.pbqp,synthetic,none,conditioning,2760.0
degree-3-n12-d2-s1001.pbqp,synthetic,none,r0,222.0
degree-3-n12-d2-s1001.pbqp,synthetic,none,r1,1507.0
degree-3-n12-d2-s1001.pbqp,synthetic,none,r2,6995.0
degree-3-n12-d2-s1001.pbqp,synthetic,none,lower_bound,761.0
degree-3-n12-d2-s1001.pbqp,synthetic,none,incumbent,1131.0
degree-3-n12-d2-s1001.pbqp,synthetic,none,seed,0.0
degree-3-n12-d2-s1001.pbqp,synthetic,heuristic,other,243.0
degree-3-n12-d2-s1001.pbqp,synthetic,heuristic,topology,11322.0
degree-3-n12-d2-s1001.pbqp,synthetic,heuristic,selection,7431.0
degree-3-n12-d2-s1001.pbqp,synthetic,heuristic,reduction,942.0
degree-3-n12-d2-s1001.pbqp,synthetic,heuristic,reconstruction,57.0
degree-3-n12-d2-s1001.pbqp,synthetic,heuristic,kernel,6059.0
degree-3-n12-d2-s1001.pbqp,synthetic,heuristic,metadata,1485.0
degree-3-n12-d2-s1001.pbqp,synthetic,heuristic,search,9774.0
degree-3-n12-d2-s1001.pbqp,synthetic,heuristic,clone,1511.0
degree-3-n12-d2-s1001.pbqp,synthetic,heuristic,allocation,6470.0
degree-3-n12-d2-s1001.pbqp,synthetic,heuristic,conditioning,3125.0
degree-3-n12-d2-s1001.pbqp,synthetic,heuristic,r0,225.0
degree-3-n12-d2-s1001.pbqp,synthetic,heuristic,r1,1558.0
degree-3-n12-d2-s1001.pbqp,synthetic,heuristic,r2,7877.0
degree-3-n12-d2-s1001.pbqp,synthetic,heuristic,lower_bound,910.0
degree-3-n12-d2-s1001.pbqp,synthetic,heuristic,incumbent,893.0
degree-3-n12-d2-s1001.pbqp,synthetic,heuristic,seed,1276.0
degree-3-n12-d2-s1002.pbqp,synthetic,none,other,153.0
degree-3-n12-d2-s1002.pbqp,synthetic,none,topology,8916.0
degree-3-n12-d2-s1002.pbqp,synthetic,none,selection,5655.0
degree-3-n12-d2-s1002.pbqp,synthetic,none,reduction,0.0
degree-3-n12-d2-s1002.pbqp,synthetic,none,reconstruction,153.0
degree-3-n12-d2-s1002.pbqp,synthetic,none,kernel,4885.0
degree-3-n12-d2-s1002.pbqp,synthetic,none,metadata,1518.0
degree-3-n12-d2-s1002.pbqp,synthetic,none,search,10363.0
degree-3-n12-d2-s1002.pbqp,synthetic,none,clone,1690.0
degree-3-n12-d2-s1002.pbqp,synthetic,none,allocation,5459.0
degree-3-n12-d2-s1002.pbqp,synthetic,none,conditioning,2588.0
degree-3-n12-d2-s1002.pbqp,synthetic,none,r0,184.0
degree-3-n12-d2-s1002.pbqp,synthetic,none,r1,1427.0
degree-3-n12-d2-s1002.pbqp,synthetic,none,r2,6334.0
degree-3-n12-d2-s1002.pbqp,synthetic,none,lower_bound,577.0
degree-3-n12-d2-s1002.pbqp,synthetic,none,incumbent,1101.0
degree-3-n12-d2-s1002.pbqp,synthetic,none,seed,0.0
degree-3-n12-d2-s1002.pbqp,synthetic,heuristic,other,265.0
degree-3-n12-d2-s1002.pbqp,synthetic,heuristic,topology,11664.0
degree-3-n12-d2-s1002.pbqp,synthetic,heuristic,selection,7508.0
degree-3-n12-d2-s1002.pbqp,synthetic,heuristic,reduction,1001.0
degree-3-n12-d2-s1002.pbqp,synthetic,heuristic,reconstruction,43.0
degree-3-n12-d2-s1002.pbqp,synthetic,heuristic,kernel,5800.0
degree-3-n12-d2-s1002.pbqp,synthetic,heuristic,metadata,1438.0
degree-3-n12-d2-s1002.pbqp,synthetic,heuristic,search,8701.0
degree-3-n12-d2-s1002.pbqp,synthetic,heuristic,clone,1413.0
degree-3-n12-d2-s1002.pbqp,synthetic,heuristic,allocation,6350.0
degree-3-n12-d2-s1002.pbqp,synthetic,heuristic,conditioning,2955.0
degree-3-n12-d2-s1002.pbqp,synthetic,heuristic,r0,165.0
degree-3-n12-d2-s1002.pbqp,synthetic,heuristic,r1,1265.0
degree-3-n12-d2-s1002.pbqp,synthetic,heuristic,r2,7641.0
degree-3-n12-d2-s1002.pbqp,synthetic,heuristic,lower_bound,852.0
degree-3-n12-d2-s1002.pbqp,synthetic,heuristic,incumbent,815.0
degree-3-n12-d2-s1002.pbqp,synthetic,heuristic,seed,1433.0
degree-3-n12-d4-s1001.pbqp,synthetic,none,other,194.0
degree-3-n12-d4-s1001.pbqp,synthetic,none,topology,32043.0
degree-3-n12-d4-s1001.pbqp,synthetic,none,selection,18293.0
degree-3-n12-d4-s1001.pbqp,synthetic,none,reduction,0.0
degree-3-n12-d4-s1001.pbqp,synthetic,none,reconstruction,171.0
degree-3-n12-d4-s1001.pbqp,synthetic,none,kernel,40141.0
degree-3-n12-d4-s1001.pbqp,synthetic,none,metadata,11221.0
degree-3-n12-d4-s1001.pbqp,synthetic,none,search,44558.0
degree-3-n12-d4-s1001.pbqp,synthetic,none,clone,8273.0
degree-3-n12-d4-s1001.pbqp,synthetic,none,allocation,24855.0
degree-3-n12-d4-s1001.pbqp,synthetic,none,conditioning,12045.0
degree-3-n12-d4-s1001.pbqp,synthetic,none,r0,1724.0
degree-3-n12-d4-s1001.pbqp,synthetic,none,r1,9055.0
degree-3-n12-d4-s1001.pbqp,synthetic,none,r2,32040.0
degree-3-n12-d4-s1001.pbqp,synthetic,none,lower_bound,3456.0
degree-3-n12-d4-s1001.pbqp,synthetic,none,incumbent,4493.0
degree-3-n12-d4-s1001.pbqp,synthetic,none,seed,0.0
degree-3-n12-d4-s1001.pbqp,synthetic,heuristic,other,274.0
degree-3-n12-d4-s1001.pbqp,synthetic,heuristic,topology,34579.0
degree-3-n12-d4-s1001.pbqp,synthetic,heuristic,selection,20072.0
degree-3-n12-d4-s1001.pbqp,synthetic,heuristic,reduction,939.0
degree-3-n12-d4-s1001.pbqp,synthetic,heuristic,reconstruction,165.0
degree-3-n12-d4-s1001.pbqp,synthetic,heuristic,kernel,41956.0
degree-3-n12-d4-s1001.pbqp,synthetic,heuristic,metadata,11216.0
degree-3-n12-d4-s1001.pbqp,synthetic,heuristic,search,43801.0
degree-3-n12-d4-s1001.pbqp,synthetic,heuristic,clone,8432.0
degree-3-n12-d4-s1001.pbqp,synthetic,heuristic,allocation,26076.0
degree-3-n12-d4-s1001.pbqp,synthetic,heuristic,conditioning,12712.0
degree-3-n12-d4-s1001.pbqp,synthetic,heuristic,r0,1419.0
degree-3-n12-d4-s1001.pbqp,synthetic,heuristic,r1,9048.0
degree-3-n12-d4-s1001.pbqp,synthetic,heuristic,r2,33218.0
degree-3-n12-d4-s1001.pbqp,synthetic,heuristic,lower_bound,3906.0
degree-3-n12-d4-s1001.pbqp,synthetic,heuristic,incumbent,4373.0
degree-3-n12-d4-s1001.pbqp,synthetic,heuristic,seed,1428.0
degree-3-n12-d4-s1002.pbqp,synthetic,none,other,151.0
degree-3-n12-d4-s1002.pbqp,synthetic,none,topology,33117.0
degree-3-n12-d4-s1002.pbqp,synthetic,none,selection,18773.0
degree-3-n12-d4-s1002.pbqp,synthetic,none,reduction,0.0
degree-3-n12-d4-s1002.pbqp,synthetic,none,reconstruction,291.0
degree-3-n12-d4-s1002.pbqp,synthetic,none,kernel,40534.0
degree-3-n12-d4-s1002.pbqp,synthetic,none,metadata,12153.0
degree-3-n12-d4-s1002.pbqp,synthetic,none,search,47066.0
degree-3-n12-d4-s1002.pbqp,synthetic,none,clone,8967.0
degree-3-n12-d4-s1002.pbqp,synthetic,none,allocation,25918.0
degree-3-n12-d4-s1002.pbqp,synthetic,none,conditioning,12691.0
degree-3-n12-d4-s1002.pbqp,synthetic,none,r0,1439.0
degree-3-n12-d4-s1002.pbqp,synthetic,none,r1,9399.0
degree-3-n12-d4-s1002.pbqp,synthetic,none,r2,32603.0
degree-3-n12-d4-s1002.pbqp,synthetic,none,lower_bound,3513.0
degree-3-n12-d4-s1002.pbqp,synthetic,none,incumbent,4817.0
degree-3-n12-d4-s1002.pbqp,synthetic,none,seed,0.0
degree-3-n12-d4-s1002.pbqp,synthetic,heuristic,other,291.0
degree-3-n12-d4-s1002.pbqp,synthetic,heuristic,topology,30738.0
degree-3-n12-d4-s1002.pbqp,synthetic,heuristic,selection,18015.0
degree-3-n12-d4-s1002.pbqp,synthetic,heuristic,reduction,904.0
degree-3-n12-d4-s1002.pbqp,synthetic,heuristic,reconstruction,167.0
degree-3-n12-d4-s1002.pbqp,synthetic,heuristic,kernel,36210.0
degree-3-n12-d4-s1002.pbqp,synthetic,heuristic,metadata,8739.0
degree-3-n12-d4-s1002.pbqp,synthetic,heuristic,search,35033.0
degree-3-n12-d4-s1002.pbqp,synthetic,heuristic,clone,6468.0
degree-3-n12-d4-s1002.pbqp,synthetic,heuristic,allocation,20978.0
degree-3-n12-d4-s1002.pbqp,synthetic,heuristic,conditioning,10241.0
degree-3-n12-d4-s1002.pbqp,synthetic,heuristic,r0,942.0
degree-3-n12-d4-s1002.pbqp,synthetic,heuristic,r1,6466.0
degree-3-n12-d4-s1002.pbqp,synthetic,heuristic,r2,29976.0
degree-3-n12-d4-s1002.pbqp,synthetic,heuristic,lower_bound,3674.0
degree-3-n12-d4-s1002.pbqp,synthetic,heuristic,incumbent,3551.0
degree-3-n12-d4-s1002.pbqp,synthetic,heuristic,seed,1434.0
degree-3-n20-d2-s1001.pbqp,synthetic,none,other,233.0
degree-3-n20-d2-s1001.pbqp,synthetic,none,topology,33596.0
degree-3-n20-d2-s1001.pbqp,synthetic,none,selection,22082.0
degree-3-n20-d2-s1001.pbqp,synthetic,none,reduction,0.0
degree-3-n20-d2-s1001.pbqp,synthetic,none,reconstruction,214.0
degree-3-n20-d2-s1001.pbqp,synthetic,none,kernel,15376.0
degree-3-n20-d2-s1001.pbqp,synthetic,none,metadata,5321.0
degree-3-n20-d2-s1001.pbqp,synthetic,none,search,30701.0
degree-3-n20-d2-s1001.pbqp,synthetic,none,clone,5848.0
degree-3-n20-d2-s1001.pbqp,synthetic,none,allocation,17492.0
degree-3-n20-d2-s1001.pbqp,synthetic,none,conditioning,7911.0
degree-3-n20-d2-s1001.pbqp,synthetic,none,r0,383.0
degree-3-n20-d2-s1001.pbqp,synthetic,none,r1,3046.0
degree-3-n20-d2-s1001.pbqp,synthetic,none,r2,23552.0
degree-3-n20-d2-s1001.pbqp,synthetic,none,lower_bound,3171.0
degree-3-n20-d2-s1001.pbqp,synthetic,none,incumbent,2950.0
degree-3-n20-d2-s1001.pbqp,synthetic,none,seed,0.0
degree-3-n20-d2-s1001.pbqp,synthetic,heuristic,other,279.0
degree-3-n20-d2-s1001.pbqp,synthetic,heuristic,topology,39248.0
degree-3-n20-d2-s1001.pbqp,synthetic,heuristic,selection,26554.0
degree-3-n20-d2-s1001.pbqp,synthetic,heuristic,reduction,1605.0
degree-3-n20-d2-s1001.pbqp,synthetic,heuristic,reconstruction,86.0
degree-3-n20-d2-s1001.pbqp,synthetic,heuristic,kernel,17274.0
degree-3-n20-d2-s1001.pbqp,synthetic,heuristic,metadata,5010.0
degree-3-n20-d2-s1001.pbqp,synthetic,heuristic,search,29301.0
degree-3-n20-d2-s1001.pbqp,synthetic,heuristic,clone,5693.0
degree-3-n20-d2-s1001.pbqp,synthetic,heuristic,allocation,19164.0
degree-3-n20-d2-s1001.pbqp,synthetic,heuristic,conditioning,8892.0
degree-3-n20-d2-s1001.pbqp,synthetic,heuristic,r0,389.0
degree-3-n20-d2-s1001.pbqp,synthetic,heuristic,r1,3018.0
degree-3-n20-d2-s1001.pbqp,synthetic,heuristic,r2,25984.0
degree-3-n20-d2-s1001.pbqp,synthetic,heuristic,lower_bound,3771.0
degree-3-n20-d2-s1001.pbqp,synthetic,heuristic,incumbent,2706.0
degree-3-n20-d2-s1001.pbqp,synthetic,heuristic,seed,2058.0
degree-3-n20-d2-s1002.pbqp,synthetic,none,other,220.0
degree-3-n20-d2-s1002.pbqp,synthetic,none,topology,36713.0
degree-3-n20-d2-s1002.pbqp,synthetic,none,selection,23901.0
degree-3-n20-d2-s1002.pbqp,synthetic,none,reduction,0.0
degree-3-n20-d2-s1002.pbqp,synthetic,none,reconstruction,115.0
degree-3-n20-d2-s1002.pbqp,synthetic,none,kernel,16508.0
degree-3-n20-d2-s1002.pbqp,synthetic,none,metadata,5710.0
degree-3-n20-d2-s1002.pbqp,synthetic,none,search,34383.0
degree-3-n20-d2-s1002.pbqp,synthetic,none,clone,6342.0
degree-3-n20-d2-s1002.pbqp,synthetic,none,allocation,18806.0
degree-3-n20-d2-s1002.pbqp,synthetic,none,conditioning,8746.0
degree-3-n20-d2-s1002.pbqp,synthetic,none,r0,413.0
degree-3-n20-d2-s1002.pbqp,synthetic,none,r1,2951.0
degree-3-n20-d2-s1002.pbqp,synthetic,none,r2,26687.0
degree-3-n20-d2-s1002.pbqp,synthetic,none,lower_bound,3487.0
degree-3-n20-d2-s1002.pbqp,synthetic,none,incumbent,3145.0
degree-3-n20-d2-s1002.pbqp,synthetic,none,seed,0.0
degree-3-n20-d2-s1002.pbqp,synthetic,heuristic,other,366.0
degree-3-n20-d2-s1002.pbqp,synthetic,heuristic,topology,43313.0
degree-3-n20-d2-s1002.pbqp,synthetic,heuristic,selection,28642.0
degree-3-n20-d2-s1002.pbqp,synthetic,heuristic,reduction,1651.0
degree-3-n20-d2-s1002.pbqp,synthetic,heuristic,reconstruction,103.0
degree-3-n20-d2-s1002.pbqp,synthetic,heuristic,kernel,19521.0
degree-3-n20-d2-s1002.pbqp,synthetic,heuristic,metadata,5607.0
degree-3-n20-d2-s1002.pbqp,synthetic,heuristic,search,33381.0
degree-3-n20-d2-s1002.pbqp,synthetic,heuristic,clone,6482.0
degree-3-n20-d2-s1002.pbqp,synthetic,heuristic,allocation,22333.0
degree-3-n20-d2-s1002.pbqp,synthetic,heuristic,conditioning,9854.0
degree-3-n20-d2-s1002.pbqp,synthetic,heuristic,r0,428.0
degree-3-n20-d2-s1002.pbqp,synthetic,heuristic,r1,3138.0
degree-3-n20-d2-s1002.pbqp,synthetic,heuristic,r2,29272.0
degree-3-n20-d2-s1002.pbqp,synthetic,heuristic,lower_bound,4374.0
degree-3-n20-d2-s1002.pbqp,synthetic,heuristic,incumbent,2974.0
degree-3-n20-d2-s1002.pbqp,synthetic,heuristic,seed,2000.0
degree-3-n20-d4-s1002.pbqp,synthetic,none,other,311.0
degree-3-n20-d4-s1002.pbqp,synthetic,none,topology,296249.0
degree-3-n20-d4-s1002.pbqp,synthetic,none,selection,175237.0
degree-3-n20-d4-s1002.pbqp,synthetic,none,reduction,0.0
degree-3-n20-d4-s1002.pbqp,synthetic,none,reconstruction,406.0
degree-3-n20-d4-s1002.pbqp,synthetic,none,kernel,352540.0
degree-3-n20-d4-s1002.pbqp,synthetic,none,metadata,82096.0
degree-3-n20-d4-s1002.pbqp,synthetic,none,search,314880.0
degree-3-n20-d4-s1002.pbqp,synthetic,none,clone,70898.0
degree-3-n20-d4-s1002.pbqp,synthetic,none,allocation,180165.0
degree-3-n20-d4-s1002.pbqp,synthetic,none,conditioning,85764.0
degree-3-n20-d4-s1002.pbqp,synthetic,none,r0,5048.0
degree-3-n20-d4-s1002.pbqp,synthetic,none,r1,31466.0
degree-3-n20-d4-s1002.pbqp,synthetic,none,r2,309828.0
degree-3-n20-d4-s1002.pbqp,synthetic,none,lower_bound,44828.0
degree-3-n20-d4-s1002.pbqp,synthetic,none,incumbent,29919.0
degree-3-n20-d4-s1002.pbqp,synthetic,none,seed,0.0
degree-3-n20-d4-s1002.pbqp,synthetic,heuristic,other,445.0
degree-3-n20-d4-s1002.pbqp,synthetic,heuristic,topology,237189.0
degree-3-n20-d4-s1002.pbqp,synthetic,heuristic,selection,140603.0
degree-3-n20-d4-s1002.pbqp,synthetic,heuristic,reduction,1814.0
degree-3-n20-d4-s1002.pbqp,synthetic,heuristic,reconstruction,98.0
degree-3-n20-d4-s1002.pbqp,synthetic,heuristic,kernel,259994.0
degree-3-n20-d4-s1002.pbqp,synthetic,heuristic,metadata,64886.0
degree-3-n20-d4-s1002.pbqp,synthetic,heuristic,search,208102.0
degree-3-n20-d4-s1002.pbqp,synthetic,heuristic,clone,46550.0
degree-3-n20-d4-s1002.pbqp,synthetic,heuristic,allocation,131054.0
degree-3-n20-d4-s1002.pbqp,synthetic,heuristic,conditioning,58160.0
degree-3-n20-d4-s1002.pbqp,synthetic,heuristic,r0,1884.0
degree-3-n20-d4-s1002.pbqp,synthetic,heuristic,r1,11177.0
degree-3-n20-d4-s1002.pbqp,synthetic,heuristic,r2,252020.0
degree-3-n20-d4-s1002.pbqp,synthetic,heuristic,lower_bound,38964.0
degree-3-n20-d4-s1002.pbqp,synthetic,heuristic,incumbent,19838.0
degree-3-n20-d4-s1002.pbqp,synthetic,heuristic,seed,2239.0
degree-4-n12-d2-s1001.pbqp,synthetic,none,other,182.0
degree-4-n12-d2-s1001.pbqp,synthetic,none,topology,6485.0
degree-4-n12-d2-s1001.pbqp,synthetic,none,selection,3884.0
degree-4-n12-d2-s1001.pbqp,synthetic,none,reduction,0.0
degree-4-n12-d2-s1001.pbqp,synthetic,none,reconstruction,48.0
degree-4-n12-d2-s1001.pbqp,synthetic,none,kernel,4534.0
degree-4-n12-d2-s1001.pbqp,synthetic,none,metadata,1862.0
degree-4-n12-d2-s1001.pbqp,synthetic,none,search,6412.0
degree-4-n12-d2-s1001.pbqp,synthetic,none,clone,753.0
degree-4-n12-d2-s1001.pbqp,synthetic,none,allocation,4191.0
degree-4-n12-d2-s1001.pbqp,synthetic,none,conditioning,1206.0
degree-4-n12-d2-s1001.pbqp,synthetic,none,r0,132.0
degree-4-n12-d2-s1001.pbqp,synthetic,none,r1,727.0
degree-4-n12-d2-s1001.pbqp,synthetic,none,r2,7456.0
degree-4-n12-d2-s1001.pbqp,synthetic,none,lower_bound,295.0
degree-4-n12-d2-s1001.pbqp,synthetic,none,incumbent,448.0
degree-4-n12-d2-s1001.pbqp,synthetic,none,seed,0.0
degree-4-n12-d2-s1001.pbqp,synthetic,heuristic,other,286.0
degree-4-n12-d2-s1001.pbqp,synthetic,heuristic,topology,9142.0
degree-4-n12-d2-s1001.pbqp,synthetic,heuristic,selection,5944.0
degree-4-n12-d2-s1001.pbqp,synthetic,heuristic,reduction,708.0
degree-4-n12-d2-s1001.pbqp,synthetic,heuristic,reconstruction,68.0
degree-4-n12-d2-s1001.pbqp,synthetic,heuristic,kernel,5955.0
degree-4-n12-d2-s1001.pbqp,synthetic,heuristic,metadata,1871.0
degree-4-n12-d2-s1001.pbqp,synthetic,heuristic,search,6385.0
degree-4-n12-d2-s1001.pbqp,synthetic,heuristic,clone,764.0
degree-4-n12-d2-s1001.pbqp,synthetic,heuristic,allocation,5608.0
degree-4-n12-d2-s1001.pbqp,synthetic,heuristic,conditioning,1868.0
degree-4-n12-d2-s1001.pbqp,synthetic,heuristic,r0,171.0
degree-4-n12-d2-s1001.pbqp,synthetic,heuristic,r1,936.0
degree-4-n12-d2-s1001.pbqp,synthetic,heuristic,r2,9490.0
degree-4-n12-d2-s1001.pbqp,synthetic,heuristic,lower_bound,742.0
degree-4-n12-d2-s1001.pbqp,synthetic,heuristic,incumbent,433.0
degree-4-n12-d2-s1001.pbqp,synthetic,heuristic,seed,1371.0
degree-4-n12-d2-s1002.pbqp,synthetic,none,other,146.0
degree-4-n12-d2-s1002.pbqp,synthetic,none,topology,7066.0
degree-4-n12-d2-s1002.pbqp,synthetic,none,selection,3991.0
degree-4-n12-d2-s1002.pbqp,synthetic,none,reduction,0.0
degree-4-n12-d2-s1002.pbqp,synthetic,none,reconstruction,193.0
degree-4-n12-d2-s1002.pbqp,synthetic,none,kernel,4504.0
degree-4-n12-d2-s1002.pbqp,synthetic,none,metadata,1900.0
degree-4-n12-d2-s1002.pbqp,synthetic,none,search,6500.0
degree-4-n12-d2-s1002.pbqp,synthetic,none,clone,748.0
degree-4-n12-d2-s1002.pbqp,synthetic,none,allocation,4419.0
degree-4-n12-d2-s1002.pbqp,synthetic,none,conditioning,1227.0
degree-4-n12-d2-s1002.pbqp,synthetic,none,r0,105.0
degree-4-n12-d2-s1002.pbqp,synthetic,none,r1,795.0
degree-4-n12-d2-s1002.pbqp,synthetic,none,r2,8403.0
degree-4-n12-d2-s1002.pbqp,synthetic,none,lower_bound,291.0
degree-4-n12-d2-s1002.pbqp,synthetic,none,incumbent,511.0
degree-4-n12-d2-s1002.pbqp,synthetic,none,seed,0.0
degree-4-n12-d2-s1002.pbqp,synthetic,heuristic,other,309.0
degree-4-n12-d2-s1002.pbqp,synthetic,heuristic,topology,10217.0
degree-4-n12-d2-s1002.pbqp,synthetic,heuristic,selection,6416.0
degree-4-n12-d2-s1002.pbqp,synthetic,heuristic,reduction,796.0
degree-4-n12-d2-s1002.pbqp,synthetic,heuristic,reconstruction,58.0
degree-4-n12-d2-s1002.pbqp,synthetic,heuristic,kernel,6565.0
degree-4-n12-d2-s1002.pbqp,synthetic,heuristic,metadata,2373.0
degree-4-n12-d2-s1002.pbqp,synthetic,heuristic,search,7034.0
degree-4-n12-d2-s1002.pbqp,synthetic,heuristic,clone,846.0
degree-4-n12-d2-s1002.pbqp,synthetic,heuristic,allocation,6255.0
degree-4-n12-d2-s1002.pbqp,synthetic,heuristic,conditioning,2019.0
degree-4-n12-d2-s1002.pbqp,synthetic,heuristic,r0,150.0
degree-4-n12-d2-s1002.pbqp,synthetic,heuristic,r1,1098.0
degree-4-n12-d2-s1002.pbqp,synthetic,heuristic,r2,10560.0
degree-4-n12-d2-s1002.pbqp,synthetic,heuristic,lower_bound,744.0
degree-4-n12-d2-s1002.pbqp,synthetic,heuristic,incumbent,482.0
degree-4-n12-d2-s1002.pbqp,synthetic,heuristic,seed,1544.0
degree-4-n12-d4-s1001.pbqp,synthetic,none,other,142.0
degree-4-n12-d4-s1001.pbqp,synthetic,none,topology,20231.0
degree-4-n12-d4-s1001.pbqp,synthetic,none,selection,10483.0
degree-4-n12-d4-s1001.pbqp,synthetic,none,reduction,0.0
degree-4-n12-d4-s1001.pbqp,synthetic,none,reconstruction,105.0
degree-4-n12-d4-s1001.pbqp,synthetic,none,kernel,38786.0
degree-4-n12-d4-s1001.pbqp,synthetic,none,metadata,10168.0
degree-4-n12-d4-s1001.pbqp,synthetic,none,search,21595.0
degree-4-n12-d4-s1001.pbqp,synthetic,none,clone,2647.0
degree-4-n12-d4-s1001.pbqp,synthetic,none,allocation,15834.0
degree-4-n12-d4-s1001.pbqp,synthetic,none,conditioning,3924.0
degree-4-n12-d4-s1001.pbqp,synthetic,none,r0,431.0
degree-4-n12-d4-s1001.pbqp,synthetic,none,r1,2906.0
degree-4-n12-d4-s1001.pbqp,synthetic,none,r2,37459.0
degree-4-n12-d4-s1001.pbqp,synthetic,none,lower_bound,1279.0
degree-4-n12-d4-s1001.pbqp,synthetic,none,incumbent,1353.0
degree-4-n12-d4-s1001.pbqp,synthetic,none,seed,0.0
degree-4-n12-d4-s1001.pbqp,synthetic,heuristic,other,273.0
degree-4-n12-d4-s1001.pbqp,synthetic,heuristic,topology,23144.0
degree-4-n12-d4-s1001.pbqp,synthetic,heuristic,selection,12768.0
degree-4-n12-d4-s1001.pbqp,synthetic,heuristic,reduction,732.0
degree-4-n12-d4-s1001.pbqp,synthetic,heuristic,reconstruction,51.0
degree-4-n12-d4-s1001.pbqp,synthetic,heuristic,kernel,41893.0
degree-4-n12-d4-s1001.pbqp,synthetic,heuristic,metadata,10455.0
degree-4-n12-d4-s1001.pbqp,synthetic,heuristic,search,21515.0
degree-4-n12-d4-s1001.pbqp,synthetic,heuristic,clone,2664.0
degree-4-n12-d4-s1001.pbqp,synthetic,heuristic,allocation,16941.0
degree-4-n12-d4-s1001.pbqp,synthetic,heuristic,conditioning,4567.0
degree-4-n12-d4-s1001.pbqp,synthetic,heuristic,r0,459.0
degree-4-n12-d4-s1001.pbqp,synthetic,heuristic,r1,3124.0
degree-4-n12-d4-s1001.pbqp,synthetic,heuristic,r2,39667.0
degree-4-n12-d4-s1001.pbqp,synthetic,heuristic,lower_bound,1947.0
degree-4-n12-d4-s1001.pbqp,synthetic,heuristic,incumbent,1294.0
degree-4-n12-d4-s1001.pbqp,synthetic,heuristic,seed,1406.0
degree-4-n12-d4-s1002.pbqp,synthetic,none,other,214.0
degree-4-n12-d4-s1002.pbqp,synthetic,none,topology,20439.0
degree-4-n12-d4-s1002.pbqp,synthetic,none,selection,10544.0
degree-4-n12-d4-s1002.pbqp,synthetic,none,reduction,0.0
degree-4-n12-d4-s1002.pbqp,synthetic,none,reconstruction,195.0
degree-4-n12-d4-s1002.pbqp,synthetic,none,kernel,38607.0
degree-4-n12-d4-s1002.pbqp,synthetic,none,metadata,10360.0
degree-4-n12-d4-s1002.pbqp,synthetic,none,search,21857.0
degree-4-n12-d4-s1002.pbqp,synthetic,none,clone,2660.0
degree-4-n12-d4-s1002.pbqp,synthetic,none,allocation,15487.0
degree-4-n12-d4-s1002.pbqp,synthetic,none,conditioning,3885.0
degree-4-n12-d4-s1002.pbqp,synthetic,none,r0,517.0
degree-4-n12-d4-s1002.pbqp,synthetic,none,r1,3129.0
degree-4-n12-d4-s1002.pbqp,synthetic,none,r2,39008.0
degree-4-n12-d4-s1002.pbqp,synthetic,none,lower_bound,1343.0
degree-4-n12-d4-s1002.pbqp,synthetic,none,incumbent,1454.0
degree-4-n12-d4-s1002.pbqp,synthetic,none,seed,0.0
degree-4-n12-d4-s1002.pbqp,synthetic,heuristic,other,372.0
degree-4-n12-d4-s1002.pbqp,synthetic,heuristic,topology,23174.0
degree-4-n12-d4-s1002.pbqp,synthetic,heuristic,selection,12863.0
degree-4-n12-d4-s1002.pbqp,synthetic,heuristic,reduction,854.0
degree-4-n12-d4-s1002.pbqp,synthetic,heuristic,reconstruction,126.0
degree-4-n12-d4-s1002.pbqp,synthetic,heuristic,kernel,42328.0
degree-4-n12-d4-s1002.pbqp,synthetic,heuristic,metadata,10606.0
degree-4-n12-d4-s1002.pbqp,synthetic,heuristic,search,21442.0
degree-4-n12-d4-s1002.pbqp,synthetic,heuristic,clone,2673.0
degree-4-n12-d4-s1002.pbqp,synthetic,heuristic,allocation,17165.0
degree-4-n12-d4-s1002.pbqp,synthetic,heuristic,conditioning,4529.0
degree-4-n12-d4-s1002.pbqp,synthetic,heuristic,r0,579.0
degree-4-n12-d4-s1002.pbqp,synthetic,heuristic,r1,3223.0
degree-4-n12-d4-s1002.pbqp,synthetic,heuristic,r2,39396.0
degree-4-n12-d4-s1002.pbqp,synthetic,heuristic,lower_bound,2034.0
degree-4-n12-d4-s1002.pbqp,synthetic,heuristic,incumbent,1290.0
degree-4-n12-d4-s1002.pbqp,synthetic,heuristic,seed,1550.0
degree-4-n20-d2-s1001.pbqp,synthetic,none,other,184.0
degree-4-n20-d2-s1001.pbqp,synthetic,none,topology,12785.0
degree-4-n20-d2-s1001.pbqp,synthetic,none,selection,6913.0
degree-4-n20-d2-s1001.pbqp,synthetic,none,reduction,0.0
degree-4-n20-d2-s1001.pbqp,synthetic,none,reconstruction,72.0
degree-4-n20-d2-s1001.pbqp,synthetic,none,kernel,7815.0
degree-4-n20-d2-s1001.pbqp,synthetic,none,metadata,3849.0
degree-4-n20-d2-s1001.pbqp,synthetic,none,search,9075.0
degree-4-n20-d2-s1001.pbqp,synthetic,none,clone,886.0
degree-4-n20-d2-s1001.pbqp,synthetic,none,allocation,6827.0
degree-4-n20-d2-s1001.pbqp,synthetic,none,conditioning,1313.0
degree-4-n20-d2-s1001.pbqp,synthetic,none,r0,92.0
degree-4-n20-d2-s1001.pbqp,synthetic,none,r1,790.0
degree-4-n20-d2-s1001.pbqp,synthetic,none,r2,15055.0
degree-4-n20-d2-s1001.pbqp,synthetic,none,lower_bound,460.0
degree-4-n20-d2-s1001.pbqp,synthetic,none,incumbent,428.0
degree-4-n20-d2-s1001.pbqp,synthetic,none,seed,0.0
degree-4-n20-d2-s1001.pbqp,synthetic,heuristic,other,343.0
degree-4-n20-d2-s1001.pbqp,synthetic,heuristic,topology,17623.0
degree-4-n20-d2-s1001.pbqp,synthetic,heuristic,selection,9876.0
degree-4-n20-d2-s1001.pbqp,synthetic,heuristic,reduction,745.0
degree-4-n20-d2-s1001.pbqp,synthetic,heuristic,reconstruction,107.0
degree-4-n20-d2-s1001.pbqp,synthetic,heuristic,kernel,10251.0
degree-4-n20-d2-s1001.pbqp,synthetic,heuristic,metadata,3748.0
degree-4-n20-d2-s1001.pbqp,synthetic,heuristic,search,9142.0
degree-4-n20-d2-s1001.pbqp,synthetic,heuristic,clone,915.0
degree-4-n20-d2-s1001.pbqp,synthetic,heuristic,allocation,8862.0
degree-4-n20-d2-s1001.pbqp,synthetic,heuristic,conditioning,1917.0
degree-4-n20-d2-s1001.pbqp,synthetic,heuristic,r0,113.0
degree-4-n20-d2-s1001.pbqp,synthetic,heuristic,r1,985.0
degree-4-n20-d2-s1001.pbqp,synthetic,heuristic,r2,18731.0
degree-4-n20-d2-s1001.pbqp,synthetic,heuristic,lower_bound,1022.0
degree-4-n20-d2-s1001.pbqp,synthetic,heuristic,incumbent,430.0
degree-4-n20-d2-s1001.pbqp,synthetic,heuristic,seed,1950.0
degree-4-n20-d2-s1002.pbqp,synthetic,none,other,183.0
degree-4-n20-d2-s1002.pbqp,synthetic,none,topology,12621.0
degree-4-n20-d2-s1002.pbqp,synthetic,none,selection,6912.0
degree-4-n20-d2-s1002.pbqp,synthetic,none,reduction,0.0
degree-4-n20-d2-s1002.pbqp,synthetic,none,reconstruction,286.0
degree-4-n20-d2-s1002.pbqp,synthetic,none,kernel,7815.0
degree-4-n20-d2-s1002.pbqp,synthetic,none,metadata,3690.0
degree-4-n20-d2-s1002.pbqp,synthetic,none,search,9102.0
degree-4-n20-d2-s1002.pbqp,synthetic,none,clone,870.0
degree-4-n20-d2-s1002.pbqp,synthetic,none,allocation,6975.0
degree-4-n20-d2-s1002.pbqp,synthetic,none,conditioning,1331.0
degree-4-n20-d2-s1002.pbqp,synthetic,none,r0,112.0
degree-4-n20-d2-s1002.pbqp,synthetic,none,r1,733.0
degree-4-n20-d2-s1002.pbqp,synthetic,none,r2,15076.0
degree-4-n20-d2-s1002.pbqp,synthetic,none,lower_bound,428.0
degree-4-n20-d2-s1002.pbqp,synthetic,none,incumbent,527.0
degree-4-n20-d2-s1002.pbqp,synthetic,none,seed,0.0
degree-4-n20-d2-s1002.pbqp,synthetic,heuristic,other,369.0
degree-4-n20-d2-s1002.pbqp,synthetic,heuristic,topology,17790.0
degree-4-n20-d2-s1002.pbqp,synthetic,heuristic,selection,9871.0
degree-4-n20-d2-s1002.pbqp,synthetic,heuristic,reduction,777.0
degree-4-n20-d2-s1002.pbqp,synthetic,heuristic,reconstruction,97.0
degree-4-n20-d2-s1002.pbqp,synthetic,heuristic,kernel,9818.0
degree-4-n20-d2-s1002.pbqp,synthetic,heuristic,metadata,3805.0
degree-4-n20-d2-s1002.pbqp,synthetic,heuristic,search,9368.0
degree-4-n20-d2-s1002.pbqp,synthetic,heuristic,clone,892.0
degree-4-n20-d2-s1002.pbqp,synthetic,heuristic,allocation,8891.0
degree-4-n20-d2-s1002.pbqp,synthetic,heuristic,conditioning,2022.0
degree-4-n20-d2-s1002.pbqp,synthetic,heuristic,r0,135.0
degree-4-n20-d2-s1002.pbqp,synthetic,heuristic,r1,958.0
degree-4-n20-d2-s1002.pbqp,synthetic,heuristic,r2,18950.0
degree-4-n20-d2-s1002.pbqp,synthetic,heuristic,lower_bound,1106.0
degree-4-n20-d2-s1002.pbqp,synthetic,heuristic,incumbent,436.0
degree-4-n20-d2-s1002.pbqp,synthetic,heuristic,seed,2042.0
degree-4-n20-d4-s1001.pbqp,synthetic,none,other,236.0
degree-4-n20-d4-s1001.pbqp,synthetic,none,topology,45488.0
degree-4-n20-d4-s1001.pbqp,synthetic,none,selection,19817.0
degree-4-n20-d4-s1001.pbqp,synthetic,none,reduction,0.0
degree-4-n20-d4-s1001.pbqp,synthetic,none,reconstruction,150.0
degree-4-n20-d4-s1001.pbqp,synthetic,none,kernel,75471.0
degree-4-n20-d4-s1001.pbqp,synthetic,none,metadata,21708.0
degree-4-n20-d4-s1001.pbqp,synthetic,none,search,32735.0
degree-4-n20-d4-s1001.pbqp,synthetic,none,clone,3411.0
degree-4-n20-d4-s1001.pbqp,synthetic,none,allocation,26725.0
degree-4-n20-d4-s1001.pbqp,synthetic,none,conditioning,4262.0
degree-4-n20-d4-s1001.pbqp,synthetic,none,r0,513.0
degree-4-n20-d4-s1001.pbqp,synthetic,none,r1,3106.0
degree-4-n20-d4-s1001.pbqp,synthetic,none,r2,75242.0
degree-4-n20-d4-s1001.pbqp,synthetic,none,lower_bound,2047.0
degree-4-n20-d4-s1001.pbqp,synthetic,none,incumbent,1347.0
degree-4-n20-d4-s1001.pbqp,synthetic,none,seed,0.0
degree-4-n20-d4-s1001.pbqp,synthetic,heuristic,other,424.0
degree-4-n20-d4-s1001.pbqp,synthetic,heuristic,topology,46050.0
degree-4-n20-d4-s1001.pbqp,synthetic,heuristic,selection,22746.0
degree-4-n20-d4-s1001.pbqp,synthetic,heuristic,reduction,808.0
degree-4-n20-d4-s1001.pbqp,synthetic,heuristic,reconstruction,153.0
degree-4-n20-d4-s1001.pbqp,synthetic,heuristic,kernel,79519.0
degree-4-n20-d4-s1001.pbqp,synthetic,heuristic,metadata,21632.0
degree-4-n20-d4-s1001.pbqp,synthetic,heuristic,search,42162.0
degree-4-n20-d4-s1001.pbqp,synthetic,heuristic,clone,3563.0
degree-4-n20-d4-s1001.pbqp,synthetic,heuristic,allocation,28369.0
degree-4-n20-d4-s1001.pbqp,synthetic,heuristic,conditioning,5227.0
degree-4-n20-d4-s1001.pbqp,synthetic,heuristic,r0,554.0
degree-4-n20-d4-s1001.pbqp,synthetic,heuristic,r1,3416.0
degree-4-n20-d4-s1001.pbqp,synthetic,heuristic,r2,78976.0
degree-4-n20-d4-s1001.pbqp,synthetic,heuristic,lower_bound,3113.0
degree-4-n20-d4-s1001.pbqp,synthetic,heuristic,incumbent,1419.0
degree-4-n20-d4-s1001.pbqp,synthetic,heuristic,seed,2203.0
degree-4-n20-d4-s1002.pbqp,synthetic,none,other,236.0
degree-4-n20-d4-s1002.pbqp,synthetic,none,topology,40096.0
degree-4-n20-d4-s1002.pbqp,synthetic,none,selection,18808.0
degree-4-n20-d4-s1002.pbqp,synthetic,none,reduction,0.0
degree-4-n20-d4-s1002.pbqp,synthetic,none,reconstruction,281.0
degree-4-n20-d4-s1002.pbqp,synthetic,none,kernel,70730.0
degree-4-n20-d4-s1002.pbqp,synthetic,none,metadata,19397.0
degree-4-n20-d4-s1002.pbqp,synthetic,none,search,31185.0
degree-4-n20-d4-s1002.pbqp,synthetic,none,clone,3129.0
degree-4-n20-d4-s1002.pbqp,synthetic,none,allocation,24861.0
degree-4-n20-d4-s1002.pbqp,synthetic,none,conditioning,4134.0
degree-4-n20-d4-s1002.pbqp,synthetic,none,r0,481.0
degree-4-n20-d4-s1002.pbqp,synthetic,none,r1,2904.0
degree-4-n20-d4-s1002.pbqp,synthetic,none,r2,72521.0
degree-4-n20-d4-s1002.pbqp,synthetic,none,lower_bound,2016.0
degree-4-n20-d4-s1002.pbqp,synthetic,none,incumbent,1410.0
degree-4-n20-d4-s1002.pbqp,synthetic,none,seed,0.0
degree-4-n20-d4-s1002.pbqp,synthetic,heuristic,other,431.0
degree-4-n20-d4-s1002.pbqp,synthetic,heuristic,topology,49738.0
degree-4-n20-d4-s1002.pbqp,synthetic,heuristic,selection,23347.0
degree-4-n20-d4-s1002.pbqp,synthetic,heuristic,reduction,739.0
degree-4-n20-d4-s1002.pbqp,synthetic,heuristic,reconstruction,244.0
degree-4-n20-d4-s1002.pbqp,synthetic,heuristic,kernel,81151.0
degree-4-n20-d4-s1002.pbqp,synthetic,heuristic,metadata,22009.0
degree-4-n20-d4-s1002.pbqp,synthetic,heuristic,search,33003.0
degree-4-n20-d4-s1002.pbqp,synthetic,heuristic,clone,3382.0
degree-4-n20-d4-s1002.pbqp,synthetic,heuristic,allocation,29281.0
degree-4-n20-d4-s1002.pbqp,synthetic,heuristic,conditioning,5100.0
degree-4-n20-d4-s1002.pbqp,synthetic,heuristic,r0,536.0
degree-4-n20-d4-s1002.pbqp,synthetic,heuristic,r1,3312.0
degree-4-n20-d4-s1002.pbqp,synthetic,heuristic,r2,79899.0
degree-4-n20-d4-s1002.pbqp,synthetic,heuristic,lower_bound,3102.0
degree-4-n20-d4-s1002.pbqp,synthetic,heuristic,incumbent,1424.0
degree-4-n20-d4-s1002.pbqp,synthetic,heuristic,seed,2043.0
mixed-degree-n12-d2-s1001.pbqp,synthetic,none,other,392.0
mixed-degree-n12-d2-s1001.pbqp,synthetic,none,topology,38838.0
mixed-degree-n12-d2-s1001.pbqp,synthetic,none,selection,25843.0
mixed-degree-n12-d2-s1001.pbqp,synthetic,none,reduction,0.0
mixed-degree-n12-d2-s1001.pbqp,synthetic,none,reconstruction,206.0
mixed-degree-n12-d2-s1001.pbqp,synthetic,none,kernel,18213.0
mixed-degree-n12-d2-s1001.pbqp,synthetic,none,metadata,4886.0
mixed-degree-n12-d2-s1001.pbqp,synthetic,none,search,65497.0
mixed-degree-n12-d2-s1001.pbqp,synthetic,none,clone,13575.0
mixed-degree-n12-d2-s1001.pbqp,synthetic,none,allocation,28963.0
mixed-degree-n12-d2-s1001.pbqp,synthetic,none,conditioning,20782.0
mixed-degree-n12-d2-s1001.pbqp,synthetic,none,r0,1383.0
mixed-degree-n12-d2-s1001.pbqp,synthetic,none,r1,8832.0
mixed-degree-n12-d2-s1001.pbqp,synthetic,none,r2,13017.0
mixed-degree-n12-d2-s1001.pbqp,synthetic,none,lower_bound,6457.0
mixed-degree-n12-d2-s1001.pbqp,synthetic,none,incumbent,7809.0
mixed-degree-n12-d2-s1001.pbqp,synthetic,none,seed,0.0
mixed-degree-n12-d2-s1001.pbqp,synthetic,heuristic,other,410.0
mixed-degree-n12-d2-s1001.pbqp,synthetic,heuristic,topology,31559.0
mixed-degree-n12-d2-s1001.pbqp,synthetic,heuristic,selection,22436.0
mixed-degree-n12-d2-s1001.pbqp,synthetic,heuristic,reduction,2018.0
mixed-degree-n12-d2-s1001.pbqp,synthetic,heuristic,reconstruction,91.0
mixed-degree-n12-d2-s1001.pbqp,synthetic,heuristic,kernel,13917.0
mixed-degree-n12-d2-s1001.pbqp,synthetic,heuristic,metadata,2633.0
mixed-degree-n12-d2-s1001.pbqp,synthetic,heuristic,search,47708.0
mixed-degree-n12-d2-s1001.pbqp,synthetic,heuristic,clone,10643.0
mixed-degree-n12-d2-s1001.pbqp,synthetic,heuristic,allocation,22889.0
mixed-degree-n12-d2-s1001.pbqp,synthetic,heuristic,conditioning,16795.0
mixed-degree-n12-d2-s1001.pbqp,synthetic,heuristic,r0,785.0
mixed-degree-n12-d2-s1001.pbqp,synthetic,heuristic,r1,4887.0
mixed-degree-n12-d2-s1001.pbqp,synthetic,heuristic,r2,8186.0
mixed-degree-n12-d2-s1001.pbqp,synthetic,heuristic,lower_bound,6005.0
mixed-degree-n12-d2-s1001.pbqp,synthetic,heuristic,incumbent,5464.0
mixed-degree-n12-d2-s1001.pbqp,synthetic,heuristic,seed,1463.0
mixed-degree-n12-d2-s1002.pbqp,synthetic,none,other,575.0
mixed-degree-n12-d2-s1002.pbqp,synthetic,none,topology,4864.0
mixed-degree-n12-d2-s1002.pbqp,synthetic,none,selection,2820.0
mixed-degree-n12-d2-s1002.pbqp,synthetic,none,reduction,0.0
mixed-degree-n12-d2-s1002.pbqp,synthetic,none,reconstruction,37.0
mixed-degree-n12-d2-s1002.pbqp,synthetic,none,kernel,2458.0
mixed-degree-n12-d2-s1002.pbqp,synthetic,none,metadata,834.0
mixed-degree-n12-d2-s1002.pbqp,synthetic,none,search,4469.0
mixed-degree-n12-d2-s1002.pbqp,synthetic,none,clone,707.0
mixed-degree-n12-d2-s1002.pbqp,synthetic,none,allocation,2478.0
mixed-degree-n12-d2-s1002.pbqp,synthetic,none,conditioning,1208.0
mixed-degree-n12-d2-s1002.pbqp,synthetic,none,r0,95.0
mixed-degree-n12-d2-s1002.pbqp,synthetic,none,r1,761.0
mixed-degree-n12-d2-s1002.pbqp,synthetic,none,r2,3164.0
mixed-degree-n12-d2-s1002.pbqp,synthetic,none,lower_bound,178.0
mixed-degree-n12-d2-s1002.pbqp,synthetic,none,incumbent,437.0
mixed-degree-n12-d2-s1002.pbqp,synthetic,none,seed,0.0
mixed-degree-n12-d2-s1002.pbqp,synthetic,heuristic,other,682.0
mixed-degree-n12-d2-s1002.pbqp,synthetic,heuristic,topology,7265.0
mixed-degree-n12-d2-s1002.pbqp,synthetic,heuristic,selection,4531.0
mixed-degree-n12-d2-s1002.pbqp,synthetic,heuristic,reduction,635.0
mixed-degree-n12-d2-s1002.pbqp,synthetic,heuristic,reconstruction,77.0
mixed-degree-n12-d2-s1002.pbqp,synthetic,heuristic,kernel,3659.0
mixed-degree-n12-d2-s1002.pbqp,synthetic,heuristic,metadata,942.0
mixed-degree-n12-d2-s1002.pbqp,synthetic,heuristic,search,4316.0
mixed-degree-n12-d2-s1002.pbqp,synthetic,heuristic,clone,694.0
mixed-degree-n12-d2-s1002.pbqp,synthetic,heuristic,allocation,3657.0
mixed-degree-n12-d2-s1002.pbqp,synthetic,heuristic,conditioning,1741.0
mixed-degree-n12-d2-s1002.pbqp,synthetic,heuristic,r0,120.0
mixed-degree-n12-d2-s1002.pbqp,synthetic,heuristic,r1,947.0
mixed-degree-n12-d2-s1002.pbqp,synthetic,heuristic,r2,5159.0
mixed-degree-n12-d2-s1002.pbqp,synthetic,heuristic,lower_bound,439.0
mixed-degree-n12-d2-s1002.pbqp,synthetic,heuristic,incumbent,438.0
mixed-degree-n12-d2-s1002.pbqp,synthetic,heuristic,seed,1375.0
mixed-degree-n12-d4-s1002.pbqp,synthetic,none,other,562.0
mixed-degree-n12-d4-s1002.pbqp,synthetic,none,topology,9018.0
mixed-degree-n12-d4-s1002.pbqp,synthetic,none,selection,5054.0
mixed-degree-n12-d4-s1002.pbqp,synthetic,none,reduction,0.0
mixed-degree-n12-d4-s1002.pbqp,synthetic,none,reconstruction,69.0
mixed-degree-n12-d4-s1002.pbqp,synthetic,none,kernel,10422.0
mixed-degree-n12-d4-s1002.pbqp,synthetic,none,metadata,3083.0
mixed-degree-n12-d4-s1002.pbqp,synthetic,none,search,12543.0
mixed-degree-n12-d4-s1002.pbqp,synthetic,none,clone,2421.0
mixed-degree-n12-d4-s1002.pbqp,synthetic,none,allocation,6751.0
mixed-degree-n12-d4-s1002.pbqp,synthetic,none,conditioning,3523.0
mixed-degree-n12-d4-s1002.pbqp,synthetic,none,r0,424.0
mixed-degree-n12-d4-s1002.pbqp,synthetic,none,r1,2944.0
mixed-degree-n12-d4-s1002.pbqp,synthetic,none,r2,7570.0
mixed-degree-n12-d4-s1002.pbqp,synthetic,none,lower_bound,727.0
mixed-degree-n12-d4-s1002.pbqp,synthetic,none,incumbent,1299.0
mixed-degree-n12-d4-s1002.pbqp,synthetic,none,seed,0.0
mixed-degree-n12-d4-s1002.pbqp,synthetic,heuristic,other,717.0
mixed-degree-n12-d4-s1002.pbqp,synthetic,heuristic,topology,12297.0
mixed-degree-n12-d4-s1002.pbqp,synthetic,heuristic,selection,7165.0
mixed-degree-n12-d4-s1002.pbqp,synthetic,heuristic,reduction,786.0
mixed-degree-n12-d4-s1002.pbqp,synthetic,heuristic,reconstruction,157.0
mixed-degree-n12-d4-s1002.pbqp,synthetic,heuristic,kernel,13488.0
mixed-degree-n12-d4-s1002.pbqp,synthetic,heuristic,metadata,3591.0
mixed-degree-n12-d4-s1002.pbqp,synthetic,heuristic,search,13167.0
mixed-degree-n12-d4-s1002.pbqp,synthetic,heuristic,clone,2492.0
mixed-degree-n12-d4-s1002.pbqp,synthetic,heuristic,allocation,8177.0
mixed-degree-n12-d4-s1002.pbqp,synthetic,heuristic,conditioning,4150.0
mixed-degree-n12-d4-s1002.pbqp,synthetic,heuristic,r0,524.0
mixed-degree-n12-d4-s1002.pbqp,synthetic,heuristic,r1,3382.0
mixed-degree-n12-d4-s1002.pbqp,synthetic,heuristic,r2,10423.0
mixed-degree-n12-d4-s1002.pbqp,synthetic,heuristic,lower_bound,1140.0
mixed-degree-n12-d4-s1002.pbqp,synthetic,heuristic,incumbent,1417.0
mixed-degree-n12-d4-s1002.pbqp,synthetic,heuristic,seed,1571.0
stress-k4-d2-matching-s7402.pbqp,stress,none,other,158.0
stress-k4-d2-matching-s7402.pbqp,stress,none,topology,934.0
stress-k4-d2-matching-s7402.pbqp,stress,none,selection,651.0
stress-k4-d2-matching-s7402.pbqp,stress,none,reduction,0.0
stress-k4-d2-matching-s7402.pbqp,stress,none,reconstruction,55.0
stress-k4-d2-matching-s7402.pbqp,stress,none,kernel,686.0
stress-k4-d2-matching-s7402.pbqp,stress,none,metadata,222.0
stress-k4-d2-matching-s7402.pbqp,stress,none,search,1653.0
stress-k4-d2-matching-s7402.pbqp,stress,none,clone,219.0
stress-k4-d2-matching-s7402.pbqp,stress,none,allocation,771.0
stress-k4-d2-matching-s7402.pbqp,stress,none,conditioning,423.0
stress-k4-d2-matching-s7402.pbqp,stress,none,r0,46.0
stress-k4-d2-matching-s7402.pbqp,stress,none,r1,369.0
stress-k4-d2-matching-s7402.pbqp,stress,none,r2,494.0
stress-k4-d2-matching-s7402.pbqp,stress,none,lower_bound,0.0
stress-k4-d2-matching-s7402.pbqp,stress,none,incumbent,115.0
stress-k4-d2-matching-s7402.pbqp,stress,none,seed,0.0
stress-k4-d2-matching-s7402.pbqp,stress,heuristic,other,219.0
stress-k4-d2-matching-s7402.pbqp,stress,heuristic,topology,1685.0
stress-k4-d2-matching-s7402.pbqp,stress,heuristic,selection,1194.0
stress-k4-d2-matching-s7402.pbqp,stress,heuristic,reduction,363.0
stress-k4-d2-matching-s7402.pbqp,stress,heuristic,reconstruction,96.0
stress-k4-d2-matching-s7402.pbqp,stress,heuristic,kernel,1270.0
stress-k4-d2-matching-s7402.pbqp,stress,heuristic,metadata,262.0
stress-k4-d2-matching-s7402.pbqp,stress,heuristic,search,1826.0
stress-k4-d2-matching-s7402.pbqp,stress,heuristic,clone,245.0
stress-k4-d2-matching-s7402.pbqp,stress,heuristic,allocation,1412.0
stress-k4-d2-matching-s7402.pbqp,stress,heuristic,conditioning,693.0
stress-k4-d2-matching-s7402.pbqp,stress,heuristic,r0,81.0
stress-k4-d2-matching-s7402.pbqp,stress,heuristic,r1,636.0
stress-k4-d2-matching-s7402.pbqp,stress,heuristic,r2,824.0
stress-k4-d2-matching-s7402.pbqp,stress,heuristic,lower_bound,113.0
stress-k4-d2-matching-s7402.pbqp,stress,heuristic,incumbent,158.0
stress-k4-d2-matching-s7402.pbqp,stress,heuristic,seed,710.0
stress-k4-d2-random-s7402.pbqp,stress,none,other,187.0
stress-k4-d2-random-s7402.pbqp,stress,none,topology,1046.0
stress-k4-d2-random-s7402.pbqp,stress,none,selection,753.0
stress-k4-d2-random-s7402.pbqp,stress,none,reduction,0.0
stress-k4-d2-random-s7402.pbqp,stress,none,reconstruction,32.0
stress-k4-d2-random-s7402.pbqp,stress,none,kernel,758.0
stress-k4-d2-random-s7402.pbqp,stress,none,metadata,250.0
stress-k4-d2-random-s7402.pbqp,stress,none,search,1803.0
stress-k4-d2-random-s7402.pbqp,stress,none,clone,239.0
stress-k4-d2-random-s7402.pbqp,stress,none,allocation,815.0
stress-k4-d2-random-s7402.pbqp,stress,none,conditioning,407.0
stress-k4-d2-random-s7402.pbqp,stress,none,r0,77.0
stress-k4-d2-random-s7402.pbqp,stress,none,r1,431.0
stress-k4-d2-random-s7402.pbqp,stress,none,r2,543.0
stress-k4-d2-random-s7402.pbqp,stress,none,lower_bound,36.0
stress-k4-d2-random-s7402.pbqp,stress,none,incumbent,191.0
stress-k4-d2-random-s7402.pbqp,stress,none,seed,0.0
stress-k4-d2-random-s7402.pbqp,stress,heuristic,other,198.0
stress-k4-d2-random-s7402.pbqp,stress,heuristic,topology,1483.0
stress-k4-d2-random-s7402.pbqp,stress,heuristic,selection,1082.0
stress-k4-d2-random-s7402.pbqp,stress,heuristic,reduction,309.0
stress-k4-d2-random-s7402.pbqp,stress,heuristic,reconstruction,36.0
stress-k4-d2-random-s7402.pbqp,stress,heuristic,kernel,1060.0
stress-k4-d2-random-s7402.pbqp,stress,heuristic,metadata,237.0
stress-k4-d2-random-s7402.pbqp,stress,heuristic,search,1577.0
stress-k4-d2-random-s7402.pbqp,stress,heuristic,clone,238.0
stress-k4-d2-random-s7402.pbqp,stress,heuristic,allocation,1111.0
stress-k4-d2-random-s7402.pbqp,stress,heuristic,conditioning,580.0
stress-k4-d2-random-s7402.pbqp,stress,heuristic,r0,89.0
stress-k4-d2-random-s7402.pbqp,stress,heuristic,r1,554.0
stress-k4-d2-random-s7402.pbqp,stress,heuristic,r2,760.0
stress-k4-d2-random-s7402.pbqp,stress,heuristic,lower_bound,143.0
stress-k4-d2-random-s7402.pbqp,stress,heuristic,incumbent,175.0
stress-k4-d2-random-s7402.pbqp,stress,heuristic,seed,652.0
stress-k4-d3-matching-s7403.pbqp,stress,none,other,155.0
stress-k4-d3-matching-s7403.pbqp,stress,none,topology,1385.0
stress-k4-d3-matching-s7403.pbqp,stress,none,selection,887.0
stress-k4-d3-matching-s7403.pbqp,stress,none,reduction,0.0
stress-k4-d3-matching-s7403.pbqp,stress,none,reconstruction,74.0
stress-k4-d3-matching-s7403.pbqp,stress,none,kernel,1197.0
stress-k4-d3-matching-s7403.pbqp,stress,none,metadata,460.0
stress-k4-d3-matching-s7403.pbqp,stress,none,search,2652.0
stress-k4-d3-matching-s7403.pbqp,stress,none,clone,498.0
stress-k4-d3-matching-s7403.pbqp,stress,none,allocation,1160.0
stress-k4-d3-matching-s7403.pbqp,stress,none,conditioning,628.0
stress-k4-d3-matching-s7403.pbqp,stress,none,r0,93.0
stress-k4-d3-matching-s7403.pbqp,stress,none,r1,632.0
stress-k4-d3-matching-s7403.pbqp,stress,none,r2,891.0
stress-k4-d3-matching-s7403.pbqp,stress,none,lower_bound,0.0
stress-k4-d3-matching-s7403.pbqp,stress,none,incumbent,171.0
stress-k4-d3-matching-s7403.pbqp,stress,none,seed,0.0
stress-k4-d3-matching-s7403.pbqp,stress,heuristic,other,200.0
stress-k4-d3-matching-s7403.pbqp,stress,heuristic,topology,1786.0
stress-k4-d3-matching-s7403.pbqp,stress,heuristic,selection,1206.0
stress-k4-d3-matching-s7403.pbqp,stress,heuristic,reduction,321.0
stress-k4-d3-matching-s7403.pbqp,stress,heuristic,reconstruction,132.0
stress-k4-d3-matching-s7403.pbqp,stress,heuristic,kernel,1845.0
stress-k4-d3-matching-s7403.pbqp,stress,heuristic,metadata,513.0
stress-k4-d3-matching-s7403.pbqp,stress,heuristic,search,2336.0
stress-k4-d3-matching-s7403.pbqp,stress,heuristic,clone,319.0
stress-k4-d3-matching-s7403.pbqp,stress,heuristic,allocation,1452.0
stress-k4-d3-matching-s7403.pbqp,stress,heuristic,conditioning,790.0
stress-k4-d3-matching-s7403.pbqp,stress,heuristic,r0,105.0
stress-k4-d3-matching-s7403.pbqp,stress,heuristic,r1,805.0
stress-k4-d3-matching-s7403.pbqp,stress,heuristic,r2,1131.0
stress-k4-d3-matching-s7403.pbqp,stress,heuristic,lower_bound,119.0
stress-k4-d3-matching-s7403.pbqp,stress,heuristic,incumbent,167.0
stress-k4-d3-matching-s7403.pbqp,stress,heuristic,seed,663.0
stress-k4-d3-random-s7403.pbqp,stress,none,other,169.0
stress-k4-d3-random-s7403.pbqp,stress,none,topology,1206.0
stress-k4-d3-random-s7403.pbqp,stress,none,selection,791.0
stress-k4-d3-random-s7403.pbqp,stress,none,reduction,0.0
stress-k4-d3-random-s7403.pbqp,stress,none,reconstruction,67.0
stress-k4-d3-random-s7403.pbqp,stress,none,kernel,1062.0
stress-k4-d3-random-s7403.pbqp,stress,none,metadata,362.0
stress-k4-d3-random-s7403.pbqp,stress,none,search,2357.0
stress-k4-d3-random-s7403.pbqp,stress,none,clone,315.0
stress-k4-d3-random-s7403.pbqp,stress,none,allocation,1066.0
stress-k4-d3-random-s7403.pbqp,stress,none,conditioning,556.0
stress-k4-d3-random-s7403.pbqp,stress,none,r0,96.0
stress-k4-d3-random-s7403.pbqp,stress,none,r1,595.0
stress-k4-d3-random-s7403.pbqp,stress,none,r2,802.0
stress-k4-d3-random-s7403.pbqp,stress,none,lower_bound,45.0
stress-k4-d3-random-s7403.pbqp,stress,none,incumbent,263.0
stress-k4-d3-random-s7403.pbqp,stress,none,seed,0.0
stress-k4-d3-random-s7403.pbqp,stress,heuristic,other,217.0
stress-k4-d3-random-s7403.pbqp,stress,heuristic,topology,1954.0
stress-k4-d3-random-s7403.pbqp,stress,heuristic,selection,1392.0
stress-k4-d3-random-s7403.pbqp,stress,heuristic,reduction,403.0
stress-k4-d3-random-s7403.pbqp,stress,heuristic,reconstruction,74.0
stress-k4-d3-random-s7403.pbqp,stress,heuristic,kernel,1732.0
stress-k4-d3-random-s7403.pbqp,stress,heuristic,metadata,367.0
stress-k4-d3-random-s7403.pbqp,stress,heuristic,search,2507.0
stress-k4-d3-random-s7403.pbqp,stress,heuristic,clone,365.0
stress-k4-d3-random-s7403.pbqp,stress,heuristic,allocation,1651.0
stress-k4-d3-random-s7403.pbqp,stress,heuristic,conditioning,862.0
stress-k4-d3-random-s7403.pbqp,stress,heuristic,r0,128.0
stress-k4-d3-random-s7403.pbqp,stress,heuristic,r1,852.0
stress-k4-d3-random-s7403.pbqp,stress,heuristic,r2,1215.0
stress-k4-d3-random-s7403.pbqp,stress,heuristic,lower_bound,198.0
stress-k4-d3-random-s7403.pbqp,stress,heuristic,incumbent,274.0
stress-k4-d3-random-s7403.pbqp,stress,heuristic,seed,734.0
stress-k4-d4-matching-s7404.pbqp,stress,none,other,154.0
stress-k4-d4-matching-s7404.pbqp,stress,none,topology,1615.0
stress-k4-d4-matching-s7404.pbqp,stress,none,selection,993.0
stress-k4-d4-matching-s7404.pbqp,stress,none,reduction,0.0
stress-k4-d4-matching-s7404.pbqp,stress,none,reconstruction,29.0
stress-k4-d4-matching-s7404.pbqp,stress,none,kernel,1795.0
stress-k4-d4-matching-s7404.pbqp,stress,none,metadata,687.0
stress-k4-d4-matching-s7404.pbqp,stress,none,search,2993.0
stress-k4-d4-matching-s7404.pbqp,stress,none,clone,416.0
stress-k4-d4-matching-s7404.pbqp,stress,none,allocation,1421.0
stress-k4-d4-matching-s7404.pbqp,stress,none,conditioning,768.0
stress-k4-d4-matching-s7404.pbqp,stress,none,r0,125.0
stress-k4-d4-matching-s7404.pbqp,stress,none,r1,831.0
stress-k4-d4-matching-s7404.pbqp,stress,none,r2,1251.0
stress-k4-d4-matching-s7404.pbqp,stress,none,lower_bound,65.0
stress-k4-d4-matching-s7404.pbqp,stress,none,incumbent,297.0
stress-k4-d4-matching-s7404.pbqp,stress,none,seed,0.0
stress-k4-d4-matching-s7404.pbqp,stress,heuristic,other,217.0
stress-k4-d4-matching-s7404.pbqp,stress,heuristic,topology,796.0
stress-k4-d4-matching-s7404.pbqp,stress,heuristic,selection,688.0
stress-k4-d4-matching-s7404.pbqp,stress,heuristic,reduction,311.0
stress-k4-d4-matching-s7404.pbqp,stress,heuristic,reconstruction,25.0
stress-k4-d4-matching-s7404.pbqp,stress,heuristic,kernel,719.0
stress-k4-d4-matching-s7404.pbqp,stress,heuristic,metadata,0.0
stress-k4-d4-matching-s7404.pbqp,stress,heuristic,search,131.0
stress-k4-d4-matching-s7404.pbqp,stress,heuristic,clone,0.0
stress-k4-d4-matching-s7404.pbqp,stress,heuristic,allocation,491.0
stress-k4-d4-matching-s7404.pbqp,stress,heuristic,conditioning,233.0
stress-k4-d4-matching-s7404.pbqp,stress,heuristic,r0,33.0
stress-k4-d4-matching-s7404.pbqp,stress,heuristic,r1,226.0
stress-k4-d4-matching-s7404.pbqp,stress,heuristic,r2,360.0
stress-k4-d4-matching-s7404.pbqp,stress,heuristic,lower_bound,182.0
stress-k4-d4-matching-s7404.pbqp,stress,heuristic,incumbent,71.0
stress-k4-d4-matching-s7404.pbqp,stress,heuristic,seed,858.0
stress-k4-d4-random-s7404.pbqp,stress,none,other,149.0
stress-k4-d4-random-s7404.pbqp,stress,none,topology,1586.0
stress-k4-d4-random-s7404.pbqp,stress,none,selection,1002.0
stress-k4-d4-random-s7404.pbqp,stress,none,reduction,0.0
stress-k4-d4-random-s7404.pbqp,stress,none,reconstruction,32.0
stress-k4-d4-random-s7404.pbqp,stress,none,kernel,1938.0
stress-k4-d4-random-s7404.pbqp,stress,none,metadata,689.0
stress-k4-d4-random-s7404.pbqp,stress,none,search,2894.0
stress-k4-d4-random-s7404.pbqp,stress,none,clone,431.0
stress-k4-d4-random-s7404.pbqp,stress,none,allocation,1421.0
stress-k4-d4-random-s7404.pbqp,stress,none,conditioning,796.0
stress-k4-d4-random-s7404.pbqp,stress,none,r0,134.0
stress-k4-d4-random-s7404.pbqp,stress,none,r1,792.0
stress-k4-d4-random-s7404.pbqp,stress,none,r2,1263.0
stress-k4-d4-random-s7404.pbqp,stress,none,lower_bound,66.0
stress-k4-d4-random-s7404.pbqp,stress,none,incumbent,327.0
stress-k4-d4-random-s7404.pbqp,stress,none,seed,0.0
stress-k4-d4-random-s7404.pbqp,stress,heuristic,other,182.0
stress-k4-d4-random-s7404.pbqp,stress,heuristic,topology,1981.0
stress-k4-d4-random-s7404.pbqp,stress,heuristic,selection,1379.0
stress-k4-d4-random-s7404.pbqp,stress,heuristic,reduction,354.0
stress-k4-d4-random-s7404.pbqp,stress,heuristic,reconstruction,56.0
stress-k4-d4-random-s7404.pbqp,stress,heuristic,kernel,2390.0
stress-k4-d4-random-s7404.pbqp,stress,heuristic,metadata,650.0
stress-k4-d4-random-s7404.pbqp,stress,heuristic,search,2812.0
stress-k4-d4-random-s7404.pbqp,stress,heuristic,clone,411.0
stress-k4-d4-random-s7404.pbqp,stress,heuristic,allocation,1755.0
stress-k4-d4-random-s7404.pbqp,stress,heuristic,conditioning,919.0
stress-k4-d4-random-s7404.pbqp,stress,heuristic,r0,173.0
stress-k4-d4-random-s7404.pbqp,stress,heuristic,r1,933.0
stress-k4-d4-random-s7404.pbqp,stress,heuristic,r2,1428.0
stress-k4-d4-random-s7404.pbqp,stress,heuristic,lower_bound,220.0
stress-k4-d4-random-s7404.pbqp,stress,heuristic,incumbent,323.0
stress-k4-d4-random-s7404.pbqp,stress,heuristic,seed,671.0
stress-k6-d2-matching-s7602.pbqp,stress,none,other,169.0
stress-k6-d2-matching-s7602.pbqp,stress,none,topology,4964.0
stress-k6-d2-matching-s7602.pbqp,stress,none,selection,3221.0
stress-k6-d2-matching-s7602.pbqp,stress,none,reduction,0.0
stress-k6-d2-matching-s7602.pbqp,stress,none,reconstruction,241.0
stress-k6-d2-matching-s7602.pbqp,stress,none,kernel,3138.0
stress-k6-d2-matching-s7602.pbqp,stress,none,metadata,766.0
stress-k6-d2-matching-s7602.pbqp,stress,none,search,9224.0
stress-k6-d2-matching-s7602.pbqp,stress,none,clone,1634.0
stress-k6-d2-matching-s7602.pbqp,stress,none,allocation,4107.0
stress-k6-d2-matching-s7602.pbqp,stress,none,conditioning,3340.0
stress-k6-d2-matching-s7602.pbqp,stress,none,r0,189.0
stress-k6-d2-matching-s7602.pbqp,stress,none,r1,1451.0
stress-k6-d2-matching-s7602.pbqp,stress,none,r2,1969.0
stress-k6-d2-matching-s7602.pbqp,stress,none,lower_bound,0.0
stress-k6-d2-matching-s7602.pbqp,stress,none,incumbent,734.0
stress-k6-d2-matching-s7602.pbqp,stress,none,seed,0.0
stress-k6-d2-matching-s7602.pbqp,stress,heuristic,other,265.0
stress-k6-d2-matching-s7602.pbqp,stress,heuristic,topology,6017.0
stress-k6-d2-matching-s7602.pbqp,stress,heuristic,selection,4149.0
stress-k6-d2-matching-s7602.pbqp,stress,heuristic,reduction,974.0
stress-k6-d2-matching-s7602.pbqp,stress,heuristic,reconstruction,280.0
stress-k6-d2-matching-s7602.pbqp,stress,heuristic,kernel,3858.0
stress-k6-d2-matching-s7602.pbqp,stress,heuristic,metadata,815.0
stress-k6-d2-matching-s7602.pbqp,stress,heuristic,search,8883.0
stress-k6-d2-matching-s7602.pbqp,stress,heuristic,clone,1481.0
stress-k6-d2-matching-s7602.pbqp,stress,heuristic,allocation,4841.0
stress-k6-d2-matching-s7602.pbqp,stress,heuristic,conditioning,4151.0
stress-k6-d2-matching-s7602.pbqp,stress,heuristic,r0,205.0
stress-k6-d2-matching-s7602.pbqp,stress,heuristic,r1,1689.0
stress-k6-d2-matching-s7602.pbqp,stress,heuristic,r2,2068.0
stress-k6-d2-matching-s7602.pbqp,stress,heuristic,lower_bound,146.0
stress-k6-d2-matching-s7602.pbqp,stress,heuristic,incumbent,713.0
stress-k6-d2-matching-s7602.pbqp,stress,heuristic,seed,857.0
stress-k6-d2-random-s7602.pbqp,stress,none,other,152.0
stress-k6-d2-random-s7602.pbqp,stress,none,topology,4953.0
stress-k6-d2-random-s7602.pbqp,stress,none,selection,3254.0
stress-k6-d2-random-s7602.pbqp,stress,none,reduction,0.0
stress-k6-d2-random-s7602.pbqp,stress,none,reconstruction,127.0
stress-k6-d2-random-s7602.pbqp,stress,none,kernel,2962.0
stress-k6-d2-random-s7602.pbqp,stress,none,metadata,766.0
stress-k6-d2-random-s7602.pbqp,stress,none,search,9040.0
stress-k6-d2-random-s7602.pbqp,stress,none,clone,1534.0
stress-k6-d2-random-s7602.pbqp,stress,none,allocation,4190.0
stress-k6-d2-random-s7602.pbqp,stress,none,conditioning,3254.0
stress-k6-d2-random-s7602.pbqp,stress,none,r0,192.0
stress-k6-d2-random-s7602.pbqp,stress,none,r1,1489.0
stress-k6-d2-random-s7602.pbqp,stress,none,r2,1933.0
stress-k6-d2-random-s7602.pbqp,stress,none,lower_bound,478.0
stress-k6-d2-random-s7602.pbqp,stress,none,incumbent,1129.0
stress-k6-d2-random-s7602.pbqp,stress,none,seed,0.0
stress-k6-d2-random-s7602.pbqp,stress,heuristic,other,206.0
stress-k6-d2-random-s7602.pbqp,stress,heuristic,topology,6154.0
stress-k6-d2-random-s7602.pbqp,stress,heuristic,selection,4150.0
stress-k6-d2-random-s7602.pbqp,stress,heuristic,reduction,971.0
stress-k6-d2-random-s7602.pbqp,stress,heuristic,reconstruction,103.0
stress-k6-d2-random-s7602.pbqp,stress,heuristic,kernel,3936.0
stress-k6-d2-random-s7602.pbqp,stress,heuristic,metadata,756.0
stress-k6-d2-random-s7602.pbqp,stress,heuristic,search,8776.0
stress-k6-d2-random-s7602.pbqp,stress,heuristic,clone,1557.0
stress-k6-d2-random-s7602.pbqp,stress,heuristic,allocation,4813.0
stress-k6-d2-random-s7602.pbqp,stress,heuristic,conditioning,3951.0
stress-k6-d2-random-s7602.pbqp,stress,heuristic,r0,210.0
stress-k6-d2-random-s7602.pbqp,stress,heuristic,r1,1624.0
stress-k6-d2-random-s7602.pbqp,stress,heuristic,r2,2109.0
stress-k6-d2-random-s7602.pbqp,stress,heuristic,lower_bound,778.0
stress-k6-d2-random-s7602.pbqp,stress,heuristic,incumbent,990.0
stress-k6-d2-random-s7602.pbqp,stress,heuristic,seed,867.0
stress-k6-d3-matching-s7603.pbqp,stress,none,other,171.0
stress-k6-d3-matching-s7603.pbqp,stress,none,topology,12546.0
stress-k6-d3-matching-s7603.pbqp,stress,none,selection,7290.0
stress-k6-d3-matching-s7603.pbqp,stress,none,reduction,0.0
stress-k6-d3-matching-s7603.pbqp,stress,none,reconstruction,784.0
stress-k6-d3-matching-s7603.pbqp,stress,none,kernel,10375.0
stress-k6-d3-matching-s7603.pbqp,stress,none,metadata,3161.0
stress-k6-d3-matching-s7603.pbqp,stress,none,search,25014.0
stress-k6-d3-matching-s7603.pbqp,stress,none,clone,4462.0
stress-k6-d3-matching-s7603.pbqp,stress,none,allocation,11470.0
stress-k6-d3-matching-s7603.pbqp,stress,none,conditioning,8493.0
stress-k6-d3-matching-s7603.pbqp,stress,none,r0,672.0
stress-k6-d3-matching-s7603.pbqp,stress,none,r1,4907.0
stress-k6-d3-matching-s7603.pbqp,stress,none,r2,7194.0
stress-k6-d3-matching-s7603.pbqp,stress,none,lower_bound,0.0
stress-k6-d3-matching-s7603.pbqp,stress,none,incumbent,1809.0
stress-k6-d3-matching-s7603.pbqp,stress,none,seed,0.0
stress-k6-d3-matching-s7603.pbqp,stress,heuristic,other,330.0
stress-k6-d3-matching-s7603.pbqp,stress,heuristic,topology,14129.0
stress-k6-d3-matching-s7603.pbqp,stress,heuristic,selection,8417.0
stress-k6-d3-matching-s7603.pbqp,stress,heuristic,reduction,1121.0
stress-k6-d3-matching-s7603.pbqp,stress,heuristic,reconstruction,864.0
stress-k6-d3-matching-s7603.pbqp,stress,heuristic,kernel,12169.0
stress-k6-d3-matching-s7603.pbqp,stress,heuristic,metadata,3776.0
stress-k6-d3-matching-s7603.pbqp,stress,heuristic,search,26003.0
stress-k6-d3-matching-s7603.pbqp,stress,heuristic,clone,4197.0
stress-k6-d3-matching-s7603.pbqp,stress,heuristic,allocation,12966.0
stress-k6-d3-matching-s7603.pbqp,stress,heuristic,conditioning,10007.0
stress-k6-d3-matching-s7603.pbqp,stress,heuristic,r0,769.0
stress-k6-d3-matching-s7603.pbqp,stress,heuristic,r1,5429.0
stress-k6-d3-matching-s7603.pbqp,stress,heuristic,r2,7921.0
stress-k6-d3-matching-s7603.pbqp,stress,heuristic,lower_bound,171.0
stress-k6-d3-matching-s7603.pbqp,stress,heuristic,incumbent,1924.0
stress-k6-d3-matching-s7603.pbqp,stress,heuristic,seed,1090.0
stress-k6-d3-random-s7603.pbqp,stress,none,other,380.0
stress-k6-d3-random-s7603.pbqp,stress,none,topology,13297.0
stress-k6-d3-random-s7603.pbqp,stress,none,selection,7790.0
stress-k6-d3-random-s7603.pbqp,stress,none,reduction,0.0
stress-k6-d3-random-s7603.pbqp,stress,none,reconstruction,236.0
stress-k6-d3-random-s7603.pbqp,stress,none,kernel,12481.0
stress-k6-d3-random-s7603.pbqp,stress,none,metadata,2828.0
stress-k6-d3-random-s7603.pbqp,stress,none,search,25591.0
stress-k6-d3-random-s7603.pbqp,stress,none,clone,4519.0
stress-k6-d3-random-s7603.pbqp,stress,none,allocation,12098.0
stress-k6-d3-random-s7603.pbqp,stress,none,conditioning,8404.0
stress-k6-d3-random-s7603.pbqp,stress,none,r0,819.0
stress-k6-d3-random-s7603.pbqp,stress,none,r1,5170.0
stress-k6-d3-random-s7603.pbqp,stress,none,r2,7540.0
stress-k6-d3-random-s7603.pbqp,stress,none,lower_bound,1588.0
stress-k6-d3-random-s7603.pbqp,stress,none,incumbent,2954.0
stress-k6-d3-random-s7603.pbqp,stress,none,seed,0.0
stress-k6-d3-random-s7603.pbqp,stress,heuristic,other,252.0
stress-k6-d3-random-s7603.pbqp,stress,heuristic,topology,13691.0
stress-k6-d3-random-s7603.pbqp,stress,heuristic,selection,8419.0
stress-k6-d3-random-s7603.pbqp,stress,heuristic,reduction,1001.0
stress-k6-d3-random-s7603.pbqp,stress,heuristic,reconstruction,51.0
stress-k6-d3-random-s7603.pbqp,stress,heuristic,kernel,11891.0
stress-k6-d3-random-s7603.pbqp,stress,heuristic,metadata,2888.0
stress-k6-d3-random-s7603.pbqp,stress,heuristic,search,23052.0
stress-k6-d3-random-s7603.pbqp,stress,heuristic,clone,4234.0
stress-k6-d3-random-s7603.pbqp,stress,heuristic,allocation,12858.0
stress-k6-d3-random-s7603.pbqp,stress,heuristic,conditioning,8934.0
stress-k6-d3-random-s7603.pbqp,stress,heuristic,r0,828.0
stress-k6-d3-random-s7603.pbqp,stress,heuristic,r1,5093.0
stress-k6-d3-random-s7603.pbqp,stress,heuristic,r2,7336.0
stress-k6-d3-random-s7603.pbqp,stress,heuristic,lower_bound,1745.0
stress-k6-d3-random-s7603.pbqp,stress,heuristic,incumbent,2479.0
stress-k6-d3-random-s7603.pbqp,stress,heuristic,seed,939.0
stress-k6-d4-matching-s7604.pbqp,stress,none,other,230.0
stress-k6-d4-matching-s7604.pbqp,stress,none,topology,26616.0
stress-k6-d4-matching-s7604.pbqp,stress,none,selection,14526.0
stress-k6-d4-matching-s7604.pbqp,stress,none,reduction,0.0
stress-k6-d4-matching-s7604.pbqp,stress,none,reconstruction,1866.0
stress-k6-d4-matching-s7604.pbqp,stress,none,kernel,28416.0
stress-k6-d4-matching-s7604.pbqp,stress,none,metadata,9554.0
stress-k6-d4-matching-s7604.pbqp,stress,none,search,53194.0
stress-k6-d4-matching-s7604.pbqp,stress,none,clone,9738.0
stress-k6-d4-matching-s7604.pbqp,stress,none,allocation,25489.0
stress-k6-d4-matching-s7604.pbqp,stress,none,conditioning,17915.0
stress-k6-d4-matching-s7604.pbqp,stress,none,r0,1749.0
stress-k6-d4-matching-s7604.pbqp,stress,none,r1,12174.0
stress-k6-d4-matching-s7604.pbqp,stress,none,r2,19095.0
stress-k6-d4-matching-s7604.pbqp,stress,none,lower_bound,0.0
stress-k6-d4-matching-s7604.pbqp,stress,none,incumbent,3717.0
stress-k6-d4-matching-s7604.pbqp,stress,none,seed,0.0
stress-k6-d4-matching-s7604.pbqp,stress,heuristic,other,356.0
stress-k6-d4-matching-s7604.pbqp,stress,heuristic,topology,28440.0
stress-k6-d4-matching-s7604.pbqp,stress,heuristic,selection,16254.0
stress-k6-d4-matching-s7604.pbqp,stress,heuristic,reduction,1094.0
stress-k6-d4-matching-s7604.pbqp,stress,heuristic,reconstruction,1944.0
stress-k6-d4-matching-s7604.pbqp,stress,heuristic,kernel,30192.0
stress-k6-d4-matching-s7604.pbqp,stress,heuristic,metadata,10469.0
stress-k6-d4-matching-s7604.pbqp,stress,heuristic,search,54097.0
stress-k6-d4-matching-s7604.pbqp,stress,heuristic,clone,10519.0
stress-k6-d4-matching-s7604.pbqp,stress,heuristic,allocation,27120.0
stress-k6-d4-matching-s7604.pbqp,stress,heuristic,conditioning,19144.0
stress-k6-d4-matching-s7604.pbqp,stress,heuristic,r0,1853.0
stress-k6-d4-matching-s7604.pbqp,stress,heuristic,r1,12572.0
stress-k6-d4-matching-s7604.pbqp,stress,heuristic,r2,20245.0
stress-k6-d4-matching-s7604.pbqp,stress,heuristic,lower_bound,258.0
stress-k6-d4-matching-s7604.pbqp,stress,heuristic,incumbent,3887.0
stress-k6-d4-matching-s7604.pbqp,stress,heuristic,seed,925.0
stress-k6-d4-random-s7604.pbqp,stress,none,other,225.0
stress-k6-d4-random-s7604.pbqp,stress,none,topology,24155.0
stress-k6-d4-random-s7604.pbqp,stress,none,selection,13156.0
stress-k6-d4-random-s7604.pbqp,stress,none,reduction,0.0
stress-k6-d4-random-s7604.pbqp,stress,none,reconstruction,144.0
stress-k6-d4-random-s7604.pbqp,stress,none,kernel,28101.0
stress-k6-d4-random-s7604.pbqp,stress,none,metadata,7375.0
stress-k6-d4-random-s7604.pbqp,stress,none,search,45021.0
stress-k6-d4-random-s7604.pbqp,stress,none,clone,8999.0
stress-k6-d4-random-s7604.pbqp,stress,none,allocation,22754.0
stress-k6-d4-random-s7604.pbqp,stress,none,conditioning,15136.0
stress-k6-d4-random-s7604.pbqp,stress,none,r0,1560.0
stress-k6-d4-random-s7604.pbqp,stress,none,r1,10284.0
stress-k6-d4-random-s7604.pbqp,stress,none,r2,16140.0
stress-k6-d4-random-s7604.pbqp,stress,none,lower_bound,3437.0
stress-k6-d4-random-s7604.pbqp,stress,none,incumbent,5077.0
stress-k6-d4-random-s7604.pbqp,stress,none,seed,0.0
stress-k6-d4-random-s7604.pbqp,stress,heuristic,other,225.0
stress-k6-d4-random-s7604.pbqp,stress,heuristic,topology,25277.0
stress-k6-d4-random-s7604.pbqp,stress,heuristic,selection,14204.0
stress-k6-d4-random-s7604.pbqp,stress,heuristic,reduction,943.0
stress-k6-d4-random-s7604.pbqp,stress,heuristic,reconstruction,60.0
stress-k6-d4-random-s7604.pbqp,stress,heuristic,kernel,29167.0
stress-k6-d4-random-s7604.pbqp,stress,heuristic,metadata,8613.0
stress-k6-d4-random-s7604.pbqp,stress,heuristic,search,44709.0
stress-k6-d4-random-s7604.pbqp,stress,heuristic,clone,8769.0
stress-k6-d4-random-s7604.pbqp,stress,heuristic,allocation,24166.0
stress-k6-d4-random-s7604.pbqp,stress,heuristic,conditioning,15952.0
stress-k6-d4-random-s7604.pbqp,stress,heuristic,r0,1595.0
stress-k6-d4-random-s7604.pbqp,stress,heuristic,r1,10468.0
stress-k6-d4-random-s7604.pbqp,stress,heuristic,r2,16345.0
stress-k6-d4-random-s7604.pbqp,stress,heuristic,lower_bound,3971.0
stress-k6-d4-random-s7604.pbqp,stress,heuristic,incumbent,4878.0
stress-k6-d4-random-s7604.pbqp,stress,heuristic,seed,898.0
stress-k8-d2-matching-s7802.pbqp,stress,none,other,256.0
stress-k8-d2-matching-s7802.pbqp,stress,none,topology,21658.0
stress-k8-d2-matching-s7802.pbqp,stress,none,selection,13478.0
stress-k8-d2-matching-s7802.pbqp,stress,none,reduction,0.0
stress-k8-d2-matching-s7802.pbqp,stress,none,reconstruction,973.0
stress-k8-d2-matching-s7802.pbqp,stress,none,kernel,12246.0
stress-k8-d2-matching-s7802.pbqp,stress,none,metadata,3128.0
stress-k8-d2-matching-s7802.pbqp,stress,none,search,39256.0
stress-k8-d2-matching-s7802.pbqp,stress,none,clone,7733.0
stress-k8-d2-matching-s7802.pbqp,stress,none,allocation,16801.0
stress-k8-d2-matching-s7802.pbqp,stress,none,conditioning,15339.0
stress-k8-d2-matching-s7802.pbqp,stress,none,r0,766.0
stress-k8-d2-matching-s7802.pbqp,stress,none,r1,5839.0
stress-k8-d2-matching-s7802.pbqp,stress,none,r2,7719.0
stress-k8-d2-matching-s7802.pbqp,stress,none,lower_bound,0.0
stress-k8-d2-matching-s7802.pbqp,stress,none,incumbent,3137.0
stress-k8-d2-matching-s7802.pbqp,stress,none,seed,0.0
stress-k8-d2-matching-s7802.pbqp,stress,heuristic,other,380.0
stress-k8-d2-matching-s7802.pbqp,stress,heuristic,topology,24087.0
stress-k8-d2-matching-s7802.pbqp,stress,heuristic,selection,15040.0
stress-k8-d2-matching-s7802.pbqp,stress,heuristic,reduction,1723.0
stress-k8-d2-matching-s7802.pbqp,stress,heuristic,reconstruction,1048.0
stress-k8-d2-matching-s7802.pbqp,stress,heuristic,kernel,13852.0
stress-k8-d2-matching-s7802.pbqp,stress,heuristic,metadata,3094.0
stress-k8-d2-matching-s7802.pbqp,stress,heuristic,search,39883.0
stress-k8-d2-matching-s7802.pbqp,stress,heuristic,clone,7595.0
stress-k8-d2-matching-s7802.pbqp,stress,heuristic,allocation,18888.0
stress-k8-d2-matching-s7802.pbqp,stress,heuristic,conditioning,17305.0
stress-k8-d2-matching-s7802.pbqp,stress,heuristic,r0,859.0
stress-k8-d2-matching-s7802.pbqp,stress,heuristic,r1,6557.0
stress-k8-d2-matching-s7802.pbqp,stress,heuristic,r2,7949.0
stress-k8-d2-matching-s7802.pbqp,stress,heuristic,lower_bound,245.0
stress-k8-d2-matching-s7802.pbqp,stress,heuristic,incumbent,3211.0
stress-k8-d2-matching-s7802.pbqp,stress,heuristic,seed,1290.0
stress-k8-d2-random-s7802.pbqp,stress,none,other,171.0
stress-k8-d2-random-s7802.pbqp,stress,none,topology,14764.0
stress-k8-d2-random-s7802.pbqp,stress,none,selection,9347.0
stress-k8-d2-random-s7802.pbqp,stress,none,reduction,0.0
stress-k8-d2-random-s7802.pbqp,stress,none,reconstruction,30.0
stress-k8-d2-random-s7802.pbqp,stress,none,kernel,7162.0
stress-k8-d2-random-s7802.pbqp,stress,none,metadata,1360.0
stress-k8-d2-random-s7802.pbqp,stress,none,search,23898.0
stress-k8-d2-random-s7802.pbqp,stress,none,clone,5224.0
stress-k8-d2-random-s7802.pbqp,stress,none,allocation,10379.0
stress-k8-d2-random-s7802.pbqp,stress,none,conditioning,11489.0
stress-k8-d2-random-s7802.pbqp,stress,none,r0,404.0
stress-k8-d2-random-s7802.pbqp,stress,none,r1,2574.0
stress-k8-d2-random-s7802.pbqp,stress,none,r2,3350.0
stress-k8-d2-random-s7802.pbqp,stress,none,lower_bound,2604.0
stress-k8-d2-random-s7802.pbqp,stress,none,incumbent,2872.0
stress-k8-d2-random-s7802.pbqp,stress,none,seed,0.0
stress-k8-d2-random-s7802.pbqp,stress,heuristic,other,246.0
stress-k8-d2-random-s7802.pbqp,stress,heuristic,topology,16847.0
stress-k8-d2-random-s7802.pbqp,stress,heuristic,selection,11225.0
stress-k8-d2-random-s7802.pbqp,stress,heuristic,reduction,1523.0
stress-k8-d2-random-s7802.pbqp,stress,heuristic,reconstruction,36.0
stress-k8-d2-random-s7802.pbqp,stress,heuristic,kernel,9103.0
stress-k8-d2-random-s7802.pbqp,stress,heuristic,metadata,1283.0
stress-k8-d2-random-s7802.pbqp,stress,heuristic,search,23920.0
stress-k8-d2-random-s7802.pbqp,stress,heuristic,clone,5340.0
stress-k8-d2-random-s7802.pbqp,stress,heuristic,allocation,12276.0
stress-k8-d2-random-s7802.pbqp,stress,heuristic,conditioning,13245.0
stress-k8-d2-random-s7802.pbqp,stress,heuristic,r0,429.0
stress-k8-d2-random-s7802.pbqp,stress,heuristic,r1,2691.0
stress-k8-d2-random-s7802.pbqp,stress,heuristic,r2,3509.0
stress-k8-d2-random-s7802.pbqp,stress,heuristic,lower_bound,3245.0
stress-k8-d2-random-s7802.pbqp,stress,heuristic,incumbent,2868.0
stress-k8-d2-random-s7802.pbqp,stress,heuristic,seed,1064.0
stress-k8-d3-matching-s7803.pbqp,stress,none,other,283.0
stress-k8-d3-matching-s7803.pbqp,stress,none,topology,118593.0
stress-k8-d3-matching-s7803.pbqp,stress,none,selection,65348.0
stress-k8-d3-matching-s7803.pbqp,stress,none,reduction,0.0
stress-k8-d3-matching-s7803.pbqp,stress,none,reconstruction,7328.0
stress-k8-d3-matching-s7803.pbqp,stress,none,kernel,87372.0
stress-k8-d3-matching-s7803.pbqp,stress,none,metadata,26065.0
stress-k8-d3-matching-s7803.pbqp,stress,none,search,227354.0
stress-k8-d3-matching-s7803.pbqp,stress,none,clone,44293.0
stress-k8-d3-matching-s7803.pbqp,stress,none,allocation,107230.0
stress-k8-d3-matching-s7803.pbqp,stress,none,conditioning,79242.0
stress-k8-d3-matching-s7803.pbqp,stress,none,r0,5591.0
stress-k8-d3-matching-s7803.pbqp,stress,none,r1,43760.0
stress-k8-d3-matching-s7803.pbqp,stress,none,r2,63265.0
stress-k8-d3-matching-s7803.pbqp,stress,none,lower_bound,0.0
stress-k8-d3-matching-s7803.pbqp,stress,none,incumbent,16616.0
stress-k8-d3-matching-s7803.pbqp,stress,none,seed,0.0
stress-k8-d3-matching-s7803.pbqp,stress,heuristic,other,356.0
stress-k8-d3-matching-s7803.pbqp,stress,heuristic,topology,130398.0
stress-k8-d3-matching-s7803.pbqp,stress,heuristic,selection,67695.0
stress-k8-d3-matching-s7803.pbqp,stress,heuristic,reduction,1742.0
stress-k8-d3-matching-s7803.pbqp,stress,heuristic,reconstruction,7393.0
stress-k8-d3-matching-s7803.pbqp,stress,heuristic,kernel,87287.0
stress-k8-d3-matching-s7803.pbqp,stress,heuristic,metadata,26481.0
stress-k8-d3-matching-s7803.pbqp,stress,heuristic,search,228272.0
stress-k8-d3-matching-s7803.pbqp,stress,heuristic,clone,46061.0
stress-k8-d3-matching-s7803.pbqp,stress,heuristic,allocation,113014.0
stress-k8-d3-matching-s7803.pbqp,stress,heuristic,conditioning,81074.0
stress-k8-d3-matching-s7803.pbqp,stress,heuristic,r0,5679.0
stress-k8-d3-matching-s7803.pbqp,stress,heuristic,r1,44400.0
stress-k8-d3-matching-s7803.pbqp,stress,heuristic,r2,64496.0
stress-k8-d3-matching-s7803.pbqp,stress,heuristic,lower_bound,271.0
stress-k8-d3-matching-s7803.pbqp,stress,heuristic,incumbent,16821.0
stress-k8-d3-matching-s7803.pbqp,stress,heuristic,seed,1218.0
stress-k8-d3-random-s7803.pbqp,stress,none,other,248.0
stress-k8-d3-random-s7803.pbqp,stress,none,topology,75738.0
stress-k8-d3-random-s7803.pbqp,stress,none,selection,43300.0
stress-k8-d3-random-s7803.pbqp,stress,none,reduction,0.0
stress-k8-d3-random-s7803.pbqp,stress,none,reconstruction,188.0
stress-k8-d3-random-s7803.pbqp,stress,none,kernel,55052.0
stress-k8-d3-random-s7803.pbqp,stress,none,metadata,12604.0
stress-k8-d3-random-s7803.pbqp,stress,none,search,132593.0
stress-k8-d3-random-s7803.pbqp,stress,none,clone,29367.0
stress-k8-d3-random-s7803.pbqp,stress,none,allocation,63397.0
stress-k8-d3-random-s7803.pbqp,stress,none,conditioning,56035.0
stress-k8-d3-random-s7803.pbqp,stress,none,r0,3493.0
stress-k8-d3-random-s7803.pbqp,stress,none,r1,22050.0
stress-k8-d3-random-s7803.pbqp,stress,none,r2,31719.0
stress-k8-d3-random-s7803.pbqp,stress,none,lower_bound,14078.0
stress-k8-d3-random-s7803.pbqp,stress,none,incumbent,15595.0
stress-k8-d3-random-s7803.pbqp,stress,none,seed,0.0
stress-k8-d3-random-s7803.pbqp,stress,heuristic,other,352.0
stress-k8-d3-random-s7803.pbqp,stress,heuristic,topology,76298.0
stress-k8-d3-random-s7803.pbqp,stress,heuristic,selection,43663.0
stress-k8-d3-random-s7803.pbqp,stress,heuristic,reduction,1856.0
stress-k8-d3-random-s7803.pbqp,stress,heuristic,reconstruction,177.0
stress-k8-d3-random-s7803.pbqp,stress,heuristic,kernel,57172.0
stress-k8-d3-random-s7803.pbqp,stress,heuristic,metadata,12256.0
stress-k8-d3-random-s7803.pbqp,stress,heuristic,search,129341.0
stress-k8-d3-random-s7803.pbqp,stress,heuristic,clone,29530.0
stress-k8-d3-random-s7803.pbqp,stress,heuristic,allocation,66310.0
stress-k8-d3-random-s7803.pbqp,stress,heuristic,conditioning,56688.0
stress-k8-d3-random-s7803.pbqp,stress,heuristic,r0,3461.0
stress-k8-d3-random-s7803.pbqp,stress,heuristic,r1,21288.0
stress-k8-d3-random-s7803.pbqp,stress,heuristic,r2,30409.0
stress-k8-d3-random-s7803.pbqp,stress,heuristic,lower_bound,14678.0
stress-k8-d3-random-s7803.pbqp,stress,heuristic,incumbent,15240.0
stress-k8-d3-random-s7803.pbqp,stress,heuristic,seed,1291.0
