id,class,seed,mhz,cpu_ns,ideal_total_ns,current_total_ns,ideal_speedup,current_speedup
001-instcombine-foldaddtoashr-n87-d16.pbqp,llvm,heuristic,250,236217.0,481212.0,728723.0,0.4908792798184584,0.3241519754419718
001-instcombine-foldaddtoashr-n87-d16.pbqp,llvm,heuristic,500,236217.0,347858.0,595369.0,0.6790615711008515,0.39675730513345503
001-instcombine-foldaddtoashr-n87-d16.pbqp,llvm,heuristic,1000,236217.0,281181.0,528692.0,0.8400887684445251,0.44679510943990075
001-instcombine-foldaddtoashr-n87-d16.pbqp,llvm,heuristic,2000,236217.0,247842.5,495353.5,0.9530931942665201,0.47686551119554016
003-instcombine-foldnowrapadd-n114-d16-r1.pbqp,llvm,heuristic,250,334191.0,363602.0,644122.0,0.9191121060940259,0.5188318362049426
003-instcombine-foldnowrapadd-n114-d16-r1.pbqp,llvm,heuristic,500,334191.0,347364.0,627884.0,0.962077244619477,0.5322495875034242
003-instcombine-foldnowrapadd-n114-d16-r1.pbqp,llvm,heuristic,1000,334191.0,339245.0,619765.0,0.9851022122654719,0.5392221245149371
003-instcombine-foldnowrapadd-n114-d16-r1.pbqp,llvm,heuristic,2000,334191.0,335185.5,615705.5,0.9970329862121124,0.5427773505352803
004-instcombine-mulwilloverflow-n13-d16.pbqp,llvm,none,250,201468.0,1880546.0,2467771.0,0.1071327157112881,0.08163966591713737
004-instcombine-mulwilloverflow-n13-d16.pbqp,llvm,none,500,201468.0,998704.0,1585929.0,0.20172944135599738,0.127034690708096
004-instcombine-mulwilloverflow-n13-d16.pbqp,llvm,none,1000,201468.0,557783.0,1145008.0,0.36119422786280686,0.17595335578441373
004-instcombine-mulwilloverflow-n13-d16.pbqp,llvm,none,2000,201468.0,337322.5,924547.5,0.5972563348131239,0.2179098423823546
004-instcombine-mulwilloverflow-n13-d16.pbqp,llvm,heuristic,250,38255.0,150130.0,210196.0,0.2548124958369413,0.1819968029838817
004-instcombine-mulwilloverflow-n13-d16.pbqp,llvm,heuristic,500,38255.0,91600.0,151666.0,0.4176310043668122,0.2522318779423206
004-instcombine-mulwilloverflow-n13-d16.pbqp,llvm,heuristic,1000,38255.0,62335.0,122401.0,0.613700168444694,0.3125382962557495
004-instcombine-mulwilloverflow-n13-d16.pbqp,llvm,heuristic,2000,38255.0,47702.5,107768.5,0.8019495833551701,0.3549738559968822
005-instcombine-foldsubofminmax-n88-d17.pbqp,llvm,heuristic,250,252755.0,337840.0,585446.0,0.7481500118399242,0.4317306805409893
005-instcombine-foldsubofminmax-n88-d17.pbqp,llvm,heuristic,500,252755.0,291768.0,539374.0,0.8662875983658249,0.46860805303926406
005-instcombine-foldsubofminmax-n88-d17.pbqp,llvm,heuristic,1000,252755.0,268732.0,516338.0,0.9405467156870041,0.4895146202681189
005-instcombine-foldsubofminmax-n88-d17.pbqp,llvm,heuristic,2000,252755.0,257214.0,504820.0,0.9826642406711921,0.5006834119091954
008-instcombine-foldfnegintoconstant-n40-d16.pbqp,llvm,heuristic,250,82004.0,166657.0,276989.0,0.49205253904726476,0.2960550779994873
008-instcombine-foldfnegintoconstant-n40-d16.pbqp,llvm,heuristic,500,82004.0,120487.0,230819.0,0.6806045465485903,0.3552740458974348
008-instcombine-foldfnegintoconstant-n40-d16.pbqp,llvm,heuristic,1000,82004.0,97402.0,207734.0,0.8419128970657687,0.394754830696949
008-instcombine-foldfnegintoconstant-n40-d16.pbqp,llvm,heuristic,2000,82004.0,85859.5,196191.5,0.9550952428094737,0.41797937219502374
009-instcombine-canonicalizelowbitmask-n25-d16.pbqp,llvm,heuristic,250,51250.0,131581.0,217772.0,0.38949392389478726,0.23533787631100417
009-instcombine-canonicalizelowbitmask-n25-d16.pbqp,llvm,heuristic,500,51250.0,88457.0,174648.0,0.5793775506743389,0.2934473913242637
009-instcombine-canonicalizelowbitmask-n25-d16.pbqp,llvm,heuristic,1000,51250.0,66895.0,153086.0,0.7661260183870244,0.3347791437492651
009-instcombine-canonicalizelowbitmask-n25-d16.pbqp,llvm,heuristic,2000,51250.0,56114.0,142305.0,0.9133193142531275,0.3601419486314606
013-instcombine-factorizemathwithshlops-n33-d16-r1.pbqp,llvm,heuristic,250,73767.0,78275.0,162729.0,0.9424081763015011,0.45331194808546726
013-instcombine-factorizemathwithshlops-n33-d16-r1.pbqp,llvm,heuristic,500,73767.0,75749.0,160203.0,0.9738346380810308,0.46045954195614314
013-instcombine-factorizemathwithshlops-n33-d16-r1.pbqp,llvm,heuristic,1000,73767.0,74486.0,158940.0,0.9903471793357141,0.46411853529633823
013-instcombine-factorizemathwithshlops-n33-d16-r1.pbqp,llvm,heuristic,2000,73767.0,73854.5,158308.5,0.9988152380694474,0.46596992580941643
014-instcombine-combineaddsubwithshladdsub-n29-d16.pbqp,llvm,heuristic,250,63420.0,141333.0,247986.0,0.4487274734138524,0.2557402434008371
014-instcombine-combineaddsubwithshladdsub-n29-d16.pbqp,llvm,heuristic,500,63420.0,99357.0,206010.0,0.6383042966273136,0.30784913353720694
014-instcombine-combineaddsubwithshladdsub-n29-d16.pbqp,llvm,heuristic,1000,63420.0,78369.0,185022.0,0.8092485549132948,0.34277004896714985
014-instcombine-combineaddsubwithshladdsub-n29-d16.pbqp,llvm,heuristic,2000,63420.0,67875.0,174528.0,0.9343646408839779,0.3633800880088009
015-instcombine-foldtounsignedsaturatedadd-n62-d17.pbqp,llvm,heuristic,250,135528.0,344799.0,570670.0,0.3930637849877755,0.2374892670019451
015-instcombine-foldtounsignedsaturatedadd-n62-d17.pbqp,llvm,heuristic,500,135528.0,232239.0,458110.0,0.5835712348055236,0.2958416100936456
015-instcombine-foldtounsignedsaturatedadd-n62-d17.pbqp,llvm,heuristic,1000,135528.0,175959.0,401830.0,0.770224881932723,0.3372769579175273
015-instcombine-foldtounsignedsaturatedadd-n62-d17.pbqp,llvm,heuristic,2000,135528.0,147819.0,373690.0,0.9168510137397764,0.3626749444726913
016-instcombine-matchdiv-n30-d16.pbqp,llvm,heuristic,250,83322.0,155974.0,239434.0,0.5342044186851654,0.3479956898351947
016-instcombine-matchdiv-n30-d16.pbqp,llvm,heuristic,500,83322.0,116452.0,199912.0,0.7155051008140693,0.4167933890912001
016-instcombine-matchdiv-n30-d16.pbqp,llvm,heuristic,1000,83322.0,96691.0,180151.0,0.861734804687096,0.46251200381901847
016-instcombine-matchdiv-n30-d16.pbqp,llvm,heuristic,2000,83322.0,86810.5,170270.5,0.9598147689507606,0.48935076833626495
017-instcombine-matchmul-n22-d16.pbqp,llvm,heuristic,250,53373.0,108647.0,178667.0,0.49125148416431197,0.29872892028186515
017-instcombine-matchmul-n22-d16.pbqp,llvm,heuristic,500,53373.0,78699.0,148719.0,0.6781915907444821,0.35888487684828435
017-instcombine-matchmul-n22-d16.pbqp,llvm,heuristic,1000,53373.0,63725.0,133745.0,0.8375519811690859,0.3990653856218924
017-instcombine-matchmul-n22-d16.pbqp,llvm,heuristic,2000,53373.0,56238.0,126258.0,0.9490557985703617,0.42272964881433256
018-instcombine-matchrem-n44-d16.pbqp,llvm,heuristic,250,89302.0,144122.0,254764.0,0.619627815323129,0.3505283321034369
018-instcombine-matchrem-n44-d16.pbqp,llvm,heuristic,500,89302.0,114242.0,224884.0,0.7816914969976015,0.39710250618096443
018-instcombine-matchrem-n44-d16.pbqp,llvm,heuristic,1000,89302.0,99302.0,209944.0,0.8992970937141246,0.4253610486605952
018-instcombine-matchrem-n44-d16.pbqp,llvm,heuristic,2000,89302.0,91832.0,202474.0,0.9724496907396115,0.44105416004030146
020-instcombine-faddcombine-simplifyfadd-n138-d17-r1.pbqp,llvm,heuristic,250,441772.0,548184.0,957929.0,0.8058826963209433,0.4611740536094011
020-instcombine-faddcombine-simplifyfadd-n138-d17-r1.pbqp,llvm,heuristic,500,441772.0,489908.0,899653.0,0.9017448173942862,0.4910471037166552
020-instcombine-faddcombine-simplifyfadd-n138-d17-r1.pbqp,llvm,heuristic,1000,441772.0,460770.0,870515.0,0.9587690170801051,0.5074835011458734
020-instcombine-faddcombine-simplifyfadd-n138-d17-r1.pbqp,llvm,heuristic,2000,441772.0,446201.0,855946.0,0.9900739801121019,0.5161213441034832
023-instcombine-faddendcoef-converttofptype-n7-d16.pbqp,llvm,none,250,108041.0,681826.0,1087945.0,0.15845831634463925,0.09930740984149015
023-instcombine-faddendcoef-converttofptype-n7-d16.pbqp,llvm,none,500,108041.0,377320.0,783439.0,0.28633785646135906,0.13790607820136602
023-instcombine-faddendcoef-converttofptype-n7-d16.pbqp,llvm,none,1000,108041.0,225067.0,631186.0,0.48003927719301365,0.17117141381462833
023-instcombine-faddendcoef-converttofptype-n7-d16.pbqp,llvm,none,2000,108041.0,148940.5,555059.5,0.7253970545284862,0.19464760084279253
023-instcombine-faddendcoef-converttofptype-n7-d16.pbqp,llvm,heuristic,250,9136.0,16643.0,40527.0,0.5489394940815958,0.22542996027339798
023-instcombine-faddendcoef-converttofptype-n7-d16.pbqp,llvm,heuristic,500,9136.0,12573.0,36457.0,0.7266364431718763,0.25059659324683875
023-instcombine-faddendcoef-converttofptype-n7-d16.pbqp,llvm,heuristic,1000,9136.0,10538.0,34422.0,0.8669576769785539,0.26541165533670324
023-instcombine-faddendcoef-converttofptype-n7-d16.pbqp,llvm,heuristic,2000,9136.0,9520.5,33404.5,0.9596134656793236,0.27349608585669594
024-instcombine-faddendcoef-createapfloatfromint-n7-d16.pbqp,llvm,none,250,8523.0,94728.0,129033.0,0.0899733975171016,0.06605287019599637
024-instcombine-faddendcoef-createapfloatfromint-n7-d16.pbqp,llvm,none,500,8523.0,49204.0,83509.0,0.1732176245833672,0.10206085571615035
024-instcombine-faddendcoef-createapfloatfromint-n7-d16.pbqp,llvm,none,1000,8523.0,26442.0,60747.0,0.3223281143635126,0.14030322485060992
024-instcombine-faddendcoef-createapfloatfromint-n7-d16.pbqp,llvm,none,2000,8523.0,15061.0,49366.0,0.5658986787065932,0.17264919175140786
024-instcombine-faddendcoef-createapfloatfromint-n7-d16.pbqp,llvm,heuristic,250,24838.0,110523.0,161744.0,0.2247315038498774,0.15356365614798695
024-instcombine-faddendcoef-createapfloatfromint-n7-d16.pbqp,llvm,heuristic,500,24838.0,64999.0,116220.0,0.3821289558300897,0.21371536740664257
024-instcombine-faddendcoef-createapfloatfromint-n7-d16.pbqp,llvm,heuristic,1000,24838.0,42237.0,93458.0,0.5880625991429316,0.26576644054013565
024-instcombine-faddendcoef-createapfloatfromint-n7-d16.pbqp,llvm,heuristic,2000,24838.0,30856.0,82077.0,0.8049649987036557,0.3026182730850299
026-instcombine-faddend-drillvaluedownonestep-n36-d16-r1.pbqp,llvm,heuristic,250,90805.0,163162.0,277357.0,0.5565327711109205,0.3273939363347599
026-instcombine-faddend-drillvaluedownonestep-n36-d16-r1.pbqp,llvm,heuristic,500,90805.0,124448.0,238643.0,0.7296621882231936,0.380505608796403
026-instcombine-faddend-drillvaluedownonestep-n36-d16-r1.pbqp,llvm,heuristic,1000,90805.0,105091.0,219286.0,0.8640606712277931,0.4140939230046606
026-instcombine-faddend-drillvaluedownonestep-n36-d16-r1.pbqp,llvm,heuristic,2000,90805.0,95412.5,209607.5,0.9517096816454867,0.4332144603604356
027-instcombine-faddend-set-n4-d16.pbqp,llvm,none,250,21966.0,166695.0,295601.0,0.131773598488257,0.07430962682805539
027-instcombine-faddend-set-n4-d16.pbqp,llvm,none,500,21966.0,88545.0,217451.0,0.24807724885651364,0.10101586104455716
027-instcombine-faddend-set-n4-d16.pbqp,llvm,none,1000,21966.0,49470.0,178376.0,0.44402668283808366,0.12314436919764991
027-instcombine-faddend-set-n4-d16.pbqp,llvm,none,2000,21966.0,29932.5,158838.5,0.7338511651215234,0.13829140919865146
027-instcombine-faddend-set-n4-d16.pbqp,llvm,heuristic,250,3756.0,3756.0,7946.0,1.0,0.4726906619682859
027-instcombine-faddend-set-n4-d16.pbqp,llvm,heuristic,500,3756.0,3756.0,7946.0,1.0,0.4726906619682859
027-instcombine-faddend-set-n4-d16.pbqp,llvm,heuristic,1000,3756.0,3756.0,7946.0,1.0,0.4726906619682859
027-instcombine-faddend-set-n4-d16.pbqp,llvm,heuristic,2000,3756.0,3756.0,7946.0,1.0,0.4726906619682859
028-instcombine-faddend-scale-n17-d16.pbqp,llvm,heuristic,250,31951.0,45432.0,98894.0,0.7032708223278746,0.32308330131251645
028-instcombine-faddend-scale-n17-d16.pbqp,llvm,heuristic,500,31951.0,37906.0,91368.0,0.84290086002216,0.3496957359250503
028-instcombine-faddend-scale-n17-d16.pbqp,llvm,heuristic,1000,31951.0,34143.0,87605.0,0.9357994318015406,0.36471662576336966
028-instcombine-faddend-scale-n17-d16.pbqp,llvm,heuristic,2000,31951.0,32261.5,85723.5,0.9903755250065868,0.372721599094764
029-instcombine-selectinst-init-n19-d16.pbqp,llvm,heuristic,250,45880.0,45880.0,87805.0,1.0,0.5225214964979216
029-instcombine-selectinst-init-n19-d16.pbqp,llvm,heuristic,500,45880.0,45880.0,87805.0,1.0,0.5225214964979216
029-instcombine-selectinst-init-n19-d16.pbqp,llvm,heuristic,1000,45880.0,45880.0,87805.0,1.0,0.5225214964979216
029-instcombine-selectinst-init-n19-d16.pbqp,llvm,heuristic,2000,45880.0,45880.0,87805.0,1.0,0.5225214964979216
031-instcombine-selectinst-create-n8-d15-r1.pbqp,llvm,none,250,141524.0,657983.0,1146950.0,0.21508762384438504,0.12339160381882383
031-instcombine-selectinst-create-n8-d15-r1.pbqp,llvm,none,500,141524.0,381193.0,870160.0,0.37126599911331004,0.162641353314333
031-instcombine-selectinst-create-n8-d15-r1.pbqp,llvm,none,1000,141524.0,242798.0,731765.0,0.5828878326839595,0.19340088689674964
031-instcombine-selectinst-create-n8-d15-r1.pbqp,llvm,none,2000,141524.0,173600.5,662567.5,0.8152280667394392,0.213599369120882
031-instcombine-selectinst-create-n8-d15-r1.pbqp,llvm,heuristic,250,7779.0,9269.0,27834.0,0.8392491099363469,0.27947833584824316
031-instcombine-selectinst-create-n8-d15-r1.pbqp,llvm,heuristic,500,7779.0,8405.0,26970.0,0.9255205234979179,0.28843159065628476
031-instcombine-selectinst-create-n8-d15-r1.pbqp,llvm,heuristic,1000,7779.0,7973.0,26538.0,0.9756678790919353,0.29312683698846936
031-instcombine-selectinst-create-n8-d15-r1.pbqp,llvm,heuristic,2000,7779.0,7757.0,26322.0,1.0028361479953591,0.29553225438796443
032-instcombine-densemapbase-grow-n22-d17.pbqp,llvm,none,250,1108312.0,5582614.0,7745622.0,0.19852921946600643,0.1430888313424022
032-instcombine-densemapbase-grow-n22-d17.pbqp,llvm,none,500,1108312.0,3227120.0,5390128.0,0.34343687250551574,0.20561886470970633
032-instcombine-densemapbase-grow-n22-d17.pbqp,llvm,none,1000,1108312.0,2049373.0,4212381.0,0.5408054073123829,0.2631082041249355
032-instcombine-densemapbase-grow-n22-d17.pbqp,llvm,none,2000,1108312.0,1460499.5,3623507.5,0.7588581851619942,0.30586717427796134
032-instcombine-densemapbase-grow-n22-d17.pbqp,llvm,heuristic,250,59075.0,192849.0,279252.0,0.30632774865309126,0.21154727629524586
032-instcombine-densemapbase-grow-n22-d17.pbqp,llvm,heuristic,500,59075.0,121887.0,208290.0,0.48467022734171816,0.2836189927504921
032-instcombine-densemapbase-grow-n22-d17.pbqp,llvm,heuristic,1000,59075.0,86406.0,172809.0,0.6836909473879129,0.3418514082021191
032-instcombine-densemapbase-grow-n22-d17.pbqp,llvm,heuristic,2000,59075.0,68665.5,155068.5,0.8603301512404337,0.38096067221905155
033-instcombine-densemapbase-lookupbucketfor-n15-d16.pbqp,llvm,heuristic,250,46873.0,46873.0,54386.0,1.0,0.8618578310594638
033-instcombine-densemapbase-lookupbucketfor-n15-d16.pbqp,llvm,heuristic,500,46873.0,46873.0,54386.0,1.0,0.8618578310594638
033-instcombine-densemapbase-lookupbucketfor-n15-d16.pbqp,llvm,heuristic,1000,46873.0,46873.0,54386.0,1.0,0.8618578310594638
033-instcombine-densemapbase-lookupbucketfor-n15-d16.pbqp,llvm,heuristic,2000,46873.0,46873.0,54386.0,1.0,0.8618578310594638
036-instcombine-densemapbase-lookuporinsertintobucke-n22-d16.pbqp,llvm,heuristic,250,62093.0,74689.0,152152.0,0.8313540146474045,0.4080984804669015
036-instcombine-densemapbase-lookuporinsertintobucke-n22-d16.pbqp,llvm,heuristic,500,62093.0,67131.0,144594.0,0.9249527044137582,0.42942999017939887
036-instcombine-densemapbase-lookuporinsertintobucke-n22-d16.pbqp,llvm,heuristic,1000,62093.0,63352.0,140815.0,0.9801269099633793,0.4409544437737457
036-instcombine-densemapbase-lookuporinsertintobucke-n22-d16.pbqp,llvm,heuristic,2000,62093.0,61462.5,138925.5,1.0102582875737238,0.4469517835098668
037-instcombine-densemapbase-grow-n20-d17.pbqp,llvm,none,250,367766.0,2147143.0,3062363.0,0.1712815587969688,0.12009222943197785
037-instcombine-densemapbase-grow-n20-d17.pbqp,llvm,none,500,367766.0,1207923.0,2123143.0,0.30446145987782336,0.17321772485414313
037-instcombine-densemapbase-grow-n20-d17.pbqp,llvm,none,1000,367766.0,738313.0,1653533.0,0.49811665242248204,0.22241225303637727
037-instcombine-densemapbase-grow-n20-d17.pbqp,llvm,none,2000,367766.0,503508.0,1418728.0,0.730407461251857,0.25922234565047
037-instcombine-densemapbase-grow-n20-d17.pbqp,llvm,heuristic,250,38274.0,101499.0,181285.0,0.3770874589897437,0.21112612736850814
037-instcombine-densemapbase-grow-n20-d17.pbqp,llvm,heuristic,500,38274.0,67379.0,147165.0,0.5680404873922142,0.26007542554275814
037-instcombine-densemapbase-grow-n20-d17.pbqp,llvm,heuristic,1000,38274.0,50319.0,130105.0,0.7606271984737376,0.29417777948579993
037-instcombine-densemapbase-grow-n20-d17.pbqp,llvm,heuristic,2000,38274.0,41789.0,121575.0,0.915886955897485,0.3148180135718692
038-instcombine-densemapbase-lookupbucketfor-n15-d16.pbqp,llvm,heuristic,250,45980.0,45980.0,54633.0,1.0,0.8416158731901964
038-instcombine-densemapbase-lookupbucketfor-n15-d16.pbqp,llvm,heuristic,500,45980.0,45980.0,54633.0,1.0,0.8416158731901964
038-instcombine-densemapbase-lookupbucketfor-n15-d16.pbqp,llvm,heuristic,1000,45980.0,45980.0,54633.0,1.0,0.8416158731901964
038-instcombine-densemapbase-lookupbucketfor-n15-d16.pbqp,llvm,heuristic,2000,45980.0,45980.0,54633.0,1.0,0.8416158731901964
041-instcombine-densemapbase-lookuporinsertintobucke-n24-d16.pbqp,llvm,heuristic,250,75046.0,97261.0,179454.0,0.7715939585239716,0.4181907341157065
041-instcombine-densemapbase-lookuporinsertintobucke-n24-d16.pbqp,llvm,heuristic,500,75046.0,85309.0,167502.0,0.8796961633590828,0.44803047127795487
041-instcombine-densemapbase-lookuporinsertintobucke-n24-d16.pbqp,llvm,heuristic,1000,75046.0,79333.0,161526.0,0.9459619578233522,0.4646063172492354
041-instcombine-densemapbase-lookuporinsertintobucke-n24-d16.pbqp,llvm,heuristic,2000,75046.0,76345.0,158538.0,0.9829851332765734,0.4733628530699264
042-instcombine-instcombiner-replaceoperand-n18-d16.pbqp,llvm,heuristic,250,44622.0,67404.0,121346.0,0.66200818942496,0.36772534735384765
042-instcombine-instcombiner-replaceoperand-n18-d16.pbqp,llvm,heuristic,500,44622.0,55170.0,109112.0,0.8088091353996737,0.40895593518586404
042-instcombine-instcombiner-replaceoperand-n18-d16.pbqp,llvm,heuristic,1000,44622.0,49053.0,102995.0,0.9096691333863373,0.43324433224913833
042-instcombine-instcombiner-replaceoperand-n18-d16.pbqp,llvm,heuristic,2000,44622.0,45994.5,99936.5,0.9701594755894727,0.4465035297413858
044-instcombine-instcombiner-replaceinstuseswith-n16-d16-r1.pbqp,llvm,heuristic,250,22031.0,35683.0,86520.0,0.6174088501527338,0.2546347665279704
044-instcombine-instcombiner-replaceinstuseswith-n16-d16-r1.pbqp,llvm,heuristic,500,22031.0,28157.0,78994.0,0.7824342081897929,0.27889459958984225
044-instcombine-instcombiner-replaceinstuseswith-n16-d16-r1.pbqp,llvm,heuristic,1000,22031.0,24394.0,75231.0,0.9031319176846766,0.2928447049753426
044-instcombine-instcombiner-replaceinstuseswith-n16-d16-r1.pbqp,llvm,heuristic,2000,22031.0,22512.5,73349.5,0.978611882287618,0.3003565123143307
045-instcombine-instcombiner-addone-n3-d15.pbqp,llvm,none,250,2415.0,26215.0,38555.0,0.09212283044058744,0.06263779016988717
045-instcombine-instcombiner-addone-n3-d15.pbqp,llvm,none,500,2415.0,13685.0,26025.0,0.17647058823529413,0.09279538904899136
045-instcombine-instcombiner-addone-n3-d15.pbqp,llvm,none,1000,2415.0,7420.0,19760.0,0.32547169811320753,0.1222165991902834
045-instcombine-instcombiner-addone-n3-d15.pbqp,llvm,none,2000,2415.0,4287.5,16627.5,0.563265306122449,0.14524131709517366
045-instcombine-instcombiner-addone-n3-d15.pbqp,llvm,heuristic,250,6323.0,30060.0,46688.0,0.2103459747172322,0.13543094585332419
045-instcombine-instcombiner-addone-n3-d15.pbqp,llvm,heuristic,500,6323.0,17530.0,34158.0,0.36069594980034225,0.18511036945957024
045-instcombine-instcombiner-addone-n3-d15.pbqp,llvm,heuristic,1000,6323.0,11265.0,27893.0,0.5612960497114958,0.22668769942279424
045-instcombine-instcombiner-addone-n3-d15.pbqp,llvm,heuristic,2000,6323.0,8132.5,24760.5,0.7774976944359053,0.25536641020981
046-instcombine-instcombiner-subone-n3-d15.pbqp,llvm,none,250,2464.0,26262.0,38647.0,0.09382377579773056,0.06375656583952183
046-instcombine-instcombiner-subone-n3-d15.pbqp,llvm,none,500,2464.0,13732.0,26117.0,0.17943489659190212,0.09434467971053337
046-instcombine-instcombiner-subone-n3-d15.pbqp,llvm,none,1000,2464.0,7467.0,19852.0,0.3299852685147984,0.12411847672778561
046-instcombine-instcombiner-subone-n3-d15.pbqp,llvm,none,2000,2464.0,4334.5,16719.5,0.5684623370630983,0.14737282813481264
046-instcombine-instcombiner-subone-n3-d15.pbqp,llvm,heuristic,250,6209.0,29884.0,46800.0,0.20777004417079373,0.13267094017094017
046-instcombine-instcombiner-subone-n3-d15.pbqp,llvm,heuristic,500,6209.0,17354.0,34270.0,0.35778494871499367,0.18117887365042312
046-instcombine-instcombiner-subone-n3-d15.pbqp,llvm,heuristic,1000,6209.0,11089.0,28005.0,0.5599242492560195,0.2217104088555615
046-instcombine-instcombiner-subone-n3-d15.pbqp,llvm,heuristic,2000,6209.0,7956.5,24872.5,0.7803682523722743,0.2496331289576842
047-instcombine-patternmatch-match-n13-d16.pbqp,llvm,none,250,175845.0,1156365.0,1704040.0,0.15206703765679522,0.10319300016431539
047-instcombine-patternmatch-match-n13-d16.pbqp,llvm,none,500,175845.0,637405.0,1185080.0,0.2758764051113499,0.1483823876869072
047-instcombine-patternmatch-match-n13-d16.pbqp,llvm,none,1000,175845.0,377925.0,925600.0,0.46529073228815243,0.1899794727744166
047-instcombine-patternmatch-match-n13-d16.pbqp,llvm,none,2000,175845.0,248185.0,795860.0,0.7085238833934363,0.22094966451385922
047-instcombine-patternmatch-match-n13-d16.pbqp,llvm,heuristic,250,21060.0,53817.0,90510.0,0.3913261608785328,0.23268147166059
047-instcombine-patternmatch-match-n13-d16.pbqp,llvm,heuristic,500,21060.0,36337.0,73030.0,0.5795745383493409,0.2883746405586745
047-instcombine-patternmatch-match-n13-d16.pbqp,llvm,heuristic,1000,21060.0,27597.0,64290.0,0.7631264267855201,0.32757816145590296
047-instcombine-patternmatch-match-n13-d16.pbqp,llvm,heuristic,2000,21060.0,23227.0,59920.0,0.9067034055194386,0.3514686248331108
048-instcombine-patternmatch-match-n11-d16.pbqp,llvm,none,250,92876.0,540040.0,863720.0,0.17197985334419671,0.10753021812624462
048-instcombine-patternmatch-match-n11-d16.pbqp,llvm,none,500,92876.0,300202.0,623882.0,0.30937835190971413,0.1488678948903799
048-instcombine-patternmatch-match-n11-d16.pbqp,llvm,none,1000,92876.0,180283.0,503963.0,0.5151678194838115,0.184291307099926
048-instcombine-patternmatch-match-n11-d16.pbqp,llvm,none,2000,92876.0,120323.5,444003.5,0.7718857912211663,0.2091785312503167
048-instcombine-patternmatch-match-n11-d16.pbqp,llvm,heuristic,250,15634.0,41873.0,64932.0,0.3733670861891911,0.2407749645783281
048-instcombine-patternmatch-match-n11-d16.pbqp,llvm,heuristic,500,15634.0,27725.0,50784.0,0.5638954012623986,0.3078528670447385
048-instcombine-patternmatch-match-n11-d16.pbqp,llvm,heuristic,1000,15634.0,20651.0,43710.0,0.7570577695995351,0.3576755891100435
048-instcombine-patternmatch-match-n11-d16.pbqp,llvm,heuristic,2000,15634.0,17114.0,40173.0,0.9135210938412995,0.38916685335922135
049-instcombine-patternmatch-match-n13-d16.pbqp,llvm,none,250,187972.0,1193630.0,1729142.0,0.1574792858758577,0.10870824952490889
049-instcombine-patternmatch-match-n13-d16.pbqp,llvm,none,500,187972.0,660792.0,1196304.0,0.2844647029625056,0.15712728537227996
049-instcombine-patternmatch-match-n13-d16.pbqp,llvm,none,1000,187972.0,394373.0,929885.0,0.4766350637594359,0.20214542658500784
049-instcombine-patternmatch-match-n13-d16.pbqp,llvm,none,2000,187972.0,261163.5,796675.5,0.7197483568722276,0.2359455010226874
049-instcombine-patternmatch-match-n13-d16.pbqp,llvm,heuristic,250,22540.0,55052.0,94908.0,0.4094310833393882,0.23749315126227505
049-instcombine-patternmatch-match-n13-d16.pbqp,llvm,heuristic,500,22540.0,37572.0,77428.0,0.5999148301926966,0.29110915947719174
049-instcombine-patternmatch-match-n13-d16.pbqp,llvm,heuristic,1000,22540.0,28832.0,68688.0,0.7817702552719201,0.3281504775215467
049-instcombine-patternmatch-match-n13-d16.pbqp,llvm,heuristic,2000,22540.0,24462.0,64318.0,0.9214291554247405,0.35044622034267237
050-instcombine-patternmatch-match-n11-d16.pbqp,llvm,heuristic,250,24576.0,41991.0,76695.0,0.5852682717725227,0.32043809896342657
050-instcombine-patternmatch-match-n11-d16.pbqp,llvm,heuristic,500,24576.0,32651.0,67355.0,0.7526875133992833,0.36487268948110757
050-instcombine-patternmatch-match-n11-d16.pbqp,llvm,heuristic,1000,24576.0,27981.0,62685.0,0.8783102819770559,0.39205551567360614
050-instcombine-patternmatch-match-n11-d16.pbqp,llvm,heuristic,2000,24576.0,25646.0,60350.0,0.9582780940497544,0.4072245236122618
051-instcombine-patternmatch-match-n11-d16.pbqp,llvm,none,250,80804.0,619977.0,956293.0,0.1303338672241067,0.0844971154238293
051-instcombine-patternmatch-match-n11-d16.pbqp,llvm,none,500,80804.0,334309.0,670625.0,0.24170453083823648,0.120490587138863
051-instcombine-patternmatch-match-n11-d16.pbqp,llvm,none,1000,80804.0,191475.0,527791.0,0.42200809505157333,0.1530984802696522
051-instcombine-patternmatch-match-n11-d16.pbqp,llvm,none,2000,80804.0,120058.0,456374.0,0.6730413633410518,0.17705653696310483
051-instcombine-patternmatch-match-n11-d16.pbqp,llvm,heuristic,250,20104.0,52133.0,90627.0,0.3856290641244509,0.22183234576892097
051-instcombine-patternmatch-match-n11-d16.pbqp,llvm,heuristic,500,20104.0,34941.0,73435.0,0.575369909275636,0.27376591543541906
051-instcombine-patternmatch-match-n11-d16.pbqp,llvm,heuristic,1000,20104.0,26345.0,64839.0,0.7631049535016132,0.31006030321257266
051-instcombine-patternmatch-match-n11-d16.pbqp,llvm,heuristic,2000,20104.0,22047.0,60541.0,0.9118700957046311,0.3320724798070729
052-instcombine-patternmatch-match-n10-d16.pbqp,llvm,none,250,27779.0,250728.0,363246.0,0.11079336970741202,0.07647434520958249
052-instcombine-patternmatch-match-n10-d16.pbqp,llvm,none,500,27779.0,132918.0,245436.0,0.20899351479859762,0.11318225525187829
052-instcombine-patternmatch-match-n10-d16.pbqp,llvm,none,1000,27779.0,74013.0,186531.0,0.3753259562509289,0.14892430748776342
052-instcombine-patternmatch-match-n10-d16.pbqp,llvm,none,2000,27779.0,44560.5,157078.5,0.6233996476700217,0.17684788179158828
052-instcombine-patternmatch-match-n10-d16.pbqp,llvm,heuristic,250,18753.0,59035.0,95125.0,0.31765901583806216,0.1971406044678055
052-instcombine-patternmatch-match-n10-d16.pbqp,llvm,heuristic,500,18753.0,37461.0,73551.0,0.5006006246496356,0.25496594199942896
052-instcombine-patternmatch-match-n10-d16.pbqp,llvm,heuristic,1000,18753.0,26674.0,62764.0,0.7030441628552149,0.298785928239118
052-instcombine-patternmatch-match-n10-d16.pbqp,llvm,heuristic,2000,18753.0,21280.5,57370.5,0.8812292944244731,0.32687531048186785
053-instcombine-patternmatch-match-n15-d16.pbqp,llvm,none,250,434427.0,4506137.0,5719678.0,0.09640785444383959,0.07595305190257214
053-instcombine-patternmatch-match-n15-d16.pbqp,llvm,none,500,434427.0,2381255.0,3594796.0,0.1824361523650344,0.12084886040821231
053-instcombine-patternmatch-match-n15-d16.pbqp,llvm,none,1000,434427.0,1318814.0,2532355.0,0.3294073311323659,0.17155059223529087
053-instcombine-patternmatch-match-n15-d16.pbqp,llvm,none,2000,434427.0,787593.5,2001134.5,0.5515878432211541,0.217090355495845
053-instcombine-patternmatch-match-n15-d16.pbqp,llvm,heuristic,250,61966.0,212814.0,299813.0,0.2911744528085558,0.20668216521631816
053-instcombine-patternmatch-match-n15-d16.pbqp,llvm,heuristic,500,61966.0,133788.0,220787.0,0.46316560528597484,0.28065964028679224
053-instcombine-patternmatch-match-n15-d16.pbqp,llvm,heuristic,1000,61966.0,94275.0,181274.0,0.6572898435428268,0.34183611549367254
053-instcombine-patternmatch-match-n15-d16.pbqp,llvm,heuristic,2000,61966.0,74518.5,161517.5,0.8315518965089206,0.38364883062206884
054-instcombine-patternmatch-match-n14-d16.pbqp,llvm,none,250,924809.0,4541935.0,6616906.0,0.20361563958973433,0.13976456670232282
054-instcombine-patternmatch-match-n14-d16.pbqp,llvm,none,500,924809.0,2611813.0,4686784.0,0.3540869886167195,0.19732272705548196
054-instcombine-patternmatch-match-n14-d16.pbqp,llvm,none,1000,924809.0,1646752.0,3721723.0,0.5615957958453975,0.24848947651396947
054-instcombine-patternmatch-match-n14-d16.pbqp,llvm,none,2000,924809.0,1164221.5,3239192.5,0.7943582900676547,0.2855060327535335
054-instcombine-patternmatch-match-n14-d16.pbqp,llvm,heuristic,250,21844.0,25232.0,82025.0,0.86572606214331,0.2663090521182566
054-instcombine-patternmatch-match-n14-d16.pbqp,llvm,heuristic,500,21844.0,23294.0,80087.0,0.9377522108697519,0.27275338069849037
054-instcombine-patternmatch-match-n14-d16.pbqp,llvm,heuristic,1000,21844.0,22325.0,79118.0,0.9784546472564389,0.27609393564043583
054-instcombine-patternmatch-match-n14-d16.pbqp,llvm,heuristic,2000,21844.0,21840.5,78633.5,1.0001602527414666,0.27779508733555036
055-instcombine-patternmatch-match-n8-d16.pbqp,llvm,none,250,7560.0,75222.0,103700.0,0.10050251256281408,0.07290260366441659
055-instcombine-patternmatch-match-n8-d16.pbqp,llvm,none,500,7560.0,39326.0,67804.0,0.19223923104307583,0.11149784673470592
055-instcombine-patternmatch-match-n8-d16.pbqp,llvm,none,1000,7560.0,21378.0,49856.0,0.35363457760314343,0.1516367137355584
055-instcombine-patternmatch-match-n8-d16.pbqp,llvm,none,2000,7560.0,12404.0,40882.0,0.6094808126410836,0.18492245976224256
055-instcombine-patternmatch-match-n8-d16.pbqp,llvm,heuristic,250,19793.0,87391.0,136990.0,0.2264878534402856,0.14448499890502955
055-instcombine-patternmatch-match-n8-d16.pbqp,llvm,heuristic,500,19793.0,51495.0,101094.0,0.3843674143120691,0.19578807842206264
055-instcombine-patternmatch-match-n8-d16.pbqp,llvm,heuristic,1000,19793.0,33547.0,83146.0,0.5900080484096939,0.23805113896038294
055-instcombine-patternmatch-match-n8-d16.pbqp,llvm,heuristic,2000,19793.0,24573.0,74172.0,0.8054775566678876,0.26685272070323035
056-instcombine-patternmatch-match-n9-d16.pbqp,llvm,none,250,27558.0,237742.0,351198.0,0.11591557234312827,0.07846855619906719
056-instcombine-patternmatch-match-n9-d16.pbqp,llvm,none,500,27558.0,126462.0,239918.0,0.21791526308298145,0.1148642452838053
056-instcombine-patternmatch-match-n9-d16.pbqp,llvm,none,1000,27558.0,70822.0,184278.0,0.3891163762672616,0.1495457949402533
056-instcombine-patternmatch-match-n9-d16.pbqp,llvm,none,2000,27558.0,43002.0,156458.0,0.6408539137714525,0.1761367267892981
056-instcombine-patternmatch-match-n9-d16.pbqp,llvm,heuristic,250,16267.0,42264.0,79889.0,0.38489021389362105,0.20362002278160948
056-instcombine-patternmatch-match-n9-d16.pbqp,llvm,heuristic,500,16267.0,28214.0,65839.0,0.5765577372935422,0.24707240389434834
056-instcombine-patternmatch-match-n9-d16.pbqp,llvm,heuristic,1000,16267.0,21189.0,58814.0,0.7677096606729907,0.2765838065766654
056-instcombine-patternmatch-match-n9-d16.pbqp,llvm,heuristic,2000,16267.0,17676.5,55301.5,0.9202613639577971,0.29415115322369195
057-instcombine-patternmatch-match-n7-d16.pbqp,llvm,none,250,12241.0,160056.0,199348.0,0.07647948218123657,0.06140518088970042
057-instcombine-patternmatch-match-n7-d16.pbqp,llvm,none,500,12241.0,82682.0,121974.0,0.14804915217338718,0.10035745322773706
057-instcombine-patternmatch-match-n7-d16.pbqp,llvm,none,1000,12241.0,43995.0,83287.0,0.27823616320036365,0.1469737173868671
057-instcombine-patternmatch-match-n7-d16.pbqp,llvm,none,2000,12241.0,24651.5,63943.5,0.4965620753301016,0.19143462588066026
057-instcombine-patternmatch-match-n7-d16.pbqp,llvm,heuristic,250,36564.0,184222.0,235332.0,0.19847792337505835,0.15537198511039724
057-instcombine-patternmatch-match-n7-d16.pbqp,llvm,heuristic,500,36564.0,106848.0,157958.0,0.34220575022461813,0.23147925397890579
057-instcombine-patternmatch-match-n7-d16.pbqp,llvm,heuristic,1000,36564.0,68161.0,119271.0,0.5364357917284077,0.3065623663757326
057-instcombine-patternmatch-match-n7-d16.pbqp,llvm,heuristic,2000,36564.0,48817.5,99927.5,0.748993701029344,0.3659052813289635
058-instcombine-patternmatch-match-n7-d16.pbqp,llvm,none,250,139891.0,1465879.0,1977589.0,0.09543147831437657,0.07073815641167099
058-instcombine-patternmatch-match-n7-d16.pbqp,llvm,none,500,139891.0,768901.0,1280611.0,0.18193629609013384,0.10923769981672811
058-instcombine-patternmatch-match-n7-d16.pbqp,llvm,none,1000,139891.0,420412.0,932122.0,0.33274740016935767,0.1500779940823197
058-instcombine-patternmatch-match-n7-d16.pbqp,llvm,none,2000,139891.0,246167.5,757877.5,0.5682756659591538,0.18458260075012123
058-instcombine-patternmatch-match-n7-d16.pbqp,llvm,heuristic,250,21627.0,58102.0,90224.0,0.3722247082716602,0.23970340485901756
058-instcombine-patternmatch-match-n7-d16.pbqp,llvm,heuristic,500,21627.0,39012.0,71134.0,0.5543678868040602,0.3040318272556021
058-instcombine-patternmatch-match-n7-d16.pbqp,llvm,heuristic,1000,21627.0,29467.0,61589.0,0.7339396613160485,0.3511503677604767
058-instcombine-patternmatch-match-n7-d16.pbqp,llvm,heuristic,2000,21627.0,24694.5,56816.5,0.8757820567332807,0.3806464671354272
059-instcombine-patternmatch-match-n13-d16.pbqp,llvm,heuristic,250,38773.0,76923.0,117261.0,0.5040495040495041,0.3306555461747725
059-instcombine-patternmatch-match-n13-d16.pbqp,llvm,heuristic,500,38773.0,56357.0,96695.0,0.687989069680785,0.4009824706551528
059-instcombine-patternmatch-match-n13-d16.pbqp,llvm,heuristic,1000,38773.0,46074.0,86412.0,0.8415375265876633,0.44869925473313893
059-instcombine-patternmatch-match-n13-d16.pbqp,llvm,heuristic,2000,38773.0,40932.5,81270.5,0.9472424112868747,0.4770857814336075
060-instcombine-patternmatch-match-n8-d16.pbqp,llvm,none,250,69057.0,778212.0,1049355.0,0.08873803025396679,0.06580899695527252
060-instcombine-patternmatch-match-n8-d16.pbqp,llvm,none,500,69057.0,406222.0,677365.0,0.16999817833598377,0.1019494659452437
060-instcombine-patternmatch-match-n8-d16.pbqp,llvm,none,1000,69057.0,220227.0,491370.0,0.31357190535220475,0.1405397154893461
060-instcombine-patternmatch-match-n8-d16.pbqp,llvm,none,2000,69057.0,127229.5,398372.5,0.5427750639592233,0.1733478088974515
060-instcombine-patternmatch-match-n8-d16.pbqp,llvm,heuristic,250,28766.0,103044.0,145233.0,0.2791622996001708,0.19806793221926147
060-instcombine-patternmatch-match-n8-d16.pbqp,llvm,heuristic,500,28766.0,64014.0,106203.0,0.44937045021401567,0.2708586386448594
060-instcombine-patternmatch-match-n8-d16.pbqp,llvm,heuristic,1000,28766.0,44499.0,86688.0,0.64644149306726,0.33183370247323735
060-instcombine-patternmatch-match-n8-d16.pbqp,llvm,heuristic,2000,28766.0,34741.5,76930.5,0.8280010937927262,0.37392191653505436
061-instcombine-patternmatch-match-n9-d16.pbqp,llvm,none,250,194621.0,2235833.0,2873375.0,0.08704630444223696,0.06773254448166355
061-instcombine-patternmatch-match-n9-d16.pbqp,llvm,none,500,194621.0,1168431.0,1805973.0,0.16656610445974132,0.1077651769987702
061-instcombine-patternmatch-match-n9-d16.pbqp,llvm,none,1000,194621.0,634730.0,1272272.0,0.30662013769634333,0.15297121999069382
061-instcombine-patternmatch-match-n9-d16.pbqp,llvm,none,2000,194621.0,367879.5,1005421.5,0.5290346431372229,0.1935715518317442
061-instcombine-patternmatch-match-n9-d16.pbqp,llvm,heuristic,250,36908.0,76677.0,109069.0,0.4813438188765862,0.33839129358479497
061-instcombine-patternmatch-match-n9-d16.pbqp,llvm,heuristic,500,36908.0,55771.0,88163.0,0.6617776263649567,0.4186336671846466
061-instcombine-patternmatch-match-n9-d16.pbqp,llvm,heuristic,1000,36908.0,45318.0,77710.0,0.8144225252658988,0.4749453094839789
061-instcombine-patternmatch-match-n9-d16.pbqp,llvm,heuristic,2000,36908.0,40091.5,72483.5,0.9205941409026851,0.5091917470872681
062-instcombine-patternmatch-match-n8-d16.pbqp,llvm,none,250,70453.0,778785.0,1052452.0,0.09046527603895813,0.06694177026600738
062-instcombine-patternmatch-match-n8-d16.pbqp,llvm,none,500,70453.0,406795.0,680462.0,0.17319042761095885,0.10353700867939723
062-instcombine-patternmatch-match-n8-d16.pbqp,llvm,none,1000,70453.0,220800.0,494467.0,0.31908061594202897,0.14248271370991392
062-instcombine-patternmatch-match-n8-d16.pbqp,llvm,none,2000,70453.0,127802.5,401469.5,0.5512646466227187,0.1754878016885467
062-instcombine-patternmatch-match-n8-d16.pbqp,llvm,heuristic,250,26815.0,101287.0,156434.0,0.2647427606701748,0.17141414270554994
062-instcombine-patternmatch-match-n8-d16.pbqp,llvm,heuristic,500,26815.0,62257.0,117404.0,0.430714618436481,0.2283993731048346
062-instcombine-patternmatch-match-n8-d16.pbqp,llvm,heuristic,1000,26815.0,42742.0,97889.0,0.627368864348884,0.2739327197131445
062-instcombine-patternmatch-match-n8-d16.pbqp,llvm,heuristic,2000,26815.0,32984.5,88131.5,0.8129576012975792,0.30426124597902
063-instcombine-patternmatch-match-n8-d16.pbqp,llvm,none,250,68571.0,745851.0,992099.0,0.09193659323376921,0.06911709416096579
063-instcombine-patternmatch-match-n8-d16.pbqp,llvm,none,500,68571.0,390047.0,636295.0,0.1758018905413963,0.10776605190988457
063-instcombine-patternmatch-match-n8-d16.pbqp,llvm,none,1000,68571.0,212145.0,458393.0,0.3232270381107262,0.14958998064979176
063-instcombine-patternmatch-match-n8-d16.pbqp,llvm,none,2000,68571.0,123194.0,369442.0,0.5566098998327841,0.1856069423617239
063-instcombine-patternmatch-match-n8-d16.pbqp,llvm,heuristic,250,20822.0,64162.0,112995.0,0.3245223029207319,0.18427364042656755
063-instcombine-patternmatch-match-n8-d16.pbqp,llvm,heuristic,500,20822.0,41318.0,90151.0,0.5039450118592381,0.23096804250646139
063-instcombine-patternmatch-match-n8-d16.pbqp,llvm,heuristic,1000,20822.0,29896.0,78729.0,0.6964811345999464,0.26447687637338213
063-instcombine-patternmatch-match-n8-d16.pbqp,llvm,heuristic,2000,20822.0,24185.0,73018.0,0.8609468678933223,0.2851625626557835
064-instcombine-patternmatch-match-n8-d16.pbqp,llvm,none,250,72460.0,779426.0,1028043.0,0.09296584922750845,0.07048343308597015
064-instcombine-patternmatch-match-n8-d16.pbqp,llvm,none,500,72460.0,407436.0,656053.0,0.17784388222935626,0.1104483936511227
064-instcombine-patternmatch-match-n8-d16.pbqp,llvm,none,1000,72460.0,221441.0,470058.0,0.3272203431162251,0.15415118985316706
064-instcombine-patternmatch-match-n8-d16.pbqp,llvm,none,2000,72460.0,128443.5,377060.5,0.5641390961784754,0.19217075243893222
064-instcombine-patternmatch-match-n8-d16.pbqp,llvm,heuristic,250,27047.0,101426.0,147533.0,0.2666673239603258,0.18332847566307198
064-instcombine-patternmatch-match-n8-d16.pbqp,llvm,heuristic,500,27047.0,62396.0,108503.0,0.4334732995704853,0.24927421361621338
064-instcombine-patternmatch-match-n8-d16.pbqp,llvm,heuristic,1000,27047.0,42881.0,88988.0,0.6307455516429188,0.3039398570593788
064-instcombine-patternmatch-match-n8-d16.pbqp,llvm,heuristic,2000,27047.0,33123.5,79230.5,0.8165501834045316,0.3413710629113788
065-instcombine-patternmatch-match-n9-d16.pbqp,llvm,none,250,197747.0,2240181.0,2872929.0,0.08827277795856674,0.06883114758492118
065-instcombine-patternmatch-match-n9-d16.pbqp,llvm,none,500,197747.0,1172779.0,1805527.0,0.16861403555145513,0.10952314753531794
065-instcombine-patternmatch-match-n9-d16.pbqp,llvm,none,1000,197747.0,639078.0,1271826.0,0.30942545354401185,0.15548274685373628
065-instcombine-patternmatch-match-n9-d16.pbqp,llvm,none,2000,197747.0,372227.5,1004975.5,0.5312530643222223,0.19676798091097744
065-instcombine-patternmatch-match-n9-d16.pbqp,llvm,heuristic,250,37861.0,77603.0,108267.0,0.4878806231717846,0.3497002780163854
065-instcombine-patternmatch-match-n9-d16.pbqp,llvm,heuristic,500,37861.0,56697.0,87361.0,0.6677778365698361,0.4333856068497384
065-instcombine-patternmatch-match-n9-d16.pbqp,llvm,heuristic,1000,37861.0,46244.0,76908.0,0.8187224288556353,0.492289488739793
065-instcombine-patternmatch-match-n9-d16.pbqp,llvm,heuristic,2000,37861.0,41017.5,71681.5,0.9230450417504723,0.5281837015129427
066-instcombine-patternmatch-match-n7-d16.pbqp,llvm,none,250,33006.0,366766.0,496302.0,0.08999198398979186,0.0665038625675496
066-instcombine-patternmatch-match-n7-d16.pbqp,llvm,none,500,33006.0,191334.0,320870.0,0.17250462541942363,0.10286408826004301
066-instcombine-patternmatch-match-n7-d16.pbqp,llvm,none,1000,33006.0,103618.0,233154.0,0.3185353896041228,0.14156308705833912
066-instcombine-patternmatch-match-n7-d16.pbqp,llvm,none,2000,33006.0,59760.0,189296.0,0.5523092369477912,0.17436184599780238
066-instcombine-patternmatch-match-n7-d16.pbqp,llvm,heuristic,250,27140.0,83773.0,125838.0,0.323970730426271,0.21567412069486164
066-instcombine-patternmatch-match-n7-d16.pbqp,llvm,heuristic,500,27140.0,54011.0,96076.0,0.5024902334709597,0.28248469961280653
066-instcombine-patternmatch-match-n7-d16.pbqp,llvm,heuristic,1000,27140.0,39130.0,81195.0,0.6935854842831587,0.3342570355317446
066-instcombine-patternmatch-match-n7-d16.pbqp,llvm,heuristic,2000,27140.0,31689.5,73754.5,0.8564350967986242,0.36797754713271735
067-instcombine-patternmatch-match-n7-d16.pbqp,llvm,none,250,33636.0,367487.0,492925.0,0.09152976839997061,0.06823756149515646
067-instcombine-patternmatch-match-n7-d16.pbqp,llvm,none,500,33636.0,192055.0,317493.0,0.17513733045221422,0.10594249322032297
067-instcombine-patternmatch-match-n7-d16.pbqp,llvm,none,1000,33636.0,104339.0,229777.0,0.3223722673209442,0.1463854084612472
067-instcombine-patternmatch-match-n7-d16.pbqp,llvm,none,2000,33636.0,60481.0,185919.0,0.5561415981878607,0.18091749632904652
067-instcombine-patternmatch-match-n7-d16.pbqp,llvm,heuristic,250,26058.0,82462.0,122808.0,0.31600009701438236,0.21218487394957983
067-instcombine-patternmatch-match-n7-d16.pbqp,llvm,heuristic,500,26058.0,52700.0,93046.0,0.4944592030360531,0.2800550265460095
067-instcombine-patternmatch-match-n7-d16.pbqp,llvm,heuristic,1000,26058.0,37819.0,78165.0,0.6890187471905656,0.3333717136825945
067-instcombine-patternmatch-match-n7-d16.pbqp,llvm,heuristic,2000,26058.0,30378.5,70724.5,0.8577777046266274,0.36844375004418556
068-instcombine-patternmatch-match-n8-d16.pbqp,llvm,none,250,106999.0,966036.0,1323490.0,0.11076088261721095,0.08084609630597889
068-instcombine-patternmatch-match-n8-d16.pbqp,llvm,none,500,106999.0,513298.0,870752.0,0.20845395851922274,0.12288114181764727
068-instcombine-patternmatch-match-n8-d16.pbqp,llvm,none,1000,106999.0,286929.0,644383.0,0.3729110685918816,0.16604876292515475
068-instcombine-patternmatch-match-n8-d16.pbqp,llvm,none,2000,106999.0,173744.5,531198.5,0.6158410769837318,0.20142940915684063
068-instcombine-patternmatch-match-n8-d16.pbqp,llvm,heuristic,250,27871.0,67809.0,102012.0,0.4110221357047,0.27321295533858764
068-instcombine-patternmatch-match-n8-d16.pbqp,llvm,heuristic,500,27871.0,46781.0,80984.0,0.5957760629315321,0.34415440086930754
068-instcombine-patternmatch-match-n8-d16.pbqp,llvm,heuristic,1000,27871.0,36267.0,70470.0,0.7684947748642016,0.39550163190009935
068-instcombine-patternmatch-match-n8-d16.pbqp,llvm,heuristic,2000,27871.0,31010.0,65213.0,0.898774588842309,0.42738411053010905
069-instcombine-patternmatch-match-n8-d16.pbqp,llvm,none,250,103162.0,960861.0,1337409.0,0.10736412446753485,0.07713571540194511
069-instcombine-patternmatch-match-n8-d16.pbqp,llvm,none,500,103162.0,508123.0,884671.0,0.2030256453653938,0.11661058178690158
069-instcombine-patternmatch-match-n8-d16.pbqp,llvm,none,1000,103162.0,281754.0,658302.0,0.36614209558693045,0.15670923071781645
069-instcombine-patternmatch-match-n8-d16.pbqp,llvm,none,2000,103162.0,168569.5,545117.5,0.6119849676246296,0.18924727237705632
069-instcombine-patternmatch-match-n8-d16.pbqp,llvm,heuristic,250,25654.0,65578.0,98125.0,0.3911982677117326,0.26144203821656053
069-instcombine-patternmatch-match-n8-d16.pbqp,llvm,heuristic,500,25654.0,44550.0,77097.0,0.5758473625140291,0.332749653034489
069-instcombine-patternmatch-match-n8-d16.pbqp,llvm,heuristic,1000,25654.0,34036.0,66583.0,0.753731343283582,0.3852935433969632
069-instcombine-patternmatch-match-n8-d16.pbqp,llvm,heuristic,2000,25654.0,28779.0,61326.0,0.8914138781750582,0.41832175586211395
070-instcombine-patternmatch-match-n16-d16.pbqp,llvm,heuristic,250,66328.0,218532.0,306274.0,0.30351618984862627,0.2165642529238525
070-instcombine-patternmatch-match-n16-d16.pbqp,llvm,heuristic,500,66328.0,138418.0,226160.0,0.47918623300437807,0.2932790944464096
070-instcombine-patternmatch-match-n16-d16.pbqp,llvm,heuristic,1000,66328.0,98361.0,186103.0,0.6743323065035939,0.3564047865966696
070-instcombine-patternmatch-match-n16-d16.pbqp,llvm,heuristic,2000,66328.0,78332.5,166074.5,0.8467494335046117,0.39938702208948396
071-instcombine-patternmatch-match-n10-d16.pbqp,llvm,none,250,400316.0,3631701.0,4738478.0,0.1102282374017024,0.08448197923468252
071-instcombine-patternmatch-match-n10-d16.pbqp,llvm,none,500,400316.0,1935793.0,3042570.0,0.2067969044210822,0.13157166474395002
071-instcombine-patternmatch-match-n10-d16.pbqp,llvm,none,1000,400316.0,1087839.0,2194616.0,0.3679919546918248,0.18240822084592476
071-instcombine-patternmatch-match-n10-d16.pbqp,llvm,none,2000,400316.0,663862.0,1770639.0,0.6030108667162754,0.22608561090092333
071-instcombine-patternmatch-match-n10-d16.pbqp,llvm,heuristic,250,36162.0,109108.0,154804.0,0.3314330754848407,0.23359861502286763
071-instcombine-patternmatch-match-n10-d16.pbqp,llvm,heuristic,500,36162.0,70928.0,116624.0,0.5098409654861268,0.3100733982713678
071-instcombine-patternmatch-match-n10-d16.pbqp,llvm,heuristic,1000,36162.0,51838.0,97534.0,0.6975963578841776,0.3707630159739168
071-instcombine-patternmatch-match-n10-d16.pbqp,llvm,heuristic,2000,36162.0,42293.0,87989.0,0.8550351121935073,0.41098319108070325
072-instcombine-patternmatch-match-n15-d16.pbqp,llvm,heuristic,250,65382.0,214261.0,300165.0,0.3051511941043867,0.21782019889061016
072-instcombine-patternmatch-match-n15-d16.pbqp,llvm,heuristic,500,65382.0,136085.0,221989.0,0.48044971892567145,0.2945281072485574
072-instcombine-patternmatch-match-n15-d16.pbqp,llvm,heuristic,1000,65382.0,96997.0,182901.0,0.6740620843943627,0.3574720750569981
072-instcombine-patternmatch-match-n15-d16.pbqp,llvm,heuristic,2000,65382.0,77453.0,163357.0,0.8441506461983397,0.400239965229528
073-instcombine-patternmatch-match-n15-d16.pbqp,llvm,heuristic,250,62084.0,210810.0,290635.0,0.2945021583416346,0.21361501539731967
073-instcombine-patternmatch-match-n15-d16.pbqp,llvm,heuristic,500,62084.0,132634.0,212459.0,0.46808510638297873,0.2922163805722516
073-instcombine-patternmatch-match-n15-d16.pbqp,llvm,heuristic,1000,62084.0,93546.0,173371.0,0.6636734868406987,0.358099105386714
073-instcombine-patternmatch-match-n15-d16.pbqp,llvm,heuristic,2000,62084.0,74002.0,153827.0,0.8389502986405772,0.40359624773284275
074-instcombine-patternmatch-match-n10-d16.pbqp,llvm,none,250,75361.0,919464.0,1206967.0,0.0819618821400294,0.06243832681423767
074-instcombine-patternmatch-match-n10-d16.pbqp,llvm,none,500,75361.0,477710.0,765213.0,0.15775470473718364,0.0984836901620856
074-instcombine-patternmatch-match-n10-d16.pbqp,llvm,none,1000,75361.0,256833.0,544336.0,0.29342413163417475,0.13844573939625526
074-instcombine-patternmatch-match-n10-d16.pbqp,llvm,none,2000,75361.0,146394.5,433897.5,0.5147802683843997,0.17368387695250606
074-instcombine-patternmatch-match-n10-d16.pbqp,llvm,heuristic,250,47383.0,194814.0,260478.0,0.2432217397106984,0.1819078770567956
074-instcombine-patternmatch-match-n10-d16.pbqp,llvm,heuristic,500,47383.0,117604.0,183268.0,0.40290296248426927,0.25854486326036186
074-instcombine-patternmatch-match-n10-d16.pbqp,llvm,heuristic,1000,47383.0,78999.0,144663.0,0.5997924024354738,0.32754055978377333
074-instcombine-patternmatch-match-n10-d16.pbqp,llvm,heuristic,2000,47383.0,59696.5,125360.5,0.7937316258072081,0.3779739232054754
075-instcombine-patternmatch-match-n5-d16.pbqp,llvm,none,250,9513.0,117420.0,160502.0,0.0810168625447113,0.059270289466797924
075-instcombine-patternmatch-match-n5-d16.pbqp,llvm,none,500,9513.0,60942.0,104024.0,0.15609924190213645,0.0914500499884642
075-instcombine-patternmatch-match-n5-d16.pbqp,llvm,none,1000,9513.0,32703.0,75785.0,0.2908907439684433,0.12552615953025004
075-instcombine-patternmatch-match-n5-d16.pbqp,llvm,none,2000,9513.0,18583.5,61665.5,0.5119057228186294,0.15426778344455166
075-instcombine-patternmatch-match-n5-d16.pbqp,llvm,heuristic,250,27688.0,135581.0,176025.0,0.20421740509363406,0.15729583865928135
075-instcombine-patternmatch-match-n5-d16.pbqp,llvm,heuristic,500,27688.0,79103.0,119547.0,0.35002465140386585,0.2316076522204656
075-instcombine-patternmatch-match-n5-d16.pbqp,llvm,heuristic,1000,27688.0,50864.0,91308.0,0.5443535703051274,0.30323739431375124
075-instcombine-patternmatch-match-n5-d16.pbqp,llvm,heuristic,2000,27688.0,36744.5,77188.5,0.7535277388452694,0.3587062839671713
076-instcombine-patternmatch-match-n15-d16.pbqp,llvm,none,250,1766146.0,15714934.0,20471164.0,0.11238647263806517,0.0862748205231515
076-instcombine-patternmatch-match-n15-d16.pbqp,llvm,none,500,1766146.0,8360660.0,13116890.0,0.21124480603205967,0.13464670360123474
076-instcombine-patternmatch-match-n15-d16.pbqp,llvm,none,1000,1766146.0,4683523.0,9439753.0,0.377097753123023,0.18709663271909763
076-instcombine-patternmatch-match-n15-d16.pbqp,llvm,none,2000,1766146.0,2844954.5,7601184.5,0.6207993836105288,0.2323514183874895
076-instcombine-patternmatch-match-n15-d16.pbqp,llvm,heuristic,250,78607.0,225558.0,310463.0,0.3485001640376311,0.2531928120259097
076-instcombine-patternmatch-match-n15-d16.pbqp,llvm,heuristic,500,78607.0,148348.0,233253.0,0.5298824385903417,0.33700316823363474
076-instcombine-patternmatch-match-n15-d16.pbqp,llvm,heuristic,1000,78607.0,109743.0,194648.0,0.716282587499886,0.4038418067485923
076-instcombine-patternmatch-match-n15-d16.pbqp,llvm,heuristic,2000,78607.0,90440.5,175345.5,0.8691570701179229,0.4482977892218506
077-instcombine-patternmatch-match-n12-d16.pbqp,llvm,none,250,88596.0,1004779.0,1308949.0,0.08817461352197846,0.06768483722436856
077-instcombine-patternmatch-match-n12-d16.pbqp,llvm,none,500,88596.0,524845.0,829015.0,0.1688041231220646,0.10686899513277806
077-instcombine-patternmatch-match-n12-d16.pbqp,llvm,none,1000,88596.0,284878.0,589048.0,0.31099628612950103,0.15040539989949886
077-instcombine-patternmatch-match-n12-d16.pbqp,llvm,none,2000,88596.0,164894.5,469064.5,0.5372889938718393,0.18887807540327609
077-instcombine-patternmatch-match-n12-d16.pbqp,llvm,heuristic,250,69040.0,288999.0,379042.0,0.23889356018532937,0.18214340363337045
077-instcombine-patternmatch-match-n12-d16.pbqp,llvm,heuristic,500,69040.0,173609.0,263652.0,0.3976752357308665,0.2618603310424347
077-instcombine-patternmatch-match-n12-d16.pbqp,llvm,heuristic,1000,69040.0,115914.0,205957.0,0.5956139896820056,0.3352156032569905
077-instcombine-patternmatch-match-n12-d16.pbqp,llvm,heuristic,2000,69040.0,87066.5,177109.5,0.7929571074982915,0.38981534022737346
078-instcombine-patternmatch-match-n14-d16.pbqp,llvm,heuristic,250,21401.0,38845.0,79875.0,0.5509331960355258,0.26793114241001564
078-instcombine-patternmatch-match-n14-d16.pbqp,llvm,heuristic,500,21401.0,29505.0,70535.0,0.7253346890357566,0.30340965478131426
078-instcombine-patternmatch-match-n14-d16.pbqp,llvm,heuristic,1000,21401.0,24835.0,65865.0,0.8617274008455809,0.324922189326653
078-instcombine-patternmatch-match-n14-d16.pbqp,llvm,heuristic,2000,21401.0,22500.0,63530.0,0.9511555555555555,0.3368644734770974
079-instcombine-patternmatch-match-n10-d16.pbqp,llvm,none,250,363866.0,3128621.0,4107170.0,0.11630235813158576,0.08859287538621484
079-instcombine-patternmatch-match-n10-d16.pbqp,llvm,none,500,363866.0,1673885.0,2652434.0,0.2173781352960329,0.13718192422507025
079-instcombine-patternmatch-match-n10-d16.pbqp,llvm,none,1000,363866.0,946517.0,1925066.0,0.38442627020962117,0.18901481819324636
079-instcombine-patternmatch-match-n10-d16.pbqp,llvm,none,2000,363866.0,582833.0,1561382.0,0.6243057616847365,0.2330409854859349
079-instcombine-patternmatch-match-n10-d16.pbqp,llvm,heuristic,250,28056.0,66412.0,111134.0,0.4224537734144432,0.25245199488905284
079-instcombine-patternmatch-match-n10-d16.pbqp,llvm,heuristic,500,28056.0,45820.0,90542.0,0.6123090353557399,0.30986724393099335
079-instcombine-patternmatch-match-n10-d16.pbqp,llvm,heuristic,1000,28056.0,35524.0,80246.0,0.7897759261344444,0.34962490342197744
079-instcombine-patternmatch-match-n10-d16.pbqp,llvm,heuristic,2000,28056.0,30376.0,75098.0,0.9236239136160126,0.3735918399957389
080-instcombine-patternmatch-match-n7-d16.pbqp,llvm,none,250,192222.0,2212156.0,2958106.0,0.08689351022260636,0.06498144420788167
080-instcombine-patternmatch-match-n7-d16.pbqp,llvm,none,500,192222.0,1152060.0,1898010.0,0.16685068486016352,0.1012755464934326
080-instcombine-patternmatch-match-n7-d16.pbqp,llvm,none,1000,192222.0,622012.0,1367962.0,0.3090326231648264,0.14051706114643536
080-instcombine-patternmatch-match-n7-d16.pbqp,llvm,none,2000,192222.0,356988.0,1102938.0,0.5384550741201385,0.17428178193153196
080-instcombine-patternmatch-match-n7-d16.pbqp,llvm,heuristic,250,16472.0,16472.0,30836.0,1.0,0.5341808276040991
080-instcombine-patternmatch-match-n7-d16.pbqp,llvm,heuristic,500,16472.0,16472.0,30836.0,1.0,0.5341808276040991
080-instcombine-patternmatch-match-n7-d16.pbqp,llvm,heuristic,1000,16472.0,16472.0,30836.0,1.0,0.5341808276040991
080-instcombine-patternmatch-match-n7-d16.pbqp,llvm,heuristic,2000,16472.0,16472.0,30836.0,1.0,0.5341808276040991
081-instcombine-patternmatch-match-n14-d16.pbqp,llvm,none,250,738110.0,4057916.0,5928580.0,0.1818938588181717,0.12450030192727432
081-instcombine-patternmatch-match-n14-d16.pbqp,llvm,none,500,738110.0,2284314.0,4154978.0,0.3231210770498277,0.17764474324533125
081-instcombine-patternmatch-match-n14-d16.pbqp,llvm,none,1000,738110.0,1397513.0,3268177.0,0.5281596664932634,0.22584762086019208
081-instcombine-patternmatch-match-n14-d16.pbqp,llvm,none,2000,738110.0,954112.5,2824776.5,0.7736089821692934,0.26129854875244113
081-instcombine-patternmatch-match-n14-d16.pbqp,llvm,heuristic,250,22370.0,25780.0,64893.0,0.8677269200930954,0.34472131046491916
081-instcombine-patternmatch-match-n14-d16.pbqp,llvm,heuristic,500,22370.0,23842.0,62955.0,0.9382602130693733,0.35533317448971485
081-instcombine-patternmatch-match-n14-d16.pbqp,llvm,heuristic,1000,22370.0,22873.0,61986.0,0.9780090062519128,0.36088794243861516
081-instcombine-patternmatch-match-n14-d16.pbqp,llvm,heuristic,2000,22370.0,22388.5,61501.5,0.9991736829175693,0.36373096591140053
082-instcombine-patternmatch-match-n12-d16.pbqp,llvm,none,250,172650.0,1195340.0,1766925.0,0.14443589271671659,0.09771212700029713
082-instcombine-patternmatch-match-n12-d16.pbqp,llvm,none,500,172650.0,650972.0,1222557.0,0.2652187805312671,0.14122040935514663
082-instcombine-patternmatch-match-n12-d16.pbqp,llvm,none,1000,172650.0,378788.0,950373.0,0.4557958541453267,0.18166551448746965
082-instcombine-patternmatch-match-n12-d16.pbqp,llvm,none,2000,172650.0,242696.0,814281.0,0.7113837887727857,0.21202754331735604
082-instcombine-patternmatch-match-n12-d16.pbqp,llvm,heuristic,250,18033.0,33180.0,64901.0,0.5434900542495479,0.2778539621885641
082-instcombine-patternmatch-match-n12-d16.pbqp,llvm,heuristic,500,18033.0,25040.0,56761.0,0.720167731629393,0.3177005338172337
082-instcombine-patternmatch-match-n12-d16.pbqp,llvm,heuristic,1000,18033.0,20970.0,52691.0,0.8599427753934191,0.3422406103509138
082-instcombine-patternmatch-match-n12-d16.pbqp,llvm,heuristic,2000,18033.0,18935.0,50656.0,0.9523633482968049,0.3559894188250158
083-instcombine-patternmatch-match-n11-d16.pbqp,llvm,none,250,666443.0,5758752.0,7702281.0,0.11572698390206768,0.08652540721378511
083-instcombine-patternmatch-match-n11-d16.pbqp,llvm,none,500,666443.0,3071660.0,5015189.0,0.2169650937929328,0.1328849221833913
083-instcombine-patternmatch-match-n11-d16.pbqp,llvm,none,1000,666443.0,1728114.0,3671643.0,0.38564759037887547,0.18151083860821982
083-instcombine-patternmatch-match-n11-d16.pbqp,llvm,none,2000,666443.0,1056341.0,2999870.0,0.6308975984080898,0.2221572934827176
083-instcombine-patternmatch-match-n11-d16.pbqp,llvm,heuristic,250,26327.0,47375.0,89474.0,0.5557150395778364,0.2942419026756376
083-instcombine-patternmatch-match-n11-d16.pbqp,llvm,heuristic,500,26327.0,36123.0,78222.0,0.7288154361487141,0.33656771752192477
083-instcombine-patternmatch-match-n11-d16.pbqp,llvm,heuristic,1000,26327.0,30497.0,72596.0,0.8632652392038561,0.36265083475673593
083-instcombine-patternmatch-match-n11-d16.pbqp,llvm,heuristic,2000,26327.0,27684.0,69783.0,0.9509825169773154,0.37726953556023674
084-instcombine-patternmatch-match-n11-d16.pbqp,llvm,none,250,625596.0,5724715.0,7689769.0,0.10927985061265058,0.08135432936932176
084-instcombine-patternmatch-match-n11-d16.pbqp,llvm,none,500,625596.0,3037623.0,5002677.0,0.2059491911932455,0.1250522470269418
084-instcombine-patternmatch-match-n11-d16.pbqp,llvm,none,1000,625596.0,1694077.0,3659131.0,0.36928427692483873,0.1709684621840541
084-instcombine-patternmatch-match-n11-d16.pbqp,llvm,none,2000,625596.0,1022304.0,2987358.0,0.6119471311860268,0.20941447258748366
084-instcombine-patternmatch-match-n11-d16.pbqp,llvm,heuristic,250,25628.0,46488.0,88984.0,0.5512820512820513,0.2880068326890227
084-instcombine-patternmatch-match-n11-d16.pbqp,llvm,heuristic,500,25628.0,35236.0,77732.0,0.7273243273924396,0.3296969073225956
084-instcombine-patternmatch-match-n11-d16.pbqp,llvm,heuristic,1000,25628.0,29610.0,72106.0,0.8655184059439378,0.35542118547693674
084-instcombine-patternmatch-match-n11-d16.pbqp,llvm,heuristic,2000,25628.0,26797.0,69293.0,0.9563757136992947,0.36984976837487193
085-instcombine-patternmatch-match-n11-d16.pbqp,llvm,none,250,643558.0,5750478.0,7772174.0,0.11191382698968677,0.08280282968446151
085-instcombine-patternmatch-match-n11-d16.pbqp,llvm,none,500,643558.0,3063386.0,5085082.0,0.2100806101483783,0.12655803780548672
085-instcombine-patternmatch-match-n11-d16.pbqp,llvm,none,1000,643558.0,1719840.0,3741536.0,0.3741964368778491,0.17200369046295425
085-instcombine-patternmatch-match-n11-d16.pbqp,llvm,none,2000,643558.0,1048067.0,3069763.0,0.6140428045153602,0.20964419728819456
085-instcombine-patternmatch-match-n11-d16.pbqp,llvm,heuristic,250,25490.0,46505.0,89780.0,0.5481131061176218,0.2839162396970372
085-instcombine-patternmatch-match-n11-d16.pbqp,llvm,heuristic,500,25490.0,35253.0,78528.0,0.7230590304371259,0.3245975957620212
085-instcombine-patternmatch-match-n11-d16.pbqp,llvm,heuristic,1000,25490.0,29627.0,72902.0,0.8603638572923347,0.3496474719486434
085-instcombine-patternmatch-match-n11-d16.pbqp,llvm,heuristic,2000,25490.0,26814.0,70089.0,0.9506228089803834,0.3636804634108063
086-instcombine-patternmatch-match-n9-d16.pbqp,llvm,none,250,332058.0,3078115.0,4105331.0,0.1078770611234473,0.0808845864072836
086-instcombine-patternmatch-match-n9-d16.pbqp,llvm,none,500,332058.0,1631855.0,2659071.0,0.2034849910071667,0.1248774478003784
086-instcombine-patternmatch-match-n9-d16.pbqp,llvm,none,1000,332058.0,908725.0,1935941.0,0.36541087787834603,0.1715227891759098
086-instcombine-patternmatch-match-n9-d16.pbqp,llvm,none,2000,332058.0,547160.0,1574376.0,0.6068755025952189,0.21091403832375494
086-instcombine-patternmatch-match-n9-d16.pbqp,llvm,heuristic,250,24510.0,46605.0,82064.0,0.5259092372063083,0.2986693312536557
086-instcombine-patternmatch-match-n9-d16.pbqp,llvm,heuristic,500,24510.0,34489.0,69948.0,0.7106613702919772,0.3504031566306399
086-instcombine-patternmatch-match-n9-d16.pbqp,llvm,heuristic,1000,24510.0,28431.0,63890.0,0.8620871583834547,0.38362811081546405
086-instcombine-patternmatch-match-n9-d16.pbqp,llvm,heuristic,2000,24510.0,25402.0,60861.0,0.9648846547515944,0.40272095430571303
087-instcombine-patternmatch-match-n14-d16.pbqp,llvm,heuristic,250,35865.0,56625.0,108406.0,0.6333774834437086,0.3308396214231685
087-instcombine-patternmatch-match-n14-d16.pbqp,llvm,heuristic,500,35865.0,45373.0,97154.0,0.7904480638265048,0.36915618502583525
087-instcombine-patternmatch-match-n14-d16.pbqp,llvm,heuristic,1000,35865.0,39747.0,91528.0,0.9023322514906785,0.39184730355738134
087-instcombine-patternmatch-match-n14-d16.pbqp,llvm,heuristic,2000,35865.0,36934.0,88715.0,0.9710564791249255,0.404272107309925
088-instcombine-patternmatch-match-n14-d16.pbqp,llvm,heuristic,250,34403.0,55379.0,110533.0,0.6212282634211524,0.31124641509775364
088-instcombine-patternmatch-match-n14-d16.pbqp,llvm,heuristic,500,34403.0,44127.0,99281.0,0.7796360504906293,0.34652148950957384
088-instcombine-patternmatch-match-n14-d16.pbqp,llvm,heuristic,1000,34403.0,38501.0,93655.0,0.8935612062024363,0.36733756873631945
088-instcombine-patternmatch-match-n14-d16.pbqp,llvm,heuristic,2000,34403.0,35688.0,90842.0,0.9639934992154225,0.3787124898174853
089-instcombine-patternmatch-match-n15-d16.pbqp,llvm,heuristic,250,41666.0,79861.0,131862.0,0.5217315084960118,0.31598185982314847
089-instcombine-patternmatch-match-n15-d16.pbqp,llvm,heuristic,500,41666.0,59799.0,111800.0,0.6967675044733189,0.37268336314847944
089-instcombine-patternmatch-match-n15-d16.pbqp,llvm,heuristic,1000,41666.0,49768.0,101769.0,0.8372046294807909,0.40941740608633276
089-instcombine-patternmatch-match-n15-d16.pbqp,llvm,heuristic,2000,41666.0,44752.5,96753.5,0.9310317859337467,0.43064075201413904
090-instcombine-patternmatch-match-n17-d16.pbqp,llvm,heuristic,250,84263.0,230421.0,312395.0,0.3656914951328221,0.26973223002928987
090-instcombine-patternmatch-match-n17-d16.pbqp,llvm,heuristic,500,84263.0,153575.0,235549.0,0.5486765424059905,0.35773023871890774
090-instcombine-patternmatch-match-n17-d16.pbqp,llvm,heuristic,1000,84263.0,115152.0,197126.0,0.7317545505071558,0.4274575652120978
090-instcombine-patternmatch-match-n17-d16.pbqp,llvm,heuristic,2000,84263.0,95940.5,177914.5,0.8782839363980801,0.47361513535996225
091-instcombine-patternmatch-match-n14-d16.pbqp,llvm,none,250,847743.0,8620015.0,11019750.0,0.0983458845489248,0.07692942217382427
091-instcombine-patternmatch-match-n14-d16.pbqp,llvm,none,500,847743.0,4536409.0,6936144.0,0.18687534567540096,0.12222107845511858
091-instcombine-patternmatch-match-n14-d16.pbqp,llvm,none,1000,847743.0,2494606.0,4894341.0,0.3398304181101144,0.1732088140160238
091-instcombine-patternmatch-match-n14-d16.pbqp,llvm,none,2000,847743.0,1473704.5,3873439.5,0.5752462586631173,0.21886052434793418
091-instcombine-patternmatch-match-n14-d16.pbqp,llvm,heuristic,250,58827.0,133042.0,191318.0,0.44216863847506804,0.30748282963443063
091-instcombine-patternmatch-match-n14-d16.pbqp,llvm,heuristic,500,58827.0,94012.0,152288.0,0.6257392673275752,0.386287823072074
091-instcombine-patternmatch-match-n14-d16.pbqp,llvm,heuristic,1000,58827.0,74497.0,132773.0,0.7896559593003745,0.4430644784707734
091-instcombine-patternmatch-match-n14-d16.pbqp,llvm,heuristic,2000,58827.0,64739.5,123015.5,0.9086724488140934,0.47820803069531886
092-instcombine-patternmatch-match-n11-d16.pbqp,llvm,none,250,738266.0,3537598.0,5774346.0,0.20869132106022223,0.12785274730679458
092-instcombine-patternmatch-match-n11-d16.pbqp,llvm,none,500,738266.0,2038814.0,4275562.0,0.3621056163043809,0.172671101483267
092-instcombine-patternmatch-match-n11-d16.pbqp,llvm,none,1000,738266.0,1289422.0,3526170.0,0.5725557652963886,0.20936767087236294
092-instcombine-patternmatch-match-n11-d16.pbqp,llvm,none,2000,738266.0,914726.0,3151474.0,0.8070897733310303,0.23426053967127763
092-instcombine-patternmatch-match-n11-d16.pbqp,llvm,heuristic,250,18535.0,18535.0,41808.0,1.0,0.4433362035973976
092-instcombine-patternmatch-match-n11-d16.pbqp,llvm,heuristic,500,18535.0,18535.0,41808.0,1.0,0.4433362035973976
092-instcombine-patternmatch-match-n11-d16.pbqp,llvm,heuristic,1000,18535.0,18535.0,41808.0,1.0,0.4433362035973976
092-instcombine-patternmatch-match-n11-d16.pbqp,llvm,heuristic,2000,18535.0,18535.0,41808.0,1.0,0.4433362035973976
093-instcombine-patternmatch-match-n10-d16.pbqp,llvm,none,250,433030.0,3226902.0,4603870.0,0.13419372512707234,0.09405782526439713
093-instcombine-patternmatch-match-n10-d16.pbqp,llvm,none,500,433030.0,1744302.0,3121270.0,0.24825402940545846,0.13873519432794984
093-instcombine-patternmatch-match-n10-d16.pbqp,llvm,none,1000,433030.0,1003002.0,2379970.0,0.4317339347279467,0.181947671609306
093-instcombine-patternmatch-match-n10-d16.pbqp,llvm,none,2000,433030.0,632352.0,2009320.0,0.6847926471332423,0.2155107200445922
093-instcombine-patternmatch-match-n10-d16.pbqp,llvm,heuristic,250,16242.0,16242.0,66619.0,1.0,0.24380432008886355
093-instcombine-patternmatch-match-n10-d16.pbqp,llvm,heuristic,500,16242.0,16242.0,66619.0,1.0,0.24380432008886355
093-instcombine-patternmatch-match-n10-d16.pbqp,llvm,heuristic,1000,16242.0,16242.0,66619.0,1.0,0.24380432008886355
093-instcombine-patternmatch-match-n10-d16.pbqp,llvm,heuristic,2000,16242.0,16242.0,66619.0,1.0,0.24380432008886355
094-instcombine-patternmatch-match-n12-d16.pbqp,llvm,heuristic,250,30436.0,30436.0,54650.0,1.0,0.5569258920402562
094-instcombine-patternmatch-match-n12-d16.pbqp,llvm,heuristic,500,30436.0,30436.0,54650.0,1.0,0.5569258920402562
094-instcombine-patternmatch-match-n12-d16.pbqp,llvm,heuristic,1000,30436.0,30436.0,54650.0,1.0,0.5569258920402562
094-instcombine-patternmatch-match-n12-d16.pbqp,llvm,heuristic,2000,30436.0,30436.0,54650.0,1.0,0.5569258920402562
095-instcombine-patternmatch-match-n10-d16.pbqp,llvm,none,250,346793.0,2056943.0,3071892.0,0.16859631015541024,0.11289231522462378
095-instcombine-patternmatch-match-n10-d16.pbqp,llvm,none,500,346793.0,1143679.0,2158628.0,0.3032258177338222,0.16065436008427575
095-instcombine-patternmatch-match-n10-d16.pbqp,llvm,none,1000,346793.0,687047.0,1701996.0,0.5047587719617436,0.20375664807672875
095-instcombine-patternmatch-match-n10-d16.pbqp,llvm,none,2000,346793.0,458731.0,1473680.0,0.75598335407897,0.23532449378426795
095-instcombine-patternmatch-match-n10-d16.pbqp,llvm,heuristic,250,16578.0,16578.0,40807.0,1.0,0.40625382899992646
095-instcombine-patternmatch-match-n10-d16.pbqp,llvm,heuristic,500,16578.0,16578.0,40807.0,1.0,0.40625382899992646
095-instcombine-patternmatch-match-n10-d16.pbqp,llvm,heuristic,1000,16578.0,16578.0,40807.0,1.0,0.40625382899992646
095-instcombine-patternmatch-match-n10-d16.pbqp,llvm,heuristic,2000,16578.0,16578.0,40807.0,1.0,0.40625382899992646
096-instcombine-patternmatch-match-n9-d16.pbqp,llvm,none,250,195012.0,1098153.0,1800105.0,0.1775818123704074,0.10833368053530211
096-instcombine-patternmatch-match-n9-d16.pbqp,llvm,none,500,195012.0,616103.0,1318055.0,0.31652499663205663,0.14795437216201146
096-instcombine-patternmatch-match-n9-d16.pbqp,llvm,none,1000,195012.0,375078.0,1077030.0,0.5199238558379857,0.1810645943009944
096-instcombine-patternmatch-match-n9-d16.pbqp,llvm,none,2000,195012.0,254565.5,956517.5,0.7660582443418296,0.2038770853643556
096-instcombine-patternmatch-match-n9-d16.pbqp,llvm,heuristic,250,11058.0,11058.0,21660.0,1.0,0.5105263157894737
096-instcombine-patternmatch-match-n9-d16.pbqp,llvm,heuristic,500,11058.0,11058.0,21660.0,1.0,0.5105263157894737
096-instcombine-patternmatch-match-n9-d16.pbqp,llvm,heuristic,1000,11058.0,11058.0,21660.0,1.0,0.5105263157894737
096-instcombine-patternmatch-match-n9-d16.pbqp,llvm,heuristic,2000,11058.0,11058.0,21660.0,1.0,0.5105263157894737
097-instcombine-patternmatch-match-n14-d16.pbqp,llvm,none,250,204789.0,960554.0,1543682.0,0.21319884150188328,0.13266268570858505
097-instcombine-patternmatch-match-n14-d16.pbqp,llvm,none,500,204789.0,558762.0,1141890.0,0.3665048804320981,0.1793421432887581
097-instcombine-patternmatch-match-n14-d16.pbqp,llvm,none,1000,204789.0,357866.0,940994.0,0.5722505071730759,0.21763050561427597
097-instcombine-patternmatch-match-n14-d16.pbqp,llvm,none,2000,204789.0,257418.0,840546.0,0.7955504277090181,0.2436380638299391
097-instcombine-patternmatch-match-n14-d16.pbqp,llvm,heuristic,250,23532.0,62708.0,107324.0,0.37526312432225556,0.2192613022250382
097-instcombine-patternmatch-match-n14-d16.pbqp,llvm,heuristic,500,23532.0,41638.0,86254.0,0.5651568278975936,0.27282212998817446
097-instcombine-patternmatch-match-n14-d16.pbqp,llvm,heuristic,1000,23532.0,31103.0,75719.0,0.7565829662733499,0.31078064950672885
097-instcombine-patternmatch-match-n14-d16.pbqp,llvm,heuristic,2000,23532.0,25835.5,70451.5,0.9108397360221401,0.3340170188001675
098-instcombine-patternmatch-match-n12-d16.pbqp,llvm,none,250,10228.0,114482.0,165669.0,0.08934155587777991,0.06173756104038776
098-instcombine-patternmatch-match-n12-d16.pbqp,llvm,none,500,10228.0,59360.0,110547.0,0.17230458221024259,0.09252173283761658
098-instcombine-patternmatch-match-n12-d16.pbqp,llvm,none,1000,10228.0,31799.0,82986.0,0.3216453347589547,0.12324970476947919
098-instcombine-patternmatch-match-n12-d16.pbqp,llvm,none,2000,10228.0,18018.5,69205.5,0.5676388156616811,0.1477917217562188
098-instcombine-patternmatch-match-n12-d16.pbqp,llvm,heuristic,250,27788.0,131445.0,185721.0,0.2114040092814485,0.14962228288669563
098-instcombine-patternmatch-match-n12-d16.pbqp,llvm,heuristic,500,27788.0,76323.0,130599.0,0.3640842210080841,0.21277345155782204
098-instcombine-patternmatch-match-n12-d16.pbqp,llvm,heuristic,1000,27788.0,48762.0,103038.0,0.5698699807226939,0.26968691162483743
098-instcombine-patternmatch-match-n12-d16.pbqp,llvm,heuristic,2000,27788.0,34981.5,89257.5,0.7943627345882823,0.3113239783771672
099-instcombine-patternmatch-match-n15-d16.pbqp,llvm,heuristic,250,44788.0,48170.0,91875.0,0.9297903259290015,0.48748843537414965
099-instcombine-patternmatch-match-n15-d16.pbqp,llvm,heuristic,500,44788.0,46232.0,89937.0,0.9687662225298495,0.49799303957214497
099-instcombine-patternmatch-match-n15-d16.pbqp,llvm,heuristic,1000,44788.0,45263.0,88968.0,0.989505777345735,0.5034169589065731
099-instcombine-patternmatch-match-n15-d16.pbqp,llvm,heuristic,2000,44788.0,44778.5,88483.5,1.000212155387072,0.5061734673696225
100-instcombine-patternmatch-match-n13-d16.pbqp,llvm,heuristic,250,35902.0,73640.0,113507.0,0.48753394894079305,0.31629767327125197
100-instcombine-patternmatch-match-n13-d16.pbqp,llvm,heuristic,500,35902.0,53700.0,93567.0,0.6685661080074488,0.38370365620357605
100-instcombine-patternmatch-match-n13-d16.pbqp,llvm,heuristic,1000,35902.0,43730.0,83597.0,0.8209924536931169,0.4294651721951745
100-instcombine-patternmatch-match-n13-d16.pbqp,llvm,heuristic,2000,35902.0,38745.0,78612.0,0.9266227900374242,0.4566987228412965
101-instcombine-patternmatch-match-n9-d16.pbqp,llvm,none,250,360440.0,3556065.0,4715420.0,0.10135922712323875,0.07643857811181189
101-instcombine-patternmatch-match-n9-d16.pbqp,llvm,none,500,360440.0,1879247.0,3038602.0,0.19180022636726307,0.11862033922178686
101-instcombine-patternmatch-match-n9-d16.pbqp,llvm,none,1000,360440.0,1040838.0,2200193.0,0.3462978868949827,0.1638219919797945
101-instcombine-patternmatch-match-n9-d16.pbqp,llvm,none,2000,360440.0,621633.5,1780988.5,0.5798271811284301,0.2023819917983749
101-instcombine-patternmatch-match-n9-d16.pbqp,llvm,heuristic,250,27766.0,64187.0,91600.0,0.43257980587969524,0.3031222707423581
101-instcombine-patternmatch-match-n9-d16.pbqp,llvm,heuristic,500,27766.0,45097.0,72510.0,0.6156950573208861,0.3829264928975314
101-instcombine-patternmatch-match-n9-d16.pbqp,llvm,heuristic,1000,27766.0,35552.0,62965.0,0.7809968496849685,0.44097514492178197
101-instcombine-patternmatch-match-n9-d16.pbqp,llvm,heuristic,2000,27766.0,30779.5,58192.5,0.9020939261521467,0.47714052498174164
102-instcombine-patternmatch-match-n9-d16.pbqp,llvm,none,250,358333.0,3554513.0,4698506.0,0.10081071584208583,0.07626530646124534
102-instcombine-patternmatch-match-n9-d16.pbqp,llvm,none,500,358333.0,1877695.0,3021688.0,0.19083663747307203,0.11858702817762787
102-instcombine-patternmatch-match-n9-d16.pbqp,llvm,none,1000,358333.0,1039286.0,2183279.0,0.3447876715360353,0.16412606909149036
102-instcombine-patternmatch-match-n9-d16.pbqp,llvm,none,2000,358333.0,620081.5,1764074.5,0.5778804882906521,0.20312804249480393
102-instcombine-patternmatch-match-n9-d16.pbqp,llvm,heuristic,250,29327.0,65873.0,94932.0,0.4452051675193175,0.3089263894155817
102-instcombine-patternmatch-match-n9-d16.pbqp,llvm,heuristic,500,29327.0,46783.0,75842.0,0.626873009426501,0.38668547770364703
102-instcombine-patternmatch-match-n9-d16.pbqp,llvm,heuristic,1000,29327.0,37238.0,66297.0,0.787555722648907,0.44235787441362356
102-instcombine-patternmatch-match-n9-d16.pbqp,llvm,heuristic,2000,29327.0,32465.5,61524.5,0.9033281483420862,0.47667189493616363
103-instcombine-patternmatch-match-n8-d16.pbqp,llvm,none,250,333954.0,3078616.0,4086276.0,0.1084753668531574,0.08172575714415767
103-instcombine-patternmatch-match-n8-d16.pbqp,llvm,none,500,333954.0,1633220.0,2640880.0,0.2044758207712372,0.12645557541425587
103-instcombine-patternmatch-match-n8-d16.pbqp,llvm,none,1000,333954.0,910522.0,1918182.0,0.3667720274743499,0.17409922520386492
103-instcombine-patternmatch-match-n8-d16.pbqp,llvm,none,2000,333954.0,549173.0,1556833.0,0.6081034573804611,0.2145085567944667
103-instcombine-patternmatch-match-n8-d16.pbqp,llvm,heuristic,250,20977.0,41938.0,79079.0,0.5001907577853021,0.26526637919042984
103-instcombine-patternmatch-match-n8-d16.pbqp,llvm,heuristic,500,20977.0,30686.0,67827.0,0.6836016424428077,0.3092721187727601
103-instcombine-patternmatch-match-n8-d16.pbqp,llvm,heuristic,1000,20977.0,25060.0,62201.0,0.83707102952913,0.3372453819070433
103-instcombine-patternmatch-match-n8-d16.pbqp,llvm,heuristic,2000,20977.0,22247.0,59388.0,0.9429136512788241,0.3532195056240318
104-instcombine-patternmatch-match-n8-d16.pbqp,llvm,none,250,322785.0,3067317.0,4083485.0,0.10523366186149002,0.07904645174403727
104-instcombine-patternmatch-match-n8-d16.pbqp,llvm,none,500,322785.0,1621921.0,2638089.0,0.19901400869709437,0.12235561423439467
104-instcombine-patternmatch-match-n8-d16.pbqp,llvm,none,1000,322785.0,899223.0,1915391.0,0.35895990204876876,0.16852172741753513
104-instcombine-patternmatch-match-n8-d16.pbqp,llvm,none,2000,322785.0,537874.0,1554042.0,0.6001126657916166,0.20770674151663854
104-instcombine-patternmatch-match-n8-d16.pbqp,llvm,heuristic,250,24544.0,45492.0,78381.0,0.5395234326914622,0.3131371123103813
104-instcombine-patternmatch-match-n8-d16.pbqp,llvm,heuristic,500,24544.0,34240.0,67129.0,0.7168224299065421,0.36562439482191006
104-instcombine-patternmatch-match-n8-d16.pbqp,llvm,heuristic,1000,24544.0,28614.0,61503.0,0.8577619347172712,0.3990699640667935
104-instcombine-patternmatch-match-n8-d16.pbqp,llvm,heuristic,2000,24544.0,25801.0,58690.0,0.9512809581023991,0.4181973078889078
105-instcombine-patternmatch-match-n4-d16.pbqp,llvm,none,250,2869.0,22696.0,40401.0,0.12640994007754672,0.07101309373530358
105-instcombine-patternmatch-match-n4-d16.pbqp,llvm,none,500,2869.0,12044.0,29749.0,0.23820989704417136,0.0964402164778648
105-instcombine-patternmatch-match-n4-d16.pbqp,llvm,none,1000,2869.0,6718.0,24423.0,0.4270616254837749,0.11747123612987757
105-instcombine-patternmatch-match-n4-d16.pbqp,llvm,none,2000,2869.0,4055.0,21760.0,0.707521578298397,0.13184742647058822
105-instcombine-patternmatch-match-n4-d16.pbqp,llvm,heuristic,250,7217.0,27026.0,59122.0,0.26703914748760454,0.12206961875443997
105-instcombine-patternmatch-match-n4-d16.pbqp,llvm,heuristic,500,7217.0,16374.0,48470.0,0.44075974105288873,0.14889622446874357
105-instcombine-patternmatch-match-n4-d16.pbqp,llvm,heuristic,1000,7217.0,11048.0,43144.0,0.6532404055032585,0.16727702577415168
105-instcombine-patternmatch-match-n4-d16.pbqp,llvm,heuristic,2000,7217.0,8385.0,40481.0,0.8607036374478235,0.17828116894345494
106-instcombine-patternmatch-match-n11-d16.pbqp,llvm,none,250,295668.0,2225267.0,2816546.0,0.13286855015600374,0.10497538474429319
106-instcombine-patternmatch-match-n11-d16.pbqp,llvm,none,500,295668.0,1200971.0,1792250.0,0.24619079061859112,0.16497028874319988
106-instcombine-patternmatch-match-n11-d16.pbqp,llvm,none,1000,295668.0,688823.0,1280102.0,0.4292365382689022,0.23097221940126647
106-instcombine-patternmatch-match-n11-d16.pbqp,llvm,none,2000,295668.0,432749.0,1024028.0,0.6832320814143996,0.2887303862785002
106-instcombine-patternmatch-match-n11-d16.pbqp,llvm,heuristic,250,47523.0,125023.0,173944.0,0.3801140590131416,0.27320861886584186
106-instcombine-patternmatch-match-n11-d16.pbqp,llvm,heuristic,500,47523.0,84055.0,132976.0,0.5653798108381417,0.35738027914811693
106-instcombine-patternmatch-match-n11-d16.pbqp,llvm,heuristic,1000,47523.0,63571.0,112492.0,0.747557848704598,0.4224567080325712
106-instcombine-patternmatch-match-n11-d16.pbqp,llvm,heuristic,2000,47523.0,53329.0,102250.0,0.891128654203154,0.46477261613691934
107-instcombine-patternmatch-match-n9-d16.pbqp,llvm,none,250,8647.0,86235.0,118512.0,0.10027251116136139,0.0729630754691508
107-instcombine-patternmatch-match-n9-d16.pbqp,llvm,none,500,8647.0,45093.0,77370.0,0.19175925309915065,0.11176166472793073
107-instcombine-patternmatch-match-n9-d16.pbqp,llvm,none,1000,8647.0,24522.0,56799.0,0.3526221352255118,0.15223859574992518
107-instcombine-patternmatch-match-n9-d16.pbqp,llvm,none,2000,8647.0,14236.5,46513.5,0.6073824324798932,0.1859030174035495
107-instcombine-patternmatch-match-n9-d16.pbqp,llvm,heuristic,250,21435.0,99062.0,147793.0,0.21637964103288848,0.14503393259491315
107-instcombine-patternmatch-match-n9-d16.pbqp,llvm,heuristic,500,21435.0,57920.0,106651.0,0.37007941988950277,0.20098264432588536
107-instcombine-patternmatch-match-n9-d16.pbqp,llvm,heuristic,1000,21435.0,37349.0,86080.0,0.5739109480842861,0.24901254646840149
107-instcombine-patternmatch-match-n9-d16.pbqp,llvm,heuristic,2000,21435.0,27063.5,75794.5,0.7920261606961405,0.28280416125180585
108-instcombine-patternmatch-match-n14-d16.pbqp,llvm,none,250,525000.0,4351269.0,5849860.0,0.12065445735485442,0.08974573750482917
108-instcombine-patternmatch-match-n14-d16.pbqp,llvm,none,500,525000.0,2350585.0,3849176.0,0.22334865576016183,0.13639282797149313
108-instcombine-patternmatch-match-n14-d16.pbqp,llvm,none,1000,525000.0,1350243.0,2848834.0,0.3888189014866213,0.1842859218894467
108-instcombine-patternmatch-match-n14-d16.pbqp,llvm,none,2000,525000.0,850072.0,2348663.0,0.6175947449157247,0.22353143043510287
108-instcombine-patternmatch-match-n14-d16.pbqp,llvm,heuristic,250,50897.0,199593.0,272159.0,0.2550039330036625,0.18701200401236043
108-instcombine-patternmatch-match-n14-d16.pbqp,llvm,heuristic,500,50897.0,121533.0,194099.0,0.41879160392650555,0.26222185585706265
108-instcombine-patternmatch-match-n14-d16.pbqp,llvm,heuristic,1000,50897.0,82503.0,155069.0,0.6169109002096893,0.32822163037099616
108-instcombine-patternmatch-match-n14-d16.pbqp,llvm,heuristic,2000,50897.0,62988.0,135554.0,0.8080428018035182,0.37547398084896055
109-instcombine-patternmatch-match-n8-d16.pbqp,llvm,none,250,201609.0,2231971.0,2937962.0,0.09032778651693951,0.06862205842008848
109-instcombine-patternmatch-match-n8-d16.pbqp,llvm,none,500,201609.0,1167167.0,1873158.0,0.1727336362320045,0.10763053623880099
109-instcombine-patternmatch-match-n8-d16.pbqp,llvm,none,1000,201609.0,634765.0,1340756.0,0.31761202964876767,0.15036964220186222
109-instcombine-patternmatch-match-n8-d16.pbqp,llvm,none,2000,201609.0,368564.0,1074555.0,0.5470121878425457,0.18762092214916873
109-instcombine-patternmatch-match-n8-d16.pbqp,llvm,heuristic,250,37629.0,111237.0,154850.0,0.3382777313304027,0.2430029060381014
109-instcombine-patternmatch-match-n8-d16.pbqp,llvm,heuristic,500,37629.0,72577.0,116190.0,0.5184700387175001,0.3238574748257165
109-instcombine-patternmatch-match-n8-d16.pbqp,llvm,heuristic,1000,37629.0,53247.0,96860.0,0.7066877007155332,0.3884885401610572
109-instcombine-patternmatch-match-n8-d16.pbqp,llvm,heuristic,2000,37629.0,43582.0,87195.0,0.8634069111100913,0.4315499741957681
110-instcombine-patternmatch-match-n8-d16.pbqp,llvm,none,250,206684.0,2237384.0,2938637.0,0.0923775266114355,0.07033328716680556
110-instcombine-patternmatch-match-n8-d16.pbqp,llvm,none,500,206684.0,1172580.0,1873833.0,0.17626430606014087,0.11030011745977363
110-instcombine-patternmatch-match-n8-d16.pbqp,llvm,none,1000,206684.0,640178.0,1341431.0,0.3228539562434198,0.1540772503393764
110-instcombine-patternmatch-match-n8-d16.pbqp,llvm,none,2000,206684.0,373977.0,1075230.0,0.5526650034627798,0.19222305925243902
110-instcombine-patternmatch-match-n8-d16.pbqp,llvm,heuristic,250,41102.0,114845.0,154700.0,0.3578910705733815,0.26568842921784097
110-instcombine-patternmatch-match-n8-d16.pbqp,llvm,heuristic,500,41102.0,76185.0,116040.0,0.5395025267441097,0.3542054463977939
110-instcombine-patternmatch-match-n8-d16.pbqp,llvm,heuristic,1000,41102.0,56855.0,96710.0,0.7229267434702313,0.4250025850480819
110-instcombine-patternmatch-match-n8-d16.pbqp,llvm,heuristic,2000,41102.0,47190.0,87045.0,0.870989616444162,0.4721925440863921
111-instcombine-patternmatch-match-n9-d16.pbqp,llvm,none,250,73791.0,882936.0,1148445.0,0.08357457392155264,0.06425296814388151
111-instcombine-patternmatch-match-n9-d16.pbqp,llvm,none,500,73791.0,460272.0,725781.0,0.16032041923036813,0.1016711652688621
111-instcombine-patternmatch-match-n9-d16.pbqp,llvm,none,1000,73791.0,248940.0,514449.0,0.2964208242950108,0.14343695876559193
111-instcombine-patternmatch-match-n9-d16.pbqp,llvm,none,2000,73791.0,143274.0,408783.0,0.515034130407471,0.1805138667703892
111-instcombine-patternmatch-match-n9-d16.pbqp,llvm,heuristic,250,41434.0,152498.0,209878.0,0.2717019239596585,0.19741945320614834
111-instcombine-patternmatch-match-n9-d16.pbqp,llvm,heuristic,500,41434.0,94378.0,151758.0,0.4390218059293479,0.2730267926567298
111-instcombine-patternmatch-match-n9-d16.pbqp,llvm,heuristic,1000,41434.0,65318.0,122698.0,0.6343427539116323,0.33769091590734973
111-instcombine-patternmatch-match-n9-d16.pbqp,llvm,heuristic,2000,41434.0,50788.0,108168.0,0.8158226352681736,0.3830522890318763
112-instcombine-patternmatch-match-n14-d16.pbqp,llvm,none,250,1609320.0,15515676.0,20442850.0,0.1037221968285494,0.07872287865928675
112-instcombine-patternmatch-match-n14-d16.pbqp,llvm,none,500,1609320.0,8180492.0,13107666.0,0.196726553855196,0.12277700698202106
112-instcombine-patternmatch-match-n14-d16.pbqp,llvm,none,1000,1609320.0,4512900.0,9440074.0,0.3566044007179419,0.17047747718926778
112-instcombine-patternmatch-match-n14-d16.pbqp,llvm,none,2000,1609320.0,2679104.0,7606278.0,0.6006933661403215,0.2115778571332786
112-instcombine-patternmatch-match-n14-d16.pbqp,llvm,heuristic,250,71898.0,182237.0,243166.0,0.39453019968502556,0.29567455976575674
112-instcombine-patternmatch-match-n14-d16.pbqp,llvm,heuristic,500,71898.0,124117.0,185046.0,0.5792760057042952,0.3885412275866541
112-instcombine-patternmatch-match-n14-d16.pbqp,llvm,heuristic,1000,71898.0,95057.0,155986.0,0.7563672322922036,0.46092598053671485
112-instcombine-patternmatch-match-n14-d16.pbqp,llvm,heuristic,2000,71898.0,80527.0,141456.0,0.8928433941410955,0.5082711231761113
113-instcombine-patternmatch-match-n11-d16.pbqp,llvm,none,250,733214.0,3528643.0,5689668.0,0.207789226623379,0.12886762461359785
113-instcombine-patternmatch-match-n11-d16.pbqp,llvm,none,500,733214.0,2029859.0,4190884.0,0.3612142518273437,0.17495449647377498
113-instcombine-patternmatch-match-n11-d16.pbqp,llvm,none,1000,733214.0,1280467.0,3441492.0,0.5726145226702445,0.21305119988656082
113-instcombine-patternmatch-match-n11-d16.pbqp,llvm,none,2000,733214.0,905771.0,3066796.0,0.8094915823094359,0.23908143873932272
113-instcombine-patternmatch-match-n11-d16.pbqp,llvm,heuristic,250,16973.0,16973.0,40770.0,1.0,0.4163110129997547
113-instcombine-patternmatch-match-n11-d16.pbqp,llvm,heuristic,500,16973.0,16973.0,40770.0,1.0,0.4163110129997547
113-instcombine-patternmatch-match-n11-d16.pbqp,llvm,heuristic,1000,16973.0,16973.0,40770.0,1.0,0.4163110129997547
113-instcombine-patternmatch-match-n11-d16.pbqp,llvm,heuristic,2000,16973.0,16973.0,40770.0,1.0,0.4163110129997547
114-instcombine-patternmatch-match-n10-d16.pbqp,llvm,none,250,351261.0,2057354.0,3045931.0,0.17073435101591655,0.11532139106237141
114-instcombine-patternmatch-match-n10-d16.pbqp,llvm,none,500,351261.0,1144090.0,2132667.0,0.3070221748289033,0.1647050383393188
114-instcombine-patternmatch-match-n10-d16.pbqp,llvm,none,1000,351261.0,687458.0,1676035.0,0.5109563056943115,0.20957855892030894
114-instcombine-patternmatch-match-n10-d16.pbqp,llvm,none,2000,351261.0,459142.0,1447719.0,0.7650378314334128,0.2426306486272543
114-instcombine-patternmatch-match-n10-d16.pbqp,llvm,heuristic,250,15820.0,15820.0,36398.0,1.0,0.4346392658937304
114-instcombine-patternmatch-match-n10-d16.pbqp,llvm,heuristic,500,15820.0,15820.0,36398.0,1.0,0.4346392658937304
114-instcombine-patternmatch-match-n10-d16.pbqp,llvm,heuristic,1000,15820.0,15820.0,36398.0,1.0,0.4346392658937304
114-instcombine-patternmatch-match-n10-d16.pbqp,llvm,heuristic,2000,15820.0,15820.0,36398.0,1.0,0.4346392658937304
115-instcombine-function-ref-callback-fn-n2-d16.pbqp,llvm,none,250,122.0,122.0,811.0,1.0,0.1504315659679408
115-instcombine-function-ref-callback-fn-n2-d16.pbqp,llvm,none,500,122.0,122.0,811.0,1.0,0.1504315659679408
115-instcombine-function-ref-callback-fn-n2-d16.pbqp,llvm,none,1000,122.0,122.0,811.0,1.0,0.1504315659679408
115-instcombine-function-ref-callback-fn-n2-d16.pbqp,llvm,none,2000,122.0,122.0,811.0,1.0,0.1504315659679408
115-instcombine-function-ref-callback-fn-n2-d16.pbqp,llvm,heuristic,250,405.0,405.0,1573.0,1.0,0.2574698029243484
115-instcombine-function-ref-callback-fn-n2-d16.pbqp,llvm,heuristic,500,405.0,405.0,1573.0,1.0,0.2574698029243484
115-instcombine-function-ref-callback-fn-n2-d16.pbqp,llvm,heuristic,1000,405.0,405.0,1573.0,1.0,0.2574698029243484
115-instcombine-function-ref-callback-fn-n2-d16.pbqp,llvm,heuristic,2000,405.0,405.0,1573.0,1.0,0.2574698029243484
117-instcombine-irbuilderbase-createcall-n38-d17-r1.pbqp,llvm,heuristic,250,105424.0,125948.0,226629.0,0.8370438593705338,0.465183184852777
117-instcombine-irbuilderbase-createcall-n38-d17-r1.pbqp,llvm,heuristic,500,105424.0,114498.0,215179.0,0.9207497074184702,0.4899362856040785
117-instcombine-irbuilderbase-createcall-n38-d17-r1.pbqp,llvm,heuristic,1000,105424.0,108773.0,209454.0,0.969211109374569,0.5033276996381068
117-instcombine-irbuilderbase-createcall-n38-d17-r1.pbqp,llvm,heuristic,2000,105424.0,105910.5,206591.5,0.9954064988834912,0.5103017307101212
120-instcombine-irbuilderbase-createsrem-n12-d16.pbqp,llvm,heuristic,250,16847.0,16847.0,45447.0,1.0,0.37069553545888617
120-instcombine-irbuilderbase-createsrem-n12-d16.pbqp,llvm,heuristic,500,16847.0,16847.0,45447.0,1.0,0.37069553545888617
120-instcombine-irbuilderbase-createsrem-n12-d16.pbqp,llvm,heuristic,1000,16847.0,16847.0,45447.0,1.0,0.37069553545888617
120-instcombine-irbuilderbase-createsrem-n12-d16.pbqp,llvm,heuristic,2000,16847.0,16847.0,45447.0,1.0,0.37069553545888617
121-instcombine-irbuilderbase-createurem-n12-d16.pbqp,llvm,heuristic,250,15354.0,15354.0,47043.0,1.0,0.32638224603022764
121-instcombine-irbuilderbase-createurem-n12-d16.pbqp,llvm,heuristic,500,15354.0,15354.0,47043.0,1.0,0.32638224603022764
121-instcombine-irbuilderbase-createurem-n12-d16.pbqp,llvm,heuristic,1000,15354.0,15354.0,47043.0,1.0,0.32638224603022764
121-instcombine-irbuilderbase-createurem-n12-d16.pbqp,llvm,heuristic,2000,15354.0,15354.0,47043.0,1.0,0.32638224603022764
122-instcombine-irbuilderbase-createzext-n13-d16.pbqp,llvm,heuristic,250,20372.0,20372.0,31203.0,1.0,0.6528859404544435
122-instcombine-irbuilderbase-createzext-n13-d16.pbqp,llvm,heuristic,500,20372.0,20372.0,31203.0,1.0,0.6528859404544435
122-instcombine-irbuilderbase-createzext-n13-d16.pbqp,llvm,heuristic,1000,20372.0,20372.0,31203.0,1.0,0.6528859404544435
122-instcombine-irbuilderbase-createzext-n13-d16.pbqp,llvm,heuristic,2000,20372.0,20372.0,31203.0,1.0,0.6528859404544435
123-instcombine-irbuilderbase-createfpext-n7-d16.pbqp,llvm,none,250,83888.0,670713.0,999052.0,0.12507287021423472,0.08396760128601914
123-instcombine-irbuilderbase-createfpext-n7-d16.pbqp,llvm,none,500,83888.0,360729.0,689068.0,0.2325513058279207,0.12174125050067627
123-instcombine-irbuilderbase-createfpext-n7-d16.pbqp,llvm,none,1000,83888.0,205737.0,534076.0,0.40774386717022215,0.15707127824504377
123-instcombine-irbuilderbase-createfpext-n7-d16.pbqp,llvm,none,2000,83888.0,128241.0,456580.0,0.6541433706848824,0.1837312190634719
123-instcombine-irbuilderbase-createfpext-n7-d16.pbqp,llvm,heuristic,250,7577.0,7577.0,21248.0,1.0,0.35659826807228917
123-instcombine-irbuilderbase-createfpext-n7-d16.pbqp,llvm,heuristic,500,7577.0,7577.0,21248.0,1.0,0.35659826807228917
123-instcombine-irbuilderbase-createfpext-n7-d16.pbqp,llvm,heuristic,1000,7577.0,7577.0,21248.0,1.0,0.35659826807228917
123-instcombine-irbuilderbase-createfpext-n7-d16.pbqp,llvm,heuristic,2000,7577.0,7577.0,21248.0,1.0,0.35659826807228917
124-instcombine-irbuilderbase-createisneg-n5-d16.pbqp,llvm,none,250,37112.0,208797.0,363420.0,0.1777420173661499,0.10211876066259425
124-instcombine-irbuilderbase-createisneg-n5-d16.pbqp,llvm,none,500,37112.0,116857.0,271480.0,0.3175847403236434,0.13670251952261678
124-instcombine-irbuilderbase-createisneg-n5-d16.pbqp,llvm,none,1000,37112.0,70887.0,225510.0,0.5235374610295259,0.1645691987051572
124-instcombine-irbuilderbase-createisneg-n5-d16.pbqp,llvm,none,2000,37112.0,47902.0,202525.0,0.774748444741347,0.18324651277620047
124-instcombine-irbuilderbase-createisneg-n5-d16.pbqp,llvm,heuristic,250,4933.0,4933.0,13624.0,1.0,0.3620816206694069
124-instcombine-irbuilderbase-createisneg-n5-d16.pbqp,llvm,heuristic,500,4933.0,4933.0,13624.0,1.0,0.3620816206694069
124-instcombine-irbuilderbase-createisneg-n5-d16.pbqp,llvm,heuristic,1000,4933.0,4933.0,13624.0,1.0,0.3620816206694069
124-instcombine-irbuilderbase-createisneg-n5-d16.pbqp,llvm,heuristic,2000,4933.0,4933.0,13624.0,1.0,0.3620816206694069
125-instcombine-irbuilderbase-createnuwadd-n12-d16.pbqp,llvm,heuristic,250,16442.0,16442.0,44379.0,1.0,0.37049054733094483
125-instcombine-irbuilderbase-createnuwadd-n12-d16.pbqp,llvm,heuristic,500,16442.0,16442.0,44379.0,1.0,0.37049054733094483
125-instcombine-irbuilderbase-createnuwadd-n12-d16.pbqp,llvm,heuristic,1000,16442.0,16442.0,44379.0,1.0,0.37049054733094483
125-instcombine-irbuilderbase-createnuwadd-n12-d16.pbqp,llvm,heuristic,2000,16442.0,16442.0,44379.0,1.0,0.37049054733094483
129-instcombine-irbuilderbase-createfnegfmf-n14-d16.pbqp,llvm,heuristic,250,23720.0,23720.0,35935.0,1.0,0.660080701266175
129-instcombine-irbuilderbase-createfnegfmf-n14-d16.pbqp,llvm,heuristic,500,23720.0,23720.0,35935.0,1.0,0.660080701266175
129-instcombine-irbuilderbase-createfnegfmf-n14-d16.pbqp,llvm,heuristic,1000,23720.0,23720.0,35935.0,1.0,0.660080701266175
129-instcombine-irbuilderbase-createfnegfmf-n14-d16.pbqp,llvm,heuristic,2000,23720.0,23720.0,35935.0,1.0,0.660080701266175
130-instcombine-irbuilderbase-createfptrunc-n7-d16.pbqp,llvm,none,250,79794.0,667716.0,997139.0,0.1195029024315727,0.08002294564749748
130-instcombine-irbuilderbase-createfptrunc-n7-d16.pbqp,llvm,none,500,79794.0,357732.0,687155.0,0.2230552480627956,0.1161222722675379
130-instcombine-irbuilderbase-createfptrunc-n7-d16.pbqp,llvm,none,1000,79794.0,202740.0,532163.0,0.39357798165137614,0.14994278068937525
130-instcombine-irbuilderbase-createfptrunc-n7-d16.pbqp,llvm,none,2000,79794.0,125244.0,454667.0,0.6371083644725496,0.17549987133440517
130-instcombine-irbuilderbase-createfptrunc-n7-d16.pbqp,llvm,heuristic,250,6634.0,6634.0,21926.0,1.0,0.3025631670163276
130-instcombine-irbuilderbase-createfptrunc-n7-d16.pbqp,llvm,heuristic,500,6634.0,6634.0,21926.0,1.0,0.3025631670163276
130-instcombine-irbuilderbase-createfptrunc-n7-d16.pbqp,llvm,heuristic,1000,6634.0,6634.0,21926.0,1.0,0.3025631670163276
130-instcombine-irbuilderbase-createfptrunc-n7-d16.pbqp,llvm,heuristic,2000,6634.0,6634.0,21926.0,1.0,0.3025631670163276
133-instcombine-irbuilderbase-createisnotneg-n5-d16.pbqp,llvm,none,250,36302.0,208574.0,421368.0,0.1740485391275998,0.08615272161151298
133-instcombine-irbuilderbase-createisnotneg-n5-d16.pbqp,llvm,none,500,36302.0,116634.0,329428.0,0.3112471492017765,0.11019706885874911
133-instcombine-irbuilderbase-createisnotneg-n5-d16.pbqp,llvm,none,1000,36302.0,70664.0,283458.0,0.5137269330918148,0.1280683558057984
133-instcombine-irbuilderbase-createisnotneg-n5-d16.pbqp,llvm,none,2000,36302.0,47679.0,260473.0,0.76138341827639,0.13936953158292797
133-instcombine-irbuilderbase-createisnotneg-n5-d16.pbqp,llvm,heuristic,250,4428.0,4428.0,14244.0,1.0,0.3108677337826453
133-instcombine-irbuilderbase-createisnotneg-n5-d16.pbqp,llvm,heuristic,500,4428.0,4428.0,14244.0,1.0,0.3108677337826453
133-instcombine-irbuilderbase-createisnotneg-n5-d16.pbqp,llvm,heuristic,1000,4428.0,4428.0,14244.0,1.0,0.3108677337826453
133-instcombine-irbuilderbase-createisnotneg-n5-d16.pbqp,llvm,heuristic,2000,4428.0,4428.0,14244.0,1.0,0.3108677337826453
134-instcombine-irbuilderbase-createisnotnull-n5-d16.pbqp,llvm,none,250,36171.0,208826.0,394721.0,0.17321119017746833,0.0916368776933581
134-instcombine-irbuilderbase-createisnotnull-n5-d16.pbqp,llvm,none,500,36171.0,116886.0,302781.0,0.30945536676761976,0.11946258186610124
134-instcombine-irbuilderbase-createisnotnull-n5-d16.pbqp,llvm,none,1000,36171.0,70916.0,256811.0,0.5100541485701393,0.140846770582257
134-instcombine-irbuilderbase-createisnotnull-n5-d16.pbqp,llvm,none,2000,36171.0,47931.0,233826.0,0.7546473055016586,0.15469195042467476
134-instcombine-irbuilderbase-createisnotnull-n5-d16.pbqp,llvm,heuristic,250,4501.0,4501.0,15966.0,1.0,0.2819115620693975
134-instcombine-irbuilderbase-createisnotnull-n5-d16.pbqp,llvm,heuristic,500,4501.0,4501.0,15966.0,1.0,0.2819115620693975
134-instcombine-irbuilderbase-createisnotnull-n5-d16.pbqp,llvm,heuristic,1000,4501.0,4501.0,15966.0,1.0,0.2819115620693975
134-instcombine-irbuilderbase-createisnotnull-n5-d16.pbqp,llvm,heuristic,2000,4501.0,4501.0,15966.0,1.0,0.2819115620693975
135-instcombine-irbuilderbase-createdisjointor-n12-d16.pbqp,llvm,heuristic,250,16811.0,16811.0,75648.0,1.0,0.2222266285956007
135-instcombine-irbuilderbase-createdisjointor-n12-d16.pbqp,llvm,heuristic,500,16811.0,16811.0,75648.0,1.0,0.2222266285956007
135-instcombine-irbuilderbase-createdisjointor-n12-d16.pbqp,llvm,heuristic,1000,16811.0,16811.0,75648.0,1.0,0.2222266285956007
135-instcombine-irbuilderbase-createdisjointor-n12-d16.pbqp,llvm,heuristic,2000,16811.0,16811.0,75648.0,1.0,0.2222266285956007
136-instcombine-irbuilderbase-createzextortrunc-n26-d16.pbqp,llvm,heuristic,250,50565.0,50565.0,104723.0,1.0,0.4828452202477011
136-instcombine-irbuilderbase-createzextortrunc-n26-d16.pbqp,llvm,heuristic,500,50565.0,50565.0,104723.0,1.0,0.4828452202477011
136-instcombine-irbuilderbase-createzextortrunc-n26-d16.pbqp,llvm,heuristic,1000,50565.0,50565.0,104723.0,1.0,0.4828452202477011
136-instcombine-irbuilderbase-createzextortrunc-n26-d16.pbqp,llvm,heuristic,2000,50565.0,50565.0,104723.0,1.0,0.4828452202477011
138-instcombine-irbuilderbase-createand-n12-d16.pbqp,llvm,heuristic,250,16049.0,16049.0,46068.0,1.0,0.34837631327602675
138-instcombine-irbuilderbase-createand-n12-d16.pbqp,llvm,heuristic,500,16049.0,16049.0,46068.0,1.0,0.34837631327602675
138-instcombine-irbuilderbase-createand-n12-d16.pbqp,llvm,heuristic,1000,16049.0,16049.0,46068.0,1.0,0.34837631327602675
138-instcombine-irbuilderbase-createand-n12-d16.pbqp,llvm,heuristic,2000,16049.0,16049.0,46068.0,1.0,0.34837631327602675
140-instcombine-irbuilderbase-createneg-n14-d16.pbqp,llvm,heuristic,250,22096.0,22096.0,30938.0,1.0,0.7142025987458789
140-instcombine-irbuilderbase-createneg-n14-d16.pbqp,llvm,heuristic,500,22096.0,22096.0,30938.0,1.0,0.7142025987458789
140-instcombine-irbuilderbase-createneg-n14-d16.pbqp,llvm,heuristic,1000,22096.0,22096.0,30938.0,1.0,0.7142025987458789
140-instcombine-irbuilderbase-createneg-n14-d16.pbqp,llvm,heuristic,2000,22096.0,22096.0,30938.0,1.0,0.7142025987458789
141-instcombine-irbuilderbase-createnot-n13-d16.pbqp,llvm,heuristic,250,16121.0,16121.0,26746.0,1.0,0.6027443356015852
141-instcombine-irbuilderbase-createnot-n13-d16.pbqp,llvm,heuristic,500,16121.0,16121.0,26746.0,1.0,0.6027443356015852
141-instcombine-irbuilderbase-createnot-n13-d16.pbqp,llvm,heuristic,1000,16121.0,16121.0,26746.0,1.0,0.6027443356015852
141-instcombine-irbuilderbase-createnot-n13-d16.pbqp,llvm,heuristic,2000,16121.0,16121.0,26746.0,1.0,0.6027443356015852
143-instcombine-irbuilderbase-createshl-n8-d16.pbqp,llvm,none,250,280526.0,1033192.0,1849234.0,0.2715139102896654,0.15169848704923228
143-instcombine-irbuilderbase-createshl-n8-d16.pbqp,llvm,none,500,280526.0,631420.0,1447462.0,0.44427797662411705,0.19380543323417126
143-instcombine-irbuilderbase-createshl-n8-d16.pbqp,llvm,none,1000,280526.0,430534.0,1246576.0,0.6515768789456814,0.2250372219583884
143-instcombine-irbuilderbase-createshl-n8-d16.pbqp,llvm,none,2000,280526.0,330091.0,1146133.0,0.8498444368371146,0.24475867983907626
143-instcombine-irbuilderbase-createshl-n8-d16.pbqp,llvm,heuristic,250,9893.0,9893.0,15610.0,1.0,0.6337604099935938
143-instcombine-irbuilderbase-createshl-n8-d16.pbqp,llvm,heuristic,500,9893.0,9893.0,15610.0,1.0,0.6337604099935938
143-instcombine-irbuilderbase-createshl-n8-d16.pbqp,llvm,heuristic,1000,9893.0,9893.0,15610.0,1.0,0.6337604099935938
143-instcombine-irbuilderbase-createshl-n8-d16.pbqp,llvm,heuristic,2000,9893.0,9893.0,15610.0,1.0,0.6337604099935938
145-instcombine-irbuilderbase-createxor-n12-d16.pbqp,llvm,heuristic,250,15213.0,15213.0,46873.0,1.0,0.3245578478015062
145-instcombine-irbuilderbase-createxor-n12-d16.pbqp,llvm,heuristic,500,15213.0,15213.0,46873.0,1.0,0.3245578478015062
145-instcombine-irbuilderbase-createxor-n12-d16.pbqp,llvm,heuristic,1000,15213.0,15213.0,46873.0,1.0,0.3245578478015062
145-instcombine-irbuilderbase-createxor-n12-d16.pbqp,llvm,heuristic,2000,15213.0,15213.0,46873.0,1.0,0.3245578478015062
146-instcombine-unaryoperator-createfnegfmf-n6-d15.pbqp,llvm,none,250,54293.0,459896.0,678274.0,0.11805495155426445,0.08004582218985248
146-instcombine-unaryoperator-createfnegfmf-n6-d15.pbqp,llvm,none,500,54293.0,245718.0,464096.0,0.22095654368015366,0.11698657174377715
146-instcombine-unaryoperator-createfnegfmf-n6-d15.pbqp,llvm,none,1000,54293.0,138629.0,357007.0,0.39164244133622833,0.1520782505665155
146-instcombine-unaryoperator-createfnegfmf-n6-d15.pbqp,llvm,none,2000,54293.0,85084.5,303462.5,0.6381068232169197,0.17891172714915352
146-instcombine-unaryoperator-createfnegfmf-n6-d15.pbqp,llvm,heuristic,250,8128.0,9124.0,26422.0,0.8908373520385796,0.3076224358489138
146-instcombine-unaryoperator-createfnegfmf-n6-d15.pbqp,llvm,heuristic,500,8128.0,8540.0,25838.0,0.9517564402810305,0.31457543153494855
146-instcombine-unaryoperator-createfnegfmf-n6-d15.pbqp,llvm,heuristic,1000,8128.0,8248.0,25546.0,0.98545101842871,0.3181711422531903
146-instcombine-unaryoperator-createfnegfmf-n6-d15.pbqp,llvm,heuristic,2000,8128.0,8102.0,25400.0,1.0032090841767465,0.32
147-instcombine-binaryoperator-createfaddfmf-n5-d15.pbqp,llvm,none,250,30959.0,283428.0,452793.0,0.1092305629648447,0.06837340683270281
147-instcombine-binaryoperator-createfaddfmf-n5-d15.pbqp,llvm,none,500,30959.0,148804.0,318169.0,0.20805220289777157,0.09730363423212192
147-instcombine-binaryoperator-createfaddfmf-n5-d15.pbqp,llvm,none,1000,30959.0,81492.0,250857.0,0.3799023217002896,0.12341294044017109
147-instcombine-binaryoperator-createfaddfmf-n5-d15.pbqp,llvm,none,2000,30959.0,47836.0,217201.0,0.6471904005351619,0.142536176168618
147-instcombine-binaryoperator-createfaddfmf-n5-d15.pbqp,llvm,heuristic,250,5400.0,6384.0,18741.0,0.8458646616541353,0.2881383063870658
147-instcombine-binaryoperator-createfaddfmf-n5-d15.pbqp,llvm,heuristic,500,5400.0,5800.0,18157.0,0.9310344827586207,0.2974059591342182
147-instcombine-binaryoperator-createfaddfmf-n5-d15.pbqp,llvm,heuristic,1000,5400.0,5508.0,17865.0,0.9803921568627451,0.3022670025188917
147-instcombine-binaryoperator-createfaddfmf-n5-d15.pbqp,llvm,heuristic,2000,5400.0,5362.0,17719.0,1.0070869078701976,0.3047576048309724
148-instcombine-binaryoperator-createfmulfmf-n5-d15.pbqp,llvm,none,250,31561.0,284112.0,462852.0,0.11108647294024891,0.06818810332460484
148-instcombine-binaryoperator-createfmulfmf-n5-d15.pbqp,llvm,none,500,31561.0,149488.0,328228.0,0.21112731456705555,0.0961557210231912
148-instcombine-binaryoperator-createfmulfmf-n5-d15.pbqp,llvm,none,1000,31561.0,82176.0,260916.0,0.38406590732087226,0.12096230204356957
148-instcombine-binaryoperator-createfmulfmf-n5-d15.pbqp,llvm,none,2000,31561.0,48520.0,227260.0,0.6504740313272878,0.13887617706591568
148-instcombine-binaryoperator-createfmulfmf-n5-d15.pbqp,llvm,heuristic,250,6209.0,7134.0,18595.0,0.8703392206335856,0.3339069642376983
148-instcombine-binaryoperator-createfmulfmf-n5-d15.pbqp,llvm,heuristic,500,6209.0,6550.0,18011.0,0.9479389312977099,0.344733773804897
148-instcombine-binaryoperator-createfmulfmf-n5-d15.pbqp,llvm,heuristic,1000,6209.0,6258.0,17719.0,0.9921700223713646,0.35041480896213106
148-instcombine-binaryoperator-createfmulfmf-n5-d15.pbqp,llvm,heuristic,2000,6209.0,6112.0,17573.0,1.0158704188481675,0.35332612530586693
149-instcombine-binaryoperator-createfsubfmf-n5-d15.pbqp,llvm,none,250,32029.0,283935.0,453226.0,0.11280398682797119,0.07066893779262443
149-instcombine-binaryoperator-createfsubfmf-n5-d15.pbqp,llvm,none,500,32029.0,149311.0,318602.0,0.214511991748766,0.10052981462765456
149-instcombine-binaryoperator-createfsubfmf-n5-d15.pbqp,llvm,none,1000,32029.0,81999.0,251290.0,0.3906023244185905,0.12745831509411437
149-instcombine-binaryoperator-createfsubfmf-n5-d15.pbqp,llvm,none,2000,32029.0,48343.0,217634.0,0.6625364582255963,0.14716910041629525
149-instcombine-binaryoperator-createfsubfmf-n5-d15.pbqp,llvm,heuristic,250,5293.0,6261.0,20802.0,0.8453921098865996,0.254446687818479
149-instcombine-binaryoperator-createfsubfmf-n5-d15.pbqp,llvm,heuristic,500,5293.0,5677.0,20218.0,0.9323586401268276,0.26179641903254525
149-instcombine-binaryoperator-createfsubfmf-n5-d15.pbqp,llvm,heuristic,1000,5293.0,5385.0,19926.0,0.9829155060352832,0.26563284151360034
149-instcombine-binaryoperator-createfsubfmf-n5-d15.pbqp,llvm,heuristic,2000,5293.0,5239.0,19780.0,1.0103073105554494,0.26759352881698684
150-instcombine-fpmathoperator-classof-n22-d16.pbqp,llvm,heuristic,250,39801.0,51875.0,107860.0,0.7672481927710844,0.36900611904320413
150-instcombine-fpmathoperator-classof-n22-d16.pbqp,llvm,heuristic,500,39801.0,45213.0,101198.0,0.880299913741623,0.39329828652740173
150-instcombine-fpmathoperator-classof-n22-d16.pbqp,llvm,heuristic,1000,39801.0,41882.0,97867.0,0.9503127835346927,0.40668458213698183
150-instcombine-fpmathoperator-classof-n22-d16.pbqp,llvm,heuristic,2000,39801.0,40216.5,96201.5,0.9896684196784902,0.41372535771271757
152-instcombine-instcombinerimpl-foldsquaresumfp-n18-d16.pbqp,llvm,heuristic,250,32364.0,63256.0,127422.0,0.5116352598962944,0.25399067664924424
152-instcombine-instcombinerimpl-foldsquaresumfp-n18-d16.pbqp,llvm,heuristic,500,32364.0,46596.0,110762.0,0.6945660571722895,0.29219407377981615
152-instcombine-instcombinerimpl-foldsquaresumfp-n18-d16.pbqp,llvm,heuristic,1000,32364.0,38266.0,102432.0,0.8457638634819422,0.31595595126522963
152-instcombine-instcombinerimpl-foldsquaresumfp-n18-d16.pbqp,llvm,heuristic,2000,32364.0,34101.0,98267.0,0.9490630773291105,0.3293475938005638
153-instcombine-instcombinerimpl-foldsquaresumint-n22-d16.pbqp,llvm,heuristic,250,31097.0,41589.0,112006.0,0.7477217533482411,0.2776369123082692
153-instcombine-instcombinerimpl-foldsquaresumint-n22-d16.pbqp,llvm,heuristic,500,31097.0,35809.0,106226.0,0.8684129688067246,0.2927437727110124
153-instcombine-instcombinerimpl-foldsquaresumint-n22-d16.pbqp,llvm,heuristic,1000,31097.0,32919.0,103336.0,0.9446520246666059,0.3009309437175815
153-instcombine-instcombinerimpl-foldsquaresumint-n22-d16.pbqp,llvm,heuristic,2000,31097.0,31474.0,101891.0,0.9880218593124483,0.3051986927206525
158-instcombine-instcombinerimpl-hoistfnegabovefmulf-n39-d16.pbqp,llvm,heuristic,250,79158.0,83627.0,171141.0,0.9465603214272902,0.46253089557733096
158-instcombine-instcombinerimpl-hoistfnegabovefmulf-n39-d16.pbqp,llvm,heuristic,500,79158.0,81101.0,168615.0,0.9760422189615418,0.469460012454408
158-instcombine-instcombinerimpl-hoistfnegabovefmulf-n39-d16.pbqp,llvm,heuristic,1000,79158.0,79838.0,167352.0,0.9914827525739622,0.47300301161623404
158-instcombine-instcombinerimpl-hoistfnegabovefmulf-n39-d16.pbqp,llvm,heuristic,2000,79158.0,79206.5,166720.5,0.9993876765164476,0.47479464133085014
160-instcombine-instcombinerimpl-simplifyaddwithrema-n64-d16-r1.pbqp,llvm,heuristic,250,162435.0,180199.0,343704.0,0.9014200966709027,0.47260142448153064
160-instcombine-instcombinerimpl-simplifyaddwithrema-n64-d16-r1.pbqp,llvm,heuristic,500,162435.0,170331.0,333836.0,0.953643200591789,0.48657125055416434
160-instcombine-instcombinerimpl-simplifyaddwithrema-n64-d16-r1.pbqp,llvm,heuristic,1000,162435.0,165397.0,328902.0,0.9820915736077438,0.4938705146213766
160-instcombine-instcombinerimpl-simplifyaddwithrema-n64-d16-r1.pbqp,llvm,heuristic,2000,162435.0,162930.0,326435.0,0.9969618854722887,0.49760289184676887
161-instcombine-instcombinerimpl-optimizepointerdiff-n95-d16.pbqp,llvm,heuristic,250,387711.0,422399.0,699906.0,0.9178785934625793,0.5539472443442405
161-instcombine-instcombinerimpl-optimizepointerdiff-n95-d16.pbqp,llvm,heuristic,500,387711.0,403719.0,681226.0,0.9603486583490002,0.5691371145552284
161-instcombine-instcombinerimpl-optimizepointerdiff-n95-d16.pbqp,llvm,heuristic,1000,387711.0,394379.0,671886.0,0.9830924060358184,0.5770487850617515
161-instcombine-instcombinerimpl-optimizepointerdiff-n95-d16.pbqp,llvm,heuristic,2000,387711.0,389709.0,667216.0,0.9948730976189927,0.5810876837485912
163-instcombine-instcombinerimpl-createselectinstwit-n9-d16-r1.pbqp,llvm,none,250,135698.0,645644.0,1119182.0,0.21017464732886854,0.12124748253635244
163-instcombine-instcombinerimpl-createselectinstwit-n9-d16-r1.pbqp,llvm,none,500,135698.0,372908.0,846446.0,0.36389136194450106,0.1603150112352117
163-instcombine-instcombinerimpl-createselectinstwit-n9-d16-r1.pbqp,llvm,none,1000,135698.0,236540.0,710078.0,0.5736788703813308,0.1911029492534623
163-instcombine-instcombinerimpl-createselectinstwit-n9-d16-r1.pbqp,llvm,none,2000,135698.0,168356.0,641894.0,0.8060181995295683,0.21140250570966546
163-instcombine-instcombinerimpl-createselectinstwit-n9-d16-r1.pbqp,llvm,heuristic,250,8644.0,11578.0,39407.0,0.7465883572292279,0.21935189179587383
163-instcombine-instcombinerimpl-createselectinstwit-n9-d16-r1.pbqp,llvm,heuristic,500,8644.0,9868.0,37697.0,0.875962707742197,0.22930206647743853
163-instcombine-instcombinerimpl-createselectinstwit-n9-d16-r1.pbqp,llvm,heuristic,1000,8644.0,9013.0,36842.0,0.9590591368023965,0.23462352749579285
163-instcombine-instcombinerimpl-createselectinstwit-n9-d16-r1.pbqp,llvm,heuristic,2000,8644.0,8585.5,36414.5,1.006813813988702,0.23737796756786445
164-instcombine-instcombinerimpl-canonicalizecondsig-n73-d16.pbqp,llvm,heuristic,250,188404.0,242351.0,463806.0,0.7774013723896332,0.40621294248026113
164-instcombine-instcombinerimpl-canonicalizecondsig-n73-d16.pbqp,llvm,heuristic,500,188404.0,213273.0,434728.0,0.8833935847481866,0.4333836329843028
164-instcombine-instcombinerimpl-canonicalizecondsig-n73-d16.pbqp,llvm,heuristic,1000,188404.0,198734.0,420189.0,0.9480209727575554,0.44837918174916525
164-instcombine-instcombinerimpl-canonicalizecondsig-n73-d16.pbqp,llvm,heuristic,2000,188404.0,191464.5,412919.5,0.984015313543764,0.45627295392927675
170-instcombine-instcombinerimpl-visitfadd-n143-d17-r1.pbqp,llvm,heuristic,250,422057.0,545654.0,913810.0,0.7734883277681461,0.46186515796500366
170-instcombine-instcombinerimpl-visitfadd-n143-d17-r1.pbqp,llvm,heuristic,500,422057.0,477948.0,846104.0,0.8830605003054726,0.4988240216332744
170-instcombine-instcombinerimpl-visitfadd-n143-d17-r1.pbqp,llvm,heuristic,1000,422057.0,444095.0,812251.0,0.9503754827232912,0.5196140109399681
170-instcombine-instcombinerimpl-visitfadd-n143-d17-r1.pbqp,llvm,heuristic,2000,422057.0,427168.5,795324.5,0.9880339959524169,0.5306727002625972
171-instcombine-instcombinerimpl-visitfneg-n118-d17.pbqp,llvm,heuristic,250,333075.0,419131.0,697162.0,0.7946799449336842,0.47775839761777034
171-instcombine-instcombinerimpl-visitfneg-n118-d17.pbqp,llvm,heuristic,500,333075.0,372561.0,650592.0,0.8940146714229348,0.5119568024199498
171-instcombine-instcombinerimpl-visitfneg-n118-d17.pbqp,llvm,heuristic,1000,333075.0,349276.0,627307.0,0.9536154788763042,0.5309601200050375
171-instcombine-instcombinerimpl-visitfneg-n118-d17.pbqp,llvm,heuristic,2000,333075.0,337633.5,615664.5,0.9864986738578962,0.5410008210640698
175-instcombine-commonpointerbase-compute-n45-d16-r1.pbqp,llvm,heuristic,250,160798.0,162122.0,230148.0,0.9918333107166208,0.698672158784782
175-instcombine-commonpointerbase-compute-n45-d16-r1.pbqp,llvm,heuristic,500,160798.0,161258.0,229284.0,0.9971474283446403,0.7013049318748801
175-instcombine-commonpointerbase-compute-n45-d16-r1.pbqp,llvm,heuristic,1000,160798.0,160826.0,228852.0,0.9998258987974581,0.7026287731809204
175-instcombine-commonpointerbase-compute-n45-d16-r1.pbqp,llvm,heuristic,2000,160798.0,160610.0,228636.0,1.001170537326443,0.7032925698490177
176-instcombine-instructionworklist-pushuserstoworkl-n11-d16.pbqp,llvm,heuristic,250,15354.0,16849.0,51600.0,0.9112706985577779,0.29755813953488375
176-instcombine-instructionworklist-pushuserstoworkl-n11-d16.pbqp,llvm,heuristic,500,15354.0,15985.0,50736.0,0.9605254926493588,0.30262535477767266
176-instcombine-instructionworklist-pushuserstoworkl-n11-d16.pbqp,llvm,heuristic,1000,15354.0,15553.0,50304.0,0.9872050408281361,0.3052242366412214
176-instcombine-instructionworklist-pushuserstoworkl-n11-d16.pbqp,llvm,heuristic,2000,15354.0,15337.0,50088.0,1.0011084305926843,0.30654048873981793
177-instcombine-smallvectortemplatebase-growandpushb-n6-d16.pbqp,llvm,none,250,68478.0,567149.0,813826.0,0.12074075771975266,0.08414329352957511
177-instcombine-smallvectortemplatebase-growandpushb-n6-d16.pbqp,llvm,none,500,68478.0,304299.0,550976.0,0.22503524494000965,0.12428490533162968
177-instcombine-smallvectortemplatebase-growandpushb-n6-d16.pbqp,llvm,none,1000,68478.0,172874.0,419551.0,0.3961150896028321,0.16321734425612142
177-instcombine-smallvectortemplatebase-growandpushb-n6-d16.pbqp,llvm,none,2000,68478.0,107161.5,353838.5,0.639016811074873,0.1935289687244322
177-instcombine-smallvectortemplatebase-growandpushb-n6-d16.pbqp,llvm,heuristic,250,9465.0,9465.0,17485.0,1.0,0.5413211323991993
177-instcombine-smallvectortemplatebase-growandpushb-n6-d16.pbqp,llvm,heuristic,500,9465.0,9465.0,17485.0,1.0,0.5413211323991993
177-instcombine-smallvectortemplatebase-growandpushb-n6-d16.pbqp,llvm,heuristic,1000,9465.0,9465.0,17485.0,1.0,0.5413211323991993
177-instcombine-smallvectortemplatebase-growandpushb-n6-d16.pbqp,llvm,heuristic,2000,9465.0,9465.0,17485.0,1.0,0.5413211323991993
178-instcombine-smallvectortemplatebase-growandpushb-n6-d16.pbqp,llvm,none,250,65918.0,564349.0,816299.0,0.11680360911421833,0.08075227337041942
178-instcombine-smallvectortemplatebase-growandpushb-n6-d16.pbqp,llvm,none,500,65918.0,301499.0,553449.0,0.2186342243257855,0.11910401861779496
178-instcombine-smallvectortemplatebase-growandpushb-n6-d16.pbqp,llvm,none,1000,65918.0,170074.0,422024.0,0.38758422804191117,0.15619490834644476
178-instcombine-smallvectortemplatebase-growandpushb-n6-d16.pbqp,llvm,none,2000,65918.0,104361.5,356311.5,0.6316313966357325,0.18500104543356025
178-instcombine-smallvectortemplatebase-growandpushb-n6-d16.pbqp,llvm,heuristic,250,9302.0,9302.0,14653.0,1.0,0.6348188084351327
178-instcombine-smallvectortemplatebase-growandpushb-n6-d16.pbqp,llvm,heuristic,500,9302.0,9302.0,14653.0,1.0,0.6348188084351327
178-instcombine-smallvectortemplatebase-growandpushb-n6-d16.pbqp,llvm,heuristic,1000,9302.0,9302.0,14653.0,1.0,0.6348188084351327
178-instcombine-smallvectortemplatebase-growandpushb-n6-d16.pbqp,llvm,heuristic,2000,9302.0,9302.0,14653.0,1.0,0.6348188084351327
179-instcombine-smallvectortemplatebase-growandpushb-n6-d16.pbqp,llvm,none,250,69395.0,567133.0,823080.0,0.12236106874401595,0.08431136706031006
179-instcombine-smallvectortemplatebase-growandpushb-n6-d16.pbqp,llvm,none,500,69395.0,304283.0,560230.0,0.22806071979045822,0.12386876818449566
179-instcombine-smallvectortemplatebase-growandpushb-n6-d16.pbqp,llvm,none,1000,69395.0,172858.0,428805.0,0.4014566869916347,0.161833467426919
179-instcombine-smallvectortemplatebase-growandpushb-n6-d16.pbqp,llvm,none,2000,69395.0,107145.5,363092.5,0.6476706907896271,0.19112209698630514
179-instcombine-smallvectortemplatebase-growandpushb-n6-d16.pbqp,llvm,heuristic,250,9355.0,9355.0,15290.0,1.0,0.6118378024852845
179-instcombine-smallvectortemplatebase-growandpushb-n6-d16.pbqp,llvm,heuristic,500,9355.0,9355.0,15290.0,1.0,0.6118378024852845
179-instcombine-smallvectortemplatebase-growandpushb-n6-d16.pbqp,llvm,heuristic,1000,9355.0,9355.0,15290.0,1.0,0.6118378024852845
179-instcombine-smallvectortemplatebase-growandpushb-n6-d16.pbqp,llvm,heuristic,2000,9355.0,9355.0,15290.0,1.0,0.6118378024852845
180-instcombine-apint-issamevalue-n17-d16.pbqp,llvm,heuristic,250,15467.0,24498.0,65490.0,0.6313576618499469,0.2361734615971904
180-instcombine-apint-issamevalue-n17-d16.pbqp,llvm,heuristic,500,15467.0,19314.0,60306.0,0.8008180594387491,0.2564753092561271
180-instcombine-apint-issamevalue-n17-d16.pbqp,llvm,heuristic,1000,15467.0,16722.0,57714.0,0.9249491687597178,0.2679939009599057
180-instcombine-apint-issamevalue-n17-d16.pbqp,llvm,heuristic,2000,15467.0,15426.0,56418.0,1.0026578503824712,0.27415009394164985
181-instcombine-apint-gethighbitsset-n5-d15.pbqp,llvm,none,250,63608.0,427881.0,759840.0,0.14865815495429804,0.08371236049694672
181-instcombine-apint-gethighbitsset-n5-d15.pbqp,llvm,none,500,63608.0,232237.0,564196.0,0.2738926183166334,0.1127409623605981
181-instcombine-apint-gethighbitsset-n5-d15.pbqp,llvm,none,1000,63608.0,134415.0,466374.0,0.4732209946806532,0.13638839214879045
181-instcombine-apint-gethighbitsset-n5-d15.pbqp,llvm,none,2000,63608.0,85504.0,417463.0,0.7439184131736527,0.15236799428931427
181-instcombine-apint-gethighbitsset-n5-d15.pbqp,llvm,heuristic,250,4868.0,4868.0,15907.0,1.0,0.30602879235556674
181-instcombine-apint-gethighbitsset-n5-d15.pbqp,llvm,heuristic,500,4868.0,4868.0,15907.0,1.0,0.30602879235556674
181-instcombine-apint-gethighbitsset-n5-d15.pbqp,llvm,heuristic,1000,4868.0,4868.0,15907.0,1.0,0.30602879235556674
181-instcombine-apint-gethighbitsset-n5-d15.pbqp,llvm,heuristic,2000,4868.0,4868.0,15907.0,1.0,0.30602879235556674
182-instcombine-llvm-dyn-cast-n5-d16.pbqp,llvm,none,250,55450.0,733422.0,985345.0,0.07560449509286604,0.05627470581369977
182-instcombine-llvm-dyn-cast-n5-d16.pbqp,llvm,none,500,55450.0,379100.0,631023.0,0.1462674756001055,0.08787318370328816
182-instcombine-llvm-dyn-cast-n5-d16.pbqp,llvm,none,1000,55450.0,201939.0,453862.0,0.2745878705945855,0.12217370037588518
182-instcombine-llvm-dyn-cast-n5-d16.pbqp,llvm,none,2000,55450.0,113358.5,365281.5,0.489156084457716,0.15180073450202106
182-instcombine-llvm-dyn-cast-n5-d16.pbqp,llvm,heuristic,250,15841.0,19186.0,27665.0,0.8256541227978734,0.5726007590818724
182-instcombine-llvm-dyn-cast-n5-d16.pbqp,llvm,heuristic,500,15841.0,17248.0,25727.0,0.9184253246753247,0.6157344424145839
182-instcombine-llvm-dyn-cast-n5-d16.pbqp,llvm,heuristic,1000,15841.0,16279.0,24758.0,0.9730941704035875,0.6398335891429033
182-instcombine-llvm-dyn-cast-n5-d16.pbqp,llvm,heuristic,2000,15841.0,15794.5,24273.5,1.0029440628066733,0.6526046923599811
183-instcombine-knownbits-knownbits-n3-d16.pbqp,llvm,none,250,546.0,1990.0,6675.0,0.2743718592964824,0.08179775280898877
183-instcombine-knownbits-knownbits-n3-d16.pbqp,llvm,none,500,546.0,1126.0,5811.0,0.4849023090586146,0.09395973154362416
183-instcombine-knownbits-knownbits-n3-d16.pbqp,llvm,none,1000,546.0,694.0,5379.0,0.7867435158501441,0.1015058561070831
183-instcombine-knownbits-knownbits-n3-d16.pbqp,llvm,none,2000,546.0,478.0,5163.0,1.1422594142259415,0.10575246949447996
183-instcombine-knownbits-knownbits-n3-d16.pbqp,llvm,heuristic,250,1490.0,2978.0,7706.0,0.5003357958361316,0.1933558266286011
183-instcombine-knownbits-knownbits-n3-d16.pbqp,llvm,heuristic,500,1490.0,2114.0,6842.0,0.7048249763481551,0.21777258111663256
183-instcombine-knownbits-knownbits-n3-d16.pbqp,llvm,heuristic,1000,1490.0,1682.0,6410.0,0.8858501783590963,0.23244929797191888
183-instcombine-knownbits-knownbits-n3-d16.pbqp,llvm,heuristic,2000,1490.0,1466.0,6194.0,1.0163710777626194,0.24055537617048756
184-instcombine-setvector-insert-n20-d16.pbqp,llvm,heuristic,250,105168.0,111222.0,102722.0,0.9455683228138317,1.0238118416697495
184-instcombine-setvector-insert-n20-d16.pbqp,llvm,heuristic,500,105168.0,107152.0,98652.0,0.9814842466776168,1.0660503588371244
184-instcombine-setvector-insert-n20-d16.pbqp,llvm,heuristic,1000,105168.0,105117.0,96617.0,1.000485173663632,1.0885040934825134
184-instcombine-setvector-insert-n20-d16.pbqp,llvm,heuristic,2000,105168.0,104099.5,95599.5,1.0102642183680037,1.100089435614203
185-instcombine-withcache-withcache-n3-d16.pbqp,llvm,none,250,462.0,1908.0,6018.0,0.24213836477987422,0.07676969092721835
185-instcombine-withcache-withcache-n3-d16.pbqp,llvm,none,500,462.0,1044.0,5154.0,0.4425287356321839,0.08963911525029103
185-instcombine-withcache-withcache-n3-d16.pbqp,llvm,none,1000,462.0,612.0,4722.0,0.7549019607843137,0.09783989834815757
185-instcombine-withcache-withcache-n3-d16.pbqp,llvm,none,2000,462.0,396.0,4506.0,1.1666666666666667,0.10252996005326231
185-instcombine-withcache-withcache-n3-d16.pbqp,llvm,heuristic,250,1494.0,2935.0,7460.0,0.5090289608177172,0.2002680965147453
185-instcombine-withcache-withcache-n3-d16.pbqp,llvm,heuristic,500,1494.0,2071.0,6596.0,0.7213906325446644,0.2265009096422074
185-instcombine-withcache-withcache-n3-d16.pbqp,llvm,heuristic,1000,1494.0,1639.0,6164.0,0.9115314215985357,0.24237508111615833
185-instcombine-withcache-withcache-n3-d16.pbqp,llvm,heuristic,2000,1494.0,1423.0,5948.0,1.049894588896697,0.2511768661735037
186-instcombine-llvm-operator-n5-d16.pbqp,llvm,none,250,159178.0,925589.0,1271653.0,0.17197481819684546,0.1251740844397017
186-instcombine-llvm-operator-n5-d16.pbqp,llvm,none,500,159178.0,509761.0,855825.0,0.31226005912574717,0.18599363187567552
186-instcombine-llvm-operator-n5-d16.pbqp,llvm,none,1000,159178.0,301847.0,647911.0,0.5273466358784418,0.24567880465063874
186-instcombine-llvm-operator-n5-d16.pbqp,llvm,none,2000,159178.0,197890.0,543954.0,0.8043761685785032,0.2926313622107752
186-instcombine-llvm-operator-n5-d16.pbqp,llvm,heuristic,250,12886.0,12886.0,20130.0,1.0,0.6401390958768008
186-instcombine-llvm-operator-n5-d16.pbqp,llvm,heuristic,500,12886.0,12886.0,20130.0,1.0,0.6401390958768008
186-instcombine-llvm-operator-n5-d16.pbqp,llvm,heuristic,1000,12886.0,12886.0,20130.0,1.0,0.6401390958768008
186-instcombine-llvm-operator-n5-d16.pbqp,llvm,heuristic,2000,12886.0,12886.0,20130.0,1.0,0.6401390958768008
187-instcombine-llvm-operator-n6-d16.pbqp,llvm,none,250,144749.0,952792.0,1483199.0,0.15192088094778294,0.09759243365185656
187-instcombine-llvm-operator-n6-d16.pbqp,llvm,none,500,144749.0,524212.0,1054619.0,0.2761268341815907,0.13725241058619275
187-instcombine-llvm-operator-n6-d16.pbqp,llvm,none,1000,144749.0,309922.0,840329.0,0.46704977381405643,0.1722527724260379
187-instcombine-llvm-operator-n6-d16.pbqp,llvm,none,2000,144749.0,202777.0,733184.0,0.713833422922718,0.197425202950419
187-instcombine-llvm-operator-n6-d16.pbqp,llvm,heuristic,250,10608.0,10608.0,18067.0,1.0,0.5871478386007638
187-instcombine-llvm-operator-n6-d16.pbqp,llvm,heuristic,500,10608.0,10608.0,18067.0,1.0,0.5871478386007638
187-instcombine-llvm-operator-n6-d16.pbqp,llvm,heuristic,1000,10608.0,10608.0,18067.0,1.0,0.5871478386007638
187-instcombine-llvm-operator-n6-d16.pbqp,llvm,heuristic,2000,10608.0,10608.0,18067.0,1.0,0.5871478386007638
188-instcombine-llvm-operator-n5-d16.pbqp,llvm,none,250,93617.0,883010.0,1277415.0,0.10602031687070361,0.07328628519314397
188-instcombine-llvm-operator-n5-d16.pbqp,llvm,none,500,93617.0,467182.0,861587.0,0.20038657311283398,0.1086564676579382
188-instcombine-llvm-operator-n5-d16.pbqp,llvm,none,1000,93617.0,259268.0,653673.0,0.36108196923646574,0.14321686837302444
188-instcombine-llvm-operator-n5-d16.pbqp,llvm,none,2000,93617.0,155311.0,549716.0,0.6027712138869752,0.17030066434304258
188-instcombine-llvm-operator-n5-d16.pbqp,llvm,heuristic,250,7873.0,7873.0,20162.0,1.0,0.3904870548556691
188-instcombine-llvm-operator-n5-d16.pbqp,llvm,heuristic,500,7873.0,7873.0,20162.0,1.0,0.3904870548556691
188-instcombine-llvm-operator-n5-d16.pbqp,llvm,heuristic,1000,7873.0,7873.0,20162.0,1.0,0.3904870548556691
188-instcombine-llvm-operator-n5-d16.pbqp,llvm,heuristic,2000,7873.0,7873.0,20162.0,1.0,0.3904870548556691
189-instcombine-llvm-operator-n9-d16.pbqp,llvm,none,250,286579.0,1718948.0,2636069.0,0.16671766685205136,0.10871452909616554
189-instcombine-llvm-operator-n9-d16.pbqp,llvm,none,500,286579.0,961298.0,1878419.0,0.29811671302759396,0.15256393807771323
189-instcombine-llvm-operator-n9-d16.pbqp,llvm,none,1000,286579.0,582473.0,1499594.0,0.49200392121179864,0.19110439225550382
189-instcombine-llvm-operator-n9-d16.pbqp,llvm,none,2000,286579.0,393060.5,1310181.5,0.729096411366698,0.2187322901445334
189-instcombine-llvm-operator-n9-d16.pbqp,llvm,heuristic,250,20180.0,35306.0,63198.0,0.5715742366736533,0.3193139023386816
189-instcombine-llvm-operator-n9-d16.pbqp,llvm,heuristic,500,20180.0,27166.0,55058.0,0.742840315099757,0.36652257619237893
189-instcombine-llvm-operator-n9-d16.pbqp,llvm,heuristic,1000,20180.0,23096.0,50988.0,0.8737443713197091,0.395779399074292
189-instcombine-llvm-operator-n9-d16.pbqp,llvm,heuristic,2000,20180.0,21061.0,48953.0,0.9581691277717107,0.41223214103323597
190-instcombine-llvm-operator-n8-d16.pbqp,llvm,none,250,158723.0,985344.0,1513014.0,0.16108384482982593,0.10490517602613063
190-instcombine-llvm-operator-n8-d16.pbqp,llvm,none,500,158723.0,548624.0,1076294.0,0.28931107643850795,0.14747178744841094
190-instcombine-llvm-operator-n8-d16.pbqp,llvm,none,1000,158723.0,330264.0,857934.0,0.4805943124288448,0.1850060727282052
190-instcombine-llvm-operator-n8-d16.pbqp,llvm,none,2000,158723.0,221084.0,748754.0,0.7179307412567169,0.21198284082622598
190-instcombine-llvm-operator-n8-d16.pbqp,llvm,heuristic,250,16351.0,31458.0,58216.0,0.5197723949392842,0.28086780266593375
190-instcombine-llvm-operator-n8-d16.pbqp,llvm,heuristic,500,16351.0,23318.0,50076.0,0.7012179432198302,0.3265236840003195
190-instcombine-llvm-operator-n8-d16.pbqp,llvm,heuristic,1000,16351.0,19248.0,46006.0,0.8494908561928513,0.3554101638916663
190-instcombine-llvm-operator-n8-d16.pbqp,llvm,heuristic,2000,16351.0,17213.0,43971.0,0.9499215709057108,0.37185872506879536
191-instcombine-llvm-operator-n5-d16.pbqp,llvm,none,250,94621.0,884949.0,1315870.0,0.1069225458190246,0.07190755925737345
191-instcombine-llvm-operator-n5-d16.pbqp,llvm,none,500,94621.0,469121.0,900042.0,0.20169849569727213,0.10512953839931914
191-instcombine-llvm-operator-n5-d16.pbqp,llvm,none,1000,94621.0,261207.0,692128.0,0.3622452690777812,0.13671026168569975
191-instcombine-llvm-operator-n5-d16.pbqp,llvm,none,2000,94621.0,157250.0,588171.0,0.6017233704292528,0.16087328344988108
191-instcombine-llvm-operator-n5-d16.pbqp,llvm,heuristic,250,7799.0,7799.0,20576.0,1.0,0.3790338258164852
191-instcombine-llvm-operator-n5-d16.pbqp,llvm,heuristic,500,7799.0,7799.0,20576.0,1.0,0.3790338258164852
191-instcombine-llvm-operator-n5-d16.pbqp,llvm,heuristic,1000,7799.0,7799.0,20576.0,1.0,0.3790338258164852
191-instcombine-llvm-operator-n5-d16.pbqp,llvm,heuristic,2000,7799.0,7799.0,20576.0,1.0,0.3790338258164852
192-instcombine-datalayout-gettypesizeinbits-n16-d16.pbqp,llvm,heuristic,250,22771.0,31550.0,68909.0,0.721743264659271,0.33045030402414777
192-instcombine-datalayout-gettypesizeinbits-n16-d16.pbqp,llvm,heuristic,500,22771.0,26394.0,63753.0,0.8627339546866712,0.3571753486110458
192-instcombine-datalayout-gettypesizeinbits-n16-d16.pbqp,llvm,heuristic,1000,22771.0,23816.0,61175.0,0.9561219348337252,0.37222721700040867
192-instcombine-datalayout-gettypesizeinbits-n16-d16.pbqp,llvm,heuristic,2000,22771.0,22527.0,59886.0,1.0108314467083943,0.38023912099656015
193-instcombine-fneg-match-match-n37-d16.pbqp,llvm,heuristic,250,178059.0,291655.0,303588.0,0.6105124204968199,0.5865152772836871
193-instcombine-fneg-match-match-n37-d16.pbqp,llvm,heuristic,500,178059.0,229927.0,241860.0,0.7744153579179479,0.7362068965517241
193-instcombine-fneg-match-match-n37-d16.pbqp,llvm,heuristic,1000,178059.0,199063.0,210996.0,0.8944856653421279,0.8438975146448274
193-instcombine-fneg-match-match-n37-d16.pbqp,llvm,heuristic,2000,178059.0,183631.0,195564.0,0.9696565394731826,0.9104896606737436
194-instcombine-fneg-match-match-n35-d16.pbqp,llvm,heuristic,250,68415.0,144022.0,242936.0,0.4750315923956062,0.28161738070932263
194-instcombine-fneg-match-match-n35-d16.pbqp,llvm,heuristic,500,68415.0,100922.0,199836.0,0.6778997641743129,0.342355731699994
194-instcombine-fneg-match-match-n35-d16.pbqp,llvm,heuristic,1000,68415.0,79372.0,178286.0,0.861953837625359,0.3837373658055035
194-instcombine-fneg-match-match-n35-d16.pbqp,llvm,heuristic,2000,68415.0,68597.0,167511.0,0.9973468227473504,0.4084209395203897
195-instcombine-fneg-match-match-n35-d16.pbqp,llvm,heuristic,250,105676.0,183503.0,252928.0,0.5758815932164597,0.4178106022267207
195-instcombine-fneg-match-match-n35-d16.pbqp,llvm,heuristic,500,105676.0,140403.0,209828.0,0.7526619801571192,0.5036315458375431
195-instcombine-fneg-match-match-n35-d16.pbqp,llvm,heuristic,1000,105676.0,118853.0,188278.0,0.889131952916628,0.5612764104143873
195-instcombine-fneg-match-match-n35-d16.pbqp,llvm,heuristic,2000,105676.0,108078.0,177503.0,0.977775310423953,0.5953476842644913
196-instcombine-api-pred-ty-match-n19-d16.pbqp,llvm,heuristic,250,48189.0,57161.0,85976.0,0.8430398348524344,0.5604936261282218
196-instcombine-api-pred-ty-match-n19-d16.pbqp,llvm,heuristic,500,48189.0,52227.0,81042.0,0.9226836693664197,0.5946176056859406
196-instcombine-api-pred-ty-match-n19-d16.pbqp,llvm,heuristic,1000,48189.0,49760.0,78575.0,0.9684284565916399,0.6132866687877824
196-instcombine-api-pred-ty-match-n19-d16.pbqp,llvm,heuristic,2000,48189.0,48526.5,77341.5,0.9930450372476894,0.6230678225790811
197-instcombine-api-pred-ty-match-n28-d16.pbqp,llvm,heuristic,250,56999.0,65953.0,144950.0,0.8642366533743726,0.3932321490169024
197-instcombine-api-pred-ty-match-n28-d16.pbqp,llvm,heuristic,500,56999.0,61019.0,140016.0,0.9341188810042773,0.4070891898068792
197-instcombine-api-pred-ty-match-n28-d16.pbqp,llvm,heuristic,1000,56999.0,58552.0,137549.0,0.9734765678371362,0.41439050810983724
197-instcombine-api-pred-ty-match-n28-d16.pbqp,llvm,heuristic,2000,56999.0,57318.5,136315.5,0.9944258834407739,0.4181402701820409
198-instcombine-api-pred-ty-match-n15-d16.pbqp,llvm,heuristic,250,26002.0,42550.0,84878.0,0.6110928319623972,0.3063455783595278
198-instcombine-api-pred-ty-match-n15-d16.pbqp,llvm,heuristic,500,26002.0,33546.0,75874.0,0.7751147677815536,0.34269973904104173
198-instcombine-api-pred-ty-match-n15-d16.pbqp,llvm,heuristic,1000,26002.0,29044.0,71372.0,0.8952623605563972,0.36431653869864933
198-instcombine-api-pred-ty-match-n15-d16.pbqp,llvm,heuristic,2000,26002.0,26793.0,69121.0,0.9704773634904639,0.37618090016058797
199-instcombine-oneuse-match-match-n18-d16.pbqp,llvm,heuristic,250,66991.0,143474.0,215944.0,0.46692083583088223,0.3102239469492091
199-instcombine-oneuse-match-match-n18-d16.pbqp,llvm,heuristic,500,66991.0,103356.0,175826.0,0.6481578234451798,0.3810073595486447
199-instcombine-oneuse-match-match-n18-d16.pbqp,llvm,heuristic,1000,66991.0,83297.0,155767.0,0.8042426497953108,0.4300718380658291
199-instcombine-oneuse-match-match-n18-d16.pbqp,llvm,heuristic,2000,66991.0,73267.5,145737.5,0.914334459344184,0.45966892529376446
200-instcombine-oneuse-match-match-n18-d16.pbqp,llvm,heuristic,250,64775.0,141040.0,205524.0,0.45926687464549065,0.31517000447636284
200-instcombine-oneuse-match-match-n18-d16.pbqp,llvm,heuristic,500,64775.0,100922.0,165406.0,0.641832306137413,0.3916121543353929
200-instcombine-oneuse-match-match-n18-d16.pbqp,llvm,heuristic,1000,64775.0,80863.0,145347.0,0.8010462139668328,0.4456576331124825
200-instcombine-oneuse-match-match-n18-d16.pbqp,llvm,heuristic,2000,64775.0,70833.5,135317.5,0.9144684365448552,0.47868900918210877
201-instcombine-oneuse-match-match-n16-d16.pbqp,llvm,heuristic,250,34293.0,53405.0,90769.0,0.6421308866211028,0.37780519780982497
201-instcombine-oneuse-match-match-n16-d16.pbqp,llvm,heuristic,500,34293.0,43147.0,80511.0,0.794794539597191,0.4259417967731117
201-instcombine-oneuse-match-match-n16-d16.pbqp,llvm,heuristic,1000,34293.0,38018.0,75382.0,0.9020200957441212,0.4549229258974291
201-instcombine-oneuse-match-match-n16-d16.pbqp,llvm,heuristic,2000,34293.0,35453.5,72817.5,0.9672669835136164,0.4709444844989185
202-instcombine-oneuse-match-match-n13-d16.pbqp,llvm,none,250,176720.0,1223876.0,1792094.0,0.14439371308858087,0.09861089875865886
202-instcombine-oneuse-match-match-n13-d16.pbqp,llvm,none,500,176720.0,665940.0,1234158.0,0.2653692524852089,0.143190742190222
202-instcombine-oneuse-match-match-n13-d16.pbqp,llvm,none,1000,176720.0,386972.0,955190.0,0.45667386787674563,0.18501031208450675
202-instcombine-oneuse-match-match-n13-d16.pbqp,llvm,none,2000,176720.0,247488.0,815706.0,0.7140548228600982,0.216646683976825
202-instcombine-oneuse-match-match-n13-d16.pbqp,llvm,heuristic,250,24019.0,54878.0,93564.0,0.4376799446043952,0.25671198324141764
202-instcombine-oneuse-match-match-n13-d16.pbqp,llvm,heuristic,500,24019.0,38418.0,77104.0,0.6252017283564996,0.31151431832330356
202-instcombine-oneuse-match-match-n13-d16.pbqp,llvm,heuristic,1000,24019.0,30188.0,68874.0,0.795647277063734,0.34873827569184307
202-instcombine-oneuse-match-match-n13-d16.pbqp,llvm,heuristic,2000,24019.0,26073.0,64759.0,0.9212211866682009,0.3708982535246066
203-instcombine-binaryop-match-match-n49-d16.pbqp,llvm,heuristic,250,102608.0,134680.0,230197.0,0.7618651618651618,0.4457399531705452
203-instcombine-binaryop-match-match-n49-d16.pbqp,llvm,heuristic,500,102608.0,117200.0,212717.0,0.875494880546075,0.48236859301325236
203-instcombine-binaryop-match-match-n49-d16.pbqp,llvm,heuristic,1000,102608.0,108460.0,203977.0,0.9460446247464503,0.5030371071248229
203-instcombine-binaryop-match-match-n49-d16.pbqp,llvm,heuristic,2000,102608.0,104090.0,199607.0,0.9857623210683063,0.51405010846313
204-instcombine-binaryop-match-match-n45-d16.pbqp,llvm,heuristic,250,93080.0,122940.0,207814.0,0.7571172929884497,0.4479005264322904
204-instcombine-binaryop-match-match-n45-d16.pbqp,llvm,heuristic,500,93080.0,105460.0,190334.0,0.8826095201972312,0.48903506467578045
204-instcombine-binaryop-match-match-n45-d16.pbqp,llvm,heuristic,1000,93080.0,96720.0,181594.0,0.9623655913978495,0.5125720012775753
204-instcombine-binaryop-match-match-n45-d16.pbqp,llvm,heuristic,2000,93080.0,92350.0,177224.0,1.0079047103410936,0.5252110323658196
205-instcombine-binaryop-match-match-n17-d16.pbqp,llvm,heuristic,250,22013.0,32995.0,52723.0,0.6671616911653281,0.41752176469472524
205-instcombine-binaryop-match-match-n17-d16.pbqp,llvm,heuristic,500,22013.0,26987.0,46715.0,0.8156890354615185,0.47121909450925825
205-instcombine-binaryop-match-match-n17-d16.pbqp,llvm,heuristic,1000,22013.0,23983.0,43711.0,0.9178584830921903,0.5036032120061312
205-instcombine-binaryop-match-match-n17-d16.pbqp,llvm,heuristic,2000,22013.0,22481.0,42209.0,0.9791824207108225,0.5215238456253406
206-instcombine-binaryop-match-match-n21-d16.pbqp,llvm,heuristic,250,30883.0,41804.0,88563.0,0.7387570567409817,0.3487122161625058
206-instcombine-binaryop-match-match-n21-d16.pbqp,llvm,heuristic,500,30883.0,35796.0,82555.0,0.8627500279360822,0.37409000060565684
206-instcombine-binaryop-match-match-n21-d16.pbqp,llvm,heuristic,1000,30883.0,32792.0,79551.0,0.9417845816052696,0.38821636434488566
206-instcombine-binaryop-match-match-n21-d16.pbqp,llvm,heuristic,2000,30883.0,31290.0,78049.0,0.9869926494087568,0.3956873246293995
207-instcombine-binaryop-match-match-n18-d16.pbqp,llvm,heuristic,250,32149.0,49646.0,98844.0,0.64756475849011,0.3252498887135284
207-instcombine-binaryop-match-match-n18-d16.pbqp,llvm,heuristic,500,32149.0,40306.0,89504.0,0.7976231826527068,0.35919065069717554
207-instcombine-binaryop-match-match-n18-d16.pbqp,llvm,heuristic,1000,32149.0,35636.0,84834.0,0.9021495117297115,0.3789636230756536
207-instcombine-binaryop-match-match-n18-d16.pbqp,llvm,heuristic,2000,32149.0,33301.0,82499.0,0.9654064442509234,0.3896895719948121
208-instcombine-binaryop-match-match-n28-d16.pbqp,llvm,heuristic,250,57809.0,61075.0,118978.0,0.9465247646336472,0.48587974247339843
208-instcombine-binaryop-match-match-n28-d16.pbqp,llvm,heuristic,500,57809.0,59137.0,117040.0,0.9775436697837225,0.4939251537935748
208-instcombine-binaryop-match-match-n28-d16.pbqp,llvm,heuristic,1000,57809.0,58168.0,116071.0,0.9938282217026544,0.4980486081794764
208-instcombine-binaryop-match-match-n28-d16.pbqp,llvm,heuristic,2000,57809.0,57683.5,115586.5,1.0021756654849308,0.5001362615876421
209-instcombine-binaryop-match-match-n15-d16.pbqp,llvm,none,250,774331.0,3932269.0,5733378.0,0.19691709799100723,0.13505668037237384
209-instcombine-binaryop-match-match-n15-d16.pbqp,llvm,none,500,774331.0,2236383.0,4037492.0,0.3462425711517213,0.1917851478095808
209-instcombine-binaryop-match-match-n15-d16.pbqp,llvm,none,1000,774331.0,1388440.0,3189549.0,0.5576985681772348,0.24277131343647645
209-instcombine-binaryop-match-match-n15-d16.pbqp,llvm,none,2000,774331.0,964468.5,2765577.5,0.8028577397810297,0.2799888992443712
209-instcombine-binaryop-match-match-n15-d16.pbqp,llvm,heuristic,250,24999.0,35844.0,79541.0,0.6974389019082692,0.31429074313875865
209-instcombine-binaryop-match-match-n15-d16.pbqp,llvm,heuristic,500,24999.0,29836.0,73533.0,0.8378804129239844,0.3399698094732977
209-instcombine-binaryop-match-match-n15-d16.pbqp,llvm,heuristic,1000,24999.0,26832.0,70529.0,0.9316860465116279,0.3544499425768124
209-instcombine-binaryop-match-match-n15-d16.pbqp,llvm,heuristic,2000,24999.0,25330.0,69027.0,0.9869324911172522,0.3621626320135599
210-instcombine-binaryop-match-match-n19-d16.pbqp,llvm,heuristic,250,30190.0,56296.0,85271.0,0.5362725593292597,0.3540476832686376
210-instcombine-binaryop-match-match-n19-d16.pbqp,llvm,heuristic,500,30190.0,42148.0,71123.0,0.7162854702476986,0.42447590793414225
210-instcombine-binaryop-match-match-n19-d16.pbqp,llvm,heuristic,1000,30190.0,35074.0,64049.0,0.8607515538575583,0.4713578666333588
210-instcombine-binaryop-match-match-n19-d16.pbqp,llvm,heuristic,2000,30190.0,31537.0,60512.0,0.9572882645781146,0.498909307244844
211-instcombine-binaryop-match-match-n19-d16.pbqp,llvm,heuristic,250,33986.0,59519.0,84692.0,0.5710109376837649,0.4012893779813914
211-instcombine-binaryop-match-match-n19-d16.pbqp,llvm,heuristic,500,33986.0,45371.0,70544.0,0.7490687884331401,0.4817702426854162
211-instcombine-binaryop-match-match-n19-d16.pbqp,llvm,heuristic,1000,33986.0,38297.0,63470.0,0.8874324359610414,0.5354655742870648
211-instcombine-binaryop-match-match-n19-d16.pbqp,llvm,heuristic,2000,33986.0,34760.0,59933.0,0.9777330264672037,0.5670665576560493
212-instcombine-binaryop-match-match-n29-d16.pbqp,llvm,heuristic,250,64975.0,114614.0,195623.0,0.5669028216448252,0.33214397080097946
212-instcombine-binaryop-match-match-n29-d16.pbqp,llvm,heuristic,500,64975.0,87820.0,168829.0,0.7398656342518788,0.3848568670074454
212-instcombine-binaryop-match-match-n29-d16.pbqp,llvm,heuristic,1000,64975.0,74423.0,155432.0,0.873049997984494,0.4180284626074425
212-instcombine-binaryop-match-match-n29-d16.pbqp,llvm,heuristic,2000,64975.0,67724.5,148733.5,0.9594016936263834,0.436855180574652
213-instcombine-binaryop-match-match-n16-d16.pbqp,llvm,heuristic,250,30137.0,41083.0,77711.0,0.7335637611664192,0.387808675734452
213-instcombine-binaryop-match-match-n16-d16.pbqp,llvm,heuristic,500,30137.0,35075.0,71703.0,0.859215965787598,0.42030319512433234
213-instcombine-binaryop-match-match-n16-d16.pbqp,llvm,heuristic,1000,30137.0,32071.0,68699.0,0.9396962988369555,0.4386817857610737
213-instcombine-binaryop-match-match-n16-d16.pbqp,llvm,heuristic,2000,30137.0,30569.0,67197.0,0.98586803624587,0.44848728365849666
214-instcombine-binaryop-match-match-n17-d16.pbqp,llvm,heuristic,250,39799.0,68073.0,115134.0,0.5846517708930119,0.34567547379575103
214-instcombine-binaryop-match-match-n17-d16.pbqp,llvm,heuristic,500,39799.0,52751.0,99812.0,0.7544691095903395,0.39873963050535005
214-instcombine-binaryop-match-match-n17-d16.pbqp,llvm,heuristic,1000,39799.0,45090.0,92151.0,0.8826569084054114,0.4318889648511682
214-instcombine-binaryop-match-match-n17-d16.pbqp,llvm,heuristic,2000,39799.0,41259.5,88320.5,0.9646020916395012,0.4506201844418906
215-instcombine-binaryop-match-match-n41-d16.pbqp,llvm,heuristic,250,74676.0,92185.0,170627.0,0.8100667136735912,0.4376564084230514
215-instcombine-binaryop-match-match-n41-d16.pbqp,llvm,heuristic,500,74676.0,82871.0,161313.0,0.901111365857779,0.46292611258857
215-instcombine-binaryop-match-match-n41-d16.pbqp,llvm,heuristic,1000,74676.0,78214.0,156656.0,0.9547651315621244,0.4766877744867736
215-instcombine-binaryop-match-match-n41-d16.pbqp,llvm,heuristic,2000,74676.0,75885.5,154327.5,0.9840615137279191,0.48388006026145697
216-instcombine-binaryop-match-match-n15-d16.pbqp,llvm,none,250,911246.0,3507900.0,5596226.0,0.2597696627611962,0.16283223729706414
216-instcombine-binaryop-match-match-n15-d16.pbqp,llvm,none,500,911246.0,2129810.0,4218136.0,0.42785318878209794,0.21603049308983874
216-instcombine-binaryop-match-match-n15-d16.pbqp,llvm,none,1000,911246.0,1440765.0,3529091.0,0.6324737205581757,0.258209833637047
216-instcombine-binaryop-match-match-n15-d16.pbqp,llvm,none,2000,911246.0,1096242.5,3184568.5,0.8312449115957464,0.28614426098857665
216-instcombine-binaryop-match-match-n15-d16.pbqp,llvm,heuristic,250,23227.0,49257.0,91879.0,0.4715471912621556,0.25279987810054527
216-instcombine-binaryop-match-match-n15-d16.pbqp,llvm,heuristic,500,23227.0,35109.0,77731.0,0.6615682588510069,0.2988125715608959
216-instcombine-binaryop-match-match-n15-d16.pbqp,llvm,heuristic,1000,23227.0,28035.0,70657.0,0.8285000891742464,0.32872892990078834
216-instcombine-binaryop-match-match-n15-d16.pbqp,llvm,heuristic,2000,23227.0,24498.0,67120.0,0.9481182137317332,0.3460518474374255
217-instcombine-binaryop-match-match-n51-d16.pbqp,llvm,heuristic,250,125600.0,181325.0,295742.0,0.6926788914931752,0.4246944972306943
217-instcombine-binaryop-match-match-n51-d16.pbqp,llvm,heuristic,500,125600.0,150991.0,265408.0,0.8318376591982304,0.4732336628888353
217-instcombine-binaryop-match-match-n51-d16.pbqp,llvm,heuristic,1000,125600.0,135824.0,250241.0,0.9247261161503122,0.5019161528286732
217-instcombine-binaryop-match-match-n51-d16.pbqp,llvm,heuristic,2000,125600.0,128240.5,242657.5,0.9794097808414658,0.5176019698546305
218-instcombine-binaryop-match-match-n28-d16.pbqp,llvm,heuristic,250,58470.0,122338.0,203466.0,0.47793817129591787,0.2873698799799475
218-instcombine-binaryop-match-match-n28-d16.pbqp,llvm,heuristic,500,58470.0,87792.0,168920.0,0.6660060142154183,0.3461401847028179
218-instcombine-binaryop-match-match-n28-d16.pbqp,llvm,heuristic,1000,58470.0,70519.0,151647.0,0.8291382464300401,0.3855664800490613
218-instcombine-binaryop-match-match-n28-d16.pbqp,llvm,heuristic,2000,58470.0,61882.5,143010.5,0.9448551690704157,0.40885109834592565
219-instcombine-binaryop-match-match-n15-d16.pbqp,llvm,none,250,193398.0,1115822.0,1622654.0,0.17332334368743402,0.11918622207815098
219-instcombine-binaryop-match-match-n15-d16.pbqp,llvm,none,500,193398.0,626942.0,1133774.0,0.3084782962379295,0.1705789690008767
219-instcombine-binaryop-match-match-n15-d16.pbqp,llvm,none,1000,193398.0,382502.0,889334.0,0.5056130425461828,0.21746385497462145
219-instcombine-binaryop-match-match-n15-d16.pbqp,llvm,none,2000,193398.0,260282.0,767114.0,0.7430325569958737,0.25211115948868096
219-instcombine-binaryop-match-match-n15-d16.pbqp,llvm,heuristic,250,32958.0,96267.0,148640.0,0.34236031038673687,0.2217303552206674
219-instcombine-binaryop-match-match-n15-d16.pbqp,llvm,heuristic,500,32958.0,62123.0,114496.0,0.5305281457753167,0.28785285075461153
219-instcombine-binaryop-match-match-n15-d16.pbqp,llvm,heuristic,1000,32958.0,45051.0,97424.0,0.7315708863288273,0.33829446542946295
219-instcombine-binaryop-match-match-n15-d16.pbqp,llvm,heuristic,2000,32958.0,36515.0,88888.0,0.9025879775434753,0.37078120781207813
220-instcombine-binaryop-match-match-n45-d16.pbqp,llvm,heuristic,250,109754.0,150875.0,261457.0,0.7274498757249379,0.4197783956826553
220-instcombine-binaryop-match-match-n45-d16.pbqp,llvm,heuristic,500,109754.0,128371.0,238953.0,0.8549750333019139,0.4593120822923336
220-instcombine-binaryop-match-match-n45-d16.pbqp,llvm,heuristic,1000,109754.0,117119.0,227701.0,0.9371152417626517,0.4820093016719294
220-instcombine-binaryop-match-match-n45-d16.pbqp,llvm,heuristic,2000,109754.0,111493.0,222075.0,0.9844026082354946,0.49422042102893166
221-instcombine-binaryop-match-match-n27-d16.pbqp,llvm,heuristic,250,53362.0,64096.0,128539.0,0.8325324513230155,0.4151424859381199
221-instcombine-binaryop-match-match-n27-d16.pbqp,llvm,heuristic,500,53362.0,58088.0,122531.0,0.9186406831015012,0.43549795561939425
221-instcombine-binaryop-match-match-n27-d16.pbqp,llvm,heuristic,1000,53362.0,55084.0,119527.0,0.9687386536925423,0.44644306307361514
221-instcombine-binaryop-match-match-n27-d16.pbqp,llvm,heuristic,2000,53362.0,53582.0,118025.0,0.9958941435556716,0.45212454988349926
222-instcombine-binaryop-match-match-n33-d16.pbqp,llvm,heuristic,250,61191.0,94877.0,189198.0,0.6449508310760248,0.32342308058224717
222-instcombine-binaryop-match-match-n33-d16.pbqp,llvm,heuristic,500,61191.0,76659.0,170980.0,0.7982233005909286,0.35788396303661246
222-instcombine-binaryop-match-match-n33-d16.pbqp,llvm,heuristic,1000,61191.0,67550.0,161871.0,0.9058623242042931,0.37802324072872845
222-instcombine-binaryop-match-match-n33-d16.pbqp,llvm,heuristic,2000,61191.0,62995.5,157316.5,0.971355096792628,0.3889674636799064
223-instcombine-binaryop-match-match-n16-d16.pbqp,llvm,none,250,154012.0,763574.0,1156183.0,0.20169885302537802,0.13320728638978432
223-instcombine-binaryop-match-match-n16-d16.pbqp,llvm,none,500,154012.0,438542.0,831151.0,0.35119099196884224,0.18529966275682758
223-instcombine-binaryop-match-match-n16-d16.pbqp,llvm,none,1000,154012.0,276026.0,668635.0,0.5579619311224305,0.2303379272697361
223-instcombine-binaryop-match-match-n16-d16.pbqp,llvm,none,2000,154012.0,194768.0,587377.0,0.7907459130863386,0.2622029803686559
223-instcombine-binaryop-match-match-n16-d16.pbqp,llvm,heuristic,250,40555.0,95066.0,151680.0,0.426598363242379,0.26737209915611815
223-instcombine-binaryop-match-match-n16-d16.pbqp,llvm,heuristic,500,40555.0,64320.0,120934.0,0.6305192786069652,0.33534820645972185
223-instcombine-binaryop-match-match-n16-d16.pbqp,llvm,heuristic,1000,40555.0,48947.0,105561.0,0.828549247144871,0.38418544727692994
223-instcombine-binaryop-match-match-n16-d16.pbqp,llvm,heuristic,2000,40555.0,41260.5,97874.5,0.982901322087711,0.41435716146698065
224-instcombine-binaryop-match-match-n14-d16.pbqp,llvm,heuristic,250,28042.0,66429.0,113832.0,0.4221349109575637,0.24634549160165858
224-instcombine-binaryop-match-match-n14-d16.pbqp,llvm,heuristic,500,28042.0,45837.0,93240.0,0.6117765124244606,0.30075075075075075
224-instcombine-binaryop-match-match-n14-d16.pbqp,llvm,heuristic,1000,28042.0,35541.0,82944.0,0.7890042486142764,0.3380835262345679
224-instcombine-binaryop-match-match-n14-d16.pbqp,llvm,heuristic,2000,28042.0,30393.0,77796.0,0.9226466620603428,0.36045555041390304
225-instcombine-binaryop-match-match-n14-d16.pbqp,llvm,heuristic,250,42923.0,80070.0,116323.0,0.5360684401148995,0.3689983924073485
225-instcombine-binaryop-match-match-n14-d16.pbqp,llvm,heuristic,500,42923.0,59478.0,95731.0,0.7216617909142876,0.4483709561166184
225-instcombine-binaryop-match-match-n14-d16.pbqp,llvm,heuristic,1000,42923.0,49182.0,85435.0,0.8727379935748851,0.502405337390999
225-instcombine-binaryop-match-match-n14-d16.pbqp,llvm,heuristic,2000,42923.0,44034.0,80287.0,0.9747694962983149,0.5346195523559232
226-instcombine-binaryop-match-match-n17-d16.pbqp,llvm,heuristic,250,23565.0,41108.0,89951.0,0.573246083487399,0.26197596469188783
226-instcombine-binaryop-match-match-n17-d16.pbqp,llvm,heuristic,500,23565.0,31768.0,80611.0,0.7417841853437421,0.29232983091637615
226-instcombine-binaryop-match-match-n17-d16.pbqp,llvm,heuristic,1000,23565.0,27098.0,75941.0,0.8696213742711639,0.31030668545318074
226-instcombine-binaryop-match-match-n17-d16.pbqp,llvm,heuristic,2000,23565.0,24763.0,73606.0,0.9516213705932237,0.3201505312066951
227-instcombine-binaryop-match-match-n31-d16.pbqp,llvm,heuristic,250,55792.0,66647.0,133415.0,0.837126952450973,0.4181838623842896
227-instcombine-binaryop-match-match-n31-d16.pbqp,llvm,heuristic,500,55792.0,60639.0,127407.0,0.9200679430729398,0.4379037258549373
227-instcombine-binaryop-match-match-n31-d16.pbqp,llvm,heuristic,1000,55792.0,57635.0,124403.0,0.9680229027500651,0.448477930596529
227-instcombine-binaryop-match-match-n31-d16.pbqp,llvm,heuristic,2000,55792.0,56133.0,122901.0,0.9939251420732902,0.45395887747048436
228-instcombine-binaryop-match-match-n31-d16.pbqp,llvm,heuristic,250,54308.0,65231.0,132179.0,0.8325489414542165,0.41086708176034015
228-instcombine-binaryop-match-match-n31-d16.pbqp,llvm,heuristic,500,54308.0,59223.0,126171.0,0.9170085946338415,0.43043171568744004
228-instcombine-binaryop-match-match-n31-d16.pbqp,llvm,heuristic,1000,54308.0,56219.0,123167.0,0.9660079332609972,0.44092979450664543
228-instcombine-binaryop-match-match-n31-d16.pbqp,llvm,heuristic,2000,54308.0,54717.0,121665.0,0.992525174991319,0.4463732379895615
229-instcombine-binaryop-match-match-n29-d16.pbqp,llvm,heuristic,250,57766.0,77129.0,135636.0,0.7489530526779811,0.4258898817423103
229-instcombine-binaryop-match-match-n29-d16.pbqp,llvm,heuristic,500,57766.0,66715.0,125222.0,0.8658622498688451,0.4613087157208797
229-instcombine-binaryop-match-match-n29-d16.pbqp,llvm,heuristic,1000,57766.0,61508.0,120015.0,0.9391623853807635,0.48132316793734115
229-instcombine-binaryop-match-match-n29-d16.pbqp,llvm,heuristic,2000,57766.0,58904.5,117411.5,0.9806721048476772,0.49199609918960235
230-instcombine-binaryop-match-match-n17-d16.pbqp,llvm,heuristic,250,30368.0,35232.0,92949.0,0.8619436875567665,0.3267168016869466
230-instcombine-binaryop-match-match-n17-d16.pbqp,llvm,heuristic,500,30368.0,32430.0,90147.0,0.9364168979340117,0.3368719979588894
230-instcombine-binaryop-match-match-n17-d16.pbqp,llvm,heuristic,1000,30368.0,31029.0,88746.0,0.9786973476425279,0.34219007053839046
230-instcombine-binaryop-match-match-n17-d16.pbqp,llvm,heuristic,2000,30368.0,30328.5,88045.5,1.0013024053283215,0.34491257361250716
231-instcombine-binaryop-match-match-n33-d16.pbqp,llvm,heuristic,250,65349.0,82847.0,150315.0,0.7887913865317996,0.4347470312344077
231-instcombine-binaryop-match-match-n33-d16.pbqp,llvm,heuristic,500,65349.0,73507.0,140975.0,0.8890173724951366,0.4635502748714311
231-instcombine-binaryop-match-match-n33-d16.pbqp,llvm,heuristic,1000,65349.0,68837.0,136305.0,0.9493295756642504,0.4794321558270056
231-instcombine-binaryop-match-match-n33-d16.pbqp,llvm,heuristic,2000,65349.0,66502.0,133970.0,0.982662175573667,0.4877883108158543
232-instcombine-binaryop-match-match-n26-d16.pbqp,llvm,heuristic,250,50577.0,73947.0,136614.0,0.6839628382490162,0.3702182792393166
232-instcombine-binaryop-match-match-n26-d16.pbqp,llvm,heuristic,500,50577.0,61401.0,124068.0,0.8237162261200958,0.4076554792533127
232-instcombine-binaryop-match-match-n26-d16.pbqp,llvm,heuristic,1000,50577.0,55128.0,117795.0,0.917446669569003,0.4293645740481345
232-instcombine-binaryop-match-match-n26-d16.pbqp,llvm,heuristic,2000,50577.0,51991.5,114658.5,0.9727936297279363,0.44110990462983557
233-instcombine-binaryop-match-match-n17-d16.pbqp,llvm,heuristic,250,42076.0,63011.0,115276.0,0.6677564234816143,0.3650022554564697
233-instcombine-binaryop-match-match-n17-d16.pbqp,llvm,heuristic,500,42076.0,51759.0,104024.0,0.8129214242933596,0.40448358071214335
233-instcombine-binaryop-match-match-n17-d16.pbqp,llvm,heuristic,1000,42076.0,46133.0,98398.0,0.9120586131402684,0.4276103172828716
233-instcombine-binaryop-match-match-n17-d16.pbqp,llvm,heuristic,2000,42076.0,43320.0,95585.0,0.9712834718374884,0.44019459120154836
234-instcombine-binaryop-match-match-n19-d16.pbqp,llvm,heuristic,250,27562.0,32420.0,86650.0,0.8501542257865515,0.31808424697057125
234-instcombine-binaryop-match-match-n19-d16.pbqp,llvm,heuristic,500,27562.0,29618.0,83848.0,0.9305827537308393,0.32871386318099416
234-instcombine-binaryop-match-match-n19-d16.pbqp,llvm,heuristic,1000,27562.0,28217.0,82447.0,0.9767870432717866,0.3342996106589688
234-instcombine-binaryop-match-match-n19-d16.pbqp,llvm,heuristic,2000,27562.0,27516.5,81746.5,1.001653553322552,0.33716428226284917
235-instcombine-binaryop-match-match-n35-d16.pbqp,llvm,heuristic,250,71954.0,100224.0,176101.0,0.7179318326947637,0.40859506760325043
235-instcombine-binaryop-match-match-n35-d16.pbqp,llvm,heuristic,500,71954.0,84902.0,160779.0,0.847494758662929,0.4475335709265513
235-instcombine-binaryop-match-match-n35-d16.pbqp,llvm,heuristic,1000,71954.0,77241.0,153118.0,0.9315518960137751,0.4699251557622226
235-instcombine-binaryop-match-match-n35-d16.pbqp,llvm,heuristic,2000,71954.0,73410.5,149287.5,0.9801595139659858,0.4819827514024952
236-instcombine-binaryop-match-match-n18-d16.pbqp,llvm,heuristic,250,45696.0,66489.0,113718.0,0.6872715787573884,0.40183612093072335
236-instcombine-binaryop-match-match-n18-d16.pbqp,llvm,heuristic,500,45696.0,55237.0,102466.0,0.8272715752122671,0.44596256319169286
236-instcombine-binaryop-match-match-n18-d16.pbqp,llvm,heuristic,1000,45696.0,49611.0,96840.0,0.9210860494648364,0.47187112763320943
236-instcombine-binaryop-match-match-n18-d16.pbqp,llvm,heuristic,2000,45696.0,46798.0,94027.0,0.9764519851275696,0.48598806725727717
237-instcombine-binaryop-match-match-n27-d16.pbqp,llvm,heuristic,250,65747.0,83117.0,136009.0,0.7910174813816668,0.4834018337021815
237-instcombine-binaryop-match-match-n27-d16.pbqp,llvm,heuristic,500,65747.0,73777.0,126669.0,0.8911584911286715,0.5190457017897039
237-instcombine-binaryop-match-match-n27-d16.pbqp,llvm,heuristic,1000,65747.0,69107.0,121999.0,0.9513797444542521,0.5389142533955197
237-instcombine-binaryop-match-match-n27-d16.pbqp,llvm,heuristic,2000,65747.0,66772.0,119664.0,0.9846492541783981,0.5494300708650889
238-instcombine-binaryop-match-match-n19-d16.pbqp,llvm,heuristic,250,32768.0,58919.0,108717.0,0.5561533630917022,0.30140640378229716
238-instcombine-binaryop-match-match-n19-d16.pbqp,llvm,heuristic,500,32768.0,44771.0,94569.0,0.731902347501731,0.34649832397508695
238-instcombine-binaryop-match-match-n19-d16.pbqp,llvm,heuristic,1000,32768.0,37697.0,87495.0,0.8692468896729183,0.37451282930453167
238-instcombine-binaryop-match-match-n19-d16.pbqp,llvm,heuristic,2000,32768.0,34160.0,83958.0,0.9592505854800937,0.39029038328688154
239-instcombine-binaryop-match-match-n37-d16.pbqp,llvm,heuristic,250,81639.0,106370.0,173290.0,0.7675002350286735,0.4711120087714236
239-instcombine-binaryop-match-match-n37-d16.pbqp,llvm,heuristic,500,81639.0,92960.0,159880.0,0.8782164371772806,0.5106267200400301
239-instcombine-binaryop-match-match-n37-d16.pbqp,llvm,heuristic,1000,81639.0,86255.0,153175.0,0.9464842617819257,0.532978619226375
239-instcombine-binaryop-match-match-n37-d16.pbqp,llvm,heuristic,2000,81639.0,82902.5,149822.5,0.9847592050903169,0.544904804018088
240-instcombine-binaryop-match-match-n20-d16.pbqp,llvm,heuristic,250,34083.0,37473.0,84022.0,0.9095348651028741,0.4056437599676275
240-instcombine-binaryop-match-match-n20-d16.pbqp,llvm,heuristic,500,34083.0,35535.0,82084.0,0.9591388771633601,0.4152209931289898
240-instcombine-binaryop-match-match-n20-d16.pbqp,llvm,heuristic,1000,34083.0,34566.0,81115.0,0.9860267314702309,0.4201812241878814
240-instcombine-binaryop-match-match-n20-d16.pbqp,llvm,heuristic,2000,34083.0,34081.5,80630.5,1.0000440121473526,0.42270604795951905
241-instcombine-binaryop-match-match-n17-d16.pbqp,llvm,none,250,389697.0,1719252.0,2527820.0,0.2266665968688709,0.1541632711189879
241-instcombine-binaryop-match-match-n17-d16.pbqp,llvm,none,500,389697.0,1012004.0,1820572.0,0.3850745649226683,0.21405195729693743
241-instcombine-binaryop-match-match-n17-d16.pbqp,llvm,none,1000,389697.0,658380.0,1466948.0,0.5919028524560285,0.26565154320398543
241-instcombine-binaryop-match-match-n17-d16.pbqp,llvm,none,2000,389697.0,481568.0,1290136.0,0.8092252807495515,0.30205885271010185
241-instcombine-binaryop-match-match-n17-d16.pbqp,llvm,heuristic,250,34143.0,73189.0,121823.0,0.4665045293691675,0.2802672730108436
241-instcombine-binaryop-match-match-n17-d16.pbqp,llvm,heuristic,500,34143.0,52119.0,100753.0,0.6550969895815346,0.33887824680158407
241-instcombine-binaryop-match-match-n17-d16.pbqp,llvm,heuristic,1000,34143.0,41584.0,90218.0,0.8210609849942285,0.37844997672304864
241-instcombine-binaryop-match-match-n17-d16.pbqp,llvm,heuristic,2000,34143.0,36316.5,84950.5,0.9401511709553508,0.40191641014473134
242-instcombine-binaryop-match-match-n17-d16.pbqp,llvm,none,250,347688.0,1678815.0,2502733.0,0.20710322459592034,0.13892332901671892
242-instcombine-binaryop-match-match-n17-d16.pbqp,llvm,none,500,347688.0,971567.0,1795485.0,0.35786312215215216,0.19364572803448651
242-instcombine-binaryop-match-match-n17-d16.pbqp,llvm,none,1000,347688.0,617943.0,1441861.0,0.5626538370043839,0.24113836215834952
242-instcombine-binaryop-match-match-n17-d16.pbqp,llvm,none,2000,347688.0,441131.0,1265049.0,0.7881740344704861,0.27484152787757626
242-instcombine-binaryop-match-match-n17-d16.pbqp,llvm,heuristic,250,28902.0,68060.0,120997.0,0.42465471642668234,0.23886542641553096
242-instcombine-binaryop-match-match-n17-d16.pbqp,llvm,heuristic,500,28902.0,46990.0,99927.0,0.6150670355394765,0.2892311387312738
242-instcombine-binaryop-match-match-n17-d16.pbqp,llvm,heuristic,1000,28902.0,36455.0,89392.0,0.7928130571938006,0.3233175228208341
242-instcombine-binaryop-match-match-n17-d16.pbqp,llvm,heuristic,2000,28902.0,31187.5,84124.5,0.9267174348697395,0.3435622202806555
243-instcombine-binaryop-match-match-n17-d16.pbqp,llvm,none,250,354744.0,1687372.0,2512355.0,0.21023461335141272,0.14119979063468338
243-instcombine-binaryop-match-match-n17-d16.pbqp,llvm,none,500,354744.0,980124.0,1805107.0,0.36193787724818494,0.19652242221652236
243-instcombine-binaryop-match-match-n17-d16.pbqp,llvm,none,1000,354744.0,626500.0,1451483.0,0.5662314445331205,0.2444010711803032
243-instcombine-binaryop-match-match-n17-d16.pbqp,llvm,none,2000,354744.0,449688.0,1274671.0,0.7888669477504403,0.27830240116861527
243-instcombine-binaryop-match-match-n17-d16.pbqp,llvm,heuristic,250,36821.0,75767.0,121530.0,0.48597674449298506,0.302978688389698
243-instcombine-binaryop-match-match-n17-d16.pbqp,llvm,heuristic,500,36821.0,54697.0,100460.0,0.67318134449787,0.36652398964762095
243-instcombine-binaryop-match-match-n17-d16.pbqp,llvm,heuristic,1000,36821.0,44162.0,89925.0,0.8337711154386124,0.40946344175701976
243-instcombine-binaryop-match-match-n17-d16.pbqp,llvm,heuristic,2000,36821.0,38894.5,84657.5,0.9466891205697464,0.4349407908336532
244-instcombine-binaryop-match-match-n19-d16.pbqp,llvm,heuristic,250,50375.0,74795.0,122500.0,0.6735075874055753,0.41122448979591836
244-instcombine-binaryop-match-match-n19-d16.pbqp,llvm,heuristic,500,50375.0,61605.0,109310.0,0.8177096014933852,0.46084530235111154
244-instcombine-binaryop-match-match-n19-d16.pbqp,llvm,heuristic,1000,50375.0,55010.0,102715.0,0.9157425922559534,0.4904346979506401
244-instcombine-binaryop-match-match-n19-d16.pbqp,llvm,heuristic,2000,50375.0,51712.5,99417.5,0.974135847232294,0.5067015364498202
245-instcombine-binaryop-match-match-n31-d16.pbqp,llvm,heuristic,250,47276.0,57869.0,126418.0,0.8169486253434481,0.3739657327279343
245-instcombine-binaryop-match-match-n31-d16.pbqp,llvm,heuristic,500,47276.0,52071.0,120620.0,0.9079141940811584,0.39194163488642014
245-instcombine-binaryop-match-match-n31-d16.pbqp,llvm,heuristic,1000,47276.0,49172.0,117721.0,0.9614414707557146,0.4015935984233909
245-instcombine-binaryop-match-match-n31-d16.pbqp,llvm,heuristic,2000,47276.0,47722.5,116271.5,0.9906438262873907,0.40660006966453516
246-instcombine-binaryop-match-match-n24-d16.pbqp,llvm,heuristic,250,37099.0,62701.0,130060.0,0.5916811534106314,0.2852452714131939
246-instcombine-binaryop-match-match-n24-d16.pbqp,llvm,heuristic,500,37099.0,48955.0,116314.0,0.7578184046573384,0.3189555857420431
246-instcombine-binaryop-match-match-n24-d16.pbqp,llvm,heuristic,1000,37099.0,42082.0,109441.0,0.8815883275509719,0.33898630312223027
246-instcombine-binaryop-match-match-n24-d16.pbqp,llvm,heuristic,2000,37099.0,38645.5,106004.5,0.9599824041608984,0.34997570857840943
247-instcombine-binaryop-match-match-n43-d16.pbqp,llvm,heuristic,250,84347.0,117464.0,209495.0,0.7180668119594088,0.40262058760352276
247-instcombine-binaryop-match-match-n43-d16.pbqp,llvm,heuristic,500,84347.0,99648.0,191679.0,0.8464495022479126,0.44004298853812884
247-instcombine-binaryop-match-match-n43-d16.pbqp,llvm,heuristic,1000,84347.0,90740.0,182771.0,0.9295459554771875,0.4614900613335814
247-instcombine-binaryop-match-match-n43-d16.pbqp,llvm,heuristic,2000,84347.0,86286.0,178317.0,0.9775282201052314,0.4730171548422192
248-instcombine-binaryop-match-match-n49-d16.pbqp,llvm,heuristic,250,158538.0,198605.0,309769.0,0.7982578484932403,0.511794272506287
248-instcombine-binaryop-match-match-n49-d16.pbqp,llvm,heuristic,500,158538.0,177337.0,288501.0,0.8939927933820917,0.5495232252227895
248-instcombine-binaryop-match-match-n49-d16.pbqp,llvm,heuristic,1000,158538.0,166703.0,277867.0,0.9510206774923067,0.570553538203529
248-instcombine-binaryop-match-match-n49-d16.pbqp,llvm,heuristic,2000,158538.0,161386.0,272550.0,0.9823528682785372,0.58168409466153
249-instcombine-castinst-match-match-n16-d16.pbqp,llvm,heuristic,250,35986.0,56729.0,109793.0,0.6343492746214459,0.32776224349457617
249-instcombine-castinst-match-match-n16-d16.pbqp,llvm,heuristic,500,35986.0,45477.0,98541.0,0.7913010972579546,0.36518809429577537
249-instcombine-castinst-match-match-n16-d16.pbqp,llvm,heuristic,1000,35986.0,39851.0,92915.0,0.9030137261298337,0.38730022063176023
249-instcombine-castinst-match-match-n16-d16.pbqp,llvm,heuristic,2000,35986.0,37038.0,90102.0,0.9715967384847994,0.3993918004039866
250-instcombine-castinst-match-match-n19-d16.pbqp,llvm,heuristic,250,69181.0,109394.0,160850.0,0.6324021427134944,0.4300963630711843
250-instcombine-castinst-match-match-n19-d16.pbqp,llvm,heuristic,500,69181.0,88126.0,139582.0,0.7850237160429385,0.4956298090011606
250-instcombine-castinst-match-match-n19-d16.pbqp,llvm,heuristic,1000,69181.0,77492.0,128948.0,0.8927502193774841,0.5365030865154946
250-instcombine-castinst-match-match-n19-d16.pbqp,llvm,heuristic,2000,69181.0,72175.0,123631.0,0.9585174922064427,0.5595764816267764
251-instcombine-castinst-match-match-n19-d16.pbqp,llvm,heuristic,250,70183.0,110350.0,162722.0,0.6360036248300861,0.43130615405415373
251-instcombine-castinst-match-match-n19-d16.pbqp,llvm,heuristic,500,70183.0,89082.0,141454.0,0.787847152062145,0.49615422681578464
251-instcombine-castinst-match-match-n19-d16.pbqp,llvm,heuristic,1000,70183.0,78448.0,130820.0,0.8946435855598613,0.5364852469041431
251-instcombine-castinst-match-match-n19-d16.pbqp,llvm,heuristic,2000,70183.0,73131.0,125503.0,0.959688777672943,0.5592137239747257
252-instcombine-cmpclass-match-match-n19-d16.pbqp,llvm,heuristic,250,53821.0,78481.0,122497.0,0.6857838202877129,0.4393658620211107
252-instcombine-cmpclass-match-match-n19-d16.pbqp,llvm,heuristic,500,53821.0,65097.0,109113.0,0.8267815721154584,0.49325928166213007
252-instcombine-cmpclass-match-match-n19-d16.pbqp,llvm,heuristic,1000,53821.0,58405.0,102421.0,0.9215135690437463,0.5254879370441609
252-instcombine-cmpclass-match-match-n19-d16.pbqp,llvm,heuristic,2000,53821.0,55059.0,99075.0,0.9775150293321709,0.5432349230381025
253-instcombine-cmpclass-match-match-n22-d16.pbqp,llvm,heuristic,250,44052.0,73661.0,133903.0,0.5980369530687881,0.3289844140907971
253-instcombine-cmpclass-match-match-n22-d16.pbqp,llvm,heuristic,500,44052.0,57751.0,117993.0,0.7627919862859518,0.3733441814344919
253-instcombine-cmpclass-match-match-n22-d16.pbqp,llvm,heuristic,1000,44052.0,49796.0,110038.0,0.8846493694272632,0.400334429924208
253-instcombine-cmpclass-match-match-n22-d16.pbqp,llvm,heuristic,2000,44052.0,45818.5,106060.5,0.9614457042461014,0.4153478439192725
254-instcombine-nnegzext-match-match-n20-d16.pbqp,llvm,heuristic,250,45636.0,66518.0,123155.0,0.6860699359571846,0.37055742763184607
254-instcombine-nnegzext-match-match-n20-d16.pbqp,llvm,heuristic,500,45636.0,55266.0,111903.0,0.8257518184779068,0.40781748478593066
254-instcombine-nnegzext-match-match-n20-d16.pbqp,llvm,heuristic,1000,45636.0,49640.0,106277.0,0.9193392425463336,0.4294061744309681
254-instcombine-nnegzext-match-match-n20-d16.pbqp,llvm,heuristic,2000,45636.0,46827.0,103464.0,0.9745659555384714,0.4410809556947344
255-instcombine-threeops-match-match-n22-d16.pbqp,llvm,heuristic,250,52201.0,76927.0,128538.0,0.6785783925019824,0.40611336725326364
255-instcombine-threeops-match-match-n22-d16.pbqp,llvm,heuristic,500,52201.0,63517.0,115128.0,0.8218429711730718,0.4534170662219443
255-instcombine-threeops-match-match-n22-d16.pbqp,llvm,heuristic,1000,52201.0,56812.0,108423.0,0.9188375695275646,0.48145688645398116
255-instcombine-threeops-match-match-n22-d16.pbqp,llvm,heuristic,2000,52201.0,53459.5,105070.5,0.9764588146166724,0.4968188026134833
256-instcombine-cstval-pred-ty-matchvector-n15-d16.pbqp,llvm,heuristic,250,32470.0,71465.0,137728.0,0.45434828237598823,0.23575453066914498
256-instcombine-cstval-pred-ty-matchvector-n15-d16.pbqp,llvm,heuristic,500,32470.0,50673.0,116936.0,0.640775166262112,0.2776732571663132
256-instcombine-cstval-pred-ty-matchvector-n15-d16.pbqp,llvm,heuristic,1000,32470.0,40277.0,106540.0,0.8061672915063187,0.3047681621926037
256-instcombine-cstval-pred-ty-matchvector-n15-d16.pbqp,llvm,heuristic,2000,32470.0,35079.0,101342.0,0.9256250178169275,0.3204002289277891
257-instcombine-cstval-pred-ty-matchvector-n15-d16.pbqp,llvm,none,250,825162.0,2499720.0,4326713.0,0.33010177139839664,0.1907133660124903
257-instcombine-cstval-pred-ty-matchvector-n15-d16.pbqp,llvm,none,500,825162.0,1599342.0,3426335.0,0.5159384296792056,0.24082934097220499
257-instcombine-cstval-pred-ty-matchvector-n15-d16.pbqp,llvm,none,1000,825162.0,1149153.0,2976146.0,0.7180610414801162,0.27725857535215004
257-instcombine-cstval-pred-ty-matchvector-n15-d16.pbqp,llvm,none,2000,825162.0,924058.5,2751051.5,0.8929759317186087,0.29994422132773596
257-instcombine-cstval-pred-ty-matchvector-n15-d16.pbqp,llvm,heuristic,250,27857.0,62846.0,114906.0,0.44325812303090095,0.24243294518998137
257-instcombine-cstval-pred-ty-matchvector-n15-d16.pbqp,llvm,heuristic,500,27857.0,44152.0,96212.0,0.6309340460228302,0.2895376876065356
257-instcombine-cstval-pred-ty-matchvector-n15-d16.pbqp,llvm,heuristic,1000,27857.0,34805.0,86865.0,0.8003735095532251,0.3206930294134577
257-instcombine-cstval-pred-ty-matchvector-n15-d16.pbqp,llvm,heuristic,2000,27857.0,30131.5,82191.5,0.924514212700994,0.3389279913373037
258-instcombine-cstval-pred-ty-matchvector-n13-d16.pbqp,llvm,none,250,542836.0,1688567.0,2962404.0,0.32147732367149184,0.1832417185502045
258-instcombine-cstval-pred-ty-matchvector-n13-d16.pbqp,llvm,none,500,542836.0,1069037.0,2342874.0,0.5077803668161158,0.23169662559744997
258-instcombine-cstval-pred-ty-matchvector-n13-d16.pbqp,llvm,none,1000,542836.0,759272.0,2033109.0,0.7149427346194777,0.26699798190849583
258-instcombine-cstval-pred-ty-matchvector-n13-d16.pbqp,llvm,none,2000,542836.0,604389.5,1878226.5,0.8981559077383046,0.28901519598408393
258-instcombine-cstval-pred-ty-matchvector-n13-d16.pbqp,llvm,heuristic,250,17268.0,22139.0,61420.0,0.7799810289534306,0.2811462064474113
258-instcombine-cstval-pred-ty-matchvector-n13-d16.pbqp,llvm,heuristic,500,17268.0,19337.0,58618.0,0.8930030511454724,0.29458528097171516
258-instcombine-cstval-pred-ty-matchvector-n13-d16.pbqp,llvm,heuristic,1000,17268.0,17936.0,57217.0,0.9627564674397859,0.3017984165545205
258-instcombine-cstval-pred-ty-matchvector-n13-d16.pbqp,llvm,heuristic,2000,17268.0,17235.5,56516.5,1.0018856430042644,0.30553909035414434
259-instcombine-cstval-pred-ty-matchvector-n13-d16.pbqp,llvm,none,250,569093.0,1723528.0,2934080.0,0.3301907482791112,0.19395960573672155
259-instcombine-cstval-pred-ty-matchvector-n13-d16.pbqp,llvm,none,500,569093.0,1103998.0,2314550.0,0.515483723702398,0.24587630424920612
259-instcombine-cstval-pred-ty-matchvector-n13-d16.pbqp,llvm,none,1000,569093.0,794233.0,2004785.0,0.7165315467879073,0.2838673473714139
259-instcombine-cstval-pred-ty-matchvector-n13-d16.pbqp,llvm,none,2000,569093.0,639350.5,1849902.5,0.8901111362234018,0.30763405098376806
259-instcombine-cstval-pred-ty-matchvector-n13-d16.pbqp,llvm,heuristic,250,18058.0,22988.0,59322.0,0.7855402818862015,0.3044064596608341
259-instcombine-cstval-pred-ty-matchvector-n13-d16.pbqp,llvm,heuristic,500,18058.0,20186.0,56520.0,0.8945804022589914,0.3194975230007077
259-instcombine-cstval-pred-ty-matchvector-n13-d16.pbqp,llvm,heuristic,1000,18058.0,18785.0,55119.0,0.961298908703753,0.32761842558827264
259-instcombine-cstval-pred-ty-matchvector-n13-d16.pbqp,llvm,heuristic,2000,18058.0,18084.5,54418.5,0.9985346567502558,0.3318356808805829
260-instcombine-cstval-pred-ty-matchvector-n19-d16.pbqp,llvm,heuristic,250,71984.0,183466.0,262231.0,0.39235607687527935,0.2745060652630696
260-instcombine-cstval-pred-ty-matchvector-n19-d16.pbqp,llvm,heuristic,500,71984.0,124214.0,202979.0,0.5795159965865362,0.3546376718773863
260-instcombine-cstval-pred-ty-matchvector-n19-d16.pbqp,llvm,heuristic,1000,71984.0,94588.0,173353.0,0.7610267687233053,0.41524519333383325
260-instcombine-cstval-pred-ty-matchvector-n19-d16.pbqp,llvm,heuristic,2000,71984.0,79775.0,158540.0,0.902337825133187,0.45404314368613596
261-instcombine-cstval-pred-ty-matchvector-n15-d16.pbqp,llvm,none,250,830535.0,2489675.0,4417079.0,0.3335917338608453,0.188028106357165
261-instcombine-cstval-pred-ty-matchvector-n15-d16.pbqp,llvm,none,500,830535.0,1592989.0,3520393.0,0.5213689485614779,0.2359211031268384
261-instcombine-cstval-pred-ty-matchvector-n15-d16.pbqp,llvm,none,1000,830535.0,1144646.0,3072050.0,0.7255824071372284,0.2703520450513501
261-instcombine-cstval-pred-ty-matchvector-n15-d16.pbqp,llvm,none,2000,830535.0,920474.5,2847878.5,0.9022900688720872,0.2916328768941512
261-instcombine-cstval-pred-ty-matchvector-n15-d16.pbqp,llvm,heuristic,250,22844.0,48813.0,96321.0,0.46799008460860836,0.23716531182192876
261-instcombine-cstval-pred-ty-matchvector-n15-d16.pbqp,llvm,heuristic,500,22844.0,34819.0,82327.0,0.6560785777879893,0.2774788344042659
261-instcombine-cstval-pred-ty-matchvector-n15-d16.pbqp,llvm,heuristic,1000,22844.0,27822.0,75330.0,0.8210768456617066,0.30325235629895125
261-instcombine-cstval-pred-ty-matchvector-n15-d16.pbqp,llvm,heuristic,2000,22844.0,24323.5,71831.5,0.9391740497872428,0.3180220376854166
262-instcombine-specific-fpval-match-n21-d17.pbqp,llvm,heuristic,250,29350.0,29350.0,69815.0,1.0,0.420396762873308
262-instcombine-specific-fpval-match-n21-d17.pbqp,llvm,heuristic,500,29350.0,29350.0,69815.0,1.0,0.420396762873308
262-instcombine-specific-fpval-match-n21-d17.pbqp,llvm,heuristic,1000,29350.0,29350.0,69815.0,1.0,0.420396762873308
262-instcombine-specific-fpval-match-n21-d17.pbqp,llvm,heuristic,2000,29350.0,29350.0,69815.0,1.0,0.420396762873308
263-instcombine-disjointor-match-match-n19-d16.pbqp,llvm,heuristic,250,30592.0,41502.0,89310.0,0.7371211025974652,0.3425372298734744
263-instcombine-disjointor-match-match-n19-d16.pbqp,llvm,heuristic,500,30592.0,35494.0,83302.0,0.8618921507860483,0.3672420830232167
263-instcombine-disjointor-match-match-n19-d16.pbqp,llvm,heuristic,1000,30592.0,32490.0,80298.0,0.941582025238535,0.3809808463473561
263-instcombine-disjointor-match-match-n19-d16.pbqp,llvm,heuristic,2000,30592.0,30988.0,78796.0,0.987220859687621,0.38824305802324993
264-instcombine-anybinaryop-match-match-n17-d16.pbqp,llvm,heuristic,250,44186.0,65036.0,108996.0,0.6794083276954302,0.405391023523799
264-instcombine-anybinaryop-match-match-n17-d16.pbqp,llvm,heuristic,500,44186.0,53784.0,97744.0,0.8215454410233527,0.4520584383696186
264-instcombine-anybinaryop-match-match-n17-d16.pbqp,llvm,heuristic,1000,44186.0,48158.0,92118.0,0.9175214917563022,0.47966738313901736
264-instcombine-anybinaryop-match-match-n17-d16.pbqp,llvm,heuristic,2000,44186.0,45345.0,89305.0,0.9744404013672952,0.4947763283130844
265-instcombine-anybinaryop-match-match-n28-d16.pbqp,llvm,heuristic,250,62857.0,73309.0,133963.0,0.8574254184342986,0.4692116479923561
265-instcombine-anybinaryop-match-match-n28-d16.pbqp,llvm,heuristic,500,62857.0,67445.0,128099.0,0.9319742012009786,0.49069079383914005
265-instcombine-anybinaryop-match-match-n28-d16.pbqp,llvm,heuristic,1000,62857.0,64513.0,125167.0,0.9743307550416195,0.5021850807321419
265-instcombine-anybinaryop-match-match-n28-d16.pbqp,llvm,heuristic,2000,62857.0,63047.0,123701.0,0.9969863752438657,0.5081365550803955
266-instcombine-anybinaryop-match-match-n33-d16.pbqp,llvm,heuristic,250,103444.0,143575.0,218279.0,0.7204875500609438,0.47390724714699994
266-instcombine-anybinaryop-match-match-n33-d16.pbqp,llvm,heuristic,500,103444.0,122307.0,197011.0,0.8457733408553885,0.5250671282314185
266-instcombine-anybinaryop-match-match-n33-d16.pbqp,llvm,heuristic,1000,103444.0,111673.0,186377.0,0.9263116420262731,0.5550255664593807
266-instcombine-anybinaryop-match-match-n33-d16.pbqp,llvm,heuristic,2000,103444.0,106356.0,181060.0,0.9726202564970476,0.5713244228432564
267-instcombine-anybinaryop-match-match-n19-d16.pbqp,llvm,heuristic,250,31380.0,50871.0,97886.0,0.6168543964144602,0.32057699773205567
267-instcombine-anybinaryop-match-match-n19-d16.pbqp,llvm,heuristic,500,31380.0,40457.0,87472.0,0.7756383320562572,0.3587433693067496
267-instcombine-anybinaryop-match-match-n19-d16.pbqp,llvm,heuristic,1000,31380.0,35250.0,82265.0,0.8902127659574468,0.381450191454446
267-instcombine-anybinaryop-match-match-n19-d16.pbqp,llvm,heuristic,2000,31380.0,32646.5,79661.5,0.9612056422587414,0.39391676029198547
268-instcombine-anybinaryop-match-match-n34-d16.pbqp,llvm,heuristic,250,65863.0,76481.0,152258.0,0.8611681332618559,0.4325749714300726
268-instcombine-anybinaryop-match-match-n34-d16.pbqp,llvm,heuristic,500,65863.0,70617.0,146394.0,0.9326790999334438,0.44990231840102735
268-instcombine-anybinaryop-match-match-n34-d16.pbqp,llvm,heuristic,1000,65863.0,67685.0,143462.0,0.9730811849006427,0.4590971825291715
268-instcombine-anybinaryop-match-match-n34-d16.pbqp,llvm,heuristic,2000,65863.0,66219.0,141996.0,0.994623899485042,0.46383700949322515
269-instcombine-anybinaryop-match-match-n27-d16.pbqp,llvm,heuristic,250,89219.0,92385.0,142782.0,0.965730367483899,0.6248616772422294
269-instcombine-anybinaryop-match-match-n27-d16.pbqp,llvm,heuristic,500,89219.0,90447.0,140844.0,0.9864229880482492,0.6334597142938286
269-instcombine-anybinaryop-match-match-n27-d16.pbqp,llvm,heuristic,1000,89219.0,89478.0,139875.0,0.9971054337379021,0.6378480786416443
269-instcombine-anybinaryop-match-match-n27-d16.pbqp,llvm,heuristic,2000,89219.0,88993.5,139390.5,1.0025338929247642,0.6400651407377117
270-instcombine-anybinaryop-match-match-n27-d16.pbqp,llvm,heuristic,250,83710.0,86970.0,151312.0,0.9625158100494423,0.5532277677910542
270-instcombine-anybinaryop-match-match-n27-d16.pbqp,llvm,heuristic,500,83710.0,85032.0,149374.0,0.9844529118449525,0.5604054253082866
270-instcombine-anybinaryop-match-match-n27-d16.pbqp,llvm,heuristic,1000,83710.0,84063.0,148405.0,0.9958007684712656,0.5640645530810956
270-instcombine-anybinaryop-match-match-n27-d16.pbqp,llvm,heuristic,2000,83710.0,83578.5,147920.5,1.0015733711421,0.565912094672476
271-instcombine-anybinaryop-match-match-n32-d16.pbqp,llvm,heuristic,250,131409.0,241594.0,305715.0,0.5439249319105607,0.42984151906187135
271-instcombine-anybinaryop-match-match-n32-d16.pbqp,llvm,heuristic,500,131409.0,183474.0,247595.0,0.7162268223290493,0.5307417354954664
271-instcombine-anybinaryop-match-match-n32-d16.pbqp,llvm,heuristic,1000,131409.0,154414.0,218535.0,0.8510173947958086,0.601317866703274
271-instcombine-anybinaryop-match-match-n32-d16.pbqp,llvm,heuristic,2000,131409.0,139884.0,204005.0,0.9394140859569358,0.6441459768142938
272-instcombine-ptrtointsamesize-match-match-n24-d16.pbqp,llvm,heuristic,250,51876.0,76623.0,145856.0,0.6770290904819701,0.355665862220272
272-instcombine-ptrtointsamesize-match-match-n24-d16.pbqp,llvm,heuristic,500,51876.0,63239.0,132472.0,0.8203165767959645,0.3915997342834712
272-instcombine-ptrtointsamesize-match-match-n24-d16.pbqp,llvm,heuristic,1000,51876.0,56547.0,125780.0,0.9173961483367818,0.412434409286055
272-instcombine-ptrtointsamesize-match-match-n24-d16.pbqp,llvm,heuristic,2000,51876.0,53201.0,122434.0,0.9750944531117837,0.4237058333469461
273-instcombine-specificbinaryop-match-match-n23-d16.pbqp,llvm,heuristic,250,40263.0,66105.0,123998.0,0.6090764692534604,0.32470685011048567
273-instcombine-specificbinaryop-match-match-n23-d16.pbqp,llvm,heuristic,500,40263.0,51957.0,109850.0,0.7749292684335123,0.36652708238507054
273-instcombine-specificbinaryop-match-match-n23-d16.pbqp,llvm,heuristic,1000,40263.0,44883.0,102776.0,0.8970657041641602,0.3917548844088114
273-instcombine-specificbinaryop-match-match-n23-d16.pbqp,llvm,heuristic,2000,40263.0,41346.0,99239.0,0.9738064141634015,0.40571751025302555
274-instcombine-specificbinaryop-match-match-n19-d16.pbqp,llvm,heuristic,250,38991.0,54177.0,101814.0,0.7196965501965779,0.38296305026813604
274-instcombine-specificbinaryop-match-match-n19-d16.pbqp,llvm,heuristic,500,38991.0,46037.0,93674.0,0.8469491930403805,0.4162414330550633
274-instcombine-specificbinaryop-match-match-n19-d16.pbqp,llvm,heuristic,1000,38991.0,41967.0,89604.0,0.9290871398956323,0.43514798446497926
274-instcombine-specificbinaryop-match-match-n19-d16.pbqp,llvm,heuristic,2000,38991.0,39932.0,87569.0,0.9764349393969749,0.4452603090134637
275-instcombine-specificbinaryop-match-match-n23-d16.pbqp,llvm,heuristic,250,39442.0,65529.0,123090.0,0.6019014482137679,0.3204322040783167
275-instcombine-specificbinaryop-match-match-n23-d16.pbqp,llvm,heuristic,500,39442.0,51381.0,108942.0,0.7676378427823515,0.3620458592645628
275-instcombine-specificbinaryop-match-match-n23-d16.pbqp,llvm,heuristic,1000,39442.0,44307.0,101868.0,0.8901979371205453,0.38718734047983666
275-instcombine-specificbinaryop-match-match-n23-d16.pbqp,llvm,heuristic,2000,39442.0,40770.0,98331.0,0.9674270296786853,0.40111460271938654
276-instcombine-specificbinaryop-match-match-n30-d16.pbqp,llvm,heuristic,250,93905.0,134103.0,210393.0,0.7002453338105784,0.4463313893523074
276-instcombine-specificbinaryop-match-match-n30-d16.pbqp,llvm,heuristic,500,93905.0,112835.0,189125.0,0.8322329064563301,0.4965234633179114
276-instcombine-specificbinaryop-match-match-n30-d16.pbqp,llvm,heuristic,1000,93905.0,102201.0,178491.0,0.9188266259625639,0.5261049576729359
276-instcombine-specificbinaryop-match-match-n30-d16.pbqp,llvm,heuristic,2000,93905.0,96884.0,173174.0,0.9692518888567772,0.5422580756926559
277-instcombine-specificcmpclass-match-match-n23-d16.pbqp,llvm,none,250,964718.0,5327108.0,7467472.0,0.1810960093168751,0.12918936957513869
277-instcombine-specificcmpclass-match-match-n23-d16.pbqp,llvm,none,500,964718.0,3036526.0,5176890.0,0.31770450837568986,0.1863508786163121
277-instcombine-specificcmpclass-match-match-n23-d16.pbqp,llvm,none,1000,964718.0,1891235.0,4031599.0,0.5100994852569881,0.2392891753371305
277-instcombine-specificcmpclass-match-match-n23-d16.pbqp,llvm,none,2000,964718.0,1318589.5,3458953.5,0.7316287593674908,0.27890458776043103
277-instcombine-specificcmpclass-match-match-n23-d16.pbqp,llvm,heuristic,250,58582.0,153069.0,228944.0,0.382716291345733,0.2558791669578587
277-instcombine-specificcmpclass-match-match-n23-d16.pbqp,llvm,heuristic,500,58582.0,102311.0,178186.0,0.5725875028100595,0.32876881460945306
277-instcombine-specificcmpclass-match-match-n23-d16.pbqp,llvm,heuristic,1000,58582.0,76932.0,152807.0,0.7614776685904435,0.383372489480194
277-instcombine-specificcmpclass-match-match-n23-d16.pbqp,llvm,heuristic,2000,58582.0,64242.5,140117.5,0.9118885473012414,0.41809195853480113
278-instcombine-specificcmpclass-match-match-n22-d16.pbqp,llvm,heuristic,250,43922.0,62308.0,129245.0,0.7049175065802145,0.33983519671940887
278-instcombine-specificcmpclass-match-match-n22-d16.pbqp,llvm,heuristic,500,43922.0,52230.0,119167.0,0.8409343289297339,0.3685751927966635
278-instcombine-specificcmpclass-match-match-n22-d16.pbqp,llvm,heuristic,1000,43922.0,47191.0,114128.0,0.9307283168400754,0.38484859105565683
278-instcombine-specificcmpclass-match-match-n22-d16.pbqp,llvm,heuristic,2000,43922.0,44671.5,111608.5,0.9832219647873924,0.3935363345981713
279-instcombine-specificcmpclass-match-match-n17-d16.pbqp,llvm,none,250,889888.0,5699157.0,7990923.0,0.15614379459979782,0.1113623545114876
279-instcombine-specificcmpclass-match-match-n17-d16.pbqp,llvm,none,500,889888.0,3159139.0,5450905.0,0.28168687734221254,0.16325509250298803
279-instcombine-specificcmpclass-match-match-n17-d16.pbqp,llvm,none,1000,889888.0,1889130.0,4180896.0,0.4710570474239465,0.21284624157118473
279-instcombine-specificcmpclass-match-match-n17-d16.pbqp,llvm,none,2000,889888.0,1254125.5,3545891.5,0.709568539990615,0.25096312168604146
279-instcombine-specificcmpclass-match-match-n17-d16.pbqp,llvm,heuristic,250,34905.0,53361.0,102113.0,0.6541294203631866,0.34182719144477197
279-instcombine-specificcmpclass-match-match-n17-d16.pbqp,llvm,heuristic,500,34905.0,43283.0,92035.0,0.8064367072522699,0.37925789101972074
279-instcombine-specificcmpclass-match-match-n17-d16.pbqp,llvm,heuristic,1000,34905.0,38244.0,86996.0,0.912692187009727,0.40122534369396295
279-instcombine-specificcmpclass-match-match-n17-d16.pbqp,llvm,heuristic,2000,34905.0,35724.5,84476.5,0.9770605606796456,0.41319183441548835
280-instcombine-specificcmpclass-match-match-n21-d16.pbqp,llvm,heuristic,250,40872.0,87717.0,145670.0,0.4659530079688088,0.2805793917759319
280-instcombine-specificcmpclass-match-match-n21-d16.pbqp,llvm,heuristic,500,40872.0,62577.0,120530.0,0.6531473224986816,0.33910229818302495
280-instcombine-specificcmpclass-match-match-n21-d16.pbqp,llvm,heuristic,1000,40872.0,50007.0,107960.0,0.8173255744195813,0.3785846609855502
280-instcombine-specificcmpclass-match-match-n21-d16.pbqp,llvm,heuristic,2000,40872.0,43722.0,101675.0,0.9348154247289694,0.4019867223998033
281-instcombine-overflowingbinaryop-match-match-n20-d16.pbqp,llvm,heuristic,250,48147.0,48147.0,105349.0,1.0,0.4570237970934703
281-instcombine-overflowingbinaryop-match-match-n20-d16.pbqp,llvm,heuristic,500,48147.0,48147.0,105349.0,1.0,0.4570237970934703
281-instcombine-overflowingbinaryop-match-match-n20-d16.pbqp,llvm,heuristic,1000,48147.0,48147.0,105349.0,1.0,0.4570237970934703
281-instcombine-overflowingbinaryop-match-match-n20-d16.pbqp,llvm,heuristic,2000,48147.0,48147.0,105349.0,1.0,0.4570237970934703
282-instcombine-overflowingbinaryop-match-match-n20-d16.pbqp,llvm,heuristic,250,49486.0,49486.0,105817.0,1.0,0.4676564257160948
282-instcombine-overflowingbinaryop-match-match-n20-d16.pbqp,llvm,heuristic,500,49486.0,49486.0,105817.0,1.0,0.4676564257160948
282-instcombine-overflowingbinaryop-match-match-n20-d16.pbqp,llvm,heuristic,1000,49486.0,49486.0,105817.0,1.0,0.4676564257160948
282-instcombine-overflowingbinaryop-match-match-n20-d16.pbqp,llvm,heuristic,2000,49486.0,49486.0,105817.0,1.0,0.4676564257160948
283-instcombine-overflowingbinaryop-match-match-n17-d16.pbqp,llvm,heuristic,250,39990.0,60849.0,116648.0,0.6572006113494059,0.3428262807763528
283-instcombine-overflowingbinaryop-match-match-n17-d16.pbqp,llvm,heuristic,500,39990.0,49597.0,105396.0,0.8062987680706495,0.3794261641808038
283-instcombine-overflowingbinaryop-match-match-n17-d16.pbqp,llvm,heuristic,1000,39990.0,43971.0,99770.0,0.9094630551954698,0.4008218903477999
283-instcombine-overflowingbinaryop-match-match-n17-d16.pbqp,llvm,heuristic,2000,39990.0,41158.0,96957.0,0.9716215559550999,0.4124508802871376
284-instcombine-commutativebinaryintrinsic-match-mat-n14-d16.pbqp,llvm,none,250,156942.0,839521.0,1250346.0,0.18694231591586155,0.12551885638055385
284-instcombine-commutativebinaryintrinsic-match-mat-n14-d16.pbqp,llvm,none,500,156942.0,479239.0,890064.0,0.32748169493718166,0.1763266461737583
284-instcombine-commutativebinaryintrinsic-match-mat-n14-d16.pbqp,llvm,none,1000,156942.0,299098.0,709923.0,0.5247176510708864,0.22106904551620388
284-instcombine-commutativebinaryintrinsic-match-mat-n14-d16.pbqp,llvm,none,2000,156942.0,209027.5,619852.5,0.7508198681991604,0.25319249337544014
284-instcombine-commutativebinaryintrinsic-match-mat-n14-d16.pbqp,llvm,heuristic,250,26073.0,75257.0,128954.0,0.34645282166442987,0.2021883772508026
284-instcombine-commutativebinaryintrinsic-match-mat-n14-d16.pbqp,llvm,heuristic,500,26073.0,48851.0,102548.0,0.5337250005117603,0.25425166751179934
284-instcombine-commutativebinaryintrinsic-match-mat-n14-d16.pbqp,llvm,heuristic,1000,26073.0,35648.0,89345.0,0.7314014811490126,0.2918238289775589
284-instcombine-commutativebinaryintrinsic-match-mat-n14-d16.pbqp,llvm,heuristic,2000,26073.0,29046.5,82743.5,0.8976296627820908,0.3151063225510161
285-instcombine-commutativebinaryintrinsic-match-mat-n16-d16.pbqp,llvm,heuristic,250,30086.0,46542.0,84959.0,0.6464268832452409,0.35412375381066163
285-instcombine-commutativebinaryintrinsic-match-mat-n16-d16.pbqp,llvm,heuristic,500,30086.0,37556.0,75973.0,0.8010970284375333,0.39600910849907206
285-instcombine-commutativebinaryintrinsic-match-mat-n16-d16.pbqp,llvm,heuristic,1000,30086.0,33063.0,71480.0,0.9099597737652361,0.4209009513150532
285-instcombine-commutativebinaryintrinsic-match-mat-n16-d16.pbqp,llvm,heuristic,2000,30086.0,30816.5,69233.5,0.976295166550387,0.4345584146403114
286-instcombine-commutativebinaryintrinsic-match-mat-n14-d16.pbqp,llvm,none,250,161271.0,844355.0,1238848.0,0.1909990466095422,0.13017819780957793
286-instcombine-commutativebinaryintrinsic-match-mat-n14-d16.pbqp,llvm,none,500,161271.0,484073.0,878566.0,0.33315429697586935,0.18356162200677012
286-instcombine-commutativebinaryintrinsic-match-mat-n14-d16.pbqp,llvm,none,1000,161271.0,303932.0,698425.0,0.5306154008133398,0.23090668289365357
286-instcombine-commutativebinaryintrinsic-match-mat-n14-d16.pbqp,llvm,none,2000,161271.0,213861.5,608354.5,0.7540908485164464,0.26509378988731075
286-instcombine-commutativebinaryintrinsic-match-mat-n14-d16.pbqp,llvm,heuristic,250,28305.0,77256.0,131130.0,0.36637931034482757,0.2158544955387783
286-instcombine-commutativebinaryintrinsic-match-mat-n14-d16.pbqp,llvm,heuristic,500,28305.0,50850.0,104724.0,0.5566371681415929,0.27028188380886903
286-instcombine-commutativebinaryintrinsic-match-mat-n14-d16.pbqp,llvm,heuristic,1000,28305.0,37647.0,91521.0,0.751852737269902,0.30927328154194117
286-instcombine-commutativebinaryintrinsic-match-mat-n14-d16.pbqp,llvm,heuristic,2000,28305.0,31045.5,84919.5,0.9117263371503116,0.333315669545864
287-instcombine-irbuilderbase-insert-n7-d16.pbqp,llvm,none,250,327201.0,2342012.0,3469651.0,0.13970936101095982,0.0943037210370726
287-instcombine-irbuilderbase-insert-n7-d16.pbqp,llvm,none,500,327201.0,1284084.0,2411723.0,0.25481276925808594,0.13567105343358254
287-instcombine-irbuilderbase-insert-n7-d16.pbqp,llvm,none,1000,327201.0,755120.0,1882759.0,0.43330993749337854,0.17378804191083405
287-instcombine-irbuilderbase-insert-n7-d16.pbqp,llvm,none,2000,327201.0,490638.0,1618277.0,0.6668888263852372,0.2021909722501154
287-instcombine-irbuilderbase-insert-n7-d16.pbqp,llvm,heuristic,250,10649.0,10649.0,30682.0,1.0,0.34707646176911544
287-instcombine-irbuilderbase-insert-n7-d16.pbqp,llvm,heuristic,500,10649.0,10649.0,30682.0,1.0,0.34707646176911544
287-instcombine-irbuilderbase-insert-n7-d16.pbqp,llvm,heuristic,1000,10649.0,10649.0,30682.0,1.0,0.34707646176911544
287-instcombine-irbuilderbase-insert-n7-d16.pbqp,llvm,heuristic,2000,10649.0,10649.0,30682.0,1.0,0.34707646176911544
288-instcombine-commonpointerbase-isexpensive-n29-d16.pbqp,llvm,heuristic,250,123179.0,233190.0,326146.0,0.5282344868990951,0.3776805479754466
288-instcombine-commonpointerbase-isexpensive-n29-d16.pbqp,llvm,heuristic,500,123179.0,175200.0,268156.0,0.7030764840182648,0.45935574814660124
288-instcombine-commonpointerbase-isexpensive-n29-d16.pbqp,llvm,heuristic,1000,123179.0,146205.0,239161.0,0.8425088061283814,0.5150463495302328
288-instcombine-commonpointerbase-isexpensive-n29-d16.pbqp,llvm,heuristic,2000,123179.0,131707.5,224663.5,0.9352466640092629,0.5482822087254939
289-instcombine-match-combine-or-match-n22-d16.pbqp,llvm,heuristic,250,55150.0,86848.0,146298.0,0.6350175018422992,0.3769702935105059
289-instcombine-match-combine-or-match-n22-d16.pbqp,llvm,heuristic,500,55150.0,69588.0,129038.0,0.7925216991435305,0.42739348099009594
289-instcombine-match-combine-or-match-n22-d16.pbqp,llvm,heuristic,1000,55150.0,60958.0,120408.0,0.9047212835066767,0.45802604478107767
289-instcombine-match-combine-or-match-n22-d16.pbqp,llvm,heuristic,2000,55150.0,56643.0,116093.0,0.9736419328072312,0.47505017529049987
290-instcombine-match-combine-or-match-n30-d16.pbqp,llvm,heuristic,250,81455.0,103442.0,170783.0,0.7874461050637072,0.4769502819367267
290-instcombine-match-combine-or-match-n30-d16.pbqp,llvm,heuristic,500,81455.0,91286.0,158627.0,0.892305501391232,0.5135002237954447
290-instcombine-match-combine-or-match-n30-d16.pbqp,llvm,heuristic,1000,81455.0,85208.0,152549.0,0.9559548399211342,0.5339595802004602
290-instcombine-match-combine-or-match-n30-d16.pbqp,llvm,heuristic,2000,81455.0,82169.0,149510.0,0.9913105915856345,0.5448130559828774
291-instcombine-match-combine-or-match-n16-d16.pbqp,llvm,heuristic,250,22764.0,30254.0,45727.0,0.7524294308190652,0.49782404268812736
291-instcombine-match-combine-or-match-n16-d16.pbqp,llvm,heuristic,500,22764.0,26184.0,41657.0,0.8693858845096242,0.5464627793648127
291-instcombine-match-combine-or-match-n16-d16.pbqp,llvm,heuristic,1000,22764.0,24149.0,39622.0,0.9426477286844176,0.5745293019029832
291-instcombine-match-combine-or-match-n16-d16.pbqp,llvm,heuristic,2000,22764.0,23131.5,38604.5,0.9841125737630504,0.5896721884754368
292-instcombine-match-combine-or-match-n16-d16.pbqp,llvm,heuristic,250,24564.0,32028.0,58578.0,0.7669539153240914,0.419338318139916
292-instcombine-match-combine-or-match-n16-d16.pbqp,llvm,heuristic,500,24564.0,27958.0,54508.0,0.8786036197152872,0.45064944595288764
292-instcombine-match-combine-or-match-n16-d16.pbqp,llvm,heuristic,1000,24564.0,25923.0,52473.0,0.9475755120935077,0.468126465039163
292-instcombine-match-combine-or-match-n16-d16.pbqp,llvm,heuristic,2000,24564.0,24905.5,51455.5,0.986288169279878,0.4773833700964911
293-instcombine-match-combine-or-match-n19-d16.pbqp,llvm,heuristic,250,46090.0,53102.0,106107.0,0.8679522428533765,0.43437285004759346
293-instcombine-match-combine-or-match-n19-d16.pbqp,llvm,heuristic,500,46090.0,49226.0,102231.0,0.9362938284646325,0.4508417212000274
293-instcombine-match-combine-or-match-n19-d16.pbqp,llvm,heuristic,1000,46090.0,47288.0,100293.0,0.9746658771781425,0.45955350822091273
293-instcombine-match-combine-or-match-n19-d16.pbqp,llvm,heuristic,2000,46090.0,46319.0,99324.0,0.9950560245255726,0.46403688937215576
294-instcombine-match-combine-or-match-n19-d16.pbqp,llvm,heuristic,250,48068.0,51355.0,105131.0,0.9359945477558174,0.4572200397599186
294-instcombine-match-combine-or-match-n19-d16.pbqp,llvm,heuristic,500,48068.0,49417.0,103193.0,0.9727017018434951,0.465806789220199
294-instcombine-match-combine-or-match-n19-d16.pbqp,llvm,heuristic,1000,48068.0,48448.0,102224.0,0.9921565389696169,0.47022225700422604
294-instcombine-match-combine-or-match-n19-d16.pbqp,llvm,heuristic,2000,48068.0,47963.5,101739.5,1.0021787400836053,0.47246153165682947
295-instcombine-match-combine-and-match-n14-d16.pbqp,llvm,heuristic,250,39903.0,60684.0,108150.0,0.657553885702986,0.3689597780859917
295-instcombine-match-combine-and-match-n14-d16.pbqp,llvm,heuristic,500,39903.0,49432.0,96898.0,0.8072301343259427,0.4118041652046482
295-instcombine-match-combine-and-match-n14-d16.pbqp,llvm,heuristic,1000,39903.0,43806.0,91272.0,0.910902616079989,0.43718774651590847
295-instcombine-match-combine-and-match-n14-d16.pbqp,llvm,heuristic,2000,39903.0,40993.0,88459.0,0.9734100944063621,0.45109033563571826
296-instcombine-match-combine-and-match-n20-d16.pbqp,llvm,heuristic,250,36868.0,54310.0,113345.0,0.6788436751979378,0.32527239842957345
296-instcombine-match-combine-and-match-n20-d16.pbqp,llvm,heuristic,500,36868.0,44970.0,104005.0,0.8198354458527908,0.35448295755011777
296-instcombine-match-combine-and-match-n20-d16.pbqp,llvm,heuristic,1000,36868.0,40300.0,99335.0,0.9148387096774193,0.3711481350984044
296-instcombine-match-combine-and-match-n20-d16.pbqp,llvm,heuristic,2000,36868.0,37965.0,97000.0,0.9711049650994337,0.38008247422680413
297-instcombine-match-combine-and-match-n18-d16.pbqp,llvm,heuristic,250,46053.0,93075.0,142534.0,0.4947945205479452,0.32310185639917494
297-instcombine-match-combine-and-match-n18-d16.pbqp,llvm,heuristic,500,46053.0,68115.0,117574.0,0.6761065844527637,0.3916937418136663
297-instcombine-match-combine-and-match-n18-d16.pbqp,llvm,heuristic,1000,46053.0,55635.0,105094.0,0.8277702884874629,0.4382076997735361
297-instcombine-match-combine-and-match-n18-d16.pbqp,llvm,heuristic,2000,46053.0,49395.0,98854.0,0.9323413300941391,0.46586885710239345
298-instcombine-match-combine-and-match-n20-d16.pbqp,llvm,heuristic,250,51001.0,83192.0,136467.0,0.6130517357438215,0.373724050503052
298-instcombine-match-combine-and-match-n20-d16.pbqp,llvm,heuristic,500,51001.0,65712.0,118987.0,0.7761291697102508,0.42862665669358835
298-instcombine-match-combine-and-match-n20-d16.pbqp,llvm,heuristic,1000,51001.0,56972.0,110247.0,0.8951941304500456,0.462606692245594
298-instcombine-match-combine-and-match-n20-d16.pbqp,llvm,heuristic,2000,51001.0,52602.0,105877.0,0.9695638949089388,0.48170046374566716
299-instcombine-apint-issignmask-n8-d16.pbqp,llvm,none,250,40122.0,355599.0,507027.0,0.11282933866518184,0.0791318805507399
299-instcombine-apint-issignmask-n8-d16.pbqp,llvm,none,500,40122.0,187735.0,339163.0,0.21371614243481504,0.1182971019834121
299-instcombine-apint-issignmask-n8-d16.pbqp,llvm,none,1000,40122.0,103803.0,255231.0,0.3865206207913066,0.15719877287633555
299-instcombine-apint-issignmask-n8-d16.pbqp,llvm,none,2000,40122.0,61837.0,213265.0,0.6488348399825348,0.18813213607483648
299-instcombine-apint-issignmask-n8-d16.pbqp,llvm,heuristic,250,18235.0,51652.0,87783.0,0.3530357004569039,0.2077281478190538
299-instcombine-apint-issignmask-n8-d16.pbqp,llvm,heuristic,500,18235.0,33728.0,69859.0,0.5406487191650854,0.2610257805007229
299-instcombine-apint-issignmask-n8-d16.pbqp,llvm,heuristic,1000,18235.0,24766.0,60897.0,0.7362916902204636,0.2994400380971148
299-instcombine-apint-issignmask-n8-d16.pbqp,llvm,heuristic,2000,18235.0,20285.0,56416.0,0.898940103524772,0.32322390811117413
300-instcombine-apint-isminsignedvalue-n8-d16.pbqp,llvm,none,250,45058.0,360089.0,511097.0,0.12513017615089603,0.08815939048751999
300-instcombine-apint-isminsignedvalue-n8-d16.pbqp,llvm,none,500,45058.0,192225.0,343233.0,0.23440239302900248,0.13127525616709348
300-instcombine-apint-isminsignedvalue-n8-d16.pbqp,llvm,none,1000,45058.0,108293.0,259301.0,0.4160749078887832,0.17376716634336156
300-instcombine-apint-isminsignedvalue-n8-d16.pbqp,llvm,none,2000,45058.0,66327.0,217335.0,0.6793311924254074,0.2073204960084662
300-instcombine-apint-isminsignedvalue-n8-d16.pbqp,llvm,heuristic,250,16012.0,49701.0,92567.0,0.32216655600490934,0.17297741095638836
300-instcombine-apint-isminsignedvalue-n8-d16.pbqp,llvm,heuristic,500,16012.0,31777.0,74643.0,0.5038864587594801,0.2145144219819675
300-instcombine-apint-isminsignedvalue-n8-d16.pbqp,llvm,heuristic,1000,16012.0,22815.0,65681.0,0.7018189787420557,0.24378435163898235
300-instcombine-apint-isminsignedvalue-n8-d16.pbqp,llvm,heuristic,2000,16012.0,18334.0,61200.0,0.8733500599978182,0.2616339869281046
301-instcombine-apint-isnegatedpowerof2-n11-d16.pbqp,llvm,heuristic,250,13125.0,13125.0,38739.0,1.0,0.3388058545651669
301-instcombine-apint-isnegatedpowerof2-n11-d16.pbqp,llvm,heuristic,500,13125.0,13125.0,38739.0,1.0,0.3388058545651669
301-instcombine-apint-isnegatedpowerof2-n11-d16.pbqp,llvm,heuristic,1000,13125.0,13125.0,38739.0,1.0,0.3388058545651669
301-instcombine-apint-isnegatedpowerof2-n11-d16.pbqp,llvm,heuristic,2000,13125.0,13125.0,38739.0,1.0,0.3388058545651669
302-instcombine-apint-ismask-n8-d16.pbqp,llvm,none,250,6653.0,67681.0,95568.0,0.0982993750092345,0.06961535241921982
302-instcombine-apint-ismask-n8-d16.pbqp,llvm,none,500,6653.0,35367.0,63254.0,0.1881132128820652,0.10517911910709205
302-instcombine-apint-ismask-n8-d16.pbqp,llvm,none,1000,6653.0,19210.0,47097.0,0.3463300364393545,0.1412616514852326
302-instcombine-apint-ismask-n8-d16.pbqp,llvm,none,2000,6653.0,11131.5,39018.5,0.597673269550375,0.17050886118123454
302-instcombine-apint-ismask-n8-d16.pbqp,llvm,heuristic,250,16674.0,77787.0,119748.0,0.21435458367079332,0.13924240905902396
302-instcombine-apint-ismask-n8-d16.pbqp,llvm,heuristic,500,16674.0,45473.0,87434.0,0.3666791282739208,0.19070384518608322
302-instcombine-apint-ismask-n8-d16.pbqp,llvm,heuristic,1000,16674.0,29316.0,71277.0,0.5687679083094556,0.2339324045624816
302-instcombine-apint-ismask-n8-d16.pbqp,llvm,heuristic,2000,16674.0,21237.5,63198.5,0.7851206592113008,0.26383537583961647
303-instcombine-apint-logbase2-n4-d16.pbqp,llvm,none,250,4574.0,46872.0,63293.0,0.09758491210104113,0.07226707534798477
303-instcombine-apint-logbase2-n4-d16.pbqp,llvm,none,500,4574.0,24424.0,40845.0,0.18727481166066165,0.11198433100746726
303-instcombine-apint-logbase2-n4-d16.pbqp,llvm,none,1000,4574.0,13200.0,29621.0,0.3465151515151515,0.15441747408932852
303-instcombine-apint-logbase2-n4-d16.pbqp,llvm,none,2000,4574.0,7588.0,24009.0,0.602793885081708,0.19051189137406807
303-instcombine-apint-logbase2-n4-d16.pbqp,llvm,heuristic,250,10711.0,53388.0,77699.0,0.2006256087510302,0.13785248201392553
303-instcombine-apint-logbase2-n4-d16.pbqp,llvm,heuristic,500,10711.0,30940.0,55251.0,0.34618616677440206,0.19386074460190766
303-instcombine-apint-logbase2-n4-d16.pbqp,llvm,heuristic,1000,10711.0,19716.0,44027.0,0.5432643538243052,0.2432825311740523
303-instcombine-apint-logbase2-n4-d16.pbqp,llvm,heuristic,2000,10711.0,14104.0,38415.0,0.7594299489506523,0.27882337628530524
304-instcombine-apint-isallones-n5-d16.pbqp,llvm,none,250,3870.0,44687.0,60122.0,0.08660236757893795,0.06436911613053457
304-instcombine-apint-isallones-n5-d16.pbqp,llvm,none,500,3870.0,23237.0,38672.0,0.16654473469036452,0.10007240380637153
304-instcombine-apint-isallones-n5-d16.pbqp,llvm,none,1000,3870.0,12512.0,27947.0,0.3093030690537084,0.13847640176047518
304-instcombine-apint-isallones-n5-d16.pbqp,llvm,none,2000,3870.0,7149.5,22584.5,0.5412965941674243,0.17135646128982265
304-instcombine-apint-isallones-n5-d16.pbqp,llvm,heuristic,250,10701.0,51482.0,75760.0,0.20785905753467232,0.14124868004223864
304-instcombine-apint-isallones-n5-d16.pbqp,llvm,heuristic,500,10701.0,30032.0,54310.0,0.3563199254128929,0.19703553673356655
304-instcombine-apint-isallones-n5-d16.pbqp,llvm,heuristic,1000,10701.0,19307.0,43585.0,0.5542549334438287,0.24552024779167145
304-instcombine-apint-isallones-n5-d16.pbqp,llvm,heuristic,2000,10701.0,13944.5,38222.5,0.7673993330703862,0.27996598861926875
305-instcombine-apfloat-operator-n4-d16.pbqp,llvm,none,250,2528.0,22467.0,37499.0,0.11252058574798593,0.06741513107016187
305-instcombine-apfloat-operator-n4-d16.pbqp,llvm,none,500,2528.0,11791.0,26823.0,0.21440081418030701,0.09424747418260448
305-instcombine-apfloat-operator-n4-d16.pbqp,llvm,none,1000,2528.0,6453.0,21485.0,0.3917557725089106,0.11766348615313009
305-instcombine-apfloat-operator-n4-d16.pbqp,llvm,none,2000,2528.0,3784.0,18816.0,0.6680761099365751,0.13435374149659865
305-instcombine-apfloat-operator-n4-d16.pbqp,llvm,heuristic,250,7194.0,27149.0,44680.0,0.2649821356219382,0.16101163831692034
305-instcombine-apfloat-operator-n4-d16.pbqp,llvm,heuristic,500,7194.0,16473.0,34004.0,0.4367146239300674,0.21156334548876604
305-instcombine-apfloat-operator-n4-d16.pbqp,llvm,heuristic,1000,7194.0,11135.0,28666.0,0.6460709474629547,0.2509593246354566
305-instcombine-apfloat-operator-n4-d16.pbqp,llvm,heuristic,2000,7194.0,8466.0,25997.0,0.8497519489723601,0.2767242374120091
306-instcombine-std-find-if-n35-d16.pbqp,llvm,heuristic,250,80602.0,80602.0,148150.0,1.0,0.5440566992912589
306-instcombine-std-find-if-n35-d16.pbqp,llvm,heuristic,500,80602.0,80602.0,148150.0,1.0,0.5440566992912589
306-instcombine-std-find-if-n35-d16.pbqp,llvm,heuristic,1000,80602.0,80602.0,148150.0,1.0,0.5440566992912589
306-instcombine-std-find-if-n35-d16.pbqp,llvm,heuristic,2000,80602.0,80602.0,148150.0,1.0,0.5440566992912589
307-instcombine-0-operator-n97-d16.pbqp,llvm,heuristic,250,250547.0,256515.0,451005.0,0.976734304036801,0.5555304264919457
307-instcombine-0-operator-n97-d16.pbqp,llvm,heuristic,500,250547.0,253059.0,447549.0,0.990073461129618,0.5598202654904826
307-instcombine-0-operator-n97-d16.pbqp,llvm,heuristic,1000,250547.0,251331.0,445821.0,0.9968806076448986,0.5619901260819925
307-instcombine-0-operator-n97-d16.pbqp,llvm,heuristic,2000,250547.0,250467.0,444957.0,1.0003194033545337,0.5630813764026636
308-instcombine-0-operator-n28-d17.pbqp,llvm,heuristic,250,52768.0,60316.0,124736.0,0.874859075535513,0.42303745510518215
308-instcombine-0-operator-n28-d17.pbqp,llvm,heuristic,500,52768.0,56222.0,120642.0,0.9385649745651169,0.43739327928913646
308-instcombine-0-operator-n28-d17.pbqp,llvm,heuristic,1000,52768.0,54175.0,118595.0,0.9740286109829257,0.4449428728023947
308-instcombine-0-operator-n28-d17.pbqp,llvm,heuristic,2000,52768.0,53151.5,117571.5,0.9927847755942918,0.44881625223799987
309-instcombine-2-operator-n12-d16.pbqp,llvm,none,250,617472.0,5153530.0,6981454.0,0.11981534986698437,0.08844461340001668
309-instcombine-2-operator-n12-d16.pbqp,llvm,none,500,617472.0,2779734.0,4607658.0,0.2221334847147245,0.13400994605068345
309-instcombine-2-operator-n12-d16.pbqp,llvm,none,1000,617472.0,1592836.0,3420760.0,0.3876557285244683,0.1805072556975643
309-instcombine-2-operator-n12-d16.pbqp,llvm,none,2000,617472.0,999387.0,2827311.0,0.6178507425051557,0.21839550017666964
309-instcombine-2-operator-n12-d16.pbqp,llvm,heuristic,250,16604.0,23575.0,51365.0,0.704305408271474,0.3232551348194296
309-instcombine-2-operator-n12-d16.pbqp,llvm,heuristic,500,16604.0,19699.0,47489.0,0.8428854256561247,0.34963886373686537
309-instcombine-2-operator-n12-d16.pbqp,llvm,heuristic,1000,16604.0,17761.0,45551.0,0.9348572715500253,0.36451450023051085
309-instcombine-2-operator-n12-d16.pbqp,llvm,heuristic,2000,16604.0,16792.0,44582.0,0.988804192472606,0.3724373065362702
311-instcombine-3-operator-n27-d16-r1.pbqp,llvm,heuristic,250,64852.0,72293.0,152714.0,0.8970716390245252,0.42466309572141386
311-instcombine-3-operator-n27-d16-r1.pbqp,llvm,heuristic,500,64852.0,68199.0,148620.0,0.950923034062083,0.43636118961108866
311-instcombine-3-operator-n27-d16-r1.pbqp,llvm,heuristic,1000,64852.0,66152.0,146573.0,0.9803482887894546,0.442455295313598
311-instcombine-3-operator-n27-d16-r1.pbqp,llvm,heuristic,2000,64852.0,65128.5,145549.5,0.9957545467805953,0.4455666285353093
313-instcombine-3-operator-n27-d16-r1.pbqp,llvm,heuristic,250,69894.0,77268.0,135107.0,0.9045659263860848,0.5173233067124575
313-instcombine-3-operator-n27-d16-r1.pbqp,llvm,heuristic,500,69894.0,73174.0,131013.0,0.9551753355016809,0.5334890430720616
313-instcombine-3-operator-n27-d16-r1.pbqp,llvm,heuristic,1000,69894.0,71127.0,128966.0,0.9826648108313298,0.541956794814137
313-instcombine-3-operator-n27-d16-r1.pbqp,llvm,heuristic,2000,69894.0,70103.5,127942.5,0.997011561476959,0.5462922797350372
314-instcombine-6-operator-n54-d16.pbqp,llvm,heuristic,250,147353.0,208329.0,334284.0,0.7073091120295302,0.44080183317179406
314-instcombine-6-operator-n54-d16.pbqp,llvm,heuristic,500,147353.0,174731.0,300686.0,0.8433134360817485,0.49005607178252397
314-instcombine-6-operator-n54-d16.pbqp,llvm,heuristic,1000,147353.0,157932.0,283887.0,0.9330154750145633,0.5190551170007784
314-instcombine-6-operator-n54-d16.pbqp,llvm,heuristic,2000,147353.0,149532.5,275487.5,0.9854245732533061,0.5348808929624757
315-instcombine-0-operator-n12-d16.pbqp,llvm,heuristic,250,12572.0,15541.0,42093.0,0.8089569525770542,0.2986719882165681
315-instcombine-0-operator-n12-d16.pbqp,llvm,heuristic,500,12572.0,13813.0,40365.0,0.9101570983855788,0.31145794624055495
315-instcombine-0-operator-n12-d16.pbqp,llvm,heuristic,1000,12572.0,12949.0,39501.0,0.9708857826859217,0.3182704235335814
315-instcombine-0-operator-n12-d16.pbqp,llvm,heuristic,2000,12572.0,12517.0,39069.0,1.004394024127187,0.3217896542015409
316-mbb-global-sub-i-machinebasicblock-cpp-n7-d17.pbqp,llvm,none,250,172.0,172.0,908.0,1.0,0.1894273127753304
316-mbb-global-sub-i-machinebasicblock-cpp-n7-d17.pbqp,llvm,none,500,172.0,172.0,908.0,1.0,0.1894273127753304
316-mbb-global-sub-i-machinebasicblock-cpp-n7-d17.pbqp,llvm,none,1000,172.0,172.0,908.0,1.0,0.1894273127753304
316-mbb-global-sub-i-machinebasicblock-cpp-n7-d17.pbqp,llvm,none,2000,172.0,172.0,908.0,1.0,0.1894273127753304
316-mbb-global-sub-i-machinebasicblock-cpp-n7-d17.pbqp,llvm,heuristic,250,665.0,665.0,1698.0,1.0,0.3916372202591284
316-mbb-global-sub-i-machinebasicblock-cpp-n7-d17.pbqp,llvm,heuristic,500,665.0,665.0,1698.0,1.0,0.3916372202591284
316-mbb-global-sub-i-machinebasicblock-cpp-n7-d17.pbqp,llvm,heuristic,1000,665.0,665.0,1698.0,1.0,0.3916372202591284
316-mbb-global-sub-i-machinebasicblock-cpp-n7-d17.pbqp,llvm,heuristic,2000,665.0,665.0,1698.0,1.0,0.3916372202591284
317-mbb-slotindexupdatedelegate-mf-handlerem-n6-d16.pbqp,llvm,none,250,23828.0,216947.0,319189.0,0.10983327725204774,0.07465169539050531
317-mbb-slotindexupdatedelegate-mf-handlerem-n6-d16.pbqp,llvm,none,500,23828.0,114783.0,217025.0,0.20759171654339056,0.10979380255730907
317-mbb-slotindexupdatedelegate-mf-handlerem-n6-d16.pbqp,llvm,none,1000,23828.0,63701.0,165943.0,0.3740600618514623,0.14359147418089344
317-mbb-slotindexupdatedelegate-mf-handlerem-n6-d16.pbqp,llvm,none,2000,23828.0,38160.0,140402.0,0.6244234800838574,0.16971268215552485
317-mbb-slotindexupdatedelegate-mf-handlerem-n6-d16.pbqp,llvm,heuristic,250,9550.0,18529.0,36456.0,0.5154082789141347,0.2619596225587009
317-mbb-slotindexupdatedelegate-mf-handlerem-n6-d16.pbqp,llvm,heuristic,500,9550.0,13595.0,31522.0,0.7024641412283928,0.3029630099612969
317-mbb-slotindexupdatedelegate-mf-handlerem-n6-d16.pbqp,llvm,heuristic,1000,9550.0,11128.0,29055.0,0.858195542774982,0.328686972982275
317-mbb-slotindexupdatedelegate-mf-handlerem-n6-d16.pbqp,llvm,heuristic,2000,9550.0,9894.5,27821.5,0.965182677244934,0.34325970921769133
318-mbb-slotindexupdatedelegate-mf-handleins-n3-d16.pbqp,llvm,none,250,1261.0,8004.0,17914.0,0.15754622688655673,0.07039187227866474
318-mbb-slotindexupdatedelegate-mf-handleins-n3-d16.pbqp,llvm,none,500,1261.0,4250.0,14160.0,0.29670588235294115,0.08905367231638418
318-mbb-slotindexupdatedelegate-mf-handleins-n3-d16.pbqp,llvm,none,1000,1261.0,2373.0,12283.0,0.5313948588284871,0.10266221607099243
318-mbb-slotindexupdatedelegate-mf-handleins-n3-d16.pbqp,llvm,none,2000,1261.0,1434.5,11344.5,0.8790519344719414,0.11115518533209925
318-mbb-slotindexupdatedelegate-mf-handleins-n3-d16.pbqp,llvm,heuristic,250,2148.0,8981.0,22656.0,0.23917158445607392,0.0948093220338983
318-mbb-slotindexupdatedelegate-mf-handleins-n3-d16.pbqp,llvm,heuristic,500,2148.0,5227.0,18902.0,0.41094317964415533,0.11363876838429796
318-mbb-slotindexupdatedelegate-mf-handleins-n3-d16.pbqp,llvm,heuristic,1000,2148.0,3350.0,17025.0,0.6411940298507462,0.12616740088105727
318-mbb-slotindexupdatedelegate-mf-handleins-n3-d16.pbqp,llvm,heuristic,2000,2148.0,2411.5,16086.5,0.8907319095998342,0.13352811363565723
319-mbb-slotindexupdatedelegate-slotindexupd-n13-d16.pbqp,llvm,none,250,298161.0,1414923.0,2315478.0,0.2107259546985949,0.12876866029390044
319-mbb-slotindexupdatedelegate-slotindexupd-n13-d16.pbqp,llvm,none,500,298161.0,811763.0,1712318.0,0.3673005544721797,0.1741271189113237
319-mbb-slotindexupdatedelegate-slotindexupd-n13-d16.pbqp,llvm,none,1000,298161.0,510183.0,1410738.0,0.5844197082223438,0.2113510800729831
319-mbb-slotindexupdatedelegate-slotindexupd-n13-d16.pbqp,llvm,none,2000,298161.0,359393.0,1259948.0,0.829623837971246,0.23664548060713617
319-mbb-slotindexupdatedelegate-slotindexupd-n13-d16.pbqp,llvm,heuristic,250,24564.0,50930.0,104295.0,0.4823090516395052,0.23552423414353515
319-mbb-slotindexupdatedelegate-slotindexupd-n13-d16.pbqp,llvm,heuristic,500,24564.0,36758.0,90123.0,0.6682626911148594,0.2725608335275124
319-mbb-slotindexupdatedelegate-slotindexupd-n13-d16.pbqp,llvm,heuristic,1000,24564.0,29672.0,83037.0,0.8278511728228634,0.2958199356913183
319-mbb-slotindexupdatedelegate-slotindexupd-n13-d16.pbqp,llvm,heuristic,2000,24564.0,26129.0,79494.0,0.940104864326993,0.3090044531662767
320-mbb-slotindexupdatedelegate-slotindexupd-n15-d17.pbqp,llvm,none,250,775656.0,3333951.0,5273523.0,0.232653689271378,0.14708497526226774
320-mbb-slotindexupdatedelegate-slotindexupd-n15-d17.pbqp,llvm,none,500,775656.0,1960121.0,3899693.0,0.39571842758686837,0.19890181098871115
320-mbb-slotindexupdatedelegate-slotindexupd-n15-d17.pbqp,llvm,none,1000,775656.0,1273206.0,3212778.0,0.6092148481863893,0.24142844603642083
320-mbb-slotindexupdatedelegate-slotindexupd-n15-d17.pbqp,llvm,none,2000,775656.0,929748.5,2869320.5,0.8342643198671469,0.2703274172404233
320-mbb-slotindexupdatedelegate-slotindexupd-n15-d17.pbqp,llvm,heuristic,250,20968.0,31393.0,80183.0,0.6679195999108082,0.26150181459910454
320-mbb-slotindexupdatedelegate-slotindexupd-n15-d17.pbqp,llvm,heuristic,500,20968.0,25595.0,74385.0,0.8192225043953897,0.2818847885998521
320-mbb-slotindexupdatedelegate-slotindexupd-n15-d17.pbqp,llvm,heuristic,1000,20968.0,22696.0,71486.0,0.923863235812478,0.2933161737962678
320-mbb-slotindexupdatedelegate-slotindexupd-n15-d17.pbqp,llvm,heuristic,2000,20968.0,21246.5,70036.5,0.9868919586755466,0.2993867483383664
321-mbb-slotindexes-insertmbbinmaps-n25-d17.pbqp,llvm,heuristic,250,62524.0,81428.0,163942.0,0.7678439848700692,0.3813787803003501
321-mbb-slotindexes-insertmbbinmaps-n25-d17.pbqp,llvm,heuristic,500,62524.0,71090.0,153604.0,0.8795048530032353,0.4070466914924091
321-mbb-slotindexes-insertmbbinmaps-n25-d17.pbqp,llvm,heuristic,1000,62524.0,65921.0,148435.0,0.9484686215318335,0.42122141004480074
321-mbb-slotindexes-insertmbbinmaps-n25-d17.pbqp,llvm,heuristic,2000,62524.0,63336.5,145850.5,0.9871716940468767,0.42868553758814676
322-mbb-slotindexes-insertmachineinstrinmaps-n15-d17.pbqp,llvm,heuristic,250,21249.0,28530.0,78848.0,0.7447949526813881,0.26949320211038963
322-mbb-slotindexes-insertmachineinstrinmaps-n15-d17.pbqp,llvm,heuristic,500,21249.0,24604.0,74922.0,0.8636400585270688,0.28361495955794025
322-mbb-slotindexes-insertmachineinstrinmaps-n15-d17.pbqp,llvm,heuristic,1000,21249.0,22641.0,72959.0,0.938518616668875,0.29124576817116465
322-mbb-slotindexes-insertmachineinstrinmaps-n15-d17.pbqp,llvm,heuristic,2000,21249.0,21659.5,71977.5,0.9810475772755604,0.2952172553923101
323-mbb-iplist-impl-erase-n11-d16.pbqp,llvm,heuristic,250,14630.0,14630.0,41004.0,1.0,0.35679445907716323
323-mbb-iplist-impl-erase-n11-d16.pbqp,llvm,heuristic,500,14630.0,14630.0,41004.0,1.0,0.35679445907716323
323-mbb-iplist-impl-erase-n11-d16.pbqp,llvm,heuristic,1000,14630.0,14630.0,41004.0,1.0,0.35679445907716323
323-mbb-iplist-impl-erase-n11-d16.pbqp,llvm,heuristic,2000,14630.0,14630.0,41004.0,1.0,0.35679445907716323
326-mbb-densemapbase-lookuporinsertintobucke-n24-d16.pbqp,llvm,heuristic,250,79979.0,102019.0,185520.0,0.7839618110351994,0.43110715825786977
326-mbb-densemapbase-lookuporinsertintobucke-n24-d16.pbqp,llvm,heuristic,500,79979.0,90067.0,173568.0,0.8879944929885529,0.46079346423303835
326-mbb-densemapbase-lookuporinsertintobucke-n24-d16.pbqp,llvm,heuristic,1000,79979.0,84091.0,167592.0,0.9511005934047639,0.4772244498544083
326-mbb-densemapbase-lookuporinsertintobucke-n24-d16.pbqp,llvm,heuristic,2000,79979.0,81103.0,164604.0,0.9861410798614108,0.4858873417413915
327-mbb-densemapbase-lookupbucketfor-n15-d16.pbqp,llvm,heuristic,250,44183.0,44183.0,52161.0,1.0,0.8470504783267192
327-mbb-densemapbase-lookupbucketfor-n15-d16.pbqp,llvm,heuristic,500,44183.0,44183.0,52161.0,1.0,0.8470504783267192
327-mbb-densemapbase-lookupbucketfor-n15-d16.pbqp,llvm,heuristic,1000,44183.0,44183.0,52161.0,1.0,0.8470504783267192
327-mbb-densemapbase-lookupbucketfor-n15-d16.pbqp,llvm,heuristic,2000,44183.0,44183.0,52161.0,1.0,0.8470504783267192
328-mbb-densemapbase-grow-n20-d17.pbqp,llvm,none,250,382195.0,2162010.0,3067975.0,0.17677762822558638,0.12457565658129548
328-mbb-densemapbase-grow-n20-d17.pbqp,llvm,none,500,382195.0,1222790.0,2128755.0,0.3125598017648165,0.17953921423555083
328-mbb-densemapbase-grow-n20-d17.pbqp,llvm,none,1000,382195.0,753180.0,1659145.0,0.5074417801853475,0.23035659933278888
328-mbb-densemapbase-grow-n20-d17.pbqp,llvm,none,2000,382195.0,518375.0,1424340.0,0.7372944297082228,0.26833129730261035
328-mbb-densemapbase-grow-n20-d17.pbqp,llvm,heuristic,250,38452.0,101895.0,175751.0,0.37736886010108445,0.2187868063339611
328-mbb-densemapbase-grow-n20-d17.pbqp,llvm,heuristic,500,38452.0,67775.0,141631.0,0.5673478421246773,0.2714942350191695
328-mbb-densemapbase-grow-n20-d17.pbqp,llvm,heuristic,1000,38452.0,50715.0,124571.0,0.7581977718623681,0.308675373883167
328-mbb-densemapbase-grow-n20-d17.pbqp,llvm,heuristic,2000,38452.0,42185.0,116041.0,0.911508830152898,0.33136563800725605
329-mbb-densemapbase-lookuporinsertintobucke-n22-d16.pbqp,llvm,heuristic,250,63533.0,77083.0,147327.0,0.824215456066837,0.43123799439342414
329-mbb-densemapbase-lookuporinsertintobucke-n22-d16.pbqp,llvm,heuristic,500,63533.0,69525.0,139769.0,0.9138151743976987,0.4545571621747312
329-mbb-densemapbase-lookuporinsertintobucke-n22-d16.pbqp,llvm,heuristic,1000,63533.0,65746.0,135990.0,0.9663401575761263,0.46718876387969704
329-mbb-densemapbase-lookuporinsertintobucke-n22-d16.pbqp,llvm,heuristic,2000,63533.0,63856.5,134100.5,0.9949339534738045,0.47377153701887764
330-mbb-densemapbase-grow-n22-d17.pbqp,llvm,none,250,1136248.0,5602021.0,7841563.0,0.20282822931224284,0.14490070410707662
330-mbb-densemapbase-grow-n22-d17.pbqp,llvm,none,500,1136248.0,3246527.0,5486069.0,0.34998877261763106,0.20711514929907007
330-mbb-densemapbase-grow-n22-d17.pbqp,llvm,none,1000,1136248.0,2068780.0,4308322.0,0.5492357814750722,0.2637333049850963
330-mbb-densemapbase-grow-n22-d17.pbqp,llvm,none,2000,1136248.0,1479906.5,3719448.5,0.7677836403853893,0.30548830021440004
330-mbb-densemapbase-grow-n22-d17.pbqp,llvm,heuristic,250,73409.0,201631.0,275479.0,0.36407596054178176,0.2664776625441504
330-mbb-densemapbase-grow-n22-d17.pbqp,llvm,heuristic,500,73409.0,130669.0,204517.0,0.5617935394010821,0.35893837676085605
330-mbb-densemapbase-grow-n22-d17.pbqp,llvm,heuristic,1000,73409.0,95188.0,169036.0,0.7712001512795731,0.43428027165810834
330-mbb-densemapbase-grow-n22-d17.pbqp,llvm,heuristic,2000,73409.0,77447.5,151295.5,0.9478549985474031,0.48520279849698106
331-mbb-densemapbase-lookupbucketfor-n15-d16.pbqp,llvm,heuristic,250,80145.0,80145.0,54897.0,1.0,1.4599158423957592
331-mbb-densemapbase-lookupbucketfor-n15-d16.pbqp,llvm,heuristic,500,80145.0,80145.0,54897.0,1.0,1.4599158423957592
331-mbb-densemapbase-lookupbucketfor-n15-d16.pbqp,llvm,heuristic,1000,80145.0,80145.0,54897.0,1.0,1.4599158423957592
331-mbb-densemapbase-lookupbucketfor-n15-d16.pbqp,llvm,heuristic,2000,80145.0,80145.0,54897.0,1.0,1.4599158423957592
335-mbb-function-ref-callback-fn-n7-d17.pbqp,llvm,none,250,55052.0,654080.0,884328.0,0.08416707436399218,0.062252919731140485
335-mbb-function-ref-callback-fn-n7-d17.pbqp,llvm,none,500,55052.0,340608.0,570856.0,0.16162861706125517,0.09643763050576677
335-mbb-function-ref-callback-fn-n7-d17.pbqp,llvm,none,1000,55052.0,183872.0,414120.0,0.29940393317090147,0.13293731285617696
335-mbb-function-ref-callback-fn-n7-d17.pbqp,llvm,none,2000,55052.0,105504.0,335752.0,0.5218001213224143,0.16396626081155138
335-mbb-function-ref-callback-fn-n7-d17.pbqp,llvm,heuristic,250,26208.0,92803.0,134776.0,0.2824046636423391,0.1944559862290022
335-mbb-function-ref-callback-fn-n7-d17.pbqp,llvm,heuristic,500,26208.0,57971.0,99944.0,0.4520881130220283,0.26222684703433924
335-mbb-function-ref-callback-fn-n7-d17.pbqp,llvm,heuristic,1000,26208.0,40555.0,82528.0,0.6462335100480828,0.3175649476541295
335-mbb-function-ref-callback-fn-n7-d17.pbqp,llvm,heuristic,2000,26208.0,31847.0,73820.0,0.8229346563255565,0.3550257382823083
336-mbb-function-ref-callback-fn-n7-d16.pbqp,llvm,none,250,121168.0,1180285.0,1626824.0,0.10265995077460105,0.07448132065914936
336-mbb-function-ref-callback-fn-n7-d16.pbqp,llvm,none,500,121168.0,623089.0,1069628.0,0.19446339126513226,0.1132805049979993
336-mbb-function-ref-callback-fn-n7-d16.pbqp,llvm,none,1000,121168.0,344491.0,791030.0,0.3517305241646371,0.15317750274957967
336-mbb-function-ref-callback-fn-n7-d16.pbqp,llvm,none,2000,121168.0,205192.0,651731.0,0.5905103512807517,0.18591719589830774
336-mbb-function-ref-callback-fn-n7-d16.pbqp,llvm,heuristic,250,26870.0,93633.0,132226.0,0.28697147373255155,0.20321268131834888
336-mbb-function-ref-callback-fn-n7-d16.pbqp,llvm,heuristic,500,26870.0,58801.0,97394.0,0.45696501760174146,0.2758896851962133
336-mbb-function-ref-callback-fn-n7-d16.pbqp,llvm,heuristic,1000,26870.0,41385.0,79978.0,0.6492690588377431,0.3359673910325339
336-mbb-function-ref-callback-fn-n7-d16.pbqp,llvm,heuristic,2000,26870.0,32677.0,71270.0,0.8222909079780886,0.3770169776904729
337-mbb-function-ref-callback-fn-n7-d16.pbqp,llvm,none,250,126617.0,1184979.0,1625124.0,0.10685168260365796,0.07791220854531716
337-mbb-function-ref-callback-fn-n7-d16.pbqp,llvm,none,500,126617.0,627783.0,1067928.0,0.20168911869228698,0.11856323647287083
337-mbb-function-ref-callback-fn-n7-d16.pbqp,llvm,none,1000,126617.0,349185.0,789330.0,0.3626072139410341,0.16041072808584494
337-mbb-function-ref-callback-fn-n7-d16.pbqp,llvm,none,2000,126617.0,209886.0,650031.0,0.6032655822684696,0.19478609481701642
337-mbb-function-ref-callback-fn-n7-d16.pbqp,llvm,heuristic,250,27803.0,94467.0,127814.0,0.29431441667460595,0.21752703146760136
337-mbb-function-ref-callback-fn-n7-d16.pbqp,llvm,heuristic,500,27803.0,59635.0,92982.0,0.4662195019703194,0.2990148630917812
337-mbb-function-ref-callback-fn-n7-d16.pbqp,llvm,heuristic,1000,27803.0,42219.0,75566.0,0.6585423624434497,0.36793002143821296
337-mbb-function-ref-callback-fn-n7-d16.pbqp,llvm,heuristic,2000,27803.0,33511.0,66858.0,0.8296678702515592,0.41585150617727124
338-mbb-ilist-traits-deletenode-n4-d16.pbqp,llvm,none,250,3789.0,49030.0,68976.0,0.07727921680603712,0.0549321503131524
338-mbb-ilist-traits-deletenode-n4-d16.pbqp,llvm,none,500,3789.0,25178.0,45124.0,0.15048852172531574,0.08396861980320894
338-mbb-ilist-traits-deletenode-n4-d16.pbqp,llvm,none,1000,3789.0,13252.0,33198.0,0.2859191065499547,0.11413338152900777
338-mbb-ilist-traits-deletenode-n4-d16.pbqp,llvm,none,2000,3789.0,7289.0,27235.0,0.5198243929208396,0.13912245272627133
338-mbb-ilist-traits-deletenode-n4-d16.pbqp,llvm,heuristic,250,10037.0,55375.0,76874.0,0.181255079006772,0.13056430002341493
338-mbb-ilist-traits-deletenode-n4-d16.pbqp,llvm,heuristic,500,10037.0,31523.0,53022.0,0.31840243631634046,0.18929878163781072
338-mbb-ilist-traits-deletenode-n4-d16.pbqp,llvm,heuristic,1000,10037.0,19597.0,41096.0,0.5121702301372659,0.24423301537862566
338-mbb-ilist-traits-deletenode-n4-d16.pbqp,llvm,heuristic,2000,10037.0,13634.0,35133.0,0.7361742702068359,0.2856858224461333
339-mbb-ilist-traits-addnodetolist-n5-d16.pbqp,llvm,none,250,2386.0,16974.0,33604.0,0.14056792741840463,0.07100345197000357
339-mbb-ilist-traits-addnodetolist-n5-d16.pbqp,llvm,none,500,2386.0,9012.0,25642.0,0.26475810031069685,0.09305046408236486
339-mbb-ilist-traits-addnodetolist-n5-d16.pbqp,llvm,none,1000,2386.0,5031.0,21661.0,0.4742595905386603,0.11015188587784497
339-mbb-ilist-traits-addnodetolist-n5-d16.pbqp,llvm,none,2000,2386.0,3040.5,19670.5,0.7847393520802499,0.12129839099158639
339-mbb-ilist-traits-addnodetolist-n5-d16.pbqp,llvm,heuristic,250,7810.0,22061.0,37927.0,0.3540184035175196,0.2059219026023677
339-mbb-ilist-traits-addnodetolist-n5-d16.pbqp,llvm,heuristic,500,7810.0,14099.0,29965.0,0.553939995744379,0.2606374103120307
339-mbb-ilist-traits-addnodetolist-n5-d16.pbqp,llvm,heuristic,1000,7810.0,10118.0,25984.0,0.7718916781972722,0.3005695812807882
339-mbb-ilist-traits-addnodetolist-n5-d16.pbqp,llvm,heuristic,2000,7810.0,8127.5,23993.5,0.9609350968932636,0.32550482422322713
340-mbb-ilist-traits-removenodefromlist-n3-d15.pbqp,llvm,none,250,816.0,4020.0,12504.0,0.20298507462686566,0.06525911708253358
340-mbb-ilist-traits-removenodefromlist-n3-d15.pbqp,llvm,none,500,816.0,2220.0,10704.0,0.3675675675675676,0.07623318385650224
340-mbb-ilist-traits-removenodefromlist-n3-d15.pbqp,llvm,none,1000,816.0,1320.0,9804.0,0.6181818181818182,0.0832313341493268
340-mbb-ilist-traits-removenodefromlist-n3-d15.pbqp,llvm,none,2000,816.0,870.0,9354.0,0.9379310344827586,0.08723540731237973
340-mbb-ilist-traits-removenodefromlist-n3-d15.pbqp,llvm,heuristic,250,1733.0,4929.0,14128.0,0.3515926151349158,0.12266421291053228
340-mbb-ilist-traits-removenodefromlist-n3-d15.pbqp,llvm,heuristic,500,1733.0,3129.0,12328.0,0.5538510706295942,0.1405743024010383
340-mbb-ilist-traits-removenodefromlist-n3-d15.pbqp,llvm,heuristic,1000,1733.0,2229.0,11428.0,0.7774786899955137,0.15164508225411272
340-mbb-ilist-traits-removenodefromlist-n3-d15.pbqp,llvm,heuristic,2000,1733.0,1779.0,10978.0,0.9741427768409219,0.15786117689925305
341-mbb-ilist-traits-transfernodesfromlist-n5-d16.pbqp,llvm,none,250,77858.0,620898.0,828644.0,0.1253957976994611,0.09395832227108385
341-mbb-ilist-traits-transfernodesfromlist-n5-d16.pbqp,llvm,none,500,77858.0,331850.0,539596.0,0.23461805032394153,0.1442894313523451
341-mbb-ilist-traits-transfernodesfromlist-n5-d16.pbqp,llvm,none,1000,77858.0,187326.0,395072.0,0.41562836979383533,0.19707293860359631
341-mbb-ilist-traits-transfernodesfromlist-n5-d16.pbqp,llvm,none,2000,77858.0,115064.0,322810.0,0.6766495167906557,0.24118831510795824
341-mbb-ilist-traits-transfernodesfromlist-n5-d16.pbqp,llvm,heuristic,250,20355.0,48467.0,68824.0,0.4199764788412734,0.2957543880041846
341-mbb-ilist-traits-transfernodesfromlist-n5-d16.pbqp,llvm,heuristic,500,20355.0,33691.0,54048.0,0.6041672850316108,0.37660968028419184
341-mbb-ilist-traits-transfernodesfromlist-n5-d16.pbqp,llvm,heuristic,1000,20355.0,26303.0,46660.0,0.7738660989240771,0.43624089155593654
341-mbb-ilist-traits-transfernodesfromlist-n5-d16.pbqp,llvm,heuristic,2000,20355.0,22609.0,42966.0,0.9003051881993896,0.47374668342410275
342-mbb-liveintervals-removeregunit-n11-d16.pbqp,llvm,none,250,911662.0,3733969.0,5834440.0,0.24415360705994077,0.1562552704286958
342-mbb-liveintervals-removeregunit-n11-d16.pbqp,llvm,none,500,911662.0,2234461.0,4334932.0,0.40800085568734473,0.2103059517427263
342-mbb-liveintervals-removeregunit-n11-d16.pbqp,llvm,none,1000,911662.0,1484707.0,3585178.0,0.6140349577391364,0.25428639805331843
342-mbb-liveintervals-removeregunit-n11-d16.pbqp,llvm,none,2000,911662.0,1109830.0,3210301.0,0.8214429236910158,0.2839802249072595
342-mbb-liveintervals-removeregunit-n11-d16.pbqp,llvm,heuristic,250,12280.0,13771.0,45716.0,0.8917289957156344,0.26861492694023975
342-mbb-liveintervals-removeregunit-n11-d16.pbqp,llvm,heuristic,500,12280.0,12907.0,44852.0,0.9514217091500736,0.27378935164541157
342-mbb-liveintervals-removeregunit-n11-d16.pbqp,llvm,heuristic,1000,12280.0,12475.0,44420.0,0.9843687374749499,0.2764520486267447
342-mbb-liveintervals-removeregunit-n11-d16.pbqp,llvm,heuristic,2000,12280.0,12259.0,44204.0,1.0017130271637165,0.27780291376346034
343-mbb-machinebasicblock-movebefore-n6-d16.pbqp,llvm,none,250,237879.0,2411484.0,3279088.0,0.09864423732440274,0.07254425620782363
343-mbb-machinebasicblock-movebefore-n6-d16.pbqp,llvm,none,500,237879.0,1273884.0,2141488.0,0.1867352129393257,0.1110811734644322
343-mbb-machinebasicblock-movebefore-n6-d16.pbqp,llvm,none,1000,237879.0,705084.0,1572688.0,0.3373768231870245,0.15125632038904094
343-mbb-machinebasicblock-movebefore-n6-d16.pbqp,llvm,none,2000,237879.0,420684.0,1288288.0,0.565457683201643,0.18464737698402842
343-mbb-machinebasicblock-movebefore-n6-d16.pbqp,llvm,heuristic,250,11114.0,11114.0,15187.0,1.0,0.7318101007440574
343-mbb-machinebasicblock-movebefore-n6-d16.pbqp,llvm,heuristic,500,11114.0,11114.0,15187.0,1.0,0.7318101007440574
343-mbb-machinebasicblock-movebefore-n6-d16.pbqp,llvm,heuristic,1000,11114.0,11114.0,15187.0,1.0,0.7318101007440574
343-mbb-machinebasicblock-movebefore-n6-d16.pbqp,llvm,heuristic,2000,11114.0,11114.0,15187.0,1.0,0.7318101007440574
345-mbb-machinebasicblock-addsuccessor-n35-d17-r1.pbqp,llvm,heuristic,250,127281.0,146350.0,198951.0,0.8697027673385719,0.639760544053561
345-mbb-machinebasicblock-addsuccessor-n35-d17-r1.pbqp,llvm,heuristic,500,127281.0,135762.0,188363.0,0.9375303840544482,0.6757218774387751
345-mbb-machinebasicblock-addsuccessor-n35-d17-r1.pbqp,llvm,heuristic,1000,127281.0,130468.0,183069.0,0.975572554189533,0.6952624420300543
345-mbb-machinebasicblock-addsuccessor-n35-d17-r1.pbqp,llvm,heuristic,2000,127281.0,127821.0,180422.0,0.9957753420799399,0.7054627484453115
346-mbb-machinebasicblock-clearliveins-n6-d17.pbqp,llvm,none,250,57272.0,758029.0,1015145.0,0.07555383765001075,0.05641755611267356
346-mbb-machinebasicblock-clearliveins-n6-d17.pbqp,llvm,none,500,57272.0,391037.0,648153.0,0.1464618437641451,0.08836185283413021
346-mbb-machinebasicblock-clearliveins-n6-d17.pbqp,llvm,none,1000,57272.0,207541.0,464657.0,0.2759551124837984,0.12325650964044446
346-mbb-machinebasicblock-clearliveins-n6-d17.pbqp,llvm,none,2000,57272.0,115793.0,372909.0,0.4946067551579111,0.15358170491996706
346-mbb-machinebasicblock-clearliveins-n6-d17.pbqp,llvm,heuristic,250,9421.0,13833.0,31308.0,0.6810525554832647,0.30091350453558197
346-mbb-machinebasicblock-clearliveins-n6-d17.pbqp,llvm,heuristic,500,9421.0,11385.0,28860.0,0.8274923144488362,0.32643797643797645
346-mbb-machinebasicblock-clearliveins-n6-d17.pbqp,llvm,heuristic,1000,9421.0,10161.0,27636.0,0.9271725223895286,0.3408959328412216
346-mbb-machinebasicblock-clearliveins-n6-d17.pbqp,llvm,heuristic,2000,9421.0,9549.0,27024.0,0.9865954550214682,0.3486160449970397
347-mbb-machinebasicblock-clearliveins-n2-d16.pbqp,llvm,none,250,706.0,4133.0,11019.0,0.1708202274376966,0.06407114983210818
347-mbb-machinebasicblock-clearliveins-n2-d16.pbqp,llvm,none,500,706.0,2195.0,9081.0,0.32164009111617314,0.07774474176852769
347-mbb-machinebasicblock-clearliveins-n2-d16.pbqp,llvm,none,1000,706.0,1226.0,8112.0,0.5758564437194127,0.08703155818540434
347-mbb-machinebasicblock-clearliveins-n2-d16.pbqp,llvm,none,2000,706.0,741.5,7627.5,0.952124072825354,0.09255981645362177
347-mbb-machinebasicblock-clearliveins-n2-d16.pbqp,llvm,heuristic,250,1547.0,4984.0,11255.0,0.3103932584269663,0.13745002221235006
347-mbb-machinebasicblock-clearliveins-n2-d16.pbqp,llvm,heuristic,500,1547.0,3046.0,9317.0,0.5078791858174655,0.16604057099924868
347-mbb-machinebasicblock-clearliveins-n2-d16.pbqp,llvm,heuristic,1000,1547.0,2077.0,8348.0,0.7448242657679345,0.1853138476281744
347-mbb-machinebasicblock-clearliveins-n2-d16.pbqp,llvm,heuristic,2000,1547.0,1592.5,7863.5,0.9714285714285714,0.19673173523240287
348-mbb-machinebasicblock-finddebugloc-n5-d16.pbqp,llvm,none,250,62383.0,725458.0,973231.0,0.08599119452814635,0.06409886244889446
348-mbb-machinebasicblock-finddebugloc-n5-d16.pbqp,llvm,none,500,62383.0,377042.0,624815.0,0.16545371603163572,0.09984235333658763
348-mbb-machinebasicblock-finddebugloc-n5-d16.pbqp,llvm,none,1000,62383.0,202834.0,450607.0,0.30755691846534605,0.13844214581664288
348-mbb-machinebasicblock-finddebugloc-n5-d16.pbqp,llvm,none,2000,62383.0,115730.0,363503.0,0.5390391428324548,0.1716161902377697
348-mbb-machinebasicblock-finddebugloc-n5-d16.pbqp,llvm,heuristic,250,9523.0,9523.0,21550.0,1.0,0.44190255220417635
348-mbb-machinebasicblock-finddebugloc-n5-d16.pbqp,llvm,heuristic,500,9523.0,9523.0,21550.0,1.0,0.44190255220417635
348-mbb-machinebasicblock-finddebugloc-n5-d16.pbqp,llvm,heuristic,1000,9523.0,9523.0,21550.0,1.0,0.44190255220417635
348-mbb-machinebasicblock-finddebugloc-n5-d16.pbqp,llvm,heuristic,2000,9523.0,9523.0,21550.0,1.0,0.44190255220417635
349-mbb-machinebasicblock-removelivein-n5-d17.pbqp,llvm,none,250,15354.0,138532.0,209501.0,0.11083359801345538,0.07328843299077331
349-mbb-machinebasicblock-removelivein-n5-d17.pbqp,llvm,none,500,15354.0,73012.0,143981.0,0.21029419821399223,0.10663907043290434
349-mbb-machinebasicblock-removelivein-n5-d17.pbqp,llvm,none,1000,15354.0,40252.0,111221.0,0.38144688462685084,0.13804946907508475
349-mbb-machinebasicblock-removelivein-n5-d17.pbqp,llvm,none,2000,15354.0,23872.0,94841.0,0.6431802949061662,0.1618920087304014
349-mbb-machinebasicblock-removelivein-n5-d17.pbqp,llvm,heuristic,250,4515.0,4515.0,15113.0,1.0,0.2987494210282538
349-mbb-machinebasicblock-removelivein-n5-d17.pbqp,llvm,heuristic,500,4515.0,4515.0,15113.0,1.0,0.2987494210282538
349-mbb-machinebasicblock-removelivein-n5-d17.pbqp,llvm,heuristic,1000,4515.0,4515.0,15113.0,1.0,0.2987494210282538
349-mbb-machinebasicblock-removelivein-n5-d17.pbqp,llvm,heuristic,2000,4515.0,4515.0,15113.0,1.0,0.2987494210282538
350-mbb-machinebasicblock-removelivein-n9-d17.pbqp,llvm,none,250,507465.0,2985866.0,4407318.0,0.16995571803959053,0.11514145337368441
350-mbb-machinebasicblock-removelivein-n9-d17.pbqp,llvm,none,500,507465.0,1684850.0,3106302.0,0.301192984538683,0.16336627926067718
350-mbb-machinebasicblock-removelivein-n9-d17.pbqp,llvm,none,1000,507465.0,1034342.0,2455794.0,0.490616256518637,0.2066398891763723
350-mbb-machinebasicblock-removelivein-n9-d17.pbqp,llvm,none,2000,507465.0,709088.0,2130540.0,0.7156587052664831,0.23818609366639443
350-mbb-machinebasicblock-removelivein-n9-d17.pbqp,llvm,heuristic,250,15277.0,15277.0,38201.0,1.0,0.3999109970943169
350-mbb-machinebasicblock-removelivein-n9-d17.pbqp,llvm,heuristic,500,15277.0,15277.0,38201.0,1.0,0.3999109970943169
350-mbb-machinebasicblock-removelivein-n9-d17.pbqp,llvm,heuristic,1000,15277.0,15277.0,38201.0,1.0,0.3999109970943169
350-mbb-machinebasicblock-removelivein-n9-d17.pbqp,llvm,heuristic,2000,15277.0,15277.0,38201.0,1.0,0.3999109970943169
351-mbb-machinebasicblock-remove-instr-n9-d16.pbqp,llvm,none,250,35012.0,367274.0,512861.0,0.09532937262098597,0.06826801024059151
351-mbb-machinebasicblock-remove-instr-n9-d16.pbqp,llvm,none,500,35012.0,192166.0,337753.0,0.1821966424861838,0.10366155148880987
351-mbb-machinebasicblock-remove-instr-n9-d16.pbqp,llvm,none,1000,35012.0,104612.0,250199.0,0.3346843574350935,0.13993661045807537
351-mbb-machinebasicblock-remove-instr-n9-d16.pbqp,llvm,none,2000,35012.0,60835.0,206422.0,0.5755239582477193,0.16961370396566258
351-mbb-machinebasicblock-remove-instr-n9-d16.pbqp,llvm,heuristic,250,20103.0,59306.0,93346.0,0.33897076181162106,0.21536005827780516
351-mbb-machinebasicblock-remove-instr-n9-d16.pbqp,llvm,heuristic,500,20103.0,38366.0,72406.0,0.5239795652400563,0.2776427367897688
351-mbb-machinebasicblock-remove-instr-n9-d16.pbqp,llvm,heuristic,1000,20103.0,27896.0,61936.0,0.7206409521078291,0.3245769826918109
351-mbb-machinebasicblock-remove-instr-n9-d16.pbqp,llvm,heuristic,2000,20103.0,22661.0,56701.0,0.8871188385331628,0.35454401156946086
353-mbb-machinebasicblock-rfinddebugloc-n11-d16.pbqp,llvm,none,250,219869.0,2215201.0,2939605.0,0.09925465002950071,0.07479542319461288
353-mbb-machinebasicblock-rfinddebugloc-n11-d16.pbqp,llvm,none,500,219869.0,1163787.0,1888191.0,0.1889254648831788,0.11644425802262588
353-mbb-machinebasicblock-rfinddebugloc-n11-d16.pbqp,llvm,none,1000,219869.0,638080.0,1362484.0,0.34457904964894687,0.16137363814914524
353-mbb-machinebasicblock-rfinddebugloc-n11-d16.pbqp,llvm,none,2000,219869.0,375226.5,1099630.5,0.5859634114328279,0.19994807346649623
353-mbb-machinebasicblock-rfinddebugloc-n11-d16.pbqp,llvm,heuristic,250,40101.0,114603.0,160509.0,0.34991230596057693,0.24983645776872324
353-mbb-machinebasicblock-rfinddebugloc-n11-d16.pbqp,llvm,heuristic,500,40101.0,75573.0,121479.0,0.5306260172283752,0.33010643814980367
353-mbb-machinebasicblock-rfinddebugloc-n11-d16.pbqp,llvm,heuristic,1000,40101.0,56058.0,101964.0,0.7153483891683613,0.3932858655996234
353-mbb-machinebasicblock-rfinddebugloc-n11-d16.pbqp,llvm,heuristic,2000,40101.0,46300.5,92206.5,0.8661029578514271,0.43490426379918984
354-mbb-machinebasicblock-addpredecessor-n4-d16.pbqp,llvm,none,250,59797.0,692580.0,933578.0,0.08633948424730717,0.06405142366251133
354-mbb-machinebasicblock-addpredecessor-n4-d16.pbqp,llvm,none,500,59797.0,359620.0,600618.0,0.16627829375451866,0.09955912077227123
354-mbb-machinebasicblock-addpredecessor-n4-d16.pbqp,llvm,none,1000,59797.0,193140.0,434138.0,0.30960443201822513,0.1377373093348198
354-mbb-machinebasicblock-addpredecessor-n4-d16.pbqp,llvm,none,2000,59797.0,109900.0,350898.0,0.5441037306642402,0.1704113446072648
354-mbb-machinebasicblock-addpredecessor-n4-d16.pbqp,llvm,heuristic,250,7774.0,7774.0,13141.0,1.0,0.5915835933338407
354-mbb-machinebasicblock-addpredecessor-n4-d16.pbqp,llvm,heuristic,500,7774.0,7774.0,13141.0,1.0,0.5915835933338407
354-mbb-machinebasicblock-addpredecessor-n4-d16.pbqp,llvm,heuristic,1000,7774.0,7774.0,13141.0,1.0,0.5915835933338407
354-mbb-machinebasicblock-addpredecessor-n4-d16.pbqp,llvm,heuristic,2000,7774.0,7774.0,13141.0,1.0,0.5915835933338407
355-mbb-machinebasicblock-canfallthrough-n3-d16.pbqp,llvm,none,250,95.0,95.0,854.0,1.0,0.11124121779859485
355-mbb-machinebasicblock-canfallthrough-n3-d16.pbqp,llvm,none,500,95.0,95.0,854.0,1.0,0.11124121779859485
355-mbb-machinebasicblock-canfallthrough-n3-d16.pbqp,llvm,none,1000,95.0,95.0,854.0,1.0,0.11124121779859485
355-mbb-machinebasicblock-canfallthrough-n3-d16.pbqp,llvm,none,2000,95.0,95.0,854.0,1.0,0.11124121779859485
355-mbb-machinebasicblock-canfallthrough-n3-d16.pbqp,llvm,heuristic,250,446.0,446.0,1303.0,1.0,0.34228702993092863
355-mbb-machinebasicblock-canfallthrough-n3-d16.pbqp,llvm,heuristic,500,446.0,446.0,1303.0,1.0,0.34228702993092863
355-mbb-machinebasicblock-canfallthrough-n3-d16.pbqp,llvm,heuristic,1000,446.0,446.0,1303.0,1.0,0.34228702993092863
355-mbb-machinebasicblock-canfallthrough-n3-d16.pbqp,llvm,heuristic,2000,446.0,446.0,1303.0,1.0,0.34228702993092863
356-mbb-machinebasicblock-getfallthrough-n38-d16.pbqp,llvm,heuristic,250,99059.0,113839.0,215871.0,0.8701675172831806,0.45888053513440896
356-mbb-machinebasicblock-getfallthrough-n38-d16.pbqp,llvm,heuristic,500,99059.0,105699.0,207731.0,0.9371801057720508,0.476861903134342
356-mbb-machinebasicblock-getfallthrough-n38-d16.pbqp,llvm,heuristic,1000,99059.0,101629.0,203661.0,0.9747119424573695,0.48639160173032636
356-mbb-machinebasicblock-getfallthrough-n38-d16.pbqp,llvm,heuristic,2000,99059.0,99594.0,201626.0,0.9946281904532401,0.4913007251048972
357-mbb-machinebasicblock-getfirstnonphi-n3-d16.pbqp,llvm,none,250,3289.0,43912.0,58411.0,0.0748997995991984,0.056307887213024946
357-mbb-machinebasicblock-getfirstnonphi-n3-d16.pbqp,llvm,none,500,3289.0,22644.0,37143.0,0.14524818936583642,0.08854965942438683
357-mbb-machinebasicblock-getfirstnonphi-n3-d16.pbqp,llvm,none,1000,3289.0,12010.0,26509.0,0.2738551207327227,0.12407107020257271
357-mbb-machinebasicblock-getfirstnonphi-n3-d16.pbqp,llvm,none,2000,3289.0,6693.0,21192.0,0.49140893470790376,0.15520007550018874
357-mbb-machinebasicblock-getfirstnonphi-n3-d16.pbqp,llvm,heuristic,250,8821.0,49532.0,66249.0,0.17808689332148914,0.13314917961025827
357-mbb-machinebasicblock-getfirstnonphi-n3-d16.pbqp,llvm,heuristic,500,8821.0,28264.0,44981.0,0.31209312199264083,0.19610502212045086
357-mbb-machinebasicblock-getfirstnonphi-n3-d16.pbqp,llvm,heuristic,1000,8821.0,17630.0,34347.0,0.5003403289846852,0.2568201007366
357-mbb-machinebasicblock-getfirstnonphi-n3-d16.pbqp,llvm,heuristic,2000,8821.0,12313.0,29030.0,0.7163973036627954,0.3038580778504995
359-mbb-machinebasicblock-erasefromparent-n7-d17.pbqp,llvm,none,250,242384.0,2343885.0,3167339.0,0.10341121684724293,0.07652606809691037
359-mbb-machinebasicblock-erasefromparent-n7-d17.pbqp,llvm,none,500,242384.0,1244525.0,2067979.0,0.19476024989453808,0.1172081534677093
359-mbb-machinebasicblock-erasefromparent-n7-d17.pbqp,llvm,none,1000,242384.0,694845.0,1518299.0,0.3488317538443826,0.15964180968307295
359-mbb-machinebasicblock-erasefromparent-n7-d17.pbqp,llvm,none,2000,242384.0,420005.0,1243459.0,0.5770978916917656,0.19492721513133926
359-mbb-machinebasicblock-erasefromparent-n7-d17.pbqp,llvm,heuristic,250,11381.0,11381.0,15387.0,1.0,0.7396503541950997
359-mbb-machinebasicblock-erasefromparent-n7-d17.pbqp,llvm,heuristic,500,11381.0,11381.0,15387.0,1.0,0.7396503541950997
359-mbb-machinebasicblock-erasefromparent-n7-d17.pbqp,llvm,heuristic,1000,11381.0,11381.0,15387.0,1.0,0.7396503541950997
359-mbb-machinebasicblock-erasefromparent-n7-d17.pbqp,llvm,heuristic,2000,11381.0,11381.0,15387.0,1.0,0.7396503541950997
362-mbb-machinebasicblock-findprevdebugloc-n8-d16.pbqp,llvm,none,250,69607.0,749150.0,1005833.0,0.09291463658813322,0.06920333693565432
362-mbb-machinebasicblock-findprevdebugloc-n8-d16.pbqp,llvm,none,500,69607.0,391074.0,647757.0,0.17798933194229224,0.10745850681659944
362-mbb-machinebasicblock-findprevdebugloc-n8-d16.pbqp,llvm,none,1000,69607.0,212036.0,468719.0,0.32827916014261727,0.14850475444776082
362-mbb-machinebasicblock-findprevdebugloc-n8-d16.pbqp,llvm,none,2000,69607.0,122517.0,379200.0,0.5681415640278492,0.18356276371308017
362-mbb-machinebasicblock-findprevdebugloc-n8-d16.pbqp,llvm,heuristic,250,17062.0,27198.0,55834.0,0.6273255386425473,0.3055844109324068
362-mbb-machinebasicblock-findprevdebugloc-n8-d16.pbqp,llvm,heuristic,500,17062.0,21506.0,50142.0,0.7933599925602157,0.34027362291093294
362-mbb-machinebasicblock-findprevdebugloc-n8-d16.pbqp,llvm,heuristic,1000,17062.0,18660.0,47296.0,0.9143622722400857,0.36074932341001353
362-mbb-machinebasicblock-findprevdebugloc-n8-d16.pbqp,llvm,heuristic,2000,17062.0,17237.0,45873.0,0.9898474212449963,0.3719399210864779
363-mbb-machinebasicblock-removefromparent-n7-d17.pbqp,llvm,none,250,140859.0,1551257.0,2069228.0,0.09080313577956457,0.06807321377827866
363-mbb-machinebasicblock-removefromparent-n7-d17.pbqp,llvm,none,500,140859.0,815063.0,1333034.0,0.17281976976012897,0.10566797245981722
363-mbb-machinebasicblock-removefromparent-n7-d17.pbqp,llvm,none,1000,140859.0,446966.0,964937.0,0.31514477611272446,0.14597740577882287
363-mbb-machinebasicblock-removefromparent-n7-d17.pbqp,llvm,none,2000,140859.0,262917.5,780888.5,0.5357536109235786,0.18038298681565934
363-mbb-machinebasicblock-removefromparent-n7-d17.pbqp,llvm,heuristic,250,20617.0,57571.0,86805.0,0.3581143283945042,0.2375093600599044
363-mbb-machinebasicblock-removefromparent-n7-d17.pbqp,llvm,heuristic,500,20617.0,38241.0,67475.0,0.5391333908632097,0.30555020377917746
363-mbb-machinebasicblock-removefromparent-n7-d17.pbqp,llvm,heuristic,1000,20617.0,28576.0,57810.0,0.7214795632698768,0.356633800380557
363-mbb-machinebasicblock-removefromparent-n7-d17.pbqp,llvm,heuristic,2000,20617.0,23743.5,52977.5,0.8683218565080969,0.3891652116464537
364-mbb-machinebasicblock-replacesuccessor-n35-d16.pbqp,llvm,heuristic,250,116671.0,116671.0,199850.0,1.0,0.5837928446334751
364-mbb-machinebasicblock-replacesuccessor-n35-d16.pbqp,llvm,heuristic,500,116671.0,116671.0,199850.0,1.0,0.5837928446334751
364-mbb-machinebasicblock-replacesuccessor-n35-d16.pbqp,llvm,heuristic,1000,116671.0,116671.0,199850.0,1.0,0.5837928446334751
364-mbb-machinebasicblock-replacesuccessor-n35-d16.pbqp,llvm,heuristic,2000,116671.0,116671.0,199850.0,1.0,0.5837928446334751
365-mbb-machinebasicblock-updateterminator-n68-d16.pbqp,llvm,heuristic,250,176470.0,185381.0,350091.0,0.9519314277083412,0.5040689420750605
365-mbb-machinebasicblock-updateterminator-n68-d16.pbqp,llvm,heuristic,500,176470.0,180447.0,345157.0,0.9779602875082434,0.5112745793943047
365-mbb-machinebasicblock-updateterminator-n68-d16.pbqp,llvm,heuristic,1000,176470.0,177980.0,342690.0,0.9915159006629959,0.5149552073302401
365-mbb-machinebasicblock-updateterminator-n68-d16.pbqp,llvm,heuristic,2000,176470.0,176746.5,341456.5,0.9984356125863878,0.5168154655131767
366-mbb-machinebasicblock-skipphisandlabels-n9-d16.pbqp,llvm,none,250,199176.0,846764.0,1355911.0,0.23522020303177746,0.14689459706426158
366-mbb-machinebasicblock-skipphisandlabels-n9-d16.pbqp,llvm,none,500,199176.0,501406.0,1010553.0,0.3972349752495981,0.1970960454325503
366-mbb-machinebasicblock-skipphisandlabels-n9-d16.pbqp,llvm,none,1000,199176.0,328727.0,837874.0,0.6059009451611824,0.23771593342197037
366-mbb-machinebasicblock-skipphisandlabels-n9-d16.pbqp,llvm,none,2000,199176.0,242387.5,751534.5,0.8217255427775773,0.26502575730056305
366-mbb-machinebasicblock-skipphisandlabels-n9-d16.pbqp,llvm,heuristic,250,11937.0,19455.0,41383.0,0.6135697764070933,0.28845177971630864
366-mbb-machinebasicblock-skipphisandlabels-n9-d16.pbqp,llvm,heuristic,500,11937.0,15385.0,37313.0,0.7758856028599285,0.3199153110176078
366-mbb-machinebasicblock-skipphisandlabels-n9-d16.pbqp,llvm,heuristic,1000,11937.0,13350.0,35278.0,0.8941573033707865,0.33836952208175064
366-mbb-machinebasicblock-skipphisandlabels-n9-d16.pbqp,llvm,heuristic,2000,11937.0,12332.5,34260.5,0.9679302655584837,0.3484187329431853
371-mbb-machinebasicblock-rfindprevdebugloc-n6-d16.pbqp,llvm,none,250,64679.0,738300.0,991356.0,0.08760530949478532,0.06524296014751511
371-mbb-machinebasicblock-rfindprevdebugloc-n6-d16.pbqp,llvm,none,500,64679.0,383978.0,637034.0,0.1684445463021319,0.10153147241748478
371-mbb-machinebasicblock-rfindprevdebugloc-n6-d16.pbqp,llvm,none,1000,64679.0,206817.0,459873.0,0.3127354134331317,0.14064535208633688
371-mbb-machinebasicblock-rfindprevdebugloc-n6-d16.pbqp,llvm,none,2000,64679.0,118236.5,371292.5,0.5470307392387291,0.17419958657931414
371-mbb-machinebasicblock-rfindprevdebugloc-n6-d16.pbqp,llvm,heuristic,250,13007.0,16504.0,32770.0,0.7881119728550654,0.3969179127250534
371-mbb-machinebasicblock-rfindprevdebugloc-n6-d16.pbqp,llvm,heuristic,500,13007.0,14566.0,30832.0,0.8929699299739119,0.42186689154125584
371-mbb-machinebasicblock-rfindprevdebugloc-n6-d16.pbqp,llvm,heuristic,1000,13007.0,13597.0,29863.0,0.9566080753107303,0.4355557043833506
371-mbb-machinebasicblock-rfindprevdebugloc-n6-d16.pbqp,llvm,heuristic,2000,13007.0,13112.5,29378.5,0.991954242135367,0.4427387375121262
373-mbb-machinebasicblock-sortuniqueliveins-n54-d17-r1.pbqp,llvm,heuristic,250,99113.0,107505.0,233307.0,0.9219385144876983,0.4248179437393649
373-mbb-machinebasicblock-sortuniqueliveins-n54-d17-r1.pbqp,llvm,heuristic,500,99113.0,102765.0,228567.0,0.9644626088648859,0.4336277765381704
373-mbb-machinebasicblock-sortuniqueliveins-n54-d17-r1.pbqp,llvm,heuristic,1000,99113.0,100395.0,226197.0,0.9872304397629365,0.43817115169520376
373-mbb-machinebasicblock-sortuniqueliveins-n54-d17-r1.pbqp,llvm,heuristic,2000,99113.0,99210.0,225012.0,0.999022275980244,0.44047873002328763
374-mbb-machinebasicblock-findbranchdebugloc-n16-d16.pbqp,llvm,heuristic,250,20286.0,20286.0,28924.0,1.0,0.7013552758954501
374-mbb-machinebasicblock-findbranchdebugloc-n16-d16.pbqp,llvm,heuristic,500,20286.0,20286.0,28924.0,1.0,0.7013552758954501
374-mbb-machinebasicblock-findbranchdebugloc-n16-d16.pbqp,llvm,heuristic,1000,20286.0,20286.0,28924.0,1.0,0.7013552758954501
374-mbb-machinebasicblock-findbranchdebugloc-n16-d16.pbqp,llvm,heuristic,2000,20286.0,20286.0,28924.0,1.0,0.7013552758954501
375-mbb-machinebasicblock-getfirstterminator-n16-d16.pbqp,llvm,heuristic,250,31865.0,46781.0,87233.0,0.6811526046899382,0.36528607293111554
375-mbb-machinebasicblock-getfirstterminator-n16-d16.pbqp,llvm,heuristic,500,31865.0,38641.0,79093.0,0.8246422194042597,0.40288015374306196
375-mbb-machinebasicblock-getfirstterminator-n16-d16.pbqp,llvm,heuristic,1000,31865.0,34571.0,75023.0,0.9217263023921785,0.42473641416632235
375-mbb-machinebasicblock-getfirstterminator-n16-d16.pbqp,llvm,heuristic,2000,31865.0,32536.0,72988.0,0.9793766904352103,0.43657861566284867
377-mbb-machinebasicblock-setsuccprobability-n4-d16.pbqp,llvm,none,250,53005.0,620387.0,847006.0,0.08543860525768593,0.06257924973376812
377-mbb-machinebasicblock-setsuccprobability-n4-d16.pbqp,llvm,none,500,53005.0,321987.0,548606.0,0.16461844732861886,0.09661760899443317
377-mbb-machinebasicblock-setsuccprobability-n4-d16.pbqp,llvm,none,1000,53005.0,172787.0,399406.0,0.3067649765317993,0.1327095737169697
377-mbb-machinebasicblock-setsuccprobability-n4-d16.pbqp,llvm,none,2000,53005.0,98187.0,324806.0,0.5398372493303594,0.16318971940173518
377-mbb-machinebasicblock-setsuccprobability-n4-d16.pbqp,llvm,heuristic,250,8507.0,8507.0,20531.0,1.0,0.4143490331693537
377-mbb-machinebasicblock-setsuccprobability-n4-d16.pbqp,llvm,heuristic,500,8507.0,8507.0,20531.0,1.0,0.4143490331693537
377-mbb-machinebasicblock-setsuccprobability-n4-d16.pbqp,llvm,heuristic,1000,8507.0,8507.0,20531.0,1.0,0.4143490331693537
377-mbb-machinebasicblock-setsuccprobability-n4-d16.pbqp,llvm,heuristic,2000,8507.0,8507.0,20531.0,1.0,0.4143490331693537
378-mbb-machinebasicblock-transfersuccessors-n20-d16.pbqp,llvm,heuristic,250,40039.0,40039.0,93028.0,1.0,0.4303972997377134
378-mbb-machinebasicblock-transfersuccessors-n20-d16.pbqp,llvm,heuristic,500,40039.0,40039.0,93028.0,1.0,0.4303972997377134
378-mbb-machinebasicblock-transfersuccessors-n20-d16.pbqp,llvm,heuristic,1000,40039.0,40039.0,93028.0,1.0,0.4303972997377134
378-mbb-machinebasicblock-transfersuccessors-n20-d16.pbqp,llvm,heuristic,2000,40039.0,40039.0,93028.0,1.0,0.4303972997377134
379-mbb-machinebasicblock-getlastnondebugins-n8-d16.pbqp,llvm,heuristic,250,16711.0,16711.0,21593.0,1.0,0.7739082109943037
379-mbb-machinebasicblock-getlastnondebugins-n8-d16.pbqp,llvm,heuristic,500,16711.0,16711.0,21593.0,1.0,0.7739082109943037
379-mbb-machinebasicblock-getlastnondebugins-n8-d16.pbqp,llvm,heuristic,1000,16711.0,16711.0,21593.0,1.0,0.7739082109943037
379-mbb-machinebasicblock-getlastnondebugins-n8-d16.pbqp,llvm,heuristic,2000,16711.0,16711.0,21593.0,1.0,0.7739082109943037
380-mbb-machinebasicblock-getfirstnondebugin-n7-d16.pbqp,llvm,heuristic,250,17654.0,17654.0,23519.0,1.0,0.7506271525149879
380-mbb-machinebasicblock-getfirstnondebugin-n7-d16.pbqp,llvm,heuristic,500,17654.0,17654.0,23519.0,1.0,0.7506271525149879
380-mbb-machinebasicblock-getfirstnondebugin-n7-d16.pbqp,llvm,heuristic,1000,17654.0,17654.0,23519.0,1.0,0.7506271525149879
380-mbb-machinebasicblock-getfirstnondebugin-n7-d16.pbqp,llvm,heuristic,2000,17654.0,17654.0,23519.0,1.0,0.7506271525149879
381-mbb-machinebasicblock-replaceusesofblock-n15-d16.pbqp,llvm,heuristic,250,26674.0,26674.0,34902.0,1.0,0.7642541974671938
381-mbb-machinebasicblock-replaceusesofblock-n15-d16.pbqp,llvm,heuristic,500,26674.0,26674.0,34902.0,1.0,0.7642541974671938
381-mbb-machinebasicblock-replaceusesofblock-n15-d16.pbqp,llvm,heuristic,1000,26674.0,26674.0,34902.0,1.0,0.7642541974671938
381-mbb-machinebasicblock-replaceusesofblock-n15-d16.pbqp,llvm,heuristic,2000,26674.0,26674.0,34902.0,1.0,0.7642541974671938
382-mbb-machinebasicblock-skipphislabelsandd-n11-d16.pbqp,llvm,heuristic,250,14594.0,14594.0,38846.0,1.0,0.37568861658858055
382-mbb-machinebasicblock-skipphislabelsandd-n11-d16.pbqp,llvm,heuristic,500,14594.0,14594.0,38846.0,1.0,0.37568861658858055
382-mbb-machinebasicblock-skipphislabelsandd-n11-d16.pbqp,llvm,heuristic,1000,14594.0,14594.0,38846.0,1.0,0.37568861658858055
382-mbb-machinebasicblock-skipphislabelsandd-n11-d16.pbqp,llvm,heuristic,2000,14594.0,14594.0,38846.0,1.0,0.37568861658858055
383-mbb-machinebasicblock-getprobabilityiter-n2-d16.pbqp,llvm,none,250,598.0,3857.0,10637.0,0.1550427793621986,0.056218858700761494
383-mbb-machinebasicblock-getprobabilityiter-n2-d16.pbqp,llvm,none,500,598.0,2041.0,8821.0,0.2929936305732484,0.06779276725994784
383-mbb-machinebasicblock-getprobabilityiter-n2-d16.pbqp,llvm,none,1000,598.0,1133.0,7913.0,0.527802294792586,0.07557184380133956
383-mbb-machinebasicblock-getprobabilityiter-n2-d16.pbqp,llvm,none,2000,598.0,679.0,7459.0,0.8807069219440353,0.08017160477275774
383-mbb-machinebasicblock-getprobabilityiter-n2-d16.pbqp,llvm,heuristic,250,1423.0,4688.0,12030.0,0.3035409556313993,0.11828761429758936
383-mbb-machinebasicblock-getprobabilityiter-n2-d16.pbqp,llvm,heuristic,500,1423.0,2872.0,10214.0,0.49547353760445684,0.13931858233796748
383-mbb-machinebasicblock-getprobabilityiter-n2-d16.pbqp,llvm,heuristic,1000,1423.0,1964.0,9306.0,0.7245417515274949,0.15291209972061037
383-mbb-machinebasicblock-getprobabilityiter-n2-d16.pbqp,llvm,heuristic,2000,1423.0,1510.0,8852.0,0.9423841059602649,0.16075463172164484
384-mbb-machinebasicblock-addsuccessorwithou-n8-d16.pbqp,llvm,none,250,71149.0,499433.0,745519.0,0.14245954912871195,0.09543552880610688
384-mbb-machinebasicblock-addsuccessorwithou-n8-d16.pbqp,llvm,none,500,71149.0,271257.0,517343.0,0.26229369196002317,0.1375277137218441
384-mbb-machinebasicblock-addsuccessorwithou-n8-d16.pbqp,llvm,none,1000,71149.0,157169.0,403255.0,0.4526910523067526,0.17643674597959108
384-mbb-machinebasicblock-addsuccessorwithou-n8-d16.pbqp,llvm,none,2000,71149.0,100125.0,346211.0,0.710601747815231,0.20550762396342115
384-mbb-machinebasicblock-addsuccessorwithou-n8-d16.pbqp,llvm,heuristic,250,12896.0,27959.0,51822.0,0.461246825709074,0.2488518389873027
384-mbb-machinebasicblock-addsuccessorwithou-n8-d16.pbqp,llvm,heuristic,500,12896.0,19819.0,43682.0,0.6506887330339574,0.29522457762922943
384-mbb-machinebasicblock-addsuccessorwithou-n8-d16.pbqp,llvm,heuristic,1000,12896.0,15749.0,39612.0,0.8188456409930789,0.32555791174391596
384-mbb-machinebasicblock-addsuccessorwithou-n8-d16.pbqp,llvm,heuristic,2000,12896.0,13714.0,37577.0,0.9403529240192504,0.3431886526332597
385-mbb-machinebasicblock-getfirstinstrtermi-n14-d16.pbqp,llvm,heuristic,250,20808.0,35891.0,73822.0,0.5797553704271265,0.28186719406139094
385-mbb-machinebasicblock-getfirstinstrtermi-n14-d16.pbqp,llvm,heuristic,500,20808.0,27751.0,65682.0,0.7498108176281936,0.31679912304741026
385-mbb-machinebasicblock-getfirstinstrtermi-n14-d16.pbqp,llvm,heuristic,1000,20808.0,23681.0,61612.0,0.8786791098348887,0.3377264169317665
385-mbb-machinebasicblock-getfirstinstrtermi-n14-d16.pbqp,llvm,heuristic,2000,20808.0,21646.0,59577.0,0.961286149866026,0.3492622992094265
386-mbb-machinebasicblock-getfirstterminator-n19-d16.pbqp,llvm,none,250,873819.0,4329265.0,6459601.0,0.2018400352022803,0.13527445425808807
386-mbb-machinebasicblock-getfirstterminator-n19-d16.pbqp,llvm,none,500,873819.0,2491383.0,4621719.0,0.3507365186324222,0.18906796367325665
386-mbb-machinebasicblock-getfirstterminator-n19-d16.pbqp,llvm,none,1000,873819.0,1572442.0,3702778.0,0.5557082550580562,0.23599011336893544
386-mbb-machinebasicblock-getfirstterminator-n19-d16.pbqp,llvm,none,2000,873819.0,1112971.5,3243307.5,0.7851225300917409,0.2694221870729186
386-mbb-machinebasicblock-getfirstterminator-n19-d16.pbqp,llvm,heuristic,250,38929.0,99583.0,159078.0,0.3909201369711698,0.24471642841876312
386-mbb-machinebasicblock-getfirstterminator-n19-d16.pbqp,llvm,heuristic,500,38929.0,67023.0,126518.0,0.5808304611849664,0.3076953476975608
386-mbb-machinebasicblock-getfirstterminator-n19-d16.pbqp,llvm,heuristic,1000,38929.0,50743.0,110238.0,0.7671797095165835,0.35313594223407535
386-mbb-machinebasicblock-getfirstterminator-n19-d16.pbqp,llvm,heuristic,2000,38929.0,42603.0,102098.0,0.9137619416473018,0.3812905247899077
387-mbb-machinebasicblock-removeliveinoverla-n45-d17.pbqp,llvm,heuristic,250,151044.0,158428.0,311727.0,0.9533920771580782,0.48453935655236796
387-mbb-machinebasicblock-removeliveinoverla-n45-d17.pbqp,llvm,heuristic,500,151044.0,154358.0,307657.0,0.9785304292618459,0.4909493364363561
387-mbb-machinebasicblock-removeliveinoverla-n45-d17.pbqp,llvm,heuristic,1000,151044.0,152323.0,305622.0,0.9916033691563323,0.4942183481555647
387-mbb-machinebasicblock-removeliveinoverla-n45-d17.pbqp,llvm,heuristic,2000,151044.0,151305.5,304604.5,0.9982717085631388,0.4958692337112551
389-mbb-machinebasicblock-removephisincoming-n5-d16.pbqp,llvm,none,250,32647.0,189008.0,348202.0,0.17272813849149243,0.09375879518210693
389-mbb-machinebasicblock-removephisincoming-n5-d16.pbqp,llvm,none,500,32647.0,104740.0,263934.0,0.3116956272675196,0.1236938022384384
389-mbb-machinebasicblock-removephisincoming-n5-d16.pbqp,llvm,none,1000,32647.0,62606.0,221800.0,0.5214675909657221,0.1471911632100992
389-mbb-machinebasicblock-removephisincoming-n5-d16.pbqp,llvm,none,2000,32647.0,41539.0,200733.0,0.785936108235634,0.16263892832767907
389-mbb-machinebasicblock-removephisincoming-n5-d16.pbqp,llvm,heuristic,250,4779.0,4779.0,9558.0,1.0,0.5
389-mbb-machinebasicblock-removephisincoming-n5-d16.pbqp,llvm,heuristic,500,4779.0,4779.0,9558.0,1.0,0.5
389-mbb-machinebasicblock-removephisincoming-n5-d16.pbqp,llvm,heuristic,1000,4779.0,4779.0,9558.0,1.0,0.5
389-mbb-machinebasicblock-removephisincoming-n5-d16.pbqp,llvm,heuristic,2000,4779.0,4779.0,9558.0,1.0,0.5
390-mbb-machinebasicblock-erase-n12-d16.pbqp,llvm,heuristic,250,23529.0,38546.0,72150.0,0.6104135318839827,0.3261122661122661
390-mbb-machinebasicblock-erase-n12-d16.pbqp,llvm,heuristic,500,23529.0,30406.0,64010.0,0.7738275340393344,0.3675831901265427
390-mbb-machinebasicblock-erase-n12-d16.pbqp,llvm,heuristic,1000,23529.0,26336.0,59940.0,0.8934158566221142,0.39254254254254256
390-mbb-machinebasicblock-erase-n12-d16.pbqp,llvm,heuristic,2000,23529.0,24301.0,57905.0,0.9682317600098761,0.40633796736033156
391-mbb-machinebasicblock-insert-n10-d16.pbqp,llvm,none,250,164923.0,1218238.0,1782317.0,0.13537830867203288,0.09253292203351031
391-mbb-machinebasicblock-insert-n10-d16.pbqp,llvm,none,500,164923.0,661510.0,1225589.0,0.24931293555652975,0.1345663187251191
391-mbb-machinebasicblock-insert-n10-d16.pbqp,llvm,none,1000,164923.0,383146.0,947225.0,0.4304442692863817,0.1741117474728813
391-mbb-machinebasicblock-insert-n10-d16.pbqp,llvm,none,2000,164923.0,243964.0,808043.0,0.6760136741486449,0.20410176191118543
391-mbb-machinebasicblock-insert-n10-d16.pbqp,llvm,heuristic,250,18353.0,33441.0,64482.0,0.5488173200562184,0.2846220650724233
391-mbb-machinebasicblock-insert-n10-d16.pbqp,llvm,heuristic,500,18353.0,25301.0,56342.0,0.7253863483656773,0.32574278513364807
391-mbb-machinebasicblock-insert-n10-d16.pbqp,llvm,heuristic,1000,18353.0,21231.0,52272.0,0.8644435024256982,0.35110575451484544
391-mbb-machinebasicblock-insert-n10-d16.pbqp,llvm,heuristic,2000,18353.0,19196.0,50237.0,0.956084600958533,0.3653283436510938
393-mbb-machinebasicblock-splitat-n39-d16-r1.pbqp,llvm,heuristic,250,93221.0,126979.0,225473.0,0.7341450161050252,0.4134463993471502
393-mbb-machinebasicblock-splitat-n39-d16-r1.pbqp,llvm,heuristic,500,93221.0,108611.0,207105.0,0.8583016453213763,0.45011467613046524
393-mbb-machinebasicblock-splitat-n39-d16-r1.pbqp,llvm,heuristic,1000,93221.0,99427.0,197921.0,0.9375823468474358,0.4710010559768797
393-mbb-machinebasicblock-splitat-n39-d16-r1.pbqp,llvm,heuristic,2000,93221.0,94835.0,193329.0,0.9829809669425845,0.48218839387779383
396-mbb-machinebasicblock-moveafter-n7-d16.pbqp,llvm,none,250,233137.0,2349337.0,3176120.0,0.09923523104603554,0.07340308300693929
396-mbb-machinebasicblock-moveafter-n7-d16.pbqp,llvm,none,500,233137.0,1245895.0,2072678.0,0.187124115595616,0.11248105108463544
396-mbb-machinebasicblock-moveafter-n7-d16.pbqp,llvm,none,1000,233137.0,694174.0,1520957.0,0.3358480726734219,0.1532830974182702
396-mbb-machinebasicblock-moveafter-n7-d16.pbqp,llvm,none,2000,233137.0,418313.5,1245096.5,0.5573260246202908,0.18724412123879555
396-mbb-machinebasicblock-moveafter-n7-d16.pbqp,llvm,heuristic,250,12276.0,15742.0,36117.0,0.7798246728497015,0.33989534014453027
396-mbb-machinebasicblock-moveafter-n7-d16.pbqp,llvm,heuristic,500,12276.0,13804.0,34179.0,0.8893074471167778,0.3591679101202493
396-mbb-machinebasicblock-moveafter-n7-d16.pbqp,llvm,heuristic,1000,12276.0,12835.0,33210.0,0.9564472146474484,0.36964769647696477
396-mbb-machinebasicblock-moveafter-n7-d16.pbqp,llvm,heuristic,2000,12276.0,12350.5,32725.5,0.9939678555524067,0.3751203190172801
397-mbb-machinebasicblock-machinebasicblock-n13-d17.pbqp,llvm,none,250,120168.0,1036056.0,1398261.0,0.11598600847830619,0.08594103675923165
397-mbb-machinebasicblock-machinebasicblock-n13-d17.pbqp,llvm,none,500,120168.0,553742.0,915947.0,0.21701081008845274,0.13119536392389516
397-mbb-machinebasicblock-machinebasicblock-n13-d17.pbqp,llvm,none,1000,120168.0,312585.0,674790.0,0.3844330342146936,0.17808206997732628
397-mbb-machinebasicblock-machinebasicblock-n13-d17.pbqp,llvm,none,2000,120168.0,192006.5,554211.5,0.6258538122407314,0.21682696948728059
397-mbb-machinebasicblock-machinebasicblock-n13-d17.pbqp,llvm,heuristic,250,36581.0,116413.0,171009.0,0.3142346645134135,0.21391271804407955
397-mbb-machinebasicblock-machinebasicblock-n13-d17.pbqp,llvm,heuristic,500,36581.0,74121.0,128717.0,0.49353084820766047,0.28419711460024705
397-mbb-machinebasicblock-machinebasicblock-n13-d17.pbqp,llvm,heuristic,1000,36581.0,52975.0,107571.0,0.690533270410571,0.34006377183441633
397-mbb-machinebasicblock-machinebasicblock-n13-d17.pbqp,llvm,heuristic,2000,36581.0,42402.0,96998.0,0.8627187396820905,0.3771314872471597
398-mbb-machinebasicblock-machinebasicblock-n11-d16.pbqp,llvm,none,250,10931.0,97458.0,134074.0,0.11216113607913153,0.0815296030550293
398-mbb-machinebasicblock-machinebasicblock-n11-d16.pbqp,llvm,none,500,10931.0,50874.0,87490.0,0.21486417423438298,0.12493999314207338
398-mbb-machinebasicblock-machinebasicblock-n11-d16.pbqp,llvm,none,1000,10931.0,27582.0,64198.0,0.3963091871510405,0.17027010187233246
398-mbb-machinebasicblock-machinebasicblock-n11-d16.pbqp,llvm,none,2000,10931.0,15936.0,52552.0,0.6859312248995983,0.20800350129395645
398-mbb-machinebasicblock-machinebasicblock-n11-d16.pbqp,llvm,heuristic,250,23849.0,111139.0,157293.0,0.21458713862820433,0.15162149618864157
398-mbb-machinebasicblock-machinebasicblock-n11-d16.pbqp,llvm,heuristic,500,23849.0,64555.0,110709.0,0.36943691425915887,0.2154206071773749
398-mbb-machinebasicblock-machinebasicblock-n11-d16.pbqp,llvm,heuristic,1000,23849.0,41263.0,87417.0,0.5779754259263747,0.2728187881075763
398-mbb-machinebasicblock-machinebasicblock-n11-d16.pbqp,llvm,heuristic,2000,23849.0,29617.0,75771.0,0.8052469865280075,0.31475102611817185
399-mbb-llvm-printmbbreference-n2-d16.pbqp,llvm,none,250,671.0,4195.0,10370.0,0.15995232419547079,0.06470588235294118
399-mbb-llvm-printmbbreference-n2-d16.pbqp,llvm,none,500,671.0,2257.0,8432.0,0.2972972972972973,0.07957779886148007
399-mbb-llvm-printmbbreference-n2-d16.pbqp,llvm,none,1000,671.0,1288.0,7463.0,0.5209627329192547,0.08991022377060164
399-mbb-llvm-printmbbreference-n2-d16.pbqp,llvm,none,2000,671.0,803.5,6978.5,0.835096453018046,0.09615246829547897
399-mbb-llvm-printmbbreference-n2-d16.pbqp,llvm,heuristic,250,1584.0,5023.0,12482.0,0.3153493927931515,0.12690273994552156
399-mbb-llvm-printmbbreference-n2-d16.pbqp,llvm,heuristic,500,1584.0,3085.0,10544.0,0.513452188006483,0.15022761760242792
399-mbb-llvm-printmbbreference-n2-d16.pbqp,llvm,heuristic,1000,1584.0,2116.0,9575.0,0.7485822306238186,0.1654308093994778
399-mbb-llvm-printmbbreference-n2-d16.pbqp,llvm,heuristic,2000,1584.0,1631.5,9090.5,0.9708856880171621,0.17424784115285188
400-mbb-bumpptrallocatorimpl-allocateslow-n17-d16.pbqp,llvm,heuristic,250,27598.0,34815.0,86343.0,0.7927042941260951,0.31963216473831113
400-mbb-bumpptrallocatorimpl-allocateslow-n17-d16.pbqp,llvm,heuristic,500,27598.0,30889.0,82417.0,0.8934572177797921,0.3348580996639043
400-mbb-bumpptrallocatorimpl-allocateslow-n17-d16.pbqp,llvm,heuristic,1000,27598.0,28926.0,80454.0,0.9540897462490493,0.34302831431625525
400-mbb-bumpptrallocatorimpl-allocateslow-n17-d16.pbqp,llvm,heuristic,2000,27598.0,27944.5,79472.5,0.9876004222655621,0.3472647771241624
402-mbb-ilist-callback-traits-addnodetolist-n15-d16-r1.pbqp,llvm,heuristic,250,20483.0,29565.0,65481.0,0.6928124471503467,0.3128082955361097
402-mbb-ilist-callback-traits-addnodetolist-n15-d16-r1.pbqp,llvm,heuristic,500,20483.0,24513.0,60429.0,0.8355974380940725,0.33895977097089147
402-mbb-ilist-callback-traits-addnodetolist-n15-d16-r1.pbqp,llvm,heuristic,1000,20483.0,21987.0,57903.0,0.9315959430572611,0.3537467834136401
402-mbb-ilist-callback-traits-addnodetolist-n15-d16-r1.pbqp,llvm,heuristic,2000,20483.0,20724.0,56640.0,0.9883709708550473,0.3616348870056497
403-mbb-ilist-callback-traits-removenodefrom-n4-d16.pbqp,llvm,none,250,5942.0,83737.0,105029.0,0.07096026845958178,0.05657485075550562
403-mbb-ilist-callback-traits-removenodefrom-n4-d16.pbqp,llvm,none,500,5942.0,43139.0,64431.0,0.1377407913952572,0.0922226878366004
403-mbb-ilist-callback-traits-removenodefrom-n4-d16.pbqp,llvm,none,1000,5942.0,22840.0,44132.0,0.26015761821366024,0.13464152995558779
403-mbb-ilist-callback-traits-removenodefrom-n4-d16.pbqp,llvm,none,2000,5942.0,12690.5,33982.5,0.4682242622434104,0.17485470462738173
403-mbb-ilist-callback-traits-removenodefrom-n4-d16.pbqp,llvm,heuristic,250,16768.0,94485.0,122692.0,0.1774673228554797,0.13666742737912824
403-mbb-ilist-callback-traits-removenodefrom-n4-d16.pbqp,llvm,heuristic,500,16768.0,53887.0,82094.0,0.3111696698647169,0.20425366043803445
403-mbb-ilist-callback-traits-removenodefrom-n4-d16.pbqp,llvm,heuristic,1000,16768.0,33588.0,61795.0,0.4992259140169108,0.2713488146290153
403-mbb-ilist-callback-traits-removenodefrom-n4-d16.pbqp,llvm,heuristic,2000,16768.0,23438.5,51645.5,0.7154041427565757,0.32467494747848313
404-mbb-smallvectortemplatebase-growandpushb-n6-d16.pbqp,llvm,none,250,69374.0,567883.0,822655.0,0.12216248769552883,0.08432939689177116
404-mbb-smallvectortemplatebase-growandpushb-n6-d16.pbqp,llvm,none,500,69374.0,305033.0,559805.0,0.22743113040228435,0.12392529541536786
404-mbb-smallvectortemplatebase-growandpushb-n6-d16.pbqp,llvm,none,1000,69374.0,173608.0,428380.0,0.3996014008571034,0.16194500210093843
404-mbb-smallvectortemplatebase-growandpushb-n6-d16.pbqp,llvm,none,2000,69374.0,107895.5,362667.5,0.6429739887205675,0.19128816340035984
404-mbb-smallvectortemplatebase-growandpushb-n6-d16.pbqp,llvm,heuristic,250,9416.0,9416.0,14641.0,1.0,0.6431254695717505
404-mbb-smallvectortemplatebase-growandpushb-n6-d16.pbqp,llvm,heuristic,500,9416.0,9416.0,14641.0,1.0,0.6431254695717505
404-mbb-smallvectortemplatebase-growandpushb-n6-d16.pbqp,llvm,heuristic,1000,9416.0,9416.0,14641.0,1.0,0.6431254695717505
404-mbb-smallvectortemplatebase-growandpushb-n6-d16.pbqp,llvm,heuristic,2000,9416.0,9416.0,14641.0,1.0,0.6431254695717505
405-mbb-smallvectortemplatebase-growandpushb-n6-d16.pbqp,llvm,none,250,67719.0,565975.0,832183.0,0.11965016122620258,0.08137513022976918
405-mbb-smallvectortemplatebase-growandpushb-n6-d16.pbqp,llvm,none,500,67719.0,303125.0,569333.0,0.22340288659793814,0.11894444903070786
405-mbb-smallvectortemplatebase-growandpushb-n6-d16.pbqp,llvm,none,1000,67719.0,171700.0,437908.0,0.39440302853814796,0.1546420709372745
405-mbb-smallvectortemplatebase-growandpushb-n6-d16.pbqp,llvm,none,2000,67719.0,105987.5,372195.5,0.6389338365373275,0.18194470379142144
405-mbb-smallvectortemplatebase-growandpushb-n6-d16.pbqp,llvm,heuristic,250,9114.0,9114.0,14812.0,1.0,0.6153119092627599
405-mbb-smallvectortemplatebase-growandpushb-n6-d16.pbqp,llvm,heuristic,500,9114.0,9114.0,14812.0,1.0,0.6153119092627599
405-mbb-smallvectortemplatebase-growandpushb-n6-d16.pbqp,llvm,heuristic,1000,9114.0,9114.0,14812.0,1.0,0.6153119092627599
405-mbb-smallvectortemplatebase-growandpushb-n6-d16.pbqp,llvm,heuristic,2000,9114.0,9114.0,14812.0,1.0,0.6153119092627599
406-mbb-smallvectortemplatebase-growandpushb-n6-d16.pbqp,llvm,none,250,68263.0,567517.0,834444.0,0.12028362145979768,0.08180656820589519
406-mbb-smallvectortemplatebase-growandpushb-n6-d16.pbqp,llvm,none,500,68263.0,304667.0,571594.0,0.22405774173113596,0.11942567626672078
406-mbb-smallvectortemplatebase-growandpushb-n6-d16.pbqp,llvm,none,1000,68263.0,173242.0,440169.0,0.39403262488311147,0.15508361561127657
406-mbb-smallvectortemplatebase-growandpushb-n6-d16.pbqp,llvm,none,2000,68263.0,107529.5,374456.5,0.6348304418787403,0.18229887850791748
406-mbb-smallvectortemplatebase-growandpushb-n6-d16.pbqp,llvm,heuristic,250,8629.0,8629.0,15075.0,1.0,0.5724046434494195
406-mbb-smallvectortemplatebase-growandpushb-n6-d16.pbqp,llvm,heuristic,500,8629.0,8629.0,15075.0,1.0,0.5724046434494195
406-mbb-smallvectortemplatebase-growandpushb-n6-d16.pbqp,llvm,heuristic,1000,8629.0,8629.0,15075.0,1.0,0.5724046434494195
406-mbb-smallvectortemplatebase-growandpushb-n6-d16.pbqp,llvm,heuristic,2000,8629.0,8629.0,15075.0,1.0,0.5724046434494195
407-mbb-smallvectortemplatebase-growandpushb-n6-d16.pbqp,llvm,none,250,67380.0,564515.0,819926.0,0.11935909586104887,0.08217814778406832
407-mbb-smallvectortemplatebase-growandpushb-n6-d16.pbqp,llvm,none,500,67380.0,301665.0,557076.0,0.22336035005718263,0.12095297589556901
407-mbb-smallvectortemplatebase-growandpushb-n6-d16.pbqp,llvm,none,1000,67380.0,170240.0,425651.0,0.3957941729323308,0.15829870010877456
407-mbb-smallvectortemplatebase-growandpushb-n6-d16.pbqp,llvm,none,2000,67380.0,104527.5,359938.5,0.6446150534548325,0.18719864643543271
407-mbb-smallvectortemplatebase-growandpushb-n6-d16.pbqp,llvm,heuristic,250,8776.0,8776.0,17059.0,1.0,0.5144498505187878
407-mbb-smallvectortemplatebase-growandpushb-n6-d16.pbqp,llvm,heuristic,500,8776.0,8776.0,17059.0,1.0,0.5144498505187878
407-mbb-smallvectortemplatebase-growandpushb-n6-d16.pbqp,llvm,heuristic,1000,8776.0,8776.0,17059.0,1.0,0.5144498505187878
407-mbb-smallvectortemplatebase-growandpushb-n6-d16.pbqp,llvm,heuristic,2000,8776.0,8776.0,17059.0,1.0,0.5144498505187878
408-mbb-smallvectortemplatebase-growandpushb-n7-d16.pbqp,llvm,none,250,230674.0,1678203.0,2524841.0,0.13745297797703854,0.09136179268318283
408-mbb-smallvectortemplatebase-growandpushb-n7-d16.pbqp,llvm,none,500,230674.0,917043.0,1763681.0,0.25154109458335105,0.13079122585093336
408-mbb-smallvectortemplatebase-growandpushb-n7-d16.pbqp,llvm,none,1000,230674.0,536463.0,1383101.0,0.4299905119271972,0.16678030020945686
408-mbb-smallvectortemplatebase-growandpushb-n7-d16.pbqp,llvm,none,2000,230674.0,346173.0,1192811.0,0.6663546839297114,0.19338688191171946
408-mbb-smallvectortemplatebase-growandpushb-n7-d16.pbqp,llvm,heuristic,250,9804.0,9804.0,14449.0,1.0,0.6785244653609246
408-mbb-smallvectortemplatebase-growandpushb-n7-d16.pbqp,llvm,heuristic,500,9804.0,9804.0,14449.0,1.0,0.6785244653609246
408-mbb-smallvectortemplatebase-growandpushb-n7-d16.pbqp,llvm,heuristic,1000,9804.0,9804.0,14449.0,1.0,0.6785244653609246
408-mbb-smallvectortemplatebase-growandpushb-n7-d16.pbqp,llvm,heuristic,2000,9804.0,9804.0,14449.0,1.0,0.6785244653609246
409-mbb-smallvectortemplatebase-growandpushb-n7-d16.pbqp,llvm,none,250,257049.0,1702549.0,2508586.0,0.15097891455693785,0.10246768498269543
409-mbb-smallvectortemplatebase-growandpushb-n7-d16.pbqp,llvm,none,500,257049.0,941389.0,1747426.0,0.27305290374117397,0.14710150816114673
409-mbb-smallvectortemplatebase-growandpushb-n7-d16.pbqp,llvm,none,1000,257049.0,560809.0,1366846.0,0.4583539137210708,0.1880599570105191
409-mbb-smallvectortemplatebase-growandpushb-n7-d16.pbqp,llvm,none,2000,257049.0,370519.0,1176556.0,0.6937538965613099,0.21847578865774345
409-mbb-smallvectortemplatebase-growandpushb-n7-d16.pbqp,llvm,heuristic,250,9943.0,9943.0,16523.0,1.0,0.6017672335532288
409-mbb-smallvectortemplatebase-growandpushb-n7-d16.pbqp,llvm,heuristic,500,9943.0,9943.0,16523.0,1.0,0.6017672335532288
409-mbb-smallvectortemplatebase-growandpushb-n7-d16.pbqp,llvm,heuristic,1000,9943.0,9943.0,16523.0,1.0,0.6017672335532288
409-mbb-smallvectortemplatebase-growandpushb-n7-d16.pbqp,llvm,heuristic,2000,9943.0,9943.0,16523.0,1.0,0.6017672335532288
410-mbb-smallvectortemplatebase-growandpushb-n7-d16.pbqp,llvm,none,250,253219.0,1701230.0,2503431.0,0.14884465945227865,0.1011487834096486
410-mbb-smallvectortemplatebase-growandpushb-n7-d16.pbqp,llvm,none,500,253219.0,940070.0,1742271.0,0.26936185603199764,0.14533846915893106
410-mbb-smallvectortemplatebase-growandpushb-n7-d16.pbqp,llvm,none,1000,253219.0,559490.0,1361691.0,0.45258896495022255,0.18595922276052348
410-mbb-smallvectortemplatebase-growandpushb-n7-d16.pbqp,llvm,none,2000,253219.0,369200.0,1171401.0,0.6858586132177682,0.21616764882392964
410-mbb-smallvectortemplatebase-growandpushb-n7-d16.pbqp,llvm,heuristic,250,10538.0,10538.0,15045.0,1.0,0.7004320372216684
410-mbb-smallvectortemplatebase-growandpushb-n7-d16.pbqp,llvm,heuristic,500,10538.0,10538.0,15045.0,1.0,0.7004320372216684
410-mbb-smallvectortemplatebase-growandpushb-n7-d16.pbqp,llvm,heuristic,1000,10538.0,10538.0,15045.0,1.0,0.7004320372216684
410-mbb-smallvectortemplatebase-growandpushb-n7-d16.pbqp,llvm,heuristic,2000,10538.0,10538.0,15045.0,1.0,0.7004320372216684
411-mbb-opt-opt-n7-d16.pbqp,llvm,none,250,3377.0,26256.0,41700.0,0.12861822059719683,0.0809832134292566
411-mbb-opt-opt-n7-d16.pbqp,llvm,none,500,3377.0,13922.0,29366.0,0.24256572331561557,0.11499693523121977
411-mbb-opt-opt-n7-d16.pbqp,llvm,none,1000,3377.0,7755.0,23199.0,0.43546099290780144,0.14556661925082978
411-mbb-opt-opt-n7-d16.pbqp,llvm,none,2000,3377.0,4671.5,20115.5,0.7228941453494595,0.16788049016927245
411-mbb-opt-opt-n7-d16.pbqp,llvm,heuristic,250,7916.0,30721.0,45762.0,0.2576739038442759,0.172981950089594
411-mbb-opt-opt-n7-d16.pbqp,llvm,heuristic,500,7916.0,18387.0,33428.0,0.4305215641485832,0.23680746679430417
411-mbb-opt-opt-n7-d16.pbqp,llvm,heuristic,1000,7916.0,12220.0,27261.0,0.6477905073649755,0.2903781959575951
411-mbb-opt-opt-n7-d16.pbqp,llvm,heuristic,2000,7916.0,9136.5,24177.5,0.866414929130411,0.3274118498604074
412-mbb-llvm-buildmi-n19-d17.pbqp,llvm,heuristic,250,35620.0,42909.0,92179.0,0.8301288773916894,0.3864220701027349
412-mbb-llvm-buildmi-n19-d17.pbqp,llvm,heuristic,500,35620.0,38983.0,88253.0,0.9137316266064694,0.40361234179008076
412-mbb-llvm-buildmi-n19-d17.pbqp,llvm,heuristic,1000,35620.0,37020.0,86290.0,0.9621826039978391,0.4127940665198748
412-mbb-llvm-buildmi-n19-d17.pbqp,llvm,heuristic,2000,35620.0,36038.5,85308.5,0.9883874190102252,0.4175433866496305
414-mbb-smallset-insertimpl-n37-d16-r1.pbqp,llvm,heuristic,250,79347.0,130077.0,220630.0,0.6100002306326253,0.35963830848026107
414-mbb-smallset-insertimpl-n37-d16-r1.pbqp,llvm,heuristic,500,79347.0,103011.0,193564.0,0.7702769607129336,0.4099264326011035
414-mbb-smallset-insertimpl-n37-d16-r1.pbqp,llvm,heuristic,1000,79347.0,89478.0,180031.0,0.8867766378327634,0.44074076131332934
414-mbb-smallset-insertimpl-n37-d16-r1.pbqp,llvm,heuristic,2000,79347.0,82711.5,173264.5,0.9593224642280699,0.4579530140334575
415-mbb-setvector-insert-n20-d16.pbqp,llvm,heuristic,250,42427.0,49901.0,112946.0,0.8502234424159837,0.37563968622173427
415-mbb-setvector-insert-n20-d16.pbqp,llvm,heuristic,500,42427.0,45831.0,108876.0,0.9257271279265126,0.38968183989125244
415-mbb-setvector-insert-n20-d16.pbqp,llvm,heuristic,1000,42427.0,43796.0,106841.0,0.9687414375742077,0.39710410797353074
415-mbb-setvector-insert-n20-d16.pbqp,llvm,heuristic,2000,42427.0,42778.5,105823.5,0.9917832556073729,0.40092229041753485
416-mbb-setvector-remove-n37-d16.pbqp,llvm,heuristic,250,117802.0,117802.0,193942.0,1.0,0.607408400449619
416-mbb-setvector-remove-n37-d16.pbqp,llvm,heuristic,500,117802.0,117802.0,193942.0,1.0,0.607408400449619
416-mbb-setvector-remove-n37-d16.pbqp,llvm,heuristic,1000,117802.0,117802.0,193942.0,1.0,0.607408400449619
416-mbb-setvector-remove-n37-d16.pbqp,llvm,heuristic,2000,117802.0,117802.0,193942.0,1.0,0.607408400449619
417-mbb-llvm-operator-n2-d15.pbqp,llvm,none,250,608.0,2754.0,8925.0,0.22076978939724037,0.06812324929971988
417-mbb-llvm-operator-n2-d15.pbqp,llvm,none,500,608.0,1538.0,7709.0,0.3953185955786736,0.07886885458554936
417-mbb-llvm-operator-n2-d15.pbqp,llvm,none,1000,608.0,930.0,7101.0,0.6537634408602151,0.08562174341642022
417-mbb-llvm-operator-n2-d15.pbqp,llvm,none,2000,608.0,626.0,6797.0,0.9712460063897763,0.08945122848315433
417-mbb-llvm-operator-n2-d15.pbqp,llvm,heuristic,250,1250.0,3386.0,10280.0,0.3691671588895452,0.12159533073929961
417-mbb-llvm-operator-n2-d15.pbqp,llvm,heuristic,500,1250.0,2170.0,9064.0,0.576036866359447,0.1379082082965578
417-mbb-llvm-operator-n2-d15.pbqp,llvm,heuristic,1000,1250.0,1562.0,8456.0,0.8002560819462228,0.1478240302743614
417-mbb-llvm-operator-n2-d15.pbqp,llvm,heuristic,2000,1250.0,1258.0,8152.0,0.9936406995230525,0.15333660451422965
420-mbb-slotindexes-getinstructionindex-n20-d16.pbqp,llvm,heuristic,250,56449.0,56449.0,64772.0,1.0,0.8715031186315074
420-mbb-slotindexes-getinstructionindex-n20-d16.pbqp,llvm,heuristic,500,56449.0,56449.0,64772.0,1.0,0.8715031186315074
420-mbb-slotindexes-getinstructionindex-n20-d16.pbqp,llvm,heuristic,1000,56449.0,56449.0,64772.0,1.0,0.8715031186315074
420-mbb-slotindexes-getinstructionindex-n20-d16.pbqp,llvm,heuristic,2000,56449.0,56449.0,64772.0,1.0,0.8715031186315074
421-mbb-machinebasicblock-getfullname-abi-cx-n35-d16.pbqp,llvm,heuristic,250,84098.0,140972.0,239602.0,0.5965581817665919,0.3509903924007312
421-mbb-machinebasicblock-getfullname-abi-cx-n35-d16.pbqp,llvm,heuristic,500,84098.0,110250.0,208880.0,0.7627936507936508,0.40261394101876674
421-mbb-machinebasicblock-getfullname-abi-cx-n35-d16.pbqp,llvm,heuristic,1000,84098.0,94889.0,193519.0,0.8862776507287462,0.4345723158966303
421-mbb-machinebasicblock-getfullname-abi-cx-n35-d16.pbqp,llvm,heuristic,2000,84098.0,87208.5,185838.5,0.9643326051933011,0.45253270985290994
422-mbb-machinebasicblock-issuccessor-n10-d16.pbqp,llvm,none,250,1001162.0,6614845.0,9250642.0,0.15135078750900438,0.10822621824517693
422-mbb-machinebasicblock-issuccessor-n10-d16.pbqp,llvm,none,500,1001162.0,3664689.0,6300486.0,0.2731915313959793,0.15890234499370365
422-mbb-machinebasicblock-issuccessor-n10-d16.pbqp,llvm,none,1000,1001162.0,2189611.0,4825408.0,0.4572328144131538,0.2074771708423412
422-mbb-machinebasicblock-issuccessor-n10-d16.pbqp,llvm,none,2000,1001162.0,1452072.0,4087869.0,0.6894713209813288,0.24491049003771892
422-mbb-machinebasicblock-issuccessor-n10-d16.pbqp,llvm,heuristic,250,27189.0,61815.0,96690.0,0.43984469788886194,0.28119764194849517
422-mbb-machinebasicblock-issuccessor-n10-d16.pbqp,llvm,heuristic,500,27189.0,43691.0,78566.0,0.6223020759424138,0.3460657281775832
422-mbb-machinebasicblock-issuccessor-n10-d16.pbqp,llvm,heuristic,1000,27189.0,34629.0,69504.0,0.7851511738716105,0.3911861187845304
422-mbb-machinebasicblock-issuccessor-n10-d16.pbqp,llvm,heuristic,2000,27189.0,30098.0,64973.0,0.9033490597381886,0.41846613208563554
423-mbb-machinebasicblock-getendsymbol-n9-d16.pbqp,llvm,none,250,32660.0,399307.0,531921.0,0.08179170412740072,0.061400095126907944
423-mbb-machinebasicblock-getendsymbol-n9-d16.pbqp,llvm,none,500,32660.0,207857.0,340471.0,0.1571272557575641,0.0959259378919203
423-mbb-machinebasicblock-getendsymbol-n9-d16.pbqp,llvm,none,1000,32660.0,112132.0,244746.0,0.2912638675846324,0.13344446895965614
423-mbb-machinebasicblock-getendsymbol-n9-d16.pbqp,llvm,none,2000,32660.0,64269.5,196883.5,0.5081726168711441,0.16588490147726956
423-mbb-machinebasicblock-getendsymbol-n9-d16.pbqp,llvm,heuristic,250,29271.0,99603.0,155688.0,0.2938766904611307,0.18801063665793125
423-mbb-machinebasicblock-getendsymbol-n9-d16.pbqp,llvm,heuristic,500,29271.0,62321.0,118406.0,0.4696811668618925,0.2472087563130247
423-mbb-machinebasicblock-getendsymbol-n9-d16.pbqp,llvm,heuristic,1000,29271.0,43680.0,99765.0,0.6701236263736263,0.2933994887986769
423-mbb-machinebasicblock-getendsymbol-n9-d16.pbqp,llvm,heuristic,2000,29271.0,34359.5,90444.5,0.8519041313173941,0.3236349363421767
424-mbb-machinebasicblock-isentryblock-n3-d16.pbqp,llvm,none,250,639.0,4188.0,10039.0,0.15257879656160458,0.06365175814324135
424-mbb-machinebasicblock-isentryblock-n3-d16.pbqp,llvm,none,500,639.0,2250.0,8101.0,0.284,0.07887915072213307
424-mbb-machinebasicblock-isentryblock-n3-d16.pbqp,llvm,none,1000,639.0,1281.0,7132.0,0.49882903981264637,0.0895961862030286
424-mbb-machinebasicblock-isentryblock-n3-d16.pbqp,llvm,none,2000,639.0,796.5,6647.5,0.8022598870056498,0.0961263632944716
424-mbb-machinebasicblock-isentryblock-n3-d16.pbqp,llvm,heuristic,250,1483.0,5050.0,11103.0,0.29366336633663365,0.13356750427812303
424-mbb-machinebasicblock-isentryblock-n3-d16.pbqp,llvm,heuristic,500,1483.0,3112.0,9165.0,0.47654241645244216,0.16181123840698308
424-mbb-machinebasicblock-isentryblock-n3-d16.pbqp,llvm,heuristic,1000,1483.0,2143.0,8196.0,0.6920205319645357,0.18094192288921426
424-mbb-machinebasicblock-isentryblock-n3-d16.pbqp,llvm,heuristic,2000,1483.0,1658.5,7711.5,0.894181489297558,0.19231018608571615
425-mbb-machinebasicblock-livein-begin-n2-d16.pbqp,llvm,none,250,119.0,119.0,750.0,1.0,0.15866666666666668
425-mbb-machinebasicblock-livein-begin-n2-d16.pbqp,llvm,none,500,119.0,119.0,750.0,1.0,0.15866666666666668
425-mbb-machinebasicblock-livein-begin-n2-d16.pbqp,llvm,none,1000,119.0,119.0,750.0,1.0,0.15866666666666668
425-mbb-machinebasicblock-livein-begin-n2-d16.pbqp,llvm,none,2000,119.0,119.0,750.0,1.0,0.15866666666666668
425-mbb-machinebasicblock-livein-begin-n2-d16.pbqp,llvm,heuristic,250,384.0,384.0,1325.0,1.0,0.289811320754717
425-mbb-machinebasicblock-livein-begin-n2-d16.pbqp,llvm,heuristic,500,384.0,384.0,1325.0,1.0,0.289811320754717
425-mbb-machinebasicblock-livein-begin-n2-d16.pbqp,llvm,heuristic,1000,384.0,384.0,1325.0,1.0,0.289811320754717
425-mbb-machinebasicblock-livein-begin-n2-d16.pbqp,llvm,heuristic,2000,384.0,384.0,1325.0,1.0,0.289811320754717
426-mbb-machinebasicblock-ispredecessor-n10-d16.pbqp,llvm,none,250,967606.0,6585644.0,9240222.0,0.14692655722052392,0.104716748147393
426-mbb-machinebasicblock-ispredecessor-n10-d16.pbqp,llvm,none,500,967606.0,3635488.0,6290066.0,0.2661557403022648,0.15383081830937864
426-mbb-machinebasicblock-ispredecessor-n10-d16.pbqp,llvm,none,1000,967606.0,2160410.0,4814988.0,0.4478807263436107,0.20095709480480534
426-mbb-machinebasicblock-ispredecessor-n10-d16.pbqp,llvm,none,2000,967606.0,1422871.0,4077449.0,0.6800377546523895,0.23730670818936056
426-mbb-machinebasicblock-ispredecessor-n10-d16.pbqp,llvm,heuristic,250,27887.0,62524.0,98354.0,0.44602072804043247,0.28353701933830855
426-mbb-machinebasicblock-ispredecessor-n10-d16.pbqp,llvm,heuristic,500,27887.0,44400.0,80230.0,0.6280855855855856,0.34758818397108315
426-mbb-machinebasicblock-ispredecessor-n10-d16.pbqp,llvm,heuristic,1000,27887.0,35338.0,71168.0,0.789150489557983,0.3918474595323741
426-mbb-machinebasicblock-ispredecessor-n10-d16.pbqp,llvm,heuristic,2000,27887.0,30807.0,66637.0,0.9052163469341383,0.41849122859672555
427-mbb-machinebasicblock-liveout-begin-n23-d16.pbqp,llvm,heuristic,250,48344.0,48344.0,113628.0,1.0,0.42545851374661176
427-mbb-machinebasicblock-liveout-begin-n23-d16.pbqp,llvm,heuristic,500,48344.0,48344.0,113628.0,1.0,0.42545851374661176
427-mbb-machinebasicblock-liveout-begin-n23-d16.pbqp,llvm,heuristic,1000,48344.0,48344.0,113628.0,1.0,0.42545851374661176
427-mbb-machinebasicblock-liveout-begin-n23-d16.pbqp,llvm,heuristic,2000,48344.0,48344.0,113628.0,1.0,0.42545851374661176
428-mbb-machinebasicblock-printasoperand-n7-d16.pbqp,llvm,none,250,89900.0,633065.0,968080.0,0.142007534771311,0.09286422609701678
428-mbb-machinebasicblock-printasoperand-n7-d16.pbqp,llvm,none,500,89900.0,343657.0,678672.0,0.2615980468897767,0.13246457788150978
428-mbb-machinebasicblock-printasoperand-n7-d16.pbqp,llvm,none,1000,89900.0,198953.0,533968.0,0.45186551597613506,0.16836214904263927
428-mbb-machinebasicblock-printasoperand-n7-d16.pbqp,llvm,none,2000,89900.0,126601.0,461616.0,0.7101049754741274,0.1947506152299747
428-mbb-machinebasicblock-printasoperand-n7-d16.pbqp,llvm,heuristic,250,8238.0,9697.0,28408.0,0.8495410951840775,0.2899887355674458
428-mbb-machinebasicblock-printasoperand-n7-d16.pbqp,llvm,heuristic,500,8238.0,8833.0,27544.0,0.9326389675082079,0.2990851002033111
428-mbb-machinebasicblock-printasoperand-n7-d16.pbqp,llvm,heuristic,1000,8238.0,8401.0,27112.0,0.980597547910963,0.30385069341988785
428-mbb-machinebasicblock-printasoperand-n7-d16.pbqp,llvm,heuristic,2000,8238.0,8185.0,26896.0,1.0064752596212585,0.3062908982748364
429-mbb-machinebasicblock-getehcontsymbol-n22-d17.pbqp,llvm,heuristic,250,30016.0,30016.0,73508.0,1.0,0.4083365075910105
429-mbb-machinebasicblock-getehcontsymbol-n22-d17.pbqp,llvm,heuristic,500,30016.0,30016.0,73508.0,1.0,0.4083365075910105
429-mbb-machinebasicblock-getehcontsymbol-n22-d17.pbqp,llvm,heuristic,1000,30016.0,30016.0,73508.0,1.0,0.4083365075910105
429-mbb-machinebasicblock-getehcontsymbol-n22-d17.pbqp,llvm,heuristic,2000,30016.0,30016.0,73508.0,1.0,0.4083365075910105
430-mbb-machinebasicblock-getendclobbermask-n12-d16.pbqp,llvm,heuristic,250,25226.0,40221.0,93628.0,0.6271848039581314,0.269427948904174
430-mbb-machinebasicblock-getendclobbermask-n12-d16.pbqp,llvm,heuristic,500,25226.0,32081.0,85488.0,0.7863221221283626,0.29508235073928507
430-mbb-machinebasicblock-getendclobbermask-n12-d16.pbqp,llvm,heuristic,1000,25226.0,28011.0,81418.0,0.9005747741958516,0.3098332064162716
430-mbb-machinebasicblock-getendclobbermask-n12-d16.pbqp,llvm,heuristic,2000,25226.0,25976.0,79383.0,0.9711271943332307,0.3177758462139249
431-mbb-machinebasicblock-hasehpadsuccessor-n7-d16.pbqp,llvm,none,250,1111418.0,13350451.0,17504553.0,0.08324947224629341,0.06349308091443409
431-mbb-machinebasicblock-hasehpadsuccessor-n7-d16.pbqp,llvm,none,500,1111418.0,6969313.0,11123415.0,0.15947310732062112,0.09991697693559037
431-mbb-machinebasicblock-hasehpadsuccessor-n7-d16.pbqp,llvm,none,1000,1111418.0,3778744.0,7932846.0,0.2941236559025962,0.14010331222867556
431-mbb-machinebasicblock-hasehpadsuccessor-n7-d16.pbqp,llvm,none,2000,1111418.0,2183459.5,6337561.5,0.5090169980253813,0.17536997471346039
431-mbb-machinebasicblock-hasehpadsuccessor-n7-d16.pbqp,llvm,heuristic,250,11163.0,14656.0,31859.0,0.761667576419214,0.35038764556326313
431-mbb-machinebasicblock-hasehpadsuccessor-n7-d16.pbqp,llvm,heuristic,500,11163.0,12718.0,29921.0,0.8777323478534361,0.3730824504528592
431-mbb-machinebasicblock-hasehpadsuccessor-n7-d16.pbqp,llvm,heuristic,1000,11163.0,11749.0,28952.0,0.9501234147587029,0.3855692180160265
431-mbb-machinebasicblock-hasehpadsuccessor-n7-d16.pbqp,llvm,heuristic,2000,11163.0,11264.5,28467.5,0.9909893914510187,0.3921313778870642
432-mbb-machinebasicblock-islayoutsuccessor-n3-d16.pbqp,llvm,none,250,712.0,3980.0,10190.0,0.17889447236180905,0.06987242394504416
432-mbb-machinebasicblock-islayoutsuccessor-n3-d16.pbqp,llvm,none,500,712.0,2164.0,8374.0,0.3290203327171904,0.0850250776212085
432-mbb-machinebasicblock-islayoutsuccessor-n3-d16.pbqp,llvm,none,1000,712.0,1256.0,7466.0,0.5668789808917197,0.09536565764800428
432-mbb-machinebasicblock-islayoutsuccessor-n3-d16.pbqp,llvm,none,2000,712.0,802.0,7012.0,0.8877805486284289,0.10154021677124929
432-mbb-machinebasicblock-islayoutsuccessor-n3-d16.pbqp,llvm,heuristic,250,1412.0,4708.0,11580.0,0.29991503823279525,0.12193436960276338
432-mbb-machinebasicblock-islayoutsuccessor-n3-d16.pbqp,llvm,heuristic,500,1412.0,2892.0,9764.0,0.48824343015214383,0.1446128635804998
432-mbb-machinebasicblock-islayoutsuccessor-n3-d16.pbqp,llvm,heuristic,1000,1412.0,1984.0,8856.0,0.7116935483870968,0.15943992773261065
432-mbb-machinebasicblock-islayoutsuccessor-n3-d16.pbqp,llvm,heuristic,2000,1412.0,1530.0,8402.0,0.9228758169934641,0.16805522494644132
433-mbb-machinebasicblock-getsinglesuccessor-n3-d16.pbqp,llvm,none,250,147.0,147.0,838.0,1.0,0.17541766109785203
433-mbb-machinebasicblock-getsinglesuccessor-n3-d16.pbqp,llvm,none,500,147.0,147.0,838.0,1.0,0.17541766109785203
433-mbb-machinebasicblock-getsinglesuccessor-n3-d16.pbqp,llvm,none,1000,147.0,147.0,838.0,1.0,0.17541766109785203
433-mbb-machinebasicblock-getsinglesuccessor-n3-d16.pbqp,llvm,none,2000,147.0,147.0,838.0,1.0,0.17541766109785203
433-mbb-machinebasicblock-getsinglesuccessor-n3-d16.pbqp,llvm,heuristic,250,425.0,425.0,1267.0,1.0,0.3354380426203631
433-mbb-machinebasicblock-getsinglesuccessor-n3-d16.pbqp,llvm,heuristic,500,425.0,425.0,1267.0,1.0,0.3354380426203631
433-mbb-machinebasicblock-getsinglesuccessor-n3-d16.pbqp,llvm,heuristic,1000,425.0,425.0,1267.0,1.0,0.3354380426203631
433-mbb-machinebasicblock-getsinglesuccessor-n3-d16.pbqp,llvm,heuristic,2000,425.0,425.0,1267.0,1.0,0.3354380426203631
435-mbb-machinebasicblock-islegaltohoistinto-n18-d16.pbqp,llvm,heuristic,250,56714.0,75180.0,113078.0,0.7543761638733706,0.5015476043085304
435-mbb-machinebasicblock-islegaltohoistinto-n18-d16.pbqp,llvm,heuristic,500,56714.0,65132.0,103030.0,0.8707547749186267,0.5504610307677376
435-mbb-machinebasicblock-islegaltohoistinto-n18-d16.pbqp,llvm,heuristic,1000,56714.0,60108.0,98006.0,0.9435349703866374,0.5786788563965471
435-mbb-machinebasicblock-islegaltohoistinto-n18-d16.pbqp,llvm,heuristic,2000,56714.0,57596.0,95494.0,0.9846864365580943,0.5939011875091629
436-mbb-machinebasicblock-mayhaveinlineasmbr-n7-d16.pbqp,llvm,none,250,1116830.0,13340261.0,17561593.0,0.08371875182951818,0.06359502808201967
436-mbb-machinebasicblock-mayhaveinlineasmbr-n7-d16.pbqp,llvm,none,500,1116830.0,6959123.0,11180455.0,0.16048430240419662,0.0998912834942764
436-mbb-machinebasicblock-mayhaveinlineasmbr-n7-d16.pbqp,llvm,none,1000,1116830.0,3768554.0,7989886.0,0.29635504758589104,0.13978046745598122
436-mbb-machinebasicblock-mayhaveinlineasmbr-n7-d16.pbqp,llvm,none,2000,1116830.0,2173269.5,6394601.5,0.5138939280195116,0.17465200919869675
436-mbb-machinebasicblock-mayhaveinlineasmbr-n7-d16.pbqp,llvm,heuristic,250,11476.0,14923.0,36353.0,0.7690142732694498,0.31568233708359694
436-mbb-machinebasicblock-mayhaveinlineasmbr-n7-d16.pbqp,llvm,heuristic,500,11476.0,12985.0,34415.0,0.8837889872930305,0.3334592474211826
436-mbb-machinebasicblock-mayhaveinlineasmbr-n7-d16.pbqp,llvm,heuristic,1000,11476.0,12016.0,33446.0,0.9550599201065246,0.34312025354302456
436-mbb-machinebasicblock-mayhaveinlineasmbr-n7-d16.pbqp,llvm,heuristic,2000,11476.0,11531.5,32961.5,0.9951870962147162,0.3481637668188644
437-mbb-machinebasicblock-getbeginclobbermas-n3-d16.pbqp,llvm,none,250,1106.0,6106.0,15771.0,0.1811333114968883,0.07012871726586774
437-mbb-machinebasicblock-getbeginclobbermas-n3-d16.pbqp,llvm,none,500,1106.0,3304.0,12969.0,0.3347457627118644,0.0852802837535662
437-mbb-machinebasicblock-getbeginclobbermas-n3-d16.pbqp,llvm,none,1000,1106.0,1903.0,11568.0,0.581187598528639,0.0956085753803596
437-mbb-machinebasicblock-getbeginclobbermas-n3-d16.pbqp,llvm,none,2000,1106.0,1202.5,10867.5,0.9197505197505198,0.10177133655394525
437-mbb-machinebasicblock-getbeginclobbermas-n3-d16.pbqp,llvm,heuristic,250,2059.0,7026.0,16772.0,0.29305436948477087,0.12276413069401383
437-mbb-machinebasicblock-getbeginclobbermas-n3-d16.pbqp,llvm,heuristic,500,2059.0,4224.0,13970.0,0.4874526515151515,0.14738725841088046
437-mbb-machinebasicblock-getbeginclobbermas-n3-d16.pbqp,llvm,heuristic,1000,2059.0,2823.0,12569.0,0.7293659227771874,0.16381573713103667
437-mbb-machinebasicblock-getbeginclobbermas-n3-d16.pbqp,llvm,heuristic,2000,2059.0,2122.5,11868.5,0.9700824499411071,0.173484433584699
439-mbb-machinebasicblock-cansplitcriticaled-n62-d16-r1.pbqp,llvm,heuristic,250,156547.0,211487.0,361651.0,0.7402204390813619,0.43286759887294657
439-mbb-machinebasicblock-cansplitcriticaled-n62-d16-r1.pbqp,llvm,heuristic,500,156547.0,181617.0,331781.0,0.8619622612420643,0.4718383512015456
439-mbb-machinebasicblock-cansplitcriticaled-n62-d16-r1.pbqp,llvm,heuristic,1000,156547.0,166682.0,316846.0,0.9391955940053515,0.4940791425487461
439-mbb-machinebasicblock-cansplitcriticaled-n62-d16-r1.pbqp,llvm,heuristic,2000,156547.0,159214.5,309378.5,0.9832458727063176,0.5060047805519776
440-mbb-machinebasicblock-getsinglepredecess-n3-d16.pbqp,llvm,none,250,147.0,147.0,880.0,1.0,0.16704545454545455
440-mbb-machinebasicblock-getsinglepredecess-n3-d16.pbqp,llvm,none,500,147.0,147.0,880.0,1.0,0.16704545454545455
440-mbb-machinebasicblock-getsinglepredecess-n3-d16.pbqp,llvm,none,1000,147.0,147.0,880.0,1.0,0.16704545454545455
440-mbb-machinebasicblock-getsinglepredecess-n3-d16.pbqp,llvm,none,2000,147.0,147.0,880.0,1.0,0.16704545454545455
440-mbb-machinebasicblock-getsinglepredecess-n3-d16.pbqp,llvm,heuristic,250,749.0,749.0,1377.0,1.0,0.5439360929557008
440-mbb-machinebasicblock-getsinglepredecess-n3-d16.pbqp,llvm,heuristic,500,749.0,749.0,1377.0,1.0,0.5439360929557008
440-mbb-machinebasicblock-getsinglepredecess-n3-d16.pbqp,llvm,heuristic,1000,749.0,749.0,1377.0,1.0,0.5439360929557008
440-mbb-machinebasicblock-getsinglepredecess-n3-d16.pbqp,llvm,heuristic,2000,749.0,749.0,1377.0,1.0,0.5439360929557008
441-mbb-machinebasicblock-getprobabilityiter-n2-d16.pbqp,llvm,none,250,666.0,3933.0,10617.0,0.16933638443935928,0.06272958462842611
441-mbb-machinebasicblock-getprobabilityiter-n2-d16.pbqp,llvm,none,500,666.0,2117.0,8801.0,0.31459612659423714,0.07567321895239178
441-mbb-machinebasicblock-getprobabilityiter-n2-d16.pbqp,llvm,none,1000,666.0,1209.0,7893.0,0.5508684863523573,0.08437856328392246
441-mbb-machinebasicblock-getprobabilityiter-n2-d16.pbqp,llvm,none,2000,666.0,755.0,7439.0,0.8821192052980132,0.08952816238741766
441-mbb-machinebasicblock-getprobabilityiter-n2-d16.pbqp,llvm,heuristic,250,1416.0,4690.0,11716.0,0.3019189765458422,0.12086036189825879
441-mbb-machinebasicblock-getprobabilityiter-n2-d16.pbqp,llvm,heuristic,500,1416.0,2874.0,9900.0,0.49269311064718163,0.14303030303030304
441-mbb-machinebasicblock-getprobabilityiter-n2-d16.pbqp,llvm,heuristic,1000,1416.0,1966.0,8992.0,0.7202441505595117,0.15747330960854092
441-mbb-machinebasicblock-getprobabilityiter-n2-d16.pbqp,llvm,heuristic,2000,1416.0,1512.0,8538.0,0.9365079365079365,0.16584680252986647
444-mbb-machinebasicblock-sizewithoutdebugla-n9-d16.pbqp,llvm,heuristic,250,17333.0,17333.0,39356.0,1.0,0.4404156926516922
444-mbb-machinebasicblock-sizewithoutdebugla-n9-d16.pbqp,llvm,heuristic,500,17333.0,17333.0,39356.0,1.0,0.4404156926516922
444-mbb-machinebasicblock-sizewithoutdebugla-n9-d16.pbqp,llvm,heuristic,1000,17333.0,17333.0,39356.0,1.0,0.4404156926516922
444-mbb-machinebasicblock-sizewithoutdebugla-n9-d16.pbqp,llvm,heuristic,2000,17333.0,17333.0,39356.0,1.0,0.4404156926516922
446-mbb-machinebasicblock-print-n18-d17.pbqp,llvm,none,250,606305.0,1752592.0,3072470.0,0.34594760218008525,0.19733471767014812
446-mbb-machinebasicblock-print-n18-d17.pbqp,llvm,none,500,606305.0,1135858.0,2455736.0,0.5337859133800176,0.2468933957070304
446-mbb-machinebasicblock-print-n18-d17.pbqp,llvm,none,1000,606305.0,827491.0,2147369.0,0.7327028330217489,0.28234784054347434
446-mbb-machinebasicblock-print-n18-d17.pbqp,llvm,none,2000,606305.0,673307.5,1993185.5,0.9004875187043068,0.30418894779236555
446-mbb-machinebasicblock-print-n18-d17.pbqp,llvm,heuristic,250,30715.0,86435.0,155303.0,0.35535373401978365,0.19777467273652152
446-mbb-machinebasicblock-print-n18-d17.pbqp,llvm,heuristic,500,30715.0,56765.0,125633.0,0.5410904606711883,0.2444819434384278
446-mbb-machinebasicblock-print-n18-d17.pbqp,llvm,heuristic,1000,30715.0,41930.0,110798.0,0.7325304078225614,0.2772161952381812
446-mbb-machinebasicblock-print-n18-d17.pbqp,llvm,heuristic,2000,30715.0,34512.5,103380.5,0.8899674031148135,0.29710632082452687
449-mbb-machinebasicblock-getname-n4-d16.pbqp,llvm,none,250,646.0,3939.0,9785.0,0.164001015486164,0.06601941747572816
449-mbb-machinebasicblock-getname-n4-d16.pbqp,llvm,none,500,646.0,2123.0,7969.0,0.3042863871879416,0.0810641234784791
449-mbb-machinebasicblock-getname-n4-d16.pbqp,llvm,none,1000,646.0,1215.0,7061.0,0.5316872427983539,0.09148845772553463
449-mbb-machinebasicblock-getname-n4-d16.pbqp,llvm,none,2000,646.0,761.0,6607.0,0.8488830486202366,0.09777508702890873
449-mbb-machinebasicblock-getname-n4-d16.pbqp,llvm,heuristic,250,1558.0,4836.0,11306.0,0.32216708023159635,0.13780293649389705
449-mbb-machinebasicblock-getname-n4-d16.pbqp,llvm,heuristic,500,1558.0,3020.0,9490.0,0.5158940397350993,0.16417281348788199
449-mbb-machinebasicblock-getname-n4-d16.pbqp,llvm,heuristic,1000,1558.0,2112.0,8582.0,0.7376893939393939,0.18154276392449312
449-mbb-machinebasicblock-getname-n4-d16.pbqp,llvm,heuristic,2000,1558.0,1658.0,8128.0,0.9396863691194209,0.19168307086614172
450-mbb-machinebasicblock-hasname-n3-d16.pbqp,llvm,none,250,116.0,116.0,927.0,1.0,0.12513484358144553
450-mbb-machinebasicblock-hasname-n3-d16.pbqp,llvm,none,500,116.0,116.0,927.0,1.0,0.12513484358144553
450-mbb-machinebasicblock-hasname-n3-d16.pbqp,llvm,none,1000,116.0,116.0,927.0,1.0,0.12513484358144553
450-mbb-machinebasicblock-hasname-n3-d16.pbqp,llvm,none,2000,116.0,116.0,927.0,1.0,0.12513484358144553
450-mbb-machinebasicblock-hasname-n3-d16.pbqp,llvm,heuristic,250,436.0,436.0,1300.0,1.0,0.3353846153846154
450-mbb-machinebasicblock-hasname-n3-d16.pbqp,llvm,heuristic,500,436.0,436.0,1300.0,1.0,0.3353846153846154
450-mbb-machinebasicblock-hasname-n3-d16.pbqp,llvm,heuristic,1000,436.0,436.0,1300.0,1.0,0.3353846153846154
450-mbb-machinebasicblock-hasname-n3-d16.pbqp,llvm,heuristic,2000,436.0,436.0,1300.0,1.0,0.3353846153846154
451-mbb-machinebasicblock-islivein-n8-d16.pbqp,llvm,none,250,380311.0,3040986.0,4254679.0,0.1250617398435902,0.0893865318629208
451-mbb-machinebasicblock-islivein-n8-d16.pbqp,llvm,none,500,380311.0,1648922.0,2862615.0,0.23064220138975647,0.13285440060923318
451-mbb-machinebasicblock-islivein-n8-d16.pbqp,llvm,none,1000,380311.0,952890.0,2166583.0,0.39911322398178173,0.175534932195074
451-mbb-machinebasicblock-islivein-n8-d16.pbqp,llvm,none,2000,380311.0,604874.0,1818567.0,0.6287441682069324,0.20912674649875423
451-mbb-machinebasicblock-islivein-n8-d16.pbqp,llvm,heuristic,250,13189.0,13189.0,21090.0,1.0,0.6253674727358938
451-mbb-machinebasicblock-islivein-n8-d16.pbqp,llvm,heuristic,500,13189.0,13189.0,21090.0,1.0,0.6253674727358938
451-mbb-machinebasicblock-islivein-n8-d16.pbqp,llvm,heuristic,1000,13189.0,13189.0,21090.0,1.0,0.6253674727358938
451-mbb-machinebasicblock-islivein-n8-d16.pbqp,llvm,heuristic,2000,13189.0,13189.0,21090.0,1.0,0.6253674727358938
452-mbb-machinebasicblock-getsymbol-n29-d17.pbqp,llvm,heuristic,250,61482.0,76395.0,143965.0,0.8047908894561162,0.42706213315736463
452-mbb-machinebasicblock-getsymbol-n29-d17.pbqp,llvm,heuristic,500,61482.0,68255.0,135825.0,0.9007691744194565,0.45265599116510213
452-mbb-machinebasicblock-getsymbol-n29-d17.pbqp,llvm,heuristic,1000,61482.0,64185.0,131755.0,0.9578873568590792,0.46663883723577854
452-mbb-machinebasicblock-getsymbol-n29-d17.pbqp,llvm,heuristic,2000,61482.0,62150.0,129720.0,0.9892518101367659,0.47395929694727107
453-mbb-machinebasicblock-printname-n121-d17.pbqp,llvm,heuristic,250,279242.0,328509.0,589495.0,0.8500284619295058,0.4736969779217805
453-mbb-machinebasicblock-printname-n121-d17.pbqp,llvm,heuristic,500,279242.0,301691.0,562677.0,0.9255894275931333,0.4962740613175943
453-mbb-machinebasicblock-printname-n121-d17.pbqp,llvm,heuristic,1000,279242.0,288282.0,549268.0,0.9686418159996115,0.5083893472767392
453-mbb-machinebasicblock-printname-n121-d17.pbqp,llvm,heuristic,2000,279242.0,281577.5,542563.5,0.9917056583001127,0.5146715545737964
454-mbb-optionvaluecopy-compare-n4-d16.pbqp,llvm,none,250,4168.0,48036.0,68620.0,0.08676825714047798,0.06074030894782862
454-mbb-optionvaluecopy-compare-n4-d16.pbqp,llvm,none,500,4168.0,24830.0,45414.0,0.16786145791381393,0.09177786585634386
454-mbb-optionvaluecopy-compare-n4-d16.pbqp,llvm,none,1000,4168.0,13227.0,33811.0,0.31511302638542377,0.1232734908757505
454-mbb-optionvaluecopy-compare-n4-d16.pbqp,llvm,none,2000,4168.0,7425.5,28009.5,0.5613090027607569,0.14880665488494976
454-mbb-optionvaluecopy-compare-n4-d16.pbqp,llvm,heuristic,250,9061.0,53252.0,74876.0,0.1701532336813641,0.1210134088359421
454-mbb-optionvaluecopy-compare-n4-d16.pbqp,llvm,heuristic,500,9061.0,30046.0,51670.0,0.3015709245823071,0.17536287981420554
454-mbb-optionvaluecopy-compare-n4-d16.pbqp,llvm,heuristic,1000,9061.0,18443.0,40067.0,0.4912975112508811,0.2261462051064467
454-mbb-optionvaluecopy-compare-n4-d16.pbqp,llvm,heuristic,2000,9061.0,12641.5,34265.5,0.7167662065419452,0.2644350731785615
455-mbb-function-handler-m-manager-n4-d16.pbqp,llvm,none,250,5604.0,75086.0,100153.0,0.07463441919931811,0.05595438978363104
455-mbb-function-handler-m-manager-n4-d16.pbqp,llvm,none,500,5604.0,38688.0,63755.0,0.14485111662531017,0.08789898831464199
455-mbb-function-handler-m-manager-n4-d16.pbqp,llvm,none,1000,5604.0,20489.0,45556.0,0.2735126165259407,0.1230134340152779
455-mbb-function-handler-m-manager-n4-d16.pbqp,llvm,none,2000,5604.0,11389.5,36456.5,0.49203213486105624,0.15371744407718788
455-mbb-function-handler-m-manager-n4-d16.pbqp,llvm,heuristic,250,15788.0,85269.0,109181.0,0.1851552146735625,0.14460391460052574
455-mbb-function-handler-m-manager-n4-d16.pbqp,llvm,heuristic,500,15788.0,48871.0,72783.0,0.32305457224120643,0.21691878598024264
455-mbb-function-handler-m-manager-n4-d16.pbqp,llvm,heuristic,1000,15788.0,30672.0,54584.0,0.514736567553469,0.289242268796717
455-mbb-function-handler-m-manager-n4-d16.pbqp,llvm,heuristic,2000,15788.0,21572.5,45484.5,0.7318576891876232,0.34710725631808637
456-mbb-function-handler-m-invoke-n5-d16.pbqp,llvm,none,250,4500.0,46290.0,64675.0,0.09721322099805574,0.06957866254348666
456-mbb-function-handler-m-invoke-n5-d16.pbqp,llvm,none,500,4500.0,23972.0,42357.0,0.18771900550642417,0.10623981868404278
456-mbb-function-handler-m-invoke-n5-d16.pbqp,llvm,none,1000,4500.0,12813.0,31198.0,0.35120580660266915,0.14424001538560163
456-mbb-function-handler-m-invoke-n5-d16.pbqp,llvm,none,2000,4500.0,7233.5,25618.5,0.6221054814405198,0.17565431231336728
456-mbb-function-handler-m-invoke-n5-d16.pbqp,llvm,heuristic,250,9894.0,52022.0,78370.0,0.1901887662911845,0.12624728850325379
456-mbb-function-handler-m-invoke-n5-d16.pbqp,llvm,heuristic,500,9894.0,29704.0,56052.0,0.3330864530029626,0.1765146649539713
456-mbb-function-handler-m-invoke-n5-d16.pbqp,llvm,heuristic,1000,9894.0,18545.0,44893.0,0.5335130763008897,0.22039070679170472
456-mbb-function-handler-m-invoke-n5-d16.pbqp,llvm,heuristic,2000,9894.0,12965.5,39313.5,0.7631020785931896,0.25166927391354116
457-mbb-function-handler-m-manager-n4-d16.pbqp,llvm,none,250,6144.0,75540.0,96027.0,0.08133439237490071,0.06398200506107657
457-mbb-function-handler-m-manager-n4-d16.pbqp,llvm,none,500,6144.0,39142.0,59629.0,0.15696694088191712,0.10303711281423468
457-mbb-function-handler-m-manager-n4-d16.pbqp,llvm,none,1000,6144.0,20943.0,41430.0,0.2933677123621258,0.14829833454018826
457-mbb-function-handler-m-manager-n4-d16.pbqp,llvm,none,2000,6144.0,11843.5,32330.5,0.5187655676109258,0.19003727130727951
457-mbb-function-handler-m-manager-n4-d16.pbqp,llvm,heuristic,250,16088.0,85588.0,109396.0,0.1879702762069449,0.147062049800724
457-mbb-function-handler-m-manager-n4-d16.pbqp,llvm,heuristic,500,16088.0,49190.0,72998.0,0.32705834519211224,0.2203895997150607
457-mbb-function-handler-m-manager-n4-d16.pbqp,llvm,heuristic,1000,16088.0,30991.0,54799.0,0.5191184537446355,0.29358199967152687
457-mbb-function-handler-m-manager-n4-d16.pbqp,llvm,heuristic,2000,16088.0,21891.5,45699.5,0.734897106182765,0.35203886256961237
458-mbb-function-handler-m-invoke-n8-d16.pbqp,llvm,none,250,68148.0,490929.0,750178.0,0.13881437030609314,0.09084244006089222
458-mbb-function-handler-m-invoke-n8-d16.pbqp,llvm,none,500,68148.0,263509.0,522758.0,0.2586173527279903,0.13036242391316824
458-mbb-function-handler-m-invoke-n8-d16.pbqp,llvm,none,1000,68148.0,149799.0,409048.0,0.45492960567159996,0.16660147464356262
458-mbb-function-handler-m-invoke-n8-d16.pbqp,llvm,none,2000,68148.0,92944.0,352193.0,0.7332156997762094,0.1934961796514979
458-mbb-function-handler-m-invoke-n8-d16.pbqp,llvm,heuristic,250,10010.0,12990.0,37360.0,0.7705927636643572,0.2679336188436831
458-mbb-function-handler-m-invoke-n8-d16.pbqp,llvm,heuristic,500,10010.0,11262.0,35632.0,0.8888296927721542,0.2809272563987427
458-mbb-function-handler-m-invoke-n8-d16.pbqp,llvm,heuristic,1000,10010.0,10398.0,34768.0,0.9626851317561069,0.28790842153704554
458-mbb-function-handler-m-invoke-n8-d16.pbqp,llvm,heuristic,2000,10010.0,9966.0,34336.0,1.0044150110375276,0.2915307548928239
460-mbb-rb-tree-m-erase-n4-d15.pbqp,llvm,none,250,2423.0,18076.0,28972.0,0.13404514273069262,0.08363247273229325
460-mbb-rb-tree-m-erase-n4-d15.pbqp,llvm,none,500,2423.0,9668.0,20564.0,0.25062060405461317,0.1178272709589574
460-mbb-rb-tree-m-erase-n4-d15.pbqp,llvm,none,1000,2423.0,5464.0,16360.0,0.4434480234260615,0.14810513447432763
460-mbb-rb-tree-m-erase-n4-d15.pbqp,llvm,none,2000,2423.0,3362.0,14258.0,0.7207019631171921,0.16993968298499088
460-mbb-rb-tree-m-erase-n4-d15.pbqp,llvm,heuristic,250,6009.0,21567.0,37476.0,0.278620114063152,0.16034261927633686
460-mbb-rb-tree-m-erase-n4-d15.pbqp,llvm,heuristic,500,6009.0,13159.0,29068.0,0.4566456417660916,0.20672216870785745
460-mbb-rb-tree-m-erase-n4-d15.pbqp,llvm,heuristic,1000,6009.0,8955.0,24864.0,0.6710217755443886,0.24167471042471042
460-mbb-rb-tree-m-erase-n4-d15.pbqp,llvm,heuristic,2000,6009.0,6853.0,22762.0,0.8768422588647308,0.2639926192777436
461-mbb-rb-tree-m-erase-n4-d15.pbqp,llvm,none,250,2386.0,18075.0,29763.0,0.1320055325034578,0.08016664986728489
461-mbb-rb-tree-m-erase-n4-d15.pbqp,llvm,none,500,2386.0,9667.0,21355.0,0.2468190752043033,0.11173027394052915
461-mbb-rb-tree-m-erase-n4-d15.pbqp,llvm,none,1000,2386.0,5463.0,17151.0,0.4367563609738239,0.13911725263833014
461-mbb-rb-tree-m-erase-n4-d15.pbqp,llvm,none,2000,2386.0,3361.0,15049.0,0.7099077655459685,0.15854874078011827
461-mbb-rb-tree-m-erase-n4-d15.pbqp,llvm,heuristic,250,6201.0,21729.0,34985.0,0.28537898660775923,0.17724739173931686
461-mbb-rb-tree-m-erase-n4-d15.pbqp,llvm,heuristic,500,6201.0,13321.0,26577.0,0.4655055926732227,0.2333220453775821
461-mbb-rb-tree-m-erase-n4-d15.pbqp,llvm,heuristic,1000,6201.0,9117.0,22373.0,0.6801579466929911,0.2771644392794887
461-mbb-rb-tree-m-erase-n4-d15.pbqp,llvm,heuristic,2000,6201.0,7015.0,20271.0,0.8839629365645046,0.30590498742045286
465-mbb-std-introsort-loop-n30-d16.pbqp,llvm,heuristic,250,79519.0,79519.0,172545.0,1.0,0.46085948593120635
465-mbb-std-introsort-loop-n30-d16.pbqp,llvm,heuristic,500,79519.0,79519.0,172545.0,1.0,0.46085948593120635
465-mbb-std-introsort-loop-n30-d16.pbqp,llvm,heuristic,1000,79519.0,79519.0,172545.0,1.0,0.46085948593120635
465-mbb-std-introsort-loop-n30-d16.pbqp,llvm,heuristic,2000,79519.0,79519.0,172545.0,1.0,0.46085948593120635
469-mbb-0-operator-n21-d17.pbqp,llvm,none,250,735242.0,2679665.0,4346965.0,0.27437832714163896,0.16913915801024393
469-mbb-0-operator-n21-d17.pbqp,llvm,none,500,735242.0,1646871.0,3314171.0,0.44644783956970524,0.22184793723679316
469-mbb-0-operator-n21-d17.pbqp,llvm,none,1000,735242.0,1130474.0,2797774.0,0.650383821299738,0.2627953508753745
469-mbb-0-operator-n21-d17.pbqp,llvm,none,2000,735242.0,872275.5,2539575.5,0.8429011247020007,0.2895137395993937
469-mbb-0-operator-n21-d17.pbqp,llvm,heuristic,250,46559.0,148175.0,231402.0,0.31421629829593384,0.20120396539355753
469-mbb-0-operator-n21-d17.pbqp,llvm,heuristic,500,46559.0,93913.0,177140.0,0.4957673591515552,0.2628373038274811
469-mbb-0-operator-n21-d17.pbqp,llvm,heuristic,1000,46559.0,66782.0,150009.0,0.6971788805366715,0.3103747108506823
469-mbb-0-operator-n21-d17.pbqp,llvm,heuristic,2000,46559.0,53216.5,136443.5,0.8748978230436049,0.34123281797960325
470-cudd-addabs-cudd-addexistabstract-n10-d16.pbqp,llvm,none,250,376298.0,2038185.0,3134847.0,0.18462406503825707,0.12003711823894436
470-cudd-addabs-cudd-addexistabstract-n10-d16.pbqp,llvm,none,500,376298.0,1160321.0,2256983.0,0.32430508454126056,0.16672611180500696
470-cudd-addabs-cudd-addexistabstract-n10-d16.pbqp,llvm,none,1000,376298.0,721389.0,1818051.0,0.5216298002880554,0.20697879212409334
470-cudd-addabs-cudd-addexistabstract-n10-d16.pbqp,llvm,none,2000,376298.0,501923.0,1598585.0,0.7497126053199396,0.23539442694633067
470-cudd-addabs-cudd-addexistabstract-n10-d16.pbqp,llvm,heuristic,250,14293.0,14293.0,36616.0,1.0,0.3903484815381254
470-cudd-addabs-cudd-addexistabstract-n10-d16.pbqp,llvm,heuristic,500,14293.0,14293.0,36616.0,1.0,0.3903484815381254
470-cudd-addabs-cudd-addexistabstract-n10-d16.pbqp,llvm,heuristic,1000,14293.0,14293.0,36616.0,1.0,0.3903484815381254
470-cudd-addabs-cudd-addexistabstract-n10-d16.pbqp,llvm,heuristic,2000,14293.0,14293.0,36616.0,1.0,0.3903484815381254
471-cudd-addabs-cudd-addorabstract-n10-d16.pbqp,llvm,none,250,395498.0,2056482.0,3124981.0,0.19231775430079134,0.12656012948558729
471-cudd-addabs-cudd-addorabstract-n10-d16.pbqp,llvm,none,500,395498.0,1178618.0,2247117.0,0.33556080087017165,0.17600240663926267
471-cudd-addabs-cudd-addorabstract-n10-d16.pbqp,llvm,none,1000,395498.0,739686.0,1808185.0,0.5346836360293422,0.21872651305037924
471-cudd-addabs-cudd-addorabstract-n10-d16.pbqp,llvm,none,2000,395498.0,520220.0,1588719.0,0.760251432086425,0.24894144275985872
471-cudd-addabs-cudd-addorabstract-n10-d16.pbqp,llvm,heuristic,250,14840.0,14840.0,35496.0,1.0,0.4180752760874465
471-cudd-addabs-cudd-addorabstract-n10-d16.pbqp,llvm,heuristic,500,14840.0,14840.0,35496.0,1.0,0.4180752760874465
471-cudd-addabs-cudd-addorabstract-n10-d16.pbqp,llvm,heuristic,1000,14840.0,14840.0,35496.0,1.0,0.4180752760874465
471-cudd-addabs-cudd-addorabstract-n10-d16.pbqp,llvm,heuristic,2000,14840.0,14840.0,35496.0,1.0,0.4180752760874465
472-cudd-addabs-cudd-addunivabstract-n10-d16.pbqp,llvm,none,250,391163.0,2051415.0,3151374.0,0.19067960407816067,0.12412458819549822
472-cudd-addabs-cudd-addunivabstract-n10-d16.pbqp,llvm,none,500,391163.0,1173551.0,2273510.0,0.33331572296389333,0.17205246513100889
472-cudd-addabs-cudd-addunivabstract-n10-d16.pbqp,llvm,none,1000,391163.0,734619.0,1834578.0,0.5324705731814723,0.21321688148446127
472-cudd-addabs-cudd-addunivabstract-n10-d16.pbqp,llvm,none,2000,391163.0,515153.0,1615112.0,0.7593142231531215,0.2421893961533318
472-cudd-addabs-cudd-addunivabstract-n10-d16.pbqp,llvm,heuristic,250,13859.0,13859.0,34970.0,1.0,0.3963111238204175
472-cudd-addabs-cudd-addunivabstract-n10-d16.pbqp,llvm,heuristic,500,13859.0,13859.0,34970.0,1.0,0.3963111238204175
472-cudd-addabs-cudd-addunivabstract-n10-d16.pbqp,llvm,heuristic,1000,13859.0,13859.0,34970.0,1.0,0.3963111238204175
472-cudd-addabs-cudd-addunivabstract-n10-d16.pbqp,llvm,heuristic,2000,13859.0,13859.0,34970.0,1.0,0.3963111238204175
474-cudd-addabs-cuddaddexistabstractrecur-n37-d16-r1.pbqp,llvm,heuristic,250,77595.0,101453.0,184538.0,0.7648369195588105,0.4204825022488593
474-cudd-addabs-cuddaddexistabstractrecur-n37-d16-r1.pbqp,llvm,heuristic,500,77595.0,88499.0,171584.0,0.876789568243709,0.45222748041775457
474-cudd-addabs-cuddaddexistabstractrecur-n37-d16-r1.pbqp,llvm,heuristic,1000,77595.0,82022.0,165107.0,0.9460266757699154,0.46996796017128284
474-cudd-addabs-cuddaddexistabstractrecur-n37-d16-r1.pbqp,llvm,heuristic,2000,77595.0,78783.5,161868.5,0.9849143538938991,0.47937060020942923
476-cudd-addabs-cuddaddorabstractrecur-n30-d16-r1.pbqp,llvm,heuristic,250,60789.0,60789.0,120750.0,1.0,0.5034285714285714
476-cudd-addabs-cuddaddorabstractrecur-n30-d16-r1.pbqp,llvm,heuristic,500,60789.0,60789.0,120750.0,1.0,0.5034285714285714
476-cudd-addabs-cuddaddorabstractrecur-n30-d16-r1.pbqp,llvm,heuristic,1000,60789.0,60789.0,120750.0,1.0,0.5034285714285714
476-cudd-addabs-cuddaddorabstractrecur-n30-d16-r1.pbqp,llvm,heuristic,2000,60789.0,60789.0,120750.0,1.0,0.5034285714285714
478-cudd-addabs-cuddaddunivabstractrecur-n40-d16-r1.pbqp,llvm,heuristic,250,79932.0,103770.0,194528.0,0.7702804278693264,0.41090228656028954
478-cudd-addabs-cuddaddunivabstractrecur-n40-d16-r1.pbqp,llvm,heuristic,500,79932.0,90816.0,181574.0,0.8801532769556025,0.4402172117153337
478-cudd-addabs-cuddaddunivabstractrecur-n40-d16-r1.pbqp,llvm,heuristic,1000,79932.0,84339.0,175097.0,0.9477465941023726,0.4565012535908668
478-cudd-addabs-cuddaddunivabstractrecur-n40-d16-r1.pbqp,llvm,heuristic,2000,79932.0,81100.5,171858.5,0.9855919507278007,0.4651035590325762
479-cudd-bddabs-cudd-bddbooleandiff-n9-d16.pbqp,llvm,none,250,238662.0,1437102.0,2184163.0,0.16607171933516202,0.10926931735406195
479-cudd-bddabs-cudd-bddbooleandiff-n9-d16.pbqp,llvm,none,500,238662.0,800270.0,1547331.0,0.29822684843865194,0.15424107705461856
479-cudd-bddabs-cudd-bddbooleandiff-n9-d16.pbqp,llvm,none,1000,238662.0,481854.0,1228915.0,0.49529940604415446,0.1942054576598056
479-cudd-bddabs-cudd-bddbooleandiff-n9-d16.pbqp,llvm,none,2000,238662.0,322646.0,1069707.0,0.7397023363066643,0.2231096926541567
479-cudd-bddabs-cudd-bddbooleandiff-n9-d16.pbqp,llvm,heuristic,250,13197.0,13197.0,20030.0,1.0,0.6588617074388418
479-cudd-bddabs-cudd-bddbooleandiff-n9-d16.pbqp,llvm,heuristic,500,13197.0,13197.0,20030.0,1.0,0.6588617074388418
479-cudd-bddabs-cudd-bddbooleandiff-n9-d16.pbqp,llvm,heuristic,1000,13197.0,13197.0,20030.0,1.0,0.6588617074388418
479-cudd-bddabs-cudd-bddbooleandiff-n9-d16.pbqp,llvm,heuristic,2000,13197.0,13197.0,20030.0,1.0,0.6588617074388418
480-cudd-bddabs-cudd-bddexistabstract-n10-d16.pbqp,llvm,none,250,355026.0,1274202.0,2242414.0,0.27862615189742285,0.1583231285569926
480-cudd-bddabs-cudd-bddexistabstract-n10-d16.pbqp,llvm,none,500,355026.0,784108.0,1752320.0,0.4527769133843807,0.20260340577063551
480-cudd-bddabs-cudd-bddexistabstract-n10-d16.pbqp,llvm,none,1000,355026.0,539061.0,1507273.0,0.658600789150022,0.23554193566792478
480-cudd-bddabs-cudd-bddexistabstract-n10-d16.pbqp,llvm,none,2000,355026.0,416537.5,1384749.5,0.8523266212525883,0.25638283314057886
480-cudd-bddabs-cudd-bddexistabstract-n10-d16.pbqp,llvm,heuristic,250,12442.0,13878.0,40151.0,0.8965268770716242,0.309880202236557
480-cudd-bddabs-cudd-bddexistabstract-n10-d16.pbqp,llvm,heuristic,500,12442.0,13032.0,39305.0,0.9547268262737876,0.31655005724462537
480-cudd-bddabs-cudd-bddexistabstract-n10-d16.pbqp,llvm,heuristic,1000,12442.0,12609.0,38882.0,0.9867554921088112,0.3199938274780104
480-cudd-bddabs-cudd-bddexistabstract-n10-d16.pbqp,llvm,heuristic,2000,12442.0,12397.5,38670.5,1.0035894333534987,0.32174396503794883
481-cudd-bddabs-cudd-bddexistabstractlimit-n13-d16.pbqp,llvm,heuristic,250,20221.0,21677.0,64983.0,0.9328320339530378,0.311173691580875
481-cudd-bddabs-cudd-bddexistabstractlimit-n13-d16.pbqp,llvm,heuristic,500,20221.0,20831.0,64137.0,0.9707167202726705,0.315278232533483
481-cudd-bddabs-cudd-bddexistabstractlimit-n13-d16.pbqp,llvm,heuristic,1000,20221.0,20408.0,63714.0,0.9908369266954136,0.3173713783469881
481-cudd-bddabs-cudd-bddexistabstractlimit-n13-d16.pbqp,llvm,heuristic,2000,20221.0,20196.5,63502.5,1.0012130814745128,0.3184284083303807
482-cudd-bddabs-cudd-bddunivabstract-n11-d16.pbqp,llvm,none,250,405196.0,1460198.0,2474940.0,0.27749387411844145,0.1637195245137256
482-cudd-bddabs-cudd-bddunivabstract-n11-d16.pbqp,llvm,none,500,405196.0,897036.0,1911778.0,0.451705394209374,0.211947203074834
482-cudd-bddabs-cudd-bddunivabstract-n11-d16.pbqp,llvm,none,1000,405196.0,615455.0,1630197.0,0.6583681991372237,0.24855646280786922
482-cudd-bddabs-cudd-bddunivabstract-n11-d16.pbqp,llvm,none,2000,405196.0,474664.5,1489406.5,0.8536471549905249,0.27205198849340323
482-cudd-bddabs-cudd-bddunivabstract-n11-d16.pbqp,llvm,heuristic,250,17765.0,19203.0,52958.0,0.9251158673123991,0.33545451112202124
482-cudd-bddabs-cudd-bddunivabstract-n11-d16.pbqp,llvm,heuristic,500,17765.0,18357.0,52112.0,0.9677507217955004,0.34090036843721216
482-cudd-bddabs-cudd-bddunivabstract-n11-d16.pbqp,llvm,heuristic,1000,17765.0,17934.0,51689.0,0.9905765584922493,0.34369014683975313
482-cudd-bddabs-cudd-bddunivabstract-n11-d16.pbqp,llvm,heuristic,2000,17765.0,17722.5,51477.5,1.0023980815347722,0.3451022291292312
484-cudd-bddabs-cudd-bddvarisdependent-n19-d16-r1.pbqp,llvm,heuristic,250,32481.0,32481.0,43890.0,1.0,0.7400546821599453
484-cudd-bddabs-cudd-bddvarisdependent-n19-d16-r1.pbqp,llvm,heuristic,500,32481.0,32481.0,43890.0,1.0,0.7400546821599453
484-cudd-bddabs-cudd-bddvarisdependent-n19-d16-r1.pbqp,llvm,heuristic,1000,32481.0,32481.0,43890.0,1.0,0.7400546821599453
484-cudd-bddabs-cudd-bddvarisdependent-n19-d16-r1.pbqp,llvm,heuristic,2000,32481.0,32481.0,43890.0,1.0,0.7400546821599453
485-cudd-bddabs-cudd-bddxorexistabstract-n11-d16.pbqp,llvm,none,250,523801.0,1823626.0,3286586.0,0.2872304957266457,0.15937541266225805
485-cudd-bddabs-cudd-bddxorexistabstract-n11-d16.pbqp,llvm,none,500,523801.0,1129882.0,2592842.0,0.4635891181557012,0.20201809443074434
485-cudd-bddabs-cudd-bddxorexistabstract-n11-d16.pbqp,llvm,none,1000,523801.0,783010.0,2245970.0,0.6689582508524795,0.233218164089458
485-cudd-bddabs-cudd-bddxorexistabstract-n11-d16.pbqp,llvm,none,2000,523801.0,609574.0,2072534.0,0.8592902584427814,0.25273457516257875
485-cudd-bddabs-cudd-bddxorexistabstract-n11-d16.pbqp,llvm,heuristic,250,14717.0,16151.0,44181.0,0.9112129279920748,0.3331069916932618
485-cudd-bddabs-cudd-bddxorexistabstract-n11-d16.pbqp,llvm,heuristic,500,14717.0,15305.0,43335.0,0.9615811826200588,0.3396100149994231
485-cudd-bddabs-cudd-bddxorexistabstract-n11-d16.pbqp,llvm,heuristic,1000,14717.0,14882.0,42912.0,0.98891278054025,0.3429576808351976
485-cudd-bddabs-cudd-bddxorexistabstract-n11-d16.pbqp,llvm,heuristic,2000,14717.0,14670.5,42700.5,1.0031696261204457,0.34465638575660706
487-cudd-bddabs-cuddbddbooleandiffrecur-n20-d16-r1.pbqp,llvm,heuristic,250,46854.0,69423.0,120637.0,0.6749060109761894,0.38838830541210406
487-cudd-bddabs-cuddbddbooleandiffrecur-n20-d16-r1.pbqp,llvm,heuristic,500,46854.0,57315.0,108529.0,0.8174823344674169,0.4317187111279013
487-cudd-bddabs-cuddbddbooleandiffrecur-n20-d16-r1.pbqp,llvm,heuristic,1000,46854.0,51261.0,102475.0,0.914028208579622,0.45722371310075627
487-cudd-bddabs-cuddbddbooleandiffrecur-n20-d16-r1.pbqp,llvm,heuristic,2000,46854.0,48234.0,99448.0,0.9713894763030227,0.4711406966454831
489-cudd-bddabs-cuddbddexistabstractrecur-n37-d16-r1.pbqp,llvm,heuristic,250,89377.0,89377.0,185297.0,1.0,0.482344560354458
489-cudd-bddabs-cuddbddexistabstractrecur-n37-d16-r1.pbqp,llvm,heuristic,500,89377.0,89377.0,185297.0,1.0,0.482344560354458
489-cudd-bddabs-cuddbddexistabstractrecur-n37-d16-r1.pbqp,llvm,heuristic,1000,89377.0,89377.0,185297.0,1.0,0.482344560354458
489-cudd-bddabs-cuddbddexistabstractrecur-n37-d16-r1.pbqp,llvm,heuristic,2000,89377.0,89377.0,185297.0,1.0,0.482344560354458
degree-3-n12-d2-s1001.pbqp,synthetic,none,250,13524.0,32576.0,103255.0,0.4151522593320236,0.1309767081497264
degree-3-n12-d2-s1001.pbqp,synthetic,none,500,13524.0,21208.0,91887.0,0.6376838928706149,0.14718077638839008
degree-3-n12-d2-s1001.pbqp,synthetic,none,1000,13524.0,15524.0,86203.0,0.8711672249420253,0.15688549122420334
degree-3-n12-d2-s1001.pbqp,synthetic,none,2000,13524.0,12682.0,83361.0,1.0663933133575145,0.16223413826609565
degree-3-n12-d2-s1001.pbqp,synthetic,heuristic,250,16628.0,35978.0,110324.0,0.4621713269220079,0.15071969834306226
degree-3-n12-d2-s1001.pbqp,synthetic,heuristic,500,16628.0,24610.0,98956.0,0.6756603006907761,0.16803427786086744
degree-3-n12-d2-s1001.pbqp,synthetic,heuristic,1000,16628.0,18926.0,93272.0,0.8785797315861777,0.17827429453640964
degree-3-n12-d2-s1001.pbqp,synthetic,heuristic,2000,16628.0,16084.0,90430.0,1.0338224322307883,0.18387703195842087
degree-3-n12-d2-s1002.pbqp,synthetic,none,250,15375.0,33620.0,108149.0,0.4573170731707317,0.14216497609779102
degree-3-n12-d2-s1002.pbqp,synthetic,none,500,15375.0,22252.0,96781.0,0.6909491281682545,0.1588638265775307
degree-3-n12-d2-s1002.pbqp,synthetic,none,1000,15375.0,16568.0,91097.0,0.9279937228392081,0.1687761397192004
degree-3-n12-d2-s1002.pbqp,synthetic,none,2000,15375.0,13726.0,88255.0,1.1201369663412502,0.17421109285592884
degree-3-n12-d2-s1002.pbqp,synthetic,heuristic,250,15528.0,32158.0,104692.0,0.4828658498662852,0.14832078859893782
degree-3-n12-d2-s1002.pbqp,synthetic,heuristic,500,15528.0,22138.0,94672.0,0.7014183756436896,0.1640189285110698
degree-3-n12-d2-s1002.pbqp,synthetic,heuristic,1000,15528.0,17128.0,89662.0,0.9065857076132648,0.17318373446945196
degree-3-n12-d2-s1002.pbqp,synthetic,heuristic,2000,15528.0,14623.0,87157.0,1.0618888053067086,0.17816124923987747
degree-3-n12-d4-s1001.pbqp,synthetic,none,250,85987.0,249148.0,665348.0,0.3451241832164015,0.1292361290632872
degree-3-n12-d4-s1001.pbqp,synthetic,none,500,85987.0,145324.0,561524.0,0.5916916682722744,0.1531314779065543
degree-3-n12-d4-s1001.pbqp,synthetic,none,1000,85987.0,93412.0,509612.0,0.9205134243994347,0.16873032817123615
degree-3-n12-d4-s1001.pbqp,synthetic,none,2000,85987.0,67456.0,483656.0,1.2747124051233396,0.17778545081628264
degree-3-n12-d4-s1001.pbqp,synthetic,heuristic,250,96459.0,265017.0,654784.0,0.36397287721165056,0.14731422881438763
degree-3-n12-d4-s1001.pbqp,synthetic,heuristic,500,96459.0,161193.0,550960.0,0.5984068787106139,0.1750744155655583
degree-3-n12-d4-s1001.pbqp,synthetic,heuristic,1000,96459.0,109281.0,499048.0,0.8826694484860131,0.19328601657555985
degree-3-n12-d4-s1001.pbqp,synthetic,heuristic,2000,96459.0,83325.0,473092.0,1.1576237623762375,0.2038905751946767
degree-3-n12-d4-s1002.pbqp,synthetic,none,250,91637.0,267020.0,672324.0,0.3431840311587147,0.13629886780778316
degree-3-n12-d4-s1002.pbqp,synthetic,none,500,91637.0,158244.0,563548.0,0.5790867268269255,0.16260726681666868
degree-3-n12-d4-s1002.pbqp,synthetic,none,1000,91637.0,103856.0,509160.0,0.8823467108303805,0.17997682457380784
degree-3-n12-d4-s1002.pbqp,synthetic,none,2000,91637.0,76662.0,481966.0,1.1953379770942578,0.19013166903889486
degree-3-n12-d4-s1002.pbqp,synthetic,heuristic,250,76149.0,211890.0,525561.0,0.359379866912077,0.1448908880225131
degree-3-n12-d4-s1002.pbqp,synthetic,heuristic,500,76149.0,127874.0,441545.0,0.5955002580665343,0.17246033813088132
degree-3-n12-d4-s1002.pbqp,synthetic,heuristic,1000,76149.0,85866.0,399537.0,0.8868353015163161,0.19059311152659203
degree-3-n12-d4-s1002.pbqp,synthetic,heuristic,2000,76149.0,64862.0,378533.0,1.1740156023557706,0.2011687224099352
degree-3-n20-d2-s1001.pbqp,synthetic,none,250,48268.0,110256.0,323172.0,0.4377811638368887,0.1493569987498917
degree-3-n20-d2-s1001.pbqp,synthetic,none,500,48268.0,73576.0,286492.0,0.656029139936936,0.1684793990757159
degree-3-n20-d2-s1001.pbqp,synthetic,none,1000,48268.0,55236.0,268152.0,0.8738503874284886,0.18000238670604732
degree-3-n20-d2-s1001.pbqp,synthetic,none,2000,48268.0,46066.0,258982.0,1.0478009812008857,0.1863758871272907
degree-3-n20-d2-s1001.pbqp,synthetic,heuristic,250,52734.0,114732.0,328047.0,0.4596276540110867,0.16075135575085278
degree-3-n20-d2-s1001.pbqp,synthetic,heuristic,500,52734.0,78052.0,291367.0,0.6756265054066519,0.18098823820130625
degree-3-n20-d2-s1001.pbqp,synthetic,heuristic,1000,52734.0,59712.0,273027.0,0.8831390675241158,0.19314573283960926
degree-3-n20-d2-s1001.pbqp,synthetic,heuristic,2000,52734.0,50542.0,263857.0,1.043369870602667,0.1998582565556343
degree-3-n20-d2-s1002.pbqp,synthetic,none,250,50825.0,119238.0,396428.0,0.4262483436488368,0.12820739201065515
degree-3-n20-d2-s1002.pbqp,synthetic,none,500,50825.0,78574.0,355764.0,0.6468424669738081,0.14286155991050248
degree-3-n20-d2-s1002.pbqp,synthetic,none,1000,50825.0,58242.0,335432.0,0.872652038048144,0.15152102363519282
degree-3-n20-d2-s1002.pbqp,synthetic,none,2000,50825.0,48076.0,325266.0,1.0571802978617189,0.15625672526486015
degree-3-n20-d2-s1002.pbqp,synthetic,heuristic,250,58182.0,125084.0,376228.0,0.4651434236193278,0.1546455872502844
degree-3-n20-d2-s1002.pbqp,synthetic,heuristic,500,58182.0,84420.0,335564.0,0.6891968727789624,0.17338570287635147
degree-3-n20-d2-s1002.pbqp,synthetic,heuristic,1000,58182.0,64088.0,315232.0,0.9078454624890775,0.18456882549994924
degree-3-n20-d2-s1002.pbqp,synthetic,heuristic,2000,58182.0,53922.0,305066.0,1.0790030043396017,0.19071938531334204
degree-3-n20-d4-s1002.pbqp,synthetic,none,250,756186.0,2126783.0,5242139.0,0.35555390465317804,0.14425142103252125
degree-3-n20-d4-s1002.pbqp,synthetic,none,500,756186.0,1270559.0,4385915.0,0.5951600830815412,0.1724123700527712
degree-3-n20-d4-s1002.pbqp,synthetic,none,1000,756186.0,842447.0,3957803.0,0.897606615015544,0.1910620614517701
degree-3-n20-d4-s1002.pbqp,synthetic,none,2000,756186.0,628391.0,3743747.0,1.2033686033059035,0.20198640559845524
degree-3-n20-d4-s1002.pbqp,synthetic,heuristic,250,563867.0,1573911.0,3725513.0,0.3582585038162895,0.1513528472454666
degree-3-n20-d4-s1002.pbqp,synthetic,heuristic,500,563867.0,940191.0,3091793.0,0.5997366492553109,0.1823754048217329
degree-3-n20-d4-s1002.pbqp,synthetic,heuristic,1000,563867.0,623331.0,2774933.0,0.9046028514545241,0.20320022141075117
degree-3-n20-d4-s1002.pbqp,synthetic,heuristic,2000,563867.0,464901.0,2616503.0,1.2128754293924944,0.21550405254647137
degree-4-n12-d2-s1001.pbqp,synthetic,none,250,11261.0,27338.0,84125.0,0.41191747750384083,0.13386032689450222
degree-4-n12-d2-s1001.pbqp,synthetic,none,500,11261.0,17306.0,74093.0,0.6506991794753265,0.1519846679173471
degree-4-n12-d2-s1001.pbqp,synthetic,none,1000,11261.0,12290.0,69077.0,0.916273393002441,0.1630209765913401
degree-4-n12-d2-s1001.pbqp,synthetic,none,2000,11261.0,9782.0,66569.0,1.1511960744224086,0.16916282353648093
degree-4-n12-d2-s1001.pbqp,synthetic,heuristic,250,14703.0,30871.0,86651.0,0.476272229600596,0.1696806730447427
degree-4-n12-d2-s1001.pbqp,synthetic,heuristic,500,14703.0,20839.0,76619.0,0.7055520898315658,0.19189757109855257
degree-4-n12-d2-s1001.pbqp,synthetic,heuristic,1000,14703.0,15823.0,71603.0,0.929216962649308,0.20534055835649345
degree-4-n12-d2-s1001.pbqp,synthetic,heuristic,2000,14703.0,13315.0,69095.0,1.1042433345850544,0.21279397930385702
degree-4-n12-d2-s1002.pbqp,synthetic,none,250,11119.0,27159.0,82860.0,0.4094038808498104,0.13419020033791937
degree-4-n12-d2-s1002.pbqp,synthetic,none,500,11119.0,17127.0,72828.0,0.6492088515209903,0.15267479540835943
degree-4-n12-d2-s1002.pbqp,synthetic,none,1000,11119.0,12111.0,67812.0,0.9180909916604739,0.16396802925735857
degree-4-n12-d2-s1002.pbqp,synthetic,none,2000,11119.0,9603.0,65304.0,1.157867333125065,0.1702652211196864
degree-4-n12-d2-s1002.pbqp,synthetic,heuristic,250,16013.0,31283.0,88696.0,0.5118754595147524,0.1805380174979706
degree-4-n12-d2-s1002.pbqp,synthetic,heuristic,500,16013.0,21251.0,78664.0,0.753517481530281,0.20356198515203905
degree-4-n12-d2-s1002.pbqp,synthetic,heuristic,1000,16013.0,16235.0,73648.0,0.9863258392362181,0.21742613512926354
degree-4-n12-d2-s1002.pbqp,synthetic,heuristic,2000,16013.0,13727.0,71140.0,1.1665331099293363,0.2250913691312904
degree-4-n12-d4-s1001.pbqp,synthetic,none,250,72275.0,215985.0,492188.0,0.3346297196564576,0.14684429526928736
degree-4-n12-d4-s1001.pbqp,synthetic,none,500,72275.0,124241.0,400444.0,0.5817322783944109,0.18048715925322892
degree-4-n12-d4-s1001.pbqp,synthetic,none,1000,72275.0,78369.0,354572.0,0.9222396610904822,0.20383730243786877
degree-4-n12-d4-s1001.pbqp,synthetic,none,2000,72275.0,55433.0,331636.0,1.3038262406869554,0.21793472361263555
degree-4-n12-d4-s1001.pbqp,synthetic,heuristic,250,79746.0,221941.0,500073.0,0.3593117089676986,0.15946871756723519
degree-4-n12-d4-s1001.pbqp,synthetic,heuristic,500,79746.0,130197.0,408329.0,0.6125025922256273,0.1952983990850515
degree-4-n12-d4-s1001.pbqp,synthetic,heuristic,1000,79746.0,84325.0,362457.0,0.9456981915209013,0.22001506385585048
degree-4-n12-d4-s1001.pbqp,synthetic,heuristic,2000,79746.0,61389.0,339521.0,1.2990275130723745,0.23487796042071035
degree-4-n12-d4-s1002.pbqp,synthetic,none,250,78926.0,221931.0,498577.0,0.35563305712135757,0.15830252899752698
degree-4-n12-d4-s1002.pbqp,synthetic,none,500,78926.0,130187.0,406833.0,0.6062510081651777,0.1940009782883886
degree-4-n12-d4-s1002.pbqp,synthetic,none,1000,78926.0,84315.0,360961.0,0.9360849196465635,0.2186552009773909
degree-4-n12-d4-s1002.pbqp,synthetic,none,2000,78926.0,61379.0,338025.0,1.2858795353459653,0.23349160565046964
degree-4-n12-d4-s1002.pbqp,synthetic,heuristic,250,111893.0,239645.0,533455.0,0.4669114732208058,0.20975152543326053
degree-4-n12-d4-s1002.pbqp,synthetic,heuristic,500,111893.0,147901.0,441711.0,0.75653984760076,0.25331721419661274
degree-4-n12-d4-s1002.pbqp,synthetic,heuristic,1000,111893.0,102029.0,395839.0,1.0966783953581825,0.282673005944336
degree-4-n12-d4-s1002.pbqp,synthetic,heuristic,2000,111893.0,79093.0,372903.0,1.4147016803004058,0.3000592647417693
degree-4-n20-d2-s1001.pbqp,synthetic,none,250,23103.0,50744.0,133682.0,0.45528535393346997,0.172820574198471
degree-4-n20-d2-s1001.pbqp,synthetic,none,500,23103.0,33224.0,116162.0,0.6953708162773898,0.19888603846352507
degree-4-n20-d2-s1001.pbqp,synthetic,none,1000,23103.0,24464.0,107402.0,0.9443672334859385,0.21510772611310777
degree-4-n20-d2-s1001.pbqp,synthetic,none,2000,23103.0,20084.0,103022.0,1.150318661621191,0.22425307215934462
degree-4-n20-d2-s1001.pbqp,synthetic,heuristic,250,25339.0,52673.0,150357.0,0.48106240388814003,0.16852557579627153
degree-4-n20-d2-s1001.pbqp,synthetic,heuristic,500,25339.0,35153.0,132837.0,0.7208204136204591,0.1907525764658943
degree-4-n20-d2-s1001.pbqp,synthetic,heuristic,1000,25339.0,26393.0,124077.0,0.9600651687947562,0.20421996018601352
degree-4-n20-d2-s1001.pbqp,synthetic,heuristic,2000,25339.0,22013.0,119697.0,1.1510925362285922,0.21169285779927652
degree-4-n20-d2-s1002.pbqp,synthetic,none,250,21362.0,48889.0,134179.0,0.4369490069340751,0.15920524076047668
degree-4-n20-d2-s1002.pbqp,synthetic,none,500,21362.0,31369.0,116659.0,0.6809907870827887,0.1831148904070839
degree-4-n20-d2-s1002.pbqp,synthetic,none,1000,21362.0,22609.0,107899.0,0.9448449732407448,0.19798144561117342
degree-4-n20-d2-s1002.pbqp,synthetic,none,2000,21362.0,18229.0,103519.0,1.1718689999451424,0.20635825307431485
degree-4-n20-d2-s1002.pbqp,synthetic,heuristic,250,26722.0,53723.0,143966.0,0.49740334679746107,0.18561326979981385
degree-4-n20-d2-s1002.pbqp,synthetic,heuristic,500,26722.0,36203.0,126446.0,0.7381156257768693,0.2113313192983566
degree-4-n20-d2-s1002.pbqp,synthetic,heuristic,1000,26722.0,27443.0,117686.0,0.9737273621688591,0.22706184253012254
degree-4-n20-d2-s1002.pbqp,synthetic,heuristic,2000,26722.0,23063.0,113306.0,1.1586523869401206,0.2358392318147318
degree-4-n20-d4-s1001.pbqp,synthetic,none,250,136405.0,398966.0,882162.0,0.34189630194051623,0.1546257943552318
degree-4-n20-d4-s1001.pbqp,synthetic,none,500,136405.0,227094.0,710290.0,0.6006543545844452,0.1920412789142463
degree-4-n20-d4-s1001.pbqp,synthetic,none,1000,136405.0,141158.0,624354.0,0.9663285113135636,0.21847381453470308
degree-4-n20-d4-s1001.pbqp,synthetic,none,2000,136405.0,98190.0,581386.0,1.3891944189836032,0.23462037269559294
degree-4-n20-d4-s1001.pbqp,synthetic,heuristic,250,147716.0,412289.0,926924.0,0.3582826609489945,0.15936150105078734
degree-4-n20-d4-s1001.pbqp,synthetic,heuristic,500,147716.0,240417.0,755052.0,0.6144157859053229,0.19563685679926682
degree-4-n20-d4-s1001.pbqp,synthetic,heuristic,1000,147716.0,154481.0,669116.0,0.9562082068344975,0.2207629170427848
degree-4-n20-d4-s1001.pbqp,synthetic,heuristic,2000,147716.0,111513.0,626148.0,1.3246527310717136,0.23591227633083553
degree-4-n20-d4-s1002.pbqp,synthetic,none,250,137834.0,402282.0,898734.0,0.34263029417175017,0.1533646217902071
degree-4-n20-d4-s1002.pbqp,synthetic,none,500,137834.0,230410.0,726862.0,0.5982118831647932,0.18962884288902157
degree-4-n20-d4-s1002.pbqp,synthetic,none,1000,137834.0,144474.0,640926.0,0.9540401733183825,0.21505446806651626
degree-4-n20-d4-s1002.pbqp,synthetic,none,2000,137834.0,101506.0,597958.0,1.3578901739798632,0.23050782830901168
degree-4-n20-d4-s1002.pbqp,synthetic,heuristic,250,151813.0,416179.0,918299.0,0.3647781363307615,0.16531979235521327
degree-4-n20-d4-s1002.pbqp,synthetic,heuristic,500,151813.0,244307.0,746427.0,0.6214025795413148,0.20338626550218575
degree-4-n20-d4-s1002.pbqp,synthetic,heuristic,1000,151813.0,158371.0,660491.0,0.958590903637661,0.2298487034645438
degree-4-n20-d4-s1002.pbqp,synthetic,heuristic,2000,151813.0,115403.0,617523.0,1.3155030631786002,0.24584185528312305
mixed-degree-n12-d2-s1001.pbqp,synthetic,none,250,66300.0,158706.0,496160.0,0.41775358209519486,0.13362624959690422
mixed-degree-n12-d2-s1001.pbqp,synthetic,none,500,66300.0,105608.0,443062.0,0.627793348988713,0.1496404566403799
mixed-degree-n12-d2-s1001.pbqp,synthetic,none,1000,66300.0,79059.0,416513.0,0.8386141995218761,0.15917870510644325
mixed-degree-n12-d2-s1001.pbqp,synthetic,none,2000,66300.0,65784.5,403238.5,1.0078361924161467,0.16441882409541747
mixed-degree-n12-d2-s1001.pbqp,synthetic,heuristic,250,52155.0,115772.0,366289.0,0.4504975296271983,0.1423875682862439
mixed-degree-n12-d2-s1001.pbqp,synthetic,heuristic,500,52155.0,80026.0,330543.0,0.6517256891510259,0.1577858251422659
mixed-degree-n12-d2-s1001.pbqp,synthetic,heuristic,1000,52155.0,62153.0,312670.0,0.8391388991681817,0.16680525793968082
mixed-degree-n12-d2-s1001.pbqp,synthetic,heuristic,2000,52155.0,53216.5,303733.5,0.9800531789952365,0.17171303132515842
mixed-degree-n12-d2-s1002.pbqp,synthetic,none,250,6540.0,14616.0,77741.0,0.44745484400656815,0.08412549362627185
mixed-degree-n12-d2-s1002.pbqp,synthetic,none,500,6540.0,9460.0,72585.0,0.6913319238900634,0.0901012605910312
mixed-degree-n12-d2-s1002.pbqp,synthetic,none,1000,6540.0,6882.0,70007.0,0.9503051438535309,0.09341922950562087
mixed-degree-n12-d2-s1002.pbqp,synthetic,none,2000,6540.0,5593.0,68718.0,1.1693187913463257,0.0951715707674845
mixed-degree-n12-d2-s1002.pbqp,synthetic,heuristic,250,9354.0,17743.0,61144.0,0.5271938229160796,0.15298312181080728
mixed-degree-n12-d2-s1002.pbqp,synthetic,heuristic,500,9354.0,12587.0,55988.0,0.7431476920632398,0.16707151532471243
mixed-degree-n12-d2-s1002.pbqp,synthetic,heuristic,1000,9354.0,10009.0,53410.0,0.9345588969927066,0.17513574237034263
mixed-degree-n12-d2-s1002.pbqp,synthetic,heuristic,2000,9354.0,8720.0,52121.0,1.0727064220183486,0.17946700945875943
mixed-degree-n12-d4-s1002.pbqp,synthetic,none,250,23549.0,67295.0,173838.0,0.34993684523367263,0.13546520323519598
mixed-degree-n12-d4-s1002.pbqp,synthetic,none,500,23549.0,39859.0,146402.0,0.5908075967786447,0.16085162771000397
mixed-degree-n12-d4-s1002.pbqp,synthetic,none,1000,23549.0,26141.0,132684.0,0.9008454152480777,0.17748183654396912
mixed-degree-n12-d4-s1002.pbqp,synthetic,none,2000,23549.0,19282.0,125825.0,1.2212944715278498,0.1871567653486986
mixed-degree-n12-d4-s1002.pbqp,synthetic,heuristic,250,29814.0,73964.0,184660.0,0.40308798875128443,0.16145348207516516
mixed-degree-n12-d4-s1002.pbqp,synthetic,heuristic,500,29814.0,46528.0,157224.0,0.640775447042641,0.18962753778049152
mixed-degree-n12-d4-s1002.pbqp,synthetic,heuristic,1000,29814.0,32810.0,143506.0,0.908686376104846,0.20775437960782128
mixed-degree-n12-d4-s1002.pbqp,synthetic,heuristic,2000,29814.0,25951.0,136647.0,1.1488574621401872,0.2181826165228655
stress-k4-d2-matching-s7402.pbqp,stress,none,250,1723.0,3860.0,17724.0,0.44637305699481866,0.09721281877679983
stress-k4-d2-matching-s7402.pbqp,stress,none,500,1723.0,2512.0,16376.0,0.6859076433121019,0.10521494870542257
stress-k4-d2-matching-s7402.pbqp,stress,none,1000,1723.0,1838.0,15702.0,0.9374319912948857,0.10973124442746147
stress-k4-d2-matching-s7402.pbqp,stress,none,2000,1723.0,1501.0,15365.0,1.1479013990672884,0.1121379759192971
stress-k4-d2-matching-s7402.pbqp,stress,heuristic,250,2768.0,4842.0,20932.0,0.5716646014043784,0.13223772214790752
stress-k4-d2-matching-s7402.pbqp,stress,heuristic,500,2768.0,3494.0,19584.0,0.792215226101889,0.14133986928104575
stress-k4-d2-matching-s7402.pbqp,stress,heuristic,1000,2768.0,2820.0,18910.0,0.9815602836879432,0.14637757800105763
stress-k4-d2-matching-s7402.pbqp,stress,heuristic,2000,2768.0,2483.0,18573.0,1.1147805074506645,0.14903354331556562
stress-k4-d2-random-s7402.pbqp,stress,none,250,1914.0,4006.0,19289.0,0.4777833250124813,0.09922753901187205
stress-k4-d2-random-s7402.pbqp,stress,none,500,1914.0,2658.0,17941.0,0.7200902934537246,0.10668301655426118
stress-k4-d2-random-s7402.pbqp,stress,none,1000,1914.0,1984.0,17267.0,0.9647177419354839,0.11084728094052239
stress-k4-d2-random-s7402.pbqp,stress,none,2000,1914.0,1647.0,16930.0,1.162112932604736,0.11305375073833432
stress-k4-d2-random-s7402.pbqp,stress,heuristic,250,2609.0,4792.0,20819.0,0.544449081803005,0.12531821893462702
stress-k4-d2-random-s7402.pbqp,stress,heuristic,500,2609.0,3444.0,19471.0,0.7575493612078978,0.13399414513892455
stress-k4-d2-random-s7402.pbqp,stress,heuristic,1000,2609.0,2770.0,18797.0,0.9418772563176895,0.1387987444805022
stress-k4-d2-random-s7402.pbqp,stress,heuristic,2000,2609.0,2433.0,18460.0,1.0723386765310317,0.1413326110509209
stress-k4-d3-matching-s7403.pbqp,stress,none,250,3445.0,8052.0,27287.0,0.4278440139095877,0.126250595521677
stress-k4-d3-matching-s7403.pbqp,stress,none,500,3445.0,5148.0,24383.0,0.6691919191919192,0.14128696222778164
stress-k4-d3-matching-s7403.pbqp,stress,none,1000,3445.0,3696.0,22931.0,0.9320887445887446,0.15023330862151674
stress-k4-d3-matching-s7403.pbqp,stress,none,2000,3445.0,2970.0,22205.0,1.15993265993266,0.1551452375591083
stress-k4-d3-matching-s7403.pbqp,stress,heuristic,250,3915.0,8536.0,33010.0,0.4586457357075914,0.11860042411390488
stress-k4-d3-matching-s7403.pbqp,stress,heuristic,500,3915.0,5632.0,30106.0,0.6951349431818182,0.13004052348369097
stress-k4-d3-matching-s7403.pbqp,stress,heuristic,1000,3915.0,4180.0,28654.0,0.9366028708133971,0.13663013889858308
stress-k4-d3-matching-s7403.pbqp,stress,heuristic,2000,3915.0,3454.0,27928.0,1.1334684423856398,0.14018189630478373
stress-k4-d3-random-s7403.pbqp,stress,none,250,2647.0,7446.0,26186.0,0.3554928820843406,0.10108454899564653
stress-k4-d3-random-s7403.pbqp,stress,none,500,2647.0,4542.0,23282.0,0.5827829150154117,0.11369298170260286
stress-k4-d3-random-s7403.pbqp,stress,none,1000,2647.0,3090.0,21830.0,0.8566343042071197,0.12125515345854329
stress-k4-d3-random-s7403.pbqp,stress,none,2000,2647.0,2364.0,21104.0,1.1197123519458545,0.1254264594389689
stress-k4-d3-random-s7403.pbqp,stress,heuristic,250,4554.0,9268.0,36023.0,0.4913681484678464,0.12641923215723289
stress-k4-d3-random-s7403.pbqp,stress,heuristic,500,4554.0,6364.0,33119.0,0.7155876807039597,0.13750415169540142
stress-k4-d3-random-s7403.pbqp,stress,heuristic,1000,4554.0,4912.0,31667.0,0.9271172638436482,0.14380901253671013
stress-k4-d3-random-s7403.pbqp,stress,heuristic,2000,4554.0,4186.0,30941.0,1.0879120879120878,0.14718334895446172
stress-k4-d4-matching-s7404.pbqp,stress,none,250,3981.0,12097.0,38568.0,0.3290898569893362,0.10322028624766647
stress-k4-d4-matching-s7404.pbqp,stress,none,500,3981.0,7145.0,33616.0,0.5571728481455563,0.11842574964302713
stress-k4-d4-matching-s7404.pbqp,stress,none,1000,3981.0,4669.0,31140.0,0.8526451060184194,0.12784200385356453
stress-k4-d4-matching-s7404.pbqp,stress,none,2000,3981.0,3431.0,29902.0,1.1603031186243078,0.13313490736405592
stress-k4-d4-matching-s7404.pbqp,stress,heuristic,250,1831.0,1831.0,4467.0,1.0,0.40989478397134543
stress-k4-d4-matching-s7404.pbqp,stress,heuristic,500,1831.0,1831.0,4467.0,1.0,0.40989478397134543
stress-k4-d4-matching-s7404.pbqp,stress,heuristic,1000,1831.0,1831.0,4467.0,1.0,0.40989478397134543
stress-k4-d4-matching-s7404.pbqp,stress,heuristic,2000,1831.0,1831.0,4467.0,1.0,0.40989478397134543
stress-k4-d4-random-s7404.pbqp,stress,none,250,4259.0,12030.0,38354.0,0.3540315876974231,0.11104448036710643
stress-k4-d4-random-s7404.pbqp,stress,none,500,4259.0,7078.0,33402.0,0.6017236507487991,0.12750733489012633
stress-k4-d4-random-s7404.pbqp,stress,none,1000,4259.0,4602.0,30926.0,0.9254671881790526,0.1377158378063765
stress-k4-d4-random-s7404.pbqp,stress,none,2000,4259.0,3364.0,29688.0,1.2660523186682522,0.14345863648612234
stress-k4-d4-random-s7404.pbqp,stress,heuristic,250,5418.0,13405.0,41518.0,0.404177545691906,0.13049761549207572
stress-k4-d4-random-s7404.pbqp,stress,heuristic,500,5418.0,8453.0,36566.0,0.6409558736543239,0.14817043154843296
stress-k4-d4-random-s7404.pbqp,stress,heuristic,1000,5418.0,5977.0,34090.0,0.9064748201438849,0.1589322381930185
stress-k4-d4-random-s7404.pbqp,stress,heuristic,2000,5418.0,4739.0,32852.0,1.1432791728212703,0.1649214659685864
stress-k6-d2-matching-s7602.pbqp,stress,none,250,9120.0,22265.0,79951.0,0.4096114978666068,0.11406986779402384
stress-k6-d2-matching-s7602.pbqp,stress,none,500,9120.0,14325.0,72011.0,0.6366492146596858,0.1266473177708961
stress-k6-d2-matching-s7602.pbqp,stress,none,1000,9120.0,10355.0,68041.0,0.8807339449541285,0.13403683073441014
stress-k6-d2-matching-s7602.pbqp,stress,none,2000,9120.0,8370.0,66056.0,1.0896057347670252,0.13806467239917647
stress-k6-d2-matching-s7602.pbqp,stress,heuristic,250,10609.0,24102.0,82997.0,0.44017094017094016,0.12782389724929816
stress-k6-d2-matching-s7602.pbqp,stress,heuristic,500,10609.0,16162.0,75057.0,0.6564162851132286,0.14134591044139788
stress-k6-d2-matching-s7602.pbqp,stress,heuristic,1000,10609.0,12192.0,71087.0,0.8701607611548556,0.14923966407359995
stress-k6-d2-matching-s7602.pbqp,stress,heuristic,2000,10609.0,10207.0,69102.0,1.039384735965514,0.15352667071864778
stress-k6-d2-random-s7602.pbqp,stress,none,250,8439.0,22247.0,79182.0,0.37933204477008137,0.10657725240584981
stress-k6-d2-random-s7602.pbqp,stress,none,500,8439.0,14307.0,71242.0,0.5898511218284755,0.1184554055192162
stress-k6-d2-random-s7602.pbqp,stress,none,1000,8439.0,10337.0,67272.0,0.816387733384928,0.12544595076703532
stress-k6-d2-random-s7602.pbqp,stress,none,2000,8439.0,8352.0,65287.0,1.0104166666666667,0.1292600364544243
stress-k6-d2-random-s7602.pbqp,stress,heuristic,250,12347.0,26285.0,85220.0,0.46973559064105,0.1448838300868341
stress-k6-d2-random-s7602.pbqp,stress,heuristic,500,12347.0,18345.0,77280.0,0.6730444262741891,0.15976966873706003
stress-k6-d2-random-s7602.pbqp,stress,heuristic,1000,12347.0,14375.0,73310.0,0.8589217391304348,0.16842177056336108
stress-k6-d2-random-s7602.pbqp,stress,heuristic,2000,12347.0,12390.0,71325.0,0.9965294592413236,0.17310900806168944
stress-k6-d3-matching-s7603.pbqp,stress,none,250,27060.0,79951.0,240658.0,0.3384573050993734,0.11244172227808757
stress-k6-d3-matching-s7603.pbqp,stress,none,500,27060.0,48409.0,209116.0,0.5589869652337375,0.12940186308077814
stress-k6-d3-matching-s7603.pbqp,stress,none,1000,27060.0,32638.0,193345.0,0.8290949200318647,0.1399570715560268
stress-k6-d3-matching-s7603.pbqp,stress,none,2000,27060.0,24752.5,185459.5,1.0932229067770933,0.1459078666770912
stress-k6-d3-matching-s7603.pbqp,stress,heuristic,250,28989.0,82377.0,243290.0,0.3519064787501366,0.11915409593489251
stress-k6-d3-matching-s7603.pbqp,stress,heuristic,500,28989.0,50835.0,211748.0,0.5702567128946592,0.136903300149234
stress-k6-d3-matching-s7603.pbqp,stress,heuristic,1000,28989.0,35064.0,195977.0,0.8267453798767967,0.14792041923286917
stress-k6-d3-matching-s7603.pbqp,stress,heuristic,2000,28989.0,27178.5,188091.5,1.0666151553617749,0.15412179710406904
stress-k6-d3-random-s7603.pbqp,stress,none,250,38103.0,90758.0,241072.0,0.4198307587209943,0.1580565142364107
stress-k6-d3-random-s7603.pbqp,stress,none,500,38103.0,59216.0,209530.0,0.6434578492299379,0.18184985443611892
stress-k6-d3-random-s7603.pbqp,stress,none,1000,38103.0,43445.0,193759.0,0.8770399355506963,0.19665151038145326
stress-k6-d3-random-s7603.pbqp,stress,none,2000,38103.0,35559.5,185873.5,1.071528002362238,0.2049942568467264
stress-k6-d3-random-s7603.pbqp,stress,heuristic,250,30442.0,84787.0,243083.0,0.3590408907025841,0.12523294512573893
stress-k6-d3-random-s7603.pbqp,stress,heuristic,500,30442.0,53245.0,211541.0,0.5717344351582309,0.14390590949272244
stress-k6-d3-random-s7603.pbqp,stress,heuristic,1000,30442.0,37474.0,195770.0,0.8123498959278433,0.15549879961178933
stress-k6-d3-random-s7603.pbqp,stress,heuristic,2000,30442.0,29588.5,187884.5,1.0288456663906584,0.16202507391509144
stress-k6-d4-matching-s7604.pbqp,stress,none,250,70274.0,219042.0,597427.0,0.32082431679769174,0.11762776037909234
stress-k6-d4-matching-s7604.pbqp,stress,none,500,70274.0,130234.0,508619.0,0.5395979544512186,0.1381662895015719
stress-k6-d4-matching-s7604.pbqp,stress,none,1000,70274.0,85830.0,464215.0,0.8187580100198066,0.15138244132567882
stress-k6-d4-matching-s7604.pbqp,stress,none,2000,70274.0,63628.0,442013.0,1.1044508706858616,0.15898627415935732
stress-k6-d4-matching-s7604.pbqp,stress,heuristic,250,77165.0,222335.0,611311.0,0.34706636382036116,0.12622871173592493
stress-k6-d4-matching-s7604.pbqp,stress,heuristic,500,77165.0,133527.0,522503.0,0.5778981030053847,0.14768336258356413
stress-k6-d4-matching-s7604.pbqp,stress,heuristic,1000,77165.0,89123.0,478099.0,0.8658258810856906,0.16139962643720235
stress-k6-d4-matching-s7604.pbqp,stress,heuristic,2000,77165.0,66921.0,455897.0,1.1530760150027644,0.16925972313921786
stress-k6-d4-random-s7604.pbqp,stress,none,250,63549.0,195123.0,534156.0,0.32568687443304994,0.11897086244467908
stress-k6-d4-random-s7604.pbqp,stress,none,500,63549.0,116219.0,455252.0,0.5468038788838314,0.1395908200293464
stress-k6-d4-random-s7604.pbqp,stress,none,1000,63549.0,76767.0,415800.0,0.8278166399624839,0.15283549783549782
stress-k6-d4-random-s7604.pbqp,stress,none,2000,63549.0,57041.0,396074.0,1.1140933714345822,0.16044729015285022
stress-k6-d4-random-s7604.pbqp,stress,heuristic,250,66711.0,197430.0,543383.0,0.3378969761434433,0.12276975908337213
stress-k6-d4-random-s7604.pbqp,stress,heuristic,500,66711.0,118526.0,464479.0,0.5628385333175844,0.1436254383944161
stress-k6-d4-random-s7604.pbqp,stress,heuristic,1000,66711.0,79074.0,425027.0,0.8436527809393732,0.15695708743209255
stress-k6-d4-random-s7604.pbqp,stress,heuristic,2000,66711.0,59348.0,405301.0,1.124064837905237,0.16459618900520848
stress-k8-d2-matching-s7802.pbqp,stress,none,250,35647.0,98612.0,342286.0,0.3614874457469679,0.10414390305183385
stress-k8-d2-matching-s7802.pbqp,stress,none,500,35647.0,63128.0,306802.0,0.5646781143074389,0.116188942705719
stress-k8-d2-matching-s7802.pbqp,stress,none,1000,35647.0,45386.0,289060.0,0.7854184109637333,0.12332041790631702
stress-k8-d2-matching-s7802.pbqp,stress,none,2000,35647.0,36515.0,280189.0,0.9762289470080788,0.12722483752038802
stress-k8-d2-matching-s7802.pbqp,stress,heuristic,250,42023.0,104909.0,336981.0,0.4005662049967114,0.12470436018647936
stress-k8-d2-matching-s7802.pbqp,stress,heuristic,500,42023.0,69425.0,301497.0,0.6053006841915737,0.13938115470469026
stress-k8-d2-matching-s7802.pbqp,stress,heuristic,1000,42023.0,51683.0,283755.0,0.8130913453166418,0.14809606879173937
stress-k8-d2-matching-s7802.pbqp,stress,heuristic,2000,42023.0,42812.0,274884.0,0.9815705876856956,0.15287539471195122
stress-k8-d2-random-s7802.pbqp,stress,none,250,23923.0,66102.0,222287.0,0.361910380926447,0.10762212814964438
stress-k8-d2-random-s7802.pbqp,stress,none,500,23923.0,42750.0,198935.0,0.5596023391812865,0.12025535979088647
stress-k8-d2-random-s7802.pbqp,stress,none,1000,23923.0,31074.0,187259.0,0.7698719186458132,0.12775353921573862
stress-k8-d2-random-s7802.pbqp,stress,none,2000,23923.0,25236.0,181421.0,0.9479711523220796,0.13186455812722894
stress-k8-d2-random-s7802.pbqp,stress,heuristic,250,28968.0,71386.0,222842.0,0.4057938531364693,0.12999344827276726
stress-k8-d2-random-s7802.pbqp,stress,heuristic,500,28968.0,48034.0,199490.0,0.6030728234167465,0.14521028622988622
stress-k8-d2-random-s7802.pbqp,stress,heuristic,1000,28968.0,36358.0,187814.0,0.7967434952417625,0.15423770325960792
stress-k8-d2-random-s7802.pbqp,stress,heuristic,2000,28968.0,30520.0,181976.0,0.9491480996068152,0.1591858267024223
stress-k8-d3-matching-s7803.pbqp,stress,none,250,249319.0,761582.0,2271325.0,0.3273698695609928,0.10976808690962324
stress-k8-d3-matching-s7803.pbqp,stress,none,500,249319.0,469754.0,1979497.0,0.5307437509845578,0.1259506834311949
stress-k8-d3-matching-s7803.pbqp,stress,none,1000,249319.0,323840.0,1833583.0,0.7698832756916996,0.1359736646773012
stress-k8-d3-matching-s7803.pbqp,stress,none,2000,249319.0,250883.0,1760626.0,0.9937660184229302,0.14160815528113296
stress-k8-d3-matching-s7803.pbqp,stress,heuristic,250,262526.0,774472.0,2249598.0,0.33897416562509686,0.11669907245650112
stress-k8-d3-matching-s7803.pbqp,stress,heuristic,500,262526.0,482644.0,1957770.0,0.5439330023785648,0.13409440332623343
stress-k8-d3-matching-s7803.pbqp,stress,heuristic,1000,262526.0,336730.0,1811856.0,0.7796335342856294,0.14489341316307697
stress-k8-d3-matching-s7803.pbqp,stress,heuristic,2000,262526.0,263773.0,1738899.0,0.995272450174961,0.15097254067084978
stress-k8-d3-random-s7803.pbqp,stress,none,250,156694.0,459815.0,1505185.0,0.3407761817252591,0.10410281792603567
stress-k8-d3-random-s7803.pbqp,stress,none,500,156694.0,287051.0,1332421.0,0.5458751232359407,0.11760096846267058
stress-k8-d3-random-s7803.pbqp,stress,none,1000,156694.0,200669.0,1246039.0,0.7808580298900178,0.12575368828744526
stress-k8-d3-random-s7803.pbqp,stress,none,2000,156694.0,157478.0,1202848.0,0.9950215268164442,0.1302691611907739
stress-k8-d3-random-s7803.pbqp,stress,heuristic,250,154035.0,447514.0,1404854.0,0.3442015221870154,0.10964484565655933
stress-k8-d3-random-s7803.pbqp,stress,heuristic,500,154035.0,280558.0,1237898.0,0.5490308599291412,0.12443270770289636
stress-k8-d3-random-s7803.pbqp,stress,heuristic,1000,154035.0,197080.0,1154420.0,0.7815861579054191,0.13343064049479392
stress-k8-d3-random-s7803.pbqp,stress,heuristic,2000,154035.0,155341.0,1112681.0,0.9915926896311985,0.13843590391136362
