id,seed,variant,strategy,status,subprocess_status
001-instcombine-foldaddtoashr-n87-d16.pbqp,none,avx2,branch,search-node-limit,ok
001-instcombine-foldaddtoashr-n87-d16.pbqp,none,portable,branch,search-node-limit,ok
001-instcombine-foldaddtoashr-n87-d16.pbqp,none,structured,branch,search-node-limit,ok
001-instcombine-foldaddtoashr-n87-d16.pbqp,heuristic,avx2,branch,solved-exact,ok
001-instcombine-foldaddtoashr-n87-d16.pbqp,heuristic,portable,branch,solved-exact,ok
001-instcombine-foldaddtoashr-n87-d16.pbqp,heuristic,structured,branch,solved-exact,ok
001-instcombine-foldaddtoashr-n87-d16.pbqp,none,current,branch_scalar_conditioning,search-node-limit,ok
001-instcombine-foldaddtoashr-n87-d16.pbqp,none,degree,branch_scalar_conditioning,search-node-limit,ok
001-instcombine-foldaddtoashr-n87-d16.pbqp,none,avx2,heuristic,solved-heuristic,ok
002-instcombine-foldnowrapadd-n114-d16.pbqp,none,avx2,branch,search-node-limit,ok
002-instcombine-foldnowrapadd-n114-d16.pbqp,none,portable,branch,search-node-limit,ok
002-instcombine-foldnowrapadd-n114-d16.pbqp,none,structured,branch,search-node-limit,ok
002-instcombine-foldnowrapadd-n114-d16.pbqp,heuristic,avx2,branch,search-node-limit,ok
002-instcombine-foldnowrapadd-n114-d16.pbqp,heuristic,portable,branch,search-node-limit,ok
002-instcombine-foldnowrapadd-n114-d16.pbqp,heuristic,structured,branch,search-node-limit,ok
002-instcombine-foldnowrapadd-n114-d16.pbqp,none,current,branch_scalar_conditioning,search-node-limit,ok
002-instcombine-foldnowrapadd-n114-d16.pbqp,none,degree,branch_scalar_conditioning,search-node-limit,ok
002-instcombine-foldnowrapadd-n114-d16.pbqp,none,avx2,heuristic,solved-heuristic,ok
003-instcombine-foldnowrapadd-n114-d16-r1.pbqp,none,avx2,branch,search-node-limit,ok
003-instcombine-foldnowrapadd-n114-d16-r1.pbqp,none,portable,branch,search-node-limit,ok
003-instcombine-foldnowrapadd-n114-d16-r1.pbqp,none,structured,branch,search-node-limit,ok
003-instcombine-foldnowrapadd-n114-d16-r1.pbqp,heuristic,avx2,branch,solved-exact,ok
003-instcombine-foldnowrapadd-n114-d16-r1.pbqp,heuristic,portable,branch,solved-exact,ok
003-instcombine-foldnowrapadd-n114-d16-r1.pbqp,heuristic,structured,branch,solved-exact,ok
003-instcombine-foldnowrapadd-n114-d16-r1.pbqp,none,current,branch_scalar_conditioning,search-node-limit,ok
003-instcombine-foldnowrapadd-n114-d16-r1.pbqp,none,degree,branch_scalar_conditioning,search-node-limit,ok
003-instcombine-foldnowrapadd-n114-d16-r1.pbqp,none,avx2,heuristic,solved-heuristic,ok
004-instcombine-mulwilloverflow-n13-d16.pbqp,none,avx2,branch,solved-exact,ok
004-instcombine-mulwilloverflow-n13-d16.pbqp,none,portable,branch,solved-exact,ok
004-instcombine-mulwilloverflow-n13-d16.pbqp,none,structured,branch,solved-exact,ok
004-instcombine-mulwilloverflow-n13-d16.pbqp,heuristic,avx2,branch,solved-exact,ok
004-instcombine-mulwilloverflow-n13-d16.pbqp,heuristic,portable,branch,solved-exact,ok
004-instcombine-mulwilloverflow-n13-d16.pbqp,heuristic,structured,branch,solved-exact,ok
004-instcombine-mulwilloverflow-n13-d16.pbqp,none,current,branch_scalar_conditioning,solved-exact,ok
004-instcombine-mulwilloverflow-n13-d16.pbqp,none,degree,branch_scalar_conditioning,solved-exact,ok
004-instcombine-mulwilloverflow-n13-d16.pbqp,none,avx2,heuristic,solved-heuristic,ok
005-instcombine-foldsubofminmax-n88-d17.pbqp,none,avx2,branch,search-node-limit,ok
005-instcombine-foldsubofminmax-n88-d17.pbqp,none,portable,branch,search-node-limit,ok
005-instcombine-foldsubofminmax-n88-d17.pbqp,none,structured,branch,search-node-limit,ok
005-instcombine-foldsubofminmax-n88-d17.pbqp,heuristic,avx2,branch,solved-exact,ok
005-instcombine-foldsubofminmax-n88-d17.pbqp,heuristic,portable,branch,solved-exact,ok
005-instcombine-foldsubofminmax-n88-d17.pbqp,heuristic,structured,branch,solved-exact,ok
005-instcombine-foldsubofminmax-n88-d17.pbqp,none,current,branch_scalar_conditioning,search-node-limit,ok
005-instcombine-foldsubofminmax-n88-d17.pbqp,none,degree,branch_scalar_conditioning,search-node-limit,ok
005-instcombine-foldsubofminmax-n88-d17.pbqp,none,avx2,heuristic,solved-heuristic,ok
006-instcombine-factorizefaddfsub-n63-d16.pbqp,none,avx2,branch,search-node-limit,ok
006-instcombine-factorizefaddfsub-n63-d16.pbqp,none,portable,branch,search-node-limit,ok
006-instcombine-factorizefaddfsub-n63-d16.pbqp,none,structured,branch,search-node-limit,ok
006-instcombine-factorizefaddfsub-n63-d16.pbqp,heuristic,avx2,branch,search-node-limit,ok
006-instcombine-factorizefaddfsub-n63-d16.pbqp,heuristic,portable,branch,search-node-limit,ok
006-instcombine-factorizefaddfsub-n63-d16.pbqp,heuristic,structured,branch,search-node-limit,ok
006-instcombine-factorizefaddfsub-n63-d16.pbqp,none,current,branch_scalar_conditioning,search-node-limit,ok
006-instcombine-factorizefaddfsub-n63-d16.pbqp,none,degree,branch_scalar_conditioning,search-node-limit,ok
006-instcombine-factorizefaddfsub-n63-d16.pbqp,none,avx2,heuristic,solved-heuristic,ok
007-instcombine-factorizefaddfsub-n63-d16-r1.pbqp,none,avx2,branch,search-node-limit,ok
007-instcombine-factorizefaddfsub-n63-d16-r1.pbqp,none,portable,branch,search-node-limit,ok
007-instcombine-factorizefaddfsub-n63-d16-r1.pbqp,none,structured,branch,search-node-limit,ok
007-instcombine-factorizefaddfsub-n63-d16-r1.pbqp,heuristic,avx2,branch,search-node-limit,ok
007-instcombine-factorizefaddfsub-n63-d16-r1.pbqp,heuristic,portable,branch,search-node-limit,ok
007-instcombine-factorizefaddfsub-n63-d16-r1.pbqp,heuristic,structured,branch,search-node-limit,ok
007-instcombine-factorizefaddfsub-n63-d16-r1.pbqp,none,current,branch_scalar_conditioning,search-node-limit,ok
007-instcombine-factorizefaddfsub-n63-d16-r1.pbqp,none,degree,branch_scalar_conditioning,search-node-limit,ok
007-instcombine-factorizefaddfsub-n63-d16-r1.pbqp,none,avx2,heuristic,solved-heuristic,ok
008-instcombine-foldfnegintoconstant-n40-d16.pbqp,none,avx2,branch,search-node-limit,ok
008-instcombine-foldfnegintoconstant-n40-d16.pbqp,none,portable,branch,search-node-limit,ok
008-instcombine-foldfnegintoconstant-n40-d16.pbqp,none,structured,branch,search-node-limit,ok
008-instcombine-foldfnegintoconstant-n40-d16.pbqp,heuristic,avx2,branch,solved-exact,ok
008-instcombine-foldfnegintoconstant-n40-d16.pbqp,heuristic,portable,branch,solved-exact,ok
008-instcombine-foldfnegintoconstant-n40-d16.pbqp,heuristic,structured,branch,solved-exact,ok
008-instcombine-foldfnegintoconstant-n40-d16.pbqp,none,current,branch_scalar_conditioning,search-node-limit,ok
008-instcombine-foldfnegintoconstant-n40-d16.pbqp,none,degree,branch_scalar_conditioning,search-node-limit,ok
008-instcombine-foldfnegintoconstant-n40-d16.pbqp,none,avx2,heuristic,solved-heuristic,ok
009-instcombine-canonicalizelowbitmask-n25-d16.pbqp,none,avx2,branch,search-node-limit,ok
009-instcombine-canonicalizelowbitmask-n25-d16.pbqp,none,portable,branch,search-node-limit,ok
009-instcombine-canonicalizelowbitmask-n25-d16.pbqp,none,structured,branch,search-node-limit,ok
009-instcombine-canonicalizelowbitmask-n25-d16.pbqp,heuristic,avx2,branch,solved-exact,ok
009-instcombine-canonicalizelowbitmask-n25-d16.pbqp,heuristic,portable,branch,solved-exact,ok
009-instcombine-canonicalizelowbitmask-n25-d16.pbqp,heuristic,structured,branch,solved-exact,ok
009-instcombine-canonicalizelowbitmask-n25-d16.pbqp,none,current,branch_scalar_conditioning,search-node-limit,ok
009-instcombine-canonicalizelowbitmask-n25-d16.pbqp,none,degree,branch_scalar_conditioning,search-node-limit,ok
009-instcombine-canonicalizelowbitmask-n25-d16.pbqp,none,avx2,heuristic,solved-heuristic,ok
010-instcombine-checkfornegativeoperand-n173-d16.pbqp,none,avx2,branch,search-node-limit,ok
010-instcombine-checkfornegativeoperand-n173-d16.pbqp,none,portable,branch,search-node-limit,ok
010-instcombine-checkfornegativeoperand-n173-d16.pbqp,none,structured,branch,search-node-limit,ok
010-instcombine-checkfornegativeoperand-n173-d16.pbqp,heuristic,avx2,branch,search-node-limit,ok
010-instcombine-checkfornegativeoperand-n173-d16.pbqp,heuristic,portable,branch,search-node-limit,ok
010-instcombine-checkfornegativeoperand-n173-d16.pbqp,heuristic,structured,branch,search-node-limit,ok
010-instcombine-checkfornegativeoperand-n173-d16.pbqp,none,current,branch_scalar_conditioning,search-node-limit,ok
010-instcombine-checkfornegativeoperand-n173-d16.pbqp,none,degree,branch_scalar_conditioning,search-node-limit,ok
010-instcombine-checkfornegativeoperand-n173-d16.pbqp,none,avx2,heuristic,solved-heuristic,ok
011-instcombine-checkfornegativeoperand-n193-d16-r1.pbqp,none,avx2,branch,search-node-limit,ok
011-instcombine-checkfornegativeoperand-n193-d16-r1.pbqp,none,portable,branch,search-node-limit,ok
011-instcombine-checkfornegativeoperand-n193-d16-r1.pbqp,none,structured,branch,search-node-limit,ok
011-instcombine-checkfornegativeoperand-n193-d16-r1.pbqp,heuristic,avx2,branch,search-node-limit,ok
011-instcombine-checkfornegativeoperand-n193-d16-r1.pbqp,heuristic,portable,branch,search-node-limit,ok
011-instcombine-checkfornegativeoperand-n193-d16-r1.pbqp,heuristic,structured,branch,search-node-limit,ok
011-instcombine-checkfornegativeoperand-n193-d16-r1.pbqp,none,current,branch_scalar_conditioning,search-node-limit,ok
011-instcombine-checkfornegativeoperand-n193-d16-r1.pbqp,none,degree,branch_scalar_conditioning,search-node-limit,ok
011-instcombine-checkfornegativeoperand-n193-d16-r1.pbqp,none,avx2,heuristic,solved-heuristic,ok
012-instcombine-factorizemathwithshlops-n33-d16.pbqp,none,avx2,branch,search-node-limit,ok
012-instcombine-factorizemathwithshlops-n33-d16.pbqp,none,portable,branch,search-node-limit,ok
012-instcombine-factorizemathwithshlops-n33-d16.pbqp,none,structured,branch,search-node-limit,ok
012-instcombine-factorizemathwithshlops-n33-d16.pbqp,heuristic,avx2,branch,search-node-limit,ok
012-instcombine-factorizemathwithshlops-n33-d16.pbqp,heuristic,portable,branch,search-node-limit,ok
012-instcombine-factorizemathwithshlops-n33-d16.pbqp,heuristic,structured,branch,search-node-limit,ok
012-instcombine-factorizemathwithshlops-n33-d16.pbqp,none,current,branch_scalar_conditioning,search-node-limit,ok
012-instcombine-factorizemathwithshlops-n33-d16.pbqp,none,degree,branch_scalar_conditioning,search-node-limit,ok
012-instcombine-factorizemathwithshlops-n33-d16.pbqp,none,avx2,heuristic,solved-heuristic,ok
013-instcombine-factorizemathwithshlops-n33-d16-r1.pbqp,none,avx2,branch,search-node-limit,ok
013-instcombine-factorizemathwithshlops-n33-d16-r1.pbqp,none,portable,branch,search-node-limit,ok
013-instcombine-factorizemathwithshlops-n33-d16-r1.pbqp,none,structured,branch,search-node-limit,ok
013-instcombine-factorizemathwithshlops-n33-d16-r1.pbqp,heuristic,avx2,branch,solved-exact,ok
013-instcombine-factorizemathwithshlops-n33-d16-r1.pbqp,heuristic,portable,branch,solved-exact,ok
013-instcombine-factorizemathwithshlops-n33-d16-r1.pbqp,heuristic,structured,branch,solved-exact,ok
013-instcombine-factorizemathwithshlops-n33-d16-r1.pbqp,none,current,branch_scalar_conditioning,search-node-limit,ok
013-instcombine-factorizemathwithshlops-n33-d16-r1.pbqp,none,degree,branch_scalar_conditioning,search-node-limit,ok
013-instcombine-factorizemathwithshlops-n33-d16-r1.pbqp,none,avx2,heuristic,solved-heuristic,ok
014-instcombine-combineaddsubwithshladdsub-n29-d16.pbqp,none,avx2,branch,search-node-limit,ok
014-instcombine-combineaddsubwithshladdsub-n29-d16.pbqp,none,portable,branch,search-node-limit,ok
014-instcombine-combineaddsubwithshladdsub-n29-d16.pbqp,none,structured,branch,search-node-limit,ok
014-instcombine-combineaddsubwithshladdsub-n29-d16.pbqp,heuristic,avx2,branch,solved-exact,ok
014-instcombine-combineaddsubwithshladdsub-n29-d16.pbqp,heuristic,portable,branch,solved-exact,ok
014-instcombine-combineaddsubwithshladdsub-n29-d16.pbqp,heuristic,structured,branch,solved-exact,ok
014-instcombine-combineaddsubwithshladdsub-n29-d16.pbqp,none,current,branch_scalar_conditioning,search-node-limit,ok
014-instcombine-combineaddsubwithshladdsub-n29-d16.pbqp,none,degree,branch_scalar_conditioning,search-node-limit,ok
014-instcombine-combineaddsubwithshladdsub-n29-d16.pbqp,none,avx2,heuristic,solved-heuristic,ok
015-instcombine-foldtounsignedsaturatedadd-n62-d17.pbqp,none,avx2,branch,search-node-limit,ok
015-instcombine-foldtounsignedsaturatedadd-n62-d17.pbqp,none,portable,branch,search-node-limit,ok
015-instcombine-foldtounsignedsaturatedadd-n62-d17.pbqp,none,structured,branch,search-node-limit,ok
015-instcombine-foldtounsignedsaturatedadd-n62-d17.pbqp,heuristic,avx2,branch,solved-exact,ok
015-instcombine-foldtounsignedsaturatedadd-n62-d17.pbqp,heuristic,portable,branch,solved-exact,ok
015-instcombine-foldtounsignedsaturatedadd-n62-d17.pbqp,heuristic,structured,branch,solved-exact,ok
015-instcombine-foldtounsignedsaturatedadd-n62-d17.pbqp,none,current,branch_scalar_conditioning,search-node-limit,ok
015-instcombine-foldtounsignedsaturatedadd-n62-d17.pbqp,none,degree,branch_scalar_conditioning,search-node-limit,ok
015-instcombine-foldtounsignedsaturatedadd-n62-d17.pbqp,none,avx2,heuristic,solved-heuristic,ok
016-instcombine-matchdiv-n30-d16.pbqp,none,avx2,branch,search-node-limit,ok
016-instcombine-matchdiv-n30-d16.pbqp,none,portable,branch,search-node-limit,ok
016-instcombine-matchdiv-n30-d16.pbqp,none,structured,branch,search-node-limit,ok
016-instcombine-matchdiv-n30-d16.pbqp,heuristic,avx2,branch,solved-exact,ok
016-instcombine-matchdiv-n30-d16.pbqp,heuristic,portable,branch,solved-exact,ok
016-instcombine-matchdiv-n30-d16.pbqp,heuristic,structured,branch,solved-exact,ok
016-instcombine-matchdiv-n30-d16.pbqp,none,current,branch_scalar_conditioning,search-node-limit,ok
016-instcombine-matchdiv-n30-d16.pbqp,none,degree,branch_scalar_conditioning,search-node-limit,ok
016-instcombine-matchdiv-n30-d16.pbqp,none,avx2,heuristic,solved-heuristic,ok
017-instcombine-matchmul-n22-d16.pbqp,none,avx2,branch,search-node-limit,ok
017-instcombine-matchmul-n22-d16.pbqp,none,portable,branch,search-node-limit,ok
017-instcombine-matchmul-n22-d16.pbqp,none,structured,branch,search-node-limit,ok
017-instcombine-matchmul-n22-d16.pbqp,heuristic,avx2,branch,solved-exact,ok
017-instcombine-matchmul-n22-d16.pbqp,heuristic,portable,branch,solved-exact,ok
017-instcombine-matchmul-n22-d16.pbqp,heuristic,structured,branch,solved-exact,ok
017-instcombine-matchmul-n22-d16.pbqp,none,current,branch_scalar_conditioning,search-node-limit,ok
017-instcombine-matchmul-n22-d16.pbqp,none,degree,branch_scalar_conditioning,search-node-limit,ok
017-instcombine-matchmul-n22-d16.pbqp,none,avx2,heuristic,solved-heuristic,ok
018-instcombine-matchrem-n44-d16.pbqp,none,avx2,branch,search-node-limit,ok
018-instcombine-matchrem-n44-d16.pbqp,none,portable,branch,search-node-limit,ok
018-instcombine-matchrem-n44-d16.pbqp,none,structured,branch,search-node-limit,ok
018-instcombine-matchrem-n44-d16.pbqp,heuristic,avx2,branch,solved-exact,ok
018-instcombine-matchrem-n44-d16.pbqp,heuristic,portable,branch,solved-exact,ok
018-instcombine-matchrem-n44-d16.pbqp,heuristic,structured,branch,solved-exact,ok
018-instcombine-matchrem-n44-d16.pbqp,none,current,branch_scalar_conditioning,search-node-limit,ok
018-instcombine-matchrem-n44-d16.pbqp,none,degree,branch_scalar_conditioning,search-node-limit,ok
018-instcombine-matchrem-n44-d16.pbqp,none,avx2,heuristic,solved-heuristic,ok
019-instcombine-faddcombine-simplifyfadd-n108-d17.pbqp,none,avx2,branch,search-node-limit,ok
019-instcombine-faddcombine-simplifyfadd-n108-d17.pbqp,none,portable,branch,search-node-limit,ok
019-instcombine-faddcombine-simplifyfadd-n108-d17.pbqp,none,structured,branch,search-node-limit,ok
019-instcombine-faddcombine-simplifyfadd-n108-d17.pbqp,heuristic,avx2,branch,search-node-limit,ok
019-instcombine-faddcombine-simplifyfadd-n108-d17.pbqp,heuristic,portable,branch,search-node-limit,ok
019-instcombine-faddcombine-simplifyfadd-n108-d17.pbqp,heuristic,structured,branch,search-node-limit,ok
019-instcombine-faddcombine-simplifyfadd-n108-d17.pbqp,none,current,branch_scalar_conditioning,search-node-limit,ok
019-instcombine-faddcombine-simplifyfadd-n108-d17.pbqp,none,degree,branch_scalar_conditioning,search-node-limit,ok
019-instcombine-faddcombine-simplifyfadd-n108-d17.pbqp,none,avx2,heuristic,solved-heuristic,ok
020-instcombine-faddcombine-simplifyfadd-n138-d17-r1.pbqp,none,avx2,branch,search-node-limit,ok
020-instcombine-faddcombine-simplifyfadd-n138-d17-r1.pbqp,none,portable,branch,search-node-limit,ok
020-instcombine-faddcombine-simplifyfadd-n138-d17-r1.pbqp,none,structured,branch,search-node-limit,ok
020-instcombine-faddcombine-simplifyfadd-n138-d17-r1.pbqp,heuristic,avx2,branch,solved-exact,ok
020-instcombine-faddcombine-simplifyfadd-n138-d17-r1.pbqp,heuristic,portable,branch,solved-exact,ok
020-instcombine-faddcombine-simplifyfadd-n138-d17-r1.pbqp,heuristic,structured,branch,solved-exact,ok
020-instcombine-faddcombine-simplifyfadd-n138-d17-r1.pbqp,none,current,branch_scalar_conditioning,search-node-limit,ok
020-instcombine-faddcombine-simplifyfadd-n138-d17-r1.pbqp,none,degree,branch_scalar_conditioning,search-node-limit,ok
020-instcombine-faddcombine-simplifyfadd-n138-d17-r1.pbqp,none,avx2,heuristic,solved-heuristic,ok
021-instcombine-faddcombine-simplify-n54-d16.pbqp,none,avx2,branch,search-node-limit,ok
021-instcombine-faddcombine-simplify-n54-d16.pbqp,none,portable,branch,search-node-limit,ok
021-instcombine-faddcombine-simplify-n54-d16.pbqp,none,structured,branch,search-node-limit,ok
021-instcombine-faddcombine-simplify-n54-d16.pbqp,heuristic,avx2,branch,search-node-limit,ok
021-instcombine-faddcombine-simplify-n54-d16.pbqp,heuristic,portable,branch,search-node-limit,ok
021-instcombine-faddcombine-simplify-n54-d16.pbqp,heuristic,structured,branch,search-node-limit,ok
021-instcombine-faddcombine-simplify-n54-d16.pbqp,none,avx2,heuristic,solved-heuristic,ok
022-instcombine-faddcombine-simplify-n59-d16-r1.pbqp,none,avx2,branch,search-node-limit,ok
022-instcombine-faddcombine-simplify-n59-d16-r1.pbqp,none,portable,branch,search-node-limit,ok
022-instcombine-faddcombine-simplify-n59-d16-r1.pbqp,none,structured,branch,search-node-limit,ok
022-instcombine-faddcombine-simplify-n59-d16-r1.pbqp,heuristic,avx2,branch,search-node-limit,ok
022-instcombine-faddcombine-simplify-n59-d16-r1.pbqp,heuristic,portable,branch,search-node-limit,ok
022-instcombine-faddcombine-simplify-n59-d16-r1.pbqp,heuristic,structured,branch,search-node-limit,ok
022-instcombine-faddcombine-simplify-n59-d16-r1.pbqp,none,avx2,heuristic,solved-heuristic,ok
023-instcombine-faddendcoef-converttofptype-n7-d16.pbqp,none,avx2,branch,solved-exact,ok
023-instcombine-faddendcoef-converttofptype-n7-d16.pbqp,none,portable,branch,solved-exact,ok
023-instcombine-faddendcoef-converttofptype-n7-d16.pbqp,none,structured,branch,solved-exact,ok
023-instcombine-faddendcoef-converttofptype-n7-d16.pbqp,heuristic,avx2,branch,solved-exact,ok
023-instcombine-faddendcoef-converttofptype-n7-d16.pbqp,heuristic,portable,branch,solved-exact,ok
023-instcombine-faddendcoef-converttofptype-n7-d16.pbqp,heuristic,structured,branch,solved-exact,ok
023-instcombine-faddendcoef-converttofptype-n7-d16.pbqp,none,avx2,heuristic,solved-heuristic,ok
024-instcombine-faddendcoef-createapfloatfromint-n7-d16.pbqp,none,avx2,branch,solved-exact,ok
024-instcombine-faddendcoef-createapfloatfromint-n7-d16.pbqp,none,portable,branch,solved-exact,ok
024-instcombine-faddendcoef-createapfloatfromint-n7-d16.pbqp,none,structured,branch,solved-exact,ok
024-instcombine-faddendcoef-createapfloatfromint-n7-d16.pbqp,heuristic,avx2,branch,solved-exact,ok
024-instcombine-faddendcoef-createapfloatfromint-n7-d16.pbqp,heuristic,portable,branch,solved-exact,ok
024-instcombine-faddendcoef-createapfloatfromint-n7-d16.pbqp,heuristic,structured,branch,solved-exact,ok
024-instcombine-faddendcoef-createapfloatfromint-n7-d16.pbqp,none,avx2,heuristic,solved-heuristic,ok
025-instcombine-faddend-drillvaluedownonestep-n36-d16.pbqp,none,avx2,branch,search-node-limit,ok
025-instcombine-faddend-drillvaluedownonestep-n36-d16.pbqp,none,portable,branch,search-node-limit,ok
025-instcombine-faddend-drillvaluedownonestep-n36-d16.pbqp,none,structured,branch,search-node-limit,ok
025-instcombine-faddend-drillvaluedownonestep-n36-d16.pbqp,heuristic,avx2,branch,search-node-limit,ok
025-instcombine-faddend-drillvaluedownonestep-n36-d16.pbqp,heuristic,portable,branch,search-node-limit,ok
025-instcombine-faddend-drillvaluedownonestep-n36-d16.pbqp,heuristic,structured,branch,search-node-limit,ok
025-instcombine-faddend-drillvaluedownonestep-n36-d16.pbqp,none,avx2,heuristic,solved-heuristic,ok
026-instcombine-faddend-drillvaluedownonestep-n36-d16-r1.pbqp,none,avx2,branch,search-node-limit,ok
026-instcombine-faddend-drillvaluedownonestep-n36-d16-r1.pbqp,none,portable,branch,search-node-limit,ok
026-instcombine-faddend-drillvaluedownonestep-n36-d16-r1.pbqp,none,structured,branch,search-node-limit,ok
026-instcombine-faddend-drillvaluedownonestep-n36-d16-r1.pbqp,heuristic,avx2,branch,solved-exact,ok
026-instcombine-faddend-drillvaluedownonestep-n36-d16-r1.pbqp,heuristic,portable,branch,solved-exact,ok
026-instcombine-faddend-drillvaluedownonestep-n36-d16-r1.pbqp,heuristic,structured,branch,solved-exact,ok
026-instcombine-faddend-drillvaluedownonestep-n36-d16-r1.pbqp,none,avx2,heuristic,solved-heuristic,ok
027-instcombine-faddend-set-n4-d16.pbqp,none,avx2,branch,solved-exact,ok
027-instcombine-faddend-set-n4-d16.pbqp,none,portable,branch,solved-exact,ok
027-instcombine-faddend-set-n4-d16.pbqp,none,structured,branch,solved-exact,ok
027-instcombine-faddend-set-n4-d16.pbqp,heuristic,avx2,branch,solved-exact,ok
027-instcombine-faddend-set-n4-d16.pbqp,heuristic,portable,branch,solved-exact,ok
027-instcombine-faddend-set-n4-d16.pbqp,heuristic,structured,branch,solved-exact,ok
027-instcombine-faddend-set-n4-d16.pbqp,none,avx2,heuristic,solved-heuristic,ok
028-instcombine-faddend-scale-n17-d16.pbqp,none,avx2,branch,search-node-limit,ok
028-instcombine-faddend-scale-n17-d16.pbqp,none,portable,branch,search-node-limit,ok
028-instcombine-faddend-scale-n17-d16.pbqp,none,structured,branch,search-node-limit,ok
028-instcombine-faddend-scale-n17-d16.pbqp,heuristic,avx2,branch,solved-exact,ok
028-instcombine-faddend-scale-n17-d16.pbqp,heuristic,portable,branch,solved-exact,ok
028-instcombine-faddend-scale-n17-d16.pbqp,heuristic,structured,branch,solved-exact,ok
028-instcombine-faddend-scale-n17-d16.pbqp,none,avx2,heuristic,solved-heuristic,ok
029-instcombine-selectinst-init-n19-d16.pbqp,none,avx2,branch,search-node-limit,ok
029-instcombine-selectinst-init-n19-d16.pbqp,none,portable,branch,search-node-limit,ok
029-instcombine-selectinst-init-n19-d16.pbqp,none,structured,branch,search-node-limit,ok
029-instcombine-selectinst-init-n19-d16.pbqp,heuristic,avx2,branch,solved-exact,ok
029-instcombine-selectinst-init-n19-d16.pbqp,heuristic,portable,branch,solved-exact,ok
029-instcombine-selectinst-init-n19-d16.pbqp,heuristic,structured,branch,solved-exact,ok
029-instcombine-selectinst-init-n19-d16.pbqp,none,avx2,heuristic,solved-heuristic,ok
030-instcombine-selectinst-create-n9-d15.pbqp,none,avx2,branch,search-node-limit,ok
030-instcombine-selectinst-create-n9-d15.pbqp,none,portable,branch,search-node-limit,ok
030-instcombine-selectinst-create-n9-d15.pbqp,none,structured,branch,search-node-limit,ok
030-instcombine-selectinst-create-n9-d15.pbqp,heuristic,avx2,branch,search-node-limit,ok
030-instcombine-selectinst-create-n9-d15.pbqp,heuristic,portable,branch,search-node-limit,ok
030-instcombine-selectinst-create-n9-d15.pbqp,heuristic,structured,branch,search-node-limit,ok
030-instcombine-selectinst-create-n9-d15.pbqp,none,avx2,heuristic,solved-heuristic,ok
031-instcombine-selectinst-create-n8-d15-r1.pbqp,none,avx2,branch,solved-exact,ok
031-instcombine-selectinst-create-n8-d15-r1.pbqp,none,portable,branch,solved-exact,ok
031-instcombine-selectinst-create-n8-d15-r1.pbqp,none,structured,branch,solved-exact,ok
031-instcombine-selectinst-create-n8-d15-r1.pbqp,heuristic,avx2,branch,solved-exact,ok
031-instcombine-selectinst-create-n8-d15-r1.pbqp,heuristic,portable,branch,solved-exact,ok
031-instcombine-selectinst-create-n8-d15-r1.pbqp,heuristic,structured,branch,solved-exact,ok
031-instcombine-selectinst-create-n8-d15-r1.pbqp,none,avx2,heuristic,solved-heuristic,ok
032-instcombine-densemapbase-grow-n22-d17.pbqp,none,avx2,branch,solved-exact,ok
032-instcombine-densemapbase-grow-n22-d17.pbqp,none,portable,branch,solved-exact,ok
032-instcombine-densemapbase-grow-n22-d17.pbqp,none,structured,branch,solved-exact,ok
032-instcombine-densemapbase-grow-n22-d17.pbqp,heuristic,avx2,branch,solved-exact,ok
032-instcombine-densemapbase-grow-n22-d17.pbqp,heuristic,portable,branch,solved-exact,ok
032-instcombine-densemapbase-grow-n22-d17.pbqp,heuristic,structured,branch,solved-exact,ok
032-instcombine-densemapbase-grow-n22-d17.pbqp,none,avx2,heuristic,solved-heuristic,ok
033-instcombine-densemapbase-lookupbucketfor-n15-d16.pbqp,none,avx2,branch,search-node-limit,ok
033-instcombine-densemapbase-lookupbucketfor-n15-d16.pbqp,none,portable,branch,search-node-limit,ok
033-instcombine-densemapbase-lookupbucketfor-n15-d16.pbqp,none,structured,branch,search-node-limit,ok
033-instcombine-densemapbase-lookupbucketfor-n15-d16.pbqp,heuristic,avx2,branch,solved-exact,ok
033-instcombine-densemapbase-lookupbucketfor-n15-d16.pbqp,heuristic,portable,branch,solved-exact,ok
033-instcombine-densemapbase-lookupbucketfor-n15-d16.pbqp,heuristic,structured,branch,solved-exact,ok
033-instcombine-densemapbase-lookupbucketfor-n15-d16.pbqp,none,avx2,heuristic,solved-heuristic,ok
034-instcombine-densemapbase-movefrom-n26-d17.pbqp,none,avx2,branch,search-node-limit,ok
034-instcombine-densemapbase-movefrom-n26-d17.pbqp,none,portable,branch,search-node-limit,ok
034-instcombine-densemapbase-movefrom-n26-d17.pbqp,none,structured,branch,search-node-limit,ok
034-instcombine-densemapbase-movefrom-n26-d17.pbqp,heuristic,avx2,branch,search-node-limit,ok
034-instcombine-densemapbase-movefrom-n26-d17.pbqp,heuristic,portable,branch,search-node-limit,ok
034-instcombine-densemapbase-movefrom-n26-d17.pbqp,heuristic,structured,branch,search-node-limit,ok
034-instcombine-densemapbase-movefrom-n26-d17.pbqp,none,avx2,heuristic,solved-heuristic,ok
035-instcombine-densemapbase-movefrom-n38-d17-r1.pbqp,none,avx2,branch,search-node-limit,ok
035-instcombine-densemapbase-movefrom-n38-d17-r1.pbqp,none,portable,branch,search-node-limit,ok
035-instcombine-densemapbase-movefrom-n38-d17-r1.pbqp,none,structured,branch,search-node-limit,ok
035-instcombine-densemapbase-movefrom-n38-d17-r1.pbqp,heuristic,avx2,branch,search-node-limit,ok
035-instcombine-densemapbase-movefrom-n38-d17-r1.pbqp,heuristic,portable,branch,search-node-limit,ok
035-instcombine-densemapbase-movefrom-n38-d17-r1.pbqp,heuristic,structured,branch,search-node-limit,ok
035-instcombine-densemapbase-movefrom-n38-d17-r1.pbqp,none,avx2,heuristic,solved-heuristic,ok
036-instcombine-densemapbase-lookuporinsertintobucke-n22-d16.pbqp,none,avx2,branch,search-node-limit,ok
036-instcombine-densemapbase-lookuporinsertintobucke-n22-d16.pbqp,none,portable,branch,search-node-limit,ok
036-instcombine-densemapbase-lookuporinsertintobucke-n22-d16.pbqp,none,structured,branch,search-node-limit,ok
036-instcombine-densemapbase-lookuporinsertintobucke-n22-d16.pbqp,heuristic,avx2,branch,solved-exact,ok
036-instcombine-densemapbase-lookuporinsertintobucke-n22-d16.pbqp,heuristic,portable,branch,solved-exact,ok
036-instcombine-densemapbase-lookuporinsertintobucke-n22-d16.pbqp,heuristic,structured,branch,solved-exact,ok
036-instcombine-densemapbase-lookuporinsertintobucke-n22-d16.pbqp,none,avx2,heuristic,solved-heuristic,ok
037-instcombine-densemapbase-grow-n20-d17.pbqp,none,avx2,branch,solved-exact,ok
037-instcombine-densemapbase-grow-n20-d17.pbqp,none,portable,branch,solved-exact,ok
037-instcombine-densemapbase-grow-n20-d17.pbqp,none,structured,branch,solved-exact,ok
037-instcombine-densemapbase-grow-n20-d17.pbqp,heuristic,avx2,branch,solved-exact,ok
037-instcombine-densemapbase-grow-n20-d17.pbqp,heuristic,portable,branch,solved-exact,ok
037-instcombine-densemapbase-grow-n20-d17.pbqp,heuristic,structured,branch,solved-exact,ok
037-instcombine-densemapbase-grow-n20-d17.pbqp,none,avx2,heuristic,solved-heuristic,ok
038-instcombine-densemapbase-lookupbucketfor-n15-d16.pbqp,none,avx2,branch,search-node-limit,ok
038-instcombine-densemapbase-lookupbucketfor-n15-d16.pbqp,none,portable,branch,search-node-limit,ok
038-instcombine-densemapbase-lookupbucketfor-n15-d16.pbqp,none,structured,branch,search-node-limit,ok
038-instcombine-densemapbase-lookupbucketfor-n15-d16.pbqp,heuristic,avx2,branch,solved-exact,ok
038-instcombine-densemapbase-lookupbucketfor-n15-d16.pbqp,heuristic,portable,branch,solved-exact,ok
038-instcombine-densemapbase-lookupbucketfor-n15-d16.pbqp,heuristic,structured,branch,solved-exact,ok
038-instcombine-densemapbase-lookupbucketfor-n15-d16.pbqp,none,avx2,heuristic,solved-heuristic,ok
039-instcombine-densemapbase-movefrom-n28-d17.pbqp,none,avx2,branch,search-node-limit,ok
039-instcombine-densemapbase-movefrom-n28-d17.pbqp,none,portable,branch,search-node-limit,ok
039-instcombine-densemapbase-movefrom-n28-d17.pbqp,none,structured,branch,search-node-limit,ok
039-instcombine-densemapbase-movefrom-n28-d17.pbqp,heuristic,avx2,branch,search-node-limit,ok
039-instcombine-densemapbase-movefrom-n28-d17.pbqp,heuristic,portable,branch,search-node-limit,ok
039-instcombine-densemapbase-movefrom-n28-d17.pbqp,heuristic,structured,branch,search-node-limit,ok
039-instcombine-densemapbase-movefrom-n28-d17.pbqp,none,avx2,heuristic,solved-heuristic,ok
040-instcombine-densemapbase-movefrom-n40-d17-r1.pbqp,none,avx2,branch,search-node-limit,ok
040-instcombine-densemapbase-movefrom-n40-d17-r1.pbqp,none,portable,branch,search-node-limit,ok
040-instcombine-densemapbase-movefrom-n40-d17-r1.pbqp,none,structured,branch,search-node-limit,ok
040-instcombine-densemapbase-movefrom-n40-d17-r1.pbqp,heuristic,avx2,branch,search-node-limit,ok
040-instcombine-densemapbase-movefrom-n40-d17-r1.pbqp,heuristic,portable,branch,search-node-limit,ok
040-instcombine-densemapbase-movefrom-n40-d17-r1.pbqp,heuristic,structured,branch,search-node-limit,ok
040-instcombine-densemapbase-movefrom-n40-d17-r1.pbqp,none,avx2,heuristic,solved-heuristic,ok
041-instcombine-densemapbase-lookuporinsertintobucke-n24-d16.pbqp,none,avx2,branch,search-node-limit,ok
041-instcombine-densemapbase-lookuporinsertintobucke-n24-d16.pbqp,none,portable,branch,search-node-limit,ok
041-instcombine-densemapbase-lookuporinsertintobucke-n24-d16.pbqp,none,structured,branch,search-node-limit,ok
041-instcombine-densemapbase-lookuporinsertintobucke-n24-d16.pbqp,heuristic,avx2,branch,solved-exact,ok
041-instcombine-densemapbase-lookuporinsertintobucke-n24-d16.pbqp,heuristic,portable,branch,solved-exact,ok
041-instcombine-densemapbase-lookuporinsertintobucke-n24-d16.pbqp,heuristic,structured,branch,solved-exact,ok
041-instcombine-densemapbase-lookuporinsertintobucke-n24-d16.pbqp,none,avx2,heuristic,solved-heuristic,ok
042-instcombine-instcombiner-replaceoperand-n18-d16.pbqp,none,avx2,branch,search-node-limit,ok
042-instcombine-instcombiner-replaceoperand-n18-d16.pbqp,none,portable,branch,search-node-limit,ok
042-instcombine-instcombiner-replaceoperand-n18-d16.pbqp,none,structured,branch,search-node-limit,ok
042-instcombine-instcombiner-replaceoperand-n18-d16.pbqp,heuristic,avx2,branch,solved-exact,ok
042-instcombine-instcombiner-replaceoperand-n18-d16.pbqp,heuristic,portable,branch,solved-exact,ok
042-instcombine-instcombiner-replaceoperand-n18-d16.pbqp,heuristic,structured,branch,solved-exact,ok
042-instcombine-instcombiner-replaceoperand-n18-d16.pbqp,none,avx2,heuristic,solved-heuristic,ok
043-instcombine-instcombiner-replaceinstuseswith-n14-d16.pbqp,none,avx2,branch,search-node-limit,ok
043-instcombine-instcombiner-replaceinstuseswith-n14-d16.pbqp,none,portable,branch,search-node-limit,ok
043-instcombine-instcombiner-replaceinstuseswith-n14-d16.pbqp,none,structured,branch,search-node-limit,ok
043-instcombine-instcombiner-replaceinstuseswith-n14-d16.pbqp,heuristic,avx2,branch,search-node-limit,ok
043-instcombine-instcombiner-replaceinstuseswith-n14-d16.pbqp,heuristic,portable,branch,search-node-limit,ok
043-instcombine-instcombiner-replaceinstuseswith-n14-d16.pbqp,heuristic,structured,branch,search-node-limit,ok
043-instcombine-instcombiner-replaceinstuseswith-n14-d16.pbqp,none,avx2,heuristic,solved-heuristic,ok
044-instcombine-instcombiner-replaceinstuseswith-n16-d16-r1.pbqp,none,avx2,branch,search-node-limit,ok
044-instcombine-instcombiner-replaceinstuseswith-n16-d16-r1.pbqp,none,portable,branch,search-node-limit,ok
044-instcombine-instcombiner-replaceinstuseswith-n16-d16-r1.pbqp,none,structured,branch,search-node-limit,ok
044-instcombine-instcombiner-replaceinstuseswith-n16-d16-r1.pbqp,heuristic,avx2,branch,solved-exact,ok
044-instcombine-instcombiner-replaceinstuseswith-n16-d16-r1.pbqp,heuristic,portable,branch,solved-exact,ok
044-instcombine-instcombiner-replaceinstuseswith-n16-d16-r1.pbqp,heuristic,structured,branch,solved-exact,ok
044-instcombine-instcombiner-replaceinstuseswith-n16-d16-r1.pbqp,none,avx2,heuristic,solved-heuristic,ok
045-instcombine-instcombiner-addone-n3-d15.pbqp,none,avx2,branch,solved-exact,ok
045-instcombine-instcombiner-addone-n3-d15.pbqp,none,portable,branch,solved-exact,ok
045-instcombine-instcombiner-addone-n3-d15.pbqp,none,structured,branch,solved-exact,ok
045-instcombine-instcombiner-addone-n3-d15.pbqp,heuristic,avx2,branch,solved-exact,ok
045-instcombine-instcombiner-addone-n3-d15.pbqp,heuristic,portable,branch,solved-exact,ok
045-instcombine-instcombiner-addone-n3-d15.pbqp,heuristic,structured,branch,solved-exact,ok
045-instcombine-instcombiner-addone-n3-d15.pbqp,none,avx2,heuristic,solved-heuristic,ok
046-instcombine-instcombiner-subone-n3-d15.pbqp,none,avx2,branch,solved-exact,ok
046-instcombine-instcombiner-subone-n3-d15.pbqp,none,portable,branch,solved-exact,ok
046-instcombine-instcombiner-subone-n3-d15.pbqp,none,structured,branch,solved-exact,ok
046-instcombine-instcombiner-subone-n3-d15.pbqp,heuristic,avx2,branch,solved-exact,ok
046-instcombine-instcombiner-subone-n3-d15.pbqp,heuristic,portable,branch,solved-exact,ok
046-instcombine-instcombiner-subone-n3-d15.pbqp,heuristic,structured,branch,solved-exact,ok
046-instcombine-instcombiner-subone-n3-d15.pbqp,none,avx2,heuristic,solved-heuristic,ok
047-instcombine-patternmatch-match-n13-d16.pbqp,none,avx2,branch,solved-exact,ok
047-instcombine-patternmatch-match-n13-d16.pbqp,none,portable,branch,solved-exact,ok
047-instcombine-patternmatch-match-n13-d16.pbqp,none,structured,branch,solved-exact,ok
047-instcombine-patternmatch-match-n13-d16.pbqp,heuristic,avx2,branch,solved-exact,ok
047-instcombine-patternmatch-match-n13-d16.pbqp,heuristic,portable,branch,solved-exact,ok
047-instcombine-patternmatch-match-n13-d16.pbqp,heuristic,structured,branch,solved-exact,ok
047-instcombine-patternmatch-match-n13-d16.pbqp,none,avx2,heuristic,solved-heuristic,ok
048-instcombine-patternmatch-match-n11-d16.pbqp,none,avx2,branch,solved-exact,ok
048-instcombine-patternmatch-match-n11-d16.pbqp,none,portable,branch,solved-exact,ok
048-instcombine-patternmatch-match-n11-d16.pbqp,none,structured,branch,solved-exact,ok
048-instcombine-patternmatch-match-n11-d16.pbqp,heuristic,avx2,branch,solved-exact,ok
048-instcombine-patternmatch-match-n11-d16.pbqp,heuristic,portable,branch,solved-exact,ok
048-instcombine-patternmatch-match-n11-d16.pbqp,heuristic,structured,branch,solved-exact,ok
048-instcombine-patternmatch-match-n11-d16.pbqp,none,avx2,heuristic,solved-heuristic,ok
049-instcombine-patternmatch-match-n13-d16.pbqp,none,avx2,branch,solved-exact,ok
049-instcombine-patternmatch-match-n13-d16.pbqp,none,portable,branch,solved-exact,ok
049-instcombine-patternmatch-match-n13-d16.pbqp,none,structured,branch,solved-exact,ok
049-instcombine-patternmatch-match-n13-d16.pbqp,heuristic,avx2,branch,solved-exact,ok
049-instcombine-patternmatch-match-n13-d16.pbqp,heuristic,portable,branch,solved-exact,ok
049-instcombine-patternmatch-match-n13-d16.pbqp,heuristic,structured,branch,solved-exact,ok
049-instcombine-patternmatch-match-n13-d16.pbqp,none,avx2,heuristic,solved-heuristic,ok
050-instcombine-patternmatch-match-n11-d16.pbqp,none,avx2,branch,search-node-limit,ok
050-instcombine-patternmatch-match-n11-d16.pbqp,none,portable,branch,search-node-limit,ok
050-instcombine-patternmatch-match-n11-d16.pbqp,none,structured,branch,search-node-limit,ok
050-instcombine-patternmatch-match-n11-d16.pbqp,heuristic,avx2,branch,solved-exact,ok
050-instcombine-patternmatch-match-n11-d16.pbqp,heuristic,portable,branch,solved-exact,ok
050-instcombine-patternmatch-match-n11-d16.pbqp,heuristic,structured,branch,solved-exact,ok
050-instcombine-patternmatch-match-n11-d16.pbqp,none,avx2,heuristic,solved-heuristic,ok
051-instcombine-patternmatch-match-n11-d16.pbqp,none,avx2,branch,solved-exact,ok
051-instcombine-patternmatch-match-n11-d16.pbqp,none,portable,branch,solved-exact,ok
051-instcombine-patternmatch-match-n11-d16.pbqp,none,structured,branch,solved-exact,ok
051-instcombine-patternmatch-match-n11-d16.pbqp,heuristic,avx2,branch,solved-exact,ok
051-instcombine-patternmatch-match-n11-d16.pbqp,heuristic,portable,branch,solved-exact,ok
051-instcombine-patternmatch-match-n11-d16.pbqp,heuristic,structured,branch,solved-exact,ok
051-instcombine-patternmatch-match-n11-d16.pbqp,none,avx2,heuristic,solved-heuristic,ok
052-instcombine-patternmatch-match-n10-d16.pbqp,none,avx2,branch,solved-exact,ok
052-instcombine-patternmatch-match-n10-d16.pbqp,none,portable,branch,solved-exact,ok
052-instcombine-patternmatch-match-n10-d16.pbqp,none,structured,branch,solved-exact,ok
052-instcombine-patternmatch-match-n10-d16.pbqp,heuristic,avx2,branch,solved-exact,ok
052-instcombine-patternmatch-match-n10-d16.pbqp,heuristic,portable,branch,solved-exact,ok
052-instcombine-patternmatch-match-n10-d16.pbqp,heuristic,structured,branch,solved-exact,ok
052-instcombine-patternmatch-match-n10-d16.pbqp,none,avx2,heuristic,solved-heuristic,ok
053-instcombine-patternmatch-match-n15-d16.pbqp,none,avx2,branch,solved-exact,ok
053-instcombine-patternmatch-match-n15-d16.pbqp,none,portable,branch,solved-exact,ok
053-instcombine-patternmatch-match-n15-d16.pbqp,none,structured,branch,solved-exact,ok
053-instcombine-patternmatch-match-n15-d16.pbqp,heuristic,avx2,branch,solved-exact,ok
053-instcombine-patternmatch-match-n15-d16.pbqp,heuristic,portable,branch,solved-exact,ok
053-instcombine-patternmatch-match-n15-d16.pbqp,heuristic,structured,branch,solved-exact,ok
053-instcombine-patternmatch-match-n15-d16.pbqp,none,avx2,heuristic,solved-heuristic,ok
054-instcombine-patternmatch-match-n14-d16.pbqp,none,avx2,branch,solved-exact,ok
054-instcombine-patternmatch-match-n14-d16.pbqp,none,portable,branch,solved-exact,ok
054-instcombine-patternmatch-match-n14-d16.pbqp,none,structured,branch,solved-exact,ok
054-instcombine-patternmatch-match-n14-d16.pbqp,heuristic,avx2,branch,solved-exact,ok
054-instcombine-patternmatch-match-n14-d16.pbqp,heuristic,portable,branch,solved-exact,ok
054-instcombine-patternmatch-match-n14-d16.pbqp,heuristic,structured,branch,solved-exact,ok
054-instcombine-patternmatch-match-n14-d16.pbqp,none,avx2,heuristic,solved-heuristic,ok
055-instcombine-patternmatch-match-n8-d16.pbqp,none,avx2,branch,solved-exact,ok
055-instcombine-patternmatch-match-n8-d16.pbqp,none,portable,branch,solved-exact,ok
055-instcombine-patternmatch-match-n8-d16.pbqp,none,structured,branch,solved-exact,ok
055-instcombine-patternmatch-match-n8-d16.pbqp,heuristic,avx2,branch,solved-exact,ok
055-instcombine-patternmatch-match-n8-d16.pbqp,heuristic,portable,branch,solved-exact,ok
055-instcombine-patternmatch-match-n8-d16.pbqp,heuristic,structured,branch,solved-exact,ok
055-instcombine-patternmatch-match-n8-d16.pbqp,none,avx2,heuristic,solved-heuristic,ok
056-instcombine-patternmatch-match-n9-d16.pbqp,none,avx2,branch,solved-exact,ok
056-instcombine-patternmatch-match-n9-d16.pbqp,none,portable,branch,solved-exact,ok
056-instcombine-patternmatch-match-n9-d16.pbqp,none,structured,branch,solved-exact,ok
056-instcombine-patternmatch-match-n9-d16.pbqp,heuristic,avx2,branch,solved-exact,ok
056-instcombine-patternmatch-match-n9-d16.pbqp,heuristic,portable,branch,solved-exact,ok
056-instcombine-patternmatch-match-n9-d16.pbqp,heuristic,structured,branch,solved-exact,ok
056-instcombine-patternmatch-match-n9-d16.pbqp,none,avx2,heuristic,solved-heuristic,ok
057-instcombine-patternmatch-match-n7-d16.pbqp,none,avx2,branch,solved-exact,ok
057-instcombine-patternmatch-match-n7-d16.pbqp,none,portable,branch,solved-exact,ok
057-instcombine-patternmatch-match-n7-d16.pbqp,none,structured,branch,solved-exact,ok
057-instcombine-patternmatch-match-n7-d16.pbqp,heuristic,avx2,branch,solved-exact,ok
057-instcombine-patternmatch-match-n7-d16.pbqp,heuristic,portable,branch,solved-exact,ok
057-instcombine-patternmatch-match-n7-d16.pbqp,heuristic,structured,branch,solved-exact,ok
057-instcombine-patternmatch-match-n7-d16.pbqp,none,avx2,heuristic,solved-heuristic,ok
058-instcombine-patternmatch-match-n7-d16.pbqp,none,avx2,branch,solved-exact,ok
058-instcombine-patternmatch-match-n7-d16.pbqp,none,portable,branch,solved-exact,ok
058-instcombine-patternmatch-match-n7-d16.pbqp,none,structured,branch,solved-exact,ok
058-instcombine-patternmatch-match-n7-d16.pbqp,heuristic,avx2,branch,solved-exact,ok
058-instcombine-patternmatch-match-n7-d16.pbqp,heuristic,portable,branch,solved-exact,ok
058-instcombine-patternmatch-match-n7-d16.pbqp,heuristic,structured,branch,solved-exact,ok
058-instcombine-patternmatch-match-n7-d16.pbqp,none,avx2,heuristic,solved-heuristic,ok
059-instcombine-patternmatch-match-n13-d16.pbqp,none,avx2,branch,search-node-limit,ok
059-instcombine-patternmatch-match-n13-d16.pbqp,none,portable,branch,search-node-limit,ok
059-instcombine-patternmatch-match-n13-d16.pbqp,none,structured,branch,search-node-limit,ok
059-instcombine-patternmatch-match-n13-d16.pbqp,heuristic,avx2,branch,solved-exact,ok
059-instcombine-patternmatch-match-n13-d16.pbqp,heuristic,portable,branch,solved-exact,ok
059-instcombine-patternmatch-match-n13-d16.pbqp,heuristic,structured,branch,solved-exact,ok
059-instcombine-patternmatch-match-n13-d16.pbqp,none,avx2,heuristic,solved-heuristic,ok
060-instcombine-patternmatch-match-n8-d16.pbqp,none,avx2,branch,solved-exact,ok
060-instcombine-patternmatch-match-n8-d16.pbqp,none,portable,branch,solved-exact,ok
060-instcombine-patternmatch-match-n8-d16.pbqp,none,structured,branch,solved-exact,ok
060-instcombine-patternmatch-match-n8-d16.pbqp,heuristic,avx2,branch,solved-exact,ok
060-instcombine-patternmatch-match-n8-d16.pbqp,heuristic,portable,branch,solved-exact,ok
060-instcombine-patternmatch-match-n8-d16.pbqp,heuristic,structured,branch,solved-exact,ok
060-instcombine-patternmatch-match-n8-d16.pbqp,none,avx2,heuristic,solved-heuristic,ok
061-instcombine-patternmatch-match-n9-d16.pbqp,none,avx2,branch,solved-exact,ok
061-instcombine-patternmatch-match-n9-d16.pbqp,none,portable,branch,solved-exact,ok
061-instcombine-patternmatch-match-n9-d16.pbqp,none,structured,branch,solved-exact,ok
061-instcombine-patternmatch-match-n9-d16.pbqp,heuristic,avx2,branch,solved-exact,ok
061-instcombine-patternmatch-match-n9-d16.pbqp,heuristic,portable,branch,solved-exact,ok
061-instcombine-patternmatch-match-n9-d16.pbqp,heuristic,structured,branch,solved-exact,ok
061-instcombine-patternmatch-match-n9-d16.pbqp,none,avx2,heuristic,solved-heuristic,ok
062-instcombine-patternmatch-match-n8-d16.pbqp,none,avx2,branch,solved-exact,ok
062-instcombine-patternmatch-match-n8-d16.pbqp,none,portable,branch,solved-exact,ok
062-instcombine-patternmatch-match-n8-d16.pbqp,none,structured,branch,solved-exact,ok
062-instcombine-patternmatch-match-n8-d16.pbqp,heuristic,avx2,branch,solved-exact,ok
062-instcombine-patternmatch-match-n8-d16.pbqp,heuristic,portable,branch,solved-exact,ok
062-instcombine-patternmatch-match-n8-d16.pbqp,heuristic,structured,branch,solved-exact,ok
062-instcombine-patternmatch-match-n8-d16.pbqp,none,avx2,heuristic,solved-heuristic,ok
063-instcombine-patternmatch-match-n8-d16.pbqp,none,avx2,branch,solved-exact,ok
063-instcombine-patternmatch-match-n8-d16.pbqp,none,portable,branch,solved-exact,ok
063-instcombine-patternmatch-match-n8-d16.pbqp,none,structured,branch,solved-exact,ok
063-instcombine-patternmatch-match-n8-d16.pbqp,heuristic,avx2,branch,solved-exact,ok
063-instcombine-patternmatch-match-n8-d16.pbqp,heuristic,portable,branch,solved-exact,ok
063-instcombine-patternmatch-match-n8-d16.pbqp,heuristic,structured,branch,solved-exact,ok
063-instcombine-patternmatch-match-n8-d16.pbqp,none,avx2,heuristic,solved-heuristic,ok
064-instcombine-patternmatch-match-n8-d16.pbqp,none,avx2,branch,solved-exact,ok
064-instcombine-patternmatch-match-n8-d16.pbqp,none,portable,branch,solved-exact,ok
064-instcombine-patternmatch-match-n8-d16.pbqp,none,structured,branch,solved-exact,ok
064-instcombine-patternmatch-match-n8-d16.pbqp,heuristic,avx2,branch,solved-exact,ok
064-instcombine-patternmatch-match-n8-d16.pbqp,heuristic,portable,branch,solved-exact,ok
064-instcombine-patternmatch-match-n8-d16.pbqp,heuristic,structured,branch,solved-exact,ok
064-instcombine-patternmatch-match-n8-d16.pbqp,none,avx2,heuristic,solved-heuristic,ok
065-instcombine-patternmatch-match-n9-d16.pbqp,none,avx2,branch,solved-exact,ok
065-instcombine-patternmatch-match-n9-d16.pbqp,none,portable,branch,solved-exact,ok
065-instcombine-patternmatch-match-n9-d16.pbqp,none,structured,branch,solved-exact,ok
065-instcombine-patternmatch-match-n9-d16.pbqp,heuristic,avx2,branch,solved-exact,ok
065-instcombine-patternmatch-match-n9-d16.pbqp,heuristic,portable,branch,solved-exact,ok
065-instcombine-patternmatch-match-n9-d16.pbqp,heuristic,structured,branch,solved-exact,ok
065-instcombine-patternmatch-match-n9-d16.pbqp,none,avx2,heuristic,solved-heuristic,ok
066-instcombine-patternmatch-match-n7-d16.pbqp,none,avx2,branch,solved-exact,ok
066-instcombine-patternmatch-match-n7-d16.pbqp,none,portable,branch,solved-exact,ok
066-instcombine-patternmatch-match-n7-d16.pbqp,none,structured,branch,solved-exact,ok
066-instcombine-patternmatch-match-n7-d16.pbqp,heuristic,avx2,branch,solved-exact,ok
066-instcombine-patternmatch-match-n7-d16.pbqp,heuristic,portable,branch,solved-exact,ok
066-instcombine-patternmatch-match-n7-d16.pbqp,heuristic,structured,branch,solved-exact,ok
066-instcombine-patternmatch-match-n7-d16.pbqp,none,avx2,heuristic,solved-heuristic,ok
067-instcombine-patternmatch-match-n7-d16.pbqp,none,avx2,branch,solved-exact,ok
067-instcombine-patternmatch-match-n7-d16.pbqp,none,portable,branch,solved-exact,ok
067-instcombine-patternmatch-match-n7-d16.pbqp,none,structured,branch,solved-exact,ok
067-instcombine-patternmatch-match-n7-d16.pbqp,heuristic,avx2,branch,solved-exact,ok
067-instcombine-patternmatch-match-n7-d16.pbqp,heuristic,portable,branch,solved-exact,ok
067-instcombine-patternmatch-match-n7-d16.pbqp,heuristic,structured,branch,solved-exact,ok
067-instcombine-patternmatch-match-n7-d16.pbqp,none,avx2,heuristic,solved-heuristic,ok
068-instcombine-patternmatch-match-n8-d16.pbqp,none,avx2,branch,solved-exact,ok
068-instcombine-patternmatch-match-n8-d16.pbqp,none,portable,branch,solved-exact,ok
068-instcombine-patternmatch-match-n8-d16.pbqp,none,structured,branch,solved-exact,ok
068-instcombine-patternmatch-match-n8-d16.pbqp,heuristic,avx2,branch,solved-exact,ok
068-instcombine-patternmatch-match-n8-d16.pbqp,heuristic,portable,branch,solved-exact,ok
068-instcombine-patternmatch-match-n8-d16.pbqp,heuristic,structured,branch,solved-exact,ok
068-instcombine-patternmatch-match-n8-d16.pbqp,none,avx2,heuristic,solved-heuristic,ok
069-instcombine-patternmatch-match-n8-d16.pbqp,none,avx2,branch,solved-exact,ok
069-instcombine-patternmatch-match-n8-d16.pbqp,none,portable,branch,solved-exact,ok
069-instcombine-patternmatch-match-n8-d16.pbqp,none,structured,branch,solved-exact,ok
069-instcombine-patternmatch-match-n8-d16.pbqp,heuristic,avx2,branch,solved-exact,ok
069-instcombine-patternmatch-match-n8-d16.pbqp,heuristic,portable,branch,solved-exact,ok
069-instcombine-patternmatch-match-n8-d16.pbqp,heuristic,structured,branch,solved-exact,ok
069-instcombine-patternmatch-match-n8-d16.pbqp,none,avx2,heuristic,solved-heuristic,ok
070-instcombine-patternmatch-match-n16-d16.pbqp,none,avx2,branch,search-node-limit,ok
070-instcombine-patternmatch-match-n16-d16.pbqp,none,portable,branch,search-node-limit,ok
070-instcombine-patternmatch-match-n16-d16.pbqp,none,structured,branch,search-node-limit,ok
070-instcombine-patternmatch-match-n16-d16.pbqp,heuristic,avx2,branch,solved-exact,ok
070-instcombine-patternmatch-match-n16-d16.pbqp,heuristic,portable,branch,solved-exact,ok
070-instcombine-patternmatch-match-n16-d16.pbqp,heuristic,structured,branch,solved-exact,ok
070-instcombine-patternmatch-match-n16-d16.pbqp,none,avx2,heuristic,solved-heuristic,ok
071-instcombine-patternmatch-match-n10-d16.pbqp,none,avx2,branch,solved-exact,ok
071-instcombine-patternmatch-match-n10-d16.pbqp,none,portable,branch,solved-exact,ok
071-instcombine-patternmatch-match-n10-d16.pbqp,none,structured,branch,solved-exact,ok
071-instcombine-patternmatch-match-n10-d16.pbqp,heuristic,avx2,branch,solved-exact,ok
071-instcombine-patternmatch-match-n10-d16.pbqp,heuristic,portable,branch,solved-exact,ok
071-instcombine-patternmatch-match-n10-d16.pbqp,heuristic,structured,branch,solved-exact,ok
071-instcombine-patternmatch-match-n10-d16.pbqp,none,avx2,heuristic,solved-heuristic,ok
072-instcombine-patternmatch-match-n15-d16.pbqp,none,avx2,branch,search-node-limit,ok
072-instcombine-patternmatch-match-n15-d16.pbqp,none,portable,branch,search-node-limit,ok
072-instcombine-patternmatch-match-n15-d16.pbqp,none,structured,branch,search-node-limit,ok
072-instcombine-patternmatch-match-n15-d16.pbqp,heuristic,avx2,branch,solved-exact,ok
072-instcombine-patternmatch-match-n15-d16.pbqp,heuristic,portable,branch,solved-exact,ok
072-instcombine-patternmatch-match-n15-d16.pbqp,heuristic,structured,branch,solved-exact,ok
072-instcombine-patternmatch-match-n15-d16.pbqp,none,avx2,heuristic,solved-heuristic,ok
073-instcombine-patternmatch-match-n15-d16.pbqp,none,avx2,branch,search-node-limit,ok
073-instcombine-patternmatch-match-n15-d16.pbqp,none,portable,branch,search-node-limit,ok
073-instcombine-patternmatch-match-n15-d16.pbqp,none,structured,branch,search-node-limit,ok
073-instcombine-patternmatch-match-n15-d16.pbqp,heuristic,avx2,branch,solved-exact,ok
073-instcombine-patternmatch-match-n15-d16.pbqp,heuristic,portable,branch,solved-exact,ok
073-instcombine-patternmatch-match-n15-d16.pbqp,heuristic,structured,branch,solved-exact,ok
073-instcombine-patternmatch-match-n15-d16.pbqp,none,avx2,heuristic,solved-heuristic,ok
074-instcombine-patternmatch-match-n10-d16.pbqp,none,avx2,branch,solved-exact,ok
074-instcombine-patternmatch-match-n10-d16.pbqp,none,portable,branch,solved-exact,ok
074-instcombine-patternmatch-match-n10-d16.pbqp,none,structured,branch,solved-exact,ok
074-instcombine-patternmatch-match-n10-d16.pbqp,heuristic,avx2,branch,solved-exact,ok
074-instcombine-patternmatch-match-n10-d16.pbqp,heuristic,portable,branch,solved-exact,ok
074-instcombine-patternmatch-match-n10-d16.pbqp,heuristic,structured,branch,solved-exact,ok
074-instcombine-patternmatch-match-n10-d16.pbqp,none,avx2,heuristic,solved-heuristic,ok
075-instcombine-patternmatch-match-n5-d16.pbqp,none,avx2,branch,solved-exact,ok
075-instcombine-patternmatch-match-n5-d16.pbqp,none,portable,branch,solved-exact,ok
075-instcombine-patternmatch-match-n5-d16.pbqp,none,structured,branch,solved-exact,ok
075-instcombine-patternmatch-match-n5-d16.pbqp,heuristic,avx2,branch,solved-exact,ok
075-instcombine-patternmatch-match-n5-d16.pbqp,heuristic,portable,branch,solved-exact,ok
075-instcombine-patternmatch-match-n5-d16.pbqp,heuristic,structured,branch,solved-exact,ok
075-instcombine-patternmatch-match-n5-d16.pbqp,none,avx2,heuristic,solved-heuristic,ok
076-instcombine-patternmatch-match-n15-d16.pbqp,none,avx2,branch,solved-exact,ok
076-instcombine-patternmatch-match-n15-d16.pbqp,none,portable,branch,solved-exact,ok
076-instcombine-patternmatch-match-n15-d16.pbqp,none,structured,branch,solved-exact,ok
076-instcombine-patternmatch-match-n15-d16.pbqp,heuristic,avx2,branch,solved-exact,ok
076-instcombine-patternmatch-match-n15-d16.pbqp,heuristic,portable,branch,solved-exact,ok
076-instcombine-patternmatch-match-n15-d16.pbqp,heuristic,structured,branch,solved-exact,ok
076-instcombine-patternmatch-match-n15-d16.pbqp,none,avx2,heuristic,solved-heuristic,ok
077-instcombine-patternmatch-match-n12-d16.pbqp,none,avx2,branch,solved-exact,ok
077-instcombine-patternmatch-match-n12-d16.pbqp,none,portable,branch,solved-exact,ok
077-instcombine-patternmatch-match-n12-d16.pbqp,none,structured,branch,solved-exact,ok
077-instcombine-patternmatch-match-n12-d16.pbqp,heuristic,avx2,branch,solved-exact,ok
077-instcombine-patternmatch-match-n12-d16.pbqp,heuristic,portable,branch,solved-exact,ok
077-instcombine-patternmatch-match-n12-d16.pbqp,heuristic,structured,branch,solved-exact,ok
077-instcombine-patternmatch-match-n12-d16.pbqp,none,avx2,heuristic,solved-heuristic,ok
078-instcombine-patternmatch-match-n14-d16.pbqp,none,avx2,branch,search-node-limit,ok
078-instcombine-patternmatch-match-n14-d16.pbqp,none,portable,branch,search-node-limit,ok
078-instcombine-patternmatch-match-n14-d16.pbqp,none,structured,branch,search-node-limit,ok
078-instcombine-patternmatch-match-n14-d16.pbqp,heuristic,avx2,branch,solved-exact,ok
078-instcombine-patternmatch-match-n14-d16.pbqp,heuristic,portable,branch,solved-exact,ok
078-instcombine-patternmatch-match-n14-d16.pbqp,heuristic,structured,branch,solved-exact,ok
078-instcombine-patternmatch-match-n14-d16.pbqp,none,avx2,heuristic,solved-heuristic,ok
079-instcombine-patternmatch-match-n10-d16.pbqp,none,avx2,branch,solved-exact,ok
079-instcombine-patternmatch-match-n10-d16.pbqp,none,portable,branch,solved-exact,ok
079-instcombine-patternmatch-match-n10-d16.pbqp,none,structured,branch,solved-exact,ok
079-instcombine-patternmatch-match-n10-d16.pbqp,heuristic,avx2,branch,solved-exact,ok
079-instcombine-patternmatch-match-n10-d16.pbqp,heuristic,portable,branch,solved-exact,ok
079-instcombine-patternmatch-match-n10-d16.pbqp,heuristic,structured,branch,solved-exact,ok
079-instcombine-patternmatch-match-n10-d16.pbqp,none,avx2,heuristic,solved-heuristic,ok
080-instcombine-patternmatch-match-n7-d16.pbqp,none,avx2,branch,solved-exact,ok
080-instcombine-patternmatch-match-n7-d16.pbqp,none,portable,branch,solved-exact,ok
080-instcombine-patternmatch-match-n7-d16.pbqp,none,structured,branch,solved-exact,ok
080-instcombine-patternmatch-match-n7-d16.pbqp,heuristic,avx2,branch,solved-exact,ok
080-instcombine-patternmatch-match-n7-d16.pbqp,heuristic,portable,branch,solved-exact,ok
080-instcombine-patternmatch-match-n7-d16.pbqp,heuristic,structured,branch,solved-exact,ok
080-instcombine-patternmatch-match-n7-d16.pbqp,none,avx2,heuristic,solved-heuristic,ok
081-instcombine-patternmatch-match-n14-d16.pbqp,none,avx2,branch,solved-exact,ok
081-instcombine-patternmatch-match-n14-d16.pbqp,none,portable,branch,solved-exact,ok
081-instcombine-patternmatch-match-n14-d16.pbqp,none,structured,branch,solved-exact,ok
081-instcombine-patternmatch-match-n14-d16.pbqp,heuristic,avx2,branch,solved-exact,ok
081-instcombine-patternmatch-match-n14-d16.pbqp,heuristic,portable,branch,solved-exact,ok
081-instcombine-patternmatch-match-n14-d16.pbqp,heuristic,structured,branch,solved-exact,ok
081-instcombine-patternmatch-match-n14-d16.pbqp,none,avx2,heuristic,solved-heuristic,ok
082-instcombine-patternmatch-match-n12-d16.pbqp,none,avx2,branch,solved-exact,ok
082-instcombine-patternmatch-match-n12-d16.pbqp,none,portable,branch,solved-exact,ok
082-instcombine-patternmatch-match-n12-d16.pbqp,none,structured,branch,solved-exact,ok
082-instcombine-patternmatch-match-n12-d16.pbqp,heuristic,avx2,branch,solved-exact,ok
082-instcombine-patternmatch-match-n12-d16.pbqp,heuristic,portable,branch,solved-exact,ok
082-instcombine-patternmatch-match-n12-d16.pbqp,heuristic,structured,branch,solved-exact,ok
082-instcombine-patternmatch-match-n12-d16.pbqp,none,avx2,heuristic,solved-heuristic,ok
083-instcombine-patternmatch-match-n11-d16.pbqp,none,avx2,branch,solved-exact,ok
083-instcombine-patternmatch-match-n11-d16.pbqp,none,portable,branch,solved-exact,ok
083-instcombine-patternmatch-match-n11-d16.pbqp,none,structured,branch,solved-exact,ok
083-instcombine-patternmatch-match-n11-d16.pbqp,heuristic,avx2,branch,solved-exact,ok
083-instcombine-patternmatch-match-n11-d16.pbqp,heuristic,portable,branch,solved-exact,ok
083-instcombine-patternmatch-match-n11-d16.pbqp,heuristic,structured,branch,solved-exact,ok
083-instcombine-patternmatch-match-n11-d16.pbqp,none,avx2,heuristic,solved-heuristic,ok
084-instcombine-patternmatch-match-n11-d16.pbqp,none,avx2,branch,solved-exact,ok
084-instcombine-patternmatch-match-n11-d16.pbqp,none,portable,branch,solved-exact,ok
084-instcombine-patternmatch-match-n11-d16.pbqp,none,structured,branch,solved-exact,ok
084-instcombine-patternmatch-match-n11-d16.pbqp,heuristic,avx2,branch,solved-exact,ok
084-instcombine-patternmatch-match-n11-d16.pbqp,heuristic,portable,branch,solved-exact,ok
084-instcombine-patternmatch-match-n11-d16.pbqp,heuristic,structured,branch,solved-exact,ok
084-instcombine-patternmatch-match-n11-d16.pbqp,none,avx2,heuristic,solved-heuristic,ok
085-instcombine-patternmatch-match-n11-d16.pbqp,none,avx2,branch,solved-exact,ok
085-instcombine-patternmatch-match-n11-d16.pbqp,none,portable,branch,solved-exact,ok
085-instcombine-patternmatch-match-n11-d16.pbqp,none,structured,branch,solved-exact,ok
085-instcombine-patternmatch-match-n11-d16.pbqp,heuristic,avx2,branch,solved-exact,ok
085-instcombine-patternmatch-match-n11-d16.pbqp,heuristic,portable,branch,solved-exact,ok
085-instcombine-patternmatch-match-n11-d16.pbqp,heuristic,structured,branch,solved-exact,ok
085-instcombine-patternmatch-match-n11-d16.pbqp,none,avx2,heuristic,solved-heuristic,ok
086-instcombine-patternmatch-match-n9-d16.pbqp,none,avx2,branch,solved-exact,ok
086-instcombine-patternmatch-match-n9-d16.pbqp,none,portable,branch,solved-exact,ok
086-instcombine-patternmatch-match-n9-d16.pbqp,none,structured,branch,solved-exact,ok
086-instcombine-patternmatch-match-n9-d16.pbqp,heuristic,avx2,branch,solved-exact,ok
086-instcombine-patternmatch-match-n9-d16.pbqp,heuristic,portable,branch,solved-exact,ok
086-instcombine-patternmatch-match-n9-d16.pbqp,heuristic,structured,branch,solved-exact,ok
086-instcombine-patternmatch-match-n9-d16.pbqp,none,avx2,heuristic,solved-heuristic,ok
087-instcombine-patternmatch-match-n14-d16.pbqp,none,avx2,branch,search-node-limit,ok
087-instcombine-patternmatch-match-n14-d16.pbqp,none,portable,branch,search-node-limit,ok
087-instcombine-patternmatch-match-n14-d16.pbqp,none,structured,branch,search-node-limit,ok
087-instcombine-patternmatch-match-n14-d16.pbqp,heuristic,avx2,branch,solved-exact,ok
087-instcombine-patternmatch-match-n14-d16.pbqp,heuristic,portable,branch,solved-exact,ok
087-instcombine-patternmatch-match-n14-d16.pbqp,heuristic,structured,branch,solved-exact,ok
087-instcombine-patternmatch-match-n14-d16.pbqp,none,avx2,heuristic,solved-heuristic,ok
088-instcombine-patternmatch-match-n14-d16.pbqp,none,avx2,branch,search-node-limit,ok
088-instcombine-patternmatch-match-n14-d16.pbqp,none,portable,branch,search-node-limit,ok
088-instcombine-patternmatch-match-n14-d16.pbqp,none,structured,branch,search-node-limit,ok
088-instcombine-patternmatch-match-n14-d16.pbqp,heuristic,avx2,branch,solved-exact,ok
088-instcombine-patternmatch-match-n14-d16.pbqp,heuristic,portable,branch,solved-exact,ok
088-instcombine-patternmatch-match-n14-d16.pbqp,heuristic,structured,branch,solved-exact,ok
088-instcombine-patternmatch-match-n14-d16.pbqp,none,avx2,heuristic,solved-heuristic,ok
089-instcombine-patternmatch-match-n15-d16.pbqp,none,avx2,branch,search-node-limit,ok
089-instcombine-patternmatch-match-n15-d16.pbqp,none,portable,branch,search-node-limit,ok
089-instcombine-patternmatch-match-n15-d16.pbqp,none,structured,branch,search-node-limit,ok
089-instcombine-patternmatch-match-n15-d16.pbqp,heuristic,avx2,branch,solved-exact,ok
089-instcombine-patternmatch-match-n15-d16.pbqp,heuristic,portable,branch,solved-exact,ok
089-instcombine-patternmatch-match-n15-d16.pbqp,heuristic,structured,branch,solved-exact,ok
089-instcombine-patternmatch-match-n15-d16.pbqp,none,avx2,heuristic,solved-heuristic,ok
090-instcombine-patternmatch-match-n17-d16.pbqp,none,avx2,branch,search-node-limit,ok
090-instcombine-patternmatch-match-n17-d16.pbqp,none,portable,branch,search-node-limit,ok
090-instcombine-patternmatch-match-n17-d16.pbqp,none,structured,branch,search-node-limit,ok
090-instcombine-patternmatch-match-n17-d16.pbqp,heuristic,avx2,branch,solved-exact,ok
090-instcombine-patternmatch-match-n17-d16.pbqp,heuristic,portable,branch,solved-exact,ok
090-instcombine-patternmatch-match-n17-d16.pbqp,heuristic,structured,branch,solved-exact,ok
090-instcombine-patternmatch-match-n17-d16.pbqp,none,avx2,heuristic,solved-heuristic,ok
091-instcombine-patternmatch-match-n14-d16.pbqp,none,avx2,branch,solved-exact,ok
091-instcombine-patternmatch-match-n14-d16.pbqp,none,portable,branch,solved-exact,ok
091-instcombine-patternmatch-match-n14-d16.pbqp,none,structured,branch,solved-exact,ok
091-instcombine-patternmatch-match-n14-d16.pbqp,heuristic,avx2,branch,solved-exact,ok
091-instcombine-patternmatch-match-n14-d16.pbqp,heuristic,portable,branch,solved-exact,ok
091-instcombine-patternmatch-match-n14-d16.pbqp,heuristic,structured,branch,solved-exact,ok
091-instcombine-patternmatch-match-n14-d16.pbqp,none,avx2,heuristic,solved-heuristic,ok
092-instcombine-patternmatch-match-n11-d16.pbqp,none,avx2,branch,solved-exact,ok
092-instcombine-patternmatch-match-n11-d16.pbqp,none,portable,branch,solved-exact,ok
092-instcombine-patternmatch-match-n11-d16.pbqp,none,structured,branch,solved-exact,ok
092-instcombine-patternmatch-match-n11-d16.pbqp,heuristic,avx2,branch,solved-exact,ok
092-instcombine-patternmatch-match-n11-d16.pbqp,heuristic,portable,branch,solved-exact,ok
092-instcombine-patternmatch-match-n11-d16.pbqp,heuristic,structured,branch,solved-exact,ok
092-instcombine-patternmatch-match-n11-d16.pbqp,none,avx2,heuristic,solved-heuristic,ok
093-instcombine-patternmatch-match-n10-d16.pbqp,none,avx2,branch,solved-exact,ok
093-instcombine-patternmatch-match-n10-d16.pbqp,none,portable,branch,solved-exact,ok
093-instcombine-patternmatch-match-n10-d16.pbqp,none,structured,branch,solved-exact,ok
093-instcombine-patternmatch-match-n10-d16.pbqp,heuristic,avx2,branch,solved-exact,ok
093-instcombine-patternmatch-match-n10-d16.pbqp,heuristic,portable,branch,solved-exact,ok
093-instcombine-patternmatch-match-n10-d16.pbqp,heuristic,structured,branch,solved-exact,ok
093-instcombine-patternmatch-match-n10-d16.pbqp,none,avx2,heuristic,solved-heuristic,ok
094-instcombine-patternmatch-match-n12-d16.pbqp,none,avx2,branch,search-node-limit,ok
094-instcombine-patternmatch-match-n12-d16.pbqp,none,portable,branch,search-node-limit,ok
094-instcombine-patternmatch-match-n12-d16.pbqp,none,structured,branch,search-node-limit,ok
094-instcombine-patternmatch-match-n12-d16.pbqp,heuristic,avx2,branch,solved-exact,ok
094-instcombine-patternmatch-match-n12-d16.pbqp,heuristic,portable,branch,solved-exact,ok
094-instcombine-patternmatch-match-n12-d16.pbqp,heuristic,structured,branch,solved-exact,ok
094-instcombine-patternmatch-match-n12-d16.pbqp,none,avx2,heuristic,solved-heuristic,ok
095-instcombine-patternmatch-match-n10-d16.pbqp,none,avx2,branch,solved-exact,ok
095-instcombine-patternmatch-match-n10-d16.pbqp,none,portable,branch,solved-exact,ok
095-instcombine-patternmatch-match-n10-d16.pbqp,none,structured,branch,solved-exact,ok
095-instcombine-patternmatch-match-n10-d16.pbqp,heuristic,avx2,branch,solved-exact,ok
095-instcombine-patternmatch-match-n10-d16.pbqp,heuristic,portable,branch,solved-exact,ok
095-instcombine-patternmatch-match-n10-d16.pbqp,heuristic,structured,branch,solved-exact,ok
095-instcombine-patternmatch-match-n10-d16.pbqp,none,avx2,heuristic,solved-heuristic,ok
096-instcombine-patternmatch-match-n9-d16.pbqp,none,avx2,branch,solved-exact,ok
096-instcombine-patternmatch-match-n9-d16.pbqp,none,portable,branch,solved-exact,ok
096-instcombine-patternmatch-match-n9-d16.pbqp,none,structured,branch,solved-exact,ok
096-instcombine-patternmatch-match-n9-d16.pbqp,heuristic,avx2,branch,solved-exact,ok
096-instcombine-patternmatch-match-n9-d16.pbqp,heuristic,portable,branch,solved-exact,ok
096-instcombine-patternmatch-match-n9-d16.pbqp,heuristic,structured,branch,solved-exact,ok
096-instcombine-patternmatch-match-n9-d16.pbqp,none,avx2,heuristic,solved-heuristic,ok
097-instcombine-patternmatch-match-n14-d16.pbqp,none,avx2,branch,solved-exact,ok
097-instcombine-patternmatch-match-n14-d16.pbqp,none,portable,branch,solved-exact,ok
097-instcombine-patternmatch-match-n14-d16.pbqp,none,structured,branch,solved-exact,ok
097-instcombine-patternmatch-match-n14-d16.pbqp,heuristic,avx2,branch,solved-exact,ok
097-instcombine-patternmatch-match-n14-d16.pbqp,heuristic,portable,branch,solved-exact,ok
097-instcombine-patternmatch-match-n14-d16.pbqp,heuristic,structured,branch,solved-exact,ok
097-instcombine-patternmatch-match-n14-d16.pbqp,none,avx2,heuristic,solved-heuristic,ok
098-instcombine-patternmatch-match-n12-d16.pbqp,none,avx2,branch,solved-exact,ok
098-instcombine-patternmatch-match-n12-d16.pbqp,none,portable,branch,solved-exact,ok
098-instcombine-patternmatch-match-n12-d16.pbqp,none,structured,branch,solved-exact,ok
098-instcombine-patternmatch-match-n12-d16.pbqp,heuristic,avx2,branch,solved-exact,ok
098-instcombine-patternmatch-match-n12-d16.pbqp,heuristic,portable,branch,solved-exact,ok
098-instcombine-patternmatch-match-n12-d16.pbqp,heuristic,structured,branch,solved-exact,ok
098-instcombine-patternmatch-match-n12-d16.pbqp,none,avx2,heuristic,solved-heuristic,ok
099-instcombine-patternmatch-match-n15-d16.pbqp,none,avx2,branch,search-node-limit,ok
099-instcombine-patternmatch-match-n15-d16.pbqp,none,portable,branch,search-node-limit,ok
099-instcombine-patternmatch-match-n15-d16.pbqp,none,structured,branch,search-node-limit,ok
099-instcombine-patternmatch-match-n15-d16.pbqp,heuristic,avx2,branch,solved-exact,ok
099-instcombine-patternmatch-match-n15-d16.pbqp,heuristic,portable,branch,solved-exact,ok
099-instcombine-patternmatch-match-n15-d16.pbqp,heuristic,structured,branch,solved-exact,ok
099-instcombine-patternmatch-match-n15-d16.pbqp,none,avx2,heuristic,solved-heuristic,ok
100-instcombine-patternmatch-match-n13-d16.pbqp,none,avx2,branch,search-node-limit,ok
100-instcombine-patternmatch-match-n13-d16.pbqp,none,portable,branch,search-node-limit,ok
100-instcombine-patternmatch-match-n13-d16.pbqp,none,structured,branch,search-node-limit,ok
100-instcombine-patternmatch-match-n13-d16.pbqp,heuristic,avx2,branch,solved-exact,ok
100-instcombine-patternmatch-match-n13-d16.pbqp,heuristic,portable,branch,solved-exact,ok
100-instcombine-patternmatch-match-n13-d16.pbqp,heuristic,structured,branch,solved-exact,ok
100-instcombine-patternmatch-match-n13-d16.pbqp,none,avx2,heuristic,solved-heuristic,ok
101-instcombine-patternmatch-match-n9-d16.pbqp,none,avx2,branch,solved-exact,ok
101-instcombine-patternmatch-match-n9-d16.pbqp,none,portable,branch,solved-exact,ok
101-instcombine-patternmatch-match-n9-d16.pbqp,none,structured,branch,solved-exact,ok
101-instcombine-patternmatch-match-n9-d16.pbqp,heuristic,avx2,branch,solved-exact,ok
101-instcombine-patternmatch-match-n9-d16.pbqp,heuristic,portable,branch,solved-exact,ok
101-instcombine-patternmatch-match-n9-d16.pbqp,heuristic,structured,branch,solved-exact,ok
101-instcombine-patternmatch-match-n9-d16.pbqp,none,avx2,heuristic,solved-heuristic,ok
102-instcombine-patternmatch-match-n9-d16.pbqp,none,avx2,branch,solved-exact,ok
102-instcombine-patternmatch-match-n9-d16.pbqp,none,portable,branch,solved-exact,ok
102-instcombine-patternmatch-match-n9-d16.pbqp,none,structured,branch,solved-exact,ok
102-instcombine-patternmatch-match-n9-d16.pbqp,heuristic,avx2,branch,solved-exact,ok
102-instcombine-patternmatch-match-n9-d16.pbqp,heuristic,portable,branch,solved-exact,ok
102-instcombine-patternmatch-match-n9-d16.pbqp,heuristic,structured,branch,solved-exact,ok
102-instcombine-patternmatch-match-n9-d16.pbqp,none,avx2,heuristic,solved-heuristic,ok
103-instcombine-patternmatch-match-n8-d16.pbqp,none,avx2,branch,solved-exact,ok
103-instcombine-patternmatch-match-n8-d16.pbqp,none,portable,branch,solved-exact,ok
103-instcombine-patternmatch-match-n8-d16.pbqp,none,structured,branch,solved-exact,ok
103-instcombine-patternmatch-match-n8-d16.pbqp,heuristic,avx2,branch,solved-exact,ok
103-instcombine-patternmatch-match-n8-d16.pbqp,heuristic,portable,branch,solved-exact,ok
103-instcombine-patternmatch-match-n8-d16.pbqp,heuristic,structured,branch,solved-exact,ok
103-instcombine-patternmatch-match-n8-d16.pbqp,none,avx2,heuristic,solved-heuristic,ok
104-instcombine-patternmatch-match-n8-d16.pbqp,none,avx2,branch,solved-exact,ok
104-instcombine-patternmatch-match-n8-d16.pbqp,none,portable,branch,solved-exact,ok
104-instcombine-patternmatch-match-n8-d16.pbqp,none,structured,branch,solved-exact,ok
104-instcombine-patternmatch-match-n8-d16.pbqp,heuristic,avx2,branch,solved-exact,ok
104-instcombine-patternmatch-match-n8-d16.pbqp,heuristic,portable,branch,solved-exact,ok
104-instcombine-patternmatch-match-n8-d16.pbqp,heuristic,structured,branch,solved-exact,ok
104-instcombine-patternmatch-match-n8-d16.pbqp,none,avx2,heuristic,solved-heuristic,ok
105-instcombine-patternmatch-match-n4-d16.pbqp,none,avx2,branch,solved-exact,ok
105-instcombine-patternmatch-match-n4-d16.pbqp,none,portable,branch,solved-exact,ok
105-instcombine-patternmatch-match-n4-d16.pbqp,none,structured,branch,solved-exact,ok
105-instcombine-patternmatch-match-n4-d16.pbqp,heuristic,avx2,branch,solved-exact,ok
105-instcombine-patternmatch-match-n4-d16.pbqp,heuristic,portable,branch,solved-exact,ok
105-instcombine-patternmatch-match-n4-d16.pbqp,heuristic,structured,branch,solved-exact,ok
105-instcombine-patternmatch-match-n4-d16.pbqp,none,avx2,heuristic,solved-heuristic,ok
106-instcombine-patternmatch-match-n11-d16.pbqp,none,avx2,branch,solved-exact,ok
106-instcombine-patternmatch-match-n11-d16.pbqp,none,portable,branch,solved-exact,ok
106-instcombine-patternmatch-match-n11-d16.pbqp,none,structured,branch,solved-exact,ok
106-instcombine-patternmatch-match-n11-d16.pbqp,heuristic,avx2,branch,solved-exact,ok
106-instcombine-patternmatch-match-n11-d16.pbqp,heuristic,portable,branch,solved-exact,ok
106-instcombine-patternmatch-match-n11-d16.pbqp,heuristic,structured,branch,solved-exact,ok
106-instcombine-patternmatch-match-n11-d16.pbqp,none,avx2,heuristic,solved-heuristic,ok
107-instcombine-patternmatch-match-n9-d16.pbqp,none,avx2,branch,solved-exact,ok
107-instcombine-patternmatch-match-n9-d16.pbqp,none,portable,branch,solved-exact,ok
107-instcombine-patternmatch-match-n9-d16.pbqp,none,structured,branch,solved-exact,ok
107-instcombine-patternmatch-match-n9-d16.pbqp,heuristic,avx2,branch,solved-exact,ok
107-instcombine-patternmatch-match-n9-d16.pbqp,heuristic,portable,branch,solved-exact,ok
107-instcombine-patternmatch-match-n9-d16.pbqp,heuristic,structured,branch,solved-exact,ok
107-instcombine-patternmatch-match-n9-d16.pbqp,none,avx2,heuristic,solved-heuristic,ok
108-instcombine-patternmatch-match-n14-d16.pbqp,none,avx2,branch,solved-exact,ok
108-instcombine-patternmatch-match-n14-d16.pbqp,none,portable,branch,solved-exact,ok
108-instcombine-patternmatch-match-n14-d16.pbqp,none,structured,branch,solved-exact,ok
108-instcombine-patternmatch-match-n14-d16.pbqp,heuristic,avx2,branch,solved-exact,ok
108-instcombine-patternmatch-match-n14-d16.pbqp,heuristic,portable,branch,solved-exact,ok
108-instcombine-patternmatch-match-n14-d16.pbqp,heuristic,structured,branch,solved-exact,ok
108-instcombine-patternmatch-match-n14-d16.pbqp,none,avx2,heuristic,solved-heuristic,ok
109-instcombine-patternmatch-match-n8-d16.pbqp,none,avx2,branch,solved-exact,ok
109-instcombine-patternmatch-match-n8-d16.pbqp,none,portable,branch,solved-exact,ok
109-instcombine-patternmatch-match-n8-d16.pbqp,none,structured,branch,solved-exact,ok
109-instcombine-patternmatch-match-n8-d16.pbqp,heuristic,avx2,branch,solved-exact,ok
109-instcombine-patternmatch-match-n8-d16.pbqp,heuristic,portable,branch,solved-exact,ok
109-instcombine-patternmatch-match-n8-d16.pbqp,heuristic,structured,branch,solved-exact,ok
109-instcombine-patternmatch-match-n8-d16.pbqp,none,avx2,heuristic,solved-heuristic,ok
110-instcombine-patternmatch-match-n8-d16.pbqp,none,avx2,branch,solved-exact,ok
110-instcombine-patternmatch-match-n8-d16.pbqp,none,portable,branch,solved-exact,ok
110-instcombine-patternmatch-match-n8-d16.pbqp,none,structured,branch,solved-exact,ok
110-instcombine-patternmatch-match-n8-d16.pbqp,heuristic,avx2,branch,solved-exact,ok
110-instcombine-patternmatch-match-n8-d16.pbqp,heuristic,portable,branch,solved-exact,ok
110-instcombine-patternmatch-match-n8-d16.pbqp,heuristic,structured,branch,solved-exact,ok
110-instcombine-patternmatch-match-n8-d16.pbqp,none,avx2,heuristic,solved-heuristic,ok
111-instcombine-patternmatch-match-n9-d16.pbqp,none,avx2,branch,solved-exact,ok
111-instcombine-patternmatch-match-n9-d16.pbqp,none,portable,branch,solved-exact,ok
111-instcombine-patternmatch-match-n9-d16.pbqp,none,structured,branch,solved-exact,ok
111-instcombine-patternmatch-match-n9-d16.pbqp,heuristic,avx2,branch,solved-exact,ok
111-instcombine-patternmatch-match-n9-d16.pbqp,heuristic,portable,branch,solved-exact,ok
111-instcombine-patternmatch-match-n9-d16.pbqp,heuristic,structured,branch,solved-exact,ok
111-instcombine-patternmatch-match-n9-d16.pbqp,none,avx2,heuristic,solved-heuristic,ok
112-instcombine-patternmatch-match-n14-d16.pbqp,none,avx2,branch,solved-exact,ok
112-instcombine-patternmatch-match-n14-d16.pbqp,none,portable,branch,solved-exact,ok
112-instcombine-patternmatch-match-n14-d16.pbqp,none,structured,branch,solved-exact,ok
112-instcombine-patternmatch-match-n14-d16.pbqp,heuristic,avx2,branch,solved-exact,ok
112-instcombine-patternmatch-match-n14-d16.pbqp,heuristic,portable,branch,solved-exact,ok
112-instcombine-patternmatch-match-n14-d16.pbqp,heuristic,structured,branch,solved-exact,ok
112-instcombine-patternmatch-match-n14-d16.pbqp,none,avx2,heuristic,solved-heuristic,ok
113-instcombine-patternmatch-match-n11-d16.pbqp,none,avx2,branch,solved-exact,ok
113-instcombine-patternmatch-match-n11-d16.pbqp,none,portable,branch,solved-exact,ok
113-instcombine-patternmatch-match-n11-d16.pbqp,none,structured,branch,solved-exact,ok
113-instcombine-patternmatch-match-n11-d16.pbqp,heuristic,avx2,branch,solved-exact,ok
113-instcombine-patternmatch-match-n11-d16.pbqp,heuristic,portable,branch,solved-exact,ok
113-instcombine-patternmatch-match-n11-d16.pbqp,heuristic,structured,branch,solved-exact,ok
113-instcombine-patternmatch-match-n11-d16.pbqp,none,avx2,heuristic,solved-heuristic,ok
114-instcombine-patternmatch-match-n10-d16.pbqp,none,avx2,branch,solved-exact,ok
114-instcombine-patternmatch-match-n10-d16.pbqp,none,portable,branch,solved-exact,ok
114-instcombine-patternmatch-match-n10-d16.pbqp,none,structured,branch,solved-exact,ok
114-instcombine-patternmatch-match-n10-d16.pbqp,heuristic,avx2,branch,solved-exact,ok
114-instcombine-patternmatch-match-n10-d16.pbqp,heuristic,portable,branch,solved-exact,ok
114-instcombine-patternmatch-match-n10-d16.pbqp,heuristic,structured,branch,solved-exact,ok
114-instcombine-patternmatch-match-n10-d16.pbqp,none,avx2,heuristic,solved-heuristic,ok
115-instcombine-function-ref-callback-fn-n2-d16.pbqp,none,avx2,branch,solved-exact,ok
115-instcombine-function-ref-callback-fn-n2-d16.pbqp,none,portable,branch,solved-exact,ok
115-instcombine-function-ref-callback-fn-n2-d16.pbqp,none,structured,branch,solved-exact,ok
115-instcombine-function-ref-callback-fn-n2-d16.pbqp,heuristic,avx2,branch,solved-exact,ok
115-instcombine-function-ref-callback-fn-n2-d16.pbqp,heuristic,portable,branch,solved-exact,ok
115-instcombine-function-ref-callback-fn-n2-d16.pbqp,heuristic,structured,branch,solved-exact,ok
115-instcombine-function-ref-callback-fn-n2-d16.pbqp,none,avx2,heuristic,solved-heuristic,ok
116-instcombine-irbuilderbase-createcall-n41-d17.pbqp,none,avx2,branch,search-node-limit,ok
116-instcombine-irbuilderbase-createcall-n41-d17.pbqp,none,portable,branch,search-node-limit,ok
116-instcombine-irbuilderbase-createcall-n41-d17.pbqp,none,structured,branch,search-node-limit,ok
116-instcombine-irbuilderbase-createcall-n41-d17.pbqp,heuristic,avx2,branch,search-node-limit,ok
116-instcombine-irbuilderbase-createcall-n41-d17.pbqp,heuristic,portable,branch,search-node-limit,ok
116-instcombine-irbuilderbase-createcall-n41-d17.pbqp,heuristic,structured,branch,search-node-limit,ok
116-instcombine-irbuilderbase-createcall-n41-d17.pbqp,none,avx2,heuristic,solved-heuristic,ok
117-instcombine-irbuilderbase-createcall-n38-d17-r1.pbqp,none,avx2,branch,search-node-limit,ok
117-instcombine-irbuilderbase-createcall-n38-d17-r1.pbqp,none,portable,branch,search-node-limit,ok
117-instcombine-irbuilderbase-createcall-n38-d17-r1.pbqp,none,structured,branch,search-node-limit,ok
117-instcombine-irbuilderbase-createcall-n38-d17-r1.pbqp,heuristic,avx2,branch,solved-exact,ok
117-instcombine-irbuilderbase-createcall-n38-d17-r1.pbqp,heuristic,portable,branch,solved-exact,ok
117-instcombine-irbuilderbase-createcall-n38-d17-r1.pbqp,heuristic,structured,branch,solved-exact,ok
117-instcombine-irbuilderbase-createcall-n38-d17-r1.pbqp,none,avx2,heuristic,solved-heuristic,ok
118-instcombine-irbuilderbase-createcast-n16-d16.pbqp,none,avx2,branch,search-node-limit,ok
118-instcombine-irbuilderbase-createcast-n16-d16.pbqp,none,portable,branch,search-node-limit,ok
118-instcombine-irbuilderbase-createcast-n16-d16.pbqp,none,structured,branch,search-node-limit,ok
118-instcombine-irbuilderbase-createcast-n16-d16.pbqp,heuristic,avx2,branch,search-node-limit,ok
118-instcombine-irbuilderbase-createcast-n16-d16.pbqp,heuristic,portable,branch,search-node-limit,ok
118-instcombine-irbuilderbase-createcast-n16-d16.pbqp,heuristic,structured,branch,search-node-limit,ok
118-instcombine-irbuilderbase-createcast-n16-d16.pbqp,none,avx2,heuristic,solved-heuristic,ok
119-instcombine-irbuilderbase-createicmp-n20-d17.pbqp,none,avx2,branch,search-node-limit,ok
119-instcombine-irbuilderbase-createicmp-n20-d17.pbqp,none,portable,branch,search-node-limit,ok
119-instcombine-irbuilderbase-createicmp-n20-d17.pbqp,none,structured,branch,search-node-limit,ok
119-instcombine-irbuilderbase-createicmp-n20-d17.pbqp,heuristic,avx2,branch,search-node-limit,ok
119-instcombine-irbuilderbase-createicmp-n20-d17.pbqp,heuristic,portable,branch,search-node-limit,ok
119-instcombine-irbuilderbase-createicmp-n20-d17.pbqp,heuristic,structured,branch,search-node-limit,ok
119-instcombine-irbuilderbase-createicmp-n20-d17.pbqp,none,avx2,heuristic,solved-heuristic,ok
120-instcombine-irbuilderbase-createsrem-n12-d16.pbqp,none,avx2,branch,search-node-limit,ok
120-instcombine-irbuilderbase-createsrem-n12-d16.pbqp,none,portable,branch,search-node-limit,ok
120-instcombine-irbuilderbase-createsrem-n12-d16.pbqp,none,structured,branch,search-node-limit,ok
120-instcombine-irbuilderbase-createsrem-n12-d16.pbqp,heuristic,avx2,branch,solved-exact,ok
120-instcombine-irbuilderbase-createsrem-n12-d16.pbqp,heuristic,portable,branch,solved-exact,ok
120-instcombine-irbuilderbase-createsrem-n12-d16.pbqp,heuristic,structured,branch,solved-exact,ok
120-instcombine-irbuilderbase-createsrem-n12-d16.pbqp,none,avx2,heuristic,solved-heuristic,ok
121-instcombine-irbuilderbase-createurem-n12-d16.pbqp,none,avx2,branch,search-node-limit,ok
121-instcombine-irbuilderbase-createurem-n12-d16.pbqp,none,portable,branch,search-node-limit,ok
121-instcombine-irbuilderbase-createurem-n12-d16.pbqp,none,structured,branch,search-node-limit,ok
121-instcombine-irbuilderbase-createurem-n12-d16.pbqp,heuristic,avx2,branch,solved-exact,ok
121-instcombine-irbuilderbase-createurem-n12-d16.pbqp,heuristic,portable,branch,solved-exact,ok
121-instcombine-irbuilderbase-createurem-n12-d16.pbqp,heuristic,structured,branch,solved-exact,ok
121-instcombine-irbuilderbase-createurem-n12-d16.pbqp,none,avx2,heuristic,solved-heuristic,ok
122-instcombine-irbuilderbase-createzext-n13-d16.pbqp,none,avx2,branch,search-node-limit,ok
122-instcombine-irbuilderbase-createzext-n13-d16.pbqp,none,portable,branch,search-node-limit,ok
122-instcombine-irbuilderbase-createzext-n13-d16.pbqp,none,structured,branch,search-node-limit,ok
122-instcombine-irbuilderbase-createzext-n13-d16.pbqp,heuristic,avx2,branch,solved-exact,ok
122-instcombine-irbuilderbase-createzext-n13-d16.pbqp,heuristic,portable,branch,solved-exact,ok
122-instcombine-irbuilderbase-createzext-n13-d16.pbqp,heuristic,structured,branch,solved-exact,ok
122-instcombine-irbuilderbase-createzext-n13-d16.pbqp,none,avx2,heuristic,solved-heuristic,ok
123-instcombine-irbuilderbase-createfpext-n7-d16.pbqp,none,avx2,branch,solved-exact,ok
123-instcombine-irbuilderbase-createfpext-n7-d16.pbqp,none,portable,branch,solved-exact,ok
123-instcombine-irbuilderbase-createfpext-n7-d16.pbqp,none,structured,branch,solved-exact,ok
123-instcombine-irbuilderbase-createfpext-n7-d16.pbqp,heuristic,avx2,branch,solved-exact,ok
123-instcombine-irbuilderbase-createfpext-n7-d16.pbqp,heuristic,portable,branch,solved-exact,ok
123-instcombine-irbuilderbase-createfpext-n7-d16.pbqp,heuristic,structured,branch,solved-exact,ok
123-instcombine-irbuilderbase-createfpext-n7-d16.pbqp,none,avx2,heuristic,solved-heuristic,ok
124-instcombine-irbuilderbase-createisneg-n5-d16.pbqp,none,avx2,branch,solved-exact,ok
124-instcombine-irbuilderbase-createisneg-n5-d16.pbqp,none,portable,branch,solved-exact,ok
124-instcombine-irbuilderbase-createisneg-n5-d16.pbqp,none,structured,branch,solved-exact,ok
124-instcombine-irbuilderbase-createisneg-n5-d16.pbqp,heuristic,avx2,branch,solved-exact,ok
124-instcombine-irbuilderbase-createisneg-n5-d16.pbqp,heuristic,portable,branch,solved-exact,ok
124-instcombine-irbuilderbase-createisneg-n5-d16.pbqp,heuristic,structured,branch,solved-exact,ok
124-instcombine-irbuilderbase-createisneg-n5-d16.pbqp,none,avx2,heuristic,solved-heuristic,ok
125-instcombine-irbuilderbase-createnuwadd-n12-d16.pbqp,none,avx2,branch,search-node-limit,ok
125-instcombine-irbuilderbase-createnuwadd-n12-d16.pbqp,none,portable,branch,search-node-limit,ok
125-instcombine-irbuilderbase-createnuwadd-n12-d16.pbqp,none,structured,branch,search-node-limit,ok
125-instcombine-irbuilderbase-createnuwadd-n12-d16.pbqp,heuristic,avx2,branch,solved-exact,ok
125-instcombine-irbuilderbase-createnuwadd-n12-d16.pbqp,heuristic,portable,branch,solved-exact,ok
125-instcombine-irbuilderbase-createnuwadd-n12-d16.pbqp,heuristic,structured,branch,solved-exact,ok
125-instcombine-irbuilderbase-createnuwadd-n12-d16.pbqp,none,avx2,heuristic,solved-heuristic,ok
126-instcombine-irbuilderbase-createfaddfmf-n16-d16.pbqp,none,avx2,branch,search-node-limit,ok
126-instcombine-irbuilderbase-createfaddfmf-n16-d16.pbqp,none,portable,branch,search-node-limit,ok
126-instcombine-irbuilderbase-createfaddfmf-n16-d16.pbqp,none,structured,branch,search-node-limit,ok
126-instcombine-irbuilderbase-createfaddfmf-n16-d16.pbqp,heuristic,avx2,branch,search-node-limit,ok
126-instcombine-irbuilderbase-createfaddfmf-n16-d16.pbqp,heuristic,portable,branch,search-node-limit,ok
126-instcombine-irbuilderbase-createfaddfmf-n16-d16.pbqp,heuristic,structured,branch,search-node-limit,ok
126-instcombine-irbuilderbase-createfaddfmf-n16-d16.pbqp,none,avx2,heuristic,solved-heuristic,ok
127-instcombine-irbuilderbase-createfdivfmf-n16-d16.pbqp,none,avx2,branch,search-node-limit,ok
127-instcombine-irbuilderbase-createfdivfmf-n16-d16.pbqp,none,portable,branch,search-node-limit,ok
127-instcombine-irbuilderbase-createfdivfmf-n16-d16.pbqp,none,structured,branch,search-node-limit,ok
127-instcombine-irbuilderbase-createfdivfmf-n16-d16.pbqp,heuristic,avx2,branch,search-node-limit,ok
127-instcombine-irbuilderbase-createfdivfmf-n16-d16.pbqp,heuristic,portable,branch,search-node-limit,ok
127-instcombine-irbuilderbase-createfdivfmf-n16-d16.pbqp,heuristic,structured,branch,search-node-limit,ok
127-instcombine-irbuilderbase-createfdivfmf-n16-d16.pbqp,none,avx2,heuristic,solved-heuristic,ok
128-instcombine-irbuilderbase-createfmulfmf-n16-d16.pbqp,none,avx2,branch,search-node-limit,ok
128-instcombine-irbuilderbase-createfmulfmf-n16-d16.pbqp,none,portable,branch,search-node-limit,ok
128-instcombine-irbuilderbase-createfmulfmf-n16-d16.pbqp,none,structured,branch,search-node-limit,ok
128-instcombine-irbuilderbase-createfmulfmf-n16-d16.pbqp,heuristic,avx2,branch,search-node-limit,ok
128-instcombine-irbuilderbase-createfmulfmf-n16-d16.pbqp,heuristic,portable,branch,search-node-limit,ok
128-instcombine-irbuilderbase-createfmulfmf-n16-d16.pbqp,heuristic,structured,branch,search-node-limit,ok
128-instcombine-irbuilderbase-createfmulfmf-n16-d16.pbqp,none,avx2,heuristic,solved-heuristic,ok
129-instcombine-irbuilderbase-createfnegfmf-n14-d16.pbqp,none,avx2,branch,search-node-limit,ok
129-instcombine-irbuilderbase-createfnegfmf-n14-d16.pbqp,none,portable,branch,search-node-limit,ok
129-instcombine-irbuilderbase-createfnegfmf-n14-d16.pbqp,none,structured,branch,search-node-limit,ok
129-instcombine-irbuilderbase-createfnegfmf-n14-d16.pbqp,heuristic,avx2,branch,solved-exact,ok
129-instcombine-irbuilderbase-createfnegfmf-n14-d16.pbqp,heuristic,portable,branch,solved-exact,ok
129-instcombine-irbuilderbase-createfnegfmf-n14-d16.pbqp,heuristic,structured,branch,solved-exact,ok
129-instcombine-irbuilderbase-createfnegfmf-n14-d16.pbqp,none,avx2,heuristic,solved-heuristic,ok
130-instcombine-irbuilderbase-createfptrunc-n7-d16.pbqp,none,avx2,branch,solved-exact,ok
130-instcombine-irbuilderbase-createfptrunc-n7-d16.pbqp,none,portable,branch,solved-exact,ok
130-instcombine-irbuilderbase-createfptrunc-n7-d16.pbqp,none,structured,branch,solved-exact,ok
130-instcombine-irbuilderbase-createfptrunc-n7-d16.pbqp,heuristic,avx2,branch,solved-exact,ok
130-instcombine-irbuilderbase-createfptrunc-n7-d16.pbqp,heuristic,portable,branch,solved-exact,ok
130-instcombine-irbuilderbase-createfptrunc-n7-d16.pbqp,heuristic,structured,branch,solved-exact,ok
130-instcombine-irbuilderbase-createfptrunc-n7-d16.pbqp,none,avx2,heuristic,solved-heuristic,ok
131-instcombine-irbuilderbase-createfsubfmf-n16-d16.pbqp,none,avx2,branch,search-node-limit,ok
131-instcombine-irbuilderbase-createfsubfmf-n16-d16.pbqp,none,portable,branch,search-node-limit,ok
131-instcombine-irbuilderbase-createfsubfmf-n16-d16.pbqp,none,structured,branch,search-node-limit,ok
131-instcombine-irbuilderbase-createfsubfmf-n16-d16.pbqp,heuristic,avx2,branch,search-node-limit,ok
131-instcombine-irbuilderbase-createfsubfmf-n16-d16.pbqp,heuristic,portable,branch,search-node-limit,ok
131-instcombine-irbuilderbase-createfsubfmf-n16-d16.pbqp,heuristic,structured,branch,search-node-limit,ok
131-instcombine-irbuilderbase-createfsubfmf-n16-d16.pbqp,none,avx2,heuristic,solved-heuristic,ok
132-instcombine-irbuilderbase-createbinopfmf-n16-d16.pbqp,none,avx2,branch,search-node-limit,ok
132-instcombine-irbuilderbase-createbinopfmf-n16-d16.pbqp,none,portable,branch,search-node-limit,ok
132-instcombine-irbuilderbase-createbinopfmf-n16-d16.pbqp,none,structured,branch,search-node-limit,ok
132-instcombine-irbuilderbase-createbinopfmf-n16-d16.pbqp,heuristic,avx2,branch,search-node-limit,ok
132-instcombine-irbuilderbase-createbinopfmf-n16-d16.pbqp,heuristic,portable,branch,search-node-limit,ok
132-instcombine-irbuilderbase-createbinopfmf-n16-d16.pbqp,heuristic,structured,branch,search-node-limit,ok
132-instcombine-irbuilderbase-createbinopfmf-n16-d16.pbqp,none,avx2,heuristic,solved-heuristic,ok
133-instcombine-irbuilderbase-createisnotneg-n5-d16.pbqp,none,avx2,branch,solved-exact,ok
133-instcombine-irbuilderbase-createisnotneg-n5-d16.pbqp,none,portable,branch,solved-exact,ok
133-instcombine-irbuilderbase-createisnotneg-n5-d16.pbqp,none,structured,branch,solved-exact,ok
133-instcombine-irbuilderbase-createisnotneg-n5-d16.pbqp,heuristic,avx2,branch,solved-exact,ok
133-instcombine-irbuilderbase-createisnotneg-n5-d16.pbqp,heuristic,portable,branch,solved-exact,ok
133-instcombine-irbuilderbase-createisnotneg-n5-d16.pbqp,heuristic,structured,branch,solved-exact,ok
133-instcombine-irbuilderbase-createisnotneg-n5-d16.pbqp,none,avx2,heuristic,solved-heuristic,ok
134-instcombine-irbuilderbase-createisnotnull-n5-d16.pbqp,none,avx2,branch,solved-exact,ok
134-instcombine-irbuilderbase-createisnotnull-n5-d16.pbqp,none,portable,branch,solved-exact,ok
134-instcombine-irbuilderbase-createisnotnull-n5-d16.pbqp,none,structured,branch,solved-exact,ok
134-instcombine-irbuilderbase-createisnotnull-n5-d16.pbqp,heuristic,avx2,branch,solved-exact,ok
134-instcombine-irbuilderbase-createisnotnull-n5-d16.pbqp,heuristic,portable,branch,solved-exact,ok
134-instcombine-irbuilderbase-createisnotnull-n5-d16.pbqp,heuristic,structured,branch,solved-exact,ok
134-instcombine-irbuilderbase-createisnotnull-n5-d16.pbqp,none,avx2,heuristic,solved-heuristic,ok
135-instcombine-irbuilderbase-createdisjointor-n12-d16.pbqp,none,avx2,branch,search-node-limit,ok
135-instcombine-irbuilderbase-createdisjointor-n12-d16.pbqp,none,portable,branch,search-node-limit,ok
135-instcombine-irbuilderbase-createdisjointor-n12-d16.pbqp,none,structured,branch,search-node-limit,ok
135-instcombine-irbuilderbase-createdisjointor-n12-d16.pbqp,heuristic,avx2,branch,solved-exact,ok
135-instcombine-irbuilderbase-createdisjointor-n12-d16.pbqp,heuristic,portable,branch,solved-exact,ok
135-instcombine-irbuilderbase-createdisjointor-n12-d16.pbqp,heuristic,structured,branch,solved-exact,ok
135-instcombine-irbuilderbase-createdisjointor-n12-d16.pbqp,none,avx2,heuristic,solved-heuristic,ok
136-instcombine-irbuilderbase-createzextortrunc-n26-d16.pbqp,none,avx2,branch,search-node-limit,ok
136-instcombine-irbuilderbase-createzextortrunc-n26-d16.pbqp,none,portable,branch,search-node-limit,ok
136-instcombine-irbuilderbase-createzextortrunc-n26-d16.pbqp,none,structured,branch,search-node-limit,ok
136-instcombine-irbuilderbase-createzextortrunc-n26-d16.pbqp,heuristic,avx2,branch,solved-exact,ok
136-instcombine-irbuilderbase-createzextortrunc-n26-d16.pbqp,heuristic,portable,branch,solved-exact,ok
136-instcombine-irbuilderbase-createzextortrunc-n26-d16.pbqp,heuristic,structured,branch,solved-exact,ok
136-instcombine-irbuilderbase-createzextortrunc-n26-d16.pbqp,none,avx2,heuristic,solved-heuristic,ok
137-instcombine-irbuilderbase-createadd-n14-d16.pbqp,none,avx2,branch,search-node-limit,ok
137-instcombine-irbuilderbase-createadd-n14-d16.pbqp,none,portable,branch,search-node-limit,ok
137-instcombine-irbuilderbase-createadd-n14-d16.pbqp,none,structured,branch,search-node-limit,ok
137-instcombine-irbuilderbase-createadd-n14-d16.pbqp,heuristic,avx2,branch,search-node-limit,ok
137-instcombine-irbuilderbase-createadd-n14-d16.pbqp,heuristic,portable,branch,search-node-limit,ok
137-instcombine-irbuilderbase-createadd-n14-d16.pbqp,heuristic,structured,branch,search-node-limit,ok
137-instcombine-irbuilderbase-createadd-n14-d16.pbqp,none,avx2,heuristic,solved-heuristic,ok
138-instcombine-irbuilderbase-createand-n12-d16.pbqp,none,avx2,branch,search-node-limit,ok
138-instcombine-irbuilderbase-createand-n12-d16.pbqp,none,portable,branch,search-node-limit,ok
138-instcombine-irbuilderbase-createand-n12-d16.pbqp,none,structured,branch,search-node-limit,ok
138-instcombine-irbuilderbase-createand-n12-d16.pbqp,heuristic,avx2,branch,solved-exact,ok
138-instcombine-irbuilderbase-createand-n12-d16.pbqp,heuristic,portable,branch,solved-exact,ok
138-instcombine-irbuilderbase-createand-n12-d16.pbqp,heuristic,structured,branch,solved-exact,ok
138-instcombine-irbuilderbase-createand-n12-d16.pbqp,none,avx2,heuristic,solved-heuristic,ok
139-instcombine-irbuilderbase-createmul-n14-d16.pbqp,none,avx2,branch,search-node-limit,ok
139-instcombine-irbuilderbase-createmul-n14-d16.pbqp,none,portable,branch,search-node-limit,ok
139-instcombine-irbuilderbase-createmul-n14-d16.pbqp,none,structured,branch,search-node-limit,ok
139-instcombine-irbuilderbase-createmul-n14-d16.pbqp,heuristic,avx2,branch,search-node-limit,ok
139-instcombine-irbuilderbase-createmul-n14-d16.pbqp,heuristic,portable,branch,search-node-limit,ok
139-instcombine-irbuilderbase-createmul-n14-d16.pbqp,heuristic,structured,branch,search-node-limit,ok
139-instcombine-irbuilderbase-createmul-n14-d16.pbqp,none,avx2,heuristic,solved-heuristic,ok
140-instcombine-irbuilderbase-createneg-n14-d16.pbqp,none,avx2,branch,search-node-limit,ok
140-instcombine-irbuilderbase-createneg-n14-d16.pbqp,none,portable,branch,search-node-limit,ok
140-instcombine-irbuilderbase-createneg-n14-d16.pbqp,none,structured,branch,search-node-limit,ok
140-instcombine-irbuilderbase-createneg-n14-d16.pbqp,heuristic,avx2,branch,solved-exact,ok
140-instcombine-irbuilderbase-createneg-n14-d16.pbqp,heuristic,portable,branch,solved-exact,ok
140-instcombine-irbuilderbase-createneg-n14-d16.pbqp,heuristic,structured,branch,solved-exact,ok
140-instcombine-irbuilderbase-createneg-n14-d16.pbqp,none,avx2,heuristic,solved-heuristic,ok
141-instcombine-irbuilderbase-createnot-n13-d16.pbqp,none,avx2,branch,search-node-limit,ok
141-instcombine-irbuilderbase-createnot-n13-d16.pbqp,none,portable,branch,search-node-limit,ok
141-instcombine-irbuilderbase-createnot-n13-d16.pbqp,none,structured,branch,search-node-limit,ok
141-instcombine-irbuilderbase-createnot-n13-d16.pbqp,heuristic,avx2,branch,solved-exact,ok
141-instcombine-irbuilderbase-createnot-n13-d16.pbqp,heuristic,portable,branch,solved-exact,ok
141-instcombine-irbuilderbase-createnot-n13-d16.pbqp,heuristic,structured,branch,solved-exact,ok
141-instcombine-irbuilderbase-createnot-n13-d16.pbqp,none,avx2,heuristic,solved-heuristic,ok
142-instcombine-irbuilderbase-createshl-n14-d16.pbqp,none,avx2,branch,search-node-limit,ok
142-instcombine-irbuilderbase-createshl-n14-d16.pbqp,none,portable,branch,search-node-limit,ok
142-instcombine-irbuilderbase-createshl-n14-d16.pbqp,none,structured,branch,search-node-limit,ok
142-instcombine-irbuilderbase-createshl-n14-d16.pbqp,heuristic,avx2,branch,search-node-limit,ok
142-instcombine-irbuilderbase-createshl-n14-d16.pbqp,heuristic,portable,branch,search-node-limit,ok
142-instcombine-irbuilderbase-createshl-n14-d16.pbqp,heuristic,structured,branch,search-node-limit,ok
142-instcombine-irbuilderbase-createshl-n14-d16.pbqp,none,avx2,heuristic,solved-heuristic,ok
143-instcombine-irbuilderbase-createshl-n8-d16.pbqp,none,avx2,branch,solved-exact,ok
143-instcombine-irbuilderbase-createshl-n8-d16.pbqp,none,portable,branch,solved-exact,ok
143-instcombine-irbuilderbase-createshl-n8-d16.pbqp,none,structured,branch,solved-exact,ok
143-instcombine-irbuilderbase-createshl-n8-d16.pbqp,heuristic,avx2,branch,solved-exact,ok
143-instcombine-irbuilderbase-createshl-n8-d16.pbqp,heuristic,portable,branch,solved-exact,ok
143-instcombine-irbuilderbase-createshl-n8-d16.pbqp,heuristic,structured,branch,solved-exact,ok
143-instcombine-irbuilderbase-createshl-n8-d16.pbqp,none,avx2,heuristic,solved-heuristic,ok
144-instcombine-irbuilderbase-createsub-n14-d16.pbqp,none,avx2,branch,search-node-limit,ok
144-instcombine-irbuilderbase-createsub-n14-d16.pbqp,none,portable,branch,search-node-limit,ok
144-instcombine-irbuilderbase-createsub-n14-d16.pbqp,none,structured,branch,search-node-limit,ok
144-instcombine-irbuilderbase-createsub-n14-d16.pbqp,heuristic,avx2,branch,search-node-limit,ok
144-instcombine-irbuilderbase-createsub-n14-d16.pbqp,heuristic,portable,branch,search-node-limit,ok
144-instcombine-irbuilderbase-createsub-n14-d16.pbqp,heuristic,structured,branch,search-node-limit,ok
144-instcombine-irbuilderbase-createsub-n14-d16.pbqp,none,avx2,heuristic,solved-heuristic,ok
145-instcombine-irbuilderbase-createxor-n12-d16.pbqp,none,avx2,branch,search-node-limit,ok
145-instcombine-irbuilderbase-createxor-n12-d16.pbqp,none,portable,branch,search-node-limit,ok
145-instcombine-irbuilderbase-createxor-n12-d16.pbqp,none,structured,branch,search-node-limit,ok
145-instcombine-irbuilderbase-createxor-n12-d16.pbqp,heuristic,avx2,branch,solved-exact,ok
145-instcombine-irbuilderbase-createxor-n12-d16.pbqp,heuristic,portable,branch,solved-exact,ok
145-instcombine-irbuilderbase-createxor-n12-d16.pbqp,heuristic,structured,branch,solved-exact,ok
145-instcombine-irbuilderbase-createxor-n12-d16.pbqp,none,avx2,heuristic,solved-heuristic,ok
146-instcombine-unaryoperator-createfnegfmf-n6-d15.pbqp,none,avx2,branch,solved-exact,ok
146-instcombine-unaryoperator-createfnegfmf-n6-d15.pbqp,none,portable,branch,solved-exact,ok
146-instcombine-unaryoperator-createfnegfmf-n6-d15.pbqp,none,structured,branch,solved-exact,ok
146-instcombine-unaryoperator-createfnegfmf-n6-d15.pbqp,heuristic,avx2,branch,solved-exact,ok
146-instcombine-unaryoperator-createfnegfmf-n6-d15.pbqp,heuristic,portable,branch,solved-exact,ok
146-instcombine-unaryoperator-createfnegfmf-n6-d15.pbqp,heuristic,structured,branch,solved-exact,ok
146-instcombine-unaryoperator-createfnegfmf-n6-d15.pbqp,none,avx2,heuristic,solved-heuristic,ok
147-instcombine-binaryoperator-createfaddfmf-n5-d15.pbqp,none,avx2,branch,solved-exact,ok
147-instcombine-binaryoperator-createfaddfmf-n5-d15.pbqp,none,portable,branch,solved-exact,ok
147-instcombine-binaryoperator-createfaddfmf-n5-d15.pbqp,none,structured,branch,solved-exact,ok
147-instcombine-binaryoperator-createfaddfmf-n5-d15.pbqp,heuristic,avx2,branch,solved-exact,ok
147-instcombine-binaryoperator-createfaddfmf-n5-d15.pbqp,heuristic,portable,branch,solved-exact,ok
147-instcombine-binaryoperator-createfaddfmf-n5-d15.pbqp,heuristic,structured,branch,solved-exact,ok
147-instcombine-binaryoperator-createfaddfmf-n5-d15.pbqp,none,avx2,heuristic,solved-heuristic,ok
148-instcombine-binaryoperator-createfmulfmf-n5-d15.pbqp,none,avx2,branch,solved-exact,ok
148-instcombine-binaryoperator-createfmulfmf-n5-d15.pbqp,none,portable,branch,solved-exact,ok
148-instcombine-binaryoperator-createfmulfmf-n5-d15.pbqp,none,structured,branch,solved-exact,ok
148-instcombine-binaryoperator-createfmulfmf-n5-d15.pbqp,heuristic,avx2,branch,solved-exact,ok
148-instcombine-binaryoperator-createfmulfmf-n5-d15.pbqp,heuristic,portable,branch,solved-exact,ok
148-instcombine-binaryoperator-createfmulfmf-n5-d15.pbqp,heuristic,structured,branch,solved-exact,ok
148-instcombine-binaryoperator-createfmulfmf-n5-d15.pbqp,none,avx2,heuristic,solved-heuristic,ok
149-instcombine-binaryoperator-createfsubfmf-n5-d15.pbqp,none,avx2,branch,solved-exact,ok
149-instcombine-binaryoperator-createfsubfmf-n5-d15.pbqp,none,portable,branch,solved-exact,ok
149-instcombine-binaryoperator-createfsubfmf-n5-d15.pbqp,none,structured,branch,solved-exact,ok
149-instcombine-binaryoperator-createfsubfmf-n5-d15.pbqp,heuristic,avx2,branch,solved-exact,ok
149-instcombine-binaryoperator-createfsubfmf-n5-d15.pbqp,heuristic,portable,branch,solved-exact,ok
149-instcombine-binaryoperator-createfsubfmf-n5-d15.pbqp,heuristic,structured,branch,solved-exact,ok
149-instcombine-binaryoperator-createfsubfmf-n5-d15.pbqp,none,avx2,heuristic,solved-heuristic,ok
150-instcombine-fpmathoperator-classof-n22-d16.pbqp,none,avx2,branch,search-node-limit,ok
150-instcombine-fpmathoperator-classof-n22-d16.pbqp,none,portable,branch,search-node-limit,ok
150-instcombine-fpmathoperator-classof-n22-d16.pbqp,none,structured,branch,search-node-limit,ok
150-instcombine-fpmathoperator-classof-n22-d16.pbqp,heuristic,avx2,branch,solved-exact,ok
150-instcombine-fpmathoperator-classof-n22-d16.pbqp,heuristic,portable,branch,solved-exact,ok
150-instcombine-fpmathoperator-classof-n22-d16.pbqp,heuristic,structured,branch,solved-exact,ok
150-instcombine-fpmathoperator-classof-n22-d16.pbqp,none,avx2,heuristic,solved-heuristic,ok
151-instcombine-instcombinerimpl-folddivceil-n79-d16.pbqp,none,avx2,branch,search-node-limit,ok
151-instcombine-instcombinerimpl-folddivceil-n79-d16.pbqp,none,portable,branch,search-node-limit,ok
151-instcombine-instcombinerimpl-folddivceil-n79-d16.pbqp,none,structured,branch,search-node-limit,ok
151-instcombine-instcombinerimpl-folddivceil-n79-d16.pbqp,heuristic,avx2,branch,search-node-limit,ok
151-instcombine-instcombinerimpl-folddivceil-n79-d16.pbqp,heuristic,portable,branch,search-node-limit,ok
151-instcombine-instcombinerimpl-folddivceil-n79-d16.pbqp,heuristic,structured,branch,search-node-limit,ok
151-instcombine-instcombinerimpl-folddivceil-n79-d16.pbqp,none,avx2,heuristic,solved-heuristic,ok
152-instcombine-instcombinerimpl-foldsquaresumfp-n18-d16.pbqp,none,avx2,branch,search-node-limit,ok
152-instcombine-instcombinerimpl-foldsquaresumfp-n18-d16.pbqp,none,portable,branch,search-node-limit,ok
152-instcombine-instcombinerimpl-foldsquaresumfp-n18-d16.pbqp,none,structured,branch,search-node-limit,ok
152-instcombine-instcombinerimpl-foldsquaresumfp-n18-d16.pbqp,heuristic,avx2,branch,solved-exact,ok
152-instcombine-instcombinerimpl-foldsquaresumfp-n18-d16.pbqp,heuristic,portable,branch,solved-exact,ok
152-instcombine-instcombinerimpl-foldsquaresumfp-n18-d16.pbqp,heuristic,structured,branch,solved-exact,ok
152-instcombine-instcombinerimpl-foldsquaresumfp-n18-d16.pbqp,none,avx2,heuristic,solved-heuristic,ok
153-instcombine-instcombinerimpl-foldsquaresumint-n22-d16.pbqp,none,avx2,branch,search-node-limit,ok
153-instcombine-instcombinerimpl-foldsquaresumint-n22-d16.pbqp,none,portable,branch,search-node-limit,ok
153-instcombine-instcombinerimpl-foldsquaresumint-n22-d16.pbqp,none,structured,branch,search-node-limit,ok
153-instcombine-instcombinerimpl-foldsquaresumint-n22-d16.pbqp,heuristic,avx2,branch,solved-exact,ok
153-instcombine-instcombinerimpl-foldsquaresumint-n22-d16.pbqp,heuristic,portable,branch,solved-exact,ok
153-instcombine-instcombinerimpl-foldsquaresumint-n22-d16.pbqp,heuristic,structured,branch,solved-exact,ok
153-instcombine-instcombinerimpl-foldsquaresumint-n22-d16.pbqp,none,avx2,heuristic,solved-heuristic,ok
154-instcombine-instcombinerimpl-foldaddwithconstant-n343-d17.pbqp,none,avx2,branch,capacity/error,ok
154-instcombine-instcombinerimpl-foldaddwithconstant-n343-d17.pbqp,none,portable,branch,capacity/error,ok
154-instcombine-instcombinerimpl-foldaddwithconstant-n343-d17.pbqp,none,structured,branch,capacity/error,ok
154-instcombine-instcombinerimpl-foldaddwithconstant-n343-d17.pbqp,heuristic,avx2,branch,search-node-limit,ok
154-instcombine-instcombinerimpl-foldaddwithconstant-n343-d17.pbqp,heuristic,portable,branch,search-node-limit,ok
154-instcombine-instcombinerimpl-foldaddwithconstant-n343-d17.pbqp,heuristic,structured,branch,search-node-limit,ok
154-instcombine-instcombinerimpl-foldaddwithconstant-n343-d17.pbqp,none,avx2,heuristic,solved-heuristic,ok
155-instcombine-instcombinerimpl-foldaddwithconstant-n358-d17-r1.pbqp,none,avx2,branch,capacity/error,ok
155-instcombine-instcombinerimpl-foldaddwithconstant-n358-d17-r1.pbqp,none,portable,branch,capacity/error,ok
155-instcombine-instcombinerimpl-foldaddwithconstant-n358-d17-r1.pbqp,none,structured,branch,capacity/error,ok
155-instcombine-instcombinerimpl-foldaddwithconstant-n358-d17-r1.pbqp,heuristic,avx2,branch,search-node-limit,ok
155-instcombine-instcombinerimpl-foldaddwithconstant-n358-d17-r1.pbqp,heuristic,portable,branch,search-node-limit,ok
155-instcombine-instcombinerimpl-foldaddwithconstant-n358-d17-r1.pbqp,heuristic,structured,branch,search-node-limit,ok
155-instcombine-instcombinerimpl-foldaddwithconstant-n358-d17-r1.pbqp,none,avx2,heuristic,solved-heuristic,ok
156-instcombine-instcombinerimpl-foldaddlikecommutat-n119-d16.pbqp,none,avx2,branch,search-node-limit,ok
156-instcombine-instcombinerimpl-foldaddlikecommutat-n119-d16.pbqp,none,portable,branch,search-node-limit,ok
156-instcombine-instcombinerimpl-foldaddlikecommutat-n119-d16.pbqp,none,structured,branch,search-node-limit,ok
156-instcombine-instcombinerimpl-foldaddlikecommutat-n119-d16.pbqp,heuristic,avx2,branch,search-node-limit,ok
156-instcombine-instcombinerimpl-foldaddlikecommutat-n119-d16.pbqp,heuristic,portable,branch,search-node-limit,ok
156-instcombine-instcombinerimpl-foldaddlikecommutat-n119-d16.pbqp,heuristic,structured,branch,search-node-limit,ok
156-instcombine-instcombinerimpl-foldaddlikecommutat-n119-d16.pbqp,none,avx2,heuristic,solved-heuristic,ok
157-instcombine-instcombinerimpl-foldaddlikecommutat-n117-d16-r1.pbqp,none,avx2,branch,search-node-limit,ok
157-instcombine-instcombinerimpl-foldaddlikecommutat-n117-d16-r1.pbqp,none,portable,branch,search-node-limit,ok
157-instcombine-instcombinerimpl-foldaddlikecommutat-n117-d16-r1.pbqp,none,structured,branch,search-node-limit,ok
157-instcombine-instcombinerimpl-foldaddlikecommutat-n117-d16-r1.pbqp,heuristic,avx2,branch,search-node-limit,ok
157-instcombine-instcombinerimpl-foldaddlikecommutat-n117-d16-r1.pbqp,heuristic,portable,branch,search-node-limit,ok
157-instcombine-instcombinerimpl-foldaddlikecommutat-n117-d16-r1.pbqp,heuristic,structured,branch,search-node-limit,ok
157-instcombine-instcombinerimpl-foldaddlikecommutat-n117-d16-r1.pbqp,none,avx2,heuristic,solved-heuristic,ok
158-instcombine-instcombinerimpl-hoistfnegabovefmulf-n39-d16.pbqp,none,avx2,branch,search-node-limit,ok
158-instcombine-instcombinerimpl-hoistfnegabovefmulf-n39-d16.pbqp,none,portable,branch,search-node-limit,ok
158-instcombine-instcombinerimpl-hoistfnegabovefmulf-n39-d16.pbqp,none,structured,branch,search-node-limit,ok
158-instcombine-instcombinerimpl-hoistfnegabovefmulf-n39-d16.pbqp,heuristic,avx2,branch,solved-exact,ok
158-instcombine-instcombinerimpl-hoistfnegabovefmulf-n39-d16.pbqp,heuristic,portable,branch,solved-exact,ok
158-instcombine-instcombinerimpl-hoistfnegabovefmulf-n39-d16.pbqp,heuristic,structured,branch,solved-exact,ok
158-instcombine-instcombinerimpl-hoistfnegabovefmulf-n39-d16.pbqp,none,avx2,heuristic,solved-heuristic,ok
159-instcombine-instcombinerimpl-simplifyaddwithrema-n58-d16.pbqp,none,avx2,branch,search-node-limit,ok
159-instcombine-instcombinerimpl-simplifyaddwithrema-n58-d16.pbqp,none,portable,branch,search-node-limit,ok
159-instcombine-instcombinerimpl-simplifyaddwithrema-n58-d16.pbqp,none,structured,branch,search-node-limit,ok
159-instcombine-instcombinerimpl-simplifyaddwithrema-n58-d16.pbqp,heuristic,avx2,branch,search-node-limit,ok
159-instcombine-instcombinerimpl-simplifyaddwithrema-n58-d16.pbqp,heuristic,portable,branch,search-node-limit,ok
159-instcombine-instcombinerimpl-simplifyaddwithrema-n58-d16.pbqp,heuristic,structured,branch,search-node-limit,ok
159-instcombine-instcombinerimpl-simplifyaddwithrema-n58-d16.pbqp,none,avx2,heuristic,solved-heuristic,ok
160-instcombine-instcombinerimpl-simplifyaddwithrema-n64-d16-r1.pbqp,none,avx2,branch,search-node-limit,ok
160-instcombine-instcombinerimpl-simplifyaddwithrema-n64-d16-r1.pbqp,none,portable,branch,search-node-limit,ok
160-instcombine-instcombinerimpl-simplifyaddwithrema-n64-d16-r1.pbqp,none,structured,branch,search-node-limit,ok
160-instcombine-instcombinerimpl-simplifyaddwithrema-n64-d16-r1.pbqp,heuristic,avx2,branch,solved-exact,ok
160-instcombine-instcombinerimpl-simplifyaddwithrema-n64-d16-r1.pbqp,heuristic,portable,branch,solved-exact,ok
160-instcombine-instcombinerimpl-simplifyaddwithrema-n64-d16-r1.pbqp,heuristic,structured,branch,solved-exact,ok
160-instcombine-instcombinerimpl-simplifyaddwithrema-n64-d16-r1.pbqp,none,avx2,heuristic,solved-heuristic,ok
161-instcombine-instcombinerimpl-optimizepointerdiff-n95-d16.pbqp,none,avx2,branch,search-node-limit,ok
161-instcombine-instcombinerimpl-optimizepointerdiff-n95-d16.pbqp,none,portable,branch,search-node-limit,ok
161-instcombine-instcombinerimpl-optimizepointerdiff-n95-d16.pbqp,none,structured,branch,search-node-limit,ok
161-instcombine-instcombinerimpl-optimizepointerdiff-n95-d16.pbqp,heuristic,avx2,branch,solved-exact,ok
161-instcombine-instcombinerimpl-optimizepointerdiff-n95-d16.pbqp,heuristic,portable,branch,solved-exact,ok
161-instcombine-instcombinerimpl-optimizepointerdiff-n95-d16.pbqp,heuristic,structured,branch,solved-exact,ok
161-instcombine-instcombinerimpl-optimizepointerdiff-n95-d16.pbqp,none,avx2,heuristic,solved-heuristic,ok
162-instcombine-instcombinerimpl-createselectinstwit-n10-d15.pbqp,none,avx2,branch,search-node-limit,ok
162-instcombine-instcombinerimpl-createselectinstwit-n10-d15.pbqp,none,portable,branch,search-node-limit,ok
162-instcombine-instcombinerimpl-createselectinstwit-n10-d15.pbqp,none,structured,branch,search-node-limit,ok
162-instcombine-instcombinerimpl-createselectinstwit-n10-d15.pbqp,heuristic,avx2,branch,search-node-limit,ok
162-instcombine-instcombinerimpl-createselectinstwit-n10-d15.pbqp,heuristic,portable,branch,search-node-limit,ok
162-instcombine-instcombinerimpl-createselectinstwit-n10-d15.pbqp,heuristic,structured,branch,search-node-limit,ok
162-instcombine-instcombinerimpl-createselectinstwit-n10-d15.pbqp,none,avx2,heuristic,solved-heuristic,ok
163-instcombine-instcombinerimpl-createselectinstwit-n9-d16-r1.pbqp,none,avx2,branch,solved-exact,ok
163-instcombine-instcombinerimpl-createselectinstwit-n9-d16-r1.pbqp,none,portable,branch,solved-exact,ok
163-instcombine-instcombinerimpl-createselectinstwit-n9-d16-r1.pbqp,none,structured,branch,solved-exact,ok
163-instcombine-instcombinerimpl-createselectinstwit-n9-d16-r1.pbqp,heuristic,avx2,branch,solved-exact,ok
163-instcombine-instcombinerimpl-createselectinstwit-n9-d16-r1.pbqp,heuristic,portable,branch,solved-exact,ok
163-instcombine-instcombinerimpl-createselectinstwit-n9-d16-r1.pbqp,heuristic,structured,branch,solved-exact,ok
163-instcombine-instcombinerimpl-createselectinstwit-n9-d16-r1.pbqp,none,avx2,heuristic,solved-heuristic,ok
164-instcombine-instcombinerimpl-canonicalizecondsig-n73-d16.pbqp,none,avx2,branch,search-node-limit,ok
164-instcombine-instcombinerimpl-canonicalizecondsig-n73-d16.pbqp,none,portable,branch,search-node-limit,ok
164-instcombine-instcombinerimpl-canonicalizecondsig-n73-d16.pbqp,none,structured,branch,search-node-limit,ok
164-instcombine-instcombinerimpl-canonicalizecondsig-n73-d16.pbqp,heuristic,avx2,branch,solved-exact,ok
164-instcombine-instcombinerimpl-canonicalizecondsig-n73-d16.pbqp,heuristic,portable,branch,solved-exact,ok
164-instcombine-instcombinerimpl-canonicalizecondsig-n73-d16.pbqp,heuristic,structured,branch,solved-exact,ok
164-instcombine-instcombinerimpl-canonicalizecondsig-n73-d16.pbqp,none,avx2,heuristic,solved-heuristic,ok
165-instcombine-instcombinerimpl-visitadd-n544-d17.pbqp,none,avx2,branch,capacity/error,ok
165-instcombine-instcombinerimpl-visitadd-n544-d17.pbqp,none,portable,branch,capacity/error,ok
165-instcombine-instcombinerimpl-visitadd-n544-d17.pbqp,none,structured,branch,capacity/error,ok
165-instcombine-instcombinerimpl-visitadd-n544-d17.pbqp,heuristic,avx2,branch,capacity/error,ok
165-instcombine-instcombinerimpl-visitadd-n544-d17.pbqp,heuristic,portable,branch,capacity/error,ok
165-instcombine-instcombinerimpl-visitadd-n544-d17.pbqp,heuristic,structured,branch,capacity/error,ok
165-instcombine-instcombinerimpl-visitadd-n544-d17.pbqp,none,avx2,heuristic,solved-heuristic,ok
166-instcombine-instcombinerimpl-visitadd-n657-d17-r1.pbqp,none,avx2,branch,capacity/error,ok
166-instcombine-instcombinerimpl-visitadd-n657-d17-r1.pbqp,none,portable,branch,capacity/error,ok
166-instcombine-instcombinerimpl-visitadd-n657-d17-r1.pbqp,none,structured,branch,capacity/error,ok
166-instcombine-instcombinerimpl-visitadd-n657-d17-r1.pbqp,heuristic,avx2,branch,capacity/error,ok
166-instcombine-instcombinerimpl-visitadd-n657-d17-r1.pbqp,heuristic,portable,branch,capacity/error,ok
166-instcombine-instcombinerimpl-visitadd-n657-d17-r1.pbqp,heuristic,structured,branch,capacity/error,ok
166-instcombine-instcombinerimpl-visitadd-n657-d17-r1.pbqp,none,avx2,heuristic,solved-heuristic,ok
167-instcombine-instcombinerimpl-visitsub-n895-d17.pbqp,none,avx2,branch,capacity/error,ok
167-instcombine-instcombinerimpl-visitsub-n895-d17.pbqp,none,portable,branch,capacity/error,ok
167-instcombine-instcombinerimpl-visitsub-n895-d17.pbqp,none,structured,branch,capacity/error,ok
167-instcombine-instcombinerimpl-visitsub-n895-d17.pbqp,heuristic,avx2,branch,capacity/error,ok
167-instcombine-instcombinerimpl-visitsub-n895-d17.pbqp,heuristic,portable,branch,capacity/error,ok
167-instcombine-instcombinerimpl-visitsub-n895-d17.pbqp,heuristic,structured,branch,capacity/error,ok
167-instcombine-instcombinerimpl-visitsub-n895-d17.pbqp,none,avx2,heuristic,solved-heuristic,ok
168-instcombine-instcombinerimpl-visitsub-n966-d17-r1.pbqp,none,avx2,branch,capacity/error,ok
168-instcombine-instcombinerimpl-visitsub-n966-d17-r1.pbqp,none,portable,branch,capacity/error,ok
168-instcombine-instcombinerimpl-visitsub-n966-d17-r1.pbqp,none,structured,branch,capacity/error,ok
168-instcombine-instcombinerimpl-visitsub-n966-d17-r1.pbqp,heuristic,avx2,branch,capacity/error,ok
168-instcombine-instcombinerimpl-visitsub-n966-d17-r1.pbqp,heuristic,portable,branch,capacity/error,ok
168-instcombine-instcombinerimpl-visitsub-n966-d17-r1.pbqp,heuristic,structured,branch,capacity/error,ok
168-instcombine-instcombinerimpl-visitsub-n966-d17-r1.pbqp,none,avx2,heuristic,solved-heuristic,ok
169-instcombine-instcombinerimpl-visitfadd-n138-d17.pbqp,none,avx2,branch,search-node-limit,ok
169-instcombine-instcombinerimpl-visitfadd-n138-d17.pbqp,none,portable,branch,search-node-limit,ok
169-instcombine-instcombinerimpl-visitfadd-n138-d17.pbqp,none,structured,branch,search-node-limit,ok
169-instcombine-instcombinerimpl-visitfadd-n138-d17.pbqp,heuristic,avx2,branch,search-node-limit,ok
169-instcombine-instcombinerimpl-visitfadd-n138-d17.pbqp,heuristic,portable,branch,search-node-limit,ok
169-instcombine-instcombinerimpl-visitfadd-n138-d17.pbqp,heuristic,structured,branch,search-node-limit,ok
169-instcombine-instcombinerimpl-visitfadd-n138-d17.pbqp,none,avx2,heuristic,solved-heuristic,ok
170-instcombine-instcombinerimpl-visitfadd-n143-d17-r1.pbqp,none,avx2,branch,search-node-limit,ok
170-instcombine-instcombinerimpl-visitfadd-n143-d17-r1.pbqp,none,portable,branch,search-node-limit,ok
170-instcombine-instcombinerimpl-visitfadd-n143-d17-r1.pbqp,none,structured,branch,search-node-limit,ok
170-instcombine-instcombinerimpl-visitfadd-n143-d17-r1.pbqp,heuristic,avx2,branch,solved-exact,ok
170-instcombine-instcombinerimpl-visitfadd-n143-d17-r1.pbqp,heuristic,portable,branch,solved-exact,ok
170-instcombine-instcombinerimpl-visitfadd-n143-d17-r1.pbqp,heuristic,structured,branch,solved-exact,ok
170-instcombine-instcombinerimpl-visitfadd-n143-d17-r1.pbqp,none,avx2,heuristic,solved-heuristic,ok
171-instcombine-instcombinerimpl-visitfneg-n118-d17.pbqp,none,avx2,branch,search-node-limit,ok
171-instcombine-instcombinerimpl-visitfneg-n118-d17.pbqp,none,portable,branch,search-node-limit,ok
171-instcombine-instcombinerimpl-visitfneg-n118-d17.pbqp,none,structured,branch,search-node-limit,ok
171-instcombine-instcombinerimpl-visitfneg-n118-d17.pbqp,heuristic,avx2,branch,solved-exact,ok
171-instcombine-instcombinerimpl-visitfneg-n118-d17.pbqp,heuristic,portable,branch,solved-exact,ok
171-instcombine-instcombinerimpl-visitfneg-n118-d17.pbqp,heuristic,structured,branch,solved-exact,ok
171-instcombine-instcombinerimpl-visitfneg-n118-d17.pbqp,none,avx2,heuristic,solved-heuristic,ok
172-instcombine-instcombinerimpl-visitfsub-n183-d17.pbqp,none,avx2,branch,search-node-limit,ok
172-instcombine-instcombinerimpl-visitfsub-n183-d17.pbqp,none,portable,branch,search-node-limit,ok
172-instcombine-instcombinerimpl-visitfsub-n183-d17.pbqp,none,structured,branch,search-node-limit,ok
172-instcombine-instcombinerimpl-visitfsub-n183-d17.pbqp,heuristic,avx2,branch,search-node-limit,ok
172-instcombine-instcombinerimpl-visitfsub-n183-d17.pbqp,heuristic,portable,branch,search-node-limit,ok
172-instcombine-instcombinerimpl-visitfsub-n183-d17.pbqp,heuristic,structured,branch,search-node-limit,ok
172-instcombine-instcombinerimpl-visitfsub-n183-d17.pbqp,none,avx2,heuristic,solved-heuristic,ok
173-instcombine-instcombinerimpl-visitfsub-n192-d17-r1.pbqp,none,avx2,branch,search-node-limit,ok
173-instcombine-instcombinerimpl-visitfsub-n192-d17-r1.pbqp,none,portable,branch,search-node-limit,ok
173-instcombine-instcombinerimpl-visitfsub-n192-d17-r1.pbqp,none,structured,branch,search-node-limit,ok
173-instcombine-instcombinerimpl-visitfsub-n192-d17-r1.pbqp,heuristic,avx2,branch,search-node-limit,ok
173-instcombine-instcombinerimpl-visitfsub-n192-d17-r1.pbqp,heuristic,portable,branch,search-node-limit,ok
173-instcombine-instcombinerimpl-visitfsub-n192-d17-r1.pbqp,heuristic,structured,branch,search-node-limit,ok
173-instcombine-instcombinerimpl-visitfsub-n192-d17-r1.pbqp,none,avx2,heuristic,solved-heuristic,ok
174-instcombine-commonpointerbase-compute-n45-d16.pbqp,none,avx2,branch,search-node-limit,ok
174-instcombine-commonpointerbase-compute-n45-d16.pbqp,none,portable,branch,search-node-limit,ok
174-instcombine-commonpointerbase-compute-n45-d16.pbqp,none,structured,branch,search-node-limit,ok
174-instcombine-commonpointerbase-compute-n45-d16.pbqp,heuristic,avx2,branch,search-node-limit,ok
174-instcombine-commonpointerbase-compute-n45-d16.pbqp,heuristic,portable,branch,search-node-limit,ok
174-instcombine-commonpointerbase-compute-n45-d16.pbqp,heuristic,structured,branch,search-node-limit,ok
174-instcombine-commonpointerbase-compute-n45-d16.pbqp,none,avx2,heuristic,solved-heuristic,ok
175-instcombine-commonpointerbase-compute-n45-d16-r1.pbqp,none,avx2,branch,search-node-limit,ok
175-instcombine-commonpointerbase-compute-n45-d16-r1.pbqp,none,portable,branch,search-node-limit,ok
175-instcombine-commonpointerbase-compute-n45-d16-r1.pbqp,none,structured,branch,search-node-limit,ok
175-instcombine-commonpointerbase-compute-n45-d16-r1.pbqp,heuristic,avx2,branch,solved-exact,ok
175-instcombine-commonpointerbase-compute-n45-d16-r1.pbqp,heuristic,portable,branch,solved-exact,ok
175-instcombine-commonpointerbase-compute-n45-d16-r1.pbqp,heuristic,structured,branch,solved-exact,ok
175-instcombine-commonpointerbase-compute-n45-d16-r1.pbqp,none,avx2,heuristic,solved-heuristic,ok
176-instcombine-instructionworklist-pushuserstoworkl-n11-d16.pbqp,none,avx2,branch,search-node-limit,ok
176-instcombine-instructionworklist-pushuserstoworkl-n11-d16.pbqp,none,portable,branch,search-node-limit,ok
176-instcombine-instructionworklist-pushuserstoworkl-n11-d16.pbqp,none,structured,branch,search-node-limit,ok
176-instcombine-instructionworklist-pushuserstoworkl-n11-d16.pbqp,heuristic,avx2,branch,solved-exact,ok
176-instcombine-instructionworklist-pushuserstoworkl-n11-d16.pbqp,heuristic,portable,branch,solved-exact,ok
176-instcombine-instructionworklist-pushuserstoworkl-n11-d16.pbqp,heuristic,structured,branch,solved-exact,ok
176-instcombine-instructionworklist-pushuserstoworkl-n11-d16.pbqp,none,avx2,heuristic,solved-heuristic,ok
177-instcombine-smallvectortemplatebase-growandpushb-n6-d16.pbqp,none,avx2,branch,solved-exact,ok
177-instcombine-smallvectortemplatebase-growandpushb-n6-d16.pbqp,none,portable,branch,solved-exact,ok
177-instcombine-smallvectortemplatebase-growandpushb-n6-d16.pbqp,none,structured,branch,solved-exact,ok
177-instcombine-smallvectortemplatebase-growandpushb-n6-d16.pbqp,heuristic,avx2,branch,solved-exact,ok
177-instcombine-smallvectortemplatebase-growandpushb-n6-d16.pbqp,heuristic,portable,branch,solved-exact,ok
177-instcombine-smallvectortemplatebase-growandpushb-n6-d16.pbqp,heuristic,structured,branch,solved-exact,ok
177-instcombine-smallvectortemplatebase-growandpushb-n6-d16.pbqp,none,avx2,heuristic,solved-heuristic,ok
178-instcombine-smallvectortemplatebase-growandpushb-n6-d16.pbqp,none,avx2,branch,solved-exact,ok
178-instcombine-smallvectortemplatebase-growandpushb-n6-d16.pbqp,none,portable,branch,solved-exact,ok
178-instcombine-smallvectortemplatebase-growandpushb-n6-d16.pbqp,none,structured,branch,solved-exact,ok
178-instcombine-smallvectortemplatebase-growandpushb-n6-d16.pbqp,heuristic,avx2,branch,solved-exact,ok
178-instcombine-smallvectortemplatebase-growandpushb-n6-d16.pbqp,heuristic,portable,branch,solved-exact,ok
178-instcombine-smallvectortemplatebase-growandpushb-n6-d16.pbqp,heuristic,structured,branch,solved-exact,ok
178-instcombine-smallvectortemplatebase-growandpushb-n6-d16.pbqp,none,avx2,heuristic,solved-heuristic,ok
179-instcombine-smallvectortemplatebase-growandpushb-n6-d16.pbqp,none,avx2,branch,solved-exact,ok
179-instcombine-smallvectortemplatebase-growandpushb-n6-d16.pbqp,none,portable,branch,solved-exact,ok
179-instcombine-smallvectortemplatebase-growandpushb-n6-d16.pbqp,none,structured,branch,solved-exact,ok
179-instcombine-smallvectortemplatebase-growandpushb-n6-d16.pbqp,heuristic,avx2,branch,solved-exact,ok
179-instcombine-smallvectortemplatebase-growandpushb-n6-d16.pbqp,heuristic,portable,branch,solved-exact,ok
179-instcombine-smallvectortemplatebase-growandpushb-n6-d16.pbqp,heuristic,structured,branch,solved-exact,ok
179-instcombine-smallvectortemplatebase-growandpushb-n6-d16.pbqp,none,avx2,heuristic,solved-heuristic,ok
180-instcombine-apint-issamevalue-n17-d16.pbqp,none,avx2,branch,search-node-limit,ok
180-instcombine-apint-issamevalue-n17-d16.pbqp,none,portable,branch,search-node-limit,ok
180-instcombine-apint-issamevalue-n17-d16.pbqp,none,structured,branch,search-node-limit,ok
180-instcombine-apint-issamevalue-n17-d16.pbqp,heuristic,avx2,branch,solved-exact,ok
180-instcombine-apint-issamevalue-n17-d16.pbqp,heuristic,portable,branch,solved-exact,ok
180-instcombine-apint-issamevalue-n17-d16.pbqp,heuristic,structured,branch,solved-exact,ok
180-instcombine-apint-issamevalue-n17-d16.pbqp,none,avx2,heuristic,solved-heuristic,ok
181-instcombine-apint-gethighbitsset-n5-d15.pbqp,none,avx2,branch,solved-exact,ok
181-instcombine-apint-gethighbitsset-n5-d15.pbqp,none,portable,branch,solved-exact,ok
181-instcombine-apint-gethighbitsset-n5-d15.pbqp,none,structured,branch,solved-exact,ok
181-instcombine-apint-gethighbitsset-n5-d15.pbqp,heuristic,avx2,branch,solved-exact,ok
181-instcombine-apint-gethighbitsset-n5-d15.pbqp,heuristic,portable,branch,solved-exact,ok
181-instcombine-apint-gethighbitsset-n5-d15.pbqp,heuristic,structured,branch,solved-exact,ok
181-instcombine-apint-gethighbitsset-n5-d15.pbqp,none,avx2,heuristic,solved-heuristic,ok
182-instcombine-llvm-dyn-cast-n5-d16.pbqp,none,avx2,branch,solved-exact,ok
182-instcombine-llvm-dyn-cast-n5-d16.pbqp,none,portable,branch,solved-exact,ok
182-instcombine-llvm-dyn-cast-n5-d16.pbqp,none,structured,branch,solved-exact,ok
182-instcombine-llvm-dyn-cast-n5-d16.pbqp,heuristic,avx2,branch,solved-exact,ok
182-instcombine-llvm-dyn-cast-n5-d16.pbqp,heuristic,portable,branch,solved-exact,ok
182-instcombine-llvm-dyn-cast-n5-d16.pbqp,heuristic,structured,branch,solved-exact,ok
182-instcombine-llvm-dyn-cast-n5-d16.pbqp,none,avx2,heuristic,solved-heuristic,ok
183-instcombine-knownbits-knownbits-n3-d16.pbqp,none,avx2,branch,solved-exact,ok
183-instcombine-knownbits-knownbits-n3-d16.pbqp,none,portable,branch,solved-exact,ok
183-instcombine-knownbits-knownbits-n3-d16.pbqp,none,structured,branch,solved-exact,ok
183-instcombine-knownbits-knownbits-n3-d16.pbqp,heuristic,avx2,branch,solved-exact,ok
183-instcombine-knownbits-knownbits-n3-d16.pbqp,heuristic,portable,branch,solved-exact,ok
183-instcombine-knownbits-knownbits-n3-d16.pbqp,heuristic,structured,branch,solved-exact,ok
183-instcombine-knownbits-knownbits-n3-d16.pbqp,none,avx2,heuristic,solved-heuristic,ok
184-instcombine-setvector-insert-n20-d16.pbqp,none,avx2,branch,search-node-limit,ok
184-instcombine-setvector-insert-n20-d16.pbqp,none,portable,branch,search-node-limit,ok
184-instcombine-setvector-insert-n20-d16.pbqp,none,structured,branch,search-node-limit,ok
184-instcombine-setvector-insert-n20-d16.pbqp,heuristic,avx2,branch,solved-exact,ok
184-instcombine-setvector-insert-n20-d16.pbqp,heuristic,portable,branch,solved-exact,ok
184-instcombine-setvector-insert-n20-d16.pbqp,heuristic,structured,branch,solved-exact,ok
184-instcombine-setvector-insert-n20-d16.pbqp,none,avx2,heuristic,solved-heuristic,ok
185-instcombine-withcache-withcache-n3-d16.pbqp,none,avx2,branch,solved-exact,ok
185-instcombine-withcache-withcache-n3-d16.pbqp,none,portable,branch,solved-exact,ok
185-instcombine-withcache-withcache-n3-d16.pbqp,none,structured,branch,solved-exact,ok
185-instcombine-withcache-withcache-n3-d16.pbqp,heuristic,avx2,branch,solved-exact,ok
185-instcombine-withcache-withcache-n3-d16.pbqp,heuristic,portable,branch,solved-exact,ok
185-instcombine-withcache-withcache-n3-d16.pbqp,heuristic,structured,branch,solved-exact,ok
185-instcombine-withcache-withcache-n3-d16.pbqp,none,avx2,heuristic,solved-heuristic,ok
186-instcombine-llvm-operator-n5-d16.pbqp,none,avx2,branch,solved-exact,ok
186-instcombine-llvm-operator-n5-d16.pbqp,none,portable,branch,solved-exact,ok
186-instcombine-llvm-operator-n5-d16.pbqp,none,structured,branch,solved-exact,ok
186-instcombine-llvm-operator-n5-d16.pbqp,heuristic,avx2,branch,solved-exact,ok
186-instcombine-llvm-operator-n5-d16.pbqp,heuristic,portable,branch,solved-exact,ok
186-instcombine-llvm-operator-n5-d16.pbqp,heuristic,structured,branch,solved-exact,ok
186-instcombine-llvm-operator-n5-d16.pbqp,none,avx2,heuristic,solved-heuristic,ok
187-instcombine-llvm-operator-n6-d16.pbqp,none,avx2,branch,solved-exact,ok
187-instcombine-llvm-operator-n6-d16.pbqp,none,portable,branch,solved-exact,ok
187-instcombine-llvm-operator-n6-d16.pbqp,none,structured,branch,solved-exact,ok
187-instcombine-llvm-operator-n6-d16.pbqp,heuristic,avx2,branch,solved-exact,ok
187-instcombine-llvm-operator-n6-d16.pbqp,heuristic,portable,branch,solved-exact,ok
187-instcombine-llvm-operator-n6-d16.pbqp,heuristic,structured,branch,solved-exact,ok
187-instcombine-llvm-operator-n6-d16.pbqp,none,avx2,heuristic,solved-heuristic,ok
188-instcombine-llvm-operator-n5-d16.pbqp,none,avx2,branch,solved-exact,ok
188-instcombine-llvm-operator-n5-d16.pbqp,none,portable,branch,solved-exact,ok
188-instcombine-llvm-operator-n5-d16.pbqp,none,structured,branch,solved-exact,ok
188-instcombine-llvm-operator-n5-d16.pbqp,heuristic,avx2,branch,solved-exact,ok
188-instcombine-llvm-operator-n5-d16.pbqp,heuristic,portable,branch,solved-exact,ok
188-instcombine-llvm-operator-n5-d16.pbqp,heuristic,structured,branch,solved-exact,ok
188-instcombine-llvm-operator-n5-d16.pbqp,none,avx2,heuristic,solved-heuristic,ok
189-instcombine-llvm-operator-n9-d16.pbqp,none,avx2,branch,solved-exact,ok
189-instcombine-llvm-operator-n9-d16.pbqp,none,portable,branch,solved-exact,ok
189-instcombine-llvm-operator-n9-d16.pbqp,none,structured,branch,solved-exact,ok
189-instcombine-llvm-operator-n9-d16.pbqp,heuristic,avx2,branch,solved-exact,ok
189-instcombine-llvm-operator-n9-d16.pbqp,heuristic,portable,branch,solved-exact,ok
189-instcombine-llvm-operator-n9-d16.pbqp,heuristic,structured,branch,solved-exact,ok
189-instcombine-llvm-operator-n9-d16.pbqp,none,avx2,heuristic,solved-heuristic,ok
190-instcombine-llvm-operator-n8-d16.pbqp,none,avx2,branch,solved-exact,ok
190-instcombine-llvm-operator-n8-d16.pbqp,none,portable,branch,solved-exact,ok
190-instcombine-llvm-operator-n8-d16.pbqp,none,structured,branch,solved-exact,ok
190-instcombine-llvm-operator-n8-d16.pbqp,heuristic,avx2,branch,solved-exact,ok
190-instcombine-llvm-operator-n8-d16.pbqp,heuristic,portable,branch,solved-exact,ok
190-instcombine-llvm-operator-n8-d16.pbqp,heuristic,structured,branch,solved-exact,ok
190-instcombine-llvm-operator-n8-d16.pbqp,none,avx2,heuristic,solved-heuristic,ok
191-instcombine-llvm-operator-n5-d16.pbqp,none,avx2,branch,solved-exact,ok
191-instcombine-llvm-operator-n5-d16.pbqp,none,portable,branch,solved-exact,ok
191-instcombine-llvm-operator-n5-d16.pbqp,none,structured,branch,solved-exact,ok
191-instcombine-llvm-operator-n5-d16.pbqp,heuristic,avx2,branch,solved-exact,ok
191-instcombine-llvm-operator-n5-d16.pbqp,heuristic,portable,branch,solved-exact,ok
191-instcombine-llvm-operator-n5-d16.pbqp,heuristic,structured,branch,solved-exact,ok
191-instcombine-llvm-operator-n5-d16.pbqp,none,avx2,heuristic,solved-heuristic,ok
192-instcombine-datalayout-gettypesizeinbits-n16-d16.pbqp,none,avx2,branch,search-node-limit,ok
192-instcombine-datalayout-gettypesizeinbits-n16-d16.pbqp,none,portable,branch,search-node-limit,ok
192-instcombine-datalayout-gettypesizeinbits-n16-d16.pbqp,none,structured,branch,search-node-limit,ok
192-instcombine-datalayout-gettypesizeinbits-n16-d16.pbqp,heuristic,avx2,branch,solved-exact,ok
192-instcombine-datalayout-gettypesizeinbits-n16-d16.pbqp,heuristic,portable,branch,solved-exact,ok
192-instcombine-datalayout-gettypesizeinbits-n16-d16.pbqp,heuristic,structured,branch,solved-exact,ok
192-instcombine-datalayout-gettypesizeinbits-n16-d16.pbqp,none,avx2,heuristic,solved-heuristic,ok
193-instcombine-fneg-match-match-n37-d16.pbqp,none,avx2,branch,search-node-limit,ok
193-instcombine-fneg-match-match-n37-d16.pbqp,none,portable,branch,search-node-limit,ok
193-instcombine-fneg-match-match-n37-d16.pbqp,none,structured,branch,search-node-limit,ok
193-instcombine-fneg-match-match-n37-d16.pbqp,heuristic,avx2,branch,solved-exact,ok
193-instcombine-fneg-match-match-n37-d16.pbqp,heuristic,portable,branch,solved-exact,ok
193-instcombine-fneg-match-match-n37-d16.pbqp,heuristic,structured,branch,solved-exact,ok
193-instcombine-fneg-match-match-n37-d16.pbqp,none,avx2,heuristic,solved-heuristic,ok
194-instcombine-fneg-match-match-n35-d16.pbqp,none,avx2,branch,search-node-limit,ok
194-instcombine-fneg-match-match-n35-d16.pbqp,none,portable,branch,search-node-limit,ok
194-instcombine-fneg-match-match-n35-d16.pbqp,none,structured,branch,search-node-limit,ok
194-instcombine-fneg-match-match-n35-d16.pbqp,heuristic,avx2,branch,solved-exact,ok
194-instcombine-fneg-match-match-n35-d16.pbqp,heuristic,portable,branch,solved-exact,ok
194-instcombine-fneg-match-match-n35-d16.pbqp,heuristic,structured,branch,solved-exact,ok
194-instcombine-fneg-match-match-n35-d16.pbqp,none,avx2,heuristic,solved-heuristic,ok
195-instcombine-fneg-match-match-n35-d16.pbqp,none,avx2,branch,search-node-limit,ok
195-instcombine-fneg-match-match-n35-d16.pbqp,none,portable,branch,search-node-limit,ok
195-instcombine-fneg-match-match-n35-d16.pbqp,none,structured,branch,search-node-limit,ok
195-instcombine-fneg-match-match-n35-d16.pbqp,heuristic,avx2,branch,solved-exact,ok
195-instcombine-fneg-match-match-n35-d16.pbqp,heuristic,portable,branch,solved-exact,ok
195-instcombine-fneg-match-match-n35-d16.pbqp,heuristic,structured,branch,solved-exact,ok
195-instcombine-fneg-match-match-n35-d16.pbqp,none,avx2,heuristic,solved-heuristic,ok
196-instcombine-api-pred-ty-match-n19-d16.pbqp,none,avx2,branch,search-node-limit,ok
196-instcombine-api-pred-ty-match-n19-d16.pbqp,none,portable,branch,search-node-limit,ok
196-instcombine-api-pred-ty-match-n19-d16.pbqp,none,structured,branch,search-node-limit,ok
196-instcombine-api-pred-ty-match-n19-d16.pbqp,heuristic,avx2,branch,solved-exact,ok
196-instcombine-api-pred-ty-match-n19-d16.pbqp,heuristic,portable,branch,solved-exact,ok
196-instcombine-api-pred-ty-match-n19-d16.pbqp,heuristic,structured,branch,solved-exact,ok
196-instcombine-api-pred-ty-match-n19-d16.pbqp,none,avx2,heuristic,solved-heuristic,ok
197-instcombine-api-pred-ty-match-n28-d16.pbqp,none,avx2,branch,search-node-limit,ok
197-instcombine-api-pred-ty-match-n28-d16.pbqp,none,portable,branch,search-node-limit,ok
197-instcombine-api-pred-ty-match-n28-d16.pbqp,none,structured,branch,search-node-limit,ok
197-instcombine-api-pred-ty-match-n28-d16.pbqp,heuristic,avx2,branch,solved-exact,ok
197-instcombine-api-pred-ty-match-n28-d16.pbqp,heuristic,portable,branch,solved-exact,ok
197-instcombine-api-pred-ty-match-n28-d16.pbqp,heuristic,structured,branch,solved-exact,ok
197-instcombine-api-pred-ty-match-n28-d16.pbqp,none,avx2,heuristic,solved-heuristic,ok
198-instcombine-api-pred-ty-match-n15-d16.pbqp,none,avx2,branch,search-node-limit,ok
198-instcombine-api-pred-ty-match-n15-d16.pbqp,none,portable,branch,search-node-limit,ok
198-instcombine-api-pred-ty-match-n15-d16.pbqp,none,structured,branch,search-node-limit,ok
198-instcombine-api-pred-ty-match-n15-d16.pbqp,heuristic,avx2,branch,solved-exact,ok
198-instcombine-api-pred-ty-match-n15-d16.pbqp,heuristic,portable,branch,solved-exact,ok
198-instcombine-api-pred-ty-match-n15-d16.pbqp,heuristic,structured,branch,solved-exact,ok
198-instcombine-api-pred-ty-match-n15-d16.pbqp,none,avx2,heuristic,solved-heuristic,ok
199-instcombine-oneuse-match-match-n18-d16.pbqp,none,avx2,branch,search-node-limit,ok
199-instcombine-oneuse-match-match-n18-d16.pbqp,none,portable,branch,search-node-limit,ok
199-instcombine-oneuse-match-match-n18-d16.pbqp,none,structured,branch,search-node-limit,ok
199-instcombine-oneuse-match-match-n18-d16.pbqp,heuristic,avx2,branch,solved-exact,ok
199-instcombine-oneuse-match-match-n18-d16.pbqp,heuristic,portable,branch,solved-exact,ok
199-instcombine-oneuse-match-match-n18-d16.pbqp,heuristic,structured,branch,solved-exact,ok
199-instcombine-oneuse-match-match-n18-d16.pbqp,none,avx2,heuristic,solved-heuristic,ok
200-instcombine-oneuse-match-match-n18-d16.pbqp,none,avx2,branch,search-node-limit,ok
200-instcombine-oneuse-match-match-n18-d16.pbqp,none,portable,branch,search-node-limit,ok
200-instcombine-oneuse-match-match-n18-d16.pbqp,none,structured,branch,search-node-limit,ok
200-instcombine-oneuse-match-match-n18-d16.pbqp,heuristic,avx2,branch,solved-exact,ok
200-instcombine-oneuse-match-match-n18-d16.pbqp,heuristic,portable,branch,solved-exact,ok
200-instcombine-oneuse-match-match-n18-d16.pbqp,heuristic,structured,branch,solved-exact,ok
200-instcombine-oneuse-match-match-n18-d16.pbqp,none,avx2,heuristic,solved-heuristic,ok
201-instcombine-oneuse-match-match-n16-d16.pbqp,none,avx2,branch,search-node-limit,ok
201-instcombine-oneuse-match-match-n16-d16.pbqp,none,portable,branch,search-node-limit,ok
201-instcombine-oneuse-match-match-n16-d16.pbqp,none,structured,branch,search-node-limit,ok
201-instcombine-oneuse-match-match-n16-d16.pbqp,heuristic,avx2,branch,solved-exact,ok
201-instcombine-oneuse-match-match-n16-d16.pbqp,heuristic,portable,branch,solved-exact,ok
201-instcombine-oneuse-match-match-n16-d16.pbqp,heuristic,structured,branch,solved-exact,ok
201-instcombine-oneuse-match-match-n16-d16.pbqp,none,avx2,heuristic,solved-heuristic,ok
202-instcombine-oneuse-match-match-n13-d16.pbqp,none,avx2,branch,solved-exact,ok
202-instcombine-oneuse-match-match-n13-d16.pbqp,none,portable,branch,solved-exact,ok
202-instcombine-oneuse-match-match-n13-d16.pbqp,none,structured,branch,solved-exact,ok
202-instcombine-oneuse-match-match-n13-d16.pbqp,heuristic,avx2,branch,solved-exact,ok
202-instcombine-oneuse-match-match-n13-d16.pbqp,heuristic,portable,branch,solved-exact,ok
202-instcombine-oneuse-match-match-n13-d16.pbqp,heuristic,structured,branch,solved-exact,ok
202-instcombine-oneuse-match-match-n13-d16.pbqp,none,avx2,heuristic,solved-heuristic,ok
203-instcombine-binaryop-match-match-n49-d16.pbqp,none,avx2,branch,search-node-limit,ok
203-instcombine-binaryop-match-match-n49-d16.pbqp,none,portable,branch,search-node-limit,ok
203-instcombine-binaryop-match-match-n49-d16.pbqp,none,structured,branch,search-node-limit,ok
203-instcombine-binaryop-match-match-n49-d16.pbqp,heuristic,avx2,branch,solved-exact,ok
203-instcombine-binaryop-match-match-n49-d16.pbqp,heuristic,portable,branch,solved-exact,ok
203-instcombine-binaryop-match-match-n49-d16.pbqp,heuristic,structured,branch,solved-exact,ok
203-instcombine-binaryop-match-match-n49-d16.pbqp,none,avx2,heuristic,solved-heuristic,ok
204-instcombine-binaryop-match-match-n45-d16.pbqp,none,avx2,branch,search-node-limit,ok
204-instcombine-binaryop-match-match-n45-d16.pbqp,none,portable,branch,search-node-limit,ok
204-instcombine-binaryop-match-match-n45-d16.pbqp,none,structured,branch,search-node-limit,ok
204-instcombine-binaryop-match-match-n45-d16.pbqp,heuristic,avx2,branch,solved-exact,ok
204-instcombine-binaryop-match-match-n45-d16.pbqp,heuristic,portable,branch,solved-exact,ok
204-instcombine-binaryop-match-match-n45-d16.pbqp,heuristic,structured,branch,solved-exact,ok
204-instcombine-binaryop-match-match-n45-d16.pbqp,none,avx2,heuristic,solved-heuristic,ok
205-instcombine-binaryop-match-match-n17-d16.pbqp,none,avx2,branch,search-node-limit,ok
205-instcombine-binaryop-match-match-n17-d16.pbqp,none,portable,branch,search-node-limit,ok
205-instcombine-binaryop-match-match-n17-d16.pbqp,none,structured,branch,search-node-limit,ok
205-instcombine-binaryop-match-match-n17-d16.pbqp,heuristic,avx2,branch,solved-exact,ok
205-instcombine-binaryop-match-match-n17-d16.pbqp,heuristic,portable,branch,solved-exact,ok
205-instcombine-binaryop-match-match-n17-d16.pbqp,heuristic,structured,branch,solved-exact,ok
205-instcombine-binaryop-match-match-n17-d16.pbqp,none,avx2,heuristic,solved-heuristic,ok
206-instcombine-binaryop-match-match-n21-d16.pbqp,none,avx2,branch,search-node-limit,ok
206-instcombine-binaryop-match-match-n21-d16.pbqp,none,portable,branch,search-node-limit,ok
206-instcombine-binaryop-match-match-n21-d16.pbqp,none,structured,branch,search-node-limit,ok
206-instcombine-binaryop-match-match-n21-d16.pbqp,heuristic,avx2,branch,solved-exact,ok
206-instcombine-binaryop-match-match-n21-d16.pbqp,heuristic,portable,branch,solved-exact,ok
206-instcombine-binaryop-match-match-n21-d16.pbqp,heuristic,structured,branch,solved-exact,ok
206-instcombine-binaryop-match-match-n21-d16.pbqp,none,avx2,heuristic,solved-heuristic,ok
207-instcombine-binaryop-match-match-n18-d16.pbqp,none,avx2,branch,search-node-limit,ok
207-instcombine-binaryop-match-match-n18-d16.pbqp,none,portable,branch,search-node-limit,ok
207-instcombine-binaryop-match-match-n18-d16.pbqp,none,structured,branch,search-node-limit,ok
207-instcombine-binaryop-match-match-n18-d16.pbqp,heuristic,avx2,branch,solved-exact,ok
207-instcombine-binaryop-match-match-n18-d16.pbqp,heuristic,portable,branch,solved-exact,ok
207-instcombine-binaryop-match-match-n18-d16.pbqp,heuristic,structured,branch,solved-exact,ok
207-instcombine-binaryop-match-match-n18-d16.pbqp,none,avx2,heuristic,solved-heuristic,ok
208-instcombine-binaryop-match-match-n28-d16.pbqp,none,avx2,branch,search-node-limit,ok
208-instcombine-binaryop-match-match-n28-d16.pbqp,none,portable,branch,search-node-limit,ok
208-instcombine-binaryop-match-match-n28-d16.pbqp,none,structured,branch,search-node-limit,ok
208-instcombine-binaryop-match-match-n28-d16.pbqp,heuristic,avx2,branch,solved-exact,ok
208-instcombine-binaryop-match-match-n28-d16.pbqp,heuristic,portable,branch,solved-exact,ok
208-instcombine-binaryop-match-match-n28-d16.pbqp,heuristic,structured,branch,solved-exact,ok
208-instcombine-binaryop-match-match-n28-d16.pbqp,none,avx2,heuristic,solved-heuristic,ok
209-instcombine-binaryop-match-match-n15-d16.pbqp,none,avx2,branch,solved-exact,ok
209-instcombine-binaryop-match-match-n15-d16.pbqp,none,portable,branch,solved-exact,ok
209-instcombine-binaryop-match-match-n15-d16.pbqp,none,structured,branch,solved-exact,ok
209-instcombine-binaryop-match-match-n15-d16.pbqp,heuristic,avx2,branch,solved-exact,ok
209-instcombine-binaryop-match-match-n15-d16.pbqp,heuristic,portable,branch,solved-exact,ok
209-instcombine-binaryop-match-match-n15-d16.pbqp,heuristic,structured,branch,solved-exact,ok
209-instcombine-binaryop-match-match-n15-d16.pbqp,none,avx2,heuristic,solved-heuristic,ok
210-instcombine-binaryop-match-match-n19-d16.pbqp,none,avx2,branch,search-node-limit,ok
210-instcombine-binaryop-match-match-n19-d16.pbqp,none,portable,branch,search-node-limit,ok
210-instcombine-binaryop-match-match-n19-d16.pbqp,none,structured,branch,search-node-limit,ok
210-instcombine-binaryop-match-match-n19-d16.pbqp,heuristic,avx2,branch,solved-exact,ok
210-instcombine-binaryop-match-match-n19-d16.pbqp,heuristic,portable,branch,solved-exact,ok
210-instcombine-binaryop-match-match-n19-d16.pbqp,heuristic,structured,branch,solved-exact,ok
210-instcombine-binaryop-match-match-n19-d16.pbqp,none,avx2,heuristic,solved-heuristic,ok
211-instcombine-binaryop-match-match-n19-d16.pbqp,none,avx2,branch,search-node-limit,ok
211-instcombine-binaryop-match-match-n19-d16.pbqp,none,portable,branch,search-node-limit,ok
211-instcombine-binaryop-match-match-n19-d16.pbqp,none,structured,branch,search-node-limit,ok
211-instcombine-binaryop-match-match-n19-d16.pbqp,heuristic,avx2,branch,solved-exact,ok
211-instcombine-binaryop-match-match-n19-d16.pbqp,heuristic,portable,branch,solved-exact,ok
211-instcombine-binaryop-match-match-n19-d16.pbqp,heuristic,structured,branch,solved-exact,ok
211-instcombine-binaryop-match-match-n19-d16.pbqp,none,avx2,heuristic,solved-heuristic,ok
212-instcombine-binaryop-match-match-n29-d16.pbqp,none,avx2,branch,search-node-limit,ok
212-instcombine-binaryop-match-match-n29-d16.pbqp,none,portable,branch,search-node-limit,ok
212-instcombine-binaryop-match-match-n29-d16.pbqp,none,structured,branch,search-node-limit,ok
212-instcombine-binaryop-match-match-n29-d16.pbqp,heuristic,avx2,branch,solved-exact,ok
212-instcombine-binaryop-match-match-n29-d16.pbqp,heuristic,portable,branch,solved-exact,ok
212-instcombine-binaryop-match-match-n29-d16.pbqp,heuristic,structured,branch,solved-exact,ok
212-instcombine-binaryop-match-match-n29-d16.pbqp,none,avx2,heuristic,solved-heuristic,ok
213-instcombine-binaryop-match-match-n16-d16.pbqp,none,avx2,branch,search-node-limit,ok
213-instcombine-binaryop-match-match-n16-d16.pbqp,none,portable,branch,search-node-limit,ok
213-instcombine-binaryop-match-match-n16-d16.pbqp,none,structured,branch,search-node-limit,ok
213-instcombine-binaryop-match-match-n16-d16.pbqp,heuristic,avx2,branch,solved-exact,ok
213-instcombine-binaryop-match-match-n16-d16.pbqp,heuristic,portable,branch,solved-exact,ok
213-instcombine-binaryop-match-match-n16-d16.pbqp,heuristic,structured,branch,solved-exact,ok
213-instcombine-binaryop-match-match-n16-d16.pbqp,none,avx2,heuristic,solved-heuristic,ok
214-instcombine-binaryop-match-match-n17-d16.pbqp,none,avx2,branch,search-node-limit,ok
214-instcombine-binaryop-match-match-n17-d16.pbqp,none,portable,branch,search-node-limit,ok
214-instcombine-binaryop-match-match-n17-d16.pbqp,none,structured,branch,search-node-limit,ok
214-instcombine-binaryop-match-match-n17-d16.pbqp,heuristic,avx2,branch,solved-exact,ok
214-instcombine-binaryop-match-match-n17-d16.pbqp,heuristic,portable,branch,solved-exact,ok
214-instcombine-binaryop-match-match-n17-d16.pbqp,heuristic,structured,branch,solved-exact,ok
214-instcombine-binaryop-match-match-n17-d16.pbqp,none,avx2,heuristic,solved-heuristic,ok
215-instcombine-binaryop-match-match-n41-d16.pbqp,none,avx2,branch,search-node-limit,ok
215-instcombine-binaryop-match-match-n41-d16.pbqp,none,portable,branch,search-node-limit,ok
215-instcombine-binaryop-match-match-n41-d16.pbqp,none,structured,branch,search-node-limit,ok
215-instcombine-binaryop-match-match-n41-d16.pbqp,heuristic,avx2,branch,solved-exact,ok
215-instcombine-binaryop-match-match-n41-d16.pbqp,heuristic,portable,branch,solved-exact,ok
215-instcombine-binaryop-match-match-n41-d16.pbqp,heuristic,structured,branch,solved-exact,ok
215-instcombine-binaryop-match-match-n41-d16.pbqp,none,avx2,heuristic,solved-heuristic,ok
216-instcombine-binaryop-match-match-n15-d16.pbqp,none,avx2,branch,solved-exact,ok
216-instcombine-binaryop-match-match-n15-d16.pbqp,none,portable,branch,solved-exact,ok
216-instcombine-binaryop-match-match-n15-d16.pbqp,none,structured,branch,solved-exact,ok
216-instcombine-binaryop-match-match-n15-d16.pbqp,heuristic,avx2,branch,solved-exact,ok
216-instcombine-binaryop-match-match-n15-d16.pbqp,heuristic,portable,branch,solved-exact,ok
216-instcombine-binaryop-match-match-n15-d16.pbqp,heuristic,structured,branch,solved-exact,ok
216-instcombine-binaryop-match-match-n15-d16.pbqp,none,avx2,heuristic,solved-heuristic,ok
217-instcombine-binaryop-match-match-n51-d16.pbqp,none,avx2,branch,search-node-limit,ok
217-instcombine-binaryop-match-match-n51-d16.pbqp,none,portable,branch,search-node-limit,ok
217-instcombine-binaryop-match-match-n51-d16.pbqp,none,structured,branch,search-node-limit,ok
217-instcombine-binaryop-match-match-n51-d16.pbqp,heuristic,avx2,branch,solved-exact,ok
217-instcombine-binaryop-match-match-n51-d16.pbqp,heuristic,portable,branch,solved-exact,ok
217-instcombine-binaryop-match-match-n51-d16.pbqp,heuristic,structured,branch,solved-exact,ok
217-instcombine-binaryop-match-match-n51-d16.pbqp,none,avx2,heuristic,solved-heuristic,ok
218-instcombine-binaryop-match-match-n28-d16.pbqp,none,avx2,branch,search-node-limit,ok
218-instcombine-binaryop-match-match-n28-d16.pbqp,none,portable,branch,search-node-limit,ok
218-instcombine-binaryop-match-match-n28-d16.pbqp,none,structured,branch,search-node-limit,ok
218-instcombine-binaryop-match-match-n28-d16.pbqp,heuristic,avx2,branch,solved-exact,ok
218-instcombine-binaryop-match-match-n28-d16.pbqp,heuristic,portable,branch,solved-exact,ok
218-instcombine-binaryop-match-match-n28-d16.pbqp,heuristic,structured,branch,solved-exact,ok
218-instcombine-binaryop-match-match-n28-d16.pbqp,none,avx2,heuristic,solved-heuristic,ok
219-instcombine-binaryop-match-match-n15-d16.pbqp,none,avx2,branch,solved-exact,ok
219-instcombine-binaryop-match-match-n15-d16.pbqp,none,portable,branch,solved-exact,ok
219-instcombine-binaryop-match-match-n15-d16.pbqp,none,structured,branch,solved-exact,ok
219-instcombine-binaryop-match-match-n15-d16.pbqp,heuristic,avx2,branch,solved-exact,ok
219-instcombine-binaryop-match-match-n15-d16.pbqp,heuristic,portable,branch,solved-exact,ok
219-instcombine-binaryop-match-match-n15-d16.pbqp,heuristic,structured,branch,solved-exact,ok
219-instcombine-binaryop-match-match-n15-d16.pbqp,none,avx2,heuristic,solved-heuristic,ok
220-instcombine-binaryop-match-match-n45-d16.pbqp,none,avx2,branch,search-node-limit,ok
220-instcombine-binaryop-match-match-n45-d16.pbqp,none,portable,branch,search-node-limit,ok
220-instcombine-binaryop-match-match-n45-d16.pbqp,none,structured,branch,search-node-limit,ok
220-instcombine-binaryop-match-match-n45-d16.pbqp,heuristic,avx2,branch,solved-exact,ok
220-instcombine-binaryop-match-match-n45-d16.pbqp,heuristic,portable,branch,solved-exact,ok
220-instcombine-binaryop-match-match-n45-d16.pbqp,heuristic,structured,branch,solved-exact,ok
220-instcombine-binaryop-match-match-n45-d16.pbqp,none,avx2,heuristic,solved-heuristic,ok
221-instcombine-binaryop-match-match-n27-d16.pbqp,none,avx2,branch,search-node-limit,ok
221-instcombine-binaryop-match-match-n27-d16.pbqp,none,portable,branch,search-node-limit,ok
221-instcombine-binaryop-match-match-n27-d16.pbqp,none,structured,branch,search-node-limit,ok
221-instcombine-binaryop-match-match-n27-d16.pbqp,heuristic,avx2,branch,solved-exact,ok
221-instcombine-binaryop-match-match-n27-d16.pbqp,heuristic,portable,branch,solved-exact,ok
221-instcombine-binaryop-match-match-n27-d16.pbqp,heuristic,structured,branch,solved-exact,ok
221-instcombine-binaryop-match-match-n27-d16.pbqp,none,avx2,heuristic,solved-heuristic,ok
222-instcombine-binaryop-match-match-n33-d16.pbqp,none,avx2,branch,search-node-limit,ok
222-instcombine-binaryop-match-match-n33-d16.pbqp,none,portable,branch,search-node-limit,ok
222-instcombine-binaryop-match-match-n33-d16.pbqp,none,structured,branch,search-node-limit,ok
222-instcombine-binaryop-match-match-n33-d16.pbqp,heuristic,avx2,branch,solved-exact,ok
222-instcombine-binaryop-match-match-n33-d16.pbqp,heuristic,portable,branch,solved-exact,ok
222-instcombine-binaryop-match-match-n33-d16.pbqp,heuristic,structured,branch,solved-exact,ok
222-instcombine-binaryop-match-match-n33-d16.pbqp,none,avx2,heuristic,solved-heuristic,ok
223-instcombine-binaryop-match-match-n16-d16.pbqp,none,avx2,branch,solved-exact,ok
223-instcombine-binaryop-match-match-n16-d16.pbqp,none,portable,branch,solved-exact,ok
223-instcombine-binaryop-match-match-n16-d16.pbqp,none,structured,branch,solved-exact,ok
223-instcombine-binaryop-match-match-n16-d16.pbqp,heuristic,avx2,branch,solved-exact,ok
223-instcombine-binaryop-match-match-n16-d16.pbqp,heuristic,portable,branch,solved-exact,ok
223-instcombine-binaryop-match-match-n16-d16.pbqp,heuristic,structured,branch,solved-exact,ok
223-instcombine-binaryop-match-match-n16-d16.pbqp,none,avx2,heuristic,solved-heuristic,ok
224-instcombine-binaryop-match-match-n14-d16.pbqp,none,avx2,branch,search-node-limit,ok
224-instcombine-binaryop-match-match-n14-d16.pbqp,none,portable,branch,search-node-limit,ok
224-instcombine-binaryop-match-match-n14-d16.pbqp,none,structured,branch,search-node-limit,ok
224-instcombine-binaryop-match-match-n14-d16.pbqp,heuristic,avx2,branch,solved-exact,ok
224-instcombine-binaryop-match-match-n14-d16.pbqp,heuristic,portable,branch,solved-exact,ok
224-instcombine-binaryop-match-match-n14-d16.pbqp,heuristic,structured,branch,solved-exact,ok
224-instcombine-binaryop-match-match-n14-d16.pbqp,none,avx2,heuristic,solved-heuristic,ok
225-instcombine-binaryop-match-match-n14-d16.pbqp,none,avx2,branch,search-node-limit,ok
225-instcombine-binaryop-match-match-n14-d16.pbqp,none,portable,branch,search-node-limit,ok
225-instcombine-binaryop-match-match-n14-d16.pbqp,none,structured,branch,search-node-limit,ok
225-instcombine-binaryop-match-match-n14-d16.pbqp,heuristic,avx2,branch,solved-exact,ok
225-instcombine-binaryop-match-match-n14-d16.pbqp,heuristic,portable,branch,solved-exact,ok
225-instcombine-binaryop-match-match-n14-d16.pbqp,heuristic,structured,branch,solved-exact,ok
225-instcombine-binaryop-match-match-n14-d16.pbqp,none,avx2,heuristic,solved-heuristic,ok
226-instcombine-binaryop-match-match-n17-d16.pbqp,none,avx2,branch,search-node-limit,ok
226-instcombine-binaryop-match-match-n17-d16.pbqp,none,portable,branch,search-node-limit,ok
226-instcombine-binaryop-match-match-n17-d16.pbqp,none,structured,branch,search-node-limit,ok
226-instcombine-binaryop-match-match-n17-d16.pbqp,heuristic,avx2,branch,solved-exact,ok
226-instcombine-binaryop-match-match-n17-d16.pbqp,heuristic,portable,branch,solved-exact,ok
226-instcombine-binaryop-match-match-n17-d16.pbqp,heuristic,structured,branch,solved-exact,ok
226-instcombine-binaryop-match-match-n17-d16.pbqp,none,avx2,heuristic,solved-heuristic,ok
227-instcombine-binaryop-match-match-n31-d16.pbqp,none,avx2,branch,search-node-limit,ok
227-instcombine-binaryop-match-match-n31-d16.pbqp,none,portable,branch,search-node-limit,ok
227-instcombine-binaryop-match-match-n31-d16.pbqp,none,structured,branch,search-node-limit,ok
227-instcombine-binaryop-match-match-n31-d16.pbqp,heuristic,avx2,branch,solved-exact,ok
227-instcombine-binaryop-match-match-n31-d16.pbqp,heuristic,portable,branch,solved-exact,ok
227-instcombine-binaryop-match-match-n31-d16.pbqp,heuristic,structured,branch,solved-exact,ok
227-instcombine-binaryop-match-match-n31-d16.pbqp,none,avx2,heuristic,solved-heuristic,ok
228-instcombine-binaryop-match-match-n31-d16.pbqp,none,avx2,branch,search-node-limit,ok
228-instcombine-binaryop-match-match-n31-d16.pbqp,none,portable,branch,search-node-limit,ok
228-instcombine-binaryop-match-match-n31-d16.pbqp,none,structured,branch,search-node-limit,ok
228-instcombine-binaryop-match-match-n31-d16.pbqp,heuristic,avx2,branch,solved-exact,ok
228-instcombine-binaryop-match-match-n31-d16.pbqp,heuristic,portable,branch,solved-exact,ok
228-instcombine-binaryop-match-match-n31-d16.pbqp,heuristic,structured,branch,solved-exact,ok
228-instcombine-binaryop-match-match-n31-d16.pbqp,none,avx2,heuristic,solved-heuristic,ok
229-instcombine-binaryop-match-match-n29-d16.pbqp,none,avx2,branch,search-node-limit,ok
229-instcombine-binaryop-match-match-n29-d16.pbqp,none,portable,branch,search-node-limit,ok
229-instcombine-binaryop-match-match-n29-d16.pbqp,none,structured,branch,search-node-limit,ok
229-instcombine-binaryop-match-match-n29-d16.pbqp,heuristic,avx2,branch,solved-exact,ok
229-instcombine-binaryop-match-match-n29-d16.pbqp,heuristic,portable,branch,solved-exact,ok
229-instcombine-binaryop-match-match-n29-d16.pbqp,heuristic,structured,branch,solved-exact,ok
229-instcombine-binaryop-match-match-n29-d16.pbqp,none,avx2,heuristic,solved-heuristic,ok
230-instcombine-binaryop-match-match-n17-d16.pbqp,none,avx2,branch,search-node-limit,ok
230-instcombine-binaryop-match-match-n17-d16.pbqp,none,portable,branch,search-node-limit,ok
230-instcombine-binaryop-match-match-n17-d16.pbqp,none,structured,branch,search-node-limit,ok
230-instcombine-binaryop-match-match-n17-d16.pbqp,heuristic,avx2,branch,solved-exact,ok
230-instcombine-binaryop-match-match-n17-d16.pbqp,heuristic,portable,branch,solved-exact,ok
230-instcombine-binaryop-match-match-n17-d16.pbqp,heuristic,structured,branch,solved-exact,ok
230-instcombine-binaryop-match-match-n17-d16.pbqp,none,avx2,heuristic,solved-heuristic,ok
231-instcombine-binaryop-match-match-n33-d16.pbqp,none,avx2,branch,search-node-limit,ok
231-instcombine-binaryop-match-match-n33-d16.pbqp,none,portable,branch,search-node-limit,ok
231-instcombine-binaryop-match-match-n33-d16.pbqp,none,structured,branch,search-node-limit,ok
231-instcombine-binaryop-match-match-n33-d16.pbqp,heuristic,avx2,branch,solved-exact,ok
231-instcombine-binaryop-match-match-n33-d16.pbqp,heuristic,portable,branch,solved-exact,ok
231-instcombine-binaryop-match-match-n33-d16.pbqp,heuristic,structured,branch,solved-exact,ok
231-instcombine-binaryop-match-match-n33-d16.pbqp,none,avx2,heuristic,solved-heuristic,ok
232-instcombine-binaryop-match-match-n26-d16.pbqp,none,avx2,branch,search-node-limit,ok
232-instcombine-binaryop-match-match-n26-d16.pbqp,none,portable,branch,search-node-limit,ok
232-instcombine-binaryop-match-match-n26-d16.pbqp,none,structured,branch,search-node-limit,ok
232-instcombine-binaryop-match-match-n26-d16.pbqp,heuristic,avx2,branch,solved-exact,ok
232-instcombine-binaryop-match-match-n26-d16.pbqp,heuristic,portable,branch,solved-exact,ok
232-instcombine-binaryop-match-match-n26-d16.pbqp,heuristic,structured,branch,solved-exact,ok
232-instcombine-binaryop-match-match-n26-d16.pbqp,none,avx2,heuristic,solved-heuristic,ok
233-instcombine-binaryop-match-match-n17-d16.pbqp,none,avx2,branch,search-node-limit,ok
233-instcombine-binaryop-match-match-n17-d16.pbqp,none,portable,branch,search-node-limit,ok
233-instcombine-binaryop-match-match-n17-d16.pbqp,none,structured,branch,search-node-limit,ok
233-instcombine-binaryop-match-match-n17-d16.pbqp,heuristic,avx2,branch,solved-exact,ok
233-instcombine-binaryop-match-match-n17-d16.pbqp,heuristic,portable,branch,solved-exact,ok
233-instcombine-binaryop-match-match-n17-d16.pbqp,heuristic,structured,branch,solved-exact,ok
233-instcombine-binaryop-match-match-n17-d16.pbqp,none,avx2,heuristic,solved-heuristic,ok
234-instcombine-binaryop-match-match-n19-d16.pbqp,none,avx2,branch,search-node-limit,ok
234-instcombine-binaryop-match-match-n19-d16.pbqp,none,portable,branch,search-node-limit,ok
234-instcombine-binaryop-match-match-n19-d16.pbqp,none,structured,branch,search-node-limit,ok
234-instcombine-binaryop-match-match-n19-d16.pbqp,heuristic,avx2,branch,solved-exact,ok
234-instcombine-binaryop-match-match-n19-d16.pbqp,heuristic,portable,branch,solved-exact,ok
234-instcombine-binaryop-match-match-n19-d16.pbqp,heuristic,structured,branch,solved-exact,ok
234-instcombine-binaryop-match-match-n19-d16.pbqp,none,avx2,heuristic,solved-heuristic,ok
235-instcombine-binaryop-match-match-n35-d16.pbqp,none,avx2,branch,search-node-limit,ok
235-instcombine-binaryop-match-match-n35-d16.pbqp,none,portable,branch,search-node-limit,ok
235-instcombine-binaryop-match-match-n35-d16.pbqp,none,structured,branch,search-node-limit,ok
235-instcombine-binaryop-match-match-n35-d16.pbqp,heuristic,avx2,branch,solved-exact,ok
235-instcombine-binaryop-match-match-n35-d16.pbqp,heuristic,portable,branch,solved-exact,ok
235-instcombine-binaryop-match-match-n35-d16.pbqp,heuristic,structured,branch,solved-exact,ok
235-instcombine-binaryop-match-match-n35-d16.pbqp,none,avx2,heuristic,solved-heuristic,ok
236-instcombine-binaryop-match-match-n18-d16.pbqp,none,avx2,branch,search-node-limit,ok
236-instcombine-binaryop-match-match-n18-d16.pbqp,none,portable,branch,search-node-limit,ok
236-instcombine-binaryop-match-match-n18-d16.pbqp,none,structured,branch,search-node-limit,ok
236-instcombine-binaryop-match-match-n18-d16.pbqp,heuristic,avx2,branch,solved-exact,ok
236-instcombine-binaryop-match-match-n18-d16.pbqp,heuristic,portable,branch,solved-exact,ok
236-instcombine-binaryop-match-match-n18-d16.pbqp,heuristic,structured,branch,solved-exact,ok
236-instcombine-binaryop-match-match-n18-d16.pbqp,none,avx2,heuristic,solved-heuristic,ok
237-instcombine-binaryop-match-match-n27-d16.pbqp,none,avx2,branch,search-node-limit,ok
237-instcombine-binaryop-match-match-n27-d16.pbqp,none,portable,branch,search-node-limit,ok
237-instcombine-binaryop-match-match-n27-d16.pbqp,none,structured,branch,search-node-limit,ok
237-instcombine-binaryop-match-match-n27-d16.pbqp,heuristic,avx2,branch,solved-exact,ok
237-instcombine-binaryop-match-match-n27-d16.pbqp,heuristic,portable,branch,solved-exact,ok
237-instcombine-binaryop-match-match-n27-d16.pbqp,heuristic,structured,branch,solved-exact,ok
237-instcombine-binaryop-match-match-n27-d16.pbqp,none,avx2,heuristic,solved-heuristic,ok
238-instcombine-binaryop-match-match-n19-d16.pbqp,none,avx2,branch,search-node-limit,ok
238-instcombine-binaryop-match-match-n19-d16.pbqp,none,portable,branch,search-node-limit,ok
238-instcombine-binaryop-match-match-n19-d16.pbqp,none,structured,branch,search-node-limit,ok
238-instcombine-binaryop-match-match-n19-d16.pbqp,heuristic,avx2,branch,solved-exact,ok
238-instcombine-binaryop-match-match-n19-d16.pbqp,heuristic,portable,branch,solved-exact,ok
238-instcombine-binaryop-match-match-n19-d16.pbqp,heuristic,structured,branch,solved-exact,ok
238-instcombine-binaryop-match-match-n19-d16.pbqp,none,avx2,heuristic,solved-heuristic,ok
239-instcombine-binaryop-match-match-n37-d16.pbqp,none,avx2,branch,search-node-limit,ok
239-instcombine-binaryop-match-match-n37-d16.pbqp,none,portable,branch,search-node-limit,ok
239-instcombine-binaryop-match-match-n37-d16.pbqp,none,structured,branch,search-node-limit,ok
239-instcombine-binaryop-match-match-n37-d16.pbqp,heuristic,avx2,branch,solved-exact,ok
239-instcombine-binaryop-match-match-n37-d16.pbqp,heuristic,portable,branch,solved-exact,ok
239-instcombine-binaryop-match-match-n37-d16.pbqp,heuristic,structured,branch,solved-exact,ok
239-instcombine-binaryop-match-match-n37-d16.pbqp,none,avx2,heuristic,solved-heuristic,ok
240-instcombine-binaryop-match-match-n20-d16.pbqp,none,avx2,branch,search-node-limit,ok
240-instcombine-binaryop-match-match-n20-d16.pbqp,none,portable,branch,search-node-limit,ok
240-instcombine-binaryop-match-match-n20-d16.pbqp,none,structured,branch,search-node-limit,ok
240-instcombine-binaryop-match-match-n20-d16.pbqp,heuristic,avx2,branch,solved-exact,ok
240-instcombine-binaryop-match-match-n20-d16.pbqp,heuristic,portable,branch,solved-exact,ok
240-instcombine-binaryop-match-match-n20-d16.pbqp,heuristic,structured,branch,solved-exact,ok
240-instcombine-binaryop-match-match-n20-d16.pbqp,none,avx2,heuristic,solved-heuristic,ok
241-instcombine-binaryop-match-match-n17-d16.pbqp,none,avx2,branch,solved-exact,ok
241-instcombine-binaryop-match-match-n17-d16.pbqp,none,portable,branch,solved-exact,ok
241-instcombine-binaryop-match-match-n17-d16.pbqp,none,structured,branch,solved-exact,ok
241-instcombine-binaryop-match-match-n17-d16.pbqp,heuristic,avx2,branch,solved-exact,ok
241-instcombine-binaryop-match-match-n17-d16.pbqp,heuristic,portable,branch,solved-exact,ok
241-instcombine-binaryop-match-match-n17-d16.pbqp,heuristic,structured,branch,solved-exact,ok
241-instcombine-binaryop-match-match-n17-d16.pbqp,none,avx2,heuristic,solved-heuristic,ok
242-instcombine-binaryop-match-match-n17-d16.pbqp,none,avx2,branch,solved-exact,ok
242-instcombine-binaryop-match-match-n17-d16.pbqp,none,portable,branch,solved-exact,ok
242-instcombine-binaryop-match-match-n17-d16.pbqp,none,structured,branch,solved-exact,ok
242-instcombine-binaryop-match-match-n17-d16.pbqp,heuristic,avx2,branch,solved-exact,ok
242-instcombine-binaryop-match-match-n17-d16.pbqp,heuristic,portable,branch,solved-exact,ok
242-instcombine-binaryop-match-match-n17-d16.pbqp,heuristic,structured,branch,solved-exact,ok
242-instcombine-binaryop-match-match-n17-d16.pbqp,none,avx2,heuristic,solved-heuristic,ok
243-instcombine-binaryop-match-match-n17-d16.pbqp,none,avx2,branch,solved-exact,ok
243-instcombine-binaryop-match-match-n17-d16.pbqp,none,portable,branch,solved-exact,ok
243-instcombine-binaryop-match-match-n17-d16.pbqp,none,structured,branch,solved-exact,ok
243-instcombine-binaryop-match-match-n17-d16.pbqp,heuristic,avx2,branch,solved-exact,ok
243-instcombine-binaryop-match-match-n17-d16.pbqp,heuristic,portable,branch,solved-exact,ok
243-instcombine-binaryop-match-match-n17-d16.pbqp,heuristic,structured,branch,solved-exact,ok
243-instcombine-binaryop-match-match-n17-d16.pbqp,none,avx2,heuristic,solved-heuristic,ok
244-instcombine-binaryop-match-match-n19-d16.pbqp,none,avx2,branch,search-node-limit,ok
244-instcombine-binaryop-match-match-n19-d16.pbqp,none,portable,branch,search-node-limit,ok
244-instcombine-binaryop-match-match-n19-d16.pbqp,none,structured,branch,search-node-limit,ok
244-instcombine-binaryop-match-match-n19-d16.pbqp,heuristic,avx2,branch,solved-exact,ok
244-instcombine-binaryop-match-match-n19-d16.pbqp,heuristic,portable,branch,solved-exact,ok
244-instcombine-binaryop-match-match-n19-d16.pbqp,heuristic,structured,branch,solved-exact,ok
244-instcombine-binaryop-match-match-n19-d16.pbqp,none,avx2,heuristic,solved-heuristic,ok
245-instcombine-binaryop-match-match-n31-d16.pbqp,none,avx2,branch,search-node-limit,ok
245-instcombine-binaryop-match-match-n31-d16.pbqp,none,portable,branch,search-node-limit,ok
245-instcombine-binaryop-match-match-n31-d16.pbqp,none,structured,branch,search-node-limit,ok
245-instcombine-binaryop-match-match-n31-d16.pbqp,heuristic,avx2,branch,solved-exact,ok
245-instcombine-binaryop-match-match-n31-d16.pbqp,heuristic,portable,branch,solved-exact,ok
245-instcombine-binaryop-match-match-n31-d16.pbqp,heuristic,structured,branch,solved-exact,ok
245-instcombine-binaryop-match-match-n31-d16.pbqp,none,avx2,heuristic,solved-heuristic,ok
246-instcombine-binaryop-match-match-n24-d16.pbqp,none,avx2,branch,search-node-limit,ok
246-instcombine-binaryop-match-match-n24-d16.pbqp,none,portable,branch,search-node-limit,ok
246-instcombine-binaryop-match-match-n24-d16.pbqp,none,structured,branch,search-node-limit,ok
246-instcombine-binaryop-match-match-n24-d16.pbqp,heuristic,avx2,branch,solved-exact,ok
246-instcombine-binaryop-match-match-n24-d16.pbqp,heuristic,portable,branch,solved-exact,ok
246-instcombine-binaryop-match-match-n24-d16.pbqp,heuristic,structured,branch,solved-exact,ok
246-instcombine-binaryop-match-match-n24-d16.pbqp,none,avx2,heuristic,solved-heuristic,ok
247-instcombine-binaryop-match-match-n43-d16.pbqp,none,avx2,branch,search-node-limit,ok
247-instcombine-binaryop-match-match-n43-d16.pbqp,none,portable,branch,search-node-limit,ok
247-instcombine-binaryop-match-match-n43-d16.pbqp,none,structured,branch,search-node-limit,ok
247-instcombine-binaryop-match-match-n43-d16.pbqp,heuristic,avx2,branch,solved-exact,ok
247-instcombine-binaryop-match-match-n43-d16.pbqp,heuristic,portable,branch,solved-exact,ok
247-instcombine-binaryop-match-match-n43-d16.pbqp,heuristic,structured,branch,solved-exact,ok
247-instcombine-binaryop-match-match-n43-d16.pbqp,none,avx2,heuristic,solved-heuristic,ok
248-instcombine-binaryop-match-match-n49-d16.pbqp,none,avx2,branch,search-node-limit,ok
248-instcombine-binaryop-match-match-n49-d16.pbqp,none,portable,branch,search-node-limit,ok
248-instcombine-binaryop-match-match-n49-d16.pbqp,none,structured,branch,search-node-limit,ok
248-instcombine-binaryop-match-match-n49-d16.pbqp,heuristic,avx2,branch,solved-exact,ok
248-instcombine-binaryop-match-match-n49-d16.pbqp,heuristic,portable,branch,solved-exact,ok
248-instcombine-binaryop-match-match-n49-d16.pbqp,heuristic,structured,branch,solved-exact,ok
248-instcombine-binaryop-match-match-n49-d16.pbqp,none,avx2,heuristic,solved-heuristic,ok
249-instcombine-castinst-match-match-n16-d16.pbqp,none,avx2,branch,search-node-limit,ok
249-instcombine-castinst-match-match-n16-d16.pbqp,none,portable,branch,search-node-limit,ok
249-instcombine-castinst-match-match-n16-d16.pbqp,none,structured,branch,search-node-limit,ok
249-instcombine-castinst-match-match-n16-d16.pbqp,heuristic,avx2,branch,solved-exact,ok
249-instcombine-castinst-match-match-n16-d16.pbqp,heuristic,portable,branch,solved-exact,ok
249-instcombine-castinst-match-match-n16-d16.pbqp,heuristic,structured,branch,solved-exact,ok
249-instcombine-castinst-match-match-n16-d16.pbqp,none,avx2,heuristic,solved-heuristic,ok
250-instcombine-castinst-match-match-n19-d16.pbqp,none,avx2,branch,search-node-limit,ok
250-instcombine-castinst-match-match-n19-d16.pbqp,none,portable,branch,search-node-limit,ok
250-instcombine-castinst-match-match-n19-d16.pbqp,none,structured,branch,search-node-limit,ok
250-instcombine-castinst-match-match-n19-d16.pbqp,heuristic,avx2,branch,solved-exact,ok
250-instcombine-castinst-match-match-n19-d16.pbqp,heuristic,portable,branch,solved-exact,ok
250-instcombine-castinst-match-match-n19-d16.pbqp,heuristic,structured,branch,solved-exact,ok
250-instcombine-castinst-match-match-n19-d16.pbqp,none,avx2,heuristic,solved-heuristic,ok
251-instcombine-castinst-match-match-n19-d16.pbqp,none,avx2,branch,search-node-limit,ok
251-instcombine-castinst-match-match-n19-d16.pbqp,none,portable,branch,search-node-limit,ok
251-instcombine-castinst-match-match-n19-d16.pbqp,none,structured,branch,search-node-limit,ok
251-instcombine-castinst-match-match-n19-d16.pbqp,heuristic,avx2,branch,solved-exact,ok
251-instcombine-castinst-match-match-n19-d16.pbqp,heuristic,portable,branch,solved-exact,ok
251-instcombine-castinst-match-match-n19-d16.pbqp,heuristic,structured,branch,solved-exact,ok
251-instcombine-castinst-match-match-n19-d16.pbqp,none,avx2,heuristic,solved-heuristic,ok
252-instcombine-cmpclass-match-match-n19-d16.pbqp,none,avx2,branch,search-node-limit,ok
252-instcombine-cmpclass-match-match-n19-d16.pbqp,none,portable,branch,search-node-limit,ok
252-instcombine-cmpclass-match-match-n19-d16.pbqp,none,structured,branch,search-node-limit,ok
252-instcombine-cmpclass-match-match-n19-d16.pbqp,heuristic,avx2,branch,solved-exact,ok
252-instcombine-cmpclass-match-match-n19-d16.pbqp,heuristic,portable,branch,solved-exact,ok
252-instcombine-cmpclass-match-match-n19-d16.pbqp,heuristic,structured,branch,solved-exact,ok
252-instcombine-cmpclass-match-match-n19-d16.pbqp,none,avx2,heuristic,solved-heuristic,ok
253-instcombine-cmpclass-match-match-n22-d16.pbqp,none,avx2,branch,search-node-limit,ok
253-instcombine-cmpclass-match-match-n22-d16.pbqp,none,portable,branch,search-node-limit,ok
253-instcombine-cmpclass-match-match-n22-d16.pbqp,none,structured,branch,search-node-limit,ok
253-instcombine-cmpclass-match-match-n22-d16.pbqp,heuristic,avx2,branch,solved-exact,ok
253-instcombine-cmpclass-match-match-n22-d16.pbqp,heuristic,portable,branch,solved-exact,ok
253-instcombine-cmpclass-match-match-n22-d16.pbqp,heuristic,structured,branch,solved-exact,ok
253-instcombine-cmpclass-match-match-n22-d16.pbqp,none,avx2,heuristic,solved-heuristic,ok
254-instcombine-nnegzext-match-match-n20-d16.pbqp,none,avx2,branch,search-node-limit,ok
254-instcombine-nnegzext-match-match-n20-d16.pbqp,none,portable,branch,search-node-limit,ok
254-instcombine-nnegzext-match-match-n20-d16.pbqp,none,structured,branch,search-node-limit,ok
254-instcombine-nnegzext-match-match-n20-d16.pbqp,heuristic,avx2,branch,solved-exact,ok
254-instcombine-nnegzext-match-match-n20-d16.pbqp,heuristic,portable,branch,solved-exact,ok
254-instcombine-nnegzext-match-match-n20-d16.pbqp,heuristic,structured,branch,solved-exact,ok
254-instcombine-nnegzext-match-match-n20-d16.pbqp,none,avx2,heuristic,solved-heuristic,ok
255-instcombine-threeops-match-match-n22-d16.pbqp,none,avx2,branch,search-node-limit,ok
255-instcombine-threeops-match-match-n22-d16.pbqp,none,portable,branch,search-node-limit,ok
255-instcombine-threeops-match-match-n22-d16.pbqp,none,structured,branch,search-node-limit,ok
255-instcombine-threeops-match-match-n22-d16.pbqp,heuristic,avx2,branch,solved-exact,ok
255-instcombine-threeops-match-match-n22-d16.pbqp,heuristic,portable,branch,solved-exact,ok
255-instcombine-threeops-match-match-n22-d16.pbqp,heuristic,structured,branch,solved-exact,ok
255-instcombine-threeops-match-match-n22-d16.pbqp,none,avx2,heuristic,solved-heuristic,ok
256-instcombine-cstval-pred-ty-matchvector-n15-d16.pbqp,none,avx2,branch,search-node-limit,ok
256-instcombine-cstval-pred-ty-matchvector-n15-d16.pbqp,none,portable,branch,search-node-limit,ok
256-instcombine-cstval-pred-ty-matchvector-n15-d16.pbqp,none,structured,branch,search-node-limit,ok
256-instcombine-cstval-pred-ty-matchvector-n15-d16.pbqp,heuristic,avx2,branch,solved-exact,ok
256-instcombine-cstval-pred-ty-matchvector-n15-d16.pbqp,heuristic,portable,branch,solved-exact,ok
256-instcombine-cstval-pred-ty-matchvector-n15-d16.pbqp,heuristic,structured,branch,solved-exact,ok
256-instcombine-cstval-pred-ty-matchvector-n15-d16.pbqp,none,avx2,heuristic,solved-heuristic,ok
257-instcombine-cstval-pred-ty-matchvector-n15-d16.pbqp,none,avx2,branch,solved-exact,ok
257-instcombine-cstval-pred-ty-matchvector-n15-d16.pbqp,none,portable,branch,solved-exact,ok
257-instcombine-cstval-pred-ty-matchvector-n15-d16.pbqp,none,structured,branch,solved-exact,ok
257-instcombine-cstval-pred-ty-matchvector-n15-d16.pbqp,heuristic,avx2,branch,solved-exact,ok
257-instcombine-cstval-pred-ty-matchvector-n15-d16.pbqp,heuristic,portable,branch,solved-exact,ok
257-instcombine-cstval-pred-ty-matchvector-n15-d16.pbqp,heuristic,structured,branch,solved-exact,ok
257-instcombine-cstval-pred-ty-matchvector-n15-d16.pbqp,none,avx2,heuristic,solved-heuristic,ok
258-instcombine-cstval-pred-ty-matchvector-n13-d16.pbqp,none,avx2,branch,solved-exact,ok
258-instcombine-cstval-pred-ty-matchvector-n13-d16.pbqp,none,portable,branch,solved-exact,ok
258-instcombine-cstval-pred-ty-matchvector-n13-d16.pbqp,none,structured,branch,solved-exact,ok
258-instcombine-cstval-pred-ty-matchvector-n13-d16.pbqp,heuristic,avx2,branch,solved-exact,ok
258-instcombine-cstval-pred-ty-matchvector-n13-d16.pbqp,heuristic,portable,branch,solved-exact,ok
258-instcombine-cstval-pred-ty-matchvector-n13-d16.pbqp,heuristic,structured,branch,solved-exact,ok
258-instcombine-cstval-pred-ty-matchvector-n13-d16.pbqp,none,avx2,heuristic,solved-heuristic,ok
259-instcombine-cstval-pred-ty-matchvector-n13-d16.pbqp,none,avx2,branch,solved-exact,ok
259-instcombine-cstval-pred-ty-matchvector-n13-d16.pbqp,none,portable,branch,solved-exact,ok
259-instcombine-cstval-pred-ty-matchvector-n13-d16.pbqp,none,structured,branch,solved-exact,ok
259-instcombine-cstval-pred-ty-matchvector-n13-d16.pbqp,heuristic,avx2,branch,solved-exact,ok
259-instcombine-cstval-pred-ty-matchvector-n13-d16.pbqp,heuristic,portable,branch,solved-exact,ok
259-instcombine-cstval-pred-ty-matchvector-n13-d16.pbqp,heuristic,structured,branch,solved-exact,ok
259-instcombine-cstval-pred-ty-matchvector-n13-d16.pbqp,none,avx2,heuristic,solved-heuristic,ok
260-instcombine-cstval-pred-ty-matchvector-n19-d16.pbqp,none,avx2,branch,search-node-limit,ok
260-instcombine-cstval-pred-ty-matchvector-n19-d16.pbqp,none,portable,branch,search-node-limit,ok
260-instcombine-cstval-pred-ty-matchvector-n19-d16.pbqp,none,structured,branch,search-node-limit,ok
260-instcombine-cstval-pred-ty-matchvector-n19-d16.pbqp,heuristic,avx2,branch,solved-exact,ok
260-instcombine-cstval-pred-ty-matchvector-n19-d16.pbqp,heuristic,portable,branch,solved-exact,ok
260-instcombine-cstval-pred-ty-matchvector-n19-d16.pbqp,heuristic,structured,branch,solved-exact,ok
260-instcombine-cstval-pred-ty-matchvector-n19-d16.pbqp,none,avx2,heuristic,solved-heuristic,ok
261-instcombine-cstval-pred-ty-matchvector-n15-d16.pbqp,none,avx2,branch,solved-exact,ok
261-instcombine-cstval-pred-ty-matchvector-n15-d16.pbqp,none,portable,branch,solved-exact,ok
261-instcombine-cstval-pred-ty-matchvector-n15-d16.pbqp,none,structured,branch,solved-exact,ok
261-instcombine-cstval-pred-ty-matchvector-n15-d16.pbqp,heuristic,avx2,branch,solved-exact,ok
261-instcombine-cstval-pred-ty-matchvector-n15-d16.pbqp,heuristic,portable,branch,solved-exact,ok
261-instcombine-cstval-pred-ty-matchvector-n15-d16.pbqp,heuristic,structured,branch,solved-exact,ok
261-instcombine-cstval-pred-ty-matchvector-n15-d16.pbqp,none,avx2,heuristic,solved-heuristic,ok
262-instcombine-specific-fpval-match-n21-d17.pbqp,none,avx2,branch,search-node-limit,ok
262-instcombine-specific-fpval-match-n21-d17.pbqp,none,portable,branch,search-node-limit,ok
262-instcombine-specific-fpval-match-n21-d17.pbqp,none,structured,branch,search-node-limit,ok
262-instcombine-specific-fpval-match-n21-d17.pbqp,heuristic,avx2,branch,solved-exact,ok
262-instcombine-specific-fpval-match-n21-d17.pbqp,heuristic,portable,branch,solved-exact,ok
262-instcombine-specific-fpval-match-n21-d17.pbqp,heuristic,structured,branch,solved-exact,ok
262-instcombine-specific-fpval-match-n21-d17.pbqp,none,avx2,heuristic,solved-heuristic,ok
263-instcombine-disjointor-match-match-n19-d16.pbqp,none,avx2,branch,search-node-limit,ok
263-instcombine-disjointor-match-match-n19-d16.pbqp,none,portable,branch,search-node-limit,ok
263-instcombine-disjointor-match-match-n19-d16.pbqp,none,structured,branch,search-node-limit,ok
263-instcombine-disjointor-match-match-n19-d16.pbqp,heuristic,avx2,branch,solved-exact,ok
263-instcombine-disjointor-match-match-n19-d16.pbqp,heuristic,portable,branch,solved-exact,ok
263-instcombine-disjointor-match-match-n19-d16.pbqp,heuristic,structured,branch,solved-exact,ok
263-instcombine-disjointor-match-match-n19-d16.pbqp,none,avx2,heuristic,solved-heuristic,ok
264-instcombine-anybinaryop-match-match-n17-d16.pbqp,none,avx2,branch,search-node-limit,ok
264-instcombine-anybinaryop-match-match-n17-d16.pbqp,none,portable,branch,search-node-limit,ok
264-instcombine-anybinaryop-match-match-n17-d16.pbqp,none,structured,branch,search-node-limit,ok
264-instcombine-anybinaryop-match-match-n17-d16.pbqp,heuristic,avx2,branch,solved-exact,ok
264-instcombine-anybinaryop-match-match-n17-d16.pbqp,heuristic,portable,branch,solved-exact,ok
264-instcombine-anybinaryop-match-match-n17-d16.pbqp,heuristic,structured,branch,solved-exact,ok
264-instcombine-anybinaryop-match-match-n17-d16.pbqp,none,avx2,heuristic,solved-heuristic,ok
265-instcombine-anybinaryop-match-match-n28-d16.pbqp,none,avx2,branch,search-node-limit,ok
265-instcombine-anybinaryop-match-match-n28-d16.pbqp,none,portable,branch,search-node-limit,ok
265-instcombine-anybinaryop-match-match-n28-d16.pbqp,none,structured,branch,search-node-limit,ok
265-instcombine-anybinaryop-match-match-n28-d16.pbqp,heuristic,avx2,branch,solved-exact,ok
265-instcombine-anybinaryop-match-match-n28-d16.pbqp,heuristic,portable,branch,solved-exact,ok
265-instcombine-anybinaryop-match-match-n28-d16.pbqp,heuristic,structured,branch,solved-exact,ok
265-instcombine-anybinaryop-match-match-n28-d16.pbqp,none,avx2,heuristic,solved-heuristic,ok
266-instcombine-anybinaryop-match-match-n33-d16.pbqp,none,avx2,branch,search-node-limit,ok
266-instcombine-anybinaryop-match-match-n33-d16.pbqp,none,portable,branch,search-node-limit,ok
266-instcombine-anybinaryop-match-match-n33-d16.pbqp,none,structured,branch,search-node-limit,ok
266-instcombine-anybinaryop-match-match-n33-d16.pbqp,heuristic,avx2,branch,solved-exact,ok
266-instcombine-anybinaryop-match-match-n33-d16.pbqp,heuristic,portable,branch,solved-exact,ok
266-instcombine-anybinaryop-match-match-n33-d16.pbqp,heuristic,structured,branch,solved-exact,ok
266-instcombine-anybinaryop-match-match-n33-d16.pbqp,none,avx2,heuristic,solved-heuristic,ok
267-instcombine-anybinaryop-match-match-n19-d16.pbqp,none,avx2,branch,search-node-limit,ok
267-instcombine-anybinaryop-match-match-n19-d16.pbqp,none,portable,branch,search-node-limit,ok
267-instcombine-anybinaryop-match-match-n19-d16.pbqp,none,structured,branch,search-node-limit,ok
267-instcombine-anybinaryop-match-match-n19-d16.pbqp,heuristic,avx2,branch,solved-exact,ok
267-instcombine-anybinaryop-match-match-n19-d16.pbqp,heuristic,portable,branch,solved-exact,ok
267-instcombine-anybinaryop-match-match-n19-d16.pbqp,heuristic,structured,branch,solved-exact,ok
267-instcombine-anybinaryop-match-match-n19-d16.pbqp,none,avx2,heuristic,solved-heuristic,ok
268-instcombine-anybinaryop-match-match-n34-d16.pbqp,none,avx2,branch,search-node-limit,ok
268-instcombine-anybinaryop-match-match-n34-d16.pbqp,none,portable,branch,search-node-limit,ok
268-instcombine-anybinaryop-match-match-n34-d16.pbqp,none,structured,branch,search-node-limit,ok
268-instcombine-anybinaryop-match-match-n34-d16.pbqp,heuristic,avx2,branch,solved-exact,ok
268-instcombine-anybinaryop-match-match-n34-d16.pbqp,heuristic,portable,branch,solved-exact,ok
268-instcombine-anybinaryop-match-match-n34-d16.pbqp,heuristic,structured,branch,solved-exact,ok
268-instcombine-anybinaryop-match-match-n34-d16.pbqp,none,avx2,heuristic,solved-heuristic,ok
269-instcombine-anybinaryop-match-match-n27-d16.pbqp,none,avx2,branch,search-node-limit,ok
269-instcombine-anybinaryop-match-match-n27-d16.pbqp,none,portable,branch,search-node-limit,ok
269-instcombine-anybinaryop-match-match-n27-d16.pbqp,none,structured,branch,search-node-limit,ok
269-instcombine-anybinaryop-match-match-n27-d16.pbqp,heuristic,avx2,branch,solved-exact,ok
269-instcombine-anybinaryop-match-match-n27-d16.pbqp,heuristic,portable,branch,solved-exact,ok
269-instcombine-anybinaryop-match-match-n27-d16.pbqp,heuristic,structured,branch,solved-exact,ok
269-instcombine-anybinaryop-match-match-n27-d16.pbqp,none,avx2,heuristic,solved-heuristic,ok
270-instcombine-anybinaryop-match-match-n27-d16.pbqp,none,avx2,branch,search-node-limit,ok
270-instcombine-anybinaryop-match-match-n27-d16.pbqp,none,portable,branch,search-node-limit,ok
270-instcombine-anybinaryop-match-match-n27-d16.pbqp,none,structured,branch,search-node-limit,ok
270-instcombine-anybinaryop-match-match-n27-d16.pbqp,heuristic,avx2,branch,solved-exact,ok
270-instcombine-anybinaryop-match-match-n27-d16.pbqp,heuristic,portable,branch,solved-exact,ok
270-instcombine-anybinaryop-match-match-n27-d16.pbqp,heuristic,structured,branch,solved-exact,ok
270-instcombine-anybinaryop-match-match-n27-d16.pbqp,none,avx2,heuristic,solved-heuristic,ok
271-instcombine-anybinaryop-match-match-n32-d16.pbqp,none,avx2,branch,search-node-limit,ok
271-instcombine-anybinaryop-match-match-n32-d16.pbqp,none,portable,branch,search-node-limit,ok
271-instcombine-anybinaryop-match-match-n32-d16.pbqp,none,structured,branch,search-node-limit,ok
271-instcombine-anybinaryop-match-match-n32-d16.pbqp,heuristic,avx2,branch,solved-exact,ok
271-instcombine-anybinaryop-match-match-n32-d16.pbqp,heuristic,portable,branch,solved-exact,ok
271-instcombine-anybinaryop-match-match-n32-d16.pbqp,heuristic,structured,branch,solved-exact,ok
271-instcombine-anybinaryop-match-match-n32-d16.pbqp,none,avx2,heuristic,solved-heuristic,ok
272-instcombine-ptrtointsamesize-match-match-n24-d16.pbqp,none,avx2,branch,search-node-limit,ok
272-instcombine-ptrtointsamesize-match-match-n24-d16.pbqp,none,portable,branch,search-node-limit,ok
272-instcombine-ptrtointsamesize-match-match-n24-d16.pbqp,none,structured,branch,search-node-limit,ok
272-instcombine-ptrtointsamesize-match-match-n24-d16.pbqp,heuristic,avx2,branch,solved-exact,ok
272-instcombine-ptrtointsamesize-match-match-n24-d16.pbqp,heuristic,portable,branch,solved-exact,ok
272-instcombine-ptrtointsamesize-match-match-n24-d16.pbqp,heuristic,structured,branch,solved-exact,ok
272-instcombine-ptrtointsamesize-match-match-n24-d16.pbqp,none,avx2,heuristic,solved-heuristic,ok
273-instcombine-specificbinaryop-match-match-n23-d16.pbqp,none,avx2,branch,search-node-limit,ok
273-instcombine-specificbinaryop-match-match-n23-d16.pbqp,none,portable,branch,search-node-limit,ok
273-instcombine-specificbinaryop-match-match-n23-d16.pbqp,none,structured,branch,search-node-limit,ok
273-instcombine-specificbinaryop-match-match-n23-d16.pbqp,heuristic,avx2,branch,solved-exact,ok
273-instcombine-specificbinaryop-match-match-n23-d16.pbqp,heuristic,portable,branch,solved-exact,ok
273-instcombine-specificbinaryop-match-match-n23-d16.pbqp,heuristic,structured,branch,solved-exact,ok
273-instcombine-specificbinaryop-match-match-n23-d16.pbqp,none,avx2,heuristic,solved-heuristic,ok
274-instcombine-specificbinaryop-match-match-n19-d16.pbqp,none,avx2,branch,search-node-limit,ok
274-instcombine-specificbinaryop-match-match-n19-d16.pbqp,none,portable,branch,search-node-limit,ok
274-instcombine-specificbinaryop-match-match-n19-d16.pbqp,none,structured,branch,search-node-limit,ok
274-instcombine-specificbinaryop-match-match-n19-d16.pbqp,heuristic,avx2,branch,solved-exact,ok
274-instcombine-specificbinaryop-match-match-n19-d16.pbqp,heuristic,portable,branch,solved-exact,ok
274-instcombine-specificbinaryop-match-match-n19-d16.pbqp,heuristic,structured,branch,solved-exact,ok
274-instcombine-specificbinaryop-match-match-n19-d16.pbqp,none,avx2,heuristic,solved-heuristic,ok
275-instcombine-specificbinaryop-match-match-n23-d16.pbqp,none,avx2,branch,search-node-limit,ok
275-instcombine-specificbinaryop-match-match-n23-d16.pbqp,none,portable,branch,search-node-limit,ok
275-instcombine-specificbinaryop-match-match-n23-d16.pbqp,none,structured,branch,search-node-limit,ok
275-instcombine-specificbinaryop-match-match-n23-d16.pbqp,heuristic,avx2,branch,solved-exact,ok
275-instcombine-specificbinaryop-match-match-n23-d16.pbqp,heuristic,portable,branch,solved-exact,ok
275-instcombine-specificbinaryop-match-match-n23-d16.pbqp,heuristic,structured,branch,solved-exact,ok
275-instcombine-specificbinaryop-match-match-n23-d16.pbqp,none,avx2,heuristic,solved-heuristic,ok
276-instcombine-specificbinaryop-match-match-n30-d16.pbqp,none,avx2,branch,search-node-limit,ok
276-instcombine-specificbinaryop-match-match-n30-d16.pbqp,none,portable,branch,search-node-limit,ok
276-instcombine-specificbinaryop-match-match-n30-d16.pbqp,none,structured,branch,search-node-limit,ok
276-instcombine-specificbinaryop-match-match-n30-d16.pbqp,heuristic,avx2,branch,solved-exact,ok
276-instcombine-specificbinaryop-match-match-n30-d16.pbqp,heuristic,portable,branch,solved-exact,ok
276-instcombine-specificbinaryop-match-match-n30-d16.pbqp,heuristic,structured,branch,solved-exact,ok
276-instcombine-specificbinaryop-match-match-n30-d16.pbqp,none,avx2,heuristic,solved-heuristic,ok
277-instcombine-specificcmpclass-match-match-n23-d16.pbqp,none,avx2,branch,solved-exact,ok
277-instcombine-specificcmpclass-match-match-n23-d16.pbqp,none,portable,branch,solved-exact,ok
277-instcombine-specificcmpclass-match-match-n23-d16.pbqp,none,structured,branch,solved-exact,ok
277-instcombine-specificcmpclass-match-match-n23-d16.pbqp,heuristic,avx2,branch,solved-exact,ok
277-instcombine-specificcmpclass-match-match-n23-d16.pbqp,heuristic,portable,branch,solved-exact,ok
277-instcombine-specificcmpclass-match-match-n23-d16.pbqp,heuristic,structured,branch,solved-exact,ok
277-instcombine-specificcmpclass-match-match-n23-d16.pbqp,none,avx2,heuristic,solved-heuristic,ok
278-instcombine-specificcmpclass-match-match-n22-d16.pbqp,none,avx2,branch,search-node-limit,ok
278-instcombine-specificcmpclass-match-match-n22-d16.pbqp,none,portable,branch,search-node-limit,ok
278-instcombine-specificcmpclass-match-match-n22-d16.pbqp,none,structured,branch,search-node-limit,ok
278-instcombine-specificcmpclass-match-match-n22-d16.pbqp,heuristic,avx2,branch,solved-exact,ok
278-instcombine-specificcmpclass-match-match-n22-d16.pbqp,heuristic,portable,branch,solved-exact,ok
278-instcombine-specificcmpclass-match-match-n22-d16.pbqp,heuristic,structured,branch,solved-exact,ok
278-instcombine-specificcmpclass-match-match-n22-d16.pbqp,none,avx2,heuristic,solved-heuristic,ok
279-instcombine-specificcmpclass-match-match-n17-d16.pbqp,none,avx2,branch,solved-exact,ok
279-instcombine-specificcmpclass-match-match-n17-d16.pbqp,none,portable,branch,solved-exact,ok
279-instcombine-specificcmpclass-match-match-n17-d16.pbqp,none,structured,branch,solved-exact,ok
279-instcombine-specificcmpclass-match-match-n17-d16.pbqp,heuristic,avx2,branch,solved-exact,ok
279-instcombine-specificcmpclass-match-match-n17-d16.pbqp,heuristic,portable,branch,solved-exact,ok
279-instcombine-specificcmpclass-match-match-n17-d16.pbqp,heuristic,structured,branch,solved-exact,ok
279-instcombine-specificcmpclass-match-match-n17-d16.pbqp,none,avx2,heuristic,solved-heuristic,ok
280-instcombine-specificcmpclass-match-match-n21-d16.pbqp,none,avx2,branch,search-node-limit,ok
280-instcombine-specificcmpclass-match-match-n21-d16.pbqp,none,portable,branch,search-node-limit,ok
280-instcombine-specificcmpclass-match-match-n21-d16.pbqp,none,structured,branch,search-node-limit,ok
280-instcombine-specificcmpclass-match-match-n21-d16.pbqp,heuristic,avx2,branch,solved-exact,ok
280-instcombine-specificcmpclass-match-match-n21-d16.pbqp,heuristic,portable,branch,solved-exact,ok
280-instcombine-specificcmpclass-match-match-n21-d16.pbqp,heuristic,structured,branch,solved-exact,ok
280-instcombine-specificcmpclass-match-match-n21-d16.pbqp,none,avx2,heuristic,solved-heuristic,ok
281-instcombine-overflowingbinaryop-match-match-n20-d16.pbqp,none,avx2,branch,search-node-limit,ok
281-instcombine-overflowingbinaryop-match-match-n20-d16.pbqp,none,portable,branch,search-node-limit,ok
281-instcombine-overflowingbinaryop-match-match-n20-d16.pbqp,none,structured,branch,search-node-limit,ok
281-instcombine-overflowingbinaryop-match-match-n20-d16.pbqp,heuristic,avx2,branch,solved-exact,ok
281-instcombine-overflowingbinaryop-match-match-n20-d16.pbqp,heuristic,portable,branch,solved-exact,ok
281-instcombine-overflowingbinaryop-match-match-n20-d16.pbqp,heuristic,structured,branch,solved-exact,ok
281-instcombine-overflowingbinaryop-match-match-n20-d16.pbqp,none,avx2,heuristic,solved-heuristic,ok
282-instcombine-overflowingbinaryop-match-match-n20-d16.pbqp,none,avx2,branch,search-node-limit,ok
282-instcombine-overflowingbinaryop-match-match-n20-d16.pbqp,none,portable,branch,search-node-limit,ok
282-instcombine-overflowingbinaryop-match-match-n20-d16.pbqp,none,structured,branch,search-node-limit,ok
282-instcombine-overflowingbinaryop-match-match-n20-d16.pbqp,heuristic,avx2,branch,solved-exact,ok
282-instcombine-overflowingbinaryop-match-match-n20-d16.pbqp,heuristic,portable,branch,solved-exact,ok
282-instcombine-overflowingbinaryop-match-match-n20-d16.pbqp,heuristic,structured,branch,solved-exact,ok
282-instcombine-overflowingbinaryop-match-match-n20-d16.pbqp,none,avx2,heuristic,solved-heuristic,ok
283-instcombine-overflowingbinaryop-match-match-n17-d16.pbqp,none,avx2,branch,search-node-limit,ok
283-instcombine-overflowingbinaryop-match-match-n17-d16.pbqp,none,portable,branch,search-node-limit,ok
283-instcombine-overflowingbinaryop-match-match-n17-d16.pbqp,none,structured,branch,search-node-limit,ok
283-instcombine-overflowingbinaryop-match-match-n17-d16.pbqp,heuristic,avx2,branch,solved-exact,ok
283-instcombine-overflowingbinaryop-match-match-n17-d16.pbqp,heuristic,portable,branch,solved-exact,ok
283-instcombine-overflowingbinaryop-match-match-n17-d16.pbqp,heuristic,structured,branch,solved-exact,ok
283-instcombine-overflowingbinaryop-match-match-n17-d16.pbqp,none,avx2,heuristic,solved-heuristic,ok
284-instcombine-commutativebinaryintrinsic-match-mat-n14-d16.pbqp,none,avx2,branch,solved-exact,ok
284-instcombine-commutativebinaryintrinsic-match-mat-n14-d16.pbqp,none,portable,branch,solved-exact,ok
284-instcombine-commutativebinaryintrinsic-match-mat-n14-d16.pbqp,none,structured,branch,solved-exact,ok
284-instcombine-commutativebinaryintrinsic-match-mat-n14-d16.pbqp,heuristic,avx2,branch,solved-exact,ok
284-instcombine-commutativebinaryintrinsic-match-mat-n14-d16.pbqp,heuristic,portable,branch,solved-exact,ok
284-instcombine-commutativebinaryintrinsic-match-mat-n14-d16.pbqp,heuristic,structured,branch,solved-exact,ok
284-instcombine-commutativebinaryintrinsic-match-mat-n14-d16.pbqp,none,avx2,heuristic,solved-heuristic,ok
285-instcombine-commutativebinaryintrinsic-match-mat-n16-d16.pbqp,none,avx2,branch,search-node-limit,ok
285-instcombine-commutativebinaryintrinsic-match-mat-n16-d16.pbqp,none,portable,branch,search-node-limit,ok
285-instcombine-commutativebinaryintrinsic-match-mat-n16-d16.pbqp,none,structured,branch,search-node-limit,ok
285-instcombine-commutativebinaryintrinsic-match-mat-n16-d16.pbqp,heuristic,avx2,branch,solved-exact,ok
285-instcombine-commutativebinaryintrinsic-match-mat-n16-d16.pbqp,heuristic,portable,branch,solved-exact,ok
285-instcombine-commutativebinaryintrinsic-match-mat-n16-d16.pbqp,heuristic,structured,branch,solved-exact,ok
285-instcombine-commutativebinaryintrinsic-match-mat-n16-d16.pbqp,none,avx2,heuristic,solved-heuristic,ok
286-instcombine-commutativebinaryintrinsic-match-mat-n14-d16.pbqp,none,avx2,branch,solved-exact,ok
286-instcombine-commutativebinaryintrinsic-match-mat-n14-d16.pbqp,none,portable,branch,solved-exact,ok
286-instcombine-commutativebinaryintrinsic-match-mat-n14-d16.pbqp,none,structured,branch,solved-exact,ok
286-instcombine-commutativebinaryintrinsic-match-mat-n14-d16.pbqp,heuristic,avx2,branch,solved-exact,ok
286-instcombine-commutativebinaryintrinsic-match-mat-n14-d16.pbqp,heuristic,portable,branch,solved-exact,ok
286-instcombine-commutativebinaryintrinsic-match-mat-n14-d16.pbqp,heuristic,structured,branch,solved-exact,ok
286-instcombine-commutativebinaryintrinsic-match-mat-n14-d16.pbqp,none,avx2,heuristic,solved-heuristic,ok
287-instcombine-irbuilderbase-insert-n7-d16.pbqp,none,avx2,branch,solved-exact,ok
287-instcombine-irbuilderbase-insert-n7-d16.pbqp,none,portable,branch,solved-exact,ok
287-instcombine-irbuilderbase-insert-n7-d16.pbqp,none,structured,branch,solved-exact,ok
287-instcombine-irbuilderbase-insert-n7-d16.pbqp,heuristic,avx2,branch,solved-exact,ok
287-instcombine-irbuilderbase-insert-n7-d16.pbqp,heuristic,portable,branch,solved-exact,ok
287-instcombine-irbuilderbase-insert-n7-d16.pbqp,heuristic,structured,branch,solved-exact,ok
287-instcombine-irbuilderbase-insert-n7-d16.pbqp,none,avx2,heuristic,solved-heuristic,ok
288-instcombine-commonpointerbase-isexpensive-n29-d16.pbqp,none,avx2,branch,search-node-limit,ok
288-instcombine-commonpointerbase-isexpensive-n29-d16.pbqp,none,portable,branch,search-node-limit,ok
288-instcombine-commonpointerbase-isexpensive-n29-d16.pbqp,none,structured,branch,search-node-limit,ok
288-instcombine-commonpointerbase-isexpensive-n29-d16.pbqp,heuristic,avx2,branch,solved-exact,ok
288-instcombine-commonpointerbase-isexpensive-n29-d16.pbqp,heuristic,portable,branch,solved-exact,ok
288-instcombine-commonpointerbase-isexpensive-n29-d16.pbqp,heuristic,structured,branch,solved-exact,ok
288-instcombine-commonpointerbase-isexpensive-n29-d16.pbqp,none,avx2,heuristic,solved-heuristic,ok
289-instcombine-match-combine-or-match-n22-d16.pbqp,none,avx2,branch,search-node-limit,ok
289-instcombine-match-combine-or-match-n22-d16.pbqp,none,portable,branch,search-node-limit,ok
289-instcombine-match-combine-or-match-n22-d16.pbqp,none,structured,branch,search-node-limit,ok
289-instcombine-match-combine-or-match-n22-d16.pbqp,heuristic,avx2,branch,solved-exact,ok
289-instcombine-match-combine-or-match-n22-d16.pbqp,heuristic,portable,branch,solved-exact,ok
289-instcombine-match-combine-or-match-n22-d16.pbqp,heuristic,structured,branch,solved-exact,ok
289-instcombine-match-combine-or-match-n22-d16.pbqp,none,avx2,heuristic,solved-heuristic,ok
290-instcombine-match-combine-or-match-n30-d16.pbqp,none,avx2,branch,search-node-limit,ok
290-instcombine-match-combine-or-match-n30-d16.pbqp,none,portable,branch,search-node-limit,ok
290-instcombine-match-combine-or-match-n30-d16.pbqp,none,structured,branch,search-node-limit,ok
290-instcombine-match-combine-or-match-n30-d16.pbqp,heuristic,avx2,branch,solved-exact,ok
290-instcombine-match-combine-or-match-n30-d16.pbqp,heuristic,portable,branch,solved-exact,ok
290-instcombine-match-combine-or-match-n30-d16.pbqp,heuristic,structured,branch,solved-exact,ok
290-instcombine-match-combine-or-match-n30-d16.pbqp,none,avx2,heuristic,solved-heuristic,ok
291-instcombine-match-combine-or-match-n16-d16.pbqp,none,avx2,branch,search-node-limit,ok
291-instcombine-match-combine-or-match-n16-d16.pbqp,none,portable,branch,search-node-limit,ok
291-instcombine-match-combine-or-match-n16-d16.pbqp,none,structured,branch,search-node-limit,ok
291-instcombine-match-combine-or-match-n16-d16.pbqp,heuristic,avx2,branch,solved-exact,ok
291-instcombine-match-combine-or-match-n16-d16.pbqp,heuristic,portable,branch,solved-exact,ok
291-instcombine-match-combine-or-match-n16-d16.pbqp,heuristic,structured,branch,solved-exact,ok
291-instcombine-match-combine-or-match-n16-d16.pbqp,none,avx2,heuristic,solved-heuristic,ok
292-instcombine-match-combine-or-match-n16-d16.pbqp,none,avx2,branch,search-node-limit,ok
292-instcombine-match-combine-or-match-n16-d16.pbqp,none,portable,branch,search-node-limit,ok
292-instcombine-match-combine-or-match-n16-d16.pbqp,none,structured,branch,search-node-limit,ok
292-instcombine-match-combine-or-match-n16-d16.pbqp,heuristic,avx2,branch,solved-exact,ok
292-instcombine-match-combine-or-match-n16-d16.pbqp,heuristic,portable,branch,solved-exact,ok
292-instcombine-match-combine-or-match-n16-d16.pbqp,heuristic,structured,branch,solved-exact,ok
292-instcombine-match-combine-or-match-n16-d16.pbqp,none,avx2,heuristic,solved-heuristic,ok
293-instcombine-match-combine-or-match-n19-d16.pbqp,none,avx2,branch,search-node-limit,ok
293-instcombine-match-combine-or-match-n19-d16.pbqp,none,portable,branch,search-node-limit,ok
293-instcombine-match-combine-or-match-n19-d16.pbqp,none,structured,branch,search-node-limit,ok
293-instcombine-match-combine-or-match-n19-d16.pbqp,heuristic,avx2,branch,solved-exact,ok
293-instcombine-match-combine-or-match-n19-d16.pbqp,heuristic,portable,branch,solved-exact,ok
293-instcombine-match-combine-or-match-n19-d16.pbqp,heuristic,structured,branch,solved-exact,ok
293-instcombine-match-combine-or-match-n19-d16.pbqp,none,avx2,heuristic,solved-heuristic,ok
294-instcombine-match-combine-or-match-n19-d16.pbqp,none,avx2,branch,search-node-limit,ok
294-instcombine-match-combine-or-match-n19-d16.pbqp,none,portable,branch,search-node-limit,ok
294-instcombine-match-combine-or-match-n19-d16.pbqp,none,structured,branch,search-node-limit,ok
294-instcombine-match-combine-or-match-n19-d16.pbqp,heuristic,avx2,branch,solved-exact,ok
294-instcombine-match-combine-or-match-n19-d16.pbqp,heuristic,portable,branch,solved-exact,ok
294-instcombine-match-combine-or-match-n19-d16.pbqp,heuristic,structured,branch,solved-exact,ok
294-instcombine-match-combine-or-match-n19-d16.pbqp,none,avx2,heuristic,solved-heuristic,ok
295-instcombine-match-combine-and-match-n14-d16.pbqp,none,avx2,branch,search-node-limit,ok
295-instcombine-match-combine-and-match-n14-d16.pbqp,none,portable,branch,search-node-limit,ok
295-instcombine-match-combine-and-match-n14-d16.pbqp,none,structured,branch,search-node-limit,ok
295-instcombine-match-combine-and-match-n14-d16.pbqp,heuristic,avx2,branch,solved-exact,ok
295-instcombine-match-combine-and-match-n14-d16.pbqp,heuristic,portable,branch,solved-exact,ok
295-instcombine-match-combine-and-match-n14-d16.pbqp,heuristic,structured,branch,solved-exact,ok
295-instcombine-match-combine-and-match-n14-d16.pbqp,none,avx2,heuristic,solved-heuristic,ok
296-instcombine-match-combine-and-match-n20-d16.pbqp,none,avx2,branch,search-node-limit,ok
296-instcombine-match-combine-and-match-n20-d16.pbqp,none,portable,branch,search-node-limit,ok
296-instcombine-match-combine-and-match-n20-d16.pbqp,none,structured,branch,search-node-limit,ok
296-instcombine-match-combine-and-match-n20-d16.pbqp,heuristic,avx2,branch,solved-exact,ok
296-instcombine-match-combine-and-match-n20-d16.pbqp,heuristic,portable,branch,solved-exact,ok
296-instcombine-match-combine-and-match-n20-d16.pbqp,heuristic,structured,branch,solved-exact,ok
296-instcombine-match-combine-and-match-n20-d16.pbqp,none,avx2,heuristic,solved-heuristic,ok
297-instcombine-match-combine-and-match-n18-d16.pbqp,none,avx2,branch,search-node-limit,ok
297-instcombine-match-combine-and-match-n18-d16.pbqp,none,portable,branch,search-node-limit,ok
297-instcombine-match-combine-and-match-n18-d16.pbqp,none,structured,branch,search-node-limit,ok
297-instcombine-match-combine-and-match-n18-d16.pbqp,heuristic,avx2,branch,solved-exact,ok
297-instcombine-match-combine-and-match-n18-d16.pbqp,heuristic,portable,branch,solved-exact,ok
297-instcombine-match-combine-and-match-n18-d16.pbqp,heuristic,structured,branch,solved-exact,ok
297-instcombine-match-combine-and-match-n18-d16.pbqp,none,avx2,heuristic,solved-heuristic,ok
298-instcombine-match-combine-and-match-n20-d16.pbqp,none,avx2,branch,search-node-limit,ok
298-instcombine-match-combine-and-match-n20-d16.pbqp,none,portable,branch,search-node-limit,ok
298-instcombine-match-combine-and-match-n20-d16.pbqp,none,structured,branch,search-node-limit,ok
298-instcombine-match-combine-and-match-n20-d16.pbqp,heuristic,avx2,branch,solved-exact,ok
298-instcombine-match-combine-and-match-n20-d16.pbqp,heuristic,portable,branch,solved-exact,ok
298-instcombine-match-combine-and-match-n20-d16.pbqp,heuristic,structured,branch,solved-exact,ok
298-instcombine-match-combine-and-match-n20-d16.pbqp,none,avx2,heuristic,solved-heuristic,ok
299-instcombine-apint-issignmask-n8-d16.pbqp,none,avx2,branch,solved-exact,ok
299-instcombine-apint-issignmask-n8-d16.pbqp,none,portable,branch,solved-exact,ok
299-instcombine-apint-issignmask-n8-d16.pbqp,none,structured,branch,solved-exact,ok
299-instcombine-apint-issignmask-n8-d16.pbqp,heuristic,avx2,branch,solved-exact,ok
299-instcombine-apint-issignmask-n8-d16.pbqp,heuristic,portable,branch,solved-exact,ok
299-instcombine-apint-issignmask-n8-d16.pbqp,heuristic,structured,branch,solved-exact,ok
299-instcombine-apint-issignmask-n8-d16.pbqp,none,avx2,heuristic,solved-heuristic,ok
300-instcombine-apint-isminsignedvalue-n8-d16.pbqp,none,avx2,branch,solved-exact,ok
300-instcombine-apint-isminsignedvalue-n8-d16.pbqp,none,portable,branch,solved-exact,ok
300-instcombine-apint-isminsignedvalue-n8-d16.pbqp,none,structured,branch,solved-exact,ok
300-instcombine-apint-isminsignedvalue-n8-d16.pbqp,heuristic,avx2,branch,solved-exact,ok
300-instcombine-apint-isminsignedvalue-n8-d16.pbqp,heuristic,portable,branch,solved-exact,ok
300-instcombine-apint-isminsignedvalue-n8-d16.pbqp,heuristic,structured,branch,solved-exact,ok
300-instcombine-apint-isminsignedvalue-n8-d16.pbqp,none,avx2,heuristic,solved-heuristic,ok
301-instcombine-apint-isnegatedpowerof2-n11-d16.pbqp,none,avx2,branch,search-node-limit,ok
301-instcombine-apint-isnegatedpowerof2-n11-d16.pbqp,none,portable,branch,search-node-limit,ok
301-instcombine-apint-isnegatedpowerof2-n11-d16.pbqp,none,structured,branch,search-node-limit,ok
301-instcombine-apint-isnegatedpowerof2-n11-d16.pbqp,heuristic,avx2,branch,solved-exact,ok
301-instcombine-apint-isnegatedpowerof2-n11-d16.pbqp,heuristic,portable,branch,solved-exact,ok
301-instcombine-apint-isnegatedpowerof2-n11-d16.pbqp,heuristic,structured,branch,solved-exact,ok
301-instcombine-apint-isnegatedpowerof2-n11-d16.pbqp,none,avx2,heuristic,solved-heuristic,ok
302-instcombine-apint-ismask-n8-d16.pbqp,none,avx2,branch,solved-exact,ok
302-instcombine-apint-ismask-n8-d16.pbqp,none,portable,branch,solved-exact,ok
302-instcombine-apint-ismask-n8-d16.pbqp,none,structured,branch,solved-exact,ok
302-instcombine-apint-ismask-n8-d16.pbqp,heuristic,avx2,branch,solved-exact,ok
302-instcombine-apint-ismask-n8-d16.pbqp,heuristic,portable,branch,solved-exact,ok
302-instcombine-apint-ismask-n8-d16.pbqp,heuristic,structured,branch,solved-exact,ok
302-instcombine-apint-ismask-n8-d16.pbqp,none,avx2,heuristic,solved-heuristic,ok
303-instcombine-apint-logbase2-n4-d16.pbqp,none,avx2,branch,solved-exact,ok
303-instcombine-apint-logbase2-n4-d16.pbqp,none,portable,branch,solved-exact,ok
303-instcombine-apint-logbase2-n4-d16.pbqp,none,structured,branch,solved-exact,ok
303-instcombine-apint-logbase2-n4-d16.pbqp,heuristic,avx2,branch,solved-exact,ok
303-instcombine-apint-logbase2-n4-d16.pbqp,heuristic,portable,branch,solved-exact,ok
303-instcombine-apint-logbase2-n4-d16.pbqp,heuristic,structured,branch,solved-exact,ok
303-instcombine-apint-logbase2-n4-d16.pbqp,none,avx2,heuristic,solved-heuristic,ok
304-instcombine-apint-isallones-n5-d16.pbqp,none,avx2,branch,solved-exact,ok
304-instcombine-apint-isallones-n5-d16.pbqp,none,portable,branch,solved-exact,ok
304-instcombine-apint-isallones-n5-d16.pbqp,none,structured,branch,solved-exact,ok
304-instcombine-apint-isallones-n5-d16.pbqp,heuristic,avx2,branch,solved-exact,ok
304-instcombine-apint-isallones-n5-d16.pbqp,heuristic,portable,branch,solved-exact,ok
304-instcombine-apint-isallones-n5-d16.pbqp,heuristic,structured,branch,solved-exact,ok
304-instcombine-apint-isallones-n5-d16.pbqp,none,avx2,heuristic,solved-heuristic,ok
305-instcombine-apfloat-operator-n4-d16.pbqp,none,avx2,branch,solved-exact,ok
305-instcombine-apfloat-operator-n4-d16.pbqp,none,portable,branch,solved-exact,ok
305-instcombine-apfloat-operator-n4-d16.pbqp,none,structured,branch,solved-exact,ok
305-instcombine-apfloat-operator-n4-d16.pbqp,heuristic,avx2,branch,solved-exact,ok
305-instcombine-apfloat-operator-n4-d16.pbqp,heuristic,portable,branch,solved-exact,ok
305-instcombine-apfloat-operator-n4-d16.pbqp,heuristic,structured,branch,solved-exact,ok
305-instcombine-apfloat-operator-n4-d16.pbqp,none,avx2,heuristic,solved-heuristic,ok
306-instcombine-std-find-if-n35-d16.pbqp,none,avx2,branch,search-node-limit,ok
306-instcombine-std-find-if-n35-d16.pbqp,none,portable,branch,search-node-limit,ok
306-instcombine-std-find-if-n35-d16.pbqp,none,structured,branch,search-node-limit,ok
306-instcombine-std-find-if-n35-d16.pbqp,heuristic,avx2,branch,solved-exact,ok
306-instcombine-std-find-if-n35-d16.pbqp,heuristic,portable,branch,solved-exact,ok
306-instcombine-std-find-if-n35-d16.pbqp,heuristic,structured,branch,solved-exact,ok
306-instcombine-std-find-if-n35-d16.pbqp,none,avx2,heuristic,solved-heuristic,ok
307-instcombine-0-operator-n97-d16.pbqp,none,avx2,branch,search-node-limit,ok
307-instcombine-0-operator-n97-d16.pbqp,none,portable,branch,search-node-limit,ok
307-instcombine-0-operator-n97-d16.pbqp,none,structured,branch,search-node-limit,ok
307-instcombine-0-operator-n97-d16.pbqp,heuristic,avx2,branch,solved-exact,ok
307-instcombine-0-operator-n97-d16.pbqp,heuristic,portable,branch,solved-exact,ok
307-instcombine-0-operator-n97-d16.pbqp,heuristic,structured,branch,solved-exact,ok
307-instcombine-0-operator-n97-d16.pbqp,none,avx2,heuristic,solved-heuristic,ok
308-instcombine-0-operator-n28-d17.pbqp,none,avx2,branch,search-node-limit,ok
308-instcombine-0-operator-n28-d17.pbqp,none,portable,branch,search-node-limit,ok
308-instcombine-0-operator-n28-d17.pbqp,none,structured,branch,search-node-limit,ok
308-instcombine-0-operator-n28-d17.pbqp,heuristic,avx2,branch,solved-exact,ok
308-instcombine-0-operator-n28-d17.pbqp,heuristic,portable,branch,solved-exact,ok
308-instcombine-0-operator-n28-d17.pbqp,heuristic,structured,branch,solved-exact,ok
308-instcombine-0-operator-n28-d17.pbqp,none,avx2,heuristic,solved-heuristic,ok
309-instcombine-2-operator-n12-d16.pbqp,none,avx2,branch,solved-exact,ok
309-instcombine-2-operator-n12-d16.pbqp,none,portable,branch,solved-exact,ok
309-instcombine-2-operator-n12-d16.pbqp,none,structured,branch,solved-exact,ok
309-instcombine-2-operator-n12-d16.pbqp,heuristic,avx2,branch,solved-exact,ok
309-instcombine-2-operator-n12-d16.pbqp,heuristic,portable,branch,solved-exact,ok
309-instcombine-2-operator-n12-d16.pbqp,heuristic,structured,branch,solved-exact,ok
309-instcombine-2-operator-n12-d16.pbqp,none,avx2,heuristic,solved-heuristic,ok
310-instcombine-3-operator-n26-d16.pbqp,none,avx2,branch,search-node-limit,ok
310-instcombine-3-operator-n26-d16.pbqp,none,portable,branch,search-node-limit,ok
310-instcombine-3-operator-n26-d16.pbqp,none,structured,branch,search-node-limit,ok
310-instcombine-3-operator-n26-d16.pbqp,heuristic,avx2,branch,search-node-limit,ok
310-instcombine-3-operator-n26-d16.pbqp,heuristic,portable,branch,search-node-limit,ok
310-instcombine-3-operator-n26-d16.pbqp,heuristic,structured,branch,search-node-limit,ok
310-instcombine-3-operator-n26-d16.pbqp,none,avx2,heuristic,solved-heuristic,ok
311-instcombine-3-operator-n27-d16-r1.pbqp,none,avx2,branch,search-node-limit,ok
311-instcombine-3-operator-n27-d16-r1.pbqp,none,portable,branch,search-node-limit,ok
311-instcombine-3-operator-n27-d16-r1.pbqp,none,structured,branch,search-node-limit,ok
311-instcombine-3-operator-n27-d16-r1.pbqp,heuristic,avx2,branch,solved-exact,ok
311-instcombine-3-operator-n27-d16-r1.pbqp,heuristic,portable,branch,solved-exact,ok
311-instcombine-3-operator-n27-d16-r1.pbqp,heuristic,structured,branch,solved-exact,ok
311-instcombine-3-operator-n27-d16-r1.pbqp,none,avx2,heuristic,solved-heuristic,ok
312-instcombine-3-operator-n26-d16.pbqp,none,avx2,branch,search-node-limit,ok
312-instcombine-3-operator-n26-d16.pbqp,none,portable,branch,search-node-limit,ok
312-instcombine-3-operator-n26-d16.pbqp,none,structured,branch,search-node-limit,ok
312-instcombine-3-operator-n26-d16.pbqp,heuristic,avx2,branch,search-node-limit,ok
312-instcombine-3-operator-n26-d16.pbqp,heuristic,portable,branch,search-node-limit,ok
312-instcombine-3-operator-n26-d16.pbqp,heuristic,structured,branch,search-node-limit,ok
312-instcombine-3-operator-n26-d16.pbqp,none,avx2,heuristic,solved-heuristic,ok
313-instcombine-3-operator-n27-d16-r1.pbqp,none,avx2,branch,search-node-limit,ok
313-instcombine-3-operator-n27-d16-r1.pbqp,none,portable,branch,search-node-limit,ok
313-instcombine-3-operator-n27-d16-r1.pbqp,none,structured,branch,search-node-limit,ok
313-instcombine-3-operator-n27-d16-r1.pbqp,heuristic,avx2,branch,solved-exact,ok
313-instcombine-3-operator-n27-d16-r1.pbqp,heuristic,portable,branch,solved-exact,ok
313-instcombine-3-operator-n27-d16-r1.pbqp,heuristic,structured,branch,solved-exact,ok
313-instcombine-3-operator-n27-d16-r1.pbqp,none,avx2,heuristic,solved-heuristic,ok
314-instcombine-6-operator-n54-d16.pbqp,none,avx2,branch,search-node-limit,ok
314-instcombine-6-operator-n54-d16.pbqp,none,portable,branch,search-node-limit,ok
314-instcombine-6-operator-n54-d16.pbqp,none,structured,branch,search-node-limit,ok
314-instcombine-6-operator-n54-d16.pbqp,heuristic,avx2,branch,solved-exact,ok
314-instcombine-6-operator-n54-d16.pbqp,heuristic,portable,branch,solved-exact,ok
314-instcombine-6-operator-n54-d16.pbqp,heuristic,structured,branch,solved-exact,ok
314-instcombine-6-operator-n54-d16.pbqp,none,avx2,heuristic,solved-heuristic,ok
315-instcombine-0-operator-n12-d16.pbqp,none,avx2,branch,search-node-limit,ok
315-instcombine-0-operator-n12-d16.pbqp,none,portable,branch,search-node-limit,ok
315-instcombine-0-operator-n12-d16.pbqp,none,structured,branch,search-node-limit,ok
315-instcombine-0-operator-n12-d16.pbqp,heuristic,avx2,branch,solved-exact,ok
315-instcombine-0-operator-n12-d16.pbqp,heuristic,portable,branch,solved-exact,ok
315-instcombine-0-operator-n12-d16.pbqp,heuristic,structured,branch,solved-exact,ok
315-instcombine-0-operator-n12-d16.pbqp,none,avx2,heuristic,solved-heuristic,ok
316-mbb-global-sub-i-machinebasicblock-cpp-n7-d17.pbqp,none,avx2,branch,solved-exact,ok
316-mbb-global-sub-i-machinebasicblock-cpp-n7-d17.pbqp,none,portable,branch,solved-exact,ok
316-mbb-global-sub-i-machinebasicblock-cpp-n7-d17.pbqp,none,structured,branch,solved-exact,ok
316-mbb-global-sub-i-machinebasicblock-cpp-n7-d17.pbqp,heuristic,avx2,branch,solved-exact,ok
316-mbb-global-sub-i-machinebasicblock-cpp-n7-d17.pbqp,heuristic,portable,branch,solved-exact,ok
316-mbb-global-sub-i-machinebasicblock-cpp-n7-d17.pbqp,heuristic,structured,branch,solved-exact,ok
316-mbb-global-sub-i-machinebasicblock-cpp-n7-d17.pbqp,none,avx2,heuristic,solved-heuristic,ok
317-mbb-slotindexupdatedelegate-mf-handlerem-n6-d16.pbqp,none,avx2,branch,solved-exact,ok
317-mbb-slotindexupdatedelegate-mf-handlerem-n6-d16.pbqp,none,portable,branch,solved-exact,ok
317-mbb-slotindexupdatedelegate-mf-handlerem-n6-d16.pbqp,none,structured,branch,solved-exact,ok
317-mbb-slotindexupdatedelegate-mf-handlerem-n6-d16.pbqp,heuristic,avx2,branch,solved-exact,ok
317-mbb-slotindexupdatedelegate-mf-handlerem-n6-d16.pbqp,heuristic,portable,branch,solved-exact,ok
317-mbb-slotindexupdatedelegate-mf-handlerem-n6-d16.pbqp,heuristic,structured,branch,solved-exact,ok
317-mbb-slotindexupdatedelegate-mf-handlerem-n6-d16.pbqp,none,avx2,heuristic,solved-heuristic,ok
318-mbb-slotindexupdatedelegate-mf-handleins-n3-d16.pbqp,none,avx2,branch,solved-exact,ok
318-mbb-slotindexupdatedelegate-mf-handleins-n3-d16.pbqp,none,portable,branch,solved-exact,ok
318-mbb-slotindexupdatedelegate-mf-handleins-n3-d16.pbqp,none,structured,branch,solved-exact,ok
318-mbb-slotindexupdatedelegate-mf-handleins-n3-d16.pbqp,heuristic,avx2,branch,solved-exact,ok
318-mbb-slotindexupdatedelegate-mf-handleins-n3-d16.pbqp,heuristic,portable,branch,solved-exact,ok
318-mbb-slotindexupdatedelegate-mf-handleins-n3-d16.pbqp,heuristic,structured,branch,solved-exact,ok
318-mbb-slotindexupdatedelegate-mf-handleins-n3-d16.pbqp,none,avx2,heuristic,solved-heuristic,ok
319-mbb-slotindexupdatedelegate-slotindexupd-n13-d16.pbqp,none,avx2,branch,solved-exact,ok
319-mbb-slotindexupdatedelegate-slotindexupd-n13-d16.pbqp,none,portable,branch,solved-exact,ok
319-mbb-slotindexupdatedelegate-slotindexupd-n13-d16.pbqp,none,structured,branch,solved-exact,ok
319-mbb-slotindexupdatedelegate-slotindexupd-n13-d16.pbqp,heuristic,avx2,branch,solved-exact,ok
319-mbb-slotindexupdatedelegate-slotindexupd-n13-d16.pbqp,heuristic,portable,branch,solved-exact,ok
319-mbb-slotindexupdatedelegate-slotindexupd-n13-d16.pbqp,heuristic,structured,branch,solved-exact,ok
319-mbb-slotindexupdatedelegate-slotindexupd-n13-d16.pbqp,none,avx2,heuristic,solved-heuristic,ok
320-mbb-slotindexupdatedelegate-slotindexupd-n15-d17.pbqp,none,avx2,branch,solved-exact,ok
320-mbb-slotindexupdatedelegate-slotindexupd-n15-d17.pbqp,none,portable,branch,solved-exact,ok
320-mbb-slotindexupdatedelegate-slotindexupd-n15-d17.pbqp,none,structured,branch,solved-exact,ok
320-mbb-slotindexupdatedelegate-slotindexupd-n15-d17.pbqp,heuristic,avx2,branch,solved-exact,ok
320-mbb-slotindexupdatedelegate-slotindexupd-n15-d17.pbqp,heuristic,portable,branch,solved-exact,ok
320-mbb-slotindexupdatedelegate-slotindexupd-n15-d17.pbqp,heuristic,structured,branch,solved-exact,ok
320-mbb-slotindexupdatedelegate-slotindexupd-n15-d17.pbqp,none,avx2,heuristic,solved-heuristic,ok
321-mbb-slotindexes-insertmbbinmaps-n25-d17.pbqp,none,avx2,branch,search-node-limit,ok
321-mbb-slotindexes-insertmbbinmaps-n25-d17.pbqp,none,portable,branch,search-node-limit,ok
321-mbb-slotindexes-insertmbbinmaps-n25-d17.pbqp,none,structured,branch,search-node-limit,ok
321-mbb-slotindexes-insertmbbinmaps-n25-d17.pbqp,heuristic,avx2,branch,solved-exact,ok
321-mbb-slotindexes-insertmbbinmaps-n25-d17.pbqp,heuristic,portable,branch,solved-exact,ok
321-mbb-slotindexes-insertmbbinmaps-n25-d17.pbqp,heuristic,structured,branch,solved-exact,ok
321-mbb-slotindexes-insertmbbinmaps-n25-d17.pbqp,none,avx2,heuristic,solved-heuristic,ok
322-mbb-slotindexes-insertmachineinstrinmaps-n15-d17.pbqp,none,avx2,branch,search-node-limit,ok
322-mbb-slotindexes-insertmachineinstrinmaps-n15-d17.pbqp,none,portable,branch,search-node-limit,ok
322-mbb-slotindexes-insertmachineinstrinmaps-n15-d17.pbqp,none,structured,branch,search-node-limit,ok
322-mbb-slotindexes-insertmachineinstrinmaps-n15-d17.pbqp,heuristic,avx2,branch,solved-exact,ok
322-mbb-slotindexes-insertmachineinstrinmaps-n15-d17.pbqp,heuristic,portable,branch,solved-exact,ok
322-mbb-slotindexes-insertmachineinstrinmaps-n15-d17.pbqp,heuristic,structured,branch,solved-exact,ok
322-mbb-slotindexes-insertmachineinstrinmaps-n15-d17.pbqp,none,avx2,heuristic,solved-heuristic,ok
323-mbb-iplist-impl-erase-n11-d16.pbqp,none,avx2,branch,search-node-limit,ok
323-mbb-iplist-impl-erase-n11-d16.pbqp,none,portable,branch,search-node-limit,ok
323-mbb-iplist-impl-erase-n11-d16.pbqp,none,structured,branch,search-node-limit,ok
323-mbb-iplist-impl-erase-n11-d16.pbqp,heuristic,avx2,branch,solved-exact,ok
323-mbb-iplist-impl-erase-n11-d16.pbqp,heuristic,portable,branch,solved-exact,ok
323-mbb-iplist-impl-erase-n11-d16.pbqp,heuristic,structured,branch,solved-exact,ok
323-mbb-iplist-impl-erase-n11-d16.pbqp,none,avx2,heuristic,solved-heuristic,ok
324-mbb-densemapbase-movefrom-n29-d17.pbqp,none,avx2,branch,search-node-limit,ok
324-mbb-densemapbase-movefrom-n29-d17.pbqp,none,portable,branch,search-node-limit,ok
324-mbb-densemapbase-movefrom-n29-d17.pbqp,none,structured,branch,search-node-limit,ok
324-mbb-densemapbase-movefrom-n29-d17.pbqp,heuristic,avx2,branch,search-node-limit,ok
324-mbb-densemapbase-movefrom-n29-d17.pbqp,heuristic,portable,branch,search-node-limit,ok
324-mbb-densemapbase-movefrom-n29-d17.pbqp,heuristic,structured,branch,search-node-limit,ok
324-mbb-densemapbase-movefrom-n29-d17.pbqp,none,avx2,heuristic,solved-heuristic,ok
325-mbb-densemapbase-movefrom-n42-d17-r1.pbqp,none,avx2,branch,search-node-limit,ok
325-mbb-densemapbase-movefrom-n42-d17-r1.pbqp,none,portable,branch,search-node-limit,ok
325-mbb-densemapbase-movefrom-n42-d17-r1.pbqp,none,structured,branch,search-node-limit,ok
325-mbb-densemapbase-movefrom-n42-d17-r1.pbqp,heuristic,avx2,branch,search-node-limit,ok
325-mbb-densemapbase-movefrom-n42-d17-r1.pbqp,heuristic,portable,branch,search-node-limit,ok
325-mbb-densemapbase-movefrom-n42-d17-r1.pbqp,heuristic,structured,branch,search-node-limit,ok
325-mbb-densemapbase-movefrom-n42-d17-r1.pbqp,none,avx2,heuristic,solved-heuristic,ok
326-mbb-densemapbase-lookuporinsertintobucke-n24-d16.pbqp,none,avx2,branch,search-node-limit,ok
326-mbb-densemapbase-lookuporinsertintobucke-n24-d16.pbqp,none,portable,branch,search-node-limit,ok
326-mbb-densemapbase-lookuporinsertintobucke-n24-d16.pbqp,none,structured,branch,search-node-limit,ok
326-mbb-densemapbase-lookuporinsertintobucke-n24-d16.pbqp,heuristic,avx2,branch,solved-exact,ok
326-mbb-densemapbase-lookuporinsertintobucke-n24-d16.pbqp,heuristic,portable,branch,solved-exact,ok
326-mbb-densemapbase-lookuporinsertintobucke-n24-d16.pbqp,heuristic,structured,branch,solved-exact,ok
326-mbb-densemapbase-lookuporinsertintobucke-n24-d16.pbqp,none,avx2,heuristic,solved-heuristic,ok
327-mbb-densemapbase-lookupbucketfor-n15-d16.pbqp,none,avx2,branch,search-node-limit,ok
327-mbb-densemapbase-lookupbucketfor-n15-d16.pbqp,none,portable,branch,search-node-limit,ok
327-mbb-densemapbase-lookupbucketfor-n15-d16.pbqp,none,structured,branch,search-node-limit,ok
327-mbb-densemapbase-lookupbucketfor-n15-d16.pbqp,heuristic,avx2,branch,solved-exact,ok
327-mbb-densemapbase-lookupbucketfor-n15-d16.pbqp,heuristic,portable,branch,solved-exact,ok
327-mbb-densemapbase-lookupbucketfor-n15-d16.pbqp,heuristic,structured,branch,solved-exact,ok
327-mbb-densemapbase-lookupbucketfor-n15-d16.pbqp,none,avx2,heuristic,solved-heuristic,ok
328-mbb-densemapbase-grow-n20-d17.pbqp,none,avx2,branch,solved-exact,ok
328-mbb-densemapbase-grow-n20-d17.pbqp,none,portable,branch,solved-exact,ok
328-mbb-densemapbase-grow-n20-d17.pbqp,none,structured,branch,solved-exact,ok
328-mbb-densemapbase-grow-n20-d17.pbqp,heuristic,avx2,branch,solved-exact,ok
328-mbb-densemapbase-grow-n20-d17.pbqp,heuristic,portable,branch,solved-exact,ok
328-mbb-densemapbase-grow-n20-d17.pbqp,heuristic,structured,branch,solved-exact,ok
328-mbb-densemapbase-grow-n20-d17.pbqp,none,avx2,heuristic,solved-heuristic,ok
329-mbb-densemapbase-lookuporinsertintobucke-n22-d16.pbqp,none,avx2,branch,search-node-limit,ok
329-mbb-densemapbase-lookuporinsertintobucke-n22-d16.pbqp,none,portable,branch,search-node-limit,ok
329-mbb-densemapbase-lookuporinsertintobucke-n22-d16.pbqp,none,structured,branch,search-node-limit,ok
329-mbb-densemapbase-lookuporinsertintobucke-n22-d16.pbqp,heuristic,avx2,branch,solved-exact,ok
329-mbb-densemapbase-lookuporinsertintobucke-n22-d16.pbqp,heuristic,portable,branch,solved-exact,ok
329-mbb-densemapbase-lookuporinsertintobucke-n22-d16.pbqp,heuristic,structured,branch,solved-exact,ok
329-mbb-densemapbase-lookuporinsertintobucke-n22-d16.pbqp,none,avx2,heuristic,solved-heuristic,ok
330-mbb-densemapbase-grow-n22-d17.pbqp,none,avx2,branch,solved-exact,ok
330-mbb-densemapbase-grow-n22-d17.pbqp,none,portable,branch,solved-exact,ok
330-mbb-densemapbase-grow-n22-d17.pbqp,none,structured,branch,solved-exact,ok
330-mbb-densemapbase-grow-n22-d17.pbqp,heuristic,avx2,branch,solved-exact,ok
330-mbb-densemapbase-grow-n22-d17.pbqp,heuristic,portable,branch,solved-exact,ok
330-mbb-densemapbase-grow-n22-d17.pbqp,heuristic,structured,branch,solved-exact,ok
330-mbb-densemapbase-grow-n22-d17.pbqp,none,avx2,heuristic,solved-heuristic,ok
331-mbb-densemapbase-lookupbucketfor-n15-d16.pbqp,none,avx2,branch,search-node-limit,ok
331-mbb-densemapbase-lookupbucketfor-n15-d16.pbqp,none,portable,branch,search-node-limit,ok
331-mbb-densemapbase-lookupbucketfor-n15-d16.pbqp,none,structured,branch,search-node-limit,ok
331-mbb-densemapbase-lookupbucketfor-n15-d16.pbqp,heuristic,avx2,branch,solved-exact,ok
331-mbb-densemapbase-lookupbucketfor-n15-d16.pbqp,heuristic,portable,branch,solved-exact,ok
331-mbb-densemapbase-lookupbucketfor-n15-d16.pbqp,heuristic,structured,branch,solved-exact,ok
331-mbb-densemapbase-lookupbucketfor-n15-d16.pbqp,none,avx2,heuristic,solved-heuristic,ok
332-mbb-densemapbase-erasefromfilledbucket-n18-d16.pbqp,none,avx2,branch,search-node-limit,ok
332-mbb-densemapbase-erasefromfilledbucket-n18-d16.pbqp,none,portable,branch,search-node-limit,ok
332-mbb-densemapbase-erasefromfilledbucket-n18-d16.pbqp,none,structured,branch,search-node-limit,ok
332-mbb-densemapbase-erasefromfilledbucket-n18-d16.pbqp,heuristic,avx2,branch,search-node-limit,ok
332-mbb-densemapbase-erasefromfilledbucket-n18-d16.pbqp,heuristic,portable,branch,search-node-limit,ok
332-mbb-densemapbase-erasefromfilledbucket-n18-d16.pbqp,heuristic,structured,branch,search-node-limit,ok
332-mbb-densemapbase-erasefromfilledbucket-n18-d16.pbqp,none,avx2,heuristic,solved-heuristic,ok
333-mbb-densemapbase-movefrom-n26-d17.pbqp,none,avx2,branch,search-node-limit,ok
333-mbb-densemapbase-movefrom-n26-d17.pbqp,none,portable,branch,search-node-limit,ok
333-mbb-densemapbase-movefrom-n26-d17.pbqp,none,structured,branch,search-node-limit,ok
333-mbb-densemapbase-movefrom-n26-d17.pbqp,heuristic,avx2,branch,search-node-limit,ok
333-mbb-densemapbase-movefrom-n26-d17.pbqp,heuristic,portable,branch,search-node-limit,ok
333-mbb-densemapbase-movefrom-n26-d17.pbqp,heuristic,structured,branch,search-node-limit,ok
333-mbb-densemapbase-movefrom-n26-d17.pbqp,none,avx2,heuristic,solved-heuristic,ok
334-mbb-densemapbase-movefrom-n38-d17-r1.pbqp,none,avx2,branch,search-node-limit,ok
334-mbb-densemapbase-movefrom-n38-d17-r1.pbqp,none,portable,branch,search-node-limit,ok
334-mbb-densemapbase-movefrom-n38-d17-r1.pbqp,none,structured,branch,search-node-limit,ok
334-mbb-densemapbase-movefrom-n38-d17-r1.pbqp,heuristic,avx2,branch,search-node-limit,ok
334-mbb-densemapbase-movefrom-n38-d17-r1.pbqp,heuristic,portable,branch,search-node-limit,ok
334-mbb-densemapbase-movefrom-n38-d17-r1.pbqp,heuristic,structured,branch,search-node-limit,ok
334-mbb-densemapbase-movefrom-n38-d17-r1.pbqp,none,avx2,heuristic,solved-heuristic,ok
335-mbb-function-ref-callback-fn-n7-d17.pbqp,none,avx2,branch,solved-exact,ok
335-mbb-function-ref-callback-fn-n7-d17.pbqp,none,portable,branch,solved-exact,ok
335-mbb-function-ref-callback-fn-n7-d17.pbqp,none,structured,branch,solved-exact,ok
335-mbb-function-ref-callback-fn-n7-d17.pbqp,heuristic,avx2,branch,solved-exact,ok
335-mbb-function-ref-callback-fn-n7-d17.pbqp,heuristic,portable,branch,solved-exact,ok
335-mbb-function-ref-callback-fn-n7-d17.pbqp,heuristic,structured,branch,solved-exact,ok
335-mbb-function-ref-callback-fn-n7-d17.pbqp,none,avx2,heuristic,solved-heuristic,ok
336-mbb-function-ref-callback-fn-n7-d16.pbqp,none,avx2,branch,solved-exact,ok
336-mbb-function-ref-callback-fn-n7-d16.pbqp,none,portable,branch,solved-exact,ok
336-mbb-function-ref-callback-fn-n7-d16.pbqp,none,structured,branch,solved-exact,ok
336-mbb-function-ref-callback-fn-n7-d16.pbqp,heuristic,avx2,branch,solved-exact,ok
336-mbb-function-ref-callback-fn-n7-d16.pbqp,heuristic,portable,branch,solved-exact,ok
336-mbb-function-ref-callback-fn-n7-d16.pbqp,heuristic,structured,branch,solved-exact,ok
336-mbb-function-ref-callback-fn-n7-d16.pbqp,none,avx2,heuristic,solved-heuristic,ok
337-mbb-function-ref-callback-fn-n7-d16.pbqp,none,avx2,branch,solved-exact,ok
337-mbb-function-ref-callback-fn-n7-d16.pbqp,none,portable,branch,solved-exact,ok
337-mbb-function-ref-callback-fn-n7-d16.pbqp,none,structured,branch,solved-exact,ok
337-mbb-function-ref-callback-fn-n7-d16.pbqp,heuristic,avx2,branch,solved-exact,ok
337-mbb-function-ref-callback-fn-n7-d16.pbqp,heuristic,portable,branch,solved-exact,ok
337-mbb-function-ref-callback-fn-n7-d16.pbqp,heuristic,structured,branch,solved-exact,ok
337-mbb-function-ref-callback-fn-n7-d16.pbqp,none,avx2,heuristic,solved-heuristic,ok
338-mbb-ilist-traits-deletenode-n4-d16.pbqp,none,avx2,branch,solved-exact,ok
338-mbb-ilist-traits-deletenode-n4-d16.pbqp,none,portable,branch,solved-exact,ok
338-mbb-ilist-traits-deletenode-n4-d16.pbqp,none,structured,branch,solved-exact,ok
338-mbb-ilist-traits-deletenode-n4-d16.pbqp,heuristic,avx2,branch,solved-exact,ok
338-mbb-ilist-traits-deletenode-n4-d16.pbqp,heuristic,portable,branch,solved-exact,ok
338-mbb-ilist-traits-deletenode-n4-d16.pbqp,heuristic,structured,branch,solved-exact,ok
338-mbb-ilist-traits-deletenode-n4-d16.pbqp,none,avx2,heuristic,solved-heuristic,ok
339-mbb-ilist-traits-addnodetolist-n5-d16.pbqp,none,avx2,branch,solved-exact,ok
339-mbb-ilist-traits-addnodetolist-n5-d16.pbqp,none,portable,branch,solved-exact,ok
339-mbb-ilist-traits-addnodetolist-n5-d16.pbqp,none,structured,branch,solved-exact,ok
339-mbb-ilist-traits-addnodetolist-n5-d16.pbqp,heuristic,avx2,branch,solved-exact,ok
339-mbb-ilist-traits-addnodetolist-n5-d16.pbqp,heuristic,portable,branch,solved-exact,ok
339-mbb-ilist-traits-addnodetolist-n5-d16.pbqp,heuristic,structured,branch,solved-exact,ok
339-mbb-ilist-traits-addnodetolist-n5-d16.pbqp,none,avx2,heuristic,solved-heuristic,ok
340-mbb-ilist-traits-removenodefromlist-n3-d15.pbqp,none,avx2,branch,solved-exact,ok
340-mbb-ilist-traits-removenodefromlist-n3-d15.pbqp,none,portable,branch,solved-exact,ok
340-mbb-ilist-traits-removenodefromlist-n3-d15.pbqp,none,structured,branch,solved-exact,ok
340-mbb-ilist-traits-removenodefromlist-n3-d15.pbqp,heuristic,avx2,branch,solved-exact,ok
340-mbb-ilist-traits-removenodefromlist-n3-d15.pbqp,heuristic,portable,branch,solved-exact,ok
340-mbb-ilist-traits-removenodefromlist-n3-d15.pbqp,heuristic,structured,branch,solved-exact,ok
340-mbb-ilist-traits-removenodefromlist-n3-d15.pbqp,none,avx2,heuristic,solved-heuristic,ok
341-mbb-ilist-traits-transfernodesfromlist-n5-d16.pbqp,none,avx2,branch,solved-exact,ok
341-mbb-ilist-traits-transfernodesfromlist-n5-d16.pbqp,none,portable,branch,solved-exact,ok
341-mbb-ilist-traits-transfernodesfromlist-n5-d16.pbqp,none,structured,branch,solved-exact,ok
341-mbb-ilist-traits-transfernodesfromlist-n5-d16.pbqp,heuristic,avx2,branch,solved-exact,ok
341-mbb-ilist-traits-transfernodesfromlist-n5-d16.pbqp,heuristic,portable,branch,solved-exact,ok
341-mbb-ilist-traits-transfernodesfromlist-n5-d16.pbqp,heuristic,structured,branch,solved-exact,ok
341-mbb-ilist-traits-transfernodesfromlist-n5-d16.pbqp,none,avx2,heuristic,solved-heuristic,ok
342-mbb-liveintervals-removeregunit-n11-d16.pbqp,none,avx2,branch,solved-exact,ok
342-mbb-liveintervals-removeregunit-n11-d16.pbqp,none,portable,branch,solved-exact,ok
342-mbb-liveintervals-removeregunit-n11-d16.pbqp,none,structured,branch,solved-exact,ok
342-mbb-liveintervals-removeregunit-n11-d16.pbqp,heuristic,avx2,branch,solved-exact,ok
342-mbb-liveintervals-removeregunit-n11-d16.pbqp,heuristic,portable,branch,solved-exact,ok
342-mbb-liveintervals-removeregunit-n11-d16.pbqp,heuristic,structured,branch,solved-exact,ok
342-mbb-liveintervals-removeregunit-n11-d16.pbqp,none,avx2,heuristic,solved-heuristic,ok
343-mbb-machinebasicblock-movebefore-n6-d16.pbqp,none,avx2,branch,solved-exact,ok
343-mbb-machinebasicblock-movebefore-n6-d16.pbqp,none,portable,branch,solved-exact,ok
343-mbb-machinebasicblock-movebefore-n6-d16.pbqp,none,structured,branch,solved-exact,ok
343-mbb-machinebasicblock-movebefore-n6-d16.pbqp,heuristic,avx2,branch,solved-exact,ok
343-mbb-machinebasicblock-movebefore-n6-d16.pbqp,heuristic,portable,branch,solved-exact,ok
343-mbb-machinebasicblock-movebefore-n6-d16.pbqp,heuristic,structured,branch,solved-exact,ok
343-mbb-machinebasicblock-movebefore-n6-d16.pbqp,none,avx2,heuristic,solved-heuristic,ok
344-mbb-machinebasicblock-addsuccessor-n26-d17.pbqp,none,avx2,branch,search-node-limit,ok
344-mbb-machinebasicblock-addsuccessor-n26-d17.pbqp,none,portable,branch,search-node-limit,ok
344-mbb-machinebasicblock-addsuccessor-n26-d17.pbqp,none,structured,branch,search-node-limit,ok
344-mbb-machinebasicblock-addsuccessor-n26-d17.pbqp,heuristic,avx2,branch,search-node-limit,ok
344-mbb-machinebasicblock-addsuccessor-n26-d17.pbqp,heuristic,portable,branch,search-node-limit,ok
344-mbb-machinebasicblock-addsuccessor-n26-d17.pbqp,heuristic,structured,branch,search-node-limit,ok
344-mbb-machinebasicblock-addsuccessor-n26-d17.pbqp,none,avx2,heuristic,solved-heuristic,ok
345-mbb-machinebasicblock-addsuccessor-n35-d17-r1.pbqp,none,avx2,branch,search-node-limit,ok
345-mbb-machinebasicblock-addsuccessor-n35-d17-r1.pbqp,none,portable,branch,search-node-limit,ok
345-mbb-machinebasicblock-addsuccessor-n35-d17-r1.pbqp,none,structured,branch,search-node-limit,ok
345-mbb-machinebasicblock-addsuccessor-n35-d17-r1.pbqp,heuristic,avx2,branch,solved-exact,ok
345-mbb-machinebasicblock-addsuccessor-n35-d17-r1.pbqp,heuristic,portable,branch,solved-exact,ok
345-mbb-machinebasicblock-addsuccessor-n35-d17-r1.pbqp,heuristic,structured,branch,solved-exact,ok
345-mbb-machinebasicblock-addsuccessor-n35-d17-r1.pbqp,none,avx2,heuristic,solved-heuristic,ok
346-mbb-machinebasicblock-clearliveins-n6-d17.pbqp,none,avx2,branch,solved-exact,ok
346-mbb-machinebasicblock-clearliveins-n6-d17.pbqp,none,portable,branch,solved-exact,ok
346-mbb-machinebasicblock-clearliveins-n6-d17.pbqp,none,structured,branch,solved-exact,ok
346-mbb-machinebasicblock-clearliveins-n6-d17.pbqp,heuristic,avx2,branch,solved-exact,ok
346-mbb-machinebasicblock-clearliveins-n6-d17.pbqp,heuristic,portable,branch,solved-exact,ok
346-mbb-machinebasicblock-clearliveins-n6-d17.pbqp,heuristic,structured,branch,solved-exact,ok
346-mbb-machinebasicblock-clearliveins-n6-d17.pbqp,none,avx2,heuristic,solved-heuristic,ok
347-mbb-machinebasicblock-clearliveins-n2-d16.pbqp,none,avx2,branch,solved-exact,ok
347-mbb-machinebasicblock-clearliveins-n2-d16.pbqp,none,portable,branch,solved-exact,ok
347-mbb-machinebasicblock-clearliveins-n2-d16.pbqp,none,structured,branch,solved-exact,ok
347-mbb-machinebasicblock-clearliveins-n2-d16.pbqp,heuristic,avx2,branch,solved-exact,ok
347-mbb-machinebasicblock-clearliveins-n2-d16.pbqp,heuristic,portable,branch,solved-exact,ok
347-mbb-machinebasicblock-clearliveins-n2-d16.pbqp,heuristic,structured,branch,solved-exact,ok
347-mbb-machinebasicblock-clearliveins-n2-d16.pbqp,none,avx2,heuristic,solved-heuristic,ok
348-mbb-machinebasicblock-finddebugloc-n5-d16.pbqp,none,avx2,branch,solved-exact,ok
348-mbb-machinebasicblock-finddebugloc-n5-d16.pbqp,none,portable,branch,solved-exact,ok
348-mbb-machinebasicblock-finddebugloc-n5-d16.pbqp,none,structured,branch,solved-exact,ok
348-mbb-machinebasicblock-finddebugloc-n5-d16.pbqp,heuristic,avx2,branch,solved-exact,ok
348-mbb-machinebasicblock-finddebugloc-n5-d16.pbqp,heuristic,portable,branch,solved-exact,ok
348-mbb-machinebasicblock-finddebugloc-n5-d16.pbqp,heuristic,structured,branch,solved-exact,ok
348-mbb-machinebasicblock-finddebugloc-n5-d16.pbqp,none,avx2,heuristic,solved-heuristic,ok
349-mbb-machinebasicblock-removelivein-n5-d17.pbqp,none,avx2,branch,solved-exact,ok
349-mbb-machinebasicblock-removelivein-n5-d17.pbqp,none,portable,branch,solved-exact,ok
349-mbb-machinebasicblock-removelivein-n5-d17.pbqp,none,structured,branch,solved-exact,ok
349-mbb-machinebasicblock-removelivein-n5-d17.pbqp,heuristic,avx2,branch,solved-exact,ok
349-mbb-machinebasicblock-removelivein-n5-d17.pbqp,heuristic,portable,branch,solved-exact,ok
349-mbb-machinebasicblock-removelivein-n5-d17.pbqp,heuristic,structured,branch,solved-exact,ok
349-mbb-machinebasicblock-removelivein-n5-d17.pbqp,none,avx2,heuristic,solved-heuristic,ok
350-mbb-machinebasicblock-removelivein-n9-d17.pbqp,none,avx2,branch,solved-exact,ok
350-mbb-machinebasicblock-removelivein-n9-d17.pbqp,none,portable,branch,solved-exact,ok
350-mbb-machinebasicblock-removelivein-n9-d17.pbqp,none,structured,branch,solved-exact,ok
350-mbb-machinebasicblock-removelivein-n9-d17.pbqp,heuristic,avx2,branch,solved-exact,ok
350-mbb-machinebasicblock-removelivein-n9-d17.pbqp,heuristic,portable,branch,solved-exact,ok
350-mbb-machinebasicblock-removelivein-n9-d17.pbqp,heuristic,structured,branch,solved-exact,ok
350-mbb-machinebasicblock-removelivein-n9-d17.pbqp,none,avx2,heuristic,solved-heuristic,ok
351-mbb-machinebasicblock-remove-instr-n9-d16.pbqp,none,avx2,branch,solved-exact,ok
351-mbb-machinebasicblock-remove-instr-n9-d16.pbqp,none,portable,branch,solved-exact,ok
351-mbb-machinebasicblock-remove-instr-n9-d16.pbqp,none,structured,branch,solved-exact,ok
351-mbb-machinebasicblock-remove-instr-n9-d16.pbqp,heuristic,avx2,branch,solved-exact,ok
351-mbb-machinebasicblock-remove-instr-n9-d16.pbqp,heuristic,portable,branch,solved-exact,ok
351-mbb-machinebasicblock-remove-instr-n9-d16.pbqp,heuristic,structured,branch,solved-exact,ok
351-mbb-machinebasicblock-remove-instr-n9-d16.pbqp,none,avx2,heuristic,solved-heuristic,ok
352-mbb-machinebasicblock-copysuccessor-n22-d16.pbqp,none,avx2,branch,search-node-limit,ok
352-mbb-machinebasicblock-copysuccessor-n22-d16.pbqp,none,portable,branch,search-node-limit,ok
352-mbb-machinebasicblock-copysuccessor-n22-d16.pbqp,none,structured,branch,search-node-limit,ok
352-mbb-machinebasicblock-copysuccessor-n22-d16.pbqp,heuristic,avx2,branch,search-node-limit,ok
352-mbb-machinebasicblock-copysuccessor-n22-d16.pbqp,heuristic,portable,branch,search-node-limit,ok
352-mbb-machinebasicblock-copysuccessor-n22-d16.pbqp,heuristic,structured,branch,search-node-limit,ok
352-mbb-machinebasicblock-copysuccessor-n22-d16.pbqp,none,avx2,heuristic,solved-heuristic,ok
353-mbb-machinebasicblock-rfinddebugloc-n11-d16.pbqp,none,avx2,branch,solved-exact,ok
353-mbb-machinebasicblock-rfinddebugloc-n11-d16.pbqp,none,portable,branch,solved-exact,ok
353-mbb-machinebasicblock-rfinddebugloc-n11-d16.pbqp,none,structured,branch,solved-exact,ok
353-mbb-machinebasicblock-rfinddebugloc-n11-d16.pbqp,heuristic,avx2,branch,solved-exact,ok
353-mbb-machinebasicblock-rfinddebugloc-n11-d16.pbqp,heuristic,portable,branch,solved-exact,ok
353-mbb-machinebasicblock-rfinddebugloc-n11-d16.pbqp,heuristic,structured,branch,solved-exact,ok
353-mbb-machinebasicblock-rfinddebugloc-n11-d16.pbqp,none,avx2,heuristic,solved-heuristic,ok
354-mbb-machinebasicblock-addpredecessor-n4-d16.pbqp,none,avx2,branch,solved-exact,ok
354-mbb-machinebasicblock-addpredecessor-n4-d16.pbqp,none,portable,branch,solved-exact,ok
354-mbb-machinebasicblock-addpredecessor-n4-d16.pbqp,none,structured,branch,solved-exact,ok
354-mbb-machinebasicblock-addpredecessor-n4-d16.pbqp,heuristic,avx2,branch,solved-exact,ok
354-mbb-machinebasicblock-addpredecessor-n4-d16.pbqp,heuristic,portable,branch,solved-exact,ok
354-mbb-machinebasicblock-addpredecessor-n4-d16.pbqp,heuristic,structured,branch,solved-exact,ok
354-mbb-machinebasicblock-addpredecessor-n4-d16.pbqp,none,avx2,heuristic,solved-heuristic,ok
355-mbb-machinebasicblock-canfallthrough-n3-d16.pbqp,none,avx2,branch,solved-exact,ok
355-mbb-machinebasicblock-canfallthrough-n3-d16.pbqp,none,portable,branch,solved-exact,ok
355-mbb-machinebasicblock-canfallthrough-n3-d16.pbqp,none,structured,branch,solved-exact,ok
355-mbb-machinebasicblock-canfallthrough-n3-d16.pbqp,heuristic,avx2,branch,solved-exact,ok
355-mbb-machinebasicblock-canfallthrough-n3-d16.pbqp,heuristic,portable,branch,solved-exact,ok
355-mbb-machinebasicblock-canfallthrough-n3-d16.pbqp,heuristic,structured,branch,solved-exact,ok
355-mbb-machinebasicblock-canfallthrough-n3-d16.pbqp,none,avx2,heuristic,solved-heuristic,ok
356-mbb-machinebasicblock-getfallthrough-n38-d16.pbqp,none,avx2,branch,search-node-limit,ok
356-mbb-machinebasicblock-getfallthrough-n38-d16.pbqp,none,portable,branch,search-node-limit,ok
356-mbb-machinebasicblock-getfallthrough-n38-d16.pbqp,none,structured,branch,search-node-limit,ok
356-mbb-machinebasicblock-getfallthrough-n38-d16.pbqp,heuristic,avx2,branch,solved-exact,ok
356-mbb-machinebasicblock-getfallthrough-n38-d16.pbqp,heuristic,portable,branch,solved-exact,ok
356-mbb-machinebasicblock-getfallthrough-n38-d16.pbqp,heuristic,structured,branch,solved-exact,ok
356-mbb-machinebasicblock-getfallthrough-n38-d16.pbqp,none,avx2,heuristic,solved-heuristic,ok
357-mbb-machinebasicblock-getfirstnonphi-n3-d16.pbqp,none,avx2,branch,solved-exact,ok
357-mbb-machinebasicblock-getfirstnonphi-n3-d16.pbqp,none,portable,branch,solved-exact,ok
357-mbb-machinebasicblock-getfirstnonphi-n3-d16.pbqp,none,structured,branch,solved-exact,ok
357-mbb-machinebasicblock-getfirstnonphi-n3-d16.pbqp,heuristic,avx2,branch,solved-exact,ok
357-mbb-machinebasicblock-getfirstnonphi-n3-d16.pbqp,heuristic,portable,branch,solved-exact,ok
357-mbb-machinebasicblock-getfirstnonphi-n3-d16.pbqp,heuristic,structured,branch,solved-exact,ok
357-mbb-machinebasicblock-getfirstnonphi-n3-d16.pbqp,none,avx2,heuristic,solved-heuristic,ok
358-mbb-machinebasicblock-splitsuccessor-n73-d17.pbqp,none,avx2,branch,search-node-limit,ok
358-mbb-machinebasicblock-splitsuccessor-n73-d17.pbqp,none,portable,branch,search-node-limit,ok
358-mbb-machinebasicblock-splitsuccessor-n73-d17.pbqp,none,structured,branch,search-node-limit,ok
358-mbb-machinebasicblock-splitsuccessor-n73-d17.pbqp,heuristic,avx2,branch,search-node-limit,ok
358-mbb-machinebasicblock-splitsuccessor-n73-d17.pbqp,heuristic,portable,branch,search-node-limit,ok
358-mbb-machinebasicblock-splitsuccessor-n73-d17.pbqp,heuristic,structured,branch,search-node-limit,ok
358-mbb-machinebasicblock-splitsuccessor-n73-d17.pbqp,none,avx2,heuristic,solved-heuristic,ok
359-mbb-machinebasicblock-erasefromparent-n7-d17.pbqp,none,avx2,branch,solved-exact,ok
359-mbb-machinebasicblock-erasefromparent-n7-d17.pbqp,none,portable,branch,solved-exact,ok
359-mbb-machinebasicblock-erasefromparent-n7-d17.pbqp,none,structured,branch,solved-exact,ok
359-mbb-machinebasicblock-erasefromparent-n7-d17.pbqp,heuristic,avx2,branch,solved-exact,ok
359-mbb-machinebasicblock-erasefromparent-n7-d17.pbqp,heuristic,portable,branch,solved-exact,ok
359-mbb-machinebasicblock-erasefromparent-n7-d17.pbqp,heuristic,structured,branch,solved-exact,ok
359-mbb-machinebasicblock-erasefromparent-n7-d17.pbqp,none,avx2,heuristic,solved-heuristic,ok
360-mbb-machinebasicblock-removesuccessor-n84-d17.pbqp,none,avx2,branch,search-node-limit,ok
360-mbb-machinebasicblock-removesuccessor-n84-d17.pbqp,none,portable,branch,search-node-limit,ok
360-mbb-machinebasicblock-removesuccessor-n84-d17.pbqp,none,structured,branch,search-node-limit,ok
360-mbb-machinebasicblock-removesuccessor-n84-d17.pbqp,heuristic,avx2,branch,search-node-limit,ok
360-mbb-machinebasicblock-removesuccessor-n84-d17.pbqp,heuristic,portable,branch,search-node-limit,ok
360-mbb-machinebasicblock-removesuccessor-n84-d17.pbqp,heuristic,structured,branch,search-node-limit,ok
360-mbb-machinebasicblock-removesuccessor-n84-d17.pbqp,none,avx2,heuristic,solved-heuristic,ok
361-mbb-machinebasicblock-removesuccessor-n11-d16.pbqp,none,avx2,branch,search-node-limit,ok
361-mbb-machinebasicblock-removesuccessor-n11-d16.pbqp,none,portable,branch,search-node-limit,ok
361-mbb-machinebasicblock-removesuccessor-n11-d16.pbqp,none,structured,branch,search-node-limit,ok
361-mbb-machinebasicblock-removesuccessor-n11-d16.pbqp,heuristic,avx2,branch,search-node-limit,ok
361-mbb-machinebasicblock-removesuccessor-n11-d16.pbqp,heuristic,portable,branch,search-node-limit,ok
361-mbb-machinebasicblock-removesuccessor-n11-d16.pbqp,heuristic,structured,branch,search-node-limit,ok
361-mbb-machinebasicblock-removesuccessor-n11-d16.pbqp,none,avx2,heuristic,solved-heuristic,ok
362-mbb-machinebasicblock-findprevdebugloc-n8-d16.pbqp,none,avx2,branch,solved-exact,ok
362-mbb-machinebasicblock-findprevdebugloc-n8-d16.pbqp,none,portable,branch,solved-exact,ok
362-mbb-machinebasicblock-findprevdebugloc-n8-d16.pbqp,none,structured,branch,solved-exact,ok
362-mbb-machinebasicblock-findprevdebugloc-n8-d16.pbqp,heuristic,avx2,branch,solved-exact,ok
362-mbb-machinebasicblock-findprevdebugloc-n8-d16.pbqp,heuristic,portable,branch,solved-exact,ok
362-mbb-machinebasicblock-findprevdebugloc-n8-d16.pbqp,heuristic,structured,branch,solved-exact,ok
362-mbb-machinebasicblock-findprevdebugloc-n8-d16.pbqp,none,avx2,heuristic,solved-heuristic,ok
363-mbb-machinebasicblock-removefromparent-n7-d17.pbqp,none,avx2,branch,solved-exact,ok
363-mbb-machinebasicblock-removefromparent-n7-d17.pbqp,none,portable,branch,solved-exact,ok
363-mbb-machinebasicblock-removefromparent-n7-d17.pbqp,none,structured,branch,solved-exact,ok
363-mbb-machinebasicblock-removefromparent-n7-d17.pbqp,heuristic,avx2,branch,solved-exact,ok
363-mbb-machinebasicblock-removefromparent-n7-d17.pbqp,heuristic,portable,branch,solved-exact,ok
363-mbb-machinebasicblock-removefromparent-n7-d17.pbqp,heuristic,structured,branch,solved-exact,ok
363-mbb-machinebasicblock-removefromparent-n7-d17.pbqp,none,avx2,heuristic,solved-heuristic,ok
364-mbb-machinebasicblock-replacesuccessor-n35-d16.pbqp,none,avx2,branch,search-node-limit,ok
364-mbb-machinebasicblock-replacesuccessor-n35-d16.pbqp,none,portable,branch,search-node-limit,ok
364-mbb-machinebasicblock-replacesuccessor-n35-d16.pbqp,none,structured,branch,search-node-limit,ok
364-mbb-machinebasicblock-replacesuccessor-n35-d16.pbqp,heuristic,avx2,branch,solved-exact,ok
364-mbb-machinebasicblock-replacesuccessor-n35-d16.pbqp,heuristic,portable,branch,solved-exact,ok
364-mbb-machinebasicblock-replacesuccessor-n35-d16.pbqp,heuristic,structured,branch,solved-exact,ok
364-mbb-machinebasicblock-replacesuccessor-n35-d16.pbqp,none,avx2,heuristic,solved-heuristic,ok
365-mbb-machinebasicblock-updateterminator-n68-d16.pbqp,none,avx2,branch,search-node-limit,ok
365-mbb-machinebasicblock-updateterminator-n68-d16.pbqp,none,portable,branch,search-node-limit,ok
365-mbb-machinebasicblock-updateterminator-n68-d16.pbqp,none,structured,branch,search-node-limit,ok
365-mbb-machinebasicblock-updateterminator-n68-d16.pbqp,heuristic,avx2,branch,solved-exact,ok
365-mbb-machinebasicblock-updateterminator-n68-d16.pbqp,heuristic,portable,branch,solved-exact,ok
365-mbb-machinebasicblock-updateterminator-n68-d16.pbqp,heuristic,structured,branch,solved-exact,ok
365-mbb-machinebasicblock-updateterminator-n68-d16.pbqp,none,avx2,heuristic,solved-heuristic,ok
366-mbb-machinebasicblock-skipphisandlabels-n9-d16.pbqp,none,avx2,branch,solved-exact,ok
366-mbb-machinebasicblock-skipphisandlabels-n9-d16.pbqp,none,portable,branch,solved-exact,ok
366-mbb-machinebasicblock-skipphisandlabels-n9-d16.pbqp,none,structured,branch,solved-exact,ok
366-mbb-machinebasicblock-skipphisandlabels-n9-d16.pbqp,heuristic,avx2,branch,solved-exact,ok
366-mbb-machinebasicblock-skipphisandlabels-n9-d16.pbqp,heuristic,portable,branch,solved-exact,ok
366-mbb-machinebasicblock-skipphisandlabels-n9-d16.pbqp,heuristic,structured,branch,solved-exact,ok
366-mbb-machinebasicblock-skipphisandlabels-n9-d16.pbqp,none,avx2,heuristic,solved-heuristic,ok
367-mbb-machinebasicblock-splitcriticaledge-n104-d17.pbqp,none,avx2,branch,search-node-limit,ok
367-mbb-machinebasicblock-splitcriticaledge-n104-d17.pbqp,none,portable,branch,search-node-limit,ok
367-mbb-machinebasicblock-splitcriticaledge-n104-d17.pbqp,none,structured,branch,search-node-limit,ok
367-mbb-machinebasicblock-splitcriticaledge-n104-d17.pbqp,heuristic,avx2,branch,search-node-limit,ok
367-mbb-machinebasicblock-splitcriticaledge-n104-d17.pbqp,heuristic,portable,branch,search-node-limit,ok
367-mbb-machinebasicblock-splitcriticaledge-n104-d17.pbqp,heuristic,structured,branch,search-node-limit,ok
367-mbb-machinebasicblock-splitcriticaledge-n104-d17.pbqp,none,avx2,heuristic,solved-heuristic,ok
368-mbb-machinebasicblock-splitcriticaledge-n301-d17.pbqp,none,avx2,branch,capacity/error,ok
368-mbb-machinebasicblock-splitcriticaledge-n301-d17.pbqp,none,portable,branch,capacity/error,ok
368-mbb-machinebasicblock-splitcriticaledge-n301-d17.pbqp,none,structured,branch,capacity/error,ok
368-mbb-machinebasicblock-splitcriticaledge-n301-d17.pbqp,heuristic,avx2,branch,capacity/error,ok
368-mbb-machinebasicblock-splitcriticaledge-n301-d17.pbqp,heuristic,portable,branch,capacity/error,ok
368-mbb-machinebasicblock-splitcriticaledge-n301-d17.pbqp,heuristic,structured,branch,capacity/error,ok
368-mbb-machinebasicblock-splitcriticaledge-n301-d17.pbqp,none,avx2,heuristic,solved-heuristic,ok
369-mbb-machinebasicblock-splitcriticaledge-n423-d17-r1.pbqp,none,avx2,branch,search-node-limit,ok
369-mbb-machinebasicblock-splitcriticaledge-n423-d17-r1.pbqp,none,portable,branch,search-node-limit,ok
369-mbb-machinebasicblock-splitcriticaledge-n423-d17-r1.pbqp,none,structured,branch,search-node-limit,ok
369-mbb-machinebasicblock-splitcriticaledge-n423-d17-r1.pbqp,heuristic,avx2,branch,search-node-limit,ok
369-mbb-machinebasicblock-splitcriticaledge-n423-d17-r1.pbqp,heuristic,portable,branch,search-node-limit,ok
369-mbb-machinebasicblock-splitcriticaledge-n423-d17-r1.pbqp,heuristic,structured,branch,search-node-limit,ok
369-mbb-machinebasicblock-splitcriticaledge-n423-d17-r1.pbqp,none,avx2,heuristic,solved-heuristic,ok
370-mbb-machinebasicblock-removepredecessor-n13-d16.pbqp,none,avx2,branch,search-node-limit,ok
370-mbb-machinebasicblock-removepredecessor-n13-d16.pbqp,none,portable,branch,search-node-limit,ok
370-mbb-machinebasicblock-removepredecessor-n13-d16.pbqp,none,structured,branch,search-node-limit,ok
370-mbb-machinebasicblock-removepredecessor-n13-d16.pbqp,heuristic,avx2,branch,search-node-limit,ok
370-mbb-machinebasicblock-removepredecessor-n13-d16.pbqp,heuristic,portable,branch,search-node-limit,ok
370-mbb-machinebasicblock-removepredecessor-n13-d16.pbqp,heuristic,structured,branch,search-node-limit,ok
370-mbb-machinebasicblock-removepredecessor-n13-d16.pbqp,none,avx2,heuristic,solved-heuristic,ok
371-mbb-machinebasicblock-rfindprevdebugloc-n6-d16.pbqp,none,avx2,branch,solved-exact,ok
371-mbb-machinebasicblock-rfindprevdebugloc-n6-d16.pbqp,none,portable,branch,solved-exact,ok
371-mbb-machinebasicblock-rfindprevdebugloc-n6-d16.pbqp,none,structured,branch,solved-exact,ok
371-mbb-machinebasicblock-rfindprevdebugloc-n6-d16.pbqp,heuristic,avx2,branch,solved-exact,ok
371-mbb-machinebasicblock-rfindprevdebugloc-n6-d16.pbqp,heuristic,portable,branch,solved-exact,ok
371-mbb-machinebasicblock-rfindprevdebugloc-n6-d16.pbqp,heuristic,structured,branch,solved-exact,ok
371-mbb-machinebasicblock-rfindprevdebugloc-n6-d16.pbqp,none,avx2,heuristic,solved-heuristic,ok
372-mbb-machinebasicblock-sortuniqueliveins-n50-d17.pbqp,none,avx2,branch,search-node-limit,ok
372-mbb-machinebasicblock-sortuniqueliveins-n50-d17.pbqp,none,portable,branch,search-node-limit,ok
372-mbb-machinebasicblock-sortuniqueliveins-n50-d17.pbqp,none,structured,branch,search-node-limit,ok
372-mbb-machinebasicblock-sortuniqueliveins-n50-d17.pbqp,heuristic,avx2,branch,search-node-limit,ok
372-mbb-machinebasicblock-sortuniqueliveins-n50-d17.pbqp,heuristic,portable,branch,search-node-limit,ok
372-mbb-machinebasicblock-sortuniqueliveins-n50-d17.pbqp,heuristic,structured,branch,search-node-limit,ok
372-mbb-machinebasicblock-sortuniqueliveins-n50-d17.pbqp,none,avx2,heuristic,solved-heuristic,ok
373-mbb-machinebasicblock-sortuniqueliveins-n54-d17-r1.pbqp,none,avx2,branch,search-node-limit,ok
373-mbb-machinebasicblock-sortuniqueliveins-n54-d17-r1.pbqp,none,portable,branch,search-node-limit,ok
373-mbb-machinebasicblock-sortuniqueliveins-n54-d17-r1.pbqp,none,structured,branch,search-node-limit,ok
373-mbb-machinebasicblock-sortuniqueliveins-n54-d17-r1.pbqp,heuristic,avx2,branch,solved-exact,ok
373-mbb-machinebasicblock-sortuniqueliveins-n54-d17-r1.pbqp,heuristic,portable,branch,solved-exact,ok
373-mbb-machinebasicblock-sortuniqueliveins-n54-d17-r1.pbqp,heuristic,structured,branch,solved-exact,ok
373-mbb-machinebasicblock-sortuniqueliveins-n54-d17-r1.pbqp,none,avx2,heuristic,solved-heuristic,ok
374-mbb-machinebasicblock-findbranchdebugloc-n16-d16.pbqp,none,avx2,branch,search-node-limit,ok
374-mbb-machinebasicblock-findbranchdebugloc-n16-d16.pbqp,none,portable,branch,search-node-limit,ok
374-mbb-machinebasicblock-findbranchdebugloc-n16-d16.pbqp,none,structured,branch,search-node-limit,ok
374-mbb-machinebasicblock-findbranchdebugloc-n16-d16.pbqp,heuristic,avx2,branch,solved-exact,ok
374-mbb-machinebasicblock-findbranchdebugloc-n16-d16.pbqp,heuristic,portable,branch,solved-exact,ok
374-mbb-machinebasicblock-findbranchdebugloc-n16-d16.pbqp,heuristic,structured,branch,solved-exact,ok
374-mbb-machinebasicblock-findbranchdebugloc-n16-d16.pbqp,none,avx2,heuristic,solved-heuristic,ok
375-mbb-machinebasicblock-getfirstterminator-n16-d16.pbqp,none,avx2,branch,search-node-limit,ok
375-mbb-machinebasicblock-getfirstterminator-n16-d16.pbqp,none,portable,branch,search-node-limit,ok
375-mbb-machinebasicblock-getfirstterminator-n16-d16.pbqp,none,structured,branch,search-node-limit,ok
375-mbb-machinebasicblock-getfirstterminator-n16-d16.pbqp,heuristic,avx2,branch,solved-exact,ok
375-mbb-machinebasicblock-getfirstterminator-n16-d16.pbqp,heuristic,portable,branch,solved-exact,ok
375-mbb-machinebasicblock-getfirstterminator-n16-d16.pbqp,heuristic,structured,branch,solved-exact,ok
375-mbb-machinebasicblock-getfirstterminator-n16-d16.pbqp,none,avx2,heuristic,solved-heuristic,ok
376-mbb-machinebasicblock-replacephiuseswith-n18-d16.pbqp,none,avx2,branch,search-node-limit,ok
376-mbb-machinebasicblock-replacephiuseswith-n18-d16.pbqp,none,portable,branch,search-node-limit,ok
376-mbb-machinebasicblock-replacephiuseswith-n18-d16.pbqp,none,structured,branch,search-node-limit,ok
376-mbb-machinebasicblock-replacephiuseswith-n18-d16.pbqp,heuristic,avx2,branch,search-node-limit,ok
376-mbb-machinebasicblock-replacephiuseswith-n18-d16.pbqp,heuristic,portable,branch,search-node-limit,ok
376-mbb-machinebasicblock-replacephiuseswith-n18-d16.pbqp,heuristic,structured,branch,search-node-limit,ok
376-mbb-machinebasicblock-replacephiuseswith-n18-d16.pbqp,none,avx2,heuristic,solved-heuristic,ok
377-mbb-machinebasicblock-setsuccprobability-n4-d16.pbqp,none,avx2,branch,solved-exact,ok
377-mbb-machinebasicblock-setsuccprobability-n4-d16.pbqp,none,portable,branch,solved-exact,ok
377-mbb-machinebasicblock-setsuccprobability-n4-d16.pbqp,none,structured,branch,solved-exact,ok
377-mbb-machinebasicblock-setsuccprobability-n4-d16.pbqp,heuristic,avx2,branch,solved-exact,ok
377-mbb-machinebasicblock-setsuccprobability-n4-d16.pbqp,heuristic,portable,branch,solved-exact,ok
377-mbb-machinebasicblock-setsuccprobability-n4-d16.pbqp,heuristic,structured,branch,solved-exact,ok
377-mbb-machinebasicblock-setsuccprobability-n4-d16.pbqp,none,avx2,heuristic,solved-heuristic,ok
378-mbb-machinebasicblock-transfersuccessors-n20-d16.pbqp,none,avx2,branch,search-node-limit,ok
378-mbb-machinebasicblock-transfersuccessors-n20-d16.pbqp,none,portable,branch,search-node-limit,ok
378-mbb-machinebasicblock-transfersuccessors-n20-d16.pbqp,none,structured,branch,search-node-limit,ok
378-mbb-machinebasicblock-transfersuccessors-n20-d16.pbqp,heuristic,avx2,branch,solved-exact,ok
378-mbb-machinebasicblock-transfersuccessors-n20-d16.pbqp,heuristic,portable,branch,solved-exact,ok
378-mbb-machinebasicblock-transfersuccessors-n20-d16.pbqp,heuristic,structured,branch,solved-exact,ok
378-mbb-machinebasicblock-transfersuccessors-n20-d16.pbqp,none,avx2,heuristic,solved-heuristic,ok
379-mbb-machinebasicblock-getlastnondebugins-n8-d16.pbqp,none,avx2,branch,search-node-limit,ok
379-mbb-machinebasicblock-getlastnondebugins-n8-d16.pbqp,none,portable,branch,search-node-limit,ok
379-mbb-machinebasicblock-getlastnondebugins-n8-d16.pbqp,none,structured,branch,search-node-limit,ok
379-mbb-machinebasicblock-getlastnondebugins-n8-d16.pbqp,heuristic,avx2,branch,solved-exact,ok
379-mbb-machinebasicblock-getlastnondebugins-n8-d16.pbqp,heuristic,portable,branch,solved-exact,ok
379-mbb-machinebasicblock-getlastnondebugins-n8-d16.pbqp,heuristic,structured,branch,solved-exact,ok
379-mbb-machinebasicblock-getlastnondebugins-n8-d16.pbqp,none,avx2,heuristic,solved-heuristic,ok
380-mbb-machinebasicblock-getfirstnondebugin-n7-d16.pbqp,none,avx2,branch,search-node-limit,ok
380-mbb-machinebasicblock-getfirstnondebugin-n7-d16.pbqp,none,portable,branch,search-node-limit,ok
380-mbb-machinebasicblock-getfirstnondebugin-n7-d16.pbqp,none,structured,branch,search-node-limit,ok
380-mbb-machinebasicblock-getfirstnondebugin-n7-d16.pbqp,heuristic,avx2,branch,solved-exact,ok
380-mbb-machinebasicblock-getfirstnondebugin-n7-d16.pbqp,heuristic,portable,branch,solved-exact,ok
380-mbb-machinebasicblock-getfirstnondebugin-n7-d16.pbqp,heuristic,structured,branch,solved-exact,ok
380-mbb-machinebasicblock-getfirstnondebugin-n7-d16.pbqp,none,avx2,heuristic,solved-heuristic,ok
381-mbb-machinebasicblock-replaceusesofblock-n15-d16.pbqp,none,avx2,branch,search-node-limit,ok
381-mbb-machinebasicblock-replaceusesofblock-n15-d16.pbqp,none,portable,branch,search-node-limit,ok
381-mbb-machinebasicblock-replaceusesofblock-n15-d16.pbqp,none,structured,branch,search-node-limit,ok
381-mbb-machinebasicblock-replaceusesofblock-n15-d16.pbqp,heuristic,avx2,branch,solved-exact,ok
381-mbb-machinebasicblock-replaceusesofblock-n15-d16.pbqp,heuristic,portable,branch,solved-exact,ok
381-mbb-machinebasicblock-replaceusesofblock-n15-d16.pbqp,heuristic,structured,branch,solved-exact,ok
381-mbb-machinebasicblock-replaceusesofblock-n15-d16.pbqp,none,avx2,heuristic,solved-heuristic,ok
382-mbb-machinebasicblock-skipphislabelsandd-n11-d16.pbqp,none,avx2,branch,search-node-limit,ok
382-mbb-machinebasicblock-skipphislabelsandd-n11-d16.pbqp,none,portable,branch,search-node-limit,ok
382-mbb-machinebasicblock-skipphislabelsandd-n11-d16.pbqp,none,structured,branch,search-node-limit,ok
382-mbb-machinebasicblock-skipphislabelsandd-n11-d16.pbqp,heuristic,avx2,branch,solved-exact,ok
382-mbb-machinebasicblock-skipphislabelsandd-n11-d16.pbqp,heuristic,portable,branch,solved-exact,ok
382-mbb-machinebasicblock-skipphislabelsandd-n11-d16.pbqp,heuristic,structured,branch,solved-exact,ok
382-mbb-machinebasicblock-skipphislabelsandd-n11-d16.pbqp,none,avx2,heuristic,solved-heuristic,ok
383-mbb-machinebasicblock-getprobabilityiter-n2-d16.pbqp,none,avx2,branch,solved-exact,ok
383-mbb-machinebasicblock-getprobabilityiter-n2-d16.pbqp,none,portable,branch,solved-exact,ok
383-mbb-machinebasicblock-getprobabilityiter-n2-d16.pbqp,none,structured,branch,solved-exact,ok
383-mbb-machinebasicblock-getprobabilityiter-n2-d16.pbqp,heuristic,avx2,branch,solved-exact,ok
383-mbb-machinebasicblock-getprobabilityiter-n2-d16.pbqp,heuristic,portable,branch,solved-exact,ok
383-mbb-machinebasicblock-getprobabilityiter-n2-d16.pbqp,heuristic,structured,branch,solved-exact,ok
383-mbb-machinebasicblock-getprobabilityiter-n2-d16.pbqp,none,avx2,heuristic,solved-heuristic,ok
384-mbb-machinebasicblock-addsuccessorwithou-n8-d16.pbqp,none,avx2,branch,solved-exact,ok
384-mbb-machinebasicblock-addsuccessorwithou-n8-d16.pbqp,none,portable,branch,solved-exact,ok
384-mbb-machinebasicblock-addsuccessorwithou-n8-d16.pbqp,none,structured,branch,solved-exact,ok
384-mbb-machinebasicblock-addsuccessorwithou-n8-d16.pbqp,heuristic,avx2,branch,solved-exact,ok
384-mbb-machinebasicblock-addsuccessorwithou-n8-d16.pbqp,heuristic,portable,branch,solved-exact,ok
384-mbb-machinebasicblock-addsuccessorwithou-n8-d16.pbqp,heuristic,structured,branch,solved-exact,ok
384-mbb-machinebasicblock-addsuccessorwithou-n8-d16.pbqp,none,avx2,heuristic,solved-heuristic,ok
385-mbb-machinebasicblock-getfirstinstrtermi-n14-d16.pbqp,none,avx2,branch,search-node-limit,ok
385-mbb-machinebasicblock-getfirstinstrtermi-n14-d16.pbqp,none,portable,branch,search-node-limit,ok
385-mbb-machinebasicblock-getfirstinstrtermi-n14-d16.pbqp,none,structured,branch,search-node-limit,ok
385-mbb-machinebasicblock-getfirstinstrtermi-n14-d16.pbqp,heuristic,avx2,branch,solved-exact,ok
385-mbb-machinebasicblock-getfirstinstrtermi-n14-d16.pbqp,heuristic,portable,branch,solved-exact,ok
385-mbb-machinebasicblock-getfirstinstrtermi-n14-d16.pbqp,heuristic,structured,branch,solved-exact,ok
385-mbb-machinebasicblock-getfirstinstrtermi-n14-d16.pbqp,none,avx2,heuristic,solved-heuristic,ok
386-mbb-machinebasicblock-getfirstterminator-n19-d16.pbqp,none,avx2,branch,solved-exact,ok
386-mbb-machinebasicblock-getfirstterminator-n19-d16.pbqp,none,portable,branch,solved-exact,ok
386-mbb-machinebasicblock-getfirstterminator-n19-d16.pbqp,none,structured,branch,solved-exact,ok
386-mbb-machinebasicblock-getfirstterminator-n19-d16.pbqp,heuristic,avx2,branch,solved-exact,ok
386-mbb-machinebasicblock-getfirstterminator-n19-d16.pbqp,heuristic,portable,branch,solved-exact,ok
386-mbb-machinebasicblock-getfirstterminator-n19-d16.pbqp,heuristic,structured,branch,solved-exact,ok
386-mbb-machinebasicblock-getfirstterminator-n19-d16.pbqp,none,avx2,heuristic,solved-heuristic,ok
387-mbb-machinebasicblock-removeliveinoverla-n45-d17.pbqp,none,avx2,branch,search-node-limit,ok
387-mbb-machinebasicblock-removeliveinoverla-n45-d17.pbqp,none,portable,branch,search-node-limit,ok
387-mbb-machinebasicblock-removeliveinoverla-n45-d17.pbqp,none,structured,branch,search-node-limit,ok
387-mbb-machinebasicblock-removeliveinoverla-n45-d17.pbqp,heuristic,avx2,branch,solved-exact,ok
387-mbb-machinebasicblock-removeliveinoverla-n45-d17.pbqp,heuristic,portable,branch,solved-exact,ok
387-mbb-machinebasicblock-removeliveinoverla-n45-d17.pbqp,heuristic,structured,branch,solved-exact,ok
387-mbb-machinebasicblock-removeliveinoverla-n45-d17.pbqp,none,avx2,heuristic,solved-heuristic,ok
388-mbb-machinebasicblock-transfersuccessors-n95-d17.pbqp,none,avx2,branch,search-node-limit,ok
388-mbb-machinebasicblock-transfersuccessors-n95-d17.pbqp,none,portable,branch,search-node-limit,ok
388-mbb-machinebasicblock-transfersuccessors-n95-d17.pbqp,none,structured,branch,search-node-limit,ok
388-mbb-machinebasicblock-transfersuccessors-n95-d17.pbqp,heuristic,avx2,branch,search-node-limit,ok
388-mbb-machinebasicblock-transfersuccessors-n95-d17.pbqp,heuristic,portable,branch,search-node-limit,ok
388-mbb-machinebasicblock-transfersuccessors-n95-d17.pbqp,heuristic,structured,branch,search-node-limit,ok
388-mbb-machinebasicblock-transfersuccessors-n95-d17.pbqp,none,avx2,heuristic,solved-heuristic,ok
389-mbb-machinebasicblock-removephisincoming-n5-d16.pbqp,none,avx2,branch,solved-exact,ok
389-mbb-machinebasicblock-removephisincoming-n5-d16.pbqp,none,portable,branch,solved-exact,ok
389-mbb-machinebasicblock-removephisincoming-n5-d16.pbqp,none,structured,branch,solved-exact,ok
389-mbb-machinebasicblock-removephisincoming-n5-d16.pbqp,heuristic,avx2,branch,solved-exact,ok
389-mbb-machinebasicblock-removephisincoming-n5-d16.pbqp,heuristic,portable,branch,solved-exact,ok
389-mbb-machinebasicblock-removephisincoming-n5-d16.pbqp,heuristic,structured,branch,solved-exact,ok
389-mbb-machinebasicblock-removephisincoming-n5-d16.pbqp,none,avx2,heuristic,solved-heuristic,ok
390-mbb-machinebasicblock-erase-n12-d16.pbqp,none,avx2,branch,search-node-limit,ok
390-mbb-machinebasicblock-erase-n12-d16.pbqp,none,portable,branch,search-node-limit,ok
390-mbb-machinebasicblock-erase-n12-d16.pbqp,none,structured,branch,search-node-limit,ok
390-mbb-machinebasicblock-erase-n12-d16.pbqp,heuristic,avx2,branch,solved-exact,ok
390-mbb-machinebasicblock-erase-n12-d16.pbqp,heuristic,portable,branch,solved-exact,ok
390-mbb-machinebasicblock-erase-n12-d16.pbqp,heuristic,structured,branch,solved-exact,ok
390-mbb-machinebasicblock-erase-n12-d16.pbqp,none,avx2,heuristic,solved-heuristic,ok
391-mbb-machinebasicblock-insert-n10-d16.pbqp,none,avx2,branch,solved-exact,ok
391-mbb-machinebasicblock-insert-n10-d16.pbqp,none,portable,branch,solved-exact,ok
391-mbb-machinebasicblock-insert-n10-d16.pbqp,none,structured,branch,solved-exact,ok
391-mbb-machinebasicblock-insert-n10-d16.pbqp,heuristic,avx2,branch,solved-exact,ok
391-mbb-machinebasicblock-insert-n10-d16.pbqp,heuristic,portable,branch,solved-exact,ok
391-mbb-machinebasicblock-insert-n10-d16.pbqp,heuristic,structured,branch,solved-exact,ok
391-mbb-machinebasicblock-insert-n10-d16.pbqp,none,avx2,heuristic,solved-heuristic,ok
392-mbb-machinebasicblock-splitat-n39-d16.pbqp,none,avx2,branch,search-node-limit,ok
392-mbb-machinebasicblock-splitat-n39-d16.pbqp,none,portable,branch,search-node-limit,ok
392-mbb-machinebasicblock-splitat-n39-d16.pbqp,none,structured,branch,search-node-limit,ok
392-mbb-machinebasicblock-splitat-n39-d16.pbqp,heuristic,avx2,branch,search-node-limit,ok
392-mbb-machinebasicblock-splitat-n39-d16.pbqp,heuristic,portable,branch,search-node-limit,ok
392-mbb-machinebasicblock-splitat-n39-d16.pbqp,heuristic,structured,branch,search-node-limit,ok
392-mbb-machinebasicblock-splitat-n39-d16.pbqp,none,avx2,heuristic,solved-heuristic,ok
393-mbb-machinebasicblock-splitat-n39-d16-r1.pbqp,none,avx2,branch,search-node-limit,ok
393-mbb-machinebasicblock-splitat-n39-d16-r1.pbqp,none,portable,branch,search-node-limit,ok
393-mbb-machinebasicblock-splitat-n39-d16-r1.pbqp,none,structured,branch,search-node-limit,ok
393-mbb-machinebasicblock-splitat-n39-d16-r1.pbqp,heuristic,avx2,branch,solved-exact,ok
393-mbb-machinebasicblock-splitat-n39-d16-r1.pbqp,heuristic,portable,branch,solved-exact,ok
393-mbb-machinebasicblock-splitat-n39-d16-r1.pbqp,heuristic,structured,branch,solved-exact,ok
393-mbb-machinebasicblock-splitat-n39-d16-r1.pbqp,none,avx2,heuristic,solved-heuristic,ok
394-mbb-machinebasicblock-addlivein-n43-d17.pbqp,none,avx2,branch,search-node-limit,ok
394-mbb-machinebasicblock-addlivein-n43-d17.pbqp,none,portable,branch,search-node-limit,ok
394-mbb-machinebasicblock-addlivein-n43-d17.pbqp,none,structured,branch,search-node-limit,ok
394-mbb-machinebasicblock-addlivein-n43-d17.pbqp,heuristic,avx2,branch,search-node-limit,ok
394-mbb-machinebasicblock-addlivein-n43-d17.pbqp,heuristic,portable,branch,search-node-limit,ok
394-mbb-machinebasicblock-addlivein-n43-d17.pbqp,heuristic,structured,branch,search-node-limit,ok
394-mbb-machinebasicblock-addlivein-n43-d17.pbqp,none,avx2,heuristic,solved-heuristic,ok
395-mbb-machinebasicblock-addlivein-n42-d17-r1.pbqp,none,avx2,branch,search-node-limit,ok
395-mbb-machinebasicblock-addlivein-n42-d17-r1.pbqp,none,portable,branch,search-node-limit,ok
395-mbb-machinebasicblock-addlivein-n42-d17-r1.pbqp,none,structured,branch,search-node-limit,ok
395-mbb-machinebasicblock-addlivein-n42-d17-r1.pbqp,heuristic,avx2,branch,search-node-limit,ok
395-mbb-machinebasicblock-addlivein-n42-d17-r1.pbqp,heuristic,portable,branch,search-node-limit,ok
395-mbb-machinebasicblock-addlivein-n42-d17-r1.pbqp,heuristic,structured,branch,search-node-limit,ok
395-mbb-machinebasicblock-addlivein-n42-d17-r1.pbqp,none,avx2,heuristic,solved-heuristic,ok
396-mbb-machinebasicblock-moveafter-n7-d16.pbqp,none,avx2,branch,solved-exact,ok
396-mbb-machinebasicblock-moveafter-n7-d16.pbqp,none,portable,branch,solved-exact,ok
396-mbb-machinebasicblock-moveafter-n7-d16.pbqp,none,structured,branch,solved-exact,ok
396-mbb-machinebasicblock-moveafter-n7-d16.pbqp,heuristic,avx2,branch,solved-exact,ok
396-mbb-machinebasicblock-moveafter-n7-d16.pbqp,heuristic,portable,branch,solved-exact,ok
396-mbb-machinebasicblock-moveafter-n7-d16.pbqp,heuristic,structured,branch,solved-exact,ok
396-mbb-machinebasicblock-moveafter-n7-d16.pbqp,none,avx2,heuristic,solved-heuristic,ok
397-mbb-machinebasicblock-machinebasicblock-n13-d17.pbqp,none,avx2,branch,solved-exact,ok
397-mbb-machinebasicblock-machinebasicblock-n13-d17.pbqp,none,portable,branch,solved-exact,ok
397-mbb-machinebasicblock-machinebasicblock-n13-d17.pbqp,none,structured,branch,solved-exact,ok
397-mbb-machinebasicblock-machinebasicblock-n13-d17.pbqp,heuristic,avx2,branch,solved-exact,ok
397-mbb-machinebasicblock-machinebasicblock-n13-d17.pbqp,heuristic,portable,branch,solved-exact,ok
397-mbb-machinebasicblock-machinebasicblock-n13-d17.pbqp,heuristic,structured,branch,solved-exact,ok
397-mbb-machinebasicblock-machinebasicblock-n13-d17.pbqp,none,avx2,heuristic,solved-heuristic,ok
398-mbb-machinebasicblock-machinebasicblock-n11-d16.pbqp,none,avx2,branch,solved-exact,ok
398-mbb-machinebasicblock-machinebasicblock-n11-d16.pbqp,none,portable,branch,solved-exact,ok
398-mbb-machinebasicblock-machinebasicblock-n11-d16.pbqp,none,structured,branch,solved-exact,ok
398-mbb-machinebasicblock-machinebasicblock-n11-d16.pbqp,heuristic,avx2,branch,solved-exact,ok
398-mbb-machinebasicblock-machinebasicblock-n11-d16.pbqp,heuristic,portable,branch,solved-exact,ok
398-mbb-machinebasicblock-machinebasicblock-n11-d16.pbqp,heuristic,structured,branch,solved-exact,ok
398-mbb-machinebasicblock-machinebasicblock-n11-d16.pbqp,none,avx2,heuristic,solved-heuristic,ok
399-mbb-llvm-printmbbreference-n2-d16.pbqp,none,avx2,branch,solved-exact,ok
399-mbb-llvm-printmbbreference-n2-d16.pbqp,none,portable,branch,solved-exact,ok
399-mbb-llvm-printmbbreference-n2-d16.pbqp,none,structured,branch,solved-exact,ok
399-mbb-llvm-printmbbreference-n2-d16.pbqp,heuristic,avx2,branch,solved-exact,ok
399-mbb-llvm-printmbbreference-n2-d16.pbqp,heuristic,portable,branch,solved-exact,ok
399-mbb-llvm-printmbbreference-n2-d16.pbqp,heuristic,structured,branch,solved-exact,ok
399-mbb-llvm-printmbbreference-n2-d16.pbqp,none,avx2,heuristic,solved-heuristic,ok
400-mbb-bumpptrallocatorimpl-allocateslow-n17-d16.pbqp,none,avx2,branch,search-node-limit,ok
400-mbb-bumpptrallocatorimpl-allocateslow-n17-d16.pbqp,none,portable,branch,search-node-limit,ok
400-mbb-bumpptrallocatorimpl-allocateslow-n17-d16.pbqp,none,structured,branch,search-node-limit,ok
400-mbb-bumpptrallocatorimpl-allocateslow-n17-d16.pbqp,heuristic,avx2,branch,solved-exact,ok
400-mbb-bumpptrallocatorimpl-allocateslow-n17-d16.pbqp,heuristic,portable,branch,solved-exact,ok
400-mbb-bumpptrallocatorimpl-allocateslow-n17-d16.pbqp,heuristic,structured,branch,solved-exact,ok
400-mbb-bumpptrallocatorimpl-allocateslow-n17-d16.pbqp,none,avx2,heuristic,solved-heuristic,ok
401-mbb-ilist-callback-traits-addnodetolist-n15-d16.pbqp,none,avx2,branch,search-node-limit,ok
401-mbb-ilist-callback-traits-addnodetolist-n15-d16.pbqp,none,portable,branch,search-node-limit,ok
401-mbb-ilist-callback-traits-addnodetolist-n15-d16.pbqp,none,structured,branch,search-node-limit,ok
401-mbb-ilist-callback-traits-addnodetolist-n15-d16.pbqp,heuristic,avx2,branch,search-node-limit,ok
401-mbb-ilist-callback-traits-addnodetolist-n15-d16.pbqp,heuristic,portable,branch,search-node-limit,ok
401-mbb-ilist-callback-traits-addnodetolist-n15-d16.pbqp,heuristic,structured,branch,search-node-limit,ok
401-mbb-ilist-callback-traits-addnodetolist-n15-d16.pbqp,none,avx2,heuristic,solved-heuristic,ok
402-mbb-ilist-callback-traits-addnodetolist-n15-d16-r1.pbqp,none,avx2,branch,search-node-limit,ok
402-mbb-ilist-callback-traits-addnodetolist-n15-d16-r1.pbqp,none,portable,branch,search-node-limit,ok
402-mbb-ilist-callback-traits-addnodetolist-n15-d16-r1.pbqp,none,structured,branch,search-node-limit,ok
402-mbb-ilist-callback-traits-addnodetolist-n15-d16-r1.pbqp,heuristic,avx2,branch,solved-exact,ok
402-mbb-ilist-callback-traits-addnodetolist-n15-d16-r1.pbqp,heuristic,portable,branch,solved-exact,ok
402-mbb-ilist-callback-traits-addnodetolist-n15-d16-r1.pbqp,heuristic,structured,branch,solved-exact,ok
402-mbb-ilist-callback-traits-addnodetolist-n15-d16-r1.pbqp,none,avx2,heuristic,solved-heuristic,ok
403-mbb-ilist-callback-traits-removenodefrom-n4-d16.pbqp,none,avx2,branch,solved-exact,ok
403-mbb-ilist-callback-traits-removenodefrom-n4-d16.pbqp,none,portable,branch,solved-exact,ok
403-mbb-ilist-callback-traits-removenodefrom-n4-d16.pbqp,none,structured,branch,solved-exact,ok
403-mbb-ilist-callback-traits-removenodefrom-n4-d16.pbqp,heuristic,avx2,branch,solved-exact,ok
403-mbb-ilist-callback-traits-removenodefrom-n4-d16.pbqp,heuristic,portable,branch,solved-exact,ok
403-mbb-ilist-callback-traits-removenodefrom-n4-d16.pbqp,heuristic,structured,branch,solved-exact,ok
403-mbb-ilist-callback-traits-removenodefrom-n4-d16.pbqp,none,avx2,heuristic,solved-heuristic,ok
404-mbb-smallvectortemplatebase-growandpushb-n6-d16.pbqp,none,avx2,branch,solved-exact,ok
404-mbb-smallvectortemplatebase-growandpushb-n6-d16.pbqp,none,portable,branch,solved-exact,ok
404-mbb-smallvectortemplatebase-growandpushb-n6-d16.pbqp,none,structured,branch,solved-exact,ok
404-mbb-smallvectortemplatebase-growandpushb-n6-d16.pbqp,heuristic,avx2,branch,solved-exact,ok
404-mbb-smallvectortemplatebase-growandpushb-n6-d16.pbqp,heuristic,portable,branch,solved-exact,ok
404-mbb-smallvectortemplatebase-growandpushb-n6-d16.pbqp,heuristic,structured,branch,solved-exact,ok
404-mbb-smallvectortemplatebase-growandpushb-n6-d16.pbqp,none,avx2,heuristic,solved-heuristic,ok
405-mbb-smallvectortemplatebase-growandpushb-n6-d16.pbqp,none,avx2,branch,solved-exact,ok
405-mbb-smallvectortemplatebase-growandpushb-n6-d16.pbqp,none,portable,branch,solved-exact,ok
405-mbb-smallvectortemplatebase-growandpushb-n6-d16.pbqp,none,structured,branch,solved-exact,ok
405-mbb-smallvectortemplatebase-growandpushb-n6-d16.pbqp,heuristic,avx2,branch,solved-exact,ok
405-mbb-smallvectortemplatebase-growandpushb-n6-d16.pbqp,heuristic,portable,branch,solved-exact,ok
405-mbb-smallvectortemplatebase-growandpushb-n6-d16.pbqp,heuristic,structured,branch,solved-exact,ok
405-mbb-smallvectortemplatebase-growandpushb-n6-d16.pbqp,none,avx2,heuristic,solved-heuristic,ok
406-mbb-smallvectortemplatebase-growandpushb-n6-d16.pbqp,none,avx2,branch,solved-exact,ok
406-mbb-smallvectortemplatebase-growandpushb-n6-d16.pbqp,none,portable,branch,solved-exact,ok
406-mbb-smallvectortemplatebase-growandpushb-n6-d16.pbqp,none,structured,branch,solved-exact,ok
406-mbb-smallvectortemplatebase-growandpushb-n6-d16.pbqp,heuristic,avx2,branch,solved-exact,ok
406-mbb-smallvectortemplatebase-growandpushb-n6-d16.pbqp,heuristic,portable,branch,solved-exact,ok
406-mbb-smallvectortemplatebase-growandpushb-n6-d16.pbqp,heuristic,structured,branch,solved-exact,ok
406-mbb-smallvectortemplatebase-growandpushb-n6-d16.pbqp,none,avx2,heuristic,solved-heuristic,ok
407-mbb-smallvectortemplatebase-growandpushb-n6-d16.pbqp,none,avx2,branch,solved-exact,ok
407-mbb-smallvectortemplatebase-growandpushb-n6-d16.pbqp,none,portable,branch,solved-exact,ok
407-mbb-smallvectortemplatebase-growandpushb-n6-d16.pbqp,none,structured,branch,solved-exact,ok
407-mbb-smallvectortemplatebase-growandpushb-n6-d16.pbqp,heuristic,avx2,branch,solved-exact,ok
407-mbb-smallvectortemplatebase-growandpushb-n6-d16.pbqp,heuristic,portable,branch,solved-exact,ok
407-mbb-smallvectortemplatebase-growandpushb-n6-d16.pbqp,heuristic,structured,branch,solved-exact,ok
407-mbb-smallvectortemplatebase-growandpushb-n6-d16.pbqp,none,avx2,heuristic,solved-heuristic,ok
408-mbb-smallvectortemplatebase-growandpushb-n7-d16.pbqp,none,avx2,branch,solved-exact,ok
408-mbb-smallvectortemplatebase-growandpushb-n7-d16.pbqp,none,portable,branch,solved-exact,ok
408-mbb-smallvectortemplatebase-growandpushb-n7-d16.pbqp,none,structured,branch,solved-exact,ok
408-mbb-smallvectortemplatebase-growandpushb-n7-d16.pbqp,heuristic,avx2,branch,solved-exact,ok
408-mbb-smallvectortemplatebase-growandpushb-n7-d16.pbqp,heuristic,portable,branch,solved-exact,ok
408-mbb-smallvectortemplatebase-growandpushb-n7-d16.pbqp,heuristic,structured,branch,solved-exact,ok
408-mbb-smallvectortemplatebase-growandpushb-n7-d16.pbqp,none,avx2,heuristic,solved-heuristic,ok
409-mbb-smallvectortemplatebase-growandpushb-n7-d16.pbqp,none,avx2,branch,solved-exact,ok
409-mbb-smallvectortemplatebase-growandpushb-n7-d16.pbqp,none,portable,branch,solved-exact,ok
409-mbb-smallvectortemplatebase-growandpushb-n7-d16.pbqp,none,structured,branch,solved-exact,ok
409-mbb-smallvectortemplatebase-growandpushb-n7-d16.pbqp,heuristic,avx2,branch,solved-exact,ok
409-mbb-smallvectortemplatebase-growandpushb-n7-d16.pbqp,heuristic,portable,branch,solved-exact,ok
409-mbb-smallvectortemplatebase-growandpushb-n7-d16.pbqp,heuristic,structured,branch,solved-exact,ok
409-mbb-smallvectortemplatebase-growandpushb-n7-d16.pbqp,none,avx2,heuristic,solved-heuristic,ok
410-mbb-smallvectortemplatebase-growandpushb-n7-d16.pbqp,none,avx2,branch,solved-exact,ok
410-mbb-smallvectortemplatebase-growandpushb-n7-d16.pbqp,none,portable,branch,solved-exact,ok
410-mbb-smallvectortemplatebase-growandpushb-n7-d16.pbqp,none,structured,branch,solved-exact,ok
410-mbb-smallvectortemplatebase-growandpushb-n7-d16.pbqp,heuristic,avx2,branch,solved-exact,ok
410-mbb-smallvectortemplatebase-growandpushb-n7-d16.pbqp,heuristic,portable,branch,solved-exact,ok
410-mbb-smallvectortemplatebase-growandpushb-n7-d16.pbqp,heuristic,structured,branch,solved-exact,ok
410-mbb-smallvectortemplatebase-growandpushb-n7-d16.pbqp,none,avx2,heuristic,solved-heuristic,ok
411-mbb-opt-opt-n7-d16.pbqp,none,avx2,branch,solved-exact,ok
411-mbb-opt-opt-n7-d16.pbqp,none,portable,branch,solved-exact,ok
411-mbb-opt-opt-n7-d16.pbqp,none,structured,branch,solved-exact,ok
411-mbb-opt-opt-n7-d16.pbqp,heuristic,avx2,branch,solved-exact,ok
411-mbb-opt-opt-n7-d16.pbqp,heuristic,portable,branch,solved-exact,ok
411-mbb-opt-opt-n7-d16.pbqp,heuristic,structured,branch,solved-exact,ok
411-mbb-opt-opt-n7-d16.pbqp,none,avx2,heuristic,solved-heuristic,ok
412-mbb-llvm-buildmi-n19-d17.pbqp,none,avx2,branch,search-node-limit,ok
412-mbb-llvm-buildmi-n19-d17.pbqp,none,portable,branch,search-node-limit,ok
412-mbb-llvm-buildmi-n19-d17.pbqp,none,structured,branch,search-node-limit,ok
412-mbb-llvm-buildmi-n19-d17.pbqp,heuristic,avx2,branch,solved-exact,ok
412-mbb-llvm-buildmi-n19-d17.pbqp,heuristic,portable,branch,solved-exact,ok
412-mbb-llvm-buildmi-n19-d17.pbqp,heuristic,structured,branch,solved-exact,ok
412-mbb-llvm-buildmi-n19-d17.pbqp,none,avx2,heuristic,solved-heuristic,ok
413-mbb-smallset-insertimpl-n31-d16.pbqp,none,avx2,branch,search-node-limit,ok
413-mbb-smallset-insertimpl-n31-d16.pbqp,none,portable,branch,search-node-limit,ok
413-mbb-smallset-insertimpl-n31-d16.pbqp,none,structured,branch,search-node-limit,ok
413-mbb-smallset-insertimpl-n31-d16.pbqp,heuristic,avx2,branch,search-node-limit,ok
413-mbb-smallset-insertimpl-n31-d16.pbqp,heuristic,portable,branch,search-node-limit,ok
413-mbb-smallset-insertimpl-n31-d16.pbqp,heuristic,structured,branch,search-node-limit,ok
413-mbb-smallset-insertimpl-n31-d16.pbqp,none,avx2,heuristic,solved-heuristic,ok
414-mbb-smallset-insertimpl-n37-d16-r1.pbqp,none,avx2,branch,search-node-limit,ok
414-mbb-smallset-insertimpl-n37-d16-r1.pbqp,none,portable,branch,search-node-limit,ok
414-mbb-smallset-insertimpl-n37-d16-r1.pbqp,none,structured,branch,search-node-limit,ok
414-mbb-smallset-insertimpl-n37-d16-r1.pbqp,heuristic,avx2,branch,solved-exact,ok
414-mbb-smallset-insertimpl-n37-d16-r1.pbqp,heuristic,portable,branch,solved-exact,ok
414-mbb-smallset-insertimpl-n37-d16-r1.pbqp,heuristic,structured,branch,solved-exact,ok
414-mbb-smallset-insertimpl-n37-d16-r1.pbqp,none,avx2,heuristic,solved-heuristic,ok
415-mbb-setvector-insert-n20-d16.pbqp,none,avx2,branch,search-node-limit,ok
415-mbb-setvector-insert-n20-d16.pbqp,none,portable,branch,search-node-limit,ok
415-mbb-setvector-insert-n20-d16.pbqp,none,structured,branch,search-node-limit,ok
415-mbb-setvector-insert-n20-d16.pbqp,heuristic,avx2,branch,solved-exact,ok
415-mbb-setvector-insert-n20-d16.pbqp,heuristic,portable,branch,solved-exact,ok
415-mbb-setvector-insert-n20-d16.pbqp,heuristic,structured,branch,solved-exact,ok
415-mbb-setvector-insert-n20-d16.pbqp,none,avx2,heuristic,solved-heuristic,ok
416-mbb-setvector-remove-n37-d16.pbqp,none,avx2,branch,search-node-limit,ok
416-mbb-setvector-remove-n37-d16.pbqp,none,portable,branch,search-node-limit,ok
416-mbb-setvector-remove-n37-d16.pbqp,none,structured,branch,search-node-limit,ok
416-mbb-setvector-remove-n37-d16.pbqp,heuristic,avx2,branch,solved-exact,ok
416-mbb-setvector-remove-n37-d16.pbqp,heuristic,portable,branch,solved-exact,ok
416-mbb-setvector-remove-n37-d16.pbqp,heuristic,structured,branch,solved-exact,ok
416-mbb-setvector-remove-n37-d16.pbqp,none,avx2,heuristic,solved-heuristic,ok
417-mbb-llvm-operator-n2-d15.pbqp,none,avx2,branch,solved-exact,ok
417-mbb-llvm-operator-n2-d15.pbqp,none,portable,branch,solved-exact,ok
417-mbb-llvm-operator-n2-d15.pbqp,none,structured,branch,solved-exact,ok
417-mbb-llvm-operator-n2-d15.pbqp,heuristic,avx2,branch,solved-exact,ok
417-mbb-llvm-operator-n2-d15.pbqp,heuristic,portable,branch,solved-exact,ok
417-mbb-llvm-operator-n2-d15.pbqp,heuristic,structured,branch,solved-exact,ok
417-mbb-llvm-operator-n2-d15.pbqp,none,avx2,heuristic,solved-heuristic,ok
418-mbb-slotindexes-getindexafter-n21-d16.pbqp,none,avx2,branch,search-node-limit,ok
418-mbb-slotindexes-getindexafter-n21-d16.pbqp,none,portable,branch,search-node-limit,ok
418-mbb-slotindexes-getindexafter-n21-d16.pbqp,none,structured,branch,search-node-limit,ok
418-mbb-slotindexes-getindexafter-n21-d16.pbqp,heuristic,avx2,branch,search-node-limit,ok
418-mbb-slotindexes-getindexafter-n21-d16.pbqp,heuristic,portable,branch,search-node-limit,ok
418-mbb-slotindexes-getindexafter-n21-d16.pbqp,heuristic,structured,branch,search-node-limit,ok
418-mbb-slotindexes-getindexafter-n21-d16.pbqp,none,avx2,heuristic,solved-heuristic,ok
419-mbb-slotindexes-getindexbefore-n19-d16.pbqp,none,avx2,branch,search-node-limit,ok
419-mbb-slotindexes-getindexbefore-n19-d16.pbqp,none,portable,branch,search-node-limit,ok
419-mbb-slotindexes-getindexbefore-n19-d16.pbqp,none,structured,branch,search-node-limit,ok
419-mbb-slotindexes-getindexbefore-n19-d16.pbqp,heuristic,avx2,branch,search-node-limit,ok
419-mbb-slotindexes-getindexbefore-n19-d16.pbqp,heuristic,portable,branch,search-node-limit,ok
419-mbb-slotindexes-getindexbefore-n19-d16.pbqp,heuristic,structured,branch,search-node-limit,ok
419-mbb-slotindexes-getindexbefore-n19-d16.pbqp,none,avx2,heuristic,solved-heuristic,ok
420-mbb-slotindexes-getinstructionindex-n20-d16.pbqp,none,avx2,branch,search-node-limit,ok
420-mbb-slotindexes-getinstructionindex-n20-d16.pbqp,none,portable,branch,search-node-limit,ok
420-mbb-slotindexes-getinstructionindex-n20-d16.pbqp,none,structured,branch,search-node-limit,ok
420-mbb-slotindexes-getinstructionindex-n20-d16.pbqp,heuristic,avx2,branch,solved-exact,ok
420-mbb-slotindexes-getinstructionindex-n20-d16.pbqp,heuristic,portable,branch,solved-exact,ok
420-mbb-slotindexes-getinstructionindex-n20-d16.pbqp,heuristic,structured,branch,solved-exact,ok
420-mbb-slotindexes-getinstructionindex-n20-d16.pbqp,none,avx2,heuristic,solved-heuristic,ok
421-mbb-machinebasicblock-getfullname-abi-cx-n35-d16.pbqp,none,avx2,branch,search-node-limit,ok
421-mbb-machinebasicblock-getfullname-abi-cx-n35-d16.pbqp,none,portable,branch,search-node-limit,ok
421-mbb-machinebasicblock-getfullname-abi-cx-n35-d16.pbqp,none,structured,branch,search-node-limit,ok
421-mbb-machinebasicblock-getfullname-abi-cx-n35-d16.pbqp,heuristic,avx2,branch,solved-exact,ok
421-mbb-machinebasicblock-getfullname-abi-cx-n35-d16.pbqp,heuristic,portable,branch,solved-exact,ok
421-mbb-machinebasicblock-getfullname-abi-cx-n35-d16.pbqp,heuristic,structured,branch,solved-exact,ok
421-mbb-machinebasicblock-getfullname-abi-cx-n35-d16.pbqp,none,avx2,heuristic,solved-heuristic,ok
422-mbb-machinebasicblock-issuccessor-n10-d16.pbqp,none,avx2,branch,solved-exact,ok
422-mbb-machinebasicblock-issuccessor-n10-d16.pbqp,none,portable,branch,solved-exact,ok
422-mbb-machinebasicblock-issuccessor-n10-d16.pbqp,none,structured,branch,solved-exact,ok
422-mbb-machinebasicblock-issuccessor-n10-d16.pbqp,heuristic,avx2,branch,solved-exact,ok
422-mbb-machinebasicblock-issuccessor-n10-d16.pbqp,heuristic,portable,branch,solved-exact,ok
422-mbb-machinebasicblock-issuccessor-n10-d16.pbqp,heuristic,structured,branch,solved-exact,ok
422-mbb-machinebasicblock-issuccessor-n10-d16.pbqp,none,avx2,heuristic,solved-heuristic,ok
423-mbb-machinebasicblock-getendsymbol-n9-d16.pbqp,none,avx2,branch,solved-exact,ok
423-mbb-machinebasicblock-getendsymbol-n9-d16.pbqp,none,portable,branch,solved-exact,ok
423-mbb-machinebasicblock-getendsymbol-n9-d16.pbqp,none,structured,branch,solved-exact,ok
423-mbb-machinebasicblock-getendsymbol-n9-d16.pbqp,heuristic,avx2,branch,solved-exact,ok
423-mbb-machinebasicblock-getendsymbol-n9-d16.pbqp,heuristic,portable,branch,solved-exact,ok
423-mbb-machinebasicblock-getendsymbol-n9-d16.pbqp,heuristic,structured,branch,solved-exact,ok
423-mbb-machinebasicblock-getendsymbol-n9-d16.pbqp,none,avx2,heuristic,solved-heuristic,ok
424-mbb-machinebasicblock-isentryblock-n3-d16.pbqp,none,avx2,branch,solved-exact,ok
424-mbb-machinebasicblock-isentryblock-n3-d16.pbqp,none,portable,branch,solved-exact,ok
424-mbb-machinebasicblock-isentryblock-n3-d16.pbqp,none,structured,branch,solved-exact,ok
424-mbb-machinebasicblock-isentryblock-n3-d16.pbqp,heuristic,avx2,branch,solved-exact,ok
424-mbb-machinebasicblock-isentryblock-n3-d16.pbqp,heuristic,portable,branch,solved-exact,ok
424-mbb-machinebasicblock-isentryblock-n3-d16.pbqp,heuristic,structured,branch,solved-exact,ok
424-mbb-machinebasicblock-isentryblock-n3-d16.pbqp,none,avx2,heuristic,solved-heuristic,ok
425-mbb-machinebasicblock-livein-begin-n2-d16.pbqp,none,avx2,branch,solved-exact,ok
425-mbb-machinebasicblock-livein-begin-n2-d16.pbqp,none,portable,branch,solved-exact,ok
425-mbb-machinebasicblock-livein-begin-n2-d16.pbqp,none,structured,branch,solved-exact,ok
425-mbb-machinebasicblock-livein-begin-n2-d16.pbqp,heuristic,avx2,branch,solved-exact,ok
425-mbb-machinebasicblock-livein-begin-n2-d16.pbqp,heuristic,portable,branch,solved-exact,ok
425-mbb-machinebasicblock-livein-begin-n2-d16.pbqp,heuristic,structured,branch,solved-exact,ok
425-mbb-machinebasicblock-livein-begin-n2-d16.pbqp,none,avx2,heuristic,solved-heuristic,ok
426-mbb-machinebasicblock-ispredecessor-n10-d16.pbqp,none,avx2,branch,solved-exact,ok
426-mbb-machinebasicblock-ispredecessor-n10-d16.pbqp,none,portable,branch,solved-exact,ok
426-mbb-machinebasicblock-ispredecessor-n10-d16.pbqp,none,structured,branch,solved-exact,ok
426-mbb-machinebasicblock-ispredecessor-n10-d16.pbqp,heuristic,avx2,branch,solved-exact,ok
426-mbb-machinebasicblock-ispredecessor-n10-d16.pbqp,heuristic,portable,branch,solved-exact,ok
426-mbb-machinebasicblock-ispredecessor-n10-d16.pbqp,heuristic,structured,branch,solved-exact,ok
426-mbb-machinebasicblock-ispredecessor-n10-d16.pbqp,none,avx2,heuristic,solved-heuristic,ok
427-mbb-machinebasicblock-liveout-begin-n23-d16.pbqp,none,avx2,branch,search-node-limit,ok
427-mbb-machinebasicblock-liveout-begin-n23-d16.pbqp,none,portable,branch,search-node-limit,ok
427-mbb-machinebasicblock-liveout-begin-n23-d16.pbqp,none,structured,branch,search-node-limit,ok
427-mbb-machinebasicblock-liveout-begin-n23-d16.pbqp,heuristic,avx2,branch,solved-exact,ok
427-mbb-machinebasicblock-liveout-begin-n23-d16.pbqp,heuristic,portable,branch,solved-exact,ok
427-mbb-machinebasicblock-liveout-begin-n23-d16.pbqp,heuristic,structured,branch,solved-exact,ok
427-mbb-machinebasicblock-liveout-begin-n23-d16.pbqp,none,avx2,heuristic,solved-heuristic,ok
428-mbb-machinebasicblock-printasoperand-n7-d16.pbqp,none,avx2,branch,solved-exact,ok
428-mbb-machinebasicblock-printasoperand-n7-d16.pbqp,none,portable,branch,solved-exact,ok
428-mbb-machinebasicblock-printasoperand-n7-d16.pbqp,none,structured,branch,solved-exact,ok
428-mbb-machinebasicblock-printasoperand-n7-d16.pbqp,heuristic,avx2,branch,solved-exact,ok
428-mbb-machinebasicblock-printasoperand-n7-d16.pbqp,heuristic,portable,branch,solved-exact,ok
428-mbb-machinebasicblock-printasoperand-n7-d16.pbqp,heuristic,structured,branch,solved-exact,ok
428-mbb-machinebasicblock-printasoperand-n7-d16.pbqp,none,avx2,heuristic,solved-heuristic,ok
429-mbb-machinebasicblock-getehcontsymbol-n22-d17.pbqp,none,avx2,branch,search-node-limit,ok
429-mbb-machinebasicblock-getehcontsymbol-n22-d17.pbqp,none,portable,branch,search-node-limit,ok
429-mbb-machinebasicblock-getehcontsymbol-n22-d17.pbqp,none,structured,branch,search-node-limit,ok
429-mbb-machinebasicblock-getehcontsymbol-n22-d17.pbqp,heuristic,avx2,branch,solved-exact,ok
429-mbb-machinebasicblock-getehcontsymbol-n22-d17.pbqp,heuristic,portable,branch,solved-exact,ok
429-mbb-machinebasicblock-getehcontsymbol-n22-d17.pbqp,heuristic,structured,branch,solved-exact,ok
429-mbb-machinebasicblock-getehcontsymbol-n22-d17.pbqp,none,avx2,heuristic,solved-heuristic,ok
430-mbb-machinebasicblock-getendclobbermask-n12-d16.pbqp,none,avx2,branch,search-node-limit,ok
430-mbb-machinebasicblock-getendclobbermask-n12-d16.pbqp,none,portable,branch,search-node-limit,ok
430-mbb-machinebasicblock-getendclobbermask-n12-d16.pbqp,none,structured,branch,search-node-limit,ok
430-mbb-machinebasicblock-getendclobbermask-n12-d16.pbqp,heuristic,avx2,branch,solved-exact,ok
430-mbb-machinebasicblock-getendclobbermask-n12-d16.pbqp,heuristic,portable,branch,solved-exact,ok
430-mbb-machinebasicblock-getendclobbermask-n12-d16.pbqp,heuristic,structured,branch,solved-exact,ok
430-mbb-machinebasicblock-getendclobbermask-n12-d16.pbqp,none,avx2,heuristic,solved-heuristic,ok
431-mbb-machinebasicblock-hasehpadsuccessor-n7-d16.pbqp,none,avx2,branch,solved-exact,ok
431-mbb-machinebasicblock-hasehpadsuccessor-n7-d16.pbqp,none,portable,branch,solved-exact,ok
431-mbb-machinebasicblock-hasehpadsuccessor-n7-d16.pbqp,none,structured,branch,solved-exact,ok
431-mbb-machinebasicblock-hasehpadsuccessor-n7-d16.pbqp,heuristic,avx2,branch,solved-exact,ok
431-mbb-machinebasicblock-hasehpadsuccessor-n7-d16.pbqp,heuristic,portable,branch,solved-exact,ok
431-mbb-machinebasicblock-hasehpadsuccessor-n7-d16.pbqp,heuristic,structured,branch,solved-exact,ok
431-mbb-machinebasicblock-hasehpadsuccessor-n7-d16.pbqp,none,avx2,heuristic,solved-heuristic,ok
432-mbb-machinebasicblock-islayoutsuccessor-n3-d16.pbqp,none,avx2,branch,solved-exact,ok
432-mbb-machinebasicblock-islayoutsuccessor-n3-d16.pbqp,none,portable,branch,solved-exact,ok
432-mbb-machinebasicblock-islayoutsuccessor-n3-d16.pbqp,none,structured,branch,solved-exact,ok
432-mbb-machinebasicblock-islayoutsuccessor-n3-d16.pbqp,heuristic,avx2,branch,solved-exact,ok
432-mbb-machinebasicblock-islayoutsuccessor-n3-d16.pbqp,heuristic,portable,branch,solved-exact,ok
432-mbb-machinebasicblock-islayoutsuccessor-n3-d16.pbqp,heuristic,structured,branch,solved-exact,ok
432-mbb-machinebasicblock-islayoutsuccessor-n3-d16.pbqp,none,avx2,heuristic,solved-heuristic,ok
433-mbb-machinebasicblock-getsinglesuccessor-n3-d16.pbqp,none,avx2,branch,solved-exact,ok
433-mbb-machinebasicblock-getsinglesuccessor-n3-d16.pbqp,none,portable,branch,solved-exact,ok
433-mbb-machinebasicblock-getsinglesuccessor-n3-d16.pbqp,none,structured,branch,solved-exact,ok
433-mbb-machinebasicblock-getsinglesuccessor-n3-d16.pbqp,heuristic,avx2,branch,solved-exact,ok
433-mbb-machinebasicblock-getsinglesuccessor-n3-d16.pbqp,heuristic,portable,branch,solved-exact,ok
433-mbb-machinebasicblock-getsinglesuccessor-n3-d16.pbqp,heuristic,structured,branch,solved-exact,ok
433-mbb-machinebasicblock-getsinglesuccessor-n3-d16.pbqp,none,avx2,heuristic,solved-heuristic,ok
434-mbb-machinebasicblock-getsuccprobability-n17-d16.pbqp,none,avx2,branch,search-node-limit,ok
434-mbb-machinebasicblock-getsuccprobability-n17-d16.pbqp,none,portable,branch,search-node-limit,ok
434-mbb-machinebasicblock-getsuccprobability-n17-d16.pbqp,none,structured,branch,search-node-limit,ok
434-mbb-machinebasicblock-getsuccprobability-n17-d16.pbqp,heuristic,avx2,branch,search-node-limit,ok
434-mbb-machinebasicblock-getsuccprobability-n17-d16.pbqp,heuristic,portable,branch,search-node-limit,ok
434-mbb-machinebasicblock-getsuccprobability-n17-d16.pbqp,heuristic,structured,branch,search-node-limit,ok
434-mbb-machinebasicblock-getsuccprobability-n17-d16.pbqp,none,avx2,heuristic,solved-heuristic,ok
435-mbb-machinebasicblock-islegaltohoistinto-n18-d16.pbqp,none,avx2,branch,search-node-limit,ok
435-mbb-machinebasicblock-islegaltohoistinto-n18-d16.pbqp,none,portable,branch,search-node-limit,ok
435-mbb-machinebasicblock-islegaltohoistinto-n18-d16.pbqp,none,structured,branch,search-node-limit,ok
435-mbb-machinebasicblock-islegaltohoistinto-n18-d16.pbqp,heuristic,avx2,branch,solved-exact,ok
435-mbb-machinebasicblock-islegaltohoistinto-n18-d16.pbqp,heuristic,portable,branch,solved-exact,ok
435-mbb-machinebasicblock-islegaltohoistinto-n18-d16.pbqp,heuristic,structured,branch,solved-exact,ok
435-mbb-machinebasicblock-islegaltohoistinto-n18-d16.pbqp,none,avx2,heuristic,solved-heuristic,ok
436-mbb-machinebasicblock-mayhaveinlineasmbr-n7-d16.pbqp,none,avx2,branch,solved-exact,ok
436-mbb-machinebasicblock-mayhaveinlineasmbr-n7-d16.pbqp,none,portable,branch,solved-exact,ok
436-mbb-machinebasicblock-mayhaveinlineasmbr-n7-d16.pbqp,none,structured,branch,solved-exact,ok
436-mbb-machinebasicblock-mayhaveinlineasmbr-n7-d16.pbqp,heuristic,avx2,branch,solved-exact,ok
436-mbb-machinebasicblock-mayhaveinlineasmbr-n7-d16.pbqp,heuristic,portable,branch,solved-exact,ok
436-mbb-machinebasicblock-mayhaveinlineasmbr-n7-d16.pbqp,heuristic,structured,branch,solved-exact,ok
436-mbb-machinebasicblock-mayhaveinlineasmbr-n7-d16.pbqp,none,avx2,heuristic,solved-heuristic,ok
437-mbb-machinebasicblock-getbeginclobbermas-n3-d16.pbqp,none,avx2,branch,solved-exact,ok
437-mbb-machinebasicblock-getbeginclobbermas-n3-d16.pbqp,none,portable,branch,solved-exact,ok
437-mbb-machinebasicblock-getbeginclobbermas-n3-d16.pbqp,none,structured,branch,solved-exact,ok
437-mbb-machinebasicblock-getbeginclobbermas-n3-d16.pbqp,heuristic,avx2,branch,solved-exact,ok
437-mbb-machinebasicblock-getbeginclobbermas-n3-d16.pbqp,heuristic,portable,branch,solved-exact,ok
437-mbb-machinebasicblock-getbeginclobbermas-n3-d16.pbqp,heuristic,structured,branch,solved-exact,ok
437-mbb-machinebasicblock-getbeginclobbermas-n3-d16.pbqp,none,avx2,heuristic,solved-heuristic,ok
438-mbb-machinebasicblock-cansplitcriticaled-n60-d16.pbqp,none,avx2,branch,search-node-limit,ok
438-mbb-machinebasicblock-cansplitcriticaled-n60-d16.pbqp,none,portable,branch,search-node-limit,ok
438-mbb-machinebasicblock-cansplitcriticaled-n60-d16.pbqp,none,structured,branch,search-node-limit,ok
438-mbb-machinebasicblock-cansplitcriticaled-n60-d16.pbqp,heuristic,avx2,branch,search-node-limit,ok
438-mbb-machinebasicblock-cansplitcriticaled-n60-d16.pbqp,heuristic,portable,branch,search-node-limit,ok
438-mbb-machinebasicblock-cansplitcriticaled-n60-d16.pbqp,heuristic,structured,branch,search-node-limit,ok
438-mbb-machinebasicblock-cansplitcriticaled-n60-d16.pbqp,none,avx2,heuristic,solved-heuristic,ok
439-mbb-machinebasicblock-cansplitcriticaled-n62-d16-r1.pbqp,none,avx2,branch,search-node-limit,ok
439-mbb-machinebasicblock-cansplitcriticaled-n62-d16-r1.pbqp,none,portable,branch,search-node-limit,ok
439-mbb-machinebasicblock-cansplitcriticaled-n62-d16-r1.pbqp,none,structured,branch,search-node-limit,ok
439-mbb-machinebasicblock-cansplitcriticaled-n62-d16-r1.pbqp,heuristic,avx2,branch,solved-exact,ok
439-mbb-machinebasicblock-cansplitcriticaled-n62-d16-r1.pbqp,heuristic,portable,branch,solved-exact,ok
439-mbb-machinebasicblock-cansplitcriticaled-n62-d16-r1.pbqp,heuristic,structured,branch,solved-exact,ok
439-mbb-machinebasicblock-cansplitcriticaled-n62-d16-r1.pbqp,none,avx2,heuristic,solved-heuristic,ok
440-mbb-machinebasicblock-getsinglepredecess-n3-d16.pbqp,none,avx2,branch,solved-exact,ok
440-mbb-machinebasicblock-getsinglepredecess-n3-d16.pbqp,none,portable,branch,solved-exact,ok
440-mbb-machinebasicblock-getsinglepredecess-n3-d16.pbqp,none,structured,branch,solved-exact,ok
440-mbb-machinebasicblock-getsinglepredecess-n3-d16.pbqp,heuristic,avx2,branch,solved-exact,ok
440-mbb-machinebasicblock-getsinglepredecess-n3-d16.pbqp,heuristic,portable,branch,solved-exact,ok
440-mbb-machinebasicblock-getsinglepredecess-n3-d16.pbqp,heuristic,structured,branch,solved-exact,ok
440-mbb-machinebasicblock-getsinglepredecess-n3-d16.pbqp,none,avx2,heuristic,solved-heuristic,ok
441-mbb-machinebasicblock-getprobabilityiter-n2-d16.pbqp,none,avx2,branch,solved-exact,ok
441-mbb-machinebasicblock-getprobabilityiter-n2-d16.pbqp,none,portable,branch,solved-exact,ok
441-mbb-machinebasicblock-getprobabilityiter-n2-d16.pbqp,none,structured,branch,solved-exact,ok
441-mbb-machinebasicblock-getprobabilityiter-n2-d16.pbqp,heuristic,avx2,branch,solved-exact,ok
441-mbb-machinebasicblock-getprobabilityiter-n2-d16.pbqp,heuristic,portable,branch,solved-exact,ok
441-mbb-machinebasicblock-getprobabilityiter-n2-d16.pbqp,heuristic,structured,branch,solved-exact,ok
441-mbb-machinebasicblock-getprobabilityiter-n2-d16.pbqp,none,avx2,heuristic,solved-heuristic,ok
442-mbb-machinebasicblock-computeregisterliv-n40-d16.pbqp,none,avx2,branch,search-node-limit,ok
442-mbb-machinebasicblock-computeregisterliv-n40-d16.pbqp,none,portable,branch,search-node-limit,ok
442-mbb-machinebasicblock-computeregisterliv-n40-d16.pbqp,none,structured,branch,search-node-limit,ok
442-mbb-machinebasicblock-computeregisterliv-n40-d16.pbqp,heuristic,avx2,branch,search-node-limit,ok
442-mbb-machinebasicblock-computeregisterliv-n40-d16.pbqp,heuristic,portable,branch,search-node-limit,ok
442-mbb-machinebasicblock-computeregisterliv-n40-d16.pbqp,heuristic,structured,branch,search-node-limit,ok
442-mbb-machinebasicblock-computeregisterliv-n40-d16.pbqp,none,avx2,heuristic,solved-heuristic,ok
443-mbb-machinebasicblock-computeregisterliv-n46-d16-r1.pbqp,none,avx2,branch,search-node-limit,ok
443-mbb-machinebasicblock-computeregisterliv-n46-d16-r1.pbqp,none,portable,branch,search-node-limit,ok
443-mbb-machinebasicblock-computeregisterliv-n46-d16-r1.pbqp,none,structured,branch,search-node-limit,ok
443-mbb-machinebasicblock-computeregisterliv-n46-d16-r1.pbqp,heuristic,avx2,branch,search-node-limit,ok
443-mbb-machinebasicblock-computeregisterliv-n46-d16-r1.pbqp,heuristic,portable,branch,search-node-limit,ok
443-mbb-machinebasicblock-computeregisterliv-n46-d16-r1.pbqp,heuristic,structured,branch,search-node-limit,ok
443-mbb-machinebasicblock-computeregisterliv-n46-d16-r1.pbqp,none,avx2,heuristic,solved-heuristic,ok
444-mbb-machinebasicblock-sizewithoutdebugla-n9-d16.pbqp,none,avx2,branch,search-node-limit,ok
444-mbb-machinebasicblock-sizewithoutdebugla-n9-d16.pbqp,none,portable,branch,search-node-limit,ok
444-mbb-machinebasicblock-sizewithoutdebugla-n9-d16.pbqp,none,structured,branch,search-node-limit,ok
444-mbb-machinebasicblock-sizewithoutdebugla-n9-d16.pbqp,heuristic,avx2,branch,solved-exact,ok
444-mbb-machinebasicblock-sizewithoutdebugla-n9-d16.pbqp,heuristic,portable,branch,solved-exact,ok
444-mbb-machinebasicblock-sizewithoutdebugla-n9-d16.pbqp,heuristic,structured,branch,solved-exact,ok
444-mbb-machinebasicblock-sizewithoutdebugla-n9-d16.pbqp,none,avx2,heuristic,solved-heuristic,ok
445-mbb-machinebasicblock-canpredictbranchpr-n139-d17.pbqp,none,avx2,branch,search-node-limit,ok
445-mbb-machinebasicblock-canpredictbranchpr-n139-d17.pbqp,none,portable,branch,search-node-limit,ok
445-mbb-machinebasicblock-canpredictbranchpr-n139-d17.pbqp,none,structured,branch,search-node-limit,ok
445-mbb-machinebasicblock-canpredictbranchpr-n139-d17.pbqp,heuristic,avx2,branch,search-node-limit,ok
445-mbb-machinebasicblock-canpredictbranchpr-n139-d17.pbqp,heuristic,portable,branch,search-node-limit,ok
445-mbb-machinebasicblock-canpredictbranchpr-n139-d17.pbqp,heuristic,structured,branch,search-node-limit,ok
445-mbb-machinebasicblock-canpredictbranchpr-n139-d17.pbqp,none,avx2,heuristic,solved-heuristic,ok
446-mbb-machinebasicblock-print-n18-d17.pbqp,none,avx2,branch,solved-exact,ok
446-mbb-machinebasicblock-print-n18-d17.pbqp,none,portable,branch,solved-exact,ok
446-mbb-machinebasicblock-print-n18-d17.pbqp,none,structured,branch,solved-exact,ok
446-mbb-machinebasicblock-print-n18-d17.pbqp,heuristic,avx2,branch,solved-exact,ok
446-mbb-machinebasicblock-print-n18-d17.pbqp,heuristic,portable,branch,solved-exact,ok
446-mbb-machinebasicblock-print-n18-d17.pbqp,heuristic,structured,branch,solved-exact,ok
446-mbb-machinebasicblock-print-n18-d17.pbqp,none,avx2,heuristic,solved-heuristic,ok
447-mbb-machinebasicblock-print-n227-d17.pbqp,none,avx2,branch,capacity/error,ok
447-mbb-machinebasicblock-print-n227-d17.pbqp,none,portable,branch,capacity/error,ok
447-mbb-machinebasicblock-print-n227-d17.pbqp,none,structured,branch,capacity/error,ok
447-mbb-machinebasicblock-print-n227-d17.pbqp,heuristic,avx2,branch,search-node-limit,ok
447-mbb-machinebasicblock-print-n227-d17.pbqp,heuristic,portable,branch,search-node-limit,ok
447-mbb-machinebasicblock-print-n227-d17.pbqp,heuristic,structured,branch,search-node-limit,ok
447-mbb-machinebasicblock-print-n227-d17.pbqp,none,avx2,heuristic,solved-heuristic,ok
448-mbb-machinebasicblock-print-n234-d17-r1.pbqp,none,avx2,branch,search-node-limit,ok
448-mbb-machinebasicblock-print-n234-d17-r1.pbqp,none,portable,branch,search-node-limit,ok
448-mbb-machinebasicblock-print-n234-d17-r1.pbqp,none,structured,branch,search-node-limit,ok
448-mbb-machinebasicblock-print-n234-d17-r1.pbqp,heuristic,avx2,branch,search-node-limit,ok
448-mbb-machinebasicblock-print-n234-d17-r1.pbqp,heuristic,portable,branch,search-node-limit,ok
448-mbb-machinebasicblock-print-n234-d17-r1.pbqp,heuristic,structured,branch,search-node-limit,ok
448-mbb-machinebasicblock-print-n234-d17-r1.pbqp,none,avx2,heuristic,solved-heuristic,ok
449-mbb-machinebasicblock-getname-n4-d16.pbqp,none,avx2,branch,solved-exact,ok
449-mbb-machinebasicblock-getname-n4-d16.pbqp,none,portable,branch,solved-exact,ok
449-mbb-machinebasicblock-getname-n4-d16.pbqp,none,structured,branch,solved-exact,ok
449-mbb-machinebasicblock-getname-n4-d16.pbqp,heuristic,avx2,branch,solved-exact,ok
449-mbb-machinebasicblock-getname-n4-d16.pbqp,heuristic,portable,branch,solved-exact,ok
449-mbb-machinebasicblock-getname-n4-d16.pbqp,heuristic,structured,branch,solved-exact,ok
449-mbb-machinebasicblock-getname-n4-d16.pbqp,none,avx2,heuristic,solved-heuristic,ok
450-mbb-machinebasicblock-hasname-n3-d16.pbqp,none,avx2,branch,solved-exact,ok
450-mbb-machinebasicblock-hasname-n3-d16.pbqp,none,portable,branch,solved-exact,ok
450-mbb-machinebasicblock-hasname-n3-d16.pbqp,none,structured,branch,solved-exact,ok
450-mbb-machinebasicblock-hasname-n3-d16.pbqp,heuristic,avx2,branch,solved-exact,ok
450-mbb-machinebasicblock-hasname-n3-d16.pbqp,heuristic,portable,branch,solved-exact,ok
450-mbb-machinebasicblock-hasname-n3-d16.pbqp,heuristic,structured,branch,solved-exact,ok
450-mbb-machinebasicblock-hasname-n3-d16.pbqp,none,avx2,heuristic,solved-heuristic,ok
451-mbb-machinebasicblock-islivein-n8-d16.pbqp,none,avx2,branch,solved-exact,ok
451-mbb-machinebasicblock-islivein-n8-d16.pbqp,none,portable,branch,solved-exact,ok
451-mbb-machinebasicblock-islivein-n8-d16.pbqp,none,structured,branch,solved-exact,ok
451-mbb-machinebasicblock-islivein-n8-d16.pbqp,heuristic,avx2,branch,solved-exact,ok
451-mbb-machinebasicblock-islivein-n8-d16.pbqp,heuristic,portable,branch,solved-exact,ok
451-mbb-machinebasicblock-islivein-n8-d16.pbqp,heuristic,structured,branch,solved-exact,ok
451-mbb-machinebasicblock-islivein-n8-d16.pbqp,none,avx2,heuristic,solved-heuristic,ok
452-mbb-machinebasicblock-getsymbol-n29-d17.pbqp,none,avx2,branch,search-node-limit,ok
452-mbb-machinebasicblock-getsymbol-n29-d17.pbqp,none,portable,branch,search-node-limit,ok
452-mbb-machinebasicblock-getsymbol-n29-d17.pbqp,none,structured,branch,search-node-limit,ok
452-mbb-machinebasicblock-getsymbol-n29-d17.pbqp,heuristic,avx2,branch,solved-exact,ok
452-mbb-machinebasicblock-getsymbol-n29-d17.pbqp,heuristic,portable,branch,solved-exact,ok
452-mbb-machinebasicblock-getsymbol-n29-d17.pbqp,heuristic,structured,branch,solved-exact,ok
452-mbb-machinebasicblock-getsymbol-n29-d17.pbqp,none,avx2,heuristic,solved-heuristic,ok
453-mbb-machinebasicblock-printname-n121-d17.pbqp,none,avx2,branch,search-node-limit,ok
453-mbb-machinebasicblock-printname-n121-d17.pbqp,none,portable,branch,search-node-limit,ok
453-mbb-machinebasicblock-printname-n121-d17.pbqp,none,structured,branch,search-node-limit,ok
453-mbb-machinebasicblock-printname-n121-d17.pbqp,heuristic,avx2,branch,solved-exact,ok
453-mbb-machinebasicblock-printname-n121-d17.pbqp,heuristic,portable,branch,solved-exact,ok
453-mbb-machinebasicblock-printname-n121-d17.pbqp,heuristic,structured,branch,solved-exact,ok
453-mbb-machinebasicblock-printname-n121-d17.pbqp,none,avx2,heuristic,solved-heuristic,ok
454-mbb-optionvaluecopy-compare-n4-d16.pbqp,none,avx2,branch,solved-exact,ok
454-mbb-optionvaluecopy-compare-n4-d16.pbqp,none,portable,branch,solved-exact,ok
454-mbb-optionvaluecopy-compare-n4-d16.pbqp,none,structured,branch,solved-exact,ok
454-mbb-optionvaluecopy-compare-n4-d16.pbqp,heuristic,avx2,branch,solved-exact,ok
454-mbb-optionvaluecopy-compare-n4-d16.pbqp,heuristic,portable,branch,solved-exact,ok
454-mbb-optionvaluecopy-compare-n4-d16.pbqp,heuristic,structured,branch,solved-exact,ok
454-mbb-optionvaluecopy-compare-n4-d16.pbqp,none,avx2,heuristic,solved-heuristic,ok
455-mbb-function-handler-m-manager-n4-d16.pbqp,none,avx2,branch,solved-exact,ok
455-mbb-function-handler-m-manager-n4-d16.pbqp,none,portable,branch,solved-exact,ok
455-mbb-function-handler-m-manager-n4-d16.pbqp,none,structured,branch,solved-exact,ok
455-mbb-function-handler-m-manager-n4-d16.pbqp,heuristic,avx2,branch,solved-exact,ok
455-mbb-function-handler-m-manager-n4-d16.pbqp,heuristic,portable,branch,solved-exact,ok
455-mbb-function-handler-m-manager-n4-d16.pbqp,heuristic,structured,branch,solved-exact,ok
455-mbb-function-handler-m-manager-n4-d16.pbqp,none,avx2,heuristic,solved-heuristic,ok
456-mbb-function-handler-m-invoke-n5-d16.pbqp,none,avx2,branch,solved-exact,ok
456-mbb-function-handler-m-invoke-n5-d16.pbqp,none,portable,branch,solved-exact,ok
456-mbb-function-handler-m-invoke-n5-d16.pbqp,none,structured,branch,solved-exact,ok
456-mbb-function-handler-m-invoke-n5-d16.pbqp,heuristic,avx2,branch,solved-exact,ok
456-mbb-function-handler-m-invoke-n5-d16.pbqp,heuristic,portable,branch,solved-exact,ok
456-mbb-function-handler-m-invoke-n5-d16.pbqp,heuristic,structured,branch,solved-exact,ok
456-mbb-function-handler-m-invoke-n5-d16.pbqp,none,avx2,heuristic,solved-heuristic,ok
457-mbb-function-handler-m-manager-n4-d16.pbqp,none,avx2,branch,solved-exact,ok
457-mbb-function-handler-m-manager-n4-d16.pbqp,none,portable,branch,solved-exact,ok
457-mbb-function-handler-m-manager-n4-d16.pbqp,none,structured,branch,solved-exact,ok
457-mbb-function-handler-m-manager-n4-d16.pbqp,heuristic,avx2,branch,solved-exact,ok
457-mbb-function-handler-m-manager-n4-d16.pbqp,heuristic,portable,branch,solved-exact,ok
457-mbb-function-handler-m-manager-n4-d16.pbqp,heuristic,structured,branch,solved-exact,ok
457-mbb-function-handler-m-manager-n4-d16.pbqp,none,avx2,heuristic,solved-heuristic,ok
458-mbb-function-handler-m-invoke-n8-d16.pbqp,none,avx2,branch,solved-exact,ok
458-mbb-function-handler-m-invoke-n8-d16.pbqp,none,portable,branch,solved-exact,ok
458-mbb-function-handler-m-invoke-n8-d16.pbqp,none,structured,branch,solved-exact,ok
458-mbb-function-handler-m-invoke-n8-d16.pbqp,heuristic,avx2,branch,solved-exact,ok
458-mbb-function-handler-m-invoke-n8-d16.pbqp,heuristic,portable,branch,solved-exact,ok
458-mbb-function-handler-m-invoke-n8-d16.pbqp,heuristic,structured,branch,solved-exact,ok
458-mbb-function-handler-m-invoke-n8-d16.pbqp,none,avx2,heuristic,solved-heuristic,ok
459-mbb-set-insert-n14-d16.pbqp,none,avx2,branch,search-node-limit,ok
459-mbb-set-insert-n14-d16.pbqp,none,portable,branch,search-node-limit,ok
459-mbb-set-insert-n14-d16.pbqp,none,structured,branch,search-node-limit,ok
459-mbb-set-insert-n14-d16.pbqp,heuristic,avx2,branch,search-node-limit,ok
459-mbb-set-insert-n14-d16.pbqp,heuristic,portable,branch,search-node-limit,ok
459-mbb-set-insert-n14-d16.pbqp,heuristic,structured,branch,search-node-limit,ok
459-mbb-set-insert-n14-d16.pbqp,none,avx2,heuristic,solved-heuristic,ok
460-mbb-rb-tree-m-erase-n4-d15.pbqp,none,avx2,branch,solved-exact,ok
460-mbb-rb-tree-m-erase-n4-d15.pbqp,none,portable,branch,solved-exact,ok
460-mbb-rb-tree-m-erase-n4-d15.pbqp,none,structured,branch,solved-exact,ok
460-mbb-rb-tree-m-erase-n4-d15.pbqp,heuristic,avx2,branch,solved-exact,ok
460-mbb-rb-tree-m-erase-n4-d15.pbqp,heuristic,portable,branch,solved-exact,ok
460-mbb-rb-tree-m-erase-n4-d15.pbqp,heuristic,structured,branch,solved-exact,ok
460-mbb-rb-tree-m-erase-n4-d15.pbqp,none,avx2,heuristic,solved-heuristic,ok
461-mbb-rb-tree-m-erase-n4-d15.pbqp,none,avx2,branch,solved-exact,ok
461-mbb-rb-tree-m-erase-n4-d15.pbqp,none,portable,branch,solved-exact,ok
461-mbb-rb-tree-m-erase-n4-d15.pbqp,none,structured,branch,solved-exact,ok
461-mbb-rb-tree-m-erase-n4-d15.pbqp,heuristic,avx2,branch,solved-exact,ok
461-mbb-rb-tree-m-erase-n4-d15.pbqp,heuristic,portable,branch,solved-exact,ok
461-mbb-rb-tree-m-erase-n4-d15.pbqp,heuristic,structured,branch,solved-exact,ok
461-mbb-rb-tree-m-erase-n4-d15.pbqp,none,avx2,heuristic,solved-heuristic,ok
462-mbb-std-adjust-heap-n33-d16.pbqp,none,avx2,branch,search-node-limit,ok
462-mbb-std-adjust-heap-n33-d16.pbqp,none,portable,branch,search-node-limit,ok
462-mbb-std-adjust-heap-n33-d16.pbqp,none,structured,branch,search-node-limit,ok
462-mbb-std-adjust-heap-n33-d16.pbqp,heuristic,avx2,branch,search-node-limit,ok
462-mbb-std-adjust-heap-n33-d16.pbqp,heuristic,portable,branch,search-node-limit,ok
462-mbb-std-adjust-heap-n33-d16.pbqp,heuristic,structured,branch,search-node-limit,ok
462-mbb-std-adjust-heap-n33-d16.pbqp,none,avx2,heuristic,solved-heuristic,ok
463-mbb-std-introsort-loop-n82-d17.pbqp,none,avx2,branch,search-node-limit,ok
463-mbb-std-introsort-loop-n82-d17.pbqp,none,portable,branch,search-node-limit,ok
463-mbb-std-introsort-loop-n82-d17.pbqp,none,structured,branch,search-node-limit,ok
463-mbb-std-introsort-loop-n82-d17.pbqp,heuristic,avx2,branch,search-node-limit,ok
463-mbb-std-introsort-loop-n82-d17.pbqp,heuristic,portable,branch,search-node-limit,ok
463-mbb-std-introsort-loop-n82-d17.pbqp,heuristic,structured,branch,search-node-limit,ok
463-mbb-std-introsort-loop-n82-d17.pbqp,none,avx2,heuristic,solved-heuristic,ok
464-mbb-std-introsort-loop-n82-d17-r1.pbqp,none,avx2,branch,search-node-limit,ok
464-mbb-std-introsort-loop-n82-d17-r1.pbqp,none,portable,branch,search-node-limit,ok
464-mbb-std-introsort-loop-n82-d17-r1.pbqp,none,structured,branch,search-node-limit,ok
464-mbb-std-introsort-loop-n82-d17-r1.pbqp,heuristic,avx2,branch,search-node-limit,ok
464-mbb-std-introsort-loop-n82-d17-r1.pbqp,heuristic,portable,branch,search-node-limit,ok
464-mbb-std-introsort-loop-n82-d17-r1.pbqp,heuristic,structured,branch,search-node-limit,ok
464-mbb-std-introsort-loop-n82-d17-r1.pbqp,none,avx2,heuristic,solved-heuristic,ok
465-mbb-std-introsort-loop-n30-d16.pbqp,none,avx2,branch,search-node-limit,ok
465-mbb-std-introsort-loop-n30-d16.pbqp,none,portable,branch,search-node-limit,ok
465-mbb-std-introsort-loop-n30-d16.pbqp,none,structured,branch,search-node-limit,ok
465-mbb-std-introsort-loop-n30-d16.pbqp,heuristic,avx2,branch,solved-exact,ok
465-mbb-std-introsort-loop-n30-d16.pbqp,heuristic,portable,branch,solved-exact,ok
465-mbb-std-introsort-loop-n30-d16.pbqp,heuristic,structured,branch,solved-exact,ok
465-mbb-std-introsort-loop-n30-d16.pbqp,none,avx2,heuristic,solved-heuristic,ok
466-mbb-std-final-insertion-sort-n91-d17.pbqp,none,avx2,branch,search-node-limit,ok
466-mbb-std-final-insertion-sort-n91-d17.pbqp,none,portable,branch,search-node-limit,ok
466-mbb-std-final-insertion-sort-n91-d17.pbqp,none,structured,branch,search-node-limit,ok
466-mbb-std-final-insertion-sort-n91-d17.pbqp,heuristic,avx2,branch,search-node-limit,ok
466-mbb-std-final-insertion-sort-n91-d17.pbqp,heuristic,portable,branch,search-node-limit,ok
466-mbb-std-final-insertion-sort-n91-d17.pbqp,heuristic,structured,branch,search-node-limit,ok
466-mbb-std-final-insertion-sort-n91-d17.pbqp,none,avx2,heuristic,solved-heuristic,ok
467-mbb-std-final-insertion-sort-n96-d17-r1.pbqp,none,avx2,branch,search-node-limit,ok
467-mbb-std-final-insertion-sort-n96-d17-r1.pbqp,none,portable,branch,search-node-limit,ok
467-mbb-std-final-insertion-sort-n96-d17-r1.pbqp,none,structured,branch,search-node-limit,ok
467-mbb-std-final-insertion-sort-n96-d17-r1.pbqp,heuristic,avx2,branch,search-node-limit,ok
467-mbb-std-final-insertion-sort-n96-d17-r1.pbqp,heuristic,portable,branch,search-node-limit,ok
467-mbb-std-final-insertion-sort-n96-d17-r1.pbqp,heuristic,structured,branch,search-node-limit,ok
467-mbb-std-final-insertion-sort-n96-d17-r1.pbqp,none,avx2,heuristic,solved-heuristic,ok
468-mbb-std-move-median-to-first-n29-d16.pbqp,none,avx2,branch,search-node-limit,ok
468-mbb-std-move-median-to-first-n29-d16.pbqp,none,portable,branch,search-node-limit,ok
468-mbb-std-move-median-to-first-n29-d16.pbqp,none,structured,branch,search-node-limit,ok
468-mbb-std-move-median-to-first-n29-d16.pbqp,heuristic,avx2,branch,search-node-limit,ok
468-mbb-std-move-median-to-first-n29-d16.pbqp,heuristic,portable,branch,search-node-limit,ok
468-mbb-std-move-median-to-first-n29-d16.pbqp,heuristic,structured,branch,search-node-limit,ok
468-mbb-std-move-median-to-first-n29-d16.pbqp,none,avx2,heuristic,solved-heuristic,ok
469-mbb-0-operator-n21-d17.pbqp,none,avx2,branch,solved-exact,ok
469-mbb-0-operator-n21-d17.pbqp,none,portable,branch,solved-exact,ok
469-mbb-0-operator-n21-d17.pbqp,none,structured,branch,solved-exact,ok
469-mbb-0-operator-n21-d17.pbqp,heuristic,avx2,branch,solved-exact,ok
469-mbb-0-operator-n21-d17.pbqp,heuristic,portable,branch,solved-exact,ok
469-mbb-0-operator-n21-d17.pbqp,heuristic,structured,branch,solved-exact,ok
469-mbb-0-operator-n21-d17.pbqp,none,avx2,heuristic,solved-heuristic,ok
470-cudd-addabs-cudd-addexistabstract-n10-d16.pbqp,none,avx2,branch,solved-exact,ok
470-cudd-addabs-cudd-addexistabstract-n10-d16.pbqp,none,portable,branch,solved-exact,ok
470-cudd-addabs-cudd-addexistabstract-n10-d16.pbqp,none,structured,branch,solved-exact,ok
470-cudd-addabs-cudd-addexistabstract-n10-d16.pbqp,heuristic,avx2,branch,solved-exact,ok
470-cudd-addabs-cudd-addexistabstract-n10-d16.pbqp,heuristic,portable,branch,solved-exact,ok
470-cudd-addabs-cudd-addexistabstract-n10-d16.pbqp,heuristic,structured,branch,solved-exact,ok
470-cudd-addabs-cudd-addexistabstract-n10-d16.pbqp,none,avx2,heuristic,solved-heuristic,ok
471-cudd-addabs-cudd-addorabstract-n10-d16.pbqp,none,avx2,branch,solved-exact,ok
471-cudd-addabs-cudd-addorabstract-n10-d16.pbqp,none,portable,branch,solved-exact,ok
471-cudd-addabs-cudd-addorabstract-n10-d16.pbqp,none,structured,branch,solved-exact,ok
471-cudd-addabs-cudd-addorabstract-n10-d16.pbqp,heuristic,avx2,branch,solved-exact,ok
471-cudd-addabs-cudd-addorabstract-n10-d16.pbqp,heuristic,portable,branch,solved-exact,ok
471-cudd-addabs-cudd-addorabstract-n10-d16.pbqp,heuristic,structured,branch,solved-exact,ok
471-cudd-addabs-cudd-addorabstract-n10-d16.pbqp,none,avx2,heuristic,solved-heuristic,ok
472-cudd-addabs-cudd-addunivabstract-n10-d16.pbqp,none,avx2,branch,solved-exact,ok
472-cudd-addabs-cudd-addunivabstract-n10-d16.pbqp,none,portable,branch,solved-exact,ok
472-cudd-addabs-cudd-addunivabstract-n10-d16.pbqp,none,structured,branch,solved-exact,ok
472-cudd-addabs-cudd-addunivabstract-n10-d16.pbqp,heuristic,avx2,branch,solved-exact,ok
472-cudd-addabs-cudd-addunivabstract-n10-d16.pbqp,heuristic,portable,branch,solved-exact,ok
472-cudd-addabs-cudd-addunivabstract-n10-d16.pbqp,heuristic,structured,branch,solved-exact,ok
472-cudd-addabs-cudd-addunivabstract-n10-d16.pbqp,none,avx2,heuristic,solved-heuristic,ok
473-cudd-addabs-cuddaddexistabstractrecur-n34-d16.pbqp,none,avx2,branch,search-node-limit,ok
473-cudd-addabs-cuddaddexistabstractrecur-n34-d16.pbqp,none,portable,branch,search-node-limit,ok
473-cudd-addabs-cuddaddexistabstractrecur-n34-d16.pbqp,none,structured,branch,search-node-limit,ok
473-cudd-addabs-cuddaddexistabstractrecur-n34-d16.pbqp,heuristic,avx2,branch,search-node-limit,ok
473-cudd-addabs-cuddaddexistabstractrecur-n34-d16.pbqp,heuristic,portable,branch,search-node-limit,ok
473-cudd-addabs-cuddaddexistabstractrecur-n34-d16.pbqp,heuristic,structured,branch,search-node-limit,ok
473-cudd-addabs-cuddaddexistabstractrecur-n34-d16.pbqp,none,avx2,heuristic,solved-heuristic,ok
474-cudd-addabs-cuddaddexistabstractrecur-n37-d16-r1.pbqp,none,avx2,branch,search-node-limit,ok
474-cudd-addabs-cuddaddexistabstractrecur-n37-d16-r1.pbqp,none,portable,branch,search-node-limit,ok
474-cudd-addabs-cuddaddexistabstractrecur-n37-d16-r1.pbqp,none,structured,branch,search-node-limit,ok
474-cudd-addabs-cuddaddexistabstractrecur-n37-d16-r1.pbqp,heuristic,avx2,branch,solved-exact,ok
474-cudd-addabs-cuddaddexistabstractrecur-n37-d16-r1.pbqp,heuristic,portable,branch,solved-exact,ok
474-cudd-addabs-cuddaddexistabstractrecur-n37-d16-r1.pbqp,heuristic,structured,branch,solved-exact,ok
474-cudd-addabs-cuddaddexistabstractrecur-n37-d16-r1.pbqp,none,avx2,heuristic,solved-heuristic,ok
475-cudd-addabs-cuddaddorabstractrecur-n29-d16.pbqp,none,avx2,branch,search-node-limit,ok
475-cudd-addabs-cuddaddorabstractrecur-n29-d16.pbqp,none,portable,branch,search-node-limit,ok
475-cudd-addabs-cuddaddorabstractrecur-n29-d16.pbqp,none,structured,branch,search-node-limit,ok
475-cudd-addabs-cuddaddorabstractrecur-n29-d16.pbqp,heuristic,avx2,branch,search-node-limit,ok
475-cudd-addabs-cuddaddorabstractrecur-n29-d16.pbqp,heuristic,portable,branch,search-node-limit,ok
475-cudd-addabs-cuddaddorabstractrecur-n29-d16.pbqp,heuristic,structured,branch,search-node-limit,ok
475-cudd-addabs-cuddaddorabstractrecur-n29-d16.pbqp,none,avx2,heuristic,solved-heuristic,ok
476-cudd-addabs-cuddaddorabstractrecur-n30-d16-r1.pbqp,none,avx2,branch,search-node-limit,ok
476-cudd-addabs-cuddaddorabstractrecur-n30-d16-r1.pbqp,none,portable,branch,search-node-limit,ok
476-cudd-addabs-cuddaddorabstractrecur-n30-d16-r1.pbqp,none,structured,branch,search-node-limit,ok
476-cudd-addabs-cuddaddorabstractrecur-n30-d16-r1.pbqp,heuristic,avx2,branch,solved-exact,ok
476-cudd-addabs-cuddaddorabstractrecur-n30-d16-r1.pbqp,heuristic,portable,branch,solved-exact,ok
476-cudd-addabs-cuddaddorabstractrecur-n30-d16-r1.pbqp,heuristic,structured,branch,solved-exact,ok
476-cudd-addabs-cuddaddorabstractrecur-n30-d16-r1.pbqp,none,avx2,heuristic,solved-heuristic,ok
477-cudd-addabs-cuddaddunivabstractrecur-n37-d16.pbqp,none,avx2,branch,search-node-limit,ok
477-cudd-addabs-cuddaddunivabstractrecur-n37-d16.pbqp,none,portable,branch,search-node-limit,ok
477-cudd-addabs-cuddaddunivabstractrecur-n37-d16.pbqp,none,structured,branch,search-node-limit,ok
477-cudd-addabs-cuddaddunivabstractrecur-n37-d16.pbqp,heuristic,avx2,branch,search-node-limit,ok
477-cudd-addabs-cuddaddunivabstractrecur-n37-d16.pbqp,heuristic,portable,branch,search-node-limit,ok
477-cudd-addabs-cuddaddunivabstractrecur-n37-d16.pbqp,heuristic,structured,branch,search-node-limit,ok
477-cudd-addabs-cuddaddunivabstractrecur-n37-d16.pbqp,none,avx2,heuristic,solved-heuristic,ok
478-cudd-addabs-cuddaddunivabstractrecur-n40-d16-r1.pbqp,none,avx2,branch,search-node-limit,ok
478-cudd-addabs-cuddaddunivabstractrecur-n40-d16-r1.pbqp,none,portable,branch,search-node-limit,ok
478-cudd-addabs-cuddaddunivabstractrecur-n40-d16-r1.pbqp,none,structured,branch,search-node-limit,ok
478-cudd-addabs-cuddaddunivabstractrecur-n40-d16-r1.pbqp,heuristic,avx2,branch,solved-exact,ok
478-cudd-addabs-cuddaddunivabstractrecur-n40-d16-r1.pbqp,heuristic,portable,branch,solved-exact,ok
478-cudd-addabs-cuddaddunivabstractrecur-n40-d16-r1.pbqp,heuristic,structured,branch,solved-exact,ok
478-cudd-addabs-cuddaddunivabstractrecur-n40-d16-r1.pbqp,none,avx2,heuristic,solved-heuristic,ok
479-cudd-bddabs-cudd-bddbooleandiff-n9-d16.pbqp,none,avx2,branch,solved-exact,ok
479-cudd-bddabs-cudd-bddbooleandiff-n9-d16.pbqp,none,portable,branch,solved-exact,ok
479-cudd-bddabs-cudd-bddbooleandiff-n9-d16.pbqp,none,structured,branch,solved-exact,ok
479-cudd-bddabs-cudd-bddbooleandiff-n9-d16.pbqp,heuristic,avx2,branch,solved-exact,ok
479-cudd-bddabs-cudd-bddbooleandiff-n9-d16.pbqp,heuristic,portable,branch,solved-exact,ok
479-cudd-bddabs-cudd-bddbooleandiff-n9-d16.pbqp,heuristic,structured,branch,solved-exact,ok
479-cudd-bddabs-cudd-bddbooleandiff-n9-d16.pbqp,none,avx2,heuristic,solved-heuristic,ok
480-cudd-bddabs-cudd-bddexistabstract-n10-d16.pbqp,none,avx2,branch,solved-exact,ok
480-cudd-bddabs-cudd-bddexistabstract-n10-d16.pbqp,none,portable,branch,solved-exact,ok
480-cudd-bddabs-cudd-bddexistabstract-n10-d16.pbqp,none,structured,branch,solved-exact,ok
480-cudd-bddabs-cudd-bddexistabstract-n10-d16.pbqp,heuristic,avx2,branch,solved-exact,ok
480-cudd-bddabs-cudd-bddexistabstract-n10-d16.pbqp,heuristic,portable,branch,solved-exact,ok
480-cudd-bddabs-cudd-bddexistabstract-n10-d16.pbqp,heuristic,structured,branch,solved-exact,ok
480-cudd-bddabs-cudd-bddexistabstract-n10-d16.pbqp,none,avx2,heuristic,solved-heuristic,ok
481-cudd-bddabs-cudd-bddexistabstractlimit-n13-d16.pbqp,none,avx2,branch,search-node-limit,ok
481-cudd-bddabs-cudd-bddexistabstractlimit-n13-d16.pbqp,none,portable,branch,search-node-limit,ok
481-cudd-bddabs-cudd-bddexistabstractlimit-n13-d16.pbqp,none,structured,branch,search-node-limit,ok
481-cudd-bddabs-cudd-bddexistabstractlimit-n13-d16.pbqp,heuristic,avx2,branch,solved-exact,ok
481-cudd-bddabs-cudd-bddexistabstractlimit-n13-d16.pbqp,heuristic,portable,branch,solved-exact,ok
481-cudd-bddabs-cudd-bddexistabstractlimit-n13-d16.pbqp,heuristic,structured,branch,solved-exact,ok
481-cudd-bddabs-cudd-bddexistabstractlimit-n13-d16.pbqp,none,avx2,heuristic,solved-heuristic,ok
482-cudd-bddabs-cudd-bddunivabstract-n11-d16.pbqp,none,avx2,branch,solved-exact,ok
482-cudd-bddabs-cudd-bddunivabstract-n11-d16.pbqp,none,portable,branch,solved-exact,ok
482-cudd-bddabs-cudd-bddunivabstract-n11-d16.pbqp,none,structured,branch,solved-exact,ok
482-cudd-bddabs-cudd-bddunivabstract-n11-d16.pbqp,heuristic,avx2,branch,solved-exact,ok
482-cudd-bddabs-cudd-bddunivabstract-n11-d16.pbqp,heuristic,portable,branch,solved-exact,ok
482-cudd-bddabs-cudd-bddunivabstract-n11-d16.pbqp,heuristic,structured,branch,solved-exact,ok
482-cudd-bddabs-cudd-bddunivabstract-n11-d16.pbqp,none,avx2,heuristic,solved-heuristic,ok
483-cudd-bddabs-cudd-bddvarisdependent-n17-d16.pbqp,none,avx2,branch,search-node-limit,ok
483-cudd-bddabs-cudd-bddvarisdependent-n17-d16.pbqp,none,portable,branch,search-node-limit,ok
483-cudd-bddabs-cudd-bddvarisdependent-n17-d16.pbqp,none,structured,branch,search-node-limit,ok
483-cudd-bddabs-cudd-bddvarisdependent-n17-d16.pbqp,heuristic,avx2,branch,search-node-limit,ok
483-cudd-bddabs-cudd-bddvarisdependent-n17-d16.pbqp,heuristic,portable,branch,search-node-limit,ok
483-cudd-bddabs-cudd-bddvarisdependent-n17-d16.pbqp,heuristic,structured,branch,search-node-limit,ok
483-cudd-bddabs-cudd-bddvarisdependent-n17-d16.pbqp,none,avx2,heuristic,solved-heuristic,ok
484-cudd-bddabs-cudd-bddvarisdependent-n19-d16-r1.pbqp,none,avx2,branch,search-node-limit,ok
484-cudd-bddabs-cudd-bddvarisdependent-n19-d16-r1.pbqp,none,portable,branch,search-node-limit,ok
484-cudd-bddabs-cudd-bddvarisdependent-n19-d16-r1.pbqp,none,structured,branch,search-node-limit,ok
484-cudd-bddabs-cudd-bddvarisdependent-n19-d16-r1.pbqp,heuristic,avx2,branch,solved-exact,ok
484-cudd-bddabs-cudd-bddvarisdependent-n19-d16-r1.pbqp,heuristic,portable,branch,solved-exact,ok
484-cudd-bddabs-cudd-bddvarisdependent-n19-d16-r1.pbqp,heuristic,structured,branch,solved-exact,ok
484-cudd-bddabs-cudd-bddvarisdependent-n19-d16-r1.pbqp,none,avx2,heuristic,solved-heuristic,ok
485-cudd-bddabs-cudd-bddxorexistabstract-n11-d16.pbqp,none,avx2,branch,solved-exact,ok
485-cudd-bddabs-cudd-bddxorexistabstract-n11-d16.pbqp,none,portable,branch,solved-exact,ok
485-cudd-bddabs-cudd-bddxorexistabstract-n11-d16.pbqp,none,structured,branch,solved-exact,ok
485-cudd-bddabs-cudd-bddxorexistabstract-n11-d16.pbqp,heuristic,avx2,branch,solved-exact,ok
485-cudd-bddabs-cudd-bddxorexistabstract-n11-d16.pbqp,heuristic,portable,branch,solved-exact,ok
485-cudd-bddabs-cudd-bddxorexistabstract-n11-d16.pbqp,heuristic,structured,branch,solved-exact,ok
485-cudd-bddabs-cudd-bddxorexistabstract-n11-d16.pbqp,none,avx2,heuristic,solved-heuristic,ok
486-cudd-bddabs-cuddbddbooleandiffrecur-n19-d16.pbqp,none,avx2,branch,search-node-limit,ok
486-cudd-bddabs-cuddbddbooleandiffrecur-n19-d16.pbqp,none,portable,branch,search-node-limit,ok
486-cudd-bddabs-cuddbddbooleandiffrecur-n19-d16.pbqp,none,structured,branch,search-node-limit,ok
486-cudd-bddabs-cuddbddbooleandiffrecur-n19-d16.pbqp,heuristic,avx2,branch,search-node-limit,ok
486-cudd-bddabs-cuddbddbooleandiffrecur-n19-d16.pbqp,heuristic,portable,branch,search-node-limit,ok
486-cudd-bddabs-cuddbddbooleandiffrecur-n19-d16.pbqp,heuristic,structured,branch,search-node-limit,ok
486-cudd-bddabs-cuddbddbooleandiffrecur-n19-d16.pbqp,none,avx2,heuristic,solved-heuristic,ok
487-cudd-bddabs-cuddbddbooleandiffrecur-n20-d16-r1.pbqp,none,avx2,branch,search-node-limit,ok
487-cudd-bddabs-cuddbddbooleandiffrecur-n20-d16-r1.pbqp,none,portable,branch,search-node-limit,ok
487-cudd-bddabs-cuddbddbooleandiffrecur-n20-d16-r1.pbqp,none,structured,branch,search-node-limit,ok
487-cudd-bddabs-cuddbddbooleandiffrecur-n20-d16-r1.pbqp,heuristic,avx2,branch,solved-exact,ok
487-cudd-bddabs-cuddbddbooleandiffrecur-n20-d16-r1.pbqp,heuristic,portable,branch,solved-exact,ok
487-cudd-bddabs-cuddbddbooleandiffrecur-n20-d16-r1.pbqp,heuristic,structured,branch,solved-exact,ok
487-cudd-bddabs-cuddbddbooleandiffrecur-n20-d16-r1.pbqp,none,avx2,heuristic,solved-heuristic,ok
488-cudd-bddabs-cuddbddexistabstractrecur-n37-d16.pbqp,none,avx2,branch,search-node-limit,ok
488-cudd-bddabs-cuddbddexistabstractrecur-n37-d16.pbqp,none,portable,branch,search-node-limit,ok
488-cudd-bddabs-cuddbddexistabstractrecur-n37-d16.pbqp,none,structured,branch,search-node-limit,ok
488-cudd-bddabs-cuddbddexistabstractrecur-n37-d16.pbqp,heuristic,avx2,branch,search-node-limit,ok
488-cudd-bddabs-cuddbddexistabstractrecur-n37-d16.pbqp,heuristic,portable,branch,search-node-limit,ok
488-cudd-bddabs-cuddbddexistabstractrecur-n37-d16.pbqp,heuristic,structured,branch,search-node-limit,ok
488-cudd-bddabs-cuddbddexistabstractrecur-n37-d16.pbqp,none,avx2,heuristic,solved-heuristic,ok
489-cudd-bddabs-cuddbddexistabstractrecur-n37-d16-r1.pbqp,none,avx2,branch,search-node-limit,ok
489-cudd-bddabs-cuddbddexistabstractrecur-n37-d16-r1.pbqp,none,portable,branch,search-node-limit,ok
489-cudd-bddabs-cuddbddexistabstractrecur-n37-d16-r1.pbqp,none,structured,branch,search-node-limit,ok
489-cudd-bddabs-cuddbddexistabstractrecur-n37-d16-r1.pbqp,heuristic,avx2,branch,solved-exact,ok
489-cudd-bddabs-cuddbddexistabstractrecur-n37-d16-r1.pbqp,heuristic,portable,branch,solved-exact,ok
489-cudd-bddabs-cuddbddexistabstractrecur-n37-d16-r1.pbqp,heuristic,structured,branch,solved-exact,ok
489-cudd-bddabs-cuddbddexistabstractrecur-n37-d16-r1.pbqp,none,avx2,heuristic,solved-heuristic,ok
490-cudd-bddabs-cuddbddxorexistabstractrecur-n38-d16.pbqp,none,avx2,branch,search-node-limit,ok
490-cudd-bddabs-cuddbddxorexistabstractrecur-n38-d16.pbqp,none,portable,branch,search-node-limit,ok
490-cudd-bddabs-cuddbddxorexistabstractrecur-n38-d16.pbqp,none,structured,branch,search-node-limit,ok
490-cudd-bddabs-cuddbddxorexistabstractrecur-n38-d16.pbqp,heuristic,avx2,branch,search-node-limit,ok
490-cudd-bddabs-cuddbddxorexistabstractrecur-n38-d16.pbqp,heuristic,portable,branch,search-node-limit,ok
490-cudd-bddabs-cuddbddxorexistabstractrecur-n38-d16.pbqp,heuristic,structured,branch,search-node-limit,ok
490-cudd-bddabs-cuddbddxorexistabstractrecur-n38-d16.pbqp,none,avx2,heuristic,solved-heuristic,ok
491-cudd-bddabs-cuddbddxorexistabstractrecur-n53-d16-r1.pbqp,none,avx2,branch,search-node-limit,ok
491-cudd-bddabs-cuddbddxorexistabstractrecur-n53-d16-r1.pbqp,none,portable,branch,search-node-limit,ok
491-cudd-bddabs-cuddbddxorexistabstractrecur-n53-d16-r1.pbqp,none,structured,branch,search-node-limit,ok
491-cudd-bddabs-cuddbddxorexistabstractrecur-n53-d16-r1.pbqp,heuristic,avx2,branch,search-node-limit,ok
491-cudd-bddabs-cuddbddxorexistabstractrecur-n53-d16-r1.pbqp,heuristic,portable,branch,search-node-limit,ok
491-cudd-bddabs-cuddbddxorexistabstractrecur-n53-d16-r1.pbqp,heuristic,structured,branch,search-node-limit,ok
491-cudd-bddabs-cuddbddxorexistabstractrecur-n53-d16-r1.pbqp,none,avx2,heuristic,solved-heuristic,ok
degree-3-n12-d2-s1001.pbqp,none,avx2,branch,solved-exact,ok
degree-3-n12-d2-s1001.pbqp,none,portable,branch,solved-exact,ok
degree-3-n12-d2-s1001.pbqp,none,structured,branch,solved-exact,ok
degree-3-n12-d2-s1001.pbqp,heuristic,avx2,branch,solved-exact,ok
degree-3-n12-d2-s1001.pbqp,heuristic,portable,branch,solved-exact,ok
degree-3-n12-d2-s1001.pbqp,heuristic,structured,branch,solved-exact,ok
degree-3-n12-d2-s1001.pbqp,none,current,branch_scalar_conditioning,solved-exact,ok
degree-3-n12-d2-s1001.pbqp,none,degree,branch_scalar_conditioning,solved-exact,ok
degree-3-n12-d2-s1001.pbqp,none,avx2,heuristic,solved-heuristic,ok
degree-3-n12-d2-s1002.pbqp,none,avx2,branch,solved-exact,ok
degree-3-n12-d2-s1002.pbqp,none,portable,branch,solved-exact,ok
degree-3-n12-d2-s1002.pbqp,none,structured,branch,solved-exact,ok
degree-3-n12-d2-s1002.pbqp,heuristic,avx2,branch,solved-exact,ok
degree-3-n12-d2-s1002.pbqp,heuristic,portable,branch,solved-exact,ok
degree-3-n12-d2-s1002.pbqp,heuristic,structured,branch,solved-exact,ok
degree-3-n12-d2-s1002.pbqp,none,current,branch_scalar_conditioning,solved-exact,ok
degree-3-n12-d2-s1002.pbqp,none,degree,branch_scalar_conditioning,solved-exact,ok
degree-3-n12-d2-s1002.pbqp,none,avx2,heuristic,solved-heuristic,ok
degree-3-n12-d4-s1001.pbqp,none,avx2,branch,solved-exact,ok
degree-3-n12-d4-s1001.pbqp,none,portable,branch,solved-exact,ok
degree-3-n12-d4-s1001.pbqp,none,structured,branch,solved-exact,ok
degree-3-n12-d4-s1001.pbqp,heuristic,avx2,branch,solved-exact,ok
degree-3-n12-d4-s1001.pbqp,heuristic,portable,branch,solved-exact,ok
degree-3-n12-d4-s1001.pbqp,heuristic,structured,branch,solved-exact,ok
degree-3-n12-d4-s1001.pbqp,none,current,branch_scalar_conditioning,solved-exact,ok
degree-3-n12-d4-s1001.pbqp,none,degree,branch_scalar_conditioning,solved-exact,ok
degree-3-n12-d4-s1001.pbqp,none,avx2,heuristic,solved-heuristic,ok
degree-3-n12-d4-s1002.pbqp,none,avx2,branch,solved-exact,ok
degree-3-n12-d4-s1002.pbqp,none,portable,branch,solved-exact,ok
degree-3-n12-d4-s1002.pbqp,none,structured,branch,solved-exact,ok
degree-3-n12-d4-s1002.pbqp,heuristic,avx2,branch,solved-exact,ok
degree-3-n12-d4-s1002.pbqp,heuristic,portable,branch,solved-exact,ok
degree-3-n12-d4-s1002.pbqp,heuristic,structured,branch,solved-exact,ok
degree-3-n12-d4-s1002.pbqp,none,current,branch_scalar_conditioning,solved-exact,ok
degree-3-n12-d4-s1002.pbqp,none,degree,branch_scalar_conditioning,solved-exact,ok
degree-3-n12-d4-s1002.pbqp,none,avx2,heuristic,solved-heuristic,ok
degree-3-n20-d2-s1001.pbqp,none,avx2,branch,solved-exact,ok
degree-3-n20-d2-s1001.pbqp,none,portable,branch,solved-exact,ok
degree-3-n20-d2-s1001.pbqp,none,structured,branch,solved-exact,ok
degree-3-n20-d2-s1001.pbqp,heuristic,avx2,branch,solved-exact,ok
degree-3-n20-d2-s1001.pbqp,heuristic,portable,branch,solved-exact,ok
degree-3-n20-d2-s1001.pbqp,heuristic,structured,branch,solved-exact,ok
degree-3-n20-d2-s1001.pbqp,none,current,branch_scalar_conditioning,solved-exact,ok
degree-3-n20-d2-s1001.pbqp,none,degree,branch_scalar_conditioning,solved-exact,ok
degree-3-n20-d2-s1001.pbqp,none,avx2,heuristic,solved-heuristic,ok
degree-3-n20-d2-s1002.pbqp,none,avx2,branch,solved-exact,ok
degree-3-n20-d2-s1002.pbqp,none,portable,branch,solved-exact,ok
degree-3-n20-d2-s1002.pbqp,none,structured,branch,solved-exact,ok
degree-3-n20-d2-s1002.pbqp,heuristic,avx2,branch,solved-exact,ok
degree-3-n20-d2-s1002.pbqp,heuristic,portable,branch,solved-exact,ok
degree-3-n20-d2-s1002.pbqp,heuristic,structured,branch,solved-exact,ok
degree-3-n20-d2-s1002.pbqp,none,current,branch_scalar_conditioning,solved-exact,ok
degree-3-n20-d2-s1002.pbqp,none,degree,branch_scalar_conditioning,solved-exact,ok
degree-3-n20-d2-s1002.pbqp,none,avx2,heuristic,solved-heuristic,ok
degree-3-n20-d4-s1001.pbqp,none,avx2,branch,search-node-limit,ok
degree-3-n20-d4-s1001.pbqp,none,portable,branch,search-node-limit,ok
degree-3-n20-d4-s1001.pbqp,none,structured,branch,search-node-limit,ok
degree-3-n20-d4-s1001.pbqp,heuristic,avx2,branch,search-node-limit,ok
degree-3-n20-d4-s1001.pbqp,heuristic,portable,branch,search-node-limit,ok
degree-3-n20-d4-s1001.pbqp,heuristic,structured,branch,search-node-limit,ok
degree-3-n20-d4-s1001.pbqp,none,current,branch_scalar_conditioning,search-node-limit,ok
degree-3-n20-d4-s1001.pbqp,none,degree,branch_scalar_conditioning,search-node-limit,ok
degree-3-n20-d4-s1001.pbqp,none,avx2,heuristic,solved-heuristic,ok
degree-3-n20-d4-s1002.pbqp,none,avx2,branch,solved-exact,ok
degree-3-n20-d4-s1002.pbqp,none,portable,branch,solved-exact,ok
degree-3-n20-d4-s1002.pbqp,none,structured,branch,solved-exact,ok
degree-3-n20-d4-s1002.pbqp,heuristic,avx2,branch,solved-exact,ok
degree-3-n20-d4-s1002.pbqp,heuristic,portable,branch,solved-exact,ok
degree-3-n20-d4-s1002.pbqp,heuristic,structured,branch,solved-exact,ok
degree-3-n20-d4-s1002.pbqp,none,current,branch_scalar_conditioning,solved-exact,ok
degree-3-n20-d4-s1002.pbqp,none,degree,branch_scalar_conditioning,solved-exact,ok
degree-3-n20-d4-s1002.pbqp,none,avx2,heuristic,solved-heuristic,ok
degree-4-n12-d2-s1001.pbqp,none,avx2,branch,solved-exact,ok
degree-4-n12-d2-s1001.pbqp,none,portable,branch,solved-exact,ok
degree-4-n12-d2-s1001.pbqp,none,structured,branch,solved-exact,ok
degree-4-n12-d2-s1001.pbqp,heuristic,avx2,branch,solved-exact,ok
degree-4-n12-d2-s1001.pbqp,heuristic,portable,branch,solved-exact,ok
degree-4-n12-d2-s1001.pbqp,heuristic,structured,branch,solved-exact,ok
degree-4-n12-d2-s1001.pbqp,none,current,branch_scalar_conditioning,solved-exact,ok
degree-4-n12-d2-s1001.pbqp,none,degree,branch_scalar_conditioning,solved-exact,ok
degree-4-n12-d2-s1001.pbqp,none,avx2,heuristic,solved-heuristic,ok
degree-4-n12-d2-s1002.pbqp,none,avx2,branch,solved-exact,ok
degree-4-n12-d2-s1002.pbqp,none,portable,branch,solved-exact,ok
degree-4-n12-d2-s1002.pbqp,none,structured,branch,solved-exact,ok
degree-4-n12-d2-s1002.pbqp,heuristic,avx2,branch,solved-exact,ok
degree-4-n12-d2-s1002.pbqp,heuristic,portable,branch,solved-exact,ok
degree-4-n12-d2-s1002.pbqp,heuristic,structured,branch,solved-exact,ok
degree-4-n12-d2-s1002.pbqp,none,current,branch_scalar_conditioning,solved-exact,ok
degree-4-n12-d2-s1002.pbqp,none,degree,branch_scalar_conditioning,solved-exact,ok
degree-4-n12-d2-s1002.pbqp,none,avx2,heuristic,solved-heuristic,ok
degree-4-n12-d4-s1001.pbqp,none,avx2,branch,solved-exact,ok
degree-4-n12-d4-s1001.pbqp,none,portable,branch,solved-exact,ok
degree-4-n12-d4-s1001.pbqp,none,structured,branch,solved-exact,ok
degree-4-n12-d4-s1001.pbqp,heuristic,avx2,branch,solved-exact,ok
degree-4-n12-d4-s1001.pbqp,heuristic,portable,branch,solved-exact,ok
degree-4-n12-d4-s1001.pbqp,heuristic,structured,branch,solved-exact,ok
degree-4-n12-d4-s1001.pbqp,none,current,branch_scalar_conditioning,solved-exact,ok
degree-4-n12-d4-s1001.pbqp,none,degree,branch_scalar_conditioning,solved-exact,ok
degree-4-n12-d4-s1001.pbqp,none,avx2,heuristic,solved-heuristic,ok
degree-4-n12-d4-s1002.pbqp,none,avx2,branch,solved-exact,ok
degree-4-n12-d4-s1002.pbqp,none,portable,branch,solved-exact,ok
degree-4-n12-d4-s1002.pbqp,none,structured,branch,solved-exact,ok
degree-4-n12-d4-s1002.pbqp,heuristic,avx2,branch,solved-exact,ok
degree-4-n12-d4-s1002.pbqp,heuristic,portable,branch,solved-exact,ok
degree-4-n12-d4-s1002.pbqp,heuristic,structured,branch,solved-exact,ok
degree-4-n12-d4-s1002.pbqp,none,current,branch_scalar_conditioning,solved-exact,ok
degree-4-n12-d4-s1002.pbqp,none,degree,branch_scalar_conditioning,solved-exact,ok
degree-4-n12-d4-s1002.pbqp,none,avx2,heuristic,solved-heuristic,ok
degree-4-n20-d2-s1001.pbqp,none,avx2,branch,solved-exact,ok
degree-4-n20-d2-s1001.pbqp,none,portable,branch,solved-exact,ok
degree-4-n20-d2-s1001.pbqp,none,structured,branch,solved-exact,ok
degree-4-n20-d2-s1001.pbqp,heuristic,avx2,branch,solved-exact,ok
degree-4-n20-d2-s1001.pbqp,heuristic,portable,branch,solved-exact,ok
degree-4-n20-d2-s1001.pbqp,heuristic,structured,branch,solved-exact,ok
degree-4-n20-d2-s1001.pbqp,none,current,branch_scalar_conditioning,solved-exact,ok
degree-4-n20-d2-s1001.pbqp,none,degree,branch_scalar_conditioning,solved-exact,ok
degree-4-n20-d2-s1001.pbqp,none,avx2,heuristic,solved-heuristic,ok
degree-4-n20-d2-s1002.pbqp,none,avx2,branch,solved-exact,ok
degree-4-n20-d2-s1002.pbqp,none,portable,branch,solved-exact,ok
degree-4-n20-d2-s1002.pbqp,none,structured,branch,solved-exact,ok
degree-4-n20-d2-s1002.pbqp,heuristic,avx2,branch,solved-exact,ok
degree-4-n20-d2-s1002.pbqp,heuristic,portable,branch,solved-exact,ok
degree-4-n20-d2-s1002.pbqp,heuristic,structured,branch,solved-exact,ok
degree-4-n20-d2-s1002.pbqp,none,current,branch_scalar_conditioning,solved-exact,ok
degree-4-n20-d2-s1002.pbqp,none,degree,branch_scalar_conditioning,solved-exact,ok
degree-4-n20-d2-s1002.pbqp,none,avx2,heuristic,solved-heuristic,ok
degree-4-n20-d4-s1001.pbqp,none,avx2,branch,solved-exact,ok
degree-4-n20-d4-s1001.pbqp,none,portable,branch,solved-exact,ok
degree-4-n20-d4-s1001.pbqp,none,structured,branch,solved-exact,ok
degree-4-n20-d4-s1001.pbqp,heuristic,avx2,branch,solved-exact,ok
degree-4-n20-d4-s1001.pbqp,heuristic,portable,branch,solved-exact,ok
degree-4-n20-d4-s1001.pbqp,heuristic,structured,branch,solved-exact,ok
degree-4-n20-d4-s1001.pbqp,none,current,branch_scalar_conditioning,solved-exact,ok
degree-4-n20-d4-s1001.pbqp,none,degree,branch_scalar_conditioning,solved-exact,ok
degree-4-n20-d4-s1001.pbqp,none,avx2,heuristic,solved-heuristic,ok
degree-4-n20-d4-s1002.pbqp,none,avx2,branch,solved-exact,ok
degree-4-n20-d4-s1002.pbqp,none,portable,branch,solved-exact,ok
degree-4-n20-d4-s1002.pbqp,none,structured,branch,solved-exact,ok
degree-4-n20-d4-s1002.pbqp,heuristic,avx2,branch,solved-exact,ok
degree-4-n20-d4-s1002.pbqp,heuristic,portable,branch,solved-exact,ok
degree-4-n20-d4-s1002.pbqp,heuristic,structured,branch,solved-exact,ok
degree-4-n20-d4-s1002.pbqp,none,current,branch_scalar_conditioning,solved-exact,ok
degree-4-n20-d4-s1002.pbqp,none,degree,branch_scalar_conditioning,solved-exact,ok
degree-4-n20-d4-s1002.pbqp,none,avx2,heuristic,solved-heuristic,ok
mixed-degree-n12-d2-s1001.pbqp,none,avx2,branch,solved-exact,ok
mixed-degree-n12-d2-s1001.pbqp,none,portable,branch,solved-exact,ok
mixed-degree-n12-d2-s1001.pbqp,none,structured,branch,solved-exact,ok
mixed-degree-n12-d2-s1001.pbqp,heuristic,avx2,branch,solved-exact,ok
mixed-degree-n12-d2-s1001.pbqp,heuristic,portable,branch,solved-exact,ok
mixed-degree-n12-d2-s1001.pbqp,heuristic,structured,branch,solved-exact,ok
mixed-degree-n12-d2-s1001.pbqp,none,current,branch_scalar_conditioning,solved-exact,ok
mixed-degree-n12-d2-s1001.pbqp,none,degree,branch_scalar_conditioning,solved-exact,ok
mixed-degree-n12-d2-s1001.pbqp,none,avx2,heuristic,solved-heuristic,ok
mixed-degree-n12-d2-s1002.pbqp,none,avx2,branch,solved-exact,ok
mixed-degree-n12-d2-s1002.pbqp,none,portable,branch,solved-exact,ok
mixed-degree-n12-d2-s1002.pbqp,none,structured,branch,solved-exact,ok
mixed-degree-n12-d2-s1002.pbqp,heuristic,avx2,branch,solved-exact,ok
mixed-degree-n12-d2-s1002.pbqp,heuristic,portable,branch,solved-exact,ok
mixed-degree-n12-d2-s1002.pbqp,heuristic,structured,branch,solved-exact,ok
mixed-degree-n12-d2-s1002.pbqp,none,current,branch_scalar_conditioning,solved-exact,ok
mixed-degree-n12-d2-s1002.pbqp,none,degree,branch_scalar_conditioning,solved-exact,ok
mixed-degree-n12-d2-s1002.pbqp,none,avx2,heuristic,solved-heuristic,ok
mixed-degree-n12-d4-s1001.pbqp,none,avx2,branch,search-node-limit,ok
mixed-degree-n12-d4-s1001.pbqp,none,portable,branch,search-node-limit,ok
mixed-degree-n12-d4-s1001.pbqp,none,structured,branch,search-node-limit,ok
mixed-degree-n12-d4-s1001.pbqp,heuristic,avx2,branch,search-node-limit,ok
mixed-degree-n12-d4-s1001.pbqp,heuristic,portable,branch,search-node-limit,ok
mixed-degree-n12-d4-s1001.pbqp,heuristic,structured,branch,search-node-limit,ok
mixed-degree-n12-d4-s1001.pbqp,none,current,branch_scalar_conditioning,search-node-limit,ok
mixed-degree-n12-d4-s1001.pbqp,none,degree,branch_scalar_conditioning,search-node-limit,ok
mixed-degree-n12-d4-s1001.pbqp,none,avx2,heuristic,solved-heuristic,ok
mixed-degree-n12-d4-s1002.pbqp,none,avx2,branch,solved-exact,ok
mixed-degree-n12-d4-s1002.pbqp,none,portable,branch,solved-exact,ok
mixed-degree-n12-d4-s1002.pbqp,none,structured,branch,solved-exact,ok
mixed-degree-n12-d4-s1002.pbqp,heuristic,avx2,branch,solved-exact,ok
mixed-degree-n12-d4-s1002.pbqp,heuristic,portable,branch,solved-exact,ok
mixed-degree-n12-d4-s1002.pbqp,heuristic,structured,branch,solved-exact,ok
mixed-degree-n12-d4-s1002.pbqp,none,current,branch_scalar_conditioning,solved-exact,ok
mixed-degree-n12-d4-s1002.pbqp,none,degree,branch_scalar_conditioning,solved-exact,ok
mixed-degree-n12-d4-s1002.pbqp,none,avx2,heuristic,solved-heuristic,ok
mixed-degree-n20-d2-s1001.pbqp,none,avx2,branch,search-node-limit,ok
mixed-degree-n20-d2-s1001.pbqp,none,portable,branch,search-node-limit,ok
mixed-degree-n20-d2-s1001.pbqp,none,structured,branch,search-node-limit,ok
mixed-degree-n20-d2-s1001.pbqp,heuristic,avx2,branch,search-node-limit,ok
mixed-degree-n20-d2-s1001.pbqp,heuristic,portable,branch,search-node-limit,ok
mixed-degree-n20-d2-s1001.pbqp,heuristic,structured,branch,search-node-limit,ok
mixed-degree-n20-d2-s1001.pbqp,none,current,branch_scalar_conditioning,search-node-limit,ok
mixed-degree-n20-d2-s1001.pbqp,none,degree,branch_scalar_conditioning,search-node-limit,ok
mixed-degree-n20-d2-s1001.pbqp,none,avx2,heuristic,solved-heuristic,ok
mixed-degree-n20-d2-s1002.pbqp,none,avx2,branch,search-node-limit,ok
mixed-degree-n20-d2-s1002.pbqp,none,portable,branch,search-node-limit,ok
mixed-degree-n20-d2-s1002.pbqp,none,structured,branch,search-node-limit,ok
mixed-degree-n20-d2-s1002.pbqp,heuristic,avx2,branch,search-node-limit,ok
mixed-degree-n20-d2-s1002.pbqp,heuristic,portable,branch,search-node-limit,ok
mixed-degree-n20-d2-s1002.pbqp,heuristic,structured,branch,search-node-limit,ok
mixed-degree-n20-d2-s1002.pbqp,none,current,branch_scalar_conditioning,search-node-limit,ok
mixed-degree-n20-d2-s1002.pbqp,none,degree,branch_scalar_conditioning,search-node-limit,ok
mixed-degree-n20-d2-s1002.pbqp,none,avx2,heuristic,solved-heuristic,ok
mixed-degree-n20-d4-s1001.pbqp,none,avx2,branch,search-node-limit,ok
mixed-degree-n20-d4-s1001.pbqp,none,portable,branch,search-node-limit,ok
mixed-degree-n20-d4-s1001.pbqp,none,structured,branch,search-node-limit,ok
mixed-degree-n20-d4-s1001.pbqp,heuristic,avx2,branch,search-node-limit,ok
mixed-degree-n20-d4-s1001.pbqp,heuristic,portable,branch,search-node-limit,ok
mixed-degree-n20-d4-s1001.pbqp,heuristic,structured,branch,search-node-limit,ok
mixed-degree-n20-d4-s1001.pbqp,none,current,branch_scalar_conditioning,search-node-limit,ok
mixed-degree-n20-d4-s1001.pbqp,none,degree,branch_scalar_conditioning,search-node-limit,ok
mixed-degree-n20-d4-s1001.pbqp,none,avx2,heuristic,solved-heuristic,ok
mixed-degree-n20-d4-s1002.pbqp,none,avx2,branch,search-node-limit,ok
mixed-degree-n20-d4-s1002.pbqp,none,portable,branch,search-node-limit,ok
mixed-degree-n20-d4-s1002.pbqp,none,structured,branch,search-node-limit,ok
mixed-degree-n20-d4-s1002.pbqp,heuristic,avx2,branch,search-node-limit,ok
mixed-degree-n20-d4-s1002.pbqp,heuristic,portable,branch,search-node-limit,ok
mixed-degree-n20-d4-s1002.pbqp,heuristic,structured,branch,search-node-limit,ok
mixed-degree-n20-d4-s1002.pbqp,none,current,branch_scalar_conditioning,search-node-limit,ok
mixed-degree-n20-d4-s1002.pbqp,none,degree,branch_scalar_conditioning,search-node-limit,ok
mixed-degree-n20-d4-s1002.pbqp,none,avx2,heuristic,solved-heuristic,ok
stress-k4-d2-matching-s7402.pbqp,none,avx2,branch,solved-exact,ok
stress-k4-d2-matching-s7402.pbqp,none,portable,branch,solved-exact,ok
stress-k4-d2-matching-s7402.pbqp,none,structured,branch,solved-exact,ok
stress-k4-d2-matching-s7402.pbqp,heuristic,avx2,branch,solved-exact,ok
stress-k4-d2-matching-s7402.pbqp,heuristic,portable,branch,solved-exact,ok
stress-k4-d2-matching-s7402.pbqp,heuristic,structured,branch,solved-exact,ok
stress-k4-d2-matching-s7402.pbqp,none,current,branch_scalar_conditioning,solved-exact,ok
stress-k4-d2-matching-s7402.pbqp,none,degree,branch_scalar_conditioning,solved-exact,ok
stress-k4-d2-matching-s7402.pbqp,none,avx2,heuristic,solved-heuristic,ok
stress-k4-d2-matching-s7402.pbqp,none,oracle,enumeration,solved-exact,ok
stress-k4-d2-random-s7402.pbqp,none,avx2,branch,solved-exact,ok
stress-k4-d2-random-s7402.pbqp,none,portable,branch,solved-exact,ok
stress-k4-d2-random-s7402.pbqp,none,structured,branch,solved-exact,ok
stress-k4-d2-random-s7402.pbqp,heuristic,avx2,branch,solved-exact,ok
stress-k4-d2-random-s7402.pbqp,heuristic,portable,branch,solved-exact,ok
stress-k4-d2-random-s7402.pbqp,heuristic,structured,branch,solved-exact,ok
stress-k4-d2-random-s7402.pbqp,none,current,branch_scalar_conditioning,solved-exact,ok
stress-k4-d2-random-s7402.pbqp,none,degree,branch_scalar_conditioning,solved-exact,ok
stress-k4-d2-random-s7402.pbqp,none,avx2,heuristic,solved-heuristic,ok
stress-k4-d2-random-s7402.pbqp,none,oracle,enumeration,solved-exact,ok
stress-k4-d3-matching-s7403.pbqp,none,avx2,branch,solved-exact,ok
stress-k4-d3-matching-s7403.pbqp,none,portable,branch,solved-exact,ok
stress-k4-d3-matching-s7403.pbqp,none,structured,branch,solved-exact,ok
stress-k4-d3-matching-s7403.pbqp,heuristic,avx2,branch,solved-exact,ok
stress-k4-d3-matching-s7403.pbqp,heuristic,portable,branch,solved-exact,ok
stress-k4-d3-matching-s7403.pbqp,heuristic,structured,branch,solved-exact,ok
stress-k4-d3-matching-s7403.pbqp,none,current,branch_scalar_conditioning,solved-exact,ok
stress-k4-d3-matching-s7403.pbqp,none,degree,branch_scalar_conditioning,solved-exact,ok
stress-k4-d3-matching-s7403.pbqp,none,avx2,heuristic,solved-heuristic,ok
stress-k4-d3-matching-s7403.pbqp,none,oracle,enumeration,solved-exact,ok
stress-k4-d3-random-s7403.pbqp,none,avx2,branch,solved-exact,ok
stress-k4-d3-random-s7403.pbqp,none,portable,branch,solved-exact,ok
stress-k4-d3-random-s7403.pbqp,none,structured,branch,solved-exact,ok
stress-k4-d3-random-s7403.pbqp,heuristic,avx2,branch,solved-exact,ok
stress-k4-d3-random-s7403.pbqp,heuristic,portable,branch,solved-exact,ok
stress-k4-d3-random-s7403.pbqp,heuristic,structured,branch,solved-exact,ok
stress-k4-d3-random-s7403.pbqp,none,current,branch_scalar_conditioning,solved-exact,ok
stress-k4-d3-random-s7403.pbqp,none,degree,branch_scalar_conditioning,solved-exact,ok
stress-k4-d3-random-s7403.pbqp,none,avx2,heuristic,solved-heuristic,ok
stress-k4-d3-random-s7403.pbqp,none,oracle,enumeration,solved-exact,ok
stress-k4-d4-matching-s7404.pbqp,none,avx2,branch,solved-exact,ok
stress-k4-d4-matching-s7404.pbqp,none,portable,branch,solved-exact,ok
stress-k4-d4-matching-s7404.pbqp,none,structured,branch,solved-exact,ok
stress-k4-d4-matching-s7404.pbqp,heuristic,avx2,branch,solved-exact,ok
stress-k4-d4-matching-s7404.pbqp,heuristic,portable,branch,solved-exact,ok
stress-k4-d4-matching-s7404.pbqp,heuristic,structured,branch,solved-exact,ok
stress-k4-d4-matching-s7404.pbqp,none,current,branch_scalar_conditioning,solved-exact,ok
stress-k4-d4-matching-s7404.pbqp,none,degree,branch_scalar_conditioning,solved-exact,ok
stress-k4-d4-matching-s7404.pbqp,none,avx2,heuristic,solved-heuristic,ok
stress-k4-d4-matching-s7404.pbqp,none,oracle,enumeration,solved-exact,ok
stress-k4-d4-random-s7404.pbqp,none,avx2,branch,solved-exact,ok
stress-k4-d4-random-s7404.pbqp,none,portable,branch,solved-exact,ok
stress-k4-d4-random-s7404.pbqp,none,structured,branch,solved-exact,ok
stress-k4-d4-random-s7404.pbqp,heuristic,avx2,branch,solved-exact,ok
stress-k4-d4-random-s7404.pbqp,heuristic,portable,branch,solved-exact,ok
stress-k4-d4-random-s7404.pbqp,heuristic,structured,branch,solved-exact,ok
stress-k4-d4-random-s7404.pbqp,none,current,branch_scalar_conditioning,solved-exact,ok
stress-k4-d4-random-s7404.pbqp,none,degree,branch_scalar_conditioning,solved-exact,ok
stress-k4-d4-random-s7404.pbqp,none,avx2,heuristic,solved-heuristic,ok
stress-k4-d4-random-s7404.pbqp,none,oracle,enumeration,solved-exact,ok
stress-k6-d2-matching-s7602.pbqp,none,avx2,branch,solved-exact,ok
stress-k6-d2-matching-s7602.pbqp,none,portable,branch,solved-exact,ok
stress-k6-d2-matching-s7602.pbqp,none,structured,branch,solved-exact,ok
stress-k6-d2-matching-s7602.pbqp,heuristic,avx2,branch,solved-exact,ok
stress-k6-d2-matching-s7602.pbqp,heuristic,portable,branch,solved-exact,ok
stress-k6-d2-matching-s7602.pbqp,heuristic,structured,branch,solved-exact,ok
stress-k6-d2-matching-s7602.pbqp,none,current,branch_scalar_conditioning,solved-exact,ok
stress-k6-d2-matching-s7602.pbqp,none,degree,branch_scalar_conditioning,solved-exact,ok
stress-k6-d2-matching-s7602.pbqp,none,avx2,heuristic,solved-heuristic,ok
stress-k6-d2-matching-s7602.pbqp,none,oracle,enumeration,solved-exact,ok
stress-k6-d2-random-s7602.pbqp,none,avx2,branch,solved-exact,ok
stress-k6-d2-random-s7602.pbqp,none,portable,branch,solved-exact,ok
stress-k6-d2-random-s7602.pbqp,none,structured,branch,solved-exact,ok
stress-k6-d2-random-s7602.pbqp,heuristic,avx2,branch,solved-exact,ok
stress-k6-d2-random-s7602.pbqp,heuristic,portable,branch,solved-exact,ok
stress-k6-d2-random-s7602.pbqp,heuristic,structured,branch,solved-exact,ok
stress-k6-d2-random-s7602.pbqp,none,current,branch_scalar_conditioning,solved-exact,ok
stress-k6-d2-random-s7602.pbqp,none,degree,branch_scalar_conditioning,solved-exact,ok
stress-k6-d2-random-s7602.pbqp,none,avx2,heuristic,solved-heuristic,ok
stress-k6-d2-random-s7602.pbqp,none,oracle,enumeration,solved-exact,ok
stress-k6-d3-matching-s7603.pbqp,none,avx2,branch,solved-exact,ok
stress-k6-d3-matching-s7603.pbqp,none,portable,branch,solved-exact,ok
stress-k6-d3-matching-s7603.pbqp,none,structured,branch,solved-exact,ok
stress-k6-d3-matching-s7603.pbqp,heuristic,avx2,branch,solved-exact,ok
stress-k6-d3-matching-s7603.pbqp,heuristic,portable,branch,solved-exact,ok
stress-k6-d3-matching-s7603.pbqp,heuristic,structured,branch,solved-exact,ok
stress-k6-d3-matching-s7603.pbqp,none,current,branch_scalar_conditioning,solved-exact,ok
stress-k6-d3-matching-s7603.pbqp,none,degree,branch_scalar_conditioning,solved-exact,ok
stress-k6-d3-matching-s7603.pbqp,none,avx2,heuristic,solved-heuristic,ok
stress-k6-d3-matching-s7603.pbqp,none,oracle,enumeration,solved-exact,ok
stress-k6-d3-random-s7603.pbqp,none,avx2,branch,solved-exact,ok
stress-k6-d3-random-s7603.pbqp,none,portable,branch,solved-exact,ok
stress-k6-d3-random-s7603.pbqp,none,structured,branch,solved-exact,ok
stress-k6-d3-random-s7603.pbqp,heuristic,avx2,branch,solved-exact,ok
stress-k6-d3-random-s7603.pbqp,heuristic,portable,branch,solved-exact,ok
stress-k6-d3-random-s7603.pbqp,heuristic,structured,branch,solved-exact,ok
stress-k6-d3-random-s7603.pbqp,none,current,branch_scalar_conditioning,solved-exact,ok
stress-k6-d3-random-s7603.pbqp,none,degree,branch_scalar_conditioning,solved-exact,ok
stress-k6-d3-random-s7603.pbqp,none,avx2,heuristic,solved-heuristic,ok
stress-k6-d3-random-s7603.pbqp,none,oracle,enumeration,solved-exact,ok
stress-k6-d4-matching-s7604.pbqp,none,avx2,branch,solved-exact,ok
stress-k6-d4-matching-s7604.pbqp,none,portable,branch,solved-exact,ok
stress-k6-d4-matching-s7604.pbqp,none,structured,branch,solved-exact,ok
stress-k6-d4-matching-s7604.pbqp,heuristic,avx2,branch,solved-exact,ok
stress-k6-d4-matching-s7604.pbqp,heuristic,portable,branch,solved-exact,ok
stress-k6-d4-matching-s7604.pbqp,heuristic,structured,branch,solved-exact,ok
stress-k6-d4-matching-s7604.pbqp,none,current,branch_scalar_conditioning,solved-exact,ok
stress-k6-d4-matching-s7604.pbqp,none,degree,branch_scalar_conditioning,solved-exact,ok
stress-k6-d4-matching-s7604.pbqp,none,avx2,heuristic,solved-heuristic,ok
stress-k6-d4-matching-s7604.pbqp,none,oracle,enumeration,solved-exact,ok
stress-k6-d4-random-s7604.pbqp,none,avx2,branch,solved-exact,ok
stress-k6-d4-random-s7604.pbqp,none,portable,branch,solved-exact,ok
stress-k6-d4-random-s7604.pbqp,none,structured,branch,solved-exact,ok
stress-k6-d4-random-s7604.pbqp,heuristic,avx2,branch,solved-exact,ok
stress-k6-d4-random-s7604.pbqp,heuristic,portable,branch,solved-exact,ok
stress-k6-d4-random-s7604.pbqp,heuristic,structured,branch,solved-exact,ok
stress-k6-d4-random-s7604.pbqp,none,current,branch_scalar_conditioning,solved-exact,ok
stress-k6-d4-random-s7604.pbqp,none,degree,branch_scalar_conditioning,solved-exact,ok
stress-k6-d4-random-s7604.pbqp,none,avx2,heuristic,solved-heuristic,ok
stress-k6-d4-random-s7604.pbqp,none,oracle,enumeration,solved-exact,ok
stress-k8-d2-matching-s7802.pbqp,none,avx2,branch,solved-exact,ok
stress-k8-d2-matching-s7802.pbqp,none,portable,branch,solved-exact,ok
stress-k8-d2-matching-s7802.pbqp,none,structured,branch,solved-exact,ok
stress-k8-d2-matching-s7802.pbqp,heuristic,avx2,branch,solved-exact,ok
stress-k8-d2-matching-s7802.pbqp,heuristic,portable,branch,solved-exact,ok
stress-k8-d2-matching-s7802.pbqp,heuristic,structured,branch,solved-exact,ok
stress-k8-d2-matching-s7802.pbqp,none,current,branch_scalar_conditioning,solved-exact,ok
stress-k8-d2-matching-s7802.pbqp,none,degree,branch_scalar_conditioning,solved-exact,ok
stress-k8-d2-matching-s7802.pbqp,none,avx2,heuristic,solved-heuristic,ok
stress-k8-d2-random-s7802.pbqp,none,avx2,branch,solved-exact,ok
stress-k8-d2-random-s7802.pbqp,none,portable,branch,solved-exact,ok
stress-k8-d2-random-s7802.pbqp,none,structured,branch,solved-exact,ok
stress-k8-d2-random-s7802.pbqp,heuristic,avx2,branch,solved-exact,ok
stress-k8-d2-random-s7802.pbqp,heuristic,portable,branch,solved-exact,ok
stress-k8-d2-random-s7802.pbqp,heuristic,structured,branch,solved-exact,ok
stress-k8-d2-random-s7802.pbqp,none,current,branch_scalar_conditioning,solved-exact,ok
stress-k8-d2-random-s7802.pbqp,none,degree,branch_scalar_conditioning,solved-exact,ok
stress-k8-d2-random-s7802.pbqp,none,avx2,heuristic,solved-heuristic,ok
stress-k8-d3-matching-s7803.pbqp,none,avx2,branch,solved-exact,ok
stress-k8-d3-matching-s7803.pbqp,none,portable,branch,solved-exact,ok
stress-k8-d3-matching-s7803.pbqp,none,structured,branch,solved-exact,ok
stress-k8-d3-matching-s7803.pbqp,heuristic,avx2,branch,solved-exact,ok
stress-k8-d3-matching-s7803.pbqp,heuristic,portable,branch,solved-exact,ok
stress-k8-d3-matching-s7803.pbqp,heuristic,structured,branch,solved-exact,ok
stress-k8-d3-matching-s7803.pbqp,none,current,branch_scalar_conditioning,solved-exact,ok
stress-k8-d3-matching-s7803.pbqp,none,degree,branch_scalar_conditioning,solved-exact,ok
stress-k8-d3-matching-s7803.pbqp,none,avx2,heuristic,solved-heuristic,ok
stress-k8-d3-random-s7803.pbqp,none,avx2,branch,solved-exact,ok
stress-k8-d3-random-s7803.pbqp,none,portable,branch,solved-exact,ok
stress-k8-d3-random-s7803.pbqp,none,structured,branch,solved-exact,ok
stress-k8-d3-random-s7803.pbqp,heuristic,avx2,branch,solved-exact,ok
stress-k8-d3-random-s7803.pbqp,heuristic,portable,branch,solved-exact,ok
stress-k8-d3-random-s7803.pbqp,heuristic,structured,branch,solved-exact,ok
stress-k8-d3-random-s7803.pbqp,none,current,branch_scalar_conditioning,solved-exact,ok
stress-k8-d3-random-s7803.pbqp,none,degree,branch_scalar_conditioning,solved-exact,ok
stress-k8-d3-random-s7803.pbqp,none,avx2,heuristic,solved-heuristic,ok
stress-k8-d4-matching-s7804.pbqp,none,avx2,branch,search-node-limit,ok
stress-k8-d4-matching-s7804.pbqp,none,portable,branch,search-node-limit,ok
stress-k8-d4-matching-s7804.pbqp,none,structured,branch,search-node-limit,ok
stress-k8-d4-matching-s7804.pbqp,heuristic,avx2,branch,search-node-limit,ok
stress-k8-d4-matching-s7804.pbqp,heuristic,portable,branch,search-node-limit,ok
stress-k8-d4-matching-s7804.pbqp,heuristic,structured,branch,search-node-limit,ok
stress-k8-d4-matching-s7804.pbqp,none,current,branch_scalar_conditioning,search-node-limit,ok
stress-k8-d4-matching-s7804.pbqp,none,degree,branch_scalar_conditioning,search-node-limit,ok
stress-k8-d4-matching-s7804.pbqp,none,avx2,heuristic,solved-heuristic,ok
stress-k8-d4-random-s7804.pbqp,none,avx2,branch,search-node-limit,ok
stress-k8-d4-random-s7804.pbqp,none,portable,branch,search-node-limit,ok
stress-k8-d4-random-s7804.pbqp,none,structured,branch,search-node-limit,ok
stress-k8-d4-random-s7804.pbqp,heuristic,avx2,branch,search-node-limit,ok
stress-k8-d4-random-s7804.pbqp,heuristic,portable,branch,search-node-limit,ok
stress-k8-d4-random-s7804.pbqp,heuristic,structured,branch,search-node-limit,ok
stress-k8-d4-random-s7804.pbqp,none,current,branch_scalar_conditioning,search-node-limit,ok
stress-k8-d4-random-s7804.pbqp,none,degree,branch_scalar_conditioning,search-node-limit,ok
stress-k8-d4-random-s7804.pbqp,none,avx2,heuristic,solved-heuristic,ok
