id,class,nodes,edges,domain,unary_elements,matrix_elements,seed,strong_variant,cpu_status,model_status,heuristic_cpu_ns,heuristic_kernel_ns,heuristic_elements,cpu_ns,kernel_ns,control_ns,kernel_exceeds_solve,p10_ns,p90_ns,seed_ns,first_solution_ns,optimum_found_ns,proof_observation_ns,profile_perturbation,events_perturbation,allocations,allocated_bytes,peak_workspace_bytes,objective,work_visited,work_branches,work_pruned,work_depth,work_clone_bytes,work_lower_unary,work_lower_matrix,work_conditioning,work_r0,work_r1,work_r2,work_domains,work_cores,avx2_ns,portable_ns,structured_ns,l2_cycles,host_prepare_ns,model_host_search_ns,current_host_ns,ideal_break_even_mhz,current_break_even_mhz,ideal_amdahl,current_host_amdahl,l2_mas,l2_lanes,l2_mem_bytes,l2_tm,l2_tn,l2_memory_latency,l2_acceptance_delay,l2_outstanding_limit,l2_phase_overlap,l2_cycle_ns,l2_descriptor_cycles,l2_decode_cycles,l2_protection_cycles,l2_operand_cycles,l2_add1_cycles,l2_add2_cycles,l2_tree_cycles,l2_merge_cycles,l2_writeback_cycles,l2_drain_cycles,l2_memory_wait_cycles,l2_control_cycles,l2_opcode1_count,l2_opcode1_cycles,l2_opcode2_count,l2_opcode2_cycles,l2_opcode3_count,l2_opcode3_cycles,l2_opcode4_count,l2_opcode4_cycles,l2_opcode5_count,l2_opcode5_cycles,l2_opcode6_count,l2_opcode6_cycles,l2_opcode7_count,l2_opcode7_cycles,l2_opcode8_count,l2_opcode8_cycles,l2_submissions,l2_batches,l2_children,l2_tiles,l2_chunks,l2_lane_groups,l2_active_elements,l2_lane_slots,l2_tail_slots,l2_state_updates,l2_descriptor_bytes,l2_operand_bytes,l2_result_bytes,l2_descriptor_requests,l2_operand_requests,l2_result_requests,l2_header_requests,l2_body_requests,l2_requests,l2_transferred_bytes,l2_split_transfers,l2_unaligned_splits,l2_contiguous_transfers,l2_gather_elements,l2_shared_loads,l2_shared_reread_bytes,l2_max_outstanding,l2_max_writebacks,l2_protection_elements,l2_child_barriers,family,n,d
001-instcombine-foldaddtoashr-n87-d16.pbqp,llvm,87,207,16,1202,26519,none,structured,search-node-limit,not_attempted_cpu_incomplete,186639.0,99041.0,57721,,,,,,,,,,,,,,,,,,,,,,,,,,,,,,,,,,,,,,,,,,,,,,,,,,,,,,,,,,,,,,,,,,,,,,,,,,,,,,,,,,,,,,,,,,,,,,,,,,,,,,,,,,,,,,,
001-instcombine-foldaddtoashr-n87-d16.pbqp,llvm,87,207,16,1202,26519,heuristic,structured,solved-exact,completed,186639.0,99041.0,57721,236217.0,21713.0,214504.0,false,214737.0,429258.0,181292.0,166913.0,166913.0,223220.0,1.8410656303314326,0.9449785578514671,262,108392,2432,19000,1,0,1,0,0,757,20037,0,1,9,19,{},{},237819.0,329228.0,236217.0,66677,80776.0,381239.0,462015.0,3070.833141436006,,1.1012242195949726,0.5112756079348073,1.0.0,4,0,8,16,1,0,1,false,1,2416,556,1596,18302,1112,6132,12768,6384,3248,306,11983,1874,0,0,0,0,63,3474,0,0,0,336,0,0,0,0,187,61727,28,28,250,278,278,7244,28253,28976,723,6384,14880,130376,12992,1208,9151,1624,278,930,11983,158248,2367,0,2089,0,430,3360,1,1,1596,250,,,
002-instcombine-foldnowrapadd-n114-d16.pbqp,llvm,114,589,16,1452,61122,none,structured,search-node-limit,not_attempted_cpu_incomplete,350934.0,123773.0,75311,,,,,,,,,,,,,,,,,,,,,,,,,,,,,,,,,,,,,,,,,,,,,,,,,,,,,,,,,,,,,,,,,,,,,,,,,,,,,,,,,,,,,,,,,,,,,,,,,,,,,,,,,,,,,,,
002-instcombine-foldnowrapadd-n114-d16.pbqp,llvm,114,589,16,1452,61122,heuristic,structured,search-node-limit,not_attempted_cpu_incomplete,350934.0,123773.0,75311,,,,,,,,,,,,,,,,,,,,,,,,,,,,,,,,,,,,,,,,,,,,,,,,,,,,,,,,,,,,,,,,,,,,,,,,,,,,,,,,,,,,,,,,,,,,,,,,,,,,,,,,,,,,,,,
003-instcombine-foldnowrapadd-n114-d16-r1.pbqp,llvm,114,477,16,1479,51935,none,structured,search-node-limit,not_attempted_cpu_incomplete,306413.0,117169.0,66841,,,,,,,,,,,,,,,,,,,,,,,,,,,,,,,,,,,,,,,,,,,,,,,,,,,,,,,,,,,,,,,,,,,,,,,,,,,,,,,,,,,,,,,,,,,,,,,,,,,,,,,,,,,,,,,
003-instcombine-foldnowrapadd-n114-d16-r1.pbqp,llvm,114,477,16,1479,51935,heuristic,structured,solved-exact,completed,306413.0,117169.0,66841,334191.0,3065.0,331126.0,false,321327.0,638152.0,299114.0,306254.0,306254.0,343217.0,2.782800853404191,1.027008507111203,334,82164,1400,22000,1,0,1,0,0,1422,51138,0,0,1,3,{},{},355814.0,361240.0,334191.0,8119,11600.0,600046.0,611646.0,2648.9396411092985,,1.0092562951867265,0.5463797686897323,1.0.0,4,0,8,16,1,0,1,false,1,276,64,196,2222,140,756,1568,784,400,36,1449,228,0,0,0,0,7,378,0,0,0,48,0,0,0,0,21,7561,4,4,28,35,35,896,3290,3584,294,784,1696,15176,1600,138,1111,200,32,106,1449,18472,291,0,259,0,56,840,1,1,196,28,,,
004-instcombine-mulwilloverflow-n13-d16.pbqp,llvm,13,19,16,197,4250,none,structured,solved-exact,completed,32263.0,20613.0,18989,201468.0,84606.0,116862.0,false,191784.0,374722.0,0.0,19965.0,109765.0,213992.0,1.3219320189806818,1.062163718307622,349,1854548,75968,0,47,46,41,2,1664096,870,18885,1962,32,32,49,"{""15"":2,""16"":1}","{""4"":2,""6"":1}",308128.0,420479.0,201468.0,440921,444805.0,259282.0,704087.0,5211.46254402761,,1.7239821327719875,0.28614077521669906,1.0.0,4,0,8,16,1,0,1,false,1,12610,3090,12706,116440,8368,41288,85952,42976,25850,1764,77450,12427,0,0,0,0,422,23376,0,0,0,2628,138,13506,0,0,766,395012,219,219,1326,2092,2092,49656,171982,198624,26642,42976,76160,807168,95552,6305,58220,12925,1545,4760,77450,978880,16051,0,14506,0,3064,84384,1,1,12706,1326,,,
004-instcombine-mulwilloverflow-n13-d16.pbqp,llvm,13,19,16,197,4250,heuristic,structured,solved-exact,completed,32263.0,20613.0,18989,38255.0,5185.0,33070.0,false,36583.0,114445.0,28131.0,27143.0,27143.0,38206.0,1.3446869690236571,0.9987191216834401,32,32608,3584,0,1,0,1,0,0,87,2308,0,2,2,3,{},{},42719.0,53589.0,38255.0,29265,25426.0,67710.0,93136.0,5644.165863066538,,1.1567886301784094,0.4107434289640955,1.0.0,4,0,8,16,1,0,1,false,1,682,166,754,7792,496,2888,6032,3016,1518,88,4996,837,0,0,0,0,32,1776,0,0,0,60,0,0,0,0,46,27092,5,5,78,124,124,3384,13060,13536,476,3016,4128,59952,6072,341,3896,759,83,258,4996,70152,1053,0,970,0,184,5664,1,1,754,78,,,
005-instcombine-foldsubofminmax-n88-d17.pbqp,llvm,88,344,17,1217,44252,none,structured,search-node-limit,not_attempted_cpu_incomplete,199435.0,95589.0,63635,,,,,,,,,,,,,,,,,,,,,,,,,,,,,,,,,,,,,,,,,,,,,,,,,,,,,,,,,,,,,,,,,,,,,,,,,,,,,,,,,,,,,,,,,,,,,,,,,,,,,,,,,,,,,,,
005-instcombine-foldsubofminmax-n88-d17.pbqp,llvm,88,344,17,1217,44252,heuristic,structured,solved-exact,completed,199435.0,95589.0,63635,252755.0,7059.0,245696.0,false,245078.0,546439.0,207150.0,200951.0,200951.0,249774.0,2.2040553104785268,0.9882059702083045,235,78076,3584,16000,1,0,1,0,0,929,42230,0,10,2,6,{},{},243997.0,265206.0,252755.0,23036,28320.0,464982.0,493302.0,3263.351749539595,,1.0287306264652254,0.5123737588738744,1.0.0,4,0,8,16,1,0,1,false,1,792,176,560,6256,376,2184,4480,2240,1136,96,4092,648,0,0,0,0,14,756,0,0,0,96,0,0,0,0,66,21824,8,8,80,94,94,2560,9778,10240,462,2240,4928,44736,4544,396,3128,568,88,308,4092,54208,822,0,734,0,160,1568,1,1,560,80,,,
006-instcombine-factorizefaddfsub-n63-d16.pbqp,llvm,63,303,16,827,35524,none,structured,search-node-limit,not_attempted_cpu_incomplete,151508.0,80161.0,46679,,,,,,,,,,,,,,,,,,,,,,,,,,,,,,,,,,,,,,,,,,,,,,,,,,,,,,,,,,,,,,,,,,,,,,,,,,,,,,,,,,,,,,,,,,,,,,,,,,,,,,,,,,,,,,,
006-instcombine-factorizefaddfsub-n63-d16.pbqp,llvm,63,303,16,827,35524,heuristic,structured,search-node-limit,not_attempted_cpu_incomplete,151508.0,80161.0,46679,,,,,,,,,,,,,,,,,,,,,,,,,,,,,,,,,,,,,,,,,,,,,,,,,,,,,,,,,,,,,,,,,,,,,,,,,,,,,,,,,,,,,,,,,,,,,,,,,,,,,,,,,,,,,,,
007-instcombine-factorizefaddfsub-n63-d16-r1.pbqp,llvm,63,300,16,836,35587,none,structured,search-node-limit,not_attempted_cpu_incomplete,146156.0,76150.0,46730,,,,,,,,,,,,,,,,,,,,,,,,,,,,,,,,,,,,,,,,,,,,,,,,,,,,,,,,,,,,,,,,,,,,,,,,,,,,,,,,,,,,,,,,,,,,,,,,,,,,,,,,,,,,,,,
007-instcombine-factorizefaddfsub-n63-d16-r1.pbqp,llvm,63,300,16,836,35587,heuristic,structured,search-node-limit,not_attempted_cpu_incomplete,146156.0,76150.0,46730,,,,,,,,,,,,,,,,,,,,,,,,,,,,,,,,,,,,,,,,,,,,,,,,,,,,,,,,,,,,,,,,,,,,,,,,,,,,,,,,,,,,,,,,,,,,,,,,,,,,,,,,,,,,,,,
008-instcombine-foldfnegintoconstant-n40-d16.pbqp,llvm,40,97,16,508,9470,none,structured,search-node-limit,not_attempted_cpu_incomplete,63196.0,29983.0,18719,,,,,,,,,,,,,,,,,,,,,,,,,,,,,,,,,,,,,,,,,,,,,,,,,,,,,,,,,,,,,,,,,,,,,,,,,,,,,,,,,,,,,,,,,,,,,,,,,,,,,,,,,,,,,,,
008-instcombine-foldfnegintoconstant-n40-d16.pbqp,llvm,40,97,16,508,9470,heuristic,structured,solved-exact,completed,63196.0,29983.0,18719,82004.0,7687.0,74317.0,false,68520.0,202412.0,61112.0,50097.0,50097.0,71437.0,1.8787132335008048,0.8711404321740402,128,40352,1568,12000,1,0,1,0,0,299,6901,0,0,4,11,{},{},74819.0,119582.0,82004.0,23085,32788.0,151861.0,184649.0,3003.1221542864578,,1.1034352839861674,0.44410746876506235,1.0.0,4,0,8,16,1,0,1,false,1,1028,240,567,6204,378,2058,4284,2142,1164,135,4198,687,0,0,0,0,28,1268,0,0,0,180,0,0,0,0,77,21142,15,15,105,105,105,2436,9548,9744,196,2142,6304,44044,4656,514,3102,582,120,394,4198,55004,869,0,749,0,154,0,1,1,567,105,,,
009-instcombine-canonicalizelowbitmask-n25-d16.pbqp,llvm,25,68,16,329,7203,none,structured,search-node-limit,not_attempted_cpu_incomplete,42259.0,24575.0,14739,,,,,,,,,,,,,,,,,,,,,,,,,,,,,,,,,,,,,,,,,,,,,,,,,,,,,,,,,,,,,,,,,,,,,,,,,,,,,,,,,,,,,,,,,,,,,,,,,,,,,,,,,,,,,,,
009-instcombine-canonicalizelowbitmask-n25-d16.pbqp,llvm,25,68,16,329,7203,heuristic,structured,solved-exact,completed,42259.0,24575.0,14739,51250.0,5917.0,45333.0,false,43552.0,104484.0,36824.0,31749.0,31749.0,46702.0,1.5789853658536586,0.9112585365853658,78,29808,1568,5000,1,0,1,0,0,140,4863,0,1,2,9,{},{},56551.0,55750.0,51250.0,21562,25191.0,106333.0,131524.0,3644.0763900625316,,1.130523018551607,0.3896627231531888,1.0.0,4,0,8,16,1,0,1,false,1,780,176,518,5892,336,2016,4144,2072,1058,99,3865,606,0,0,0,0,14,774,0,0,0,132,0,0,0,0,63,20293,11,11,77,84,84,2352,9219,9408,189,2072,4832,42140,4232,390,2946,529,88,302,3865,51204,760,0,672,0,140,840,1,1,518,77,,,
010-instcombine-checkfornegativeoperand-n173-d16.pbqp,llvm,173,867,16,2246,90919,none,structured,search-node-limit,not_attempted_cpu_incomplete,638449.0,183585.0,110936,,,,,,,,,,,,,,,,,,,,,,,,,,,,,,,,,,,,,,,,,,,,,,,,,,,,,,,,,,,,,,,,,,,,,,,,,,,,,,,,,,,,,,,,,,,,,,,,,,,,,,,,,,,,,,,
010-instcombine-checkfornegativeoperand-n173-d16.pbqp,llvm,173,867,16,2246,90919,heuristic,structured,search-node-limit,not_attempted_cpu_incomplete,638449.0,183585.0,110936,,,,,,,,,,,,,,,,,,,,,,,,,,,,,,,,,,,,,,,,,,,,,,,,,,,,,,,,,,,,,,,,,,,,,,,,,,,,,,,,,,,,,,,,,,,,,,,,,,,,,,,,,,,,,,,
011-instcombine-checkfornegativeoperand-n193-d16-r1.pbqp,llvm,193,844,16,2645,94517,none,structured,search-node-limit,not_attempted_cpu_incomplete,654960.0,188425.0,118876,,,,,,,,,,,,,,,,,,,,,,,,,,,,,,,,,,,,,,,,,,,,,,,,,,,,,,,,,,,,,,,,,,,,,,,,,,,,,,,,,,,,,,,,,,,,,,,,,,,,,,,,,,,,,,,
011-instcombine-checkfornegativeoperand-n193-d16-r1.pbqp,llvm,193,844,16,2645,94517,heuristic,structured,search-node-limit,not_attempted_cpu_incomplete,654960.0,188425.0,118876,,,,,,,,,,,,,,,,,,,,,,,,,,,,,,,,,,,,,,,,,,,,,,,,,,,,,,,,,,,,,,,,,,,,,,,,,,,,,,,,,,,,,,,,,,,,,,,,,,,,,,,,,,,,,,,
012-instcombine-factorizemathwithshlops-n33-d16.pbqp,llvm,33,171,16,402,18914,none,structured,search-node-limit,not_attempted_cpu_incomplete,77535.0,38506.0,23357,,,,,,,,,,,,,,,,,,,,,,,,,,,,,,,,,,,,,,,,,,,,,,,,,,,,,,,,,,,,,,,,,,,,,,,,,,,,,,,,,,,,,,,,,,,,,,,,,,,,,,,,,,,,,,,
012-instcombine-factorizemathwithshlops-n33-d16.pbqp,llvm,33,171,16,402,18914,heuristic,structured,search-node-limit,not_attempted_cpu_incomplete,77535.0,38506.0,23357,,,,,,,,,,,,,,,,,,,,,,,,,,,,,,,,,,,,,,,,,,,,,,,,,,,,,,,,,,,,,,,,,,,,,,,,,,,,,,,,,,,,,,,,,,,,,,,,,,,,,,,,,,,,,,,
013-instcombine-factorizemathwithshlops-n33-d16-r1.pbqp,llvm,33,156,16,420,18326,none,structured,search-node-limit,not_attempted_cpu_incomplete,61811.0,37075.0,23724,,,,,,,,,,,,,,,,,,,,,,,,,,,,,,,,,,,,,,,,,,,,,,,,,,,,,,,,,,,,,,,,,,,,,,,,,,,,,,,,,,,,,,,,,,,,,,,,,,,,,,,,,,,,,,,
013-instcombine-factorizemathwithshlops-n33-d16-r1.pbqp,llvm,33,156,16,420,18326,heuristic,structured,solved-exact,completed,61811.0,37075.0,23724,73767.0,544.0,73223.0,false,68200.0,160953.0,62423.0,55821.0,55821.0,68934.0,1.9067604755513983,0.9344828988572126,94,29244,3584,11000,1,0,1,0,0,413,18228,0,0,0,1,{},{},79822.0,82320.0,73767.0,1263,3167.0,154510.0,157677.0,2321.6911764705883,,1.0074293596274395,0.4678361460453966,1.0.0,4,0,8,16,1,0,1,false,1,76,16,49,308,14,98,196,98,100,9,242,57,0,0,0,0,0,0,0,0,0,12,0,0,0,0,7,1218,1,1,7,7,7,112,392,448,56,98,480,1764,400,38,154,50,8,30,242,2644,71,0,63,0,14,0,1,1,49,7,,,
014-instcombine-combineaddsubwithshladdsub-n29-d16.pbqp,llvm,29,70,16,390,8360,none,structured,search-node-limit,not_attempted_cpu_incomplete,55217.0,32438.0,17452,,,,,,,,,,,,,,,,,,,,,,,,,,,,,,,,,,,,,,,,,,,,,,,,,,,,,,,,,,,,,,,,,,,,,,,,,,,,,,,,,,,,,,,,,,,,,,,,,,,,,,,,,,,,,,,
014-instcombine-combineaddsubwithshladdsub-n29-d16.pbqp,llvm,29,70,16,390,8360,heuristic,structured,solved-exact,completed,55217.0,32438.0,17452,63420.0,6039.0,57381.0,false,57683.0,111833.0,46754.0,42345.0,42345.0,58492.0,1.6499684642068748,0.9222958057395143,84,33640,2432,5000,1,0,1,0,0,234,6257,0,1,1,8,{},{},65034.0,82997.0,63420.0,20988,25659.0,138375.0,164034.0,3475.409836065574,,1.1052438960631568,0.38662716266139946,1.0.0,4,0,8,16,1,0,1,false,1,746,162,504,5758,316,1988,4032,2016,1026,90,3765,585,0,0,0,0,7,378,0,0,0,108,0,0,0,0,65,20169,9,9,72,79,79,2304,9090,9216,126,2016,4672,41276,4104,373,2879,513,81,292,3765,50052,736,0,655,0,144,840,1,1,504,72,,,
015-instcombine-foldtounsignedsaturatedadd-n62-d17.pbqp,llvm,62,141,17,847,15112,none,structured,search-node-limit,not_attempted_cpu_incomplete,123462.0,55806.0,34017,,,,,,,,,,,,,,,,,,,,,,,,,,,,,,,,,,,,,,,,,,,,,,,,,,,,,,,,,,,,,,,,,,,,,,,,,,,,,,,,,,,,,,,,,,,,,,,,,,,,,,,,,,,,,,,
015-instcombine-foldtounsignedsaturatedadd-n62-d17.pbqp,llvm,62,141,17,847,15112,heuristic,structured,solved-exact,completed,123462.0,55806.0,34017,135528.0,15849.0,119679.0,false,124385.0,234812.0,97164.0,85937.0,85937.0,127914.0,1.8755902839265686,0.9438197272888259,187,73516,2432,13000,1,0,1,0,0,389,9500,0,5,10,14,{},{},131824.0,159024.0,135528.0,56280,67236.0,278314.0,345550.0,3551.012682188151,,1.1324292482390395,0.39220952105339313,1.0.0,4,0,8,16,1,0,1,false,1,1930,466,1357,15440,1004,5124,10856,5428,2762,257,10066,1590,0,0,0,0,76,4194,0,0,0,288,0,0,0,0,133,50842,24,24,209,251,251,6128,24121,24512,391,5428,11712,112244,11048,965,7720,1381,233,732,10066,135004,2016,0,1783,0,350,5208,1,1,1357,209,,,
016-instcombine-matchdiv-n30-d16.pbqp,llvm,30,76,16,429,9574,none,structured,search-node-limit,not_attempted_cpu_incomplete,66414.0,36814.0,20378,,,,,,,,,,,,,,,,,,,,,,,,,,,,,,,,,,,,,,,,,,,,,,,,,,,,,,,,,,,,,,,,,,,,,,,,,,,,,,,,,,,,,,,,,,,,,,,,,,,,,,,,,,,,,,,
016-instcombine-matchdiv-n30-d16.pbqp,llvm,30,76,16,429,9574,heuristic,structured,solved-exact,completed,66414.0,36814.0,20378,83322.0,6392.0,76930.0,false,67577.0,138974.0,66821.0,50769.0,50769.0,67522.0,1.4417560788267205,0.8103742108926814,91,36840,3456,5000,1,0,1,0,0,286,7540,0,0,2,7,{},{},76895.0,77133.0,83322.0,19761,27087.0,133303.0,160390.0,3091.520650813517,,1.083088522033017,0.5194962279443855,1.0.0,4,0,8,16,1,0,1,false,1,788,176,469,5388,316,1820,3752,1876,956,97,3566,557,0,0,0,0,14,774,0,0,0,108,0,0,0,0,65,18518,9,9,79,79,79,2136,8488,8544,56,1876,4896,38980,3824,394,2694,478,88,306,3566,47700,701,0,613,0,130,0,1,1,469,79,,,
017-instcombine-matchmul-n22-d16.pbqp,llvm,22,54,16,305,6435,none,structured,search-node-limit,not_attempted_cpu_incomplete,44109.0,27022.0,14909,,,,,,,,,,,,,,,,,,,,,,,,,,,,,,,,,,,,,,,,,,,,,,,,,,,,,,,,,,,,,,,,,,,,,,,,,,,,,,,,,,,,,,,,,,,,,,,,,,,,,,,,,,,,,,,
017-instcombine-matchmul-n22-d16.pbqp,llvm,22,54,16,305,6435,heuristic,structured,solved-exact,completed,44109.0,27022.0,14909,53373.0,4622.0,48751.0,false,47532.0,97641.0,41593.0,35826.0,35826.0,48052.0,2.1308526783204993,0.9003053978603414,66,27164,3456,5000,1,0,1,0,0,194,4865,0,0,1,6,{},{},57003.0,54790.0,53373.0,14974,19704.0,99067.0,118771.0,3239.7230636088275,,1.094808311624377,0.44937737326451743,1.0.0,4,0,8,16,1,0,1,false,1,584,128,357,4078,228,1400,2856,1428,728,71,2695,421,0,0,0,0,7,387,0,0,0,84,0,0,0,0,50,14240,7,7,57,57,57,1628,6456,6512,56,1428,3648,29444,2912,292,2039,364,64,228,2695,36004,528,0,464,0,100,0,1,1,357,57,,,
018-instcombine-matchrem-n44-d16.pbqp,llvm,44,125,16,601,14056,none,structured,search-node-limit,not_attempted_cpu_incomplete,89014.0,40323.0,24877,,,,,,,,,,,,,,,,,,,,,,,,,,,,,,,,,,,,,,,,,,,,,,,,,,,,,,,,,,,,,,,,,,,,,,,,,,,,,,,,,,,,,,,,,,,,,,,,,,,,,,,,,,,,,,,
018-instcombine-matchrem-n44-d16.pbqp,llvm,44,125,16,601,14056,heuristic,structured,solved-exact,completed,89014.0,40323.0,24877,89302.0,4940.0,84362.0,false,87329.0,215336.0,72160.0,68584.0,68584.0,87185.0,2.1256858748964187,0.9762939239882645,131,42168,3456,11000,1,0,1,0,0,458,12351,0,0,5,4,{},{},93264.0,96758.0,89302.0,14940,23097.0,171907.0,195004.0,3024.2914979757084,,1.058557170289941,0.4579495805214252,1.0.0,4,0,8,16,1,0,1,false,1,704,176,343,4078,316,1232,2744,1372,704,97,2743,431,0,0,0,0,35,1935,0,0,0,108,0,0,0,0,44,12536,9,9,79,79,79,1548,6185,6192,7,1372,4224,29768,2816,352,2039,352,88,264,2743,36808,554,0,466,0,88,0,1,1,343,79,,,
019-instcombine-faddcombine-simplifyfadd-n108-d17.pbqp,llvm,108,1031,17,1450,109050,none,structured,search-node-limit,not_attempted_cpu_incomplete,512640.0,203712.0,132649,,,,,,,,,,,,,,,,,,,,,,,,,,,,,,,,,,,,,,,,,,,,,,,,,,,,,,,,,,,,,,,,,,,,,,,,,,,,,,,,,,,,,,,,,,,,,,,,,,,,,,,,,,,,,,,
019-instcombine-faddcombine-simplifyfadd-n108-d17.pbqp,llvm,108,1031,17,1450,109050,heuristic,structured,search-node-limit,not_attempted_cpu_incomplete,512640.0,203712.0,132649,,,,,,,,,,,,,,,,,,,,,,,,,,,,,,,,,,,,,,,,,,,,,,,,,,,,,,,,,,,,,,,,,,,,,,,,,,,,,,,,,,,,,,,,,,,,,,,,,,,,,,,,,,,,,,,
020-instcombine-faddcombine-simplifyfadd-n138-d17-r1.pbqp,llvm,138,557,17,2022,70649,none,structured,search-node-limit,not_attempted_cpu_incomplete,361556.0,140834.0,93084,,,,,,,,,,,,,,,,,,,,,,,,,,,,,,,,,,,,,,,,,,,,,,,,,,,,,,,,,,,,,,,,,,,,,,,,,,,,,,,,,,,,,,,,,,,,,,,,,,,,,,,,,,,,,,,
020-instcombine-faddcombine-simplifyfadd-n138-d17-r1.pbqp,llvm,138,557,17,2022,70649,heuristic,structured,solved-exact,completed,361556.0,140834.0,93084,441772.0,10140.0,431632.0,false,426785.0,763715.0,374592.0,404113.0,404113.0,481988.0,2.8117943192415997,1.091033383736407,404,117804,2432,16000,1,0,1,0,0,1592,66981,0,6,15,6,{},{},488600.0,477583.0,441772.0,29138,39704.0,801673.0,841377.0,2873.5700197238657,,1.023492234125366,0.5250583270044226,1.0.0,4,0,8,16,1,0,1,false,1,1176,336,693,7838,728,2352,5544,2772,1428,189,5221,861,0,0,0,0,105,5796,0,0,0,252,0,0,0,0,42,22397,21,21,147,182,182,3080,12292,12320,28,2772,6720,60704,5712,588,3919,714,168,420,5221,73136,1120,0,952,0,154,4480,1,1,693,147,,,
021-instcombine-faddcombine-simplify-n54-d16.pbqp,llvm,54,311,16,694,29648,none,structured,search-node-limit,not_attempted_cpu_incomplete,125714.0,63285.0,37877,,,,,,,,,,,,,,,,,,,,,,,,,,,,,,,,,,,,,,,,,,,,,,,,,,,,,,,,,,,,,,,,,,,,,,,,,,,,,,,,,,,,,,,,,,,,,,,,,,,,,,,,,,,,,,,
021-instcombine-faddcombine-simplify-n54-d16.pbqp,llvm,54,311,16,694,29648,heuristic,structured,search-node-limit,not_attempted_cpu_incomplete,125714.0,63285.0,37877,,,,,,,,,,,,,,,,,,,,,,,,,,,,,,,,,,,,,,,,,,,,,,,,,,,,,,,,,,,,,,,,,,,,,,,,,,,,,,,,,,,,,,,,,,,,,,,,,,,,,,,,,,,,,,,
022-instcombine-faddcombine-simplify-n59-d16-r1.pbqp,llvm,59,237,16,805,24830,none,structured,search-node-limit,not_attempted_cpu_incomplete,111135.0,57695.0,33115,,,,,,,,,,,,,,,,,,,,,,,,,,,,,,,,,,,,,,,,,,,,,,,,,,,,,,,,,,,,,,,,,,,,,,,,,,,,,,,,,,,,,,,,,,,,,,,,,,,,,,,,,,,,,,,
022-instcombine-faddcombine-simplify-n59-d16-r1.pbqp,llvm,59,237,16,805,24830,heuristic,structured,search-node-limit,not_attempted_cpu_incomplete,111135.0,57695.0,33115,,,,,,,,,,,,,,,,,,,,,,,,,,,,,,,,,,,,,,,,,,,,,,,,,,,,,,,,,,,,,,,,,,,,,,,,,,,,,,,,,,,,,,,,,,,,,,,,,,,,,,,,,,,,,,,
023-instcombine-faddendcoef-converttofptype-n7-d16.pbqp,llvm,7,14,16,89,1729,none,structured,solved-exact,completed,8871.0,4862.0,3654,108041.0,35227.0,72814.0,false,105994.0,124785.0,0.0,6219.0,86052.0,131250.0,1.9728066197091845,1.2148165974028378,413,1827440,73800,2000,74,73,60,3,1750832,2059,34475,2268,28,28,29,"{""7"":4,""15"":3}","{""4"":4,""5"":2,""6"":1}",132768.0,152679.0,108041.0,152253,249781.0,229152.0,478933.0,4322.054106225339,,1.4837943252671189,0.22558687749643477,1.0.0,4,0,8,16,1,0,1,false,1,7958,2236,5677,36656,3076,11956,25592,12796,11906,1394,28260,4746,0,0,0,0,420,14868,0,0,0,3312,219,16399,0,0,203,112926,276,276,842,1038,1038,15032,52752,60128,7376,12796,45776,254240,38552,3979,18328,5953,1118,2861,28260,338568,6183,0,5065,0,798,21952,1,1,5677,842,,,
023-instcombine-faddendcoef-converttofptype-n7-d16.pbqp,llvm,7,14,16,89,1729,heuristic,structured,solved-exact,completed,8871.0,4862.0,3654,9136.0,633.0,8503.0,false,8503.0,21247.0,7149.0,7404.0,7404.0,10894.0,2.067863397548161,1.1924255691768826,17,5912,1512,2000,1,0,1,0,0,73,1505,0,0,0,1,{},{},9850.0,10673.0,9136.0,2035,3206.0,29181.0,32387.0,3214.8499210110585,,1.07444431377161,0.28208849229629174,1.0.0,4,0,8,16,1,0,1,false,1,76,16,49,552,28,196,392,196,100,9,364,57,0,0,0,0,0,0,0,0,0,12,0,0,0,0,7,1990,1,1,7,7,7,224,896,896,0,196,480,4032,400,38,276,50,8,30,364,4912,71,0,63,0,14,0,1,1,49,7,,,
024-instcombine-faddendcoef-createapfloatfromint-n7-d16.pbqp,llvm,7,10,16,96,1463,none,structured,solved-exact,completed,16271.0,10666.0,7800,8523.0,4843.0,3680.0,false,7908.0,13955.0,0.0,0.0,0.0,9401.0,1.473542179983574,1.103015370174821,12,11696,3360,1000,0,0,0,0,0,0,0,0,1,1,5,{},{},13981.0,14489.0,8523.0,22762,26947.0,11038.0,37985.0,4699.979351641545,,2.316032608695652,0.2243780439647229,1.0.0,4,0,8,16,1,0,1,false,1,706,158,661,6076,348,2104,4328,2164,1334,85,4058,740,0,0,0,0,15,831,0,0,0,72,0,0,0,0,58,21537,6,6,73,102,102,2452,8836,9808,972,2164,4384,40448,5336,353,3038,667,79,274,4058,50168,929,0,850,0,174,2464,1,1,661,73,,,
024-instcombine-faddendcoef-createapfloatfromint-n7-d16.pbqp,llvm,7,10,16,96,1463,heuristic,structured,solved-exact,completed,16271.0,10666.0,7800,24838.0,5363.0,19475.0,false,23425.0,50518.0,15726.0,15245.0,15245.0,25532.0,1.2392302117722844,1.0279410580562043,24,23392,3360,1000,0,0,0,0,0,0,0,0,1,1,5,{},{},43064.0,29947.0,24838.0,22762,25537.0,45159.0,70696.0,4244.266268879359,,1.2753786906290117,0.3513352947832975,1.0.0,4,0,8,16,1,0,1,false,1,706,158,661,6076,348,2104,4328,2164,1334,85,4058,740,0,0,0,0,15,831,0,0,0,72,0,0,0,0,58,21537,6,6,73,102,102,2452,8836,9808,972,2164,4384,40448,5336,353,3038,667,79,274,4058,50168,929,0,850,0,174,2464,1,1,661,73,,,
025-instcombine-faddend-drillvaluedownonestep-n36-d16.pbqp,llvm,36,142,16,479,17365,none,structured,search-node-limit,not_attempted_cpu_incomplete,88304.0,42801.0,26091,,,,,,,,,,,,,,,,,,,,,,,,,,,,,,,,,,,,,,,,,,,,,,,,,,,,,,,,,,,,,,,,,,,,,,,,,,,,,,,,,,,,,,,,,,,,,,,,,,,,,,,,,,,,,,,
025-instcombine-faddend-drillvaluedownonestep-n36-d16.pbqp,llvm,36,142,16,479,17365,heuristic,structured,search-node-limit,not_attempted_cpu_incomplete,88304.0,42801.0,26091,,,,,,,,,,,,,,,,,,,,,,,,,,,,,,,,,,,,,,,,,,,,,,,,,,,,,,,,,,,,,,,,,,,,,,,,,,,,,,,,,,,,,,,,,,,,,,,,,,,,,,,,,,,,,,,
026-instcombine-faddend-drillvaluedownonestep-n36-d16-r1.pbqp,llvm,36,136,16,488,17350,none,structured,search-node-limit,not_attempted_cpu_incomplete,66645.0,39989.0,26010,,,,,,,,,,,,,,,,,,,,,,,,,,,,,,,,,,,,,,,,,,,,,,,,,,,,,,,,,,,,,,,,,,,,,,,,,,,,,,,,,,,,,,,,,,,,,,,,,,,,,,,,,,,,,,,
026-instcombine-faddend-drillvaluedownonestep-n36-d16-r1.pbqp,llvm,36,136,16,488,17350,heuristic,structured,solved-exact,completed,66645.0,39989.0,26010,90805.0,5071.0,85734.0,false,77986.0,169427.0,70400.0,59028.0,59028.0,78502.0,1.7292990474092835,0.8645118660866692,108,36756,2432,9000,1,0,1,0,0,348,15522,0,1,4,4,{},{},96262.0,98602.0,90805.0,19357,21850.0,178079.0,199929.0,3817.1958193650166,,1.0591480626122658,0.4541862361138204,1.0.0,4,0,8,16,1,0,1,false,1,586,146,469,5382,344,1764,3752,1876,954,81,3461,542,0,0,0,0,28,1548,0,0,0,96,0,0,0,0,37,17413,8,8,65,86,86,2108,8045,8432,387,1876,3520,37480,3816,293,2691,477,73,220,3461,44816,686,0,613,0,116,2576,1,1,469,65,,,
027-instcombine-faddend-set-n4-d16.pbqp,llvm,4,6,16,45,723,none,structured,solved-exact,completed,4317.0,1966.0,1358,21966.0,11571.0,10395.0,false,20507.0,25642.0,0.0,2501.0,4318.0,28023.0,2.4258854593462624,1.275744332149686,121,204616,13208,2000,16,15,13,1,181200,0,0,450,15,15,15,"{""15"":1}","{""4"":1}",38260.0,38003.0,21966.0,39075,78019.0,61282.0,139301.0,3376.976925071299,,2.113131313131313,0.1576873102131356,1.0.0,4,0,8,16,1,0,1,false,1,2490,660,1290,9690,750,2940,6300,3150,2730,405,7455,1215,0,0,0,0,105,3705,0,0,0,900,45,3225,0,0,105,29850,75,75,255,255,255,3690,14625,14760,135,3150,14640,69960,9120,1245,4845,1365,330,915,7455,93720,1575,0,1245,0,210,0,1,1,1290,255,,,
027-instcombine-faddend-set-n4-d16.pbqp,llvm,4,6,16,45,723,heuristic,structured,solved-exact,completed,4317.0,1966.0,1358,3756.0,0,3756.0,false,3594.0,6779.0,3174.0,3087.0,3087.0,3926.0,1.8061767838125666,1.0452609158679447,7,1992,1064,2000,1,0,1,0,0,45,723,0,0,0,0,{},{},3753.0,3739.0,3756.0,0,0,7946.0,7946.0,,,1.0,0.4726906619682859,1.0.0,4,0,8,16,1,0,1,false,1,0,0,0,0,0,0,0,0,0,0,0,0,0,0,0,0,0,0,0,0,0,0,0,0,0,0,0,0,0,0,0,0,0,0,0,0,0,0,0,0,0,0,0,0,0,0,0,0,0,0,0,0,0,0,0,0,0,0,,,
028-instcombine-faddend-scale-n17-d16.pbqp,llvm,17,39,16,241,5833,none,structured,search-node-limit,not_attempted_cpu_incomplete,29393.0,17644.0,11229,,,,,,,,,,,,,,,,,,,,,,,,,,,,,,,,,,,,,,,,,,,,,,,,,,,,,,,,,,,,,,,,,,,,,,,,,,,,,,,,,,,,,,,,,,,,,,,,,,,,,,,,,,,,,,,
028-instcombine-faddend-scale-n17-d16.pbqp,llvm,17,39,16,241,5833,heuristic,structured,solved-exact,completed,29393.0,17644.0,11229,31951.0,1571.0,30380.0,false,29237.0,65876.0,26306.0,23035.0,23035.0,29779.0,1.599574348220713,0.932020907013865,47,15328,3584,3000,1,0,1,0,0,147,5175,0,1,4,1,{},{},30994.0,35958.0,31951.0,3763,8752.0,75090.0,83842.0,2395.28962444303,,1.0517116524028967,0.38108585195963834,1.0.0,4,0,8,16,1,0,1,false,1,268,80,77,1024,140,196,616,308,164,45,728,117,0,0,0,0,28,1548,0,0,0,60,0,0,0,0,7,1990,5,5,35,35,35,336,1330,1344,14,308,1504,7504,656,134,512,82,40,94,728,9664,159,0,119,0,14,0,1,1,77,35,,,
029-instcombine-selectinst-init-n19-d16.pbqp,llvm,19,69,16,298,16267,none,structured,search-node-limit,not_attempted_cpu_incomplete,36333.0,25105.0,23610,,,,,,,,,,,,,,,,,,,,,,,,,,,,,,,,,,,,,,,,,,,,,,,,,,,,,,,,,,,,,,,,,,,,,,,,,,,,,,,,,,,,,,,,,,,,,,,,,,,,,,,,,,,,,,,
029-instcombine-selectinst-init-n19-d16.pbqp,llvm,19,69,16,298,16267,heuristic,structured,solved-exact,completed,36333.0,25105.0,23610,45880.0,0,45880.0,false,42628.0,85257.0,38900.0,35885.0,35885.0,43951.0,1.6379468177855274,0.9579555361813427,51,17288,3200,0,1,0,1,0,0,298,16267,0,0,0,0,{},{},46152.0,59319.0,45880.0,0,0,87805.0,87805.0,,,1.0,0.5225214964979216,1.0.0,4,0,8,16,1,0,1,false,1,0,0,0,0,0,0,0,0,0,0,0,0,0,0,0,0,0,0,0,0,0,0,0,0,0,0,0,0,0,0,0,0,0,0,0,0,0,0,0,0,0,0,0,0,0,0,0,0,0,0,0,0,0,0,0,0,0,0,,,
030-instcombine-selectinst-create-n9-d15.pbqp,llvm,9,36,15,71,2212,none,structured,search-node-limit,not_attempted_cpu_incomplete,10373.0,6184.0,3303,,,,,,,,,,,,,,,,,,,,,,,,,,,,,,,,,,,,,,,,,,,,,,,,,,,,,,,,,,,,,,,,,,,,,,,,,,,,,,,,,,,,,,,,,,,,,,,,,,,,,,,,,,,,,,,
030-instcombine-selectinst-create-n9-d15.pbqp,llvm,9,36,15,71,2212,heuristic,structured,search-node-limit,not_attempted_cpu_incomplete,10373.0,6184.0,3303,,,,,,,,,,,,,,,,,,,,,,,,,,,,,,,,,,,,,,,,,,,,,,,,,,,,,,,,,,,,,,,,,,,,,,,,,,,,,,,,,,,,,,,,,,,,,,,,,,,,,,,,,,,,,,,
031-instcombine-selectinst-create-n8-d15-r1.pbqp,llvm,8,22,15,72,1470,none,structured,solved-exact,completed,7755.0,3815.0,2335,141524.0,37121.0,104403.0,false,134682.0,147946.0,0.0,8438.0,147919.0,173654.0,1.8805644272349566,1.22702863118623,490,2590552,120840,6000,85,84,66,4,2495136,1831,27846,2975,35,36,35,"{""7"":12}","{""4"":5,""5"":4,""6"":2,""7"":1}",159020.0,173045.0,141524.0,138395,311354.0,282016.0,593370.0,3728.2131408097844,,1.3555549170043006,0.23850885619428014,1.0.0,4,0,8,16,1,0,1,false,1,10674,3012,7182,30652,2884,7350,16856,8428,15164,1906,28245,6042,0,0,0,0,532,18972,0,0,0,4800,329,21959,0,0,245,86240,400,400,1106,1351,1351,10234,35910,40936,5026,8428,61296,184380,48756,5337,15326,7582,1506,3831,28245,294432,7883,0,6377,0,980,13720,1,1,7182,1106,,,
031-instcombine-selectinst-create-n8-d15-r1.pbqp,llvm,8,22,15,72,1470,heuristic,structured,solved-exact,completed,7755.0,3815.0,2335,7779.0,238.0,7541.0,false,7694.0,25133.0,6357.0,6526.0,6526.0,8324.0,2.2977246432703433,1.0700604190770022,20,5424,1512,6000,1,0,1,0,0,57,1365,0,0,1,0,{},{},7945.0,8685.0,7779.0,432,2168.0,23938.0,26106.0,1815.126050420168,,1.0315608009547805,0.2979774764421972,1.0.0,4,0,8,16,1,0,1,false,1,48,16,7,118,28,0,56,28,16,9,91,15,0,0,0,0,7,387,0,0,0,12,0,0,0,0,0,0,1,1,7,7,7,28,105,112,7,28,256,840,64,24,59,8,8,16,91,1160,22,0,14,0,0,0,1,1,7,7,,,
032-instcombine-densemapbase-grow-n22-d17.pbqp,llvm,22,42,17,322,6691,none,structured,solved-exact,completed,42160.0,27070.0,23064,1108312.0,236686.0,871626.0,false,1048110.0,1421231.0,0.0,39981.0,1229402.0,1399731.0,1.4989840405950672,1.262939497181299,1873,27259296,482720,3000,337,336,287,6,26713344,18574,429198,15180,78,122,126,"{""7"":20,""15"":12,""16"":1}","{""4"":11,""5"":10,""8"":6,""9"":3,""10"":2,""11"":1}",1293673.0,1671852.0,1108312.0,1177747,1417175.0,1617459.0,3034634.0,4975.989285382321,,1.271545364640339,0.36522097887257576,1.0.0,4,0,8,16,1,0,1,false,1,42930,11426,42010,295312,22809,101060,214674,107337,86832,7119,212537,33701,0,0,0,0,1565,86966,0,0,0,16872,1158,102990,0,0,1584,946661,1406,1406,4307,5884,5901,123869,494897,495476,579,107337,252032,2342664,286608,21465,147656,43416,5713,15752,212537,2881304,42746,0,37067,0,6322,201800,1,1,42010,4307,,,
032-instcombine-densemapbase-grow-n22-d17.pbqp,llvm,22,42,17,322,6691,heuristic,structured,solved-exact,completed,42160.0,27070.0,23064,59075.0,8150.0,50925.0,false,54107.0,99373.0,42566.0,37963.0,37963.0,55238.0,1.8389335590351248,0.935048666948794,66,38988,3584,3000,1,0,1,0,0,147,3543,0,1,3,7,{},{},60076.0,88992.0,59075.0,35481,32903.0,104425.0,137328.0,4353.496932515337,,1.1600392734413354,0.43017447279506,1.0.0,4,0,8,16,1,0,1,false,1,874,214,888,9700,609,3396,7138,3569,1796,117,6185,995,0,0,0,0,39,2336,0,0,0,120,0,0,0,0,58,32587,10,10,97,148,165,4005,15813,16020,207,3569,5280,72616,7184,437,4850,898,107,330,6185,85080,1252,0,1179,0,218,6472,1,1,888,97,,,
033-instcombine-densemapbase-lookupbucketfor-n15-d16.pbqp,llvm,15,72,16,237,17906,none,structured,search-node-limit,not_attempted_cpu_incomplete,38732.0,26202.0,23665,,,,,,,,,,,,,,,,,,,,,,,,,,,,,,,,,,,,,,,,,,,,,,,,,,,,,,,,,,,,,,,,,,,,,,,,,,,,,,,,,,,,,,,,,,,,,,,,,,,,,,,,,,,,,,,
033-instcombine-densemapbase-lookupbucketfor-n15-d16.pbqp,llvm,15,72,16,237,17906,heuristic,structured,solved-exact,completed,38732.0,26202.0,23665,46873.0,0,46873.0,false,44749.0,55328.0,39613.0,37303.0,37303.0,45615.0,1.4191112154118575,0.9731615215582532,40,15252,3584,0,1,0,1,0,0,237,17906,0,0,0,0,{},{},43575.0,54747.0,46873.0,0,0,54386.0,54386.0,,,1.0,0.8618578310594638,1.0.0,4,0,8,16,1,0,1,false,1,0,0,0,0,0,0,0,0,0,0,0,0,0,0,0,0,0,0,0,0,0,0,0,0,0,0,0,0,0,0,0,0,0,0,0,0,0,0,0,0,0,0,0,0,0,0,0,0,0,0,0,0,0,0,0,0,0,0,,,
034-instcombine-densemapbase-movefrom-n26-d17.pbqp,llvm,26,187,17,389,39670,none,structured,search-node-limit,not_attempted_cpu_incomplete,91015.0,65081.0,48955,,,,,,,,,,,,,,,,,,,,,,,,,,,,,,,,,,,,,,,,,,,,,,,,,,,,,,,,,,,,,,,,,,,,,,,,,,,,,,,,,,,,,,,,,,,,,,,,,,,,,,,,,,,,,,,
034-instcombine-densemapbase-movefrom-n26-d17.pbqp,llvm,26,187,17,389,39670,heuristic,structured,search-node-limit,not_attempted_cpu_incomplete,91015.0,65081.0,48955,,,,,,,,,,,,,,,,,,,,,,,,,,,,,,,,,,,,,,,,,,,,,,,,,,,,,,,,,,,,,,,,,,,,,,,,,,,,,,,,,,,,,,,,,,,,,,,,,,,,,,,,,,,,,,,
035-instcombine-densemapbase-movefrom-n38-d17-r1.pbqp,llvm,38,154,17,592,35212,none,structured,search-node-limit,not_attempted_cpu_incomplete,119882.0,80986.0,60185,,,,,,,,,,,,,,,,,,,,,,,,,,,,,,,,,,,,,,,,,,,,,,,,,,,,,,,,,,,,,,,,,,,,,,,,,,,,,,,,,,,,,,,,,,,,,,,,,,,,,,,,,,,,,,,
035-instcombine-densemapbase-movefrom-n38-d17-r1.pbqp,llvm,38,154,17,592,35212,heuristic,structured,search-node-limit,not_attempted_cpu_incomplete,119882.0,80986.0,60185,,,,,,,,,,,,,,,,,,,,,,,,,,,,,,,,,,,,,,,,,,,,,,,,,,,,,,,,,,,,,,,,,,,,,,,,,,,,,,,,,,,,,,,,,,,,,,,,,,,,,,,,,,,,,,,
036-instcombine-densemapbase-lookuporinsertintobucke-n22-d16.pbqp,llvm,22,113,16,326,22568,none,structured,search-node-limit,not_attempted_cpu_incomplete,51043.0,38631.0,29188,,,,,,,,,,,,,,,,,,,,,,,,,,,,,,,,,,,,,,,,,,,,,,,,,,,,,,,,,,,,,,,,,,,,,,,,,,,,,,,,,,,,,,,,,,,,,,,,,,,,,,,,,,,,,,,
036-instcombine-densemapbase-lookuporinsertintobucke-n22-d16.pbqp,llvm,22,113,16,326,22568,heuristic,structured,solved-exact,completed,51043.0,38631.0,29188,62093.0,2520.0,59573.0,false,58092.0,170644.0,49807.0,67445.0,67445.0,84334.0,1.6832171098191422,1.3581885236661138,64,25852,3240,2000,1,0,1,0,0,281,21907,0,0,2,1,{},{},63649.0,77227.0,62093.0,3779,9749.0,127287.0,137036.0,1499.6031746031747,,1.0423010424185453,0.45311451005575176,1.0.0,4,0,8,16,1,0,1,false,1,268,80,79,1012,148,196,632,316,164,43,722,119,0,0,0,0,30,1662,0,0,0,36,0,0,0,0,7,1918,3,3,37,37,37,344,1249,1376,127,316,1504,7248,656,134,506,82,40,94,722,9408,163,0,123,0,14,0,1,1,79,37,,,
037-instcombine-densemapbase-grow-n20-d17.pbqp,llvm,20,30,17,285,5064,none,structured,solved-exact,completed,29060.0,18487.0,12853,367766.0,99063.0,268703.0,false,366631.0,663811.0,0.0,24323.0,334741.0,435711.0,1.5266365025586923,1.184750629476352,724,7995696,255552,3000,125,124,104,4,7771328,5555,123981,5715,36,58,50,"{""7"":7,""15"":5}","{""4"":5,""5"":4,""8"":2,""9"":1}",451985.0,635489.0,367766.0,469610,595274.0,588649.0,1183923.0,4740.518659842726,,1.3686709861817694,0.3106333773395736,1.0.0,4,0,8,16,1,0,1,false,1,18110,4850,16380,118388,9399,39544,84962,42481,33840,2965,85169,13522,0,0,0,0,779,41416,0,0,0,6480,432,38710,0,0,674,372764,540,540,1885,2461,2478,48943,195378,195772,394,42481,106080,930320,112500,9055,59194,16920,2425,6630,85169,1148900,17233,0,14842,0,2500,73728,1,1,16380,1885,,,
037-instcombine-densemapbase-grow-n20-d17.pbqp,llvm,20,30,17,285,5064,heuristic,structured,solved-exact,completed,29060.0,18487.0,12853,38274.0,5015.0,33259.0,false,35138.0,72449.0,28459.0,25271.0,25271.0,38980.0,1.4131786591419764,1.0184459424152166,60,30324,3584,3000,1,0,1,0,0,115,2727,0,1,9,1,{},{},37367.0,40445.0,38274.0,17060,32119.0,80926.0,113045.0,3401.794616151545,,1.1507862533449593,0.33857313459241895,1.0.0,4,0,8,16,1,0,1,false,1,946,294,361,4824,629,960,2922,1461,742,157,3256,508,0,0,0,0,121,6878,0,0,0,120,0,0,0,0,16,9464,10,10,137,153,170,1589,6193,6356,163,1461,5216,34184,2968,473,2412,371,147,326,3256,42368,693,0,580,0,64,2048,1,1,361,137,,,
038-instcombine-densemapbase-lookupbucketfor-n15-d16.pbqp,llvm,15,72,16,237,17906,none,structured,search-node-limit,not_attempted_cpu_incomplete,36519.0,27514.0,23665,,,,,,,,,,,,,,,,,,,,,,,,,,,,,,,,,,,,,,,,,,,,,,,,,,,,,,,,,,,,,,,,,,,,,,,,,,,,,,,,,,,,,,,,,,,,,,,,,,,,,,,,,,,,,,,
038-instcombine-densemapbase-lookupbucketfor-n15-d16.pbqp,llvm,15,72,16,237,17906,heuristic,structured,solved-exact,completed,36519.0,27514.0,23665,45980.0,0,45980.0,false,41905.0,95836.0,38518.0,33665.0,33665.0,41910.0,1.374401913875598,0.9114832535885168,40,15252,3584,0,1,0,1,0,0,237,17906,0,0,0,0,{},{},44064.0,51662.0,45980.0,0,0,54633.0,54633.0,,,1.0,0.8416158731901964,1.0.0,4,0,8,16,1,0,1,false,1,0,0,0,0,0,0,0,0,0,0,0,0,0,0,0,0,0,0,0,0,0,0,0,0,0,0,0,0,0,0,0,0,0,0,0,0,0,0,0,0,0,0,0,0,0,0,0,0,0,0,0,0,0,0,0,0,0,0,,,
039-instcombine-densemapbase-movefrom-n28-d17.pbqp,llvm,28,225,17,419,48010,none,structured,search-node-limit,not_attempted_cpu_incomplete,107408.0,74299.0,58421,,,,,,,,,,,,,,,,,,,,,,,,,,,,,,,,,,,,,,,,,,,,,,,,,,,,,,,,,,,,,,,,,,,,,,,,,,,,,,,,,,,,,,,,,,,,,,,,,,,,,,,,,,,,,,,
039-instcombine-densemapbase-movefrom-n28-d17.pbqp,llvm,28,225,17,419,48010,heuristic,structured,search-node-limit,not_attempted_cpu_incomplete,107408.0,74299.0,58421,,,,,,,,,,,,,,,,,,,,,,,,,,,,,,,,,,,,,,,,,,,,,,,,,,,,,,,,,,,,,,,,,,,,,,,,,,,,,,,,,,,,,,,,,,,,,,,,,,,,,,,,,,,,,,,
040-instcombine-densemapbase-movefrom-n40-d17-r1.pbqp,llvm,40,161,17,623,36682,none,structured,search-node-limit,not_attempted_cpu_incomplete,116850.0,75635.0,56129,,,,,,,,,,,,,,,,,,,,,,,,,,,,,,,,,,,,,,,,,,,,,,,,,,,,,,,,,,,,,,,,,,,,,,,,,,,,,,,,,,,,,,,,,,,,,,,,,,,,,,,,,,,,,,,
040-instcombine-densemapbase-movefrom-n40-d17-r1.pbqp,llvm,40,161,17,623,36682,heuristic,structured,search-node-limit,not_attempted_cpu_incomplete,116850.0,75635.0,56129,,,,,,,,,,,,,,,,,,,,,,,,,,,,,,,,,,,,,,,,,,,,,,,,,,,,,,,,,,,,,,,,,,,,,,,,,,,,,,,,,,,,,,,,,,,,,,,,,,,,,,,,,,,,,,,
041-instcombine-densemapbase-lookuporinsertintobucke-n24-d16.pbqp,llvm,24,135,16,349,24985,none,structured,search-node-limit,not_attempted_cpu_incomplete,59469.0,36743.0,32920,,,,,,,,,,,,,,,,,,,,,,,,,,,,,,,,,,,,,,,,,,,,,,,,,,,,,,,,,,,,,,,,,,,,,,,,,,,,,,,,,,,,,,,,,,,,,,,,,,,,,,,,,,,,,,,
041-instcombine-densemapbase-lookuporinsertintobucke-n24-d16.pbqp,llvm,24,135,16,349,24985,heuristic,structured,solved-exact,completed,59469.0,36743.0,32920,75046.0,1689.0,73357.0,false,66449.0,158860.0,60336.0,51666.0,51666.0,66214.0,1.5616555179489913,0.8823121818617914,70,29680,3240,3000,1,0,1,0,0,302,24168,0,0,2,1,{},{},71867.0,87032.0,75046.0,5976,10074.0,145476.0,155550.0,3538.188277087034,,1.023024387584007,0.4824558019929283,1.0.0,4,0,8,16,1,0,1,false,1,268,80,135,1674,176,420,1080,540,276,43,1109,175,0,0,0,0,30,1662,0,0,0,36,0,0,0,0,7,4115,3,3,37,44,44,596,2369,2384,15,540,1504,12232,1104,134,837,138,40,94,1109,14840,233,0,193,0,28,896,1,1,135,37,,,
042-instcombine-instcombiner-replaceoperand-n18-d16.pbqp,llvm,18,64,16,254,10750,none,structured,search-node-limit,not_attempted_cpu_incomplete,39492.0,23299.0,15422,,,,,,,,,,,,,,,,,,,,,,,,,,,,,,,,,,,,,,,,,,,,,,,,,,,,,,,,,,,,,,,,,,,,,,,,,,,,,,,,,,,,,,,,,,,,,,,,,,,,,,,,,,,,,,,
042-instcombine-instcombiner-replaceoperand-n18-d16.pbqp,llvm,18,64,16,254,10750,heuristic,structured,solved-exact,completed,39492.0,23299.0,15422,44622.0,1686.0,42936.0,false,37350.0,89001.0,36124.0,28799.0,28799.0,37315.0,1.5619873604948231,0.8362466944556497,52,19160,3584,3000,1,0,1,0,0,207,10092,0,0,0,3,{},{},41026.0,47082.0,44622.0,6117,7344.0,89534.0,96878.0,3628.113879003559,,1.0392677473448855,0.4605999298086253,1.0.0,4,0,8,16,1,0,1,false,1,228,48,147,1664,84,588,1176,588,300,27,1096,171,0,0,0,0,0,0,0,0,0,36,0,0,0,0,21,5982,3,3,21,21,21,672,2632,2688,56,588,1440,11844,1200,114,832,150,24,90,1096,14484,213,0,189,0,42,0,1,1,147,21,,,
043-instcombine-instcombiner-replaceinstuseswith-n14-d16.pbqp,llvm,14,65,16,152,5660,none,structured,search-node-limit,not_attempted_cpu_incomplete,21795.0,11792.0,7092,,,,,,,,,,,,,,,,,,,,,,,,,,,,,,,,,,,,,,,,,,,,,,,,,,,,,,,,,,,,,,,,,,,,,,,,,,,,,,,,,,,,,,,,,,,,,,,,,,,,,,,,,,,,,,,
043-instcombine-instcombiner-replaceinstuseswith-n14-d16.pbqp,llvm,14,65,16,152,5660,heuristic,structured,search-node-limit,not_attempted_cpu_incomplete,21795.0,11792.0,7092,,,,,,,,,,,,,,,,,,,,,,,,,,,,,,,,,,,,,,,,,,,,,,,,,,,,,,,,,,,,,,,,,,,,,,,,,,,,,,,,,,,,,,,,,,,,,,,,,,,,,,,,,,,,,,,
044-instcombine-instcombiner-replaceinstuseswith-n16-d16-r1.pbqp,llvm,16,52,16,202,5023,none,structured,search-node-limit,not_attempted_cpu_incomplete,17858.0,11377.0,7015,,,,,,,,,,,,,,,,,,,,,,,,,,,,,,,,,,,,,,,,,,,,,,,,,,,,,,,,,,,,,,,,,,,,,,,,,,,,,,,,,,,,,,,,,,,,,,,,,,,,,,,,,,,,,,,
044-instcombine-instcombiner-replaceinstuseswith-n16-d16-r1.pbqp,llvm,16,52,16,202,5023,heuristic,structured,solved-exact,completed,17858.0,11377.0,7015,22031.0,1400.0,20631.0,false,20688.0,56473.0,16763.0,15832.0,15832.0,21891.0,2.0592801053061596,0.9936453179610549,48,13028,1064,6000,1,0,1,0,0,122,4351,0,0,4,1,{},{},21836.0,23422.0,22031.0,3763,8953.0,62515.0,71468.0,2687.8571428571427,,1.0678590470650962,0.3082638383612246,1.0.0,4,0,8,16,1,0,1,false,1,268,80,77,1024,140,196,616,308,164,45,728,117,0,0,0,0,28,1548,0,0,0,60,0,0,0,0,7,1990,5,5,35,35,35,336,1344,1344,0,308,1504,7616,656,134,512,82,40,94,728,9776,159,0,119,0,14,0,1,1,77,35,,,
045-instcombine-instcombiner-addone-n3-d15.pbqp,llvm,3,2,15,37,210,none,structured,solved-exact,completed,4419.0,2673.0,1800,2415.0,1260.0,1155.0,false,2331.0,4089.0,0.0,0.0,0.0,2861.0,1.6538302277432713,1.1846790890269152,4,4200,3240,1000,0,0,0,0,0,0,0,0,1,1,1,{},{},3672.0,3606.0,2415.0,6265,9144.0,4351.0,13495.0,4972.222222222223,,2.090909090909091,0.17895516858095592,1.0.0,4,0,8,16,1,0,1,false,1,252,64,240,1634,120,450,1020,510,484,34,1185,272,0,0,0,0,15,831,0,0,0,24,0,0,0,0,15,5280,2,2,30,45,45,570,2010,2280,270,510,1504,9780,1936,126,817,242,32,94,1185,13220,347,0,315,0,60,840,1,1,240,30,,,
045-instcombine-instcombiner-addone-n3-d15.pbqp,llvm,3,2,15,37,210,heuristic,structured,solved-exact,completed,4419.0,2673.0,1800,6323.0,1323.0,5000.0,false,6195.0,9630.0,3869.0,4015.0,4015.0,6858.0,1.4051874110390636,1.084611734935948,8,8400,3240,1000,0,0,0,0,0,0,0,0,1,1,1,{},{},12532.0,7250.0,6323.0,6265,9162.0,12466.0,21628.0,4735.449735449735,,1.2646,0.2923525060107268,1.0.0,4,0,8,16,1,0,1,false,1,252,64,240,1634,120,450,1020,510,484,34,1185,272,0,0,0,0,15,831,0,0,0,24,0,0,0,0,15,5280,2,2,30,45,45,570,2010,2280,270,510,1504,9780,1936,126,817,242,32,94,1185,13220,347,0,315,0,60,840,1,1,240,30,,,
046-instcombine-instcombiner-subone-n3-d15.pbqp,llvm,3,2,15,37,210,none,structured,solved-exact,completed,4199.0,2504.0,1800,2464.0,1262.0,1202.0,false,2348.0,4613.0,0.0,0.0,0.0,2822.0,1.6087662337662338,1.1452922077922079,4,4200,3240,1000,0,0,0,0,0,0,0,0,1,1,1,{},{},3820.0,3689.0,2464.0,6265,8963.0,4624.0,13587.0,4964.342313787639,,2.049916805324459,0.18134981968057703,1.0.0,4,0,8,16,1,0,1,false,1,252,64,240,1634,120,450,1020,510,484,34,1185,272,0,0,0,0,15,831,0,0,0,24,0,0,0,0,15,5280,2,2,30,45,45,570,2010,2280,270,510,1504,9780,1936,126,817,242,32,94,1185,13220,347,0,315,0,60,840,1,1,240,30,,,
046-instcombine-instcombiner-subone-n3-d15.pbqp,llvm,3,2,15,37,210,heuristic,structured,solved-exact,completed,4199.0,2504.0,1800,6209.0,1385.0,4824.0,false,6154.0,10996.0,3870.0,4178.0,4178.0,7292.0,1.4976646803027862,1.1744242229022386,8,8400,3240,1000,0,0,0,0,0,0,0,0,1,1,1,{},{},7657.0,7411.0,6209.0,6265,9090.0,12650.0,21740.0,4523.465703971119,,1.287106135986733,0.28560257589696414,1.0.0,4,0,8,16,1,0,1,false,1,252,64,240,1634,120,450,1020,510,484,34,1185,272,0,0,0,0,15,831,0,0,0,24,0,0,0,0,15,5280,2,2,30,45,45,570,2010,2280,270,510,1504,9780,1936,126,817,242,32,94,1185,13220,347,0,315,0,60,840,1,1,240,30,,,
047-instcombine-patternmatch-match-n13-d16.pbqp,llvm,13,22,16,186,2857,none,structured,solved-exact,completed,18581.0,11013.0,8405,175845.0,57400.0,118445.0,false,164304.0,365016.0,0.0,14979.0,114994.0,211948.0,1.6634991043248315,1.205311495919702,434,2634412,122240,2000,64,63,52,3,2478672,2230,38492,2079,22,22,66,"{""7"":3,""14"":3}","{""4"":3,""6"":2,""8"":1}",231808.0,222725.0,175845.0,259480,368161.0,297959.0,666120.0,4520.557491289199,,1.4846131115707712,0.26398396685281933,1.0.0,4,0,8,16,1,0,1,false,1,11742,2920,10066,65678,4550,19824,42392,21196,20686,1737,49053,9636,0,0,0,0,343,19035,0,0,0,3324,189,14595,0,0,651,216409,277,277,1183,1526,1526,24374,91343,97496,6153,21196,70576,435064,74428,5871,32839,10343,1460,4411,49053,580068,12156,0,10696,0,1988,19712,1,1,10066,1183,,,
047-instcombine-patternmatch-match-n13-d16.pbqp,llvm,13,22,16,186,2857,heuristic,structured,solved-exact,completed,18581.0,11013.0,8405,21060.0,2203.0,18857.0,false,20329.0,46887.0,16106.0,15600.0,15600.0,22295.0,1.6683285849952516,1.058641975308642,33,16304,3584,2000,1,0,1,0,0,106,2041,0,1,1,3,{},{},23054.0,24519.0,21060.0,8740,9511.0,46039.0,55550.0,3967.317294598275,,1.1168266426260804,0.3791179117911791,1.0.0,4,0,8,16,1,0,1,false,1,276,64,217,2342,140,840,1736,868,442,36,1530,249,0,0,0,0,7,387,0,0,0,48,0,0,0,0,21,8173,4,4,28,35,35,980,3920,3920,0,868,1696,17920,1768,138,1171,221,32,106,1530,21384,312,0,280,0,56,896,1,1,217,28,,,
048-instcombine-patternmatch-match-n11-d16.pbqp,llvm,11,18,16,156,2325,none,structured,solved-exact,completed,11922.0,7558.0,5275,92876.0,32512.0,60364.0,false,89959.0,100218.0,0.0,10145.0,50502.0,111068.0,1.9299603772772298,1.195874068650674,341,1548328,67048,2000,46,45,40,2,1476720,630,10122,1350,31,31,48,"{""15"":3}","{""4"":2,""6"":1}",128328.0,113615.0,92876.0,119919,214520.0,169524.0,384044.0,3688.453494094488,,1.5385991650652706,0.2418368728583183,1.0.0,4,0,8,16,1,0,1,false,1,7080,1822,3928,30068,2188,9408,19784,9892,8284,1125,22716,3624,0,0,0,0,226,8298,0,0,0,2568,135,9675,0,0,336,95520,214,214,697,697,697,11596,46084,46384,300,9892,42064,218144,27736,3540,15034,4142,911,2629,22716,287944,4657,0,3746,0,672,0,1,1,3928,697,,,
048-instcombine-patternmatch-match-n11-d16.pbqp,llvm,11,18,16,156,2325,heuristic,structured,solved-exact,completed,11922.0,7558.0,5275,15634.0,2057.0,13577.0,false,14558.0,33147.0,11202.0,10455.0,10455.0,15635.0,1.6356018933094538,1.0000639631572215,28,11968,1064,2000,1,0,1,0,0,76,1397,0,1,1,3,{},{},17119.0,16482.0,15634.0,7074,11000.0,25636.0,36636.0,3438.988818667963,,1.1515062237607718,0.42673872693525494,1.0.0,4,0,8,16,1,0,1,false,1,330,82,163,1928,148,588,1304,652,334,45,1296,204,0,0,0,0,16,888,0,0,0,48,0,0,0,0,21,5970,4,4,37,37,37,736,2944,2944,0,652,1984,14144,1336,165,964,167,41,124,1296,17464,262,0,221,0,42,0,1,1,163,37,,,
049-instcombine-patternmatch-match-n13-d16.pbqp,llvm,13,22,16,188,2917,none,structured,solved-exact,completed,17083.0,10731.0,8471,187972.0,60018.0,127954.0,false,184926.0,345919.0,0.0,25149.0,135736.0,257470.0,1.66002383333688,1.3697252782329283,452,2756104,122240,2000,67,66,55,3,2596704,2412,41815,2169,22,22,69,"{""7"":3,""15"":3}","{""4"":3,""6"":2,""8"":1}",236302.0,243937.0,187972.0,266419,376634.0,286832.0,663466.0,4438.984971175314,,1.4690591931475374,0.28331821072971336,1.0.0,4,0,8,16,1,0,1,false,1,12096,3004,10303,67430,4658,20412,43568,21784,21184,1791,50355,9834,0,0,0,0,343,19035,0,0,0,3468,198,15240,0,0,672,222379,289,289,1213,1556,1556,25070,94121,100280,6159,21784,72736,447880,76060,6048,33715,10592,1502,4546,50355,596676,12405,0,10903,0,2030,19712,1,1,10303,1213,,,
049-instcombine-patternmatch-match-n13-d16.pbqp,llvm,13,22,16,188,2917,heuristic,structured,solved-exact,completed,17083.0,10731.0,8471,22540.0,2448.0,20092.0,false,21562.0,45070.0,17026.0,16686.0,16686.0,23821.0,1.6532830523513753,1.056832298136646,33,16336,3584,2000,1,0,1,0,0,108,2101,0,1,1,3,{},{},22377.0,23981.0,22540.0,8740,11099.0,48849.0,59948.0,3570.2614379084966,,1.1218395381246267,0.37599252685660906,1.0.0,4,0,8,16,1,0,1,false,1,276,64,217,2342,140,840,1736,868,442,36,1530,249,0,0,0,0,7,387,0,0,0,48,0,0,0,0,21,8173,4,4,28,35,35,980,3920,3920,0,868,1696,17920,1768,138,1171,221,32,106,1530,21384,312,0,280,0,56,896,1,1,217,28,,,
050-instcombine-patternmatch-match-n11-d16.pbqp,llvm,11,27,16,157,4515,none,structured,search-node-limit,not_attempted_cpu_incomplete,21787.0,13066.0,10192,,,,,,,,,,,,,,,,,,,,,,,,,,,,,,,,,,,,,,,,,,,,,,,,,,,,,,,,,,,,,,,,,,,,,,,,,,,,,,,,,,,,,,,,,,,,,,,,,,,,,,,,,,,,,,,
050-instcombine-patternmatch-match-n11-d16.pbqp,llvm,11,27,16,157,4515,heuristic,structured,solved-exact,completed,21787.0,13066.0,10192,24576.0,1265.0,23311.0,false,22029.0,50071.0,20289.0,17694.0,17694.0,22604.0,1.44384765625,0.9197591145833334,30,11780,3584,2000,1,0,1,0,0,125,4147,0,0,1,1,{},{},25908.0,27789.0,24576.0,4670,6152.0,51863.0,58015.0,3691.699604743083,,1.0542662262451203,0.423614582435577,1.0.0,4,0,8,16,1,0,1,false,1,124,32,119,1238,84,448,952,476,242,18,802,135,0,0,0,0,7,387,0,0,0,24,0,0,0,0,7,4193,2,2,14,21,21,532,2128,2128,0,476,736,9856,968,62,619,121,16,46,802,11560,170,0,154,0,28,896,1,1,119,14,,,
051-instcombine-patternmatch-match-n11-d16.pbqp,llvm,11,20,16,154,2400,none,structured,solved-exact,completed,17751.0,10683.0,6730,80804.0,32163.0,48641.0,false,79254.0,87988.0,0.0,12673.0,45983.0,107988.0,2.3477921885055197,1.3364189891589526,221,1135484,73664,2000,31,30,24,2,1047840,675,10845,1012,14,15,34,"{""7"":2,""16"":1}","{""4"":2,""6"":1}",133774.0,130363.0,80804.0,142834,209526.0,175431.0,384957.0,4440.941454466312,,1.6612322937439608,0.20990396329979713,1.0.0,4,0,8,16,1,0,1,false,1,6496,1620,5569,36410,2592,10640,23016,11508,11416,949,27161,5457,0,0,0,0,217,12021,0,0,0,1668,90,7094,0,0,364,118672,139,139,671,895,895,13232,48941,52928,3987,11508,39008,235120,41616,3248,18205,5708,810,2438,27161,315744,6940,0,6130,0,1176,12544,1,1,5569,671,,,
051-instcombine-patternmatch-match-n11-d16.pbqp,llvm,11,20,16,154,2400,heuristic,structured,solved-exact,completed,17751.0,10683.0,6730,20104.0,2355.0,17749.0,false,19114.0,52021.0,15329.0,14380.0,14380.0,20135.0,1.5565559092717867,1.001541981695185,32,15736,3456,2000,1,0,1,0,0,77,1427,0,0,1,4,{},{},22056.0,21847.0,20104.0,8596,11458.0,44785.0,56243.0,3650.1061571125265,,1.1326835314665615,0.3574489269775794,1.0.0,4,0,8,16,1,0,1,false,1,352,80,203,2342,140,784,1624,812,416,45,1555,243,0,0,0,0,7,387,0,0,0,60,0,0,0,0,28,7984,5,5,35,35,35,924,3577,3696,119,812,2176,16464,1664,176,1171,208,40,136,1555,20304,306,0,266,0,56,0,1,1,203,35,,,
052-instcombine-patternmatch-match-n10-d16.pbqp,llvm,10,14,16,140,1749,none,structured,solved-exact,completed,13637.0,8247.0,6452,27779.0,12671.0,15108.0,false,25747.0,34319.0,0.0,11228.0,15380.0,33388.0,1.5942978508945607,1.2019151157349077,67,228408,30960,2000,8,7,5,1,192080,0,0,266,8,8,11,"{""7"":1}","{""4"":1}",45071.0,41456.0,27779.0,58905,82738.0,44888.0,127626.0,4648.804356404388,,1.8386947312682023,0.2176594110917838,1.0.0,4,0,8,16,1,0,1,false,1,2410,612,2317,15040,1078,4396,9688,4844,4714,346,11082,2378,0,0,0,0,112,6204,0,0,0,480,21,1827,0,0,133,49130,40,40,266,378,378,5474,19936,21896,1960,4844,14384,96068,17792,1205,7520,2357,306,899,11082,128244,3001,0,2695,0,490,6776,1,1,2317,266,,,
052-instcombine-patternmatch-match-n10-d16.pbqp,llvm,10,14,16,140,1749,heuristic,structured,solved-exact,completed,13637.0,8247.0,6452,18753.0,2866.0,15887.0,false,17921.0,39190.0,13186.0,12777.0,12777.0,19174.0,1.7268170426065164,1.0224497413747133,27,15088,3360,2000,1,0,1,0,0,45,723,0,1,1,4,{},{},20184.0,21023.0,18753.0,10787,11895.0,40082.0,51977.0,3763.7822749476622,,1.1803990684207213,0.3607941974334802,1.0.0,4,0,8,16,1,0,1,false,1,352,80,266,2902,168,1036,2128,1064,542,45,1898,306,0,0,0,0,7,387,0,0,0,60,0,0,0,0,28,10175,5,5,35,42,42,1204,4760,4816,56,1064,2176,21700,2168,176,1451,271,40,136,1898,26044,383,0,343,0,70,896,1,1,266,35,,,
053-instcombine-patternmatch-match-n15-d16.pbqp,llvm,15,25,16,239,6208,none,structured,solved-exact,completed,50182.0,34402.0,30157,434427.0,178054.0,256373.0,false,433497.0,460607.0,0.0,28708.0,270985.0,467676.0,1.3440163709898325,1.0765352982204144,690,4722696,138752,0,97,96,87,3,4302336,3378,87168,4512,49,50,100,"{""16"":6}","{""4"":3,""6"":2,""8"":1}",864192.0,1149784.0,434427.0,1062441,921651.0,548263.0,1469914.0,5966.959461736327,,1.6945115125227697,0.2955458618667487,1.0.0,4,0,8,16,1,0,1,false,1,25710,6246,30078,293644,17136,99072,204528,102264,61032,3561,190193,28977,0,0,0,0,798,44286,0,0,0,5256,288,29856,0,0,1599,970113,438,438,2685,4284,4284,116208,450912,464832,13920,102264,155712,2071296,226080,12855,146822,30516,3123,9732,190193,2453088,36459,0,33336,0,6396,198528,1,1,30078,2685,,,
053-instcombine-patternmatch-match-n15-d16.pbqp,llvm,15,25,16,239,6208,heuristic,structured,solved-exact,completed,50182.0,34402.0,30157,61966.0,7204.0,54762.0,false,59389.0,92991.0,46777.0,45271.0,45271.0,62133.0,1.2263499338346835,1.0026950263047478,41,44304,3584,0,1,0,1,0,0,127,3984,0,1,2,4,{},{},72599.0,81003.0,61966.0,39513,33369.0,108392.0,141761.0,5484.869516935036,,1.1315510755633469,0.43711599099893483,1.0.0,4,0,8,16,1,0,1,false,1,846,198,990,11020,624,3840,7920,3960,1992,105,6929,1089,0,0,0,0,30,1662,0,0,0,72,0,0,0,0,63,37377,6,6,93,156,156,4464,17856,17856,0,3960,5184,81408,7968,423,5510,996,99,324,6929,94560,1371,0,1272,0,252,8064,1,1,990,93,,,
054-instcombine-patternmatch-match-n14-d16.pbqp,llvm,14,30,16,202,4153,none,structured,solved-exact,completed,20962.0,12688.0,8397,924809.0,243118.0,681691.0,false,888839.0,1725440.0,0.0,36878.0,890230.0,1111714.0,1.629842486394488,1.2021011906242263,2020,16423920,298592,2000,325,324,285,6,15857856,22350,421407,10160,56,57,292,"{""7"":8,""14"":10,""16"":8}","{""4"":8,""6"":6,""8"":5,""10"":4,""11"":2,""13"":1}",1129668.0,1133411.0,924809.0,965061,1398581.0,1358081.0,2756662.0,3969.516860125536,,1.356639591838531,0.3354814627255717,1.0.0,4,0,8,16,1,0,1,false,1,46654,11506,36972,242608,16544,74928,157152,78576,76586,7074,182924,33537,0,0,0,0,912,50616,0,0,0,15852,972,72204,0,0,2548,802056,1321,1321,4432,5328,5328,91472,349104,365888,16784,78576,281184,1651328,265704,23327,121304,38293,5753,17574,182924,2198216,42309,0,36556,0,6888,50176,1,1,36972,4432,,,
054-instcombine-patternmatch-match-n14-d16.pbqp,llvm,14,30,16,202,4153,heuristic,structured,solved-exact,completed,20962.0,12688.0,8397,21844.0,488.0,21356.0,false,21287.0,47285.0,18743.0,17647.0,17647.0,22485.0,1.7351217725691266,1.029344442409815,34,13680,3584,2000,1,0,1,0,0,186,3897,0,0,1,0,{},{},21540.0,25074.0,21844.0,969,7721.0,70428.0,78149.0,1985.655737704918,,1.0228507211088218,0.27951733227552494,1.0.0,4,0,8,16,1,0,1,false,1,102,34,16,272,64,0,128,64,34,18,204,33,0,0,0,0,16,888,0,0,0,12,0,0,0,0,0,0,1,1,16,16,16,64,256,256,0,64,544,2048,136,51,136,17,17,34,204,2728,49,0,32,0,0,0,1,1,16,16,,,
055-instcombine-patternmatch-match-n8-d16.pbqp,llvm,8,9,16,109,1075,none,structured,solved-exact,completed,14120.0,8419.0,6143,7560.0,4130.0,3430.0,false,7330.0,11603.0,0.0,0.0,0.0,8500.0,1.534920634920635,1.1243386243386244,12,9872,3584,2000,0,0,0,0,0,0,0,0,2,1,5,{},{},11498.0,15620.0,7560.0,17948,21184.0,10724.0,31908.0,4345.762711864407,,2.204081632653061,0.236931177134261,1.0.0,4,0,8,16,1,0,1,false,1,572,132,594,4712,268,1576,3280,1640,1200,72,3242,660,0,0,0,0,16,888,0,0,0,72,0,0,0,0,44,16718,6,6,60,90,90,1844,6906,7376,470,1640,3520,31700,4800,286,2356,600,66,220,3242,40020,824,0,758,0,148,2184,1,1,594,60,,,
055-instcombine-patternmatch-match-n8-d16.pbqp,llvm,8,9,16,109,1075,heuristic,structured,solved-exact,completed,14120.0,8419.0,6143,19793.0,4194.0,15599.0,false,18955.0,33541.0,12243.0,11507.0,11507.0,20671.0,1.331885009851968,1.0443591168594957,24,19744,3584,2000,0,0,0,0,0,0,0,0,2,1,5,{},{},35891.0,28261.0,19793.0,17948,20323.0,44875.0,65198.0,4279.446828803052,,1.2688633886787615,0.3035829319917789,1.0.0,4,0,8,16,1,0,1,false,1,572,132,594,4712,268,1576,3280,1640,1200,72,3242,660,0,0,0,0,16,888,0,0,0,72,0,0,0,0,44,16718,6,6,60,90,90,1844,6906,7376,470,1640,3520,31700,4800,286,2356,600,66,220,3242,40020,824,0,758,0,148,2184,1,1,594,60,,,
056-instcombine-patternmatch-match-n9-d16.pbqp,llvm,9,13,16,124,1621,none,structured,solved-exact,completed,14005.0,8038.0,4788,27558.0,12376.0,15182.0,false,27089.0,32756.0,0.0,8374.0,12193.0,30518.0,1.62852892082154,1.1074098265476449,65,212480,28832,2000,8,7,5,1,176624,0,0,266,8,8,10,"{""7"":1}","{""4"":1}",38090.0,40128.0,27558.0,55640,81420.0,47218.0,128638.0,4495.798319327731,,1.8151758661572914,0.21422907694460425,1.0.0,4,0,8,16,1,0,1,false,1,2452,626,2213,14280,1082,3948,8856,4428,4504,352,10618,2281,0,0,0,0,120,6648,0,0,0,468,21,1827,0,0,133,45406,39,39,274,386,386,5030,18146,20120,1974,4428,14608,88916,16952,1226,7140,2252,313,913,10618,120476,2912,0,2599,0,490,6272,1,1,2213,274,,,
056-instcombine-patternmatch-match-n9-d16.pbqp,llvm,9,13,16,124,1621,heuristic,structured,solved-exact,completed,14005.0,8038.0,4788,16267.0,2103.0,14164.0,false,14640.0,37655.0,11975.0,10758.0,10758.0,15862.0,1.388147783856888,0.9751029692014508,23,13072,3456,2000,1,0,1,0,0,45,723,0,1,1,3,{},{},15560.0,26022.0,16267.0,7025,12503.0,39286.0,51789.0,3340.466000951022,,1.1484750070601526,0.31410145011488927,1.0.0,4,0,8,16,1,0,1,false,1,324,80,162,1918,144,588,1296,648,332,44,1287,202,0,0,0,0,15,831,0,0,0,48,0,0,0,0,21,5982,4,4,36,36,36,732,2872,2928,56,648,1952,13764,1328,162,959,166,40,122,1287,17044,259,0,219,0,42,0,1,1,162,36,,,
057-instcombine-patternmatch-match-n7-d16.pbqp,llvm,7,7,16,111,1728,none,structured,solved-exact,completed,26137.0,17041.0,15616,12241.0,6933.0,5308.0,false,11183.0,15765.0,0.0,0.0,0.0,12654.0,1.2381341393676988,1.0337390736050975,10,14784,3584,0,0,0,0,0,0,0,0,0,2,1,4,{},{},22721.0,27227.0,12241.0,38687,31230.0,13370.0,44600.0,5580.124044425213,,2.3061416729464956,0.27446188340807176,1.0.0,4,0,8,16,1,0,1,false,1,746,166,992,10592,560,3904,7936,3968,1994,88,6666,1075,0,0,0,0,16,888,0,0,0,60,0,0,0,0,62,37402,5,5,78,140,140,4464,17568,17856,288,3968,4640,79104,7976,373,5296,997,83,290,6666,91720,1339,0,1256,0,248,7808,1,1,992,78,,,
057-instcombine-patternmatch-match-n7-d16.pbqp,llvm,7,7,16,111,1728,heuristic,structured,solved-exact,completed,26137.0,17041.0,15616,36564.0,7090.0,29474.0,false,34409.0,48370.0,23656.0,23168.0,23168.0,36652.0,1.056886555081501,1.0024067388688327,20,29568,3584,0,0,0,0,0,0,0,0,0,2,1,4,{},{},40227.0,45504.0,36564.0,38687,29327.0,51257.0,80584.0,5456.558533145275,,1.2405509940964918,0.45373771468281543,1.0.0,4,0,8,16,1,0,1,false,1,746,166,992,10592,560,3904,7936,3968,1994,88,6666,1075,0,0,0,0,16,888,0,0,0,60,0,0,0,0,62,37402,5,5,78,140,140,4464,17568,17856,288,3968,4640,79104,7976,373,5296,997,83,290,6666,91720,1339,0,1256,0,248,7808,1,1,992,78,,,
058-instcombine-patternmatch-match-n7-d16.pbqp,llvm,7,11,16,111,2736,none,structured,solved-exact,completed,18737.0,11352.0,9614,139891.0,67968.0,71923.0,false,134860.0,154175.0,0.0,9018.0,87015.0,159382.0,1.5578557591267488,1.1393299068560523,325,1147028,45216,0,49,48,42,2,999168,945,22320,2256,33,32,33,"{""16"":3}","{""4"":2,""5"":1}",209372.0,374125.0,139891.0,348489,364458.0,219175.0,583633.0,5127.251059322034,,1.9450106363750121,0.23969001067451634,1.0.0,4,0,8,16,1,0,1,false,1,10438,2722,10688,90512,6592,31680,67456,33728,21794,1570,61372,9937,0,0,0,0,512,28416,0,0,0,2508,144,14928,0,0,496,296984,209,209,1152,1648,1648,38272,152528,153088,560,33728,61728,713344,78152,5219,45256,10897,1361,3858,61372,853224,12577,0,11216,0,1984,63488,1,1,10688,1152,,,
058-instcombine-patternmatch-match-n7-d16.pbqp,llvm,7,11,16,111,2736,heuristic,structured,solved-exact,completed,18737.0,11352.0,9614,21627.0,1705.0,19922.0,false,20000.0,34527.0,17233.0,15018.0,15018.0,19846.0,1.1607250196513617,0.9176492347528552,14,12288,3456,0,1,0,1,0,0,79,2240,0,1,0,1,{},{},22271.0,24953.0,21627.0,9545,7793.0,44251.0,52044.0,5598.240469208211,,1.085583776729244,0.4155522250403505,1.0.0,4,0,8,16,1,0,1,false,1,166,34,240,2704,128,960,1920,960,482,18,1676,257,0,0,0,0,0,0,0,0,0,12,0,0,0,0,16,9464,1,1,16,32,32,1088,4352,4352,0,960,1056,19456,1928,83,1352,241,17,66,1676,22440,321,0,304,0,64,2048,1,1,240,16,,,
059-instcombine-patternmatch-match-n13-d16.pbqp,llvm,13,27,16,198,5305,none,structured,search-node-limit,not_attempted_cpu_incomplete,34670.0,24435.0,13521,,,,,,,,,,,,,,,,,,,,,,,,,,,,,,,,,,,,,,,,,,,,,,,,,,,,,,,,,,,,,,,,,,,,,,,,,,,,,,,,,,,,,,,,,,,,,,,,,,,,,,,,,,,,,,,
059-instcombine-patternmatch-match-n13-d16.pbqp,llvm,13,27,16,198,5305,heuristic,structured,solved-exact,completed,34670.0,24435.0,13521,38773.0,2982.0,35791.0,false,33248.0,61466.0,31517.0,26387.0,26387.0,36749.0,1.259020452376654,0.9477987259175199,35,20844,3584,1000,1,0,1,0,0,151,4336,0,0,1,2,{},{},37951.0,39632.0,38773.0,10283,14426.0,61703.0,76129.0,3448.3568075117373,,1.083317035008801,0.5093065717400728,1.0.0,4,0,8,16,1,0,1,false,1,434,102,240,2832,192,896,1920,960,486,54,1876,291,0,0,0,0,16,888,0,0,0,36,0,0,0,0,32,9152,3,3,48,48,48,1088,4224,4352,128,960,2656,19904,1944,217,1416,243,51,166,1876,24504,371,0,320,0,64,0,1,1,240,48,,,
060-instcombine-patternmatch-match-n8-d16.pbqp,llvm,8,10,16,127,2480,none,structured,solved-exact,completed,23218.0,14856.0,12847,69057.0,34825.0,34232.0,false,65530.0,74238.0,0.0,11444.0,20327.0,81874.0,1.4547837293829735,1.1856003012004577,135,414080,24400,0,17,16,14,1,334592,0,0,752,17,17,18,"{""16"":1}","{""4"":1}",109599.0,290365.0,69057.0,185995,199229.0,106146.0,305375.0,5340.847092605886,,2.017322972657163,0.22613835448219402,1.0.0,4,0,8,16,1,0,1,false,1,5218,1346,5343,48878,3444,17280,36728,18364,10852,756,32474,5312,0,0,0,0,271,15039,0,0,0,996,48,4976,0,0,271,162209,83,83,590,861,861,20724,82624,82896,272,18364,30976,384512,40400,2609,24439,5426,673,1936,32474,455888,6715,0,6042,0,1084,34688,1,1,5343,590,,,
060-instcombine-patternmatch-match-n8-d16.pbqp,llvm,8,10,16,127,2480,heuristic,structured,solved-exact,completed,23218.0,14856.0,12847,28766.0,3782.0,24984.0,false,26841.0,44420.0,21252.0,18959.0,18959.0,27143.0,1.1203851769450046,0.9435792254745186,19,20432,3456,0,1,0,1,0,0,63,1488,0,1,1,2,{},{},29780.0,38311.0,28766.0,19515,17043.0,50130.0,67173.0,5159.968270756213,,1.1513768812039706,0.42823753591472763,1.0.0,4,0,8,16,1,0,1,false,1,418,98,495,5358,308,1920,3960,1980,996,52,3386,544,0,0,0,0,15,831,0,0,0,36,0,0,0,0,31,18449,3,3,46,77,77,2228,8912,8912,0,1980,2560,40576,3984,209,2679,498,49,160,3386,47120,683,0,634,0,124,3968,1,1,495,46,,,
061-instcombine-patternmatch-match-n9-d16.pbqp,llvm,9,14,16,143,3472,none,structured,solved-exact,completed,33850.0,23003.0,13710,194621.0,93592.0,101029.0,false,182313.0,211373.0,0.0,15286.0,96198.0,210714.0,1.4294243683877896,1.0826889184620365,359,1474284,56448,0,49,48,43,2,1261824,945,22320,2256,33,33,49,"{""16"":3}","{""4"":2,""6"":1}",396776.0,519690.0,194621.0,533701,477834.0,260737.0,738571.0,5702.42114710659,,1.9263874729038197,0.2635102109343584,1.0.0,4,0,8,16,1,0,1,false,1,13510,3362,15055,147342,8956,49088,102392,51196,30562,1907,95707,14624,0,0,0,0,527,29247,0,0,0,2712,144,14928,0,0,784,479864,226,226,1455,2239,2239,58044,222912,232176,9264,51196,81184,1030656,113224,6755,73671,15281,1681,5074,95707,1225064,18431,0,16750,0,3136,96256,1,1,15055,1455,,,
061-instcombine-patternmatch-match-n9-d16.pbqp,llvm,9,14,16,143,3472,heuristic,structured,solved-exact,completed,33850.0,23003.0,13710,36908.0,2043.0,34865.0,false,30473.0,53684.0,31610.0,24230.0,24230.0,29636.0,0.964858567248293,0.8029695458979084,20,17888,3584,0,1,0,1,0,0,95,2736,0,1,1,1,{},{},32092.0,36821.0,36908.0,10453,11349.0,55908.0,67257.0,5116.495349975527,,1.058597447296716,0.5487607237908322,1.0.0,4,0,8,16,1,0,1,false,1,262,66,255,2958,188,960,2040,1020,514,35,1867,288,0,0,0,0,15,831,0,0,0,24,0,0,0,0,16,9464,2,2,31,47,47,1148,4592,4592,0,1020,1568,21376,2056,131,1479,257,33,98,1867,25000,367,0,334,0,64,2048,1,1,255,31,,,
062-instcombine-patternmatch-match-n8-d16.pbqp,llvm,8,10,16,127,2480,none,structured,solved-exact,completed,35564.0,25003.0,12847,70453.0,35648.0,34805.0,false,67268.0,83470.0,0.0,12568.0,16885.0,74732.0,1.3929570067988588,1.0607355258115339,135,414080,24400,0,17,16,14,1,334592,0,0,752,17,17,18,"{""16"":1}","{""4"":1}",104130.0,181186.0,70453.0,185995,196132.0,112340.0,308472.0,5217.543761220826,,2.0242206579514437,0.22839350086879848,1.0.0,4,0,8,16,1,0,1,false,1,5218,1346,5343,48878,3444,17280,36728,18364,10852,756,32474,5312,0,0,0,0,271,15039,0,0,0,996,48,4976,0,0,271,162209,83,83,590,861,861,20724,82624,82896,272,18364,30976,384512,40400,2609,24439,5426,673,1936,32474,455888,6715,0,6042,0,1084,34688,1,1,5343,590,,,
062-instcombine-patternmatch-match-n8-d16.pbqp,llvm,8,10,16,127,2480,heuristic,structured,solved-exact,completed,35564.0,25003.0,12847,26815.0,3588.0,23227.0,false,25459.0,45859.0,19271.0,18556.0,18556.0,26524.0,1.212679470445646,0.9891478650009323,19,20432,3456,0,1,0,1,0,0,63,1488,0,1,1,2,{},{},29892.0,37915.0,26815.0,19515,18697.0,59677.0,78374.0,5438.963210702341,,1.1544753950144229,0.34214152652665425,1.0.0,4,0,8,16,1,0,1,false,1,418,98,495,5358,308,1920,3960,1980,996,52,3386,544,0,0,0,0,15,831,0,0,0,36,0,0,0,0,31,18449,3,3,46,77,77,2228,8912,8912,0,1980,2560,40576,3984,209,2679,498,49,160,3386,47120,683,0,634,0,124,3968,1,1,495,46,,,
063-instcombine-patternmatch-match-n8-d16.pbqp,llvm,8,10,16,126,2465,none,structured,solved-exact,completed,17455.0,10404.0,9248,68571.0,34328.0,34243.0,false,64858.0,81917.0,0.0,9975.0,14086.0,70378.0,1.366816875938808,1.0263522480348835,135,411744,24400,0,17,16,14,1,334592,0,0,752,17,18,17,"{""16"":1}","{""4"":1}",103875.0,186932.0,68571.0,177902,185849.0,94642.0,280491.0,5182.416686087159,,2.002482259147855,0.2444677369327358,1.0.0,4,0,8,16,1,0,1,false,1,5164,1348,5119,46750,3388,16320,34936,17468,10404,757,31159,5089,0,0,0,0,287,15927,0,0,0,996,48,4976,0,0,256,153224,83,83,591,847,847,19708,78545,78832,287,17468,30528,367240,38608,2582,23375,5202,674,1908,31159,436376,6448,0,5774,0,1024,32768,1,1,5119,591,,,
063-instcombine-patternmatch-match-n8-d16.pbqp,llvm,8,10,16,126,2465,heuristic,structured,solved-exact,completed,17455.0,10404.0,9248,20822.0,2348.0,18474.0,false,18439.0,35629.0,15998.0,14147.0,14147.0,19844.0,1.2278839688790701,0.9530304485640189,19,15760,3456,0,1,0,1,0,0,63,1488,0,1,2,1,{},{},22699.0,26794.0,20822.0,11422,17084.0,50223.0,67307.0,4864.5655877342415,,1.1270975424921512,0.30935861054570846,1.0.0,4,0,8,16,1,0,1,false,1,364,100,271,3230,252,960,2168,1084,548,53,2071,321,0,0,0,0,31,1719,0,0,0,36,0,0,0,0,16,9464,3,3,47,63,63,1212,4833,4848,15,1084,2112,23304,2192,182,1615,274,50,132,2071,27608,416,0,366,0,64,2048,1,1,271,47,,,
064-instcombine-patternmatch-match-n8-d16.pbqp,llvm,8,10,16,127,2480,none,structured,solved-exact,completed,24263.0,15264.0,12847,72460.0,37014.0,35446.0,false,69075.0,91179.0,0.0,13009.0,17444.0,76399.0,1.4037537951973502,1.0543610267733923,135,414080,24400,0,17,16,14,1,334592,0,0,752,17,17,18,"{""16"":1}","{""4"":1}",97465.0,184883.0,72460.0,185995,189305.0,94758.0,284063.0,5024.990544118442,,2.0442363031089545,0.25508425947765107,1.0.0,4,0,8,16,1,0,1,false,1,5218,1346,5343,48878,3444,17280,36728,18364,10852,756,32474,5312,0,0,0,0,271,15039,0,0,0,996,48,4976,0,0,271,162209,83,83,590,861,861,20724,82624,82896,272,18364,30976,384512,40400,2609,24439,5426,673,1936,32474,455888,6715,0,6042,0,1084,34688,1,1,5343,590,,,
064-instcombine-patternmatch-match-n8-d16.pbqp,llvm,8,10,16,127,2480,heuristic,structured,solved-exact,completed,24263.0,15264.0,12847,27047.0,3681.0,23366.0,false,25553.0,41656.0,19603.0,18269.0,18269.0,26381.0,1.1891891891891893,0.9753761969904241,19,20432,3456,0,1,0,1,0,0,63,1488,0,1,1,2,{},{},29433.0,41020.0,27047.0,19515,16941.0,52532.0,69473.0,5301.548492257539,,1.1575365916288625,0.3893167129676277,1.0.0,4,0,8,16,1,0,1,false,1,418,98,495,5358,308,1920,3960,1980,996,52,3386,544,0,0,0,0,15,831,0,0,0,36,0,0,0,0,31,18449,3,3,46,77,77,2228,8912,8912,0,1980,2560,40576,3984,209,2679,498,49,160,3386,47120,683,0,634,0,124,3968,1,1,495,46,,,
065-instcombine-patternmatch-match-n9-d16.pbqp,llvm,9,14,16,143,3472,none,structured,solved-exact,completed,33962.0,24176.0,13710,197747.0,92370.0,105377.0,false,192566.0,325527.0,0.0,12533.0,93265.0,222747.0,1.4186763895280332,1.126424168255397,359,1474284,56448,0,49,48,43,2,1261824,945,22320,2256,33,33,49,"{""16"":3}","{""4"":2,""6"":1}",375830.0,538873.0,197747.0,533701,478797.0,259328.0,738125.0,5777.86077730865,,1.8765669927972897,0.26790448772226927,1.0.0,4,0,8,16,1,0,1,false,1,13510,3362,15055,147342,8956,49088,102392,51196,30562,1907,95707,14624,0,0,0,0,527,29247,0,0,0,2712,144,14928,0,0,784,479864,226,226,1455,2239,2239,58044,222912,232176,9264,51196,81184,1030656,113224,6755,73671,15281,1681,5074,95707,1225064,18431,0,16750,0,3136,96256,1,1,15055,1455,,,
065-instcombine-patternmatch-match-n9-d16.pbqp,llvm,9,14,16,143,3472,heuristic,structured,solved-exact,completed,33962.0,24176.0,13710,37861.0,2070.0,35791.0,false,30835.0,56300.0,31942.0,24596.0,24596.0,30097.0,0.9586381764876786,0.7949341010538549,20,17888,3584,0,1,0,1,0,0,95,2736,0,1,1,1,{},{},31254.0,36731.0,37861.0,10453,10336.0,56119.0,66455.0,5049.758454106281,,1.0578357687686848,0.5697238732977202,1.0.0,4,0,8,16,1,0,1,false,1,262,66,255,2958,188,960,2040,1020,514,35,1867,288,0,0,0,0,15,831,0,0,0,24,0,0,0,0,16,9464,2,2,31,47,47,1148,4592,4592,0,1020,1568,21376,2056,131,1479,257,33,98,1867,25000,367,0,334,0,64,2048,1,1,255,31,,,
066-instcombine-patternmatch-match-n7-d16.pbqp,llvm,7,11,16,101,2147,none,structured,solved-exact,completed,25335.0,14360.0,10148,33006.0,17104.0,15902.0,false,31824.0,37638.0,0.0,11203.0,15518.0,36937.0,1.5052111737259892,1.1190995576561837,63,183776,24288,1000,8,7,5,1,145712,0,0,329,7,8,9,"{""7"":1}","{""4"":1}",54583.0,93500.0,33006.0,87716,95923.0,49515.0,145438.0,5128.391019644528,,2.0755879763551754,0.22694206465985506,1.0.0,4,0,8,16,1,0,1,false,1,2524,646,2482,23216,1624,8100,17224,8612,5040,361,15390,2497,0,0,0,0,128,7104,0,0,0,456,21,2177,0,0,136,76649,38,38,285,406,406,9724,38657,38896,239,8612,15024,180076,18844,1262,11608,2520,323,939,15390,213944,3160,0,2837,0,514,15488,1,1,2482,285,,,
066-instcombine-patternmatch-match-n7-d16.pbqp,llvm,7,11,16,101,2147,heuristic,structured,solved-exact,completed,25335.0,14360.0,10148,27140.0,2891.0,24249.0,false,21897.0,44763.0,20790.0,16556.0,16556.0,23045.0,1.0140014738393515,0.8491156963890936,19,18256,3456,1000,1,0,1,0,0,54,1065,0,0,1,2,{},{},29240.0,32032.0,27140.0,14881,17036.0,49278.0,66314.0,5147.353856796956,,1.119221411192214,0.4092650119130199,1.0.0,4,0,8,16,1,0,1,false,1,424,100,361,4176,252,1380,2888,1444,728,53,2664,411,0,0,0,0,16,888,0,0,0,36,0,0,0,0,31,13754,3,3,47,63,63,1632,6408,6528,120,1444,2592,29604,2912,212,2088,364,50,162,2664,35108,521,0,471,0,94,2048,1,1,361,47,,,
067-instcombine-patternmatch-match-n7-d16.pbqp,llvm,7,11,16,101,2147,none,structured,solved-exact,completed,16213.0,11562.0,10148,33636.0,17013.0,16623.0,false,31184.0,37788.0,0.0,10935.0,15225.0,36278.0,1.4332263051492449,1.0785467951004877,63,183776,24288,1000,8,7,5,1,145712,0,0,329,7,8,9,"{""7"":1}","{""4"":1}",55545.0,98327.0,33636.0,87716,94816.0,47245.0,142061.0,5155.822018456474,,2.0234614690489083,0.2367715277240059,1.0.0,4,0,8,16,1,0,1,false,1,2524,646,2482,23216,1624,8100,17224,8612,5040,361,15390,2497,0,0,0,0,128,7104,0,0,0,456,21,2177,0,0,136,76649,38,38,285,406,406,9724,38657,38896,239,8612,15024,180076,18844,1262,11608,2520,323,939,15390,213944,3160,0,2837,0,514,15488,1,1,2482,285,,,
067-instcombine-patternmatch-match-n7-d16.pbqp,llvm,7,11,16,101,2147,heuristic,structured,solved-exact,completed,16213.0,11562.0,10148,26058.0,3120.0,22938.0,false,22993.0,101593.0,20042.0,17535.0,17535.0,24119.0,1.1082585002686316,0.9255890705349604,19,18256,3456,1000,1,0,1,0,0,54,1065,0,0,1,2,{},{},25331.0,32857.0,26058.0,14881,16320.0,46964.0,63284.0,4769.551282051282,,1.1360188333769292,0.41176284684912456,1.0.0,4,0,8,16,1,0,1,false,1,424,100,361,4176,252,1380,2888,1444,728,53,2664,411,0,0,0,0,16,888,0,0,0,36,0,0,0,0,31,13754,3,3,47,63,63,1632,6408,6528,120,1444,2592,29604,2912,212,2088,364,50,162,2664,35108,521,0,471,0,94,2048,1,1,361,47,,,
068-instcombine-patternmatch-match-n8-d16.pbqp,llvm,8,14,16,117,2739,none,structured,solved-exact,completed,24576.0,14115.0,10906,106999.0,46439.0,60560.0,false,100266.0,256860.0,0.0,11465.0,47865.0,107020.0,1.4283871811886093,1.0001962635164814,209,831880,53888,1000,30,29,23,2,728944,756,14910,1228,14,15,30,"{""7"":2,""15"":1}","{""4"":2,""6"":1}",172958.0,243165.0,106999.0,226369,257083.0,160931.0,418014.0,4874.54510217705,,1.7668262879788639,0.2559698957451186,1.0.0,4,0,8,16,1,0,1,false,1,7438,1820,6643,59536,3986,20700,43320,21660,13550,1042,40262,6412,0,0,0,0,240,13320,0,0,0,1584,87,8269,0,0,451,199424,132,132,778,1004,1004,24686,98476,98744,268,21660,44944,456608,49288,3719,29768,6775,910,2809,40262,550840,8093,0,7183,0,1354,28928,1,1,6643,778,,,
068-instcombine-patternmatch-match-n8-d16.pbqp,llvm,8,14,16,117,2739,heuristic,structured,solved-exact,completed,24576.0,14115.0,10906,27871.0,2118.0,25753.0,false,24755.0,48620.0,22925.0,18979.0,18979.0,24822.0,1.1226364321337592,0.8906031358760002,20,16456,3456,1000,1,0,1,0,0,85,1987,0,0,1,1,{},{},27367.0,30955.0,27871.0,10514,11733.0,48223.0,59956.0,4964.1170915958455,,1.082242845493729,0.464857562212289,1.0.0,4,0,8,16,1,0,1,false,1,268,68,256,2976,192,960,2048,1024,516,36,1880,290,0,0,0,0,16,888,0,0,0,24,0,0,0,0,16,9464,2,2,32,48,48,1152,4608,4608,0,1024,1600,21504,2064,134,1488,258,34,100,1880,25168,370,0,336,0,64,2048,1,1,256,32,,,
069-instcombine-patternmatch-match-n8-d16.pbqp,llvm,8,14,16,117,2739,none,structured,solved-exact,completed,23197.0,15222.0,10906,103162.0,47777.0,55385.0,false,100984.0,108799.0,0.0,12024.0,50773.0,145281.0,1.5021131812101356,1.408280180686687,209,831880,53888,1000,30,29,23,2,728944,756,14910,1228,14,15,30,"{""7"":2,""15"":1}","{""4"":2,""6"":1}",211698.0,250279.0,103162.0,226369,259838.0,172095.0,431933.0,4738.032944722356,,1.862634287261894,0.23883796792558104,1.0.0,4,0,8,16,1,0,1,false,1,7438,1820,6643,59536,3986,20700,43320,21660,13550,1042,40262,6412,0,0,0,0,240,13320,0,0,0,1584,87,8269,0,0,451,199424,132,132,778,1004,1004,24686,98476,98744,268,21660,44944,456608,49288,3719,29768,6775,910,2809,40262,550840,8093,0,7183,0,1354,28928,1,1,6643,778,,,
069-instcombine-patternmatch-match-n8-d16.pbqp,llvm,8,14,16,117,2739,heuristic,structured,solved-exact,completed,23197.0,15222.0,10906,25654.0,2132.0,23522.0,false,23471.0,49052.0,21001.0,19130.0,19130.0,24553.0,1.2440165276370156,0.9570827161456303,20,16456,3456,1000,1,0,1,0,0,85,1987,0,0,1,1,{},{},30568.0,32600.0,25654.0,10514,10763.0,45306.0,56069.0,4931.519699812383,,1.0906385511436103,0.4575433840446593,1.0.0,4,0,8,16,1,0,1,false,1,268,68,256,2976,192,960,2048,1024,516,36,1880,290,0,0,0,0,16,888,0,0,0,24,0,0,0,0,16,9464,2,2,32,48,48,1152,4608,4608,0,1024,1600,21504,2064,134,1488,258,34,100,1880,25168,370,0,336,0,64,2048,1,1,256,32,,,
070-instcombine-patternmatch-match-n16-d16.pbqp,llvm,16,30,16,255,7472,none,structured,search-node-limit,not_attempted_cpu_incomplete,56024.0,39934.0,28011,,,,,,,,,,,,,,,,,,,,,,,,,,,,,,,,,,,,,,,,,,,,,,,,,,,,,,,,,,,,,,,,,,,,,,,,,,,,,,,,,,,,,,,,,,,,,,,,,,,,,,,,,,,,,,,
070-instcombine-patternmatch-match-n16-d16.pbqp,llvm,16,30,16,255,7472,heuristic,structured,solved-exact,completed,56024.0,39934.0,28011,66328.0,8024.0,58304.0,false,61384.0,115243.0,49776.0,45430.0,45430.0,62272.0,1.1812809070075987,0.9388493547219877,45,41936,3456,0,1,0,1,0,0,143,4992,0,1,2,4,{},{},73933.0,77522.0,66328.0,40057,32913.0,113133.0,146046.0,4992.148554336989,,1.137623490669594,0.45415827889842925,1.0.0,4,0,8,16,1,0,1,false,1,862,202,991,11342,636,3840,7928,3964,1994,107,7099,1092,0,0,0,0,31,1719,0,0,0,72,0,0,0,0,64,37856,6,6,95,159,159,4476,17904,17904,0,3964,5280,81792,7976,431,5671,997,101,330,7099,95048,1379,0,1278,0,256,8192,1,1,991,95,,,
071-instcombine-patternmatch-match-n10-d16.pbqp,llvm,10,18,16,159,4480,none,structured,solved-exact,completed,30151.0,19284.0,18141,400316.0,160431.0,239885.0,false,367910.0,487485.0,0.0,17069.0,264000.0,413887.0,1.4349413962969255,1.0339007184324385,747,3901336,98832,0,113,112,101,3,3546368,3138,79728,5264,65,64,82,"{""16"":7}","{""4"":4,""5"":2,""7"":1}",547587.0,974940.0,400316.0,847954,837543.0,509119.0,1346662.0,5285.47475238576,,1.6687829585009484,0.29726538656322077,1.0.0,4,0,8,16,1,0,1,false,1,24044,6148,25968,220192,15296,78720,165632,82816,52900,3556,148568,24114,0,0,0,0,1024,56832,0,0,0,5784,336,34832,0,0,1232,737728,482,482,2592,3824,3824,94016,374928,376064,1136,82816,143168,1739904,190544,12022,110096,26450,3074,8948,148568,2073616,30402,0,27328,0,4928,157696,1,1,25968,2592,,,
071-instcombine-patternmatch-match-n10-d16.pbqp,llvm,10,18,16,159,4480,heuristic,structured,solved-exact,completed,30151.0,19284.0,18141,36162.0,3414.0,32748.0,false,32913.0,56162.0,28802.0,25957.0,25957.0,34722.0,1.153641944582711,0.960179193628671,23,23056,3456,0,1,0,1,0,0,111,3488,0,1,0,2,{},{},41568.0,52395.0,36162.0,19090,14111.0,64333.0,78444.0,5591.681312243702,,1.104250641260535,0.46099128040385495,1.0.0,4,0,8,16,1,0,1,false,1,332,68,480,5408,256,1920,3840,1920,964,36,3352,514,0,0,0,0,0,0,0,0,0,24,0,0,0,0,32,18928,2,2,32,64,64,2176,8704,8704,0,1920,2112,38912,3856,166,2704,482,34,132,3352,44880,642,0,608,0,128,4096,1,1,480,32,,,
072-instcombine-patternmatch-match-n15-d16.pbqp,llvm,15,29,16,239,7216,none,structured,search-node-limit,not_attempted_cpu_incomplete,53494.0,35550.0,27771,,,,,,,,,,,,,,,,,,,,,,,,,,,,,,,,,,,,,,,,,,,,,,,,,,,,,,,,,,,,,,,,,,,,,,,,,,,,,,,,,,,,,,,,,,,,,,,,,,,,,,,,,,,,,,,
072-instcombine-patternmatch-match-n15-d16.pbqp,llvm,15,29,16,239,7216,heuristic,structured,solved-exact,completed,53494.0,35550.0,27771,65382.0,7473.0,57909.0,false,60044.0,98536.0,49893.0,44904.0,44904.0,64036.0,1.1371325441252944,0.9794132941788259,41,40112,3584,0,1,0,1,0,0,143,4992,0,1,1,4,{},{},71746.0,84742.0,65382.0,39088,29956.0,113857.0,143813.0,5230.563361434498,,1.1290472983474071,0.4546320569072337,1.0.0,4,0,8,16,1,0,1,false,1,760,168,975,11070,572,3840,7800,3900,1960,89,6895,1059,0,0,0,0,15,831,0,0,0,60,0,0,0,0,64,37856,5,5,79,143,143,4412,17648,17648,0,3900,4736,79744,7840,380,5535,980,84,296,6895,92320,1330,0,1246,0,256,8192,1,1,975,79,,,
073-instcombine-patternmatch-match-n15-d16.pbqp,llvm,15,29,16,239,7216,none,structured,search-node-limit,not_attempted_cpu_incomplete,58390.0,37041.0,27771,,,,,,,,,,,,,,,,,,,,,,,,,,,,,,,,,,,,,,,,,,,,,,,,,,,,,,,,,,,,,,,,,,,,,,,,,,,,,,,,,,,,,,,,,,,,,,,,,,,,,,,,,,,,,,,
073-instcombine-patternmatch-match-n15-d16.pbqp,llvm,15,29,16,239,7216,heuristic,structured,solved-exact,completed,58390.0,37041.0,27771,62084.0,7626.0,54458.0,false,59513.0,96805.0,47891.0,44781.0,44781.0,72135.0,1.2681045035758005,1.161893563559049,41,40112,3584,0,1,0,1,0,0,143,4992,0,1,1,4,{},{},80389.0,79708.0,62084.0,39088,30176.0,104107.0,134283.0,5125.6228691319175,,1.1400345220169672,0.46233700468413724,1.0.0,4,0,8,16,1,0,1,false,1,760,168,975,11070,572,3840,7800,3900,1960,89,6895,1059,0,0,0,0,15,831,0,0,0,60,0,0,0,0,64,37856,5,5,79,143,143,4412,17648,17648,0,3900,4736,79744,7840,380,5535,980,84,296,6895,92320,1330,0,1246,0,256,8192,1,1,975,79,,,
074-instcombine-patternmatch-match-n10-d16.pbqp,llvm,10,14,16,159,3472,none,structured,solved-exact,completed,40453.0,25253.0,20543,75361.0,39405.0,35956.0,false,73823.0,78963.0,0.0,24288.0,29388.0,95787.0,1.4478709146640836,1.271042050928199,139,529416,31184,0,17,16,14,1,439040,0,0,752,17,17,20,"{""16"":1}","{""4"":1}",133772.0,216123.0,75361.0,220877,211697.0,111762.0,323459.0,5605.30389544474,,2.095922794526644,0.23298470594418458,1.0.0,4,0,8,16,1,0,1,false,1,5710,1446,6079,60942,3828,20224,42616,21308,12328,808,39490,6098,0,0,0,0,271,15039,0,0,0,1020,48,4976,0,0,319,196865,85,85,638,957,957,24052,91584,96208,4624,21308,34112,425472,46304,2855,30471,6164,723,2132,39490,505888,7693,0,6970,0,1276,38784,1,1,6079,638,,,
074-instcombine-patternmatch-match-n10-d16.pbqp,llvm,10,14,16,159,3472,heuristic,structured,solved-exact,completed,40453.0,25253.0,20543,47383.0,6989.0,40394.0,false,44018.0,81491.0,34085.0,31743.0,31743.0,45788.0,1.0983897178312898,0.9663381381508136,27,34480,3584,0,1,0,1,0,0,63,1488,0,1,1,4,{},{},59692.0,71034.0,47383.0,38605,29276.0,76782.0,106058.0,5523.680068679353,,1.1730207456552952,0.44676497765373663,1.0.0,4,0,8,16,1,0,1,false,1,750,166,975,10766,564,3840,7800,3900,1960,88,6738,1058,0,0,0,0,15,831,0,0,0,60,0,0,0,0,63,37377,5,5,78,141,141,4404,17616,17616,0,3900,4672,79488,7840,375,5383,980,83,292,6738,92000,1325,0,1242,0,252,8064,1,1,975,78,,,
075-instcombine-patternmatch-match-n5-d16.pbqp,llvm,5,7,16,78,1665,none,structured,solved-exact,completed,18154.0,12305.0,11040,9513.0,5049.0,4464.0,false,8611.0,12506.0,0.0,0.0,0.0,9711.0,1.227057710501419,1.0208136234626302,8,10864,3360,0,0,0,0,0,0,0,0,0,1,1,3,{},{},16251.0,21425.0,9513.0,28239,33653.0,13893.0,47546.0,5592.988710635769,,2.131048387096774,0.20007992260127036,1.0.0,4,0,8,16,1,0,1,false,1,570,130,706,7948,424,2760,5648,2824,1420,69,4969,771,0,0,0,0,16,888,0,0,0,48,0,0,0,0,45,27039,4,4,61,106,106,3184,12450,12736,286,2824,3520,56400,5680,285,3974,710,65,220,4969,65600,967,0,902,0,180,5640,1,1,706,61,,,
075-instcombine-patternmatch-match-n5-d16.pbqp,llvm,5,7,16,78,1665,heuristic,structured,solved-exact,completed,18154.0,12305.0,11040,27688.0,5063.0,22625.0,false,24838.0,40035.0,18052.0,16514.0,16514.0,26758.0,1.0980569199653278,0.9664114417798324,16,21728,3360,0,0,0,0,0,0,0,0,0,1,1,3,{},{},34747.0,35988.0,27688.0,28239,22331.0,40738.0,63069.0,5577.523207584436,,1.2237790055248619,0.4390112416559641,1.0.0,4,0,8,16,1,0,1,false,1,570,130,706,7948,424,2760,5648,2824,1420,69,4969,771,0,0,0,0,16,888,0,0,0,48,0,0,0,0,45,27039,4,4,61,106,106,3184,12450,12736,286,2824,3520,56400,5680,285,3974,710,65,220,4969,65600,967,0,902,0,180,5640,1,1,706,61,,,
076-instcombine-patternmatch-match-n15-d16.pbqp,llvm,15,28,16,239,6976,none,structured,solved-exact,completed,64936.0,45719.0,31274,1766146.0,759760.0,1006386.0,false,1706217.0,1866249.0,0.0,32681.0,1587225.0,1820999.0,1.3067990981493036,1.0310580212507914,2795,19845840,196480,0,382,381,112,4,18281904,5988,177168,18960,286,286,337,"{""15"":19,""16"":6}","{""4"":19,""5"":3,""7"":2,""9"":1}",2809656.0,4494749.0,1766146.0,3677137,3579914.0,2182702.0,5762616.0,4839.866536801095,,1.7549389598026999,0.30648337491167205,1.0.0,4,0,8,16,1,0,1,false,1,101772,25942,108975,966734,66192,341760,720120,360060,221578,14785,645042,104177,0,0,0,0,4575,253911,0,0,0,21768,1191,124671,0,0,5391,3223089,1814,1814,11157,16548,16548,407952,1631712,1631808,96,360060,606640,7585536,810472,50886,483367,110789,12971,37915,645042,9002648,131507,0,118536,0,21564,690048,1,1,108975,11157,,,
076-instcombine-patternmatch-match-n15-d16.pbqp,llvm,15,28,16,239,6976,heuristic,structured,solved-exact,completed,64936.0,45719.0,31274,78607.0,7469.0,71138.0,false,70907.0,140989.0,62090.0,53262.0,53262.0,70473.0,1.0057119594947015,0.8965232104011093,40,43008,3584,0,1,0,1,0,0,143,4992,0,1,1,4,{},{},84964.0,103248.0,78607.0,38605,32237.0,123806.0,156043.0,5168.697282099344,,1.1049931119795326,0.5037521708759765,1.0.0,4,0,8,16,1,0,1,false,1,750,166,975,10766,564,3840,7800,3900,1960,88,6738,1058,0,0,0,0,15,831,0,0,0,60,0,0,0,0,63,37377,5,5,78,141,141,4404,17616,17616,0,3900,4672,79488,7840,375,5383,980,83,292,6738,92000,1325,0,1242,0,252,8064,1,1,975,78,,,
077-instcombine-patternmatch-match-n12-d16.pbqp,llvm,12,18,16,191,4464,none,structured,solved-exact,completed,52763.0,34740.0,28223,88596.0,43685.0,44911.0,false,82974.0,96508.0,0.0,25414.0,29909.0,89752.0,1.3673077791322408,1.0130479931373877,143,641168,37744,0,17,16,14,1,543488,0,0,752,17,17,22,"{""16"":1}","{""4"":1}",148024.0,220152.0,88596.0,239967,224083.0,124998.0,349081.0,5493.121208652856,,1.9727015653180735,0.25379782915712973,1.0.0,4,0,8,16,1,0,1,false,1,6042,1514,6559,66350,4084,22144,46456,23228,13292,844,42842,6612,0,0,0,0,271,15039,0,0,0,1044,48,4976,0,0,351,215793,87,87,670,1021,1021,26228,100288,104912,4624,23228,36224,464384,50160,3021,33175,6646,757,2264,42842,550768,8335,0,7578,0,1404,42880,1,1,6559,670,,,
077-instcombine-patternmatch-match-n12-d16.pbqp,llvm,12,18,16,191,4464,heuristic,structured,solved-exact,completed,52763.0,34740.0,28223,69040.0,10821.0,58219.0,false,63341.0,94983.0,48230.0,43918.0,43918.0,66594.0,1.5705677867902665,0.9645712630359212,35,48304,3584,0,1,0,1,0,0,63,1488,0,1,1,6,{},{},104262.0,104156.0,69040.0,57695,45665.0,102597.0,148262.0,5331.762314019037,,1.1858671567701267,0.46566213864645023,1.0.0,4,0,8,16,1,0,1,false,1,1082,234,1455,16174,820,5760,11640,5820,2924,124,10090,1572,0,0,0,0,15,831,0,0,0,84,0,0,0,0,95,56305,7,7,110,205,205,6580,26320,26320,0,5820,6784,118400,11696,541,8087,1462,117,424,10090,136880,1967,0,1850,0,380,12160,1,1,1455,110,,,
078-instcombine-patternmatch-match-n14-d16.pbqp,llvm,14,35,16,188,4262,none,structured,search-node-limit,not_attempted_cpu_incomplete,18399.0,10970.0,8029,,,,,,,,,,,,,,,,,,,,,,,,,,,,,,,,,,,,,,,,,,,,,,,,,,,,,,,,,,,,,,,,,,,,,,,,,,,,,,,,,,,,,,,,,,,,,,,,,,,,,,,,,,,,,,,
078-instcombine-patternmatch-match-n14-d16.pbqp,llvm,14,35,16,188,4262,heuristic,structured,solved-exact,completed,18399.0,10970.0,8029,21401.0,1236.0,20165.0,false,20925.0,49670.0,16814.0,16263.0,16263.0,21564.0,1.8712676977711322,1.007616466520256,36,12932,3584,4000,1,0,1,0,0,140,3894,0,1,1,1,{},{},21854.0,23064.0,21401.0,4670,5827.0,55368.0,61195.0,3778.3171521035597,,1.0612943218447806,0.34971811422501836,1.0.0,4,0,8,16,1,0,1,false,1,124,32,119,1238,84,448,952,476,242,18,802,135,0,0,0,0,7,387,0,0,0,24,0,0,0,0,7,4193,2,2,14,21,21,532,2128,2128,0,476,736,9856,968,62,619,121,16,46,802,11560,170,0,154,0,28,896,1,1,119,14,,,
079-instcombine-patternmatch-match-n10-d16.pbqp,llvm,10,19,16,150,3689,none,structured,solved-exact,completed,24846.0,15229.0,10307,363866.0,144717.0,219149.0,false,337850.0,387636.0,0.0,15118.0,288076.0,387367.0,1.4344511441024992,1.0645869633326555,647,3387624,102224,1000,95,94,83,3,3075680,1897,49728,4592,64,66,66,"{""7"":2,""16"":5}","{""4"":4,""5"":2,""6"":1}",843347.0,867216.0,363866.0,727368,750856.0,446842.0,1197698.0,5026.140674557931,,1.6603589338760387,0.30380446489849694,1.0.0,4,0,8,16,1,0,1,false,1,21688,5636,22247,188646,13652,66432,141240,70620,45350,3246,127842,20769,0,0,0,0,1047,58107,0,0,0,5136,296,30280,0,0,1047,622145,428,428,2390,3421,3421,80084,320192,320336,144,70620,128416,1499072,163032,10844,94323,22675,2818,8026,127842,1790520,26268,0,23450,0,4156,131968,1,1,22247,2390,,,
079-instcombine-patternmatch-match-n10-d16.pbqp,llvm,10,19,16,150,3689,heuristic,structured,solved-exact,completed,24846.0,15229.0,10307,28056.0,2828.0,25228.0,false,24514.0,50321.0,21640.0,18427.0,18427.0,25228.0,1.2340675791274593,0.8992015968063872,29,17004,3584,1000,1,0,1,0,0,87,2608,0,0,2,2,{},{},25365.0,28044.0,28056.0,10296,15335.0,54615.0,69950.0,3640.735502121641,,1.1120976692563818,0.4010864903502502,1.0.0,4,0,8,16,1,0,1,false,1,392,100,247,2790,212,896,1976,988,502,54,1842,297,0,0,0,0,23,1275,0,0,0,48,0,0,0,0,23,8769,4,4,46,53,53,1108,4304,4432,128,988,2336,20544,2008,196,1395,251,50,146,1842,24888,380,0,330,0,60,896,1,1,247,46,,,
080-instcombine-patternmatch-match-n7-d16.pbqp,llvm,7,12,16,111,2976,none,structured,solved-exact,completed,14687.0,10149.0,9870,192222.0,100258.0,91964.0,false,183840.0,241258.0,0.0,9197.0,84761.0,210615.0,1.517599442311494,1.095686237787558,387,1270548,47552,0,49,48,42,2,1049856,945,22320,2256,32,48,48,"{""16"":3}","{""4"":2,""7"":1}",287621.0,548494.0,192222.0,530048,524717.0,313197.0,837914.0,5286.839952921463,,2.0901874646600844,0.22940540437324117,1.0.0,4,0,8,16,1,0,1,false,1,14624,3776,15040,143584,9600,48128,102272,51136,30560,2128,94384,14816,0,0,0,0,752,41712,0,0,0,2880,144,14928,0,0,752,462736,240,240,1648,2400,2400,57728,221648,230912,9264,51136,86784,1035904,113216,7312,71792,15280,1888,5424,94384,1235904,18720,0,16832,0,3008,92160,1,1,15040,1648,,,
080-instcombine-patternmatch-match-n7-d16.pbqp,llvm,7,12,16,111,2976,heuristic,structured,solved-exact,completed,14687.0,10149.0,9870,16472.0,0,16472.0,false,14176.0,29639.0,15021.0,13485.0,13485.0,15162.0,1.2370689655172413,0.9204711024769305,14,9920,3584,0,1,0,1,0,0,111,2976,0,0,0,0,{},{},15170.0,19699.0,16472.0,0,0,30836.0,30836.0,,,1.0,0.5341808276040991,1.0.0,4,0,8,16,1,0,1,false,1,0,0,0,0,0,0,0,0,0,0,0,0,0,0,0,0,0,0,0,0,0,0,0,0,0,0,0,0,0,0,0,0,0,0,0,0,0,0,0,0,0,0,0,0,0,0,0,0,0,0,0,0,0,0,0,0,0,0,,,
081-instcombine-patternmatch-match-n14-d16.pbqp,llvm,14,28,16,197,4099,none,structured,solved-exact,completed,21738.0,13449.0,9062,738110.0,227398.0,510712.0,false,719761.0,792952.0,0.0,17398.0,605572.0,819057.0,1.6272181653141131,1.1096679356735446,1661,11768992,236848,3000,242,241,211,5,11286512,12892,228516,7662,49,66,273,"{""7"":7,""16"":12}","{""4"":7,""6"":5,""9"":4,""10"":2,""13"":1}",1075504.0,1129483.0,738110.0,886801,1251892.0,1129484.0,2381376.0,3899.774844105929,,1.4452568179326117,0.3099510535085598,1.0.0,4,0,8,16,1,0,1,false,1,39852,9486,29637,228294,14304,75040,153848,76924,61398,5805,164772,27441,0,0,0,0,471,26043,0,0,0,12744,723,54215,0,0,2487,773765,1062,1062,3681,4136,4136,89344,350768,357376,6608,76924,242928,1627456,214944,19926,114147,30699,4743,15183,164772,2085328,34519,0,29776,0,5884,33544,1,1,29637,3681,,,
081-instcombine-patternmatch-match-n14-d16.pbqp,llvm,14,28,16,197,4099,heuristic,structured,solved-exact,completed,21738.0,13449.0,9062,22370.0,466.0,21904.0,false,21323.0,53042.0,19332.0,18263.0,18263.0,21693.0,1.6287438533750558,0.9697362539114887,33,12976,2432,3000,1,0,1,0,0,181,3843,0,0,1,0,{},{},21740.0,25862.0,22370.0,969,4468.0,56549.0,61017.0,2079.3991416309013,,1.0212746530314099,0.36661913892849535,1.0.0,4,0,8,16,1,0,1,false,1,102,34,16,272,64,0,128,64,34,18,204,33,0,0,0,0,16,888,0,0,0,12,0,0,0,0,0,0,1,1,16,16,16,64,256,256,0,64,544,2048,136,51,136,17,17,34,204,2728,49,0,32,0,0,0,1,1,16,16,,,
082-instcombine-patternmatch-match-n12-d16.pbqp,llvm,12,22,16,156,2788,none,structured,solved-exact,completed,24710.0,16575.0,7514,172650.0,66046.0,106604.0,false,165503.0,212411.0,0.0,13431.0,109410.0,209656.0,1.7181117868520128,1.2143411526209094,475,2360016,117584,4000,59,58,47,3,2215136,1738,28329,2136,28,58,60,"{""7"":6,""16"":1}","{""4"":4,""7"":2,""10"":1}",259772.0,281915.0,172650.0,272184,393037.0,285152.0,678189.0,4121.12769887654,,1.6195452328242843,0.25457505208725,1.0.0,4,0,8,16,1,0,1,false,1,12300,3088,8254,70860,5116,22848,48552,24276,17092,1836,50126,7836,0,0,0,0,406,20486,0,0,0,3504,174,14670,0,0,672,227056,292,292,1252,1364,1364,27964,111686,111856,170,24276,73696,527920,59824,6150,35430,8546,1544,4606,50126,661440,9984,0,8440,0,1568,14336,1,1,8254,1252,,,
082-instcombine-patternmatch-match-n12-d16.pbqp,llvm,12,22,16,156,2788,heuristic,structured,solved-exact,completed,24710.0,16575.0,7514,18033.0,1133.0,16900.0,false,17337.0,43034.0,14681.0,14073.0,14073.0,18329.0,1.603560139743803,1.0164143514667554,29,11864,2432,4000,1,0,1,0,0,124,2340,0,0,0,2,{},{},20393.0,20329.0,18033.0,4070,5514.0,43107.0,48621.0,3592.233009708738,,1.0670414201183431,0.3708891219843278,1.0.0,4,0,8,16,1,0,1,false,1,152,32,98,1104,56,392,784,392,200,18,728,114,0,0,0,0,0,0,0,0,0,24,0,0,0,0,14,3980,2,2,14,14,14,448,1792,1792,0,392,960,8064,800,76,552,100,16,60,728,9824,142,0,126,0,28,0,1,1,98,14,,,
083-instcombine-patternmatch-match-n11-d16.pbqp,llvm,11,22,16,166,4313,none,structured,solved-exact,completed,24510.0,15954.0,11018,666443.0,281875.0,384568.0,false,642893.0,780248.0,0.0,23696.0,669252.0,832535.0,1.4598037641628767,1.2492216138514471,1282,7540760,152448,1000,189,188,167,4,6963520,5234,142096,9040,112,129,129,"{""7"":4,""16"":10}","{""4"":7,""5"":4,""6"":2,""9"":1}",1533169.0,1749676.0,666443.0,1343546,1409067.0,919030.0,2328097.0,4766.460310421286,,1.7329653013251232,0.28626083878807457,1.0.0,4,0,8,16,1,0,1,false,1,40556,10564,41536,347632,25248,122304,259968,129984,84772,6132,236480,38370,0,0,0,0,1920,106536,0,0,0,10200,592,59760,0,0,1920,1145072,850,850,4432,6336,6336,147552,590032,590208,176,129984,239936,2763840,302928,20278,173816,42386,5282,14996,236480,3306704,48530,0,43248,0,7648,243712,1,1,41536,4432,,,
083-instcombine-patternmatch-match-n11-d16.pbqp,llvm,11,22,16,166,4313,heuristic,structured,solved-exact,completed,24510.0,15954.0,11018,26327.0,1456.0,24871.0,false,24254.0,51698.0,21818.0,19098.0,19098.0,24001.0,1.3246856838986591,0.9116496372545295,28,15484,3584,1000,1,0,1,0,0,135,3712,0,0,1,1,{},{},26105.0,32581.0,26327.0,5626,10350.0,56620.0,66970.0,3864.010989010989,,1.0585420771179286,0.39311632074063013,1.0.0,4,0,8,16,1,0,1,false,1,268,68,128,1552,128,448,1024,512,260,36,1040,162,0,0,0,0,16,888,0,0,0,24,0,0,0,0,16,4576,2,2,32,32,32,576,2176,2304,128,512,1600,10688,1040,134,776,130,34,100,1040,13328,210,0,176,0,32,0,1,1,128,32,,,
084-instcombine-patternmatch-match-n11-d16.pbqp,llvm,11,22,16,166,4313,none,structured,solved-exact,completed,27344.0,18485.0,11018,625596.0,275065.0,350531.0,false,608298.0,703250.0,0.0,24274.0,618441.0,772521.0,1.594736858931323,1.2348560412790364,1282,7540760,152448,1000,189,188,167,4,6963520,5234,142096,9040,112,129,129,"{""7"":4,""16"":10}","{""4"":7,""5"":4,""6"":2,""9"":1}",1503982.0,1578961.0,625596.0,1343546,1411455.0,904130.0,2315585.0,4884.467307727265,,1.7847094836120059,0.2701675818421695,1.0.0,4,0,8,16,1,0,1,false,1,40556,10564,41536,347632,25248,122304,259968,129984,84772,6132,236480,38370,0,0,0,0,1920,106536,0,0,0,10200,592,59760,0,0,1920,1145072,850,850,4432,6336,6336,147552,590032,590208,176,129984,239936,2763840,302928,20278,173816,42386,5282,14996,236480,3306704,48530,0,43248,0,7648,243712,1,1,41536,4432,,,
084-instcombine-patternmatch-match-n11-d16.pbqp,llvm,11,22,16,166,4313,heuristic,structured,solved-exact,completed,27344.0,18485.0,11018,25628.0,1644.0,23984.0,false,23869.0,50458.0,21034.0,19266.0,19266.0,26197.0,1.3869985952864055,1.0222022787576088,28,15484,3584,1000,1,0,1,0,0,135,3712,0,0,1,1,{},{},26378.0,35457.0,25628.0,5626,10073.0,56407.0,66480.0,3422.1411192214114,,1.068545697131421,0.3854993983152828,1.0.0,4,0,8,16,1,0,1,false,1,268,68,128,1552,128,448,1024,512,260,36,1040,162,0,0,0,0,16,888,0,0,0,24,0,0,0,0,16,4576,2,2,32,32,32,576,2176,2304,128,512,1600,10688,1040,134,776,130,34,100,1040,13328,210,0,176,0,32,0,1,1,128,32,,,
085-instcombine-patternmatch-match-n11-d16.pbqp,llvm,11,22,16,166,4313,none,structured,solved-exact,completed,24949.0,15963.0,11018,643558.0,267264.0,376294.0,false,600568.0,745267.0,0.0,16897.0,565686.0,725032.0,1.4748818288328325,1.1265993119501272,1282,7540760,152448,1000,189,188,167,4,6963520,5234,142096,9040,112,129,129,"{""7"":4,""16"":10}","{""4"":7,""5"":4,""6"":2,""9"":1}",1552384.0,1568893.0,643558.0,1343546,1450457.0,947533.0,2397990.0,5027.036937260536,,1.7102531531196352,0.2683739298329017,1.0.0,4,0,8,16,1,0,1,false,1,40556,10564,41536,347632,25248,122304,259968,129984,84772,6132,236480,38370,0,0,0,0,1920,106536,0,0,0,10200,592,59760,0,0,1920,1145072,850,850,4432,6336,6336,147552,590032,590208,176,129984,239936,2763840,302928,20278,173816,42386,5282,14996,236480,3306704,48530,0,43248,0,7648,243712,1,1,41536,4432,,,
085-instcombine-patternmatch-match-n11-d16.pbqp,llvm,11,22,16,166,4313,heuristic,structured,solved-exact,completed,24949.0,15963.0,11018,25490.0,1489.0,24001.0,false,22348.0,52002.0,21130.0,18774.0,18774.0,23485.0,1.384386033738721,0.9213417026284818,28,15484,3584,1000,1,0,1,0,0,135,3712,0,0,1,1,{},{},29793.0,31961.0,25490.0,5626,10466.0,56810.0,67276.0,3778.3747481531227,,1.062039081704929,0.37888697306617514,1.0.0,4,0,8,16,1,0,1,false,1,268,68,128,1552,128,448,1024,512,260,36,1040,162,0,0,0,0,16,888,0,0,0,24,0,0,0,0,16,4576,2,2,32,32,32,576,2176,2304,128,512,1600,10688,1040,134,776,130,34,100,1040,13328,210,0,176,0,32,0,1,1,128,32,,,
086-instcombine-patternmatch-match-n9-d16.pbqp,llvm,9,17,16,134,3321,none,structured,solved-exact,completed,21100.0,13021.0,8515,332058.0,146463.0,185595.0,false,308809.0,411879.0,0.0,13749.0,253725.0,350455.0,1.4824578838636624,1.055402971769992,645,3078084,92384,1000,95,94,83,3,2768864,1897,49728,4592,64,66,65,"{""7"":2,""16"":5}","{""4"":4,""5"":2,""6"":1}",823540.0,844276.0,332058.0,723130,753649.0,459162.0,1212811.0,4937.287915719328,,1.7891538026347693,0.27379204179381617,1.0.0,4,0,8,16,1,0,1,false,1,21612,5620,22135,187526,13596,65984,140344,70172,45124,3237,127131,20649,0,0,0,0,1047,58107,0,0,0,5124,296,30280,0,0,1040,617952,427,427,2383,3407,3407,79580,318176,318320,144,70172,127936,1490112,162128,10806,93763,22562,2810,7996,127131,1780176,26120,0,23310,0,4128,131072,1,1,22135,2383,,,
086-instcombine-patternmatch-match-n9-d16.pbqp,llvm,9,17,16,134,3321,heuristic,structured,solved-exact,completed,21100.0,13021.0,8515,24510.0,2137.0,22373.0,false,22140.0,45368.0,19543.0,18599.0,18599.0,24134.0,1.3111383108935128,0.9846593227254182,25,13868,3584,1000,1,0,1,0,0,87,2608,0,0,2,1,{},{},21170.0,23386.0,24510.0,6058,11404.0,46428.0,57832.0,2834.8151614412727,,1.095516917713315,0.42381380550560244,1.0.0,4,0,8,16,1,0,1,false,1,316,84,135,1670,156,448,1080,540,276,45,1131,177,0,0,0,0,23,1275,0,0,0,36,0,0,0,0,16,4576,3,3,39,39,39,604,2288,2416,128,540,1856,11584,1104,158,835,138,42,116,1131,14544,232,0,190,0,32,0,1,1,135,39,,,
087-instcombine-patternmatch-match-n14-d16.pbqp,llvm,14,37,16,205,6211,none,structured,search-node-limit,not_attempted_cpu_incomplete,32755.0,21592.0,12524,,,,,,,,,,,,,,,,,,,,,,,,,,,,,,,,,,,,,,,,,,,,,,,,,,,,,,,,,,,,,,,,,,,,,,,,,,,,,,,,,,,,,,,,,,,,,,,,,,,,,,,,,,,,,,,
087-instcombine-patternmatch-match-n14-d16.pbqp,llvm,14,37,16,205,6211,heuristic,structured,solved-exact,completed,32755.0,21592.0,12524,35865.0,1744.0,34121.0,false,32633.0,68691.0,29843.0,25327.0,25327.0,31630.0,1.3889585947302383,0.8819183047539384,38,16860,3584,2000,1,0,1,0,0,173,5587,0,0,1,1,{},{},33818.0,34344.0,35865.0,5626,9815.0,76087.0,85902.0,3225.9174311926604,,1.0511122182819965,0.41751065167283646,1.0.0,4,0,8,16,1,0,1,false,1,268,68,128,1552,128,448,1024,512,260,36,1040,162,0,0,0,0,16,888,0,0,0,24,0,0,0,0,16,4576,2,2,32,32,32,576,2304,2304,0,512,1600,11264,1040,134,776,130,34,100,1040,13904,210,0,176,0,32,0,1,1,128,32,,,
088-instcombine-patternmatch-match-n14-d16.pbqp,llvm,14,37,16,205,6211,none,structured,search-node-limit,not_attempted_cpu_incomplete,32693.0,20842.0,12524,,,,,,,,,,,,,,,,,,,,,,,,,,,,,,,,,,,,,,,,,,,,,,,,,,,,,,,,,,,,,,,,,,,,,,,,,,,,,,,,,,,,,,,,,,,,,,,,,,,,,,,,,,,,,,,
088-instcombine-patternmatch-match-n14-d16.pbqp,llvm,14,37,16,205,6211,heuristic,structured,solved-exact,completed,32693.0,20842.0,12524,34403.0,1528.0,32875.0,false,31036.0,69500.0,28728.0,24081.0,24081.0,30144.0,1.3992675057407784,0.8762026567450513,38,16860,3584,2000,1,0,1,0,0,173,5587,0,0,1,1,{},{},34558.0,37689.0,34403.0,5626,10798.0,77231.0,88029.0,3681.937172774869,,1.0464790874524714,0.3908143907121517,1.0.0,4,0,8,16,1,0,1,false,1,268,68,128,1552,128,448,1024,512,260,36,1040,162,0,0,0,0,16,888,0,0,0,24,0,0,0,0,16,4576,2,2,32,32,32,576,2304,2304,0,512,1600,11264,1040,134,776,130,34,100,1040,13904,210,0,176,0,32,0,1,1,128,32,,,
089-instcombine-patternmatch-match-n15-d16.pbqp,llvm,15,46,16,239,11568,none,structured,search-node-limit,not_attempted_cpu_incomplete,35123.0,24011.0,19764,,,,,,,,,,,,,,,,,,,,,,,,,,,,,,,,,,,,,,,,,,,,,,,,,,,,,,,,,,,,,,,,,,,,,,,,,,,,,,,,,,,,,,,,,,,,,,,,,,,,,,,,,,,,,,,
089-instcombine-patternmatch-match-n15-d16.pbqp,llvm,15,46,16,239,11568,heuristic,structured,solved-exact,completed,35123.0,24011.0,19764,41666.0,1929.0,39737.0,false,36809.0,79099.0,33408.0,28314.0,28314.0,37046.0,1.3840301444823118,0.8891182258916143,42,19756,3584,0,1,0,1,0,0,207,10816,0,0,1,1,{},{},43760.0,55838.0,41666.0,10031,10465.0,81273.0,91738.0,5200.103680663557,,1.0485441779701539,0.45418474350868776,1.0.0,4,0,8,16,1,0,1,false,1,258,66,256,2672,184,960,2048,1024,516,35,1723,289,0,0,0,0,16,888,0,0,0,24,0,0,0,0,15,8985,2,2,31,46,46,1144,4576,4576,0,1024,1536,21248,2064,129,1336,258,33,96,1723,24848,365,0,332,0,60,1920,1,1,256,31,,,
090-instcombine-patternmatch-match-n17-d16.pbqp,llvm,17,43,16,271,10800,none,structured,search-node-limit,not_attempted_cpu_incomplete,67906.0,47887.0,32280,,,,,,,,,,,,,,,,,,,,,,,,,,,,,,,,,,,,,,,,,,,,,,,,,,,,,,,,,,,,,,,,,,,,,,,,,,,,,,,,,,,,,,,,,,,,,,,,,,,,,,,,,,,,,,,
090-instcombine-patternmatch-match-n17-d16.pbqp,llvm,17,43,16,271,10800,heuristic,structured,solved-exact,completed,67906.0,47887.0,32280,84263.0,7534.0,76729.0,false,75886.0,121243.0,64976.0,53796.0,53796.0,71695.0,1.164235785576113,0.8508479403771525,50,42480,3584,0,1,0,1,0,0,191,8528,0,0,1,4,{},{},87066.0,94937.0,84263.0,38423,29901.0,128802.0,158703.0,5099.946907353332,,1.098189732695591,0.5309477451591967,1.0.0,4,0,8,16,1,0,1,false,1,746,166,1008,10192,560,3968,8064,4032,2026,88,6482,1091,0,0,0,0,16,888,0,0,0,60,0,0,0,0,62,37138,5,5,78,140,140,4528,18112,18112,0,4032,4640,81408,8104,373,5096,1013,83,290,6482,94152,1355,0,1272,0,248,7936,1,1,1008,78,,,
091-instcombine-patternmatch-match-n14-d16.pbqp,llvm,14,25,16,223,6224,none,structured,solved-exact,completed,53497.0,35679.0,26924,847743.0,394940.0,452803.0,false,801409.0,909812.0,0.0,102912.0,787514.0,1073337.0,1.4488990177447647,1.2661113096775791,1330,9179904,179136,0,193,192,175,4,8383488,8819,238320,9024,81,81,194,"{""16"":12}","{""4"":5,""6"":4,""8"":2,""10"":1}",1870674.0,2316097.0,847743.0,2041803,1740282.0,1112256.0,2852538.0,5169.90682128931,,1.872211535700956,0.29718902955894017,1.0.0,4,0,8,16,1,0,1,false,1,48514,11650,58159,564462,32308,191360,393080,196540,118020,6676,365498,55536,0,0,0,0,1295,71871,0,0,0,10212,576,59712,0,0,3103,1875857,851,851,4974,8077,8077,223668,871440,894672,23232,196540,294912,3991680,435984,24257,282231,59010,5825,18432,365498,4722576,69819,0,63994,0,12412,386944,1,1,58159,4974,,,
091-instcombine-patternmatch-match-n14-d16.pbqp,llvm,14,25,16,223,6224,heuristic,structured,solved-exact,completed,53497.0,35679.0,26924,58827.0,3845.0,54982.0,false,53832.0,136045.0,49604.0,43827.0,43827.0,55035.0,1.0856239481870569,0.935539803151614,34,32512,3584,0,1,0,1,0,0,159,5232,0,1,1,2,{},{},58061.0,68910.0,58827.0,19515,17101.0,96157.0,113258.0,5075.422626788037,,1.0699319777381688,0.5194070176058203,1.0.0,4,0,8,16,1,0,1,false,1,418,98,495,5358,308,1920,3960,1980,996,52,3386,544,0,0,0,0,15,831,0,0,0,36,0,0,0,0,31,18449,3,3,46,77,77,2228,8912,8912,0,1980,2560,40576,3984,209,2679,498,49,160,3386,47120,683,0,634,0,124,3968,1,1,495,46,,,
092-instcombine-patternmatch-match-n11-d16.pbqp,llvm,11,25,16,147,3258,none,structured,solved-exact,completed,19723.0,11852.0,6763,738266.0,198236.0,540030.0,false,726240.0,781719.0,0.0,14890.0,674935.0,848874.0,1.8002264766357925,1.1498213381084867,2142,14228108,203432,3000,342,341,192,5,13710928,8848,161490,10094,154,154,218,"{""7"":22,""15"":5,""16"":7}","{""4"":22,""5"":5,""6"":4,""8"":2,""11"":1}",905214.0,912916.0,738266.0,749392,1471617.0,1305161.0,2776778.0,3780.3022659859967,,1.3670833101864712,0.26587145245316696,1.0.0,4,0,8,16,1,0,1,false,1,48164,13096,32718,177916,14082,48916,107072,53536,68376,8018,147228,30270,0,0,0,0,2310,81774,0,0,0,17640,1098,74124,0,0,1670,548192,1470,1470,5078,6156,6156,62998,230322,251992,21670,53536,280544,1124600,233128,24082,88958,34188,6548,17534,147228,1638272,39174,0,32626,0,5496,60368,1,1,32718,5078,,,
092-instcombine-patternmatch-match-n11-d16.pbqp,llvm,11,25,16,147,3258,heuristic,structured,solved-exact,completed,19723.0,11852.0,6763,18535.0,0,18535.0,false,16750.0,44892.0,16515.0,14576.0,14576.0,16958.0,1.5637442676018343,0.9149177232263286,25,9492,2432,3000,1,0,1,0,0,147,3258,0,0,0,0,{},{},16608.0,20798.0,18535.0,0,0,41808.0,41808.0,,,1.0,0.4433362035973976,1.0.0,4,0,8,16,1,0,1,false,1,0,0,0,0,0,0,0,0,0,0,0,0,0,0,0,0,0,0,0,0,0,0,0,0,0,0,0,0,0,0,0,0,0,0,0,0,0,0,0,0,0,0,0,0,0,0,0,0,0,0,0,0,0,0,0,0,0,0,,,
093-instcombine-patternmatch-match-n10-d16.pbqp,llvm,10,21,16,133,2739,none,structured,solved-exact,completed,21212.0,11036.0,7118,433030.0,171328.0,261702.0,false,426493.0,497368.0,0.0,16546.0,392040.0,512832.0,1.6379119229614576,1.1842874627623952,952,4909208,143552,3000,130,129,111,4,4493328,5875,109081,4617,35,35,177,"{""7"":7,""16"":5}","{""4"":5,""7"":4,""9"":2,""10"":1}",772148.0,793768.0,433030.0,741300,980286.0,658384.0,1638670.0,4326.788382517744,,1.6546682868300586,0.26425698889953436,1.0.0,4,0,8,16,1,0,1,false,1,31350,7352,25127,193048,11958,61880,128240,64120,51452,4275,137925,24573,0,0,0,0,560,31080,0,0,0,7188,387,31885,0,0,2130,655844,599,599,3077,3637,3637,73838,285097,295352,10255,64120,191984,1326536,187340,15675,96524,25726,3676,11999,137925,1705860,30900,0,27224,0,5380,31360,1,1,25127,3077,,,
093-instcombine-patternmatch-match-n10-d16.pbqp,llvm,10,21,16,133,2739,heuristic,structured,solved-exact,completed,21212.0,11036.0,7118,16242.0,0,16242.0,false,15886.0,95575.0,14528.0,15101.0,15101.0,17065.0,1.6811353281615564,1.0506710996182735,22,10864,3584,3000,1,0,1,0,0,133,2739,0,0,0,0,{},{},17800.0,18683.0,16242.0,0,0,66619.0,66619.0,,,1.0,0.24380432008886355,1.0.0,4,0,8,16,1,0,1,false,1,0,0,0,0,0,0,0,0,0,0,0,0,0,0,0,0,0,0,0,0,0,0,0,0,0,0,0,0,0,0,0,0,0,0,0,0,0,0,0,0,0,0,0,0,0,0,0,0,0,0,0,0,0,0,0,0,0,0,,,
094-instcombine-patternmatch-match-n12-d16.pbqp,llvm,12,29,16,174,4625,none,structured,search-node-limit,not_attempted_cpu_incomplete,28929.0,19808.0,11258,,,,,,,,,,,,,,,,,,,,,,,,,,,,,,,,,,,,,,,,,,,,,,,,,,,,,,,,,,,,,,,,,,,,,,,,,,,,,,,,,,,,,,,,,,,,,,,,,,,,,,,,,,,,,,,
094-instcombine-patternmatch-match-n12-d16.pbqp,llvm,12,29,16,174,4625,heuristic,structured,solved-exact,completed,28929.0,19808.0,11258,30436.0,0,30436.0,false,25265.0,98413.0,27866.0,21365.0,21365.0,24231.0,1.328689709554475,0.796129583388093,28,12108,3584,2000,1,0,1,0,0,174,4625,0,0,0,0,{},{},27764.0,28888.0,30436.0,0,0,54650.0,54650.0,,,1.0,0.5569258920402562,1.0.0,4,0,8,16,1,0,1,false,1,0,0,0,0,0,0,0,0,0,0,0,0,0,0,0,0,0,0,0,0,0,0,0,0,0,0,0,0,0,0,0,0,0,0,0,0,0,0,0,0,0,0,0,0,0,0,0,0,0,0,0,0,0,0,0,0,0,0,,,
095-instcombine-patternmatch-match-n10-d16.pbqp,llvm,10,21,16,133,2739,none,structured,solved-exact,completed,18465.0,11416.0,6191,346793.0,116378.0,230415.0,false,330365.0,411800.0,0.0,13435.0,244160.0,380801.0,1.7625730623167135,1.098064263119498,899,4812656,141536,3000,132,131,112,4,4562992,5633,95543,4074,35,35,147,"{""7"":5,""16"":6}","{""4"":5,""6"":3,""9"":2,""10"":1}",515706.0,534983.0,346793.0,456632,671827.0,573537.0,1245364.0,3923.696918661603,,1.5050799644120392,0.27846717907374874,1.0.0,4,0,8,16,1,0,1,false,1,21234,5060,15743,117090,7328,37856,77672,38836,32636,3105,85480,14592,0,0,0,0,245,13545,0,0,0,6900,393,28965,0,0,1317,396527,575,575,1955,2200,2200,45184,176080,180736,4656,38836,129392,818624,114248,10617,58545,16318,2530,8087,85480,1062264,18354,0,15824,0,3124,13720,1,1,15743,1955,,,
095-instcombine-patternmatch-match-n10-d16.pbqp,llvm,10,21,16,133,2739,heuristic,structured,solved-exact,completed,18465.0,11416.0,6191,16578.0,0,16578.0,false,15496.0,36493.0,14898.0,13359.0,13359.0,15648.0,1.5019302690312462,0.9439015562794064,22,8416,2432,3000,1,0,1,0,0,133,2739,0,0,0,0,{},{},17137.0,16695.0,16578.0,0,0,40807.0,40807.0,,,1.0,0.40625382899992646,1.0.0,4,0,8,16,1,0,1,false,1,0,0,0,0,0,0,0,0,0,0,0,0,0,0,0,0,0,0,0,0,0,0,0,0,0,0,0,0,0,0,0,0,0,0,0,0,0,0,0,0,0,0,0,0,0,0,0,0,0,0,0,0,0,0,0,0,0,0,,,
096-instcombine-patternmatch-match-n9-d16.pbqp,llvm,9,19,16,99,1894,none,structured,solved-exact,completed,12599.0,7075.0,4132,195012.0,60959.0,134053.0,false,190892.0,288880.0,0.0,11702.0,164989.0,227666.0,1.810837281808299,1.1674461058806638,580,3068268,129280,5000,94,93,75,4,2935824,3176,57676,3409,35,49,49,"{""7"":11,""16"":1}","{""4"":5,""5"":4,""8"":2,""9"":1}",299262.0,285932.0,195012.0,241025,433648.0,402357.0,836005.0,3953.887038829377,,1.4547380513677426,0.2332665474488789,1.0.0,4,0,8,16,1,0,1,false,1,13524,3426,8358,61102,4702,18424,39200,19600,17526,2118,46076,6969,0,0,0,0,343,17003,0,0,0,4860,307,23885,0,0,658,188020,405,405,1308,1308,1308,23126,92239,92504,265,19600,80784,443128,56468,6762,30551,8763,1713,5049,46076,580380,8935,0,7222,0,1316,0,1,1,8358,1308,,,
096-instcombine-patternmatch-match-n9-d16.pbqp,llvm,9,19,16,99,1894,heuristic,structured,solved-exact,completed,12599.0,7075.0,4132,11058.0,0,11058.0,false,10012.0,37736.0,9702.0,8893.0,8893.0,10574.0,1.8429191535539882,0.9562307831434256,20,6052,2432,5000,1,0,1,0,0,99,1894,0,0,0,0,{},{},11578.0,10915.0,11058.0,0,0,21660.0,21660.0,,,1.0,0.5105263157894737,1.0.0,4,0,8,16,1,0,1,false,1,0,0,0,0,0,0,0,0,0,0,0,0,0,0,0,0,0,0,0,0,0,0,0,0,0,0,0,0,0,0,0,0,0,0,0,0,0,0,0,0,0,0,0,0,0,0,0,0,0,0,0,0,0,0,0,0,0,0,,,
097-instcombine-patternmatch-match-n14-d16.pbqp,llvm,14,25,16,201,3037,none,structured,solved-exact,completed,21437.0,11749.0,7094,204789.0,47819.0,156970.0,false,195862.0,284239.0,0.0,12859.0,134287.0,229097.0,1.7676486530038233,1.11869778161913,602,4205344,133120,2000,94,93,70,3,4060752,2175,36885,2668,46,46,66,"{""15"":3,""16"":3}","{""4"":3,""5"":2,""7"":1}",242859.0,229872.0,204789.0,200896,393303.0,346795.0,740098.0,4201.175265062005,,1.3046378288845002,0.2767052471429459,1.0.0,4,0,8,16,1,0,1,false,1,13020,3538,8744,47938,3880,12936,28448,14224,18270,2160,39614,8124,0,0,0,0,637,22752,0,0,0,4692,279,19507,0,0,462,146478,391,391,1378,1693,1693,16816,61174,67264,6090,14224,75856,300448,62408,6510,23969,9135,1769,4741,39614,438712,10594,0,8825,0,1554,17640,1,1,8744,1378,,,
097-instcombine-patternmatch-match-n14-d16.pbqp,llvm,14,25,16,201,3037,heuristic,structured,solved-exact,completed,21437.0,11749.0,7094,23532.0,2964.0,20568.0,false,21308.0,52183.0,17358.0,15848.0,15848.0,23084.0,1.5472123066462689,0.9809620941696413,39,16424,1456,2000,1,0,1,0,0,91,1833,0,1,1,5,{},{},28272.0,26155.0,23532.0,10535,13533.0,51651.0,65184.0,3554.3184885290148,,1.1441073512252042,0.36100883652430044,1.0.0,4,0,8,16,1,0,1,false,1,428,96,252,2830,168,980,2016,1008,516,54,1887,300,0,0,0,0,7,387,0,0,0,72,0,0,0,0,35,9878,6,6,42,42,42,1148,4480,4592,112,1008,2656,20552,2064,214,1415,258,48,166,1887,25272,377,0,329,0,70,0,1,1,252,42,,,
098-instcombine-patternmatch-match-n12-d16.pbqp,llvm,12,12,16,178,1988,none,structured,solved-exact,completed,16429.0,10354.0,9794,10228.0,5990.0,4238.0,false,10024.0,15452.0,0.0,0.0,0.0,11386.0,1.5400860383261634,1.1132186155651154,20,14336,3584,1000,0,0,0,0,0,0,0,0,2,6,4,{},{},15036.0,21352.0,10228.0,27561,41005.0,14420.0,55425.0,4601.168614357262,,2.4134025483718737,0.18453766350924672,1.0.0,4,0,8,16,1,0,1,false,1,922,246,771,7466,572,2304,5144,2572,1562,133,4975,894,0,0,0,0,67,3705,0,0,0,120,0,0,0,0,46,23234,10,10,113,159,159,2876,10946,11504,558,2572,5408,52624,6248,461,3733,781,123,338,4975,64280,1145,0,1022,0,184,4608,1,1,771,113,,,
098-instcombine-patternmatch-match-n12-d16.pbqp,llvm,12,12,16,178,1988,heuristic,structured,solved-exact,completed,16429.0,10354.0,9794,27788.0,6587.0,21201.0,false,26854.0,48862.0,16262.0,15706.0,15706.0,28301.0,1.2936879228443932,1.0184612062760905,40,28672,3584,1000,0,0,0,0,0,0,0,0,2,6,4,{},{},28104.0,33236.0,27788.0,27561,32535.0,42942.0,75477.0,4184.150599666009,,1.3106928918447243,0.368165136399168,1.0.0,4,0,8,16,1,0,1,false,1,922,246,771,7466,572,2304,5144,2572,1562,133,4975,894,0,0,0,0,67,3705,0,0,0,120,0,0,0,0,46,23234,10,10,113,159,159,2876,10946,11504,558,2572,5408,52624,6248,461,3733,781,123,338,4975,64280,1145,0,1022,0,184,4608,1,1,771,113,,,
099-instcombine-patternmatch-match-n15-d16.pbqp,llvm,15,37,16,239,9264,none,structured,search-node-limit,not_attempted_cpu_incomplete,45753.0,30656.0,23734,,,,,,,,,,,,,,,,,,,,,,,,,,,,,,,,,,,,,,,,,,,,,,,,,,,,,,,,,,,,,,,,,,,,,,,,,,,,,,,,,,,,,,,,,,,,,,,,,,,,,,,,,,,,,,,
099-instcombine-patternmatch-match-n15-d16.pbqp,llvm,15,37,16,239,9264,heuristic,structured,solved-exact,completed,45753.0,30656.0,23734,44788.0,494.0,44294.0,false,41128.0,57855.0,40170.0,36761.0,36761.0,41555.0,1.7541975529159597,0.9278154862909708,38,21404,3584,0,1,0,1,0,0,223,9008,0,0,1,0,{},{},46223.0,55175.0,44788.0,969,4171.0,83828.0,87999.0,1961.5384615384614,,1.0111527520657426,0.5089603290946488,1.0.0,4,0,8,16,1,0,1,false,1,102,34,16,272,64,0,128,64,34,18,204,33,0,0,0,0,16,888,0,0,0,12,0,0,0,0,0,0,1,1,16,16,16,64,256,256,0,64,544,2048,136,51,136,17,17,34,204,2728,49,0,32,0,0,0,1,1,16,16,,,
100-instcombine-patternmatch-match-n13-d16.pbqp,llvm,13,31,16,207,7760,none,structured,search-node-limit,not_attempted_cpu_incomplete,34630.0,23257.0,19031,,,,,,,,,,,,,,,,,,,,,,,,,,,,,,,,,,,,,,,,,,,,,,,,,,,,,,,,,,,,,,,,,,,,,,,,,,,,,,,,,,,,,,,,,,,,,,,,,,,,,,,,,,,,,,,
100-instcombine-patternmatch-match-n13-d16.pbqp,llvm,13,31,16,207,7760,heuristic,structured,solved-exact,completed,34630.0,23257.0,19031,35902.0,2142.0,33760.0,false,34511.0,69987.0,29425.0,27970.0,27970.0,36994.0,1.5188568881956437,1.0304161328059718,35,20588,3584,0,1,0,1,0,0,175,7264,0,0,1,1,{},{},35376.0,50206.0,35902.0,9970,9612.0,64015.0,73627.0,4654.5284780578895,,1.063447867298578,0.4876200306952613,1.0.0,4,0,8,16,1,0,1,false,1,252,64,255,2654,180,960,2040,1020,514,34,1710,287,0,0,0,0,15,831,0,0,0,24,0,0,0,0,15,8985,2,2,30,45,45,1140,4560,4560,0,1020,1504,21120,2056,126,1327,257,32,94,1710,24680,362,0,330,0,60,1920,1,1,255,30,,,
101-instcombine-patternmatch-match-n9-d16.pbqp,llvm,9,16,16,143,3984,none,structured,solved-exact,completed,23638.0,15712.0,14301,360440.0,158011.0,202429.0,false,346130.0,424857.0,0.0,13496.0,275280.0,420692.0,1.5056902674508934,1.1671623571190768,745,3530940,88992,0,113,112,99,3,3180800,3138,79728,5264,65,64,81,"{""16"":7}","{""4"":4,""5"":2,""7"":1}",529436.0,930455.0,360440.0,838409,848518.0,513266.0,1361784.0,5306.016669725525,,1.780574917625439,0.2646822109820647,1.0.0,4,0,8,16,1,0,1,false,1,23878,6114,25728,217488,15168,77760,163712,81856,52418,3538,146892,23857,0,0,0,0,1024,56832,0,0,0,5772,336,34832,0,0,1216,728264,481,481,2576,3792,3792,92928,370576,371712,1136,81856,142112,1720448,188616,11939,108744,26209,3057,8882,146892,2051176,30081,0,27024,0,4864,155648,1,1,25728,2576,,,
101-instcombine-patternmatch-match-n9-d16.pbqp,llvm,9,16,16,143,3984,heuristic,structured,solved-exact,completed,23638.0,15712.0,14301,27766.0,1759.0,26007.0,false,25716.0,50258.0,22777.0,20889.0,20889.0,26068.0,1.1862709788950514,0.9388460707339912,19,16144,3456,0,1,0,1,0,0,111,3488,0,1,0,1,{},{},27339.0,33863.0,27766.0,9545,7356.0,46064.0,53420.0,5426.378624218306,,1.0676356365593878,0.5197678771995508,1.0.0,4,0,8,16,1,0,1,false,1,166,34,240,2704,128,960,1920,960,482,18,1676,257,0,0,0,0,0,0,0,0,0,12,0,0,0,0,16,9464,1,1,16,32,32,1088,4352,4352,0,960,1056,19456,1928,83,1352,241,17,66,1676,22440,321,0,304,0,64,2048,1,1,240,16,,,
102-instcombine-patternmatch-match-n9-d16.pbqp,llvm,9,16,16,143,3984,none,structured,solved-exact,completed,25047.0,16044.0,14301,358333.0,157456.0,200877.0,false,352445.0,391632.0,0.0,15788.0,262482.0,405716.0,1.5492935342265435,1.1322317509132567,745,3530940,88992,0,113,112,99,3,3180800,3138,79728,5264,65,64,81,"{""16"":7}","{""4"":4,""5"":2,""7"":1}",523447.0,952715.0,358333.0,838409,847548.0,497322.0,1344870.0,5324.71928665786,,1.7838428491066673,0.26644434034516346,1.0.0,4,0,8,16,1,0,1,false,1,23878,6114,25728,217488,15168,77760,163712,81856,52418,3538,146892,23857,0,0,0,0,1024,56832,0,0,0,5772,336,34832,0,0,1216,728264,481,481,2576,3792,3792,92928,370576,371712,1136,81856,142112,1720448,188616,11939,108744,26209,3057,8882,146892,2051176,30081,0,27024,0,4864,155648,1,1,25728,2576,,,
102-instcombine-patternmatch-match-n9-d16.pbqp,llvm,9,16,16,143,3984,heuristic,structured,solved-exact,completed,25047.0,16044.0,14301,29327.0,1634.0,27693.0,false,25658.0,77542.0,24112.0,20909.0,20909.0,26065.0,1.1101715143042248,0.888771439288028,19,16144,3456,0,1,0,1,0,0,111,3488,0,1,0,1,{},{},27748.0,38898.0,29327.0,9545,7645.0,49107.0,56752.0,5841.493268053856,,1.0590040804535443,0.5167571186918523,1.0.0,4,0,8,16,1,0,1,false,1,166,34,240,2704,128,960,1920,960,482,18,1676,257,0,0,0,0,0,0,0,0,0,12,0,0,0,0,16,9464,1,1,16,32,32,1088,4352,4352,0,960,1056,19456,1928,83,1352,241,17,66,1676,22440,321,0,304,0,64,2048,1,1,240,16,,,
103-instcombine-patternmatch-match-n8-d16.pbqp,llvm,8,16,16,118,3209,none,structured,solved-exact,completed,22722.0,14034.0,8403,333954.0,146130.0,187824.0,false,319484.0,362661.0,0.0,11658.0,272525.0,381456.0,1.4198721979673847,1.1422411469843152,643,2868928,85712,1000,95,94,83,3,2561312,1897,49728,4592,64,65,65,"{""7"":2,""16"":5}","{""4"":4,""5"":2,""6"":1}",821337.0,797503.0,333954.0,722698,757502.0,437982.0,1195484.0,4945.582700335318,,1.7780155890621008,0.27934627314125493,1.0.0,4,0,8,16,1,0,1,false,1,21564,5604,22128,187408,13568,65984,140288,70144,45108,3228,127040,20634,0,0,0,0,1040,57720,0,0,0,5112,296,30280,0,0,1040,617952,426,426,2376,3400,3400,79552,318064,318208,144,70144,127680,1489216,162064,10782,93704,22554,2802,7980,127040,1778960,26098,0,23296,0,4128,131072,1,1,22128,2376,,,
103-instcombine-patternmatch-match-n8-d16.pbqp,llvm,8,16,16,118,3209,heuristic,structured,solved-exact,completed,22722.0,14034.0,8403,20977.0,1543.0,19434.0,false,18694.0,45147.0,16915.0,14850.0,14850.0,19029.0,1.3094818134146924,0.9071363874719931,21,12972,3584,1000,1,0,1,0,0,87,2608,0,0,1,1,{},{},20963.0,22410.0,20977.0,5626,10078.0,46497.0,56575.0,3646.143875567077,,1.0793969332098385,0.3707821475916924,1.0.0,4,0,8,16,1,0,1,false,1,268,68,128,1552,128,448,1024,512,260,36,1040,162,0,0,0,0,16,888,0,0,0,24,0,0,0,0,16,4576,2,2,32,32,32,576,2176,2304,128,512,1600,10688,1040,134,776,130,34,100,1040,13328,210,0,176,0,32,0,1,1,128,32,,,
104-instcombine-patternmatch-match-n8-d16.pbqp,llvm,8,16,16,118,3209,none,structured,solved-exact,completed,22189.0,13723.0,8403,322785.0,146260.0,176525.0,false,302956.0,363387.0,0.0,11427.0,250784.0,344245.0,1.4902210449680127,1.0664838824604612,643,2868928,85712,1000,95,94,83,3,2561312,1897,49728,4592,64,65,65,"{""7"":2,""16"":5}","{""4"":4,""5"":2,""6"":1}",782927.0,815268.0,322785.0,722698,753387.0,439306.0,1192693.0,4941.18692738958,,1.8285511967143464,0.2706354443264109,1.0.0,4,0,8,16,1,0,1,false,1,21564,5604,22128,187408,13568,65984,140288,70144,45108,3228,127040,20634,0,0,0,0,1040,57720,0,0,0,5112,296,30280,0,0,1040,617952,426,426,2376,3400,3400,79552,318064,318208,144,70144,127680,1489216,162064,10782,93704,22554,2802,7980,127040,1778960,26098,0,23296,0,4128,131072,1,1,22128,2376,,,
104-instcombine-patternmatch-match-n8-d16.pbqp,llvm,8,16,16,118,3209,heuristic,structured,solved-exact,completed,22189.0,13723.0,8403,24544.0,1556.0,22988.0,false,19607.0,46403.0,20033.0,15325.0,15325.0,19715.0,1.1209256844850066,0.8032513037809648,21,12972,3584,1000,1,0,1,0,0,87,2608,0,0,1,1,{},{},21376.0,23755.0,24544.0,5626,10080.0,45797.0,55877.0,3615.681233933162,,1.0676874891247607,0.43925049662651894,1.0.0,4,0,8,16,1,0,1,false,1,268,68,128,1552,128,448,1024,512,260,36,1040,162,0,0,0,0,16,888,0,0,0,24,0,0,0,0,16,4576,2,2,32,32,32,576,2176,2304,128,512,1600,10688,1040,134,776,130,34,100,1040,13328,210,0,176,0,32,0,1,1,128,32,,,
105-instcombine-patternmatch-match-n4-d16.pbqp,llvm,4,5,16,46,497,none,structured,solved-exact,completed,5821.0,2647.0,1680,2869.0,1477.0,1392.0,false,2683.0,5518.0,0.0,0.0,0.0,3244.0,1.7546183339142558,1.1307075636110142,6,3656,1568,2000,0,0,0,0,0,0,0,0,1,1,2,{},{},3801.0,3589.0,2869.0,5326,12913.0,6184.0,19097.0,3605.9580230196343,,2.0610632183908044,0.15023302089333404,1.0.0,4,0,8,16,1,0,1,false,1,254,66,177,1368,88,420,904,452,360,36,991,210,0,0,0,0,16,568,0,0,0,36,0,0,0,0,14,4587,3,3,30,37,37,508,1890,2032,142,452,1504,8848,1440,127,684,180,33,94,991,11792,268,0,235,0,42,392,1,1,177,30,,,
105-instcombine-patternmatch-match-n4-d16.pbqp,llvm,4,5,16,46,497,heuristic,structured,solved-exact,completed,5821.0,2647.0,1680,7217.0,1495.0,5722.0,false,6599.0,16250.0,4435.0,4186.0,4186.0,7839.0,1.5004849660523762,1.086185395593737,12,7312,1568,2000,0,0,0,0,0,0,0,0,1,1,2,{},{},7953.0,8606.0,7217.0,5326,10543.0,27275.0,37818.0,3562.541806020067,,1.2612722824187348,0.1908350520915966,1.0.0,4,0,8,16,1,0,1,false,1,254,66,177,1368,88,420,904,452,360,36,991,210,0,0,0,0,16,568,0,0,0,36,0,0,0,0,14,4587,3,3,30,37,37,508,1890,2032,142,452,1504,8848,1440,127,684,180,33,94,991,11792,268,0,235,0,42,392,1,1,177,30,,,
106-instcombine-patternmatch-match-n11-d16.pbqp,llvm,11,17,16,175,4224,none,structured,solved-exact,completed,38810.0,24691.0,17790,295668.0,118993.0,176675.0,false,200395.0,447387.0,0.0,24400.0,134668.0,303314.0,0.9873371484232315,1.0258600863130267,363,1735332,67232,0,49,48,42,2,1524480,945,22320,2256,33,34,50,"{""16"":3}","{""4"":2,""6"":1}",431931.0,596354.0,295668.0,512148,484733.0,283221.0,767954.0,4304.017883404907,,1.6735135135135135,0.3850074353411793,1.0.0,4,0,8,16,1,0,1,false,1,13448,3364,14799,136702,8884,48000,100344,50172,30054,1910,90102,14369,0,0,0,0,543,30135,0,0,0,2736,144,14928,0,0,767,457393,228,228,1454,2221,2221,56884,226976,227536,560,50172,80672,1047808,111192,6724,68351,15027,1682,5042,90102,1239672,18124,0,16442,0,3068,98176,1,1,14799,1454,,,
106-instcombine-patternmatch-match-n11-d16.pbqp,llvm,11,17,16,175,4224,heuristic,structured,solved-exact,completed,38810.0,24691.0,17790,47523.0,4436.0,43087.0,false,42699.0,67622.0,37263.0,32969.0,32969.0,44748.0,1.586389748121962,0.9416072217663026,28,26432,3456,0,1,0,1,0,0,95,2736,0,1,2,2,{},{},52818.0,49324.0,47523.0,20484,19927.0,72081.0,92008.0,4617.673579801623,,1.1029544874324042,0.5165094339622641,1.0.0,4,0,8,16,1,0,1,false,1,520,132,511,5630,372,1920,4088,2044,1030,70,3590,577,0,0,0,0,31,1719,0,0,0,48,0,0,0,0,31,18449,4,4,62,93,93,2292,9168,9168,0,2044,3104,42624,4120,260,2815,515,66,194,3590,49848,732,0,666,0,124,3968,1,1,511,62,,,
107-instcombine-patternmatch-match-n9-d16.pbqp,llvm,9,9,16,126,1233,none,structured,solved-exact,completed,14859.0,9249.0,7312,8647.0,4696.0,3951.0,false,8269.0,13473.0,0.0,0.0,0.0,10185.0,1.5376431132184574,1.1778651555452757,14,10824,3584,2000,0,0,0,0,0,0,0,0,2,2,5,{},{},13527.0,12617.0,8647.0,20571,24109.0,12119.0,36228.0,4380.536626916524,,2.188559858263731,0.2386827867947444,1.0.0,4,0,8,16,1,0,1,false,1,620,148,664,5390,324,1828,3840,1920,1342,81,3676,738,0,0,0,0,23,1275,0,0,0,84,0,0,0,0,44,18909,7,7,67,104,104,2152,8194,8608,414,1920,3776,37776,5368,310,2695,671,74,236,3676,46920,923,0,849,0,162,3080,1,1,664,67,,,
107-instcombine-patternmatch-match-n9-d16.pbqp,llvm,9,9,16,126,1233,heuristic,structured,solved-exact,completed,14859.0,9249.0,7312,21435.0,4657.0,16778.0,false,20911.0,36023.0,13500.0,13392.0,13392.0,22947.0,1.3652904128761372,1.0705388383484955,28,21648,3584,2000,0,0,0,0,0,0,0,0,2,2,5,{},{},26414.0,29836.0,21435.0,20571,23638.0,41871.0,65509.0,4417.221387159116,,1.2775658600548336,0.32720694866354244,1.0.0,4,0,8,16,1,0,1,false,1,620,148,664,5390,324,1828,3840,1920,1342,81,3676,738,0,0,0,0,23,1275,0,0,0,84,0,0,0,0,44,18909,7,7,67,104,104,2152,8194,8608,414,1920,3776,37776,5368,310,2695,671,74,236,3676,46920,923,0,849,0,162,3080,1,1,664,67,,,
108-instcombine-patternmatch-match-n14-d16.pbqp,llvm,14,24,16,223,5984,none,structured,solved-exact,completed,38424.0,25904.0,23612,525000.0,175099.0,349901.0,false,520600.0,541251.0,0.0,32469.0,487250.0,625173.0,1.8904380952380953,1.1908057142857142,1112,8597856,174912,0,193,192,175,4,8180736,7843,219840,10048,81,82,84,"{""16"":12}","{""4"":5,""5"":4,""6"":2,""7"":1}",764385.0,1061323.0,525000.0,1000342,1047298.0,801194.0,1848492.0,5713.0080697205585,,1.5004244057604865,0.28401529462935193,1.0.0,4,0,8,16,1,0,1,false,1,31236,8196,32798,267996,18536,85760,182000,91000,67208,4904,183220,27488,0,0,0,0,1310,72702,0,0,0,9672,640,66432,0,0,1342,834338,806,806,3292,4634,4634,104296,393952,417184,23232,91000,184320,1861376,228640,15618,133998,33604,4098,11520,183220,2274336,34806,0,30708,0,5368,161536,1,1,32798,3292,,,
108-instcombine-patternmatch-match-n14-d16.pbqp,llvm,14,24,16,223,5984,heuristic,structured,solved-exact,completed,38424.0,25904.0,23612,50897.0,7424.0,43473.0,false,47976.0,81664.0,35762.0,33427.0,33427.0,48331.0,1.2461834685737863,0.9495844548794624,40,37840,3584,0,1,0,1,0,0,111,4000,0,1,2,4,{},{},56385.0,105810.0,50897.0,39030,32693.0,83346.0,116039.0,5257.273706896552,,1.1707726634922826,0.43861977438619776,1.0.0,4,0,8,16,1,0,1,false,1,836,196,990,10716,616,3840,7920,3960,1992,104,6772,1088,0,0,0,0,30,1662,0,0,0,72,0,0,0,0,62,36898,6,6,92,154,154,4456,17824,17824,0,3960,5120,81152,7968,418,5358,996,98,320,6772,94240,1366,0,1268,0,248,7936,1,1,990,92,,,
109-instcombine-patternmatch-match-n8-d16.pbqp,llvm,8,15,16,128,3840,none,structured,solved-exact,completed,36101.0,24876.0,18368,201609.0,99246.0,102363.0,false,185578.0,244322.0,0.0,15912.0,100279.0,217863.0,1.5632784250703093,1.08062140083032,359,1473888,56224,0,49,48,42,2,1257216,960,23040,2304,32,32,50,"{""16"":3}","{""4"":2,""6"":1}",398355.0,629908.0,201609.0,532402,508963.0,299391.0,808354.0,5364.468089394031,,1.9695495442689253,0.24940681928956868,1.0.0,4,0,8,16,1,0,1,false,1,13580,3364,15616,139008,9024,51200,106496,53248,31684,1908,92136,15138,0,0,0,0,512,28416,0,0,0,2712,144,15120,0,0,800,479200,226,226,1456,2256,2256,60224,240896,240896,0,53248,81728,1107968,117520,6790,69504,15842,1682,5108,92136,1307216,18994,0,17312,0,3200,102400,1,1,15616,1456,,,
109-instcombine-patternmatch-match-n8-d16.pbqp,llvm,8,15,16,128,3840,heuristic,structured,solved-exact,completed,36101.0,24876.0,18368,37629.0,3712.0,33917.0,false,35809.0,62348.0,29998.0,28445.0,28445.0,36772.0,1.153286029392224,0.9772250126232427,20,23520,3584,0,1,0,1,0,0,96,2816,0,0,0,2,{},{},45803.0,50844.0,37629.0,19330,14504.0,63026.0,77530.0,5207.435344827586,,1.1094436418315299,0.48534760737778926,1.0.0,4,0,8,16,1,0,1,false,1,332,68,512,5120,256,2048,4096,2048,1028,36,3240,546,0,0,0,0,0,0,0,0,0,24,0,0,0,0,32,19168,2,2,32,64,64,2304,9216,9216,0,2048,2112,40960,4112,166,2560,514,34,132,3240,47184,674,0,640,0,128,4096,1,1,512,32,,,
110-instcombine-patternmatch-match-n8-d16.pbqp,llvm,8,15,16,128,3840,none,structured,solved-exact,completed,37008.0,24232.0,18368,206684.0,98908.0,107776.0,false,189856.0,216201.0,0.0,15531.0,99800.0,218308.0,1.5279702347545046,1.0562404443498288,359,1473888,56224,0,49,48,42,2,1257216,960,23040,2304,32,32,50,"{""16"":3}","{""4"":2,""6"":1}",440699.0,683339.0,206684.0,532402,496131.0,312898.0,809029.0,5382.800177943139,,1.9177182304038005,0.2554716827208913,1.0.0,4,0,8,16,1,0,1,false,1,13580,3364,15616,139008,9024,51200,106496,53248,31684,1908,92136,15138,0,0,0,0,512,28416,0,0,0,2712,144,15120,0,0,800,479200,226,226,1456,2256,2256,60224,240896,240896,0,53248,81728,1107968,117520,6790,69504,15842,1682,5108,92136,1307216,18994,0,17312,0,3200,102400,1,1,15616,1456,,,
110-instcombine-patternmatch-match-n8-d16.pbqp,llvm,8,15,16,128,3840,heuristic,structured,solved-exact,completed,37008.0,24232.0,18368,41102.0,3577.0,37525.0,false,36955.0,62511.0,32568.0,28828.0,28828.0,37098.0,1.0459831638363097,0.902583815872707,20,23520,3584,0,1,0,1,0,0,96,2816,0,0,0,2,{},{},48708.0,50169.0,41102.0,19330,13895.0,63485.0,77380.0,5403.9698071009225,,1.0953231179213858,0.531170845179633,1.0.0,4,0,8,16,1,0,1,false,1,332,68,512,5120,256,2048,4096,2048,1028,36,3240,546,0,0,0,0,0,0,0,0,0,24,0,0,0,0,32,19168,2,2,32,64,64,2304,9216,9216,0,2048,2112,40960,4112,166,2560,514,34,132,3240,47184,674,0,640,0,128,4096,1,1,512,32,,,
111-instcombine-patternmatch-match-n9-d16.pbqp,llvm,9,12,16,143,2976,none,structured,solved-exact,completed,34372.0,24309.0,16703,73791.0,36183.0,37608.0,false,69285.0,83379.0,0.0,14012.0,17990.0,72910.0,1.3579975877817079,0.9880608746324078,137,473540,27904,0,17,16,14,1,386816,0,0,752,17,17,19,"{""16"":1}","{""4"":1}",127283.0,198543.0,73791.0,211332,196842.0,106275.0,303117.0,5840.643396069978,,1.9621091257179324,0.2434406516295688,1.0.0,4,0,8,16,1,0,1,false,1,5544,1412,5839,58238,3700,19264,40696,20348,11846,790,37814,5841,0,0,0,0,271,15039,0,0,0,1008,48,4976,0,0,303,187401,84,84,622,925,925,22964,87232,91856,4624,20348,33056,406016,44376,2772,29119,5923,706,2066,37814,483448,7372,0,6666,0,1212,36736,1,1,5839,622,,,
111-instcombine-patternmatch-match-n9-d16.pbqp,llvm,9,12,16,143,2976,heuristic,structured,solved-exact,completed,34372.0,24309.0,16703,41434.0,5176.0,36258.0,false,36889.0,65786.0,30503.0,27388.0,27388.0,37812.0,1.2771154124631945,0.9125838683207028,23,27568,3584,0,1,0,1,0,0,63,1488,0,1,1,3,{},{},44529.0,62542.0,41434.0,29060,24161.0,69477.0,93638.0,5614.374034003091,,1.1427547024105025,0.4424912962686089,1.0.0,4,0,8,16,1,0,1,false,1,584,132,735,8062,436,2880,5880,2940,1478,70,5062,801,0,0,0,0,15,831,0,0,0,48,0,0,0,0,47,27913,4,4,62,109,109,3316,13264,13264,0,2940,3616,60032,5912,292,4031,739,66,226,5062,69560,1004,0,938,0,188,6016,1,1,735,62,,,
112-instcombine-patternmatch-match-n14-d16.pbqp,llvm,14,26,16,223,6480,none,structured,solved-exact,completed,65044.0,41395.0,27434,1609320.0,764012.0,845308.0,false,1580802.0,1705999.0,0.0,35162.0,1631545.0,1855857.0,1.394241667288047,1.1531932741779136,2793,18594128,183360,0,382,381,112,4,17038320,5988,177168,18960,286,286,336,"{""15"":19,""16"":6}","{""4"":19,""5"":3,""7"":2,""9"":1}",2805949.0,4399867.0,1609320.0,3667592,3599382.0,2173100.0,5772482.0,4800.437689460375,,1.9038267708338263,0.2787916878736045,1.0.0,4,0,8,16,1,0,1,false,1,101606,25908,108735,964030,66064,340800,718200,359100,221096,14767,643366,103920,0,0,0,0,4575,253911,0,0,0,21756,1191,124671,0,0,5375,3213625,1813,1813,11141,16516,16516,406864,1627360,1627456,96,359100,605584,7566080,808544,50803,482015,110548,12954,37849,643366,8980208,131186,0,118232,0,21500,688000,1,1,108735,11141,,,
112-instcombine-patternmatch-match-n14-d16.pbqp,llvm,14,26,16,223,6480,heuristic,structured,solved-exact,completed,65044.0,41395.0,27434,71898.0,5901.0,65997.0,false,64609.0,99218.0,59193.0,51250.0,51250.0,66604.0,1.0558290912125512,0.9263679100948566,36,36096,3584,0,1,0,1,0,0,143,4992,0,1,1,3,{},{},69850.0,92170.0,71898.0,29060,23815.0,103111.0,126926.0,4924.589052702931,,1.0894131551434156,0.5664560452547154,1.0.0,4,0,8,16,1,0,1,false,1,584,132,735,8062,436,2880,5880,2940,1478,70,5062,801,0,0,0,0,15,831,0,0,0,48,0,0,0,0,47,27913,4,4,62,109,109,3316,13264,13264,0,2940,3616,60032,5912,292,4031,739,66,226,5062,69560,1004,0,938,0,188,6016,1,1,735,62,,,
113-instcombine-patternmatch-match-n11-d16.pbqp,llvm,11,25,16,147,3258,none,structured,solved-exact,completed,17553.0,10607.0,6763,733214.0,202139.0,531075.0,false,693077.0,805565.0,0.0,21795.0,686048.0,859587.0,1.7876227131505944,1.172354865018944,2142,14228108,203432,3000,342,341,192,5,13710928,8848,161490,10094,154,154,218,"{""7"":22,""15"":5,""16"":7}","{""4"":22,""5"":5,""6"":4,""8"":2,""11"":1}",909280.0,879534.0,733214.0,749392,1426302.0,1265798.0,2692100.0,3707.310316168577,,1.3806223226474603,0.2723576390178671,1.0.0,4,0,8,16,1,0,1,false,1,48164,13096,32718,177916,14082,48916,107072,53536,68376,8018,147228,30270,0,0,0,0,2310,81774,0,0,0,17640,1098,74124,0,0,1670,548192,1470,1470,5078,6156,6156,62998,230322,251992,21670,53536,280544,1124600,233128,24082,88958,34188,6548,17534,147228,1638272,39174,0,32626,0,5496,60368,1,1,32718,5078,,,
113-instcombine-patternmatch-match-n11-d16.pbqp,llvm,11,25,16,147,3258,heuristic,structured,solved-exact,completed,17553.0,10607.0,6763,16973.0,0,16973.0,false,16187.0,40403.0,15042.0,14281.0,14281.0,16708.0,1.7031167147823012,0.9843869675366759,25,9492,2432,3000,1,0,1,0,0,147,3258,0,0,0,0,{},{},17369.0,17505.0,16973.0,0,0,40770.0,40770.0,,,1.0,0.4163110129997547,1.0.0,4,0,8,16,1,0,1,false,1,0,0,0,0,0,0,0,0,0,0,0,0,0,0,0,0,0,0,0,0,0,0,0,0,0,0,0,0,0,0,0,0,0,0,0,0,0,0,0,0,0,0,0,0,0,0,0,0,0,0,0,0,0,0,0,0,0,0,,,
114-instcombine-patternmatch-match-n10-d16.pbqp,llvm,10,21,16,133,2739,none,structured,solved-exact,completed,13907.0,9192.0,6191,351261.0,120435.0,230826.0,false,327418.0,435849.0,0.0,10781.0,244301.0,383305.0,1.6857550368529384,1.0912256128633695,899,4812656,141536,3000,132,131,112,4,4562992,5633,95543,4074,35,35,147,"{""7"":5,""16"":6}","{""4"":5,""6"":3,""9"":2,""10"":1}",517182.0,525316.0,351261.0,456632,656515.0,562888.0,1219403.0,3791.522397974011,,1.5217566478646254,0.28805981287564486,1.0.0,4,0,8,16,1,0,1,false,1,21234,5060,15743,117090,7328,37856,77672,38836,32636,3105,85480,14592,0,0,0,0,245,13545,0,0,0,6900,393,28965,0,0,1317,396527,575,575,1955,2200,2200,45184,176080,180736,4656,38836,129392,818624,114248,10617,58545,16318,2530,8087,85480,1062264,18354,0,15824,0,3124,13720,1,1,15743,1955,,,
114-instcombine-patternmatch-match-n10-d16.pbqp,llvm,10,21,16,133,2739,heuristic,structured,solved-exact,completed,13907.0,9192.0,6191,15820.0,0,15820.0,false,15196.0,36213.0,14158.0,13232.0,13232.0,15258.0,1.645385587863464,0.9644753476611884,22,8416,2432,3000,1,0,1,0,0,133,2739,0,0,0,0,{},{},15722.0,15702.0,15820.0,0,0,36398.0,36398.0,,,1.0,0.4346392658937304,1.0.0,4,0,8,16,1,0,1,false,1,0,0,0,0,0,0,0,0,0,0,0,0,0,0,0,0,0,0,0,0,0,0,0,0,0,0,0,0,0,0,0,0,0,0,0,0,0,0,0,0,0,0,0,0,0,0,0,0,0,0,0,0,0,0,0,0,0,0,,,
115-instcombine-function-ref-callback-fn-n2-d16.pbqp,llvm,2,0,16,32,0,none,structured,solved-exact,completed,166.0,0,0,122.0,0,122.0,false,74.0,282.0,0.0,0.0,0.0,183.0,4.426229508196721,1.5,0,0,0,0,0,0,0,0,0,0,0,0,2,0,0,{},{},106.0,94.0,122.0,0,0,811.0,811.0,,,1.0,0.1504315659679408,1.0.0,4,0,8,16,1,0,1,false,1,0,0,0,0,0,0,0,0,0,0,0,0,0,0,0,0,0,0,0,0,0,0,0,0,0,0,0,0,0,0,0,0,0,0,0,0,0,0,0,0,0,0,0,0,0,0,0,0,0,0,0,0,0,0,0,0,0,0,,,
115-instcombine-function-ref-callback-fn-n2-d16.pbqp,llvm,2,0,16,32,0,heuristic,structured,solved-exact,completed,166.0,0,0,405.0,0,405.0,false,390.0,480.0,246.0,303.0,303.0,592.0,3.130864197530864,1.4617283950617284,0,0,0,0,0,0,0,0,0,0,0,0,2,0,0,{},{},395.0,397.0,405.0,0,0,1573.0,1573.0,,,1.0,0.2574698029243484,1.0.0,4,0,8,16,1,0,1,false,1,0,0,0,0,0,0,0,0,0,0,0,0,0,0,0,0,0,0,0,0,0,0,0,0,0,0,0,0,0,0,0,0,0,0,0,0,0,0,0,0,0,0,0,0,0,0,0,0,0,0,0,0,0,0,0,0,0,0,,,
116-instcombine-irbuilderbase-createcall-n41-d17.pbqp,llvm,41,278,17,524,31959,none,structured,search-node-limit,not_attempted_cpu_incomplete,102403.0,57718.0,39384,,,,,,,,,,,,,,,,,,,,,,,,,,,,,,,,,,,,,,,,,,,,,,,,,,,,,,,,,,,,,,,,,,,,,,,,,,,,,,,,,,,,,,,,,,,,,,,,,,,,,,,,,,,,,,,
116-instcombine-irbuilderbase-createcall-n41-d17.pbqp,llvm,41,278,17,524,31959,heuristic,structured,search-node-limit,not_attempted_cpu_incomplete,102403.0,57718.0,39384,,,,,,,,,,,,,,,,,,,,,,,,,,,,,,,,,,,,,,,,,,,,,,,,,,,,,,,,,,,,,,,,,,,,,,,,,,,,,,,,,,,,,,,,,,,,,,,,,,,,,,,,,,,,,,,
117-instcombine-irbuilderbase-createcall-n38-d17-r1.pbqp,llvm,38,144,17,521,20133,none,structured,search-node-limit,not_attempted_cpu_incomplete,86042.0,52267.0,29716,,,,,,,,,,,,,,,,,,,,,,,,,,,,,,,,,,,,,,,,,,,,,,,,,,,,,,,,,,,,,,,,,,,,,,,,,,,,,,,,,,,,,,,,,,,,,,,,,,,,,,,,,,,,,,,
117-instcombine-irbuilderbase-createcall-n38-d17-r1.pbqp,llvm,38,144,17,521,20133,heuristic,structured,solved-exact,completed,86042.0,52267.0,29716,105424.0,2376.0,103048.0,false,98478.0,489262.0,90506.0,82667.0,82667.0,99063.0,1.8373045985733798,0.9396626954014267,106,32844,3584,7000,1,0,1,0,0,461,19531,0,1,0,3,{},{},102534.0,108578.0,105424.0,5725,8053.0,195676.0,203729.0,2409.5117845117843,,1.023057216054654,0.5174717394185413,1.0.0,4,0,8,16,1,0,1,false,1,228,48,147,1538,77,539,1078,539,300,27,1033,171,0,0,0,0,0,0,0,0,0,36,0,0,0,0,21,5590,3,3,21,21,21,616,2408,2464,56,539,1440,10836,1200,114,769,150,24,90,1033,13476,213,0,189,0,42,0,1,1,147,21,,,
118-instcombine-irbuilderbase-createcast-n16-d16.pbqp,llvm,16,66,16,165,5686,none,structured,search-node-limit,not_attempted_cpu_incomplete,24764.0,14690.0,7894,,,,,,,,,,,,,,,,,,,,,,,,,,,,,,,,,,,,,,,,,,,,,,,,,,,,,,,,,,,,,,,,,,,,,,,,,,,,,,,,,,,,,,,,,,,,,,,,,,,,,,,,,,,,,,,
118-instcombine-irbuilderbase-createcast-n16-d16.pbqp,llvm,16,66,16,165,5686,heuristic,structured,search-node-limit,not_attempted_cpu_incomplete,24764.0,14690.0,7894,,,,,,,,,,,,,,,,,,,,,,,,,,,,,,,,,,,,,,,,,,,,,,,,,,,,,,,,,,,,,,,,,,,,,,,,,,,,,,,,,,,,,,,,,,,,,,,,,,,,,,,,,,,,,,,
119-instcombine-irbuilderbase-createicmp-n20-d17.pbqp,llvm,20,96,17,231,9403,none,structured,search-node-limit,not_attempted_cpu_incomplete,40018.0,24098.0,12513,,,,,,,,,,,,,,,,,,,,,,,,,,,,,,,,,,,,,,,,,,,,,,,,,,,,,,,,,,,,,,,,,,,,,,,,,,,,,,,,,,,,,,,,,,,,,,,,,,,,,,,,,,,,,,,
119-instcombine-irbuilderbase-createicmp-n20-d17.pbqp,llvm,20,96,17,231,9403,heuristic,structured,search-node-limit,not_attempted_cpu_incomplete,40018.0,24098.0,12513,,,,,,,,,,,,,,,,,,,,,,,,,,,,,,,,,,,,,,,,,,,,,,,,,,,,,,,,,,,,,,,,,,,,,,,,,,,,,,,,,,,,,,,,,,,,,,,,,,,,,,,,,,,,,,,
120-instcombine-irbuilderbase-createsrem-n12-d16.pbqp,llvm,12,41,16,128,3929,none,structured,search-node-limit,not_attempted_cpu_incomplete,16123.0,8871.0,5389,,,,,,,,,,,,,,,,,,,,,,,,,,,,,,,,,,,,,,,,,,,,,,,,,,,,,,,,,,,,,,,,,,,,,,,,,,,,,,,,,,,,,,,,,,,,,,,,,,,,,,,,,,,,,,,
120-instcombine-irbuilderbase-createsrem-n12-d16.pbqp,llvm,12,41,16,128,3929,heuristic,structured,solved-exact,completed,16123.0,8871.0,5389,16847.0,0,16847.0,false,15035.0,46229.0,14465.0,12606.0,12606.0,15870.0,1.9401673888526147,0.9420074790763934,31,6804,1288,5000,1,0,1,0,0,128,3929,0,0,0,0,{},{},17085.0,18720.0,16847.0,0,0,45447.0,45447.0,,,1.0,0.37069553545888617,1.0.0,4,0,8,16,1,0,1,false,1,0,0,0,0,0,0,0,0,0,0,0,0,0,0,0,0,0,0,0,0,0,0,0,0,0,0,0,0,0,0,0,0,0,0,0,0,0,0,0,0,0,0,0,0,0,0,0,0,0,0,0,0,0,0,0,0,0,0,,,
121-instcombine-irbuilderbase-createurem-n12-d16.pbqp,llvm,12,41,16,128,3929,none,structured,search-node-limit,not_attempted_cpu_incomplete,15992.0,8591.0,5389,,,,,,,,,,,,,,,,,,,,,,,,,,,,,,,,,,,,,,,,,,,,,,,,,,,,,,,,,,,,,,,,,,,,,,,,,,,,,,,,,,,,,,,,,,,,,,,,,,,,,,,,,,,,,,,
121-instcombine-irbuilderbase-createurem-n12-d16.pbqp,llvm,12,41,16,128,3929,heuristic,structured,solved-exact,completed,15992.0,8591.0,5389,15354.0,0,15354.0,false,13993.0,44891.0,13085.0,11615.0,11615.0,14286.0,2.0827797316660153,0.930441578741696,31,6804,1288,5000,1,0,1,0,0,128,3929,0,0,0,0,{},{},15568.0,18268.0,15354.0,0,0,47043.0,47043.0,,,1.0,0.32638224603022764,1.0.0,4,0,8,16,1,0,1,false,1,0,0,0,0,0,0,0,0,0,0,0,0,0,0,0,0,0,0,0,0,0,0,0,0,0,0,0,0,0,0,0,0,0,0,0,0,0,0,0,0,0,0,0,0,0,0,0,0,0,0,0,0,0,0,0,0,0,0,,,
122-instcombine-irbuilderbase-createzext-n13-d16.pbqp,llvm,13,54,16,135,4916,none,structured,search-node-limit,not_attempted_cpu_incomplete,20608.0,11705.0,6608,,,,,,,,,,,,,,,,,,,,,,,,,,,,,,,,,,,,,,,,,,,,,,,,,,,,,,,,,,,,,,,,,,,,,,,,,,,,,,,,,,,,,,,,,,,,,,,,,,,,,,,,,,,,,,,
122-instcombine-irbuilderbase-createzext-n13-d16.pbqp,llvm,13,54,16,135,4916,heuristic,structured,solved-exact,completed,20608.0,11705.0,6608,20372.0,0,20372.0,false,18655.0,28135.0,17550.0,60156.0,60156.0,66451.0,1.9505203220106029,3.261879049676026,34,8292,1288,6000,1,0,1,0,0,135,4916,0,0,0,0,{},{},21395.0,20939.0,20372.0,0,0,31203.0,31203.0,,,1.0,0.6528859404544435,1.0.0,4,0,8,16,1,0,1,false,1,0,0,0,0,0,0,0,0,0,0,0,0,0,0,0,0,0,0,0,0,0,0,0,0,0,0,0,0,0,0,0,0,0,0,0,0,0,0,0,0,0,0,0,0,0,0,0,0,0,0,0,0,0,0,0,0,0,0,,,
123-instcombine-irbuilderbase-createfpext-n7-d16.pbqp,llvm,7,10,16,96,1627,none,structured,solved-exact,completed,7298.0,3963.0,2972,83888.0,33143.0,50745.0,false,75977.0,123897.0,0.0,4694.0,49440.0,93179.0,1.8930478733549494,1.1107548159450695,291,945348,41680,0,45,44,38,2,869440,720,12885,1720,30,28,28,"{""14"":2,""16"":1}","{""4"":2,""5"":1}",137765.0,143053.0,83888.0,154992,225857.0,153227.0,379084.0,4676.462601454304,,1.6531283870332052,0.22129132329510082,1.0.0,4,0,8,16,1,0,1,false,1,7168,1880,5080,40152,3808,12320,26320,13160,10568,1144,28944,4448,0,0,0,0,280,12740,0,0,0,2448,148,12332,0,0,308,123508,204,204,736,1044,1044,16128,52848,64512,11664,13160,42304,262624,35392,3584,20076,5284,940,2644,28944,340320,6108,0,5168,0,1232,32032,1,1,5080,736,,,
123-instcombine-irbuilderbase-createfpext-n7-d16.pbqp,llvm,7,10,16,96,1627,heuristic,structured,solved-exact,completed,7298.0,3963.0,2972,7577.0,0,7577.0,false,6671.0,53141.0,6559.0,5777.0,5777.0,7095.0,1.6740134617922662,0.9363864326250495,10,3680,1936,0,1,0,1,0,0,64,1627,0,2,0,0,{},{},6622.0,8707.0,7577.0,0,0,21248.0,21248.0,,,1.0,0.35659826807228917,1.0.0,4,0,8,16,1,0,1,false,1,0,0,0,0,0,0,0,0,0,0,0,0,0,0,0,0,0,0,0,0,0,0,0,0,0,0,0,0,0,0,0,0,0,0,0,0,0,0,0,0,0,0,0,0,0,0,0,0,0,0,0,0,0,0,0,0,0,0,,,
124-instcombine-irbuilderbase-createisneg-n5-d16.pbqp,llvm,5,9,16,50,756,none,structured,solved-exact,completed,4670.0,2265.0,1370,37112.0,12195.0,24917.0,false,34960.0,38430.0,0.0,3791.0,24397.0,48317.0,2.1739868506143565,1.3019239060142271,179,525108,34360,3000,31,30,24,2,492000,510,6300,714,14,14,14,"{""7"":2,""16"":1}","{""4"":2,""5"":1}",41021.0,41543.0,37112.0,45970,101797.0,77743.0,179540.0,3769.5776957769576,,1.4894248906369145,0.20670602651219783,1.0.0,4,0,8,16,1,0,1,false,1,3500,976,2170,10548,964,2548,5824,2912,4576,606,9312,2034,0,0,0,0,182,6440,0,0,0,1416,90,5482,0,0,98,30562,118,118,370,468,468,3512,12278,14048,1770,2912,20192,62552,15448,1750,5274,2288,488,1262,9312,98192,2698,0,2210,0,392,5488,1,1,2170,370,,,
124-instcombine-irbuilderbase-createisneg-n5-d16.pbqp,llvm,5,9,16,50,756,heuristic,structured,solved-exact,completed,4670.0,2265.0,1370,4933.0,0,4933.0,false,4622.0,8457.0,4230.0,4119.0,4119.0,5128.0,1.932900871680519,1.0395296979525643,10,3080,1400,3000,1,0,1,0,0,50,756,0,0,0,0,{},{},4327.0,4482.0,4933.0,0,0,13624.0,13624.0,,,1.0,0.3620816206694069,1.0.0,4,0,8,16,1,0,1,false,1,0,0,0,0,0,0,0,0,0,0,0,0,0,0,0,0,0,0,0,0,0,0,0,0,0,0,0,0,0,0,0,0,0,0,0,0,0,0,0,0,0,0,0,0,0,0,0,0,0,0,0,0,0,0,0,0,0,0,,,
125-instcombine-irbuilderbase-createnuwadd-n12-d16.pbqp,llvm,12,41,16,126,3841,none,structured,search-node-limit,not_attempted_cpu_incomplete,14712.0,8433.0,5291,,,,,,,,,,,,,,,,,,,,,,,,,,,,,,,,,,,,,,,,,,,,,,,,,,,,,,,,,,,,,,,,,,,,,,,,,,,,,,,,,,,,,,,,,,,,,,,,,,,,,,,,,,,,,,,
125-instcombine-irbuilderbase-createnuwadd-n12-d16.pbqp,llvm,12,41,16,126,3841,heuristic,structured,solved-exact,completed,14712.0,8433.0,5291,16442.0,0,16442.0,false,14601.0,55750.0,14095.0,12526.0,12526.0,15382.0,1.965697603697847,0.9355309573044642,31,6764,1288,5000,1,0,1,0,0,126,3841,0,0,0,0,{},{},16938.0,16102.0,16442.0,0,0,44379.0,44379.0,,,1.0,0.37049054733094483,1.0.0,4,0,8,16,1,0,1,false,1,0,0,0,0,0,0,0,0,0,0,0,0,0,0,0,0,0,0,0,0,0,0,0,0,0,0,0,0,0,0,0,0,0,0,0,0,0,0,0,0,0,0,0,0,0,0,0,0,0,0,0,0,0,0,0,0,0,0,,,
126-instcombine-irbuilderbase-createfaddfmf-n16-d16.pbqp,llvm,16,66,16,169,5812,none,structured,search-node-limit,not_attempted_cpu_incomplete,25108.0,13272.0,7715,,,,,,,,,,,,,,,,,,,,,,,,,,,,,,,,,,,,,,,,,,,,,,,,,,,,,,,,,,,,,,,,,,,,,,,,,,,,,,,,,,,,,,,,,,,,,,,,,,,,,,,,,,,,,,,
126-instcombine-irbuilderbase-createfaddfmf-n16-d16.pbqp,llvm,16,66,16,169,5812,heuristic,structured,search-node-limit,not_attempted_cpu_incomplete,25108.0,13272.0,7715,,,,,,,,,,,,,,,,,,,,,,,,,,,,,,,,,,,,,,,,,,,,,,,,,,,,,,,,,,,,,,,,,,,,,,,,,,,,,,,,,,,,,,,,,,,,,,,,,,,,,,,,,,,,,,,
127-instcombine-irbuilderbase-createfdivfmf-n16-d16.pbqp,llvm,16,66,16,169,5812,none,structured,search-node-limit,not_attempted_cpu_incomplete,23587.0,12758.0,7715,,,,,,,,,,,,,,,,,,,,,,,,,,,,,,,,,,,,,,,,,,,,,,,,,,,,,,,,,,,,,,,,,,,,,,,,,,,,,,,,,,,,,,,,,,,,,,,,,,,,,,,,,,,,,,,
127-instcombine-irbuilderbase-createfdivfmf-n16-d16.pbqp,llvm,16,66,16,169,5812,heuristic,structured,search-node-limit,not_attempted_cpu_incomplete,23587.0,12758.0,7715,,,,,,,,,,,,,,,,,,,,,,,,,,,,,,,,,,,,,,,,,,,,,,,,,,,,,,,,,,,,,,,,,,,,,,,,,,,,,,,,,,,,,,,,,,,,,,,,,,,,,,,,,,,,,,,
128-instcombine-irbuilderbase-createfmulfmf-n16-d16.pbqp,llvm,16,66,16,169,5812,none,structured,search-node-limit,not_attempted_cpu_incomplete,23147.0,12651.0,7715,,,,,,,,,,,,,,,,,,,,,,,,,,,,,,,,,,,,,,,,,,,,,,,,,,,,,,,,,,,,,,,,,,,,,,,,,,,,,,,,,,,,,,,,,,,,,,,,,,,,,,,,,,,,,,,
128-instcombine-irbuilderbase-createfmulfmf-n16-d16.pbqp,llvm,16,66,16,169,5812,heuristic,structured,search-node-limit,not_attempted_cpu_incomplete,23147.0,12651.0,7715,,,,,,,,,,,,,,,,,,,,,,,,,,,,,,,,,,,,,,,,,,,,,,,,,,,,,,,,,,,,,,,,,,,,,,,,,,,,,,,,,,,,,,,,,,,,,,,,,,,,,,,,,,,,,,,
129-instcombine-irbuilderbase-createfnegfmf-n14-d16.pbqp,llvm,14,56,16,149,5315,none,structured,search-node-limit,not_attempted_cpu_incomplete,20829.0,11619.0,7206,,,,,,,,,,,,,,,,,,,,,,,,,,,,,,,,,,,,,,,,,,,,,,,,,,,,,,,,,,,,,,,,,,,,,,,,,,,,,,,,,,,,,,,,,,,,,,,,,,,,,,,,,,,,,,,
129-instcombine-irbuilderbase-createfnegfmf-n14-d16.pbqp,llvm,14,56,16,149,5315,heuristic,structured,solved-exact,completed,20829.0,11619.0,7206,23720.0,0,23720.0,false,21461.0,32017.0,20512.0,17863.0,17863.0,22254.0,1.795531197301855,0.938195615514334,37,9328,1976,6000,1,0,1,0,0,149,5315,0,0,0,0,{},{},22977.0,23320.0,23720.0,0,0,35935.0,35935.0,,,1.0,0.660080701266175,1.0.0,4,0,8,16,1,0,1,false,1,0,0,0,0,0,0,0,0,0,0,0,0,0,0,0,0,0,0,0,0,0,0,0,0,0,0,0,0,0,0,0,0,0,0,0,0,0,0,0,0,0,0,0,0,0,0,0,0,0,0,0,0,0,0,0,0,0,0,,,
130-instcombine-irbuilderbase-createfptrunc-n7-d16.pbqp,llvm,7,10,16,96,1627,none,structured,solved-exact,completed,7181.0,3738.0,2972,79794.0,32046.0,47748.0,false,75898.0,104686.0,0.0,5216.0,48903.0,90126.0,1.8791387823645889,1.1294834198060004,291,945348,41680,0,45,44,38,2,869440,720,12885,1720,30,28,28,"{""14"":2,""16"":1}","{""4"":2,""5"":1}",150575.0,155165.0,79794.0,154992,229230.0,147941.0,377171.0,4836.547463021906,,1.6711485297813522,0.21155921319507598,1.0.0,4,0,8,16,1,0,1,false,1,7168,1880,5080,40152,3808,12320,26320,13160,10568,1144,28944,4448,0,0,0,0,280,12740,0,0,0,2448,148,12332,0,0,308,123508,204,204,736,1044,1044,16128,52848,64512,11664,13160,42304,262624,35392,3584,20076,5284,940,2644,28944,340320,6108,0,5168,0,1232,32032,1,1,5080,736,,,
130-instcombine-irbuilderbase-createfptrunc-n7-d16.pbqp,llvm,7,10,16,96,1627,heuristic,structured,solved-exact,completed,7181.0,3738.0,2972,6634.0,0,6634.0,false,6324.0,18315.0,5612.0,5533.0,5533.0,7052.0,1.9657823334338258,1.0630087428399155,10,3680,1936,0,1,0,1,0,0,64,1627,0,2,0,0,{},{},6882.0,8549.0,6634.0,0,0,21926.0,21926.0,,,1.0,0.3025631670163276,1.0.0,4,0,8,16,1,0,1,false,1,0,0,0,0,0,0,0,0,0,0,0,0,0,0,0,0,0,0,0,0,0,0,0,0,0,0,0,0,0,0,0,0,0,0,0,0,0,0,0,0,0,0,0,0,0,0,0,0,0,0,0,0,0,0,0,0,0,0,,,
131-instcombine-irbuilderbase-createfsubfmf-n16-d16.pbqp,llvm,16,66,16,169,5812,none,structured,search-node-limit,not_attempted_cpu_incomplete,23142.0,12282.0,7715,,,,,,,,,,,,,,,,,,,,,,,,,,,,,,,,,,,,,,,,,,,,,,,,,,,,,,,,,,,,,,,,,,,,,,,,,,,,,,,,,,,,,,,,,,,,,,,,,,,,,,,,,,,,,,,
131-instcombine-irbuilderbase-createfsubfmf-n16-d16.pbqp,llvm,16,66,16,169,5812,heuristic,structured,search-node-limit,not_attempted_cpu_incomplete,23142.0,12282.0,7715,,,,,,,,,,,,,,,,,,,,,,,,,,,,,,,,,,,,,,,,,,,,,,,,,,,,,,,,,,,,,,,,,,,,,,,,,,,,,,,,,,,,,,,,,,,,,,,,,,,,,,,,,,,,,,,
132-instcombine-irbuilderbase-createbinopfmf-n16-d16.pbqp,llvm,16,66,16,172,5882,none,structured,search-node-limit,not_attempted_cpu_incomplete,23599.0,13386.0,8226,,,,,,,,,,,,,,,,,,,,,,,,,,,,,,,,,,,,,,,,,,,,,,,,,,,,,,,,,,,,,,,,,,,,,,,,,,,,,,,,,,,,,,,,,,,,,,,,,,,,,,,,,,,,,,,
132-instcombine-irbuilderbase-createbinopfmf-n16-d16.pbqp,llvm,16,66,16,172,5882,heuristic,structured,search-node-limit,not_attempted_cpu_incomplete,23599.0,13386.0,8226,,,,,,,,,,,,,,,,,,,,,,,,,,,,,,,,,,,,,,,,,,,,,,,,,,,,,,,,,,,,,,,,,,,,,,,,,,,,,,,,,,,,,,,,,,,,,,,,,,,,,,,,,,,,,,,
133-instcombine-irbuilderbase-createisnotneg-n5-d16.pbqp,llvm,5,9,16,50,756,none,structured,solved-exact,completed,4534.0,2170.0,1370,36302.0,11608.0,24694.0,false,34363.0,37214.0,0.0,3821.0,23847.0,47539.0,2.3086606798523497,1.3095421739849045,179,525108,34360,3000,31,30,24,2,492000,510,6300,714,14,14,14,"{""7"":2,""16"":1}","{""4"":2,""5"":1}",44032.0,45533.0,36302.0,45970,111087.0,126401.0,237488.0,3960.199862164025,,1.470073702113874,0.15285824967998382,1.0.0,4,0,8,16,1,0,1,false,1,3500,976,2170,10548,964,2548,5824,2912,4576,606,9312,2034,0,0,0,0,182,6440,0,0,0,1416,90,5482,0,0,98,30562,118,118,370,468,468,3512,12278,14048,1770,2912,20192,62552,15448,1750,5274,2288,488,1262,9312,98192,2698,0,2210,0,392,5488,1,1,2170,370,,,
133-instcombine-irbuilderbase-createisnotneg-n5-d16.pbqp,llvm,5,9,16,50,756,heuristic,structured,solved-exact,completed,4534.0,2170.0,1370,4428.0,0,4428.0,false,4384.0,7508.0,3754.0,3825.0,3825.0,4727.0,2.053974706413731,1.0675248419150858,10,3080,1400,3000,1,0,1,0,0,50,756,0,0,0,0,{},{},4374.0,4509.0,4428.0,0,0,14244.0,14244.0,,,1.0,0.3108677337826453,1.0.0,4,0,8,16,1,0,1,false,1,0,0,0,0,0,0,0,0,0,0,0,0,0,0,0,0,0,0,0,0,0,0,0,0,0,0,0,0,0,0,0,0,0,0,0,0,0,0,0,0,0,0,0,0,0,0,0,0,0,0,0,0,0,0,0,0,0,0,,,
134-instcombine-irbuilderbase-createisnotnull-n5-d16.pbqp,llvm,5,9,16,50,756,none,structured,solved-exact,completed,4701.0,2237.0,1370,36171.0,11225.0,24946.0,false,34822.0,37624.0,0.0,3586.0,23299.0,46339.0,2.171242155317796,1.2811091758591135,179,525108,34360,3000,31,30,24,2,492000,510,6300,714,14,14,14,"{""7"":2,""16"":1}","{""4"":2,""5"":1}",41112.0,38555.0,36171.0,45970,113285.0,97556.0,210841.0,4095.32293986637,,1.4499719393890804,0.171555816942625,1.0.0,4,0,8,16,1,0,1,false,1,3500,976,2170,10548,964,2548,5824,2912,4576,606,9312,2034,0,0,0,0,182,6440,0,0,0,1416,90,5482,0,0,98,30562,118,118,370,468,468,3512,12278,14048,1770,2912,20192,62552,15448,1750,5274,2288,488,1262,9312,98192,2698,0,2210,0,392,5488,1,1,2170,370,,,
134-instcombine-irbuilderbase-createisnotnull-n5-d16.pbqp,llvm,5,9,16,50,756,heuristic,structured,solved-exact,completed,4701.0,2237.0,1370,4501.0,0,4501.0,false,4284.0,7488.0,3829.0,3792.0,3792.0,4699.0,2.062874916685181,1.043990224394579,10,3080,1400,3000,1,0,1,0,0,50,756,0,0,0,0,{},{},4594.0,4292.0,4501.0,0,0,15966.0,15966.0,,,1.0,0.2819115620693975,1.0.0,4,0,8,16,1,0,1,false,1,0,0,0,0,0,0,0,0,0,0,0,0,0,0,0,0,0,0,0,0,0,0,0,0,0,0,0,0,0,0,0,0,0,0,0,0,0,0,0,0,0,0,0,0,0,0,0,0,0,0,0,0,0,0,0,0,0,0,,,
135-instcombine-irbuilderbase-createdisjointor-n12-d16.pbqp,llvm,12,41,16,128,3929,none,structured,search-node-limit,not_attempted_cpu_incomplete,17303.0,9262.0,5389,,,,,,,,,,,,,,,,,,,,,,,,,,,,,,,,,,,,,,,,,,,,,,,,,,,,,,,,,,,,,,,,,,,,,,,,,,,,,,,,,,,,,,,,,,,,,,,,,,,,,,,,,,,,,,,
135-instcombine-irbuilderbase-createdisjointor-n12-d16.pbqp,llvm,12,41,16,128,3929,heuristic,structured,solved-exact,completed,17303.0,9262.0,5389,16811.0,0,16811.0,false,14538.0,50961.0,14376.0,11819.0,11819.0,14322.0,1.8580691214086016,0.851942180715008,31,6804,1288,5000,1,0,1,0,0,128,3929,0,0,0,0,{},{},16590.0,18513.0,16811.0,0,0,75648.0,75648.0,,,1.0,0.2222266285956007,1.0.0,4,0,8,16,1,0,1,false,1,0,0,0,0,0,0,0,0,0,0,0,0,0,0,0,0,0,0,0,0,0,0,0,0,0,0,0,0,0,0,0,0,0,0,0,0,0,0,0,0,0,0,0,0,0,0,0,0,0,0,0,0,0,0,0,0,0,0,,,
136-instcombine-irbuilderbase-createzextortrunc-n26-d16.pbqp,llvm,26,106,16,315,10732,none,structured,search-node-limit,not_attempted_cpu_incomplete,41350.0,25253.0,14268,,,,,,,,,,,,,,,,,,,,,,,,,,,,,,,,,,,,,,,,,,,,,,,,,,,,,,,,,,,,,,,,,,,,,,,,,,,,,,,,,,,,,,,,,,,,,,,,,,,,,,,,,,,,,,,
136-instcombine-irbuilderbase-createzextortrunc-n26-d16.pbqp,llvm,26,106,16,315,10732,heuristic,structured,solved-exact,completed,41350.0,25253.0,14268,50565.0,0,50565.0,false,48015.0,104990.0,44097.0,37207.0,37207.0,43900.0,1.9081578166716109,0.868189459112034,73,17252,2208,7000,1,0,1,0,0,315,10732,0,0,0,0,{},{},51734.0,48342.0,50565.0,0,0,104723.0,104723.0,,,1.0,0.4828452202477011,1.0.0,4,0,8,16,1,0,1,false,1,0,0,0,0,0,0,0,0,0,0,0,0,0,0,0,0,0,0,0,0,0,0,0,0,0,0,0,0,0,0,0,0,0,0,0,0,0,0,0,0,0,0,0,0,0,0,0,0,0,0,0,0,0,0,0,0,0,0,,,
137-instcombine-irbuilderbase-createadd-n14-d16.pbqp,llvm,14,66,16,140,5654,none,structured,search-node-limit,not_attempted_cpu_incomplete,24077.0,14487.0,7538,,,,,,,,,,,,,,,,,,,,,,,,,,,,,,,,,,,,,,,,,,,,,,,,,,,,,,,,,,,,,,,,,,,,,,,,,,,,,,,,,,,,,,,,,,,,,,,,,,,,,,,,,,,,,,,
137-instcombine-irbuilderbase-createadd-n14-d16.pbqp,llvm,14,66,16,140,5654,heuristic,structured,search-node-limit,not_attempted_cpu_incomplete,24077.0,14487.0,7538,,,,,,,,,,,,,,,,,,,,,,,,,,,,,,,,,,,,,,,,,,,,,,,,,,,,,,,,,,,,,,,,,,,,,,,,,,,,,,,,,,,,,,,,,,,,,,,,,,,,,,,,,,,,,,,
138-instcombine-irbuilderbase-createand-n12-d16.pbqp,llvm,12,41,16,128,3929,none,structured,search-node-limit,not_attempted_cpu_incomplete,15786.0,8661.0,5389,,,,,,,,,,,,,,,,,,,,,,,,,,,,,,,,,,,,,,,,,,,,,,,,,,,,,,,,,,,,,,,,,,,,,,,,,,,,,,,,,,,,,,,,,,,,,,,,,,,,,,,,,,,,,,,
138-instcombine-irbuilderbase-createand-n12-d16.pbqp,llvm,12,41,16,128,3929,heuristic,structured,solved-exact,completed,15786.0,8661.0,5389,16049.0,0,16049.0,false,14426.0,48657.0,13625.0,12029.0,12029.0,14711.0,2.0300330238644153,0.9166303196460839,31,6804,1288,5000,1,0,1,0,0,128,3929,0,0,0,0,{},{},14831.0,15372.0,16049.0,0,0,46068.0,46068.0,,,1.0,0.34837631327602675,1.0.0,4,0,8,16,1,0,1,false,1,0,0,0,0,0,0,0,0,0,0,0,0,0,0,0,0,0,0,0,0,0,0,0,0,0,0,0,0,0,0,0,0,0,0,0,0,0,0,0,0,0,0,0,0,0,0,0,0,0,0,0,0,0,0,0,0,0,0,,,
139-instcombine-irbuilderbase-createmul-n14-d16.pbqp,llvm,14,66,16,140,5654,none,structured,search-node-limit,not_attempted_cpu_incomplete,24121.0,14012.0,7538,,,,,,,,,,,,,,,,,,,,,,,,,,,,,,,,,,,,,,,,,,,,,,,,,,,,,,,,,,,,,,,,,,,,,,,,,,,,,,,,,,,,,,,,,,,,,,,,,,,,,,,,,,,,,,,
139-instcombine-irbuilderbase-createmul-n14-d16.pbqp,llvm,14,66,16,140,5654,heuristic,structured,search-node-limit,not_attempted_cpu_incomplete,24121.0,14012.0,7538,,,,,,,,,,,,,,,,,,,,,,,,,,,,,,,,,,,,,,,,,,,,,,,,,,,,,,,,,,,,,,,,,,,,,,,,,,,,,,,,,,,,,,,,,,,,,,,,,,,,,,,,,,,,,,,
140-instcombine-irbuilderbase-createneg-n14-d16.pbqp,llvm,14,57,16,149,5171,none,structured,search-node-limit,not_attempted_cpu_incomplete,25129.0,13215.0,6923,,,,,,,,,,,,,,,,,,,,,,,,,,,,,,,,,,,,,,,,,,,,,,,,,,,,,,,,,,,,,,,,,,,,,,,,,,,,,,,,,,,,,,,,,,,,,,,,,,,,,,,,,,,,,,,
140-instcombine-irbuilderbase-createneg-n14-d16.pbqp,llvm,14,57,16,149,5171,heuristic,structured,solved-exact,completed,25129.0,13215.0,6923,22096.0,0,22096.0,false,19531.0,31509.0,18901.0,17405.0,17405.0,20882.0,1.9323406951484432,0.9450579290369298,37,8800,1288,6000,1,0,1,0,0,149,5171,0,0,0,0,{},{},23921.0,21741.0,22096.0,0,0,30938.0,30938.0,,,1.0,0.7142025987458789,1.0.0,4,0,8,16,1,0,1,false,1,0,0,0,0,0,0,0,0,0,0,0,0,0,0,0,0,0,0,0,0,0,0,0,0,0,0,0,0,0,0,0,0,0,0,0,0,0,0,0,0,0,0,0,0,0,0,0,0,0,0,0,0,0,0,0,0,0,0,,,
141-instcombine-irbuilderbase-createnot-n13-d16.pbqp,llvm,13,44,16,144,4265,none,structured,search-node-limit,not_attempted_cpu_incomplete,18832.0,9065.0,5794,,,,,,,,,,,,,,,,,,,,,,,,,,,,,,,,,,,,,,,,,,,,,,,,,,,,,,,,,,,,,,,,,,,,,,,,,,,,,,,,,,,,,,,,,,,,,,,,,,,,,,,,,,,,,,,
141-instcombine-irbuilderbase-createnot-n13-d16.pbqp,llvm,13,44,16,144,4265,heuristic,structured,solved-exact,completed,18832.0,9065.0,5794,16121.0,0,16121.0,false,15714.0,24389.0,13598.0,13419.0,13419.0,16866.0,2.2058184976118107,1.0462130140810124,34,7300,1288,5000,1,0,1,0,0,144,4265,0,0,0,0,{},{},16276.0,17568.0,16121.0,0,0,26746.0,26746.0,,,1.0,0.6027443356015852,1.0.0,4,0,8,16,1,0,1,false,1,0,0,0,0,0,0,0,0,0,0,0,0,0,0,0,0,0,0,0,0,0,0,0,0,0,0,0,0,0,0,0,0,0,0,0,0,0,0,0,0,0,0,0,0,0,0,0,0,0,0,0,0,0,0,0,0,0,0,,,
142-instcombine-irbuilderbase-createshl-n14-d16.pbqp,llvm,14,66,16,140,5654,none,structured,search-node-limit,not_attempted_cpu_incomplete,24047.0,13536.0,7538,,,,,,,,,,,,,,,,,,,,,,,,,,,,,,,,,,,,,,,,,,,,,,,,,,,,,,,,,,,,,,,,,,,,,,,,,,,,,,,,,,,,,,,,,,,,,,,,,,,,,,,,,,,,,,,
142-instcombine-irbuilderbase-createshl-n14-d16.pbqp,llvm,14,66,16,140,5654,heuristic,structured,search-node-limit,not_attempted_cpu_incomplete,24047.0,13536.0,7538,,,,,,,,,,,,,,,,,,,,,,,,,,,,,,,,,,,,,,,,,,,,,,,,,,,,,,,,,,,,,,,,,,,,,,,,,,,,,,,,,,,,,,,,,,,,,,,,,,,,,,,,,,,,,,,
143-instcombine-irbuilderbase-createshl-n8-d16.pbqp,llvm,8,26,16,79,2254,none,structured,solved-exact,completed,10016.0,5487.0,3312,280526.0,50878.0,229648.0,false,267478.0,323989.0,0.0,8625.0,259630.0,336449.0,1.8785816644446505,1.1993505058354663,858,6477312,191248,5000,169,168,140,5,6351744,5529,100940,6580,42,42,42,"{""7"":12,""14"":6}","{""4"":6,""5"":5,""6"":4,""7"":2,""8"":1}",305283.0,307924.0,280526.0,200886,500383.0,545307.0,1045690.0,3948.3863359408783,,1.2215477600501636,0.26826879859231706,1.0.0,4,0,8,16,1,0,1,false,1,17276,4900,11956,41440,4312,9408,21504,10752,25480,3234,42098,8526,0,0,0,0,672,23856,0,0,0,9408,700,47964,0,0,294,109074,784,784,1666,1960,1960,13720,48328,54880,6552,10752,99008,254912,75600,8638,20720,12740,2450,6188,42098,429520,11074,0,8624,0,1176,16464,1,1,11956,1666,,,
143-instcombine-irbuilderbase-createshl-n8-d16.pbqp,llvm,8,26,16,79,2254,heuristic,structured,solved-exact,completed,10016.0,5487.0,3312,9893.0,0,9893.0,false,9611.0,14972.0,8393.0,8176.0,8176.0,10833.0,1.9724047306176085,1.0950166784595168,19,5524,1568,5000,1,0,1,0,0,79,2254,0,0,0,0,{},{},9530.0,9865.0,9893.0,0,0,15610.0,15610.0,,,1.0,0.6337604099935938,1.0.0,4,0,8,16,1,0,1,false,1,0,0,0,0,0,0,0,0,0,0,0,0,0,0,0,0,0,0,0,0,0,0,0,0,0,0,0,0,0,0,0,0,0,0,0,0,0,0,0,0,0,0,0,0,0,0,0,0,0,0,0,0,0,0,0,0,0,0,,,
144-instcombine-irbuilderbase-createsub-n14-d16.pbqp,llvm,14,66,16,140,5654,none,structured,search-node-limit,not_attempted_cpu_incomplete,23328.0,14247.0,7538,,,,,,,,,,,,,,,,,,,,,,,,,,,,,,,,,,,,,,,,,,,,,,,,,,,,,,,,,,,,,,,,,,,,,,,,,,,,,,,,,,,,,,,,,,,,,,,,,,,,,,,,,,,,,,,
144-instcombine-irbuilderbase-createsub-n14-d16.pbqp,llvm,14,66,16,140,5654,heuristic,structured,search-node-limit,not_attempted_cpu_incomplete,23328.0,14247.0,7538,,,,,,,,,,,,,,,,,,,,,,,,,,,,,,,,,,,,,,,,,,,,,,,,,,,,,,,,,,,,,,,,,,,,,,,,,,,,,,,,,,,,,,,,,,,,,,,,,,,,,,,,,,,,,,,
145-instcombine-irbuilderbase-createxor-n12-d16.pbqp,llvm,12,41,16,128,3929,none,structured,search-node-limit,not_attempted_cpu_incomplete,16476.0,8386.0,5389,,,,,,,,,,,,,,,,,,,,,,,,,,,,,,,,,,,,,,,,,,,,,,,,,,,,,,,,,,,,,,,,,,,,,,,,,,,,,,,,,,,,,,,,,,,,,,,,,,,,,,,,,,,,,,,
145-instcombine-irbuilderbase-createxor-n12-d16.pbqp,llvm,12,41,16,128,3929,heuristic,structured,solved-exact,completed,16476.0,8386.0,5389,15213.0,0,15213.0,false,14561.0,45829.0,12968.0,12241.0,12241.0,14925.0,2.1439558272530075,0.9810688227174127,31,6804,1288,5000,1,0,1,0,0,128,3929,0,0,0,0,{},{},14455.0,16790.0,15213.0,0,0,46873.0,46873.0,,,1.0,0.3245578478015062,1.0.0,4,0,8,16,1,0,1,false,1,0,0,0,0,0,0,0,0,0,0,0,0,0,0,0,0,0,0,0,0,0,0,0,0,0,0,0,0,0,0,0,0,0,0,0,0,0,0,0,0,0,0,0,0,0,0,0,0,0,0,0,0,0,0,0,0,0,0,,,
146-instcombine-unaryoperator-createfnegfmf-n6-d15.pbqp,llvm,6,11,15,68,1518,none,structured,solved-exact,completed,9266.0,4651.0,3518,54293.0,22753.0,31540.0,false,50165.0,58015.0,0.0,6360.0,33605.0,61002.0,1.8738879781924005,1.1235702576759434,177,552904,37488,2000,30,29,23,2,504600,644,10906,1236,14,15,14,"{""7"":2,""15"":1}","{""4"":2,""5"":1}",110338.0,107318.0,54293.0,107089,147240.0,102678.0,249918.0,4706.588142223003,,1.7214013950538998,0.21724325578789844,1.0.0,4,0,8,16,1,0,1,false,1,4472,1180,3595,27442,2491,8736,18844,9422,7452,721,19683,3051,0,0,0,0,175,9319,0,0,0,1572,102,8713,0,0,182,84994,131,131,459,641,641,11227,39141,44908,5767,9422,26336,190824,24864,2236,13721,3726,590,1646,19683,242024,4056,0,3466,0,728,20384,1,1,3595,459,,,
146-instcombine-unaryoperator-createfnegfmf-n6-d15.pbqp,llvm,6,11,15,68,1518,heuristic,structured,solved-exact,completed,9266.0,4651.0,3518,8128.0,172.0,7956.0,false,7626.0,21493.0,6932.0,7077.0,7077.0,8891.0,1.7397883858267718,1.093873031496063,14,5132,2496,2000,1,0,1,0,0,61,1469,0,0,1,0,{},{},8147.0,8298.0,8128.0,292,2319.0,22935.0,25254.0,1697.6744186046512,,1.021618903971845,0.32185000395976876,1.0.0,4,0,8,16,1,0,1,false,1,48,16,7,62,14,0,28,14,16,9,63,15,0,0,0,0,7,247,0,0,0,12,0,0,0,0,0,0,1,1,7,7,7,14,49,56,7,14,256,392,64,24,31,8,8,16,63,712,22,0,14,0,0,0,1,1,7,7,,,
147-instcombine-binaryoperator-createfaddfmf-n5-d15.pbqp,llvm,5,7,15,56,930,none,structured,solved-exact,completed,5965.0,3158.0,2003,30959.0,16779.0,14180.0,false,30212.0,36660.0,0.0,3511.0,6039.0,36425.0,2.0191220646661714,1.1765560903129946,123,233448,14720,2000,16,15,13,1,189960,0,0,510,15,16,15,"{""15"":1}","{""4"":1}",63422.0,61923.0,30959.0,67312,120950.0,62595.0,183545.0,4011.6812682519817,,2.183286318758815,0.16867253262142798,1.0.0,4,0,8,16,1,0,1,false,1,3978,1036,2077,16442,1334,5460,11728,5864,4306,594,12363,2130,0,0,0,0,202,7147,0,0,0,912,45,3675,0,0,195,53430,76,76,442,442,442,6794,23764,27176,3412,5864,23536,113672,15184,1989,8221,2153,518,1471,12363,152392,2767,0,2249,0,390,0,1,1,2077,442,,,
147-instcombine-binaryoperator-createfaddfmf-n5-d15.pbqp,llvm,5,7,15,56,930,heuristic,structured,solved-exact,completed,5965.0,3158.0,2003,5400.0,184.0,5216.0,false,5026.0,10065.0,4491.0,4509.0,4509.0,5957.0,1.839074074074074,1.1031481481481482,11,4184,1976,2000,1,0,1,0,0,49,881,0,0,1,0,{},{},5372.0,5420.0,5400.0,292,2450.0,15123.0,17573.0,1586.9565217391305,,1.0352760736196318,0.30728959198770844,1.0.0,4,0,8,16,1,0,1,false,1,48,16,7,62,14,0,28,14,16,9,63,15,0,0,0,0,7,247,0,0,0,12,0,0,0,0,0,0,1,1,7,7,7,14,49,56,7,14,256,392,64,24,31,8,8,16,63,712,22,0,14,0,0,0,1,1,7,7,,,
148-instcombine-binaryoperator-createfmulfmf-n5-d15.pbqp,llvm,5,7,15,56,930,none,structured,solved-exact,completed,5595.0,2776.0,2003,31561.0,16697.0,14864.0,false,30777.0,38080.0,0.0,3679.0,6314.0,37324.0,1.8920186305883844,1.182598776971579,123,233448,14720,2000,16,15,13,1,189960,0,0,510,15,16,15,"{""15"":1}","{""4"":1}",60393.0,71373.0,31561.0,67312,128217.0,65387.0,193604.0,4031.382883152662,,2.1233180839612484,0.16301832606764324,1.0.0,4,0,8,16,1,0,1,false,1,3978,1036,2077,16442,1334,5460,11728,5864,4306,594,12363,2130,0,0,0,0,202,7147,0,0,0,912,45,3675,0,0,195,53430,76,76,442,442,442,6794,23764,27176,3412,5864,23536,113672,15184,1989,8221,2153,518,1471,12363,152392,2767,0,2249,0,390,0,1,1,2077,442,,,
148-instcombine-binaryoperator-createfmulfmf-n5-d15.pbqp,llvm,5,7,15,56,930,heuristic,structured,solved-exact,completed,5595.0,2776.0,2003,6209.0,243.0,5966.0,false,5794.0,9399.0,5206.0,5043.0,5043.0,6564.0,1.7820905137703333,1.0571750684490255,11,4184,1976,2000,1,0,1,0,0,49,881,0,0,1,0,{},{},5388.0,5248.0,6209.0,292,2141.0,15286.0,17427.0,1201.6460905349795,,1.0407308079114985,0.35628622252826075,1.0.0,4,0,8,16,1,0,1,false,1,48,16,7,62,14,0,28,14,16,9,63,15,0,0,0,0,7,247,0,0,0,12,0,0,0,0,0,0,1,1,7,7,7,14,49,56,7,14,256,392,64,24,31,8,8,16,63,712,22,0,14,0,0,0,1,1,7,7,,,
149-instcombine-binaryoperator-createfsubfmf-n5-d15.pbqp,llvm,5,7,15,56,930,none,structured,solved-exact,completed,6082.0,2884.0,2003,32029.0,17342.0,14687.0,false,30759.0,36087.0,0.0,4390.0,6980.0,39441.0,1.930469262231103,1.2314152799025884,123,233448,14720,2000,16,15,13,1,189960,0,0,510,15,16,15,"{""15"":1}","{""4"":1}",57411.0,63642.0,32029.0,67312,121651.0,62327.0,183978.0,3881.4438934378963,,2.180772111391026,0.17409146745806564,1.0.0,4,0,8,16,1,0,1,false,1,3978,1036,2077,16442,1334,5460,11728,5864,4306,594,12363,2130,0,0,0,0,202,7147,0,0,0,912,45,3675,0,0,195,53430,76,76,442,442,442,6794,23764,27176,3412,5864,23536,113672,15184,1989,8221,2153,518,1471,12363,152392,2767,0,2249,0,390,0,1,1,2077,442,,,
149-instcombine-binaryoperator-createfsubfmf-n5-d15.pbqp,llvm,5,7,15,56,930,heuristic,structured,solved-exact,completed,6082.0,2884.0,2003,5293.0,200.0,5093.0,false,5124.0,10178.0,4426.0,4459.0,4459.0,5943.0,1.863026638957113,1.1228037030039675,11,4184,1976,2000,1,0,1,0,0,49,881,0,0,1,0,{},{},5367.0,5325.0,5293.0,292,2269.0,17365.0,19634.0,1460.0,,1.039269585705871,0.2695833757767139,1.0.0,4,0,8,16,1,0,1,false,1,48,16,7,62,14,0,28,14,16,9,63,15,0,0,0,0,7,247,0,0,0,12,0,0,0,0,0,0,1,1,7,7,7,14,49,56,7,14,256,392,64,24,31,8,8,16,63,712,22,0,14,0,0,0,1,1,7,7,,,
150-instcombine-fpmathoperator-classof-n22-d16.pbqp,llvm,22,54,16,328,8676,none,structured,search-node-limit,not_attempted_cpu_incomplete,35467.0,20584.0,14226,,,,,,,,,,,,,,,,,,,,,,,,,,,,,,,,,,,,,,,,,,,,,,,,,,,,,,,,,,,,,,,,,,,,,,,,,,,,,,,,,,,,,,,,,,,,,,,,,,,,,,,,,,,,,,,
150-instcombine-fpmathoperator-classof-n22-d16.pbqp,llvm,22,54,16,328,8676,heuristic,structured,solved-exact,completed,35467.0,20584.0,14226,39801.0,1250.0,38551.0,false,35792.0,92298.0,33120.0,28126.0,28126.0,35633.0,1.6516419185447602,0.8952790130901234,62,17540,2280,2000,1,0,1,0,0,264,8116,0,0,3,1,{},{},37842.0,47256.0,39801.0,3331,7611.0,86925.0,94536.0,2664.8,,1.0324245804259293,0.421014216806296,1.0.0,4,0,8,16,1,0,1,false,1,220,64,70,906,112,196,560,280,148,36,637,102,0,0,0,0,21,1161,0,0,0,48,0,0,0,0,7,1990,4,4,28,28,28,308,1232,1232,0,280,1248,6720,592,110,453,74,32,78,637,8560,137,0,105,0,14,0,1,1,70,28,,,
151-instcombine-instcombinerimpl-folddivceil-n79-d16.pbqp,llvm,79,317,16,1002,32432,none,structured,search-node-limit,not_attempted_cpu_incomplete,181972.0,83262.0,44624,,,,,,,,,,,,,,,,,,,,,,,,,,,,,,,,,,,,,,,,,,,,,,,,,,,,,,,,,,,,,,,,,,,,,,,,,,,,,,,,,,,,,,,,,,,,,,,,,,,,,,,,,,,,,,,
151-instcombine-instcombinerimpl-folddivceil-n79-d16.pbqp,llvm,79,317,16,1002,32432,heuristic,structured,search-node-limit,not_attempted_cpu_incomplete,181972.0,83262.0,44624,,,,,,,,,,,,,,,,,,,,,,,,,,,,,,,,,,,,,,,,,,,,,,,,,,,,,,,,,,,,,,,,,,,,,,,,,,,,,,,,,,,,,,,,,,,,,,,,,,,,,,,,,,,,,,,
152-instcombine-instcombinerimpl-foldsquaresumfp-n18-d16.pbqp,llvm,18,51,16,204,4683,none,structured,search-node-limit,not_attempted_cpu_incomplete,25457.0,15321.0,8998,,,,,,,,,,,,,,,,,,,,,,,,,,,,,,,,,,,,,,,,,,,,,,,,,,,,,,,,,,,,,,,,,,,,,,,,,,,,,,,,,,,,,,,,,,,,,,,,,,,,,,,,,,,,,,,
152-instcombine-instcombinerimpl-foldsquaresumfp-n18-d16.pbqp,llvm,18,51,16,204,4683,heuristic,structured,solved-exact,completed,25457.0,15321.0,8998,32364.0,2428.0,29936.0,false,28682.0,77739.0,25177.0,21787.0,21787.0,30182.0,1.7278766530713139,0.9325794092201212,53,18144,2496,8000,1,0,1,0,0,138,3815,0,0,2,3,{},{},34982.0,34197.0,32364.0,8330,12565.0,81537.0,94102.0,3430.8072487644154,,1.0811063602351683,0.34392467747763067,1.0.0,4,0,8,16,1,0,1,false,1,324,80,203,2230,154,756,1596,798,416,45,1485,243,0,0,0,0,14,625,0,0,0,60,0,0,0,0,21,7480,5,5,35,42,42,910,3402,3640,238,798,1952,15848,1664,162,1115,208,40,122,1485,19464,313,0,273,0,56,784,1,1,203,35,,,
153-instcombine-instcombinerimpl-foldsquaresumint-n22-d16.pbqp,llvm,22,61,16,254,6039,none,structured,search-node-limit,not_attempted_cpu_incomplete,27823.0,16242.0,9088,,,,,,,,,,,,,,,,,,,,,,,,,,,,,,,,,,,,,,,,,,,,,,,,,,,,,,,,,,,,,,,,,,,,,,,,,,,,,,,,,,,,,,,,,,,,,,,,,,,,,,,,,,,,,,,
153-instcombine-instcombinerimpl-foldsquaresumint-n22-d16.pbqp,llvm,22,61,16,254,6039,heuristic,structured,solved-exact,completed,27823.0,16242.0,9088,31097.0,1068.0,30029.0,false,27565.0,89687.0,25871.0,22005.0,22005.0,28554.0,2.0975013666913207,0.9182236228575104,59,14656,1568,8000,1,0,1,0,0,193,5612,0,1,2,1,{},{},31771.0,33717.0,31097.0,2890,6489.0,93957.0,100446.0,2705.992509363296,,1.0355656199007626,0.30958923202516775,1.0.0,4,0,8,16,1,0,1,false,1,172,48,63,782,84,196,504,252,132,27,543,87,0,0,0,0,14,765,0,0,0,36,0,0,0,0,7,1990,3,3,21,21,21,280,1099,1120,21,252,992,5656,528,86,391,66,24,62,543,7176,115,0,91,0,14,0,1,1,63,21,,,
154-instcombine-instcombinerimpl-foldaddwithconstant-n343-d17.pbqp,llvm,343,1555,17,4791,166809,none,structured,capacity/error,not_attempted_cpu_incomplete,1784214.0,418162.0,254543,,,,,,,,,,,,,,,,,,,,,,,,,,,,,,,,,,,,,,,,,,,,,,,,,,,,,,,,,,,,,,,,,,,,,,,,,,,,,,,,,,,,,,,,,,,,,,,,,,,,,,,,,,,,,,,
154-instcombine-instcombinerimpl-foldaddwithconstant-n343-d17.pbqp,llvm,343,1555,17,4791,166809,heuristic,structured,search-node-limit,not_attempted_cpu_incomplete,1784214.0,418162.0,254543,,,,,,,,,,,,,,,,,,,,,,,,,,,,,,,,,,,,,,,,,,,,,,,,,,,,,,,,,,,,,,,,,,,,,,,,,,,,,,,,,,,,,,,,,,,,,,,,,,,,,,,,,,,,,,,
155-instcombine-instcombinerimpl-foldaddwithconstant-n358-d17-r1.pbqp,llvm,358,1371,17,5112,153638,none,structured,capacity/error,not_attempted_cpu_incomplete,1634277.0,386276.0,239832,,,,,,,,,,,,,,,,,,,,,,,,,,,,,,,,,,,,,,,,,,,,,,,,,,,,,,,,,,,,,,,,,,,,,,,,,,,,,,,,,,,,,,,,,,,,,,,,,,,,,,,,,,,,,,,
155-instcombine-instcombinerimpl-foldaddwithconstant-n358-d17-r1.pbqp,llvm,358,1371,17,5112,153638,heuristic,structured,search-node-limit,not_attempted_cpu_incomplete,1634277.0,386276.0,239832,,,,,,,,,,,,,,,,,,,,,,,,,,,,,,,,,,,,,,,,,,,,,,,,,,,,,,,,,,,,,,,,,,,,,,,,,,,,,,,,,,,,,,,,,,,,,,,,,,,,,,,,,,,,,,,
156-instcombine-instcombinerimpl-foldaddlikecommutat-n119-d16.pbqp,llvm,119,641,16,1671,73914,none,structured,search-node-limit,not_attempted_cpu_incomplete,379375.0,137367.0,92154,,,,,,,,,,,,,,,,,,,,,,,,,,,,,,,,,,,,,,,,,,,,,,,,,,,,,,,,,,,,,,,,,,,,,,,,,,,,,,,,,,,,,,,,,,,,,,,,,,,,,,,,,,,,,,,
156-instcombine-instcombinerimpl-foldaddlikecommutat-n119-d16.pbqp,llvm,119,641,16,1671,73914,heuristic,structured,search-node-limit,not_attempted_cpu_incomplete,379375.0,137367.0,92154,,,,,,,,,,,,,,,,,,,,,,,,,,,,,,,,,,,,,,,,,,,,,,,,,,,,,,,,,,,,,,,,,,,,,,,,,,,,,,,,,,,,,,,,,,,,,,,,,,,,,,,,,,,,,,,
157-instcombine-instcombinerimpl-foldaddlikecommutat-n117-d16-r1.pbqp,llvm,117,505,16,1666,60929,none,structured,search-node-limit,not_attempted_cpu_incomplete,299622.0,112913.0,74631,,,,,,,,,,,,,,,,,,,,,,,,,,,,,,,,,,,,,,,,,,,,,,,,,,,,,,,,,,,,,,,,,,,,,,,,,,,,,,,,,,,,,,,,,,,,,,,,,,,,,,,,,,,,,,,
157-instcombine-instcombinerimpl-foldaddlikecommutat-n117-d16-r1.pbqp,llvm,117,505,16,1666,60929,heuristic,structured,search-node-limit,not_attempted_cpu_incomplete,299622.0,112913.0,74631,,,,,,,,,,,,,,,,,,,,,,,,,,,,,,,,,,,,,,,,,,,,,,,,,,,,,,,,,,,,,,,,,,,,,,,,,,,,,,,,,,,,,,,,,,,,,,,,,,,,,,,,,,,,,,,
158-instcombine-instcombinerimpl-hoistfnegabovefmulf-n39-d16.pbqp,llvm,39,167,16,450,15010,none,structured,search-node-limit,not_attempted_cpu_incomplete,67132.0,35052.0,19513,,,,,,,,,,,,,,,,,,,,,,,,,,,,,,,,,,,,,,,,,,,,,,,,,,,,,,,,,,,,,,,,,,,,,,,,,,,,,,,,,,,,,,,,,,,,,,,,,,,,,,,,,,,,,,,
158-instcombine-instcombinerimpl-hoistfnegabovefmulf-n39-d16.pbqp,llvm,39,167,16,450,15010,heuristic,structured,solved-exact,completed,67132.0,35052.0,19513,79158.0,583.0,78575.0,false,74182.0,178086.0,68537.0,61012.0,61012.0,72390.0,2.202721139998484,0.9145001136966573,113,27752,2800,15000,1,0,1,0,0,443,14912,0,0,0,1,{},{},81864.0,83404.0,79158.0,1263,3124.0,162965.0,166089.0,2166.3807890222984,,1.0074196627426026,0.47659989523689106,1.0.0,4,0,8,16,1,0,1,false,1,76,16,49,308,14,98,196,98,100,9,242,57,0,0,0,0,0,0,0,0,0,12,0,0,0,0,7,1218,1,1,7,7,7,112,392,448,56,98,480,1764,400,38,154,50,8,30,242,2644,71,0,63,0,14,0,1,1,49,7,,,
159-instcombine-instcombinerimpl-simplifyaddwithrema-n58-d16.pbqp,llvm,58,452,16,760,44928,none,structured,search-node-limit,not_attempted_cpu_incomplete,168577.0,88695.0,56521,,,,,,,,,,,,,,,,,,,,,,,,,,,,,,,,,,,,,,,,,,,,,,,,,,,,,,,,,,,,,,,,,,,,,,,,,,,,,,,,,,,,,,,,,,,,,,,,,,,,,,,,,,,,,,,
159-instcombine-instcombinerimpl-simplifyaddwithrema-n58-d16.pbqp,llvm,58,452,16,760,44928,heuristic,structured,search-node-limit,not_attempted_cpu_incomplete,168577.0,88695.0,56521,,,,,,,,,,,,,,,,,,,,,,,,,,,,,,,,,,,,,,,,,,,,,,,,,,,,,,,,,,,,,,,,,,,,,,,,,,,,,,,,,,,,,,,,,,,,,,,,,,,,,,,,,,,,,,,
160-instcombine-instcombinerimpl-simplifyaddwithrema-n64-d16-r1.pbqp,llvm,64,295,16,895,31782,none,structured,search-node-limit,not_attempted_cpu_incomplete,134157.0,64649.0,40398,,,,,,,,,,,,,,,,,,,,,,,,,,,,,,,,,,,,,,,,,,,,,,,,,,,,,,,,,,,,,,,,,,,,,,,,,,,,,,,,,,,,,,,,,,,,,,,,,,,,,,,,,,,,,,,
160-instcombine-instcombinerimpl-simplifyaddwithrema-n64-d16-r1.pbqp,llvm,64,295,16,895,31782,heuristic,structured,solved-exact,completed,134157.0,64649.0,40398,162435.0,1972.0,160463.0,false,152303.0,335572.0,139502.0,142078.0,142078.0,166334.0,2.2083602671837967,1.0240034475328592,191,52032,3120,10000,1,0,1,0,0,831,31110,0,0,2,2,{},{},156920.0,166379.0,162435.0,4934,10495.0,313473.0,323968.0,2502.028397565923,,1.0122894374404068,0.5013921128012643,1.0.0,4,0,8,16,1,0,1,false,1,248,64,112,1340,112,392,896,448,232,36,910,144,0,0,0,0,14,774,0,0,0,48,0,0,0,0,14,3980,4,4,28,28,28,504,2016,2016,0,448,1472,9856,928,124,670,116,32,92,910,12256,186,0,154,0,28,0,1,1,112,28,,,
161-instcombine-instcombinerimpl-optimizepointerdiff-n95-d16.pbqp,llvm,95,580,16,1370,81066,none,structured,search-node-limit,not_attempted_cpu_incomplete,320099.0,149113.0,101277,,,,,,,,,,,,,,,,,,,,,,,,,,,,,,,,,,,,,,,,,,,,,,,,,,,,,,,,,,,,,,,,,,,,,,,,,,,,,,,,,,,,,,,,,,,,,,,,,,,,,,,,,,,,,,,
161-instcombine-instcombinerimpl-optimizepointerdiff-n95-d16.pbqp,llvm,95,580,16,1370,81066,heuristic,structured,solved-exact,completed,320099.0,149113.0,101277,387711.0,2672.0,385039.0,false,372362.0,667061.0,340588.0,327374.0,327374.0,388790.0,2.232273523320205,1.002783000740242,284,96516,3584,13000,1,0,1,0,0,1306,80106,0,0,2,2,{},{},372951.0,399486.0,387711.0,9340,10782.0,651764.0,662546.0,3495.508982035928,,1.006939556772171,0.5851835193329973,1.0.0,4,0,8,16,1,0,1,false,1,248,64,238,2476,168,896,1904,952,484,36,1604,270,0,0,0,0,14,774,0,0,0,48,0,0,0,0,14,8386,4,4,28,42,42,1064,4256,4256,0,952,1472,19712,1936,124,1238,242,32,92,1604,23120,340,0,308,0,56,1792,1,1,238,28,,,
162-instcombine-instcombinerimpl-createselectinstwit-n10-d15.pbqp,llvm,10,37,15,84,2303,none,structured,search-node-limit,not_attempted_cpu_incomplete,11709.0,5915.0,3394,,,,,,,,,,,,,,,,,,,,,,,,,,,,,,,,,,,,,,,,,,,,,,,,,,,,,,,,,,,,,,,,,,,,,,,,,,,,,,,,,,,,,,,,,,,,,,,,,,,,,,,,,,,,,,,
162-instcombine-instcombinerimpl-createselectinstwit-n10-d15.pbqp,llvm,10,37,15,84,2303,heuristic,structured,search-node-limit,not_attempted_cpu_incomplete,11709.0,5915.0,3394,,,,,,,,,,,,,,,,,,,,,,,,,,,,,,,,,,,,,,,,,,,,,,,,,,,,,,,,,,,,,,,,,,,,,,,,,,,,,,,,,,,,,,,,,,,,,,,,,,,,,,,,,,,,,,,
163-instcombine-instcombinerimpl-createselectinstwit-n9-d16-r1.pbqp,llvm,9,23,16,86,1568,none,structured,solved-exact,completed,8496.0,4285.0,2433,135698.0,35526.0,100172.0,false,132512.0,149526.0,0.0,10494.0,143429.0,171359.0,2.029145602735486,1.2627967987737476,463,2852112,145256,6000,78,77,61,4,2755984,1579,24612,2723,35,37,35,"{""7"":11}","{""4"":5,""5"":3,""6"":2,""7"":1}",162960.0,160374.0,135698.0,136368,306857.0,266853.0,573710.0,3838.540787029218,,1.354650001996566,0.23652716529256942,1.0.0,4,0,8,16,1,0,1,false,1,10330,2916,6937,30484,2842,7350,16912,8456,14620,1831,27717,5973,0,0,0,0,539,19350,0,0,0,4476,301,20097,0,0,245,86240,373,373,1085,1330,1330,10192,35756,40768,5012,8456,59312,183148,47588,5165,15242,7310,1458,3707,27717,290048,7793,0,6335,0,980,13720,1,1,6937,1085,,,
163-instcombine-instcombinerimpl-createselectinstwit-n9-d16-r1.pbqp,llvm,9,23,16,86,1568,heuristic,structured,solved-exact,completed,8496.0,4285.0,2433,8644.0,486.0,8158.0,false,8312.0,27424.0,6848.0,6807.0,6807.0,9278.0,2.240282276723739,1.0733456732993985,24,6320,1512,6000,1,0,1,0,0,57,1365,0,0,2,0,{},{},8465.0,9270.0,8644.0,855,3720.0,32267.0,35987.0,1759.2592592592594,,1.059573424859034,0.24019784922333065,1.0.0,4,0,8,16,1,0,1,false,1,96,32,14,230,56,0,112,56,32,18,179,30,0,0,0,0,14,765,0,0,0,24,0,0,0,0,0,0,2,2,14,14,14,56,203,224,21,56,512,1624,128,48,115,16,16,32,179,2264,44,0,28,0,0,0,1,1,14,14,,,
164-instcombine-instcombinerimpl-canonicalizecondsig-n73-d16.pbqp,llvm,73,317,16,1060,37107,none,structured,search-node-limit,not_attempted_cpu_incomplete,167753.0,78865.0,49850,,,,,,,,,,,,,,,,,,,,,,,,,,,,,,,,,,,,,,,,,,,,,,,,,,,,,,,,,,,,,,,,,,,,,,,,,,,,,,,,,,,,,,,,,,,,,,,,,,,,,,,,,,,,,,,
164-instcombine-instcombinerimpl-canonicalizecondsig-n73-d16.pbqp,llvm,73,317,16,1060,37107,heuristic,structured,solved-exact,completed,167753.0,78865.0,49850,188404.0,4209.0,184195.0,false,182892.0,390127.0,158988.0,150070.0,150070.0,182430.0,2.366669497462899,0.9682915437039553,220,64696,3360,10000,1,0,1,0,0,951,35574,0,0,1,6,{},{},198441.0,225465.0,188404.0,14539,17807.0,387843.0,405650.0,3454.264670943217,,1.0228507831374358,0.4644496487119438,1.0.0,4,0,8,16,1,0,1,false,1,504,112,350,3990,224,1372,2800,1400,714,63,2604,406,0,0,0,0,7,378,0,0,0,84,0,0,0,0,42,13846,7,7,49,56,56,1596,6258,6384,126,1400,3136,28504,2856,252,1995,357,56,196,2604,34496,511,0,455,0,98,840,1,1,350,49,,,
165-instcombine-instcombinerimpl-visitadd-n544-d17.pbqp,llvm,544,3152,17,7590,336573,none,structured,capacity/error,not_attempted_cpu_incomplete,5112588.0,789466.0,485250,,,,,,,,,,,,,,,,,,,,,,,,,,,,,,,,,,,,,,,,,,,,,,,,,,,,,,,,,,,,,,,,,,,,,,,,,,,,,,,,,,,,,,,,,,,,,,,,,,,,,,,,,,,,,,,
165-instcombine-instcombinerimpl-visitadd-n544-d17.pbqp,llvm,544,3152,17,7590,336573,heuristic,structured,capacity/error,not_attempted_cpu_incomplete,5112588.0,789466.0,485250,,,,,,,,,,,,,,,,,,,,,,,,,,,,,,,,,,,,,,,,,,,,,,,,,,,,,,,,,,,,,,,,,,,,,,,,,,,,,,,,,,,,,,,,,,,,,,,,,,,,,,,,,,,,,,,
166-instcombine-instcombinerimpl-visitadd-n657-d17-r1.pbqp,llvm,657,2574,17,9601,297096,none,structured,capacity/error,not_attempted_cpu_incomplete,4913765.0,708500.0,441266,,,,,,,,,,,,,,,,,,,,,,,,,,,,,,,,,,,,,,,,,,,,,,,,,,,,,,,,,,,,,,,,,,,,,,,,,,,,,,,,,,,,,,,,,,,,,,,,,,,,,,,,,,,,,,,
166-instcombine-instcombinerimpl-visitadd-n657-d17-r1.pbqp,llvm,657,2574,17,9601,297096,heuristic,structured,capacity/error,not_attempted_cpu_incomplete,4913765.0,708500.0,441266,,,,,,,,,,,,,,,,,,,,,,,,,,,,,,,,,,,,,,,,,,,,,,,,,,,,,,,,,,,,,,,,,,,,,,,,,,,,,,,,,,,,,,,,,,,,,,,,,,,,,,,,,,,,,,,
167-instcombine-instcombinerimpl-visitsub-n895-d17.pbqp,llvm,895,6018,17,12902,709892,none,structured,capacity/error,not_attempted_cpu_incomplete,13630664.0,1531455.0,926716,,,,,,,,,,,,,,,,,,,,,,,,,,,,,,,,,,,,,,,,,,,,,,,,,,,,,,,,,,,,,,,,,,,,,,,,,,,,,,,,,,,,,,,,,,,,,,,,,,,,,,,,,,,,,,,
167-instcombine-instcombinerimpl-visitsub-n895-d17.pbqp,llvm,895,6018,17,12902,709892,heuristic,structured,capacity/error,not_attempted_cpu_incomplete,13630664.0,1531455.0,926716,,,,,,,,,,,,,,,,,,,,,,,,,,,,,,,,,,,,,,,,,,,,,,,,,,,,,,,,,,,,,,,,,,,,,,,,,,,,,,,,,,,,,,,,,,,,,,,,,,,,,,,,,,,,,,,
168-instcombine-instcombinerimpl-visitsub-n966-d17-r1.pbqp,llvm,966,4031,17,14160,520174,none,structured,capacity/error,not_attempted_cpu_incomplete,11412325.0,1231614.0,699282,,,,,,,,,,,,,,,,,,,,,,,,,,,,,,,,,,,,,,,,,,,,,,,,,,,,,,,,,,,,,,,,,,,,,,,,,,,,,,,,,,,,,,,,,,,,,,,,,,,,,,,,,,,,,,,
168-instcombine-instcombinerimpl-visitsub-n966-d17-r1.pbqp,llvm,966,4031,17,14160,520174,heuristic,structured,capacity/error,not_attempted_cpu_incomplete,11412325.0,1231614.0,699282,,,,,,,,,,,,,,,,,,,,,,,,,,,,,,,,,,,,,,,,,,,,,,,,,,,,,,,,,,,,,,,,,,,,,,,,,,,,,,,,,,,,,,,,,,,,,,,,,,,,,,,,,,,,,,,
169-instcombine-instcombinerimpl-visitfadd-n138-d17.pbqp,llvm,138,536,17,1947,58780,none,structured,search-node-limit,not_attempted_cpu_incomplete,366468.0,237851.0,91245,,,,,,,,,,,,,,,,,,,,,,,,,,,,,,,,,,,,,,,,,,,,,,,,,,,,,,,,,,,,,,,,,,,,,,,,,,,,,,,,,,,,,,,,,,,,,,,,,,,,,,,,,,,,,,,
169-instcombine-instcombinerimpl-visitfadd-n138-d17.pbqp,llvm,138,536,17,1947,58780,heuristic,structured,search-node-limit,not_attempted_cpu_incomplete,366468.0,237851.0,91245,,,,,,,,,,,,,,,,,,,,,,,,,,,,,,,,,,,,,,,,,,,,,,,,,,,,,,,,,,,,,,,,,,,,,,,,,,,,,,,,,,,,,,,,,,,,,,,,,,,,,,,,,,,,,,,
170-instcombine-instcombinerimpl-visitfadd-n143-d17-r1.pbqp,llvm,143,481,17,2058,55256,none,structured,search-node-limit,not_attempted_cpu_incomplete,365289.0,147365.0,90207,,,,,,,,,,,,,,,,,,,,,,,,,,,,,,,,,,,,,,,,,,,,,,,,,,,,,,,,,,,,,,,,,,,,,,,,,,,,,,,,,,,,,,,,,,,,,,,,,,,,,,,,,,,,,,,
170-instcombine-instcombinerimpl-visitfadd-n143-d17-r1.pbqp,llvm,143,481,17,2058,55256,heuristic,structured,solved-exact,completed,365289.0,147365.0,90207,422057.0,11815.0,410242.0,false,408062.0,752165.0,354956.0,364961.0,364961.0,432648.0,2.8406447470365377,1.0250937669556481,395,127924,3944,17000,1,0,1,0,0,1659,51544,0,7,3,15,{},{},433655.0,452106.0,422057.0,33853,44045.0,734353.0,778398.0,2865.2560304697417,,1.0288000741026029,0.5422123386750737,1.0.0,4,0,8,16,1,0,1,false,1,1364,304,812,9082,536,3164,6496,3248,1660,170,6053,964,0,0,0,0,21,1161,0,0,0,216,0,0,0,0,113,31850,18,18,134,134,134,3700,14352,14800,448,3248,8480,65760,6640,682,4541,830,152,530,6053,80880,1211,0,1059,0,226,0,1,1,812,134,,,
171-instcombine-instcombinerimpl-visitfneg-n118-d17.pbqp,llvm,118,403,17,1566,44521,none,structured,search-node-limit,not_attempted_cpu_incomplete,286642.0,116661.0,74110,,,,,,,,,,,,,,,,,,,,,,,,,,,,,,,,,,,,,,,,,,,,,,,,,,,,,,,,,,,,,,,,,,,,,,,,,,,,,,,,,,,,,,,,,,,,,,,,,,,,,,,,,,,,,,,
171-instcombine-instcombinerimpl-visitfneg-n118-d17.pbqp,llvm,118,403,17,1566,44521,heuristic,structured,solved-exact,completed,286642.0,116661.0,74110,333075.0,7084.0,325991.0,false,317757.0,632248.0,289450.0,284022.0,284022.0,328749.0,2.691919237408992,0.987011934249043,330,98392,3944,25000,1,0,1,0,0,1397,42253,0,1,3,7,{},{},331814.0,374481.0,333075.0,23285,24787.0,579235.0,604022.0,3286.984754376059,,1.0217306612759247,0.5514285903493581,1.0.0,4,0,8,16,1,0,1,false,1,676,160,588,6170,392,2268,4704,2352,1196,90,4021,668,0,0,0,0,21,1161,0,0,0,120,0,0,0,0,49,21674,10,10,70,98,98,2660,9912,10640,728,2352,4128,45584,4784,338,3085,598,80,258,4021,54496,843,0,763,0,154,3360,1,1,588,70,,,
172-instcombine-instcombinerimpl-visitfsub-n183-d17.pbqp,llvm,183,802,17,2518,86114,none,structured,search-node-limit,not_attempted_cpu_incomplete,627365.0,208475.0,128232,,,,,,,,,,,,,,,,,,,,,,,,,,,,,,,,,,,,,,,,,,,,,,,,,,,,,,,,,,,,,,,,,,,,,,,,,,,,,,,,,,,,,,,,,,,,,,,,,,,,,,,,,,,,,,,
172-instcombine-instcombinerimpl-visitfsub-n183-d17.pbqp,llvm,183,802,17,2518,86114,heuristic,structured,search-node-limit,not_attempted_cpu_incomplete,627365.0,208475.0,128232,,,,,,,,,,,,,,,,,,,,,,,,,,,,,,,,,,,,,,,,,,,,,,,,,,,,,,,,,,,,,,,,,,,,,,,,,,,,,,,,,,,,,,,,,,,,,,,,,,,,,,,,,,,,,,,
173-instcombine-instcombinerimpl-visitfsub-n192-d17-r1.pbqp,llvm,192,790,17,2697,87319,none,structured,search-node-limit,not_attempted_cpu_incomplete,686855.0,209381.0,130398,,,,,,,,,,,,,,,,,,,,,,,,,,,,,,,,,,,,,,,,,,,,,,,,,,,,,,,,,,,,,,,,,,,,,,,,,,,,,,,,,,,,,,,,,,,,,,,,,,,,,,,,,,,,,,,
173-instcombine-instcombinerimpl-visitfsub-n192-d17-r1.pbqp,llvm,192,790,17,2697,87319,heuristic,structured,search-node-limit,not_attempted_cpu_incomplete,686855.0,209381.0,130398,,,,,,,,,,,,,,,,,,,,,,,,,,,,,,,,,,,,,,,,,,,,,,,,,,,,,,,,,,,,,,,,,,,,,,,,,,,,,,,,,,,,,,,,,,,,,,,,,,,,,,,,,,,,,,,
174-instcombine-commonpointerbase-compute-n45-d16.pbqp,llvm,45,244,16,630,30082,none,structured,search-node-limit,not_attempted_cpu_incomplete,101622.0,55447.0,37234,,,,,,,,,,,,,,,,,,,,,,,,,,,,,,,,,,,,,,,,,,,,,,,,,,,,,,,,,,,,,,,,,,,,,,,,,,,,,,,,,,,,,,,,,,,,,,,,,,,,,,,,,,,,,,,
174-instcombine-commonpointerbase-compute-n45-d16.pbqp,llvm,45,244,16,630,30082,heuristic,structured,search-node-limit,not_attempted_cpu_incomplete,101622.0,55447.0,37234,,,,,,,,,,,,,,,,,,,,,,,,,,,,,,,,,,,,,,,,,,,,,,,,,,,,,,,,,,,,,,,,,,,,,,,,,,,,,,,,,,,,,,,,,,,,,,,,,,,,,,,,,,,,,,,
175-instcombine-commonpointerbase-compute-n45-d16-r1.pbqp,llvm,45,223,16,639,28234,none,structured,search-node-limit,not_attempted_cpu_incomplete,89216.0,50016.0,34975,,,,,,,,,,,,,,,,,,,,,,,,,,,,,,,,,,,,,,,,,,,,,,,,,,,,,,,,,,,,,,,,,,,,,,,,,,,,,,,,,,,,,,,,,,,,,,,,,,,,,,,,,,,,,,,
175-instcombine-commonpointerbase-compute-n45-d16-r1.pbqp,llvm,45,223,16,639,28234,heuristic,structured,solved-exact,completed,89216.0,50016.0,34975,160798.0,404.0,160394.0,false,123668.0,260777.0,129968.0,95101.0,95101.0,112450.0,1.4522941827634672,0.6993246184654038,130,35804,1568,9000,1,0,1,0,0,623,28122,0,0,1,0,{},{},114947.0,131483.0,160798.0,432,2537.0,225883.0,228420.0,1069.3069306930693,,1.0025187974612517,0.703957621924525,1.0.0,4,0,8,16,1,0,1,false,1,48,16,7,118,28,0,56,28,16,9,91,15,0,0,0,0,7,387,0,0,0,12,0,0,0,0,0,0,1,1,7,7,7,28,112,112,0,28,256,896,64,24,59,8,8,16,91,1216,22,0,14,0,0,0,1,1,7,7,,,
176-instcombine-instructionworklist-pushuserstoworkl-n11-d16.pbqp,llvm,11,41,16,121,3784,none,structured,search-node-limit,not_attempted_cpu_incomplete,14054.0,7943.0,5141,,,,,,,,,,,,,,,,,,,,,,,,,,,,,,,,,,,,,,,,,,,,,,,,,,,,,,,,,,,,,,,,,,,,,,,,,,,,,,,,,,,,,,,,,,,,,,,,,,,,,,,,,,,,,,,
176-instcombine-instructionworklist-pushuserstoworkl-n11-d16.pbqp,llvm,11,41,16,121,3784,heuristic,structured,solved-exact,completed,14054.0,7943.0,5141,15354.0,233.0,15121.0,false,14571.0,48553.0,12423.0,12079.0,12079.0,15345.0,2.0512570014328513,0.9994138335287222,29,7788,1568,6000,1,0,1,0,0,106,3679,0,0,1,0,{},{},16179.0,16988.0,15354.0,432,2204.0,47668.0,49872.0,1854.0772532188842,,1.0154090337940613,0.3078681424446583,1.0.0,4,0,8,16,1,0,1,false,1,48,16,7,118,28,0,56,28,16,9,91,15,0,0,0,0,7,387,0,0,0,12,0,0,0,0,0,0,1,1,7,7,7,28,105,112,7,28,256,840,64,24,59,8,8,16,91,1160,22,0,14,0,0,0,1,1,7,7,,,
177-instcombine-smallvectortemplatebase-growandpushb-n6-d16.pbqp,llvm,6,11,16,73,1313,none,structured,solved-exact,completed,10187.0,5457.0,3498,68478.0,27029.0,41449.0,false,66486.0,93867.0,0.0,6075.0,36692.0,76216.0,1.723882122725547,1.1129997955547768,193,611288,43104,2000,28,27,21,2,530928,552,9036,910,14,14,27,"{""7"":2,""13"":1}","{""4"":2,""6"":1}",104825.0,179870.0,68478.0,131425,181806.0,106320.0,288126.0,4862.37004698657,,1.6521025838982846,0.23766685408467128,1.0.0,4,0,8,16,1,0,1,false,1,5874,1484,5355,32840,2400,9716,21224,10612,10954,864,24834,5268,0,0,0,0,224,12432,0,0,0,1464,81,6401,0,0,315,108038,122,122,620,844,844,12116,42910,48464,5554,10612,35120,207256,40176,2937,16420,5477,742,2195,24834,282552,6651,0,5909,0,1078,12544,1,1,5355,620,,,
177-instcombine-smallvectortemplatebase-growandpushb-n6-d16.pbqp,llvm,6,11,16,73,1313,heuristic,structured,solved-exact,completed,10187.0,5457.0,3498,9465.0,0,9465.0,false,8964.0,21938.0,8536.0,8040.0,8040.0,9991.0,1.5353407290015848,1.0555731642894877,12,6472,3584,2000,1,0,1,0,0,73,1313,0,0,0,0,{},{},14812.0,9001.0,9465.0,0,0,17485.0,17485.0,,,1.0,0.5413211323991993,1.0.0,4,0,8,16,1,0,1,false,1,0,0,0,0,0,0,0,0,0,0,0,0,0,0,0,0,0,0,0,0,0,0,0,0,0,0,0,0,0,0,0,0,0,0,0,0,0,0,0,0,0,0,0,0,0,0,0,0,0,0,0,0,0,0,0,0,0,0,,,
178-instcombine-smallvectortemplatebase-growandpushb-n6-d16.pbqp,llvm,6,11,16,73,1313,none,structured,solved-exact,completed,10776.0,6069.0,3498,65918.0,27269.0,38649.0,false,62633.0,73790.0,0.0,6203.0,37297.0,76530.0,1.932567735671592,1.1609878940501837,193,611288,43104,2000,28,27,21,2,530928,552,9036,910,14,14,27,"{""7"":2,""13"":1}","{""4"":2,""6"":1}",103696.0,98468.0,65918.0,131425,185031.0,105568.0,290599.0,4819.575341963402,,1.7055551243240445,0.2268349168441736,1.0.0,4,0,8,16,1,0,1,false,1,5874,1484,5355,32840,2400,9716,21224,10612,10954,864,24834,5268,0,0,0,0,224,12432,0,0,0,1464,81,6401,0,0,315,108038,122,122,620,844,844,12116,42910,48464,5554,10612,35120,207256,40176,2937,16420,5477,742,2195,24834,282552,6651,0,5909,0,1078,12544,1,1,5355,620,,,
178-instcombine-smallvectortemplatebase-growandpushb-n6-d16.pbqp,llvm,6,11,16,73,1313,heuristic,structured,solved-exact,completed,10776.0,6069.0,3498,9302.0,0,9302.0,false,8929.0,14676.0,8368.0,7698.0,7698.0,9050.0,1.5364437755321436,0.9729090518168136,12,6472,3584,2000,1,0,1,0,0,73,1313,0,0,0,0,{},{},8874.0,9543.0,9302.0,0,0,14653.0,14653.0,,,1.0,0.6348188084351327,1.0.0,4,0,8,16,1,0,1,false,1,0,0,0,0,0,0,0,0,0,0,0,0,0,0,0,0,0,0,0,0,0,0,0,0,0,0,0,0,0,0,0,0,0,0,0,0,0,0,0,0,0,0,0,0,0,0,0,0,0,0,0,0,0,0,0,0,0,0,,,
179-instcombine-smallvectortemplatebase-growandpushb-n6-d16.pbqp,llvm,6,11,16,73,1313,none,structured,solved-exact,completed,9755.0,5338.0,3498,69395.0,27962.0,41433.0,false,65474.0,86901.0,0.0,6021.0,36380.0,75440.0,1.7006412565746811,1.0871100223359031,193,611288,43104,2000,28,27,21,2,530928,552,9036,910,14,14,27,"{""7"":2,""13"":1}","{""4"":2,""6"":1}",106142.0,130936.0,69395.0,131425,189415.0,107965.0,297380.0,4700.128746155497,,1.6748726860232181,0.23335463043916874,1.0.0,4,0,8,16,1,0,1,false,1,5874,1484,5355,32840,2400,9716,21224,10612,10954,864,24834,5268,0,0,0,0,224,12432,0,0,0,1464,81,6401,0,0,315,108038,122,122,620,844,844,12116,42910,48464,5554,10612,35120,207256,40176,2937,16420,5477,742,2195,24834,282552,6651,0,5909,0,1078,12544,1,1,5355,620,,,
179-instcombine-smallvectortemplatebase-growandpushb-n6-d16.pbqp,llvm,6,11,16,73,1313,heuristic,structured,solved-exact,completed,9755.0,5338.0,3498,9355.0,0,9355.0,false,8795.0,15136.0,8406.0,8168.0,8168.0,9576.0,1.527418492784607,1.023623730625334,12,6472,3584,2000,1,0,1,0,0,73,1313,0,0,0,0,{},{},8950.0,9132.0,9355.0,0,0,15290.0,15290.0,,,1.0,0.6118378024852845,1.0.0,4,0,8,16,1,0,1,false,1,0,0,0,0,0,0,0,0,0,0,0,0,0,0,0,0,0,0,0,0,0,0,0,0,0,0,0,0,0,0,0,0,0,0,0,0,0,0,0,0,0,0,0,0,0,0,0,0,0,0,0,0,0,0,0,0,0,0,,,
180-instcombine-apint-issamevalue-n17-d16.pbqp,llvm,17,28,16,238,3682,none,structured,search-node-limit,not_attempted_cpu_incomplete,12904.0,7027.0,4693,,,,,,,,,,,,,,,,,,,,,,,,,,,,,,,,,,,,,,,,,,,,,,,,,,,,,,,,,,,,,,,,,,,,,,,,,,,,,,,,,,,,,,,,,,,,,,,,,,,,,,,,,,,,,,,
180-instcombine-apint-issamevalue-n17-d16.pbqp,llvm,17,28,16,238,3682,heuristic,structured,solved-exact,completed,12904.0,7027.0,4693,15467.0,1337.0,14130.0,false,14914.0,46498.0,11469.0,11203.0,11203.0,16558.0,2.3572767828279564,1.0705372729036011,46,11448,2128,3000,1,0,1,0,0,120,3017,0,2,6,0,{},{},17219.0,15637.0,15467.0,2592,8815.0,46307.0,55122.0,1938.6686611817502,,1.094621372965322,0.2805957693842749,1.0.0,4,0,8,16,1,0,1,false,1,288,96,42,708,168,0,336,168,96,54,546,90,0,0,0,0,42,2322,0,0,0,72,0,0,0,0,0,0,6,6,42,42,42,168,665,672,7,168,1536,5320,384,144,354,48,48,96,546,7240,132,0,84,0,0,0,1,1,42,42,,,
181-instcombine-apint-gethighbitsset-n5-d15.pbqp,llvm,5,9,15,57,1057,none,structured,solved-exact,completed,5225.0,2680.0,1739,63608.0,27015.0,36593.0,false,61140.0,81873.0,0.0,3576.0,40086.0,76088.0,2.124135328889448,1.1962017356307382,287,712016,31344,2000,44,43,37,2,624704,588,8918,1204,28,28,28,"{""14"":2,""15"":1}","{""4"":2,""5"":1}",76180.0,68586.0,63608.0,97822,239090.0,129462.0,368552.0,3621.025356283546,,1.7382559505916433,0.1725889426729471,1.0.0,4,0,8,16,1,0,1,false,1,8414,2196,4340,22152,1912,5488,12544,6272,9050,1283,19808,4363,0,0,0,0,392,13916,0,0,0,2220,129,8901,0,0,392,68208,185,185,913,913,913,7400,25900,29600,3700,6272,49744,130368,31384,4207,11076,4525,1098,3109,19808,211496,5668,0,4570,0,784,0,1,1,4340,913,,,
181-instcombine-apint-gethighbitsset-n5-d15.pbqp,llvm,5,9,15,57,1057,heuristic,structured,solved-exact,completed,5225.0,2680.0,1739,4868.0,0,4868.0,false,4709.0,13699.0,4141.0,4197.0,4197.0,5121.0,1.9529580936729662,1.0519720624486442,10,3968,2128,2000,1,0,1,0,0,57,1057,0,0,0,0,{},{},5493.0,5043.0,4868.0,0,0,15907.0,15907.0,,,1.0,0.30602879235556674,1.0.0,4,0,8,16,1,0,1,false,1,0,0,0,0,0,0,0,0,0,0,0,0,0,0,0,0,0,0,0,0,0,0,0,0,0,0,0,0,0,0,0,0,0,0,0,0,0,0,0,0,0,0,0,0,0,0,0,0,0,0,0,0,0,0,0,0,0,0,,,
182-instcombine-llvm-dyn-cast-n5-d16.pbqp,llvm,5,7,16,80,1792,none,structured,solved-exact,completed,9275.0,6133.0,5472,55450.0,30672.0,24778.0,false,53712.0,57497.0,0.0,7308.0,11743.0,78734.0,2.115581605049594,1.4199098286744816,131,304340,17952,0,17,16,14,1,228608,0,0,768,16,17,16,"{""16"":1}","{""4"":1}",87760.0,189673.0,55450.0,177161,185503.0,91198.0,276701.0,5775.984611371935,,2.2378723060779726,0.20039681822617195,1.0.0,4,0,8,16,1,0,1,false,1,5062,1314,5136,46352,3328,16384,34944,17472,10434,738,30924,5073,0,0,0,0,272,15096,0,0,0,972,48,5040,0,0,256,153344,81,81,576,832,832,19712,78848,78848,0,17472,29984,368640,38664,2531,23176,5217,657,1874,30924,437288,6417,0,5760,0,1024,32768,1,1,5136,576,,,
182-instcombine-llvm-dyn-cast-n5-d16.pbqp,llvm,5,7,16,80,1792,heuristic,structured,solved-exact,completed,9275.0,6133.0,5472,15841.0,531.0,15310.0,false,15347.0,26617.0,13799.0,13551.0,13551.0,16267.0,1.6605643583107128,1.0268922416514108,11,7152,3584,0,1,0,1,0,0,64,1536,0,0,1,0,{},{},8807.0,17322.0,15841.0,969,4842.0,18947.0,23789.0,1824.8587570621469,,1.0346832135858917,0.6658960023540291,1.0.0,4,0,8,16,1,0,1,false,1,102,34,16,272,64,0,128,64,34,18,204,33,0,0,0,0,16,888,0,0,0,12,0,0,0,0,0,0,1,1,16,16,16,64,256,256,0,64,544,2048,136,51,136,17,17,34,204,2728,49,0,32,0,0,0,1,1,16,16,,,
183-instcombine-knownbits-knownbits-n3-d16.pbqp,llvm,3,1,16,39,112,none,structured,solved-exact,completed,744.0,150.0,112,546.0,284.0,262.0,false,477.0,2877.0,0.0,0.0,0.0,881.0,3.0384615384615383,1.6135531135531136,2,448,448,1000,0,0,0,0,0,0,0,0,2,1,0,{},{},461.0,398.0,546.0,432,2498.0,2449.0,4947.0,1521.1267605633802,,2.0839694656488548,0.11036992116434202,1.0.0,4,0,8,16,1,0,1,false,1,48,16,7,118,28,0,56,28,16,9,91,15,0,0,0,0,7,387,0,0,0,12,0,0,0,0,0,0,1,1,7,7,7,28,112,112,0,28,256,896,64,24,59,8,8,16,91,1216,22,0,14,0,0,0,1,1,7,7,,,
183-instcombine-knownbits-knownbits-n3-d16.pbqp,llvm,3,1,16,39,112,heuristic,structured,solved-exact,completed,744.0,150.0,112,1490.0,240.0,1250.0,false,1427.0,2719.0,852.0,889.0,889.0,1873.0,2.276510067114094,1.2570469798657717,4,896,448,1000,0,0,0,0,0,0,0,0,2,1,0,{},{},909.0,961.0,1490.0,432,2545.0,3433.0,5978.0,1800.0,,1.192,0.24924723987955838,1.0.0,4,0,8,16,1,0,1,false,1,48,16,7,118,28,0,56,28,16,9,91,15,0,0,0,0,7,387,0,0,0,12,0,0,0,0,0,0,1,1,7,7,7,28,112,112,0,28,256,896,64,24,59,8,8,16,91,1216,22,0,14,0,0,0,1,1,7,7,,,
184-instcombine-setvector-insert-n20-d16.pbqp,llvm,20,73,16,264,12333,none,structured,search-node-limit,not_attempted_cpu_incomplete,57387.0,38096.0,17121,,,,,,,,,,,,,,,,,,,,,,,,,,,,,,,,,,,,,,,,,,,,,,,,,,,,,,,,,,,,,,,,,,,,,,,,,,,,,,,,,,,,,,,,,,,,,,,,,,,,,,,,,,,,,,,
184-instcombine-setvector-insert-n20-d16.pbqp,llvm,20,73,16,264,12333,heuristic,structured,solved-exact,completed,57387.0,38096.0,17121,105168.0,2086.0,103082.0,false,65033.0,1416361.0,73919.0,66401.0,66401.0,83441.0,1.5759831888026776,0.7934067396926822,53,16956,1568,6000,1,0,1,0,0,248,12109,0,0,0,1,{},{},42666.0,71069.0,105168.0,2035,3107.0,91475.0,94582.0,975.5512943432407,192.23502739467222,1.0202363167187287,1.1119240447442431,1.0.0,4,0,8,16,1,0,1,false,1,76,16,49,552,28,196,392,196,100,9,364,57,0,0,0,0,0,0,0,0,0,12,0,0,0,0,7,1990,1,1,7,7,7,224,896,896,0,196,480,4032,400,38,276,50,8,30,364,4912,71,0,63,0,14,0,1,1,49,7,,,
185-instcombine-withcache-withcache-n3-d16.pbqp,llvm,3,1,16,39,112,none,structured,solved-exact,completed,1176.0,172.0,112,462.0,282.0,180.0,false,441.0,1452.0,0.0,0.0,0.0,832.0,3.311688311688312,1.800865800865801,2,448,448,1000,0,0,0,0,0,0,0,0,2,1,0,{},{},406.0,777.0,462.0,432,2210.0,2080.0,4290.0,1531.9148936170213,,2.566666666666667,0.1076923076923077,1.0.0,4,0,8,16,1,0,1,false,1,48,16,7,118,28,0,56,28,16,9,91,15,0,0,0,0,7,387,0,0,0,12,0,0,0,0,0,0,1,1,7,7,7,28,112,112,0,28,256,896,64,24,59,8,8,16,91,1216,22,0,14,0,0,0,1,1,7,7,,,
185-instcombine-withcache-withcache-n3-d16.pbqp,llvm,3,1,16,39,112,heuristic,structured,solved-exact,completed,1176.0,172.0,112,1494.0,287.0,1207.0,false,1459.0,2487.0,888.0,968.0,968.0,2125.0,2.357429718875502,1.4223560910307897,4,896,448,1000,0,0,0,0,0,0,0,0,2,1,0,{},{},1318.0,1359.0,1494.0,432,2312.0,3420.0,5732.0,1505.226480836237,,1.2377796188898094,0.2606420097697139,1.0.0,4,0,8,16,1,0,1,false,1,48,16,7,118,28,0,56,28,16,9,91,15,0,0,0,0,7,387,0,0,0,12,0,0,0,0,0,0,1,1,7,7,7,28,112,112,0,28,256,896,64,24,59,8,8,16,91,1216,22,0,14,0,0,0,1,1,7,7,,,
186-instcombine-llvm-operator-n5-d16.pbqp,llvm,5,10,16,60,1397,none,structured,solved-exact,completed,8354.0,4698.0,3127,159178.0,65245.0,93933.0,false,156876.0,196432.0,0.0,13694.0,120491.0,229046.0,2.4837289072610536,1.4389300028898466,255,742144,38656,2000,36,35,30,2,610960,318,6156,1463,28,28,28,"{""7"":1,""14"":2}","{""4"":2,""5"":1}",148973.0,146574.0,159178.0,207914,286538.0,153459.0,439997.0,3186.6656448770023,,1.6945908253755335,0.36177064843623935,1.0.0,4,0,8,16,1,0,1,false,1,9072,2352,9079,52136,3962,14336,32256,16128,18494,1344,39851,8904,0,0,0,0,448,24864,0,0,0,2016,112,9954,0,0,448,166208,168,168,1008,1456,1456,18298,65079,73192,8113,16128,53760,319928,68124,4536,26068,9247,1176,3360,39851,441812,11256,0,10080,0,1792,25088,1,1,9079,1008,,,
186-instcombine-llvm-operator-n5-d16.pbqp,llvm,5,10,16,60,1397,heuristic,structured,solved-exact,completed,8354.0,4698.0,3127,12886.0,0,12886.0,false,12667.0,22766.0,11347.0,11172.0,11172.0,13050.0,1.614310103988825,1.0127269905323606,10,5532,3584,2000,1,0,1,0,0,60,1397,0,0,0,0,{},{},12897.0,9061.0,12886.0,0,0,20130.0,20130.0,,,1.0,0.6401390958768008,1.0.0,4,0,8,16,1,0,1,false,1,0,0,0,0,0,0,0,0,0,0,0,0,0,0,0,0,0,0,0,0,0,0,0,0,0,0,0,0,0,0,0,0,0,0,0,0,0,0,0,0,0,0,0,0,0,0,0,0,0,0,0,0,0,0,0,0,0,0,,,
187-instcombine-llvm-operator-n6-d16.pbqp,llvm,6,15,16,75,2298,none,structured,solved-exact,completed,9886.0,5867.0,4060,144749.0,49117.0,95632.0,false,140680.0,169842.0,0.0,7147.0,119695.0,178443.0,2.023095150916414,1.2327753559610084,411,1872896,75408,2000,74,73,60,3,1743824,2145,40539,3314,28,28,28,"{""7"":4,""15"":3}","{""4"":4,""5"":2,""6"":1}",174149.0,185205.0,144749.0,214290,349857.0,276182.0,626039.0,4362.847893804589,,1.5136042328927555,0.2312140297968657,1.0.0,4,0,8,16,1,0,1,false,1,11242,2964,10454,51848,4352,13440,30240,15120,21578,1817,42334,8901,0,0,0,0,420,23268,0,0,0,4020,279,23043,0,0,448,157696,335,335,1147,1595,1595,17792,63346,71168,7822,15120,66224,318608,73056,5621,25924,10789,1482,4139,42334,457888,11392,0,9910,0,1792,25088,1,1,10454,1147,,,
187-instcombine-llvm-operator-n6-d16.pbqp,llvm,6,15,16,75,2298,heuristic,structured,solved-exact,completed,9886.0,5867.0,4060,10608.0,0,10608.0,false,9772.0,14889.0,9272.0,8275.0,8275.0,9892.0,1.5457202111613877,0.9325037707390649,13,6148,3456,2000,1,0,1,0,0,75,2298,0,0,0,0,{},{},15406.0,9429.0,10608.0,0,0,18067.0,18067.0,,,1.0,0.5871478386007638,1.0.0,4,0,8,16,1,0,1,false,1,0,0,0,0,0,0,0,0,0,0,0,0,0,0,0,0,0,0,0,0,0,0,0,0,0,0,0,0,0,0,0,0,0,0,0,0,0,0,0,0,0,0,0,0,0,0,0,0,0,0,0,0,0,0,0,0,0,0,,,
188-instcombine-llvm-operator-n5-d16.pbqp,llvm,5,10,16,60,1397,none,structured,solved-exact,completed,8173.0,4677.0,3127,93617.0,42263.0,51354.0,false,91206.0,99886.0,0.0,5631.0,58937.0,106504.0,1.703515387162588,1.1376566221946869,255,742144,38656,2000,36,35,30,2,610960,318,6156,1463,28,28,28,"{""7"":1,""14"":2}","{""4"":2,""5"":1}",146110.0,145606.0,93617.0,207914,289399.0,156360.0,445759.0,4919.527719281641,,1.822973867663668,0.2100170720052764,1.0.0,4,0,8,16,1,0,1,false,1,9072,2352,9079,52136,3962,14336,32256,16128,18494,1344,39851,8904,0,0,0,0,448,24864,0,0,0,2016,112,9954,0,0,448,166208,168,168,1008,1456,1456,18298,65079,73192,8113,16128,53760,319928,68124,4536,26068,9247,1176,3360,39851,441812,11256,0,10080,0,1792,25088,1,1,9079,1008,,,
188-instcombine-llvm-operator-n5-d16.pbqp,llvm,5,10,16,60,1397,heuristic,structured,solved-exact,completed,8173.0,4677.0,3127,7873.0,0,7873.0,false,7596.0,16360.0,7013.0,6803.0,6803.0,8106.0,1.6118379270925949,1.0295948177314873,10,5532,3584,2000,1,0,1,0,0,60,1397,0,0,0,0,{},{},7726.0,7737.0,7873.0,0,0,20162.0,20162.0,,,1.0,0.3904870548556691,1.0.0,4,0,8,16,1,0,1,false,1,0,0,0,0,0,0,0,0,0,0,0,0,0,0,0,0,0,0,0,0,0,0,0,0,0,0,0,0,0,0,0,0,0,0,0,0,0,0,0,0,0,0,0,0,0,0,0,0,0,0,0,0,0,0,0,0,0,0,,,
189-instcombine-llvm-operator-n9-d16.pbqp,llvm,9,25,16,114,3271,none,structured,solved-exact,completed,24323.0,15610.0,6270,286579.0,82931.0,203648.0,false,284725.0,313491.0,0.0,11996.0,266714.0,341999.0,1.7503166666085093,1.1933847211414654,702,4856480,155648,3000,123,122,101,4,4624288,3661,75075,5687,49,49,51,"{""7"":11,""15"":3}","{""4"":7,""5"":4,""6"":2,""7"":1}",370492.0,361680.0,286579.0,378825,610773.0,509996.0,1120769.0,4567.954082309389,,1.4072271763042112,0.2556985426970232,1.0.0,4,0,8,16,1,0,1,false,1,19976,5262,18280,91742,7648,23912,53704,26852,37758,3230,74738,15723,0,0,0,0,735,40719,0,0,0,7188,499,39847,0,0,798,279948,599,599,2032,2816,2816,31560,112535,126240,13705,26852,117712,564728,128284,9988,45871,18879,2631,7357,74738,810724,20121,0,17490,0,3164,43904,1,1,18280,2032,,,
189-instcombine-llvm-operator-n9-d16.pbqp,llvm,9,25,16,114,3271,heuristic,structured,solved-exact,completed,24323.0,15610.0,6270,20180.0,1154.0,19026.0,false,16109.0,43013.0,16063.0,12885.0,12885.0,17036.0,1.3658077304261644,0.8442021803766105,24,11144,3456,3000,1,0,1,0,0,82,2823,0,0,0,2,{},{},19116.0,18207.0,20180.0,4070,5438.0,41480.0,46918.0,3526.8630849220103,,1.0606538421107958,0.43011211049064324,1.0.0,4,0,8,16,1,0,1,false,1,152,32,98,1104,56,392,784,392,200,18,728,114,0,0,0,0,0,0,0,0,0,24,0,0,0,0,14,3980,2,2,14,14,14,448,1792,1792,0,392,960,8064,800,76,552,100,16,60,728,9824,142,0,126,0,28,0,1,1,98,14,,,
190-instcombine-llvm-operator-n8-d16.pbqp,llvm,8,19,16,107,2746,none,structured,solved-exact,completed,14524.0,8614.0,5628,158723.0,46819.0,111904.0,false,155343.0,272843.0,0.0,9868.0,121479.0,181828.0,1.730814059714093,1.1455680651197369,415,2353376,95088,2000,74,73,60,3,2220368,2145,40539,3314,28,28,30,"{""7"":4,""15"":3}","{""4"":4,""5"":2,""6"":1}",193557.0,226527.0,158723.0,218360,348636.0,290938.0,639574.0,4663.918494628249,,1.4183854017729483,0.24816987557342857,1.0.0,4,0,8,16,1,0,1,false,1,11394,2996,10552,52952,4408,13832,31024,15512,21778,1835,43062,9015,0,0,0,0,420,23268,0,0,0,4044,279,23043,0,0,462,161676,337,337,1161,1609,1609,18240,65138,72960,7822,15512,67184,326672,73856,5697,26476,10889,1498,4199,43062,467712,11534,0,10036,0,1820,25088,1,1,10552,1161,,,
190-instcombine-llvm-operator-n8-d16.pbqp,llvm,8,19,16,107,2746,heuristic,structured,solved-exact,completed,14524.0,8614.0,5628,16351.0,1173.0,15178.0,false,15355.0,43355.0,12960.0,11930.0,11930.0,16052.0,1.4167940798727907,0.9817136566570852,21,10404,3456,2000,1,0,1,0,0,75,2298,0,0,0,2,{},{},16673.0,27153.0,16351.0,4070,5980.0,35956.0,41936.0,3469.7357203751067,,1.077282909474239,0.3899036627241511,1.0.0,4,0,8,16,1,0,1,false,1,152,32,98,1104,56,392,784,392,200,18,728,114,0,0,0,0,0,0,0,0,0,24,0,0,0,0,14,3980,2,2,14,14,14,448,1792,1792,0,392,960,8064,800,76,552,100,16,60,728,9824,142,0,126,0,28,0,1,1,98,14,,,
191-instcombine-llvm-operator-n5-d16.pbqp,llvm,5,10,16,60,1397,none,structured,solved-exact,completed,8439.0,4703.0,3127,94621.0,41328.0,53293.0,false,92714.0,133866.0,0.0,5167.0,55906.0,101059.0,1.6161951363862144,1.0680398643007367,255,742144,38656,2000,36,35,30,2,610960,318,6156,1463,28,28,28,"{""7"":1,""14"":2}","{""4"":2,""5"":1}",173162.0,144210.0,94621.0,207914,292672.0,191542.0,484214.0,5030.826558265582,,1.7754864616366126,0.19541153291726385,1.0.0,4,0,8,16,1,0,1,false,1,9072,2352,9079,52136,3962,14336,32256,16128,18494,1344,39851,8904,0,0,0,0,448,24864,0,0,0,2016,112,9954,0,0,448,166208,168,168,1008,1456,1456,18298,65079,73192,8113,16128,53760,319928,68124,4536,26068,9247,1176,3360,39851,441812,11256,0,10080,0,1792,25088,1,1,9079,1008,,,
191-instcombine-llvm-operator-n5-d16.pbqp,llvm,5,10,16,60,1397,heuristic,structured,solved-exact,completed,8439.0,4703.0,3127,7799.0,0,7799.0,false,7662.0,16219.0,6887.0,6941.0,6941.0,8053.0,1.5840492370816772,1.032568277984357,10,5532,3584,2000,1,0,1,0,0,60,1397,0,0,0,0,{},{},7869.0,7904.0,7799.0,0,0,20576.0,20576.0,,,1.0,0.3790338258164852,1.0.0,4,0,8,16,1,0,1,false,1,0,0,0,0,0,0,0,0,0,0,0,0,0,0,0,0,0,0,0,0,0,0,0,0,0,0,0,0,0,0,0,0,0,0,0,0,0,0,0,0,0,0,0,0,0,0,0,0,0,0,0,0,0,0,0,0,0,0,,,
192-instcombine-datalayout-gettypesizeinbits-n16-d16.pbqp,llvm,16,30,16,214,3729,none,structured,search-node-limit,not_attempted_cpu_incomplete,12035.0,6398.0,4753,,,,,,,,,,,,,,,,,,,,,,,,,,,,,,,,,,,,,,,,,,,,,,,,,,,,,,,,,,,,,,,,,,,,,,,,,,,,,,,,,,,,,,,,,,,,,,,,,,,,,,,,,,,,,,,
192-instcombine-datalayout-gettypesizeinbits-n16-d16.pbqp,llvm,16,30,16,214,3729,heuristic,structured,solved-exact,completed,12035.0,6398.0,4753,22771.0,1533.0,21238.0,false,21863.0,61646.0,16573.0,16303.0,16303.0,23908.0,2.2102235299284176,1.0499319309648236,45,10144,1064,4000,1,0,1,0,0,119,3064,0,1,5,0,{},{},13586.0,15973.0,22771.0,2578,10744.0,47853.0,58597.0,1681.6699282452707,,1.0721819380355966,0.3886035121251941,1.0.0,4,0,8,16,1,0,1,false,1,282,94,42,710,168,0,336,168,94,52,543,89,0,0,0,0,42,2325,0,0,0,60,0,0,0,0,0,0,5,5,42,42,42,168,665,672,7,168,1504,5320,376,141,355,47,47,94,543,7200,131,0,84,0,0,0,1,1,42,42,,,
193-instcombine-fneg-match-match-n37-d16.pbqp,llvm,37,90,16,556,11925,none,structured,search-node-limit,not_attempted_cpu_incomplete,97333.0,62694.0,26415,,,,,,,,,,,,,,,,,,,,,,,,,,,,,,,,,,,,,,,,,,,,,,,,,,,,,,,,,,,,,,,,,,,,,,,,,,,,,,,,,,,,,,,,,,,,,,,,,,,,,,,,,,,,,,,
193-instcombine-fneg-match-match-n37-d16.pbqp,llvm,37,90,16,556,11925,heuristic,structured,solved-exact,completed,97333.0,62694.0,26415,178059.0,9860.0,168199.0,false,85011.0,347496.0,132739.0,60939.0,60939.0,88551.0,0.8334035347834144,0.4973126884908935,111,48432,3584,4000,1,0,1,0,0,348,9109,0,1,2,10,{},{},166967.0,84396.0,178059.0,30864,35512.0,144620.0,180132.0,3130.2231237322517,,1.058621038175019,0.98849177270002,1.0.0,4,0,8,16,1,0,1,false,1,1036,228,756,8348,464,2968,6048,3024,1536,126,5460,870,0,0,0,0,14,774,0,0,0,144,0,0,0,0,88,29478,12,12,102,116,116,3432,13728,13728,0,3024,6464,62336,6144,518,4174,768,114,404,5460,74944,1088,0,974,0,204,1792,1,1,756,102,,,
194-instcombine-fneg-match-match-n35-d16.pbqp,llvm,35,86,16,524,11189,none,structured,search-node-limit,not_attempted_cpu_incomplete,90439.0,36482.0,22831,,,,,,,,,,,,,,,,,,,,,,,,,,,,,,,,,,,,,,,,,,,,,,,,,,,,,,,,,,,,,,,,,,,,,,,,,,,,,,,,,,,,,,,,,,,,,,,,,,,,,,,,,,,,,,,
194-instcombine-fneg-match-match-n35-d16.pbqp,llvm,35,86,16,524,11189,heuristic,structured,solved-exact,completed,90439.0,36482.0,22831,68415.0,10593.0,57822.0,false,65729.0,136781.0,51772.0,73595.0,73595.0,153448.0,2.649901337426003,2.2428999488416284,103,38704,3584,4000,1,0,1,0,0,348,9109,0,1,2,8,{},{},71040.0,82920.0,68415.0,21550,24841.0,131895.0,156736.0,2034.3623147361466,,1.183200166026772,0.43649831563903635,1.0.0,4,0,8,16,1,0,1,false,1,704,160,532,5788,336,2072,4256,2128,1084,90,3788,612,0,0,0,0,14,774,0,0,0,120,0,0,0,0,56,20326,10,10,70,84,84,2408,9632,9632,0,2128,4352,43904,4336,352,2894,542,80,272,3788,52592,766,0,686,0,140,1792,1,1,532,70,,,
195-instcombine-fneg-match-match-n35-d16.pbqp,llvm,35,86,16,524,11189,none,structured,search-node-limit,not_attempted_cpu_incomplete,80458.0,53168.0,22831,,,,,,,,,,,,,,,,,,,,,,,,,,,,,,,,,,,,,,,,,,,,,,,,,,,,,,,,,,,,,,,,,,,,,,,,,,,,,,,,,,,,,,,,,,,,,,,,,,,,,,,,,,,,,,,
195-instcombine-fneg-match-match-n35-d16.pbqp,llvm,35,86,16,524,11189,heuristic,structured,solved-exact,completed,80458.0,53168.0,22831,105676.0,8373.0,97303.0,false,101267.0,170833.0,80223.0,79635.0,79635.0,108819.0,1.7765717854574359,1.0297418524546729,103,38704,3584,4000,1,0,1,0,0,348,9109,0,1,2,8,{},{},76516.0,79507.0,105676.0,21550,25195.0,141533.0,166728.0,2573.7489549743223,,1.086050789800931,0.6338227532268126,1.0.0,4,0,8,16,1,0,1,false,1,704,160,532,5788,336,2072,4256,2128,1084,90,3788,612,0,0,0,0,14,774,0,0,0,120,0,0,0,0,56,20326,10,10,70,84,84,2408,9632,9632,0,2128,4352,43904,4336,352,2894,542,80,272,3788,52592,766,0,686,0,140,1792,1,1,532,70,,,
196-instcombine-api-pred-ty-match-n19-d16.pbqp,llvm,19,60,16,232,6468,none,structured,search-node-limit,not_attempted_cpu_incomplete,24783.0,13731.0,9299,,,,,,,,,,,,,,,,,,,,,,,,,,,,,,,,,,,,,,,,,,,,,,,,,,,,,,,,,,,,,,,,,,,,,,,,,,,,,,,,,,,,,,,,,,,,,,,,,,,,,,,,,,,,,,,
196-instcombine-api-pred-ty-match-n19-d16.pbqp,llvm,19,60,16,232,6468,heuristic,structured,solved-exact,completed,24783.0,13731.0,9299,48189.0,896.0,47293.0,false,29271.0,95598.0,39250.0,22394.0,22394.0,28748.0,1.2362157338811761,0.5965676814210712,53,13884,1568,8000,1,0,1,0,0,200,6132,0,0,1,1,{},{},27312.0,34303.0,48189.0,2467,5048.0,71060.0,76108.0,2753.348214285714,,1.0189457213541115,0.6331660272244705,1.0.0,4,0,8,16,1,0,1,false,1,124,32,56,670,56,196,448,224,116,18,455,72,0,0,0,0,7,387,0,0,0,24,0,0,0,0,7,1990,2,2,14,14,14,252,1008,1008,0,224,736,4928,464,62,335,58,16,46,455,6128,93,0,77,0,14,0,1,1,56,14,,,
197-instcombine-api-pred-ty-match-n28-d16.pbqp,llvm,28,121,16,372,14572,none,structured,search-node-limit,not_attempted_cpu_incomplete,56526.0,29673.0,18350,,,,,,,,,,,,,,,,,,,,,,,,,,,,,,,,,,,,,,,,,,,,,,,,,,,,,,,,,,,,,,,,,,,,,,,,,,,,,,,,,,,,,,,,,,,,,,,,,,,,,,,,,,,,,,,
197-instcombine-api-pred-ty-match-n28-d16.pbqp,llvm,28,121,16,372,14572,heuristic,structured,solved-exact,completed,56526.0,29673.0,18350,56999.0,914.0,56085.0,false,51754.0,143252.0,47115.0,41726.0,41726.0,52531.0,1.9750697380655802,0.9216126598712258,81,21812,1568,8000,1,0,1,0,0,340,14236,0,0,1,1,{},{},92034.0,87753.0,56999.0,2467,5243.0,129839.0,135082.0,2699.124726477024,,1.0162966925202817,0.4219585140877393,1.0.0,4,0,8,16,1,0,1,false,1,124,32,56,670,56,196,448,224,116,18,455,72,0,0,0,0,7,387,0,0,0,24,0,0,0,0,7,1990,2,2,14,14,14,252,1008,1008,0,224,736,4928,464,62,335,58,16,46,455,6128,93,0,77,0,14,0,1,1,56,14,,,
198-instcombine-api-pred-ty-match-n15-d16.pbqp,llvm,15,39,16,204,4710,none,structured,search-node-limit,not_attempted_cpu_incomplete,22210.0,13541.0,8463,,,,,,,,,,,,,,,,,,,,,,,,,,,,,,,,,,,,,,,,,,,,,,,,,,,,,,,,,,,,,,,,,,,,,,,,,,,,,,,,,,,,,,,,,,,,,,,,,,,,,,,,,,,,,,,
198-instcombine-api-pred-ty-match-n15-d16.pbqp,llvm,15,39,16,204,4710,heuristic,structured,solved-exact,completed,22210.0,13541.0,8463,26002.0,1460.0,24542.0,false,23324.0,122971.0,20739.0,18033.0,18033.0,24339.0,1.664987308668564,0.9360433812783632,42,13244,2432,4000,1,0,1,0,0,156,4150,0,0,1,2,{},{},26550.0,25883.0,26002.0,4502,6765.0,60105.0,66870.0,3083.5616438356165,,1.0594898541276179,0.3888440257215493,1.0.0,4,0,8,16,1,0,1,false,1,200,48,105,1222,84,392,840,420,216,27,819,129,0,0,0,0,7,387,0,0,0,36,0,0,0,0,14,3980,3,3,21,21,21,476,1904,1904,0,420,1216,8960,864,100,611,108,24,76,819,11040,164,0,140,0,28,0,1,1,105,21,,,
199-instcombine-oneuse-match-match-n18-d16.pbqp,llvm,18,40,16,287,10000,none,structured,search-node-limit,not_attempted_cpu_incomplete,70073.0,43767.0,30888,,,,,,,,,,,,,,,,,,,,,,,,,,,,,,,,,,,,,,,,,,,,,,,,,,,,,,,,,,,,,,,,,,,,,,,,,,,,,,,,,,,,,,,,,,,,,,,,,,,,,,,,,,,,,,,
199-instcombine-oneuse-match-match-n18-d16.pbqp,llvm,18,40,16,287,10000,heuristic,structured,solved-exact,completed,70073.0,43767.0,30888,66991.0,3753.0,63238.0,false,62288.0,112992.0,55386.0,48356.0,48356.0,59170.0,1.2037139317221717,0.8832529742801272,46,34784,3456,0,1,0,1,0,0,223,8752,0,1,1,2,{},{},68756.0,142651.0,66991.0,20059,17051.0,118657.0,135708.0,5344.790833999467,,1.0593472279325722,0.4936407580982698,1.0.0,4,0,8,16,1,0,1,false,1,434,102,496,5680,320,1920,3968,1984,998,54,3556,547,0,0,0,0,16,888,0,0,0,36,0,0,0,0,32,18928,3,3,48,80,80,2240,8960,8960,0,1984,2656,40960,3992,217,2840,499,51,166,3556,47608,691,0,640,0,128,4096,1,1,496,48,,,
200-instcombine-oneuse-match-match-n18-d16.pbqp,llvm,18,40,16,287,10000,none,structured,search-node-limit,not_attempted_cpu_incomplete,61253.0,38992.0,30888,,,,,,,,,,,,,,,,,,,,,,,,,,,,,,,,,,,,,,,,,,,,,,,,,,,,,,,,,,,,,,,,,,,,,,,,,,,,,,,,,,,,,,,,,,,,,,,,,,,,,,,,,,,,,,,
200-instcombine-oneuse-match-match-n18-d16.pbqp,llvm,18,40,16,287,10000,heuristic,structured,solved-exact,completed,61253.0,38992.0,30888,64775.0,3971.0,60804.0,false,60744.0,116445.0,54109.0,62183.0,62183.0,74724.0,1.3782323427248167,1.1535932072558857,46,34784,3456,0,1,0,1,0,0,223,8752,0,1,1,2,{},{},73182.0,87105.0,64775.0,20059,16580.0,108708.0,125288.0,5051.372450264417,,1.0653082034076706,0.5170088116978482,1.0.0,4,0,8,16,1,0,1,false,1,434,102,496,5680,320,1920,3968,1984,998,54,3556,547,0,0,0,0,16,888,0,0,0,36,0,0,0,0,32,18928,3,3,48,80,80,2240,8960,8960,0,1984,2656,40960,3992,217,2840,499,51,166,3556,47608,691,0,640,0,128,4096,1,1,496,48,,,
201-instcombine-oneuse-match-match-n16-d16.pbqp,llvm,16,34,16,226,4931,none,structured,search-node-limit,not_attempted_cpu_incomplete,30953.0,18221.0,11185,,,,,,,,,,,,,,,,,,,,,,,,,,,,,,,,,,,,,,,,,,,,,,,,,,,,,,,,,,,,,,,,,,,,,,,,,,,,,,,,,,,,,,,,,,,,,,,,,,,,,,,,,,,,,,,
201-instcombine-oneuse-match-match-n16-d16.pbqp,llvm,16,34,16,226,4931,heuristic,structured,solved-exact,completed,30953.0,18221.0,11185,34293.0,1404.0,32889.0,false,28265.0,82837.0,29161.0,23032.0,23032.0,28528.0,1.3691423905753362,0.8318898900650279,40,17044,2432,3000,1,0,1,0,0,194,4323,0,0,1,1,{},{},31647.0,33580.0,34293.0,5129,7259.0,62994.0,70253.0,3653.133903133903,,1.0426890449694426,0.48813573797560245,1.0.0,4,0,8,16,1,0,1,false,1,178,50,121,1438,120,420,968,484,246,27,931,146,0,0,0,0,16,888,0,0,0,24,0,0,0,0,7,4115,2,2,23,30,30,540,2160,2160,0,484,1024,10560,984,89,719,123,25,64,931,12568,190,0,165,0,28,896,1,1,121,23,,,
202-instcombine-oneuse-match-match-n13-d16.pbqp,llvm,13,24,16,171,3101,none,structured,solved-exact,completed,22616.0,13536.0,9065,176720.0,68716.0,108004.0,false,172537.0,185724.0,0.0,17560.0,115543.0,199524.0,1.7367700316885468,1.129040289723857,477,2551564,127424,4000,59,58,47,3,2404448,1738,28329,2120,28,58,61,"{""7"":6,""16"":1}","{""4"":4,""7"":2,""10"":1}",266760.0,296067.0,176720.0,278968,395672.0,280550.0,676222.0,4059.7240817276906,,1.6362356949742602,0.26133429554199655,1.0.0,4,0,8,16,1,0,1,false,1,12376,3104,8343,73818,5172,23268,49392,24696,17272,1845,51733,7949,0,0,0,0,406,20486,0,0,0,3516,174,14606,0,0,679,233859,293,293,1259,1378,1378,28440,111558,113760,2202,24696,74176,527344,60608,6188,36909,8636,1552,4636,51733,662128,10125,0,8573,0,1596,14336,1,1,8343,1259,,,
202-instcombine-oneuse-match-match-n13-d16.pbqp,llvm,13,24,16,171,3101,heuristic,structured,solved-exact,completed,22616.0,13536.0,9065,24019.0,2061.0,21958.0,false,22505.0,55452.0,18968.0,17818.0,17818.0,23936.0,1.5261251509221867,0.996544402348141,33,14888,2432,4000,1,0,1,0,0,123,2301,0,0,0,3,{},{},25800.0,27048.0,24019.0,8230,7701.0,52943.0,60644.0,3993.207180980107,,1.093861007377721,0.39606556295758855,1.0.0,4,0,8,16,1,0,1,false,1,228,48,203,2270,112,812,1624,812,412,27,1455,227,0,0,0,0,0,0,0,0,0,36,0,0,0,0,21,8095,3,3,21,28,28,924,3696,3696,0,812,1440,16576,1648,114,1135,206,24,90,1455,19664,283,0,259,0,56,896,1,1,203,21,,,
203-instcombine-binaryop-match-match-n49-d16.pbqp,llvm,49,139,16,717,18317,none,structured,search-node-limit,not_attempted_cpu_incomplete,96446.0,46857.0,29967,,,,,,,,,,,,,,,,,,,,,,,,,,,,,,,,,,,,,,,,,,,,,,,,,,,,,,,,,,,,,,,,,,,,,,,,,,,,,,,,,,,,,,,,,,,,,,,,,,,,,,,,,,,,,,,
203-instcombine-binaryop-match-match-n49-d16.pbqp,llvm,49,139,16,717,18317,heuristic,structured,solved-exact,completed,96446.0,46857.0,29967,102608.0,2888.0,99720.0,false,95264.0,234029.0,86306.0,79925.0,79925.0,96912.0,2.0577537813815687,0.9444877592390457,134,39564,3024,6000,1,0,1,0,0,637,17501,0,1,1,3,{},{},102547.0,112306.0,102608.0,8740,10673.0,184564.0,195237.0,3026.315789473684,,1.0289610910549538,0.5255561189733503,1.0.0,4,0,8,16,1,0,1,false,1,276,64,217,2342,140,840,1736,868,442,36,1530,249,0,0,0,0,7,387,0,0,0,48,0,0,0,0,21,8173,4,4,28,35,35,980,3920,3920,0,868,1696,17920,1768,138,1171,221,32,106,1530,21384,312,0,280,0,56,896,1,1,217,28,,,
204-instcombine-binaryop-match-match-n45-d16.pbqp,llvm,45,121,16,661,16137,none,structured,search-node-limit,not_attempted_cpu_incomplete,86976.0,43266.0,27740,,,,,,,,,,,,,,,,,,,,,,,,,,,,,,,,,,,,,,,,,,,,,,,,,,,,,,,,,,,,,,,,,,,,,,,,,,,,,,,,,,,,,,,,,,,,,,,,,,,,,,,,,,,,,,,
204-instcombine-binaryop-match-match-n45-d16.pbqp,llvm,45,121,16,661,16137,heuristic,structured,solved-exact,completed,86976.0,43266.0,27740,93080.0,5100.0,87980.0,false,85201.0,220382.0,78094.0,138205.0,138205.0,166496.0,2.554587451654491,1.788740868070477,122,36588,3360,6000,1,0,1,0,0,581,15321,0,1,1,3,{},{},90975.0,99106.0,93080.0,8740,10649.0,162205.0,172854.0,1713.7254901960785,,1.057967719936349,0.5384891295544216,1.0.0,4,0,8,16,1,0,1,false,1,276,64,217,2342,140,840,1736,868,442,36,1530,249,0,0,0,0,7,387,0,0,0,48,0,0,0,0,21,8173,4,4,28,35,35,980,3920,3920,0,868,1696,17920,1768,138,1171,221,32,106,1530,21384,312,0,280,0,56,896,1,1,217,28,,,
205-instcombine-binaryop-match-match-n17-d16.pbqp,llvm,17,36,16,234,4107,none,structured,search-node-limit,not_attempted_cpu_incomplete,20469.0,11980.0,7498,,,,,,,,,,,,,,,,,,,,,,,,,,,,,,,,,,,,,,,,,,,,,,,,,,,,,,,,,,,,,,,,,,,,,,,,,,,,,,,,,,,,,,,,,,,,,,,,,,,,,,,,,,,,,,,
205-instcombine-binaryop-match-match-n17-d16.pbqp,llvm,17,36,16,234,4107,heuristic,structured,solved-exact,completed,20469.0,11980.0,7498,22013.0,1034.0,20979.0,false,21641.0,53368.0,17752.0,17619.0,17619.0,22932.0,2.0124471902966428,1.0417480579657474,42,13608,1568,4000,1,0,1,0,0,186,3627,0,1,1,1,{},{},22153.0,23867.0,22013.0,3004,6753.0,33954.0,40707.0,2905.222437137331,,1.0492873826207159,0.540766944260201,1.0.0,4,0,8,16,1,0,1,false,1,178,50,65,824,92,196,520,260,134,27,568,90,0,0,0,0,16,888,0,0,0,24,0,0,0,0,7,1990,2,2,23,23,23,288,1152,1152,0,260,1024,6080,536,89,412,67,25,64,568,7640,120,0,95,0,14,0,1,1,65,23,,,
206-instcombine-binaryop-match-match-n21-d16.pbqp,llvm,21,51,16,295,6083,none,structured,search-node-limit,not_attempted_cpu_incomplete,29159.0,15944.0,10077,,,,,,,,,,,,,,,,,,,,,,,,,,,,,,,,,,,,,,,,,,,,,,,,,,,,,,,,,,,,,,,,,,,,,,,,,,,,,,,,,,,,,,,,,,,,,,,,,,,,,,,,,,,,,,,
206-instcombine-binaryop-match-match-n21-d16.pbqp,llvm,21,51,16,295,6083,heuristic,structured,solved-exact,completed,29159.0,15944.0,10077,30883.0,1095.0,29788.0,false,28548.0,77982.0,25262.0,23833.0,23833.0,29771.0,2.046886636660946,0.9639931353819253,55,16920,3456,4000,1,0,1,0,0,247,5603,0,1,1,1,{},{},30106.0,31563.0,30883.0,3004,7223.0,69324.0,76547.0,2743.37899543379,,1.0367597690345105,0.4034514742576456,1.0.0,4,0,8,16,1,0,1,false,1,178,50,65,824,92,196,520,260,134,27,568,90,0,0,0,0,16,888,0,0,0,24,0,0,0,0,7,1990,2,2,23,23,23,288,1152,1152,0,260,1024,6080,536,89,412,67,25,64,568,7640,120,0,95,0,14,0,1,1,65,23,,,
207-instcombine-binaryop-match-match-n18-d16.pbqp,llvm,18,54,16,243,6282,none,structured,search-node-limit,not_attempted_cpu_incomplete,27005.0,16069.0,10973,,,,,,,,,,,,,,,,,,,,,,,,,,,,,,,,,,,,,,,,,,,,,,,,,,,,,,,,,,,,,,,,,,,,,,,,,,,,,,,,,,,,,,,,,,,,,,,,,,,,,,,,,,,,,,,
207-instcombine-binaryop-match-match-n18-d16.pbqp,llvm,18,54,16,243,6282,heuristic,structured,solved-exact,completed,27005.0,16069.0,10973,32149.0,1183.0,30966.0,false,28879.0,77225.0,26090.0,23127.0,23127.0,29736.0,1.7363837133347848,0.9249432330710131,47,16348,3584,5000,1,0,1,0,0,195,5914,0,1,1,1,{},{},31391.0,35820.0,32149.0,4670,6373.0,73791.0,80164.0,3947.5908706677938,,1.0382031905961377,0.40104036724714337,1.0.0,4,0,8,16,1,0,1,false,1,124,32,119,1238,84,448,952,476,242,18,802,135,0,0,0,0,7,387,0,0,0,24,0,0,0,0,7,4193,2,2,14,21,21,532,2128,2128,0,476,736,9856,968,62,619,121,16,46,802,11560,170,0,154,0,28,896,1,1,119,14,,,
208-instcombine-binaryop-match-match-n28-d16.pbqp,llvm,28,83,16,382,10102,none,structured,search-node-limit,not_attempted_cpu_incomplete,56471.0,29013.0,17364,,,,,,,,,,,,,,,,,,,,,,,,,,,,,,,,,,,,,,,,,,,,,,,,,,,,,,,,,,,,,,,,,,,,,,,,,,,,,,,,,,,,,,,,,,,,,,,,,,,,,,,,,,,,,,,
208-instcombine-binaryop-match-match-n28-d16.pbqp,llvm,28,83,16,382,10102,heuristic,structured,solved-exact,completed,56471.0,29013.0,17364,57809.0,610.0,57199.0,false,52834.0,121534.0,50852.0,43727.0,43727.0,51117.0,1.6925565223408119,0.8842394782819284,73,24908,3584,7000,1,0,1,0,0,366,9846,0,0,1,0,{},{},55363.0,58646.0,57809.0,969,4121.0,110981.0,115102.0,1588.5245901639344,,1.0106645221070298,0.5022414901565568,1.0.0,4,0,8,16,1,0,1,false,1,102,34,16,272,64,0,128,64,34,18,204,33,0,0,0,0,16,888,0,0,0,12,0,0,0,0,0,0,1,1,16,16,16,64,256,256,0,64,544,2048,136,51,136,17,17,34,204,2728,49,0,32,0,0,0,1,1,16,16,,,
209-instcombine-binaryop-match-match-n15-d16.pbqp,llvm,15,30,16,203,3942,none,structured,solved-exact,completed,34369.0,21868.0,8589,774331.0,233834.0,540497.0,false,722730.0,905214.0,0.0,20590.0,617057.0,840189.0,1.6019867472695786,1.085051483151262,1655,12499796,253248,4000,241,240,210,5,12023040,12759,225777,7488,49,65,273,"{""7"":7,""15"":1,""16"":11}","{""4"":7,""6"":5,""9"":4,""10"":2,""13"":1}",1121137.0,1110426.0,774331.0,847943,1236656.0,1104950.0,2341606.0,3626.260509592275,,1.4326277481651146,0.33068372732218826,1.0.0,4,0,8,16,1,0,1,false,1,39762,9458,28448,218088,13578,71008,145308,72654,59012,5787,158431,26409,0,0,0,0,464,23556,0,0,0,12696,720,53200,0,0,2487,738517,1058,1058,3671,4014,4014,84586,331617,338344,6727,72654,242432,1538760,206096,19881,109044,29506,4729,15152,158431,1987288,33253,0,28524,0,5660,19208,1,1,28448,3671,,,
209-instcombine-binaryop-match-match-n15-d16.pbqp,llvm,15,30,16,203,3942,heuristic,structured,solved-exact,completed,34369.0,21868.0,8589,24999.0,1171.0,23828.0,false,23478.0,55995.0,21150.0,19042.0,19042.0,24201.0,1.5702228089123564,0.968078723148926,37,14584,2432,4000,1,0,1,0,0,171,3462,0,0,1,1,{},{},28661.0,43524.0,24999.0,3004,7411.0,60114.0,67525.0,2565.3287788215202,,1.0491438643612556,0.3702184376156979,1.0.0,4,0,8,16,1,0,1,false,1,178,50,65,824,92,196,520,260,134,27,568,90,0,0,0,0,16,888,0,0,0,24,0,0,0,0,7,1990,2,2,23,23,23,288,1152,1152,0,260,1024,6080,536,89,412,67,25,64,568,7640,120,0,95,0,14,0,1,1,65,23,,,
210-instcombine-binaryop-match-match-n19-d16.pbqp,llvm,19,44,16,284,6677,none,structured,search-node-limit,not_attempted_cpu_incomplete,24264.0,14984.0,10378,,,,,,,,,,,,,,,,,,,,,,,,,,,,,,,,,,,,,,,,,,,,,,,,,,,,,,,,,,,,,,,,,,,,,,,,,,,,,,,,,,,,,,,,,,,,,,,,,,,,,,,,,,,,,,,
210-instcombine-binaryop-match-match-n19-d16.pbqp,llvm,19,44,16,284,6677,heuristic,structured,solved-exact,completed,24264.0,14984.0,10378,30190.0,2190.0,28000.0,false,28387.0,65406.0,23087.0,21441.0,21441.0,29493.0,1.8627691288506127,0.9769128850612786,52,17304,1568,2000,1,0,1,0,0,204,5749,0,1,1,3,{},{},40450.0,57522.0,30190.0,7074,12430.0,44545.0,56975.0,3230.1369863013697,,1.0782142857142858,0.5298815269855199,1.0.0,4,0,8,16,1,0,1,false,1,330,82,163,1928,148,588,1304,652,334,45,1296,204,0,0,0,0,16,888,0,0,0,48,0,0,0,0,21,5970,4,4,37,37,37,736,2944,2944,0,652,1984,14144,1336,165,964,167,41,124,1296,17464,262,0,221,0,42,0,1,1,163,37,,,
211-instcombine-binaryop-match-match-n19-d16.pbqp,llvm,19,44,16,284,6677,none,structured,search-node-limit,not_attempted_cpu_incomplete,24823.0,15193.0,10378,,,,,,,,,,,,,,,,,,,,,,,,,,,,,,,,,,,,,,,,,,,,,,,,,,,,,,,,,,,,,,,,,,,,,,,,,,,,,,,,,,,,,,,,,,,,,,,,,,,,,,,,,,,,,,,
211-instcombine-binaryop-match-match-n19-d16.pbqp,llvm,19,44,16,284,6677,heuristic,structured,solved-exact,completed,24823.0,15193.0,10378,33986.0,2763.0,31223.0,false,30715.0,73414.0,26503.0,23532.0,23532.0,32038.0,1.7480727358324015,0.9426822809392102,52,17304,1568,2000,1,0,1,0,0,204,5749,0,1,1,3,{},{},37106.0,37335.0,33986.0,7074,11633.0,44763.0,56396.0,2560.2605863192184,,1.0884924574832655,0.6026313922973261,1.0.0,4,0,8,16,1,0,1,false,1,330,82,163,1928,148,588,1304,652,334,45,1296,204,0,0,0,0,16,888,0,0,0,48,0,0,0,0,21,5970,4,4,37,37,37,736,2944,2944,0,652,1984,14144,1336,165,964,167,41,124,1296,17464,262,0,221,0,42,0,1,1,163,37,,,
212-instcombine-binaryop-match-match-n29-d16.pbqp,llvm,29,66,16,443,10551,none,structured,search-node-limit,not_attempted_cpu_incomplete,58404.0,35195.0,22364,,,,,,,,,,,,,,,,,,,,,,,,,,,,,,,,,,,,,,,,,,,,,,,,,,,,,,,,,,,,,,,,,,,,,,,,,,,,,,,,,,,,,,,,,,,,,,,,,,,,,,,,,,,,,,,
212-instcombine-binaryop-match-match-n29-d16.pbqp,llvm,29,66,16,443,10551,heuristic,structured,solved-exact,completed,58404.0,35195.0,22364,64975.0,3949.0,61026.0,false,61336.0,131523.0,53174.0,49261.0,49261.0,62477.0,1.6451096575606001,0.9615544440169296,77,34032,3584,2000,1,0,1,0,0,347,9367,0,1,1,4,{},{},66092.0,105725.0,64975.0,13397,17312.0,124723.0,142035.0,3392.504431501646,,1.0647101235538952,0.4574576688844299,1.0.0,4,0,8,16,1,0,1,false,1,442,98,329,3622,204,1288,2632,1316,668,54,2366,378,0,0,0,0,7,387,0,0,0,60,0,0,0,0,37,12749,5,5,44,51,51,1492,5968,5968,0,1316,2752,27136,2672,221,1811,334,49,172,2366,32560,473,0,424,0,88,896,1,1,329,44,,,
213-instcombine-binaryop-match-match-n16-d16.pbqp,llvm,16,34,16,216,4431,none,structured,search-node-limit,not_attempted_cpu_incomplete,26044.0,15281.0,9776,,,,,,,,,,,,,,,,,,,,,,,,,,,,,,,,,,,,,,,,,,,,,,,,,,,,,,,,,,,,,,,,,,,,,,,,,,,,,,,,,,,,,,,,,,,,,,,,,,,,,,,,,,,,,,,
213-instcombine-binaryop-match-match-n16-d16.pbqp,llvm,16,34,16,216,4431,heuristic,structured,solved-exact,completed,26044.0,15281.0,9776,30137.0,1070.0,29067.0,false,24015.0,67814.0,25160.0,20520.0,20520.0,25460.0,1.4306002588180642,0.8448087069051332,40,15484,2432,4000,1,0,1,0,0,184,3951,0,0,1,1,{},{},28971.0,44079.0,30137.0,3004,7034.0,58661.0,65695.0,2807.4766355140187,,1.0368115044552242,0.4587411522946952,1.0.0,4,0,8,16,1,0,1,false,1,178,50,65,824,92,196,520,260,134,27,568,90,0,0,0,0,16,888,0,0,0,24,0,0,0,0,7,1990,2,2,23,23,23,288,1152,1152,0,260,1024,6080,536,89,412,67,25,64,568,7640,120,0,95,0,14,0,1,1,65,23,,,
214-instcombine-binaryop-match-match-n17-d16.pbqp,llvm,17,41,16,243,6055,none,structured,search-node-limit,not_attempted_cpu_incomplete,34898.0,21514.0,12824,,,,,,,,,,,,,,,,,,,,,,,,,,,,,,,,,,,,,,,,,,,,,,,,,,,,,,,,,,,,,,,,,,,,,,,,,,,,,,,,,,,,,,,,,,,,,,,,,,,,,,,,,,,,,,,
214-instcombine-binaryop-match-match-n17-d16.pbqp,llvm,17,41,16,243,6055,heuristic,structured,solved-exact,completed,34898.0,21514.0,12824,39799.0,2370.0,37429.0,false,36345.0,77480.0,32408.0,28543.0,28543.0,36202.0,1.492826452925953,0.9096208447448428,47,19680,3584,3000,1,0,1,0,0,196,5230,0,0,1,2,{},{},40068.0,39230.0,39799.0,7661,12308.0,72182.0,84490.0,3232.4894514767934,,1.0633198856501642,0.47104982838205706,1.0.0,4,0,8,16,1,0,1,false,1,344,84,177,2104,156,644,1416,708,360,45,1404,219,0,0,0,0,16,888,0,0,0,36,0,0,0,0,23,6566,3,3,39,39,39,800,3072,3200,128,708,2080,14720,1440,172,1052,180,42,130,1404,18240,281,0,239,0,46,0,1,1,177,39,,,
215-instcombine-binaryop-match-match-n41-d16.pbqp,llvm,41,108,16,626,16328,none,structured,search-node-limit,not_attempted_cpu_incomplete,73254.0,40544.0,28057,,,,,,,,,,,,,,,,,,,,,,,,,,,,,,,,,,,,,,,,,,,,,,,,,,,,,,,,,,,,,,,,,,,,,,,,,,,,,,,,,,,,,,,,,,,,,,,,,,,,,,,,,,,,,,,
215-instcombine-binaryop-match-match-n41-d16.pbqp,llvm,41,108,16,626,16328,heuristic,structured,solved-exact,completed,73254.0,40544.0,28057,74676.0,1119.0,73557.0,false,72196.0,148366.0,64125.0,61094.0,61094.0,71796.0,2.0167657614226795,0.9614333922545396,107,34176,2432,3000,1,0,1,0,0,610,15960,0,0,0,1,{},{},74727.0,85847.0,74676.0,4657,6255.0,145744.0,151999.0,4161.751563896336,,1.0152126921978875,0.49129270587306495,1.0.0,4,0,8,16,1,0,1,false,1,166,34,112,1280,64,448,896,448,226,18,836,129,0,0,0,0,0,0,0,0,0,12,0,0,0,0,16,4576,1,1,16,16,16,512,2048,2048,0,448,1056,9216,904,83,640,113,17,66,836,11176,161,0,144,0,32,0,1,1,112,16,,,
216-instcombine-binaryop-match-match-n15-d16.pbqp,llvm,15,30,16,220,4181,none,structured,solved-exact,completed,27317.0,17692.0,7502,911246.0,159526.0,751720.0,false,906371.0,971658.0,0.0,17098.0,835036.0,1044058.0,1.7341135105119803,1.1457476905248418,2371,21485240,303584,2000,420,419,383,6,20990224,18845,373777,12346,136,136,198,"{""15"":13,""16"":14}","{""4"":9,""5"":6,""6"":5,""8"":4,""9"":2,""10"":1}",1001728.0,1026079.0,911246.0,689045,1380073.0,1459973.0,2840046.0,4319.327256998859,,1.212214654392593,0.3208560706411093,1.0.0,4,0,8,16,1,0,1,false,1,46518,12820,32729,158616,13280,42588,93944,46972,68640,8001,136887,28050,0,0,0,0,2176,77568,0,0,0,19092,1257,89189,0,0,1386,475965,1591,1591,4819,5764,5764,55868,203240,223472,20232,46972,269584,1004992,225176,23259,79308,34320,6410,16849,136887,1499752,36145,0,29735,0,4662,52920,1,1,32729,4819,,,
216-instcombine-binaryop-match-match-n15-d16.pbqp,llvm,15,30,16,220,4181,heuristic,structured,solved-exact,completed,27317.0,17692.0,7502,23227.0,2266.0,20961.0,false,22666.0,66719.0,17328.0,16614.0,16614.0,23566.0,1.7763378826365868,1.014595083308219,40,15032,1568,2000,1,0,1,0,0,140,3253,0,1,1,3,{},{},25621.0,23200.0,23227.0,7074,11010.0,52573.0,63583.0,3121.80052956752,,1.1081055293163493,0.36530204614440964,1.0.0,4,0,8,16,1,0,1,false,1,330,82,163,1928,148,588,1304,652,334,45,1296,204,0,0,0,0,16,888,0,0,0,48,0,0,0,0,21,5970,4,4,37,37,37,736,2944,2944,0,652,1984,14144,1336,165,964,167,41,124,1296,17464,262,0,221,0,42,0,1,1,163,37,,,
217-instcombine-binaryop-match-match-n51-d16.pbqp,llvm,51,151,16,788,25252,none,structured,search-node-limit,not_attempted_cpu_incomplete,99759.0,59340.0,38460,,,,,,,,,,,,,,,,,,,,,,,,,,,,,,,,,,,,,,,,,,,,,,,,,,,,,,,,,,,,,,,,,,,,,,,,,,,,,,,,,,,,,,,,,,,,,,,,,,,,,,,,,,,,,,,
217-instcombine-binaryop-match-match-n51-d16.pbqp,llvm,51,151,16,788,25252,heuristic,structured,solved-exact,completed,99759.0,59340.0,38460,125600.0,4943.0,120657.0,false,115629.0,250644.0,103688.0,93279.0,93279.0,117035.0,1.9167277070063695,0.9318073248407643,148,51172,3584,3000,1,0,1,0,0,660,23364,0,0,3,5,{},{},122243.0,130435.0,125600.0,15167,23532.0,211542.0,235074.0,3068.3795266032776,,1.0409673703141964,0.5342998374979794,1.0.0,4,0,8,16,1,0,1,false,1,722,182,347,4150,332,1232,2776,1388,710,99,2791,438,0,0,0,0,39,2163,0,0,0,96,0,0,0,0,44,12536,8,8,83,83,83,1564,6256,6256,0,1388,4320,30336,2840,361,2075,355,91,270,2791,37496,565,0,474,0,88,0,1,1,347,83,,,
218-instcombine-binaryop-match-match-n28-d16.pbqp,llvm,28,68,16,407,8503,none,structured,search-node-limit,not_attempted_cpu_incomplete,42197.0,24879.0,17964,,,,,,,,,,,,,,,,,,,,,,,,,,,,,,,,,,,,,,,,,,,,,,,,,,,,,,,,,,,,,,,,,,,,,,,,,,,,,,,,,,,,,,,,,,,,,,,,,,,,,,,,,,,,,,,
218-instcombine-binaryop-match-match-n28-d16.pbqp,llvm,28,68,16,407,8503,heuristic,structured,solved-exact,completed,42197.0,24879.0,17964,58470.0,5224.0,53246.0,false,53074.0,115421.0,44258.0,39207.0,39207.0,54773.0,1.6548144347528648,0.9367709936719685,85,33752,3584,4000,1,0,1,0,0,265,6483,0,0,1,8,{},{},52554.0,63034.0,58470.0,17273,22927.0,111447.0,134374.0,3306.4701378254213,,1.0981106561995266,0.4351288195633084,1.0.0,4,0,8,16,1,0,1,false,1,710,162,408,4704,288,1568,3264,1632,834,90,3124,489,0,0,0,0,16,888,0,0,0,108,0,0,0,0,56,15944,9,9,72,72,72,1856,7312,7424,112,1632,4384,33800,3336,355,2352,417,81,274,3124,41520,617,0,536,0,112,0,1,1,408,72,,,
219-instcombine-binaryop-match-match-n15-d16.pbqp,llvm,15,29,16,218,3664,none,structured,solved-exact,completed,27107.0,15915.0,10629,193398.0,55336.0,138062.0,false,184645.0,235888.0,0.0,17288.0,145453.0,226918.0,1.5738994198492229,1.1733213373457843,434,3435188,151424,2000,68,67,56,3,3285680,2489,43242,2183,21,22,58,"{""7"":3,""15"":2,""16"":1}","{""4"":3,""6"":2,""7"":1}",264736.0,303968.0,193398.0,244440,349644.0,295250.0,644894.0,4417.377475784299,,1.4008054352392403,0.2998911449013326,1.0.0,4,0,8,16,1,0,1,false,1,11302,2840,9778,61518,4358,18256,39256,19628,20118,1701,46469,9216,0,0,0,0,343,19035,0,0,0,3372,201,15391,0,0,595,200681,281,281,1139,1482,1482,22614,84041,90456,6415,19628,67696,402576,71740,5651,30759,10059,1420,4231,46469,542012,11636,0,10216,0,1876,19656,1,1,9778,1139,,,
219-instcombine-binaryop-match-match-n15-d16.pbqp,llvm,15,29,16,218,3664,heuristic,structured,solved-exact,completed,27107.0,15915.0,10629,32958.0,4979.0,27979.0,false,31341.0,71793.0,23603.0,22925.0,22925.0,34608.0,1.5739425936039808,1.0500637174585836,47,23800,3584,2000,1,0,1,0,0,93,1891,0,0,1,7,{},{},34977.0,39915.0,32958.0,17072,18582.0,61770.0,80352.0,3428.800964049006,,1.1779548947424854,0.41017025089605735,1.0.0,4,0,8,16,1,0,1,false,1,580,128,413,4678,252,1624,3304,1652,842,72,3050,477,0,0,0,0,7,387,0,0,0,96,0,0,0,0,49,16325,8,8,56,63,63,1876,7266,7504,238,1652,3616,32984,3368,290,2339,421,64,226,3050,39968,596,0,532,0,112,840,1,1,413,56,,,
220-instcombine-binaryop-match-match-n45-d16.pbqp,llvm,45,132,16,659,18874,none,structured,search-node-limit,not_attempted_cpu_incomplete,98330.0,59080.0,32888,,,,,,,,,,,,,,,,,,,,,,,,,,,,,,,,,,,,,,,,,,,,,,,,,,,,,,,,,,,,,,,,,,,,,,,,,,,,,,,,,,,,,,,,,,,,,,,,,,,,,,,,,,,,,,,
220-instcombine-binaryop-match-match-n45-d16.pbqp,llvm,45,132,16,659,18874,heuristic,structured,solved-exact,completed,98330.0,59080.0,32888,109754.0,3887.0,105867.0,false,100932.0,227987.0,93796.0,86046.0,86046.0,103377.0,1.7848278878218562,0.9418973340379394,126,43124,3584,6000,1,0,1,0,0,596,17649,0,0,2,2,{},{},112899.0,124121.0,109754.0,11252,18463.0,197986.0,216449.0,2894.7774633393365,,1.0367158793580624,0.507066329712773,1.0.0,4,0,8,16,1,0,1,false,1,536,136,256,3104,256,896,2048,1024,520,72,2080,324,0,0,0,0,32,1776,0,0,0,48,0,0,0,0,32,9152,4,4,64,64,64,1152,4480,4608,128,1024,3200,21952,2080,268,1552,260,68,200,2080,27232,420,0,352,0,64,0,1,1,256,64,,,
221-instcombine-binaryop-match-match-n27-d16.pbqp,llvm,27,83,16,373,10127,none,structured,search-node-limit,not_attempted_cpu_incomplete,47423.0,27582.0,16987,,,,,,,,,,,,,,,,,,,,,,,,,,,,,,,,,,,,,,,,,,,,,,,,,,,,,,,,,,,,,,,,,,,,,,,,,,,,,,,,,,,,,,,,,,,,,,,,,,,,,,,,,,,,,,,
221-instcombine-binaryop-match-match-n27-d16.pbqp,llvm,27,83,16,373,10127,heuristic,structured,solved-exact,completed,47423.0,27582.0,16987,53362.0,1282.0,52080.0,false,49036.0,112606.0,45186.0,40250.0,40250.0,50987.0,1.88771035568382,0.95549267268843,73,21444,3584,6000,1,0,1,0,0,325,9647,0,1,1,1,{},{},53883.0,61905.0,53362.0,3004,6682.0,109841.0,116523.0,2343.213728549142,,1.024615975422427,0.4579525072303322,1.0.0,4,0,8,16,1,0,1,false,1,178,50,65,824,92,196,520,260,134,27,568,90,0,0,0,0,16,888,0,0,0,24,0,0,0,0,7,1990,2,2,23,23,23,288,1152,1152,0,260,1024,6080,536,89,412,67,25,64,568,7640,120,0,95,0,14,0,1,1,65,23,,,
222-instcombine-binaryop-match-match-n33-d16.pbqp,llvm,33,113,16,437,12491,none,structured,search-node-limit,not_attempted_cpu_incomplete,61877.0,34684.0,20293,,,,,,,,,,,,,,,,,,,,,,,,,,,,,,,,,,,,,,,,,,,,,,,,,,,,,,,,,,,,,,,,,,,,,,,,,,,,,,,,,,,,,,,,,,,,,,,,,,,,,,,,,,,,,,,
222-instcombine-binaryop-match-match-n33-d16.pbqp,llvm,33,113,16,437,12491,heuristic,structured,solved-exact,completed,61877.0,34684.0,20293,61191.0,2750.0,58441.0,false,55911.0,128427.0,48798.0,44864.0,44864.0,58744.0,2.34266477096305,0.9600104590544362,93,31616,3584,10000,1,0,1,0,0,341,11339,0,1,1,4,{},{},64375.0,71026.0,61191.0,9109,14130.0,138632.0,152762.0,3312.3636363636365,,1.0470560052018274,0.40056427645618675,1.0.0,4,0,8,16,1,0,1,false,1,406,98,212,2480,176,784,1696,848,434,54,1660,261,0,0,0,0,16,888,0,0,0,60,0,0,0,0,28,7960,5,5,44,44,44,960,3840,3840,0,848,2464,18176,1736,203,1240,217,49,154,1660,22376,333,0,284,0,56,0,1,1,212,44,,,
223-instcombine-binaryop-match-match-n16-d16.pbqp,llvm,16,28,16,232,3494,none,structured,solved-exact,completed,43958.0,16154.0,9486,154012.0,40502.0,113510.0,false,150597.0,172227.0,0.0,17333.0,97134.0,176125.0,1.7468768667376569,1.1435797210606966,414,3478216,149632,2000,70,69,53,3,3390384,2175,36885,2164,22,23,43,"{""7"":3,""16"":3}","{""4"":3,""5"":2,""7"":1}",218344.0,210348.0,154012.0,162516,254950.0,251169.0,506119.0,4012.5425904893586,,1.3568143775878778,0.304299976882907,1.0.0,4,0,8,16,1,0,1,false,1,8152,2178,5671,41512,3058,12796,26880,13440,11888,1362,30776,4803,0,0,0,0,308,11211,0,0,0,3276,207,15505,0,0,301,127895,273,273,816,970,970,15854,60320,63416,3096,13440,47792,286896,38896,4076,20756,5944,1089,2987,30776,373584,6228,0,5139,0,910,18480,1,1,5671,816,,,
223-instcombine-binaryop-match-match-n16-d16.pbqp,llvm,16,28,16,232,3494,heuristic,structured,solved-exact,completed,43958.0,16154.0,9486,40555.0,6981.0,33574.0,false,39040.0,74835.0,29503.0,36701.0,36701.0,51063.0,1.272765380347676,1.259104919245469,47,20328,1568,2000,1,0,1,0,0,91,1833,0,1,2,6,{},{},32190.0,33446.0,40555.0,15373,19596.0,70592.0,90188.0,2202.1200401088668,,1.2079287543932806,0.4496717966913558,1.0.0,4,0,8,16,1,0,1,false,1,552,128,371,4180,252,1428,2968,1484,758,72,2745,435,0,0,0,0,14,774,0,0,0,96,0,0,0,0,42,14239,8,8,56,63,63,1680,6482,6720,238,1484,3392,29848,3032,276,2090,379,64,212,2745,36272,547,0,483,0,98,840,1,1,371,56,,,
224-instcombine-binaryop-match-match-n14-d16.pbqp,llvm,14,36,16,170,3789,none,structured,search-node-limit,not_attempted_cpu_incomplete,26266.0,14952.0,8700,,,,,,,,,,,,,,,,,,,,,,,,,,,,,,,,,,,,,,,,,,,,,,,,,,,,,,,,,,,,,,,,,,,,,,,,,,,,,,,,,,,,,,,,,,,,,,,,,,,,,,,,,,,,,,,
224-instcombine-binaryop-match-match-n14-d16.pbqp,llvm,14,36,16,170,3789,heuristic,structured,solved-exact,completed,26266.0,14952.0,8700,28042.0,2797.0,25245.0,false,24660.0,59412.0,21154.0,18371.0,18371.0,26201.0,1.7052635332715214,0.9343484772840739,41,17404,2432,6000,1,0,1,0,0,106,2797,0,0,2,2,{},{},29217.0,29001.0,28042.0,10296,14104.0,58544.0,72648.0,3681.086878798713,,1.1107942166765696,0.3859982380795067,1.0.0,4,0,8,16,1,0,1,false,1,392,100,247,2790,212,896,1976,988,502,54,1842,297,0,0,0,0,23,1275,0,0,0,48,0,0,0,0,23,8769,4,4,46,53,53,1108,4432,4432,0,988,2336,21120,2008,196,1395,251,50,146,1842,25464,380,0,330,0,60,896,1,1,247,46,,,
225-instcombine-binaryop-match-match-n14-d16.pbqp,llvm,14,36,16,170,3789,none,structured,search-node-limit,not_attempted_cpu_incomplete,23062.0,13798.0,8700,,,,,,,,,,,,,,,,,,,,,,,,,,,,,,,,,,,,,,,,,,,,,,,,,,,,,,,,,,,,,,,,,,,,,,,,,,,,,,,,,,,,,,,,,,,,,,,,,,,,,,,,,,,,,,,
225-instcombine-binaryop-match-match-n14-d16.pbqp,llvm,14,36,16,170,3789,heuristic,structured,solved-exact,completed,23062.0,13798.0,8700,42923.0,4037.0,38886.0,false,38381.0,80795.0,33194.0,25808.0,25808.0,35565.0,1.2390792815040887,0.8285767537217809,41,17404,2432,6000,1,0,1,0,0,106,2797,0,0,2,2,{},{},27776.0,29636.0,42923.0,10296,14636.0,60503.0,75139.0,2550.408719346049,,1.1038162834953453,0.571247953792305,1.0.0,4,0,8,16,1,0,1,false,1,392,100,247,2790,212,896,1976,988,502,54,1842,297,0,0,0,0,23,1275,0,0,0,48,0,0,0,0,23,8769,4,4,46,53,53,1108,4432,4432,0,988,2336,21120,2008,196,1395,251,50,146,1842,25464,380,0,330,0,60,896,1,1,247,46,,,
226-instcombine-binaryop-match-match-n17-d16.pbqp,llvm,17,41,16,240,4812,none,structured,search-node-limit,not_attempted_cpu_incomplete,17910.0,10524.0,7709,,,,,,,,,,,,,,,,,,,,,,,,,,,,,,,,,,,,,,,,,,,,,,,,,,,,,,,,,,,,,,,,,,,,,,,,,,,,,,,,,,,,,,,,,,,,,,,,,,,,,,,,,,,,,,,
226-instcombine-binaryop-match-match-n17-d16.pbqp,llvm,17,41,16,240,4812,heuristic,structured,solved-exact,completed,17910.0,10524.0,7709,23565.0,1137.0,22428.0,false,21604.0,56085.0,18343.0,16599.0,16599.0,22365.0,1.9390621684701888,0.9490770210057289,45,12044,1568,3000,1,0,1,0,0,192,4444,0,1,1,1,{},{},22544.0,24823.0,23565.0,4670,5579.0,65692.0,71271.0,4107.299912049252,,1.0506955591225253,0.33063939049543295,1.0.0,4,0,8,16,1,0,1,false,1,124,32,119,1238,84,448,952,476,242,18,802,135,0,0,0,0,7,387,0,0,0,24,0,0,0,0,7,4193,2,2,14,21,21,532,2128,2128,0,476,736,9856,968,62,619,121,16,46,802,11560,170,0,154,0,28,896,1,1,119,14,,,
227-instcombine-binaryop-match-match-n31-d16.pbqp,llvm,31,95,16,414,11528,none,structured,search-node-limit,not_attempted_cpu_incomplete,48371.0,27861.0,17210,,,,,,,,,,,,,,,,,,,,,,,,,,,,,,,,,,,,,,,,,,,,,,,,,,,,,,,,,,,,,,,,,,,,,,,,,,,,,,,,,,,,,,,,,,,,,,,,,,,,,,,,,,,,,,,
227-instcombine-binaryop-match-match-n31-d16.pbqp,llvm,31,95,16,414,11528,heuristic,structured,solved-exact,completed,48371.0,27861.0,17210,55792.0,1161.0,54631.0,false,49821.0,116103.0,47609.0,40470.0,40470.0,49529.0,1.956068970461715,0.8877437625466017,86,23124,2432,9000,1,0,1,0,0,382,11048,0,0,1,1,{},{},54185.0,59950.0,55792.0,3004,6753.0,114646.0,121399.0,2587.4246339362617,,1.021251670297084,0.45957544955065527,1.0.0,4,0,8,16,1,0,1,false,1,178,50,65,824,92,196,520,260,134,27,568,90,0,0,0,0,16,888,0,0,0,24,0,0,0,0,7,1990,2,2,23,23,23,288,1152,1152,0,260,1024,6080,536,89,412,67,25,64,568,7640,120,0,95,0,14,0,1,1,65,23,,,
228-instcombine-binaryop-match-match-n31-d16.pbqp,llvm,31,95,16,414,11528,none,structured,search-node-limit,not_attempted_cpu_incomplete,45165.0,26928.0,17210,,,,,,,,,,,,,,,,,,,,,,,,,,,,,,,,,,,,,,,,,,,,,,,,,,,,,,,,,,,,,,,,,,,,,,,,,,,,,,,,,,,,,,,,,,,,,,,,,,,,,,,,,,,,,,,
228-instcombine-binaryop-match-match-n31-d16.pbqp,llvm,31,95,16,414,11528,heuristic,structured,solved-exact,completed,45165.0,26928.0,17210,54308.0,1093.0,53215.0,false,49548.0,112542.0,46144.0,41522.0,41522.0,50498.0,1.957943581056198,0.9298445901156367,86,23124,2432,9000,1,0,1,0,0,382,11048,0,0,1,1,{},{},106744.0,113402.0,54308.0,3004,6736.0,113427.0,120163.0,2748.3989021043003,,1.020539321619844,0.45195276416201324,1.0.0,4,0,8,16,1,0,1,false,1,178,50,65,824,92,196,520,260,134,27,568,90,0,0,0,0,16,888,0,0,0,24,0,0,0,0,7,1990,2,2,23,23,23,288,1152,1152,0,260,1024,6080,536,89,412,67,25,64,568,7640,120,0,95,0,14,0,1,1,65,23,,,
229-instcombine-binaryop-match-match-n29-d16.pbqp,llvm,29,73,16,425,11245,none,structured,search-node-limit,not_attempted_cpu_incomplete,46433.0,29147.0,23186,,,,,,,,,,,,,,,,,,,,,,,,,,,,,,,,,,,,,,,,,,,,,,,,,,,,,,,,,,,,,,,,,,,,,,,,,,,,,,,,,,,,,,,,,,,,,,,,,,,,,,,,,,,,,,,
229-instcombine-binaryop-match-match-n29-d16.pbqp,llvm,29,73,16,425,11245,heuristic,structured,solved-exact,completed,46433.0,29147.0,23186,57766.0,1465.0,56301.0,false,53652.0,113711.0,49035.0,42839.0,42839.0,51732.0,1.7188138351279298,0.8955440916802271,74,27124,3584,4000,1,0,1,0,0,377,10621,0,1,1,1,{},{},49215.0,68926.0,57766.0,5207,7288.0,107520.0,114808.0,3554.2662116040956,,1.0260208522051117,0.5031530903769772,1.0.0,4,0,8,16,1,0,1,false,1,178,50,128,1392,120,448,1024,512,260,27,915,153,0,0,0,0,16,888,0,0,0,24,0,0,0,0,7,4193,2,2,23,30,30,568,2272,2272,0,512,1024,11008,1040,89,696,130,25,64,915,13072,197,0,172,0,28,896,1,1,128,23,,,
230-instcombine-binaryop-match-match-n17-d16.pbqp,llvm,17,51,16,226,5939,none,structured,search-node-limit,not_attempted_cpu_incomplete,26272.0,16554.0,8881,,,,,,,,,,,,,,,,,,,,,,,,,,,,,,,,,,,,,,,,,,,,,,,,,,,,,,,,,,,,,,,,,,,,,,,,,,,,,,,,,,,,,,,,,,,,,,,,,,,,,,,,,,,,,,,
230-instcombine-binaryop-match-match-n17-d16.pbqp,llvm,17,51,16,226,5939,heuristic,structured,solved-exact,completed,26272.0,16554.0,8881,30368.0,740.0,29628.0,false,24102.0,67123.0,25346.0,20167.0,20167.0,25760.0,1.7036354056902,0.8482613277133825,44,13612,2432,5000,1,0,1,0,0,179,5578,0,1,2,0,{},{},23737.0,28648.0,30368.0,1401,6441.0,80904.0,87345.0,1893.2432432432433,,1.0249763737005535,0.3476787452057931,1.0.0,4,0,8,16,1,0,1,false,1,150,50,23,390,92,0,184,92,50,27,295,48,0,0,0,0,23,1275,0,0,0,24,0,0,0,0,0,0,2,2,23,23,23,92,361,368,7,92,800,2888,200,75,195,25,25,50,295,3888,71,0,46,0,0,0,1,1,23,23,,,
231-instcombine-binaryop-match-match-n33-d16.pbqp,llvm,33,109,16,455,12853,none,structured,search-node-limit,not_attempted_cpu_incomplete,52946.0,29763.0,20811,,,,,,,,,,,,,,,,,,,,,,,,,,,,,,,,,,,,,,,,,,,,,,,,,,,,,,,,,,,,,,,,,,,,,,,,,,,,,,,,,,,,,,,,,,,,,,,,,,,,,,,,,,,,,,,
231-instcombine-binaryop-match-match-n33-d16.pbqp,llvm,33,109,16,455,12853,heuristic,structured,solved-exact,completed,52946.0,29763.0,20811,65349.0,1182.0,64167.0,false,59149.0,128056.0,52485.0,46968.0,46968.0,58734.0,1.8774579565104286,0.8987742735160447,88,27392,3584,8000,1,0,1,0,0,407,12485,0,1,1,1,{},{},61473.0,66164.0,65349.0,4670,5623.0,126012.0,131635.0,3950.9306260575295,,1.0184206835289167,0.4964409161697117,1.0.0,4,0,8,16,1,0,1,false,1,124,32,119,1238,84,448,952,476,242,18,802,135,0,0,0,0,7,387,0,0,0,24,0,0,0,0,7,4193,2,2,14,21,21,532,2128,2128,0,476,736,9856,968,62,619,121,16,46,802,11560,170,0,154,0,28,896,1,1,119,14,,,
232-instcombine-binaryop-match-match-n26-d16.pbqp,llvm,26,77,16,334,8072,none,structured,search-node-limit,not_attempted_cpu_incomplete,37647.0,22644.0,14651,,,,,,,,,,,,,,,,,,,,,,,,,,,,,,,,,,,,,,,,,,,,,,,,,,,,,,,,,,,,,,,,,,,,,,,,,,,,,,,,,,,,,,,,,,,,,,,,,,,,,,,,,,,,,,,
232-instcombine-binaryop-match-match-n26-d16.pbqp,llvm,26,77,16,334,8072,heuristic,structured,solved-exact,completed,37647.0,22644.0,14651,50577.0,1722.0,48855.0,false,46821.0,109522.0,42055.0,34292.0,34292.0,43504.0,1.7168080352729502,0.8601538248611029,71,21156,2432,9000,1,0,1,0,0,302,7480,0,0,0,2,{},{},45039.0,55852.0,50577.0,6273,6024.0,105498.0,111522.0,3642.8571428571427,,1.0352471599631563,0.45351589820842525,1.0.0,4,0,8,16,1,0,1,false,1,152,32,161,1672,84,644,1288,644,326,18,1075,177,0,0,0,0,0,0,0,0,0,24,0,0,0,0,14,6183,2,2,14,21,21,728,2912,2912,0,644,960,12992,1304,76,836,163,16,60,1075,15256,219,0,203,0,42,896,1,1,161,14,,,
233-instcombine-binaryop-match-match-n17-d16.pbqp,llvm,17,45,16,252,7948,none,structured,search-node-limit,not_attempted_cpu_incomplete,35317.0,24309.0,15779,,,,,,,,,,,,,,,,,,,,,,,,,,,,,,,,,,,,,,,,,,,,,,,,,,,,,,,,,,,,,,,,,,,,,,,,,,,,,,,,,,,,,,,,,,,,,,,,,,,,,,,,,,,,,,,
233-instcombine-binaryop-match-match-n17-d16.pbqp,llvm,17,45,16,252,7948,heuristic,structured,solved-exact,completed,35317.0,24309.0,15779,42076.0,1569.0,40507.0,false,38042.0,78699.0,35285.0,29477.0,29477.0,36483.0,1.4075482460309916,0.8670738663371043,46,19420,3584,2000,1,0,1,0,0,221,7347,0,0,1,1,{},{},46130.0,45948.0,42076.0,5626,9673.0,83099.0,92772.0,3585.72339069471,,1.0387340459673637,0.45354201698788427,1.0.0,4,0,8,16,1,0,1,false,1,268,68,128,1552,128,448,1024,512,260,36,1040,162,0,0,0,0,16,888,0,0,0,24,0,0,0,0,16,4576,2,2,32,32,32,576,2176,2304,128,512,1600,10688,1040,134,776,130,34,100,1040,13328,210,0,176,0,32,0,1,1,128,32,,,
234-instcombine-binaryop-match-match-n19-d16.pbqp,llvm,19,60,16,256,7278,none,structured,search-node-limit,not_attempted_cpu_incomplete,20519.0,12632.0,9105,,,,,,,,,,,,,,,,,,,,,,,,,,,,,,,,,,,,,,,,,,,,,,,,,,,,,,,,,,,,,,,,,,,,,,,,,,,,,,,,,,,,,,,,,,,,,,,,,,,,,,,,,,,,,,,
234-instcombine-binaryop-match-match-n19-d16.pbqp,llvm,19,60,16,256,7278,heuristic,structured,solved-exact,completed,20519.0,12632.0,9105,27562.0,746.0,26816.0,false,25834.0,70844.0,22107.0,20514.0,20514.0,28452.0,2.5314926347870257,1.032290835207895,51,13024,1512,5000,1,0,1,0,0,209,6917,0,1,2,0,{},{},25783.0,30867.0,27562.0,1401,5950.0,75096.0,81046.0,1878.0160857908847,,1.0278192124105012,0.3400784739530637,1.0.0,4,0,8,16,1,0,1,false,1,150,50,23,390,92,0,184,92,50,27,295,48,0,0,0,0,23,1275,0,0,0,24,0,0,0,0,0,0,2,2,23,23,23,92,361,368,7,92,800,2888,200,75,195,25,25,50,295,3888,71,0,46,0,0,0,1,1,23,23,,,
235-instcombine-binaryop-match-match-n35-d16.pbqp,llvm,35,101,16,478,12488,none,structured,search-node-limit,not_attempted_cpu_incomplete,63268.0,35456.0,21555,,,,,,,,,,,,,,,,,,,,,,,,,,,,,,,,,,,,,,,,,,,,,,,,,,,,,,,,,,,,,,,,,,,,,,,,,,,,,,,,,,,,,,,,,,,,,,,,,,,,,,,,,,,,,,,
235-instcombine-binaryop-match-match-n35-d16.pbqp,llvm,35,101,16,478,12488,heuristic,structured,solved-exact,completed,63268.0,35456.0,21555,71954.0,2374.0,69580.0,false,64635.0,149336.0,60255.0,52507.0,52507.0,64780.0,1.8939739277871974,0.900297412235595,96,30924,2432,9000,1,0,1,0,0,430,11640,0,0,1,2,{},{},69723.0,72781.0,71954.0,7661,12307.0,133150.0,145457.0,3227.0429654591408,,1.034118999712561,0.4946754023525853,1.0.0,4,0,8,16,1,0,1,false,1,344,84,177,2104,156,644,1416,708,360,45,1404,219,0,0,0,0,16,888,0,0,0,36,0,0,0,0,23,6566,3,3,39,39,39,800,3200,3200,0,708,2080,15296,1440,172,1052,180,42,130,1404,18816,281,0,239,0,46,0,1,1,177,39,,,
236-instcombine-binaryop-match-match-n18-d16.pbqp,llvm,18,49,16,268,8684,none,structured,search-node-limit,not_attempted_cpu_incomplete,39327.0,25466.0,16625,,,,,,,,,,,,,,,,,,,,,,,,,,,,,,,,,,,,,,,,,,,,,,,,,,,,,,,,,,,,,,,,,,,,,,,,,,,,,,,,,,,,,,,,,,,,,,,,,,,,,,,,,,,,,,,
236-instcombine-binaryop-match-match-n18-d16.pbqp,llvm,18,49,16,268,8684,heuristic,structured,solved-exact,completed,39327.0,25466.0,16625,45696.0,1711.0,43985.0,false,40293.0,85007.0,38230.0,31606.0,31606.0,39216.0,1.5220369397759104,0.8581932773109243,49,20060,3584,2000,1,0,1,0,0,237,8083,0,0,1,1,{},{},49490.0,50622.0,45696.0,5626,9558.0,81656.0,91214.0,3288.135593220339,,1.0388996248721154,0.500975727410266,1.0.0,4,0,8,16,1,0,1,false,1,268,68,128,1552,128,448,1024,512,260,36,1040,162,0,0,0,0,16,888,0,0,0,24,0,0,0,0,16,4576,2,2,32,32,32,576,2176,2304,128,512,1600,10688,1040,134,776,130,34,100,1040,13328,210,0,176,0,32,0,1,1,128,32,,,
237-instcombine-binaryop-match-match-n27-d16.pbqp,llvm,27,73,16,411,11623,none,structured,search-node-limit,not_attempted_cpu_incomplete,50949.0,30891.0,21015,,,,,,,,,,,,,,,,,,,,,,,,,,,,,,,,,,,,,,,,,,,,,,,,,,,,,,,,,,,,,,,,,,,,,,,,,,,,,,,,,,,,,,,,,,,,,,,,,,,,,,,,,,,,,,,
237-instcombine-binaryop-match-match-n27-d16.pbqp,llvm,27,73,16,411,11623,heuristic,structured,solved-exact,completed,50949.0,30891.0,21015,65747.0,1310.0,64437.0,false,55594.0,131695.0,55981.0,45409.0,45409.0,54377.0,1.479763335209211,0.8270643527461329,73,22972,3584,2000,1,0,1,0,0,379,11255,0,0,1,1,{},{},55157.0,67865.0,65747.0,4670,5776.0,111553.0,117329.0,3564.885496183206,,1.0203299346648664,0.5603644452778086,1.0.0,4,0,8,16,1,0,1,false,1,124,32,119,1238,84,448,952,476,242,18,802,135,0,0,0,0,7,387,0,0,0,24,0,0,0,0,7,4193,2,2,14,21,21,532,2128,2128,0,476,736,9856,968,62,619,121,16,46,802,11560,170,0,154,0,28,896,1,1,119,14,,,
238-instcombine-binaryop-match-match-n19-d16.pbqp,llvm,19,39,16,266,4769,none,structured,search-node-limit,not_attempted_cpu_incomplete,22142.0,13783.0,9252,,,,,,,,,,,,,,,,,,,,,,,,,,,,,,,,,,,,,,,,,,,,,,,,,,,,,,,,,,,,,,,,,,,,,,,,,,,,,,,,,,,,,,,,,,,,,,,,,,,,,,,,,,,,,,,
238-instcombine-binaryop-match-match-n19-d16.pbqp,llvm,19,39,16,266,4769,heuristic,structured,solved-exact,completed,22142.0,13783.0,9252,32768.0,2145.0,30623.0,false,28708.0,65958.0,25487.0,21069.0,21069.0,28187.0,1.577423095703125,0.860198974609375,49,18464,1512,4000,1,0,1,0,0,186,3841,0,1,1,3,{},{},30570.0,28434.0,32768.0,7074,11156.0,69265.0,80421.0,3297.902097902098,,1.0700453907193939,0.4074557640417304,1.0.0,4,0,8,16,1,0,1,false,1,330,82,163,1928,148,588,1304,652,334,45,1296,204,0,0,0,0,16,888,0,0,0,48,0,0,0,0,21,5970,4,4,37,37,37,736,2944,2944,0,652,1984,14144,1336,165,964,167,41,124,1296,17464,262,0,221,0,42,0,1,1,163,37,,,
239-instcombine-binaryop-match-match-n37-d16.pbqp,llvm,37,123,16,501,14043,none,structured,search-node-limit,not_attempted_cpu_incomplete,60235.0,32475.0,23615,,,,,,,,,,,,,,,,,,,,,,,,,,,,,,,,,,,,,,,,,,,,,,,,,,,,,,,,,,,,,,,,,,,,,,,,,,,,,,,,,,,,,,,,,,,,,,,,,,,,,,,,,,,,,,,
239-instcombine-binaryop-match-match-n37-d16.pbqp,llvm,37,123,16,501,14043,heuristic,structured,solved-exact,completed,60235.0,32475.0,23615,81639.0,2089.0,79550.0,false,69377.0,328247.0,68713.0,55386.0,55386.0,70241.0,1.7449870772547433,0.8603853550386458,100,31896,3584,10000,1,0,1,0,0,437,13451,0,1,1,2,{},{},71507.0,85820.0,81639.0,6705,7667.0,138803.0,146470.0,3209.6696984202968,,1.0262602137020742,0.5573769372567762,1.0.0,4,0,8,16,1,0,1,false,1,200,48,168,1790,112,644,1344,672,342,27,1166,192,0,0,0,0,7,387,0,0,0,36,0,0,0,0,14,6183,3,3,21,28,28,756,3024,3024,0,672,1216,13888,1368,100,895,171,24,76,1166,16472,241,0,217,0,42,896,1,1,168,21,,,
240-instcombine-binaryop-match-match-n20-d16.pbqp,llvm,20,49,16,290,7095,none,structured,search-node-limit,not_attempted_cpu_incomplete,29962.0,16949.0,11860,,,,,,,,,,,,,,,,,,,,,,,,,,,,,,,,,,,,,,,,,,,,,,,,,,,,,,,,,,,,,,,,,,,,,,,,,,,,,,,,,,,,,,,,,,,,,,,,,,,,,,,,,,,,,,,
240-instcombine-binaryop-match-match-n20-d16.pbqp,llvm,20,49,16,290,7095,heuristic,structured,solved-exact,completed,29962.0,16949.0,11860,34083.0,486.0,33597.0,false,29181.0,68957.0,29370.0,24822.0,24822.0,30013.0,1.6335123081888332,0.8805856291993076,51,15508,1568,3000,1,0,1,0,0,275,6855,0,0,1,0,{},{},35846.0,34037.0,34083.0,969,4619.0,75527.0,80146.0,1993.8271604938273,,1.0144655772836861,0.42526139794874357,1.0.0,4,0,8,16,1,0,1,false,1,102,34,16,272,64,0,128,64,34,18,204,33,0,0,0,0,16,888,0,0,0,12,0,0,0,0,0,0,1,1,16,16,16,64,240,256,16,64,544,1920,136,51,136,17,17,34,204,2600,49,0,32,0,0,0,1,1,16,16,,,
241-instcombine-binaryop-match-match-n17-d16.pbqp,llvm,17,31,16,248,4102,none,structured,solved-exact,completed,24062.0,14094.0,10180,389697.0,84941.0,304756.0,false,363875.0,501987.0,0.0,22025.0,262704.0,430390.0,1.6278339325168014,1.1044221536219165,880,8043228,216368,2000,148,147,122,4,7858032,5860,103724,4684,36,52,88,"{""7"":5,""16"":7}","{""4"":5,""5"":4,""7"":2,""10"":1}",418559.0,463553.0,389697.0,353624,535245.0,578079.0,1113324.0,4163.172084152529,,1.278718056412343,0.35003017989372365,1.0.0,4,0,8,16,1,0,1,false,1,16828,4494,12328,90746,6626,28140,59192,29596,25818,2828,66696,10332,0,0,0,0,609,23974,0,0,0,6972,441,33415,0,0,616,279694,581,581,1666,2023,2023,34766,132098,139064,6966,29596,98672,627824,84536,8414,45373,12909,2247,6167,66696,811032,13328,0,11081,0,1946,42840,1,1,12328,1666,,,
241-instcombine-binaryop-match-match-n17-d16.pbqp,llvm,17,31,16,248,4102,heuristic,structured,solved-exact,completed,24062.0,14094.0,10180,34143.0,3094.0,31049.0,false,29529.0,59141.0,26207.0,21351.0,21351.0,29536.0,1.3568227748001054,0.8650675101777817,46,18808,1568,2000,1,0,1,0,0,138,2898,0,1,1,5,{},{},30288.0,35180.0,34143.0,10535,13231.0,66452.0,79683.0,3404.977375565611,,1.0996489419949114,0.42848537329166825,1.0.0,4,0,8,16,1,0,1,false,1,428,96,252,2830,168,980,2016,1008,516,54,1887,300,0,0,0,0,7,387,0,0,0,72,0,0,0,0,35,9878,6,6,42,42,42,1148,4480,4592,112,1008,2656,20552,2064,214,1415,258,48,166,1887,25272,377,0,329,0,70,0,1,1,252,42,,,
242-instcombine-binaryop-match-match-n17-d16.pbqp,llvm,17,31,16,248,4102,none,structured,solved-exact,completed,23410.0,14328.0,10180,347688.0,83369.0,264319.0,false,336911.0,361208.0,0.0,18004.0,257346.0,402007.0,1.7482944478958147,1.1562291479717448,880,8043228,216368,2000,148,147,122,4,7858032,5860,103724,4684,36,52,88,"{""7"":5,""16"":7}","{""4"":5,""5"":4,""7"":2,""10"":1}",428047.0,476970.0,347688.0,353624,525030.0,563207.0,1088237.0,4241.672564142547,,1.3154105455907446,0.31949658024860395,1.0.0,4,0,8,16,1,0,1,false,1,16828,4494,12328,90746,6626,28140,59192,29596,25818,2828,66696,10332,0,0,0,0,609,23974,0,0,0,6972,441,33415,0,0,616,279694,581,581,1666,2023,2023,34766,132098,139064,6966,29596,98672,627824,84536,8414,45373,12909,2247,6167,66696,811032,13328,0,11081,0,1946,42840,1,1,12328,1666,,,
242-instcombine-binaryop-match-match-n17-d16.pbqp,llvm,17,31,16,248,4102,heuristic,structured,solved-exact,completed,23410.0,14328.0,10180,28902.0,2982.0,25920.0,false,25385.0,64152.0,22322.0,19782.0,19782.0,28288.0,1.6173621202684936,0.9787557954466819,46,18808,1568,2000,1,0,1,0,0,138,2898,0,1,1,5,{},{},30254.0,32441.0,28902.0,10535,13527.0,65330.0,78857.0,3532.8638497652582,,1.1150462962962964,0.36651153353538685,1.0.0,4,0,8,16,1,0,1,false,1,428,96,252,2830,168,980,2016,1008,516,54,1887,300,0,0,0,0,7,387,0,0,0,72,0,0,0,0,35,9878,6,6,42,42,42,1148,4480,4592,112,1008,2656,20552,2064,214,1415,258,48,166,1887,25272,377,0,329,0,70,0,1,1,252,42,,,
243-instcombine-binaryop-match-match-n17-d16.pbqp,llvm,17,31,16,248,4102,none,structured,solved-exact,completed,29394.0,17464.0,10180,354744.0,81868.0,272876.0,false,338760.0,382841.0,0.0,18657.0,255037.0,394471.0,1.7046828135218637,1.1119877996527072,880,8043228,216368,2000,148,147,122,4,7858032,5860,103724,4684,36,52,88,"{""7"":5,""16"":7}","{""4"":5,""5"":4,""7"":2,""10"":1}",447588.0,471328.0,354744.0,353624,535320.0,562539.0,1097859.0,4319.4410514486735,,1.300019056274645,0.3231234612094996,1.0.0,4,0,8,16,1,0,1,false,1,16828,4494,12328,90746,6626,28140,59192,29596,25818,2828,66696,10332,0,0,0,0,609,23974,0,0,0,6972,441,33415,0,0,616,279694,581,581,1666,2023,2023,34766,132098,139064,6966,29596,98672,627824,84536,8414,45373,12909,2247,6167,66696,811032,13328,0,11081,0,1946,42840,1,1,12328,1666,,,
243-instcombine-binaryop-match-match-n17-d16.pbqp,llvm,17,31,16,248,4102,heuristic,structured,solved-exact,completed,29394.0,17464.0,10180,36821.0,3194.0,33627.0,false,28418.0,70921.0,28746.0,20710.0,20710.0,29505.0,1.2884495260856577,0.8013090356046821,46,18808,1568,2000,1,0,1,0,0,138,2898,0,1,1,5,{},{},33603.0,37944.0,36821.0,10535,13936.0,65454.0,79390.0,3298.3719474013774,,1.0949831980253963,0.46379896712432295,1.0.0,4,0,8,16,1,0,1,false,1,428,96,252,2830,168,980,2016,1008,516,54,1887,300,0,0,0,0,7,387,0,0,0,72,0,0,0,0,35,9878,6,6,42,42,42,1148,4480,4592,112,1008,2656,20552,2064,214,1415,258,48,166,1887,25272,377,0,329,0,70,0,1,1,252,42,,,
244-instcombine-binaryop-match-match-n19-d16.pbqp,llvm,19,43,16,284,7292,none,structured,search-node-limit,not_attempted_cpu_incomplete,39368.0,25897.0,15509,,,,,,,,,,,,,,,,,,,,,,,,,,,,,,,,,,,,,,,,,,,,,,,,,,,,,,,,,,,,,,,,,,,,,,,,,,,,,,,,,,,,,,,,,,,,,,,,,,,,,,,,,,,,,,,
244-instcombine-binaryop-match-match-n19-d16.pbqp,llvm,19,43,16,284,7292,heuristic,structured,solved-exact,completed,39368.0,25897.0,15509,50375.0,1960.0,48415.0,false,38856.0,86651.0,42506.0,31826.0,31826.0,39192.0,1.2050223325062035,0.7780049627791563,51,22952,3584,2000,1,0,1,0,0,237,6435,0,0,2,1,{},{},41649.0,49545.0,50375.0,6595,13276.0,82844.0,96120.0,3364.795918367347,,1.0404833212847258,0.5240844777361632,1.0.0,4,0,8,16,1,0,1,false,1,370,102,144,1824,192,448,1152,576,294,54,1244,195,0,0,0,0,32,1776,0,0,0,36,0,0,0,0,16,4576,3,3,48,48,48,640,2432,2560,128,576,2144,12736,1176,185,912,147,51,134,1244,16056,259,0,208,0,32,0,1,1,144,48,,,
245-instcombine-binaryop-match-match-n31-d16.pbqp,llvm,31,80,16,423,8624,none,structured,search-node-limit,not_attempted_cpu_incomplete,41539.0,23153.0,14771,,,,,,,,,,,,,,,,,,,,,,,,,,,,,,,,,,,,,,,,,,,,,,,,,,,,,,,,,,,,,,,,,,,,,,,,,,,,,,,,,,,,,,,,,,,,,,,,,,,,,,,,,,,,,,,
245-instcombine-binaryop-match-match-n31-d16.pbqp,llvm,31,80,16,423,8624,heuristic,structured,solved-exact,completed,41539.0,23153.0,14771,47276.0,1003.0,46273.0,false,42599.0,107668.0,39764.0,35412.0,35412.0,44185.0,2.5761485743294696,0.9346179879854472,85,21956,1568,8000,1,0,1,0,0,375,8176,0,0,2,1,{},{},46352.0,50569.0,47276.0,2899,6222.0,108600.0,114822.0,2890.329012961117,,1.021675707215871,0.411732943164202,1.0.0,4,0,8,16,1,0,1,false,1,172,48,63,788,84,196,504,252,132,27,546,87,0,0,0,0,14,774,0,0,0,36,0,0,0,0,7,1990,3,3,21,21,21,280,1120,1120,0,252,992,5824,528,86,394,66,24,62,546,7344,115,0,91,0,14,0,1,1,63,21,,,
246-instcombine-binaryop-match-match-n24-d16.pbqp,llvm,24,69,16,334,7726,none,structured,search-node-limit,not_attempted_cpu_incomplete,31903.0,18265.0,12037,,,,,,,,,,,,,,,,,,,,,,,,,,,,,,,,,,,,,,,,,,,,,,,,,,,,,,,,,,,,,,,,,,,,,,,,,,,,,,,,,,,,,,,,,,,,,,,,,,,,,,,,,,,,,,,
246-instcombine-binaryop-match-match-n24-d16.pbqp,llvm,24,69,16,334,7726,heuristic,structured,solved-exact,completed,31903.0,18265.0,12037,37099.0,1890.0,35209.0,false,35407.0,90347.0,29536.0,28568.0,28568.0,37155.0,2.1177929324240545,1.0015094746489124,69,18740,1568,5000,1,0,1,0,0,287,7045,0,0,1,2,{},{},38919.0,43129.0,37099.0,6873,7873.0,94695.0,102568.0,3636.5079365079364,,1.053679456957028,0.361701505342797,1.0.0,4,0,8,16,1,0,1,false,1,200,48,168,1902,112,644,1344,672,342,27,1222,192,0,0,0,0,7,387,0,0,0,36,0,0,0,0,14,6351,3,3,21,28,28,756,2898,3024,126,672,1216,13328,1368,100,951,171,24,76,1222,15912,241,0,217,0,42,840,1,1,168,21,,,
247-instcombine-binaryop-match-match-n43-d16.pbqp,llvm,43,132,16,647,17608,none,structured,search-node-limit,not_attempted_cpu_incomplete,63364.0,36801.0,26589,,,,,,,,,,,,,,,,,,,,,,,,,,,,,,,,,,,,,,,,,,,,,,,,,,,,,,,,,,,,,,,,,,,,,,,,,,,,,,,,,,,,,,,,,,,,,,,,,,,,,,,,,,,,,,,
247-instcombine-binaryop-match-match-n43-d16.pbqp,llvm,43,132,16,647,17608,heuristic,structured,solved-exact,completed,63364.0,36801.0,26589,84347.0,2515.0,81832.0,false,80285.0,195210.0,69748.0,64006.0,64006.0,78789.0,2.1507581775285427,0.9341055402088989,124,34992,3584,4000,1,0,1,0,0,584,16703,0,0,1,3,{},{},152474.0,167919.0,84347.0,8908,10945.0,162918.0,173863.0,3541.948310139165,,1.03073369830873,0.4851348475523832,1.0.0,4,0,8,16,1,0,1,false,1,276,64,217,2454,140,840,1736,868,442,36,1586,249,0,0,0,0,7,387,0,0,0,48,0,0,0,0,21,8341,4,4,28,35,35,980,3794,3920,126,868,1696,17360,1768,138,1227,221,32,106,1586,20824,312,0,280,0,56,840,1,1,217,28,,,
248-instcombine-binaryop-match-match-n49-d16.pbqp,llvm,49,143,16,781,35378,none,structured,search-node-limit,not_attempted_cpu_incomplete,137363.0,93913.0,68879,,,,,,,,,,,,,,,,,,,,,,,,,,,,,,,,,,,,,,,,,,,,,,,,,,,,,,,,,,,,,,,,,,,,,,,,,,,,,,,,,,,,,,,,,,,,,,,,,,,,,,,,,,,,,,,
248-instcombine-binaryop-match-match-n49-d16.pbqp,llvm,49,143,16,781,35378,heuristic,structured,solved-exact,completed,137363.0,93913.0,68879,158538.0,2469.0,156069.0,false,153098.0,268872.0,140093.0,132338.0,132338.0,156664.0,1.6736429121093996,0.9881794900907038,133,58040,3584,0,1,0,1,0,0,733,34610,0,1,1,1,{},{},176166.0,192325.0,158538.0,10634,11846.0,255387.0,267233.0,4307.006885378696,,1.015819925802049,0.5932575692373322,1.0.0,4,0,8,16,1,0,1,false,1,268,68,272,2832,192,1024,2176,1088,548,36,1824,306,0,0,0,0,16,888,0,0,0,24,0,0,0,0,16,9584,2,2,32,48,48,1216,4864,4864,0,1088,1600,22528,2192,134,1416,274,34,100,1824,26320,386,0,352,0,64,2048,1,1,272,32,,,
249-instcombine-castinst-match-match-n16-d16.pbqp,llvm,16,45,16,227,6807,none,structured,search-node-limit,not_attempted_cpu_incomplete,32033.0,22239.0,12760,,,,,,,,,,,,,,,,,,,,,,,,,,,,,,,,,,,,,,,,,,,,,,,,,,,,,,,,,,,,,,,,,,,,,,,,,,,,,,,,,,,,,,,,,,,,,,,,,,,,,,,,,,,,,,,
249-instcombine-castinst-match-match-n16-d16.pbqp,llvm,16,45,16,227,6807,heuristic,structured,solved-exact,completed,32033.0,22239.0,12760,35986.0,1761.0,34225.0,false,32531.0,71327.0,29758.0,25676.0,25676.0,32976.0,1.6646195742788863,0.9163563608069805,45,17232,3584,3000,1,0,1,0,0,195,6183,0,0,1,1,{},{},38206.0,39039.0,35986.0,5626,10023.0,77266.0,87289.0,3194.7756956274843,,1.0514536157779402,0.41226271351487587,1.0.0,4,0,8,16,1,0,1,false,1,268,68,128,1552,128,448,1024,512,260,36,1040,162,0,0,0,0,16,888,0,0,0,24,0,0,0,0,16,4576,2,2,32,32,32,576,2304,2304,0,512,1600,11264,1040,134,776,130,34,100,1040,13904,210,0,176,0,32,0,1,1,128,32,,,
250-instcombine-castinst-match-match-n19-d16.pbqp,llvm,19,61,16,303,15568,none,structured,search-node-limit,not_attempted_cpu_incomplete,59276.0,41440.0,28013,,,,,,,,,,,,,,,,,,,,,,,,,,,,,,,,,,,,,,,,,,,,,,,,,,,,,,,,,,,,,,,,,,,,,,,,,,,,,,,,,,,,,,,,,,,,,,,,,,,,,,,,,,,,,,,
250-instcombine-castinst-match-match-n19-d16.pbqp,llvm,19,61,16,303,15568,heuristic,structured,solved-exact,completed,59276.0,41440.0,28013,69181.0,2323.0,66858.0,false,58465.0,118500.0,58399.0,47231.0,47231.0,57776.0,1.3049970367586476,0.8351425969558116,53,25856,3584,0,1,0,1,0,0,271,14800,0,0,1,1,{},{},68557.0,73060.0,69181.0,10634,11191.0,107123.0,118314.0,4577.701248385708,,1.0347452810434055,0.5847237013371198,1.0.0,4,0,8,16,1,0,1,false,1,268,68,272,2832,192,1024,2176,1088,548,36,1824,306,0,0,0,0,16,888,0,0,0,24,0,0,0,0,16,9584,2,2,32,48,48,1216,4864,4864,0,1088,1600,22528,2192,134,1416,274,34,100,1824,26320,386,0,352,0,64,2048,1,1,272,32,,,
251-instcombine-castinst-match-match-n19-d16.pbqp,llvm,19,61,16,303,15568,none,structured,search-node-limit,not_attempted_cpu_incomplete,60160.0,42371.0,28013,,,,,,,,,,,,,,,,,,,,,,,,,,,,,,,,,,,,,,,,,,,,,,,,,,,,,,,,,,,,,,,,,,,,,,,,,,,,,,,,,,,,,,,,,,,,,,,,,,,,,,,,,,,,,,,
251-instcombine-castinst-match-match-n19-d16.pbqp,llvm,19,61,16,303,15568,heuristic,structured,solved-exact,completed,60160.0,42371.0,28013,70183.0,2369.0,67814.0,false,63782.0,119112.0,59728.0,49296.0,49296.0,59598.0,1.2027556530783807,0.8491800008549079,53,25856,3584,0,1,0,1,0,0,271,14800,0,0,1,1,{},{},68656.0,92441.0,70183.0,10634,11121.0,109065.0,120186.0,4488.813845504432,,1.0349337894829975,0.5839532058642437,1.0.0,4,0,8,16,1,0,1,false,1,268,68,272,2832,192,1024,2176,1088,548,36,1824,306,0,0,0,0,16,888,0,0,0,24,0,0,0,0,16,9584,2,2,32,48,48,1216,4864,4864,0,1088,1600,22528,2192,134,1416,274,34,100,1824,26320,386,0,352,0,64,2048,1,1,272,32,,,
252-instcombine-cmpclass-match-match-n19-d16.pbqp,llvm,19,56,16,275,8039,none,structured,search-node-limit,not_attempted_cpu_incomplete,36674.0,23199.0,15305,,,,,,,,,,,,,,,,,,,,,,,,,,,,,,,,,,,,,,,,,,,,,,,,,,,,,,,,,,,,,,,,,,,,,,,,,,,,,,,,,,,,,,,,,,,,,,,,,,,,,,,,,,,,,,,
252-instcombine-cmpclass-match-match-n19-d16.pbqp,llvm,19,56,16,275,8039,heuristic,structured,solved-exact,completed,36674.0,23199.0,15305,53821.0,2108.0,51713.0,false,44993.0,90728.0,43849.0,33723.0,33723.0,55019.0,1.2724215454933947,1.0222589695472029,53,19692,3584,3000,1,0,1,0,0,243,7447,0,0,0,2,{},{},49551.0,47204.0,53821.0,6692,9258.0,86471.0,95729.0,3174.573055028463,,1.0407634443950264,0.5622225240000418,1.0.0,4,0,8,16,1,0,1,false,1,242,50,161,1832,92,644,1288,644,326,27,1200,186,0,0,0,0,0,0,0,0,0,24,0,0,0,0,23,6566,2,2,23,23,23,736,2944,2944,0,644,1536,13248,1304,121,916,163,25,96,1200,16088,232,0,207,0,46,0,1,1,161,23,,,
253-instcombine-cmpclass-match-match-n22-d16.pbqp,llvm,22,68,16,298,8444,none,structured,search-node-limit,not_attempted_cpu_incomplete,34887.0,21258.0,13690,,,,,,,,,,,,,,,,,,,,,,,,,,,,,,,,,,,,,,,,,,,,,,,,,,,,,,,,,,,,,,,,,,,,,,,,,,,,,,,,,,,,,,,,,,,,,,,,,,,,,,,,,,,,,,,
253-instcombine-cmpclass-match-match-n22-d16.pbqp,llvm,22,68,16,298,8444,heuristic,structured,solved-exact,completed,34887.0,21258.0,13690,44052.0,2211.0,41841.0,false,40082.0,90074.0,34813.0,30706.0,30706.0,39856.0,1.7549032961046036,0.9047489330790883,62,21540,2432,6000,1,0,1,0,0,259,7754,0,0,0,3,{},{},41816.0,44593.0,44052.0,7955,11599.0,90484.0,102083.0,3597.9194934418815,,1.0528429052842905,0.43153120499985304,1.0.0,4,0,8,16,1,0,1,false,1,318,66,210,2140,106,742,1484,742,426,36,1442,243,0,0,0,0,0,0,0,0,0,36,0,0,0,0,30,7784,3,3,30,30,30,848,3336,3392,56,742,2016,15012,1704,159,1070,213,33,126,1442,18732,303,0,270,0,60,0,1,1,210,30,,,
254-instcombine-nnegzext-match-match-n20-d16.pbqp,llvm,20,64,16,293,11011,none,structured,search-node-limit,not_attempted_cpu_incomplete,44651.0,28027.0,18047,,,,,,,,,,,,,,,,,,,,,,,,,,,,,,,,,,,,,,,,,,,,,,,,,,,,,,,,,,,,,,,,,,,,,,,,,,,,,,,,,,,,,,,,,,,,,,,,,,,,,,,,,,,,,,,
254-instcombine-nnegzext-match-match-n20-d16.pbqp,llvm,20,64,16,293,11011,heuristic,structured,solved-exact,completed,44651.0,28027.0,18047,45636.0,1622.0,44014.0,false,41468.0,93802.0,37769.0,32574.0,32574.0,41947.0,2.163270225260759,0.9191646945393988,56,21040,3584,3000,1,0,1,0,0,261,10387,0,0,1,1,{},{},48518.0,52647.0,45636.0,5626,9805.0,90846.0,100651.0,3468.557336621455,,1.0368519107556686,0.45340831188959874,1.0.0,4,0,8,16,1,0,1,false,1,268,68,128,1552,128,448,1024,512,260,36,1040,162,0,0,0,0,16,888,0,0,0,24,0,0,0,0,16,4576,2,2,32,32,32,576,2304,2304,0,512,1600,11264,1040,134,776,130,34,100,1040,13904,210,0,176,0,32,0,1,1,128,32,,,
255-instcombine-threeops-match-match-n22-d16.pbqp,llvm,22,61,16,324,8766,none,structured,search-node-limit,not_attempted_cpu_incomplete,45102.0,26735.0,17812,,,,,,,,,,,,,,,,,,,,,,,,,,,,,,,,,,,,,,,,,,,,,,,,,,,,,,,,,,,,,,,,,,,,,,,,,,,,,,,,,,,,,,,,,,,,,,,,,,,,,,,,,,,,,,,
255-instcombine-threeops-match-match-n22-d16.pbqp,llvm,22,61,16,324,8766,heuristic,structured,solved-exact,completed,45102.0,26735.0,17812,52201.0,2094.0,50107.0,false,47671.0,91709.0,43683.0,39701.0,39701.0,49401.0,1.5237255991264536,0.9463611808202907,60,21748,3584,3000,1,0,1,0,0,276,8174,0,0,1,2,{},{},50410.0,52486.0,52201.0,6705,7262.0,94456.0,101718.0,3202.0057306590256,,1.041790568184086,0.5131933384455062,1.0.0,4,0,8,16,1,0,1,false,1,200,48,168,1790,112,644,1344,672,342,27,1166,192,0,0,0,0,7,387,0,0,0,36,0,0,0,0,14,6183,3,3,21,28,28,756,3024,3024,0,672,1216,13888,1368,100,895,171,24,76,1166,16472,241,0,217,0,42,896,1,1,168,21,,,
256-instcombine-cstval-pred-ty-matchvector-n15-d16.pbqp,llvm,15,41,16,182,4369,none,structured,search-node-limit,not_attempted_cpu_incomplete,28071.0,15467.0,9641,,,,,,,,,,,,,,,,,,,,,,,,,,,,,,,,,,,,,,,,,,,,,,,,,,,,,,,,,,,,,,,,,,,,,,,,,,,,,,,,,,,,,,,,,,,,,,,,,,,,,,,,,,,,,,,
256-instcombine-cstval-pred-ty-matchvector-n15-d16.pbqp,llvm,15,41,16,182,4369,heuristic,structured,solved-exact,completed,28071.0,15467.0,9641,32470.0,2589.0,29881.0,false,29810.0,68869.0,25310.0,21946.0,21946.0,31110.0,1.4497690175546658,0.9581151832460733,43,20680,3240,6000,1,0,1,0,0,129,3717,0,0,2,2,{},{},39535.0,38923.0,32470.0,10396,12893.0,83251.0,96144.0,4015.449980687524,,1.0866436866236069,0.33772258279247797,1.0.0,4,0,8,16,1,0,1,false,1,328,80,344,2792,172,870,1852,926,696,44,1908,384,0,0,0,0,14,774,0,0,0,48,0,0,0,0,22,9410,4,4,36,58,58,1042,3787,4168,381,926,1984,17696,2784,164,1396,348,40,124,1908,22464,486,0,446,0,88,1680,1,1,344,36,,,
257-instcombine-cstval-pred-ty-matchvector-n15-d16.pbqp,llvm,15,39,16,186,4314,none,structured,solved-exact,completed,21644.0,12844.0,9013,825162.0,126198.0,698964.0,false,805876.0,838944.0,0.0,35080.0,804058.0,987490.0,1.6982871242253037,1.1967225829594674,1867,21941880,420448,6000,364,363,311,7,21634800,15036,325954,13457,84,85,103,"{""7"":29,""16"":10}","{""4"":12,""5"":11,""6"":6,""7"":4,""8"":3,""9"":2,""11"":1}",867561.0,862306.0,825162.0,450189,1097864.0,1428093.0,2525957.0,3567.3227784909427,,1.1805500712483046,0.3266730193744391,1.0.0,4,0,8,16,1,0,1,false,1,37976,10672,25273,94534,9302,22820,51072,25536,53998,7062,93254,18690,0,0,0,0,1351,48099,0,0,0,20712,1538,99540,0,0,721,258768,1726,1726,3610,4212,4212,32122,115195,128488,13293,25536,218432,594520,162164,18988,47267,26999,5336,13652,93254,975116,24225,0,18889,0,2646,34216,1,1,25273,3610,,,
257-instcombine-cstval-pred-ty-matchvector-n15-d16.pbqp,llvm,15,39,16,186,4314,heuristic,structured,solved-exact,completed,21644.0,12844.0,9013,27857.0,2399.0,25458.0,false,24169.0,56795.0,21156.0,18117.0,18117.0,26015.0,1.7878450658721328,0.933876583982482,43,17180,1568,6000,1,0,1,0,0,131,3722,0,0,1,3,{},{},27775.0,27297.0,27857.0,9347,9716.0,67802.0,77518.0,3896.206752813672,,1.0942336397203236,0.35936169663820017,1.0.0,4,0,8,16,1,0,1,false,1,276,64,280,2462,140,868,1792,896,568,36,1653,312,0,0,0,0,7,387,0,0,0,48,0,0,0,0,21,8780,4,4,28,42,42,1008,3906,4032,126,896,1696,17808,2272,138,1231,284,32,106,1653,21776,389,0,357,0,70,1288,1,1,280,28,,,
258-instcombine-cstval-pred-ty-matchvector-n13-d16.pbqp,llvm,13,33,16,163,3498,none,structured,solved-exact,completed,16298.0,8132.0,5216,542836.0,93329.0,449507.0,false,531140.0,635656.0,0.0,22868.0,696885.0,835553.0,1.728382052774687,1.5392365281595177,1403,14394160,308576,5000,280,279,242,6,14217840,10802,220844,10910,57,58,72,"{""7"":17,""16"":10}","{""4"":8,""5"":7,""6"":6,""7"":3,""8"":2,""10"":1}",614282.0,626861.0,542836.0,309765,715009.0,1008335.0,1723344.0,3319.0648137234944,,1.2076252427659635,0.31498992656138297,1.0.0,4,0,8,16,1,0,1,false,1,24550,6738,18381,65222,6616,15680,34680,17340,39342,4659,64557,12000,0,0,0,0,415,22947,0,0,0,15480,1160,79300,0,0,504,177272,1290,1290,2079,2471,2471,22296,81278,89184,7906,17340,142496,424432,113728,12275,32611,19671,3369,8906,64557,680656,15367,0,11998,0,1792,21952,1,1,18381,2079,,,
258-instcombine-cstval-pred-ty-matchvector-n13-d16.pbqp,llvm,13,33,16,163,3498,heuristic,structured,solved-exact,completed,16298.0,8132.0,5216,17268.0,733.0,16535.0,false,15326.0,45695.0,13682.0,12256.0,12256.0,16349.0,1.911975909196201,0.9467801714153348,32,9540,1568,5000,1,0,1,0,0,115,3130,0,1,2,0,{},{},15794.0,15403.0,17268.0,1401,5618.0,50198.0,55816.0,1911.3233287858118,,1.0443302086483217,0.30937365629926905,1.0.0,4,0,8,16,1,0,1,false,1,150,50,23,390,92,0,184,92,50,27,295,48,0,0,0,0,23,1275,0,0,0,24,0,0,0,0,0,0,2,2,23,23,23,92,368,368,0,92,800,2944,200,75,195,25,25,50,295,3944,71,0,46,0,0,0,1,1,23,23,,,
259-instcombine-cstval-pred-ty-matchvector-n13-d16.pbqp,llvm,13,33,16,163,3498,none,structured,solved-exact,completed,16314.0,9450.0,5216,569093.0,84625.0,484468.0,false,555880.0,590264.0,0.0,26453.0,514981.0,657825.0,1.7122754980293204,1.1559182769775767,1403,14394160,308576,5000,280,279,242,6,14217840,10802,220844,10910,57,58,72,"{""7"":17,""16"":10}","{""4"":8,""5"":7,""6"":6,""7"":3,""8"":2,""10"":1}",590112.0,623471.0,569093.0,309765,693865.0,1001155.0,1695020.0,3660.443131462334,,1.1746761396005516,0.33574412101332135,1.0.0,4,0,8,16,1,0,1,false,1,24550,6738,18381,65222,6616,15680,34680,17340,39342,4659,64557,12000,0,0,0,0,415,22947,0,0,0,15480,1160,79300,0,0,504,177272,1290,1290,2079,2471,2471,22296,81278,89184,7906,17340,142496,424432,113728,12275,32611,19671,3369,8906,64557,680656,15367,0,11998,0,1792,21952,1,1,18381,2079,,,
259-instcombine-cstval-pred-ty-matchvector-n13-d16.pbqp,llvm,13,33,16,163,3498,heuristic,structured,solved-exact,completed,16314.0,9450.0,5216,18058.0,674.0,17384.0,false,15533.0,44898.0,14678.0,12440.0,12440.0,16560.0,1.759054158821575,0.9170450769741942,32,9540,1568,5000,1,0,1,0,0,115,3130,0,1,2,0,{},{},16392.0,16538.0,18058.0,1401,5420.0,48298.0,53718.0,2078.635014836795,,1.0387712839392544,0.33616292490412897,1.0.0,4,0,8,16,1,0,1,false,1,150,50,23,390,92,0,184,92,50,27,295,48,0,0,0,0,23,1275,0,0,0,24,0,0,0,0,0,0,2,2,23,23,23,92,368,368,0,92,800,2944,200,75,195,25,25,50,295,3944,71,0,46,0,0,0,1,1,23,23,,,
260-instcombine-cstval-pred-ty-matchvector-n19-d16.pbqp,llvm,19,52,16,268,7750,none,structured,search-node-limit,not_attempted_cpu_incomplete,58038.0,42564.0,23031,,,,,,,,,,,,,,,,,,,,,,,,,,,,,,,,,,,,,,,,,,,,,,,,,,,,,,,,,,,,,,,,,,,,,,,,,,,,,,,,,,,,,,,,,,,,,,,,,,,,,,,,,,,,,,,
260-instcombine-cstval-pred-ty-matchvector-n19-d16.pbqp,llvm,19,52,16,268,7750,heuristic,structured,solved-exact,completed,58038.0,42564.0,23031,71984.0,7022.0,64962.0,false,68261.0,109330.0,56722.0,53140.0,53140.0,70807.0,1.241192487219382,0.9836491442542787,57,36388,3584,4000,1,0,1,0,0,172,5846,0,0,2,4,{},{},72184.0,93809.0,71984.0,29626,27779.0,115948.0,143727.0,4219.025918541726,,1.1080939626243034,0.5008383950127673,1.0.0,4,0,8,16,1,0,1,false,1,724,168,759,7910,468,2944,6072,3036,1530,90,5082,843,0,0,0,0,23,1275,0,0,0,72,0,0,0,0,55,27937,6,6,78,117,117,3412,13648,13648,0,3036,4448,62080,6120,362,3955,765,84,278,5082,72648,1054,0,970,0,188,4992,1,1,759,78,,,
261-instcombine-cstval-pred-ty-matchvector-n15-d16.pbqp,llvm,15,39,16,186,4314,none,structured,solved-exact,completed,18570.0,11791.0,8278,830535.0,134232.0,696303.0,false,801973.0,873440.0,0.0,34955.0,801243.0,988786.0,1.6294352435478336,1.1905410368015796,1867,21964952,421312,6000,364,363,311,7,21634800,15036,325954,13457,84,86,102,"{""7"":29,""16"":10}","{""4"":12,""5"":11,""6"":6,""7"":4,""8"":3,""9"":2,""11"":1}",886415.0,866153.0,830535.0,448343,1193631.0,1430076.0,2623707.0,3340.0604922820194,,1.1927781439976561,0.31655020930309674,1.0.0,4,0,8,16,1,0,1,false,1,40972,10672,24412,94428,9288,22596,49980,24990,52276,7062,93838,17829,0,0,0,0,602,33142,0,0,0,20712,1538,99540,0,0,1470,271879,1726,1726,3610,3617,3617,31884,115538,127536,11998,24990,242400,600400,155276,20486,47214,26138,5336,15150,93838,998076,22923,0,17587,0,2954,896,1,1,24412,3610,,,
261-instcombine-cstval-pred-ty-matchvector-n15-d16.pbqp,llvm,15,39,16,186,4314,heuristic,structured,solved-exact,completed,18570.0,11791.0,8278,22844.0,2019.0,20825.0,false,21342.0,54329.0,17586.0,17190.0,17190.0,24557.0,1.854797758711259,1.074986867448783,43,15228,2432,6000,1,0,1,0,0,131,3722,0,0,2,2,{},{},23214.0,25717.0,22844.0,6997,8366.0,59967.0,68333.0,3465.5770183259037,,1.0969507803121248,0.3343040697759501,1.0.0,4,0,8,16,1,0,1,false,1,248,64,175,1852,126,644,1372,686,358,36,1229,207,0,0,0,0,14,634,0,0,0,48,0,0,0,0,14,6183,4,4,28,35,35,770,3073,3080,7,686,1472,14280,1432,124,926,179,32,92,1229,17184,263,0,231,0,42,896,1,1,175,28,,,
262-instcombine-specific-fpval-match-n21-d17.pbqp,llvm,21,44,17,254,4799,none,structured,search-node-limit,not_attempted_cpu_incomplete,28479.0,15646.0,9951,,,,,,,,,,,,,,,,,,,,,,,,,,,,,,,,,,,,,,,,,,,,,,,,,,,,,,,,,,,,,,,,,,,,,,,,,,,,,,,,,,,,,,,,,,,,,,,,,,,,,,,,,,,,,,,
262-instcombine-specific-fpval-match-n21-d17.pbqp,llvm,21,44,17,254,4799,heuristic,structured,solved-exact,completed,28479.0,15646.0,9951,29350.0,0,29350.0,false,24923.0,77085.0,26273.0,21907.0,21907.0,25429.0,1.775161839863714,0.8664054514480409,45,15648,3584,8000,1,0,1,0,0,220,4799,0,2,0,0,{},{},27962.0,33447.0,29350.0,0,0,69815.0,69815.0,,,1.0,0.420396762873308,1.0.0,4,0,8,16,1,0,1,false,1,0,0,0,0,0,0,0,0,0,0,0,0,0,0,0,0,0,0,0,0,0,0,0,0,0,0,0,0,0,0,0,0,0,0,0,0,0,0,0,0,0,0,0,0,0,0,0,0,0,0,0,0,0,0,0,0,0,0,,,
263-instcombine-disjointor-match-match-n19-d16.pbqp,llvm,19,51,16,271,6446,none,structured,search-node-limit,not_attempted_cpu_incomplete,24117.0,14645.0,9719,,,,,,,,,,,,,,,,,,,,,,,,,,,,,,,,,,,,,,,,,,,,,,,,,,,,,,,,,,,,,,,,,,,,,,,,,,,,,,,,,,,,,,,,,,,,,,,,,,,,,,,,,,,,,,,
263-instcombine-disjointor-match-match-n19-d16.pbqp,llvm,19,51,16,271,6446,heuristic,structured,solved-exact,completed,24117.0,14645.0,9719,30592.0,1106.0,29486.0,false,27558.0,81917.0,25080.0,21384.0,21384.0,27395.0,1.8333551255230125,0.8954955543933054,53,14244,1456,3000,1,0,1,0,0,239,5966,0,0,1,1,{},{},32777.0,32340.0,30592.0,3004,7236.0,70058.0,77294.0,2716.0940325497286,,1.0375093264600148,0.39578751261417444,1.0.0,4,0,8,16,1,0,1,false,1,178,50,65,824,92,196,520,260,134,27,568,90,0,0,0,0,16,888,0,0,0,24,0,0,0,0,7,1990,2,2,23,23,23,288,1152,1152,0,260,1024,6080,536,89,412,67,25,64,568,7640,120,0,95,0,14,0,1,1,65,23,,,
264-instcombine-anybinaryop-match-match-n17-d16.pbqp,llvm,17,46,16,240,6657,none,structured,search-node-limit,not_attempted_cpu_incomplete,34343.0,21876.0,13059,,,,,,,,,,,,,,,,,,,,,,,,,,,,,,,,,,,,,,,,,,,,,,,,,,,,,,,,,,,,,,,,,,,,,,,,,,,,,,,,,,,,,,,,,,,,,,,,,,,,,,,,,,,,,,,
264-instcombine-anybinaryop-match-match-n17-d16.pbqp,llvm,17,46,16,240,6657,heuristic,structured,solved-exact,completed,34343.0,21876.0,13059,44186.0,1654.0,42532.0,false,36563.0,77415.0,37073.0,28606.0,28606.0,35203.0,1.3267098175892817,0.7967003123161183,47,18136,3584,3000,1,0,1,0,0,208,6033,0,0,1,1,{},{},34951.0,42126.0,44186.0,5626,9991.0,76501.0,86492.0,3401.451027811366,,1.0388883664064705,0.510868057161356,1.0.0,4,0,8,16,1,0,1,false,1,268,68,128,1552,128,448,1024,512,260,36,1040,162,0,0,0,0,16,888,0,0,0,24,0,0,0,0,16,4576,2,2,32,32,32,576,2304,2304,0,512,1600,11264,1040,134,776,130,34,100,1040,13904,210,0,176,0,32,0,1,1,128,32,,,
265-instcombine-anybinaryop-match-match-n28-d16.pbqp,llvm,28,78,16,424,12413,none,structured,search-node-limit,not_attempted_cpu_incomplete,49898.0,32150.0,20319,,,,,,,,,,,,,,,,,,,,,,,,,,,,,,,,,,,,,,,,,,,,,,,,,,,,,,,,,,,,,,,,,,,,,,,,,,,,,,,,,,,,,,,,,,,,,,,,,,,,,,,,,,,,,,,
265-instcombine-anybinaryop-match-match-n28-d16.pbqp,llvm,28,78,16,424,12413,heuristic,structured,solved-exact,completed,49898.0,32150.0,20319,62857.0,1276.0,61581.0,false,59406.0,112841.0,53859.0,45750.0,45750.0,54999.0,1.6096854765579012,0.8749860795138171,77,23044,3584,2000,1,0,1,0,0,394,11961,0,0,1,1,{},{},60097.0,63762.0,62857.0,2932,6916.0,115319.0,122235.0,2297.8056426332287,,1.0207206768321397,0.5142307849633901,1.0.0,4,0,8,16,1,0,1,false,1,178,50,65,776,92,196,520,260,134,27,544,90,0,0,0,0,16,888,0,0,0,24,0,0,0,0,7,1918,2,2,23,23,23,288,1040,1152,112,260,1024,5576,536,89,388,67,25,64,544,7136,120,0,95,0,14,0,1,1,65,23,,,
266-instcombine-anybinaryop-match-match-n33-d16.pbqp,llvm,33,92,16,527,23088,none,structured,search-node-limit,not_attempted_cpu_incomplete,93256.0,56006.0,46391,,,,,,,,,,,,,,,,,,,,,,,,,,,,,,,,,,,,,,,,,,,,,,,,,,,,,,,,,,,,,,,,,,,,,,,,,,,,,,,,,,,,,,,,,,,,,,,,,,,,,,,,,,,,,,,
266-instcombine-anybinaryop-match-match-n33-d16.pbqp,llvm,33,92,16,527,23088,heuristic,structured,solved-exact,completed,93256.0,56006.0,46391,103444.0,2405.0,101039.0,false,97771.0,196442.0,90261.0,82373.0,82373.0,96791.0,1.454448783883067,0.935685008313677,89,40380,3584,0,1,0,1,0,0,479,22576,0,1,1,1,{},{},97294.0,127443.0,103444.0,10634,11731.0,164012.0,175743.0,4421.621621621622,,1.0238026900503765,0.5886095036502165,1.0.0,4,0,8,16,1,0,1,false,1,268,68,272,2832,192,1024,2176,1088,548,36,1824,306,0,0,0,0,16,888,0,0,0,24,0,0,0,0,16,9584,2,2,32,48,48,1216,4864,4864,0,1088,1600,22528,2192,134,1416,274,34,100,1824,26320,386,0,352,0,64,2048,1,1,272,32,,,
267-instcombine-anybinaryop-match-match-n19-d16.pbqp,llvm,19,52,16,255,6324,none,structured,search-node-limit,not_attempted_cpu_incomplete,30199.0,15757.0,9852,,,,,,,,,,,,,,,,,,,,,,,,,,,,,,,,,,,,,,,,,,,,,,,,,,,,,,,,,,,,,,,,,,,,,,,,,,,,,,,,,,,,,,,,,,,,,,,,,,,,,,,,,,,,,,,
267-instcombine-anybinaryop-match-match-n19-d16.pbqp,llvm,19,52,16,255,6324,heuristic,structured,solved-exact,completed,30199.0,15757.0,9852,31380.0,1337.0,30043.0,false,26966.0,70816.0,25539.0,20324.0,20324.0,27015.0,1.7852772466539197,0.8608986615678776,53,14896,1568,5000,1,0,1,0,0,223,5700,0,0,1,1,{},{},31574.0,30200.0,31380.0,5207,7745.0,69313.0,77058.0,3894.540014958863,,1.0445028792064708,0.4072257260764619,1.0.0,4,0,8,16,1,0,1,false,1,178,50,128,1392,120,448,1024,512,260,27,915,153,0,0,0,0,16,888,0,0,0,24,0,0,0,0,7,4193,2,2,23,30,30,568,2272,2272,0,512,1024,11008,1040,89,696,130,25,64,915,13072,197,0,172,0,28,896,1,1,128,23,,,
268-instcombine-anybinaryop-match-match-n34-d16.pbqp,llvm,34,116,16,468,14155,none,structured,search-node-limit,not_attempted_cpu_incomplete,51853.0,30501.0,18953,,,,,,,,,,,,,,,,,,,,,,,,,,,,,,,,,,,,,,,,,,,,,,,,,,,,,,,,,,,,,,,,,,,,,,,,,,,,,,,,,,,,,,,,,,,,,,,,,,,,,,,,,,,,,,,
268-instcombine-anybinaryop-match-match-n34-d16.pbqp,llvm,34,116,16,468,14155,heuristic,structured,solved-exact,completed,51853.0,30501.0,18953,65863.0,1110.0,64753.0,false,56865.0,129264.0,55574.0,47422.0,47422.0,58733.0,2.0022622716851646,0.8917449858038656,96,25088,1568,8000,1,0,1,0,0,438,13703,0,0,1,1,{},{},62082.0,66917.0,65863.0,2932,7071.0,133459.0,140530.0,2641.4414414414414,,1.017142062916004,0.46867572760264714,1.0.0,4,0,8,16,1,0,1,false,1,178,50,65,776,92,196,520,260,134,27,544,90,0,0,0,0,16,888,0,0,0,24,0,0,0,0,7,1918,2,2,23,23,23,288,1040,1152,112,260,1024,5576,536,89,388,67,25,64,544,7136,120,0,95,0,14,0,1,1,65,23,,,
269-instcombine-anybinaryop-match-match-n27-d16.pbqp,llvm,27,71,16,431,17888,none,structured,search-node-limit,not_attempted_cpu_incomplete,79543.0,54085.0,39988,,,,,,,,,,,,,,,,,,,,,,,,,,,,,,,,,,,,,,,,,,,,,,,,,,,,,,,,,,,,,,,,,,,,,,,,,,,,,,,,,,,,,,,,,,,,,,,,,,,,,,,,,,,,,,,
269-instcombine-anybinaryop-match-match-n27-d16.pbqp,llvm,27,71,16,431,17888,heuristic,structured,solved-exact,completed,79543.0,54085.0,39988,89219.0,710.0,88509.0,false,80459.0,164378.0,80635.0,72101.0,72101.0,82270.0,1.3727120904740022,0.9221130028357188,68,34080,3584,0,1,0,1,0,0,399,17632,0,1,1,0,{},{},87546.0,96411.0,89219.0,969,4156.0,134750.0,138906.0,1364.7887323943662,,1.0080217830955045,0.6422976689271882,1.0.0,4,0,8,16,1,0,1,false,1,102,34,16,272,64,0,128,64,34,18,204,33,0,0,0,0,16,888,0,0,0,12,0,0,0,0,0,0,1,1,16,16,16,64,256,256,0,64,544,2048,136,51,136,17,17,34,204,2728,49,0,32,0,0,0,1,1,16,16,,,
270-instcombine-anybinaryop-match-match-n27-d16.pbqp,llvm,27,71,16,431,17888,none,structured,search-node-limit,not_attempted_cpu_incomplete,85834.0,53738.0,39988,,,,,,,,,,,,,,,,,,,,,,,,,,,,,,,,,,,,,,,,,,,,,,,,,,,,,,,,,,,,,,,,,,,,,,,,,,,,,,,,,,,,,,,,,,,,,,,,,,,,,,,,,,,,,,,
270-instcombine-anybinaryop-match-match-n27-d16.pbqp,llvm,27,71,16,431,17888,heuristic,structured,solved-exact,completed,85834.0,53738.0,39988,83710.0,616.0,83094.0,false,77410.0,137157.0,75374.0,65693.0,65693.0,74140.0,1.3921036913152551,0.885676741130092,68,34080,3584,0,1,0,1,0,0,399,17632,0,1,1,0,{},{},82057.0,89520.0,83710.0,969,4524.0,142912.0,147436.0,1573.051948051948,,1.0074132909716706,0.5677717789413712,1.0.0,4,0,8,16,1,0,1,false,1,102,34,16,272,64,0,128,64,34,18,204,33,0,0,0,0,16,888,0,0,0,12,0,0,0,0,0,0,1,1,16,16,16,64,256,256,0,64,544,2048,136,51,136,17,17,34,204,2728,49,0,32,0,0,0,1,1,16,16,,,
271-instcombine-anybinaryop-match-match-n32-d16.pbqp,llvm,32,89,16,511,22304,none,structured,search-node-limit,not_attempted_cpu_incomplete,85682.0,57193.0,48298,,,,,,,,,,,,,,,,,,,,,,,,,,,,,,,,,,,,,,,,,,,,,,,,,,,,,,,,,,,,,,,,,,,,,,,,,,,,,,,,,,,,,,,,,,,,,,,,,,,,,,,,,,,,,,,
271-instcombine-anybinaryop-match-match-n32-d16.pbqp,llvm,32,89,16,511,22304,heuristic,structured,solved-exact,completed,85682.0,57193.0,48298,131409.0,6055.0,125354.0,false,95653.0,208395.0,110062.0,81037.0,81037.0,100372.0,1.2958473163938542,0.7638137418289462,92,49280,3456,0,1,0,1,0,0,447,20816,0,0,1,3,{},{},111548.0,132279.0,131409.0,29060,23813.0,165662.0,189475.0,4799.339388934764,,1.0483032053225265,0.693542683731363,1.0.0,4,0,8,16,1,0,1,false,1,584,132,735,8062,436,2880,5880,2940,1478,70,5062,801,0,0,0,0,15,831,0,0,0,48,0,0,0,0,47,27913,4,4,62,109,109,3316,13264,13264,0,2940,3616,60032,5912,292,4031,739,66,226,5062,69560,1004,0,938,0,188,6016,1,1,735,62,,,
272-instcombine-ptrtointsamesize-match-match-n24-d16.pbqp,llvm,24,93,16,336,11647,none,structured,search-node-limit,not_attempted_cpu_incomplete,39700.0,23349.0,17034,,,,,,,,,,,,,,,,,,,,,,,,,,,,,,,,,,,,,,,,,,,,,,,,,,,,,,,,,,,,,,,,,,,,,,,,,,,,,,,,,,,,,,,,,,,,,,,,,,,,,,,,,,,,,,,
272-instcombine-ptrtointsamesize-match-match-n24-d16.pbqp,llvm,24,93,16,336,11647,heuristic,structured,solved-exact,completed,39700.0,23349.0,17034,51876.0,2021.0,49855.0,false,49852.0,112231.0,42149.0,40801.0,40801.0,51455.0,1.797671370190454,0.9918844937928908,69,22324,2432,5000,1,0,1,0,0,304,11055,0,0,0,2,{},{},50425.0,57589.0,51876.0,6692,8689.0,110399.0,119088.0,3311.2320633349827,,1.0405375589208705,0.4356106408706167,1.0.0,4,0,8,16,1,0,1,false,1,242,50,161,1832,92,644,1288,644,326,27,1200,186,0,0,0,0,0,0,0,0,0,24,0,0,0,0,23,6566,2,2,23,23,23,736,2944,2944,0,644,1536,13248,1304,121,916,163,25,96,1200,16088,232,0,207,0,46,0,1,1,161,23,,,
273-instcombine-specificbinaryop-match-match-n23-d16.pbqp,llvm,23,57,16,348,8853,none,structured,search-node-limit,not_attempted_cpu_incomplete,34503.0,20713.0,14339,,,,,,,,,,,,,,,,,,,,,,,,,,,,,,,,,,,,,,,,,,,,,,,,,,,,,,,,,,,,,,,,,,,,,,,,,,,,,,,,,,,,,,,,,,,,,,,,,,,,,,,,,,,,,,,
273-instcombine-specificbinaryop-match-match-n23-d16.pbqp,llvm,23,57,16,348,8853,heuristic,structured,solved-exact,completed,34503.0,20713.0,14339,40263.0,2454.0,37809.0,false,38105.0,82857.0,31534.0,29830.0,29830.0,40784.0,2.0319896679333382,1.0129399200258302,63,22016,3584,2000,1,0,1,0,0,268,7925,0,1,1,3,{},{},40158.0,44055.0,40263.0,7074,10953.0,84749.0,95702.0,2882.640586797066,,1.0649051813060382,0.42071221082109045,1.0.0,4,0,8,16,1,0,1,false,1,330,82,163,1928,148,588,1304,652,334,45,1296,204,0,0,0,0,16,888,0,0,0,48,0,0,0,0,21,5970,4,4,37,37,37,736,2944,2944,0,652,1984,14144,1336,165,964,167,41,124,1296,17464,262,0,221,0,42,0,1,1,163,37,,,
274-instcombine-specificbinaryop-match-match-n19-d16.pbqp,llvm,19,43,16,267,7005,none,structured,search-node-limit,not_attempted_cpu_incomplete,43381.0,23969.0,15952,,,,,,,,,,,,,,,,,,,,,,,,,,,,,,,,,,,,,,,,,,,,,,,,,,,,,,,,,,,,,,,,,,,,,,,,,,,,,,,,,,,,,,,,,,,,,,,,,,,,,,,,,,,,,,,
274-instcombine-specificbinaryop-match-match-n19-d16.pbqp,llvm,19,43,16,267,7005,heuristic,structured,solved-exact,completed,43381.0,23969.0,15952,38991.0,1094.0,37897.0,false,35696.0,79564.0,33478.0,29327.0,29327.0,35336.0,1.5265317637403504,0.9062604190710677,48,19648,3584,4000,1,0,1,0,0,235,6557,0,0,0,2,{},{},38967.0,46781.0,38991.0,4070,5597.0,79937.0,85534.0,3720.2925045703837,,1.0288677204000316,0.4558538125189983,1.0.0,4,0,8,16,1,0,1,false,1,152,32,98,1104,56,392,784,392,200,18,728,114,0,0,0,0,0,0,0,0,0,24,0,0,0,0,14,3980,2,2,14,14,14,448,1792,1792,0,392,960,8064,800,76,552,100,16,60,728,9824,142,0,126,0,28,0,1,1,98,14,,,
275-instcombine-specificbinaryop-match-match-n23-d16.pbqp,llvm,23,57,16,348,8853,none,structured,search-node-limit,not_attempted_cpu_incomplete,32210.0,19575.0,14339,,,,,,,,,,,,,,,,,,,,,,,,,,,,,,,,,,,,,,,,,,,,,,,,,,,,,,,,,,,,,,,,,,,,,,,,,,,,,,,,,,,,,,,,,,,,,,,,,,,,,,,,,,,,,,,
275-instcombine-specificbinaryop-match-match-n23-d16.pbqp,llvm,23,57,16,348,8853,heuristic,structured,solved-exact,completed,32210.0,19575.0,14339,39442.0,2209.0,37233.0,false,37208.0,84243.0,31488.0,28933.0,28933.0,37996.0,2.8270625221844736,0.9633385730946706,63,22016,3584,2000,1,0,1,0,0,268,7925,0,1,1,3,{},{},40581.0,43197.0,39442.0,7074,10881.0,83913.0,94794.0,3202.3540063377095,,1.0593290897859426,0.41608118657298987,1.0.0,4,0,8,16,1,0,1,false,1,330,82,163,1928,148,588,1304,652,334,45,1296,204,0,0,0,0,16,888,0,0,0,48,0,0,0,0,21,5970,4,4,37,37,37,736,2944,2944,0,652,1984,14144,1336,165,964,167,41,124,1296,17464,262,0,221,0,42,0,1,1,163,37,,,
276-instcombine-specificbinaryop-match-match-n30-d16.pbqp,llvm,30,114,16,479,28912,none,structured,search-node-limit,not_attempted_cpu_incomplete,85236.0,55151.0,46386,,,,,,,,,,,,,,,,,,,,,,,,,,,,,,,,,,,,,,,,,,,,,,,,,,,,,,,,,,,,,,,,,,,,,,,,,,,,,,,,,,,,,,,,,,,,,,,,,,,,,,,,,,,,,,,
276-instcombine-specificbinaryop-match-match-n30-d16.pbqp,llvm,30,114,16,479,28912,heuristic,structured,solved-exact,completed,85236.0,55151.0,46386,93905.0,2338.0,91567.0,false,89215.0,179845.0,78298.0,73079.0,73079.0,89575.0,1.6291251797028912,0.953889569245514,82,37392,3584,0,1,0,1,0,0,431,28400,0,1,1,1,{},{},100564.0,121902.0,93905.0,10634,11210.0,156647.0,167857.0,4548.331907613345,,1.025533216114976,0.5594345186676755,1.0.0,4,0,8,16,1,0,1,false,1,268,68,272,2832,192,1024,2176,1088,548,36,1824,306,0,0,0,0,16,888,0,0,0,24,0,0,0,0,16,9584,2,2,32,48,48,1216,4864,4864,0,1088,1600,22528,2192,134,1416,274,34,100,1824,26320,386,0,352,0,64,2048,1,1,272,32,,,
277-instcombine-specificcmpclass-match-match-n23-d16.pbqp,llvm,23,44,16,331,6772,none,structured,solved-exact,completed,43633.0,28003.0,22296,964718.0,218774.0,745944.0,false,932694.0,1056235.0,0.0,36502.0,871470.0,1068738.0,1.5070497285217028,1.1078242553782556,1717,22262352,450144,4000,294,293,254,6,21710128,17147,397662,12432,84,87,171,"{""7"":19,""16"":10}","{""4"":10,""5"":7,""7"":5,""8"":4,""12"":2,""13"":1}",1220818.0,1647821.0,964718.0,1145291,1412803.0,1473505.0,2886308.0,5235.041641145657,,1.2932847505979002,0.33423945053681037,1.0.0,4,0,8,16,1,0,1,false,1,42546,10998,38759,290538,21438,99624,210168,105084,80018,6749,206551,32818,0,0,0,0,1365,75753,0,0,0,15000,992,85234,0,0,1892,946058,1250,1250,4249,5551,5551,121062,482514,484248,1734,105084,252384,2266576,270344,21273,145269,40009,5499,15774,206551,2789304,41563,0,36064,0,6388,166152,1,1,38759,4249,,,
277-instcombine-specificcmpclass-match-match-n23-d16.pbqp,llvm,23,44,16,331,6772,heuristic,structured,solved-exact,completed,43633.0,28003.0,22296,58582.0,7029.0,51553.0,false,53790.0,101885.0,43235.0,39708.0,39708.0,57995.0,1.3751835034652282,0.9899798572940494,68,37204,3584,4000,1,0,1,0,0,180,4467,0,0,3,7,{},{},57446.0,76687.0,58582.0,25379,27082.0,100346.0,127428.0,3610.613173993456,,1.1363451205555448,0.45972627679944755,1.0.0,4,0,8,16,1,0,1,false,1,766,178,679,6770,400,2408,4984,2492,1378,99,4457,768,0,0,0,0,21,1161,0,0,0,120,0,0,0,0,58,23732,10,10,79,107,107,2808,11106,11232,126,2492,4704,50768,5512,383,3385,689,89,294,4457,60984,961,0,872,0,172,3080,1,1,679,79,,,
278-instcombine-specificcmpclass-match-match-n22-d16.pbqp,llvm,22,51,16,314,7256,none,structured,search-node-limit,not_attempted_cpu_incomplete,39993.0,24729.0,17006,,,,,,,,,,,,,,,,,,,,,,,,,,,,,,,,,,,,,,,,,,,,,,,,,,,,,,,,,,,,,,,,,,,,,,,,,,,,,,,,,,,,,,,,,,,,,,,,,,,,,,,,,,,,,,,
278-instcombine-specificcmpclass-match-match-n22-d16.pbqp,llvm,22,51,16,314,7256,heuristic,structured,solved-exact,completed,39993.0,24729.0,17006,43922.0,1770.0,42152.0,false,40885.0,83960.0,37194.0,32940.0,32940.0,40667.0,1.800282318655799,0.9258913528527845,58,22948,3360,4000,1,0,1,0,0,266,6552,0,0,1,2,{},{},42891.0,56412.0,43922.0,5039,9613.0,99476.0,109089.0,2846.892655367232,,1.0419908901119757,0.40262537927747066,1.0.0,4,0,8,16,1,0,1,false,1,254,66,114,1376,120,392,912,456,234,36,932,147,0,0,0,0,16,888,0,0,0,36,0,0,0,0,14,3980,3,3,30,30,30,512,2048,2048,0,456,1504,10112,936,127,688,117,33,94,932,12552,191,0,158,0,28,0,1,1,114,30,,,
279-instcombine-specificcmpclass-match-match-n17-d16.pbqp,llvm,17,36,16,235,4886,none,structured,solved-exact,completed,30275.0,20077.0,13735,889888.0,270767.0,619121.0,false,877764.0,966770.0,0.0,24766.0,797671.0,982819.0,1.5572600147434283,1.1044299956848502,1617,14351652,357408,4000,235,234,199,6,13744224,15455,340576,9895,56,92,235,"{""7"":22,""16"":5}","{""4"":8,""5"":7,""8"":5,""11"":4,""13"":2,""14"":1}",1310937.0,1719877.0,889888.0,1270009,1531189.0,1379698.0,2910887.0,4690.412790332648,,1.437341004424014,0.3057102525793684,1.0.0,4,0,8,16,1,0,1,false,1,46108,11310,39500,329538,22200,113792,236840,118420,81156,6733,228401,36011,0,0,0,0,1157,64161,0,0,0,12936,751,67235,0,0,2669,1101979,1078,1078,4577,5662,5662,135992,542743,543968,1225,118420,278384,2521272,285044,23054,164769,40578,5655,17399,228401,3084700,45427,0,39772,0,7508,138880,1,1,39500,4577,,,
279-instcombine-specificcmpclass-match-match-n17-d16.pbqp,llvm,17,36,16,235,4886,heuristic,structured,solved-exact,completed,30275.0,20077.0,13735,34905.0,1700.0,33205.0,false,31325.0,69061.0,29611.0,25931.0,25931.0,32299.0,1.4825669674831685,0.9253402091390919,44,19772,3360,4000,1,0,1,0,0,187,4182,0,0,1,2,{},{},34673.0,41625.0,34905.0,5039,8827.0,73130.0,81957.0,2964.1176470588234,,1.0511971088691463,0.4258940664006735,1.0.0,4,0,8,16,1,0,1,false,1,254,66,114,1376,120,392,912,456,234,36,932,147,0,0,0,0,16,888,0,0,0,36,0,0,0,0,14,3980,3,3,30,30,30,512,2048,2048,0,456,1504,10112,936,127,688,117,33,94,932,12552,191,0,158,0,28,0,1,1,114,30,,,
280-instcombine-specificcmpclass-match-match-n21-d16.pbqp,llvm,21,42,16,303,5408,none,structured,search-node-limit,not_attempted_cpu_incomplete,32856.0,20134.0,14757,,,,,,,,,,,,,,,,,,,,,,,,,,,,,,,,,,,,,,,,,,,,,,,,,,,,,,,,,,,,,,,,,,,,,,,,,,,,,,,,,,,,,,,,,,,,,,,,,,,,,,,,,,,,,,,
280-instcombine-specificcmpclass-match-match-n21-d16.pbqp,llvm,21,42,16,303,5408,heuristic,structured,solved-exact,completed,32856.0,20134.0,14757,40872.0,3435.0,37437.0,false,35537.0,85691.0,31800.0,27497.0,27497.0,37277.0,1.5127471129379526,0.9120424740653749,58,24732,3360,3000,1,0,1,0,0,177,3980,0,1,1,6,{},{},38432.0,50313.0,40872.0,12570,15933.0,79457.0,95390.0,3659.3886462882097,,1.0917541469669043,0.4284725862249712,1.0.0,4,0,8,16,1,0,1,false,1,504,112,301,3382,196,1176,2408,1204,616,63,2251,357,0,0,0,0,7,387,0,0,0,84,0,0,0,0,42,11868,7,7,49,49,49,1372,5376,5488,112,1204,3136,24584,2464,252,1691,308,56,196,2251,30184,448,0,392,0,84,0,1,1,301,49,,,
281-instcombine-overflowingbinaryop-match-match-n20-d16.pbqp,llvm,20,51,16,292,8828,none,structured,search-node-limit,not_attempted_cpu_incomplete,49445.0,31626.0,18997,,,,,,,,,,,,,,,,,,,,,,,,,,,,,,,,,,,,,,,,,,,,,,,,,,,,,,,,,,,,,,,,,,,,,,,,,,,,,,,,,,,,,,,,,,,,,,,,,,,,,,,,,,,,,,,
281-instcombine-overflowingbinaryop-match-match-n20-d16.pbqp,llvm,20,51,16,292,8828,heuristic,structured,solved-exact,completed,49445.0,31626.0,18997,48147.0,0,48147.0,false,43290.0,89418.0,43628.0,37043.0,37043.0,41720.0,1.5150268967952312,0.8665129706939165,49,19468,3584,3000,1,0,1,0,0,292,8828,0,0,0,0,{},{},48696.0,57148.0,48147.0,0,0,105349.0,105349.0,,,1.0,0.4570237970934703,1.0.0,4,0,8,16,1,0,1,false,1,0,0,0,0,0,0,0,0,0,0,0,0,0,0,0,0,0,0,0,0,0,0,0,0,0,0,0,0,0,0,0,0,0,0,0,0,0,0,0,0,0,0,0,0,0,0,0,0,0,0,0,0,0,0,0,0,0,0,,,
282-instcombine-overflowingbinaryop-match-match-n20-d16.pbqp,llvm,20,51,16,292,8828,none,structured,search-node-limit,not_attempted_cpu_incomplete,46098.0,33172.0,18997,,,,,,,,,,,,,,,,,,,,,,,,,,,,,,,,,,,,,,,,,,,,,,,,,,,,,,,,,,,,,,,,,,,,,,,,,,,,,,,,,,,,,,,,,,,,,,,,,,,,,,,,,,,,,,,
282-instcombine-overflowingbinaryop-match-match-n20-d16.pbqp,llvm,20,51,16,292,8828,heuristic,structured,solved-exact,completed,46098.0,33172.0,18997,49486.0,0,49486.0,false,44677.0,92647.0,44977.0,38914.0,38914.0,45202.0,1.426868205148931,0.9134300610273612,49,19468,3584,3000,1,0,1,0,0,292,8828,0,0,0,0,{},{},62297.0,75174.0,49486.0,0,0,105817.0,105817.0,,,1.0,0.4676564257160948,1.0.0,4,0,8,16,1,0,1,false,1,0,0,0,0,0,0,0,0,0,0,0,0,0,0,0,0,0,0,0,0,0,0,0,0,0,0,0,0,0,0,0,0,0,0,0,0,0,0,0,0,0,0,0,0,0,0,0,0,0,0,0,0,0,0,0,0,0,0,,,
283-instcombine-overflowingbinaryop-match-match-n17-d16.pbqp,llvm,17,44,16,261,8930,none,structured,search-node-limit,not_attempted_cpu_incomplete,34713.0,23890.0,17572,,,,,,,,,,,,,,,,,,,,,,,,,,,,,,,,,,,,,,,,,,,,,,,,,,,,,,,,,,,,,,,,,,,,,,,,,,,,,,,,,,,,,,,,,,,,,,,,,,,,,,,,,,,,,,,
283-instcombine-overflowingbinaryop-match-match-n17-d16.pbqp,llvm,17,44,16,261,8930,heuristic,structured,solved-exact,completed,34713.0,23890.0,17572,39990.0,1645.0,38345.0,false,36661.0,84984.0,33188.0,29248.0,29248.0,36384.0,1.6390347586896725,0.9098274568642161,46,20668,3584,1000,1,0,1,0,0,230,8329,0,0,1,1,{},{},40394.0,44983.0,39990.0,5626,9535.0,84609.0,94144.0,3420.0607902735564,,1.0428999869604902,0.4247748130523453,1.0.0,4,0,8,16,1,0,1,false,1,268,68,128,1552,128,448,1024,512,260,36,1040,162,0,0,0,0,16,888,0,0,0,24,0,0,0,0,16,4576,2,2,32,32,32,576,2176,2304,128,512,1600,10688,1040,134,776,130,34,100,1040,13328,210,0,176,0,32,0,1,1,128,32,,,
284-instcombine-commutativebinaryintrinsic-match-mat-n14-d16.pbqp,llvm,14,25,16,204,3285,none,structured,solved-exact,completed,20905.0,12540.0,8359,156942.0,37985.0,118957.0,false,156004.0,175645.0,0.0,14487.0,107748.0,176618.0,1.7375272393623122,1.1253711562233182,380,3128920,135248,2000,70,69,53,3,3012816,2310,41085,2259,22,22,27,"{""7"":3,""16"":3}","{""4"":3,""5"":2,""6"":1}",192075.0,193061.0,156942.0,180141,279009.0,250773.0,529782.0,4742.424641305779,,1.3193170641492304,0.29623883031133563,1.0.0,4,0,8,16,1,0,1,false,1,9084,2386,8281,43944,3514,11928,26672,13336,17074,1449,35051,7422,0,0,0,0,352,19536,0,0,0,3072,207,15885,0,0,378,136620,256,256,937,1273,1273,15442,55491,61768,6277,13336,53584,274976,59260,4542,21972,8537,1193,3349,35051,387820,9409,0,8216,0,1428,18816,1,1,8281,937,,,
284-instcombine-commutativebinaryintrinsic-match-mat-n14-d16.pbqp,llvm,14,25,16,204,3285,heuristic,structured,solved-exact,completed,20905.0,12540.0,8359,26073.0,3628.0,22445.0,false,24197.0,52715.0,18466.0,17494.0,17494.0,26107.0,1.5161277950370116,1.0013040309899128,41,20768,3584,2000,1,0,1,0,0,78,1713,0,1,1,6,{},{},28771.0,28032.0,26073.0,13203,19940.0,56202.0,76142.0,3639.1951488423374,,1.1616395633771441,0.3424259935383888,1.0.0,4,0,8,16,1,0,1,false,1,558,130,310,3600,232,1176,2480,1240,634,72,2396,375,0,0,0,0,16,888,0,0,0,84,0,0,0,0,42,11964,7,7,58,58,58,1408,5520,5632,112,1240,3424,25736,2536,279,1800,317,65,214,2396,31696,475,0,410,0,84,0,1,1,310,58,,,
285-instcombine-commutativebinaryintrinsic-match-mat-n16-d16.pbqp,llvm,16,35,16,234,4791,none,structured,search-node-limit,not_attempted_cpu_incomplete,26621.0,16805.0,9475,,,,,,,,,,,,,,,,,,,,,,,,,,,,,,,,,,,,,,,,,,,,,,,,,,,,,,,,,,,,,,,,,,,,,,,,,,,,,,,,,,,,,,,,,,,,,,,,,,,,,,,,,,,,,,,
285-instcombine-commutativebinaryintrinsic-match-mat-n16-d16.pbqp,llvm,16,35,16,234,4791,heuristic,structured,solved-exact,completed,26621.0,16805.0,9475,30086.0,1516.0,28570.0,false,26832.0,61665.0,24713.0,21065.0,21065.0,27020.0,1.4982716213521239,0.8980921358771522,43,15896,3328,2000,1,0,1,0,0,188,4245,0,0,1,2,{},{},28847.0,28121.0,30086.0,4493,7035.0,59952.0,66987.0,2963.7203166226914,,1.0530626531326566,0.4491319211190231,1.0.0,4,0,8,16,1,0,1,false,1,200,48,105,1216,84,392,840,420,216,27,816,129,0,0,0,0,7,378,0,0,0,36,0,0,0,0,14,3980,3,3,21,21,21,476,1890,1904,14,420,1216,8848,864,100,608,108,24,76,816,10928,164,0,140,0,28,0,1,1,105,21,,,
286-instcombine-commutativebinaryintrinsic-match-mat-n14-d16.pbqp,llvm,14,25,16,204,3285,none,structured,solved-exact,completed,20435.0,12868.0,8359,161271.0,37480.0,123791.0,false,154865.0,256730.0,0.0,14674.0,106348.0,174901.0,1.6094090071990625,1.0845161250317787,380,3128920,135248,2000,70,69,53,3,3012816,2310,41085,2259,22,22,27,"{""7"":3,""16"":3}","{""4"":3,""5"":2,""6"":1}",193778.0,190397.0,161271.0,180141,276878.0,241406.0,518284.0,4806.323372465315,,1.3027683757300612,0.3111633776076437,1.0.0,4,0,8,16,1,0,1,false,1,9084,2386,8281,43944,3514,11928,26672,13336,17074,1449,35051,7422,0,0,0,0,352,19536,0,0,0,3072,207,15885,0,0,378,136620,256,256,937,1273,1273,15442,55491,61768,6277,13336,53584,274976,59260,4542,21972,8537,1193,3349,35051,387820,9409,0,8216,0,1428,18816,1,1,8281,937,,,
286-instcombine-commutativebinaryintrinsic-match-mat-n14-d16.pbqp,llvm,14,25,16,204,3285,heuristic,structured,solved-exact,completed,20435.0,12868.0,8359,28305.0,3861.0,24444.0,false,25842.0,51442.0,20449.0,18009.0,18009.0,26312.0,1.414061119943473,0.9295884119413531,41,20768,3584,2000,1,0,1,0,0,78,1713,0,1,1,6,{},{},29063.0,34415.0,28305.0,13203,18252.0,60066.0,78318.0,3419.5804195804194,,1.1579528718703977,0.3614111698460124,1.0.0,4,0,8,16,1,0,1,false,1,558,130,310,3600,232,1176,2480,1240,634,72,2396,375,0,0,0,0,16,888,0,0,0,84,0,0,0,0,42,11964,7,7,58,58,58,1408,5520,5632,112,1240,3424,25736,2536,279,1800,317,65,214,2396,31696,475,0,410,0,84,0,1,1,310,58,,,
287-instcombine-irbuilderbase-insert-n7-d16.pbqp,llvm,7,21,16,80,2708,none,structured,solved-exact,completed,12160.0,6604.0,4533,327201.0,101045.0,226156.0,false,311443.0,345818.0,0.0,7791.0,293976.0,370388.0,1.8066662387951138,1.1319892054119638,960,5172516,128160,2000,158,157,140,4,4926032,4156,91122,7227,80,80,80,"{""7"":3,""14"":4,""16"":5}","{""4"":5,""5"":4,""6"":2,""7"":1}",394806.0,513934.0,327201.0,528964,743834.0,609961.0,1353795.0,5234.934929981691,,1.446793363872725,0.2416916889189279,1.0.0,4,0,8,16,1,0,1,false,1,23904,6304,18667,134464,12296,42240,89760,44880,38806,3888,98587,15168,0,0,0,0,880,39920,0,0,0,8832,576,50228,0,0,960,416640,736,736,2416,3376,3376,54536,180027,218144,38117,44880,140800,891096,126316,11952,67232,19403,3152,8800,98587,1158212,20464,0,17312,0,3840,99840,1,1,18667,2416,,,
287-instcombine-irbuilderbase-insert-n7-d16.pbqp,llvm,7,21,16,80,2708,heuristic,structured,solved-exact,completed,12160.0,6604.0,4533,10649.0,0,10649.0,false,9722.0,17326.0,9230.0,8315.0,8315.0,10713.0,1.731336275706639,1.00600995398629,16,5252,2208,2000,1,0,1,0,0,80,2708,0,0,0,0,{},{},10938.0,11043.0,10649.0,0,0,30682.0,30682.0,,,1.0,0.34707646176911544,1.0.0,4,0,8,16,1,0,1,false,1,0,0,0,0,0,0,0,0,0,0,0,0,0,0,0,0,0,0,0,0,0,0,0,0,0,0,0,0,0,0,0,0,0,0,0,0,0,0,0,0,0,0,0,0,0,0,0,0,0,0,0,0,0,0,0,0,0,0,,,
288-instcombine-commonpointerbase-isexpensive-n29-d16.pbqp,llvm,29,117,16,464,29952,none,structured,search-node-limit,not_attempted_cpu_incomplete,98286.0,70859.0,51264,,,,,,,,,,,,,,,,,,,,,,,,,,,,,,,,,,,,,,,,,,,,,,,,,,,,,,,,,,,,,,,,,,,,,,,,,,,,,,,,,,,,,,,,,,,,,,,,,,,,,,,,,,,,,,,
288-instcombine-commonpointerbase-isexpensive-n29-d16.pbqp,llvm,29,117,16,464,29952,heuristic,structured,solved-exact,completed,98286.0,70859.0,51264,123179.0,5969.0,117210.0,false,115743.0,192757.0,100078.0,91302.0,91302.0,114283.0,1.3797887626949399,0.9277798975474716,81,46304,3584,0,1,0,1,0,0,400,28416,0,1,0,3,{},{},132893.0,140196.0,123179.0,28995,20907.0,189259.0,210166.0,4857.597587535601,,1.0509256889343912,0.5861033659107563,1.0.0,4,0,8,16,1,0,1,false,1,498,102,768,7680,384,3072,6144,3072,1542,54,4860,819,0,0,0,0,0,0,0,0,0,36,0,0,0,0,48,28752,3,3,48,96,96,3456,13824,13824,0,3072,3168,61440,6168,249,3840,771,51,198,4860,70776,1011,0,960,0,192,6144,1,1,768,48,,,
289-instcombine-match-combine-or-match-n22-d16.pbqp,llvm,22,52,16,332,8732,none,structured,search-node-limit,not_attempted_cpu_incomplete,49431.0,32443.0,17697,,,,,,,,,,,,,,,,,,,,,,,,,,,,,,,,,,,,,,,,,,,,,,,,,,,,,,,,,,,,,,,,,,,,,,,,,,,,,,,,,,,,,,,,,,,,,,,,,,,,,,,,,,,,,,,
289-instcombine-match-combine-or-match-n22-d16.pbqp,llvm,22,52,16,332,8732,heuristic,structured,solved-exact,completed,49431.0,32443.0,17697,55150.0,2822.0,52328.0,false,49843.0,101170.0,45836.0,40787.0,40787.0,63200.0,1.4517316409791479,1.1459655485040798,61,26216,3584,2000,1,0,1,0,0,269,7651,0,0,2,2,{},{},61421.0,56666.0,55150.0,8630,14802.0,96976.0,111778.0,3058.1148121899364,,1.0539290628344289,0.4933886811358228,1.0.0,4,0,8,16,1,0,1,false,1,446,118,193,2376,220,644,1544,772,394,63,1608,252,0,0,0,0,32,1776,0,0,0,48,0,0,0,0,23,6566,4,4,55,55,55,864,3328,3456,128,772,2624,16768,1576,223,1188,197,59,164,1608,20968,330,0,271,0,46,0,1,1,193,55,,,
290-instcombine-match-combine-or-match-n30-d16.pbqp,llvm,30,82,16,462,16609,none,structured,search-node-limit,not_attempted_cpu_incomplete,75388.0,46280.0,30332,,,,,,,,,,,,,,,,,,,,,,,,,,,,,,,,,,,,,,,,,,,,,,,,,,,,,,,,,,,,,,,,,,,,,,,,,,,,,,,,,,,,,,,,,,,,,,,,,,,,,,,,,,,,,,,
290-instcombine-match-combine-or-match-n30-d16.pbqp,llvm,30,82,16,462,16609,heuristic,structured,solved-exact,completed,75388.0,46280.0,30332,81455.0,2325.0,79130.0,false,74794.0,144378.0,69871.0,61682.0,61682.0,74089.0,1.533816217543429,0.909569701061936,84,33292,3584,2000,1,0,1,0,0,407,15856,0,0,2,2,{},{},79667.0,87032.0,81455.0,6078,10698.0,135773.0,146471.0,2614.1935483870966,,1.029382029571591,0.5561169105147094,1.0.0,4,0,8,16,1,0,1,false,1,302,82,184,1614,148,420,1024,512,376,45,1146,225,0,0,0,0,23,1275,0,0,0,48,0,0,0,0,14,4587,4,4,37,44,44,568,2146,2272,126,512,1760,10896,1504,151,807,188,41,110,1146,14160,290,0,249,0,42,392,1,1,184,37,,,
291-instcombine-match-combine-or-match-n16-d16.pbqp,llvm,16,45,16,211,5256,none,structured,search-node-limit,not_attempted_cpu_incomplete,20313.0,12099.0,7792,,,,,,,,,,,,,,,,,,,,,,,,,,,,,,,,,,,,,,,,,,,,,,,,,,,,,,,,,,,,,,,,,,,,,,,,,,,,,,,,,,,,,,,,,,,,,,,,,,,,,,,,,,,,,,,
291-instcombine-match-combine-or-match-n16-d16.pbqp,llvm,16,45,16,211,5256,heuristic,structured,solved-exact,completed,20313.0,12099.0,7792,22764.0,650.0,22114.0,false,21724.0,71967.0,18611.0,17479.0,17479.0,22611.0,1.989632753470392,0.9932788613600422,43,10412,1064,5000,1,0,1,0,0,195,5032,0,0,0,1,{},{},36295.0,23909.0,22764.0,2035,3805.0,33782.0,37587.0,3130.769230769231,,1.0293931446142714,0.6056349269694309,1.0.0,4,0,8,16,1,0,1,false,1,76,16,49,552,28,196,392,196,100,9,364,57,0,0,0,0,0,0,0,0,0,12,0,0,0,0,7,1990,1,1,7,7,7,224,896,896,0,196,480,4032,400,38,276,50,8,30,364,4912,71,0,63,0,14,0,1,1,49,7,,,
292-instcombine-match-combine-or-match-n16-d16.pbqp,llvm,16,45,16,211,5256,none,structured,search-node-limit,not_attempted_cpu_incomplete,22017.0,11979.0,7792,,,,,,,,,,,,,,,,,,,,,,,,,,,,,,,,,,,,,,,,,,,,,,,,,,,,,,,,,,,,,,,,,,,,,,,,,,,,,,,,,,,,,,,,,,,,,,,,,,,,,,,,,,,,,,,
292-instcombine-match-combine-or-match-n16-d16.pbqp,llvm,16,45,16,211,5256,heuristic,structured,solved-exact,completed,22017.0,11979.0,7792,24564.0,676.0,23888.0,false,22120.0,57551.0,20266.0,17323.0,17323.0,22198.0,1.844365738479075,0.9036801823807198,43,10412,1064,5000,1,0,1,0,0,195,5032,0,0,0,1,{},{},21937.0,22941.0,24564.0,2035,3804.0,46634.0,50438.0,3010.355029585799,,1.0282987273945077,0.4870137594670685,1.0.0,4,0,8,16,1,0,1,false,1,76,16,49,552,28,196,392,196,100,9,364,57,0,0,0,0,0,0,0,0,0,12,0,0,0,0,7,1990,1,1,7,7,7,224,896,896,0,196,480,4032,400,38,276,50,8,30,364,4912,71,0,63,0,14,0,1,1,49,7,,,
293-instcombine-match-combine-or-match-n19-d16.pbqp,llvm,19,58,16,303,14592,none,structured,search-node-limit,not_attempted_cpu_incomplete,40592.0,26998.0,22915,,,,,,,,,,,,,,,,,,,,,,,,,,,,,,,,,,,,,,,,,,,,,,,,,,,,,,,,,,,,,,,,,,,,,,,,,,,,,,,,,,,,,,,,,,,,,,,,,,,,,,,,,,,,,,,
293-instcombine-match-combine-or-match-n19-d16.pbqp,llvm,19,58,16,303,14592,heuristic,structured,solved-exact,completed,40592.0,26998.0,22915,46090.0,740.0,45350.0,false,41508.0,86778.0,38784.0,34573.0,34573.0,42096.0,1.5355608591885441,0.9133434584508571,53,20240,3584,0,1,0,1,0,0,271,14080,0,0,2,0,{},{},43396.0,54352.0,46090.0,1938,7276.0,91079.0,98355.0,2618.9189189189187,,1.0163175303197354,0.4686086116618372,1.0.0,4,0,8,16,1,0,1,false,1,204,68,32,544,128,0,256,128,68,36,408,66,0,0,0,0,32,1776,0,0,0,24,0,0,0,0,0,0,2,2,32,32,32,128,512,512,0,128,1088,4096,272,102,272,34,34,68,408,5456,98,0,64,0,0,0,1,1,32,32,,,
294-instcombine-match-combine-or-match-n19-d16.pbqp,llvm,19,65,16,303,16416,none,structured,search-node-limit,not_attempted_cpu_incomplete,50385.0,34522.0,25458,,,,,,,,,,,,,,,,,,,,,,,,,,,,,,,,,,,,,,,,,,,,,,,,,,,,,,,,,,,,,,,,,,,,,,,,,,,,,,,,,,,,,,,,,,,,,,,,,,,,,,,,,,,,,,,
294-instcombine-match-combine-or-match-n19-d16.pbqp,llvm,19,65,16,303,16416,heuristic,structured,solved-exact,completed,50385.0,34522.0,25458,48068.0,589.0,47479.0,false,45177.0,97019.0,40758.0,37969.0,37969.0,47010.0,1.5680286261130065,0.9779895148539569,49,19548,3584,0,1,0,1,0,0,271,16160,0,1,1,0,{},{},48384.0,62266.0,48068.0,969,4291.0,96964.0,101255.0,1645.1612903225807,,1.0124054845300028,0.47472223593896595,1.0.0,4,0,8,16,1,0,1,false,1,102,34,16,272,64,0,128,64,34,18,204,33,0,0,0,0,16,888,0,0,0,12,0,0,0,0,0,0,1,1,16,16,16,64,256,256,0,64,544,2048,136,51,136,17,17,34,204,2728,49,0,32,0,0,0,1,1,16,16,,,
295-instcombine-match-combine-and-match-n14-d16.pbqp,llvm,14,29,16,213,5561,none,structured,search-node-limit,not_attempted_cpu_incomplete,37102.0,24921.0,14854,,,,,,,,,,,,,,,,,,,,,,,,,,,,,,,,,,,,,,,,,,,,,,,,,,,,,,,,,,,,,,,,,,,,,,,,,,,,,,,,,,,,,,,,,,,,,,,,,,,,,,,,,,,,,,,
295-instcombine-match-combine-and-match-n14-d16.pbqp,llvm,14,29,16,213,5561,heuristic,structured,solved-exact,completed,37102.0,24921.0,14854,39903.0,1723.0,38180.0,false,34977.0,68422.0,34330.0,30047.0,30047.0,37292.0,1.2364734481116708,0.9345663233340852,35,21212,3456,1000,1,0,1,0,0,182,4953,0,0,1,1,{},{},36396.0,40443.0,39903.0,5626,11491.0,74155.0,85646.0,3265.23505513639,,1.0451283394447355,0.4659061719169605,1.0.0,4,0,8,16,1,0,1,false,1,268,68,128,1552,128,448,1024,512,260,36,1040,162,0,0,0,0,16,888,0,0,0,24,0,0,0,0,16,4576,2,2,32,32,32,576,2288,2304,16,512,1600,11136,1040,134,776,130,34,100,1040,13776,210,0,176,0,32,0,1,1,128,32,,,
296-instcombine-match-combine-and-match-n20-d16.pbqp,llvm,20,59,16,284,7526,none,structured,search-node-limit,not_attempted_cpu_incomplete,29241.0,18808.0,14393,,,,,,,,,,,,,,,,,,,,,,,,,,,,,,,,,,,,,,,,,,,,,,,,,,,,,,,,,,,,,,,,,,,,,,,,,,,,,,,,,,,,,,,,,,,,,,,,,,,,,,,,,,,,,,,
296-instcombine-match-combine-and-match-n20-d16.pbqp,llvm,20,59,16,284,7526,heuristic,structured,solved-exact,completed,29241.0,18808.0,14393,36868.0,1238.0,35630.0,false,33039.0,89861.0,30054.0,25871.0,25871.0,33783.0,2.091163068243463,0.9163230986221114,53,17268,3584,4000,1,0,1,0,0,236,7158,0,1,1,1,{},{},35523.0,39153.0,36868.0,4670,6058.0,88607.0,94665.0,3772.2132471728596,,1.0347460005613247,0.38945756087255057,1.0.0,4,0,8,16,1,0,1,false,1,124,32,119,1238,84,448,952,476,242,18,802,135,0,0,0,0,7,387,0,0,0,24,0,0,0,0,7,4193,2,2,14,21,21,532,2128,2128,0,476,736,9856,968,62,619,121,16,46,802,11560,170,0,154,0,28,896,1,1,119,14,,,
297-instcombine-match-combine-and-match-n18-d16.pbqp,llvm,18,38,16,260,5820,none,structured,search-node-limit,not_attempted_cpu_incomplete,39859.0,26205.0,16178,,,,,,,,,,,,,,,,,,,,,,,,,,,,,,,,,,,,,,,,,,,,,,,,,,,,,,,,,,,,,,,,,,,,,,,,,,,,,,,,,,,,,,,,,,,,,,,,,,,,,,,,,,,,,,,
297-instcombine-match-combine-and-match-n18-d16.pbqp,llvm,18,38,16,260,5820,heuristic,structured,solved-exact,completed,39859.0,26205.0,16178,46053.0,2898.0,43155.0,false,42713.0,80119.0,38117.0,33883.0,33883.0,42399.0,1.4295702777234924,0.920656634746922,46,22760,2432,3000,1,0,1,0,0,212,4764,0,0,0,3,{},{},47093.0,53040.0,46053.0,12480,8594.0,84020.0,92614.0,4306.418219461698,,1.0671532846715328,0.4972574340812404,1.0.0,4,0,8,16,1,0,1,false,1,228,48,315,3498,168,1260,2520,1260,636,27,2181,339,0,0,0,0,0,0,0,0,0,36,0,0,0,0,21,12345,3,3,21,42,42,1428,5712,5712,0,1260,1440,25536,2544,114,1749,318,24,90,2181,29520,423,0,399,0,84,2688,1,1,315,21,,,
298-instcombine-match-combine-and-match-n20-d16.pbqp,llvm,20,50,16,301,7811,none,structured,search-node-limit,not_attempted_cpu_incomplete,44002.0,31424.0,16632,,,,,,,,,,,,,,,,,,,,,,,,,,,,,,,,,,,,,,,,,,,,,,,,,,,,,,,,,,,,,,,,,,,,,,,,,,,,,,,,,,,,,,,,,,,,,,,,,,,,,,,,,,,,,,,
298-instcombine-match-combine-and-match-n20-d16.pbqp,llvm,20,50,16,301,7811,heuristic,structured,solved-exact,completed,44002.0,31424.0,16632,51001.0,2769.0,48232.0,false,47274.0,88928.0,42091.0,37374.0,37374.0,47157.0,1.4853826395560872,0.9246289288445324,56,21428,3584,2000,1,0,1,0,0,237,6995,0,0,1,3,{},{},50220.0,55197.0,51001.0,8740,9483.0,92024.0,101507.0,3156.374142289635,,1.0574100182451485,0.5024382554897692,1.0.0,4,0,8,16,1,0,1,false,1,276,64,217,2342,140,840,1736,868,442,36,1530,249,0,0,0,0,7,387,0,0,0,48,0,0,0,0,21,8173,4,4,28,35,35,980,3920,3920,0,868,1696,17920,1768,138,1171,221,32,106,1530,21384,312,0,280,0,56,896,1,1,217,28,,,
299-instcombine-apint-issignmask-n8-d16.pbqp,llvm,8,11,16,117,1859,none,structured,solved-exact,completed,15449.0,8776.0,5940,40122.0,20251.0,19871.0,false,39122.0,46484.0,0.0,7936.0,10913.0,46843.0,1.8769004536164697,1.1675140820497483,127,365472,23664,1000,16,15,13,1,329520,0,0,585,16,16,17,"{""15"":1}","{""4"":1}",56376.0,95112.0,40122.0,83932,96430.0,74869.0,171299.0,4144.585452570243,,2.0191233455789845,0.2342220328198063,1.0.0,4,0,8,16,1,0,1,false,1,2770,724,2587,21656,1554,7560,16016,8008,5330,440,14878,2409,0,0,0,0,112,6192,0,0,0,936,45,3975,0,0,127,71303,78,78,284,396,396,9114,36322,36456,134,8008,16368,170036,18980,1385,10828,2665,362,1023,14878,205384,3044,0,2682,0,478,14280,1,1,2587,284,,,
299-instcombine-apint-issignmask-n8-d16.pbqp,llvm,8,11,16,117,1859,heuristic,structured,solved-exact,completed,15449.0,8776.0,5940,18235.0,2431.0,15804.0,false,16233.0,31967.0,13209.0,11658.0,11658.0,17873.0,1.2263230052097613,0.9801480669043049,19,10976,2280,1000,1,0,1,0,0,54,1065,0,1,1,2,{},{},17155.0,18738.0,18235.0,8962,11153.0,40782.0,51935.0,3686.548745372275,,1.1538218172614527,0.351111966881679,1.0.0,4,0,8,16,1,0,1,false,1,280,64,217,2486,144,840,1736,868,440,35,1603,249,0,0,0,0,7,387,0,0,0,36,0,0,0,0,22,8408,3,3,29,36,36,984,3817,3936,119,868,1728,17516,1760,140,1243,220,32,108,1603,21004,314,0,282,0,58,840,1,1,217,29,,,
300-instcombine-apint-isminsignedvalue-n8-d16.pbqp,llvm,8,11,16,117,1859,none,structured,solved-exact,completed,14628.0,8826.0,5940,45058.0,20697.0,24361.0,false,43301.0,48140.0,0.0,7657.0,10537.0,47296.0,1.697833902969506,1.0496693151049759,127,365472,23664,1000,16,15,13,1,329520,0,0,585,16,16,17,"{""15"":1}","{""4"":1}",57035.0,92454.0,45058.0,83932,99722.0,75647.0,175369.0,4055.2737111658694,,1.8495956652025778,0.25693252513272014,1.0.0,4,0,8,16,1,0,1,false,1,2770,724,2587,21656,1554,7560,16016,8008,5330,440,14878,2409,0,0,0,0,112,6192,0,0,0,936,45,3975,0,0,127,71303,78,78,284,396,396,9114,36322,36456,134,8008,16368,170036,18980,1385,10828,2665,362,1023,14878,205384,3044,0,2682,0,478,14280,1,1,2587,284,,,
300-instcombine-apint-isminsignedvalue-n8-d16.pbqp,llvm,8,11,16,117,1859,heuristic,structured,solved-exact,completed,14628.0,8826.0,5940,16012.0,2159.0,13853.0,false,14753.0,32218.0,11749.0,10729.0,10729.0,15963.0,1.431426430177367,0.9969397951536347,19,10976,2280,1000,1,0,1,0,0,54,1065,0,1,1,2,{},{},17631.0,19828.0,16012.0,8962,10956.0,45763.0,56719.0,4150.9958314034275,,1.1558507182559734,0.28230398984467286,1.0.0,4,0,8,16,1,0,1,false,1,280,64,217,2486,144,840,1736,868,440,35,1603,249,0,0,0,0,7,387,0,0,0,36,0,0,0,0,22,8408,3,3,29,36,36,984,3817,3936,119,868,1728,17516,1760,140,1243,220,32,108,1603,21004,314,0,282,0,58,840,1,1,217,29,,,
301-instcombine-apint-isnegatedpowerof2-n11-d16.pbqp,llvm,11,28,16,147,4120,none,structured,search-node-limit,not_attempted_cpu_incomplete,12084.0,7265.0,6154,,,,,,,,,,,,,,,,,,,,,,,,,,,,,,,,,,,,,,,,,,,,,,,,,,,,,,,,,,,,,,,,,,,,,,,,,,,,,,,,,,,,,,,,,,,,,,,,,,,,,,,,,,,,,,,
301-instcombine-apint-isnegatedpowerof2-n11-d16.pbqp,llvm,11,28,16,147,4120,heuristic,structured,solved-exact,completed,12084.0,7265.0,6154,13125.0,0,13125.0,false,12627.0,34865.0,10907.0,10444.0,10444.0,13076.0,2.0780190476190477,0.9962666666666666,28,5772,1568,3000,1,0,1,0,0,147,4120,0,0,0,0,{},{},14894.0,15868.0,13125.0,0,0,38739.0,38739.0,,,1.0,0.3388058545651669,1.0.0,4,0,8,16,1,0,1,false,1,0,0,0,0,0,0,0,0,0,0,0,0,0,0,0,0,0,0,0,0,0,0,0,0,0,0,0,0,0,0,0,0,0,0,0,0,0,0,0,0,0,0,0,0,0,0,0,0,0,0,0,0,0,0,0,0,0,0,,,
302-instcombine-apint-ismask-n8-d16.pbqp,llvm,8,9,16,101,1395,none,structured,solved-exact,completed,10000.0,6126.0,5847,6653.0,3600.0,3053.0,false,5863.0,10902.0,0.0,0.0,0.0,7100.0,1.4868480384788818,1.0671877348564558,12,9288,3584,3000,0,0,0,0,0,0,0,0,2,3,3,{},{},8663.0,14355.0,6653.0,16157,21966.0,8974.0,30940.0,4488.055555555556,,2.179168031444481,0.21502908855850034,1.0.0,4,0,8,16,1,0,1,false,1,624,168,465,4228,330,1346,3012,1506,942,90,2897,549,0,0,0,0,48,2344,0,0,0,72,0,0,0,0,30,13399,6,6,78,101,101,1676,6506,6704,198,1506,3648,31156,3768,312,2114,471,84,228,2897,38572,703,0,619,0,106,2440,1,1,465,78,,,
302-instcombine-apint-ismask-n8-d16.pbqp,llvm,8,9,16,101,1395,heuristic,structured,solved-exact,completed,10000.0,6126.0,5847,16674.0,3515.0,13159.0,false,15443.0,28718.0,9757.0,9106.0,9106.0,16388.0,1.2934508816120907,0.9828475470792851,24,18576,3584,3000,0,0,0,0,0,0,0,0,2,3,3,{},{},17796.0,22824.0,16674.0,16157,21840.0,33280.0,55120.0,4596.586059743954,,1.2671175621247814,0.30250362844702466,1.0.0,4,0,8,16,1,0,1,false,1,624,168,465,4228,330,1346,3012,1506,942,90,2897,549,0,0,0,0,48,2344,0,0,0,72,0,0,0,0,30,13399,6,6,78,101,101,1676,6506,6704,198,1506,3648,31156,3768,312,2114,471,84,228,2897,38572,703,0,619,0,106,2440,1,1,465,78,,,
303-instcombine-apint-logbase2-n4-d16.pbqp,llvm,4,4,16,55,592,none,structured,solved-exact,completed,7187.0,4478.0,3840,4574.0,2598.0,1976.0,false,4153.0,7117.0,0.0,0.0,0.0,5140.0,1.470703979011806,1.1237428946217753,6,6176,3584,1000,0,0,0,0,0,0,0,0,1,1,2,{},{},6226.0,6910.0,4574.0,11224,12513.0,5884.0,18397.0,4320.246343341031,,2.314777327935223,0.24862749361308908,1.0.0,4,0,8,16,1,0,1,false,1,344,84,384,2928,184,960,2048,1024,774,45,2023,426,0,0,0,0,16,888,0,0,0,36,0,0,0,0,23,10129,3,3,39,62,62,1144,4288,4576,288,1024,2080,19968,3096,172,1464,387,42,130,2023,25144,534,0,492,0,92,1792,1,1,384,39,,,
303-instcombine-apint-logbase2-n4-d16.pbqp,llvm,4,4,16,55,592,heuristic,structured,solved-exact,completed,7187.0,4478.0,3840,10711.0,2219.0,8492.0,false,10184.0,17298.0,6657.0,6555.0,6555.0,11286.0,1.3121090467743441,1.0536831294930444,12,12352,3584,1000,0,0,0,0,0,0,0,0,1,1,2,{},{},12812.0,15045.0,10711.0,11224,12689.0,20114.0,32803.0,5058.134294727354,,1.261304757418747,0.32652501295613207,1.0.0,4,0,8,16,1,0,1,false,1,344,84,384,2928,184,960,2048,1024,774,45,2023,426,0,0,0,0,16,888,0,0,0,36,0,0,0,0,23,10129,3,3,39,62,62,1144,4288,4576,288,1024,2080,19968,3096,172,1464,387,42,130,2023,25144,534,0,492,0,92,1792,1,1,384,39,,,
304-instcombine-apint-isallones-n5-d16.pbqp,llvm,5,4,16,69,547,none,structured,solved-exact,completed,7628.0,4443.0,3495,3870.0,2083.0,1787.0,false,3750.0,7099.0,0.0,0.0,0.0,4365.0,1.5506459948320412,1.127906976744186,6,5832,3360,1000,0,0,0,0,0,0,0,0,2,1,2,{},{},5981.0,6543.0,3870.0,10725,11641.0,5581.0,17222.0,5148.82381180989,,2.165640738668159,0.2247125769364766,1.0.0,4,0,8,16,1,0,1,false,1,328,80,360,2870,176,900,1920,960,726,43,1962,400,0,0,0,0,15,831,0,0,0,36,0,0,0,0,22,9695,3,3,37,59,59,1076,3915,4304,389,960,1984,18300,2904,164,1435,363,40,124,1962,23188,503,0,463,0,88,1680,1,1,360,37,,,
304-instcombine-apint-isallones-n5-d16.pbqp,llvm,5,4,16,69,547,heuristic,structured,solved-exact,completed,7628.0,4443.0,3495,10701.0,2119.0,8582.0,false,10310.0,17610.0,6762.0,6682.0,6682.0,11147.0,1.3514624801420427,1.041678347817961,12,11664,3360,1000,0,0,0,0,0,0,0,0,2,1,2,{},{},11979.0,12333.0,10701.0,10725,12479.0,20381.0,32860.0,5061.349693251534,,1.2469121416919133,0.3256542909312234,1.0.0,4,0,8,16,1,0,1,false,1,328,80,360,2870,176,900,1920,960,726,43,1962,400,0,0,0,0,15,831,0,0,0,36,0,0,0,0,22,9695,3,3,37,59,59,1076,3915,4304,389,960,1984,18300,2904,164,1435,363,40,124,1962,23188,503,0,463,0,88,1680,1,1,360,37,,,
305-instcombine-apfloat-operator-n4-d16.pbqp,llvm,4,5,16,45,483,none,structured,solved-exact,completed,4796.0,2535.0,1631,2528.0,1413.0,1115.0,false,2431.0,4959.0,0.0,0.0,0.0,3095.0,1.8180379746835442,1.2242879746835442,6,3656,1568,2000,0,0,0,0,0,0,0,0,1,1,2,{},{},3580.0,3477.0,2528.0,5338,10900.0,5247.0,16147.0,3777.777777777778,,2.2672645739910315,0.15656159038830741,1.0.0,4,0,8,16,1,0,1,false,1,254,66,177,1376,88,420,904,452,360,36,995,210,0,0,0,0,16,568,0,0,0,36,0,0,0,0,14,4599,3,3,30,37,37,508,1834,2032,198,452,1504,8596,1440,127,688,180,33,94,995,11540,268,0,235,0,42,392,1,1,177,30,,,
305-instcombine-apfloat-operator-n4-d16.pbqp,llvm,4,5,16,45,483,heuristic,structured,solved-exact,completed,4796.0,2535.0,1631,7194.0,1397.0,5797.0,false,6971.0,13926.0,4486.0,4424.0,4424.0,7963.0,1.514317486794551,1.1068946344175703,12,7312,1568,2000,0,0,0,0,0,0,0,0,1,1,2,{},{},7374.0,7954.0,7194.0,5338,9736.0,13592.0,23328.0,3821.045096635648,,1.2409867172675522,0.30838477366255146,1.0.0,4,0,8,16,1,0,1,false,1,254,66,177,1376,88,420,904,452,360,36,995,210,0,0,0,0,16,568,0,0,0,36,0,0,0,0,14,4599,3,3,30,37,37,508,1834,2032,198,452,1504,8596,1440,127,688,180,33,94,995,11540,268,0,235,0,42,392,1,1,177,30,,,
306-instcombine-std-find-if-n35-d16.pbqp,llvm,35,135,16,557,32930,none,structured,search-node-limit,not_attempted_cpu_incomplete,69075.0,42739.0,40636,,,,,,,,,,,,,,,,,,,,,,,,,,,,,,,,,,,,,,,,,,,,,,,,,,,,,,,,,,,,,,,,,,,,,,,,,,,,,,,,,,,,,,,,,,,,,,,,,,,,,,,,,,,,,,,
306-instcombine-std-find-if-n35-d16.pbqp,llvm,35,135,16,557,32930,heuristic,structured,solved-exact,completed,69075.0,42739.0,40636,80602.0,0,80602.0,false,76997.0,164123.0,67136.0,63898.0,63898.0,77554.0,2.007952656261631,0.962184561177142,100,25612,3584,0,1,0,1,0,0,557,32930,0,0,0,0,{},{},82319.0,91794.0,80602.0,0,0,148150.0,148150.0,,,1.0,0.5440566992912589,1.0.0,4,0,8,16,1,0,1,false,1,0,0,0,0,0,0,0,0,0,0,0,0,0,0,0,0,0,0,0,0,0,0,0,0,0,0,0,0,0,0,0,0,0,0,0,0,0,0,0,0,0,0,0,0,0,0,0,0,0,0,0,0,0,0,0,0,0,0,,,
307-instcombine-0-operator-n97-d16.pbqp,llvm,97,388,16,1387,42842,none,structured,search-node-limit,not_attempted_cpu_incomplete,207577.0,86801.0,52739,,,,,,,,,,,,,,,,,,,,,,,,,,,,,,,,,,,,,,,,,,,,,,,,,,,,,,,,,,,,,,,,,,,,,,,,,,,,,,,,,,,,,,,,,,,,,,,,,,,,,,,,,,,,,,,
307-instcombine-0-operator-n97-d16.pbqp,llvm,97,388,16,1387,42842,heuristic,structured,solved-exact,completed,207577.0,86801.0,52739,250547.0,944.0,249603.0,false,243082.0,469793.0,221167.0,216965.0,216965.0,248285.0,2.8423489405181463,0.9909717538026798,289,63700,1976,13000,1,0,1,0,0,1323,42394,0,0,4,0,{},{},264729.0,267597.0,250547.0,1728,5951.0,438142.0,444093.0,1830.5084745762713,,1.0037820058252505,0.5641768728622159,1.0.0,4,0,8,16,1,0,1,false,1,192,64,28,472,112,0,224,112,64,36,364,60,0,0,0,0,28,1548,0,0,0,48,0,0,0,0,0,0,4,4,28,28,28,112,448,448,0,112,1024,3584,256,96,236,32,32,64,364,4864,88,0,56,0,0,0,1,1,28,28,,,
308-instcombine-0-operator-n28-d17.pbqp,llvm,28,79,17,413,11727,none,structured,search-node-limit,not_attempted_cpu_incomplete,51884.0,29097.0,23882,,,,,,,,,,,,,,,,,,,,,,,,,,,,,,,,,,,,,,,,,,,,,,,,,,,,,,,,,,,,,,,,,,,,,,,,,,,,,,,,,,,,,,,,,,,,,,,,,,,,,,,,,,,,,,,
308-instcombine-0-operator-n28-d17.pbqp,llvm,28,79,17,413,11727,heuristic,structured,solved-exact,completed,51884.0,29097.0,23882,52768.0,640.0,52128.0,false,48897.0,110960.0,45526.0,42156.0,42156.0,50895.0,1.8470095512431777,0.9645050030321407,70,24492,3944,4000,1,0,1,0,0,398,11517,0,0,0,1,{},{},53127.0,70864.0,52768.0,2047,3614.0,112934.0,116548.0,3198.4375,,1.0122774708410067,0.45275766207914336,1.0.0,4,0,8,16,1,0,1,false,1,76,16,49,560,28,196,392,196,100,9,368,57,0,0,0,0,0,0,0,0,0,12,0,0,0,0,7,2002,1,1,7,7,7,224,840,896,56,196,480,3780,400,38,280,50,8,30,368,4660,71,0,63,0,14,0,1,1,49,7,,,
309-instcombine-2-operator-n12-d16.pbqp,llvm,12,19,16,189,4578,none,structured,solved-exact,completed,10902.0,8131.0,7924,617472.0,211534.0,405938.0,false,598848.0,654159.0,0.0,12751.0,572839.0,705131.0,1.5657730229063018,1.1419643319859039,1362,8346272,144000,0,225,224,203,4,7845376,7625,211482,11616,115,114,112,"{""16"":14}","{""4"":7,""5"":4,""6"":2,""7"":1}",851907.0,1239645.0,617472.0,1186898,1299790.0,934072.0,2233862.0,5610.908884623748,,1.5210992811710162,0.2764145681335732,1.0.0,4,0,8,16,1,0,1,false,1,38732,10308,38528,317472,22912,100352,215296,107648,79044,6148,217624,32834,0,0,0,0,1824,98544,0,0,0,11928,768,77952,0,0,1568,976864,994,994,4160,5728,5728,123264,460576,493056,32480,107648,227392,2179328,269712,19366,158736,39522,5154,14212,217624,2676432,41698,0,36544,0,6272,188160,1,1,38528,4160,,,
309-instcombine-2-operator-n12-d16.pbqp,llvm,12,19,16,189,4578,heuristic,structured,solved-exact,completed,10902.0,8131.0,7924,16604.0,781.0,15823.0,false,15303.0,35908.0,13375.0,11778.0,11778.0,15492.0,1.6769453143820765,0.933028185979282,24,10528,3136,0,1,0,1,0,0,109,4066,0,3,2,0,{},{},15304.0,18171.0,16604.0,1938,7283.0,36330.0,43613.0,2481.4340588988475,,1.0493585287240093,0.38071217297594756,1.0.0,4,0,8,16,1,0,1,false,1,204,68,32,544,128,0,256,128,68,36,408,66,0,0,0,0,32,1776,0,0,0,24,0,0,0,0,0,0,2,2,32,32,32,128,512,512,0,128,1088,4096,272,102,272,34,34,68,408,5456,98,0,64,0,0,0,1,1,32,32,,,
310-instcombine-3-operator-n26-d16.pbqp,llvm,26,149,16,292,13547,none,structured,search-node-limit,not_attempted_cpu_incomplete,50872.0,31138.0,17720,,,,,,,,,,,,,,,,,,,,,,,,,,,,,,,,,,,,,,,,,,,,,,,,,,,,,,,,,,,,,,,,,,,,,,,,,,,,,,,,,,,,,,,,,,,,,,,,,,,,,,,,,,,,,,,
310-instcombine-3-operator-n26-d16.pbqp,llvm,26,149,16,292,13547,heuristic,structured,search-node-limit,not_attempted_cpu_incomplete,50872.0,31138.0,17720,,,,,,,,,,,,,,,,,,,,,,,,,,,,,,,,,,,,,,,,,,,,,,,,,,,,,,,,,,,,,,,,,,,,,,,,,,,,,,,,,,,,,,,,,,,,,,,,,,,,,,,,,,,,,,,
311-instcombine-3-operator-n27-d16-r1.pbqp,llvm,27,109,16,335,11508,none,structured,search-node-limit,not_attempted_cpu_incomplete,53582.0,32812.0,17352,,,,,,,,,,,,,,,,,,,,,,,,,,,,,,,,,,,,,,,,,,,,,,,,,,,,,,,,,,,,,,,,,,,,,,,,,,,,,,,,,,,,,,,,,,,,,,,,,,,,,,,,,,,,,,,
311-instcombine-3-operator-n27-d16-r1.pbqp,llvm,27,109,16,335,11508,heuristic,structured,solved-exact,completed,53582.0,32812.0,17352,64852.0,747.0,64105.0,false,57148.0,129044.0,56551.0,56234.0,56234.0,66152.0,1.7080429285141554,1.0200456423857398,75,22520,2432,8000,1,0,1,0,0,320,11298,0,0,0,1,{},{},66172.0,69144.0,64852.0,2047,3884.0,140642.0,144526.0,2740.2945113788487,,1.0116527571952265,0.4487220292542518,1.0.0,4,0,8,16,1,0,1,false,1,76,16,49,560,28,196,392,196,100,9,368,57,0,0,0,0,0,0,0,0,0,12,0,0,0,0,7,2002,1,1,7,7,7,224,840,896,56,196,480,3780,400,38,280,50,8,30,368,4660,71,0,63,0,14,0,1,1,49,7,,,
312-instcombine-3-operator-n26-d16.pbqp,llvm,26,149,16,292,13547,none,structured,search-node-limit,not_attempted_cpu_incomplete,63146.0,33014.0,17720,,,,,,,,,,,,,,,,,,,,,,,,,,,,,,,,,,,,,,,,,,,,,,,,,,,,,,,,,,,,,,,,,,,,,,,,,,,,,,,,,,,,,,,,,,,,,,,,,,,,,,,,,,,,,,,
312-instcombine-3-operator-n26-d16.pbqp,llvm,26,149,16,292,13547,heuristic,structured,search-node-limit,not_attempted_cpu_incomplete,63146.0,33014.0,17720,,,,,,,,,,,,,,,,,,,,,,,,,,,,,,,,,,,,,,,,,,,,,,,,,,,,,,,,,,,,,,,,,,,,,,,,,,,,,,,,,,,,,,,,,,,,,,,,,,,,,,,,,,,,,,,
313-instcombine-3-operator-n27-d16-r1.pbqp,llvm,27,109,16,335,11508,none,structured,search-node-limit,not_attempted_cpu_incomplete,56708.0,34760.0,17352,,,,,,,,,,,,,,,,,,,,,,,,,,,,,,,,,,,,,,,,,,,,,,,,,,,,,,,,,,,,,,,,,,,,,,,,,,,,,,,,,,,,,,,,,,,,,,,,,,,,,,,,,,,,,,,
313-instcombine-3-operator-n27-d16-r1.pbqp,llvm,27,109,16,335,11508,heuristic,structured,solved-exact,completed,56708.0,34760.0,17352,69894.0,814.0,69080.0,false,62120.0,147408.0,60497.0,51239.0,51239.0,62852.0,1.7858614473345351,0.8992474318253355,75,22520,2432,8000,1,0,1,0,0,320,11298,0,0,0,1,{},{},61451.0,62581.0,69894.0,2047,3597.0,123322.0,126919.0,2514.742014742015,,1.011783439490446,0.5506976890772856,1.0.0,4,0,8,16,1,0,1,false,1,76,16,49,560,28,196,392,196,100,9,368,57,0,0,0,0,0,0,0,0,0,12,0,0,0,0,7,2002,1,1,7,7,7,224,840,896,56,196,480,3780,400,38,280,50,8,30,368,4660,71,0,63,0,14,0,1,1,49,7,,,
314-instcombine-6-operator-n54-d16.pbqp,llvm,54,176,16,843,32238,none,structured,search-node-limit,not_attempted_cpu_incomplete,116732.0,71011.0,47988,,,,,,,,,,,,,,,,,,,,,,,,,,,,,,,,,,,,,,,,,,,,,,,,,,,,,,,,,,,,,,,,,,,,,,,,,,,,,,,,,,,,,,,,,,,,,,,,,,,,,,,,,,,,,,,
314-instcombine-6-operator-n54-d16.pbqp,llvm,54,176,16,843,32238,heuristic,structured,solved-exact,completed,116732.0,71011.0,47988,147353.0,6220.0,141133.0,false,137828.0,267239.0,120847.0,106103.0,106103.0,133089.0,1.854200457405007,0.9031984418369494,160,55480,3584,2000,1,0,1,0,0,684,30117,0,0,6,4,{},{},151347.0,170324.0,147353.0,16799,26481.0,240607.0,267088.0,2700.8038585209,,1.0440719038070472,0.5517020607440244,1.0.0,4,0,8,16,1,0,1,false,1,790,214,382,4632,416,1288,3056,1528,784,117,3103,489,0,0,0,0,60,3324,0,0,0,120,0,0,0,0,37,12917,10,10,97,104,104,1704,6690,6816,126,1528,4608,33360,3136,395,2316,392,107,288,3103,41104,637,0,530,0,88,840,1,1,382,97,,,
315-instcombine-0-operator-n12-d16.pbqp,llvm,12,27,16,146,2436,none,structured,search-node-limit,not_attempted_cpu_incomplete,10215.0,5508.0,3490,,,,,,,,,,,,,,,,,,,,,,,,,,,,,,,,,,,,,,,,,,,,,,,,,,,,,,,,,,,,,,,,,,,,,,,,,,,,,,,,,,,,,,,,,,,,,,,,,,,,,,,,,,,,,,,
315-instcombine-0-operator-n12-d16.pbqp,llvm,12,27,16,146,2436,heuristic,structured,solved-exact,completed,10215.0,5508.0,3490,12572.0,487.0,12085.0,false,11355.0,51557.0,10114.0,9010.0,9010.0,12119.0,2.203706649697741,0.963967546929685,33,6940,1568,5000,1,0,1,0,0,114,2212,0,0,2,0,{},{},11462.0,11117.0,12572.0,864,3350.0,35287.0,38637.0,1774.1273100616017,,1.0402978899462143,0.32538758185159306,1.0.0,4,0,8,16,1,0,1,false,1,96,32,14,236,56,0,112,56,32,18,182,30,0,0,0,0,14,774,0,0,0,24,0,0,0,0,0,0,2,2,14,14,14,56,224,224,0,56,512,1792,128,48,118,16,16,32,182,2432,44,0,28,0,0,0,1,1,14,14,,,
316-mbb-global-sub-i-machinebasicblock-cpp-n7-d17.pbqp,llvm,7,0,17,113,0,none,structured,solved-exact,completed,265.0,0,0,172.0,0,172.0,false,161.0,346.0,0.0,0.0,0.0,299.0,9.093023255813954,1.7383720930232558,0,0,0,0,0,0,0,0,0,0,0,0,7,0,0,{},{},181.0,173.0,172.0,0,0,908.0,908.0,,,1.0,0.1894273127753304,1.0.0,4,0,8,16,1,0,1,false,1,0,0,0,0,0,0,0,0,0,0,0,0,0,0,0,0,0,0,0,0,0,0,0,0,0,0,0,0,0,0,0,0,0,0,0,0,0,0,0,0,0,0,0,0,0,0,0,0,0,0,0,0,0,0,0,0,0,0,,,
316-mbb-global-sub-i-machinebasicblock-cpp-n7-d17.pbqp,llvm,7,0,17,113,0,heuristic,structured,solved-exact,completed,265.0,0,0,665.0,0,665.0,false,597.0,765.0,403.0,483.0,483.0,965.0,4.753383458646616,1.4511278195488722,0,0,0,0,0,0,0,0,0,0,0,0,7,0,0,{},{},616.0,713.0,665.0,0,0,1698.0,1698.0,,,1.0,0.3916372202591284,1.0.0,4,0,8,16,1,0,1,false,1,0,0,0,0,0,0,0,0,0,0,0,0,0,0,0,0,0,0,0,0,0,0,0,0,0,0,0,0,0,0,0,0,0,0,0,0,0,0,0,0,0,0,0,0,0,0,0,0,0,0,0,0,0,0,0,0,0,0,,,
317-mbb-slotindexupdatedelegate-mf-handlerem-n6-d16.pbqp,llvm,6,9,16,77,1059,none,structured,solved-exact,completed,9529.0,4970.0,3141,23828.0,11209.0,12619.0,false,23602.0,126515.0,0.0,6026.0,9540.0,26756.0,1.7078646969951319,1.122880644619775,61,155816,21104,2000,8,7,5,1,122864,0,0,266,7,8,8,"{""7"":1}","{""4"":1}",33374.0,33056.0,23828.0,51082,74447.0,40414.0,114861.0,4557.230796681239,,1.8882637292970916,0.20745074481329606,1.0.0,4,0,8,16,1,0,1,false,1,2252,578,2107,13032,994,3556,8008,4004,4288,326,9786,2151,0,0,0,0,112,6204,0,0,0,444,21,1827,0,0,119,41414,37,37,252,364,364,4550,16282,18200,1918,4004,13392,80080,16088,1126,6516,2144,289,837,9786,109560,2746,0,2457,0,462,6272,1,1,2107,252,,,
317-mbb-slotindexupdatedelegate-mf-handlerem-n6-d16.pbqp,llvm,6,9,16,77,1059,heuristic,structured,solved-exact,completed,9529.0,4970.0,3141,9550.0,889.0,8661.0,false,9197.0,23101.0,7633.0,7518.0,7518.0,10413.0,1.6237696335078533,1.0903664921465968,15,7792,3456,2000,1,0,1,0,0,45,723,0,0,1,1,{},{},9919.0,9128.0,9550.0,2467,4752.0,21836.0,26588.0,2775.0281214848146,,1.1026440364853942,0.3591845945539341,1.0.0,4,0,8,16,1,0,1,false,1,124,32,56,670,56,196,448,224,116,18,455,72,0,0,0,0,7,387,0,0,0,24,0,0,0,0,7,1990,2,2,14,14,14,252,1008,1008,0,224,736,4928,464,62,335,58,16,46,455,6128,93,0,77,0,14,0,1,1,56,14,,,
318-mbb-slotindexupdatedelegate-mf-handleins-n3-d16.pbqp,llvm,3,2,16,46,480,none,structured,solved-exact,completed,1535.0,451.0,480,1261.0,765.0,496.0,false,1086.0,2797.0,0.0,0.0,0.0,1685.0,2.149088025376685,1.3362410785091197,4,1984,1024,0,0,0,0,0,0,0,0,0,1,2,0,{},{},880.0,947.0,1261.0,1877,7104.0,3302.0,10406.0,2453.59477124183,,2.5423387096774195,0.12118008841053239,1.0.0,4,0,8,16,1,0,1,false,1,198,66,31,526,124,0,248,124,66,35,395,64,0,0,0,0,31,1719,0,0,0,24,0,0,0,0,0,0,2,2,31,31,31,124,480,496,16,124,1056,3840,264,99,263,33,33,66,395,5160,95,0,62,0,0,0,1,1,31,31,,,
318-mbb-slotindexupdatedelegate-mf-handleins-n3-d16.pbqp,llvm,3,2,16,46,480,heuristic,structured,solved-exact,completed,1535.0,451.0,480,2148.0,675.0,1473.0,false,2074.0,6790.0,1013.0,1197.0,1197.0,2834.0,2.083798882681564,1.319366852886406,8,3968,1024,0,0,0,0,0,0,0,0,0,1,2,0,{},{},1775.0,2114.0,2148.0,1877,7611.0,7537.0,15148.0,2780.740740740741,,1.4582484725050917,0.14180089780829153,1.0.0,4,0,8,16,1,0,1,false,1,198,66,31,526,124,0,248,124,66,35,395,64,0,0,0,0,31,1719,0,0,0,24,0,0,0,0,0,0,2,2,31,31,31,124,480,496,16,124,1056,3840,264,99,263,33,33,66,395,5160,95,0,62,0,0,0,1,1,31,31,,,
319-mbb-slotindexupdatedelegate-slotindexupd-n13-d16.pbqp,llvm,13,27,16,168,3223,none,structured,solved-exact,completed,22622.0,12920.0,7248,298161.0,89558.0,208603.0,false,292307.0,327873.0,0.0,17997.0,247031.0,356078.0,1.812587830064965,1.1942474032485804,908,6072424,180392,4000,133,132,115,4,5890368,2717,52643,4823,75,92,92,"{""7"":6,""15"":6}","{""4"":5,""5"":4,""6"":2,""9"":1}",431872.0,418010.0,298161.0,301580,574252.0,534906.0,1109158.0,3367.426695549253,,1.4293226847169025,0.26881742727366165,1.0.0,4,0,8,16,1,0,1,false,1,19166,5038,10976,74016,5956,22036,47124,23562,23224,3155,58203,9124,0,0,0,0,644,25104,0,0,0,7632,452,34142,0,0,787,223990,636,636,1883,1883,1883,27992,110898,111968,1070,23562,113024,535448,73604,9583,37008,11612,2519,7064,58203,722076,11794,0,9275,0,1574,0,1,1,10976,1883,,,
319-mbb-slotindexupdatedelegate-slotindexupd-n13-d16.pbqp,llvm,13,27,16,168,3223,heuristic,structured,solved-exact,completed,22622.0,12920.0,7248,24564.0,1978.0,22586.0,false,21628.0,51726.0,19453.0,16499.0,16499.0,22608.0,1.4633203061390654,0.920371275036639,36,14860,2432,4000,1,0,1,0,0,106,2467,0,0,2,2,{},{},25206.0,27294.0,24564.0,7086,11897.0,64054.0,75951.0,3582.4064711830133,,1.0875763747454175,0.32341904649050046,1.0.0,4,0,8,16,1,0,1,false,1,328,80,168,1868,144,616,1344,672,344,44,1270,208,0,0,0,0,14,774,0,0,0,48,0,0,0,0,22,6100,4,4,36,36,36,760,2800,3040,240,672,1984,13384,1376,164,934,172,40,124,1270,16744,266,0,226,0,44,0,1,1,168,36,,,
320-mbb-slotindexupdatedelegate-slotindexupd-n15-d17.pbqp,llvm,15,32,17,192,3699,none,structured,solved-exact,completed,19565.0,11427.0,6715,775656.0,189365.0,586291.0,false,751594.0,807585.0,0.0,18096.0,717055.0,888760.0,1.6955596295264912,1.1458172179419743,1921,17528588,354248,5000,293,292,257,6,17118208,10256,221770,11127,121,182,181,"{""7"":14,""14"":1,""15"":12}","{""4"":8,""5"":7,""6"":5,""9"":4,""10"":2,""11"":1}",1081022.0,1054591.0,775656.0,686915,1267731.0,1258132.0,2525863.0,3627.4654767248435,,1.3229880724759548,0.30708553868519395,1.0.0,4,0,8,16,1,0,1,false,1,42018,10924,25050,170132,13590,50596,108024,54012,52844,6834,132497,20394,0,0,0,0,1274,53634,0,0,0,16464,1009,78247,0,0,1807,515350,1372,1372,4090,4090,4090,64186,255247,256744,1497,54012,248752,1232440,166868,21009,85066,26422,5462,15547,132497,1648060,26291,0,20829,0,3614,0,1,1,25050,4090,,,
320-mbb-slotindexupdatedelegate-slotindexupd-n15-d17.pbqp,llvm,15,32,17,192,3699,heuristic,structured,solved-exact,completed,19565.0,11427.0,6715,20968.0,1171.0,19797.0,false,19560.0,54521.0,16985.0,15965.0,15965.0,22271.0,1.7516215185043877,1.0621423120946203,38,11224,2432,5000,1,0,1,0,0,127,3251,0,1,2,1,{},{},19333.0,20846.0,20968.0,2899,6900.0,61687.0,68587.0,2475.661827497865,,1.0591503763196444,0.3057139107994226,1.0.0,4,0,8,16,1,0,1,false,1,172,48,63,788,84,196,504,252,132,27,546,87,0,0,0,0,14,774,0,0,0,36,0,0,0,0,7,1990,3,3,21,21,21,280,1120,1120,0,252,992,5824,528,86,394,66,24,62,546,7344,115,0,91,0,14,0,1,1,63,21,,,
321-mbb-slotindexes-insertmbbinmaps-n25-d17.pbqp,llvm,25,109,17,317,13319,none,structured,search-node-limit,not_attempted_cpu_incomplete,48399.0,27368.0,20263,,,,,,,,,,,,,,,,,,,,,,,,,,,,,,,,,,,,,,,,,,,,,,,,,,,,,,,,,,,,,,,,,,,,,,,,,,,,,,,,,,,,,,,,,,,,,,,,,,,,,,,,,,,,,,,
321-mbb-slotindexes-insertmbbinmaps-n25-d17.pbqp,llvm,25,109,17,317,13319,heuristic,structured,solved-exact,completed,48399.0,27368.0,20263,62524.0,1772.0,60752.0,false,55728.0,136786.0,50455.0,43157.0,43157.0,55539.0,1.659122896807626,0.8882828993666432,70,25128,3584,9000,1,0,1,0,0,272,12927,0,1,1,2,{},{},55062.0,69161.0,62524.0,5169,7401.0,135865.0,143266.0,2917.042889390519,,1.0291677640242296,0.43641896891097676,1.0.0,4,0,8,16,1,0,1,false,1,200,48,203,1340,84,392,840,420,412,27,976,227,0,0,0,0,7,378,0,0,0,36,0,0,0,0,14,4656,3,3,21,35,35,476,1666,1904,238,420,1216,7840,1648,100,670,206,24,76,976,10704,290,0,266,0,56,784,1,1,203,21,,,
322-mbb-slotindexes-insertmachineinstrinmaps-n15-d17.pbqp,llvm,15,45,17,182,4411,none,structured,search-node-limit,not_attempted_cpu_incomplete,19830.0,11286.0,6457,,,,,,,,,,,,,,,,,,,,,,,,,,,,,,,,,,,,,,,,,,,,,,,,,,,,,,,,,,,,,,,,,,,,,,,,,,,,,,,,,,,,,,,,,,,,,,,,,,,,,,,,,,,,,,,
322-mbb-slotindexes-insertmachineinstrinmaps-n15-d17.pbqp,llvm,15,45,17,182,4411,heuristic,structured,solved-exact,completed,19830.0,11286.0,6457,21249.0,571.0,20678.0,false,19271.0,66896.0,17430.0,16085.0,16085.0,20402.0,1.9057367405524965,0.9601393006729728,37,10108,1064,6000,1,0,1,0,0,151,4215,0,1,0,1,{},{},24034.0,23101.0,21249.0,1963,3648.0,67348.0,70996.0,3437.8283712784587,,1.0276138891575588,0.29929855203110034,1.0.0,4,0,8,16,1,0,1,false,1,76,16,49,504,28,196,392,196,100,9,340,57,0,0,0,0,0,0,0,0,0,12,0,0,0,0,7,1918,1,1,7,7,7,224,784,896,112,196,480,3528,400,38,252,50,8,30,340,4408,71,0,63,0,14,0,1,1,49,7,,,
323-mbb-iplist-impl-erase-n11-d16.pbqp,llvm,11,37,16,130,3918,none,structured,search-node-limit,not_attempted_cpu_incomplete,14063.0,8004.0,6048,,,,,,,,,,,,,,,,,,,,,,,,,,,,,,,,,,,,,,,,,,,,,,,,,,,,,,,,,,,,,,,,,,,,,,,,,,,,,,,,,,,,,,,,,,,,,,,,,,,,,,,,,,,,,,,
323-mbb-iplist-impl-erase-n11-d16.pbqp,llvm,11,37,16,130,3918,heuristic,structured,solved-exact,completed,14063.0,8004.0,6048,14630.0,0,14630.0,false,14279.0,44973.0,12195.0,11824.0,11824.0,14844.0,2.0195488721804513,1.0146274777853725,28,6576,1568,5000,1,0,1,0,0,130,3918,0,0,0,0,{},{},14698.0,15051.0,14630.0,0,0,41004.0,41004.0,,,1.0,0.35679445907716323,1.0.0,4,0,8,16,1,0,1,false,1,0,0,0,0,0,0,0,0,0,0,0,0,0,0,0,0,0,0,0,0,0,0,0,0,0,0,0,0,0,0,0,0,0,0,0,0,0,0,0,0,0,0,0,0,0,0,0,0,0,0,0,0,0,0,0,0,0,0,,,
324-mbb-densemapbase-movefrom-n29-d17.pbqp,llvm,29,225,17,435,48247,none,structured,search-node-limit,not_attempted_cpu_incomplete,145961.0,92167.0,61400,,,,,,,,,,,,,,,,,,,,,,,,,,,,,,,,,,,,,,,,,,,,,,,,,,,,,,,,,,,,,,,,,,,,,,,,,,,,,,,,,,,,,,,,,,,,,,,,,,,,,,,,,,,,,,,
324-mbb-densemapbase-movefrom-n29-d17.pbqp,llvm,29,225,17,435,48247,heuristic,structured,search-node-limit,not_attempted_cpu_incomplete,145961.0,92167.0,61400,,,,,,,,,,,,,,,,,,,,,,,,,,,,,,,,,,,,,,,,,,,,,,,,,,,,,,,,,,,,,,,,,,,,,,,,,,,,,,,,,,,,,,,,,,,,,,,,,,,,,,,,,,,,,,,
325-mbb-densemapbase-movefrom-n42-d17-r1.pbqp,llvm,42,158,17,655,36442,none,structured,search-node-limit,not_attempted_cpu_incomplete,123312.0,86200.0,64468,,,,,,,,,,,,,,,,,,,,,,,,,,,,,,,,,,,,,,,,,,,,,,,,,,,,,,,,,,,,,,,,,,,,,,,,,,,,,,,,,,,,,,,,,,,,,,,,,,,,,,,,,,,,,,,
325-mbb-densemapbase-movefrom-n42-d17-r1.pbqp,llvm,42,158,17,655,36442,heuristic,structured,search-node-limit,not_attempted_cpu_incomplete,123312.0,86200.0,64468,,,,,,,,,,,,,,,,,,,,,,,,,,,,,,,,,,,,,,,,,,,,,,,,,,,,,,,,,,,,,,,,,,,,,,,,,,,,,,,,,,,,,,,,,,,,,,,,,,,,,,,,,,,,,,,
326-mbb-densemapbase-lookuporinsertintobucke-n24-d16.pbqp,llvm,24,135,16,349,24985,none,structured,search-node-limit,not_attempted_cpu_incomplete,98129.0,62848.0,32920,,,,,,,,,,,,,,,,,,,,,,,,,,,,,,,,,,,,,,,,,,,,,,,,,,,,,,,,,,,,,,,,,,,,,,,,,,,,,,,,,,,,,,,,,,,,,,,,,,,,,,,,,,,,,,,
326-mbb-densemapbase-lookuporinsertintobucke-n24-d16.pbqp,llvm,24,135,16,349,24985,heuristic,structured,solved-exact,completed,98129.0,62848.0,32920,79979.0,1864.0,78115.0,false,72566.0,163735.0,64668.0,54545.0,54545.0,69485.0,1.5254004176096225,0.8687905575213494,70,29680,3240,3000,1,0,1,0,0,302,24168,0,0,2,1,{},{},74369.0,94481.0,79979.0,5976,10704.0,150912.0,161616.0,3206.008583690987,,1.0238622543685592,0.49487055737055735,1.0.0,4,0,8,16,1,0,1,false,1,268,80,135,1674,176,420,1080,540,276,43,1109,175,0,0,0,0,30,1662,0,0,0,36,0,0,0,0,7,4115,3,3,37,44,44,596,2369,2384,15,540,1504,12232,1104,134,837,138,40,94,1109,14840,233,0,193,0,28,896,1,1,135,37,,,
327-mbb-densemapbase-lookupbucketfor-n15-d16.pbqp,llvm,15,72,16,237,17906,none,structured,search-node-limit,not_attempted_cpu_incomplete,43280.0,28157.0,23665,,,,,,,,,,,,,,,,,,,,,,,,,,,,,,,,,,,,,,,,,,,,,,,,,,,,,,,,,,,,,,,,,,,,,,,,,,,,,,,,,,,,,,,,,,,,,,,,,,,,,,,,,,,,,,,
327-mbb-densemapbase-lookupbucketfor-n15-d16.pbqp,llvm,15,72,16,237,17906,heuristic,structured,solved-exact,completed,43280.0,28157.0,23665,44183.0,0,44183.0,false,40566.0,54496.0,36943.0,33613.0,33613.0,41838.0,1.5654437226987756,0.9469252880066994,40,15252,3584,0,1,0,1,0,0,237,17906,0,0,0,0,{},{},49066.0,53083.0,44183.0,0,0,52161.0,52161.0,,,1.0,0.8470504783267192,1.0.0,4,0,8,16,1,0,1,false,1,0,0,0,0,0,0,0,0,0,0,0,0,0,0,0,0,0,0,0,0,0,0,0,0,0,0,0,0,0,0,0,0,0,0,0,0,0,0,0,0,0,0,0,0,0,0,0,0,0,0,0,0,0,0,0,0,0,0,,,
328-mbb-densemapbase-grow-n20-d17.pbqp,llvm,20,30,17,285,5064,none,structured,solved-exact,completed,32108.0,17560.0,12853,382195.0,98625.0,283570.0,false,373955.0,422182.0,0.0,23160.0,324796.0,425910.0,1.5102526197359987,1.1143787856984,724,7995696,255552,3000,125,124,104,4,7771328,5555,123981,5715,36,58,50,"{""7"":7,""15"":5}","{""4"":5,""5"":4,""8"":2,""9"":1}",464716.0,644549.0,382195.0,469610,592386.0,597149.0,1189535.0,4761.571609632446,,1.3477977219028812,0.3212978180549542,1.0.0,4,0,8,16,1,0,1,false,1,18110,4850,16380,118388,9399,39544,84962,42481,33840,2965,85169,13522,0,0,0,0,779,41416,0,0,0,6480,432,38710,0,0,674,372764,540,540,1885,2461,2478,48943,195378,195772,394,42481,106080,930320,112500,9055,59194,16920,2425,6630,85169,1148900,17233,0,14842,0,2500,73728,1,1,16380,1885,,,
328-mbb-densemapbase-grow-n20-d17.pbqp,llvm,20,30,17,285,5064,heuristic,structured,solved-exact,completed,32108.0,17560.0,12853,38452.0,4797.0,33655.0,false,33278.0,72655.0,28134.0,23611.0,23611.0,34678.0,1.5642359305107667,0.9018516592114845,60,30324,3584,3000,1,0,1,0,0,115,2727,0,1,9,1,{},{},35714.0,48628.0,38452.0,17060,30986.0,76525.0,107511.0,3556.3894100479465,,1.142534541672857,0.3576564258540986,1.0.0,4,0,8,16,1,0,1,false,1,946,294,361,4824,629,960,2922,1461,742,157,3256,508,0,0,0,0,121,6878,0,0,0,120,0,0,0,0,16,9464,10,10,137,153,170,1589,6193,6356,163,1461,5216,34184,2968,473,2412,371,147,326,3256,42368,693,0,580,0,64,2048,1,1,361,137,,,
329-mbb-densemapbase-lookuporinsertintobucke-n22-d16.pbqp,llvm,22,113,16,326,22568,none,structured,search-node-limit,not_attempted_cpu_incomplete,58391.0,33659.0,29188,,,,,,,,,,,,,,,,,,,,,,,,,,,,,,,,,,,,,,,,,,,,,,,,,,,,,,,,,,,,,,,,,,,,,,,,,,,,,,,,,,,,,,,,,,,,,,,,,,,,,,,,,,,,,,,
329-mbb-densemapbase-lookuporinsertintobucke-n22-d16.pbqp,llvm,22,113,16,326,22568,heuristic,structured,solved-exact,completed,58391.0,33659.0,29188,63533.0,1566.0,61967.0,false,59444.0,137580.0,50582.0,46070.0,46070.0,59309.0,1.595564509782318,0.9335148662899595,64,25852,3240,2000,1,0,1,0,0,281,21907,0,0,2,1,{},{},61817.0,74581.0,63533.0,3779,9165.0,123046.0,132211.0,2413.154533844189,,1.025271515484048,0.4805424662093169,1.0.0,4,0,8,16,1,0,1,false,1,268,80,79,1012,148,196,632,316,164,43,722,119,0,0,0,0,30,1662,0,0,0,36,0,0,0,0,7,1918,3,3,37,37,37,344,1249,1376,127,316,1504,7248,656,134,506,82,40,94,722,9408,163,0,123,0,14,0,1,1,79,37,,,
330-mbb-densemapbase-grow-n22-d17.pbqp,llvm,22,42,17,322,6691,none,structured,solved-exact,completed,46767.0,28447.0,23064,1136248.0,245215.0,891033.0,false,1113695.0,1881111.0,0.0,40777.0,1069654.0,1237107.0,1.4521099267061417,1.088764952721589,1873,27259296,482720,3000,337,336,287,6,26713344,18574,429198,15180,78,122,126,"{""7"":20,""15"":12,""16"":1}","{""4"":11,""5"":10,""8"":6,""9"":3,""10"":2,""11"":1}",1354710.0,1715087.0,1136248.0,1177747,1411949.0,1718626.0,3130575.0,4802.915808576147,,1.2752030508409902,0.3629518538926555,1.0.0,4,0,8,16,1,0,1,false,1,42930,11426,42010,295312,22809,101060,214674,107337,86832,7119,212537,33701,0,0,0,0,1565,86966,0,0,0,16872,1158,102990,0,0,1584,946661,1406,1406,4307,5884,5901,123869,494897,495476,579,107337,252032,2342664,286608,21465,147656,43416,5713,15752,212537,2881304,42746,0,37067,0,6322,201800,1,1,42010,4307,,,
330-mbb-densemapbase-grow-n22-d17.pbqp,llvm,22,42,17,322,6691,heuristic,structured,solved-exact,completed,46767.0,28447.0,23064,73409.0,13702.0,59707.0,false,58389.0,278916.0,47103.0,89037.0,89037.0,118156.0,1.8835428898363962,1.6095574112166082,66,38988,3584,3000,1,0,1,0,0,147,3543,0,1,3,7,{},{},62487.0,80427.0,73409.0,35481,33509.0,100046.0,133555.0,2589.475988906729,,1.2294873297938265,0.5496537007225487,1.0.0,4,0,8,16,1,0,1,false,1,874,214,888,9700,609,3396,7138,3569,1796,117,6185,995,0,0,0,0,39,2336,0,0,0,120,0,0,0,0,58,32587,10,10,97,148,165,4005,15813,16020,207,3569,5280,72616,7184,437,4850,898,107,330,6185,85080,1252,0,1179,0,218,6472,1,1,888,97,,,
331-mbb-densemapbase-lookupbucketfor-n15-d16.pbqp,llvm,15,72,16,237,17906,none,structured,search-node-limit,not_attempted_cpu_incomplete,39003.0,39838.0,23665,,,,,,,,,,,,,,,,,,,,,,,,,,,,,,,,,,,,,,,,,,,,,,,,,,,,,,,,,,,,,,,,,,,,,,,,,,,,,,,,,,,,,,,,,,,,,,,,,,,,,,,,,,,,,,,
331-mbb-densemapbase-lookupbucketfor-n15-d16.pbqp,llvm,15,72,16,237,17906,heuristic,structured,solved-exact,completed,39003.0,39838.0,23665,80145.0,0,80145.0,false,67394.0,106514.0,59899.0,58509.0,58509.0,72289.0,1.2072992700729928,0.9019776654813151,40,15252,3584,0,1,0,1,0,0,237,17906,0,0,0,0,{},{},46615.0,53409.0,80145.0,0,0,54897.0,54897.0,,0.0,1.0,1.4599158423957592,1.0.0,4,0,8,16,1,0,1,false,1,0,0,0,0,0,0,0,0,0,0,0,0,0,0,0,0,0,0,0,0,0,0,0,0,0,0,0,0,0,0,0,0,0,0,0,0,0,0,0,0,0,0,0,0,0,0,0,0,0,0,0,0,0,0,0,0,0,0,,,
332-mbb-densemapbase-erasefromfilledbucket-n18-d16.pbqp,llvm,18,86,16,284,21205,none,structured,search-node-limit,not_attempted_cpu_incomplete,56839.0,37047.0,29574,,,,,,,,,,,,,,,,,,,,,,,,,,,,,,,,,,,,,,,,,,,,,,,,,,,,,,,,,,,,,,,,,,,,,,,,,,,,,,,,,,,,,,,,,,,,,,,,,,,,,,,,,,,,,,,
332-mbb-densemapbase-erasefromfilledbucket-n18-d16.pbqp,llvm,18,86,16,284,21205,heuristic,structured,search-node-limit,not_attempted_cpu_incomplete,56839.0,37047.0,29574,,,,,,,,,,,,,,,,,,,,,,,,,,,,,,,,,,,,,,,,,,,,,,,,,,,,,,,,,,,,,,,,,,,,,,,,,,,,,,,,,,,,,,,,,,,,,,,,,,,,,,,,,,,,,,,
333-mbb-densemapbase-movefrom-n26-d17.pbqp,llvm,26,187,17,389,39670,none,structured,search-node-limit,not_attempted_cpu_incomplete,91305.0,64191.0,48955,,,,,,,,,,,,,,,,,,,,,,,,,,,,,,,,,,,,,,,,,,,,,,,,,,,,,,,,,,,,,,,,,,,,,,,,,,,,,,,,,,,,,,,,,,,,,,,,,,,,,,,,,,,,,,,
333-mbb-densemapbase-movefrom-n26-d17.pbqp,llvm,26,187,17,389,39670,heuristic,structured,search-node-limit,not_attempted_cpu_incomplete,91305.0,64191.0,48955,,,,,,,,,,,,,,,,,,,,,,,,,,,,,,,,,,,,,,,,,,,,,,,,,,,,,,,,,,,,,,,,,,,,,,,,,,,,,,,,,,,,,,,,,,,,,,,,,,,,,,,,,,,,,,,
334-mbb-densemapbase-movefrom-n38-d17-r1.pbqp,llvm,38,154,17,592,35212,none,structured,search-node-limit,not_attempted_cpu_incomplete,121989.0,84791.0,60185,,,,,,,,,,,,,,,,,,,,,,,,,,,,,,,,,,,,,,,,,,,,,,,,,,,,,,,,,,,,,,,,,,,,,,,,,,,,,,,,,,,,,,,,,,,,,,,,,,,,,,,,,,,,,,,
334-mbb-densemapbase-movefrom-n38-d17-r1.pbqp,llvm,38,154,17,592,35212,heuristic,structured,search-node-limit,not_attempted_cpu_incomplete,121989.0,84791.0,60185,,,,,,,,,,,,,,,,,,,,,,,,,,,,,,,,,,,,,,,,,,,,,,,,,,,,,,,,,,,,,,,,,,,,,,,,,,,,,,,,,,,,,,,,,,,,,,,,,,,,,,,,,,,,,,,
335-mbb-function-ref-callback-fn-n7-d17.pbqp,llvm,7,10,17,107,2247,none,structured,solved-exact,completed,22346.0,15133.0,11055,55052.0,27916.0,27136.0,false,53393.0,60765.0,0.0,11186.0,15257.0,62416.0,1.5659558235849742,1.1337644408922474,125,400672,25416,0,16,15,13,1,332760,0,0,675,16,15,17,"{""15"":1}","{""4"":1}",84206.0,161107.0,55052.0,156736,169166.0,88218.0,257384.0,5614.557959593065,,2.028744103773585,0.21389052932583222,1.0.0,4,0,8,16,1,0,1,false,1,4622,1172,4485,41456,3052,14400,30480,15240,9124,663,27601,4441,0,0,0,0,210,11655,0,0,0,924,45,4545,0,0,254,137191,77,77,509,763,763,17452,69013,69808,795,15240,27600,323624,33796,2311,20728,4562,586,1725,27601,385020,5712,0,5126,0,1016,32272,1,1,4485,509,,,
335-mbb-function-ref-callback-fn-n7-d17.pbqp,llvm,7,10,17,107,2247,heuristic,structured,solved-exact,completed,22346.0,15133.0,11055,26208.0,3069.0,23139.0,false,22914.0,40601.0,19524.0,16712.0,16712.0,23093.0,1.106990231990232,0.8811431623931624,15,17264,3360,0,1,0,1,0,0,60,1349,0,1,0,2,{},{},28318.0,31403.0,26208.0,17416,12739.0,52373.0,65112.0,5674.812642554578,,1.132633216647219,0.402506450423885,1.0.0,4,0,8,16,1,0,1,false,1,302,62,450,4766,232,1800,3600,1800,904,33,2986,481,0,0,0,0,0,0,0,0,0,24,0,0,0,0,29,17266,2,2,29,58,58,2032,7588,8128,540,1800,1920,33824,3616,151,2383,452,31,120,2986,39360,597,0,566,0,116,3472,1,1,450,29,,,
336-mbb-function-ref-callback-fn-n7-d16.pbqp,llvm,7,13,16,103,2819,none,structured,solved-exact,completed,23534.0,14148.0,11145,121168.0,55275.0,65893.0,false,115259.0,204445.0,0.0,13274.0,76225.0,135981.0,1.6238445794269114,1.1222517496368678,311,1173980,48880,0,47,46,40,2,1054688,855,18255,1964,30,30,32,"{""15"":2,""16"":1}","{""4"":2,""5"":1}",168460.0,283155.0,121168.0,278598,310573.0,201859.0,512432.0,5040.2170963365,,1.8388599699512846,0.2364567396259406,1.0.0,4,0,8,16,1,0,1,false,1,9134,2354,8264,76634,5704,23640,50400,25200,16928,1377,51348,7615,0,0,0,0,390,21060,0,0,0,2400,138,13514,0,0,449,236716,200,200,977,1426,1426,29344,109512,117376,7864,25200,54240,521616,59856,4567,38317,8464,1177,3390,51348,635712,9939,0,8762,0,1796,53872,1,1,8264,977,,,
336-mbb-function-ref-callback-fn-n7-d16.pbqp,llvm,7,13,16,103,2819,heuristic,structured,solved-exact,completed,23534.0,14148.0,11145,26870.0,2901.0,23969.0,false,23247.0,47036.0,20160.0,17161.0,17161.0,23953.0,1.098697432080387,0.8914402679568292,18,17376,3360,0,1,0,1,0,0,73,1921,0,0,0,2,{},{},30501.0,34314.0,26870.0,17416,12652.0,49910.0,62562.0,6003.447087211306,,1.121031332137344,0.42949394200952656,1.0.0,4,0,8,16,1,0,1,false,1,302,62,450,4766,232,1800,3600,1800,904,33,2986,481,0,0,0,0,0,0,0,0,0,24,0,0,0,0,29,17266,2,2,29,58,58,2032,7588,8128,540,1800,1920,33824,3616,151,2383,452,31,120,2986,39360,597,0,566,0,116,3472,1,1,450,29,,,
337-mbb-function-ref-callback-fn-n7-d16.pbqp,llvm,7,13,16,103,2819,none,structured,solved-exact,completed,24015.0,14187.0,11145,126617.0,56030.0,70587.0,false,122441.0,144049.0,0.0,11257.0,91651.0,163684.0,1.6112528333478127,1.2927489989495882,311,1173980,48880,0,47,46,40,2,1054688,855,18255,1964,30,30,32,"{""15"":2,""16"":1}","{""4"":2,""5"":1}",172674.0,274556.0,126617.0,278598,312446.0,198286.0,510732.0,4972.300553275031,,1.7937722243472594,0.2479127996679276,1.0.0,4,0,8,16,1,0,1,false,1,9134,2354,8264,76634,5704,23640,50400,25200,16928,1377,51348,7615,0,0,0,0,390,21060,0,0,0,2400,138,13514,0,0,449,236716,200,200,977,1426,1426,29344,109512,117376,7864,25200,54240,521616,59856,4567,38317,8464,1177,3390,51348,635712,9939,0,8762,0,1796,53872,1,1,8264,977,,,
337-mbb-function-ref-callback-fn-n7-d16.pbqp,llvm,7,13,16,103,2819,heuristic,structured,solved-exact,completed,24015.0,14187.0,11145,27803.0,3000.0,24803.0,false,23682.0,50077.0,21155.0,17401.0,17401.0,24227.0,1.102255152321692,0.8713807862460885,18,17376,3360,0,1,0,1,0,0,73,1921,0,0,0,2,{},{},33103.0,34095.0,27803.0,17416,12961.0,45189.0,58150.0,5805.333333333333,,1.1209531105108252,0.4781255374032674,1.0.0,4,0,8,16,1,0,1,false,1,302,62,450,4766,232,1800,3600,1800,904,33,2986,481,0,0,0,0,0,0,0,0,0,24,0,0,0,0,29,17266,2,2,29,58,58,2032,7588,8128,540,1800,1920,33824,3616,151,2383,452,31,120,2986,39360,597,0,566,0,116,3472,1,1,450,29,,,
338-mbb-ilist-traits-deletenode-n4-d16.pbqp,llvm,4,3,16,63,720,none,structured,solved-exact,completed,6917.0,4602.0,4336,3789.0,2463.0,1326.0,false,3666.0,6367.0,0.0,0.0,0.0,5148.0,1.5368171021377672,1.3586698337292162,6,5568,3584,0,0,0,0,0,0,0,0,0,1,2,1,{},{},5948.0,7488.0,3789.0,11926,14411.0,6861.0,21272.0,4842.062525375558,,2.8574660633484164,0.1781214742384355,1.0.0,4,0,8,16,1,0,1,false,1,364,100,287,3342,252,1024,2296,1148,580,53,2143,337,0,0,0,0,31,1719,0,0,0,36,0,0,0,0,16,9968,3,3,47,63,63,1276,4816,5104,288,1148,2112,23168,2320,182,1671,290,50,132,2143,27600,432,0,382,0,64,1920,1,1,287,47,,,
338-mbb-ilist-traits-deletenode-n4-d16.pbqp,llvm,4,3,16,63,720,heuristic,structured,solved-exact,completed,6917.0,4602.0,4336,10037.0,2366.0,7671.0,false,9881.0,17148.0,6195.0,6184.0,6184.0,10752.0,1.3327687556042642,1.0712364252266613,12,11136,3584,0,0,0,0,0,0,0,0,0,1,2,1,{},{},13091.0,14528.0,10037.0,11926,13593.0,15577.0,29170.0,5040.574809805579,,1.3084343631860254,0.34408639012684267,1.0.0,4,0,8,16,1,0,1,false,1,364,100,287,3342,252,1024,2296,1148,580,53,2143,337,0,0,0,0,31,1719,0,0,0,36,0,0,0,0,16,9968,3,3,47,63,63,1276,4816,5104,288,1148,2112,23168,2320,182,1671,290,50,132,2143,27600,432,0,382,0,64,1920,1,1,287,47,,,
339-mbb-ilist-traits-addnodetolist-n5-d16.pbqp,llvm,5,5,16,61,483,none,structured,solved-exact,completed,3624.0,1622.0,1064,2386.0,1336.0,1050.0,false,2264.0,4927.0,0.0,0.0,0.0,2979.0,2.0234702430846605,1.2485331098072088,8,3368,1512,2000,0,0,0,0,0,0,0,0,1,3,1,{},{},3973.0,2504.0,2386.0,3981,11546.0,6134.0,17680.0,2979.7904191616767,,2.2723809523809524,0.1349547511312217,1.0.0,4,0,8,16,1,0,1,false,1,268,80,134,1014,114,210,592,296,276,44,779,174,0,0,0,0,29,1305,0,0,0,48,0,0,0,0,7,2464,4,4,36,43,43,324,1162,1296,134,296,1504,6356,1104,134,507,138,40,94,779,8964,231,0,191,0,28,392,1,1,134,36,,,
339-mbb-ilist-traits-addnodetolist-n5-d16.pbqp,llvm,5,5,16,61,483,heuristic,structured,solved-exact,completed,3624.0,1622.0,1064,7810.0,1673.0,6137.0,false,7587.0,16195.0,4751.0,4914.0,4914.0,9105.0,1.603201024327785,1.1658130601792573,16,6736,1512,2000,0,0,0,0,0,0,0,0,1,3,1,{},{},5605.0,7897.0,7810.0,3981,9712.0,12291.0,22003.0,2379.557680812911,,1.272608766498289,0.3549515975094305,1.0.0,4,0,8,16,1,0,1,false,1,268,80,134,1014,114,210,592,296,276,44,779,174,0,0,0,0,29,1305,0,0,0,48,0,0,0,0,7,2464,4,4,36,43,43,324,1162,1296,134,296,1504,6356,1104,134,507,138,40,94,779,8964,231,0,191,0,28,392,1,1,134,36,,,
340-mbb-ilist-traits-removenodefromlist-n3-d15.pbqp,llvm,3,2,15,29,154,none,structured,solved-exact,completed,1316.0,265.0,154,816.0,396.0,420.0,false,747.0,2476.0,0.0,0.0,0.0,1151.0,2.5465686274509802,1.4105392156862746,4,1408,960,2000,0,0,0,0,0,0,0,0,1,2,0,{},{},597.0,719.0,816.0,900,5687.0,3217.0,8904.0,2272.7272727272725,,1.9428571428571428,0.09164420485175202,1.0.0,4,0,8,16,1,0,1,false,1,144,48,22,196,44,0,88,44,48,26,194,46,0,0,0,0,22,778,0,0,0,24,0,0,0,0,0,0,2,2,22,22,22,44,154,176,22,44,768,1232,192,72,98,24,24,48,194,2192,68,0,44,0,0,0,1,1,22,22,,,
340-mbb-ilist-traits-removenodefromlist-n3-d15.pbqp,llvm,3,2,15,29,154,heuristic,structured,solved-exact,completed,1316.0,265.0,154,1733.0,404.0,1329.0,false,1639.0,3560.0,883.0,988.0,988.0,2197.0,2.2637045585689557,1.2677437968840162,8,2816,960,2000,0,0,0,0,0,0,0,0,1,2,0,{},{},1398.0,1425.0,1733.0,900,5173.0,5355.0,10528.0,2227.7227722772277,,1.3039879608728366,0.16460866261398177,1.0.0,4,0,8,16,1,0,1,false,1,144,48,22,196,44,0,88,44,48,26,194,46,0,0,0,0,22,778,0,0,0,24,0,0,0,0,0,0,2,2,22,22,22,44,154,176,22,44,768,1232,192,72,98,24,24,48,194,2192,68,0,44,0,0,0,1,1,22,22,,,
341-mbb-ilist-traits-transfernodesfromlist-n5-d16.pbqp,llvm,5,8,16,74,1691,none,structured,solved-exact,completed,11931.0,8359.0,6586,77858.0,35056.0,42802.0,false,74055.0,109889.0,0.0,8356.0,12993.0,68803.0,1.099154871689486,0.883698528089599,131,308420,18224,0,17,16,14,1,245504,0,0,672,16,16,17,"{""16"":1}","{""4"":1}",143357.0,141389.0,77858.0,144524,163339.0,87209.0,250548.0,4122.6608854404385,,1.8190271482640998,0.31075083417149607,1.0.0,4,0,8,16,1,0,1,false,1,4594,1182,3990,40290,2992,12376,26544,13272,8142,672,26513,3957,0,0,0,0,224,12096,0,0,0,972,48,4656,0,0,238,124355,81,81,510,748,748,15368,57344,61472,4128,13272,27296,272384,29880,2297,20145,4071,591,1706,26513,329560,5181,0,4590,0,952,28672,1,1,3990,510,,,
341-mbb-ilist-traits-transfernodesfromlist-n5-d16.pbqp,llvm,5,8,16,74,1691,heuristic,structured,solved-exact,completed,11931.0,8359.0,6586,20355.0,1440.0,18915.0,false,15845.0,31811.0,16860.0,12440.0,12440.0,16241.0,0.9231638418079096,0.7978874969295013,11,9792,2800,0,1,0,1,0,0,58,1259,0,0,0,1,{},{},19262.0,18455.0,20355.0,7388,6400.0,32872.0,39272.0,5130.555555555556,,1.0761300555114988,0.5183082094112854,1.0.0,4,0,8,16,1,0,1,false,1,146,30,182,2114,112,728,1456,728,366,16,1313,197,0,0,0,0,0,0,0,0,0,12,0,0,0,0,14,7315,1,1,14,28,28,840,3360,3360,0,728,928,15232,1464,73,1057,183,15,58,1313,17624,253,0,238,0,56,1792,1,1,182,14,,,
342-mbb-liveintervals-removeregunit-n11-d16.pbqp,llvm,11,28,16,138,3011,none,structured,solved-exact,completed,12553.0,6627.0,4938,911662.0,176709.0,734953.0,false,898634.0,935105.0,0.0,13044.0,904885.0,1049940.0,1.8182999839852927,1.1516768275961924,2313,19515960,306432,4000,442,441,338,7,19128816,20239,430253,14244,126,127,126,"{""7"":27,""15"":4,""16"":12}","{""4"":18,""5"":7,""6"":6,""7"":5,""8"":4,""9"":2,""10"":1}",1007721.0,1105142.0,911662.0,749754,1295731.0,1539693.0,2835424.0,4242.873877391644,,1.2404357829684347,0.3215258106018712,1.0.0,4,0,8,16,1,0,1,false,1,43000,12180,30379,174662,14936,56448,121016,60508,64196,7809,140929,23691,0,0,0,0,2023,71955,0,0,0,20628,1466,102774,0,0,882,528318,1719,1719,4371,5253,5253,71384,282477,285536,3059,60508,246560,1356648,199808,21500,87331,32098,6090,15410,140929,1803016,30708,0,24618,0,3528,112896,1,1,30379,4371,,,
342-mbb-liveintervals-removeregunit-n11-d16.pbqp,llvm,11,28,16,138,3011,heuristic,structured,solved-exact,completed,12553.0,6627.0,4938,12280.0,237.0,12043.0,false,11897.0,36289.0,10071.0,10019.0,10019.0,13022.0,2.1841205211726384,1.0604234527687297,29,6872,1568,4000,1,0,1,0,0,123,2906,0,0,1,0,{},{},12533.0,15025.0,12280.0,432,2849.0,41139.0,43988.0,1822.7848101265822,,1.0196794818566803,0.2791670455578794,1.0.0,4,0,8,16,1,0,1,false,1,48,16,7,118,28,0,56,28,16,9,91,15,0,0,0,0,7,387,0,0,0,12,0,0,0,0,0,0,1,1,7,7,7,28,105,112,7,28,256,840,64,24,59,8,8,16,91,1160,22,0,14,0,0,0,1,1,7,7,,,
343-mbb-machinebasicblock-movebefore-n6-d16.pbqp,llvm,6,13,16,95,3248,none,structured,solved-exact,completed,10858.0,7146.0,6925,237879.0,101595.0,136284.0,false,234615.0,299277.0,0.0,6851.0,191289.0,291514.0,1.6913893197802243,1.2254717734646605,582,2318736,69200,0,97,96,87,3,2090496,3138,83568,5024,48,48,48,"{""16"":6}","{""4"":3,""5"":2,""6"":1}",343782.0,559443.0,237879.0,568800,590069.0,413819.0,1003888.0,5598.7007234608,,1.745465351765431,0.2369577084296256,1.0.0,4,0,8,16,1,0,1,false,1,17344,4544,18080,153344,10496,49152,104448,52224,36992,2688,103840,15648,0,0,0,0,768,42624,0,0,0,4992,320,33216,0,0,768,478464,416,416,1856,2624,2624,59648,224672,238592,13920,52224,102400,1060096,127872,8672,76672,18496,2272,6400,103840,1290368,19808,0,17536,0,3072,92160,1,1,18080,1856,,,
343-mbb-machinebasicblock-movebefore-n6-d16.pbqp,llvm,6,13,16,95,3248,heuristic,structured,solved-exact,completed,10858.0,7146.0,6925,11114.0,0,11114.0,false,10840.0,14913.0,9591.0,9462.0,9462.0,11960.0,1.514846140003599,1.076120208745726,13,6240,3584,0,1,0,1,0,0,95,3248,0,0,0,0,{},{},12077.0,13653.0,11114.0,0,0,15187.0,15187.0,,,1.0,0.7318101007440574,1.0.0,4,0,8,16,1,0,1,false,1,0,0,0,0,0,0,0,0,0,0,0,0,0,0,0,0,0,0,0,0,0,0,0,0,0,0,0,0,0,0,0,0,0,0,0,0,0,0,0,0,0,0,0,0,0,0,0,0,0,0,0,0,0,0,0,0,0,0,,,
344-mbb-machinebasicblock-addsuccessor-n26-d17.pbqp,llvm,26,132,17,328,13341,none,structured,search-node-limit,not_attempted_cpu_incomplete,54559.0,33571.0,19432,,,,,,,,,,,,,,,,,,,,,,,,,,,,,,,,,,,,,,,,,,,,,,,,,,,,,,,,,,,,,,,,,,,,,,,,,,,,,,,,,,,,,,,,,,,,,,,,,,,,,,,,,,,,,,,
344-mbb-machinebasicblock-addsuccessor-n26-d17.pbqp,llvm,26,132,17,328,13341,heuristic,structured,search-node-limit,not_attempted_cpu_incomplete,54559.0,33571.0,19432,,,,,,,,,,,,,,,,,,,,,,,,,,,,,,,,,,,,,,,,,,,,,,,,,,,,,,,,,,,,,,,,,,,,,,,,,,,,,,,,,,,,,,,,,,,,,,,,,,,,,,,,,,,,,,,
345-mbb-machinebasicblock-addsuccessor-n35-d17-r1.pbqp,llvm,35,149,17,499,17189,none,structured,search-node-limit,not_attempted_cpu_incomplete,72759.0,40018.0,23914,,,,,,,,,,,,,,,,,,,,,,,,,,,,,,,,,,,,,,,,,,,,,,,,,,,,,,,,,,,,,,,,,,,,,,,,,,,,,,,,,,,,,,,,,,,,,,,,,,,,,,,,,,,,,,,
345-mbb-machinebasicblock-addsuccessor-n35-d17-r1.pbqp,llvm,35,149,17,499,17189,heuristic,structured,solved-exact,completed,72759.0,40018.0,23914,127281.0,2107.0,125174.0,false,95174.0,203938.0,100730.0,70105.0,70105.0,84945.0,1.2085071613202285,0.6673816201946874,98,31392,2432,7000,1,0,1,0,0,433,16452,0,1,1,2,{},{},82823.0,80012.0,127281.0,5294,9617.0,168158.0,177775.0,2512.577123872805,,1.016832569063863,0.7159668119814372,1.0.0,4,0,8,16,1,0,1,false,1,260,68,115,1478,141,392,954,477,236,37,987,149,0,0,0,0,17,1139,0,0,0,36,0,0,0,0,14,3980,3,3,31,31,48,533,2081,2132,51,477,1536,10376,944,130,739,118,34,96,987,12856,194,0,194,0,28,0,1,1,115,31,,,
346-mbb-machinebasicblock-clearliveins-n6-d17.pbqp,llvm,6,7,17,97,1777,none,structured,solved-exact,completed,9444.0,5655.0,5232,57272.0,33227.0,24045.0,false,55123.0,61991.0,0.0,5816.0,9909.0,65712.0,1.6510336639195418,1.1473669506914375,131,352984,20992,0,17,16,14,1,276992,0,0,752,17,17,16,"{""16"":1}","{""4"":1}",93335.0,163929.0,57272.0,183496,189819.0,91342.0,281161.0,5522.4967646793275,,2.381867332085673,0.20369823695320474,1.0.0,4,0,8,16,1,0,1,false,1,5068,1316,5121,50550,3349,16384,34986,17493,10404,739,33011,5075,0,0,0,0,273,15347,0,0,0,972,48,4976,0,0,256,159488,81,81,577,833,850,19733,74257,78932,4675,17493,30016,348296,38608,2534,25275,5202,658,1876,33011,416920,6420,0,5796,0,1024,30720,1,1,5121,577,,,
346-mbb-machinebasicblock-clearliveins-n6-d17.pbqp,llvm,6,7,17,97,1777,heuristic,structured,solved-exact,completed,9444.0,5655.0,5232,9421.0,484.0,8937.0,false,9169.0,19639.0,7884.0,7457.0,7457.0,10067.0,1.4644942150514808,1.0685702154760641,11,7280,3584,0,1,0,1,0,0,63,1488,0,1,1,0,{},{},9077.0,11242.0,9421.0,1224,4346.0,22066.0,26412.0,2528.9256198347107,,1.0541568759091418,0.3566939270028775,1.0.0,4,0,8,16,1,0,1,false,1,108,36,17,374,85,0,170,85,36,19,259,35,0,0,0,0,17,1139,0,0,0,12,0,0,0,0,0,0,1,1,17,17,34,85,289,340,51,85,576,2312,144,54,187,18,18,36,259,3032,52,0,68,0,0,0,1,1,17,17,,,
347-mbb-machinebasicblock-clearliveins-n2-d16.pbqp,llvm,2,1,16,32,256,none,structured,solved-exact,completed,1019.0,287.0,256,706.0,449.0,257.0,false,632.0,1707.0,0.0,0.0,0.0,925.0,2.228045325779037,1.3101983002832862,2,1024,1024,0,0,0,0,0,0,0,0,0,1,1,0,{},{},525.0,603.0,706.0,969,4974.0,2169.0,7143.0,2158.129175946548,,2.747081712062257,0.09883802323953521,1.0.0,4,0,8,16,1,0,1,false,1,102,34,16,272,64,0,128,64,34,18,204,33,0,0,0,0,16,888,0,0,0,12,0,0,0,0,0,0,1,1,16,16,16,64,256,256,0,64,544,2048,136,51,136,17,17,34,204,2728,49,0,32,0,0,0,1,1,16,16,,,
347-mbb-machinebasicblock-clearliveins-n2-d16.pbqp,llvm,2,1,16,32,256,heuristic,structured,solved-exact,completed,1019.0,287.0,256,1547.0,439.0,1108.0,false,1372.0,2885.0,791.0,836.0,836.0,1771.0,1.8752424046541694,1.1447963800904977,4,2048,1024,0,0,0,0,0,0,0,0,0,1,1,0,{},{},1283.0,1321.0,1547.0,969,3912.0,3467.0,7379.0,2207.2892938496584,,1.3962093862815885,0.20964900393007183,1.0.0,4,0,8,16,1,0,1,false,1,102,34,16,272,64,0,128,64,34,18,204,33,0,0,0,0,16,888,0,0,0,12,0,0,0,0,0,0,1,1,16,16,16,64,256,256,0,64,544,2048,136,51,136,17,17,34,204,2728,49,0,32,0,0,0,1,1,16,16,,,
348-mbb-machinebasicblock-finddebugloc-n5-d16.pbqp,llvm,5,6,16,79,1488,none,structured,solved-exact,completed,12059.0,6608.0,4927,62383.0,33757.0,28626.0,false,58087.0,64558.0,0.0,5076.0,9377.0,65313.0,1.5913950916114967,1.0469679239536411,129,284372,16768,0,17,16,14,1,211712,0,0,752,17,16,16,"{""16"":1}","{""4"":1}",177964.0,175006.0,62383.0,174208,184962.0,91437.0,276399.0,5160.648161862725,,2.1792426465450987,0.22569907995325597,1.0.0,4,0,8,16,1,0,1,false,1,4960,1280,4848,48384,3264,15360,32768,16384,9856,720,31600,4784,0,0,0,0,256,14208,0,0,0,960,48,4976,0,0,256,151424,80,80,560,816,816,18624,74224,74496,272,16384,29440,348032,36416,2480,24192,4928,640,1840,31600,413888,6112,0,5472,0,1024,32768,1,1,4848,560,,,
348-mbb-machinebasicblock-finddebugloc-n5-d16.pbqp,llvm,5,6,16,79,1488,heuristic,structured,solved-exact,completed,12059.0,6608.0,4927,9523.0,0,9523.0,false,9344.0,22929.0,8706.0,8218.0,8218.0,9628.0,1.4601491126745774,1.0110259372046624,7,4976,3456,0,1,0,1,0,0,63,1488,0,1,0,0,{},{},10241.0,10939.0,9523.0,0,0,21550.0,21550.0,,,1.0,0.44190255220417635,1.0.0,4,0,8,16,1,0,1,false,1,0,0,0,0,0,0,0,0,0,0,0,0,0,0,0,0,0,0,0,0,0,0,0,0,0,0,0,0,0,0,0,0,0,0,0,0,0,0,0,0,0,0,0,0,0,0,0,0,0,0,0,0,0,0,0,0,0,0,,,
349-mbb-machinebasicblock-removelivein-n5-d17.pbqp,llvm,5,6,17,60,665,none,structured,solved-exact,completed,4724.0,2438.0,1877,15354.0,7862.0,7492.0,false,15148.0,16760.0,0.0,3282.0,5593.0,17130.0,1.959815031913508,1.1156701836654943,57,117760,16392,2000,8,7,5,1,103992,0,0,252,8,7,7,"{""7"":1}","{""4"":1}",23213.0,27643.0,15354.0,32760,40635.0,37826.0,78461.0,4166.878656830323,,2.049386011745862,0.1956895782618116,1.0.0,4,0,8,16,1,0,1,false,1,1162,308,987,8890,658,2744,5880,2940,2044,189,6048,910,0,0,0,0,49,2646,0,0,0,420,21,1771,0,0,49,27272,35,35,119,168,168,3402,12698,13608,910,2940,6832,60424,7168,581,4445,1022,154,427,6048,74424,1176,0,1022,0,196,5880,1,1,987,119,,,
349-mbb-machinebasicblock-removelivein-n5-d17.pbqp,llvm,5,6,17,60,665,heuristic,structured,solved-exact,completed,4724.0,2438.0,1877,4515.0,0,4515.0,false,4136.0,7383.0,3895.0,3660.0,3660.0,4628.0,1.8947951273532668,1.0250276854928018,7,2256,1456,2000,1,0,1,0,0,43,665,0,1,0,0,{},{},4391.0,4468.0,4515.0,0,0,15113.0,15113.0,,,1.0,0.2987494210282538,1.0.0,4,0,8,16,1,0,1,false,1,0,0,0,0,0,0,0,0,0,0,0,0,0,0,0,0,0,0,0,0,0,0,0,0,0,0,0,0,0,0,0,0,0,0,0,0,0,0,0,0,0,0,0,0,0,0,0,0,0,0,0,0,0,0,0,0,0,0,,,
350-mbb-machinebasicblock-removelivein-n9-d17.pbqp,llvm,9,24,17,130,4640,none,structured,solved-exact,completed,14829.0,9350.0,8130,507465.0,123631.0,383834.0,false,495490.0,572255.0,0.0,18217.0,640331.0,797400.0,1.6968815583340724,1.5713398953622417,1127,9405144,210816,1000,222,221,190,5,9147632,10604,292093,12507,57,56,56,"{""7"":8,""14"":5,""15"":1,""16"":5}","{""4"":8,""5"":5,""6"":3,""7"":2,""8"":1}",627319.0,816700.0,507465.0,650508,861950.0,943336.0,1805286.0,5261.690029199796,,1.3220949681372676,0.2810995044552497,1.0.0,4,0,8,16,1,0,1,false,1,26838,7284,25947,165800,13226,50176,107520,53760,53968,4679,123303,18007,0,0,0,0,896,48384,0,0,0,12444,925,85643,0,0,784,488432,1037,1037,2605,3389,3389,63402,236731,253608,16877,53760,156432,1141208,165844,13419,82900,26984,3642,9777,123303,1463484,22964,0,19322,0,3136,94080,1,1,25947,2605,,,
350-mbb-machinebasicblock-removelivein-n9-d17.pbqp,llvm,9,24,17,130,4640,heuristic,structured,solved-exact,completed,14829.0,9350.0,8130,15277.0,0,15277.0,false,14747.0,36762.0,12947.0,12797.0,12797.0,15463.0,1.6985664724749623,1.0121751652811415,19,7304,3136,1000,1,0,1,0,0,113,4640,0,1,0,0,{},{},15798.0,18024.0,15277.0,0,0,38201.0,38201.0,,,1.0,0.3999109970943169,1.0.0,4,0,8,16,1,0,1,false,1,0,0,0,0,0,0,0,0,0,0,0,0,0,0,0,0,0,0,0,0,0,0,0,0,0,0,0,0,0,0,0,0,0,0,0,0,0,0,0,0,0,0,0,0,0,0,0,0,0,0,0,0,0,0,0,0,0,0,,,
351-mbb-machinebasicblock-remove-instr-n9-d16.pbqp,llvm,9,13,16,125,2106,none,structured,solved-exact,completed,14931.0,9710.0,8607,35012.0,17954.0,17058.0,false,34738.0,39572.0,0.0,10555.0,15303.0,38570.0,1.5259910887695647,1.101622300925397,67,215880,28960,2000,8,7,5,1,176624,0,0,336,7,10,9,"{""7"":1}","{""4"":1}",50767.0,91652.0,35012.0,87554,97741.0,64904.0,162645.0,4876.5734655230035,,2.052526673701489,0.2152663776937502,1.0.0,4,0,8,16,1,0,1,false,1,2646,676,2485,23018,1626,8064,17164,8582,5050,378,15357,2508,0,0,0,0,133,7237,0,0,0,480,21,2205,0,0,144,76240,40,40,298,410,410,9690,38746,38760,14,8582,15760,180944,18856,1323,11509,2525,338,985,15357,215560,3174,0,2836,0,512,14336,1,1,2485,298,,,
351-mbb-machinebasicblock-remove-instr-n9-d16.pbqp,llvm,9,13,16,125,2106,heuristic,structured,solved-exact,completed,14931.0,9710.0,8607,20103.0,2677.0,17426.0,false,18399.0,39154.0,14427.0,13887.0,13887.0,19776.0,1.3507934139183206,0.9837337710789434,27,17376,3584,2000,1,0,1,0,0,55,1104,0,0,3,2,{},{},21535.0,25040.0,20103.0,10470,15211.0,36255.0,51466.0,3911.0945087784835,,1.1536210260530242,0.3906073912874519,1.0.0,4,0,8,16,1,0,1,false,1,476,116,245,2858,198,896,1932,966,500,63,1917,303,0,0,0,0,21,1021,0,0,0,60,0,0,0,0,32,9152,5,5,53,53,53,1094,4362,4376,14,966,2880,20560,2000,238,1429,250,58,180,1917,25440,388,0,330,0,64,0,1,1,245,53,,,
352-mbb-machinebasicblock-copysuccessor-n22-d16.pbqp,llvm,22,99,16,327,18667,none,structured,search-node-limit,not_attempted_cpu_incomplete,63886.0,34664.0,26948,,,,,,,,,,,,,,,,,,,,,,,,,,,,,,,,,,,,,,,,,,,,,,,,,,,,,,,,,,,,,,,,,,,,,,,,,,,,,,,,,,,,,,,,,,,,,,,,,,,,,,,,,,,,,,,
352-mbb-machinebasicblock-copysuccessor-n22-d16.pbqp,llvm,22,99,16,327,18667,heuristic,structured,search-node-limit,not_attempted_cpu_incomplete,63886.0,34664.0,26948,,,,,,,,,,,,,,,,,,,,,,,,,,,,,,,,,,,,,,,,,,,,,,,,,,,,,,,,,,,,,,,,,,,,,,,,,,,,,,,,,,,,,,,,,,,,,,,,,,,,,,,,,,,,,,,
353-mbb-machinebasicblock-rfinddebugloc-n11-d16.pbqp,llvm,11,17,16,175,4208,none,structured,solved-exact,completed,34928.0,22576.0,17774,219869.0,107496.0,112373.0,false,213177.0,291580.0,0.0,19172.0,104796.0,286070.0,1.500311549149721,1.3010929235135467,393,1749668,67232,0,49,48,43,2,1524480,945,22320,2256,33,49,50,"{""16"":3}","{""4"":2,""7"":1}",416873.0,609439.0,219869.0,525707,534967.0,301810.0,836777.0,4890.479645754261,,1.9565998949925694,0.262756983043272,1.0.0,4,0,8,16,1,0,1,false,1,14882,3842,15023,140494,9780,48000,102136,51068,30532,2164,92954,14832,0,0,0,0,767,42543,0,0,0,2916,144,14928,0,0,767,457393,243,243,1678,2445,2445,57780,230560,231120,560,51068,88320,1076480,113104,7441,70247,15266,1921,5520,92954,1277904,18811,0,16890,0,3068,98176,1,1,15023,1678,,,
353-mbb-machinebasicblock-rfinddebugloc-n11-d16.pbqp,llvm,11,17,16,175,4208,heuristic,structured,solved-exact,completed,34928.0,22576.0,17774,40101.0,3558.0,36543.0,false,36250.0,62999.0,31911.0,27626.0,27626.0,35892.0,1.0932894441535124,0.8950400239395526,26,25344,3456,0,1,0,1,0,0,111,2976,0,1,1,2,{},{},43240.0,56586.0,40101.0,19515,17404.0,65045.0,82449.0,5484.822934232715,,1.0973647483786224,0.4863733944620311,1.0.0,4,0,8,16,1,0,1,false,1,418,98,495,5358,308,1920,3960,1980,996,52,3386,544,0,0,0,0,15,831,0,0,0,36,0,0,0,0,31,18449,3,3,46,77,77,2228,8912,8912,0,1980,2560,40576,3984,209,2679,498,49,160,3386,47120,683,0,634,0,124,3968,1,1,495,46,,,
354-mbb-machinebasicblock-addpredecessor-n4-d16.pbqp,llvm,4,6,16,63,1488,none,structured,solved-exact,completed,7845.0,4740.0,4927,59797.0,33137.0,26660.0,false,57113.0,92682.0,0.0,4672.0,8836.0,62623.0,1.5569008478686222,1.0472598959814037,129,264208,15504,0,17,16,14,1,193280,0,0,752,16,16,16,"{""16"":1}","{""4"":1}",88365.0,176200.0,59797.0,166480,175576.0,92082.0,267658.0,5023.991308808884,,2.242948237059265,0.22340822990532694,1.0.0,4,0,8,16,1,0,1,false,1,4800,1248,4848,43520,3136,15360,32768,16384,9856,704,29088,4768,0,0,0,0,256,14208,0,0,0,960,48,4976,0,0,240,143760,80,80,544,784,784,18496,73712,73984,272,16384,28416,343936,36416,2400,21760,4928,624,1776,29088,408768,6032,0,5408,0,960,30720,1,1,4848,544,,,
354-mbb-machinebasicblock-addpredecessor-n4-d16.pbqp,llvm,4,6,16,63,1488,heuristic,structured,solved-exact,completed,7845.0,4740.0,4927,7774.0,0,7774.0,false,7364.0,10731.0,6984.0,6886.0,6886.0,7789.0,1.3862876254180603,1.0019295086184719,7,4880,3360,0,1,0,1,0,0,63,1488,0,0,0,0,{},{},7941.0,11382.0,7774.0,0,0,13141.0,13141.0,,,1.0,0.5915835933338407,1.0.0,4,0,8,16,1,0,1,false,1,0,0,0,0,0,0,0,0,0,0,0,0,0,0,0,0,0,0,0,0,0,0,0,0,0,0,0,0,0,0,0,0,0,0,0,0,0,0,0,0,0,0,0,0,0,0,0,0,0,0,0,0,0,0,0,0,0,0,,,
355-mbb-machinebasicblock-canfallthrough-n3-d16.pbqp,llvm,3,0,16,48,0,none,structured,solved-exact,completed,170.0,0,0,95.0,0,95.0,false,69.0,218.0,0.0,0.0,0.0,150.0,7.442105263157894,1.5789473684210527,0,0,0,0,0,0,0,0,0,0,0,0,3,0,0,{},{},120.0,135.0,95.0,0,0,854.0,854.0,,,1.0,0.11124121779859485,1.0.0,4,0,8,16,1,0,1,false,1,0,0,0,0,0,0,0,0,0,0,0,0,0,0,0,0,0,0,0,0,0,0,0,0,0,0,0,0,0,0,0,0,0,0,0,0,0,0,0,0,0,0,0,0,0,0,0,0,0,0,0,0,0,0,0,0,0,0,,,
355-mbb-machinebasicblock-canfallthrough-n3-d16.pbqp,llvm,3,0,16,48,0,heuristic,structured,solved-exact,completed,170.0,0,0,446.0,0,446.0,false,390.0,598.0,261.0,283.0,283.0,615.0,3.6704035874439462,1.3789237668161436,0,0,0,0,0,0,0,0,0,0,0,0,3,0,0,{},{},502.0,444.0,446.0,0,0,1303.0,1303.0,,,1.0,0.34228702993092863,1.0.0,4,0,8,16,1,0,1,false,1,0,0,0,0,0,0,0,0,0,0,0,0,0,0,0,0,0,0,0,0,0,0,0,0,0,0,0,0,0,0,0,0,0,0,0,0,0,0,0,0,0,0,0,0,0,0,0,0,0,0,0,0,0,0,0,0,0,0,,,
356-mbb-machinebasicblock-getfallthrough-n38-d16.pbqp,llvm,38,185,16,543,26770,none,structured,search-node-limit,not_attempted_cpu_incomplete,111372.0,73729.0,32886,,,,,,,,,,,,,,,,,,,,,,,,,,,,,,,,,,,,,,,,,,,,,,,,,,,,,,,,,,,,,,,,,,,,,,,,,,,,,,,,,,,,,,,,,,,,,,,,,,,,,,,,,,,,,,,
356-mbb-machinebasicblock-getfallthrough-n38-d16.pbqp,llvm,38,185,16,543,26770,heuristic,structured,solved-exact,completed,111372.0,73729.0,32886,99059.0,1500.0,97559.0,false,95768.0,209927.0,82700.0,78051.0,78051.0,95265.0,1.9595493594726374,0.9616995931717461,111,32860,1568,5000,1,0,1,0,0,511,26322,0,0,0,2,{},{},110604.0,112275.0,99059.0,4070,5619.0,193972.0,199591.0,2713.3333333333335,,1.0153753113500548,0.49630995385563476,1.0.0,4,0,8,16,1,0,1,false,1,152,32,98,1104,56,392,784,392,200,18,728,114,0,0,0,0,0,0,0,0,0,24,0,0,0,0,14,3980,2,2,14,14,14,448,1792,1792,0,392,960,8064,800,76,552,100,16,60,728,9824,142,0,126,0,28,0,1,1,98,14,,,
357-mbb-machinebasicblock-getfirstnonphi-n3-d16.pbqp,llvm,3,3,16,48,768,none,structured,solved-exact,completed,5706.0,3751.0,4352,3289.0,1913.0,1376.0,false,3114.0,5515.0,0.0,0.0,0.0,3611.0,1.37123745819398,1.097902097902098,4,4608,3584,0,0,0,0,0,0,0,0,0,1,1,1,{},{},5191.0,7106.0,3289.0,10634,11208.0,4667.0,15875.0,5558.808154730789,,2.390261627906977,0.20718110236220472,1.0.0,4,0,8,16,1,0,1,false,1,268,68,272,2832,192,1024,2176,1088,548,36,1824,306,0,0,0,0,16,888,0,0,0,24,0,0,0,0,16,9584,2,2,32,48,48,1216,4864,4864,0,1088,1600,22528,2192,134,1416,274,34,100,1824,26320,386,0,352,0,64,2048,1,1,272,32,,,
357-mbb-machinebasicblock-getfirstnonphi-n3-d16.pbqp,llvm,3,3,16,48,768,heuristic,structured,solved-exact,completed,5706.0,3751.0,4352,8821.0,1825.0,6996.0,false,8638.0,14191.0,5642.0,5798.0,5798.0,9129.0,1.2640290216528738,1.0349166761138193,8,9216,3584,0,0,0,0,0,0,0,0,0,1,1,1,{},{},11157.0,12894.0,8821.0,10634,10458.0,13255.0,23713.0,5826.8493150684935,,1.260863350485992,0.371990047653186,1.0.0,4,0,8,16,1,0,1,false,1,268,68,272,2832,192,1024,2176,1088,548,36,1824,306,0,0,0,0,16,888,0,0,0,24,0,0,0,0,16,9584,2,2,32,48,48,1216,4864,4864,0,1088,1600,22528,2192,134,1416,274,34,100,1824,26320,386,0,352,0,64,2048,1,1,272,32,,,
358-mbb-machinebasicblock-splitsuccessor-n73-d17.pbqp,llvm,73,388,17,1146,90082,none,structured,search-node-limit,not_attempted_cpu_incomplete,254627.0,134782.0,115790,,,,,,,,,,,,,,,,,,,,,,,,,,,,,,,,,,,,,,,,,,,,,,,,,,,,,,,,,,,,,,,,,,,,,,,,,,,,,,,,,,,,,,,,,,,,,,,,,,,,,,,,,,,,,,,
358-mbb-machinebasicblock-splitsuccessor-n73-d17.pbqp,llvm,73,388,17,1146,90082,heuristic,structured,search-node-limit,not_attempted_cpu_incomplete,254627.0,134782.0,115790,,,,,,,,,,,,,,,,,,,,,,,,,,,,,,,,,,,,,,,,,,,,,,,,,,,,,,,,,,,,,,,,,,,,,,,,,,,,,,,,,,,,,,,,,,,,,,,,,,,,,,,,,,,,,,,
359-mbb-machinebasicblock-erasefromparent-n7-d17.pbqp,llvm,7,13,17,112,3248,none,structured,solved-exact,completed,17139.0,12855.0,7147,242384.0,97219.0,145165.0,false,238221.0,255624.0,0.0,9193.0,187647.0,284125.0,1.6966383919730674,1.1722102118951745,574,2649184,81152,0,95,94,84,3,2419936,3041,81984,4976,49,48,48,"{""15"":2,""16"":4}","{""4"":3,""5"":2,""6"":1}",331158.0,626595.0,242384.0,549680,586209.0,382410.0,968619.0,5654.038819572306,,1.6697137739813317,0.250236677166151,1.0.0,4,0,8,16,1,0,1,false,1,17232,4512,18032,140928,10464,49152,104448,52224,36880,2664,97520,15624,0,0,0,0,768,42624,0,0,0,4896,312,32696,0,0,768,460032,408,408,1848,2616,2616,59616,238448,238464,16,52224,101760,1121152,127616,8616,70464,18440,2256,6360,97520,1350528,19776,0,17520,0,3072,98304,1,1,18032,1848,,,
359-mbb-machinebasicblock-erasefromparent-n7-d17.pbqp,llvm,7,13,17,112,3248,heuristic,structured,solved-exact,completed,17139.0,12855.0,7147,11381.0,0,11381.0,false,11066.0,14669.0,9797.0,9651.0,9651.0,11707.0,1.615235919514981,1.0286442316140936,13,6220,3584,0,1,0,1,0,0,95,3248,0,1,0,0,{},{},11388.0,13589.0,11381.0,0,0,15387.0,15387.0,,,1.0,0.7396503541950997,1.0.0,4,0,8,16,1,0,1,false,1,0,0,0,0,0,0,0,0,0,0,0,0,0,0,0,0,0,0,0,0,0,0,0,0,0,0,0,0,0,0,0,0,0,0,0,0,0,0,0,0,0,0,0,0,0,0,0,0,0,0,0,0,0,0,0,0,0,0,,,
360-mbb-machinebasicblock-removesuccessor-n84-d17.pbqp,llvm,84,520,17,1300,104972,none,structured,search-node-limit,not_attempted_cpu_incomplete,338831.0,173444.0,132546,,,,,,,,,,,,,,,,,,,,,,,,,,,,,,,,,,,,,,,,,,,,,,,,,,,,,,,,,,,,,,,,,,,,,,,,,,,,,,,,,,,,,,,,,,,,,,,,,,,,,,,,,,,,,,,
360-mbb-machinebasicblock-removesuccessor-n84-d17.pbqp,llvm,84,520,17,1300,104972,heuristic,structured,search-node-limit,not_attempted_cpu_incomplete,338831.0,173444.0,132546,,,,,,,,,,,,,,,,,,,,,,,,,,,,,,,,,,,,,,,,,,,,,,,,,,,,,,,,,,,,,,,,,,,,,,,,,,,,,,,,,,,,,,,,,,,,,,,,,,,,,,,,,,,,,,,
361-mbb-machinebasicblock-removesuccessor-n11-d16.pbqp,llvm,11,47,16,170,11383,none,structured,search-node-limit,not_attempted_cpu_incomplete,47459.0,21986.0,18340,,,,,,,,,,,,,,,,,,,,,,,,,,,,,,,,,,,,,,,,,,,,,,,,,,,,,,,,,,,,,,,,,,,,,,,,,,,,,,,,,,,,,,,,,,,,,,,,,,,,,,,,,,,,,,,
361-mbb-machinebasicblock-removesuccessor-n11-d16.pbqp,llvm,11,47,16,170,11383,heuristic,structured,search-node-limit,not_attempted_cpu_incomplete,47459.0,21986.0,18340,,,,,,,,,,,,,,,,,,,,,,,,,,,,,,,,,,,,,,,,,,,,,,,,,,,,,,,,,,,,,,,,,,,,,,,,,,,,,,,,,,,,,,,,,,,,,,,,,,,,,,,,,,,,,,,
362-mbb-machinebasicblock-findprevdebugloc-n8-d16.pbqp,llvm,8,9,16,127,2272,none,structured,solved-exact,completed,16439.0,9040.0,5952,69607.0,36609.0,32998.0,false,64385.0,75853.0,0.0,7554.0,12294.0,87576.0,1.4161506745011279,1.2581493240622352,135,396000,23568,0,17,16,14,1,317696,0,0,768,17,19,16,"{""16"":1}","{""4"":1}",181969.0,195150.0,69607.0,179038,185183.0,104498.0,289681.0,4890.546040591112,,2.1094308745984605,0.24028845523178946,1.0.0,4,0,8,16,1,0,1,false,1,5260,1380,5167,46878,3452,16384,35192,17596,10500,773,31319,5137,0,0,0,0,303,16815,0,0,0,996,48,5040,0,0,256,153344,83,83,607,863,863,19836,79328,79344,16,17596,31040,372480,38928,2630,23439,5250,690,1940,31319,442448,6512,0,5822,0,1024,32768,1,1,5167,607,,,
362-mbb-machinebasicblock-findprevdebugloc-n8-d16.pbqp,llvm,8,9,16,127,2272,heuristic,structured,solved-exact,completed,16439.0,9040.0,5952,17062.0,1248.0,15814.0,false,13464.0,30529.0,13770.0,10458.0,10458.0,13724.0,1.107431719610831,0.8043605673426327,19,11120,3584,0,1,0,1,0,0,64,1536,0,1,3,0,{},{},13456.0,13946.0,17062.0,2846,10232.0,34218.0,44450.0,2280.448717948718,,1.0789174149487795,0.38384701912260966,1.0.0,4,0,8,16,1,0,1,false,1,300,100,47,798,188,0,376,188,100,53,599,97,0,0,0,0,47,2607,0,0,0,36,0,0,0,0,0,0,3,3,47,47,47,188,736,752,16,188,1600,5888,400,150,399,50,50,100,599,7888,144,0,94,0,0,0,1,1,47,47,,,
363-mbb-machinebasicblock-removefromparent-n7-d17.pbqp,llvm,7,11,17,113,2816,none,structured,solved-exact,completed,18948.0,11946.0,10176,140859.0,61990.0,78869.0,false,132788.0,164538.0,0.0,8553.0,81784.0,151015.0,1.5466459367168588,1.0721004692635898,325,1276820,50544,0,49,48,43,2,1121664,960,23040,2304,33,32,33,"{""16"":3}","{""4"":2,""5"":1}",200874.0,404514.0,140859.0,368097,374693.0,222147.0,596840.0,5938.006130020971,,1.7859868896524618,0.23600797533677367,1.0.0,4,0,8,16,1,0,1,false,1,10758,2786,11264,95488,6848,33792,71680,35840,22946,1602,64596,10497,0,0,0,0,512,28416,0,0,0,2508,144,15120,0,0,528,316272,209,209,1184,1712,1712,40640,162560,162560,0,35840,63776,759808,82568,5379,47744,11473,1393,3986,64596,906152,13265,0,11872,0,2112,67584,1,1,11264,1184,,,
363-mbb-machinebasicblock-removefromparent-n7-d17.pbqp,llvm,7,11,17,113,2816,heuristic,structured,solved-exact,completed,18948.0,11946.0,10176,20617.0,1706.0,18911.0,false,18354.0,33904.0,16133.0,14867.0,14867.0,20124.0,1.219236552359703,0.9760876946209439,14,12768,3584,0,1,0,1,0,0,80,2304,0,1,0,1,{},{},22579.0,28748.0,20617.0,9665,7211.0,40934.0,48145.0,5665.298944900352,,1.0902120458992122,0.42822723024197734,1.0.0,4,0,8,16,1,0,1,false,1,166,34,256,2560,128,1024,2048,1024,514,18,1620,273,0,0,0,0,0,0,0,0,0,12,0,0,0,0,16,9584,1,1,16,32,32,1152,4608,4608,0,1024,1056,20480,2056,83,1280,257,17,66,1620,23592,337,0,320,0,64,2048,1,1,256,16,,,
364-mbb-machinebasicblock-replacesuccessor-n35-d16.pbqp,llvm,35,209,16,520,37912,none,structured,search-node-limit,not_attempted_cpu_incomplete,87424.0,56470.0,44838,,,,,,,,,,,,,,,,,,,,,,,,,,,,,,,,,,,,,,,,,,,,,,,,,,,,,,,,,,,,,,,,,,,,,,,,,,,,,,,,,,,,,,,,,,,,,,,,,,,,,,,,,,,,,,,
364-mbb-machinebasicblock-replacesuccessor-n35-d16.pbqp,llvm,35,209,16,520,37912,heuristic,structured,solved-exact,completed,87424.0,56470.0,44838,116671.0,0,116671.0,false,109937.0,243787.0,98054.0,89864.0,89864.0,108831.0,1.7767654344267212,0.9328024959072949,100,33568,1792,4000,1,0,1,0,0,520,37912,0,0,0,0,{},{},110657.0,131093.0,116671.0,0,0,199850.0,199850.0,,,1.0,0.5837928446334751,1.0.0,4,0,8,16,1,0,1,false,1,0,0,0,0,0,0,0,0,0,0,0,0,0,0,0,0,0,0,0,0,0,0,0,0,0,0,0,0,0,0,0,0,0,0,0,0,0,0,0,0,0,0,0,0,0,0,0,0,0,0,0,0,0,0,0,0,0,0,,,
365-mbb-machinebasicblock-updateterminator-n68-d16.pbqp,llvm,68,314,16,872,35275,none,structured,search-node-limit,not_attempted_cpu_incomplete,152377.0,69694.0,43577,,,,,,,,,,,,,,,,,,,,,,,,,,,,,,,,,,,,,,,,,,,,,,,,,,,,,,,,,,,,,,,,,,,,,,,,,,,,,,,,,,,,,,,,,,,,,,,,,,,,,,,,,,,,,,,
365-mbb-machinebasicblock-updateterminator-n68-d16.pbqp,llvm,68,314,16,872,35275,heuristic,structured,solved-exact,completed,152377.0,69694.0,43577,176470.0,957.0,175513.0,false,167535.0,361512.0,154292.0,146414.0,146414.0,169587.0,2.368255227517425,0.9609962033206777,200,49840,1568,4000,1,0,1,0,0,840,34939,0,0,1,1,{},{},180092.0,194880.0,176470.0,2467,6012.0,334211.0,340223.0,2577.8474399164056,,1.0054525875576168,0.518689212663459,1.0.0,4,0,8,16,1,0,1,false,1,124,32,56,670,56,196,448,224,116,18,455,72,0,0,0,0,7,387,0,0,0,24,0,0,0,0,7,1990,2,2,14,14,14,252,1008,1008,0,224,736,4928,464,62,335,58,16,46,455,6128,93,0,77,0,14,0,1,1,56,14,,,
366-mbb-machinebasicblock-skipphisandlabels-n9-d16.pbqp,llvm,9,19,16,113,1990,none,structured,solved-exact,completed,12978.0,7367.0,3955,199176.0,43128.0,156048.0,false,197407.0,210651.0,0.0,9266.0,151919.0,237176.0,1.9580120094790536,1.1907860384785316,673,3953516,128416,3000,123,122,103,4,3851296,3946,58170,3005,35,35,52,"{""7"":5,""13"":3,""16"":3}","{""4"":5,""5"":3,""6"":2,""8"":1}",240824.0,254102.0,199176.0,172679,323119.0,342076.0,665195.0,4003.872194398071,,1.2763764995386035,0.29942498064477335,1.0.0,4,0,8,16,1,0,1,false,1,10756,2856,8003,40498,3270,11172,24304,12152,16912,1881,34083,6792,0,0,0,0,245,13545,0,0,0,5436,366,22616,0,0,364,124917,453,453,975,1220,1220,14442,52131,57768,5637,12152,63200,257112,55628,5378,20249,8456,1428,3950,34083,375940,8621,0,7193,0,1218,13720,1,1,8003,975,,,
366-mbb-machinebasicblock-skipphisandlabels-n9-d16.pbqp,llvm,9,19,16,113,1990,heuristic,structured,solved-exact,completed,12978.0,7367.0,3955,11937.0,622.0,11315.0,false,11202.0,34289.0,9647.0,9286.0,9286.0,12497.0,1.7872999916226857,1.0469129597051186,22,7000,1568,3000,1,0,1,0,0,97,1766,0,0,0,1,{},{},12295.0,12768.0,11937.0,2035,3060.0,30183.0,33243.0,3271.7041800643087,,1.0549712770658417,0.3590831152423066,1.0.0,4,0,8,16,1,0,1,false,1,76,16,49,552,28,196,392,196,100,9,364,57,0,0,0,0,0,0,0,0,0,12,0,0,0,0,7,1990,1,1,7,7,7,224,896,896,0,196,480,4032,400,38,276,50,8,30,364,4912,71,0,63,0,14,0,1,1,49,7,,,
367-mbb-machinebasicblock-splitcriticaledge-n104-d17.pbqp,llvm,104,985,17,1608,199807,none,structured,search-node-limit,not_attempted_cpu_incomplete,566934.0,294241.0,258072,,,,,,,,,,,,,,,,,,,,,,,,,,,,,,,,,,,,,,,,,,,,,,,,,,,,,,,,,,,,,,,,,,,,,,,,,,,,,,,,,,,,,,,,,,,,,,,,,,,,,,,,,,,,,,,
367-mbb-machinebasicblock-splitcriticaledge-n104-d17.pbqp,llvm,104,985,17,1608,199807,heuristic,structured,search-node-limit,not_attempted_cpu_incomplete,566934.0,294241.0,258072,,,,,,,,,,,,,,,,,,,,,,,,,,,,,,,,,,,,,,,,,,,,,,,,,,,,,,,,,,,,,,,,,,,,,,,,,,,,,,,,,,,,,,,,,,,,,,,,,,,,,,,,,,,,,,,
368-mbb-machinebasicblock-splitcriticaledge-n301-d17.pbqp,llvm,301,5188,17,3842,499963,none,structured,capacity/error,not_attempted_cpu_incomplete,4537311.0,986381.0,605741,,,,,,,,,,,,,,,,,,,,,,,,,,,,,,,,,,,,,,,,,,,,,,,,,,,,,,,,,,,,,,,,,,,,,,,,,,,,,,,,,,,,,,,,,,,,,,,,,,,,,,,,,,,,,,,
368-mbb-machinebasicblock-splitcriticaledge-n301-d17.pbqp,llvm,301,5188,17,3842,499963,heuristic,structured,capacity/error,not_attempted_cpu_incomplete,4537311.0,986381.0,605741,,,,,,,,,,,,,,,,,,,,,,,,,,,,,,,,,,,,,,,,,,,,,,,,,,,,,,,,,,,,,,,,,,,,,,,,,,,,,,,,,,,,,,,,,,,,,,,,,,,,,,,,,,,,,,,
369-mbb-machinebasicblock-splitcriticaledge-n423-d17-r1.pbqp,llvm,423,1395,17,6154,194552,none,structured,search-node-limit,not_attempted_cpu_incomplete,1933346.0,525179.0,317082,,,,,,,,,,,,,,,,,,,,,,,,,,,,,,,,,,,,,,,,,,,,,,,,,,,,,,,,,,,,,,,,,,,,,,,,,,,,,,,,,,,,,,,,,,,,,,,,,,,,,,,,,,,,,,,
369-mbb-machinebasicblock-splitcriticaledge-n423-d17-r1.pbqp,llvm,423,1395,17,6154,194552,heuristic,structured,search-node-limit,not_attempted_cpu_incomplete,1933346.0,525179.0,317082,,,,,,,,,,,,,,,,,,,,,,,,,,,,,,,,,,,,,,,,,,,,,,,,,,,,,,,,,,,,,,,,,,,,,,,,,,,,,,,,,,,,,,,,,,,,,,,,,,,,,,,,,,,,,,,
370-mbb-machinebasicblock-removepredecessor-n13-d16.pbqp,llvm,13,61,16,195,13225,none,structured,search-node-limit,not_attempted_cpu_incomplete,26780.0,20304.0,18068,,,,,,,,,,,,,,,,,,,,,,,,,,,,,,,,,,,,,,,,,,,,,,,,,,,,,,,,,,,,,,,,,,,,,,,,,,,,,,,,,,,,,,,,,,,,,,,,,,,,,,,,,,,,,,,
370-mbb-machinebasicblock-removepredecessor-n13-d16.pbqp,llvm,13,61,16,195,13225,heuristic,structured,search-node-limit,not_attempted_cpu_incomplete,26780.0,20304.0,18068,,,,,,,,,,,,,,,,,,,,,,,,,,,,,,,,,,,,,,,,,,,,,,,,,,,,,,,,,,,,,,,,,,,,,,,,,,,,,,,,,,,,,,,,,,,,,,,,,,,,,,,,,,,,,,,
371-mbb-machinebasicblock-rfindprevdebugloc-n6-d16.pbqp,llvm,6,7,16,95,1776,none,structured,solved-exact,completed,12711.0,7297.0,5456,64679.0,35023.0,29656.0,false,61670.0,73482.0,0.0,5995.0,10621.0,86075.0,1.5178806103990476,1.3308028881089689,131,322968,19120,0,17,16,14,1,247040,0,0,768,17,17,16,"{""16"":1}","{""4"":1}",179706.0,276354.0,64679.0,177161,183435.0,99277.0,282712.0,5058.418753390629,,2.1809751820879417,0.22878052576473584,1.0.0,4,0,8,16,1,0,1,false,1,5062,1314,5136,46352,3328,16384,34944,17472,10434,738,30924,5073,0,0,0,0,272,15096,0,0,0,972,48,5040,0,0,256,153344,81,81,576,832,832,19712,78832,78848,16,17472,29984,368512,38664,2531,23176,5217,657,1874,30924,437160,6417,0,5760,0,1024,32768,1,1,5136,576,,,
371-mbb-machinebasicblock-rfindprevdebugloc-n6-d16.pbqp,llvm,6,7,16,95,1776,heuristic,structured,solved-exact,completed,12711.0,7297.0,5456,13007.0,379.0,12628.0,false,10343.0,19183.0,11522.0,8895.0,8895.0,10874.0,1.175213346659491,0.8360113784885062,11,7152,3584,0,1,0,1,0,0,64,1536,0,1,1,0,{},{},10777.0,11673.0,13007.0,969,4070.0,24824.0,28894.0,2556.728232189974,,1.0300126702565726,0.4501626635287603,1.0.0,4,0,8,16,1,0,1,false,1,102,34,16,272,64,0,128,64,34,18,204,33,0,0,0,0,16,888,0,0,0,12,0,0,0,0,0,0,1,1,16,16,16,64,240,256,16,64,544,1920,136,51,136,17,17,34,204,2600,49,0,32,0,0,0,1,1,16,16,,,
372-mbb-machinebasicblock-sortuniqueliveins-n50-d17.pbqp,llvm,50,199,17,724,25901,none,structured,search-node-limit,not_attempted_cpu_incomplete,77673.0,44872.0,32394,,,,,,,,,,,,,,,,,,,,,,,,,,,,,,,,,,,,,,,,,,,,,,,,,,,,,,,,,,,,,,,,,,,,,,,,,,,,,,,,,,,,,,,,,,,,,,,,,,,,,,,,,,,,,,,
372-mbb-machinebasicblock-sortuniqueliveins-n50-d17.pbqp,llvm,50,199,17,724,25901,heuristic,structured,search-node-limit,not_attempted_cpu_incomplete,77673.0,44872.0,32394,,,,,,,,,,,,,,,,,,,,,,,,,,,,,,,,,,,,,,,,,,,,,,,,,,,,,,,,,,,,,,,,,,,,,,,,,,,,,,,,,,,,,,,,,,,,,,,,,,,,,,,,,,,,,,,
373-mbb-machinebasicblock-sortuniqueliveins-n54-d17-r1.pbqp,llvm,54,162,17,797,22577,none,structured,search-node-limit,not_attempted_cpu_incomplete,80014.0,45119.0,30882,,,,,,,,,,,,,,,,,,,,,,,,,,,,,,,,,,,,,,,,,,,,,,,,,,,,,,,,,,,,,,,,,,,,,,,,,,,,,,,,,,,,,,,,,,,,,,,,,,,,,,,,,,,,,,,
373-mbb-machinebasicblock-sortuniqueliveins-n54-d17-r1.pbqp,llvm,54,162,17,797,22577,heuristic,structured,solved-exact,completed,80014.0,45119.0,30882,99113.0,1088.0,98025.0,false,91850.0,215846.0,82913.0,78700.0,78700.0,97309.0,2.648038097928627,0.9817985531665876,121,34620,3584,8000,1,0,1,0,0,564,21953,0,11,3,0,{},{},95014.0,109217.0,99113.0,2370,9156.0,214671.0,223827.0,2178.3088235294117,,1.0110992093853608,0.442810742225022,1.0.0,4,0,8,16,1,0,1,false,1,252,84,39,662,156,0,312,156,84,45,499,81,0,0,0,0,39,2163,0,0,0,36,0,0,0,0,0,0,3,3,39,39,39,156,624,624,0,156,1344,4992,336,126,331,42,42,84,499,6672,120,0,78,0,0,0,1,1,39,39,,,
374-mbb-machinebasicblock-findbranchdebugloc-n16-d16.pbqp,llvm,16,45,16,219,5280,none,structured,search-node-limit,not_attempted_cpu_incomplete,17303.0,10468.0,7020,,,,,,,,,,,,,,,,,,,,,,,,,,,,,,,,,,,,,,,,,,,,,,,,,,,,,,,,,,,,,,,,,,,,,,,,,,,,,,,,,,,,,,,,,,,,,,,,,,,,,,,,,,,,,,,
374-mbb-machinebasicblock-findbranchdebugloc-n16-d16.pbqp,llvm,16,45,16,219,5280,heuristic,structured,solved-exact,completed,17303.0,10468.0,7020,20286.0,0,20286.0,false,19335.0,28335.0,17012.0,16886.0,16886.0,20361.0,2.1439909297052155,1.0036971310263236,42,8908,1064,4000,1,0,1,0,0,219,5280,0,0,0,0,{},{},20591.0,22250.0,20286.0,0,0,28924.0,28924.0,,,1.0,0.7013552758954501,1.0.0,4,0,8,16,1,0,1,false,1,0,0,0,0,0,0,0,0,0,0,0,0,0,0,0,0,0,0,0,0,0,0,0,0,0,0,0,0,0,0,0,0,0,0,0,0,0,0,0,0,0,0,0,0,0,0,0,0,0,0,0,0,0,0,0,0,0,0,,,
375-mbb-machinebasicblock-getfirstterminator-n16-d16.pbqp,llvm,16,44,16,229,5747,none,structured,search-node-limit,not_attempted_cpu_incomplete,24556.0,16475.0,11825,,,,,,,,,,,,,,,,,,,,,,,,,,,,,,,,,,,,,,,,,,,,,,,,,,,,,,,,,,,,,,,,,,,,,,,,,,,,,,,,,,,,,,,,,,,,,,,,,,,,,,,,,,,,,,,
375-mbb-machinebasicblock-getfirstterminator-n16-d16.pbqp,llvm,16,44,16,229,5747,heuristic,structured,solved-exact,completed,24556.0,16475.0,11825,31865.0,1364.0,30501.0,false,29402.0,63434.0,26274.0,23514.0,23514.0,30111.0,1.6224070296563629,0.9449552800878707,44,15068,3584,3000,1,0,1,0,0,197,5299,0,0,0,2,{},{},29704.0,34139.0,31865.0,4070,5089.0,65864.0,70953.0,2983.8709677419356,,1.0447198452509754,0.4491001085225431,1.0.0,4,0,8,16,1,0,1,false,1,152,32,98,1104,56,392,784,392,200,18,728,114,0,0,0,0,0,0,0,0,0,24,0,0,0,0,14,3980,2,2,14,14,14,448,1792,1792,0,392,960,8064,800,76,552,100,16,60,728,9824,142,0,126,0,28,0,1,1,98,14,,,
376-mbb-machinebasicblock-replacephiuseswith-n18-d16.pbqp,llvm,18,89,16,285,21970,none,structured,search-node-limit,not_attempted_cpu_incomplete,39200.0,26996.0,28255,,,,,,,,,,,,,,,,,,,,,,,,,,,,,,,,,,,,,,,,,,,,,,,,,,,,,,,,,,,,,,,,,,,,,,,,,,,,,,,,,,,,,,,,,,,,,,,,,,,,,,,,,,,,,,,
376-mbb-machinebasicblock-replacephiuseswith-n18-d16.pbqp,llvm,18,89,16,285,21970,heuristic,structured,search-node-limit,not_attempted_cpu_incomplete,39200.0,26996.0,28255,,,,,,,,,,,,,,,,,,,,,,,,,,,,,,,,,,,,,,,,,,,,,,,,,,,,,,,,,,,,,,,,,,,,,,,,,,,,,,,,,,,,,,,,,,,,,,,,,,,,,,,,,,,,,,,
377-mbb-machinebasicblock-setsuccprobability-n4-d16.pbqp,llvm,4,6,16,61,1394,none,structured,solved-exact,completed,10268.0,5748.0,4383,53005.0,29418.0,23587.0,false,49554.0,54683.0,0.0,4405.0,8424.0,58216.0,1.6948967078577493,1.0983114800490519,129,259344,15264,0,17,16,14,1,193280,0,0,720,16,16,16,"{""16"":1}","{""4"":1}",163257.0,156216.0,53005.0,149200,166842.0,83364.0,250206.0,5071.7247943436,,2.247212447534659,0.21184543935796904,1.0.0,4,0,8,16,1,0,1,false,1,4704,1216,4320,39168,3072,13440,28800,14400,8800,688,26336,4256,0,0,0,0,240,12960,0,0,0,960,48,4848,0,0,240,127920,80,80,528,768,768,16512,65520,66048,528,14400,27904,309120,32320,2352,19584,4400,608,1744,26336,369344,5504,0,4896,0,960,30720,1,1,4320,528,,,
377-mbb-machinebasicblock-setsuccprobability-n4-d16.pbqp,llvm,4,6,16,61,1394,heuristic,structured,solved-exact,completed,10268.0,5748.0,4383,8507.0,0,8507.0,false,8066.0,18416.0,7747.0,7390.0,7390.0,8351.0,1.384977077700717,0.9816621605736452,7,4576,3120,0,1,0,1,0,0,61,1394,0,0,0,0,{},{},8690.0,9481.0,8507.0,0,0,20531.0,20531.0,,,1.0,0.4143490331693537,1.0.0,4,0,8,16,1,0,1,false,1,0,0,0,0,0,0,0,0,0,0,0,0,0,0,0,0,0,0,0,0,0,0,0,0,0,0,0,0,0,0,0,0,0,0,0,0,0,0,0,0,0,0,0,0,0,0,0,0,0,0,0,0,0,0,0,0,0,0,,,
378-mbb-machinebasicblock-transfersuccessors-n20-d16.pbqp,llvm,20,93,16,281,13314,none,structured,search-node-limit,not_attempted_cpu_incomplete,34193.0,21996.0,16120,,,,,,,,,,,,,,,,,,,,,,,,,,,,,,,,,,,,,,,,,,,,,,,,,,,,,,,,,,,,,,,,,,,,,,,,,,,,,,,,,,,,,,,,,,,,,,,,,,,,,,,,,,,,,,,
378-mbb-machinebasicblock-transfersuccessors-n20-d16.pbqp,llvm,20,93,16,281,13314,heuristic,structured,solved-exact,completed,34193.0,21996.0,16120,40039.0,0,40039.0,false,38076.0,98820.0,33014.0,33526.0,33526.0,40959.0,1.9232748070631134,1.022977596843078,55,15724,1512,4000,1,0,1,0,0,281,13314,0,0,0,0,{},{},45573.0,44761.0,40039.0,0,0,93028.0,93028.0,,,1.0,0.4303972997377134,1.0.0,4,0,8,16,1,0,1,false,1,0,0,0,0,0,0,0,0,0,0,0,0,0,0,0,0,0,0,0,0,0,0,0,0,0,0,0,0,0,0,0,0,0,0,0,0,0,0,0,0,0,0,0,0,0,0,0,0,0,0,0,0,0,0,0,0,0,0,,,
379-mbb-machinebasicblock-getlastnondebugins-n8-d16.pbqp,llvm,8,25,16,127,6288,none,structured,search-node-limit,not_attempted_cpu_incomplete,14133.0,10085.0,10569,,,,,,,,,,,,,,,,,,,,,,,,,,,,,,,,,,,,,,,,,,,,,,,,,,,,,,,,,,,,,,,,,,,,,,,,,,,,,,,,,,,,,,,,,,,,,,,,,,,,,,,,,,,,,,,
379-mbb-machinebasicblock-getlastnondebugins-n8-d16.pbqp,llvm,8,25,16,127,6288,heuristic,structured,solved-exact,completed,14133.0,10085.0,10569,16711.0,0,16711.0,false,16602.0,20623.0,13975.0,13652.0,13652.0,16941.0,1.5506552570163366,1.013763389384238,19,8076,3584,0,1,0,1,0,0,127,6288,0,0,0,0,{},{},16570.0,20539.0,16711.0,0,0,21593.0,21593.0,,,1.0,0.7739082109943037,1.0.0,4,0,8,16,1,0,1,false,1,0,0,0,0,0,0,0,0,0,0,0,0,0,0,0,0,0,0,0,0,0,0,0,0,0,0,0,0,0,0,0,0,0,0,0,0,0,0,0,0,0,0,0,0,0,0,0,0,0,0,0,0,0,0,0,0,0,0,,,
380-mbb-machinebasicblock-getfirstnondebugin-n7-d16.pbqp,llvm,7,18,16,111,4512,none,structured,search-node-limit,not_attempted_cpu_incomplete,16452.0,10928.0,8570,,,,,,,,,,,,,,,,,,,,,,,,,,,,,,,,,,,,,,,,,,,,,,,,,,,,,,,,,,,,,,,,,,,,,,,,,,,,,,,,,,,,,,,,,,,,,,,,,,,,,,,,,,,,,,,
380-mbb-machinebasicblock-getfirstnondebugin-n7-d16.pbqp,llvm,7,18,16,111,4512,heuristic,structured,solved-exact,completed,16452.0,10928.0,8570,17654.0,0,17654.0,false,14800.0,22169.0,15670.0,13034.0,13034.0,15442.0,1.2827121332275973,0.8747026169706582,16,7008,3584,0,1,0,1,0,0,111,4512,0,0,0,0,{},{},15065.0,19737.0,17654.0,0,0,23519.0,23519.0,,,1.0,0.7506271525149879,1.0.0,4,0,8,16,1,0,1,false,1,0,0,0,0,0,0,0,0,0,0,0,0,0,0,0,0,0,0,0,0,0,0,0,0,0,0,0,0,0,0,0,0,0,0,0,0,0,0,0,0,0,0,0,0,0,0,0,0,0,0,0,0,0,0,0,0,0,0,,,
381-mbb-machinebasicblock-replaceusesofblock-n15-d16.pbqp,llvm,15,61,16,204,8038,none,structured,search-node-limit,not_attempted_cpu_incomplete,21382.0,13887.0,10049,,,,,,,,,,,,,,,,,,,,,,,,,,,,,,,,,,,,,,,,,,,,,,,,,,,,,,,,,,,,,,,,,,,,,,,,,,,,,,,,,,,,,,,,,,,,,,,,,,,,,,,,,,,,,,,
381-mbb-machinebasicblock-replaceusesofblock-n15-d16.pbqp,llvm,15,61,16,204,8038,heuristic,structured,solved-exact,completed,21382.0,13887.0,10049,26674.0,0,26674.0,false,25765.0,32312.0,22098.0,21016.0,21016.0,27831.0,1.8020169453400314,1.0433755717177775,40,11388,1568,4000,1,0,1,0,0,204,8038,0,0,0,0,{},{},25877.0,25803.0,26674.0,0,0,34902.0,34902.0,,,1.0,0.7642541974671938,1.0.0,4,0,8,16,1,0,1,false,1,0,0,0,0,0,0,0,0,0,0,0,0,0,0,0,0,0,0,0,0,0,0,0,0,0,0,0,0,0,0,0,0,0,0,0,0,0,0,0,0,0,0,0,0,0,0,0,0,0,0,0,0,0,0,0,0,0,0,,,
382-mbb-machinebasicblock-skipphislabelsandd-n11-d16.pbqp,llvm,11,38,16,127,3621,none,structured,search-node-limit,not_attempted_cpu_incomplete,12584.0,8095.0,4957,,,,,,,,,,,,,,,,,,,,,,,,,,,,,,,,,,,,,,,,,,,,,,,,,,,,,,,,,,,,,,,,,,,,,,,,,,,,,,,,,,,,,,,,,,,,,,,,,,,,,,,,,,,,,,,
382-mbb-machinebasicblock-skipphislabelsandd-n11-d16.pbqp,llvm,11,38,16,127,3621,heuristic,structured,solved-exact,completed,12584.0,8095.0,4957,14594.0,0,14594.0,false,13819.0,39480.0,12281.0,11500.0,11500.0,14079.0,2.103124571741812,0.9647115252843634,28,6936,1568,5000,1,0,1,0,0,127,3621,0,0,0,0,{},{},17023.0,15892.0,14594.0,0,0,38846.0,38846.0,,,1.0,0.37568861658858055,1.0.0,4,0,8,16,1,0,1,false,1,0,0,0,0,0,0,0,0,0,0,0,0,0,0,0,0,0,0,0,0,0,0,0,0,0,0,0,0,0,0,0,0,0,0,0,0,0,0,0,0,0,0,0,0,0,0,0,0,0,0,0,0,0,0,0,0,0,0,,,
383-mbb-machinebasicblock-getprobabilityiter-n2-d16.pbqp,llvm,2,1,16,31,240,none,structured,solved-exact,completed,890.0,256.0,240,598.0,373.0,225.0,false,578.0,1639.0,0.0,0.0,0.0,832.0,2.282608695652174,1.391304347826087,2,960,960,0,0,0,0,0,0,0,0,0,1,1,0,{},{},638.0,660.0,598.0,908,4737.0,2268.0,7005.0,2434.3163538873996,,2.6577777777777776,0.08536759457530335,1.0.0,4,0,8,16,1,0,1,false,1,96,32,15,254,60,0,120,60,32,17,191,31,0,0,0,0,15,831,0,0,0,12,0,0,0,0,0,0,1,1,15,15,15,60,240,240,0,60,512,1920,128,48,127,16,16,32,191,2560,46,0,30,0,0,0,1,1,15,15,,,
383-mbb-machinebasicblock-getprobabilityiter-n2-d16.pbqp,llvm,2,1,16,31,240,heuristic,structured,solved-exact,completed,890.0,256.0,240,1423.0,367.0,1056.0,false,1326.0,2882.0,747.0,762.0,762.0,1742.0,1.9170765987350669,1.2241742796907942,4,1920,960,0,0,0,0,0,0,0,0,0,1,1,0,{},{},1347.0,1289.0,1423.0,908,4370.0,4028.0,8398.0,2474.114441416894,,1.347537878787879,0.16944510597761372,1.0.0,4,0,8,16,1,0,1,false,1,96,32,15,254,60,0,120,60,32,17,191,31,0,0,0,0,15,831,0,0,0,12,0,0,0,0,0,0,1,1,15,15,15,60,240,240,0,60,512,1920,128,48,127,16,16,32,191,2560,46,0,30,0,0,0,1,1,15,15,,,
384-mbb-machinebasicblock-addsuccessorwithou-n8-d16.pbqp,llvm,8,15,16,110,1905,none,structured,solved-exact,completed,11042.0,6726.0,5147,71149.0,28068.0,43081.0,false,64146.0,75762.0,0.0,8006.0,42718.0,93980.0,1.77412191316814,1.3208899633164204,215,844176,54208,2000,31,30,24,2,785760,690,11295,1026,14,14,32,"{""7"":2,""16"":1}","{""4"":2,""6"":1}",99585.0,119447.0,71149.0,114088,165497.0,123670.0,289167.0,4064.7000142511047,,1.6515169100067315,0.2460481313566209,1.0.0,4,0,8,16,1,0,1,false,1,5120,1348,3700,28704,2004,9800,20496,10248,7672,810,20748,3438,0,0,0,0,224,7952,0,0,0,1632,90,7150,0,0,224,94522,136,136,538,636,636,11804,46946,47216,270,10248,30176,218768,26584,2560,14352,3836,674,1886,20748,275528,4396,0,3722,0,644,12544,1,1,3700,538,,,
384-mbb-machinebasicblock-addsuccessorwithou-n8-d16.pbqp,llvm,8,15,16,110,1905,heuristic,structured,solved-exact,completed,11042.0,6726.0,5147,12896.0,1217.0,11679.0,false,12071.0,29208.0,9834.0,9917.0,9917.0,13502.0,1.6242245657568237,1.0469913151364765,20,8760,1568,2000,1,0,1,0,0,78,1457,0,0,0,2,{},{},13691.0,14509.0,12896.0,4070,5646.0,29896.0,35542.0,3344.2892358258014,,1.1042041270656735,0.36283833211411853,1.0.0,4,0,8,16,1,0,1,false,1,152,32,98,1104,56,392,784,392,200,18,728,114,0,0,0,0,0,0,0,0,0,24,0,0,0,0,14,3980,2,2,14,14,14,448,1792,1792,0,392,960,8064,800,76,552,100,16,60,728,9824,142,0,126,0,28,0,1,1,98,14,,,
385-mbb-machinebasicblock-getfirstinstrtermi-n14-d16.pbqp,llvm,14,35,16,197,4307,none,structured,search-node-limit,not_attempted_cpu_incomplete,18962.0,11139.0,8009,,,,,,,,,,,,,,,,,,,,,,,,,,,,,,,,,,,,,,,,,,,,,,,,,,,,,,,,,,,,,,,,,,,,,,,,,,,,,,,,,,,,,,,,,,,,,,,,,,,,,,,,,,,,,,,
385-mbb-machinebasicblock-getfirstinstrtermi-n14-d16.pbqp,llvm,14,35,16,197,4307,heuristic,structured,solved-exact,completed,18962.0,11139.0,8009,20808.0,1197.0,19611.0,false,20304.0,48499.0,16396.0,16333.0,16333.0,21588.0,2.136582083813918,1.0374855824682814,38,11268,1568,3000,1,0,1,0,0,165,3859,0,0,0,2,{},{},36268.0,23580.0,20808.0,4070,5410.0,52132.0,57542.0,3400.1670843776105,,1.0610371730151447,0.36161412533453824,1.0.0,4,0,8,16,1,0,1,false,1,152,32,98,1104,56,392,784,392,200,18,728,114,0,0,0,0,0,0,0,0,0,24,0,0,0,0,14,3980,2,2,14,14,14,448,1792,1792,0,392,960,8064,800,76,552,100,16,60,728,9824,142,0,126,0,28,0,1,1,98,14,,,
386-mbb-machinebasicblock-getfirstterminator-n19-d16.pbqp,llvm,19,40,16,286,5137,none,structured,solved-exact,completed,29455.0,18404.0,13093,873819.0,220318.0,653501.0,false,826182.0,974382.0,0.0,25353.0,797049.0,989555.0,1.6127573330403664,1.1324484818938476,1969,20166576,330272,2000,302,301,261,5,19644464,15560,285340,9723,77,77,293,"{""7"":11,""16"":14}","{""4"":11,""6"":7,""8"":4,""10"":2,""11"":1}",1182001.0,1203681.0,873819.0,918941,1399148.0,1384689.0,2783837.0,4170.975589829247,,1.3371349087453577,0.3138901451485845,1.0.0,4,0,8,16,1,0,1,false,1,45536,10918,29470,237126,15694,76832,157976,78988,61486,6732,172074,26109,0,0,0,0,539,29799,0,0,0,15276,903,68565,0,0,2744,782192,1273,1273,4186,4186,4186,92526,369579,370104,525,78988,276944,1727320,207052,22768,118563,30743,5459,17309,172074,2211316,33039,0,27580,0,5488,0,1,1,29470,4186,,,
386-mbb-machinebasicblock-getfirstterminator-n19-d16.pbqp,llvm,19,40,16,286,5137,heuristic,structured,solved-exact,completed,29455.0,18404.0,13093,38929.0,4466.0,34463.0,false,35556.0,72873.0,28566.0,25584.0,25584.0,37648.0,1.4859102468596677,0.9670939402501991,57,25432,2432,2000,1,0,1,0,0,158,3345,0,0,0,8,{},{},39930.0,41160.0,38929.0,16280,20055.0,73903.0,93958.0,3645.320197044335,,1.1295882540695819,0.41432342110304604,1.0.0,4,0,8,16,1,0,1,false,1,608,128,392,4416,224,1568,3136,1568,800,72,2912,456,0,0,0,0,0,0,0,0,0,96,0,0,0,0,56,15920,8,8,56,56,56,1792,7168,7168,0,1568,3840,32256,3200,304,2208,400,64,240,2912,39296,568,0,504,0,112,0,1,1,392,56,,,
387-mbb-machinebasicblock-removeliveinoverla-n45-d17.pbqp,llvm,45,270,17,643,39541,none,structured,search-node-limit,not_attempted_cpu_incomplete,125420.0,74829.0,48686,,,,,,,,,,,,,,,,,,,,,,,,,,,,,,,,,,,,,,,,,,,,,,,,,,,,,,,,,,,,,,,,,,,,,,,,,,,,,,,,,,,,,,,,,,,,,,,,,,,,,,,,,,,,,,,
387-mbb-machinebasicblock-removeliveinoverla-n45-d17.pbqp,llvm,45,270,17,643,39541,heuristic,structured,solved-exact,completed,125420.0,74829.0,48686,151044.0,756.0,150288.0,false,136814.0,309962.0,129582.0,116955.0,116955.0,140148.0,1.721670506607346,0.9278620799237308,124,46268,3584,8000,1,0,1,0,0,593,39317,0,2,0,1,{},{},151999.0,175563.0,151044.0,2035,3818.0,299769.0,303587.0,2691.798941798942,,1.0050303417438518,0.4975311854591929,1.0.0,4,0,8,16,1,0,1,false,1,76,16,49,552,28,196,392,196,100,9,364,57,0,0,0,0,0,0,0,0,0,12,0,0,0,0,7,1990,1,1,7,7,7,224,896,896,0,196,480,4032,400,38,276,50,8,30,364,4912,71,0,63,0,14,0,1,1,49,7,,,
388-mbb-machinebasicblock-transfersuccessors-n95-d17.pbqp,llvm,95,519,17,1482,110131,none,structured,search-node-limit,not_attempted_cpu_incomplete,329432.0,168762.0,139945,,,,,,,,,,,,,,,,,,,,,,,,,,,,,,,,,,,,,,,,,,,,,,,,,,,,,,,,,,,,,,,,,,,,,,,,,,,,,,,,,,,,,,,,,,,,,,,,,,,,,,,,,,,,,,,
388-mbb-machinebasicblock-transfersuccessors-n95-d17.pbqp,llvm,95,519,17,1482,110131,heuristic,structured,search-node-limit,not_attempted_cpu_incomplete,329432.0,168762.0,139945,,,,,,,,,,,,,,,,,,,,,,,,,,,,,,,,,,,,,,,,,,,,,,,,,,,,,,,,,,,,,,,,,,,,,,,,,,,,,,,,,,,,,,,,,,,,,,,,,,,,,,,,,,,,,,,
389-mbb-machinebasicblock-removephisincoming-n5-d16.pbqp,llvm,5,10,16,53,1075,none,structured,solved-exact,completed,5261.0,2644.0,1787,32647.0,12175.0,20472.0,false,30924.0,36304.0,0.0,3387.0,20024.0,42937.0,2.5120531748705854,1.3151897570986615,179,546708,36136,3000,31,30,24,2,523680,555,7245,1012,14,14,14,"{""7"":2,""16"":1}","{""4"":2,""5"":1}",89241.0,41262.0,32647.0,42134,95652.0,84014.0,179666.0,3460.6981519507185,,1.5947147323173114,0.1817093940979373,1.0.0,4,0,8,16,1,0,1,false,1,3220,872,1796,9684,860,2744,5880,2940,3860,570,8382,1326,0,0,0,0,98,3458,0,0,0,1608,106,7330,0,0,98,27860,134,134,302,302,302,3604,14242,14416,174,2940,18784,70032,11392,1610,4842,1930,436,1174,8382,100208,1726,0,1290,0,196,0,1,1,1796,302,,,
389-mbb-machinebasicblock-removephisincoming-n5-d16.pbqp,llvm,5,10,16,53,1075,heuristic,structured,solved-exact,completed,5261.0,2644.0,1787,4779.0,0,4779.0,false,4564.0,9021.0,4014.0,3956.0,3956.0,4926.0,1.9631722117597823,1.0307595731324546,10,2504,1064,3000,1,0,1,0,0,53,1075,0,0,0,0,{},{},5112.0,5055.0,4779.0,0,0,9558.0,9558.0,,,1.0,0.5,1.0.0,4,0,8,16,1,0,1,false,1,0,0,0,0,0,0,0,0,0,0,0,0,0,0,0,0,0,0,0,0,0,0,0,0,0,0,0,0,0,0,0,0,0,0,0,0,0,0,0,0,0,0,0,0,0,0,0,0,0,0,0,0,0,0,0,0,0,0,,,
390-mbb-machinebasicblock-erase-n12-d16.pbqp,llvm,12,30,16,155,3537,none,structured,search-node-limit,not_attempted_cpu_incomplete,19668.0,12133.0,9236,,,,,,,,,,,,,,,,,,,,,,,,,,,,,,,,,,,,,,,,,,,,,,,,,,,,,,,,,,,,,,,,,,,,,,,,,,,,,,,,,,,,,,,,,,,,,,,,,,,,,,,,,,,,,,,
390-mbb-machinebasicblock-erase-n12-d16.pbqp,llvm,12,30,16,155,3537,heuristic,structured,solved-exact,completed,19668.0,12133.0,9236,23529.0,1263.0,22266.0,false,21353.0,49535.0,19143.0,17412.0,17412.0,22340.0,1.603340558459773,0.9494666156657742,32,12636,3584,4000,1,0,1,0,0,123,3089,0,0,0,2,{},{},22436.0,27701.0,23529.0,4070,5894.0,49976.0,55870.0,3222.486144101346,,1.0567232551872812,0.42113835689994633,1.0.0,4,0,8,16,1,0,1,false,1,152,32,98,1104,56,392,784,392,200,18,728,114,0,0,0,0,0,0,0,0,0,24,0,0,0,0,14,3980,2,2,14,14,14,448,1792,1792,0,392,960,8064,800,76,552,100,16,60,728,9824,142,0,126,0,28,0,1,1,98,14,,,
391-mbb-machinebasicblock-insert-n10-d16.pbqp,llvm,10,20,16,132,2318,none,structured,solved-exact,completed,17862.0,10430.0,6279,164923.0,60141.0,104782.0,false,158722.0,179618.0,0.0,10809.0,121993.0,187560.0,1.6891397803823602,1.137257993124064,415,2129320,105392,3000,59,58,47,3,1959008,1618,27279,1978,28,28,60,"{""7"":6,""16"":1}","{""4"":4,""6"":2,""8"":1}",234237.0,231753.0,164923.0,278364,384914.0,283947.0,668861.0,4628.5229710181075,,1.573963085262736,0.24657290528226344,1.0.0,4,0,8,16,1,0,1,false,1,12372,3112,11162,70480,5000,20608,44800,22400,22848,1818,52850,10914,0,0,0,0,448,24864,0,0,0,3144,174,13814,0,0,672,230056,262,262,1294,1742,1742,25608,93482,102432,8950,22400,74080,449544,83480,6186,35240,11424,1556,4630,52850,607104,13776,0,12220,0,2240,25088,1,1,11162,1294,,,
391-mbb-machinebasicblock-insert-n10-d16.pbqp,llvm,10,20,16,132,2318,heuristic,structured,solved-exact,completed,17862.0,10430.0,6279,18353.0,1192.0,17161.0,false,16904.0,37863.0,15098.0,13891.0,13891.0,17949.0,1.4930529068817087,0.9779872500408653,25,12192,3584,3000,1,0,1,0,0,100,1870,0,0,0,2,{},{},17510.0,17644.0,18353.0,4070,5341.0,42861.0,48202.0,3414.4295302013425,,1.0694598216887128,0.3807518360234015,1.0.0,4,0,8,16,1,0,1,false,1,152,32,98,1104,56,392,784,392,200,18,728,114,0,0,0,0,0,0,0,0,0,24,0,0,0,0,14,3980,2,2,14,14,14,448,1792,1792,0,392,960,8064,800,76,552,100,16,60,728,9824,142,0,126,0,28,0,1,1,98,14,,,
392-mbb-machinebasicblock-splitat-n39-d16.pbqp,llvm,39,268,16,503,28972,none,structured,search-node-limit,not_attempted_cpu_incomplete,103219.0,57674.0,37240,,,,,,,,,,,,,,,,,,,,,,,,,,,,,,,,,,,,,,,,,,,,,,,,,,,,,,,,,,,,,,,,,,,,,,,,,,,,,,,,,,,,,,,,,,,,,,,,,,,,,,,,,,,,,,,
392-mbb-machinebasicblock-splitat-n39-d16.pbqp,llvm,39,268,16,503,28972,heuristic,structured,search-node-limit,not_attempted_cpu_incomplete,103219.0,57674.0,37240,,,,,,,,,,,,,,,,,,,,,,,,,,,,,,,,,,,,,,,,,,,,,,,,,,,,,,,,,,,,,,,,,,,,,,,,,,,,,,,,,,,,,,,,,,,,,,,,,,,,,,,,,,,,,,,
393-mbb-machinebasicblock-splitat-n39-d16-r1.pbqp,llvm,39,159,16,539,19526,none,structured,search-node-limit,not_attempted_cpu_incomplete,73568.0,42675.0,26816,,,,,,,,,,,,,,,,,,,,,,,,,,,,,,,,,,,,,,,,,,,,,,,,,,,,,,,,,,,,,,,,,,,,,,,,,,,,,,,,,,,,,,,,,,,,,,,,,,,,,,,,,,,,,,,
393-mbb-machinebasicblock-splitat-n39-d16-r1.pbqp,llvm,39,159,16,539,19526,heuristic,structured,solved-exact,completed,73568.0,42675.0,26816,93221.0,2978.0,90243.0,false,85538.0,189701.0,76843.0,66088.0,66088.0,82973.0,1.9458598384484183,0.8900676886109353,117,32644,1568,9000,1,0,1,0,0,460,18500,0,0,2,3,{},{},87516.0,99326.0,93221.0,9184,12010.0,176727.0,188737.0,3083.948959032908,,1.032999789457354,0.49392011105400635,1.0.0,4,0,8,16,1,0,1,false,1,324,80,224,2468,168,840,1792,896,458,45,1625,264,0,0,0,0,14,774,0,0,0,60,0,0,0,0,21,8185,5,5,35,42,42,1008,3976,4032,56,896,1952,18564,1832,162,1234,229,40,122,1625,22348,334,0,294,0,56,896,1,1,224,35,,,
394-mbb-machinebasicblock-addlivein-n43-d17.pbqp,llvm,43,214,17,534,20472,none,structured,search-node-limit,not_attempted_cpu_incomplete,77771.0,43727.0,25262,,,,,,,,,,,,,,,,,,,,,,,,,,,,,,,,,,,,,,,,,,,,,,,,,,,,,,,,,,,,,,,,,,,,,,,,,,,,,,,,,,,,,,,,,,,,,,,,,,,,,,,,,,,,,,,
394-mbb-machinebasicblock-addlivein-n43-d17.pbqp,llvm,43,214,17,534,20472,heuristic,structured,search-node-limit,not_attempted_cpu_incomplete,77771.0,43727.0,25262,,,,,,,,,,,,,,,,,,,,,,,,,,,,,,,,,,,,,,,,,,,,,,,,,,,,,,,,,,,,,,,,,,,,,,,,,,,,,,,,,,,,,,,,,,,,,,,,,,,,,,,,,,,,,,,
395-mbb-machinebasicblock-addlivein-n42-d17-r1.pbqp,llvm,42,160,17,554,16781,none,structured,search-node-limit,not_attempted_cpu_incomplete,65578.0,36273.0,22253,,,,,,,,,,,,,,,,,,,,,,,,,,,,,,,,,,,,,,,,,,,,,,,,,,,,,,,,,,,,,,,,,,,,,,,,,,,,,,,,,,,,,,,,,,,,,,,,,,,,,,,,,,,,,,,
395-mbb-machinebasicblock-addlivein-n42-d17-r1.pbqp,llvm,42,160,17,554,16781,heuristic,structured,search-node-limit,not_attempted_cpu_incomplete,65578.0,36273.0,22253,,,,,,,,,,,,,,,,,,,,,,,,,,,,,,,,,,,,,,,,,,,,,,,,,,,,,,,,,,,,,,,,,,,,,,,,,,,,,,,,,,,,,,,,,,,,,,,,,,,,,,,,,,,,,,,
396-mbb-machinebasicblock-moveafter-n7-d16.pbqp,llvm,7,14,16,111,3568,none,structured,solved-exact,completed,10736.0,7119.0,7472,233137.0,90684.0,142453.0,false,220038.0,258297.0,0.0,7475.0,181210.0,278458.0,1.5841458026825428,1.194396427851435,584,2532904,75872,0,97,96,87,3,2302464,3184,86016,5120,48,49,48,"{""16"":6}","{""4"":3,""5"":2,""6"":1}",319166.0,598672.0,233137.0,551721,593754.0,375482.0,969236.0,6083.994971549557,,1.6365889100264648,0.24053687646765082,1.0.0,4,0,8,16,1,0,1,false,1,17446,4578,18192,141328,10560,49152,104576,52288,37218,2706,97996,15681,0,0,0,0,784,43512,0,0,0,5004,320,33600,0,0,768,460032,417,417,1872,2640,2640,59712,238832,238848,16,52288,102944,1124224,128392,8723,70664,18609,2289,6434,97996,1355560,19857,0,17568,0,3072,98304,1,1,18192,1872,,,
396-mbb-machinebasicblock-moveafter-n7-d16.pbqp,llvm,7,14,16,111,3568,heuristic,structured,solved-exact,completed,10736.0,7119.0,7472,12276.0,410.0,11866.0,false,11801.0,15777.0,10172.0,9738.0,9738.0,12253.0,1.5861029651352232,0.9981264255457803,17,8288,3584,0,1,0,1,0,0,96,3328,0,0,1,0,{},{},11044.0,15341.0,12276.0,969,4618.0,27623.0,32241.0,2363.4146341463415,,1.0345525029496039,0.38075742067553736,1.0.0,4,0,8,16,1,0,1,false,1,102,34,16,272,64,0,128,64,34,18,204,33,0,0,0,0,16,888,0,0,0,12,0,0,0,0,0,0,1,1,16,16,16,64,240,256,16,64,544,1920,136,51,136,17,17,34,204,2600,49,0,32,0,0,0,1,1,16,16,,,
397-mbb-machinebasicblock-machinebasicblock-n13-d17.pbqp,llvm,13,22,17,196,3718,none,structured,solved-exact,completed,29569.0,19993.0,14498,120168.0,48740.0,71428.0,false,106203.0,153199.0,0.0,17510.0,55739.0,120323.0,1.7061863391252248,1.0012898608614607,217,1392512,92336,1000,30,29,23,2,1280872,742,14364,1199,15,15,34,"{""7"":2,""15"":1}","{""4"":2,""6"":1}",181461.0,237836.0,120168.0,241157,261600.0,172033.0,433633.0,4947.825194911777,,1.6823654589236714,0.2771191306934666,1.0.0,4,0,8,16,1,0,1,false,1,7868,1902,6988,63550,4154,22232,46312,23156,14248,1087,42833,6827,0,0,0,0,231,12819,0,0,0,1632,87,8153,0,0,497,214613,136,136,815,1046,1046,26386,97281,105544,8263,23156,47728,451656,52196,3934,31775,7124,951,2983,42833,551580,8601,0,7650,0,1456,25928,1,1,6988,815,,,
397-mbb-machinebasicblock-machinebasicblock-n13-d17.pbqp,llvm,13,22,17,196,3718,heuristic,structured,solved-exact,completed,29569.0,19993.0,14498,36581.0,4752.0,31829.0,false,33640.0,59222.0,26827.0,24676.0,24676.0,35207.0,1.3110904567945108,0.9624395177824554,36,28624,3584,1000,1,0,1,0,0,84,1917,0,1,1,5,{},{},40114.0,42900.0,36581.0,21146,23936.0,62489.0,86425.0,4449.9158249158245,,1.1492978101731126,0.4232687301128146,1.0.0,4,0,8,16,1,0,1,false,1,708,152,511,5830,308,2016,4088,2044,1034,82,3786,587,0,0,0,0,7,387,0,0,0,72,0,0,0,0,63,20377,6,6,70,77,77,2324,9170,9296,126,2044,4448,41552,4136,354,2915,517,76,278,3786,50136,734,0,658,0,140,840,1,1,511,70,,,
398-mbb-machinebasicblock-machinebasicblock-n11-d16.pbqp,llvm,11,15,16,164,2331,none,structured,solved-exact,completed,13448.0,8254.0,9163,10931.0,6641.0,4290.0,false,10366.0,11992.0,0.0,0.0,0.0,13245.0,1.3562345622541396,1.2116915195316074,20,10424,1568,1000,0,0,0,0,0,0,0,0,1,5,5,{},{},12569.0,15852.0,10931.0,23292,29138.0,11768.0,40906.0,3507.303117000452,,2.548018648018648,0.26722241236004496,1.0.0,4,0,8,16,1,0,1,false,1,668,176,582,6344,422,2156,4596,2298,1184,98,4098,670,0,0,0,0,43,2079,0,0,0,120,0,0,0,0,35,20731,10,10,78,113,113,2578,10283,10312,29,2298,3936,47768,4736,334,3172,592,88,246,4098,56440,853,0,765,0,140,4480,1,1,582,78,,,
398-mbb-machinebasicblock-machinebasicblock-n11-d16.pbqp,llvm,11,15,16,164,2331,heuristic,structured,solved-exact,completed,13448.0,8254.0,9163,23849.0,5878.0,17971.0,false,23233.0,42719.0,13657.0,13715.0,13715.0,24882.0,1.382364040420982,1.0433141850811354,40,20848,1568,1000,0,0,0,0,0,0,0,0,1,5,5,{},{},26473.0,28138.0,23849.0,23292,25229.0,38896.0,64125.0,3962.5723035045935,,1.3270825218407434,0.3719142300194932,1.0.0,4,0,8,16,1,0,1,false,1,668,176,582,6344,422,2156,4596,2298,1184,98,4098,670,0,0,0,0,43,2079,0,0,0,120,0,0,0,0,35,20731,10,10,78,113,113,2578,10283,10312,29,2298,3936,47768,4736,334,3172,592,88,246,4098,56440,853,0,765,0,140,4480,1,1,582,78,,,
399-mbb-llvm-printmbbreference-n2-d16.pbqp,llvm,2,1,16,31,240,none,structured,solved-exact,completed,731.0,232.0,240,671.0,352.0,319.0,false,616.0,1633.0,0.0,0.0,0.0,855.0,2.073025335320417,1.2742175856929956,2,1024,1024,0,0,0,0,0,0,0,0,0,1,1,0,{},{},529.0,536.0,671.0,969,4227.0,2267.0,6494.0,2752.840909090909,,2.103448275862069,0.10332614721281183,1.0.0,4,0,8,16,1,0,1,false,1,102,34,16,272,64,0,128,64,34,18,204,33,0,0,0,0,16,888,0,0,0,12,0,0,0,0,0,0,1,1,16,16,16,64,240,256,16,64,544,1920,136,51,136,17,17,34,204,2600,49,0,32,0,0,0,1,1,16,16,,,
399-mbb-llvm-printmbbreference-n2-d16.pbqp,llvm,2,1,16,31,240,heuristic,structured,solved-exact,completed,731.0,232.0,240,1584.0,437.0,1147.0,false,1445.0,2777.0,783.0,849.0,849.0,1887.0,1.9116161616161615,1.191287878787879,4,2048,1024,0,0,0,0,0,0,0,0,0,1,1,0,{},{},1129.0,1375.0,1584.0,969,4381.0,4225.0,8606.0,2217.391304347826,,1.3809938971229294,0.18405763420869162,1.0.0,4,0,8,16,1,0,1,false,1,102,34,16,272,64,0,128,64,34,18,204,33,0,0,0,0,16,888,0,0,0,12,0,0,0,0,0,0,1,1,16,16,16,64,240,256,16,64,544,1920,136,51,136,17,17,34,204,2600,49,0,32,0,0,0,1,1,16,16,,,
400-mbb-bumpptrallocatorimpl-allocateslow-n17-d16.pbqp,llvm,17,70,16,198,6795,none,structured,search-node-limit,not_attempted_cpu_incomplete,23257.0,14379.0,9169,,,,,,,,,,,,,,,,,,,,,,,,,,,,,,,,,,,,,,,,,,,,,,,,,,,,,,,,,,,,,,,,,,,,,,,,,,,,,,,,,,,,,,,,,,,,,,,,,,,,,,,,,,,,,,,
400-mbb-bumpptrallocatorimpl-allocateslow-n17-d16.pbqp,llvm,17,70,16,198,6795,heuristic,structured,solved-exact,completed,23257.0,14379.0,9169,27598.0,635.0,26963.0,false,26708.0,77127.0,22512.0,22213.0,22213.0,28362.0,1.9922458149141242,1.0276831654467715,47,12500,1064,8000,1,0,1,0,0,184,6599,0,0,0,1,{},{},28257.0,30576.0,27598.0,1963,3166.0,75325.0,78491.0,3091.3385826771655,,1.0235507918258353,0.351607190633321,1.0.0,4,0,8,16,1,0,1,false,1,76,16,49,504,28,196,392,196,100,9,340,57,0,0,0,0,0,0,0,0,0,12,0,0,0,0,7,1918,1,1,7,7,7,224,784,896,112,196,480,3528,400,38,252,50,8,30,340,4408,71,0,63,0,14,0,1,1,49,7,,,
401-mbb-ilist-callback-traits-addnodetolist-n15-d16.pbqp,llvm,15,48,16,159,3945,none,structured,search-node-limit,not_attempted_cpu_incomplete,18756.0,10656.0,5984,,,,,,,,,,,,,,,,,,,,,,,,,,,,,,,,,,,,,,,,,,,,,,,,,,,,,,,,,,,,,,,,,,,,,,,,,,,,,,,,,,,,,,,,,,,,,,,,,,,,,,,,,,,,,,,
401-mbb-ilist-callback-traits-addnodetolist-n15-d16.pbqp,llvm,15,48,16,159,3945,heuristic,structured,search-node-limit,not_attempted_cpu_incomplete,18756.0,10656.0,5984,,,,,,,,,,,,,,,,,,,,,,,,,,,,,,,,,,,,,,,,,,,,,,,,,,,,,,,,,,,,,,,,,,,,,,,,,,,,,,,,,,,,,,,,,,,,,,,,,,,,,,,,,,,,,,,
402-mbb-ilist-callback-traits-addnodetolist-n15-d16-r1.pbqp,llvm,15,42,16,168,3651,none,structured,search-node-limit,not_attempted_cpu_incomplete,15129.0,9299.0,5606,,,,,,,,,,,,,,,,,,,,,,,,,,,,,,,,,,,,,,,,,,,,,,,,,,,,,,,,,,,,,,,,,,,,,,,,,,,,,,,,,,,,,,,,,,,,,,,,,,,,,,,,,,,,,,,
402-mbb-ilist-callback-traits-addnodetolist-n15-d16-r1.pbqp,llvm,15,42,16,168,3651,heuristic,structured,solved-exact,completed,15129.0,9299.0,5606,20483.0,1022.0,19461.0,false,19128.0,49899.0,16181.0,15422.0,15422.0,20367.0,2.0262168627642434,0.9943367670751355,41,11620,1064,8000,1,0,1,0,0,154,3455,0,0,0,2,{},{},19618.0,19054.0,20483.0,2526,5497.0,49880.0,55377.0,2471.624266144814,,1.052515286984225,0.3698828033299023,1.0.0,4,0,8,16,1,0,1,false,1,152,32,98,616,28,196,392,196,200,18,484,114,0,0,0,0,0,0,0,0,0,24,0,0,0,0,14,2436,2,2,14,14,14,224,784,896,112,196,960,3528,800,76,308,100,16,60,484,5288,142,0,126,0,28,0,1,1,98,14,,,
403-mbb-ilist-callback-traits-removenodefrom-n4-d16.pbqp,llvm,4,5,16,64,1280,none,structured,solved-exact,completed,10402.0,7265.0,8448,5942.0,3401.0,2541.0,false,5811.0,8539.0,0.0,0.0,0.0,6442.0,1.3280040390440928,1.0841467519353754,6,8192,3584,0,0,0,0,0,0,0,0,0,1,1,2,{},{},9897.0,13705.0,5942.0,20299,16530.0,7303.0,23833.0,5968.5386650985,,2.33844942935852,0.24931817228212982,1.0.0,4,0,8,16,1,0,1,false,1,434,102,528,5392,320,2048,4224,2112,1062,54,3444,579,0,0,0,0,16,888,0,0,0,36,0,0,0,0,32,19168,3,3,48,80,80,2368,9472,9472,0,2112,2656,43008,4248,217,2696,531,51,166,3444,49912,723,0,672,0,128,4096,1,1,528,48,,,
403-mbb-ilist-callback-traits-removenodefrom-n4-d16.pbqp,llvm,4,5,16,64,1280,heuristic,structured,solved-exact,completed,10402.0,7265.0,8448,16768.0,3479.0,13289.0,false,16436.0,22629.0,10723.0,10765.0,10765.0,17493.0,1.1981750954198473,1.0432371183206106,12,16384,3584,0,0,0,0,0,0,0,0,0,1,1,2,{},{},20396.0,23597.0,16768.0,20299,18037.0,23459.0,41496.0,5834.722621442944,,1.2617954699375424,0.4040871409292462,1.0.0,4,0,8,16,1,0,1,false,1,434,102,528,5392,320,2048,4224,2112,1062,54,3444,579,0,0,0,0,16,888,0,0,0,36,0,0,0,0,32,19168,3,3,48,80,80,2368,9472,9472,0,2112,2656,43008,4248,217,2696,531,51,166,3444,49912,723,0,672,0,128,4096,1,1,528,48,,,
404-mbb-smallvectortemplatebase-growandpushb-n6-d16.pbqp,llvm,6,11,16,73,1313,none,structured,solved-exact,completed,10175.0,5463.0,3498,69374.0,27191.0,42183.0,false,66106.0,82266.0,0.0,5972.0,36213.0,75339.0,1.7064462190445988,1.0859832213797675,193,611288,43104,2000,28,27,21,2,530928,552,9036,910,14,14,27,"{""7"":2,""13"":1}","{""4"":2,""6"":1}",105651.0,161240.0,69374.0,131425,185347.0,111608.0,296955.0,4833.400757603619,,1.6445961643316027,0.23361788823222374,1.0.0,4,0,8,16,1,0,1,false,1,5874,1484,5355,32840,2400,9716,21224,10612,10954,864,24834,5268,0,0,0,0,224,12432,0,0,0,1464,81,6401,0,0,315,108038,122,122,620,844,844,12116,42910,48464,5554,10612,35120,207256,40176,2937,16420,5477,742,2195,24834,282552,6651,0,5909,0,1078,12544,1,1,5355,620,,,
404-mbb-smallvectortemplatebase-growandpushb-n6-d16.pbqp,llvm,6,11,16,73,1313,heuristic,structured,solved-exact,completed,10175.0,5463.0,3498,9416.0,0,9416.0,false,8662.0,19765.0,8500.0,7807.0,7807.0,9424.0,1.5640399320305862,1.0008496176720476,12,6472,3584,2000,1,0,1,0,0,73,1313,0,0,0,0,{},{},8690.0,10414.0,9416.0,0,0,14641.0,14641.0,,,1.0,0.6431254695717505,1.0.0,4,0,8,16,1,0,1,false,1,0,0,0,0,0,0,0,0,0,0,0,0,0,0,0,0,0,0,0,0,0,0,0,0,0,0,0,0,0,0,0,0,0,0,0,0,0,0,0,0,0,0,0,0,0,0,0,0,0,0,0,0,0,0,0,0,0,0,,,
405-mbb-smallvectortemplatebase-growandpushb-n6-d16.pbqp,llvm,6,11,16,73,1313,none,structured,solved-exact,completed,10163.0,5349.0,3498,67719.0,27444.0,40275.0,false,64638.0,79763.0,0.0,6060.0,37001.0,76339.0,1.7297508823225387,1.127290716047195,193,611288,43104,2000,28,27,21,2,530928,552,9036,910,14,14,27,"{""7"":2,""13"":1}","{""4"":2,""6"":1}",103207.0,98213.0,67719.0,131425,190981.0,115502.0,306483.0,4788.842734295292,,1.681415270018622,0.22095515901371365,1.0.0,4,0,8,16,1,0,1,false,1,5874,1484,5355,32840,2400,9716,21224,10612,10954,864,24834,5268,0,0,0,0,224,12432,0,0,0,1464,81,6401,0,0,315,108038,122,122,620,844,844,12116,42910,48464,5554,10612,35120,207256,40176,2937,16420,5477,742,2195,24834,282552,6651,0,5909,0,1078,12544,1,1,5355,620,,,
405-mbb-smallvectortemplatebase-growandpushb-n6-d16.pbqp,llvm,6,11,16,73,1313,heuristic,structured,solved-exact,completed,10163.0,5349.0,3498,9114.0,0,9114.0,false,8290.0,14431.0,8191.0,7681.0,7681.0,8911.0,1.619267061663375,0.977726574500768,12,6472,3584,2000,1,0,1,0,0,73,1313,0,0,0,0,{},{},8987.0,9826.0,9114.0,0,0,14812.0,14812.0,,,1.0,0.6153119092627599,1.0.0,4,0,8,16,1,0,1,false,1,0,0,0,0,0,0,0,0,0,0,0,0,0,0,0,0,0,0,0,0,0,0,0,0,0,0,0,0,0,0,0,0,0,0,0,0,0,0,0,0,0,0,0,0,0,0,0,0,0,0,0,0,0,0,0,0,0,0,,,
406-mbb-smallvectortemplatebase-growandpushb-n6-d16.pbqp,llvm,6,11,16,73,1313,none,structured,solved-exact,completed,10101.0,5441.0,3498,68263.0,26446.0,41817.0,false,64235.0,79612.0,0.0,5950.0,35486.0,73004.0,1.709505881663566,1.0694519725180551,193,611288,43104,2000,28,27,21,2,530928,552,9036,910,14,14,27,"{""7"":2,""13"":1}","{""4"":2,""6"":1}",99225.0,96333.0,68263.0,131425,190482.0,118262.0,308744.0,4969.560614081524,,1.6324222206279744,0.2210990335034851,1.0.0,4,0,8,16,1,0,1,false,1,5874,1484,5355,32840,2400,9716,21224,10612,10954,864,24834,5268,0,0,0,0,224,12432,0,0,0,1464,81,6401,0,0,315,108038,122,122,620,844,844,12116,42910,48464,5554,10612,35120,207256,40176,2937,16420,5477,742,2195,24834,282552,6651,0,5909,0,1078,12544,1,1,5355,620,,,
406-mbb-smallvectortemplatebase-growandpushb-n6-d16.pbqp,llvm,6,11,16,73,1313,heuristic,structured,solved-exact,completed,10101.0,5441.0,3498,8629.0,0,8629.0,false,8254.0,17911.0,7736.0,7458.0,7458.0,8687.0,1.6145555684320316,1.006721520454282,12,6472,3584,2000,1,0,1,0,0,73,1313,0,0,0,0,{},{},8796.0,9520.0,8629.0,0,0,15075.0,15075.0,,,1.0,0.5724046434494195,1.0.0,4,0,8,16,1,0,1,false,1,0,0,0,0,0,0,0,0,0,0,0,0,0,0,0,0,0,0,0,0,0,0,0,0,0,0,0,0,0,0,0,0,0,0,0,0,0,0,0,0,0,0,0,0,0,0,0,0,0,0,0,0,0,0,0,0,0,0,,,
407-mbb-smallvectortemplatebase-growandpushb-n6-d16.pbqp,llvm,6,11,16,73,1313,none,structured,solved-exact,completed,9456.0,5256.0,3498,67380.0,28565.0,38815.0,false,63007.0,70250.0,0.0,6347.0,37793.0,93141.0,1.768551498961116,1.3823241317898487,193,611288,43104,2000,28,27,21,2,530928,552,9036,910,14,14,27,"{""7"":2,""13"":1}","{""4"":2,""6"":1}",99914.0,98022.0,67380.0,131425,184022.0,110204.0,294226.0,4600.910204796079,,1.7359268324101507,0.22900763358778625,1.0.0,4,0,8,16,1,0,1,false,1,5874,1484,5355,32840,2400,9716,21224,10612,10954,864,24834,5268,0,0,0,0,224,12432,0,0,0,1464,81,6401,0,0,315,108038,122,122,620,844,844,12116,42910,48464,5554,10612,35120,207256,40176,2937,16420,5477,742,2195,24834,282552,6651,0,5909,0,1078,12544,1,1,5355,620,,,
407-mbb-smallvectortemplatebase-growandpushb-n6-d16.pbqp,llvm,6,11,16,73,1313,heuristic,structured,solved-exact,completed,9456.0,5256.0,3498,8776.0,0,8776.0,false,8155.0,20579.0,7876.0,7681.0,7681.0,9053.0,1.6623746581586143,1.031563354603464,12,6472,3584,2000,1,0,1,0,0,73,1313,0,0,0,0,{},{},9320.0,9976.0,8776.0,0,0,17059.0,17059.0,,,1.0,0.5144498505187878,1.0.0,4,0,8,16,1,0,1,false,1,0,0,0,0,0,0,0,0,0,0,0,0,0,0,0,0,0,0,0,0,0,0,0,0,0,0,0,0,0,0,0,0,0,0,0,0,0,0,0,0,0,0,0,0,0,0,0,0,0,0,0,0,0,0,0,0,0,0,,,
408-mbb-smallvectortemplatebase-growandpushb-n7-d16.pbqp,llvm,7,17,16,80,1824,none,structured,solved-exact,completed,9450.0,5601.0,3676,230674.0,74791.0,155883.0,false,228883.0,270858.0,0.0,7259.0,263851.0,322304.0,1.8625679530419552,1.3972272557808856,682,3440032,112640,3000,119,118,94,4,3203936,3477,65784,4242,49,49,49,"{""7"":11,""13"":1,""14"":2}","{""4"":7,""5"":4,""6"":2,""7"":1}",321114.0,318432.0,230674.0,380580,568074.0,434447.0,1002521.0,5088.580176759236,,1.4797893291763695,0.23009393319441687,1.0.0,4,0,8,16,1,0,1,false,1,18662,4912,17570,93088,7396,25088,56448,28224,36126,2949,73938,16179,0,0,0,0,784,43512,0,0,0,5916,395,29971,0,0,784,290864,493,493,1963,2747,2747,32484,115570,129936,14366,28224,110000,573328,127536,9331,46544,18063,2456,6875,73938,810864,20494,0,18038,0,3136,43904,1,1,17570,1963,,,
408-mbb-smallvectortemplatebase-growandpushb-n7-d16.pbqp,llvm,7,17,16,80,1824,heuristic,structured,solved-exact,completed,9450.0,5601.0,3676,9804.0,0,9804.0,false,9071.0,13954.0,8578.0,8866.0,8866.0,10519.0,1.8302733578131376,1.0729294165646674,16,6464,3584,3000,1,0,1,0,0,80,1824,0,0,0,0,{},{},10062.0,9480.0,9804.0,0,0,14449.0,14449.0,,,1.0,0.6785244653609246,1.0.0,4,0,8,16,1,0,1,false,1,0,0,0,0,0,0,0,0,0,0,0,0,0,0,0,0,0,0,0,0,0,0,0,0,0,0,0,0,0,0,0,0,0,0,0,0,0,0,0,0,0,0,0,0,0,0,0,0,0,0,0,0,0,0,0,0,0,0,,,
409-mbb-smallvectortemplatebase-growandpushb-n7-d16.pbqp,llvm,7,17,16,80,1824,none,structured,solved-exact,completed,9379.0,5622.0,3676,257049.0,76820.0,180229.0,false,239824.0,307725.0,0.0,9182.0,232550.0,289540.0,1.6708292971378997,1.1264000248979766,682,3440032,112640,3000,119,118,94,4,3203936,3477,65784,4242,49,49,49,"{""7"":11,""13"":1,""14"":2}","{""4"":7,""5"":4,""6"":2,""7"":1}",328736.0,383407.0,257049.0,380580,561536.0,424730.0,986266.0,4954.178599323093,,1.4262355114881622,0.2606284714265725,1.0.0,4,0,8,16,1,0,1,false,1,18662,4912,17570,93088,7396,25088,56448,28224,36126,2949,73938,16179,0,0,0,0,784,43512,0,0,0,5916,395,29971,0,0,784,290864,493,493,1963,2747,2747,32484,115570,129936,14366,28224,110000,573328,127536,9331,46544,18063,2456,6875,73938,810864,20494,0,18038,0,3136,43904,1,1,17570,1963,,,
409-mbb-smallvectortemplatebase-growandpushb-n7-d16.pbqp,llvm,7,17,16,80,1824,heuristic,structured,solved-exact,completed,9379.0,5622.0,3676,9943.0,0,9943.0,false,9676.0,14870.0,8706.0,8502.0,8502.0,10866.0,1.8072010459619834,1.0928291260183043,16,6464,3584,3000,1,0,1,0,0,80,1824,0,0,0,0,{},{},9529.0,9272.0,9943.0,0,0,16523.0,16523.0,,,1.0,0.6017672335532288,1.0.0,4,0,8,16,1,0,1,false,1,0,0,0,0,0,0,0,0,0,0,0,0,0,0,0,0,0,0,0,0,0,0,0,0,0,0,0,0,0,0,0,0,0,0,0,0,0,0,0,0,0,0,0,0,0,0,0,0,0,0,0,0,0,0,0,0,0,0,,,
410-mbb-smallvectortemplatebase-growandpushb-n7-d16.pbqp,llvm,7,17,16,80,1824,none,structured,solved-exact,completed,9526.0,5634.0,3676,253219.0,74309.0,178910.0,false,246669.0,354753.0,0.0,7492.0,227945.0,284476.0,1.7234488723200077,1.1234386045280962,682,3440032,112640,3000,119,118,94,4,3203936,3477,65784,4242,49,49,49,"{""7"":11,""13"":1,""14"":2}","{""4"":7,""5"":4,""6"":2,""7"":1}",320568.0,324432.0,253219.0,380580,564180.0,416931.0,981111.0,5121.586887187285,,1.4153429098429378,0.25809414021451194,1.0.0,4,0,8,16,1,0,1,false,1,18662,4912,17570,93088,7396,25088,56448,28224,36126,2949,73938,16179,0,0,0,0,784,43512,0,0,0,5916,395,29971,0,0,784,290864,493,493,1963,2747,2747,32484,115570,129936,14366,28224,110000,573328,127536,9331,46544,18063,2456,6875,73938,810864,20494,0,18038,0,3136,43904,1,1,17570,1963,,,
410-mbb-smallvectortemplatebase-growandpushb-n7-d16.pbqp,llvm,7,17,16,80,1824,heuristic,structured,solved-exact,completed,9526.0,5634.0,3676,10538.0,0,10538.0,false,9374.0,13940.0,9294.0,8040.0,8040.0,9789.0,1.681059024482824,0.9289238944771304,16,6464,3584,3000,1,0,1,0,0,80,1824,0,0,0,0,{},{},9815.0,9461.0,10538.0,0,0,15045.0,15045.0,,,1.0,0.7004320372216684,1.0.0,4,0,8,16,1,0,1,false,1,0,0,0,0,0,0,0,0,0,0,0,0,0,0,0,0,0,0,0,0,0,0,0,0,0,0,0,0,0,0,0,0,0,0,0,0,0,0,0,0,0,0,0,0,0,0,0,0,0,0,0,0,0,0,0,0,0,0,,,
411-mbb-opt-opt-n7-d16.pbqp,llvm,7,7,16,99,839,none,structured,solved-exact,completed,3989.0,2165.0,1918,3377.0,1789.0,1588.0,false,3238.0,5214.0,0.0,0.0,0.0,3852.0,1.792123186259994,1.1406573882143916,12,3752,1512,1000,0,0,0,0,0,0,0,0,1,5,1,{},{},3452.0,3861.0,3377.0,6167,10443.0,6589.0,17032.0,3447.177193963108,,2.126574307304786,0.19827383748238608,1.0.0,4,0,8,16,1,0,1,false,1,316,96,140,1654,196,420,1120,560,292,54,1131,188,0,0,0,0,35,1935,0,0,0,72,0,0,0,0,7,3962,6,6,42,49,49,616,2100,2464,364,560,1760,11340,1168,158,827,146,48,110,1131,14268,251,0,203,0,28,728,1,1,140,42,,,
411-mbb-opt-opt-n7-d16.pbqp,llvm,7,7,16,99,839,heuristic,structured,solved-exact,completed,3989.0,2165.0,1918,7916.0,1863.0,6053.0,false,6918.0,15623.0,4378.0,3939.0,3939.0,7830.0,1.593355229914098,0.9891359272359778,24,7504,1512,1000,0,0,0,0,0,0,0,0,1,5,1,{},{},7261.0,7515.0,7916.0,6167,9982.0,11112.0,21094.0,3310.252281266774,,1.3077812654881877,0.3752725893619039,1.0.0,4,0,8,16,1,0,1,false,1,316,96,140,1654,196,420,1120,560,292,54,1131,188,0,0,0,0,35,1935,0,0,0,72,0,0,0,0,7,3962,6,6,42,49,49,616,2100,2464,364,560,1760,11340,1168,158,827,146,48,110,1131,14268,251,0,203,0,28,728,1,1,140,42,,,
412-mbb-llvm-buildmi-n19-d17.pbqp,llvm,19,71,17,228,6507,none,structured,search-node-limit,not_attempted_cpu_incomplete,28097.0,15773.0,9854,,,,,,,,,,,,,,,,,,,,,,,,,,,,,,,,,,,,,,,,,,,,,,,,,,,,,,,,,,,,,,,,,,,,,,,,,,,,,,,,,,,,,,,,,,,,,,,,,,,,,,,,,,,,,,,
412-mbb-llvm-buildmi-n19-d17.pbqp,llvm,19,71,17,228,6507,heuristic,structured,solved-exact,completed,28097.0,15773.0,9854,35620.0,563.0,35057.0,false,29867.0,79883.0,30187.0,24812.0,24812.0,30889.0,1.732060640089837,0.8671813587871982,50,15608,3584,7000,1,0,1,0,0,197,6311,0,1,0,1,{},{},32072.0,37624.0,35620.0,1963,3220.0,81107.0,84327.0,3486.678507992895,,1.016059560144907,0.42240326348619067,1.0.0,4,0,8,16,1,0,1,false,1,76,16,49,504,28,196,392,196,100,9,340,57,0,0,0,0,0,0,0,0,0,12,0,0,0,0,7,1918,1,1,7,7,7,224,784,896,112,196,480,3528,400,38,252,50,8,30,340,4408,71,0,63,0,14,0,1,1,49,7,,,
413-mbb-smallset-insertimpl-n31-d16.pbqp,llvm,31,149,16,377,15472,none,structured,search-node-limit,not_attempted_cpu_incomplete,60468.0,38910.0,22315,,,,,,,,,,,,,,,,,,,,,,,,,,,,,,,,,,,,,,,,,,,,,,,,,,,,,,,,,,,,,,,,,,,,,,,,,,,,,,,,,,,,,,,,,,,,,,,,,,,,,,,,,,,,,,,
413-mbb-smallset-insertimpl-n31-d16.pbqp,llvm,31,149,16,377,15472,heuristic,structured,search-node-limit,not_attempted_cpu_incomplete,60468.0,38910.0,22315,,,,,,,,,,,,,,,,,,,,,,,,,,,,,,,,,,,,,,,,,,,,,,,,,,,,,,,,,,,,,,,,,,,,,,,,,,,,,,,,,,,,,,,,,,,,,,,,,,,,,,,,,,,,,,,
414-mbb-smallset-insertimpl-n37-d16-r1.pbqp,llvm,37,125,16,494,14742,none,structured,search-node-limit,not_attempted_cpu_incomplete,62570.0,36612.0,23001,,,,,,,,,,,,,,,,,,,,,,,,,,,,,,,,,,,,,,,,,,,,,,,,,,,,,,,,,,,,,,,,,,,,,,,,,,,,,,,,,,,,,,,,,,,,,,,,,,,,,,,,,,,,,,,
414-mbb-smallset-insertimpl-n37-d16-r1.pbqp,llvm,37,125,16,494,14742,heuristic,structured,solved-exact,completed,62570.0,36612.0,23001,79347.0,3402.0,75945.0,false,70023.0,171680.0,64601.0,56051.0,56051.0,71829.0,1.9565074924067702,0.9052516163181973,109,34508,3584,10000,1,0,1,0,0,414,13782,0,0,3,2,{},{},73245.0,94172.0,79347.0,13533,16778.0,149720.0,166498.0,3977.9541446208113,,1.0447955757456053,0.4765642830544511,1.0.0,4,0,8,16,1,0,1,false,1,440,116,335,3620,276,1220,2680,1340,680,63,2370,393,0,0,0,0,30,1662,0,0,0,60,0,0,0,0,23,11574,5,5,53,69,69,1496,5984,5984,0,1340,2592,28352,2720,220,1810,340,58,162,2370,33664,501,0,443,0,78,2048,1,1,335,53,,,
415-mbb-setvector-insert-n20-d16.pbqp,llvm,20,73,16,264,12333,none,structured,search-node-limit,not_attempted_cpu_incomplete,37191.0,23037.0,17121,,,,,,,,,,,,,,,,,,,,,,,,,,,,,,,,,,,,,,,,,,,,,,,,,,,,,,,,,,,,,,,,,,,,,,,,,,,,,,,,,,,,,,,,,,,,,,,,,,,,,,,,,,,,,,,
415-mbb-setvector-insert-n20-d16.pbqp,llvm,20,73,16,264,12333,heuristic,structured,solved-exact,completed,37191.0,23037.0,17121,42427.0,666.0,41761.0,false,38667.0,91474.0,35586.0,31583.0,31583.0,38833.0,2.5579937304075235,0.9152897918778137,53,16956,1568,6000,1,0,1,0,0,248,12109,0,0,0,1,{},{},42971.0,51268.0,42427.0,2035,3316.0,101490.0,104806.0,3055.5555555555557,,1.0159478939680564,0.4048146098505811,1.0.0,4,0,8,16,1,0,1,false,1,76,16,49,552,28,196,392,196,100,9,364,57,0,0,0,0,0,0,0,0,0,12,0,0,0,0,7,1990,1,1,7,7,7,224,896,896,0,196,480,4032,400,38,276,50,8,30,364,4912,71,0,63,0,14,0,1,1,49,7,,,
416-mbb-setvector-remove-n37-d16.pbqp,llvm,37,178,16,565,36471,none,structured,search-node-limit,not_attempted_cpu_incomplete,81347.0,54481.0,44232,,,,,,,,,,,,,,,,,,,,,,,,,,,,,,,,,,,,,,,,,,,,,,,,,,,,,,,,,,,,,,,,,,,,,,,,,,,,,,,,,,,,,,,,,,,,,,,,,,,,,,,,,,,,,,,
416-mbb-setvector-remove-n37-d16.pbqp,llvm,37,178,16,565,36471,heuristic,structured,solved-exact,completed,81347.0,54481.0,44232,117802.0,0,117802.0,false,98036.0,218947.0,100028.0,82147.0,82147.0,98288.0,1.6231982479075058,0.8343491621534439,103,32664,2432,2000,1,0,1,0,0,565,36471,0,0,0,0,{},{},100793.0,119487.0,117802.0,0,0,193942.0,193942.0,,,1.0,0.607408400449619,1.0.0,4,0,8,16,1,0,1,false,1,0,0,0,0,0,0,0,0,0,0,0,0,0,0,0,0,0,0,0,0,0,0,0,0,0,0,0,0,0,0,0,0,0,0,0,0,0,0,0,0,0,0,0,0,0,0,0,0,0,0,0,0,0,0,0,0,0,0,,,
417-mbb-llvm-operator-n2-d15.pbqp,llvm,2,1,15,22,105,none,structured,solved-exact,completed,604.0,198.0,105,608.0,286.0,322.0,false,548.0,1389.0,0.0,0.0,0.0,727.0,2.0740131578947367,1.1957236842105263,2,960,960,1000,0,0,0,0,0,0,0,0,1,1,0,{},{},501.0,509.0,608.0,608,4100.0,2393.0,6493.0,2125.874125874126,,1.8881987577639752,0.09363930386570153,1.0.0,4,0,8,16,1,0,1,false,1,96,32,15,134,30,0,60,30,32,17,131,31,0,0,0,0,15,531,0,0,0,12,0,0,0,0,0,0,1,1,15,15,15,30,105,120,15,30,512,840,128,48,67,16,16,32,131,1480,46,0,30,0,0,0,1,1,15,15,,,
417-mbb-llvm-operator-n2-d15.pbqp,llvm,2,1,15,22,105,heuristic,structured,solved-exact,completed,604.0,198.0,105,1250.0,296.0,954.0,false,1120.0,2189.0,659.0,625.0,625.0,1537.0,2.1176,1.2296,4,1920,960,1000,0,0,0,0,0,0,0,0,1,1,0,{},{},1046.0,1075.0,1250.0,608,3785.0,4063.0,7848.0,2054.054054054054,,1.310272536687631,0.15927624872579002,1.0.0,4,0,8,16,1,0,1,false,1,96,32,15,134,30,0,60,30,32,17,131,31,0,0,0,0,15,531,0,0,0,12,0,0,0,0,0,0,1,1,15,15,15,30,105,120,15,30,512,840,128,48,67,16,16,32,131,1480,46,0,30,0,0,0,1,1,15,15,,,
418-mbb-slotindexes-getindexafter-n21-d16.pbqp,llvm,21,133,16,335,33776,none,structured,search-node-limit,not_attempted_cpu_incomplete,59548.0,42666.0,41201,,,,,,,,,,,,,,,,,,,,,,,,,,,,,,,,,,,,,,,,,,,,,,,,,,,,,,,,,,,,,,,,,,,,,,,,,,,,,,,,,,,,,,,,,,,,,,,,,,,,,,,,,,,,,,,
418-mbb-slotindexes-getindexafter-n21-d16.pbqp,llvm,21,133,16,335,33776,heuristic,structured,search-node-limit,not_attempted_cpu_incomplete,59548.0,42666.0,41201,,,,,,,,,,,,,,,,,,,,,,,,,,,,,,,,,,,,,,,,,,,,,,,,,,,,,,,,,,,,,,,,,,,,,,,,,,,,,,,,,,,,,,,,,,,,,,,,,,,,,,,,,,,,,,,
419-mbb-slotindexes-getindexbefore-n19-d16.pbqp,llvm,19,131,16,303,33264,none,structured,search-node-limit,not_attempted_cpu_incomplete,59215.0,40470.0,40705,,,,,,,,,,,,,,,,,,,,,,,,,,,,,,,,,,,,,,,,,,,,,,,,,,,,,,,,,,,,,,,,,,,,,,,,,,,,,,,,,,,,,,,,,,,,,,,,,,,,,,,,,,,,,,,
419-mbb-slotindexes-getindexbefore-n19-d16.pbqp,llvm,19,131,16,303,33264,heuristic,structured,search-node-limit,not_attempted_cpu_incomplete,59215.0,40470.0,40705,,,,,,,,,,,,,,,,,,,,,,,,,,,,,,,,,,,,,,,,,,,,,,,,,,,,,,,,,,,,,,,,,,,,,,,,,,,,,,,,,,,,,,,,,,,,,,,,,,,,,,,,,,,,,,,
420-mbb-slotindexes-getinstructionindex-n20-d16.pbqp,llvm,20,75,16,317,18754,none,structured,search-node-limit,not_attempted_cpu_incomplete,49493.0,34976.0,27657,,,,,,,,,,,,,,,,,,,,,,,,,,,,,,,,,,,,,,,,,,,,,,,,,,,,,,,,,,,,,,,,,,,,,,,,,,,,,,,,,,,,,,,,,,,,,,,,,,,,,,,,,,,,,,,
420-mbb-slotindexes-getinstructionindex-n20-d16.pbqp,llvm,20,75,16,317,18754,heuristic,structured,solved-exact,completed,49493.0,34976.0,27657,56449.0,0,56449.0,false,50193.0,96258.0,48823.0,65092.0,65092.0,74671.0,1.8278446030930575,1.3228046555297703,51,18744,3360,0,1,0,1,0,0,301,18754,0,1,0,0,{},{},58273.0,71910.0,56449.0,0,0,64772.0,64772.0,,,1.0,0.8715031186315074,1.0.0,4,0,8,16,1,0,1,false,1,0,0,0,0,0,0,0,0,0,0,0,0,0,0,0,0,0,0,0,0,0,0,0,0,0,0,0,0,0,0,0,0,0,0,0,0,0,0,0,0,0,0,0,0,0,0,0,0,0,0,0,0,0,0,0,0,0,0,,,
421-mbb-machinebasicblock-getfullname-abi-cx-n35-d16.pbqp,llvm,35,103,16,500,14297,none,structured,search-node-limit,not_attempted_cpu_incomplete,67614.0,43461.0,24302,,,,,,,,,,,,,,,,,,,,,,,,,,,,,,,,,,,,,,,,,,,,,,,,,,,,,,,,,,,,,,,,,,,,,,,,,,,,,,,,,,,,,,,,,,,,,,,,,,,,,,,,,,,,,,,
421-mbb-machinebasicblock-getfullname-abi-cx-n35-d16.pbqp,llvm,35,103,16,500,14297,heuristic,structured,solved-exact,completed,67614.0,43461.0,24302,84098.0,4570.0,79528.0,false,77896.0,147202.0,68442.0,61329.0,61329.0,77470.0,1.7061166734048372,0.9211871863777973,99,36264,2432,5000,1,0,1,0,0,422,12933,0,0,1,4,{},{},81881.0,96520.0,84098.0,15361,18509.0,159649.0,178158.0,3361.269146608315,,1.0574640378231566,0.4720416708764131,1.0.0,4,0,8,16,1,0,1,false,1,512,112,371,4236,232,1456,2968,1484,752,61,2750,427,0,0,0,0,7,387,0,0,0,60,0,0,0,0,44,14685,5,5,51,58,58,1688,6633,6752,119,1484,3200,30160,3008,256,2118,376,56,200,2750,36368,536,0,480,0,102,896,1,1,371,51,,,
422-mbb-machinebasicblock-issuccessor-n10-d16.pbqp,llvm,10,30,16,159,7552,none,structured,solved-exact,completed,24351.0,16942.0,15035,1001162.0,286629.0,714533.0,false,958905.0,1036757.0,0.0,23173.0,965096.0,1138353.0,1.446315381526666,1.137031769084324,1944,16213904,225840,0,353,352,322,5,15606272,16580,518176,22944,129,128,129,"{""16"":22}","{""4"":8,""5"":7,""6"":4,""7"":2,""8"":1}",1786622.0,1873337.0,1001162.0,1475078,1788434.0,1561896.0,3350330.0,5146.2971297391405,,1.4011417247348967,0.2988248918763226,1.0.0,4,0,8,16,1,0,1,false,1,53564,14304,55952,367712,29496,123840,264064,132032,115330,8865,268303,41616,0,0,0,0,2048,113664,0,0,0,20556,1456,151472,0,0,1935,1159065,1713,1713,5439,7374,7374,153336,610944,613344,2400,132032,314080,2906112,369544,26782,183856,57665,7152,19630,268303,3589736,52860,0,45708,0,7740,247680,1,1,55952,5439,,,
422-mbb-machinebasicblock-issuccessor-n10-d16.pbqp,llvm,10,30,16,159,7552,heuristic,structured,solved-exact,completed,24351.0,16942.0,15035,27189.0,1622.0,25567.0,false,26680.0,52762.0,21563.0,21700.0,21700.0,28165.0,1.4479385045422781,1.035896870057744,23,15024,3360,0,1,0,1,0,0,127,7056,0,1,0,1,{},{},28658.0,36385.0,27189.0,9062,6676.0,53766.0,60442.0,5586.929716399507,,1.0634411546133689,0.4498362066112968,1.0.0,4,0,8,16,1,0,1,false,1,156,32,240,2400,120,960,1920,960,482,17,1519,256,0,0,0,0,0,0,0,0,0,12,0,0,0,0,15,8985,1,1,15,30,30,1080,4320,4320,0,960,992,19200,1928,78,1200,241,16,62,1519,22120,316,0,300,0,60,1920,1,1,240,15,,,
423-mbb-machinebasicblock-getendsymbol-n9-d16.pbqp,llvm,9,15,16,134,2665,none,structured,solved-exact,completed,24758.0,15488.0,11925,32660.0,16253.0,16407.0,false,31150.0,35938.0,0.0,11831.0,15798.0,36006.0,1.4710042865890998,1.1024494794856092,67,233768,31072,1000,8,7,5,1,191408,0,0,336,7,8,11,"{""7"":1}","{""4"":1}",54035.0,101400.0,32660.0,95725,98001.0,51020.0,149021.0,5889.681904879099,,1.9906137624184799,0.21916374202293637,1.0.0,4,0,8,16,1,0,1,false,1,2792,694,2695,25238,1704,8960,18872,9436,5470,387,16750,2727,0,0,0,0,119,6603,0,0,0,480,21,2205,0,0,167,85009,40,40,307,426,426,10664,42528,42656,128,9436,16784,197312,20536,1396,12619,2735,347,1049,16750,234632,3439,0,3092,0,572,15232,1,1,2695,307,,,
423-mbb-machinebasicblock-getendsymbol-n9-d16.pbqp,llvm,9,15,16,134,2665,heuristic,structured,solved-exact,completed,24758.0,15488.0,11925,29271.0,4232.0,25039.0,false,26881.0,51003.0,21304.0,19308.0,19308.0,27584.0,1.22790475214376,0.9423661644631205,27,23584,3584,1000,1,0,1,0,0,55,1104,0,0,1,4,{},{},34907.0,39518.0,29271.0,18641,21621.0,59503.0,81124.0,4404.773156899811,,1.1690163345181517,0.36081800700162714,1.0.0,4,0,8,16,1,0,1,false,1,622,134,455,5078,276,1792,3640,1820,920,72,3310,522,0,0,0,0,7,387,0,0,0,60,0,0,0,0,55,17921,5,5,62,69,69,2068,8144,8272,128,1820,3904,36928,3680,311,2539,460,67,244,3310,44512,653,0,586,0,124,896,1,1,455,62,,,
424-mbb-machinebasicblock-isentryblock-n3-d16.pbqp,llvm,3,1,16,48,256,none,structured,solved-exact,completed,751.0,214.0,256,639.0,327.0,312.0,false,532.0,1551.0,0.0,0.0,0.0,772.0,2.3974960876369327,1.2081377151799686,2,1024,1024,0,0,0,0,0,0,0,0,0,2,1,0,{},{},484.0,678.0,639.0,969,3947.0,2216.0,6163.0,2963.302752293578,,2.048076923076923,0.10368327113418789,1.0.0,4,0,8,16,1,0,1,false,1,102,34,16,272,64,0,128,64,34,18,204,33,0,0,0,0,16,888,0,0,0,12,0,0,0,0,0,0,1,1,16,16,16,64,256,256,0,64,544,2048,136,51,136,17,17,34,204,2728,49,0,32,0,0,0,1,1,16,16,,,
424-mbb-machinebasicblock-isentryblock-n3-d16.pbqp,llvm,3,1,16,48,256,heuristic,structured,solved-exact,completed,751.0,214.0,256,1483.0,309.0,1174.0,false,1287.0,11515.0,724.0,709.0,709.0,1498.0,1.9325691166554282,1.0101146325016859,4,2048,1024,0,0,0,0,0,0,0,0,0,2,1,0,{},{},1235.0,1329.0,1483.0,969,3974.0,3253.0,7227.0,3135.9223300970875,,1.2632027257240204,0.20520271205202711,1.0.0,4,0,8,16,1,0,1,false,1,102,34,16,272,64,0,128,64,34,18,204,33,0,0,0,0,16,888,0,0,0,12,0,0,0,0,0,0,1,1,16,16,16,64,256,256,0,64,544,2048,136,51,136,17,17,34,204,2728,49,0,32,0,0,0,1,1,16,16,,,
425-mbb-machinebasicblock-livein-begin-n2-d16.pbqp,llvm,2,0,16,32,0,none,structured,solved-exact,completed,206.0,0,0,119.0,0,119.0,false,57.0,254.0,0.0,0.0,0.0,166.0,4.294117647058823,1.3949579831932772,0,0,0,0,0,0,0,0,0,0,0,0,2,0,0,{},{},93.0,107.0,119.0,0,0,750.0,750.0,,,1.0,0.15866666666666668,1.0.0,4,0,8,16,1,0,1,false,1,0,0,0,0,0,0,0,0,0,0,0,0,0,0,0,0,0,0,0,0,0,0,0,0,0,0,0,0,0,0,0,0,0,0,0,0,0,0,0,0,0,0,0,0,0,0,0,0,0,0,0,0,0,0,0,0,0,0,,,
425-mbb-machinebasicblock-livein-begin-n2-d16.pbqp,llvm,2,0,16,32,0,heuristic,structured,solved-exact,completed,206.0,0,0,384.0,0,384.0,false,352.0,596.0,246.0,303.0,303.0,589.0,3.4713541666666665,1.5338541666666667,0,0,0,0,0,0,0,0,0,0,0,0,2,0,0,{},{},399.0,361.0,384.0,0,0,1325.0,1325.0,,,1.0,0.289811320754717,1.0.0,4,0,8,16,1,0,1,false,1,0,0,0,0,0,0,0,0,0,0,0,0,0,0,0,0,0,0,0,0,0,0,0,0,0,0,0,0,0,0,0,0,0,0,0,0,0,0,0,0,0,0,0,0,0,0,0,0,0,0,0,0,0,0,0,0,0,0,,,
426-mbb-machinebasicblock-ispredecessor-n10-d16.pbqp,llvm,10,30,16,159,7552,none,structured,solved-exact,completed,27284.0,17214.0,15035,967606.0,282274.0,685332.0,false,947932.0,1023315.0,0.0,17523.0,918592.0,1097551.0,1.5327757372318898,1.134295364022133,1944,16213904,225840,0,353,352,322,5,15606272,16580,518176,22944,129,128,129,"{""16"":22}","{""4"":8,""5"":7,""6"":4,""7"":2,""8"":1}",1829730.0,1891368.0,967606.0,1475078,1772633.0,1567277.0,3339910.0,5225.695600728371,,1.411879205990673,0.28971020177190404,1.0.0,4,0,8,16,1,0,1,false,1,53564,14304,55952,367712,29496,123840,264064,132032,115330,8865,268303,41616,0,0,0,0,2048,113664,0,0,0,20556,1456,151472,0,0,1935,1159065,1713,1713,5439,7374,7374,153336,610944,613344,2400,132032,314080,2906112,369544,26782,183856,57665,7152,19630,268303,3589736,52860,0,45708,0,7740,247680,1,1,55952,5439,,,
426-mbb-machinebasicblock-ispredecessor-n10-d16.pbqp,llvm,10,30,16,159,7552,heuristic,structured,solved-exact,completed,27284.0,17214.0,15035,27887.0,1611.0,26276.0,false,26187.0,54298.0,22104.0,20936.0,20936.0,28653.0,1.3537131996987843,1.0274679958403556,23,15024,3360,0,1,0,1,0,0,127,7056,0,1,0,1,{},{},31645.0,40273.0,27887.0,9062,6869.0,55237.0,62106.0,5625.077591558039,,1.061310701781093,0.4490226387144559,1.0.0,4,0,8,16,1,0,1,false,1,156,32,240,2400,120,960,1920,960,482,17,1519,256,0,0,0,0,0,0,0,0,0,12,0,0,0,0,15,8985,1,1,15,30,30,1080,4320,4320,0,960,992,19200,1928,78,1200,241,16,62,1519,22120,316,0,300,0,60,1920,1,1,240,15,,,
427-mbb-machinebasicblock-liveout-begin-n23-d16.pbqp,llvm,23,102,16,298,13784,none,structured,search-node-limit,not_attempted_cpu_incomplete,42123.0,26255.0,19644,,,,,,,,,,,,,,,,,,,,,,,,,,,,,,,,,,,,,,,,,,,,,,,,,,,,,,,,,,,,,,,,,,,,,,,,,,,,,,,,,,,,,,,,,,,,,,,,,,,,,,,,,,,,,,,
427-mbb-machinebasicblock-liveout-begin-n23-d16.pbqp,llvm,23,102,16,298,13784,heuristic,structured,solved-exact,completed,42123.0,26255.0,19644,48344.0,0,48344.0,false,47439.0,111270.0,40819.0,39709.0,39709.0,47868.0,1.8376013569419163,0.9901538970709912,64,18508,3584,7000,1,0,1,0,0,298,13784,0,0,0,0,{},{},50795.0,58644.0,48344.0,0,0,113628.0,113628.0,,,1.0,0.42545851374661176,1.0.0,4,0,8,16,1,0,1,false,1,0,0,0,0,0,0,0,0,0,0,0,0,0,0,0,0,0,0,0,0,0,0,0,0,0,0,0,0,0,0,0,0,0,0,0,0,0,0,0,0,0,0,0,0,0,0,0,0,0,0,0,0,0,0,0,0,0,0,,,
428-mbb-machinebasicblock-printasoperand-n7-d16.pbqp,llvm,7,12,16,93,1562,none,structured,solved-exact,completed,6698.0,10917.0,2901,89900.0,35651.0,54249.0,false,84765.0,96221.0,0.0,7810.0,53256.0,115235.0,2.0637152391546163,1.281813125695217,357,1135956,45536,2000,49,48,43,2,1049856,690,11295,1440,32,33,48,"{""16"":3}","{""4"":2,""6"":1}",131235.0,128090.0,89900.0,144704,223406.0,165858.0,389264.0,4058.904378558806,,1.6571734041180484,0.23094866209050927,1.0.0,4,0,8,16,1,0,1,false,1,7248,1872,6039,35766,2652,10304,22456,11228,12528,1161,27771,5679,0,0,0,0,231,12771,0,0,0,2700,144,10320,0,0,336,114944,225,225,711,935,935,12956,47689,51824,4135,11228,43008,230984,44352,3624,17883,6264,936,2688,27771,318344,7174,0,6238,0,1120,12544,1,1,6039,711,,,
428-mbb-machinebasicblock-printasoperand-n7-d16.pbqp,llvm,7,12,16,93,1562,heuristic,structured,solved-exact,completed,6698.0,10917.0,2901,8238.0,269.0,7969.0,false,7881.0,22519.0,6817.0,6913.0,6913.0,8883.0,1.8356397183782471,1.0782957028404954,16,4968,1568,2000,1,0,1,0,0,78,1457,0,0,1,0,{},{},7849.0,8237.0,8238.0,432,2226.0,24454.0,26680.0,1605.9479553903345,,1.0337558037394905,0.30877061469265366,1.0.0,4,0,8,16,1,0,1,false,1,48,16,7,118,28,0,56,28,16,9,91,15,0,0,0,0,7,387,0,0,0,12,0,0,0,0,0,0,1,1,7,7,7,28,105,112,7,28,256,840,64,24,59,8,8,16,91,1160,22,0,14,0,0,0,1,1,7,7,,,
429-mbb-machinebasicblock-getehcontsymbol-n22-d17.pbqp,llvm,22,56,17,313,6477,none,structured,search-node-limit,not_attempted_cpu_incomplete,24223.0,14368.0,9257,,,,,,,,,,,,,,,,,,,,,,,,,,,,,,,,,,,,,,,,,,,,,,,,,,,,,,,,,,,,,,,,,,,,,,,,,,,,,,,,,,,,,,,,,,,,,,,,,,,,,,,,,,,,,,,
429-mbb-machinebasicblock-getehcontsymbol-n22-d17.pbqp,llvm,22,56,17,313,6477,heuristic,structured,solved-exact,completed,24223.0,14368.0,9257,30016.0,0,30016.0,false,27183.0,105437.0,25735.0,22707.0,22707.0,27327.0,2.105410447761194,0.9104144456289979,53,12496,2280,4000,1,0,1,0,0,279,6477,0,2,0,0,{},{},26857.0,29908.0,30016.0,0,0,73508.0,73508.0,,,1.0,0.4083365075910105,1.0.0,4,0,8,16,1,0,1,false,1,0,0,0,0,0,0,0,0,0,0,0,0,0,0,0,0,0,0,0,0,0,0,0,0,0,0,0,0,0,0,0,0,0,0,0,0,0,0,0,0,0,0,0,0,0,0,0,0,0,0,0,0,0,0,0,0,0,0,,,
430-mbb-machinebasicblock-getendclobbermask-n12-d16.pbqp,llvm,12,30,16,165,4771,none,structured,search-node-limit,not_attempted_cpu_incomplete,27141.0,17550.0,9821,,,,,,,,,,,,,,,,,,,,,,,,,,,,,,,,,,,,,,,,,,,,,,,,,,,,,,,,,,,,,,,,,,,,,,,,,,,,,,,,,,,,,,,,,,,,,,,,,,,,,,,,,,,,,,,
430-mbb-machinebasicblock-getendclobbermask-n12-d16.pbqp,llvm,12,30,16,165,4771,heuristic,structured,solved-exact,completed,27141.0,17550.0,9821,25226.0,1285.0,23941.0,false,22807.0,53229.0,20597.0,18171.0,18171.0,24089.0,1.5198208197891065,0.9549274557995718,30,12036,3456,2000,1,0,1,0,0,125,4323,0,1,0,2,{},{},26047.0,27708.0,25226.0,4070,5968.0,71380.0,77348.0,3167.315175097276,,1.0536736143018253,0.3261364224026478,1.0.0,4,0,8,16,1,0,1,false,1,152,32,98,1104,56,392,784,392,200,18,728,114,0,0,0,0,0,0,0,0,0,24,0,0,0,0,14,3980,2,2,14,14,14,448,1792,1792,0,392,960,8064,800,76,552,100,16,60,728,9824,142,0,126,0,28,0,1,1,98,14,,,
431-mbb-machinebasicblock-hasehpadsuccessor-n7-d16.pbqp,llvm,7,13,16,112,3328,none,structured,solved-exact,completed,10054.0,6455.0,7200,1111418.0,523243.0,588175.0,false,1075535.0,1122026.0,0.0,9805.0,1110341.0,1196503.0,1.5723904057699263,1.0765553554108356,2519,9060748,72704,0,337,336,56,3,7703808,2080,55296,16128,288,289,288,"{""16"":21}","{""4"":18,""5"":2,""6"":1}",1624901.0,3614796.0,1111418.0,3190569,3163793.0,1578484.0,4742277.0,6097.68119210386,,1.889604284439155,0.23436378769101848,1.0.0,4,0,8,16,1,0,1,false,1,91398,23650,94480,832016,59392,294912,626816,313408,192130,13410,557772,91185,0,0,0,0,4624,256632,0,0,0,19020,1008,105840,0,0,4608,2760192,1585,1585,10240,14848,14848,354304,1417216,1417216,0,313408,541984,6619136,704008,45699,416008,96065,11825,33874,557772,7865128,115249,0,103424,0,18432,589824,1,1,94480,10240,,,
431-mbb-machinebasicblock-hasehpadsuccessor-n7-d16.pbqp,llvm,7,13,16,112,3328,heuristic,structured,solved-exact,completed,10054.0,6455.0,7200,11163.0,383.0,10780.0,false,10624.0,23267.0,9185.0,9183.0,9183.0,11749.0,1.5989429364866075,1.0524948490549135,17,8144,3584,0,1,0,1,0,0,96,3072,0,0,1,0,{},{},10918.0,14454.0,11163.0,969,4168.0,23815.0,27983.0,2530.0261096605745,,1.0355287569573284,0.3989207733266626,1.0.0,4,0,8,16,1,0,1,false,1,102,34,16,272,64,0,128,64,34,18,204,33,0,0,0,0,16,888,0,0,0,12,0,0,0,0,0,0,1,1,16,16,16,64,256,256,0,64,544,2048,136,51,136,17,17,34,204,2728,49,0,32,0,0,0,1,1,16,16,,,
432-mbb-machinebasicblock-islayoutsuccessor-n3-d16.pbqp,llvm,3,1,16,47,240,none,structured,solved-exact,completed,1032.0,273.0,240,712.0,364.0,348.0,false,589.0,1821.0,0.0,0.0,0.0,805.0,2.231741573033708,1.1306179775280898,2,960,960,0,0,0,0,0,0,0,0,0,2,1,0,{},{},482.0,640.0,712.0,908,4217.0,2341.0,6558.0,2494.5054945054944,,2.045977011494253,0.10856968587984142,1.0.0,4,0,8,16,1,0,1,false,1,96,32,15,254,60,0,120,60,32,17,191,31,0,0,0,0,15,831,0,0,0,12,0,0,0,0,0,0,1,1,15,15,15,60,240,240,0,60,512,1920,128,48,127,16,16,32,191,2560,46,0,30,0,0,0,1,1,15,15,,,
432-mbb-machinebasicblock-islayoutsuccessor-n3-d16.pbqp,llvm,3,1,16,47,240,heuristic,structured,solved-exact,completed,1032.0,273.0,240,1412.0,336.0,1076.0,false,1318.0,2765.0,752.0,766.0,766.0,1708.0,2.2174220963172804,1.2096317280453257,4,1920,960,0,0,0,0,0,0,0,0,0,2,1,0,{},{},1336.0,1313.0,1412.0,908,4077.0,3871.0,7948.0,2702.3809523809523,,1.312267657992565,0.17765475591343735,1.0.0,4,0,8,16,1,0,1,false,1,96,32,15,254,60,0,120,60,32,17,191,31,0,0,0,0,15,831,0,0,0,12,0,0,0,0,0,0,1,1,15,15,15,60,240,240,0,60,512,1920,128,48,127,16,16,32,191,2560,46,0,30,0,0,0,1,1,15,15,,,
433-mbb-machinebasicblock-getsinglesuccessor-n3-d16.pbqp,llvm,3,0,16,48,0,none,structured,solved-exact,completed,187.0,0,0,147.0,0,147.0,false,87.0,243.0,0.0,0.0,0.0,233.0,4.9523809523809526,1.5850340136054422,0,0,0,0,0,0,0,0,0,0,0,0,3,0,0,{},{},135.0,121.0,147.0,0,0,838.0,838.0,,,1.0,0.17541766109785203,1.0.0,4,0,8,16,1,0,1,false,1,0,0,0,0,0,0,0,0,0,0,0,0,0,0,0,0,0,0,0,0,0,0,0,0,0,0,0,0,0,0,0,0,0,0,0,0,0,0,0,0,0,0,0,0,0,0,0,0,0,0,0,0,0,0,0,0,0,0,,,
433-mbb-machinebasicblock-getsinglesuccessor-n3-d16.pbqp,llvm,3,0,16,48,0,heuristic,structured,solved-exact,completed,187.0,0,0,425.0,0,425.0,false,362.0,558.0,245.0,327.0,327.0,625.0,3.938823529411765,1.4705882352941178,0,0,0,0,0,0,0,0,0,0,0,0,3,0,0,{},{},411.0,432.0,425.0,0,0,1267.0,1267.0,,,1.0,0.3354380426203631,1.0.0,4,0,8,16,1,0,1,false,1,0,0,0,0,0,0,0,0,0,0,0,0,0,0,0,0,0,0,0,0,0,0,0,0,0,0,0,0,0,0,0,0,0,0,0,0,0,0,0,0,0,0,0,0,0,0,0,0,0,0,0,0,0,0,0,0,0,0,,,
434-mbb-machinebasicblock-getsuccprobability-n17-d16.pbqp,llvm,17,60,16,267,14802,none,structured,search-node-limit,not_attempted_cpu_incomplete,61607.0,43439.0,32441,,,,,,,,,,,,,,,,,,,,,,,,,,,,,,,,,,,,,,,,,,,,,,,,,,,,,,,,,,,,,,,,,,,,,,,,,,,,,,,,,,,,,,,,,,,,,,,,,,,,,,,,,,,,,,,
434-mbb-machinebasicblock-getsuccprobability-n17-d16.pbqp,llvm,17,60,16,267,14802,heuristic,structured,search-node-limit,not_attempted_cpu_incomplete,61607.0,43439.0,32441,,,,,,,,,,,,,,,,,,,,,,,,,,,,,,,,,,,,,,,,,,,,,,,,,,,,,,,,,,,,,,,,,,,,,,,,,,,,,,,,,,,,,,,,,,,,,,,,,,,,,,,,,,,,,,,
435-mbb-machinebasicblock-islegaltohoistinto-n18-d16.pbqp,llvm,18,38,16,278,8185,none,structured,search-node-limit,not_attempted_cpu_incomplete,54815.0,36908.0,22303,,,,,,,,,,,,,,,,,,,,,,,,,,,,,,,,,,,,,,,,,,,,,,,,,,,,,,,,,,,,,,,,,,,,,,,,,,,,,,,,,,,,,,,,,,,,,,,,,,,,,,,,,,,,,,,
435-mbb-machinebasicblock-islegaltohoistinto-n18-d16.pbqp,llvm,18,38,16,278,8185,heuristic,structured,solved-exact,completed,54815.0,36908.0,22303,56714.0,1630.0,55084.0,false,50300.0,95540.0,50332.0,43894.0,43894.0,52423.0,1.2314243396692175,0.9243396692174771,48,22412,3584,1000,1,0,1,0,0,230,7609,0,0,2,1,{},{},50283.0,64468.0,56714.0,5024,6577.0,86405.0,92982.0,3082.2085889570553,,1.029591169849684,0.6099460110559033,1.0.0,4,0,8,16,1,0,1,false,1,172,48,119,1402,112,420,952,476,244,27,909,143,0,0,0,0,14,774,0,0,0,36,0,0,0,0,7,4115,3,3,21,28,28,532,2128,2128,0,476,992,10304,976,86,701,122,24,62,909,12272,185,0,161,0,28,896,1,1,119,21,,,
436-mbb-machinebasicblock-mayhaveinlineasmbr-n7-d16.pbqp,llvm,7,13,16,112,3328,none,structured,solved-exact,completed,8479.0,6228.0,7200,1116830.0,538845.0,577985.0,false,1085241.0,1142941.0,0.0,9431.0,1123322.0,1209159.0,1.5286301406659921,1.082670594450364,2519,9060748,72704,0,337,336,56,3,7703808,2080,55296,16128,288,289,288,"{""16"":21}","{""4"":18,""5"":2,""6"":1}",1665608.0,3640653.0,1116830.0,3190569,3154896.0,1644421.0,4799317.0,5921.125741168611,,1.9322819796361497,0.23270602879534732,1.0.0,4,0,8,16,1,0,1,false,1,91398,23650,94480,832016,59392,294912,626816,313408,192130,13410,557772,91185,0,0,0,0,4624,256632,0,0,0,19020,1008,105840,0,0,4608,2760192,1585,1585,10240,14848,14848,354304,1417216,1417216,0,313408,541984,6619136,704008,45699,416008,96065,11825,33874,557772,7865128,115249,0,103424,0,18432,589824,1,1,94480,10240,,,
436-mbb-machinebasicblock-mayhaveinlineasmbr-n7-d16.pbqp,llvm,7,13,16,112,3328,heuristic,structured,solved-exact,completed,8479.0,6228.0,7200,11476.0,429.0,11047.0,false,10945.0,23259.0,9337.0,9070.0,9070.0,11486.0,1.5673579644475426,1.0008713837574068,17,8144,3584,0,1,0,1,0,0,96,3072,0,0,1,0,{},{},11445.0,15070.0,11476.0,969,5024.0,27453.0,32477.0,2258.7412587412587,,1.0388340725988956,0.3533577608769283,1.0.0,4,0,8,16,1,0,1,false,1,102,34,16,272,64,0,128,64,34,18,204,33,0,0,0,0,16,888,0,0,0,12,0,0,0,0,0,0,1,1,16,16,16,64,256,256,0,64,544,2048,136,51,136,17,17,34,204,2728,49,0,32,0,0,0,1,1,16,16,,,
437-mbb-machinebasicblock-getbeginclobbermas-n3-d16.pbqp,llvm,3,2,16,39,360,none,structured,solved-exact,completed,1270.0,387.0,360,1106.0,604.0,502.0,false,949.0,2868.0,0.0,0.0,0.0,1413.0,2.1528028933092225,1.2775768535262206,4,1472,960,0,0,0,0,0,0,0,0,0,1,2,0,{},{},803.0,907.0,1106.0,1401,6913.0,3254.0,10167.0,2319.53642384106,,2.2031872509960158,0.1087833185797187,1.0.0,4,0,8,16,1,0,1,false,1,150,50,23,390,92,0,184,92,50,27,295,48,0,0,0,0,23,1275,0,0,0,24,0,0,0,0,0,0,2,2,23,23,23,92,360,368,8,92,800,2880,200,75,195,25,25,50,295,3880,71,0,46,0,0,0,1,1,23,23,,,
437-mbb-machinebasicblock-getbeginclobbermas-n3-d16.pbqp,llvm,3,2,16,39,360,heuristic,structured,solved-exact,completed,1270.0,387.0,360,2059.0,637.0,1422.0,false,1861.0,4012.0,1069.0,1140.0,1140.0,2659.0,2.041282175813502,1.2914035939776591,8,2944,960,0,0,0,0,0,0,0,0,0,1,2,0,{},{},1924.0,1972.0,2059.0,1401,5457.0,5711.0,11168.0,2199.3720565149138,,1.4479606188466947,0.18436604584527222,1.0.0,4,0,8,16,1,0,1,false,1,150,50,23,390,92,0,184,92,50,27,295,48,0,0,0,0,23,1275,0,0,0,24,0,0,0,0,0,0,2,2,23,23,23,92,360,368,8,92,800,2880,200,75,195,25,25,50,295,3880,71,0,46,0,0,0,1,1,23,23,,,
438-mbb-machinebasicblock-cansplitcriticaled-n60-d16.pbqp,llvm,60,362,16,757,35445,none,structured,search-node-limit,not_attempted_cpu_incomplete,154610.0,80986.0,47115,,,,,,,,,,,,,,,,,,,,,,,,,,,,,,,,,,,,,,,,,,,,,,,,,,,,,,,,,,,,,,,,,,,,,,,,,,,,,,,,,,,,,,,,,,,,,,,,,,,,,,,,,,,,,,,
438-mbb-machinebasicblock-cansplitcriticaled-n60-d16.pbqp,llvm,60,362,16,757,35445,heuristic,structured,search-node-limit,not_attempted_cpu_incomplete,154610.0,80986.0,47115,,,,,,,,,,,,,,,,,,,,,,,,,,,,,,,,,,,,,,,,,,,,,,,,,,,,,,,,,,,,,,,,,,,,,,,,,,,,,,,,,,,,,,,,,,,,,,,,,,,,,,,,,,,,,,,
439-mbb-machinebasicblock-cansplitcriticaled-n62-d16-r1.pbqp,llvm,62,223,16,852,25805,none,structured,search-node-limit,not_attempted_cpu_incomplete,117924.0,62011.0,37259,,,,,,,,,,,,,,,,,,,,,,,,,,,,,,,,,,,,,,,,,,,,,,,,,,,,,,,,,,,,,,,,,,,,,,,,,,,,,,,,,,,,,,,,,,,,,,,,,,,,,,,,,,,,,,,
439-mbb-machinebasicblock-cansplitcriticaled-n62-d16-r1.pbqp,llvm,62,223,16,852,25805,heuristic,structured,solved-exact,completed,117924.0,62011.0,37259,156547.0,4800.0,151747.0,false,149156.0,268315.0,131427.0,121180.0,121180.0,147332.0,2.285492535787974,0.9411358889023743,183,49640,1824,11000,1,0,1,0,0,757,24308,0,0,1,5,{},{},174345.0,191114.0,156547.0,14935,16527.0,285384.0,301911.0,3111.4583333333335,,1.031631597329766,0.5185203586487409,1.0.0,4,0,8,16,1,0,1,false,1,428,96,371,4060,224,1456,2968,1484,754,54,2621,419,0,0,0,0,7,387,0,0,0,72,0,0,0,0,35,14278,6,6,42,56,56,1680,6713,6720,7,1484,2656,30408,3016,214,2030,377,48,166,2621,36080,524,0,476,0,98,1792,1,1,371,42,,,
440-mbb-machinebasicblock-getsinglepredecess-n3-d16.pbqp,llvm,3,0,16,48,0,none,structured,solved-exact,completed,171.0,0,0,147.0,0,147.0,false,77.0,244.0,0.0,0.0,0.0,173.0,5.095238095238095,1.1768707482993197,0,0,0,0,0,0,0,0,0,0,0,0,3,0,0,{},{},134.0,150.0,147.0,0,0,880.0,880.0,,,1.0,0.16704545454545455,1.0.0,4,0,8,16,1,0,1,false,1,0,0,0,0,0,0,0,0,0,0,0,0,0,0,0,0,0,0,0,0,0,0,0,0,0,0,0,0,0,0,0,0,0,0,0,0,0,0,0,0,0,0,0,0,0,0,0,0,0,0,0,0,0,0,0,0,0,0,,,
440-mbb-machinebasicblock-getsinglepredecess-n3-d16.pbqp,llvm,3,0,16,48,0,heuristic,structured,solved-exact,completed,171.0,0,0,749.0,0,749.0,false,725.0,936.0,490.0,616.0,616.0,977.0,2.923898531375167,1.3044058744993325,0,0,0,0,0,0,0,0,0,0,0,0,3,0,0,{},{},476.0,501.0,749.0,0,0,1377.0,1377.0,,,1.0,0.5439360929557008,1.0.0,4,0,8,16,1,0,1,false,1,0,0,0,0,0,0,0,0,0,0,0,0,0,0,0,0,0,0,0,0,0,0,0,0,0,0,0,0,0,0,0,0,0,0,0,0,0,0,0,0,0,0,0,0,0,0,0,0,0,0,0,0,0,0,0,0,0,0,,,
441-mbb-machinebasicblock-getprobabilityiter-n2-d16.pbqp,llvm,2,1,16,31,240,none,structured,solved-exact,completed,954.0,269.0,240,666.0,365.0,301.0,false,557.0,1644.0,0.0,0.0,0.0,817.0,2.2672672672672673,1.2267267267267268,2,960,960,0,0,0,0,0,0,0,0,0,1,1,0,{},{},548.0,610.0,666.0,908,4617.0,2368.0,6985.0,2487.671232876712,,2.212624584717608,0.09534717251252685,1.0.0,4,0,8,16,1,0,1,false,1,96,32,15,254,60,0,120,60,32,17,191,31,0,0,0,0,15,831,0,0,0,12,0,0,0,0,0,0,1,1,15,15,15,60,240,240,0,60,512,1920,128,48,127,16,16,32,191,2560,46,0,30,0,0,0,1,1,15,15,,,
441-mbb-machinebasicblock-getprobabilityiter-n2-d16.pbqp,llvm,2,1,16,31,240,heuristic,structured,solved-exact,completed,954.0,269.0,240,1416.0,358.0,1058.0,false,1282.0,2630.0,718.0,761.0,761.0,1668.0,1.91454802259887,1.1779661016949152,4,1920,960,0,0,0,0,0,0,0,0,0,1,1,0,{},{},1156.0,1259.0,1416.0,908,4277.0,3807.0,8084.0,2536.3128491620114,,1.3383742911153118,0.1751608114794656,1.0.0,4,0,8,16,1,0,1,false,1,96,32,15,254,60,0,120,60,32,17,191,31,0,0,0,0,15,831,0,0,0,12,0,0,0,0,0,0,1,1,15,15,15,60,240,240,0,60,512,1920,128,48,127,16,16,32,191,2560,46,0,30,0,0,0,1,1,15,15,,,
442-mbb-machinebasicblock-computeregisterliv-n40-d16.pbqp,llvm,40,231,16,476,23771,none,structured,search-node-limit,not_attempted_cpu_incomplete,89070.0,48364.0,29078,,,,,,,,,,,,,,,,,,,,,,,,,,,,,,,,,,,,,,,,,,,,,,,,,,,,,,,,,,,,,,,,,,,,,,,,,,,,,,,,,,,,,,,,,,,,,,,,,,,,,,,,,,,,,,,
442-mbb-machinebasicblock-computeregisterliv-n40-d16.pbqp,llvm,40,231,16,476,23771,heuristic,structured,search-node-limit,not_attempted_cpu_incomplete,89070.0,48364.0,29078,,,,,,,,,,,,,,,,,,,,,,,,,,,,,,,,,,,,,,,,,,,,,,,,,,,,,,,,,,,,,,,,,,,,,,,,,,,,,,,,,,,,,,,,,,,,,,,,,,,,,,,,,,,,,,,
443-mbb-machinebasicblock-computeregisterliv-n46-d16-r1.pbqp,llvm,46,178,16,599,20016,none,structured,search-node-limit,not_attempted_cpu_incomplete,85525.0,48983.0,28481,,,,,,,,,,,,,,,,,,,,,,,,,,,,,,,,,,,,,,,,,,,,,,,,,,,,,,,,,,,,,,,,,,,,,,,,,,,,,,,,,,,,,,,,,,,,,,,,,,,,,,,,,,,,,,,
443-mbb-machinebasicblock-computeregisterliv-n46-d16-r1.pbqp,llvm,46,178,16,599,20016,heuristic,structured,search-node-limit,not_attempted_cpu_incomplete,85525.0,48983.0,28481,,,,,,,,,,,,,,,,,,,,,,,,,,,,,,,,,,,,,,,,,,,,,,,,,,,,,,,,,,,,,,,,,,,,,,,,,,,,,,,,,,,,,,,,,,,,,,,,,,,,,,,,,,,,,,,
444-mbb-machinebasicblock-sizewithoutdebugla-n9-d16.pbqp,llvm,9,28,16,143,7040,none,structured,search-node-limit,not_attempted_cpu_incomplete,14030.0,11095.0,11416,,,,,,,,,,,,,,,,,,,,,,,,,,,,,,,,,,,,,,,,,,,,,,,,,,,,,,,,,,,,,,,,,,,,,,,,,,,,,,,,,,,,,,,,,,,,,,,,,,,,,,,,,,,,,,,
444-mbb-machinebasicblock-sizewithoutdebugla-n9-d16.pbqp,llvm,9,28,16,143,7040,heuristic,structured,solved-exact,completed,14030.0,11095.0,11416,17333.0,0,17333.0,false,17019.0,38745.0,14511.0,14100.0,14100.0,17229.0,1.676916863785842,0.9939998846131657,22,8568,3584,0,1,0,1,0,0,143,7040,0,0,0,0,{},{},19258.0,22802.0,17333.0,0,0,39356.0,39356.0,,,1.0,0.4404156926516922,1.0.0,4,0,8,16,1,0,1,false,1,0,0,0,0,0,0,0,0,0,0,0,0,0,0,0,0,0,0,0,0,0,0,0,0,0,0,0,0,0,0,0,0,0,0,0,0,0,0,0,0,0,0,0,0,0,0,0,0,0,0,0,0,0,0,0,0,0,0,,,
445-mbb-machinebasicblock-canpredictbranchpr-n139-d17.pbqp,llvm,139,1001,17,2127,178848,none,structured,search-node-limit,not_attempted_cpu_incomplete,701282.0,292387.0,224783,,,,,,,,,,,,,,,,,,,,,,,,,,,,,,,,,,,,,,,,,,,,,,,,,,,,,,,,,,,,,,,,,,,,,,,,,,,,,,,,,,,,,,,,,,,,,,,,,,,,,,,,,,,,,,,
445-mbb-machinebasicblock-canpredictbranchpr-n139-d17.pbqp,llvm,139,1001,17,2127,178848,heuristic,structured,search-node-limit,not_attempted_cpu_incomplete,701282.0,292387.0,224783,,,,,,,,,,,,,,,,,,,,,,,,,,,,,,,,,,,,,,,,,,,,,,,,,,,,,,,,,,,,,,,,,,,,,,,,,,,,,,,,,,,,,,,,,,,,,,,,,,,,,,,,,,,,,,,
446-mbb-machinebasicblock-print-n18-d17.pbqp,llvm,18,37,17,233,3477,none,structured,solved-exact,completed,16469.0,12173.0,8726,606305.0,87181.0,519124.0,false,564478.0,648435.0,0.0,23221.0,609612.0,709359.0,1.6420976241330683,1.1699705593719332,1495,19215336,413240,6000,279,278,229,6,19017424,8496,153699,9835,88,86,87,"{""7"":34,""12"":2,""16"":1}","{""4"":12,""5"":11,""6"":7,""7"":4,""8"":2,""9"":1}",613405.0,628227.0,606305.0,308367,755287.0,1083715.0,1839002.0,3537.089503446852,,1.1679386813169879,0.3296924092524097,1.0.0,4,0,8,16,1,0,1,false,1,26872,7354,14889,67292,6518,17808,38080,19040,32390,4983,63277,9864,0,0,0,0,602,21522,0,0,0,15672,1133,73263,0,0,636,181896,1306,1306,2371,2371,2371,24326,90879,97304,6425,19040,156144,458568,90220,13436,33646,16195,3677,9759,63277,704932,12871,0,9194,0,1272,0,1,1,14889,2371,,,
446-mbb-machinebasicblock-print-n18-d17.pbqp,llvm,18,37,17,233,3477,heuristic,structured,solved-exact,completed,16469.0,12173.0,8726,30715.0,3620.0,27095.0,false,27902.0,65229.0,22483.0,19231.0,19231.0,28119.0,1.5437734006185904,0.9154810353247599,42,21152,2432,6000,1,0,1,0,0,85,2149,0,4,2,3,{},{},30941.0,32543.0,30715.0,14835,20159.0,75804.0,95963.0,4098.066298342542,,1.1336039859752722,0.3200712774715255,1.0.0,4,0,8,16,1,0,1,false,1,594,134,350,4076,248,1344,2800,1400,710,72,2690,417,0,0,0,0,14,774,0,0,0,60,0,0,0,0,48,13728,5,5,62,62,62,1592,6368,6368,0,1400,3680,29440,2840,297,2038,355,67,230,2690,35960,527,0,460,0,96,0,1,1,350,62,,,
447-mbb-machinebasicblock-print-n227-d17.pbqp,llvm,227,2623,17,3125,283280,none,structured,capacity/error,not_attempted_cpu_incomplete,1968131.0,557807.0,352652,,,,,,,,,,,,,,,,,,,,,,,,,,,,,,,,,,,,,,,,,,,,,,,,,,,,,,,,,,,,,,,,,,,,,,,,,,,,,,,,,,,,,,,,,,,,,,,,,,,,,,,,,,,,,,,
447-mbb-machinebasicblock-print-n227-d17.pbqp,llvm,227,2623,17,3125,283280,heuristic,structured,search-node-limit,not_attempted_cpu_incomplete,1968131.0,557807.0,352652,,,,,,,,,,,,,,,,,,,,,,,,,,,,,,,,,,,,,,,,,,,,,,,,,,,,,,,,,,,,,,,,,,,,,,,,,,,,,,,,,,,,,,,,,,,,,,,,,,,,,,,,,,,,,,,
448-mbb-machinebasicblock-print-n234-d17-r1.pbqp,llvm,234,1075,17,3462,146279,none,structured,search-node-limit,not_attempted_cpu_incomplete,1005481.0,319627.0,195913,,,,,,,,,,,,,,,,,,,,,,,,,,,,,,,,,,,,,,,,,,,,,,,,,,,,,,,,,,,,,,,,,,,,,,,,,,,,,,,,,,,,,,,,,,,,,,,,,,,,,,,,,,,,,,,
448-mbb-machinebasicblock-print-n234-d17-r1.pbqp,llvm,234,1075,17,3462,146279,heuristic,structured,search-node-limit,not_attempted_cpu_incomplete,1005481.0,319627.0,195913,,,,,,,,,,,,,,,,,,,,,,,,,,,,,,,,,,,,,,,,,,,,,,,,,,,,,,,,,,,,,,,,,,,,,,,,,,,,,,,,,,,,,,,,,,,,,,,,,,,,,,,,,,,,,,,
449-mbb-machinebasicblock-getname-n4-d16.pbqp,llvm,4,1,16,62,225,none,structured,solved-exact,completed,953.0,263.0,225,646.0,339.0,307.0,false,581.0,1670.0,0.0,0.0,0.0,908.0,2.5340557275541795,1.4055727554179567,2,960,960,0,0,0,0,0,0,0,0,0,3,1,0,{},{},665.0,559.0,646.0,908,3748.0,2405.0,6153.0,2678.466076696165,,2.1042345276872965,0.10498943604745653,1.0.0,4,0,8,16,1,0,1,false,1,96,32,15,254,60,0,120,60,32,17,191,31,0,0,0,0,15,831,0,0,0,12,0,0,0,0,0,0,1,1,15,15,15,60,225,240,15,60,512,1800,128,48,127,16,16,32,191,2440,46,0,30,0,0,0,1,1,15,15,,,
449-mbb-machinebasicblock-getname-n4-d16.pbqp,llvm,4,1,16,62,225,heuristic,structured,solved-exact,completed,953.0,263.0,225,1558.0,354.0,1204.0,false,1416.0,2814.0,769.0,894.0,894.0,1859.0,2.3145057766367136,1.193196405648267,4,1920,960,0,0,0,0,0,0,0,0,0,3,1,0,{},{},1315.0,1486.0,1558.0,908,3914.0,3760.0,7674.0,2564.9717514124295,,1.2940199335548173,0.20302319520458692,1.0.0,4,0,8,16,1,0,1,false,1,96,32,15,254,60,0,120,60,32,17,191,31,0,0,0,0,15,831,0,0,0,12,0,0,0,0,0,0,1,1,15,15,15,60,225,240,15,60,512,1800,128,48,127,16,16,32,191,2440,46,0,30,0,0,0,1,1,15,15,,,
450-mbb-machinebasicblock-hasname-n3-d16.pbqp,llvm,3,0,16,48,0,none,structured,solved-exact,completed,209.0,0,0,116.0,0,116.0,false,82.0,264.0,0.0,0.0,0.0,191.0,5.844827586206897,1.646551724137931,0,0,0,0,0,0,0,0,0,0,0,0,3,0,0,{},{},132.0,141.0,116.0,0,0,927.0,927.0,,,1.0,0.12513484358144553,1.0.0,4,0,8,16,1,0,1,false,1,0,0,0,0,0,0,0,0,0,0,0,0,0,0,0,0,0,0,0,0,0,0,0,0,0,0,0,0,0,0,0,0,0,0,0,0,0,0,0,0,0,0,0,0,0,0,0,0,0,0,0,0,0,0,0,0,0,0,,,
450-mbb-machinebasicblock-hasname-n3-d16.pbqp,llvm,3,0,16,48,0,heuristic,structured,solved-exact,completed,209.0,0,0,436.0,0,436.0,false,377.0,547.0,257.0,351.0,351.0,566.0,3.7958715596330275,1.298165137614679,0,0,0,0,0,0,0,0,0,0,0,0,3,0,0,{},{},438.0,458.0,436.0,0,0,1300.0,1300.0,,,1.0,0.3353846153846154,1.0.0,4,0,8,16,1,0,1,false,1,0,0,0,0,0,0,0,0,0,0,0,0,0,0,0,0,0,0,0,0,0,0,0,0,0,0,0,0,0,0,0,0,0,0,0,0,0,0,0,0,0,0,0,0,0,0,0,0,0,0,0,0,0,0,0,0,0,0,,,
451-mbb-machinebasicblock-islivein-n8-d16.pbqp,llvm,8,18,16,125,4322,none,structured,solved-exact,completed,11736.0,8353.0,7700,380311.0,123453.0,256858.0,false,364771.0,432815.0,0.0,8065.0,321268.0,446576.0,1.675360428701773,1.1742389780995028,906,4979520,121088,0,161,160,145,4,4697600,6649,193018,8992,65,64,64,"{""16"":10}","{""4"":4,""5"":3,""6"":2,""7"":1}",512786.0,732677.0,380311.0,696032,798766.0,671785.0,1470551.0,5638.032287591229,,1.4806274283845549,0.25861802820847424,1.0.0,4,0,8,16,1,0,1,false,1,24160,6464,24352,183552,13632,57344,122880,61440,50144,3952,128928,19184,0,0,0,0,1024,55296,0,0,0,8640,592,60240,0,0,896,558208,720,720,2512,3408,3408,70976,265248,283904,18656,61440,141568,1261824,164608,12080,91776,25072,3232,8848,128928,1568000,24384,0,21152,0,3584,107520,1,1,24352,2512,,,
451-mbb-machinebasicblock-islivein-n8-d16.pbqp,llvm,8,18,16,125,4322,heuristic,structured,solved-exact,completed,11736.0,8353.0,7700,13189.0,0,13189.0,false,12892.0,17437.0,11248.0,11248.0,11248.0,13597.0,1.6180908332701494,1.030934869967397,16,6576,3136,0,1,0,1,0,0,109,4322,0,1,0,0,{},{},13159.0,15304.0,13189.0,0,0,21090.0,21090.0,,,1.0,0.6253674727358938,1.0.0,4,0,8,16,1,0,1,false,1,0,0,0,0,0,0,0,0,0,0,0,0,0,0,0,0,0,0,0,0,0,0,0,0,0,0,0,0,0,0,0,0,0,0,0,0,0,0,0,0,0,0,0,0,0,0,0,0,0,0,0,0,0,0,0,0,0,0,,,
452-mbb-machinebasicblock-getsymbol-n29-d17.pbqp,llvm,29,101,17,403,11684,none,structured,search-node-limit,not_attempted_cpu_incomplete,50374.0,29239.0,17039,,,,,,,,,,,,,,,,,,,,,,,,,,,,,,,,,,,,,,,,,,,,,,,,,,,,,,,,,,,,,,,,,,,,,,,,,,,,,,,,,,,,,,,,,,,,,,,,,,,,,,,,,,,,,,,
452-mbb-machinebasicblock-getsymbol-n29-d17.pbqp,llvm,29,101,17,403,11684,heuristic,structured,solved-exact,completed,50374.0,29239.0,17039,61482.0,1367.0,60115.0,false,52325.0,136652.0,52077.0,44251.0,44251.0,54777.0,1.7706320549103802,0.8909436908363424,78,23060,1568,6000,1,0,1,0,0,354,11236,0,1,0,2,{},{},58309.0,63369.0,61482.0,4070,5267.0,122418.0,127685.0,2977.322604242868,,1.0227397488147716,0.4815130986411873,1.0.0,4,0,8,16,1,0,1,false,1,152,32,98,1104,56,392,784,392,200,18,728,114,0,0,0,0,0,0,0,0,0,24,0,0,0,0,14,3980,2,2,14,14,14,448,1792,1792,0,392,960,8064,800,76,552,100,16,60,728,9824,142,0,126,0,28,0,1,1,98,14,,,
453-mbb-machinebasicblock-printname-n121-d17.pbqp,llvm,121,350,17,1861,48691,none,structured,search-node-limit,not_attempted_cpu_incomplete,266635.0,99223.0,69095,,,,,,,,,,,,,,,,,,,,,,,,,,,,,,,,,,,,,,,,,,,,,,,,,,,,,,,,,,,,,,,,,,,,,,,,,,,,,,,,,,,,,,,,,,,,,,,,,,,,,,,,,,,,,,,
453-mbb-machinebasicblock-printname-n121-d17.pbqp,llvm,121,350,17,1861,48691,heuristic,structured,solved-exact,completed,266635.0,99223.0,69095,279242.0,4369.0,274873.0,false,270177.0,518839.0,242014.0,257595.0,257595.0,296463.0,3.0229263506206085,1.0616705223426275,330,80816,2432,5000,1,0,1,0,0,1681,47432,0,6,1,4,{},{},279000.0,307740.0,279242.0,13409,17976.0,517883.0,535859.0,3069.1233691920347,,1.0158946131486177,0.5211109638916207,1.0.0,4,0,8,16,1,0,1,false,1,442,98,329,3630,204,1288,2632,1316,668,54,2370,378,0,0,0,0,7,387,0,0,0,60,0,0,0,0,37,12761,5,5,44,51,51,1492,5784,5968,184,1316,2752,26308,2672,221,1815,334,49,172,2370,31732,473,0,424,0,88,896,1,1,329,44,,,
454-mbb-optionvaluecopy-compare-n4-d16.pbqp,llvm,4,3,16,63,752,none,structured,solved-exact,completed,5756.0,4353.0,4592,4168.0,2544.0,1624.0,false,3769.0,6129.0,0.0,0.0,0.0,4823.0,1.5290307101727447,1.1571497120921306,6,5632,3584,0,0,0,0,0,0,0,0,0,1,2,1,{},{},5484.0,7453.0,4168.0,11603,16494.0,5714.0,22208.0,4560.927672955975,,2.5665024630541873,0.1876801152737752,1.0.0,4,0,8,16,1,0,1,false,1,370,102,288,3104,256,1024,2304,1152,582,54,2028,339,0,0,0,0,32,1776,0,0,0,36,0,0,0,0,16,9584,3,3,48,64,64,1280,5104,5120,16,1152,2144,24448,2328,185,1552,291,51,134,2028,28920,435,0,384,0,64,2048,1,1,288,48,,,
454-mbb-optionvaluecopy-compare-n4-d16.pbqp,llvm,4,3,16,63,752,heuristic,structured,solved-exact,completed,5756.0,4353.0,4592,9061.0,2221.0,6840.0,false,8933.0,14544.0,5532.0,5731.0,5731.0,10121.0,1.364860390685355,1.1169848802560425,12,11264,3584,0,0,0,0,0,0,0,0,0,1,2,1,{},{},10421.0,13915.0,9061.0,11603,13470.0,14994.0,28464.0,5224.223322827555,,1.3247076023391813,0.318331928049466,1.0.0,4,0,8,16,1,0,1,false,1,370,102,288,3104,256,1024,2304,1152,582,54,2028,339,0,0,0,0,32,1776,0,0,0,36,0,0,0,0,16,9584,3,3,48,64,64,1280,5104,5120,16,1152,2144,24448,2328,185,1552,291,51,134,2028,28920,435,0,384,0,64,2048,1,1,288,48,,,
455-mbb-function-handler-m-manager-n4-d16.pbqp,llvm,4,4,16,61,930,none,structured,solved-exact,completed,10081.0,6844.0,7168,5604.0,3314.0,2290.0,false,5459.0,9388.0,0.0,0.0,0.0,6339.0,1.4209493219129194,1.1311563169164882,6,7296,3136,0,0,0,0,0,0,0,0,0,1,1,2,{},{},9586.0,15237.0,5604.0,18199,17185.0,10172.0,27357.0,5491.5509957754975,,2.447161572052402,0.20484702269985744,1.0.0,4,0,8,16,1,0,1,false,1,394,94,464,4960,288,1792,3712,1856,934,50,3144,511,0,0,0,0,16,864,0,0,0,36,0,0,0,0,28,17108,3,3,44,72,72,2080,8036,8320,284,1856,2400,36512,3736,197,2480,467,47,150,3144,42648,639,0,592,0,112,3472,1,1,464,44,,,
455-mbb-function-handler-m-manager-n4-d16.pbqp,llvm,4,4,16,61,930,heuristic,structured,solved-exact,completed,10081.0,6844.0,7168,15788.0,3315.0,12473.0,false,15433.0,23480.0,10004.0,9991.0,9991.0,16738.0,1.2028122624778312,1.0601722827463897,12,14592,3136,0,0,0,0,0,0,0,0,0,1,1,2,{},{},18256.0,22350.0,15788.0,18199,15328.0,21057.0,36385.0,5489.894419306184,,1.2657740719955104,0.43391507489350006,1.0.0,4,0,8,16,1,0,1,false,1,394,94,464,4960,288,1792,3712,1856,934,50,3144,511,0,0,0,0,16,864,0,0,0,36,0,0,0,0,28,17108,3,3,44,72,72,2080,8036,8320,284,1856,2400,36512,3736,197,2480,467,47,150,3144,42648,639,0,592,0,112,3472,1,1,464,44,,,
456-mbb-function-handler-m-invoke-n5-d16.pbqp,llvm,5,4,16,76,868,none,structured,solved-exact,completed,6475.0,4139.0,3808,4500.0,2846.0,1654.0,false,4246.0,6527.0,0.0,0.0,0.0,5203.0,1.5784444444444445,1.1562222222222223,8,6016,3328,0,0,0,0,0,0,0,0,0,1,3,1,{},{},5779.0,6464.0,4500.0,11159,14184.0,5855.0,20039.0,3920.941672522839,,2.7206771463119708,0.22456210389740006,1.0.0,4,0,8,16,1,0,1,false,1,436,124,266,3018,296,896,2128,1064,540,66,1997,328,0,0,0,0,42,2331,0,0,0,48,0,0,0,0,16,8528,4,4,58,74,74,1192,4256,4768,512,1064,2496,21504,2160,218,1509,270,62,156,1997,26160,434,0,372,0,64,1792,1,1,266,58,,,
456-mbb-function-handler-m-invoke-n5-d16.pbqp,llvm,5,4,16,76,868,heuristic,structured,solved-exact,completed,6475.0,4139.0,3808,9894.0,2508.0,7386.0,false,9552.0,15989.0,6045.0,6132.0,6132.0,10872.0,1.4690721649484537,1.0988477865372954,16,12032,3328,0,0,0,0,0,0,0,0,0,1,3,1,{},{},11337.0,13531.0,9894.0,11159,14781.0,18953.0,33734.0,4449.362041467305,,1.3395613322502031,0.29329459892096993,1.0.0,4,0,8,16,1,0,1,false,1,436,124,266,3018,296,896,2128,1064,540,66,1997,328,0,0,0,0,42,2331,0,0,0,48,0,0,0,0,16,8528,4,4,58,74,74,1192,4256,4768,512,1064,2496,21504,2160,218,1509,270,62,156,1997,26160,434,0,372,0,64,1792,1,1,266,58,,,
457-mbb-function-handler-m-manager-n4-d16.pbqp,llvm,4,4,16,61,930,none,structured,solved-exact,completed,10436.0,6785.0,7168,6144.0,3400.0,2744.0,false,5690.0,9756.0,0.0,0.0,0.0,6430.0,1.3142903645833333,1.0465494791666667,6,7296,3136,0,0,0,0,0,0,0,0,0,1,1,2,{},{},10308.0,13547.0,6144.0,18199,15855.0,7376.0,23231.0,5352.64705882353,,2.239067055393586,0.26447419396496064,1.0.0,4,0,8,16,1,0,1,false,1,394,94,464,4960,288,1792,3712,1856,934,50,3144,511,0,0,0,0,16,864,0,0,0,36,0,0,0,0,28,17108,3,3,44,72,72,2080,8036,8320,284,1856,2400,36512,3736,197,2480,467,47,150,3144,42648,639,0,592,0,112,3472,1,1,464,44,,,
457-mbb-function-handler-m-manager-n4-d16.pbqp,llvm,4,4,16,61,930,heuristic,structured,solved-exact,completed,10436.0,6785.0,7168,16088.0,3296.0,12792.0,false,15419.0,23714.0,10293.0,9772.0,9772.0,16167.0,1.164159622078568,1.004910492292392,12,14592,3136,0,0,0,0,0,0,0,0,0,1,1,2,{},{},19427.0,23775.0,16088.0,18199,15323.0,21277.0,36600.0,5521.541262135922,,1.2576610381488431,0.43956284153005465,1.0.0,4,0,8,16,1,0,1,false,1,394,94,464,4960,288,1792,3712,1856,934,50,3144,511,0,0,0,0,16,864,0,0,0,36,0,0,0,0,28,17108,3,3,44,72,72,2080,8036,8320,284,1856,2400,36512,3736,197,2480,467,47,150,3144,42648,639,0,592,0,112,3472,1,1,464,44,,,
458-mbb-function-handler-m-invoke-n8-d16.pbqp,llvm,8,13,16,109,1674,none,structured,solved-exact,completed,9973.0,5677.0,3796,68148.0,32059.0,36089.0,false,66776.0,71137.0,0.0,9313.0,38795.0,86455.0,1.82361918178083,1.2686359100780653,215,783616,50848,2000,31,30,24,2,722400,690,11295,1026,14,16,30,"{""7"":2,""16"":1}","{""4"":2,""6"":1}",125376.0,136288.0,68148.0,113710,179017.0,116321.0,295338.0,3546.8979069839984,,1.888331624594752,0.2307457895699165,1.0.0,4,0,8,16,1,0,1,false,1,5568,1348,3490,29712,2060,9408,19712,9856,7252,810,21266,3228,0,0,0,0,112,6192,0,0,0,1632,90,7150,0,0,336,95904,136,136,538,538,538,11468,45819,45872,53,9856,33760,216024,24904,2784,14856,3626,674,2110,21266,274688,4102,0,3428,0,672,0,1,1,3490,538,,,
458-mbb-function-handler-m-invoke-n8-d16.pbqp,llvm,8,13,16,109,1674,heuristic,structured,solved-exact,completed,9973.0,5677.0,3796,10010.0,476.0,9534.0,false,9526.0,23418.0,8309.0,8192.0,8192.0,10574.0,1.7848151848151848,1.0563436563436563,20,6584,2432,2000,1,0,1,0,0,78,1457,0,0,2,0,{},{},9429.0,10343.0,10010.0,864,3532.0,30372.0,33904.0,1815.126050420168,,1.0499265785609397,0.29524539877300615,1.0.0,4,0,8,16,1,0,1,false,1,96,32,14,236,56,0,112,56,32,18,182,30,0,0,0,0,14,774,0,0,0,24,0,0,0,0,0,0,2,2,14,14,14,56,217,224,7,56,512,1736,128,48,118,16,16,32,182,2376,44,0,28,0,0,0,1,1,14,14,,,
459-mbb-set-insert-n14-d16.pbqp,llvm,14,70,16,151,6506,none,structured,search-node-limit,not_attempted_cpu_incomplete,21960.0,13158.0,9238,,,,,,,,,,,,,,,,,,,,,,,,,,,,,,,,,,,,,,,,,,,,,,,,,,,,,,,,,,,,,,,,,,,,,,,,,,,,,,,,,,,,,,,,,,,,,,,,,,,,,,,,,,,,,,,
459-mbb-set-insert-n14-d16.pbqp,llvm,14,70,16,151,6506,heuristic,structured,search-node-limit,not_attempted_cpu_incomplete,21960.0,13158.0,9238,,,,,,,,,,,,,,,,,,,,,,,,,,,,,,,,,,,,,,,,,,,,,,,,,,,,,,,,,,,,,,,,,,,,,,,,,,,,,,,,,,,,,,,,,,,,,,,,,,,,,,,,,,,,,,,
460-mbb-rb-tree-m-erase-n4-d15.pbqp,llvm,4,5,15,36,357,none,structured,solved-exact,completed,4525.0,2159.0,1183,2423.0,1163.0,1260.0,false,2251.0,4845.0,0.0,0.0,0.0,2806.0,1.789517127527858,1.158068510111432,6,3024,1512,3000,0,0,0,0,0,0,0,0,1,1,2,{},{},2931.0,3167.0,2423.0,4204,7203.0,4953.0,12156.0,3614.7893379191746,,1.923015873015873,0.19932543599868377,1.0.0,4,0,8,16,1,0,1,false,1,200,48,161,1070,70,308,672,336,328,27,799,185,0,0,0,0,7,387,0,0,0,36,0,0,0,0,14,3682,3,3,21,28,28,378,1330,1512,182,336,1216,6328,1312,100,535,164,24,76,799,8856,234,0,210,0,42,392,1,1,161,21,,,
460-mbb-rb-tree-m-erase-n4-d15.pbqp,llvm,4,5,15,36,357,heuristic,structured,solved-exact,completed,4525.0,2159.0,1183,6009.0,1258.0,4751.0,false,5578.0,14946.0,3483.0,3566.0,3566.0,6564.0,1.5761357963055418,1.09236145781328,12,6048,1512,3000,0,0,0,0,0,0,0,0,1,1,2,{},{},6692.0,5947.0,6009.0,4204,8078.0,12582.0,20660.0,3341.81240063593,,1.2647863607661545,0.2908518877057115,1.0.0,4,0,8,16,1,0,1,false,1,200,48,161,1070,70,308,672,336,328,27,799,185,0,0,0,0,7,387,0,0,0,36,0,0,0,0,14,3682,3,3,21,28,28,378,1330,1512,182,336,1216,6328,1312,100,535,164,24,76,799,8856,234,0,210,0,42,392,1,1,161,21,,,
461-mbb-rb-tree-m-erase-n4-d15.pbqp,llvm,4,5,15,36,357,none,structured,solved-exact,completed,4977.0,1950.0,1183,2386.0,1127.0,1259.0,false,2184.0,4914.0,0.0,0.0,0.0,2841.0,1.8294216261525567,1.1906957250628667,6,3024,1512,3000,0,0,0,0,0,0,0,0,1,1,2,{},{},3304.0,3484.0,2386.0,4204,7836.0,5111.0,12947.0,3730.257320319432,,1.8951548848292294,0.1842897968641384,1.0.0,4,0,8,16,1,0,1,false,1,200,48,161,1070,70,308,672,336,328,27,799,185,0,0,0,0,7,387,0,0,0,36,0,0,0,0,14,3682,3,3,21,28,28,378,1330,1512,182,336,1216,6328,1312,100,535,164,24,76,799,8856,234,0,210,0,42,392,1,1,161,21,,,
461-mbb-rb-tree-m-erase-n4-d15.pbqp,llvm,4,5,15,36,357,heuristic,structured,solved-exact,completed,4977.0,1950.0,1183,6201.0,1288.0,4913.0,false,6004.0,14396.0,3576.0,3517.0,3517.0,6943.0,1.5191098209966134,1.1196581196581197,12,6048,1512,3000,0,0,0,0,0,0,0,0,1,1,2,{},{},6507.0,6310.0,6201.0,4204,7119.0,11050.0,18169.0,3263.9751552795033,,1.2621616120496641,0.34129561340745224,1.0.0,4,0,8,16,1,0,1,false,1,200,48,161,1070,70,308,672,336,328,27,799,185,0,0,0,0,7,387,0,0,0,36,0,0,0,0,14,3682,3,3,21,28,28,378,1330,1512,182,336,1216,6328,1312,100,535,164,24,76,799,8856,234,0,210,0,42,392,1,1,161,21,,,
462-mbb-std-adjust-heap-n33-d16.pbqp,llvm,33,236,16,518,55779,none,structured,search-node-limit,not_attempted_cpu_incomplete,115300.0,76182.0,66527,,,,,,,,,,,,,,,,,,,,,,,,,,,,,,,,,,,,,,,,,,,,,,,,,,,,,,,,,,,,,,,,,,,,,,,,,,,,,,,,,,,,,,,,,,,,,,,,,,,,,,,,,,,,,,,
462-mbb-std-adjust-heap-n33-d16.pbqp,llvm,33,236,16,518,55779,heuristic,structured,search-node-limit,not_attempted_cpu_incomplete,115300.0,76182.0,66527,,,,,,,,,,,,,,,,,,,,,,,,,,,,,,,,,,,,,,,,,,,,,,,,,,,,,,,,,,,,,,,,,,,,,,,,,,,,,,,,,,,,,,,,,,,,,,,,,,,,,,,,,,,,,,,
463-mbb-std-introsort-loop-n82-d17.pbqp,llvm,82,402,17,1303,84314,none,structured,search-node-limit,not_attempted_cpu_incomplete,210238.0,117393.0,97843,,,,,,,,,,,,,,,,,,,,,,,,,,,,,,,,,,,,,,,,,,,,,,,,,,,,,,,,,,,,,,,,,,,,,,,,,,,,,,,,,,,,,,,,,,,,,,,,,,,,,,,,,,,,,,,
463-mbb-std-introsort-loop-n82-d17.pbqp,llvm,82,402,17,1303,84314,heuristic,structured,search-node-limit,not_attempted_cpu_incomplete,210238.0,117393.0,97843,,,,,,,,,,,,,,,,,,,,,,,,,,,,,,,,,,,,,,,,,,,,,,,,,,,,,,,,,,,,,,,,,,,,,,,,,,,,,,,,,,,,,,,,,,,,,,,,,,,,,,,,,,,,,,,
464-mbb-std-introsort-loop-n82-d17-r1.pbqp,llvm,82,391,17,1303,81498,none,structured,search-node-limit,not_attempted_cpu_incomplete,203978.0,110856.0,94675,,,,,,,,,,,,,,,,,,,,,,,,,,,,,,,,,,,,,,,,,,,,,,,,,,,,,,,,,,,,,,,,,,,,,,,,,,,,,,,,,,,,,,,,,,,,,,,,,,,,,,,,,,,,,,,
464-mbb-std-introsort-loop-n82-d17-r1.pbqp,llvm,82,391,17,1303,81498,heuristic,structured,search-node-limit,not_attempted_cpu_incomplete,203978.0,110856.0,94675,,,,,,,,,,,,,,,,,,,,,,,,,,,,,,,,,,,,,,,,,,,,,,,,,,,,,,,,,,,,,,,,,,,,,,,,,,,,,,,,,,,,,,,,,,,,,,,,,,,,,,,,,,,,,,,
465-mbb-std-introsort-loop-n30-d16.pbqp,llvm,30,157,16,380,21571,none,structured,search-node-limit,not_attempted_cpu_incomplete,73414.0,42706.0,27202,,,,,,,,,,,,,,,,,,,,,,,,,,,,,,,,,,,,,,,,,,,,,,,,,,,,,,,,,,,,,,,,,,,,,,,,,,,,,,,,,,,,,,,,,,,,,,,,,,,,,,,,,,,,,,,
465-mbb-std-introsort-loop-n30-d16.pbqp,llvm,30,157,16,380,21571,heuristic,structured,solved-exact,completed,73414.0,42706.0,27202,79519.0,0,79519.0,false,71698.0,222928.0,68226.0,56407.0,56407.0,67353.0,1.689432714194092,0.8470051182736201,84,26912,3584,9000,1,0,1,0,0,380,21571,0,0,0,0,{},{},76074.0,87780.0,79519.0,0,0,172545.0,172545.0,,,1.0,0.46085948593120635,1.0.0,4,0,8,16,1,0,1,false,1,0,0,0,0,0,0,0,0,0,0,0,0,0,0,0,0,0,0,0,0,0,0,0,0,0,0,0,0,0,0,0,0,0,0,0,0,0,0,0,0,0,0,0,0,0,0,0,0,0,0,0,0,0,0,0,0,0,0,,,
466-mbb-std-final-insertion-sort-n91-d17.pbqp,llvm,91,947,17,1457,241024,none,structured,search-node-limit,not_attempted_cpu_incomplete,527706.0,294944.0,284571,,,,,,,,,,,,,,,,,,,,,,,,,,,,,,,,,,,,,,,,,,,,,,,,,,,,,,,,,,,,,,,,,,,,,,,,,,,,,,,,,,,,,,,,,,,,,,,,,,,,,,,,,,,,,,,
466-mbb-std-final-insertion-sort-n91-d17.pbqp,llvm,91,947,17,1457,241024,heuristic,structured,search-node-limit,not_attempted_cpu_incomplete,527706.0,294944.0,284571,,,,,,,,,,,,,,,,,,,,,,,,,,,,,,,,,,,,,,,,,,,,,,,,,,,,,,,,,,,,,,,,,,,,,,,,,,,,,,,,,,,,,,,,,,,,,,,,,,,,,,,,,,,,,,,
467-mbb-std-final-insertion-sort-n96-d17-r1.pbqp,llvm,96,805,17,1538,206080,none,structured,search-node-limit,not_attempted_cpu_incomplete,480053.0,237021.0,242240,,,,,,,,,,,,,,,,,,,,,,,,,,,,,,,,,,,,,,,,,,,,,,,,,,,,,,,,,,,,,,,,,,,,,,,,,,,,,,,,,,,,,,,,,,,,,,,,,,,,,,,,,,,,,,,
467-mbb-std-final-insertion-sort-n96-d17-r1.pbqp,llvm,96,805,17,1538,206080,heuristic,structured,search-node-limit,not_attempted_cpu_incomplete,480053.0,237021.0,242240,,,,,,,,,,,,,,,,,,,,,,,,,,,,,,,,,,,,,,,,,,,,,,,,,,,,,,,,,,,,,,,,,,,,,,,,,,,,,,,,,,,,,,,,,,,,,,,,,,,,,,,,,,,,,,,
468-mbb-std-move-median-to-first-n29-d16.pbqp,llvm,29,120,16,458,29003,none,structured,search-node-limit,not_attempted_cpu_incomplete,86569.0,60987.0,53407,,,,,,,,,,,,,,,,,,,,,,,,,,,,,,,,,,,,,,,,,,,,,,,,,,,,,,,,,,,,,,,,,,,,,,,,,,,,,,,,,,,,,,,,,,,,,,,,,,,,,,,,,,,,,,,
468-mbb-std-move-median-to-first-n29-d16.pbqp,llvm,29,120,16,458,29003,heuristic,structured,search-node-limit,not_attempted_cpu_incomplete,86569.0,60987.0,53407,,,,,,,,,,,,,,,,,,,,,,,,,,,,,,,,,,,,,,,,,,,,,,,,,,,,,,,,,,,,,,,,,,,,,,,,,,,,,,,,,,,,,,,,,,,,,,,,,,,,,,,,,,,,,,,
469-mbb-0-operator-n21-d17.pbqp,llvm,21,37,17,281,4872,none,structured,solved-exact,completed,35408.0,21482.0,14073,735242.0,121165.0,614077.0,false,714439.0,1118814.0,0.0,29224.0,659864.0,816432.0,1.645153568484934,1.1104262270109706,1615,20268416,364688,5000,276,275,247,5,19879200,9314,202477,10117,114,115,133,"{""7"":2,""14"":5,""15"":1,""16"":11}","{""4"":7,""5"":5,""6"":4,""8"":2,""9"":1}",842528.0,790060.0,735242.0,516397,1041978.0,1239399.0,2281377.0,4261.932076094582,,1.1973123891629225,0.3222799212931488,1.0.0,4,0,8,16,1,0,1,false,1,35246,9856,25873,117318,10276,30354,68116,34058,54160,6135,103362,21643,0,0,0,0,1822,65269,0,0,0,14484,959,71877,0,0,940,343848,1207,1207,3721,4542,4542,40630,144136,162520,18384,34058,203120,723764,176172,17623,58659,27080,4928,12695,103362,1103056,27946,0,23018,0,3522,47768,1,1,25873,3721,,,
469-mbb-0-operator-n21-d17.pbqp,llvm,21,37,17,281,4872,heuristic,structured,solved-exact,completed,35408.0,21482.0,14073,46559.0,6908.0,39651.0,false,43080.0,86926.0,32394.0,28734.0,28734.0,43901.0,1.5894671277304067,0.9429111449988187,61,32464,3584,5000,1,0,1,0,0,113,2829,0,2,3,7,{},{},46781.0,57942.0,46559.0,27131,31582.0,91296.0,122878.0,3927.475390851187,,1.1742200701117247,0.378904279041,1.0.0,4,0,8,16,1,0,1,false,1,820,196,734,7262,458,2522,5284,2642,1488,108,4785,832,0,0,0,0,30,1653,0,0,0,120,0,0,0,0,58,24956,10,10,88,125,125,2980,10931,11920,989,2642,4992,50516,5952,410,3631,744,98,312,4785,61460,1052,0,954,0,190,3864,1,1,734,88,,,
470-cudd-addabs-cudd-addexistabstract-n10-d16.pbqp,llvm,10,23,16,118,2686,none,structured,solved-exact,completed,15406.0,8816.0,5159,376298.0,93841.0,282457.0,false,359769.0,434437.0,0.0,11112.0,363044.0,456161.0,1.7794062152868206,1.2122333894944963,947,6764712,189104,4000,177,176,146,5,6502144,6788,145236,7613,50,49,63,"{""7"":14,""14"":1,""16"":4}","{""4"":7,""5"":5,""6"":4,""7"":2,""9"":1}",533250.0,497918.0,376298.0,438932,705262.0,673857.0,1379119.0,4677.401135964024,,1.3322311006631098,0.27285390165750745,1.0.0,4,0,8,16,1,0,1,false,1,23870,6320,21627,104440,8666,27832,61936,30968,44860,3963,86585,17865,0,0,0,0,784,43512,0,0,0,9636,691,53449,0,0,882,318892,803,803,2357,3141,3141,36498,130701,145992,15291,30968,140400,653216,148988,11935,52220,22430,3160,8775,86585,942604,22672,0,19512,0,3332,43904,1,1,21627,2357,,,
470-cudd-addabs-cudd-addexistabstract-n10-d16.pbqp,llvm,10,23,16,118,2686,heuristic,structured,solved-exact,completed,15406.0,8816.0,5159,14293.0,0,14293.0,false,12884.0,32995.0,12628.0,11359.0,11359.0,13752.0,1.673126705380256,0.9621493038550339,21,8084,3584,4000,1,0,1,0,0,105,2686,0,1,0,0,{},{},14686.0,13872.0,14293.0,0,0,36616.0,36616.0,,,1.0,0.3903484815381254,1.0.0,4,0,8,16,1,0,1,false,1,0,0,0,0,0,0,0,0,0,0,0,0,0,0,0,0,0,0,0,0,0,0,0,0,0,0,0,0,0,0,0,0,0,0,0,0,0,0,0,0,0,0,0,0,0,0,0,0,0,0,0,0,0,0,0,0,0,0,,,
471-cudd-addabs-cudd-addorabstract-n10-d16.pbqp,llvm,10,23,16,118,2686,none,structured,solved-exact,completed,14388.0,8022.0,5159,395498.0,94744.0,300754.0,false,381841.0,424871.0,0.0,13709.0,374379.0,466092.0,1.6649388871751565,1.1784939494005027,947,6764712,189104,4000,177,176,146,5,6502144,6788,145236,7613,50,49,63,"{""7"":14,""14"":1,""16"":4}","{""4"":7,""5"":5,""6"":4,""7"":2,""9"":1}",488829.0,496598.0,395498.0,438932,714317.0,654936.0,1369253.0,4632.821075740944,,1.3150215790978674,0.2888421643041863,1.0.0,4,0,8,16,1,0,1,false,1,23870,6320,21627,104440,8666,27832,61936,30968,44860,3963,86585,17865,0,0,0,0,784,43512,0,0,0,9636,691,53449,0,0,882,318892,803,803,2357,3141,3141,36498,130701,145992,15291,30968,140400,653216,148988,11935,52220,22430,3160,8775,86585,942604,22672,0,19512,0,3332,43904,1,1,21627,2357,,,
471-cudd-addabs-cudd-addorabstract-n10-d16.pbqp,llvm,10,23,16,118,2686,heuristic,structured,solved-exact,completed,14388.0,8022.0,5159,14840.0,0,14840.0,false,13428.0,37124.0,13044.0,11608.0,11608.0,14220.0,1.8994609164420486,0.9582210242587601,21,8084,3584,4000,1,0,1,0,0,105,2686,0,1,0,0,{},{},13521.0,15737.0,14840.0,0,0,35496.0,35496.0,,,1.0,0.4180752760874465,1.0.0,4,0,8,16,1,0,1,false,1,0,0,0,0,0,0,0,0,0,0,0,0,0,0,0,0,0,0,0,0,0,0,0,0,0,0,0,0,0,0,0,0,0,0,0,0,0,0,0,0,0,0,0,0,0,0,0,0,0,0,0,0,0,0,0,0,0,0,,,
472-cudd-addabs-cudd-addunivabstract-n10-d16.pbqp,llvm,10,23,16,118,2686,none,structured,solved-exact,completed,15325.0,8211.0,5159,391163.0,95476.0,295687.0,false,374888.0,438747.0,0.0,15006.0,384587.0,477165.0,1.713927442012665,1.219862308040382,947,6764712,189104,4000,177,176,146,5,6502144,6788,145236,7613,50,49,63,"{""7"":14,""14"":1,""16"":4}","{""4"":7,""5"":5,""6"":4,""7"":2,""9"":1}",497164.0,511641.0,391163.0,438932,718121.0,677525.0,1395646.0,4597.301939754493,,1.3228954942219306,0.280273794357595,1.0.0,4,0,8,16,1,0,1,false,1,23870,6320,21627,104440,8666,27832,61936,30968,44860,3963,86585,17865,0,0,0,0,784,43512,0,0,0,9636,691,53449,0,0,882,318892,803,803,2357,3141,3141,36498,130701,145992,15291,30968,140400,653216,148988,11935,52220,22430,3160,8775,86585,942604,22672,0,19512,0,3332,43904,1,1,21627,2357,,,
472-cudd-addabs-cudd-addunivabstract-n10-d16.pbqp,llvm,10,23,16,118,2686,heuristic,structured,solved-exact,completed,15325.0,8211.0,5159,13859.0,0,13859.0,false,13368.0,35008.0,12159.0,11495.0,11495.0,14068.0,1.7660725882098276,1.015080453135147,21,8084,3584,4000,1,0,1,0,0,105,2686,0,1,0,0,{},{},12944.0,13743.0,13859.0,0,0,34970.0,34970.0,,,1.0,0.3963111238204175,1.0.0,4,0,8,16,1,0,1,false,1,0,0,0,0,0,0,0,0,0,0,0,0,0,0,0,0,0,0,0,0,0,0,0,0,0,0,0,0,0,0,0,0,0,0,0,0,0,0,0,0,0,0,0,0,0,0,0,0,0,0,0,0,0,0,0,0,0,0,,,
473-cudd-addabs-cuddaddexistabstractrecur-n34-d16.pbqp,llvm,34,135,16,407,12635,none,structured,search-node-limit,not_attempted_cpu_incomplete,52340.0,30545.0,17150,,,,,,,,,,,,,,,,,,,,,,,,,,,,,,,,,,,,,,,,,,,,,,,,,,,,,,,,,,,,,,,,,,,,,,,,,,,,,,,,,,,,,,,,,,,,,,,,,,,,,,,,,,,,,,,
473-cudd-addabs-cuddaddexistabstractrecur-n34-d16.pbqp,llvm,34,135,16,407,12635,heuristic,structured,search-node-limit,not_attempted_cpu_incomplete,52340.0,30545.0,17150,,,,,,,,,,,,,,,,,,,,,,,,,,,,,,,,,,,,,,,,,,,,,,,,,,,,,,,,,,,,,,,,,,,,,,,,,,,,,,,,,,,,,,,,,,,,,,,,,,,,,,,,,,,,,,,
474-cudd-addabs-cuddaddexistabstractrecur-n37-d16-r1.pbqp,llvm,37,138,16,482,14245,none,structured,search-node-limit,not_attempted_cpu_incomplete,60725.0,34983.0,19348,,,,,,,,,,,,,,,,,,,,,,,,,,,,,,,,,,,,,,,,,,,,,,,,,,,,,,,,,,,,,,,,,,,,,,,,,,,,,,,,,,,,,,,,,,,,,,,,,,,,,,,,,,,,,,,
474-cudd-addabs-cuddaddexistabstractrecur-n37-d16-r1.pbqp,llvm,37,138,16,482,14245,heuristic,structured,solved-exact,completed,60725.0,34983.0,19348,77595.0,2050.0,75545.0,false,71062.0,174136.0,64329.0,54530.0,54530.0,67549.0,1.9202397061666345,0.8705328951607707,109,29208,1568,11000,1,0,1,0,0,421,13503,0,0,1,3,{},{},72192.0,81414.0,77595.0,6477,9431.0,149199.0,158630.0,3159.512195121951,,1.0271361440201205,0.4891571581668033,1.0.0,4,0,8,16,1,0,1,false,1,276,64,154,1734,112,588,1232,616,316,36,1163,186,0,0,0,0,7,387,0,0,0,48,0,0,0,0,21,5910,4,4,28,28,28,700,2632,2800,168,616,1696,12236,1264,138,867,158,32,106,1163,15196,235,0,203,0,42,0,1,1,154,28,,,
475-cudd-addabs-cuddaddorabstractrecur-n29-d16.pbqp,llvm,29,138,16,339,12859,none,structured,search-node-limit,not_attempted_cpu_incomplete,48829.0,27601.0,15767,,,,,,,,,,,,,,,,,,,,,,,,,,,,,,,,,,,,,,,,,,,,,,,,,,,,,,,,,,,,,,,,,,,,,,,,,,,,,,,,,,,,,,,,,,,,,,,,,,,,,,,,,,,,,,,
475-cudd-addabs-cuddaddorabstractrecur-n29-d16.pbqp,llvm,29,138,16,339,12859,heuristic,structured,search-node-limit,not_attempted_cpu_incomplete,48829.0,27601.0,15767,,,,,,,,,,,,,,,,,,,,,,,,,,,,,,,,,,,,,,,,,,,,,,,,,,,,,,,,,,,,,,,,,,,,,,,,,,,,,,,,,,,,,,,,,,,,,,,,,,,,,,,,,,,,,,,
476-cudd-addabs-cuddaddorabstractrecur-n30-d16-r1.pbqp,llvm,30,127,16,391,13505,none,structured,search-node-limit,not_attempted_cpu_incomplete,47728.0,28467.0,17705,,,,,,,,,,,,,,,,,,,,,,,,,,,,,,,,,,,,,,,,,,,,,,,,,,,,,,,,,,,,,,,,,,,,,,,,,,,,,,,,,,,,,,,,,,,,,,,,,,,,,,,,,,,,,,,
476-cudd-addabs-cuddaddorabstractrecur-n30-d16-r1.pbqp,llvm,30,127,16,391,13505,heuristic,structured,solved-exact,completed,47728.0,28467.0,17705,60789.0,0,60789.0,false,53965.0,125997.0,52612.0,46696.0,46696.0,55252.0,1.9935843655924592,0.9089144417575549,85,22352,3584,9000,1,0,1,0,0,391,13505,0,0,0,0,{},{},55453.0,61415.0,60789.0,0,0,120750.0,120750.0,,,1.0,0.5034285714285714,1.0.0,4,0,8,16,1,0,1,false,1,0,0,0,0,0,0,0,0,0,0,0,0,0,0,0,0,0,0,0,0,0,0,0,0,0,0,0,0,0,0,0,0,0,0,0,0,0,0,0,0,0,0,0,0,0,0,0,0,0,0,0,0,0,0,0,0,0,0,,,
477-cudd-addabs-cuddaddunivabstractrecur-n37-d16.pbqp,llvm,37,147,16,455,14411,none,structured,search-node-limit,not_attempted_cpu_incomplete,58737.0,33438.0,19229,,,,,,,,,,,,,,,,,,,,,,,,,,,,,,,,,,,,,,,,,,,,,,,,,,,,,,,,,,,,,,,,,,,,,,,,,,,,,,,,,,,,,,,,,,,,,,,,,,,,,,,,,,,,,,,
477-cudd-addabs-cuddaddunivabstractrecur-n37-d16.pbqp,llvm,37,147,16,455,14411,heuristic,structured,search-node-limit,not_attempted_cpu_incomplete,58737.0,33438.0,19229,,,,,,,,,,,,,,,,,,,,,,,,,,,,,,,,,,,,,,,,,,,,,,,,,,,,,,,,,,,,,,,,,,,,,,,,,,,,,,,,,,,,,,,,,,,,,,,,,,,,,,,,,,,,,,,
478-cudd-addabs-cuddaddunivabstractrecur-n40-d16-r1.pbqp,llvm,40,150,16,530,16021,none,structured,search-node-limit,not_attempted_cpu_incomplete,65292.0,36055.0,21427,,,,,,,,,,,,,,,,,,,,,,,,,,,,,,,,,,,,,,,,,,,,,,,,,,,,,,,,,,,,,,,,,,,,,,,,,,,,,,,,,,,,,,,,,,,,,,,,,,,,,,,,,,,,,,,
478-cudd-addabs-cuddaddunivabstractrecur-n40-d16-r1.pbqp,llvm,40,150,16,530,16021,heuristic,structured,solved-exact,completed,65292.0,36055.0,21427,79932.0,2070.0,77862.0,false,75448.0,169081.0,66113.0,60022.0,60022.0,74196.0,2.254141019866887,0.9282390031526798,118,31128,1568,11000,1,0,1,0,0,469,15279,0,0,1,3,{},{},79228.0,98012.0,79932.0,6477,9527.0,159093.0,168620.0,3128.985507246377,,1.0265854974185096,0.4740362946269719,1.0.0,4,0,8,16,1,0,1,false,1,276,64,154,1734,112,588,1232,616,316,36,1163,186,0,0,0,0,7,387,0,0,0,48,0,0,0,0,21,5910,4,4,28,28,28,700,2632,2800,168,616,1696,12236,1264,138,867,158,32,106,1163,15196,235,0,203,0,42,0,1,1,154,28,,,
479-cudd-bddabs-cudd-bddbooleandiff-n9-d16.pbqp,llvm,9,19,16,103,2034,none,structured,solved-exact,completed,10446.0,6976.0,4617,238662.0,75224.0,163438.0,false,233825.0,252372.0,0.0,11968.0,227347.0,313264.0,1.800634369945781,1.312584324274497,654,3514948,130432,4000,106,105,89,4,3314640,4082,73866,3311,28,28,84,"{""7"":5,""14"":5}","{""4"":4,""5"":3,""8"":2,""9"":1}",323795.0,319336.0,238662.0,318416,498598.0,411901.0,910499.0,4232.9043922152505,,1.4602601598159546,0.2621221989260834,1.0.0,4,0,8,16,1,0,1,false,1,16170,4060,13671,78456,5642,22568,48720,24360,28196,2457,61411,12705,0,0,0,0,448,24864,0,0,0,5124,315,23513,0,0,840,256368,427,427,1603,2051,2051,28210,101423,112840,11417,24360,96880,489944,99540,8085,39228,14098,2030,6055,61411,686364,16044,0,14014,0,2576,25088,1,1,13671,1603,,,
479-cudd-bddabs-cudd-bddbooleandiff-n9-d16.pbqp,llvm,9,19,16,103,2034,heuristic,structured,solved-exact,completed,10446.0,6976.0,4617,13197.0,0,13197.0,false,12464.0,19977.0,11870.0,11160.0,11160.0,13741.0,1.6965977116011215,1.041221489732515,20,8368,3584,4000,1,0,1,0,0,103,2034,0,0,0,0,{},{},14461.0,13342.0,13197.0,0,0,20030.0,20030.0,,,1.0,0.6588617074388418,1.0.0,4,0,8,16,1,0,1,false,1,0,0,0,0,0,0,0,0,0,0,0,0,0,0,0,0,0,0,0,0,0,0,0,0,0,0,0,0,0,0,0,0,0,0,0,0,0,0,0,0,0,0,0,0,0,0,0,0,0,0,0,0,0,0,0,0,0,0,,,
480-cudd-bddabs-cudd-bddexistabstract-n10-d16.pbqp,llvm,10,24,16,118,2777,none,structured,solved-exact,completed,12632.0,6636.0,4323,355026.0,61012.0,294014.0,false,344903.0,469811.0,0.0,10620.0,326383.0,427109.0,1.923321108876533,1.2030358339952567,1072,8282608,192368,4000,215,214,188,5,8132000,8147,157791,8312,42,43,56,"{""7"":8,""14"":1,""16"":9}","{""4"":6,""5"":5,""6"":4,""7"":2,""9"":1}",424633.0,380414.0,355026.0,245047,587344.0,674882.0,1262226.0,4016.3738280993903,,1.2075139279081948,0.28126975676305194,1.0.0,4,0,8,16,1,0,1,false,1,20488,5740,14381,51136,5168,12152,27048,13524,30660,3819,51142,9789,0,0,0,0,679,24234,0,0,0,11388,850,59894,0,0,392,137102,949,949,1921,2215,2215,17320,61911,69280,7369,13524,117984,322416,89392,10244,25568,15330,2870,7374,51142,529792,12690,0,9820,0,1372,16464,1,1,14381,1921,,,
480-cudd-bddabs-cudd-bddexistabstract-n10-d16.pbqp,llvm,10,24,16,118,2777,heuristic,structured,solved-exact,completed,12632.0,6636.0,4323,12442.0,256.0,12186.0,false,11934.0,34527.0,10399.0,9828.0,9828.0,12609.0,1.9481594598939078,1.0134222793763061,25,7144,1568,4000,1,0,1,0,0,105,2686,0,0,1,0,{},{},12441.0,13529.0,12442.0,423,2395.0,36064.0,38459.0,1652.34375,,1.0210077137698998,0.32351335188122415,1.0.0,4,0,8,16,1,0,1,false,1,48,16,7,112,28,0,56,28,16,9,88,15,0,0,0,0,7,378,0,0,0,12,0,0,0,0,0,0,1,1,7,7,7,28,91,112,21,28,256,728,64,24,56,8,8,16,88,1048,22,0,14,0,0,0,1,1,7,7,,,
481-cudd-bddabs-cudd-bddexistabstractlimit-n13-d16.pbqp,llvm,13,43,16,154,4953,none,structured,search-node-limit,not_attempted_cpu_incomplete,20125.0,11473.0,7530,,,,,,,,,,,,,,,,,,,,,,,,,,,,,,,,,,,,,,,,,,,,,,,,,,,,,,,,,,,,,,,,,,,,,,,,,,,,,,,,,,,,,,,,,,,,,,,,,,,,,,,,,,,,,,,
481-cudd-bddabs-cudd-bddexistabstractlimit-n13-d16.pbqp,llvm,13,43,16,154,4953,heuristic,structured,solved-exact,completed,20125.0,11473.0,7530,20221.0,236.0,19985.0,false,19049.0,50563.0,17122.0,15928.0,15928.0,19862.0,2.4634785618911033,0.9822461797141585,34,10912,2912,5000,1,0,1,0,0,141,4862,0,0,1,0,{},{},22153.0,22404.0,20221.0,423,2292.0,60999.0,63291.0,1792.3728813559321,,1.0118088566424819,0.31949250288350634,1.0.0,4,0,8,16,1,0,1,false,1,48,16,7,112,28,0,56,28,16,9,88,15,0,0,0,0,7,378,0,0,0,12,0,0,0,0,0,0,1,1,7,7,7,28,91,112,21,28,256,728,64,24,56,8,8,16,88,1048,22,0,14,0,0,0,1,1,7,7,,,
482-cudd-bddabs-cudd-bddunivabstract-n11-d16.pbqp,llvm,11,26,16,134,3127,none,structured,solved-exact,completed,16461.0,8488.0,5323,405196.0,71322.0,333874.0,false,381287.0,512390.0,0.0,14787.0,316507.0,506428.0,1.6761048973829948,1.249834647923474,1107,9100540,208768,4000,217,216,189,5,8913024,8658,177662,7842,42,43,70,"{""7"":6,""14"":1,""16"":10}","{""4"":6,""5"":5,""6"":3,""7"":2,""10"":1}",450848.0,465607.0,405196.0,281581,639090.0,709526.0,1348616.0,3948.0244524831046,,1.2136195091561488,0.30045320536016185,1.0.0,4,0,8,16,1,0,1,false,1,22448,6112,15479,60528,5500,15288,33320,16660,32832,3993,57904,11517,0,0,0,0,679,24234,0,0,0,11244,824,56864,0,0,616,176078,937,937,2119,2413,2413,20788,73985,83152,9167,16660,130688,375104,99960,11224,30264,16416,3056,8168,57904,605752,14840,0,11784,0,1820,16464,1,1,15479,2119,,,
482-cudd-bddabs-cudd-bddunivabstract-n11-d16.pbqp,llvm,11,26,16,134,3127,heuristic,structured,solved-exact,completed,16461.0,8488.0,5323,17765.0,254.0,17511.0,false,15843.0,41206.0,15500.0,12995.0,12995.0,15797.0,1.568702504925415,0.8892203771460737,27,9720,2432,4000,1,0,1,0,0,121,3036,0,0,1,0,{},{},15660.0,17288.0,17765.0,423,2313.0,48953.0,51266.0,1665.3543307086613,,1.0145051681800012,0.34652596262630203,1.0.0,4,0,8,16,1,0,1,false,1,48,16,7,112,28,0,56,28,16,9,88,15,0,0,0,0,7,378,0,0,0,12,0,0,0,0,0,0,1,1,7,7,7,28,91,112,21,28,256,728,64,24,56,8,8,16,88,1048,22,0,14,0,0,0,1,1,7,7,,,
483-cudd-bddabs-cudd-bddvarisdependent-n17-d16.pbqp,llvm,17,85,16,190,7547,none,structured,search-node-limit,not_attempted_cpu_incomplete,24225.0,15425.0,9760,,,,,,,,,,,,,,,,,,,,,,,,,,,,,,,,,,,,,,,,,,,,,,,,,,,,,,,,,,,,,,,,,,,,,,,,,,,,,,,,,,,,,,,,,,,,,,,,,,,,,,,,,,,,,,,
483-cudd-bddabs-cudd-bddvarisdependent-n17-d16.pbqp,llvm,17,85,16,190,7547,heuristic,structured,search-node-limit,not_attempted_cpu_incomplete,24225.0,15425.0,9760,,,,,,,,,,,,,,,,,,,,,,,,,,,,,,,,,,,,,,,,,,,,,,,,,,,,,,,,,,,,,,,,,,,,,,,,,,,,,,,,,,,,,,,,,,,,,,,,,,,,,,,,,,,,,,,
484-cudd-bddabs-cudd-bddvarisdependent-n19-d16-r1.pbqp,llvm,19,87,16,240,9002,none,structured,search-node-limit,not_attempted_cpu_incomplete,28099.0,17479.0,11415,,,,,,,,,,,,,,,,,,,,,,,,,,,,,,,,,,,,,,,,,,,,,,,,,,,,,,,,,,,,,,,,,,,,,,,,,,,,,,,,,,,,,,,,,,,,,,,,,,,,,,,,,,,,,,,
484-cudd-bddabs-cudd-bddvarisdependent-n19-d16-r1.pbqp,llvm,19,87,16,240,9002,heuristic,structured,solved-exact,completed,28099.0,17479.0,11415,32481.0,0,32481.0,false,30959.0,78786.0,27154.0,26327.0,26327.0,32505.0,2.245836027215911,1.0007388935069732,52,14608,1568,7000,1,0,1,0,0,240,9002,0,0,0,0,{},{},33099.0,33908.0,32481.0,0,0,43890.0,43890.0,,,1.0,0.7400546821599453,1.0.0,4,0,8,16,1,0,1,false,1,0,0,0,0,0,0,0,0,0,0,0,0,0,0,0,0,0,0,0,0,0,0,0,0,0,0,0,0,0,0,0,0,0,0,0,0,0,0,0,0,0,0,0,0,0,0,0,0,0,0,0,0,0,0,0,0,0,0,,,
485-cudd-bddabs-cudd-bddxorexistabstract-n11-d16.pbqp,llvm,11,31,16,125,3309,none,structured,solved-exact,completed,17380.0,7954.0,4980,523801.0,87663.0,436138.0,false,520709.0,622445.0,0.0,16342.0,520376.0,649157.0,1.8703324354096307,1.2393198943873722,1417,13109080,281888,5000,278,277,236,6,12892688,10840,234623,11602,63,64,77,"{""7"":17,""14"":1,""16"":9}","{""4"":9,""5"":6,""6"":5,""7"":4,""8"":2,""10"":1}",636070.0,633244.0,523801.0,346872,852216.0,1046882.0,1899098.0,3956.880325793094,,1.2009983078750304,0.2758156767054675,1.0.0,4,0,8,16,1,0,1,false,1,29672,8346,20359,71888,7332,16856,37800,18900,43478,5553,72519,14169,0,0,0,0,1015,36162,0,0,0,16560,1239,84439,0,0,539,191639,1380,1380,2793,3234,3234,24188,86075,96752,10677,18900,170608,449872,127504,14836,35944,21739,4173,10663,72519,747984,18383,0,14210,0,1960,24696,1,1,20359,2793,,,
485-cudd-bddabs-cudd-bddxorexistabstract-n11-d16.pbqp,llvm,11,31,16,125,3309,heuristic,structured,solved-exact,completed,17380.0,7954.0,4980,14717.0,258.0,14459.0,false,13775.0,40804.0,12309.0,11505.0,11505.0,14535.0,2.1929061629408166,0.9876333491880138,28,8000,1568,5000,1,0,1,0,0,112,3218,0,0,1,0,{},{},13676.0,15971.0,14717.0,423,2305.0,40184.0,42489.0,1639.5348837209303,,1.017843557645757,0.3463720021652663,1.0.0,4,0,8,16,1,0,1,false,1,48,16,7,112,28,0,56,28,16,9,88,15,0,0,0,0,7,378,0,0,0,12,0,0,0,0,0,0,1,1,7,7,7,28,91,112,21,28,256,728,64,24,56,8,8,16,88,1048,22,0,14,0,0,0,1,1,7,7,,,
486-cudd-bddabs-cuddbddbooleandiffrecur-n19-d16.pbqp,llvm,19,81,16,218,7994,none,structured,search-node-limit,not_attempted_cpu_incomplete,41368.0,21632.0,12697,,,,,,,,,,,,,,,,,,,,,,,,,,,,,,,,,,,,,,,,,,,,,,,,,,,,,,,,,,,,,,,,,,,,,,,,,,,,,,,,,,,,,,,,,,,,,,,,,,,,,,,,,,,,,,,
486-cudd-bddabs-cuddbddbooleandiffrecur-n19-d16.pbqp,llvm,19,81,16,218,7994,heuristic,structured,search-node-limit,not_attempted_cpu_incomplete,41368.0,21632.0,12697,,,,,,,,,,,,,,,,,,,,,,,,,,,,,,,,,,,,,,,,,,,,,,,,,,,,,,,,,,,,,,,,,,,,,,,,,,,,,,,,,,,,,,,,,,,,,,,,,,,,,,,,,,,,,,,
487-cudd-bddabs-cuddbddbooleandiffrecur-n20-d16-r1.pbqp,llvm,20,76,16,252,8267,none,structured,search-node-limit,not_attempted_cpu_incomplete,34643.0,20674.0,12974,,,,,,,,,,,,,,,,,,,,,,,,,,,,,,,,,,,,,,,,,,,,,,,,,,,,,,,,,,,,,,,,,,,,,,,,,,,,,,,,,,,,,,,,,,,,,,,,,,,,,,,,,,,,,,,
487-cudd-bddabs-cuddbddbooleandiffrecur-n20-d16-r1.pbqp,llvm,20,76,16,252,8267,heuristic,structured,solved-exact,completed,34643.0,20674.0,12974,46854.0,1647.0,45207.0,false,38461.0,95072.0,35766.0,29415.0,29415.0,39655.0,1.5440730780723098,0.8463524992529987,57,19388,3584,7000,1,0,1,0,0,223,7749,0,0,0,2,{},{},39450.0,45179.0,46854.0,6054,5645.0,90776.0,96421.0,3675.774134790528,,1.0364324109098149,0.485931487953869,1.0.0,4,0,8,16,1,0,1,false,1,152,32,154,1624,84,616,1232,616,312,18,1044,170,0,0,0,0,0,0,0,0,0,24,0,0,0,0,14,5964,2,2,14,21,21,700,2506,2800,294,616,960,11228,1248,76,812,156,16,60,1044,13436,212,0,196,0,42,784,1,1,154,14,,,
488-cudd-bddabs-cuddbddexistabstractrecur-n37-d16.pbqp,llvm,37,216,16,456,21181,none,structured,search-node-limit,not_attempted_cpu_incomplete,81017.0,44092.0,27072,,,,,,,,,,,,,,,,,,,,,,,,,,,,,,,,,,,,,,,,,,,,,,,,,,,,,,,,,,,,,,,,,,,,,,,,,,,,,,,,,,,,,,,,,,,,,,,,,,,,,,,,,,,,,,,
488-cudd-bddabs-cuddbddexistabstractrecur-n37-d16.pbqp,llvm,37,216,16,456,21181,heuristic,structured,search-node-limit,not_attempted_cpu_incomplete,81017.0,44092.0,27072,,,,,,,,,,,,,,,,,,,,,,,,,,,,,,,,,,,,,,,,,,,,,,,,,,,,,,,,,,,,,,,,,,,,,,,,,,,,,,,,,,,,,,,,,,,,,,,,,,,,,,,,,,,,,,,
489-cudd-bddabs-cuddbddexistabstractrecur-n37-d16-r1.pbqp,llvm,37,188,16,501,20453,none,structured,search-node-limit,not_attempted_cpu_incomplete,69817.0,39693.0,26044,,,,,,,,,,,,,,,,,,,,,,,,,,,,,,,,,,,,,,,,,,,,,,,,,,,,,,,,,,,,,,,,,,,,,,,,,,,,,,,,,,,,,,,,,,,,,,,,,,,,,,,,,,,,,,,
489-cudd-bddabs-cuddbddexistabstractrecur-n37-d16-r1.pbqp,llvm,37,188,16,501,20453,heuristic,structured,solved-exact,completed,69817.0,39693.0,26044,89377.0,0,89377.0,false,82781.0,229373.0,76730.0,68333.0,68333.0,81053.0,1.9926938697875292,0.9068664197724247,106,31264,3584,9000,1,0,1,0,0,501,20453,0,0,0,0,{},{},83631.0,91377.0,89377.0,0,0,185297.0,185297.0,,,1.0,0.482344560354458,1.0.0,4,0,8,16,1,0,1,false,1,0,0,0,0,0,0,0,0,0,0,0,0,0,0,0,0,0,0,0,0,0,0,0,0,0,0,0,0,0,0,0,0,0,0,0,0,0,0,0,0,0,0,0,0,0,0,0,0,0,0,0,0,0,0,0,0,0,0,,,
490-cudd-bddabs-cuddbddxorexistabstractrecur-n38-d16.pbqp,llvm,38,328,16,426,32359,none,structured,search-node-limit,not_attempted_cpu_incomplete,115889.0,65973.0,40276,,,,,,,,,,,,,,,,,,,,,,,,,,,,,,,,,,,,,,,,,,,,,,,,,,,,,,,,,,,,,,,,,,,,,,,,,,,,,,,,,,,,,,,,,,,,,,,,,,,,,,,,,,,,,,,
490-cudd-bddabs-cuddbddxorexistabstractrecur-n38-d16.pbqp,llvm,38,328,16,426,32359,heuristic,structured,search-node-limit,not_attempted_cpu_incomplete,115889.0,65973.0,40276,,,,,,,,,,,,,,,,,,,,,,,,,,,,,,,,,,,,,,,,,,,,,,,,,,,,,,,,,,,,,,,,,,,,,,,,,,,,,,,,,,,,,,,,,,,,,,,,,,,,,,,,,,,,,,,
491-cudd-bddabs-cuddbddxorexistabstractrecur-n53-d16-r1.pbqp,llvm,53,295,16,727,40861,none,structured,search-node-limit,not_attempted_cpu_incomplete,131190.0,70667.0,51376,,,,,,,,,,,,,,,,,,,,,,,,,,,,,,,,,,,,,,,,,,,,,,,,,,,,,,,,,,,,,,,,,,,,,,,,,,,,,,,,,,,,,,,,,,,,,,,,,,,,,,,,,,,,,,,
491-cudd-bddabs-cuddbddxorexistabstractrecur-n53-d16-r1.pbqp,llvm,53,295,16,727,40861,heuristic,structured,search-node-limit,not_attempted_cpu_incomplete,131190.0,70667.0,51376,,,,,,,,,,,,,,,,,,,,,,,,,,,,,,,,,,,,,,,,,,,,,,,,,,,,,,,,,,,,,,,,,,,,,,,,,,,,,,,,,,,,,,,,,,,,,,,,,,,,,,,,,,,,,,,
degree-3-n12-d2-s1001.pbqp,synthetic,12,18,2,24,72,none,structured,solved-exact,completed,4372.0,1089.0,132,13524.0,3684.0,9840.0,false,13283.0,14857.0,0.0,5280.0,18908.0,19244.0,4.237577639751553,1.4229517894114168,131,37088,6776,-46,15,14,3,3,27888,40,120,84,8,8,26,"{""2"":7}","{""4"":4,""8"":2,""12"":1}",11124.0,11557.0,13524.0,5684,37658.0,42861.0,80519.0,1542.8881650380022,,1.3743902439024391,0.16796035718277674,1.0.0,4,0,8,16,1,0,1,false,1,1408,372,204,648,110,104,240,120,560,262,1308,348,0,0,0,0,16,384,0,0,0,912,42,1176,0,0,52,2392,76,76,110,110,110,214,428,856,428,120,8288,2592,1904,704,324,280,186,518,1308,12784,186,0,324,0,104,0,1,1,204,110,degree-3,12,2
degree-3-n12-d2-s1001.pbqp,synthetic,12,18,2,24,72,heuristic,structured,solved-exact,completed,4372.0,1089.0,132,16628.0,3386.0,13242.0,false,15960.0,21580.0,3047.0,3062.0,3062.0,21923.0,3.674103921096945,1.3184387779648785,156,39600,6776,-46,15,14,8,3,27888,88,264,84,8,8,26,"{""2"":7}","{""4"":4,""8"":2,""12"":1}",16428.0,14253.0,16628.0,5684,38001.0,49587.0,87588.0,1678.67690490254,,1.2557015556562452,0.18984335753756224,1.0.0,4,0,8,16,1,0,1,false,1,1408,372,204,648,110,104,240,120,560,262,1308,348,0,0,0,0,16,384,0,0,0,912,42,1176,0,0,52,2392,76,76,110,110,110,214,428,856,428,120,8288,2592,1904,704,324,280,186,518,1308,12784,186,0,324,0,104,0,1,1,204,110,degree-3,12,2
degree-3-n12-d2-s1002.pbqp,synthetic,12,18,2,24,72,none,structured,solved-exact,completed,3994.0,1097.0,132,15375.0,4491.0,10884.0,false,14858.0,17016.0,0.0,6221.0,21098.0,22616.0,3.313170731707317,1.4709593495934958,131,37088,6776,-49,15,14,4,3,27888,40,120,84,8,8,26,"{""2"":7}","{""4"":4,""8"":2,""12"":1}",11615.0,11451.0,15375.0,5684,38527.0,46886.0,85413.0,1265.6423959029169,,1.4126240352811466,0.18000772716097083,1.0.0,4,0,8,16,1,0,1,false,1,1408,372,204,648,110,104,240,120,560,262,1308,348,0,0,0,0,16,384,0,0,0,912,42,1176,0,0,52,2392,76,76,110,110,110,214,428,856,428,120,8288,2592,1904,704,324,280,186,518,1308,12784,186,0,324,0,104,0,1,1,204,110,degree-3,12,2
degree-3-n12-d2-s1002.pbqp,synthetic,12,18,2,24,72,heuristic,structured,solved-exact,completed,3994.0,1097.0,132,15528.0,3410.0,12118.0,false,14905.0,20003.0,3090.0,3106.0,3106.0,21973.0,3.8113730036063886,1.4150566718186501,139,34576,6776,-49,13,12,7,3,23904,88,264,72,6,6,24,"{""2"":6}","{""4"":3,""8"":2,""12"":1}",13599.0,14630.0,15528.0,5010,33157.0,51495.0,84652.0,1469.208211143695,,1.2813995708862849,0.1834333506591693,1.0.0,4,0,8,16,1,0,1,false,1,1236,324,180,576,96,96,216,108,492,228,1152,306,0,0,0,0,12,288,0,0,0,792,36,1008,0,0,48,2208,66,66,96,96,96,192,384,768,384,108,7296,2304,1680,618,288,246,162,456,1152,11280,162,0,288,0,96,0,1,1,180,96,degree-3,12,2
degree-3-n12-d4-s1001.pbqp,synthetic,12,18,4,48,288,none,structured,solved-exact,completed,5999.0,2755.0,680,85987.0,44487.0,41500.0,false,85183.0,115361.0,0.0,10096.0,152094.0,156795.0,2.820879900450068,1.8234733157337737,601,321904,11840,-81,69,68,48,3,243712,336,2016,816,48,48,108,"{""4"":17}","{""4"":12,""8"":4,""12"":1}",71270.0,67198.0,85987.0,51912,244351.0,213349.0,457700.0,1166.90269067368,,2.071975903614458,0.18786759886388463,1.0.0,4,0,8,16,1,0,1,false,1,9264,2376,2736,6960,828,1728,3840,1920,6192,1548,11208,3312,0,0,0,0,192,4896,0,0,0,4320,204,7344,0,0,432,30240,360,360,828,828,828,2556,10224,10224,0,1920,55104,54144,21504,4632,3480,3096,1188,3444,11208,130752,1284,0,3384,0,864,0,1,1,2736,828,degree-3,12,4
degree-3-n12-d4-s1001.pbqp,synthetic,12,18,4,48,288,heuristic,structured,solved-exact,completed,5999.0,2755.0,680,96459.0,39090.0,57369.0,false,92751.0,127098.0,5343.0,5164.0,115461.0,118388.0,2.62879565411211,1.2273401134160629,626,326656,11840,-81,69,68,50,3,243712,432,2592,816,48,48,108,"{""4"":17}","{""4"":12,""8"":4,""12"":1}",78461.0,75311.0,96459.0,51912,248747.0,198389.0,447136.0,1328.012279355334,,1.6813784448046856,0.2157263114578115,1.0.0,4,0,8,16,1,0,1,false,1,9264,2376,2736,6960,828,1728,3840,1920,6192,1548,11208,3312,0,0,0,0,192,4896,0,0,0,4320,204,7344,0,0,432,30240,360,360,828,828,828,2556,10224,10224,0,1920,55104,54144,21504,4632,3480,3096,1188,3444,11208,130752,1284,0,3384,0,864,0,1,1,2736,828,degree-3,12,4
degree-3-n12-d4-s1002.pbqp,synthetic,12,18,4,48,288,none,structured,solved-exact,completed,5395.0,2434.0,680,91637.0,42169.0,49468.0,false,89764.0,94687.0,0.0,9646.0,117521.0,120539.0,2.743335115728363,1.315396619269509,634,339936,11840,-84,73,72,47,3,258048,336,2016,864,52,52,112,"{""4"":18}","{""4"":13,""8"":4,""12"":1}",74087.0,70983.0,91637.0,54388,256783.0,197989.0,454772.0,1289.762621831203,,1.852450068731301,0.20150097191559727,1.0.0,4,0,8,16,1,0,1,false,1,9736,2504,2864,7280,872,1792,4000,2000,6488,1632,11752,3468,0,0,0,0,208,5304,0,0,0,4560,216,7776,0,0,448,31360,380,380,872,872,872,2664,10656,10656,0,2000,57856,56576,22496,4868,3640,3244,1252,3616,11752,136928,1356,0,3536,0,896,0,1,1,2864,872,degree-3,12,4
degree-3-n12-d4-s1002.pbqp,synthetic,12,18,4,48,288,heuristic,structured,solved-exact,completed,5395.0,2434.0,680,76149.0,32291.0,43858.0,false,75021.0,78668.0,4895.0,5110.0,94237.0,97157.0,2.806786694506822,1.2758801822742256,494,254528,11840,-84,53,52,38,3,186368,432,2592,624,32,32,92,"{""4"":13}","{""4"":8,""8"":4,""12"":1}",64958.0,63859.0,76149.0,42008,192800.0,164729.0,357529.0,1300.9197609240964,,1.7362624834693785,0.21298691854367058,1.0.0,4,0,8,16,1,0,1,false,1,7376,1864,2224,5680,652,1472,3200,1600,5008,1212,9032,2688,0,0,0,0,128,3264,0,0,0,3360,156,5616,0,0,368,25760,280,280,652,652,652,2124,8496,8496,0,1600,44096,44416,17536,3688,2840,2504,932,2756,9032,106048,996,0,2776,0,736,0,1,1,2224,652,degree-3,12,4
degree-3-n20-d2-s1001.pbqp,synthetic,20,30,2,40,120,none,structured,solved-exact,completed,6742.0,2126.0,228,48268.0,11372.0,36896.0,false,47483.0,51818.0,0.0,8683.0,19364.0,61570.0,3.6756650368774344,1.2755863097704483,409,172288,18184,-89,43,42,18,5,137424,304,912,252,16,16,94,"{""2"":21}","{""4"":8,""8"":6,""12"":4,""16"":2,""20"":1}",40647.0,37363.0,48268.0,18340,120366.0,129446.0,249812.0,1612.7330284910306,,1.3082176929748481,0.1932172994091557,1.0.0,4,0,8,16,1,0,1,false,1,4496,1164,660,2136,346,376,816,408,1792,818,4212,1116,0,0,0,0,32,768,0,0,0,2832,126,3528,0,0,188,8648,236,236,346,346,346,722,1444,2888,1444,408,26656,8544,6160,2248,1068,896,582,1666,4212,41360,582,0,1068,0,376,0,1,1,660,346,degree-3,20,2
degree-3-n20-d2-s1001.pbqp,synthetic,20,30,2,40,120,heuristic,structured,solved-exact,completed,6742.0,2126.0,228,52734.0,11362.0,41372.0,false,51552.0,73992.0,5739.0,5486.0,5486.0,69723.0,3.621932718928964,1.3221640687222664,452,176688,18184,-89,43,42,22,5,137424,424,1272,252,16,16,94,"{""2"":21}","{""4"":8,""8"":6,""12"":4,""16"":2,""20"":1}",45379.0,46094.0,52734.0,18340,119832.0,134855.0,254687.0,1614.152437951065,,1.2746301846659576,0.20705414881796086,1.0.0,4,0,8,16,1,0,1,false,1,4496,1164,660,2136,346,376,816,408,1792,818,4212,1116,0,0,0,0,32,768,0,0,0,2832,126,3528,0,0,188,8648,236,236,346,346,346,722,1444,2888,1444,408,26656,8544,6160,2248,1068,896,582,1666,4212,41360,582,0,1068,0,376,0,1,1,660,346,degree-3,20,2
degree-3-n20-d2-s1002.pbqp,synthetic,20,30,2,40,120,none,structured,solved-exact,completed,6514.0,1844.0,228,50825.0,12915.0,37910.0,false,49234.0,63295.0,0.0,8796.0,12926.0,68677.0,3.8153861288735857,1.3512444663059517,451,189184,18184,-61,47,46,22,5,150512,336,1008,276,16,16,106,"{""2"":23}","{""4"":8,""8"":8,""12"":4,""16"":2,""20"":1}",44676.0,42692.0,50825.0,20332,133320.0,181780.0,315100.0,1574.2934572202864,,1.3406752835663414,0.16129800063471914,1.0.0,4,0,8,16,1,0,1,false,1,4976,1284,732,2376,382,424,912,456,1984,902,4668,1236,0,0,0,0,32,768,0,0,0,3120,138,3864,0,0,212,9752,260,260,382,382,382,806,1612,3224,1612,456,29536,9504,6832,2488,1188,992,642,1846,4668,45872,642,0,1188,0,424,0,1,1,732,382,degree-3,20,2
degree-3-n20-d2-s1002.pbqp,synthetic,20,30,2,40,120,heuristic,structured,solved-exact,completed,6514.0,1844.0,228,58182.0,14426.0,43756.0,false,55874.0,60648.0,5686.0,9084.0,9084.0,90748.0,3.666443229864907,1.5597263758550755,494,193584,18184,-61,47,46,24,5,150512,456,1368,276,16,16,106,"{""2"":23}","{""4"":8,""8"":8,""12"":4,""16"":2,""20"":1}",51684.0,49184.0,58182.0,20332,131160.0,163740.0,294900.0,1409.3996949951477,,1.329691927964165,0.197293997965412,1.0.0,4,0,8,16,1,0,1,false,1,4976,1284,732,2376,382,424,912,456,1984,902,4668,1236,0,0,0,0,32,768,0,0,0,3120,138,3864,0,0,212,9752,260,260,382,382,382,806,1612,3224,1612,456,29536,9504,6832,2488,1188,992,642,1846,4668,45872,642,0,1188,0,424,0,1,1,732,382,degree-3,20,2
degree-3-n20-d4-s1001.pbqp,synthetic,20,30,4,80,480,none,structured,search-node-limit,not_attempted_cpu_incomplete,9398.0,4085.0,1208,,,,,,,,,,,,,,,,,,,,,,,,,,,,,,,,,,,,,,,,,,,,,,,,,,,,,,,,,,,,,,,,,,,,,,,,,,,,,,,,,,,,,,,,,,,,,,,,,,,,,,,,,,,,,degree-3,20,4
degree-3-n20-d4-s1001.pbqp,synthetic,20,30,4,80,480,heuristic,structured,search-node-limit,not_attempted_cpu_incomplete,9398.0,4085.0,1208,,,,,,,,,,,,,,,,,,,,,,,,,,,,,,,,,,,,,,,,,,,,,,,,,,,,,,,,,,,,,,,,,,,,,,,,,,,,,,,,,,,,,,,,,,,,,,,,,,,,,,,,,,,,,degree-3,20,4
degree-3-n20-d4-s1002.pbqp,synthetic,20,30,4,80,480,none,structured,solved-exact,completed,8101.0,3656.0,1208,756186.0,341851.0,414335.0,false,747746.0,813026.0,0.0,24859.0,469838.0,972817.0,2.6137537589958026,1.2864784590034728,4379,3405616,31552,-144,461,460,338,5,2708480,6240,37440,5520,168,168,1044,"{""4"":115}","{""4"":42,""8"":52,""12"":16,""16"":4,""20"":1}",625969.0,636304.0,756186.0,428112,1906679.0,1623012.0,3529691.0,1252.3350816583834,,1.8250594325847442,0.214235750381549,1.0.0,4,0,8,16,1,0,1,false,1,72384,17640,22896,58992,6228,16704,34752,17376,50976,11412,91176,27576,0,0,0,0,672,17136,0,0,0,31104,1380,49680,0,0,4176,292320,2592,2592,6228,6228,6228,22932,91728,91728,0,17376,437952,466560,181824,36192,29496,25488,8820,27372,91176,1086336,9156,0,29160,0,8352,0,1,1,22896,6228,degree-3,20,4
degree-3-n20-d4-s1002.pbqp,synthetic,20,30,4,80,480,heuristic,structured,solved-exact,completed,8101.0,3656.0,1208,563867.0,257396.0,306471.0,false,552335.0,636333.0,8877.0,10212.0,10212.0,716840.0,2.652833026227816,1.2712926984554869,3121,2359760,31552,-144,313,312,235,5,1837056,5840,35040,3744,60,60,816,"{""4"":78}","{""4"":15,""8"":42,""12"":16,""16"":4,""20"":1}",489364.0,488437.0,563867.0,316860,1369834.0,1088239.0,2458073.0,1231.0214610949665,,1.8398706566037244,0.22939391954592073,1.0.0,4,0,8,16,1,0,1,false,1,52440,12504,17040,44112,4440,13056,26592,13296,37704,8064,67128,20484,0,0,0,0,240,6120,0,0,0,21744,936,33696,0,0,3264,228480,1812,1812,4440,4440,4440,17496,69984,69984,0,13296,319488,350976,135840,26220,22056,18852,6252,19968,67128,806304,6372,0,21936,0,6528,0,1,1,17040,4440,degree-3,20,4
degree-4-n12-d2-s1001.pbqp,synthetic,12,24,2,24,96,none,structured,solved-exact,completed,3444.0,985.0,124,11261.0,3987.0,7274.0,false,10725.0,12366.0,0.0,4796.0,4796.0,15589.0,3.4150608294112423,1.3843353165793446,99,22368,5168,-55,7,6,3,2,13680,22,80,40,4,4,32,"{""2"":3}","{""11"":2,""12"":1}",8611.0,9550.0,11261.0,5016,32186.0,31875.0,64061.0,1258.0887885628292,,1.5481165795985703,0.1757855793696633,1.0.0,4,0,8,16,1,0,1,false,1,1184,296,176,624,92,128,272,136,464,204,1136,304,0,0,0,0,8,192,0,0,0,672,20,560,0,0,64,2944,56,56,92,92,92,220,440,880,440,136,7104,2496,1696,592,312,232,148,444,1136,11296,148,0,312,0,128,0,1,1,176,92,degree-4,12,2
degree-4-n12-d2-s1001.pbqp,synthetic,12,24,2,24,96,heuristic,structured,solved-exact,completed,3444.0,985.0,124,14703.0,3896.0,10807.0,false,13832.0,18515.0,2880.0,3175.0,3175.0,19908.0,3.516493232673604,1.3540093858396245,123,24920,5168,-55,7,6,4,2,13680,68,256,40,4,4,32,"{""2"":3}","{""11"":2,""12"":1}",12863.0,12445.0,14703.0,5016,31973.0,34614.0,66587.0,1287.4743326488706,,1.3605070787452578,0.22080886659558172,1.0.0,4,0,8,16,1,0,1,false,1,1184,296,176,624,92,128,272,136,464,204,1136,304,0,0,0,0,8,192,0,0,0,672,20,560,0,0,64,2944,56,56,92,92,92,220,440,880,440,136,7104,2496,1696,592,312,232,148,444,1136,11296,148,0,312,0,128,0,1,1,176,92,degree-4,12,2
degree-4-n12-d2-s1002.pbqp,synthetic,12,24,2,24,96,none,structured,solved-exact,completed,3540.0,1010.0,124,11119.0,4024.0,7095.0,false,10686.0,11765.0,0.0,4861.0,15729.0,16014.0,3.6583325838654557,1.4402374314236892,99,22368,5168,-45,7,6,0,2,13680,22,80,40,4,4,32,"{""2"":3}","{""11"":2,""12"":1}",9303.0,8904.0,11119.0,5016,32689.0,30107.0,62796.0,1246.520874751491,,1.5671599718111346,0.1770654181795019,1.0.0,4,0,8,16,1,0,1,false,1,1184,296,176,624,92,128,272,136,464,204,1136,304,0,0,0,0,8,192,0,0,0,672,20,560,0,0,64,2944,56,56,92,92,92,220,440,880,440,136,7104,2496,1696,592,312,232,148,444,1136,11296,148,0,312,0,128,0,1,1,176,92,degree-4,12,2
degree-4-n12-d2-s1002.pbqp,synthetic,12,24,2,24,96,heuristic,structured,solved-exact,completed,3540.0,1010.0,124,16013.0,4794.0,11219.0,false,15652.0,19924.0,3194.0,3330.0,3330.0,21604.0,3.5861487541372634,1.3491538125273215,123,24920,5168,-45,7,6,4,2,13680,68,256,40,4,4,32,"{""2"":3}","{""11"":2,""12"":1}",12651.0,11671.0,16013.0,5016,31992.0,36640.0,68632.0,1046.3078848560701,,1.427310812015331,0.23331682014220773,1.0.0,4,0,8,16,1,0,1,false,1,1184,296,176,624,92,128,272,136,464,204,1136,304,0,0,0,0,8,192,0,0,0,672,20,560,0,0,64,2944,56,56,92,92,92,220,440,880,440,136,7104,2496,1696,592,312,232,148,444,1136,11296,148,0,312,0,128,0,1,1,176,92,degree-4,12,2
degree-4-n12-d4-s1001.pbqp,synthetic,12,24,4,48,384,none,structured,solved-exact,completed,5455.0,2418.0,696,72275.0,39778.0,32497.0,false,71378.0,88167.0,0.0,6463.0,21683.0,86045.0,2.314825319958492,1.190522310619163,373,155952,9216,-95,21,20,14,2,83200,132,960,256,16,16,128,"{""4"":5}","{""11"":4,""12"":1}",59416.0,51128.0,72275.0,45872,188805.0,119895.0,308700.0,1153.2002614510534,,2.2240514509031604,0.23412698412698413,1.0.0,4,0,8,16,1,0,1,false,1,7264,1696,2368,6720,640,2048,4224,2112,5152,1056,9568,3024,0,0,0,0,64,1632,0,0,0,2496,64,2304,0,0,512,35840,208,208,640,640,640,2688,10752,10752,0,2112,44544,53248,19584,3632,3360,2576,848,2784,9568,117376,880,0,3328,0,1024,0,1,1,2368,640,degree-4,12,4
degree-4-n12-d4-s1001.pbqp,synthetic,12,24,4,48,384,heuristic,structured,solved-exact,completed,5455.0,2418.0,696,79746.0,41293.0,38453.0,false,76852.0,83747.0,4742.0,5219.0,5219.0,97026.0,2.284490758157149,1.2166879843503122,397,161008,9216,-95,21,20,16,2,83200,224,1664,256,16,16,128,"{""4"":5}","{""11"":4,""12"":1}",62960.0,66723.0,79746.0,45872,189182.0,127403.0,316585.0,1110.890465696365,,2.0738563961199388,0.2518944359334776,1.0.0,4,0,8,16,1,0,1,false,1,7264,1696,2368,6720,640,2048,4224,2112,5152,1056,9568,3024,0,0,0,0,64,1632,0,0,0,2496,64,2304,0,0,512,35840,208,208,640,640,640,2688,10752,10752,0,2112,44544,53248,19584,3632,3360,2576,848,2784,9568,117376,880,0,3328,0,1024,0,1,1,2368,640,degree-4,12,4
degree-4-n12-d4-s1002.pbqp,synthetic,12,24,4,48,384,none,structured,solved-exact,completed,6065.0,2774.0,696,78926.0,40483.0,38443.0,false,71862.0,83279.0,0.0,7075.0,76475.0,87091.0,2.1468210729037325,1.103451334161113,373,155952,9216,-80,21,20,12,2,83200,132,960,256,16,16,128,"{""4"":5}","{""11"":4,""12"":1}",57733.0,63882.0,78926.0,45872,195577.0,119512.0,315089.0,1133.117604920584,,2.0530655776084075,0.2504879573707746,1.0.0,4,0,8,16,1,0,1,false,1,7264,1696,2368,6720,640,2048,4224,2112,5152,1056,9568,3024,0,0,0,0,64,1632,0,0,0,2496,64,2304,0,0,512,35840,208,208,640,640,640,2688,10752,10752,0,2112,44544,53248,19584,3632,3360,2576,848,2784,9568,117376,880,0,3328,0,1024,0,1,1,2368,640,degree-4,12,4
degree-4-n12-d4-s1002.pbqp,synthetic,12,24,4,48,384,heuristic,structured,solved-exact,completed,6065.0,2774.0,696,111893.0,55736.0,56157.0,false,107766.0,114443.0,6609.0,6531.0,6531.0,130903.0,1.6460010903273663,1.1698944527360962,397,161008,9216,-80,21,20,16,2,83200,224,1664,256,16,16,128,"{""4"":5}","{""11"":4,""12"":1}",93265.0,59569.0,111893.0,45872,195203.0,154764.0,349967.0,823.0228218745515,,1.9925031607813808,0.3197244311606523,1.0.0,4,0,8,16,1,0,1,false,1,7264,1696,2368,6720,640,2048,4224,2112,5152,1056,9568,3024,0,0,0,0,64,1632,0,0,0,2496,64,2304,0,0,512,35840,208,208,640,640,640,2688,10752,10752,0,2112,44544,53248,19584,3632,3360,2576,848,2784,9568,117376,880,0,3328,0,1024,0,1,1,2368,640,degree-4,12,4
degree-4-n20-d2-s1001.pbqp,synthetic,20,40,2,40,160,none,structured,solved-exact,completed,5976.0,1594.0,188,23103.0,7399.0,15704.0,false,22383.0,24801.0,0.0,7871.0,7871.0,27168.0,2.8693243301735705,1.1759511751720555,163,39040,8368,-107,7,6,3,2,22512,38,144,40,4,4,64,"{""2"":3}","{""19"":2,""20"":1}",20559.0,15399.0,23103.0,8760,51420.0,47222.0,98642.0,1183.943776185971,,1.4711538461538463,0.234210579671945,1.0.0,4,0,8,16,1,0,1,false,1,2016,488,304,1136,156,256,528,264,784,332,1968,528,0,0,0,0,8,192,0,0,0,1056,20,560,0,0,128,5888,88,88,156,156,156,412,824,1648,824,264,12224,4544,2976,1008,568,392,244,764,1968,19744,244,0,568,0,256,0,1,1,304,156,degree-4,20,2
degree-4-n20-d2-s1001.pbqp,synthetic,20,40,2,40,160,heuristic,structured,solved-exact,completed,5976.0,1594.0,188,25339.0,7706.0,17633.0,false,24615.0,28935.0,4915.0,4979.0,4979.0,32866.0,3.4042385255929593,1.29705197521607,203,43384,8368,-107,7,6,4,2,22512,116,448,40,4,4,64,"{""2"":3}","{""19"":2,""20"":1}",22268.0,19157.0,25339.0,8760,53382.0,61935.0,115317.0,1136.7765377627823,,1.4370214937900527,0.21973343045691443,1.0.0,4,0,8,16,1,0,1,false,1,2016,488,304,1136,156,256,528,264,784,332,1968,528,0,0,0,0,8,192,0,0,0,1056,20,560,0,0,128,5888,88,88,156,156,156,412,824,1648,824,264,12224,4544,2976,1008,568,392,244,764,1968,19744,244,0,568,0,256,0,1,1,304,156,degree-4,20,2
degree-4-n20-d2-s1002.pbqp,synthetic,20,40,2,40,160,none,structured,solved-exact,completed,6104.0,1617.0,188,21362.0,7513.0,13849.0,false,21081.0,22134.0,0.0,8301.0,28271.0,28558.0,3.1170302406141746,1.3368598445838404,163,39040,8368,-80,7,6,0,2,22512,38,144,40,4,4,64,"{""2"":3}","{""19"":2,""20"":1}",20784.0,15605.0,21362.0,8760,51503.0,47636.0,99139.0,1165.9789697857047,,1.5424940428911835,0.21547524183217504,1.0.0,4,0,8,16,1,0,1,false,1,2016,488,304,1136,156,256,528,264,784,332,1968,528,0,0,0,0,8,192,0,0,0,1056,20,560,0,0,128,5888,88,88,156,156,156,412,824,1648,824,264,12224,4544,2976,1008,568,392,244,764,1968,19744,244,0,568,0,256,0,1,1,304,156,degree-4,20,2
degree-4-n20-d2-s1002.pbqp,synthetic,20,40,2,40,160,heuristic,structured,solved-exact,completed,6104.0,1617.0,188,26722.0,8039.0,18683.0,false,26048.0,31440.0,5105.0,5364.0,5364.0,48440.0,3.2597859441658557,1.8127385674724945,203,43384,8368,-80,7,6,4,2,22512,116,448,40,4,4,64,"{""2"":3}","{""19"":2,""20"":1}",22042.0,22402.0,26722.0,8760,52071.0,56855.0,108926.0,1089.687772110959,,1.4302842155970668,0.24532251253144335,1.0.0,4,0,8,16,1,0,1,false,1,2016,488,304,1136,156,256,528,264,784,332,1968,528,0,0,0,0,8,192,0,0,0,1056,20,560,0,0,128,5888,88,88,156,156,156,412,824,1648,824,264,12224,4544,2976,1008,568,392,244,764,1968,19744,244,0,568,0,256,0,1,1,304,156,degree-4,20,2
degree-4-n20-d4-s1001.pbqp,synthetic,20,40,4,80,640,none,structured,solved-exact,completed,10464.0,4890.0,1208,136405.0,81183.0,55222.0,false,135002.0,137844.0,0.0,12569.0,33154.0,167375.0,2.3026135405593635,1.227044463179502,629,277328,14848,-158,21,20,14,2,136960,228,1728,256,16,16,256,"{""4"":5}","{""19"":4,""20"":1}",107976.0,98090.0,136405.0,85936,333050.0,205368.0,538418.0,1058.5467400810514,,2.4701206041070587,0.2533440561051079,1.0.0,4,0,8,16,1,0,1,false,1,13152,2976,4416,12864,1152,4096,8320,4160,9504,1824,17760,5712,0,0,0,0,64,1632,0,0,0,4032,64,2304,0,0,1024,71680,336,336,1152,1152,1152,5248,20992,20992,0,4160,81408,102400,36992,6576,6432,4752,1488,5088,17760,220800,1520,0,6400,0,2048,0,1,1,4416,1152,degree-4,20,4
degree-4-n20-d4-s1001.pbqp,synthetic,20,40,4,80,640,heuristic,structured,solved-exact,completed,10464.0,4890.0,1208,147716.0,79171.0,68545.0,false,144510.0,172358.0,8679.0,8670.0,42697.0,178948.0,2.281445476454819,1.211432749329795,669,286480,14848,-158,21,20,15,2,136960,384,2944,256,16,16,256,"{""4"":5}","{""19"":4,""20"":1}",128200.0,107266.0,147716.0,85936,343780.0,239400.0,583180.0,1085.4479544277576,,2.1550222481581445,0.25329400871086116,1.0.0,4,0,8,16,1,0,1,false,1,13152,2976,4416,12864,1152,4096,8320,4160,9504,1824,17760,5712,0,0,0,0,64,1632,0,0,0,4032,64,2304,0,0,1024,71680,336,336,1152,1152,1152,5248,20992,20992,0,4160,81408,102400,36992,6576,6432,4752,1488,5088,17760,220800,1520,0,6400,0,2048,0,1,1,4416,1152,degree-4,20,4
degree-4-n20-d4-s1002.pbqp,synthetic,20,40,4,80,640,none,structured,solved-exact,completed,9280.0,4216.0,1208,137834.0,79296.0,58538.0,false,131902.0,155330.0,0.0,12068.0,84506.0,169291.0,2.1170465922776676,1.2282238054471322,629,277328,14848,-157,21,20,12,2,136960,228,1728,256,16,16,256,"{""4"":5}","{""19"":4,""20"":1}",111241.0,97410.0,137834.0,85936,341357.0,213633.0,554990.0,1083.7368845843423,,2.354607263657795,0.248354024396836,1.0.0,4,0,8,16,1,0,1,false,1,13152,2976,4416,12864,1152,4096,8320,4160,9504,1824,17760,5712,0,0,0,0,64,1632,0,0,0,4032,64,2304,0,0,1024,71680,336,336,1152,1152,1152,5248,20992,20992,0,4160,81408,102400,36992,6576,6432,4752,1488,5088,17760,220800,1520,0,6400,0,2048,0,1,1,4416,1152,degree-4,20,4
degree-4-n20-d4-s1002.pbqp,synthetic,20,40,4,80,640,heuristic,structured,solved-exact,completed,9280.0,4216.0,1208,151813.0,79378.0,72435.0,false,149239.0,179255.0,8731.0,8813.0,120188.0,222126.0,2.2342684750317825,1.463155329253753,669,286480,14848,-157,21,20,15,2,136960,384,2944,256,16,16,256,"{""4"":5}","{""19"":4,""20"":1}",121329.0,108087.0,151813.0,85936,343001.0,231554.0,574555.0,1082.617349895437,,2.0958514530268517,0.2642270974928423,1.0.0,4,0,8,16,1,0,1,false,1,13152,2976,4416,12864,1152,4096,8320,4160,9504,1824,17760,5712,0,0,0,0,64,1632,0,0,0,4032,64,2304,0,0,1024,71680,336,336,1152,1152,1152,5248,20992,20992,0,4160,81408,102400,36992,6576,6432,4752,1488,5088,17760,220800,1520,0,6400,0,2048,0,1,1,4416,1152,degree-4,20,4
mixed-degree-n12-d2-s1001.pbqp,synthetic,12,24,2,24,96,none,structured,solved-exact,completed,4617.0,1303.0,172,66300.0,13790.0,52510.0,false,64346.0,68322.0,0.0,14296.0,124431.0,131631.0,3.8752036199095024,1.9853846153846153,714,292896,15056,-71,113,112,51,6,255360,542,1876,672,51,50,55,"{""2"":56}","{""4"":25,""5"":16,""6"":8,""7"":4,""9"":2,""10"":1}",58861.0,57567.0,66300.0,26549,184050.0,205914.0,389964.0,1925.235678027556,,1.2626166444486764,0.17001569375634673,1.0.0,4,0,8,16,1,0,1,false,1,7034,1974,992,2624,546,220,640,320,2866,1428,6262,1643,0,0,0,0,100,2400,0,0,0,5292,336,9408,0,0,110,5060,441,441,546,546,546,766,1532,3064,1532,320,40480,10496,8776,3517,1312,1433,987,2530,6262,59752,987,0,1312,0,220,0,1,1,992,546,mixed-degree,12,2
mixed-degree-n12-d2-s1001.pbqp,synthetic,12,24,2,24,96,heuristic,structured,solved-exact,completed,4617.0,1303.0,172,52155.0,7875.0,44280.0,false,49350.0,65709.0,3322.0,3655.0,3655.0,74396.0,3.7932892340139968,1.4264404179848529,518,218336,15056,-71,85,84,43,6,191520,592,2112,504,27,26,31,"{""2"":42}","{""4"":13,""5"":14,""6"":8,""7"":4,""9"":2,""10"":1}",47288.0,46681.0,52155.0,17873,130015.0,164782.0,294797.0,2269.5873015873017,,1.1778455284552845,0.17691835398596323,1.0.0,4,0,8,16,1,0,1,false,1,4802,1350,680,1712,366,124,352,176,1978,984,4246,1103,0,0,0,0,52,1248,0,0,0,3708,252,7056,0,0,62,2852,309,309,366,366,366,490,980,1960,980,176,27616,6848,5896,2401,856,989,675,1726,4246,40360,675,0,856,0,124,0,1,1,680,366,mixed-degree,12,2
mixed-degree-n12-d2-s1002.pbqp,synthetic,12,18,2,24,72,none,structured,solved-exact,completed,3746.0,1158.0,116,6540.0,2236.0,4304.0,false,6213.0,10721.0,0.0,8396.0,8396.0,13662.0,3.828899082568807,2.0889908256880734,59,16160,4592,-48,7,6,3,2,11952,8,24,36,4,4,12,"{""2"":3}","{""4"":2,""6"":1}",5350.0,5293.0,6540.0,2578,20992.0,46437.0,67429.0,1152.9516994633273,,1.5195167286245352,0.09699090895608714,1.0.0,4,0,8,16,1,0,1,false,1,636,168,92,296,50,48,112,56,252,118,592,158,0,0,0,0,8,192,0,0,0,408,18,504,0,0,24,1104,34,34,50,50,50,98,196,392,196,56,3744,1184,864,318,148,126,84,234,592,5792,84,0,148,0,48,0,1,1,92,50,mixed-degree,12,2
mixed-degree-n12-d2-s1002.pbqp,synthetic,12,18,2,24,72,heuristic,structured,solved-exact,completed,3746.0,1158.0,116,9354.0,1923.0,7431.0,false,9201.0,15440.0,2985.0,3016.0,3016.0,14217.0,3.9162924951892237,1.5198845413726747,83,18624,4592,-48,7,6,4,2,11952,28,88,36,4,4,12,"{""2"":3}","{""4"":2,""6"":1}",8328.0,7829.0,9354.0,2578,19357.0,31475.0,50832.0,1340.6136245449818,,1.2587807832054905,0.18401794145420208,1.0.0,4,0,8,16,1,0,1,false,1,636,168,92,296,50,48,112,56,252,118,592,158,0,0,0,0,8,192,0,0,0,408,18,504,0,0,24,1104,34,34,50,50,50,98,196,392,196,56,3744,1184,864,318,148,126,84,234,592,5792,84,0,148,0,48,0,1,1,92,50,mixed-degree,12,2
mixed-degree-n12-d4-s1001.pbqp,synthetic,12,24,4,48,384,none,structured,search-node-limit,not_attempted_cpu_incomplete,5392.0,2227.0,640,,,,,,,,,,,,,,,,,,,,,,,,,,,,,,,,,,,,,,,,,,,,,,,,,,,,,,,,,,,,,,,,,,,,,,,,,,,,,,,,,,,,,,,,,,,,,,,,,,,,,,,,,,,,,mixed-degree,12,4
mixed-degree-n12-d4-s1001.pbqp,synthetic,12,24,4,48,384,heuristic,structured,search-node-limit,not_attempted_cpu_incomplete,5392.0,2227.0,640,,,,,,,,,,,,,,,,,,,,,,,,,,,,,,,,,,,,,,,,,,,,,,,,,,,,,,,,,,,,,,,,,,,,,,,,,,,,,,,,,,,,,,,,,,,,,,,,,,,,,,,,,,,,,mixed-degree,12,4
mixed-degree-n12-d4-s1002.pbqp,synthetic,12,18,4,48,288,none,structured,solved-exact,completed,5609.0,2418.0,672,23549.0,11126.0,12423.0,false,22705.0,26166.0,0.0,7586.0,21534.0,32676.0,2.8185485583251944,1.387574843942418,169,92208,8064,-78,21,20,14,2,71680,48,288,240,16,16,26,"{""4"":5}","{""4"":4,""6"":1}",19643.0,20528.0,23549.0,13718,66238.0,52728.0,118966.0,1232.9678231170233,,1.8955968767608469,0.19794731267757174,1.0.0,4,0,8,16,1,0,1,false,1,2516,660,720,1808,228,416,960,480,1644,432,2984,870,0,0,0,0,64,1632,0,0,0,1224,60,2160,0,0,104,7280,102,102,228,228,228,644,2576,2576,0,480,14848,13952,5616,1258,904,822,330,928,2984,34416,362,0,872,0,208,0,1,1,720,228,mixed-degree,12,4
mixed-degree-n12-d4-s1002.pbqp,synthetic,12,18,4,48,288,heuristic,structured,solved-exact,completed,5609.0,2418.0,672,29814.0,10722.0,19092.0,false,29342.0,34813.0,4922.0,4825.0,26845.0,37660.0,2.8381968202857717,1.263164956060911,193,97168,8064,-78,21,20,14,2,71680,88,544,240,16,16,26,"{""4"":5}","{""4"":4,""6"":1}",25099.0,25396.0,29814.0,13718,67290.0,62498.0,129788.0,1279.4254803208357,,1.5615964802011313,0.22971307054581316,1.0.0,4,0,8,16,1,0,1,false,1,2516,660,720,1808,228,416,960,480,1644,432,2984,870,0,0,0,0,64,1632,0,0,0,1224,60,2160,0,0,104,7280,102,102,228,228,228,644,2576,2576,0,480,14848,13952,5616,1258,904,822,330,928,2984,34416,362,0,872,0,208,0,1,1,720,228,mixed-degree,12,4
mixed-degree-n20-d2-s1001.pbqp,synthetic,20,69,2,40,276,none,structured,search-node-limit,not_attempted_cpu_incomplete,12466.0,3377.0,532,,,,,,,,,,,,,,,,,,,,,,,,,,,,,,,,,,,,,,,,,,,,,,,,,,,,,,,,,,,,,,,,,,,,,,,,,,,,,,,,,,,,,,,,,,,,,,,,,,,,,,,,,,,,,mixed-degree,20,2
mixed-degree-n20-d2-s1001.pbqp,synthetic,20,69,2,40,276,heuristic,structured,search-node-limit,not_attempted_cpu_incomplete,12466.0,3377.0,532,,,,,,,,,,,,,,,,,,,,,,,,,,,,,,,,,,,,,,,,,,,,,,,,,,,,,,,,,,,,,,,,,,,,,,,,,,,,,,,,,,,,,,,,,,,,,,,,,,,,,,,,,,,,,mixed-degree,20,2
mixed-degree-n20-d2-s1002.pbqp,synthetic,20,61,2,40,244,none,structured,search-node-limit,not_attempted_cpu_incomplete,9893.0,3119.0,476,,,,,,,,,,,,,,,,,,,,,,,,,,,,,,,,,,,,,,,,,,,,,,,,,,,,,,,,,,,,,,,,,,,,,,,,,,,,,,,,,,,,,,,,,,,,,,,,,,,,,,,,,,,,,mixed-degree,20,2
mixed-degree-n20-d2-s1002.pbqp,synthetic,20,61,2,40,244,heuristic,structured,search-node-limit,not_attempted_cpu_incomplete,9893.0,3119.0,476,,,,,,,,,,,,,,,,,,,,,,,,,,,,,,,,,,,,,,,,,,,,,,,,,,,,,,,,,,,,,,,,,,,,,,,,,,,,,,,,,,,,,,,,,,,,,,,,,,,,,,,,,,,,,mixed-degree,20,2
mixed-degree-n20-d4-s1001.pbqp,synthetic,20,69,4,80,1104,none,structured,search-node-limit,not_attempted_cpu_incomplete,13455.0,5104.0,1680,,,,,,,,,,,,,,,,,,,,,,,,,,,,,,,,,,,,,,,,,,,,,,,,,,,,,,,,,,,,,,,,,,,,,,,,,,,,,,,,,,,,,,,,,,,,,,,,,,,,,,,,,,,,,mixed-degree,20,4
mixed-degree-n20-d4-s1001.pbqp,synthetic,20,69,4,80,1104,heuristic,structured,search-node-limit,not_attempted_cpu_incomplete,13455.0,5104.0,1680,,,,,,,,,,,,,,,,,,,,,,,,,,,,,,,,,,,,,,,,,,,,,,,,,,,,,,,,,,,,,,,,,,,,,,,,,,,,,,,,,,,,,,,,,,,,,,,,,,,,,,,,,,,,,mixed-degree,20,4
mixed-degree-n20-d4-s1002.pbqp,synthetic,20,61,4,80,976,none,structured,search-node-limit,not_attempted_cpu_incomplete,12665.0,4329.0,1472,,,,,,,,,,,,,,,,,,,,,,,,,,,,,,,,,,,,,,,,,,,,,,,,,,,,,,,,,,,,,,,,,,,,,,,,,,,,,,,,,,,,,,,,,,,,,,,,,,,,,,,,,,,,,mixed-degree,20,4
mixed-degree-n20-d4-s1002.pbqp,synthetic,20,61,4,80,976,heuristic,structured,search-node-limit,not_attempted_cpu_incomplete,12665.0,4329.0,1472,,,,,,,,,,,,,,,,,,,,,,,,,,,,,,,,,,,,,,,,,,,,,,,,,,,,,,,,,,,,,,,,,,,,,,,,,,,,,,,,,,,,,,,,,,,,,,,,,,,,,,,,,,,,,mixed-degree,20,4
stress-k4-d2-matching-s7402.pbqp,stress,4,6,2,8,24,none,structured,solved-exact,completed,1517.0,355.0,36,1723.0,559.0,1164.0,false,1537.0,3695.0,0.0,1548.0,1548.0,2897.0,3.906558328496808,1.6813697040046431,17,2240,1000,536870911,3,2,0,1,1424,0,0,12,2,2,2,"{""2"":1}","{""4"":1}",1521.0,1531.0,1723.0,674,5874.0,9154.0,15028.0,1205.7245080500895,,1.4802405498281788,0.11465264838967261,1.0.0,4,0,8,16,1,0,1,false,1,172,48,24,72,14,8,24,12,68,34,156,42,0,0,0,0,4,96,0,0,0,120,6,168,0,0,4,184,10,10,14,14,14,22,44,88,44,12,992,288,224,86,36,34,24,62,156,1504,24,0,36,0,8,0,1,1,24,14,complete-matching,4,2
stress-k4-d2-matching-s7402.pbqp,stress,4,6,2,8,24,heuristic,structured,solved-exact,completed,1517.0,355.0,36,2768.0,622.0,2146.0,false,2535.0,5352.0,939.0,1030.0,1030.0,4552.0,4.230491329479769,1.6445086705202312,24,2864,1000,536870911,3,2,0,1,1424,8,24,12,2,2,2,"{""2"":1}","{""4"":1}",2360.0,2213.0,2768.0,674,6049.0,12187.0,18236.0,1083.6012861736335,,1.2898415657036346,0.15178767273524896,1.0.0,4,0,8,16,1,0,1,false,1,172,48,24,72,14,8,24,12,68,34,156,42,0,0,0,0,4,96,0,0,0,120,6,168,0,0,4,184,10,10,14,14,14,22,44,88,44,12,992,288,224,86,36,34,24,62,156,1504,24,0,36,0,8,0,1,1,24,14,complete-matching,4,2
stress-k4-d2-random-s7402.pbqp,stress,4,6,2,8,24,none,structured,solved-exact,completed,1445.0,360.0,36,1914.0,604.0,1310.0,false,1561.0,3254.0,0.0,1663.0,1663.0,2929.0,3.880355276907001,1.5303030303030303,17,2240,1000,-14,3,2,1,1,1424,0,0,12,2,2,2,"{""2"":1}","{""4"":1}",1362.0,1467.0,1914.0,674,6481.0,10112.0,16593.0,1115.8940397350993,,1.4610687022900763,0.11534984632073766,1.0.0,4,0,8,16,1,0,1,false,1,172,48,24,72,14,8,24,12,68,34,156,42,0,0,0,0,4,96,0,0,0,120,6,168,0,0,4,184,10,10,14,14,14,22,44,88,44,12,992,288,224,86,36,34,24,62,156,1504,24,0,36,0,8,0,1,1,24,14,complete-random,4,2
stress-k4-d2-random-s7402.pbqp,stress,4,6,2,8,24,heuristic,structured,solved-exact,completed,1445.0,360.0,36,2609.0,513.0,2096.0,false,2469.0,5355.0,874.0,906.0,906.0,3966.0,3.907244154848601,1.5201226523572249,24,2864,1000,-14,3,2,2,1,1424,8,24,12,2,2,2,"{""2"":1}","{""4"":1}",2310.0,2468.0,2609.0,674,5889.0,12234.0,18123.0,1313.8401559454192,,1.2447519083969465,0.14396071290625173,1.0.0,4,0,8,16,1,0,1,false,1,172,48,24,72,14,8,24,12,68,34,156,42,0,0,0,0,4,96,0,0,0,120,6,168,0,0,4,184,10,10,14,14,14,22,44,88,44,12,992,288,224,86,36,34,24,62,156,1504,24,0,36,0,8,0,1,1,24,14,complete-random,4,2
stress-k4-d3-matching-s7403.pbqp,stress,4,6,3,12,54,none,structured,solved-exact,completed,1615.0,505.0,81,3445.0,1201.0,2244.0,false,3394.0,5311.0,0.0,2351.0,2351.0,5770.0,3.14455732946299,1.6748911465892597,25,4672,1376,536870911,4,3,0,1,2856,0,0,27,3,3,3,"{""3"":1}","{""4"":1}",2355.0,2504.0,3445.0,1452,9282.0,12197.0,21479.0,1208.992506244796,,1.535204991087344,0.16038921737511058,1.0.0,4,0,8,16,1,0,1,false,1,306,84,63,204,27,27,72,36,156,57,333,87,0,0,0,0,9,225,0,0,0,180,9,288,0,0,9,576,15,15,27,27,27,54,162,216,54,36,1776,972,516,153,102,78,42,111,333,3264,63,0,81,0,18,0,1,1,63,27,complete-matching,4,3
stress-k4-d3-matching-s7403.pbqp,stress,4,6,3,12,54,heuristic,structured,solved-exact,completed,1615.0,505.0,81,3915.0,1187.0,2728.0,false,3730.0,8486.0,1067.0,1146.0,1146.0,5891.0,3.5363984674329503,1.5047254150702427,32,5512,1376,536870911,4,3,0,1,2856,12,54,27,3,3,3,"{""3"":1}","{""4"":1}",3181.0,3330.0,3915.0,1452,10300.0,16902.0,27202.0,1223.2518955349622,,1.4351173020527859,0.1439232409381663,1.0.0,4,0,8,16,1,0,1,false,1,306,84,63,204,27,27,72,36,156,57,333,87,0,0,0,0,9,225,0,0,0,180,9,288,0,0,9,576,15,15,27,27,27,54,162,216,54,36,1776,972,516,153,102,78,42,111,333,3264,63,0,81,0,18,0,1,1,63,27,complete-matching,4,3
stress-k4-d3-random-s7403.pbqp,stress,4,6,3,12,54,none,structured,solved-exact,completed,1586.0,448.0,81,2647.0,1009.0,1638.0,false,2476.0,3663.0,0.0,1559.0,2762.0,3904.0,3.639591990933132,1.4748772194937665,25,4672,1376,-32,4,3,1,1,2856,0,0,27,3,3,3,"{""3"":1}","{""4"":1}",2273.0,2356.0,2647.0,1452,9298.0,11080.0,20378.0,1439.0485629335976,,1.615995115995116,0.12989498478751596,1.0.0,4,0,8,16,1,0,1,false,1,306,84,63,204,27,27,72,36,156,57,333,87,0,0,0,0,9,225,0,0,0,180,9,288,0,0,9,576,15,15,27,27,27,54,162,216,54,36,1776,972,516,153,102,78,42,111,333,3264,63,0,81,0,18,0,1,1,63,27,complete-random,4,3
stress-k4-d3-random-s7403.pbqp,stress,4,6,3,12,54,heuristic,structured,solved-exact,completed,1586.0,448.0,81,4554.0,1094.0,3460.0,false,4072.0,7511.0,1214.0,1217.0,1217.0,6073.0,3.263285024154589,1.3335529205094423,32,5512,1376,-32,4,3,3,1,2856,12,54,27,3,3,3,"{""3"":1}","{""4"":1}",4396.0,3331.0,4554.0,1452,10754.0,19461.0,30215.0,1327.2394881170019,,1.3161849710982658,0.15071984113850737,1.0.0,4,0,8,16,1,0,1,false,1,306,84,63,204,27,27,72,36,156,57,333,87,0,0,0,0,9,225,0,0,0,180,9,288,0,0,9,576,15,15,27,27,27,54,162,216,54,36,1776,972,516,153,102,78,42,111,333,3264,63,0,81,0,18,0,1,1,63,27,complete-random,4,3
stress-k4-d4-matching-s7404.pbqp,stress,4,6,4,16,96,none,structured,solved-exact,completed,1885.0,600.0,152,3981.0,1788.0,2193.0,false,3867.0,5839.0,0.0,1992.0,1992.0,6178.0,3.3494096960562674,1.5518713890982165,33,8400,1856,0,5,4,3,1,5120,0,0,48,4,4,4,"{""4"":1}","{""4"":1}",3536.0,3432.0,3981.0,2476,14040.0,14624.0,28664.0,1384.7874720357943,,1.8153214774281805,0.13888501255930785,1.0.0,4,0,8,16,1,0,1,false,1,472,128,128,320,44,64,160,80,296,84,544,156,0,0,0,0,16,408,0,0,0,240,12,432,0,0,16,1120,20,20,44,44,44,108,432,432,0,80,2752,2432,992,236,160,148,64,172,544,6176,72,0,152,0,32,0,1,1,128,44,complete-matching,4,4
stress-k4-d4-matching-s7404.pbqp,stress,4,6,4,16,96,heuristic,structured,solved-exact,completed,1885.0,600.0,152,1831.0,0,1831.0,false,1743.0,4017.0,1477.0,1536.0,1536.0,2154.0,2.9077007099945384,1.176406335335882,7,1072,512,0,1,0,1,0,0,16,96,0,0,0,0,{},{},1553.0,1601.0,1831.0,0,0,4467.0,4467.0,,,1.0,0.40989478397134543,1.0.0,4,0,8,16,1,0,1,false,1,0,0,0,0,0,0,0,0,0,0,0,0,0,0,0,0,0,0,0,0,0,0,0,0,0,0,0,0,0,0,0,0,0,0,0,0,0,0,0,0,0,0,0,0,0,0,0,0,0,0,0,0,0,0,0,0,0,0,complete-matching,4,4
stress-k4-d4-random-s7404.pbqp,stress,4,6,4,16,96,none,structured,solved-exact,completed,2139.0,640.0,152,4259.0,2133.0,2126.0,false,4182.0,5480.0,0.0,1863.0,1863.0,6121.0,3.145808875322846,1.4371918290678563,33,8400,1856,-43,5,4,3,1,5120,0,0,48,4,4,4,"{""4"":1}","{""4"":1}",3516.0,3655.0,4259.0,2476,14121.0,14329.0,28450.0,1160.8063759962495,,2.0032925682031983,0.149701230228471,1.0.0,4,0,8,16,1,0,1,false,1,472,128,128,320,44,64,160,80,296,84,544,156,0,0,0,0,16,408,0,0,0,240,12,432,0,0,16,1120,20,20,44,44,44,108,432,432,0,80,2752,2432,992,236,160,148,64,172,544,6176,72,0,152,0,32,0,1,1,128,44,complete-random,4,4
stress-k4-d4-random-s7404.pbqp,stress,4,6,4,16,96,heuristic,structured,solved-exact,completed,2139.0,640.0,152,5418.0,1917.0,3501.0,false,5259.0,8958.0,1316.0,1280.0,3636.0,7658.0,3.0575858250276853,1.4134366925064599,40,9472,1856,-43,5,4,3,1,5120,16,96,48,4,4,4,"{""4"":1}","{""4"":1}",4611.0,4914.0,5418.0,2476,13661.0,17953.0,31614.0,1291.6014606155452,,1.5475578406169666,0.17137976845701272,1.0.0,4,0,8,16,1,0,1,false,1,472,128,128,320,44,64,160,80,296,84,544,156,0,0,0,0,16,408,0,0,0,240,12,432,0,0,16,1120,20,20,44,44,44,108,432,432,0,80,2752,2432,992,236,160,148,64,172,544,6176,72,0,152,0,32,0,1,1,128,44,complete-random,4,4
stress-k6-d2-matching-s7602.pbqp,stress,6,15,2,12,60,none,structured,solved-exact,completed,2530.0,772.0,108,9120.0,2735.0,6385.0,false,8320.0,9550.0,0.0,3219.0,3219.0,14196.0,3.8444078947368423,1.556578947368421,95,22472,4472,536870911,15,14,0,3,18480,0,0,100,8,8,8,"{""2"":7}","{""4"":4,""5"":2,""6"":1}",7605.0,8588.0,9120.0,3970,29155.0,34916.0,64071.0,1451.5539305301645,,1.4283476898981988,0.14234208924474412,1.0.0,4,0,8,16,1,0,1,false,1,1052,296,148,392,82,32,96,48,428,214,936,246,0,0,0,0,16,384,0,0,0,792,50,1400,0,0,16,736,66,66,82,82,82,114,228,456,228,48,6048,1568,1312,526,196,214,148,378,936,8928,148,0,196,0,32,0,1,1,148,82,complete-matching,6,2
stress-k6-d2-matching-s7602.pbqp,stress,6,15,2,12,60,heuristic,structured,solved-exact,completed,2530.0,772.0,108,10609.0,2387.0,8222.0,false,10013.0,12522.0,1643.0,1912.0,1912.0,16892.0,3.8856631162220756,1.5922330097087378,108,23904,4472,536870911,15,14,0,3,18480,12,60,100,8,8,8,"{""2"":7}","{""4"":4,""5"":2,""6"":1}",9501.0,9145.0,10609.0,3970,28473.0,38644.0,67117.0,1663.175534143276,,1.290318657261007,0.15806725568782873,1.0.0,4,0,8,16,1,0,1,false,1,1052,296,148,392,82,32,96,48,428,214,936,246,0,0,0,0,16,384,0,0,0,792,50,1400,0,0,16,736,66,66,82,82,82,114,228,456,228,48,6048,1568,1312,526,196,214,148,378,936,8928,148,0,196,0,32,0,1,1,148,82,complete-matching,6,2
stress-k6-d2-random-s7602.pbqp,stress,6,15,2,12,60,none,structured,solved-exact,completed,2732.0,824.0,108,8439.0,2072.0,6367.0,false,8158.0,10325.0,0.0,3127.0,10857.0,13901.0,4.17940514278943,1.6472330844886836,95,22472,4472,-34,15,14,4,3,18480,34,112,100,8,8,8,"{""2"":7}","{""4"":4,""5"":2,""6"":1}",7600.0,7102.0,8439.0,3970,29223.0,34079.0,63302.0,1916.023166023166,,1.325427988063452,0.13331332343369878,1.0.0,4,0,8,16,1,0,1,false,1,1052,296,148,392,82,32,96,48,428,214,936,246,0,0,0,0,16,384,0,0,0,792,50,1400,0,0,16,736,66,66,82,82,82,114,228,456,228,48,6048,1568,1312,526,196,214,148,378,936,8928,148,0,196,0,32,0,1,1,148,82,complete-random,6,2
stress-k6-d2-random-s7602.pbqp,stress,6,15,2,12,60,heuristic,structured,solved-exact,completed,2732.0,824.0,108,12347.0,1942.0,10405.0,false,11742.0,14656.0,2134.0,2027.0,13485.0,16469.0,3.3919170648740584,1.3338462784482061,108,23904,4472,-34,15,14,7,3,18480,64,236,100,8,8,8,"{""2"":7}","{""4"":4,""5"":2,""6"":1}",9404.0,9237.0,12347.0,3970,29541.0,39799.0,69340.0,2044.2842430484036,,1.186641037962518,0.178064609172195,1.0.0,4,0,8,16,1,0,1,false,1,1052,296,148,392,82,32,96,48,428,214,936,246,0,0,0,0,16,384,0,0,0,792,50,1400,0,0,16,736,66,66,82,82,82,114,228,456,228,48,6048,1568,1312,526,196,214,148,378,936,8928,148,0,196,0,32,0,1,1,148,82,complete-random,6,2
stress-k6-d3-matching-s7603.pbqp,stress,6,15,3,18,135,none,structured,solved-exact,completed,2856.0,862.0,216,27060.0,10193.0,16867.0,false,26790.0,28299.0,0.0,3614.0,3614.0,42593.0,3.6328529194382853,1.574020694752402,277,87600,6000,536870911,40,39,0,3,69576,0,0,396,27,27,27,"{""3"":13}","{""4"":9,""5"":3,""6"":1}",24249.0,22919.0,27060.0,15771,94027.0,83547.0,177574.0,1547.238300794663,,1.604316120234778,0.15238717379796593,1.0.0,4,0,8,16,1,0,1,false,1,3468,960,720,2040,294,243,648,324,1812,666,3660,936,0,0,0,0,81,2025,0,0,0,2232,132,4224,0,0,81,5184,186,186,294,294,294,537,1611,2148,537,324,20064,9972,5664,1734,1020,906,480,1254,3660,35700,669,0,831,0,162,0,1,1,720,294,complete-matching,6,3
stress-k6-d3-matching-s7603.pbqp,stress,6,15,3,18,135,heuristic,structured,solved-exact,completed,2856.0,862.0,216,28989.0,9696.0,19293.0,false,28485.0,33865.0,1929.0,2340.0,2340.0,43999.0,4.008485977439719,1.517782607195833,290,89292,6000,536870911,40,39,0,3,69576,18,135,396,27,27,27,"{""3"":13}","{""4"":9,""5"":3,""6"":1}",27111.0,26614.0,28989.0,15771,93429.0,86777.0,180206.0,1626.5470297029703,,1.5025656974032033,0.1608658979168285,1.0.0,4,0,8,16,1,0,1,false,1,3468,960,720,2040,294,243,648,324,1812,666,3660,936,0,0,0,0,81,2025,0,0,0,2232,132,4224,0,0,81,5184,186,186,294,294,294,537,1611,2148,537,324,20064,9972,5664,1734,1020,906,480,1254,3660,35700,669,0,831,0,162,0,1,1,720,294,complete-matching,6,3
stress-k6-d3-random-s7603.pbqp,stress,6,15,3,18,135,none,structured,solved-exact,completed,2933.0,948.0,216,38103.0,10429.0,27674.0,false,37788.0,39735.0,0.0,4360.0,53684.0,55680.0,2.7728262866440962,1.4613022596645933,277,87600,6000,-51,40,39,20,3,69576,126,612,396,27,27,27,"{""3"":13}","{""4"":9,""5"":3,""6"":1}",22555.0,33687.0,38103.0,15771,93195.0,84793.0,177988.0,1512.2255249784255,,1.376851918768519,0.2140762298581927,1.0.0,4,0,8,16,1,0,1,false,1,3468,960,720,2040,294,243,648,324,1812,666,3660,936,0,0,0,0,81,2025,0,0,0,2232,132,4224,0,0,81,5184,186,186,294,294,294,537,1611,2148,537,324,20064,9972,5664,1734,1020,906,480,1254,3660,35700,669,0,831,0,162,0,1,1,720,294,complete-random,6,3
stress-k6-d3-random-s7603.pbqp,stress,6,15,3,18,135,heuristic,structured,solved-exact,completed,2933.0,948.0,216,30442.0,8739.0,21703.0,false,30105.0,40649.0,2327.0,2142.0,2142.0,42591.0,3.4667564548978387,1.3990867879902766,290,89292,6000,-51,40,39,27,3,69576,171,891,396,27,27,27,"{""3"":13}","{""4"":9,""5"":3,""6"":1}",37239.0,25919.0,30442.0,15771,91832.0,88167.0,179999.0,1804.6687263989015,,1.4026632262820808,0.1691231617953433,1.0.0,4,0,8,16,1,0,1,false,1,3468,960,720,2040,294,243,648,324,1812,666,3660,936,0,0,0,0,81,2025,0,0,0,2232,132,4224,0,0,81,5184,186,186,294,294,294,537,1611,2148,537,324,20064,9972,5664,1734,1020,906,480,1254,3660,35700,669,0,831,0,162,0,1,1,720,294,complete-random,6,3
stress-k6-d4-matching-s7604.pbqp,stress,6,15,4,24,240,none,structured,solved-exact,completed,2981.0,1235.0,368,70274.0,28848.0,41426.0,false,66691.0,82226.0,0.0,5702.0,5702.0,103406.0,3.1864985627685916,1.4714688220394456,613,259992,8096,536870911,85,84,0,3,204288,0,0,1104,64,64,64,"{""4"":21}","{""4"":16,""5"":4,""6"":1}",62131.0,58786.0,70274.0,44404,234768.0,185043.0,419811.0,1539.2401552967276,,1.6963742577125476,0.16739437508783714,1.0.0,4,0,8,16,1,0,1,false,1,8728,2384,2384,5456,788,1024,2560,1280,5576,1596,9880,2748,0,0,0,0,256,6528,0,0,0,4848,276,9936,0,0,256,17920,404,404,788,788,788,1812,7248,7248,0,1280,50752,41600,17888,4364,2728,2788,1192,3172,9880,110240,1320,0,2600,0,512,0,1,1,2384,788,complete-matching,6,4
stress-k6-d4-matching-s7604.pbqp,stress,6,15,4,24,240,heuristic,structured,solved-exact,completed,2981.0,1235.0,368,77165.0,32446.0,44719.0,false,71137.0,80251.0,2583.0,3128.0,3128.0,147727.0,3.176556729087021,1.9144301172811509,626,261960,8096,536870911,85,84,0,3,204288,24,240,1104,64,64,64,"{""4"":21}","{""4"":16,""5"":4,""6"":1}",93546.0,64349.0,77165.0,44404,230161.0,203534.0,433695.0,1368.5508229057511,,1.7255528969789127,0.17792457833269926,1.0.0,4,0,8,16,1,0,1,false,1,8728,2384,2384,5456,788,1024,2560,1280,5576,1596,9880,2748,0,0,0,0,256,6528,0,0,0,4848,276,9936,0,0,256,17920,404,404,788,788,788,1812,7248,7248,0,1280,50752,41600,17888,4364,2728,2788,1192,3172,9880,110240,1320,0,2600,0,512,0,1,1,2384,788,complete-matching,6,4
stress-k6-d4-random-s7604.pbqp,stress,6,15,4,24,240,none,structured,solved-exact,completed,3385.0,1183.0,368,63549.0,26234.0,37315.0,false,61460.0,65177.0,0.0,3463.0,50285.0,88544.0,3.1711592629309666,1.3933185415978222,547,233768,8096,-71,77,76,53,3,184832,300,1920,1008,56,56,56,"{""4"":19}","{""4"":14,""5"":4,""6"":1}",80332.0,51727.0,63549.0,39452,201724.0,174624.0,376348.0,1503.849965693375,,1.7030416722497654,0.16885701531561215,1.0.0,4,0,8,16,1,0,1,false,1,7784,2128,2128,4816,700,896,2240,1120,4984,1428,8792,2436,0,0,0,0,224,5712,0,0,0,4368,252,9072,0,0,224,15680,364,364,700,700,700,1596,6384,6384,0,1120,45248,36736,15904,3892,2408,2492,1064,2828,8792,97888,1176,0,2296,0,448,0,1,1,2128,700,complete-random,6,4
stress-k6-d4-random-s7604.pbqp,stress,6,15,4,24,240,heuristic,structured,solved-exact,completed,3385.0,1183.0,368,66711.0,27089.0,39622.0,false,64594.0,68709.0,2420.0,2512.0,77026.0,117746.0,3.1498703362264093,1.7650162641843175,560,235736,8096,-71,77,76,57,3,184832,360,2416,1008,56,56,56,"{""4"":19}","{""4"":14,""5"":4,""6"":1}",65871.0,60299.0,66711.0,39452,211098.0,174477.0,385575.0,1456.3845103178412,,1.6836858311039322,0.17301692277766972,1.0.0,4,0,8,16,1,0,1,false,1,7784,2128,2128,4816,700,896,2240,1120,4984,1428,8792,2436,0,0,0,0,224,5712,0,0,0,4368,252,9072,0,0,224,15680,364,364,700,700,700,1596,6384,6384,0,1120,45248,36736,15904,3892,2408,2492,1064,2828,8792,97888,1176,0,2296,0,448,0,1,1,2128,700,complete-random,6,4
stress-k8-d2-matching-s7802.pbqp,stress,8,28,2,16,112,none,structured,solved-exact,completed,4414.0,1293.0,212,35647.0,8003.0,27644.0,false,35149.0,36396.0,0.0,5075.0,5075.0,57807.0,4.446236709961568,1.6216511908435491,407,149648,11464,536870911,63,62,0,5,131440,0,0,476,32,32,32,"{""2"":31}","{""4"":16,""5"":8,""6"":4,""7"":2,""8"":1}",33208.0,32145.0,35647.0,17742,129260.0,142058.0,271318.0,2216.918655504186,,1.2895022428013312,0.1313845745582674,1.0.0,4,0,8,16,1,0,1,false,1,4740,1336,668,1720,366,128,384,192,1940,970,4200,1098,0,0,0,0,64,1536,0,0,0,3624,238,6664,0,0,64,2944,302,302,366,366,366,494,988,1976,988,192,27232,6880,5856,2370,860,970,668,1702,4200,39968,668,0,860,0,128,0,1,1,668,366,complete-matching,8,2
stress-k8-d2-matching-s7802.pbqp,stress,8,28,2,16,112,heuristic,structured,solved-exact,completed,4414.0,1293.0,212,42023.0,8082.0,33941.0,false,41419.0,45221.0,3011.0,3111.0,3111.0,61998.0,4.032767770030698,1.4753349356304881,426,152240,11464,536870911,63,62,0,5,131440,16,112,476,32,32,32,"{""2"":31}","{""4"":16,""5"":8,""6"":4,""7"":2,""8"":1}",35948.0,37430.0,42023.0,17742,126300.0,139713.0,266013.0,2195.2487008166295,,1.2381190890073952,0.1579734824989756,1.0.0,4,0,8,16,1,0,1,false,1,4740,1336,668,1720,366,128,384,192,1940,970,4200,1098,0,0,0,0,64,1536,0,0,0,3624,238,6664,0,0,64,2944,302,302,366,366,366,494,988,1976,988,192,27232,6880,5856,2370,860,970,668,1702,4200,39968,668,0,860,0,128,0,1,1,668,366,complete-matching,8,2
stress-k8-d2-random-s7802.pbqp,stress,8,28,2,16,112,none,structured,solved-exact,completed,3858.0,1336.0,212,23923.0,4525.0,19398.0,false,23288.0,60852.0,0.0,5005.0,5005.0,40834.0,3.99147264139113,1.7068929482088366,254,103136,11464,-66,45,44,22,5,93280,240,904,368,14,14,14,"{""2"":22}","{""4"":7,""5"":8,""6"":4,""7"":2,""8"":1}",22317.0,22233.0,23923.0,11676,82890.0,92693.0,175583.0,2580.3314917127072,,1.2332714712856996,0.13624895348638535,1.0.0,4,0,8,16,1,0,1,false,1,3192,904,452,1072,240,56,168,84,1328,664,2796,720,0,0,0,0,28,672,0,0,0,2544,184,5152,0,0,28,1288,212,212,240,240,240,296,592,1184,592,84,18304,4288,3840,1596,536,664,452,1144,2796,26432,452,0,536,0,56,0,1,1,452,240,complete-random,8,2
stress-k8-d2-random-s7802.pbqp,stress,8,28,2,16,112,heuristic,structured,solved-exact,completed,3858.0,1336.0,212,28968.0,4286.0,24682.0,false,27966.0,31667.0,3020.0,3180.0,3180.0,43460.0,3.741576912455123,1.5002761668047502,273,105728,11464,-66,45,44,23,5,93280,300,1224,368,14,14,14,"{""2"":22}","{""4"":7,""5"":8,""6"":4,""7"":2,""8"":1}",25146.0,26108.0,28968.0,11676,81849.0,94289.0,176138.0,2724.2183854409705,,1.173648812900089,0.16446195596634458,1.0.0,4,0,8,16,1,0,1,false,1,3192,904,452,1072,240,56,168,84,1328,664,2796,720,0,0,0,0,28,672,0,0,0,2544,184,5152,0,0,28,1288,212,212,240,240,240,296,592,1184,592,84,18304,4288,3840,1596,536,664,452,1144,2796,26432,452,0,536,0,56,0,1,1,452,240,complete-random,8,2
stress-k8-d3-matching-s7803.pbqp,stress,8,28,3,24,252,none,structured,solved-exact,completed,4096.0,1544.0,411,249319.0,71393.0,177926.0,false,238309.0,320028.0,0.0,7580.0,7580.0,371641.0,3.6026696721870377,1.4906244610318509,2545,1224104,15480,536870911,364,363,0,5,1051248,0,0,3789,243,243,243,"{""3"":121}","{""4"":81,""5"":27,""6"":9,""7"":3,""8"":1}",227662.0,228332.0,249319.0,145914,866411.0,821258.0,1687669.0,2043.8138192820024,,1.401251081910457,0.14772979772692393,1.0.0,4,0,8,16,1,0,1,false,1,32262,8940,6705,18660,2721,2187,5832,2916,16908,6219,33915,8649,0,0,0,0,729,18225,0,0,0,20988,1263,40416,0,0,729,46656,1749,1749,2721,2721,2721,4908,14724,19632,4908,2916,186576,91548,52476,16131,9330,8454,4470,11661,33915,330600,6171,0,7629,0,1458,0,1,1,6705,2721,complete-matching,8,3
stress-k8-d3-matching-s7803.pbqp,stress,8,28,3,24,252,heuristic,structured,solved-exact,completed,4096.0,1544.0,411,262526.0,71710.0,190816.0,false,256630.0,303462.0,3805.0,4110.0,4110.0,387796.0,3.5352765059460776,1.4771717848898775,2564,1227016,15480,536870911,364,363,0,5,1051248,24,252,3789,243,243,243,"{""3"":121}","{""4"":81,""5"":27,""6"":9,""7"":3,""8"":1}",231349.0,231775.0,262526.0,145914,863042.0,802900.0,1665942.0,2034.7789708548319,,1.375807060204595,0.1575841175743213,1.0.0,4,0,8,16,1,0,1,false,1,32262,8940,6705,18660,2721,2187,5832,2916,16908,6219,33915,8649,0,0,0,0,729,18225,0,0,0,20988,1263,40416,0,0,729,46656,1749,1749,2721,2721,2721,4908,14724,19632,4908,2916,186576,91548,52476,16131,9330,8454,4470,11661,33915,330600,6171,0,7629,0,1458,0,1,1,6705,2721,complete-matching,8,3
stress-k8-d3-random-s7803.pbqp,stress,8,28,3,24,252,none,structured,solved-exact,completed,4193.0,1631.0,411,156694.0,42407.0,114287.0,false,155688.0,213015.0,0.0,7635.0,108676.0,237038.0,3.567405261209746,1.5127445849873,1520,786880,15480,-80,241,240,155,5,695040,1536,8118,2682,120,120,120,"{""3"":80}","{""4"":40,""5"":27,""6"":9,""7"":3,""8"":1}",140573.0,134721.0,156694.0,86382,525837.0,633820.0,1159657.0,2036.9750277076898,,1.3710570756078995,0.1351209883612137,1.0.0,4,0,8,16,1,0,1,false,1,19716,5496,4122,10296,1614,1080,2880,1440,10512,3882,20262,5082,0,0,0,0,360,9000,0,0,0,13608,894,28608,0,0,360,23040,1134,1134,1614,1614,1614,2694,8082,10776,2694,1440,113760,51696,31320,9858,5148,5256,2748,7110,20262,196776,3588,0,4308,0,720,0,1,1,4122,1614,complete-random,8,3
stress-k8-d3-random-s7803.pbqp,stress,8,28,3,24,252,heuristic,structured,solved-exact,completed,4193.0,1631.0,411,154035.0,40433.0,113602.0,false,152897.0,169375.0,3722.0,3649.0,104761.0,236404.0,3.653208686337521,1.5347421040672575,1489,768464,15480,-80,235,234,155,5,677664,1626,8838,2628,114,114,114,"{""3"":78}","{""4"":38,""5"":27,""6"":9,""7"":3,""8"":1}",137874.0,138429.0,154035.0,83478,505439.0,565503.0,1070942.0,2064.6006974501024,,1.3559180296121547,0.1438313185961518,1.0.0,4,0,8,16,1,0,1,false,1,19104,5328,3996,9888,1560,1026,2736,1368,10200,3768,19596,4908,0,0,0,0,342,8550,0,0,0,13248,876,28032,0,0,342,21888,1104,1104,1560,1560,1560,2586,7758,10344,2586,1368,110208,49752,30288,9552,4944,5100,2664,6888,19596,190248,3462,0,4146,0,684,0,1,1,3996,1560,complete-random,8,3
stress-k8-d4-matching-s7804.pbqp,stress,8,28,4,32,448,none,structured,search-node-limit,not_attempted_cpu_incomplete,4626.0,2031.0,680,,,,,,,,,,,,,,,,,,,,,,,,,,,,,,,,,,,,,,,,,,,,,,,,,,,,,,,,,,,,,,,,,,,,,,,,,,,,,,,,,,,,,,,,,,,,,,,,,,,,,,,,,,,,,complete-matching,8,4
stress-k8-d4-matching-s7804.pbqp,stress,8,28,4,32,448,heuristic,structured,search-node-limit,not_attempted_cpu_incomplete,4626.0,2031.0,680,,,,,,,,,,,,,,,,,,,,,,,,,,,,,,,,,,,,,,,,,,,,,,,,,,,,,,,,,,,,,,,,,,,,,,,,,,,,,,,,,,,,,,,,,,,,,,,,,,,,,,,,,,,,,complete-matching,8,4
stress-k8-d4-random-s7804.pbqp,stress,8,28,4,32,448,none,structured,search-node-limit,not_attempted_cpu_incomplete,4529.0,1988.0,680,,,,,,,,,,,,,,,,,,,,,,,,,,,,,,,,,,,,,,,,,,,,,,,,,,,,,,,,,,,,,,,,,,,,,,,,,,,,,,,,,,,,,,,,,,,,,,,,,,,,,,,,,,,,,complete-random,8,4
stress-k8-d4-random-s7804.pbqp,stress,8,28,4,32,448,heuristic,structured,search-node-limit,not_attempted_cpu_incomplete,4529.0,1988.0,680,,,,,,,,,,,,,,,,,,,,,,,,,,,,,,,,,,,,,,,,,,,,,,,,,,,,,,,,,,,,,,,,,,,,,,,,,,,,,,,,,,,,,,,,,,,,,,,,,,,,,,,,,,,,,complete-random,8,4
