input,nodes,edges,objective,strong_variant,current_original_ns,current_original_kernel_ns,current_original_raw_kernel_ns,current_original_p10_ns,current_original_p90_ns,current_original_profile_other_ns,current_original_profile_topology_ns,current_original_profile_selection_ns,current_original_profile_reduction_ns,current_original_profile_reconstruction_ns,current_original_profile_kernel_ns,current_original_profile_metadata_ns,current_ns,current_kernel_ns,current_raw_kernel_ns,current_p10_ns,current_p90_ns,current_profile_other_ns,current_profile_topology_ns,current_profile_selection_ns,current_profile_reduction_ns,current_profile_reconstruction_ns,current_profile_kernel_ns,current_profile_metadata_ns,scalar_ns,scalar_kernel_ns,scalar_raw_kernel_ns,scalar_p10_ns,scalar_p90_ns,scalar_profile_other_ns,scalar_profile_topology_ns,scalar_profile_selection_ns,scalar_profile_reduction_ns,scalar_profile_reconstruction_ns,scalar_profile_kernel_ns,scalar_profile_metadata_ns,dense_ns,dense_kernel_ns,dense_raw_kernel_ns,dense_p10_ns,dense_p90_ns,dense_profile_other_ns,dense_profile_topology_ns,dense_profile_selection_ns,dense_profile_reduction_ns,dense_profile_reconstruction_ns,dense_profile_kernel_ns,dense_profile_metadata_ns,structured_ns,structured_kernel_ns,structured_raw_kernel_ns,structured_p10_ns,structured_p90_ns,structured_profile_other_ns,structured_profile_topology_ns,structured_profile_selection_ns,structured_profile_reduction_ns,structured_profile_reconstruction_ns,structured_profile_kernel_ns,structured_profile_metadata_ns,l1_cycles,l1_break_even_mhz,l2_cycles,l2_break_even_mhz,strong_ns,strong_kernel_ns,strong_control_residual_ns,host_prepare_ns,staging_ns,submission_build_ns,readback_ns,submissions,primitives,projection_matching_calls,projection_matching_elements,projection_matching_bytes,projection_matching_ns,projection_matching_evaluated,projection_matching_changed_calls,projection_matching_changed_elements,projection_matching_changed_ns,projection_matching_changed_bytes,projection_matching_preadd_elements,projection_matching_predicate_elements,projection_forbidden_rows_calls,projection_forbidden_rows_elements,projection_forbidden_rows_bytes,projection_forbidden_rows_ns,projection_forbidden_rows_evaluated,projection_forbidden_rows_changed_calls,projection_forbidden_rows_changed_elements,projection_forbidden_rows_changed_ns,projection_forbidden_rows_changed_bytes,projection_forbidden_rows_preadd_elements,projection_forbidden_rows_predicate_elements,projection_row_exceptions_calls,projection_row_exceptions_elements,projection_row_exceptions_bytes,projection_row_exceptions_ns,projection_row_exceptions_evaluated,projection_row_exceptions_changed_calls,projection_row_exceptions_changed_elements,projection_row_exceptions_changed_ns,projection_row_exceptions_changed_bytes,projection_row_exceptions_preadd_elements,projection_row_exceptions_predicate_elements,projection_dense_calls,projection_dense_elements,projection_dense_bytes,projection_dense_ns,projection_dense_evaluated,projection_dense_changed_calls,projection_dense_changed_elements,projection_dense_changed_ns,projection_dense_changed_bytes,projection_dense_preadd_elements,projection_dense_predicate_elements,projection_calls,projection_elements,projection_cost_additions,preadd_elements,predicate_elements,arithmetic_removed_share
examples/regalloc/001-instcombine-foldaddtoashr-n87-d16.pbqp,87,207,19000,dense,686703.0,162439.0,163799.0,666547.0,710555.0,508120.0,0.0,0.0,0.0,0.0,163915.0,0.0,679247.0,166420.0,167865.0,668927.0,725842.0,8758.0,482369.0,74323.0,60135.0,409.0,163934.0,0.0,231784.0,145143.0,146588.0,214216.0,248182.0,8550.0,74678.0,69432.0,56561.0,322.0,144228.0,0.0,167479.0,86166.0,87611.0,155618.0,178813.0,8343.0,72325.0,65093.0,52932.0,363.0,85192.0,0.0,159847.0,77582.0,79027.0,156976.0,166663.0,8159.0,74030.0,64283.0,51400.0,369.0,41602.0,41401.0,22254,258.2689227769654,160839,1866.6179235429288,167479.0,86166.0,81313.0,225190.0,81750.0,55833.0,6859.0,85,666,434,54722,259076,74567.0,0,30,3080,5933.0,14920,4373,22097,0,0,0,0.0,0,0,0,0.0,0,0,0,2,98,504,674.0,14,2,98,674.0,504,0,98,0,0,0,0.0,0,0,0,0.0,0,0,0,436,54820,14,4373,22195,0.9997446187522802
examples/regalloc/002-instcombine-foldnowrapadd-n114-d16.pbqp,114,589,43004,dense,4777820.0,147043.0,148964.0,4686102.0,4857005.0,4605614.0,0.0,0.0,0.0,0.0,149088.0,0.0,5004301.0,155996.0,157804.0,4804552.0,5181673.0,26084.0,4375507.0,275327.0,240104.0,327.0,149118.0,0.0,414347.0,127177.0,129098.0,403741.0,438424.0,25748.0,230311.0,254582.0,243279.0,278.0,131207.0,0.0,389951.0,105660.0,107581.0,372303.0,405777.0,26328.0,235684.0,259326.0,232283.0,303.0,109409.0,0.0,446134.0,166241.0,168162.0,440896.0,489987.0,25912.0,238357.0,258356.0,240018.0,324.0,66959.0,121895.0,29318,277.4749195532841,245705,2325.430626537952,389951.0,105660.0,284291.0,294189.0,107066.0,72200.0,8629.0,113,1197,604,63132,303312,182283.0,0,3,189,924.0,948,294,60828,0,0,0,0.0,0,0,0,0.0,0,0,0,0,0,0,0.0,0,0,0,0.0,0,0,0,0,0,0,0.0,0,0,0,0.0,0,0,0,604,63132,0,294,60828,1.0
examples/regalloc/003-instcombine-foldnowrapadd-n114-d16-r1.pbqp,114,477,22000,dense,3750761.0,140507.0,142428.0,3714024.0,3861142.0,3631691.0,0.0,0.0,0.0,0.0,144015.0,0.0,3841992.0,145175.0,147096.0,3809591.0,4008504.0,22286.0,3444719.0,259431.0,191784.0,342.0,144095.0,0.0,357077.0,127227.0,129374.0,349616.0,385974.0,21963.0,226128.0,240593.0,190407.0,351.0,127574.0,0.0,338331.0,97610.0,99418.0,330857.0,365488.0,22414.0,225768.0,244036.0,183119.0,390.0,99381.0,0.0,385989.0,149428.0,151349.0,370507.0,402822.0,21875.0,222907.0,243348.0,182073.0,336.0,57962.0,103795.0,25970,266.0588054502612,213979,2192.1831779530785,338331.0,97610.0,240721.0,263397.0,95268.0,67773.0,8267.0,113,997,524,56668,271476,145383.0,0,9,483,1240.0,2460,868,50920,0,0,0,0.0,0,0,0,0.0,0,0,0,8,392,2016,1308.0,56,8,392,1308.0,2016,49,98,0,0,0,0.0,0,0,0,0.0,0,0,0,532,57060,56,917,51018,0.999018576936558
examples/regalloc/004-instcombine-mulwilloverflow-n13-d16.pbqp,13,19,0,dense,62917.0,55805.0,55975.0,60809.0,68136.0,7530.0,0.0,0.0,0.0,0.0,54930.0,0.0,65369.0,54534.0,54704.0,59834.0,68319.0,904.0,3311.0,1745.0,7584.0,76.0,54414.0,0.0,64056.0,65788.0,65958.0,61570.0,68009.0,982.0,2528.0,1824.0,7757.0,51.0,56511.0,0.0,25982.0,19241.0,19411.0,25626.0,36481.0,895.0,2340.0,1667.0,7106.0,47.0,18903.0,0.0,16165.0,9838.0,10008.0,15881.0,18221.0,934.0,2559.0,1745.0,7289.0,52.0,7271.0,4081.0,6752,350.9173119900213,50204,2609.2198950158518,25982.0,19241.0,6741.0,54580.0,22390.0,10053.0,1218.0,10,134,86,18811,85396,10538.0,0,4,930,1449.0,4208,1127,3123,0,0,0,0.0,0,0,0,0.0,0,0,0,0,0,0,0.0,0,0,0,0.0,0,0,0,0,0,0,0.0,0,0,0,0.0,0,0,0,86,18811,0,1127,3123,1.0
examples/regalloc/005-instcombine-foldsubofminmax-n88-d17.pbqp,88,344,16000,dense,1525605.0,141021.0,142330.0,1427109.0,1898012.0,1357183.0,0.0,0.0,0.0,0.0,146783.0,0.0,1465504.0,138249.0,139558.0,1417036.0,1532638.0,12833.0,1196064.0,125393.0,104726.0,265.0,138865.0,0.0,257138.0,119261.0,120570.0,245039.0,269176.0,12719.0,110630.0,115418.0,101037.0,208.0,117548.0,0.0,196576.0,79274.0,80583.0,196128.0,208378.0,12805.0,108273.0,111008.0,93660.0,239.0,77465.0,0.0,224400.0,103178.0,104487.0,212036.0,235950.0,12723.0,113747.0,114651.0,95685.0,270.0,45676.0,70291.0,23651,298.34498069985113,187357,2363.4104498322276,196576.0,79274.0,117302.0,215649.0,80388.0,52896.0,6049.0,77,784,434,56214,265252,109732.0,0,5,620,1660.0,2928,1622,42630,0,0,0,0.0,0,0,0,0.0,0,0,0,0,0,0,0.0,0,0,0,0.0,0,0,0,0,0,0,0.0,0,0,0,0.0,0,0,0,434,56214,0,1622,42630,1.0
examples/regalloc/006-instcombine-factorizefaddfsub-n63-d16.pbqp,63,303,25000,dense,787466.0,95071.0,96125.0,767255.0,818499.0,700997.0,0.0,0.0,0.0,0.0,95955.0,0.0,818898.0,98974.0,100028.0,799281.0,851175.0,8693.0,645232.0,75710.0,76488.0,234.0,98531.0,0.0,173865.0,84859.0,85851.0,166272.0,182002.0,8414.0,65291.0,67622.0,73185.0,175.0,85843.0,0.0,150581.0,63061.0,64115.0,141414.0,160814.0,8777.0,67083.0,71680.0,69843.0,214.0,64812.0,0.0,175023.0,91288.0,92342.0,163502.0,180211.0,8773.0,68930.0,71118.0,71057.0,235.0,37076.0,64914.0,17607,279.20584830560887,141298,2240.6558728849845,150581.0,63061.0,87520.0,169524.0,62376.0,41254.0,4523.0,62,645,343,40369,192088,93630.0,0,3,189,860.0,948,861,34663,0,0,0,0.0,0,0,0,0.0,0,0,0,0,0,0,0.0,0,0,0,0.0,0,0,0,0,0,0,0.0,0,0,0,0.0,0,0,0,343,40369,0,861,34663,1.0
examples/regalloc/007-instcombine-factorizefaddfsub-n63-d16-r1.pbqp,63,300,24000,dense,788781.0,97990.0,99044.0,779511.0,845930.0,713062.0,0.0,0.0,0.0,0.0,100007.0,0.0,832796.0,96839.0,97893.0,812725.0,870994.0,8535.0,644981.0,76259.0,76993.0,214.0,98105.0,0.0,178430.0,86721.0,87713.0,168899.0,191308.0,8581.0,66195.0,69737.0,72222.0,195.0,85805.0,0.0,142840.0,62264.0,63318.0,137852.0,152094.0,8457.0,66629.0,67911.0,68457.0,183.0,63152.0,0.0,175598.0,90513.0,91567.0,167470.0,191353.0,8387.0,66805.0,68450.0,70800.0,211.0,35963.0,63161.0,17625,283.0688680457407,141590,2274.0267249132726,142840.0,62264.0,80576.0,179555.0,66057.0,41158.0,4846.0,62,639,340,40432,192292,92126.0,0,3,189,877.0,948,861,34726,0,0,0,0.0,0,0,0,0.0,0,0,0,0,0,0,0.0,0,0,0,0.0,0,0,0,0,0,0,0.0,0,0,0,0.0,0,0,0,340,40432,0,861,34726,1.0
examples/regalloc/008-instcombine-foldfnegintoconstant-n40-d16.pbqp,40,97,12000,dense,133853.0,42632.0,43256.0,130168.0,151791.0,88758.0,0.0,0.0,0.0,0.0,43414.0,0.0,139201.0,43975.0,44638.0,137137.0,147563.0,3132.0,82088.0,21727.0,18591.0,118.0,43154.0,0.0,66574.0,39830.0,40493.0,62253.0,74828.0,3085.0,20986.0,19732.0,17584.0,126.0,38456.0,0.0,49461.0,28675.0,29338.0,44935.0,67519.0,3252.0,22125.0,20741.0,16966.0,116.0,27056.0,0.0,55890.0,27755.0,28418.0,51248.0,65151.0,3269.0,22869.0,21028.0,18248.0,163.0,15189.0,15838.0,7592,264.7602441150828,55733,1943.6094158674805,49461.0,28675.0,20786.0,84220.0,30486.0,21175.0,2201.0,39,263,166,17320,83376,28196.0,0,3,210,868.0,1044,1407,8014,0,0,0,0.0,0,0,0,0.0,0,0,0,2,98,504,659.0,14,2,98,659.0,504,0,98,0,0,0,0.0,0,0,0,0.0,0,0,0,168,17418,14,1407,8112,0.999196233781146
examples/regalloc/009-instcombine-canonicalizelowbitmask-n25-d16.pbqp,25,68,5000,dense,67472.0,35894.0,36285.0,62062.0,78750.0,26260.0,0.0,0.0,0.0,0.0,33679.0,0.0,64291.0,32321.0,32712.0,60498.0,71499.0,1864.0,23585.0,7364.0,11623.0,118.0,34023.0,0.0,44086.0,31271.0,31662.0,42684.0,54709.0,1979.0,8983.0,7361.0,11597.0,90.0,32540.0,0.0,29854.0,18398.0,18766.0,27726.0,36426.0,1808.0,8424.0,6830.0,9960.0,87.0,18847.0,0.0,31541.0,18727.0,19118.0,30131.0,34889.0,2091.0,9287.0,7489.0,11986.0,143.0,11778.0,13899.0,5727,311.2838351994782,42059,2286.063702576367,29854.0,18398.0,11456.0,61098.0,23340.0,14277.0,1566.0,23,181,118,13830,65912,19960.0,0,4,308,1021.0,1520,1071,6132,0,0,0,0.0,0,0,0,0.0,0,0,0,0,0,0,0.0,0,0,0,0.0,0,0,0,0,0,0,0.0,0,0,0,0.0,0,0,0,118,13830,0,1071,6132,1.0
examples/regalloc/010-instcombine-checkfornegativeoperand-n173-d16.pbqp,173,867,105002,dense,15590356.0,229020.0,231944.0,15249595.0,15707079.0,15237720.0,0.0,0.0,0.0,0.0,230234.0,0.0,15595896.0,227573.0,230841.0,15474519.0,16217300.0,56739.0,14860712.0,676816.0,508988.0,440.0,232857.0,0.0,812659.0,192735.0,195659.0,797232.0,845015.0,54342.0,522723.0,580952.0,512406.0,465.0,198048.0,0.0,766559.0,154421.0,157345.0,748820.0,786366.0,57342.0,554168.0,603638.0,510438.0,405.0,167922.0,0.0,857759.0,254587.0,257511.0,842976.0,908684.0,54451.0,524503.0,595907.0,499428.0,528.0,107071.0,182741.0,43140,279.3661483865536,362138,2345.1344052946165,766559.0,154421.0,612138.0,488275.0,193579.0,114947.0,13028.0,172,1759,890,92781,445900,256569.0,0,1,49,219.0,252,392,90429,0,0,0,0.0,0,0,0,0.0,0,0,0,2,98,504,996.0,20,2,98,996.0,504,0,98,0,0,0,0.0,0,0,0,0.0,0,0,0,892,92879,20,392,90527,0.9997846660709094
examples/regalloc/011-instcombine-checkfornegativeoperand-n193-d16-r1.pbqp,193,844,60003,dense,18260406.0,245737.0,249001.0,18115118.0,18520101.0,18012473.0,0.0,0.0,0.0,0.0,251481.0,0.0,18589114.0,248877.0,252141.0,18353740.0,18655501.0,59882.0,17733971.0,809792.0,558597.0,512.0,249388.0,0.0,892113.0,215074.0,218338.0,876555.0,937279.0,60166.0,645788.0,702809.0,531930.0,513.0,216703.0,0.0,828981.0,164237.0,167501.0,810903.0,870041.0,59256.0,645433.0,710313.0,528220.0,543.0,184014.0,0.0,928118.0,264056.0,267320.0,900049.0,963533.0,60075.0,655578.0,724879.0,534425.0,561.0,113353.0,193861.0,46048,280.3753112879558,383583,2335.5455835165035,828981.0,164237.0,664744.0,492436.0,187508.0,125516.0,15162.0,192,1746,907,100719,482448,266244.0,0,3,147,691.0,756,1197,93159,0,0,0,0.0,0,0,0,0.0,0,0,0,2,161,792,1126.0,25,2,161,1126.0,792,0,161,0,0,0,0.0,0,0,0,0.0,0,0,0,909,100880,25,1197,93320,0.9997521808088818
examples/regalloc/012-instcombine-factorizemathwithshlops-n33-d16.pbqp,33,171,31007,dense,205493.0,40720.0,41264.0,198605.0,219180.0,158751.0,0.0,0.0,0.0,0.0,41434.0,0.0,215104.0,40986.0,41530.0,207269.0,239079.0,3484.0,139478.0,24063.0,28664.0,119.0,40492.0,0.0,70033.0,36895.0,37439.0,67023.0,112103.0,3344.0,22778.0,23412.0,26883.0,115.0,36211.0,0.0,53527.0,26994.0,27538.0,51530.0,61289.0,3320.0,22649.0,22808.0,22864.0,105.0,27522.0,0.0,72815.0,45213.0,45757.0,69957.0,86831.0,3532.0,23848.0,24218.0,25635.0,113.0,20748.0,33297.0,8927,330.70311921167666,73788,2733.4963325183376,53527.0,26994.0,26533.0,97499.0,34121.0,23870.0,2530.0,32,362,179,19621,93764,48390.0,0,0,0,0.0,0,98,18655,0,0,0,0.0,0,0,0,0.0,0,0,0,2,161,792,757.0,38,2,161,757.0,792,0,161,0,0,0,0.0,0,0,0,0.0,0,0,0,181,19782,38,98,18816,0.9980790617733293
examples/regalloc/013-instcombine-factorizemathwithshlops-n33-d16-r1.pbqp,33,156,11000,dense,184106.0,41929.0,42473.0,176235.0,201503.0,141464.0,0.0,0.0,0.0,0.0,42149.0,0.0,192841.0,41900.0,42444.0,182254.0,216370.0,3553.0,131678.0,25194.0,29730.0,117.0,43815.0,0.0,67827.0,38236.0,38780.0,66018.0,81754.0,3471.0,23129.0,23007.0,27645.0,141.0,39415.0,0.0,54707.0,27829.0,28373.0,54105.0,61086.0,3341.0,22707.0,22647.0,26334.0,118.0,28862.0,0.0,69299.0,41924.0,42468.0,65658.0,76129.0,3525.0,23387.0,24319.0,27035.0,130.0,18588.0,31155.0,9068,325.8471378777534,74545,2678.6805131337815,54707.0,27829.0,26878.0,115289.0,39737.0,25552.0,5374.0,32,344,177,20030,95624,42718.0,0,0,0,0.0,0,210,17762,0,0,0,0.0,0,0,0,0.0,0,0,0,3,354,1656,1007.0,45,3,354,1007.0,1656,0,354,0,0,0,0.0,0,0,0,0.0,0,0,0,180,20384,45,210,18116,0.9977923861852434
examples/regalloc/014-instcombine-combineaddsubwithshladdsub-n29-d16.pbqp,29,70,5000,dense,82490.0,40651.0,41110.0,73691.0,93678.0,35028.0,0.0,0.0,0.0,0.0,40961.0,0.0,101523.0,44696.0,45128.0,86850.0,118494.0,2215.0,32372.0,10188.0,13356.0,118.0,42653.0,0.0,52094.0,38486.0,38945.0,50125.0,60690.0,2211.0,11507.0,10065.0,12833.0,70.0,39714.0,0.0,40167.0,23809.0,24268.0,37226.0,47814.0,2132.0,10973.0,9477.0,11386.0,132.0,22381.0,0.0,37237.0,19970.0,20429.0,34688.0,41242.0,2343.0,12358.0,10140.0,14327.0,175.0,14235.0,15898.0,6794,285.35427779411145,50163,2106.892351631736,40167.0,23809.0,16358.0,77346.0,27984.0,18794.0,2376.0,27,200,137,16323,77772,22165.0,0,9,973,1321.0,4700,1320,6879,0,0,0,0.0,0,0,0,0.0,0,0,0,2,161,792,666.0,14,2,161,666.0,792,0,161,0,0,0,0.0,0,0,0,0.0,0,0,0,139,16484,14,1320,7040,0.9991506915797137
examples/regalloc/015-instcombine-foldtounsignedsaturatedadd-n62-d17.pbqp,62,141,13000,dense,283235.0,87415.0,88367.0,258338.0,303176.0,178798.0,0.0,0.0,0.0,0.0,84383.0,0.0,280991.0,85082.0,86146.0,270916.0,298630.0,5170.0,161748.0,35317.0,32447.0,252.0,84406.0,0.0,116524.0,77792.0,78744.0,112953.0,139284.0,5443.0,37313.0,33575.0,31816.0,137.0,79075.0,0.0,78953.0,40873.0,41825.0,75918.0,91953.0,5217.0,37119.0,31653.0,28532.0,178.0,42119.0,0.0,96102.0,44662.0,45614.0,83884.0,148821.0,5653.0,39148.0,34416.0,33228.0,255.0,25353.0,26972.0,13380,327.35546693416194,98310,2405.2553030117683,78953.0,40873.0,38080.0,133957.0,49707.0,31765.0,3856.0,56,436,261,32053,151948,43248.0,0,10,784,2564.0,3864,2345,12767,0,0,0,0.0,0,0,0,0.0,0,0,0,1,49,252,210.0,7,1,49,210.0,252,0,49,0,0,0,0.0,0,0,0,0.0,0,0,0,262,32102,7,2345,12816,0.9997819450501526
examples/regalloc/016-instcombine-matchdiv-n30-d16.pbqp,30,76,5000,dense,106989.0,48898.0,49391.0,101798.0,161270.0,50783.0,0.0,0.0,0.0,0.0,49475.0,0.0,111958.0,48240.0,48733.0,103687.0,129695.0,2556.0,46739.0,13450.0,15861.0,153.0,47782.0,0.0,56596.0,41635.0,42128.0,55595.0,63583.0,2518.0,13918.0,12800.0,14741.0,94.0,44440.0,0.0,50474.0,28242.0,28735.0,42208.0,55976.0,2350.0,13364.0,12164.0,13780.0,96.0,27509.0,0.0,39019.0,23854.0,24347.0,37771.0,45609.0,2489.0,14500.0,12888.0,15159.0,128.0,12813.0,15080.0,7873,278.769208979534,58081,2056.546986757312,50474.0,28242.0,22232.0,96123.0,36902.0,22401.0,2585.0,29,235,150,19060,90344,24862.0,0,2,345,803.0,1592,1387,8082,0,0,0,0.0,0,0,0,0.0,0,0,0,1,105,508,333.0,7,1,105,333.0,508,0,105,0,0,0,0.0,0,0,0,0.0,0,0,0,151,19165,7,1387,8187,0.9996347508478998
examples/regalloc/017-instcombine-matchmul-n22-d16.pbqp,22,54,5000,dense,67690.0,38867.0,39224.0,62864.0,78425.0,23130.0,0.0,0.0,0.0,0.0,37245.0,0.0,61806.0,35674.0,36031.0,59653.0,67329.0,1668.0,21890.0,7434.0,10318.0,102.0,36483.0,0.0,46048.0,34922.0,35279.0,44899.0,52838.0,1695.0,8145.0,7086.0,10246.0,100.0,34946.0,0.0,32514.0,21138.0,21495.0,29436.0,39683.0,1749.0,8150.0,7031.0,10074.0,98.0,20985.0,0.0,26457.0,15198.0,15555.0,23876.0,29145.0,1639.0,7904.0,6568.0,9219.0,92.0,8725.0,9060.0,5755,272.25849181568736,41892,1981.833664490491,32514.0,21138.0,11376.0,62778.0,23249.0,15037.0,1742.0,21,172,110,14068,66604,15383.0,0,2,345,726.0,1592,1098,5288,0,0,0,0.0,0,0,0,0.0,0,0,0,1,49,252,229.0,7,1,49,229.0,252,0,49,0,0,0,0.0,0,0,0,0.0,0,0,0,111,14117,7,1098,5337,0.9995041439399306
examples/regalloc/018-instcombine-matchrem-n44-d16.pbqp,44,125,11000,dense,221021.0,55030.0,55761.0,207011.0,237441.0,150535.0,0.0,0.0,0.0,0.0,54488.0,0.0,214595.0,54237.0,55054.0,204123.0,244418.0,3801.0,136894.0,30429.0,26064.0,180.0,55554.0,0.0,82094.0,48177.0,48908.0,75924.0,90397.0,3789.0,28568.0,28300.0,24774.0,146.0,49131.0,0.0,62964.0,34259.0,34990.0,59855.0,72507.0,4026.0,29803.0,28964.0,25096.0,163.0,34865.0,0.0,68266.0,36950.0,37638.0,65239.0,74443.0,4234.0,31007.0,29382.0,25945.0,165.0,18807.0,25667.0,9804,286.17297644414606,75145,2193.4382206135615,62964.0,34259.0,28705.0,106630.0,38116.0,27990.0,3327.0,43,347,187,22394,106652,38359.0,0,4,499,1272.0,2352,1107,12676,0,0,0,0.0,0,0,0,0.0,0,0,0,3,273,1332,882.0,21,3,273,882.0,1332,0,273,0,0,0,0.0,0,0,0,0.0,0,0,0,190,22667,21,1107,12949,0.9990735430361318
examples/regalloc/019-instcombine-faddcombine-simplifyfadd-n108-d17.pbqp,108,1031,156042,dense,6319028.0,243573.0,245358.0,6203910.0,6410084.0,6082178.0,0.0,0.0,0.0,0.0,245668.0,0.0,6423394.0,237992.0,239777.0,6301802.0,6556402.0,33079.0,5929058.0,238179.0,364275.0,316.0,242889.0,0.0,640867.0,214278.0,215958.0,615527.0,661041.0,32443.0,212803.0,214418.0,360361.0,289.0,219928.0,0.0,561120.0,171056.0,172841.0,551815.0,588989.0,33636.0,212685.0,213499.0,347514.0,284.0,179135.0,0.0,656836.0,271400.0,273185.0,632379.0,681047.0,31440.0,208750.0,211408.0,334413.0,325.0,103730.0,198892.0,51446,300.7553082031615,433160,2532.270133757366,561120.0,171056.0,390064.0,513791.0,216712.0,114742.0,12032.0,105,2104,1050,110891,533156,305192.0,0,1,49,229.0,252,378,108623,0,0,0,0.0,0,0,0,0.0,0,0,0,1,49,252,535.0,13,1,49,535.0,252,0,49,0,0,0,0.0,0,0,0,0.0,0,0,0,1051,110940,13,378,108672,0.9998828195420948
examples/regalloc/020-instcombine-faddcombine-simplifyfadd-n138-d17-r1.pbqp,138,557,16000,dense,4978142.0,190437.0,192647.0,4912496.0,5046994.0,4687881.0,0.0,0.0,0.0,0.0,198216.0,0.0,4972102.0,194381.0,196461.0,4956379.0,5110580.0,27313.0,4578856.0,320211.0,224158.0,449.0,197920.0,0.0,474776.0,173945.0,176155.0,459565.0,487657.0,26117.0,268879.0,288391.0,224730.0,393.0,177746.0,0.0,404819.0,124797.0,127007.0,397063.0,426065.0,26225.0,275267.0,286535.0,206697.0,422.0,123096.0,0.0,451616.0,165226.0,167696.0,437395.0,475863.0,27158.0,278572.0,286932.0,216645.0,479.0,65445.0,121468.0,35218,282.202296529564,285164,2285.0228771524958,404819.0,124797.0,280022.0,355081.0,126366.0,86667.0,19367.0,130,1261,613,80683,380836,177514.0,0,7,700,2191.0,3396,1075,69301,0,0,0,0.0,0,0,0,0.0,0,0,0,3,273,1332,1451.0,43,3,273,1451.0,1332,0,273,0,0,0,0.0,0,0,0,0.0,0,0,0,616,80956,43,1075,69574,0.999468847275063
examples/regalloc/021-instcombine-faddcombine-simplify-n54-d16.pbqp,54,311,63001,dense,570503.0,70524.0,71425.0,561855.0,612032.0,501301.0,0.0,0.0,0.0,0.0,70842.0,0.0,604976.0,70364.0,71265.0,575338.0,620451.0,6974.0,460655.0,51557.0,63003.0,190.0,69688.0,0.0,133374.0,66067.0,66968.0,128467.0,140070.0,6984.0,49979.0,48916.0,57161.0,139.0,64508.0,0.0,112666.0,50712.0,51613.0,110298.0,120117.0,7168.0,51840.0,50608.0,57764.0,185.0,51270.0,0.0,140850.0,77158.0,78059.0,137442.0,152871.0,7084.0,52486.0,50531.0,64083.0,163.0,33195.0,59571.0,15219,300.10648367250354,125326,2471.328285218489,112666.0,50712.0,61954.0,165571.0,58040.0,44427.0,4618.0,53,674,330,31804,154252,83052.0,0,2,98,380.0,504,378,29158,0,0,0,0.0,0,0,0,0.0,0,0,0,1,112,540,340.0,13,1,112,340.0,540,0,112,0,0,0,0.0,0,0,0,0.0,0,0,0,331,31916,13,378,29270,0.9995926807870661
examples/regalloc/022-instcombine-faddcombine-simplify-n59-d16-r1.pbqp,59,237,32001,dense,542184.0,66506.0,67492.0,531035.0,579721.0,470393.0,0.0,0.0,0.0,0.0,66548.0,0.0,549673.0,66926.0,67854.0,529164.0,577900.0,6898.0,429382.0,60546.0,52393.0,219.0,66134.0,0.0,129389.0,61489.0,62475.0,124157.0,133621.0,7027.0,55037.0,57451.0,51705.0,152.0,60290.0,0.0,100583.0,44631.0,45617.0,95066.0,111071.0,6913.0,54370.0,56338.0,47753.0,147.0,43563.0,0.0,123695.0,60723.0,61709.0,117770.0,136629.0,7406.0,57249.0,59718.0,50055.0,159.0,27317.0,45309.0,13118,293.92126548811365,105617,2366.449328941767,100583.0,44631.0,55952.0,138181.0,48350.0,34462.0,3973.0,58,538,262,28459,136640,65096.0,0,4,259,948.0,1296,553,24277,0,0,0,0.0,0,0,0,0.0,0,0,0,0,0,0,0.0,0,0,0,0.0,0,0,0,0,0,0,0.0,0,0,0,0.0,0,0,0,262,28459,0,553,24277,1.0
examples/regalloc/023-instcombine-faddendcoef-converttofptype-n7-d16.pbqp,7,14,2000,dense,10471.0,7246.0,7348.0,10000.0,11497.0,2041.0,0.0,0.0,0.0,0.0,7257.0,0.0,9481.0,7445.0,7547.0,9310.0,12538.0,552.0,1639.0,1006.0,2326.0,62.0,7653.0,0.0,9529.0,7767.0,7869.0,9349.0,10349.0,538.0,1284.0,1023.0,2172.0,42.0,7709.0,0.0,5811.0,4180.0,4282.0,5690.0,6642.0,563.0,1287.0,1047.0,2342.0,55.0,4505.0,0.0,5502.0,3702.0,3804.0,5328.0,6344.0,567.0,1351.0,1015.0,2256.0,66.0,2232.0,2138.0,1412,337.79904306220095,10614,2539.2344497607655,5811.0,4180.0,1631.0,20614.0,7989.0,4980.0,640.0,6,47,24,3451,16160,3721.0,0,2,154,333.0,760,210,1519,0,0,0,0.0,0,0,0,0.0,0,0,0,0,0,0,0.0,0,0,0,0.0,0,0,0,0,0,0,0.0,0,0,0,0.0,0,0,0,24,3451,0,210,1519,1.0
examples/regalloc/024-instcombine-faddendcoef-createapfloatfromint-n7-d16.pbqp,7,10,1000,dense,23269.0,19722.0,19830.0,22492.0,24719.0,3091.0,0.0,0.0,0.0,0.0,20070.0,0.0,22874.0,19331.0,19433.0,22493.0,24613.0,486.0,982.0,411.0,3272.0,38.0,19622.0,0.0,24508.0,20232.0,20334.0,23881.0,26265.0,496.0,947.0,401.0,3492.0,39.0,19383.0,0.0,13803.0,9972.0,10074.0,13534.0,15743.0,510.0,983.0,411.0,3741.0,40.0,10053.0,0.0,8016.0,4630.0,4732.0,7968.0,9251.0,535.0,986.0,412.0,3802.0,45.0,3893.0,1232.0,3032,304.0513437625351,22762,2282.591255515443,13803.0,9972.0,3831.0,32186.0,12599.0,6705.0,765.0,6,73,58,7560,35736,4596.0,0,15,1470,976.0,7140,728,735,0,0,0,0.0,0,0,0,0.0,0,0,0,1,240,1084,348.0,15,1,240,348.0,1084,0,240,0,0,0,0.0,0,0,0,0.0,0,0,0,59,7800,15,728,975,0.9980769230769231
examples/regalloc/025-instcombine-faddend-drillvaluedownonestep-n36-d16.pbqp,36,142,19002,dense,171449.0,53059.0,53637.0,168866.0,177582.0,116741.0,0.0,0.0,0.0,0.0,52476.0,0.0,192545.0,55489.0,56067.0,176233.0,299593.0,3295.0,111704.0,22806.0,27050.0,110.0,55964.0,0.0,73391.0,48214.0,48792.0,72028.0,84524.0,3487.0,22138.0,21483.0,25853.0,99.0,52622.0,0.0,55945.0,30067.0,30645.0,52635.0,64808.0,3420.0,22540.0,21408.0,24156.0,102.0,32126.0,0.0,65205.0,38728.0,39306.0,61703.0,74917.0,3460.0,22555.0,21928.0,25293.0,161.0,19049.0,28572.0,9723,323.37778960321947,76988,2560.548109222736,55945.0,30067.0,25878.0,98617.0,36133.0,23492.0,2632.0,34,333,176,23258,109440,41402.0,0,4,378,1066.0,1840,674,16691,0,0,0,0.0,0,0,0,0.0,0,0,0,0,0,0,0.0,0,0,0,0.0,0,0,0,0,0,0,0.0,0,0,0,0.0,0,0,0,176,23258,0,674,16691,1.0
examples/regalloc/026-instcombine-faddend-drillvaluedownonestep-n36-d16-r1.pbqp,36,136,9000,dense,174468.0,52520.0,53098.0,167323.0,190606.0,116259.0,0.0,0.0,0.0,0.0,54382.0,0.0,176199.0,51159.0,51737.0,166213.0,183285.0,3341.0,104445.0,21380.0,25072.0,114.0,52237.0,0.0,73934.0,47718.0,48296.0,70753.0,81532.0,3477.0,22136.0,21786.0,25188.0,129.0,51047.0,0.0,52775.0,28930.0,29508.0,50857.0,64916.0,3261.0,21254.0,20676.0,23556.0,118.0,30654.0,0.0,65811.0,37100.0,37678.0,60646.0,74538.0,3287.0,21817.0,21237.0,23285.0,131.0,17621.0,27183.0,9647,333.4600760456274,76338,2638.714137573453,52775.0,28930.0,23845.0,96129.0,36452.0,23249.0,2678.0,34,321,170,23243,109116,41229.0,0,4,378,1089.0,1840,674,16676,0,0,0,0.0,0,0,0,0.0,0,0,0,0,0,0,0.0,0,0,0,0.0,0,0,0,0,0,0,0.0,0,0,0,0.0,0,0,0,170,23243,0,674,16676,1.0
examples/regalloc/027-instcombine-faddend-set-n4-d16.pbqp,4,6,2000,dense,3637.0,2858.0,2909.0,3548.0,4015.0,726.0,0.0,0.0,0.0,0.0,2786.0,0.0,3550.0,2874.0,2925.0,3486.0,3970.0,346.0,491.0,328.0,957.0,47.0,2950.0,0.0,3564.0,2824.0,2875.0,3419.0,4267.0,345.0,481.0,321.0,870.0,28.0,2752.0,0.0,2416.0,1758.0,1809.0,2329.0,3000.0,341.0,446.0,304.0,846.0,28.0,1710.0,0.0,2201.0,1400.0,1451.0,2010.0,2683.0,359.0,436.0,317.0,925.0,30.0,835.0,831.0,553,314.56200227531286,3865,2198.5210466439135,2416.0,1758.0,658.0,10578.0,4150.0,2851.0,391.0,3,20,11,1283,6132,1579.0,0,1,49,175.0,252,112,611,0,0,0,0.0,0,0,0,0.0,0,0,0,0,0,0,0.0,0,0,0,0.0,0,0,0,0,0,0,0.0,0,0,0,0.0,0,0,0,11,1283,0,112,611,1.0
examples/regalloc/028-instcombine-faddend-scale-n17-d16.pbqp,17,39,3000,dense,34758.0,23159.0,23414.0,32299.0,40679.0,10442.0,0.0,0.0,0.0,0.0,23122.0,0.0,32837.0,22568.0,22823.0,31895.0,38083.0,1242.0,9611.0,4243.0,6639.0,93.0,23162.0,0.0,28591.0,21801.0,22056.0,27366.0,31632.0,1239.0,4569.0,4072.0,6644.0,69.0,22276.0,0.0,20549.0,13994.0,14249.0,19350.0,25087.0,1280.0,4680.0,4189.0,6196.0,83.0,14078.0,0.0,16370.0,10932.0,11187.0,15986.0,19390.0,1143.0,4506.0,3946.0,5757.0,76.0,5624.0,6953.0,4136,295.55523795912535,29468,2105.7596112619694,20549.0,13994.0,6555.0,50659.0,18012.0,11216.0,1387.0,15,130,63,10537,48740,11059.0,0,3,354,747.0,1656,480,5353,0,0,0,0.0,0,0,0,0.0,0,0,0,0,0,0,0.0,0,0,0,0.0,0,0,0,0,0,0,0.0,0,0,0,0.0,0,0,0,63,10537,0,480,5353,1.0
examples/regalloc/029-instcombine-selectinst-init-n19-d16.pbqp,19,69,0,dense,74181.0,41719.0,42025.0,70983.0,85653.0,31527.0,0.0,0.0,0.0,0.0,44011.0,0.0,74722.0,41866.0,42172.0,72765.0,88566.0,1549.0,27924.0,9187.0,13602.0,84.0,42288.0,0.0,53185.0,40114.0,40420.0,51301.0,59334.0,1661.0,8433.0,8672.0,13383.0,80.0,41936.0,0.0,36175.0,23290.0,23596.0,34536.0,41843.0,1549.0,8344.0,8419.0,12607.0,70.0,23268.0,0.0,39466.0,25853.0,26159.0,36843.0,43009.0,1679.0,8609.0,8730.0,13331.0,89.0,10551.0,19772.0,7898,339.1155002146844,61411,2636.7969085444397,36175.0,23290.0,12885.0,60851.0,25112.0,13316.0,1636.0,18,173,94,21637,97972,27377.0,0,1,208,436.0,948,438,15829,0,0,0,0.0,0,0,0,0.0,0,0,0,0,0,0,0.0,0,0,0,0.0,0,0,0,0,0,0,0.0,0,0,0,0.0,0,0,0,94,21637,0,438,15829,1.0
examples/regalloc/030-instcombine-selectinst-create-n9-d15.pbqp,9,36,26010,dense,10681.0,5794.0,5930.0,10360.0,12227.0,4705.0,0.0,0.0,0.0,0.0,6023.0,0.0,10716.0,5689.0,5825.0,10443.0,12521.0,729.0,4824.0,1995.0,3979.0,70.0,6002.0,0.0,8020.0,5445.0,5589.0,7900.0,8955.0,713.0,2439.0,2015.0,3669.0,57.0,5709.0,0.0,6638.0,4195.0,4331.0,6521.0,7340.0,676.0,2340.0,1914.0,3661.0,51.0,4356.0,0.0,8793.0,5955.0,6091.0,8427.0,10458.0,728.0,2570.0,2056.0,3843.0,68.0,3426.0,4622.0,1410,336.1144219308701,11265,2685.3396901072706,6638.0,4195.0,2443.0,31956.0,9373.0,9455.0,894.0,8,88,40,2688,13408,6535.0,0,0,0,0.0,0,49,2058,0,0,0,0.0,0,0,0,0.0,0,0,0,1,105,508,266.0,29,1,105,266.0,508,0,105,0,0,0,0.0,0,0,0,0.0,0,0,0,41,2793,29,49,2163,0.9896168993913355
examples/regalloc/031-instcombine-selectinst-create-n8-d15-r1.pbqp,8,22,6000,dense,7823.0,4982.0,5115.0,7636.0,8762.0,2578.0,0.0,0.0,0.0,0.0,4525.0,0.0,6725.0,4159.0,4271.0,6624.0,7632.0,577.0,2464.0,1311.0,2525.0,53.0,4307.0,0.0,6435.0,4553.0,4672.0,6282.0,7165.0,640.0,1728.0,1383.0,2600.0,37.0,4527.0,0.0,5129.0,3108.0,3227.0,5075.0,5693.0,639.0,1713.0,1369.0,2799.0,63.0,3374.0,0.0,5781.0,3677.0,3796.0,5646.0,6739.0,648.0,1857.0,1434.0,2687.0,65.0,2376.0,2566.0,1047,336.87258687258685,8083,2600.707850707851,5129.0,3108.0,2021.0,22785.0,7184.0,5656.0,673.0,7,65,26,1946,9624,3858.0,0,0,0,0.0,0,49,1316,0,0,0,0.0,0,0,0,0.0,0,0,0,1,105,508,312.0,17,1,105,312.0,508,0,105,0,0,0,0.0,0,0,0,0.0,0,0,0,27,2051,17,49,1421,0.9917113603120429
examples/regalloc/032-instcombine-densemapbase-grow-n22-d17.pbqp,22,42,3000,dense,77247.0,62138.0,62478.0,75177.0,98756.0,16420.0,0.0,0.0,0.0,0.0,59682.0,0.0,77126.0,56934.0,57274.0,73141.0,84291.0,1689.0,11172.0,4512.0,11312.0,121.0,57979.0,0.0,69433.0,55329.0,55669.0,65144.0,77663.0,1601.0,5943.0,4460.0,11086.0,66.0,57351.0,0.0,33115.0,22728.0,23068.0,31964.0,38568.0,1612.0,5265.0,4180.0,10266.0,76.0,23040.0,0.0,26828.0,17597.0,17937.0,26011.0,40586.0,1548.0,5933.0,4335.0,11740.0,74.0,10518.0,7660.0,8145,358.3685322069694,58748,2584.8292854628653,33115.0,22728.0,10387.0,65274.0,27838.0,14060.0,1764.0,20,181,105,22634,102844,15703.0,0,4,657,1336.0,3028,1289,5402,0,0,0,0.0,0,0,0,0.0,0,0,0,0,0,0,0.0,0,0,0,0.0,0,0,0,0,0,0,0.0,0,0,0,0.0,0,0,0,105,22634,0,1289,5402,1.0
examples/regalloc/033-instcombine-densemapbase-lookupbucketfor-n15-d16.pbqp,15,72,0,dense,63230.0,39082.0,39306.0,62219.0,70158.0,23442.0,0.0,0.0,0.0,0.0,38965.0,0.0,68771.0,39754.0,39992.0,62035.0,82482.0,1304.0,22656.0,5831.0,12890.0,76.0,40142.0,0.0,47328.0,36315.0,36553.0,45319.0,53229.0,1256.0,5843.0,5473.0,11128.0,80.0,36694.0,0.0,31635.0,22193.0,22431.0,31048.0,36408.0,1250.0,5955.0,5428.0,9867.0,56.0,23132.0,0.0,39843.0,28200.0,28438.0,36712.0,42575.0,1261.0,6083.0,5647.0,10269.0,91.0,9841.0,21734.0,7607,342.7657369440815,58358,2629.5678817645203,31635.0,22193.0,9442.0,56810.0,26205.0,12058.0,1485.0,14,170,86,21490,96836,29167.0,0,1,256,439.0,1152,256,17650,0,0,0,0.0,0,0,0,0.0,0,0,0,0,0,0,0.0,0,0,0,0.0,0,0,0,0,0,0,0.0,0,0,0,0.0,0,0,0,86,21490,0,256,17650,1.0
examples/regalloc/034-instcombine-densemapbase-movefrom-n26-d17.pbqp,26,187,289363,dense,215465.0,74818.0,75226.0,212689.0,221489.0,128437.0,0.0,0.0,0.0,0.0,74695.0,0.0,213067.0,78020.0,78428.0,207374.0,221982.0,2727.0,119062.0,15091.0,34268.0,84.0,80549.0,0.0,96789.0,72842.0,73250.0,95130.0,109846.0,2606.0,15301.0,13315.0,28943.0,83.0,69824.0,0.0,76522.0,50725.0,51133.0,74441.0,88705.0,2692.0,16041.0,13889.0,28223.0,92.0,51245.0,0.0,106624.0,71920.0,72376.0,104777.0,108983.0,2671.0,15772.0,13457.0,32802.0,105.0,23702.0,53079.0,16172,318.8171513060621,130358,2569.8965007392803,76522.0,50725.0,25797.0,124088.0,51872.0,25783.0,2532.0,24,421,211,43448,198020,74566.0,0,1,98,263.0,476,421,39024,0,0,0,0.0,0,0,0,0.0,0,0,0,1,225,1020,655.0,15,1,225,655.0,1020,0,225,0,0,0,0.0,0,0,0,0.0,0,0,0,212,43673,15,421,39249,0.9996565383646646
examples/regalloc/035-instcombine-densemapbase-movefrom-n38-d17-r1.pbqp,38,154,6000,dense,257974.0,120464.0,120991.0,249031.0,271078.0,133228.0,0.0,0.0,0.0,0.0,120261.0,0.0,276597.0,129060.0,129587.0,261336.0,284466.0,3694.0,121528.0,20013.0,36229.0,158.0,130816.0,0.0,160670.0,114411.0,114938.0,150268.0,169014.0,3244.0,21450.0,17962.0,31081.0,125.0,113798.0,0.0,105280.0,68539.0,69066.0,102787.0,112029.0,3231.0,21643.0,18079.0,29744.0,160.0,65738.0,0.0,99515.0,62650.0,63177.0,97712.0,111808.0,3225.0,21845.0,17521.0,28549.0,128.0,25675.0,42844.0,20132,293.7305767519223,154379,2252.4256262857643,105280.0,68539.0,36741.0,147748.0,62073.0,29936.0,3245.0,31,462,245,55912,253276,64571.0,0,3,658,1170.0,2988,1681,33306,0,0,0,0.0,0,0,0,0.0,0,0,0,1,225,1020,605.0,15,1,225,605.0,1020,0,225,0,0,0,0.0,0,0,0,0.0,0,0,0,246,56137,15,1681,33531,0.9997327965512941
examples/regalloc/036-instcombine-densemapbase-lookuporinsertintobucke-n22-d16.pbqp,22,113,2000,dense,102110.0,50201.0,50558.0,97146.0,108293.0,49823.0,0.0,0.0,0.0,0.0,47972.0,0.0,106783.0,49316.0,49673.0,100480.0,143662.0,2090.0,48183.0,11115.0,19999.0,89.0,51124.0,0.0,64434.0,47439.0,47796.0,61477.0,68558.0,2467.0,11958.0,11201.0,19633.0,152.0,48681.0,0.0,41140.0,26801.0,27158.0,39416.0,46137.0,1887.0,10151.0,9387.0,15659.0,93.0,27415.0,0.0,54376.0,35748.0,36105.0,49470.0,59533.0,1957.0,10557.0,9635.0,16731.0,83.0,13565.0,27566.0,9878,368.56833700235063,76622,2858.923174508414,41140.0,26801.0,14339.0,82835.0,32916.0,17829.0,2122.0,21,279,131,26178,119564,39102.0,0,2,274,616.0,1272,338,22230,0,0,0,0.0,0,0,0,0.0,0,0,0,0,0,0,0.0,0,0,0,0.0,0,0,0,0,0,0,0.0,0,0,0,0.0,0,0,0,131,26178,0,338,22230,1.0
examples/regalloc/037-instcombine-densemapbase-grow-n20-d17.pbqp,20,30,3000,dense,41844.0,31747.0,32053.0,40126.0,46867.0,8840.0,0.0,0.0,0.0,0.0,31643.0,0.0,43478.0,32048.0,32354.0,42163.0,53003.0,1404.0,6892.0,3242.0,7592.0,81.0,31933.0,0.0,38041.0,30771.0,31077.0,36901.0,43009.0,1535.0,4288.0,3317.0,7597.0,74.0,31492.0,0.0,21674.0,14531.0,14837.0,20947.0,30930.0,1364.0,3917.0,3061.0,6760.0,84.0,14682.0,0.0,17798.0,10529.0,10835.0,17209.0,20801.0,1535.0,4255.0,3251.0,7006.0,106.0,6254.0,6144.0,5237,360.4018993875163,35651,2453.444360333081,21674.0,14531.0,7143.0,70367.0,24706.0,16011.0,1794.0,18,209,63,12552,57304,10780.0,0,3,545,1006.0,2488,624,4440,0,0,0,0.0,0,0,0,0.0,0,0,0,0,0,0,0.0,0,0,0,0.0,0,0,0,0,0,0,0.0,0,0,0,0.0,0,0,0,63,12552,0,624,4440,1.0
examples/regalloc/038-instcombine-densemapbase-lookupbucketfor-n15-d16.pbqp,15,72,0,dense,64773.0,37817.0,38055.0,60288.0,76159.0,22609.0,0.0,0.0,0.0,0.0,38501.0,0.0,68533.0,39570.0,39808.0,65600.0,76626.0,1294.0,21719.0,5634.0,11870.0,83.0,39386.0,0.0,49040.0,36110.0,36348.0,46041.0,54208.0,1277.0,6053.0,5640.0,10997.0,76.0,37159.0,0.0,31954.0,22320.0,22558.0,30943.0,35020.0,1253.0,6058.0,5600.0,10831.0,78.0,23215.0,0.0,38013.0,27522.0,27760.0,35356.0,41923.0,1234.0,5868.0,5371.0,10872.0,75.0,9290.0,21248.0,7607,340.81541218637994,58358,2614.6057347670253,31954.0,22320.0,9634.0,56733.0,25650.0,12056.0,1382.0,14,170,86,21490,96836,27787.0,0,1,256,413.0,1152,256,17650,0,0,0,0.0,0,0,0,0.0,0,0,0,0,0,0,0.0,0,0,0,0.0,0,0,0,0,0,0,0.0,0,0,0,0.0,0,0,0,86,21490,0,256,17650,1.0
examples/regalloc/039-instcombine-densemapbase-movefrom-n28-d17.pbqp,28,225,631257,dense,263018.0,86425.0,86867.0,254931.0,282914.0,168125.0,0.0,0.0,0.0,0.0,89776.0,0.0,265190.0,87157.0,87599.0,257789.0,278858.0,3889.0,220992.0,19131.0,44539.0,183.0,162611.0,0.0,122714.0,87476.0,87918.0,117330.0,128096.0,3318.0,18924.0,16214.0,37090.0,98.0,86763.0,0.0,90291.0,58597.0,59039.0,88510.0,102077.0,3229.0,17986.0,15546.0,34824.0,117.0,59907.0,0.0,125302.0,84795.0,85237.0,123935.0,131558.0,3099.0,18231.0,15332.0,34880.0,114.0,27511.0,62371.0,19200,327.66182569073504,155134,2647.473420140963,90291.0,58597.0,31694.0,144368.0,61981.0,32735.0,3005.0,26,497,249,51788,235884,89579.0,0,1,98,228.0,476,421,47364,0,0,0,0.0,0,0,0,0.0,0,0,0,1,225,1020,610.0,15,1,225,610.0,1020,0,225,0,0,0,0.0,0,0,0,0.0,0,0,0,250,52013,15,421,47589,0.9997116105588988
examples/regalloc/040-instcombine-densemapbase-movefrom-n40-d17-r1.pbqp,40,161,6000,dense,255128.0,108612.0,109139.0,245279.0,269683.0,139597.0,0.0,0.0,0.0,0.0,112325.0,0.0,250236.0,112590.0,113117.0,247292.0,282354.0,3666.0,127126.0,21527.0,32893.0,134.0,115615.0,0.0,137744.0,104563.0,105090.0,135962.0,145906.0,3407.0,23796.0,19401.0,31825.0,130.0,104529.0,0.0,98160.0,63821.0,64348.0,95190.0,117898.0,3482.0,23932.0,19644.0,30368.0,123.0,62319.0,0.0,100971.0,65020.0,65516.0,95745.0,110005.0,3549.0,24364.0,19458.0,29117.0,137.0,26121.0,47749.0,18892,296.0154181225615,145714,2283.166982654612,98160.0,63821.0,34339.0,161579.0,62700.0,34426.0,3802.0,31,477,226,51590,233688,67818.0,0,3,658,1298.0,2988,1201,35256,0,0,0,0.0,0,0,0,0.0,0,0,0,1,225,1020,625.0,15,1,225,625.0,1020,0,225,0,0,0,0.0,0,0,0,0.0,0,0,0,227,51815,15,1201,35481,0.9997105085399981
examples/regalloc/041-instcombine-densemapbase-lookuporinsertintobucke-n24-d16.pbqp,24,135,3000,dense,131253.0,57272.0,57663.0,126003.0,144941.0,71876.0,0.0,0.0,0.0,0.0,58389.0,0.0,129287.0,57273.0,57664.0,125662.0,134723.0,2183.0,62053.0,12114.0,20149.0,93.0,55863.0,0.0,75592.0,52370.0,52761.0,70421.0,94585.0,2236.0,13012.0,11958.0,21538.0,87.0,55297.0,0.0,48130.0,32701.0,33092.0,47268.0,58723.0,2371.0,12809.0,11713.0,18271.0,114.0,33812.0,0.0,67106.0,45148.0,45539.0,64205.0,72104.0,2253.0,12828.0,11586.0,20406.0,98.0,16430.0,33902.0,11205,342.6500718632458,87572,2677.9609186263415,48130.0,32701.0,15429.0,96836.0,38261.0,21525.0,2503.0,23,323,153,29433,134772,48318.0,0,2,330,729.0,1528,352,24633,0,0,0,0.0,0,0,0,0.0,0,0,0,0,0,0,0.0,0,0,0,0.0,0,0,0,0,0,0,0.0,0,0,0,0.0,0,0,0,153,29433,0,352,24633,1.0
examples/regalloc/042-instcombine-instcombiner-replaceoperand-n18-d16.pbqp,18,64,3000,dense,53103.0,27408.0,27697.0,49856.0,58620.0,21507.0,0.0,0.0,0.0,0.0,28443.0,0.0,53145.0,39028.0,39317.0,50392.0,58086.0,1437.0,21040.0,6965.0,10554.0,71.0,31415.0,0.0,34953.0,25784.0,26073.0,33706.0,43167.0,1667.0,8510.0,7499.0,11131.0,84.0,27210.0,0.0,25512.0,17403.0,17692.0,24672.0,30176.0,1397.0,6983.0,6443.0,9431.0,88.0,17889.0,0.0,27814.0,19236.0,19525.0,26905.0,31412.0,1518.0,7323.0,6616.0,10648.0,93.0,8671.0,14504.0,5585,320.9216801700856,43628,2506.92409354709,25512.0,17403.0,8109.0,55787.0,22723.0,12397.0,1523.0,17,163,92,13707,64040,20366.0,0,1,49,148.0,252,441,10053,0,0,0,0.0,0,0,0,0.0,0,0,0,1,256,1152,472.0,16,1,256,472.0,1152,0,256,0,0,0,0.0,0,0,0,0.0,0,0,0,93,13963,16,441,10309,0.9988541144453198
examples/regalloc/043-instcombine-instcombiner-replaceinstuseswith-n14-d16.pbqp,14,65,26038,dense,25554.0,10872.0,11093.0,24512.0,29914.0,13245.0,0.0,0.0,0.0,0.0,11048.0,0.0,27892.0,11593.0,11814.0,27182.0,32753.0,1201.0,14840.0,4384.0,7382.0,81.0,11814.0,0.0,16294.0,10947.0,11168.0,15811.0,16993.0,1073.0,4865.0,4191.0,6657.0,58.0,11052.0,0.0,14454.0,8873.0,9094.0,13583.0,16680.0,1138.0,5031.0,4250.0,6770.0,44.0,8983.0,0.0,19778.0,14167.0,14388.0,18702.0,22494.0,1200.0,5273.0,4519.0,6747.0,75.0,6214.0,11425.0,2880,324.5801870844134,23439,2641.60937676096,14454.0,8873.0,5581.0,44444.0,16176.0,11813.0,1214.0,13,143,69,5856,28656,15726.0,0,0,0,0.0,0,49,5562,0,0,0,0.0,0,0,0,0.0,0,0,0,1,49,252,241.0,13,1,49,241.0,252,0,49,0,0,0,0.0,0,0,0,0.0,0,0,0,70,5905,13,49,5611,0.9977984758679086
examples/regalloc/044-instcombine-instcombiner-replaceinstuseswith-n16-d16-r1.pbqp,16,52,6000,dense,22784.0,12441.0,12696.0,22497.0,25940.0,10302.0,0.0,0.0,0.0,0.0,12351.0,0.0,25468.0,12048.0,12303.0,23815.0,32898.0,1124.0,11487.0,4162.0,5802.0,52.0,11836.0,0.0,16836.0,11996.0,12251.0,16132.0,19605.0,1221.0,4938.0,4114.0,5642.0,68.0,12761.0,0.0,12987.0,8355.0,8610.0,12681.0,14815.0,1213.0,4921.0,4104.0,5853.0,71.0,9127.0,0.0,15652.0,11217.0,11472.0,15255.0,17401.0,1152.0,4849.0,4162.0,5683.0,94.0,5202.0,8190.0,2913,348.65350089766605,22067,2641.1729503291444,12987.0,8355.0,4632.0,43369.0,14974.0,11261.0,1183.0,15,135,62,6143,29772,12552.0,0,1,49,277.0,252,224,4799,0,0,0,0.0,0,0,0,0.0,0,0,0,0,0,0,0.0,0,0,0,0.0,0,0,0,0,0,0,0.0,0,0,0,0.0,0,0,0,62,6143,0,224,4799,1.0
examples/regalloc/045-instcombine-instcombiner-addone-n3-d15.pbqp,3,2,1000,dense,5254.0,4265.0,4299.0,5092.0,5373.0,1053.0,0.0,0.0,0.0,0.0,4271.0,0.0,5093.0,4086.0,4120.0,5039.0,5285.0,262.0,227.0,126.0,1127.0,27.0,4222.0,0.0,5056.0,4055.0,4087.0,4973.0,5361.0,271.0,242.0,121.0,1105.0,26.0,4012.0,0.0,3696.0,2542.0,2576.0,3648.0,4540.0,275.0,253.0,124.0,1202.0,27.0,2594.0,0.0,2509.0,1284.0,1318.0,2465.0,2712.0,286.0,260.0,130.0,1309.0,25.0,981.0,408.0,801,315.10621557828483,6265,2464.594807238395,3696.0,2542.0,1154.0,12672.0,5220.0,3027.0,383.0,2,30,15,1575,7620,986.0,0,0,0,0.0,0,105,105,0,0,0,0.0,0,0,0,0.0,0,0,0,1,225,1020,327.0,15,1,225,327.0,1020,0,225,0,0,0,0.0,0,0,0,0.0,0,0,0,16,1800,15,105,330,0.9916666666666667
examples/regalloc/046-instcombine-instcombiner-subone-n3-d15.pbqp,3,2,1000,dense,5104.0,4168.0,4202.0,4958.0,5308.0,1033.0,0.0,0.0,0.0,0.0,4290.0,0.0,5351.0,4260.0,4294.0,5272.0,5567.0,285.0,226.0,129.0,1157.0,29.0,4305.0,0.0,5341.0,4410.0,4444.0,5319.0,5503.0,300.0,269.0,129.0,1254.0,28.0,4376.0,0.0,3756.0,2585.0,2619.0,3686.0,4738.0,261.0,256.0,121.0,1122.0,27.0,2517.0,0.0,2545.0,1277.0,1311.0,2435.0,2634.0,293.0,271.0,128.0,1189.0,28.0,976.0,421.0,801,309.8646034816248,6265,2423.597678916828,3756.0,2585.0,1171.0,14200.0,5476.0,3488.0,353.0,2,30,15,1575,7620,1007.0,0,0,0,0.0,0,105,105,0,0,0,0.0,0,0,0,0.0,0,0,0,1,225,1020,323.0,15,1,225,323.0,1020,0,225,0,0,0,0.0,0,0,0,0.0,0,0,0,16,1800,15,105,330,0.9916666666666667
examples/regalloc/047-instcombine-patternmatch-match-n13-d16.pbqp,13,22,2000,dense,23771.0,18337.0,18524.0,23272.0,27208.0,5583.0,0.0,0.0,0.0,0.0,18920.0,0.0,26086.0,19431.0,19618.0,25830.0,28999.0,946.0,3992.0,1992.0,5052.0,62.0,19056.0,0.0,22773.0,18313.0,18500.0,22588.0,25369.0,950.0,2662.0,1969.0,4854.0,71.0,18175.0,0.0,15237.0,10719.0,10906.0,15023.0,16040.0,966.0,2608.0,2008.0,4964.0,63.0,10651.0,0.0,11883.0,7160.0,7347.0,11739.0,13279.0,1088.0,3249.0,2142.0,5906.0,80.0,4978.0,3545.0,3279,305.90540162328574,23708,2211.7734863326805,15237.0,10719.0,4518.0,46632.0,15262.0,11407.0,1435.0,11,92,61,7945,37632,6847.0,0,2,161,310.0,792,672,2041,0,0,0,0.0,0,0,0,0.0,0,0,0,1,256,1152,447.0,16,1,256,447.0,1152,0,256,0,0,0,0.0,0,0,0,0.0,0,0,0,62,8201,16,672,2297,0.9980490184123887
examples/regalloc/048-instcombine-patternmatch-match-n11-d16.pbqp,11,18,2000,dense,15061.0,11819.0,11972.0,14855.0,16029.0,3411.0,0.0,0.0,0.0,0.0,11795.0,0.0,15067.0,11307.0,11460.0,14826.0,15707.0,775.0,2374.0,1398.0,2928.0,41.0,11174.0,0.0,14359.0,11310.0,11463.0,14153.0,15209.0,791.0,1957.0,1542.0,3098.0,60.0,11444.0,0.0,9780.0,7071.0,7224.0,9670.0,10686.0,793.0,2021.0,1499.0,2765.0,41.0,6937.0,0.0,7253.0,4698.0,4851.0,7137.0,8192.0,774.0,2021.0,1448.0,3006.0,60.0,2893.0,2265.0,2166,306.32159524819684,14512,2052.3264036204214,9780.0,7071.0,2709.0,29195.0,11911.0,6560.0,739.0,9,70,43,5125,24504,5025.0,0,1,49,151.0,252,560,1765,0,0,0,0.0,0,0,0,0.0,0,0,0,0,0,0,0.0,0,0,0,0.0,0,0,0,0,0,0,0.0,0,0,0,0.0,0,0,0,43,5125,0,560,1765,1.0
examples/regalloc/049-instcombine-patternmatch-match-n13-d16.pbqp,13,22,2000,dense,24370.0,18979.0,19166.0,23983.0,26168.0,5200.0,0.0,0.0,0.0,0.0,18802.0,0.0,23727.0,17972.0,18159.0,23388.0,26733.0,877.0,3996.0,1906.0,4790.0,63.0,18217.0,0.0,24350.0,19441.0,19628.0,23905.0,27908.0,998.0,2719.0,2079.0,4981.0,74.0,19740.0,0.0,15188.0,10160.0,10347.0,14789.0,15916.0,918.0,2622.0,1967.0,4764.0,45.0,10419.0,0.0,12121.0,7101.0,7288.0,11867.0,13511.0,952.0,2929.0,1979.0,5225.0,56.0,4628.0,3188.0,3301,324.90157480314963,23802,2342.716535433071,15188.0,10160.0,5028.0,38723.0,14204.0,8918.0,1117.0,11,92,61,8005,37896,7030.0,0,2,161,345.0,792,672,2101,0,0,0,0.0,0,0,0,0.0,0,0,0,1,256,1152,447.0,16,1,256,447.0,1152,0,256,0,0,0,0.0,0,0,0,0.0,0,0,0,62,8261,16,672,2357,0.9980631884759714
examples/regalloc/050-instcombine-patternmatch-match-n11-d16.pbqp,11,27,2000,dense,30163.0,22970.0,23140.0,29478.0,33747.0,6670.0,0.0,0.0,0.0,0.0,22265.0,0.0,29407.0,21665.0,21835.0,27824.0,34515.0,791.0,5104.0,2336.0,5455.0,78.0,21850.0,0.0,27120.0,22011.0,22181.0,26368.0,32684.0,942.0,2829.0,2304.0,5413.0,70.0,21242.0,0.0,15375.0,10743.0,10913.0,14667.0,18857.0,822.0,2742.0,2391.0,5115.0,94.0,11347.0,0.0,13452.0,8996.0,9166.0,13181.0,14739.0,875.0,2855.0,2430.0,5474.0,64.0,4574.0,5580.0,3535,329.05147537931674,25676,2390.02140928977,15375.0,10743.0,4632.0,37710.0,14321.0,9048.0,1052.0,10,90,47,9635,43932,9057.0,0,2,368,675.0,1692,368,4259,0,0,0,0.0,0,0,0,0.0,0,0,0,0,0,0,0.0,0,0,0,0.0,0,0,0,0,0,0,0.0,0,0,0,0.0,0,0,0,47,9635,0,368,4259,1.0
examples/regalloc/051-instcombine-patternmatch-match-n11-d16.pbqp,11,20,2000,dense,19170.0,14538.0,14708.0,18735.0,21904.0,4422.0,0.0,0.0,0.0,0.0,15225.0,0.0,19410.0,14982.0,15152.0,18775.0,21795.0,753.0,2515.0,1386.0,4173.0,66.0,15402.0,0.0,20769.0,15706.0,15876.0,19825.0,24123.0,799.0,1974.0,1416.0,4149.0,44.0,15163.0,0.0,12566.0,9081.0,9251.0,12200.0,15633.0,880.0,2103.0,1508.0,4734.0,52.0,9472.0,0.0,10327.0,6186.0,6356.0,9970.0,12143.0,810.0,2280.0,1462.0,4493.0,45.0,4464.0,2584.0,2766,304.5920052857615,19779,2178.064089857945,12566.0,9081.0,3485.0,35140.0,13801.0,8505.0,948.0,10,85,58,6353,30620,5925.0,0,1,49,162.0,252,658,1502,0,0,0,0.0,0,0,0,0.0,0,0,0,1,240,1084,395.0,15,1,240,395.0,1084,0,240,0,0,0,0.0,0,0,0,0.0,0,0,0,59,6593,15,658,1742,0.9977248596996815
examples/regalloc/052-instcombine-patternmatch-match-n10-d16.pbqp,10,14,2000,dense,19316.0,16320.0,16456.0,18916.0,22358.0,3300.0,0.0,0.0,0.0,0.0,16741.0,0.0,18451.0,14865.0,15001.0,18081.0,20488.0,676.0,1554.0,863.0,3551.0,40.0,15505.0,0.0,20160.0,16399.0,16551.0,19701.0,22192.0,849.0,1781.0,1096.0,4402.0,59.0,18092.0,0.0,11531.0,8236.0,8372.0,11283.0,12721.0,734.0,1620.0,925.0,3582.0,42.0,8405.0,0.0,8417.0,4588.0,4724.0,8292.0,9588.0,724.0,1511.0,876.0,3951.0,41.0,3464.0,1633.0,2539,308.2807187955318,18222,2212.4817872753765,11531.0,8236.0,3295.0,32842.0,11573.0,8350.0,928.0,8,71,47,6153,29120,4200.0,0,2,161,326.0,792,546,1075,0,0,0,0.0,0,0,0,0.0,0,0,0,1,240,1084,371.0,15,1,240,371.0,1084,0,240,0,0,0,0.0,0,0,0,0.0,0,0,0,48,6393,15,546,1315,0.997653683716565
examples/regalloc/053-instcombine-patternmatch-match-n15-d16.pbqp,15,25,0,dense,89444.0,77231.0,77452.0,87436.0,95990.0,12090.0,0.0,0.0,0.0,0.0,79415.0,0.0,90029.0,76657.0,76878.0,88789.0,97987.0,1066.0,4492.0,2112.0,12077.0,51.0,77187.0,0.0,93350.0,77312.0,77533.0,89806.0,114146.0,1148.0,3136.0,2278.0,12036.0,51.0,79400.0,0.0,44839.0,31883.0,32104.0,42742.0,51947.0,1041.0,2928.0,2087.0,10797.0,67.0,33283.0,0.0,26030.0,15292.0,15513.0,25246.0,28160.0,1163.0,3344.0,2222.0,11283.0,72.0,11427.0,5546.0,10274,322.2406925320704,75810,2377.7561710002196,44839.0,31883.0,12956.0,77556.0,32288.0,17258.0,2000.0,13,175,123,29872,134828,15171.0,0,3,736,1031.0,3320,1760,4688,0,0,0,0.0,0,0,0,0.0,0,0,0,0,0,0,0.0,0,0,0,0.0,0,0,0,0,0,0,0.0,0,0,0,0.0,0,0,0,123,29872,0,1760,4688,1.0
examples/regalloc/054-instcombine-patternmatch-match-n14-d16.pbqp,14,30,2000,dense,26622.0,17824.0,18045.0,26083.0,29663.0,8251.0,0.0,0.0,0.0,0.0,18756.0,0.0,37369.0,32179.0,32439.0,37280.0,40379.0,1042.0,7779.0,3345.0,5995.0,50.0,19147.0,0.0,23156.0,17097.0,17318.0,22040.0,25625.0,1061.0,3837.0,3300.0,5598.0,62.0,17896.0,0.0,15012.0,10758.0,10979.0,14943.0,17544.0,1038.0,3966.0,3313.0,6185.0,48.0,11493.0,0.0,13896.0,8811.0,9032.0,13152.0,14978.0,1066.0,3974.0,3306.0,5536.0,71.0,5040.0,4995.0,3377,313.90593047034764,24873,2312.046848856665,15012.0,10758.0,4254.0,41447.0,15693.0,10752.0,1105.0,13,112,63,7705,36740,8735.0,0,1,49,152.0,252,560,3337,0,0,0,0.0,0,0,0,0.0,0,0,0,1,256,1152,459.0,16,1,256,459.0,1152,0,256,0,0,0,0.0,0,0,0,0.0,0,0,0,64,7961,16,560,3593,0.9979902022359
examples/regalloc/055-instcombine-patternmatch-match-n8-d16.pbqp,8,9,2000,dense,17664.0,14670.0,14772.0,17418.0,18638.0,3404.0,0.0,0.0,0.0,0.0,15444.0,0.0,19641.0,16149.0,16251.0,19336.0,20361.0,554.0,844.0,424.0,3783.0,38.0,15903.0,0.0,17466.0,14144.0,14246.0,17241.0,18661.0,565.0,836.0,407.0,3669.0,38.0,14503.0,0.0,10666.0,7322.0,7424.0,10398.0,12237.0,574.0,897.0,407.0,3622.0,36.0,7656.0,0.0,7310.0,3931.0,4033.0,7209.0,8692.0,559.0,955.0,403.0,3740.0,48.0,3037.0,1106.0,2396,327.2329964490576,17948,2451.242829827916,10666.0,7322.0,3344.0,27678.0,10964.0,6845.0,767.0,6,60,28,4095,19180,2524.0,0,0,0,0.0,0,378,585,0,0,0,0.0,0,0,0,0.0,0,0,0,17,2048,9792,1599.0,272,17,2048,1599.0,9792,112,368,0,0,0,0.0,0,0,0,0.0,0,0,0,45,6143,272,490,953,0.9557219599544197
examples/regalloc/056-instcombine-patternmatch-match-n9-d16.pbqp,9,13,2000,dense,14899.0,12059.0,12178.0,14724.0,16292.0,3077.0,0.0,0.0,0.0,0.0,11836.0,0.0,14434.0,11368.0,11487.0,14178.0,16228.0,616.0,1261.0,705.0,3180.0,65.0,11169.0,0.0,13514.0,10839.0,10958.0,13384.0,14556.0,667.0,1133.0,790.0,3241.0,62.0,11472.0,0.0,9957.0,7149.0,7268.0,9740.0,11657.0,673.0,1179.0,763.0,3133.0,39.0,7096.0,0.0,7463.0,4081.0,4207.0,6706.0,8358.0,626.0,1223.0,745.0,2982.0,40.0,2898.0,1561.0,2048,286.4736326758987,14558,2036.3687228983074,9957.0,7149.0,2808.0,27750.0,10174.0,6746.0,777.0,7,73,41,4489,21628,3889.0,0,1,49,152.0,252,441,940,0,0,0,0.0,0,0,0,0.0,0,0,0,1,240,1084,340.0,15,1,240,340.0,1084,0,240,0,0,0,0.0,0,0,0,0.0,0,0,0,42,4729,15,441,1180,0.9968280820469444
examples/regalloc/057-instcombine-patternmatch-match-n7-d16.pbqp,7,7,0,dense,44893.0,39574.0,39654.0,43959.0,46115.0,6375.0,0.0,0.0,0.0,0.0,51310.0,0.0,50466.0,39283.0,39368.0,44399.0,53658.0,491.0,710.0,309.0,5320.0,57.0,40933.0,0.0,48979.0,40995.0,41080.0,46093.0,51120.0,547.0,742.0,323.0,5797.0,64.0,41004.0,0.0,20981.0,15437.0,15522.0,20838.0,22823.0,528.0,659.0,325.0,5629.0,73.0,15886.0,0.0,11403.0,6417.0,6502.0,11172.0,13059.0,494.0,730.0,313.0,5307.0,38.0,5262.0,1286.0,5271,341.45235473213705,38687,2506.12165576213,20981.0,15437.0,5544.0,37305.0,15665.0,7552.0,761.0,5,78,63,15616,70400,6186.0,0,17,4096,1669.0,18496,976,1248,0,0,0,0.0,0,0,0,0.0,0,0,0,0,0,0,0.0,0,0,0,0.0,0,0,0,0,0,0,0.0,0,0,0,0.0,0,0,0,63,15616,0,976,1248,1.0
examples/regalloc/058-instcombine-patternmatch-match-n7-d16.pbqp,7,11,0,dense,31310.0,26226.0,26311.0,30069.0,34854.0,3557.0,0.0,0.0,0.0,0.0,26135.0,0.0,31234.0,26224.0,26309.0,30725.0,33118.0,550.0,1216.0,759.0,4071.0,35.0,26308.0,0.0,46461.0,41910.0,42010.0,45882.0,49208.0,827.0,1424.0,1004.0,5010.0,96.0,29597.0,0.0,13238.0,10041.0,10126.0,12893.0,15926.0,539.0,981.0,712.0,3425.0,60.0,10055.0,0.0,8531.0,5209.0,5294.0,8317.0,9559.0,550.0,1024.0,811.0,3733.0,56.0,3376.0,2528.0,3257,324.37008266108955,23702,2360.521860372473,13238.0,10041.0,3197.0,30359.0,12094.0,7451.0,1422.0,5,59,38,9424,42484,5060.0,0,2,480,570.0,2168,496,2240,0,0,0,0.0,0,0,0,0.0,0,0,0,0,0,0,0.0,0,0,0,0.0,0,0,0,0,0,0,0.0,0,0,0,0.0,0,0,0,38,9424,0,496,2240,1.0
examples/regalloc/059-instcombine-patternmatch-match-n13-d16.pbqp,13,27,1000,dense,44230.0,33559.0,33763.0,41297.0,51306.0,7911.0,0.0,0.0,0.0,0.0,33682.0,0.0,42719.0,32919.0,33123.0,41904.0,47976.0,1031.0,6133.0,2779.0,6894.0,78.0,34898.0,0.0,42324.0,33332.0,33536.0,40120.0,48271.0,1048.0,3242.0,2620.0,6870.0,78.0,33441.0,0.0,22898.0,16137.0,16341.0,22147.0,30494.0,986.0,3321.0,2476.0,6353.0,52.0,16812.0,0.0,15835.0,10410.0,10614.0,15664.0,18154.0,987.0,3141.0,2487.0,7108.0,44.0,5994.0,5921.0,4913,304.45559893412656,34384,2130.7554068290265,22898.0,16137.0,6761.0,50755.0,20760.0,11500.0,1425.0,12,126,74,13072,60256,10834.0,0,3,480,992.0,2232,864,4441,0,0,0,0.0,0,0,0,0.0,0,0,0,0,0,0,0.0,0,0,0,0.0,0,0,0,0,0,0,0.0,0,0,0,0.0,0,0,0,74,13072,0,864,4441,1.0
examples/regalloc/060-instcombine-patternmatch-match-n8-d16.pbqp,8,10,0,dense,38895.0,33669.0,33771.0,38534.0,42314.0,4183.0,0.0,0.0,0.0,0.0,34142.0,0.0,40843.0,33436.0,33532.0,37579.0,44193.0,623.0,1276.0,734.0,4733.0,36.0,34121.0,0.0,39181.0,33907.0,34009.0,38564.0,43951.0,592.0,1068.0,647.0,4634.0,36.0,33927.0,0.0,17840.0,12374.0,12476.0,17445.0,19341.0,577.0,997.0,665.0,4918.0,32.0,12346.0,0.0,10878.0,6390.0,6492.0,10563.0,11719.0,602.0,1118.0,642.0,4658.0,39.0,4673.0,2243.0,4422,357.36221108776465,31609,2554.469048003879,17840.0,12374.0,5466.0,38547.0,14840.0,8084.0,958.0,6,83,51,12752,57460,6372.0,0,2,480,657.0,2168,736,1984,0,0,0,0.0,0,0,0,0.0,0,0,0,0,0,0,0.0,0,0,0,0.0,0,0,0,0,0,0,0.0,0,0,0,0.0,0,0,0,51,12752,0,736,1984,1.0
examples/regalloc/061-instcombine-patternmatch-match-n9-d16.pbqp,9,14,0,dense,41687.0,36611.0,36737.0,41022.0,44692.0,4602.0,0.0,0.0,0.0,0.0,36421.0,0.0,43987.0,36669.0,36788.0,41711.0,48893.0,753.0,1940.0,1160.0,5017.0,64.0,38504.0,0.0,44181.0,38729.0,38848.0,42961.0,46842.0,758.0,1663.0,1140.0,5397.0,59.0,38395.0,0.0,21768.0,15998.0,16117.0,20435.0,25848.0,700.0,1305.0,977.0,4909.0,34.0,16309.0,0.0,12190.0,7316.0,7435.0,11805.0,13355.0,780.0,1429.0,1033.0,4890.0,56.0,5028.0,3078.0,4728,295.53694211776474,35142,2196.6495811976497,21768.0,15998.0,5770.0,37859.0,15929.0,7306.0,961.0,7,91,56,13520,61044,7396.0,0,2,496,749.0,2236,752,2720,0,0,0,0.0,0,0,0,0.0,0,0,0,0,0,0,0.0,0,0,0,0.0,0,0,0,0,0,0,0.0,0,0,0,0.0,0,0,0,56,13520,0,752,2720,1.0
examples/regalloc/062-instcombine-patternmatch-match-n8-d16.pbqp,8,10,0,dense,40521.0,35619.0,35721.0,40107.0,44890.0,4719.0,0.0,0.0,0.0,0.0,36105.0,0.0,40817.0,35633.0,35735.0,40352.0,44137.0,700.0,1216.0,731.0,5664.0,54.0,35537.0,0.0,44384.0,39002.0,39104.0,43074.0,47496.0,684.0,1172.0,686.0,5106.0,60.0,36376.0,0.0,17243.0,12679.0,12781.0,17096.0,19782.0,671.0,1047.0,645.0,4788.0,35.0,12819.0,0.0,12041.0,6224.0,6326.0,11849.0,12965.0,598.0,1018.0,665.0,5664.0,58.0,4506.0,2110.0,4422,348.76567552646105,31609,2493.0199542550677,17243.0,12679.0,4564.0,36137.0,14807.0,7066.0,898.0,6,83,51,12752,57460,5780.0,0,2,480,566.0,2168,736,1984,0,0,0,0.0,0,0,0,0.0,0,0,0,0,0,0,0.0,0,0,0,0.0,0,0,0,0,0,0,0.0,0,0,0,0.0,0,0,0,51,12752,0,736,1984,1.0
examples/regalloc/063-instcombine-patternmatch-match-n8-d16.pbqp,8,10,0,dense,29595.0,26010.0,26112.0,29307.0,36040.0,3784.0,0.0,0.0,0.0,0.0,26537.0,0.0,29632.0,25774.0,25876.0,29348.0,33544.0,656.0,1174.0,782.0,4067.0,49.0,26689.0,0.0,31315.0,25957.0,26059.0,30368.0,33956.0,680.0,1167.0,810.0,3773.0,90.0,25880.0,0.0,13662.0,9680.0,9782.0,13288.0,16012.0,602.0,1000.0,717.0,3722.0,34.0,9769.0,0.0,8739.0,5335.0,5437.0,8419.0,10909.0,586.0,1051.0,716.0,3664.0,55.0,3356.0,2257.0,3338,344.8347107438017,23516,2429.3388429752067,13662.0,9680.0,3982.0,33520.0,13299.0,7617.0,752.0,6,84,37,9153,41268,5025.0,0,1,240,331.0,1084,496,1969,0,0,0,0.0,0,0,0,0.0,0,0,0,0,0,0,0.0,0,0,0,0.0,0,0,0,0,0,0,0.0,0,0,0,0.0,0,0,0,37,9153,0,496,1969,1.0
examples/regalloc/064-instcombine-patternmatch-match-n8-d16.pbqp,8,10,0,dense,40581.0,36977.0,37079.0,40253.0,42852.0,4697.0,0.0,0.0,0.0,0.0,35560.0,0.0,50102.0,36578.0,36680.0,41327.0,57278.0,562.0,1120.0,719.0,4403.0,38.0,35823.0,0.0,39859.0,33754.0,33856.0,38629.0,47754.0,684.0,1186.0,781.0,5460.0,36.0,34344.0,0.0,16627.0,12241.0,12343.0,16408.0,19791.0,592.0,1086.0,726.0,4712.0,57.0,12985.0,0.0,10172.0,6184.0,6286.0,10048.0,11141.0,631.0,1145.0,751.0,4802.0,35.0,4668.0,2196.0,4422,361.24499632382975,31609,2582.223674536394,16627.0,12241.0,4386.0,35149.0,14890.0,6730.0,874.0,6,83,51,12752,57460,6352.0,0,2,480,656.0,2168,736,1984,0,0,0,0.0,0,0,0,0.0,0,0,0,0,0,0,0.0,0,0,0,0.0,0,0,0,0,0,0,0.0,0,0,0,0.0,0,0,0,51,12752,0,736,1984,1.0
examples/regalloc/065-instcombine-patternmatch-match-n9-d16.pbqp,9,14,0,dense,45377.0,49360.0,49479.0,44508.0,49706.0,5738.0,0.0,0.0,0.0,0.0,40902.0,0.0,43308.0,37330.0,37449.0,41466.0,49028.0,649.0,1805.0,1055.0,4744.0,38.0,36956.0,0.0,46035.0,38981.0,39100.0,44357.0,49563.0,748.0,1561.0,1232.0,5704.0,77.0,38614.0,0.0,22917.0,16829.0,16948.0,21351.0,27850.0,765.0,1448.0,1055.0,4853.0,40.0,16925.0,0.0,11194.0,7690.0,7809.0,10913.0,13161.0,680.0,1469.0,1001.0,4752.0,38.0,5171.0,3136.0,4728,280.9436092459445,35142,2088.1811159308336,22917.0,16829.0,6088.0,37991.0,16039.0,7197.0,1000.0,7,91,56,13520,61044,7694.0,0,2,496,758.0,2236,752,2720,0,0,0,0.0,0,0,0,0.0,0,0,0,0,0,0,0.0,0,0,0,0.0,0,0,0,0,0,0,0.0,0,0,0,0.0,0,0,0,56,13520,0,752,2720,1.0
examples/regalloc/066-instcombine-patternmatch-match-n7-d16.pbqp,7,11,1000,dense,33800.0,29151.0,29253.0,33376.0,35866.0,4284.0,0.0,0.0,0.0,0.0,30825.0,0.0,34774.0,30041.0,30143.0,33943.0,42334.0,520.0,1179.0,587.0,4465.0,50.0,30224.0,0.0,33233.0,28573.0,28675.0,32348.0,37848.0,570.0,1004.0,627.0,4443.0,38.0,30693.0,0.0,15586.0,11175.0,11277.0,15301.0,19652.0,537.0,846.0,545.0,3922.0,32.0,11471.0,0.0,10035.0,5447.0,5549.0,9240.0,11694.0,527.0,898.0,536.0,4006.0,61.0,4112.0,1788.0,3673,328.6800894854586,25919,2319.373601789709,15586.0,11175.0,4411.0,39617.0,14720.0,7716.0,1092.0,6,84,51,10080,46068,5593.0,0,2,345,589.0,1592,721,1426,0,0,0,0.0,0,0,0,0.0,0,0,0,0,0,0,0.0,0,0,0,0.0,0,0,0,0,0,0,0.0,0,0,0,0.0,0,0,0,51,10080,0,721,1426,1.0
examples/regalloc/067-instcombine-patternmatch-match-n7-d16.pbqp,7,11,1000,dense,35136.0,30002.0,30104.0,34374.0,38058.0,4401.0,0.0,0.0,0.0,0.0,30479.0,0.0,34806.0,29067.0,29169.0,33081.0,39712.0,520.0,1070.0,579.0,4278.0,37.0,29581.0,0.0,35928.0,30532.0,30634.0,34798.0,39294.0,554.0,1027.0,569.0,4858.0,35.0,29757.0,0.0,16375.0,12062.0,12164.0,15706.0,21027.0,560.0,874.0,584.0,4192.0,38.0,12019.0,0.0,9372.0,5540.0,5636.0,8872.0,11506.0,540.0,973.0,577.0,4346.0,32.0,4093.0,1950.0,3673,304.5100315038965,25919,2148.8144586304097,16375.0,12062.0,4313.0,37749.0,14395.0,8025.0,942.0,6,84,51,10080,46068,5504.0,0,2,345,583.0,1592,721,1426,0,0,0,0.0,0,0,0,0.0,0,0,0,0,0,0,0.0,0,0,0,0.0,0,0,0,0,0,0,0.0,0,0,0,0.0,0,0,0,51,10080,0,721,1426,1.0
examples/regalloc/068-instcombine-patternmatch-match-n8-d16.pbqp,8,14,1000,dense,37865.0,31571.0,31690.0,37201.0,42587.0,4933.0,0.0,0.0,0.0,0.0,31275.0,0.0,37648.0,31198.0,31317.0,36754.0,41242.0,627.0,1641.0,915.0,4527.0,44.0,31084.0,0.0,35188.0,29326.0,29452.0,34116.0,37944.0,628.0,1273.0,899.0,4969.0,37.0,29635.0,0.0,19150.0,11714.0,11833.0,16229.0,22943.0,589.0,1100.0,863.0,4214.0,58.0,12004.0,0.0,11050.0,6831.0,6950.0,10732.0,12263.0,669.0,1366.0,915.0,4459.0,52.0,4709.0,2687.0,3923,334.89841215639404,27667,2361.874679870241,19150.0,11714.0,7436.0,40456.0,15564.0,8295.0,1163.0,7,90,54,10755,49160,6834.0,0,2,345,590.0,1592,736,2003,0,0,0,0.0,0,0,0,0.0,0,0,0,0,0,0,0.0,0,0,0,0.0,0,0,0,0,0,0,0.0,0,0,0,0.0,0,0,0,54,10755,0,736,2003,1.0
examples/regalloc/069-instcombine-patternmatch-match-n8-d16.pbqp,8,14,1000,dense,37088.0,30711.0,30830.0,35129.0,41028.0,4586.0,0.0,0.0,0.0,0.0,31402.0,0.0,37535.0,31222.0,31341.0,36175.0,41525.0,576.0,1524.0,924.0,5036.0,38.0,31156.0,0.0,35551.0,29943.0,30055.0,34551.0,37985.0,608.0,1276.0,918.0,4964.0,38.0,30784.0,0.0,16994.0,12890.0,13009.0,16643.0,23703.0,596.0,1242.0,865.0,4205.0,38.0,12886.0,0.0,10068.0,6037.0,6156.0,9838.0,11311.0,586.0,1222.0,829.0,4191.0,38.0,4372.0,2429.0,3923,304.344453064391,27667,2146.3925523661756,16994.0,12890.0,4104.0,38909.0,15380.0,8129.0,1061.0,7,90,54,10755,49160,6442.0,0,2,345,581.0,1592,736,2003,0,0,0,0.0,0,0,0,0.0,0,0,0,0,0,0,0.0,0,0,0,0.0,0,0,0,0,0,0,0.0,0,0,0,0.0,0,0,0,54,10755,0,736,2003,1.0
examples/regalloc/070-instcombine-patternmatch-match-n16-d16.pbqp,16,30,0,dense,91187.0,76566.0,76804.0,90249.0,98691.0,12891.0,0.0,0.0,0.0,0.0,77077.0,0.0,90881.0,75925.0,76163.0,88136.0,101346.0,1163.0,6875.0,3194.0,10660.0,69.0,76943.0,0.0,94406.0,79671.0,79909.0,89320.0,113707.0,1249.0,3912.0,3214.0,11263.0,56.0,80200.0,0.0,44876.0,32355.0,32593.0,42837.0,52554.0,1533.0,4562.0,3771.0,11837.0,135.0,47790.0,0.0,28153.0,16642.0,16866.0,27237.0,30328.0,1198.0,3857.0,2946.0,10809.0,55.0,11036.0,7001.0,9534,294.6685210941122,69948,2161.8915159944368,44876.0,32355.0,12521.0,65665.0,29162.0,12860.0,1518.0,14,172,113,27536,124260,16001.0,0,1,240,442.0,1084,1520,5952,0,0,0,0.0,0,0,0,0.0,0,0,0,0,0,0,0.0,0,0,0,0.0,0,0,0,0,0,0,0.0,0,0,0,0.0,0,0,0,113,27536,0,1520,5952,1.0
examples/regalloc/071-instcombine-patternmatch-match-n10-d16.pbqp,10,18,0,dense,56877.0,48995.0,49131.0,55626.0,59245.0,7102.0,0.0,0.0,0.0,0.0,51374.0,0.0,59753.0,49768.0,49904.0,58000.0,67090.0,741.0,2569.0,1470.0,7234.0,66.0,51848.0,0.0,54914.0,48772.0,48908.0,54471.0,56024.0,746.0,1834.0,1533.0,6917.0,43.0,48419.0,0.0,25522.0,19043.0,19179.0,24822.0,26795.0,748.0,1683.0,1267.0,6618.0,39.0,18670.0,0.0,16227.0,9637.0,9773.0,15489.0,17187.0,730.0,1743.0,1367.0,6569.0,43.0,6749.0,4094.0,6069,318.6997846977892,44372,2330.095048049152,25522.0,19043.0,6479.0,43452.0,19077.0,8451.0,1057.0,8,96,72,17856,80496,9714.0,0,3,720,963.0,3252,992,3488,0,0,0,0.0,0,0,0,0.0,0,0,0,0,0,0,0.0,0,0,0,0.0,0,0,0,0,0,0,0.0,0,0,0,0.0,0,0,0,72,17856,0,992,3488,1.0
examples/regalloc/072-instcombine-patternmatch-match-n15-d16.pbqp,15,29,0,dense,93681.0,75080.0,75301.0,86948.0,99777.0,12257.0,0.0,0.0,0.0,0.0,80197.0,0.0,93396.0,77637.0,77884.0,90941.0,98257.0,1132.0,6519.0,2842.0,10791.0,71.0,76557.0,0.0,89130.0,76172.0,76393.0,84768.0,99957.0,1163.0,3617.0,2994.0,12185.0,69.0,77301.0,0.0,43755.0,32173.0,32394.0,43517.0,50640.0,1077.0,3408.0,2776.0,10182.0,68.0,32137.0,0.0,25014.0,15339.0,15560.0,24345.0,26646.0,1056.0,3411.0,2547.0,10211.0,49.0,10522.0,6186.0,9375,291.3934044074224,69966,2174.6806328287694,43755.0,32173.0,11582.0,65827.0,29295.0,14351.0,1603.0,13,157,113,27296,123240,15499.0,0,2,496,837.0,2236,1520,5696,0,0,0,0.0,0,0,0,0.0,0,0,0,0,0,0,0.0,0,0,0,0.0,0,0,0,0,0,0,0.0,0,0,0,0.0,0,0,0,113,27296,0,1520,5696,1.0
examples/regalloc/073-instcombine-patternmatch-match-n15-d16.pbqp,15,29,0,dense,91511.0,73781.0,74002.0,84912.0,100628.0,11977.0,0.0,0.0,0.0,0.0,76960.0,0.0,93071.0,73619.0,73866.0,88382.0,107159.0,1175.0,6648.0,2882.0,10666.0,84.0,75860.0,0.0,89814.0,76379.0,76600.0,82373.0,102113.0,1148.0,3476.0,2844.0,10886.0,68.0,74970.0,0.0,46333.0,51993.0,52214.0,42730.0,60171.0,1197.0,3605.0,2941.0,11040.0,58.0,39011.0,0.0,26004.0,15524.0,15745.0,25389.0,29225.0,1242.0,3604.0,2977.0,10486.0,88.0,10998.0,6764.0,9375,180.31273440655474,69966,1345.681149385494,46333.0,51993.0,0.0,65223.0,28814.0,13910.0,1696.0,13,157,113,27296,123240,15584.0,0,2,496,776.0,2236,1520,5696,0,0,0,0.0,0,0,0,0.0,0,0,0,0,0,0,0.0,0,0,0,0.0,0,0,0,0,0,0,0.0,0,0,0,0.0,0,0,0,113,27296,0,1520,5696,1.0
examples/regalloc/074-instcombine-patternmatch-match-n10-d16.pbqp,10,14,0,dense,71119.0,59730.0,59866.0,66657.0,73760.0,7073.0,0.0,0.0,0.0,0.0,59533.0,0.0,68355.0,65785.0,65921.0,67634.0,73290.0,728.0,1671.0,792.0,7723.0,41.0,60734.0,0.0,69504.0,68226.0,68362.0,68489.0,75153.0,741.0,1517.0,773.0,7689.0,40.0,60931.0,0.0,31682.0,22648.0,22784.0,29706.0,38178.0,721.0,1419.0,750.0,7647.0,38.0,22842.0,0.0,16885.0,9870.0,10006.0,16546.0,18476.0,713.0,1534.0,729.0,7246.0,40.0,7506.0,2771.0,7008,309.43129636170966,51686,2282.1441186859765,31682.0,22648.0,9034.0,50413.0,21816.0,10455.0,1179.0,8,116,84,20448,92280,9477.0,0,3,736,998.0,3320,1248,2464,0,0,0,0.0,0,0,0,0.0,0,0,0,0,0,0,0.0,0,0,0,0.0,0,0,0,0,0,0,0.0,0,0,0,0.0,0,0,0,84,20448,0,1248,2464,1.0
examples/regalloc/075-instcombine-patternmatch-match-n5-d16.pbqp,5,7,0,dense,35131.0,30422.0,30490.0,34046.0,37888.0,4092.0,0.0,0.0,0.0,0.0,30375.0,0.0,56553.0,36838.0,36922.0,55636.0,67791.0,461.0,559.0,267.0,5177.0,38.0,37936.0,0.0,39071.0,32937.0,33005.0,36981.0,39827.0,409.0,616.0,226.0,4364.0,34.0,33943.0,0.0,16651.0,12036.0,12104.0,16386.0,17621.0,398.0,412.0,209.0,4887.0,28.0,12079.0,0.0,8769.0,4845.0,4917.0,8418.0,9921.0,403.0,554.0,204.0,4276.0,31.0,4115.0,983.0,3788,314.72249916915916,28239,2346.211365902293,16651.0,12036.0,4615.0,27825.0,12437.0,5714.0,683.0,4,61,46,11040,49864,4756.0,0,1,240,300.0,1084,705,960,0,0,0,0.0,0,0,0,0.0,0,0,0,0,0,0,0.0,0,0,0,0.0,0,0,0,0,0,0,0.0,0,0,0,0.0,0,0,0,46,11040,0,705,960,1.0
examples/regalloc/076-instcombine-patternmatch-match-n15-d16.pbqp,15,28,0,dense,102263.0,90659.0,90880.0,100256.0,107009.0,20982.0,0.0,0.0,0.0,0.0,171359.0,0.0,113009.0,93389.0,93610.0,109715.0,127296.0,1187.0,6010.0,2643.0,14098.0,62.0,93267.0,0.0,106624.0,88724.0,88945.0,104253.0,121948.0,1190.0,3587.0,2495.0,11974.0,63.0,92533.0,0.0,52982.0,38735.0,38956.0,50133.0,64953.0,1045.0,3079.0,2345.0,11466.0,69.0,36763.0,0.0,29316.0,17024.0,17245.0,28258.0,35433.0,1554.0,4246.0,2976.0,14279.0,122.0,12022.0,7114.0,10517,271.5115528591713,77120,1990.9642442235704,52982.0,38735.0,14247.0,69530.0,31610.0,14344.0,1526.0,13,168,126,30864,139236,19849.0,0,3,736,1377.0,3320,1776,5440,0,0,0,0.0,0,0,0,0.0,0,0,0,0,0,0,0.0,0,0,0,0.0,0,0,0,0,0,0,0.0,0,0,0,0.0,0,0,0,126,30864,0,1776,5440,1.0
examples/regalloc/077-instcombine-patternmatch-match-n12-d16.pbqp,12,18,0,dense,92044.0,80684.0,80854.0,90229.0,98410.0,9461.0,0.0,0.0,0.0,0.0,80239.0,0.0,88216.0,78076.0,78246.0,86834.0,92818.0,1088.0,2597.0,1209.0,11168.0,79.0,80175.0,0.0,92056.0,78055.0,78225.0,86261.0,98881.0,849.0,1931.0,1058.0,9976.0,46.0,79307.0,0.0,42078.0,31902.0,32072.0,41226.0,47230.0,819.0,1624.0,995.0,10305.0,64.0,32023.0,0.0,24013.0,13660.0,13830.0,23500.0,24810.0,818.0,1899.0,983.0,10028.0,70.0,10571.0,3470.0,9574,300.10657639019496,70776,2218.544291893925,42078.0,31902.0,10176.0,67837.0,27925.0,12415.0,4524.0,10,148,116,28128,126968,13201.0,0,3,736,1109.0,3320,1760,2944,0,0,0,0.0,0,0,0,0.0,0,0,0,0,0,0,0.0,0,0,0,0.0,0,0,0,0,0,0,0.0,0,0,0,0.0,0,0,0,116,28128,0,1760,2944,1.0
examples/regalloc/078-instcombine-patternmatch-match-n14-d16.pbqp,14,35,4000,dense,23799.0,15468.0,15672.0,23365.0,26744.0,8182.0,0.0,0.0,0.0,0.0,16067.0,0.0,24694.0,15744.0,15948.0,24608.0,27671.0,1032.0,8086.0,3573.0,6017.0,79.0,16180.0,0.0,20035.0,15424.0,15628.0,19702.0,22075.0,973.0,3776.0,3385.0,5383.0,66.0,15357.0,0.0,14502.0,9626.0,9830.0,14344.0,15978.0,1048.0,3908.0,3533.0,5734.0,60.0,9514.0,0.0,13812.0,9334.0,9538.0,13633.0,17168.0,1066.0,4026.0,3507.0,5821.0,73.0,4771.0,6517.0,3075,319.44733014751716,24071,2500.6233118637024,14502.0,9626.0,4876.0,37567.0,14756.0,8866.0,1243.0,12,106,54,7110,33552,9366.0,0,1,112,202.0,540,224,3894,0,0,0,0.0,0,0,0,0.0,0,0,0,1,256,1152,485.0,16,1,256,485.0,1152,0,256,0,0,0,0.0,0,0,0,0.0,0,0,0,55,7366,16,224,4150,0.997827857724681
examples/regalloc/079-instcombine-patternmatch-match-n10-d16.pbqp,10,19,1000,dense,28933.0,23800.0,23953.0,28397.0,35063.0,4779.0,0.0,0.0,0.0,0.0,24265.0,0.0,30468.0,23921.0,24074.0,29120.0,35346.0,708.0,2371.0,1295.0,4747.0,67.0,23915.0,0.0,31715.0,24169.0,24322.0,28671.0,34940.0,829.0,1901.0,1453.0,5382.0,67.0,24962.0,0.0,17685.0,12112.0,12265.0,16725.0,23500.0,720.0,1707.0,1301.0,4957.0,39.0,11884.0,0.0,11352.0,7332.0,7485.0,11100.0,12605.0,771.0,1888.0,1330.0,5062.0,39.0,4449.0,3684.0,3738,308.6195508586526,26073,2152.6585204755615,17685.0,12112.0,5573.0,37370.0,15753.0,7516.0,1026.0,9,98,52,10032,45928,7593.0,0,3,480,881.0,2232,608,3081,0,0,0,0.0,0,0,0,0.0,0,0,0,0,0,0,0.0,0,0,0,0.0,0,0,0,0,0,0,0.0,0,0,0,0.0,0,0,0,52,10032,0,608,3081,1.0
examples/regalloc/080-instcombine-patternmatch-match-n7-d16.pbqp,7,12,0,dense,31074.0,25415.0,25517.0,30161.0,32436.0,3409.0,0.0,0.0,0.0,0.0,25686.0,0.0,31069.0,26621.0,26723.0,30649.0,32559.0,538.0,1542.0,847.0,3931.0,36.0,27652.0,0.0,28645.0,24049.0,24151.0,27886.0,30126.0,561.0,1063.0,849.0,3723.0,35.0,24889.0,0.0,12440.0,9079.0,9181.0,12400.0,13640.0,525.0,1030.0,779.0,3692.0,55.0,9229.0,0.0,9206.0,5849.0,5951.0,9035.0,10020.0,561.0,1159.0,856.0,3603.0,59.0,3635.0,2951.0,3425,377.24418988875425,25114,2766.1636744134817,12440.0,9079.0,3361.0,31077.0,12791.0,6636.0,873.0,6,74,39,9680,43636,5998.0,0,2,496,753.0,2236,480,2496,0,0,0,0.0,0,0,0,0.0,0,0,0,0,0,0,0.0,0,0,0,0.0,0,0,0,0,0,0,0.0,0,0,0,0.0,0,0,0,39,9680,0,480,2496,1.0
examples/regalloc/081-instcombine-patternmatch-match-n14-d16.pbqp,14,28,3000,dense,29275.0,20771.0,20979.0,28281.0,31864.0,7127.0,0.0,0.0,0.0,0.0,20649.0,0.0,28500.0,19968.0,20189.0,27872.0,32503.0,1053.0,6365.0,2961.0,4968.0,74.0,19941.0,0.0,27765.0,20720.0,20941.0,26283.0,31900.0,1017.0,3563.0,3008.0,5123.0,79.0,20060.0,0.0,15237.0,10748.0,10969.0,15005.0,17547.0,1015.0,3439.0,2929.0,5036.0,47.0,10700.0,0.0,13955.0,8952.0,9173.0,13597.0,16465.0,1082.0,3881.0,3080.0,5785.0,50.0,5013.0,4952.0,3500,325.6419799032378,24893,2316.058801637514,15237.0,10748.0,4489.0,52163.0,20218.0,11274.0,1468.0,13,104,61,8578,40320,8881.0,0,9,945,1052.0,4572,641,3346,0,0,0,0.0,0,0,0,0.0,0,0,0,1,112,540,314.0,7,1,112,314.0,540,0,112,0,0,0,0.0,0,0,0,0.0,0,0,0,62,8690,7,641,3458,0.9991944764096663
examples/regalloc/082-instcombine-patternmatch-match-n12-d16.pbqp,12,22,4000,dense,23600.0,17678.0,17865.0,22989.0,26298.0,4928.0,0.0,0.0,0.0,0.0,18550.0,0.0,22947.0,17346.0,17533.0,22149.0,26881.0,1014.0,3811.0,1915.0,4805.0,63.0,17973.0,0.0,23476.0,19759.0,19946.0,22431.0,26898.0,897.0,2499.0,1810.0,4257.0,65.0,18545.0,0.0,12511.0,8758.0,8945.0,12310.0,13866.0,866.0,2468.0,1754.0,4507.0,64.0,9232.0,0.0,10568.0,6457.0,6644.0,10095.0,11568.0,892.0,2648.0,1882.0,4699.0,46.0,4453.0,3082.0,2899,331.01164649463345,19694,2248.686914820735,12511.0,8758.0,3753.0,38023.0,13719.0,8957.0,942.0,11,83,56,7316,34596,6626.0,0,5,371,1011.0,1836,704,2084,0,0,0,0.0,0,0,0,0.0,0,0,0,0,0,0,0.0,0,0,0,0.0,0,0,0,0,0,0,0.0,0,0,0,0.0,0,0,0,56,7316,0,704,2084,1.0
examples/regalloc/083-instcombine-patternmatch-match-n11-d16.pbqp,11,22,1000,dense,34061.0,25767.0,25937.0,32087.0,37117.0,5767.0,0.0,0.0,0.0,0.0,26592.0,0.0,32715.0,25945.0,26115.0,31743.0,37350.0,863.0,3851.0,1901.0,5383.0,64.0,25607.0,0.0,32579.0,26962.0,27132.0,30966.0,40034.0,882.0,2527.0,2027.0,5679.0,43.0,27112.0,0.0,16863.0,12199.0,12369.0,16395.0,21331.0,778.0,2229.0,1904.0,4854.0,56.0,12734.0,0.0,13643.0,8822.0,8992.0,13477.0,15272.0,809.0,2416.0,1886.0,5488.0,55.0,4725.0,4736.0,3972,325.6004590540208,27900,2287.0727108779406,16863.0,12199.0,4664.0,38897.0,15754.0,9574.0,1149.0,10,104,55,10656,48772,8381.0,0,3,480,889.0,2232,608,3705,0,0,0,0.0,0,0,0,0.0,0,0,0,0,0,0,0.0,0,0,0,0.0,0,0,0,0,0,0,0.0,0,0,0,0.0,0,0,0,55,10656,0,608,3705,1.0
examples/regalloc/084-instcombine-patternmatch-match-n11-d16.pbqp,11,22,1000,dense,34050.0,26470.0,26660.0,32042.0,37656.0,5628.0,0.0,0.0,0.0,0.0,26351.0,0.0,34304.0,26340.0,26510.0,32653.0,42442.0,794.0,3888.0,1987.0,6173.0,62.0,27553.0,0.0,33702.0,26601.0,26771.0,31764.0,39049.0,980.0,2515.0,2058.0,5657.0,56.0,26864.0,0.0,17020.0,12277.0,12437.0,16183.0,21330.0,851.0,2457.0,1884.0,4982.0,42.0,12722.0,0.0,13283.0,8719.0,8889.0,13006.0,14769.0,819.0,2332.0,1843.0,5053.0,73.0,4913.0,4757.0,3972,323.5318074448155,27900,2272.542151991529,17020.0,12277.0,4743.0,44009.0,16784.0,12651.0,1334.0,10,104,55,10656,48772,8661.0,0,3,480,931.0,2232,608,3705,0,0,0,0.0,0,0,0,0.0,0,0,0,0,0,0,0.0,0,0,0,0.0,0,0,0,0,0,0,0.0,0,0,0,0.0,0,0,0,55,10656,0,608,3705,1.0
examples/regalloc/085-instcombine-patternmatch-match-n11-d16.pbqp,11,22,1000,dense,32243.0,25760.0,25930.0,31702.0,35727.0,5944.0,0.0,0.0,0.0,0.0,27153.0,0.0,37294.0,27259.0,27429.0,34597.0,41395.0,790.0,3862.0,1916.0,5376.0,59.0,26870.0,0.0,36554.0,28541.0,28711.0,35438.0,49163.0,874.0,2485.0,1974.0,5375.0,45.0,26493.0,0.0,21372.0,13178.0,13348.0,18723.0,25359.0,835.0,2286.0,1958.0,5213.0,71.0,12901.0,0.0,12977.0,8346.0,8516.0,12725.0,16109.0,856.0,2454.0,1930.0,5116.0,57.0,4892.0,4622.0,3972,301.41144331461527,27900,2117.1649719229017,21372.0,13178.0,8194.0,40278.0,16187.0,10206.0,1126.0,10,104,55,10656,48772,8786.0,0,3,480,903.0,2232,608,3705,0,0,0,0.0,0,0,0,0.0,0,0,0,0,0,0,0.0,0,0,0,0.0,0,0,0,0,0,0,0.0,0,0,0,0.0,0,0,0,55,10656,0,608,3705,1.0
examples/regalloc/086-instcombine-patternmatch-match-n9-d16.pbqp,9,17,1000,dense,23249.0,19349.0,19485.0,22715.0,25673.0,4341.0,0.0,0.0,0.0,0.0,19719.0,0.0,25608.0,20376.0,20512.0,24740.0,28892.0,681.0,2556.0,1367.0,4425.0,64.0,20414.0,0.0,23774.0,19523.0,19659.0,22937.0,26391.0,693.0,1649.0,1313.0,4085.0,51.0,20155.0,0.0,13789.0,10226.0,10362.0,13243.0,17764.0,660.0,1569.0,1303.0,3995.0,51.0,10181.0,0.0,10021.0,6515.0,6651.0,9864.0,11219.0,661.0,1612.0,1243.0,4036.0,75.0,3551.0,3323.0,3147,307.74496381771957,21835,2135.243496968512,13789.0,10226.0,3563.0,38947.0,13867.0,8111.0,920.0,8,91,45,8240,37864,7226.0,0,2,368,698.0,1692,496,2825,0,0,0,0.0,0,0,0,0.0,0,0,0,0,0,0,0.0,0,0,0,0.0,0,0,0,0,0,0,0.0,0,0,0,0.0,0,0,0,45,8240,0,496,2825,1.0
examples/regalloc/087-instcombine-patternmatch-match-n14-d16.pbqp,14,37,2000,dense,39258.0,26269.0,26490.0,36431.0,47051.0,16251.0,0.0,0.0,0.0,0.0,37275.0,0.0,42342.0,27717.0,27938.0,39963.0,48171.0,1434.0,12896.0,4653.0,9139.0,155.0,37104.0,0.0,35240.0,25542.0,25763.0,32990.0,38517.0,1590.0,4917.0,4736.0,9765.0,129.0,39074.0,0.0,26691.0,14690.0,14911.0,20409.0,31740.0,1042.0,4091.0,3712.0,6237.0,61.0,14816.0,0.0,18733.0,12092.0,12313.0,17489.0,21530.0,1109.0,4382.0,3918.0,7405.0,79.0,5973.0,7838.0,4546,309.46221919673246,32571,2217.222600408441,26691.0,14690.0,12001.0,46691.0,18301.0,10998.0,1251.0,13,129,70,11779,54516,12764.0,0,3,417,906.0,1944,624,5587,0,0,0,0.0,0,0,0,0.0,0,0,0,0,0,0,0.0,0,0,0,0.0,0,0,0,0,0,0,0.0,0,0,0,0.0,0,0,0,70,11779,0,624,5587,1.0
examples/regalloc/088-instcombine-patternmatch-match-n14-d16.pbqp,14,37,2000,dense,41100.0,26775.0,26983.0,38063.0,48682.0,10127.0,0.0,0.0,0.0,0.0,26584.0,0.0,42914.0,29347.0,29568.0,41046.0,47243.0,1152.0,10358.0,4104.0,8216.0,84.0,32017.0,0.0,35200.0,27555.0,27776.0,32999.0,39780.0,1682.0,5115.0,4850.0,9615.0,125.0,40391.0,0.0,21799.0,15145.0,15366.0,20394.0,26810.0,1112.0,4336.0,3920.0,6920.0,53.0,15797.0,0.0,19428.0,12299.0,12520.0,18637.0,21573.0,1232.0,4545.0,4214.0,7267.0,52.0,6312.0,8177.0,4546,300.16507098052165,32571,2150.61076262793,21799.0,15145.0,6654.0,45977.0,18036.0,11170.0,1294.0,13,129,70,11779,54516,13015.0,0,3,417,873.0,1944,624,5587,0,0,0,0.0,0,0,0,0.0,0,0,0,0,0,0,0.0,0,0,0,0.0,0,0,0,0,0,0,0.0,0,0,0,0.0,0,0,0,70,11779,0,624,5587,1.0
examples/regalloc/089-instcombine-patternmatch-match-n15-d16.pbqp,15,46,0,dense,59499.0,40106.0,40344.0,56196.0,66949.0,14225.0,0.0,0.0,0.0,0.0,39721.0,0.0,62979.0,42346.0,42584.0,59498.0,72827.0,1227.0,13629.0,5447.0,10158.0,82.0,42403.0,0.0,51474.0,40329.0,40567.0,50210.0,56357.0,1216.0,5185.0,5248.0,9176.0,82.0,39365.0,0.0,29624.0,19721.0,19959.0,28411.0,35767.0,1544.0,5427.0,5433.0,10512.0,126.0,27891.0,0.0,26313.0,19167.0,19405.0,26026.0,30359.0,1190.0,5055.0,4708.0,9356.0,88.0,7497.0,13439.0,6510,330.1049642513057,47839,2425.7897672531817,29624.0,19721.0,9903.0,51626.0,22113.0,11716.0,1341.0,14,143,73,18496,83280,20083.0,0,2,496,947.0,2236,496,11072,0,0,0,0.0,0,0,0,0.0,0,0,0,0,0,0,0.0,0,0,0,0.0,0,0,0,0,0,0,0.0,0,0,0,0.0,0,0,0,73,18496,0,496,11072,1.0
examples/regalloc/090-instcombine-patternmatch-match-n17-d16.pbqp,17,43,0,dense,121814.0,90657.0,90929.0,115355.0,160599.0,18593.0,0.0,0.0,0.0,0.0,85764.0,0.0,108645.0,88482.0,88754.0,103752.0,116982.0,1304.0,12635.0,5108.0,13280.0,101.0,88138.0,0.0,107582.0,85169.0,85441.0,99766.0,146412.0,1358.0,5389.0,4725.0,14332.0,96.0,85993.0,0.0,57319.0,37139.0,37411.0,49927.0,71396.0,1376.0,5306.0,4676.0,13548.0,84.0,37224.0,0.0,34974.0,22112.0,22384.0,33789.0,39627.0,1330.0,5305.0,4487.0,12954.0,87.0,12840.0,11159.0,10697,288.02606424513317,78377,2110.369153719809,57319.0,37139.0,20180.0,71876.0,31862.0,14525.0,1720.0,16,183,124,31360,141216,21053.0,0,32,8176,3842.0,36796,1472,9328,0,0,0,0.0,0,0,0,0.0,0,0,0,0,0,0,0.0,0,0,0,0.0,0,0,0,0,0,0,0.0,0,0,0,0.0,0,0,0,124,31360,0,1472,9328,1.0
examples/regalloc/091-instcombine-patternmatch-match-n14-d16.pbqp,14,25,0,dense,85868.0,72909.0,73113.0,81296.0,94959.0,10992.0,0.0,0.0,0.0,0.0,74457.0,0.0,86198.0,74219.0,74423.0,81624.0,92960.0,1001.0,5770.0,2572.0,9990.0,48.0,72109.0,0.0,87224.0,70379.0,70583.0,83374.0,98002.0,1065.0,3248.0,2709.0,9534.0,79.0,71636.0,0.0,42059.0,30558.0,30762.0,39489.0,53567.0,1025.0,3282.0,2595.0,10508.0,78.0,30739.0,0.0,23469.0,13866.0,14070.0,23093.0,25292.0,918.0,3185.0,2418.0,9424.0,46.0,9937.0,5388.0,9089,297.43438706721645,67420,2206.2962235748414,42059.0,30558.0,11501.0,60331.0,27380.0,12856.0,1582.0,12,150,109,26544,119788,13762.0,0,3,736,918.0,3320,1504,4960,0,0,0,0.0,0,0,0,0.0,0,0,0,0,0,0,0.0,0,0,0,0.0,0,0,0,0,0,0,0.0,0,0,0,0.0,0,0,0,109,26544,0,1504,4960,1.0
examples/regalloc/092-instcombine-patternmatch-match-n11-d16.pbqp,11,25,3000,dense,20699.0,14779.0,14949.0,20287.0,23146.0,5478.0,0.0,0.0,0.0,0.0,14732.0,0.0,20809.0,14399.0,14589.0,19981.0,23358.0,779.0,4478.0,2384.0,4404.0,67.0,14273.0,0.0,18171.0,14311.0,14481.0,17786.0,20031.0,846.0,2800.0,2373.0,4463.0,41.0,15158.0,0.0,11735.0,8670.0,8830.0,11529.0,13702.0,852.0,2688.0,2355.0,4313.0,72.0,9097.0,0.0,10464.0,6443.0,6613.0,9879.0,12368.0,828.0,2852.0,2327.0,4622.0,86.0,4076.0,3911.0,2665,307.3817762399077,19495,2248.558246828143,11735.0,8670.0,3065.0,31760.0,13187.0,7307.0,894.0,10,84,53,6278,30008,7119.0,0,0,0,0.0,0,529,2624,0,0,0,0.0,0,0,0,0.0,0,0,0,1,105,508,319.0,15,1,105,319.0,508,0,105,0,0,0,0.0,0,0,0,0.0,0,0,0,54,6383,15,529,2729,0.9976500078333073
examples/regalloc/093-instcombine-patternmatch-match-n10-d16.pbqp,10,21,3000,dense,22721.0,17006.0,17159.0,22076.0,26482.0,5070.0,0.0,0.0,0.0,0.0,17416.0,0.0,21880.0,16509.0,16662.0,21487.0,24754.0,721.0,3844.0,1905.0,4521.0,57.0,16814.0,0.0,21013.0,16527.0,16680.0,20857.0,23576.0,801.0,2435.0,1951.0,4540.0,65.0,16081.0,0.0,13723.0,9153.0,9306.0,13234.0,15622.0,809.0,2521.0,2075.0,4926.0,69.0,9480.0,0.0,10204.0,6104.0,6257.0,9842.0,12177.0,749.0,2427.0,1912.0,4629.0,39.0,4040.0,3090.0,2833,309.51600568119744,20654,2256.5279143450234,13723.0,9153.0,4570.0,33571.0,12713.0,8386.0,929.0,9,86,58,6595,31680,6198.0,0,1,49,150.0,252,592,1891,0,0,0,0.0,0,0,0,0.0,0,0,0,1,256,1152,411.0,16,1,256,411.0,1152,0,256,0,0,0,0.0,0,0,0,0.0,0,0,0,59,6851,16,592,2147,0.9976645745146694
examples/regalloc/094-instcombine-patternmatch-match-n12-d16.pbqp,12,29,2000,dense,33911.0,25381.0,25568.0,33200.0,37355.0,7263.0,0.0,0.0,0.0,0.0,24641.0,0.0,35799.0,24109.0,24296.0,32537.0,41723.0,1274.0,8445.0,3458.0,7379.0,132.0,33810.0,0.0,29474.0,23718.0,23894.0,28675.0,31596.0,982.0,3205.0,2695.0,6061.0,47.0,24861.0,0.0,18190.0,13475.0,13662.0,17904.0,22323.0,902.0,3093.0,2667.0,5314.0,77.0,14097.0,0.0,14955.0,9418.0,9605.0,14567.0,15720.0,861.0,3208.0,2677.0,5570.0,65.0,5417.0,5157.0,4075,302.41187384044525,28941,2147.7551020408164,18190.0,13475.0,4715.0,39850.0,15969.0,9433.0,1002.0,11,102,67,10753,49968,9656.0,0,2,305,566.0,1404,736,3889,0,0,0,0.0,0,0,0,0.0,0,0,0,0,0,0,0.0,0,0,0,0.0,0,0,0,0,0,0,0.0,0,0,0,0.0,0,0,0,67,10753,0,736,3889,1.0
examples/regalloc/095-instcombine-patternmatch-match-n10-d16.pbqp,10,21,3000,dense,18025.0,13531.0,13684.0,17268.0,19780.0,3876.0,0.0,0.0,0.0,0.0,13310.0,0.0,20231.0,14117.0,14270.0,19520.0,24041.0,717.0,3891.0,1920.0,3822.0,78.0,14135.0,0.0,17442.0,13917.0,14070.0,17134.0,19241.0,752.0,2305.0,1906.0,3667.0,42.0,13923.0,0.0,11717.0,8511.0,8664.0,11652.0,13625.0,763.0,2386.0,1972.0,3869.0,86.0,8588.0,0.0,9165.0,5815.0,5968.0,8888.0,10791.0,760.0,2397.0,1831.0,3639.0,44.0,3569.0,2988.0,2416,283.86793561273646,17427,2047.5854776172014,11717.0,8511.0,3206.0,29386.0,11422.0,6869.0,820.0,9,68,49,5794,27720,5883.0,0,1,49,154.0,252,529,2098,0,0,0,0.0,0,0,0,0.0,0,0,0,1,112,540,282.0,7,1,112,282.0,540,0,112,0,0,0,0.0,0,0,0,0.0,0,0,0,50,5906,7,529,2210,0.9988147646461226
examples/regalloc/096-instcombine-patternmatch-match-n9-d16.pbqp,9,19,5000,dense,12385.0,9161.0,9297.0,12181.0,13565.0,3236.0,0.0,0.0,0.0,0.0,9078.0,0.0,11854.0,8487.0,8623.0,11613.0,13410.0,626.0,2728.0,1513.0,2670.0,52.0,8758.0,0.0,11606.0,8950.0,9086.0,11320.0,12315.0,711.0,1921.0,1676.0,2897.0,64.0,8978.0,0.0,7491.0,5373.0,5509.0,7325.0,8844.0,694.0,1865.0,1659.0,2808.0,70.0,5675.0,0.0,7168.0,4517.0,4653.0,6792.0,7730.0,740.0,2016.0,1627.0,2890.0,58.0,2800.0,2729.0,1681,312.86059929276007,11626,2163.781872324586,7491.0,5373.0,2118.0,25918.0,9319.0,6354.0,811.0,8,63,38,3878,18792,4780.0,0,2,161,444.0,792,368,1526,0,0,0,0.0,0,0,0,0.0,0,0,0,0,0,0,0.0,0,0,0,0.0,0,0,0,0,0,0,0.0,0,0,0,0.0,0,0,0,38,3878,0,368,1526,1.0
examples/regalloc/097-instcombine-patternmatch-match-n14-d16.pbqp,14,25,2000,dense,21345.0,15979.0,16183.0,20701.0,28614.0,4905.0,0.0,0.0,0.0,0.0,15972.0,0.0,33533.0,33058.0,33298.0,33319.0,35569.0,1200.0,5039.0,2231.0,5488.0,89.0,22383.0,0.0,21656.0,16756.0,16960.0,21166.0,23892.0,961.0,2420.0,1873.0,4237.0,59.0,15898.0,0.0,13876.0,9904.0,10108.0,13331.0,16813.0,1037.0,2717.0,1918.0,4377.0,92.0,10031.0,0.0,11042.0,6576.0,6780.0,10282.0,13270.0,940.0,2557.0,1844.0,4317.0,90.0,4111.0,3118.0,2873,290.0848142164782,20305,2050.181744749596,13876.0,9904.0,3972.0,35131.0,14111.0,8047.0,881.0,12,88,59,6768,32472,6526.0,0,0,0,0.0,0,707,2232,0,0,0,0.0,0,0,0,0.0,0,0,0,1,98,476,210.0,14,1,98,210.0,476,0,98,0,0,0,0.0,0,0,0,0.0,0,0,0,60,6866,14,707,2330,0.9979609670841829
examples/regalloc/098-instcombine-patternmatch-match-n12-d16.pbqp,12,12,1000,dense,30831.0,27017.0,27187.0,29377.0,34032.0,3856.0,0.0,0.0,0.0,0.0,27097.0,0.0,31767.0,25680.0,25850.0,29764.0,34456.0,784.0,1305.0,610.0,4278.0,48.0,25981.0,0.0,30706.0,25918.0,26088.0,29863.0,33851.0,785.0,1283.0,640.0,4442.0,42.0,25047.0,0.0,15424.0,9696.0,9866.0,15165.0,16182.0,808.0,1191.0,618.0,4585.0,39.0,10347.0,0.0,10190.0,5992.0,6162.0,10087.0,11006.0,789.0,1314.0,614.0,4507.0,42.0,4242.0,2146.0,3776,389.4389438943894,27561,2842.512376237624,15424.0,9696.0,5728.0,39878.0,15126.0,8572.0,1008.0,10,113,51,9538,43788,5521.0,0,17,2016,1412.0,9656,576,1636,0,0,0,0.0,0,0,0,0.0,0,0,0,1,256,1152,351.0,16,1,256,351.0,1152,0,256,0,0,0,0.0,0,0,0,0.0,0,0,0,52,9794,16,576,1892,0.9983663467429038
examples/regalloc/099-instcombine-patternmatch-match-n15-d16.pbqp,15,37,0,dense,75602.0,59534.0,59772.0,74180.0,88608.0,14840.0,0.0,0.0,0.0,0.0,58878.0,0.0,90163.0,60588.0,60826.0,81477.0,117242.0,1162.0,11170.0,4416.0,10031.0,86.0,58045.0,0.0,69739.0,56980.0,57218.0,66920.0,79065.0,1246.0,5027.0,4614.0,10405.0,78.0,58543.0,0.0,35709.0,25442.0,25666.0,34854.0,42336.0,1368.0,4935.0,4474.0,10544.0,77.0,26204.0,0.0,24706.0,16191.0,16429.0,23814.0,29694.0,1169.0,4807.0,4420.0,10232.0,70.0,9268.0,9715.0,7941,312.1216885464979,58568,2302.020281424416,35709.0,25442.0,10267.0,60400.0,24934.0,13123.0,1491.0,14,150,93,22880,103192,17488.0,0,18,4336,2412.0,19580,1024,8240,0,0,0,0.0,0,0,0,0.0,0,0,0,0,0,0,0.0,0,0,0,0.0,0,0,0,0,0,0,0.0,0,0,0,0.0,0,0,0,93,22880,0,1024,8240,1.0
examples/regalloc/100-instcombine-patternmatch-match-n13-d16.pbqp,13,31,0,dense,63672.0,50159.0,50363.0,62209.0,70659.0,10044.0,0.0,0.0,0.0,0.0,49370.0,0.0,63609.0,51596.0,51800.0,59446.0,123725.0,993.0,7865.0,3419.0,8508.0,84.0,50603.0,0.0,57898.0,47397.0,47589.0,55899.0,65647.0,1480.0,4253.0,3744.0,10077.0,155.0,56760.0,0.0,29416.0,22637.0,22841.0,28966.0,33031.0,1020.0,3549.0,3102.0,7617.0,48.0,24003.0,0.0,21953.0,13974.0,14178.0,20447.0,24999.0,995.0,3390.0,3088.0,7836.0,48.0,6778.0,8663.0,6361,281.00013252639485,46416,2050.4483809692097,29416.0,22637.0,6779.0,50358.0,20850.0,11351.0,1407.0,12,126,73,18272,82328,13770.0,0,3,736,1039.0,3320,752,7248,0,0,0,0.0,0,0,0,0.0,0,0,0,0,0,0,0.0,0,0,0,0.0,0,0,0,0,0,0,0.0,0,0,0,0.0,0,0,0,73,18272,0,752,7248,1.0
examples/regalloc/101-instcombine-patternmatch-match-n9-d16.pbqp,9,16,0,dense,51141.0,41350.0,41469.0,47272.0,58871.0,5166.0,0.0,0.0,0.0,0.0,41191.0,0.0,45257.0,40536.0,40655.0,44566.0,48659.0,774.0,2566.0,1494.0,6090.0,66.0,40994.0,0.0,48251.0,39656.0,39775.0,46399.0,56335.0,710.0,1652.0,1337.0,6860.0,54.0,41429.0,0.0,19128.0,13833.0,13952.0,18867.0,22388.0,674.0,1503.0,1163.0,5055.0,55.0,13905.0,0.0,11735.0,7679.0,7798.0,11613.0,13121.0,660.0,1604.0,1173.0,5240.0,42.0,5098.0,3711.0,4786,345.98424058411047,34827,2517.6751247018,19128.0,13833.0,5295.0,37449.0,15315.0,8748.0,1013.0,7,80,56,14016,63152,8083.0,0,3,720,947.0,3252,736,3248,0,0,0,0.0,0,0,0,0.0,0,0,0,0,0,0,0.0,0,0,0,0.0,0,0,0,0,0,0,0.0,0,0,0,0.0,0,0,0,56,14016,0,736,3248,1.0
examples/regalloc/102-instcombine-patternmatch-match-n9-d16.pbqp,9,16,0,dense,45495.0,39895.0,40014.0,44512.0,49414.0,5204.0,0.0,0.0,0.0,0.0,39593.0,0.0,46875.0,40552.0,40671.0,45949.0,49801.0,655.0,2217.0,1244.0,5241.0,39.0,39820.0,0.0,47481.0,41520.0,41639.0,46366.0,52715.0,864.0,2213.0,1722.0,7543.0,93.0,50777.0,0.0,19201.0,13747.0,13866.0,18648.0,22616.0,670.0,1524.0,1179.0,5762.0,36.0,14193.0,0.0,13911.0,8284.0,8403.0,13590.0,15298.0,656.0,1595.0,1284.0,6141.0,57.0,5183.0,3759.0,4786,348.14868698625156,34827,2533.425474649014,19201.0,13747.0,5454.0,36749.0,15806.0,8161.0,949.0,7,80,56,14016,63152,8501.0,0,3,720,999.0,3252,736,3248,0,0,0,0.0,0,0,0,0.0,0,0,0,0,0,0,0.0,0,0,0,0.0,0,0,0,0,0,0,0.0,0,0,0,0.0,0,0,0,56,14016,0,736,3248,1.0
examples/regalloc/103-instcombine-patternmatch-match-n8-d16.pbqp,8,16,1000,dense,24173.0,19368.0,19501.0,23546.0,31015.0,3803.0,0.0,0.0,0.0,0.0,19000.0,0.0,23054.0,18338.0,18450.0,22493.0,26690.0,574.0,2063.0,1126.0,3697.0,56.0,18169.0,0.0,23454.0,19174.0,19293.0,23061.0,27733.0,638.0,1533.0,1272.0,3810.0,38.0,18754.0,0.0,13856.0,10430.0,10549.0,13352.0,16668.0,616.0,1445.0,1168.0,3980.0,35.0,10501.0,0.0,10229.0,6390.0,6509.0,9775.0,11901.0,642.0,1507.0,1184.0,4024.0,66.0,3667.0,3433.0,3067,294.0556088207095,21403,2052.0613614573344,13856.0,10430.0,3426.0,33520.0,12970.0,6681.0,810.0,7,84,44,8128,37324,6501.0,0,2,368,687.0,1692,496,2713,0,0,0,0.0,0,0,0,0.0,0,0,0,0,0,0,0.0,0,0,0,0.0,0,0,0,0,0,0,0.0,0,0,0,0.0,0,0,0,44,8128,0,496,2713,1.0
examples/regalloc/104-instcombine-patternmatch-match-n8-d16.pbqp,8,16,1000,dense,25640.0,20689.0,20808.0,25093.0,31664.0,4145.0,0.0,0.0,0.0,0.0,20561.0,0.0,23216.0,18380.0,18499.0,22309.0,27887.0,642.0,2095.0,1126.0,3942.0,51.0,18226.0,0.0,25900.0,19478.0,19597.0,25298.0,29865.0,623.0,1581.0,1248.0,4065.0,54.0,18730.0,0.0,21409.0,25130.0,25270.0,21069.0,26113.0,749.0,1680.0,1403.0,4333.0,38.0,13239.0,0.0,9462.0,6398.0,6517.0,9020.0,12287.0,589.0,1469.0,1186.0,3792.0,64.0,3534.0,3318.0,3067,122.04536410664544,21403,851.6912057302029,21409.0,25130.0,0.0,32716.0,12788.0,6687.0,864.0,7,84,44,8128,37324,6342.0,0,2,368,630.0,1692,496,2713,0,0,0,0.0,0,0,0,0.0,0,0,0,0,0,0,0.0,0,0,0,0.0,0,0,0,0,0,0,0.0,0,0,0,0.0,0,0,0,44,8128,0,496,2713,1.0
examples/regalloc/105-instcombine-patternmatch-match-n4-d16.pbqp,4,5,2000,dense,5110.0,4305.0,4356.0,5073.0,5551.0,1075.0,0.0,0.0,0.0,0.0,4254.0,0.0,4987.0,3977.0,4028.0,4917.0,5555.0,308.0,344.0,197.0,1140.0,30.0,3919.0,0.0,5255.0,4145.0,4196.0,5146.0,5856.0,356.0,477.0,235.0,1213.0,30.0,4160.0,0.0,3453.0,2294.0,2345.0,3241.0,3960.0,330.0,371.0,194.0,1170.0,30.0,2338.0,0.0,2416.0,1311.0,1362.0,2296.0,2894.0,349.0,444.0,198.0,1283.0,29.0,967.0,451.0,737,321.2728857890148,5326,2321.7088055797735,3453.0,2294.0,1159.0,14602.0,4971.0,3333.0,412.0,3,30,14,1568,7560,1214.0,0,0,0,0.0,0,161,224,0,0,0,0.0,0,0,0,0.0,0,0,0,1,112,540,231.0,16,1,112,231.0,540,0,112,0,0,0,0.0,0,0,0,0.0,0,0,0,15,1680,16,161,336,0.9904761904761905
examples/regalloc/106-instcombine-patternmatch-match-n11-d16.pbqp,11,17,0,dense,63339.0,53442.0,53595.0,60640.0,68469.0,7043.0,0.0,0.0,0.0,0.0,53214.0,0.0,60264.0,50158.0,50311.0,57353.0,65029.0,820.0,2671.0,1477.0,7430.0,41.0,50718.0,0.0,96105.0,53063.0,53243.0,66253.0,111506.0,908.0,2235.0,1582.0,8140.0,70.0,56287.0,0.0,32434.0,20569.0,20722.0,29498.0,35985.0,824.0,1990.0,1489.0,7378.0,39.0,20878.0,0.0,15968.0,8921.0,9074.0,15628.0,17364.0,802.0,1982.0,1453.0,7234.0,42.0,6221.0,3751.0,6150,298.99363119257134,44186,2148.1841606300745,32434.0,20569.0,11865.0,47767.0,21058.0,9968.0,1200.0,9,121,71,17600,79344,9971.0,0,2,480,793.0,2168,992,3232,0,0,0,0.0,0,0,0,0.0,0,0,0,0,0,0,0.0,0,0,0,0.0,0,0,0,0,0,0,0.0,0,0,0,0.0,0,0,0,71,17600,0,992,3232,1.0
examples/regalloc/107-instcombine-patternmatch-match-n9-d16.pbqp,9,9,2000,dense,20265.0,16928.0,17047.0,19918.0,21373.0,3555.0,0.0,0.0,0.0,0.0,17579.0,0.0,21630.0,17629.0,17748.0,21464.0,23332.0,607.0,935.0,467.0,4102.0,40.0,17217.0,0.0,20431.0,16333.0,16452.0,20342.0,21441.0,629.0,973.0,478.0,4417.0,40.0,16961.0,0.0,12858.0,8678.0,8797.0,12585.0,13346.0,631.0,1040.0,487.0,4278.0,38.0,9074.0,0.0,8434.0,4342.0,4454.0,7973.0,9004.0,641.0,1132.0,437.0,4291.0,41.0,3417.0,1487.0,2770,319.19797188292233,20571,2370.4770684489513,12858.0,8678.0,4180.0,28141.0,11772.0,6722.0,771.0,7,67,44,6944,32328,4102.0,0,16,1792,994.0,8640,497,848,0,0,0,0.0,0,0,0,0.0,0,0,0,2,368,1692,623.0,23,2,368,623.0,1692,0,368,0,0,0,0.0,0,0,0,0.0,0,0,0,46,7312,23,497,1216,0.9968544857768052
examples/regalloc/108-instcombine-patternmatch-match-n14-d16.pbqp,14,24,0,dense,70836.0,59838.0,60042.0,68381.0,75704.0,9217.0,0.0,0.0,0.0,0.0,59699.0,0.0,69820.0,61790.0,61994.0,65243.0,144965.0,994.0,4888.0,2409.0,9181.0,73.0,59410.0,0.0,71161.0,63167.0,63371.0,68891.0,96451.0,1021.0,3057.0,2415.0,9098.0,65.0,58922.0,0.0,32552.0,24003.0,24207.0,31773.0,37402.0,1336.0,4046.0,2853.0,11037.0,139.0,34752.0,0.0,21686.0,13561.0,13765.0,21291.0,22975.0,964.0,3088.0,2310.0,8412.0,52.0,9106.0,5991.0,8043,335.08311461067365,58974,2456.9428821397323,32552.0,24003.0,8549.0,57907.0,26081.0,11821.0,1483.0,12,150,94,23200,104616,13824.0,0,4,976,1465.0,4404,1232,5232,0,0,0,0.0,0,0,0,0.0,0,0,0,0,0,0,0.0,0,0,0,0.0,0,0,0,0,0,0,0.0,0,0,0,0.0,0,0,0,94,23200,0,1232,5232,1.0
examples/regalloc/109-instcombine-patternmatch-match-n8-d16.pbqp,8,15,0,dense,59662.0,51274.0,51393.0,57630.0,65331.0,6303.0,0.0,0.0,0.0,0.0,53413.0,0.0,59365.0,67538.0,67657.0,59032.0,62849.0,613.0,1767.0,997.0,7884.0,63.0,55457.0,0.0,59840.0,61109.0,61228.0,58646.0,69448.0,678.0,1315.0,985.0,7082.0,41.0,56321.0,0.0,29987.0,19774.0,19893.0,26504.0,38205.0,610.0,1241.0,952.0,6226.0,39.0,20561.0,0.0,15970.0,9519.0,9638.0,15515.0,17758.0,616.0,1359.0,878.0,6460.0,39.0,6914.0,3150.0,6107,308.8398907656519,43707,2210.3266916152525,29987.0,19774.0,10213.0,40598.0,18202.0,7926.0,953.0,7,92,71,18176,81792,8941.0,0,2,512,810.0,2304,1024,2816,0,0,0,0.0,0,0,0,0.0,0,0,0,0,0,0,0.0,0,0,0,0.0,0,0,0,0,0,0,0.0,0,0,0,0.0,0,0,0,71,18176,0,1024,2816,1.0
examples/regalloc/110-instcombine-patternmatch-match-n8-d16.pbqp,8,15,0,dense,60125.0,66968.0,67087.0,59394.0,64035.0,7230.0,0.0,0.0,0.0,0.0,57380.0,0.0,60732.0,53183.0,53302.0,59989.0,65662.0,591.0,1834.0,969.0,6838.0,37.0,52626.0,0.0,61383.0,49791.0,49910.0,59579.0,64652.0,625.0,1272.0,953.0,6421.0,37.0,50353.0,0.0,29759.0,20362.0,20481.0,27173.0,34382.0,607.0,1318.0,915.0,6460.0,48.0,20517.0,0.0,15061.0,8964.0,9076.0,14327.0,16477.0,639.0,1414.0,891.0,7088.0,38.0,6793.0,3201.0,6107,299.92142225714565,43707,2146.4983793340534,29759.0,20362.0,9397.0,41774.0,18356.0,7685.0,940.0,7,92,71,18176,81792,9069.0,0,2,512,795.0,2304,1024,2816,0,0,0,0.0,0,0,0,0.0,0,0,0,0,0,0,0.0,0,0,0,0.0,0,0,0,0,0,0,0.0,0,0,0,0.0,0,0,0,71,18176,0,1024,2816,1.0
examples/regalloc/111-instcombine-patternmatch-match-n9-d16.pbqp,9,12,0,dense,56458.0,47634.0,47753.0,52063.0,66317.0,5313.0,0.0,0.0,0.0,0.0,47927.0,0.0,54703.0,47230.0,47349.0,54087.0,58089.0,681.0,1517.0,739.0,6385.0,41.0,49734.0,0.0,56558.0,50307.0,50426.0,55186.0,59675.0,796.0,1336.0,788.0,7120.0,69.0,51338.0,0.0,26321.0,18780.0,18899.0,24400.0,33974.0,653.0,1098.0,704.0,6102.0,52.0,18792.0,0.0,13346.0,7919.0,8038.0,13046.0,14886.0,642.0,1274.0,707.0,6138.0,40.0,5893.0,2685.0,5725,304.84558040468585,42141,2243.929712460064,26321.0,18780.0,7541.0,42651.0,18716.0,9005.0,1047.0,7,100,68,16608,74936,8039.0,0,3,736,1053.0,3320,992,2224,0,0,0,0.0,0,0,0,0.0,0,0,0,0,0,0,0.0,0,0,0,0.0,0,0,0,0,0,0,0.0,0,0,0,0.0,0,0,0,68,16608,0,992,2224,1.0
examples/regalloc/112-instcombine-patternmatch-match-n14-d16.pbqp,14,26,0,dense,91593.0,80176.0,80380.0,91069.0,99197.0,10694.0,0.0,0.0,0.0,0.0,80072.0,0.0,96725.0,82089.0,82293.0,93356.0,130731.0,1013.0,5107.0,2374.0,10077.0,54.0,81381.0,0.0,96796.0,85697.0,85901.0,93112.0,105324.0,1231.0,3396.0,2569.0,10997.0,79.0,85117.0,0.0,45958.0,34246.0,34450.0,42742.0,55493.0,1079.0,3168.0,2471.0,10544.0,54.0,35439.0,0.0,25524.0,15033.0,15237.0,24717.0,29787.0,1067.0,3029.0,2272.0,10746.0,93.0,10065.0,5908.0,9234,269.63732990714243,67575,1973.2231501489225,45958.0,34246.0,11712.0,65792.0,28192.0,12516.0,1565.0,12,152,110,27024,121892,19819.0,0,3,736,1467.0,3320,1520,5200,0,0,0,0.0,0,0,0,0.0,0,0,0,0,0,0,0.0,0,0,0,0.0,0,0,0,0,0,0,0.0,0,0,0,0.0,0,0,0,110,27024,0,1520,5200,1.0
examples/regalloc/113-instcombine-patternmatch-match-n11-d16.pbqp,11,25,3000,dense,20525.0,14963.0,15133.0,19807.0,22686.0,5070.0,0.0,0.0,0.0,0.0,14307.0,0.0,20106.0,14838.0,15008.0,19787.0,22676.0,831.0,4914.0,2434.0,4591.0,46.0,15111.0,0.0,20085.0,15231.0,15401.0,19756.0,21611.0,863.0,2770.0,2378.0,4490.0,55.0,14930.0,0.0,12560.0,9174.0,9344.0,12385.0,16346.0,771.0,2697.0,2374.0,4416.0,57.0,9147.0,0.0,10049.0,6747.0,6917.0,9846.0,11846.0,812.0,2961.0,2477.0,4673.0,47.0,4173.0,3970.0,2665,290.49487682581207,19495,2125.0272509265315,12560.0,9174.0,3386.0,35735.0,13514.0,7528.0,908.0,10,84,53,6278,30008,7106.0,0,0,0,0.0,0,529,2624,0,0,0,0.0,0,0,0,0.0,0,0,0,1,105,508,278.0,15,1,105,278.0,508,0,105,0,0,0,0.0,0,0,0,0.0,0,0,0,54,6383,15,529,2729,0.9976500078333073
examples/regalloc/114-instcombine-patternmatch-match-n10-d16.pbqp,10,21,3000,dense,19739.0,13631.0,13802.0,17709.0,23816.0,4444.0,0.0,0.0,0.0,0.0,14436.0,0.0,21937.0,13612.0,13774.0,19592.0,25968.0,769.0,3699.0,1900.0,3781.0,46.0,14340.0,0.0,18418.0,14760.0,14913.0,17966.0,19889.0,813.0,2434.0,1982.0,4120.0,59.0,14811.0,0.0,11124.0,7860.0,8013.0,10746.0,12730.0,735.0,2122.0,1908.0,3594.0,64.0,8211.0,0.0,10972.0,7084.0,7237.0,10834.0,13298.0,781.0,2482.0,1972.0,4078.0,42.0,3762.0,3360.0,2416,307.3791348600509,17427,2217.1755725190837,11124.0,7860.0,3264.0,30494.0,11607.0,7813.0,868.0,9,68,49,5794,27720,6471.0,0,1,49,151.0,252,529,2098,0,0,0,0.0,0,0,0,0.0,0,0,0,1,112,540,294.0,7,1,112,294.0,540,0,112,0,0,0,0.0,0,0,0,0.0,0,0,0,50,5906,7,529,2210,0.9988147646461226
examples/regalloc/115-instcombine-function-ref-callback-fn-n2-d16.pbqp,2,0,0,dense,41.0,0,0,39.0,59.0,85.0,0.0,0.0,0.0,0.0,0.0,0.0,53.0,0,0,52.0,100.0,212.0,70.0,88.0,46.0,23.0,0.0,0.0,87.0,0,0,60.0,109.0,226.0,99.0,89.0,46.0,23.0,0.0,0.0,78.0,0,0,61.0,139.0,221.0,96.0,90.0,47.0,42.0,0.0,0.0,75.0,0,0,57.0,117.0,215.0,96.0,89.0,45.0,31.0,0.0,0.0,0,,0,,78.0,0,78.0,0,0,0,0,0,0,0,0,0,0.0,0,0,0,0.0,0,0,0,0,0,0,0.0,0,0,0,0.0,0,0,0,0,0,0,0.0,0,0,0,0.0,0,0,0,0,0,0,0.0,0,0,0,0.0,0,0,0,0,0,0,0,0,0.0
examples/regalloc/116-instcombine-irbuilderbase-createcall-n41-d17.pbqp,41,278,57026,dense,415851.0,68521.0,69184.0,407345.0,432510.0,350710.0,0.0,0.0,0.0,0.0,73868.0,0.0,415255.0,67143.0,67806.0,407830.0,450080.0,5465.0,318360.0,38716.0,50625.0,113.0,66326.0,0.0,120059.0,63905.0,64568.0,115404.0,125470.0,5367.0,36636.0,34504.0,47033.0,125.0,60901.0,0.0,95343.0,46062.0,46725.0,88462.0,101157.0,5510.0,36378.0,36512.0,48536.0,86.0,47984.0,0.0,126298.0,72025.0,72688.0,122444.0,138344.0,5368.0,34607.0,34823.0,46384.0,151.0,28769.0,54193.0,14602,317.00751161478007,119396,2592.0715557292347,95343.0,46062.0,49281.0,147604.0,55773.0,36187.0,3571.0,39,573,283,33383,158524,78241.0,0,1,112,362.0,540,112,31847,0,0,0,0.0,0,0,0,0.0,0,0,0,0,0,0,0.0,0,0,0,0.0,0,0,0,0,0,0,0.0,0,0,0,0.0,0,0,0,283,33383,0,112,31847,1.0
examples/regalloc/117-instcombine-irbuilderbase-createcall-n38-d17-r1.pbqp,38,144,7000,dense,210756.0,61501.0,62113.0,207403.0,224314.0,153712.0,0.0,0.0,0.0,0.0,61966.0,0.0,228938.0,63392.0,64004.0,224911.0,234855.0,3658.0,144052.0,29078.0,29868.0,157.0,65181.0,0.0,90241.0,55341.0,55953.0,84549.0,121287.0,3538.0,25725.0,25927.0,27382.0,127.0,56359.0,0.0,81527.0,44242.0,44854.0,75570.0,93071.0,3647.0,26046.0,25857.0,26653.0,118.0,41428.0,0.0,81223.0,44115.0,44727.0,76082.0,101255.0,3762.0,27091.0,28051.0,30627.0,131.0,20550.0,31548.0,10728,242.4845169748203,82744,1870.2590298811085,81527.0,44242.0,37285.0,101604.0,39850.0,23032.0,2786.0,36,332,188,26622,124540,46682.0,0,2,305,663.0,1404,837,19296,0,0,0,0.0,0,0,0,0.0,0,0,0,0,0,0,0.0,0,0,0,0.0,0,0,0,0,0,0,0.0,0,0,0,0.0,0,0,0,188,26622,0,837,19296,1.0
examples/regalloc/118-instcombine-irbuilderbase-createcast-n16-d16.pbqp,16,66,17001,dense,33168.0,13638.0,13893.0,31648.0,38804.0,18982.0,0.0,0.0,0.0,0.0,14270.0,0.0,36405.0,14154.0,14409.0,34757.0,42953.0,1497.0,27193.0,7536.0,10362.0,131.0,19471.0,0.0,18686.0,12981.0,13236.0,18518.0,20023.0,1251.0,6169.0,5884.0,7247.0,68.0,13187.0,0.0,14869.0,9292.0,9547.0,14752.0,16532.0,1292.0,6436.0,6115.0,7711.0,52.0,9801.0,0.0,22048.0,13873.0,14128.0,20588.0,25377.0,1363.0,6479.0,6221.0,8002.0,88.0,6724.0,10769.0,3080,331.46792940163584,24710,2659.276797244942,14869.0,9292.0,5577.0,40694.0,14534.0,9937.0,1160.0,15,140,71,6726,32436,15343.0,0,1,84,290.0,412,112,5574,0,0,0,0.0,0,0,0,0.0,0,0,0,0,0,0,0.0,0,0,0,0.0,0,0,0,0,0,0,0.0,0,0,0,0.0,0,0,0,71,6726,0,112,5574,1.0
examples/regalloc/119-instcombine-irbuilderbase-createicmp-n20-d17.pbqp,20,96,26005,dense,66153.0,22757.0,23063.0,62219.0,73016.0,39313.0,0.0,0.0,0.0,0.0,22585.0,0.0,65033.0,21774.0,22080.0,63033.0,79368.0,1667.0,38789.0,9597.0,12850.0,87.0,22593.0,0.0,31197.0,19957.0,20263.0,30416.0,37865.0,1645.0,8973.0,8318.0,11078.0,86.0,20400.0,0.0,25275.0,15879.0,16185.0,24601.0,30961.0,1747.0,9413.0,8739.0,10767.0,61.0,16507.0,0.0,33622.0,22798.0,23104.0,30845.0,37653.0,1808.0,9597.0,8979.0,11926.0,90.0,9940.0,17654.0,4830,304.1753259021349,38910,2450.4061968637825,25275.0,15879.0,9396.0,57860.0,21050.0,13748.0,1511.0,18,208,109,10648,51460,22475.0,0,1,105,276.0,508,225,9178,0,0,0,0.0,0,0,0,0.0,0,0,0,0,0,0,0.0,0,0,0,0.0,0,0,0,0,0,0,0.0,0,0,0,0.0,0,0,0,109,10648,0,225,9178,1.0
examples/regalloc/120-instcombine-irbuilderbase-createsrem-n12-d16.pbqp,12,41,5000,dense,16835.0,8959.0,9135.0,16313.0,20638.0,7389.0,0.0,0.0,0.0,0.0,9121.0,0.0,17099.0,9148.0,9335.0,16833.0,21084.0,941.0,9055.0,3622.0,5183.0,43.0,9523.0,0.0,13215.0,9836.0,10023.0,13062.0,16967.0,912.0,3749.0,3512.0,5154.0,72.0,9710.0,0.0,9897.0,6958.0,7145.0,9781.0,11340.0,938.0,3858.0,3615.0,4787.0,70.0,7078.0,0.0,12730.0,9184.0,9360.0,11546.0,16034.0,931.0,3780.0,3609.0,5016.0,73.0,4297.0,6599.0,2103,302.2420235699914,16822,2417.648749640701,9897.0,6958.0,2939.0,31229.0,11129.0,7782.0,942.0,11,90,46,4637,22272,9282.0,0,1,77,216.0,380,84,3845,0,0,0,0.0,0,0,0,0.0,0,0,0,0,0,0,0.0,0,0,0,0.0,0,0,0,0,0,0,0.0,0,0,0,0.0,0,0,0,46,4637,0,84,3845,1.0
examples/regalloc/121-instcombine-irbuilderbase-createurem-n12-d16.pbqp,12,41,5000,dense,16612.0,9051.0,9238.0,16260.0,20348.0,8020.0,0.0,0.0,0.0,0.0,9688.0,0.0,19093.0,9598.0,9785.0,17686.0,23247.0,992.0,10345.0,3634.0,5766.0,56.0,9797.0,0.0,13785.0,9558.0,9745.0,13541.0,15697.0,909.0,3730.0,3534.0,5111.0,45.0,9541.0,0.0,10160.0,6836.0,7023.0,9930.0,11579.0,948.0,3889.0,3549.0,4763.0,47.0,7002.0,0.0,12819.0,8664.0,8851.0,12124.0,17606.0,939.0,3903.0,3750.0,5196.0,44.0,4428.0,6793.0,2103,307.63604447045054,16822,2460.795787009947,10160.0,6836.0,3324.0,29711.0,10749.0,7210.0,909.0,11,90,46,4637,22272,9213.0,0,1,77,236.0,380,84,3845,0,0,0,0.0,0,0,0,0.0,0,0,0,0,0,0,0.0,0,0,0,0.0,0,0,0,0,0,0,0.0,0,0,0,0.0,0,0,0,46,4637,0,84,3845,1.0
examples/regalloc/122-instcombine-irbuilderbase-createzext-n13-d16.pbqp,13,54,6000,dense,23342.0,11133.0,11337.0,21742.0,31705.0,10680.0,0.0,0.0,0.0,0.0,11222.0,0.0,25603.0,11811.0,12015.0,24667.0,32246.0,1013.0,11896.0,3954.0,6275.0,55.0,11259.0,0.0,15374.0,10598.0,10802.0,15051.0,17964.0,1068.0,4657.0,4255.0,6988.0,71.0,11608.0,0.0,12353.0,8084.0,8288.0,12010.0,15548.0,1027.0,4513.0,4106.0,5912.0,68.0,8576.0,0.0,15723.0,10844.0,11048.0,15408.0,19329.0,987.0,4369.0,4036.0,6090.0,61.0,5254.0,8634.0,2575,318.53043047996044,20619,2550.5937654626423,12353.0,8084.0,4269.0,36423.0,13364.0,8603.0,1136.0,12,116,59,5624,27148,11178.0,0,1,77,259.0,380,84,4832,0,0,0,0.0,0,0,0,0.0,0,0,0,0,0,0,0.0,0,0,0,0.0,0,0,0,0,0,0,0.0,0,0,0,0.0,0,0,0,59,5624,0,84,4832,1.0
examples/regalloc/123-instcombine-irbuilderbase-createfpext-n7-d16.pbqp,7,10,0,dense,7770.0,6179.0,6247.0,7648.0,8534.0,1686.0,0.0,0.0,0.0,0.0,6047.0,0.0,7995.0,6341.0,6413.0,7775.0,10047.0,526.0,1058.0,871.0,1736.0,35.0,6237.0,0.0,7322.0,6027.0,6095.0,7191.0,7766.0,559.0,999.0,846.0,1747.0,33.0,5801.0,0.0,4836.0,3394.0,3462.0,4727.0,5052.0,539.0,1030.0,884.0,1671.0,30.0,3563.0,0.0,4495.0,2864.0,2932.0,4446.0,5261.0,539.0,1131.0,921.0,1644.0,35.0,1512.0,1897.0,1149,338.53859752504417,9127,2689.1573364761343,4836.0,3394.0,1442.0,16509.0,5858.0,3789.0,497.0,4,35,19,2784,12984,2860.0,0,1,110,203.0,524,143,1484,0,0,0,0.0,0,0,0,0.0,0,0,0,0,0,0,0.0,0,0,0,0.0,0,0,0,0,0,0,0.0,0,0,0,0.0,0,0,0,19,2784,0,143,1484,1.0
examples/regalloc/124-instcombine-irbuilderbase-createisneg-n5-d16.pbqp,5,9,3000,dense,4156.0,2966.0,3034.0,4037.0,4526.0,1186.0,0.0,0.0,0.0,0.0,3024.0,0.0,4145.0,2841.0,2909.0,4071.0,4627.0,403.0,766.0,576.0,1386.0,54.0,3050.0,0.0,3913.0,2861.0,2925.0,3858.0,4190.0,424.0,764.0,521.0,1521.0,29.0,2837.0,0.0,3172.0,2126.0,2194.0,3065.0,3533.0,435.0,722.0,548.0,1344.0,32.0,2171.0,0.0,2873.0,1749.0,1817.0,2779.0,3511.0,455.0,753.0,561.0,1415.0,55.0,1105.0,1118.0,623,293.03857008466605,4944,2325.49388523048,3172.0,2126.0,1046.0,14654.0,4572.0,3634.0,497.0,4,32,13,1162,5676,1742.0,0,0,0,0.0,0,49,616,0,0,0,0.0,0,0,0,0.0,0,0,0,1,91,444,215.0,13,1,91,215.0,444,0,91,0,0,0,0.0,0,0,0,0.0,0,0,0,14,1253,13,49,707,0.9896249002394254
examples/regalloc/125-instcombine-irbuilderbase-createnuwadd-n12-d16.pbqp,12,41,5000,dense,18157.0,9083.0,9270.0,16307.0,22253.0,7745.0,0.0,0.0,0.0,0.0,9732.0,0.0,21532.0,8918.0,9105.0,17805.0,25119.0,879.0,9005.0,3529.0,5184.0,43.0,9128.0,0.0,12757.0,8923.0,9099.0,12112.0,16840.0,967.0,3836.0,3689.0,5126.0,45.0,9708.0,0.0,9670.0,6192.0,6379.0,9276.0,13533.0,912.0,3722.0,3401.0,4607.0,44.0,6652.0,0.0,13182.0,8746.0,8933.0,11898.0,14192.0,927.0,3797.0,3612.0,5050.0,44.0,4418.0,6337.0,2080,335.9173126614987,16629,2685.562015503876,9670.0,6192.0,3478.0,29394.0,10678.0,7482.0,918.0,11,90,46,4549,21880,8783.0,0,1,77,265.0,380,84,3757,0,0,0,0.0,0,0,0,0.0,0,0,0,0,0,0,0.0,0,0,0,0.0,0,0,0,0,0,0,0.0,0,0,0,0.0,0,0,0,46,4549,0,84,3757,1.0
examples/regalloc/126-instcombine-irbuilderbase-createfaddfmf-n16-d16.pbqp,16,66,16003,dense,31151.0,12967.0,13233.0,29616.0,37198.0,16828.0,0.0,0.0,0.0,0.0,13487.0,0.0,32206.0,13096.0,13334.0,31084.0,38423.0,1840.0,26215.0,7003.0,10875.0,121.0,18814.0,0.0,18776.0,12887.0,13125.0,18611.0,21339.0,1382.0,6401.0,5677.0,8328.0,69.0,13661.0,0.0,14976.0,9682.0,9934.0,14691.0,19553.0,1315.0,6473.0,5740.0,7024.0,73.0,10147.0,0.0,23364.0,14756.0,14994.0,22626.0,26420.0,1387.0,6751.0,6250.0,8587.0,57.0,7337.0,11754.0,3060,316.0504028093369,24434,2523.652137988019,14976.0,9682.0,5294.0,42059.0,15205.0,10597.0,1091.0,14,145,76,6527,31800,14233.0,0,1,84,278.0,412,132,5680,0,0,0,0.0,0,0,0,0.0,0,0,0,0,0,0,0.0,0,0,0,0.0,0,0,0,0,0,0,0.0,0,0,0,0.0,0,0,0,76,6527,0,132,5680,1.0
examples/regalloc/127-instcombine-irbuilderbase-createfdivfmf-n16-d16.pbqp,16,66,16003,dense,30332.0,13095.0,13333.0,28479.0,36378.0,17032.0,0.0,0.0,0.0,0.0,13474.0,0.0,33660.0,13241.0,13479.0,31563.0,38550.0,1793.0,27036.0,6910.0,11548.0,126.0,17689.0,0.0,19686.0,13543.0,13781.0,19312.0,22098.0,1319.0,6254.0,5743.0,7926.0,86.0,13353.0,0.0,14554.0,9495.0,9733.0,14213.0,19602.0,1342.0,6398.0,5947.0,7386.0,44.0,10248.0,0.0,20995.0,14474.0,14712.0,20481.0,25484.0,1285.0,6281.0,5844.0,7773.0,53.0,6717.0,11109.0,3060,322.2748815165877,24434,2573.3543970510796,14554.0,9495.0,5059.0,46124.0,15558.0,11358.0,1202.0,14,145,76,6527,31800,15154.0,0,1,84,284.0,412,132,5680,0,0,0,0.0,0,0,0,0.0,0,0,0,0,0,0,0.0,0,0,0,0.0,0,0,0,0,0,0,0.0,0,0,0,0.0,0,0,0,76,6527,0,132,5680,1.0
examples/regalloc/128-instcombine-irbuilderbase-createfmulfmf-n16-d16.pbqp,16,66,16003,dense,44039.0,17490.0,17770.0,39606.0,77894.0,18581.0,0.0,0.0,0.0,0.0,14238.0,0.0,32544.0,12872.0,13110.0,29884.0,39879.0,1284.0,18278.0,5936.0,7969.0,62.0,12972.0,0.0,19242.0,12645.0,12883.0,18992.0,23453.0,1259.0,5950.0,5403.0,7437.0,73.0,12809.0,0.0,15184.0,9461.0,9699.0,14643.0,17313.0,1289.0,6386.0,5883.0,7484.0,68.0,10105.0,0.0,21658.0,14022.0,14260.0,19082.0,25442.0,1320.0,6312.0,5837.0,7685.0,56.0,6727.0,11144.0,3060,323.4330409047669,24434,2582.602261917345,15184.0,9461.0,5723.0,45107.0,15681.0,11204.0,1204.0,14,145,76,6527,31800,15562.0,0,1,84,303.0,412,132,5680,0,0,0,0.0,0,0,0,0.0,0,0,0,0,0,0,0.0,0,0,0,0.0,0,0,0,0,0,0,0.0,0,0,0,0.0,0,0,0,76,6527,0,132,5680,1.0
examples/regalloc/129-instcombine-irbuilderbase-createfnegfmf-n14-d16.pbqp,14,56,6000,dense,28168.0,12419.0,12640.0,24930.0,32797.0,13012.0,0.0,0.0,0.0,0.0,12880.0,0.0,27428.0,12552.0,12773.0,25849.0,32039.0,1140.0,14161.0,5097.0,7190.0,62.0,13102.0,0.0,18672.0,12801.0,13022.0,18181.0,20360.0,1136.0,5133.0,4746.0,6946.0,49.0,12781.0,0.0,14128.0,9419.0,9640.0,13924.0,16310.0,1238.0,5309.0,4690.0,6687.0,66.0,9478.0,0.0,18599.0,12017.0,12238.0,16739.0,20787.0,1134.0,5136.0,4791.0,6462.0,49.0,5849.0,9431.0,2848,302.3675549421382,22479,2386.5590827051706,14128.0,9419.0,4709.0,40865.0,14694.0,11001.0,1300.0,13,126,67,6167,29892,13187.0,0,1,91,319.0,444,156,5159,0,0,0,0.0,0,0,0,0.0,0,0,0,0,0,0,0.0,0,0,0,0.0,0,0,0,0,0,0,0.0,0,0,0,0.0,0,0,0,67,6167,0,156,5159,1.0
examples/regalloc/130-instcombine-irbuilderbase-createfptrunc-n7-d16.pbqp,7,10,0,dense,7679.0,6074.0,6142.0,7478.0,8378.0,1725.0,0.0,0.0,0.0,0.0,6056.0,0.0,8613.0,5792.0,5860.0,7695.0,9633.0,533.0,1233.0,845.0,1967.0,33.0,5835.0,0.0,7428.0,5870.0,5938.0,7167.0,8389.0,538.0,1076.0,866.0,1822.0,59.0,6030.0,0.0,5055.0,3564.0,3632.0,4985.0,5527.0,523.0,1032.0,858.0,1757.0,34.0,3541.0,0.0,4382.0,2920.0,2988.0,4091.0,5244.0,516.0,1013.0,799.0,1810.0,34.0,1476.0,1822.0,1149,322.3905723905724,9127,2560.8866442199774,5055.0,3564.0,1491.0,17639.0,6179.0,4144.0,575.0,4,35,19,2784,12984,2839.0,0,1,110,204.0,524,143,1484,0,0,0,0.0,0,0,0,0.0,0,0,0,0,0,0,0.0,0,0,0,0.0,0,0,0,0,0,0,0.0,0,0,0,0.0,0,0,0,19,2784,0,143,1484,1.0
examples/regalloc/131-instcombine-irbuilderbase-createfsubfmf-n16-d16.pbqp,16,66,16003,dense,32948.0,13330.0,13568.0,30880.0,37638.0,18766.0,0.0,0.0,0.0,0.0,14155.0,0.0,33123.0,13465.0,13703.0,31520.0,37795.0,1568.0,27773.0,7284.0,11638.0,99.0,19674.0,0.0,19288.0,12885.0,13123.0,18536.0,23316.0,1317.0,6185.0,5695.0,8085.0,51.0,13378.0,0.0,16047.0,10159.0,10397.0,15618.0,21757.0,1299.0,6237.0,5703.0,7420.0,68.0,10149.0,0.0,21698.0,14355.0,14593.0,20356.0,24586.0,1331.0,6258.0,5854.0,7944.0,77.0,6817.0,11090.0,3060,301.2107490894773,24434,2405.157987990944,16047.0,10159.0,5888.0,42864.0,14978.0,10883.0,1169.0,14,145,76,6527,31800,15992.0,0,1,84,303.0,412,132,5680,0,0,0,0.0,0,0,0,0.0,0,0,0,0,0,0,0.0,0,0,0,0.0,0,0,0,0,0,0,0.0,0,0,0,0.0,0,0,0,76,6527,0,132,5680,1.0
examples/regalloc/132-instcombine-irbuilderbase-createbinopfmf-n16-d16.pbqp,16,66,16002,dense,34699.0,21677.0,21932.0,32909.0,38059.0,25537.0,0.0,0.0,0.0,0.0,16358.0,0.0,36715.0,13650.0,13905.0,33044.0,41293.0,1406.0,20725.0,6361.0,9120.0,74.0,14400.0,0.0,26253.0,13841.0,14096.0,22928.0,33227.0,1327.0,6525.0,6001.0,8042.0,53.0,14383.0,0.0,16153.0,9849.0,10104.0,15934.0,18134.0,1272.0,6289.0,5927.0,7709.0,63.0,10311.0,0.0,25522.0,14372.0,14627.0,21328.0,28281.0,1380.0,6499.0,6241.0,8497.0,81.0,6980.0,10859.0,3331,338.20692456086914,27224,2764.1384912173826,16153.0,9849.0,6304.0,46202.0,15852.0,11036.0,1284.0,15,154,79,6838,33352,21617.0,0,0,0,0.0,0,112,5578,0,0,0,0.0,0,0,0,0.0,0,0,0,1,192,880,755.0,12,1,192,755.0,880,0,192,0,0,0,0.0,0,0,0,0.0,0,0,0,80,7030,12,112,5770,0.9982930298719772
examples/regalloc/133-instcombine-irbuilderbase-createisnotneg-n5-d16.pbqp,5,9,3000,dense,3890.0,2865.0,2933.0,3812.0,4128.0,1149.0,0.0,0.0,0.0,0.0,2928.0,0.0,4144.0,2909.0,2977.0,4083.0,4792.0,433.0,780.0,553.0,1281.0,26.0,2834.0,0.0,4126.0,3092.0,3160.0,4076.0,4433.0,440.0,782.0,565.0,1545.0,32.0,3200.0,0.0,3217.0,1983.0,2051.0,3044.0,4185.0,419.0,727.0,539.0,1330.0,30.0,2109.0,0.0,2806.0,1769.0,1837.0,2703.0,3147.0,408.0,737.0,542.0,1295.0,57.0,1129.0,1111.0,623,314.1704488149269,4944,2493.192133131619,3217.0,1983.0,1234.0,14245.0,4858.0,3478.0,466.0,4,32,13,1162,5676,1603.0,0,0,0,0.0,0,49,616,0,0,0,0.0,0,0,0,0.0,0,0,0,1,91,444,195.0,13,1,91,195.0,444,0,91,0,0,0,0.0,0,0,0,0.0,0,0,0,14,1253,13,49,707,0.9896249002394254
examples/regalloc/134-instcombine-irbuilderbase-createisnotnull-n5-d16.pbqp,5,9,3000,dense,3886.0,2767.0,2835.0,3763.0,4017.0,1164.0,0.0,0.0,0.0,0.0,2790.0,0.0,4012.0,2863.0,2927.0,3909.0,4854.0,408.0,738.0,556.0,1379.0,32.0,2978.0,0.0,3951.0,2847.0,2915.0,3871.0,4218.0,412.0,779.0,543.0,1415.0,58.0,2982.0,0.0,3090.0,1899.0,1967.0,2976.0,3775.0,406.0,698.0,546.0,1267.0,30.0,2030.0,0.0,2853.0,1819.0,1887.0,2771.0,3308.0,429.0,791.0,557.0,1429.0,58.0,1140.0,1123.0,623,328.06740389678777,4944,2603.47551342812,3090.0,1899.0,1191.0,14138.0,4507.0,3599.0,491.0,4,32,13,1162,5676,1611.0,0,0,0,0.0,0,49,616,0,0,0,0.0,0,0,0,0.0,0,0,0,1,91,444,216.0,13,1,91,216.0,444,0,91,0,0,0,0.0,0,0,0,0.0,0,0,0,14,1253,13,49,707,0.9896249002394254
examples/regalloc/135-instcombine-irbuilderbase-createdisjointor-n12-d16.pbqp,12,41,5000,dense,17860.0,9581.0,9768.0,17374.0,24922.0,8008.0,0.0,0.0,0.0,0.0,9540.0,0.0,18133.0,9176.0,9363.0,17276.0,21902.0,908.0,9514.0,3493.0,5017.0,43.0,9714.0,0.0,13045.0,9114.0,9290.0,12693.0,14798.0,889.0,3785.0,3517.0,4978.0,42.0,9374.0,0.0,9598.0,6430.0,6617.0,9394.0,11408.0,881.0,3727.0,3562.0,4757.0,52.0,6657.0,0.0,12248.0,8792.0,8979.0,11726.0,16093.0,972.0,3811.0,3614.0,5149.0,80.0,4243.0,6495.0,2103,327.0606531881804,16822,2616.1741835147745,9598.0,6430.0,3168.0,33159.0,11510.0,9506.0,1014.0,11,90,46,4637,22272,9154.0,0,1,77,239.0,380,84,3845,0,0,0,0.0,0,0,0,0.0,0,0,0,0,0,0,0.0,0,0,0,0.0,0,0,0,0,0,0,0.0,0,0,0,0.0,0,0,0,46,4637,0,84,3845,1.0
examples/regalloc/136-instcombine-irbuilderbase-createzextortrunc-n26-d16.pbqp,26,106,7000,dense,103176.0,26800.0,27225.0,99540.0,119197.0,71394.0,0.0,0.0,0.0,0.0,26734.0,0.0,114921.0,26221.0,26646.0,105601.0,163378.0,2420.0,67391.0,16037.0,17383.0,99.0,26009.0,0.0,42062.0,23197.0,23622.0,37401.0,45132.0,2279.0,14476.0,15536.0,16286.0,66.0,23758.0,0.0,31818.0,17863.0,18288.0,30080.0,38672.0,2350.0,14964.0,15335.0,15564.0,108.0,18168.0,0.0,42935.0,27591.0,28016.0,42159.0,46315.0,2544.0,15194.0,16190.0,17946.0,111.0,11701.0,21126.0,5574,312.0416503386889,46136,2582.768851816604,31818.0,17863.0,13955.0,65817.0,23653.0,15839.0,1863.0,25,229,116,12149,58316,27633.0,0,1,132,327.0,620,156,10576,0,0,0,0.0,0,0,0,0.0,0,0,0,0,0,0,0.0,0,0,0,0.0,0,0,0,0,0,0,0.0,0,0,0,0.0,0,0,0,116,12149,0,156,10576,1.0
examples/regalloc/137-instcombine-irbuilderbase-createadd-n14-d16.pbqp,14,66,16005,dense,36357.0,13180.0,13401.0,31765.0,46611.0,14604.0,0.0,0.0,0.0,0.0,13186.0,0.0,33738.0,14119.0,14340.0,31231.0,44209.0,1187.0,17659.0,5031.0,8301.0,84.0,13966.0,0.0,19838.0,12938.0,13159.0,18834.0,23528.0,1145.0,5465.0,4932.0,7601.0,47.0,13606.0,0.0,14516.0,9404.0,9625.0,14192.0,17344.0,1136.0,5255.0,4756.0,7330.0,48.0,9954.0,0.0,21682.0,14181.0,14402.0,21393.0,24860.0,1148.0,5382.0,4864.0,7766.0,52.0,6727.0,11015.0,2969,315.71671629094004,23856,2536.7928541046363,14516.0,9404.0,5112.0,40710.0,14466.0,10516.0,1239.0,13,140,71,6362,30868,22511.0,0,1,77,297.0,380,84,5570,0,0,0,0.0,0,0,0,0.0,0,0,0,0,0,0,0.0,0,0,0,0.0,0,0,0,0,0,0,0.0,0,0,0,0.0,0,0,0,71,6362,0,84,5570,1.0
examples/regalloc/138-instcombine-irbuilderbase-createand-n12-d16.pbqp,12,41,5000,dense,19625.0,9721.0,9908.0,17900.0,24425.0,7560.0,0.0,0.0,0.0,0.0,9516.0,0.0,21329.0,9905.0,10114.0,18802.0,25018.0,890.0,9542.0,3536.0,5337.0,42.0,10005.0,0.0,13811.0,9575.0,9762.0,12871.0,16123.0,946.0,3835.0,3539.0,4668.0,62.0,9784.0,0.0,9919.0,6880.0,7067.0,9651.0,10529.0,933.0,3738.0,3502.0,4777.0,42.0,6898.0,0.0,13033.0,8539.0,8726.0,11942.0,16022.0,934.0,3828.0,3642.0,4823.0,70.0,4203.0,6800.0,2103,305.6686046511628,16822,2445.0581395348836,9919.0,6880.0,3039.0,29653.0,10694.0,7135.0,891.0,11,90,46,4637,22272,8625.0,0,1,77,203.0,380,84,3845,0,0,0,0.0,0,0,0,0.0,0,0,0,0,0,0,0.0,0,0,0,0.0,0,0,0,0,0,0,0.0,0,0,0,0.0,0,0,0,46,4637,0,84,3845,1.0
examples/regalloc/139-instcombine-irbuilderbase-createmul-n14-d16.pbqp,14,66,16005,dense,34253.0,12655.0,12876.0,28090.0,37612.0,14576.0,0.0,0.0,0.0,0.0,13280.0,0.0,33029.0,13370.0,13591.0,30210.0,40093.0,1093.0,15839.0,4591.0,7588.0,46.0,13047.0,0.0,18122.0,12091.0,12338.0,17541.0,20573.0,1186.0,5127.0,4542.0,8071.0,63.0,12577.0,0.0,15116.0,10190.0,10411.0,14938.0,17910.0,1137.0,5305.0,4720.0,7055.0,68.0,9849.0,0.0,23177.0,15098.0,15319.0,20344.0,51739.0,1117.0,5188.0,4665.0,7211.0,79.0,6580.0,10740.0,2969,291.3640824337586,23856,2341.1187438665356,15116.0,10190.0,4926.0,39544.0,14462.0,10240.0,1058.0,13,140,71,6362,30868,15075.0,0,1,77,292.0,380,84,5570,0,0,0,0.0,0,0,0,0.0,0,0,0,0,0,0,0.0,0,0,0,0.0,0,0,0,0,0,0,0.0,0,0,0,0.0,0,0,0,71,6362,0,84,5570,1.0
examples/regalloc/140-instcombine-irbuilderbase-createneg-n14-d16.pbqp,14,57,6000,dense,27423.0,11751.0,11972.0,24338.0,35236.0,12741.0,0.0,0.0,0.0,0.0,12023.0,0.0,26795.0,11769.0,11990.0,25667.0,32942.0,1084.0,14236.0,4777.0,7234.0,44.0,11882.0,0.0,16945.0,11669.0,11890.0,16581.0,18685.0,1111.0,5101.0,4751.0,6713.0,64.0,12184.0,0.0,14007.0,8906.0,9127.0,13449.0,19308.0,1115.0,5116.0,4664.0,6132.0,47.0,9138.0,0.0,16703.0,11590.0,11811.0,16165.0,19746.0,1118.0,5108.0,4659.0,6633.0,71.0,5554.0,9091.0,2726,306.08578486413654,22005,2470.8061980687175,14007.0,8906.0,5101.0,39237.0,13679.0,9734.0,1245.0,13,122,62,5879,28408,12666.0,0,1,77,235.0,380,84,5087,0,0,0,0.0,0,0,0,0.0,0,0,0,0,0,0,0.0,0,0,0,0.0,0,0,0,0,0,0,0.0,0,0,0,0.0,0,0,0,62,5879,0,84,5087,1.0
examples/regalloc/141-instcombine-irbuilderbase-createnot-n13-d16.pbqp,13,44,5000,dense,19661.0,10035.0,10239.0,19104.0,25255.0,9939.0,0.0,0.0,0.0,0.0,10656.0,0.0,20050.0,10151.0,10355.0,19712.0,24733.0,975.0,11046.0,4155.0,5594.0,71.0,10668.0,0.0,13909.0,10016.0,10220.0,13807.0,15963.0,1023.0,4491.0,4271.0,5836.0,70.0,10775.0,0.0,10494.0,6936.0,7140.0,10214.0,12475.0,1058.0,4353.0,4068.0,5577.0,42.0,7464.0,0.0,13618.0,9096.0,9300.0,12708.0,16429.0,971.0,4151.0,3946.0,5085.0,77.0,4168.0,6685.0,2265,326.55709342560556,18225,2627.5951557093426,10494.0,6936.0,3558.0,30940.0,11219.0,7425.0,959.0,12,96,49,4973,23892,9495.0,0,1,77,245.0,380,84,4181,0,0,0,0.0,0,0,0,0.0,0,0,0,0,0,0,0.0,0,0,0,0.0,0,0,0,0,0,0,0.0,0,0,0,0.0,0,0,0,49,4973,0,84,4181,1.0
examples/regalloc/142-instcombine-irbuilderbase-createshl-n14-d16.pbqp,14,66,16005,dense,29558.0,13177.0,13398.0,28025.0,38724.0,14149.0,0.0,0.0,0.0,0.0,13030.0,0.0,32763.0,13503.0,13724.0,30616.0,38960.0,1320.0,16634.0,4826.0,8214.0,93.0,13911.0,0.0,19909.0,12313.0,12534.0,17653.0,24108.0,1162.0,5416.0,4793.0,8253.0,67.0,13217.0,0.0,16008.0,9679.0,9900.0,15054.0,19520.0,1128.0,5291.0,4707.0,7411.0,75.0,9947.0,0.0,19929.0,12945.0,13166.0,18404.0,23685.0,1129.0,5225.0,4760.0,7532.0,80.0,6387.0,10702.0,2969,306.74656472776115,23856,2464.717429486517,16008.0,9679.0,6329.0,42079.0,14691.0,11624.0,1265.0,13,140,71,6362,30868,13729.0,0,1,77,247.0,380,84,5570,0,0,0,0.0,0,0,0,0.0,0,0,0,0,0,0,0.0,0,0,0,0.0,0,0,0,0,0,0,0.0,0,0,0,0.0,0,0,0,71,6362,0,84,5570,1.0
examples/regalloc/143-instcombine-irbuilderbase-createshl-n8-d16.pbqp,8,26,5000,dense,8748.0,5792.0,5911.0,8676.0,10194.0,3212.0,0.0,0.0,0.0,0.0,5748.0,0.0,9824.0,5815.0,5934.0,9637.0,10412.0,610.0,3078.0,1474.0,3269.0,65.0,6026.0,0.0,8409.0,6102.0,6221.0,8303.0,9019.0,614.0,1995.0,1556.0,2966.0,61.0,6229.0,0.0,6270.0,4222.0,4341.0,6158.0,7179.0,590.0,1884.0,1515.0,2960.0,43.0,4506.0,0.0,7195.0,4832.0,4951.0,7152.0,8212.0,643.0,1939.0,1604.0,3013.0,59.0,2727.0,3434.0,1365,323.3064898152534,10955,2594.7418285172903,6270.0,4222.0,2048.0,24883.0,9783.0,6118.0,772.0,7,69,30,2765,13444,4932.0,0,0,0,0.0,0,49,2093,0,0,0,0.0,0,0,0,0.0,0,0,0,1,112,540,270.0,16,1,112,270.0,540,0,112,0,0,0,0.0,0,0,0,0.0,0,0,0,31,2877,16,49,2205,0.994438651372958
examples/regalloc/144-instcombine-irbuilderbase-createsub-n14-d16.pbqp,14,66,16005,dense,30086.0,13897.0,14118.0,29298.0,37364.0,15567.0,0.0,0.0,0.0,0.0,13689.0,0.0,38531.0,13459.0,13680.0,30785.0,43394.0,1170.0,16662.0,4883.0,8675.0,98.0,13271.0,0.0,18017.0,12784.0,12992.0,17257.0,18341.0,1112.0,5292.0,4757.0,7264.0,41.0,12820.0,0.0,14927.0,9659.0,9880.0,14378.0,20566.0,1200.0,5370.0,4862.0,7732.0,66.0,9967.0,0.0,21068.0,13692.0,13913.0,19155.0,25299.0,1226.0,5407.0,4906.0,8183.0,73.0,6758.0,11169.0,2969,307.38171653380266,23856,2469.8208924319288,14927.0,9659.0,5268.0,41682.0,14881.0,11379.0,1230.0,13,140,71,6362,30868,15169.0,0,1,77,262.0,380,84,5570,0,0,0,0.0,0,0,0,0.0,0,0,0,0,0,0,0.0,0,0,0,0.0,0,0,0,0,0,0,0.0,0,0,0,0.0,0,0,0,71,6362,0,84,5570,1.0
examples/regalloc/145-instcombine-irbuilderbase-createxor-n12-d16.pbqp,12,41,5000,dense,16755.0,8893.0,9080.0,16192.0,22934.0,8046.0,0.0,0.0,0.0,0.0,9622.0,0.0,18683.0,9130.0,9317.0,17084.0,25472.0,890.0,8817.0,3421.0,5077.0,71.0,9326.0,0.0,13335.0,9369.0,9556.0,13246.0,15460.0,908.0,3776.0,3534.0,5344.0,75.0,9534.0,0.0,9765.0,6571.0,6758.0,9557.0,13429.0,947.0,3917.0,3686.0,4979.0,47.0,7146.0,0.0,12770.0,8734.0,8910.0,12071.0,17442.0,909.0,3821.0,3539.0,5141.0,43.0,4110.0,6462.0,2103,320.0426114746614,16822,2560.0365241211384,9765.0,6571.0,3194.0,31021.0,11571.0,7774.0,949.0,11,90,46,4637,22272,8708.0,0,1,77,238.0,380,84,3845,0,0,0,0.0,0,0,0,0.0,0,0,0,0,0,0,0.0,0,0,0,0.0,0,0,0,0,0,0,0.0,0,0,0,0.0,0,0,0,46,4637,0,84,3845,1.0
examples/regalloc/146-instcombine-unaryoperator-createfnegfmf-n6-d15.pbqp,6,11,2000,dense,9354.0,7460.0,7545.0,9220.0,10193.0,1929.0,0.0,0.0,0.0,0.0,7333.0,0.0,9420.0,7259.0,7344.0,8960.0,10630.0,431.0,1005.0,669.0,2022.0,48.0,7243.0,0.0,9964.0,7741.0,7831.0,9352.0,12868.0,513.0,956.0,733.0,2167.0,45.0,7889.0,0.0,6112.0,4423.0,4508.0,5905.0,6835.0,508.0,977.0,724.0,1999.0,34.0,4408.0,0.0,4611.0,2903.0,2993.0,4404.0,5814.0,518.0,1064.0,771.0,2370.0,60.0,1913.0,1820.0,1352,305.6748813022835,10395,2350.2147863441105,6112.0,4423.0,1689.0,22422.0,7695.0,6147.0,608.0,5,46,22,3352,15580,3198.0,0,1,156,291.0,724,182,1336,0,0,0,0.0,0,0,0,0.0,0,0,0,0,0,0,0.0,0,0,0,0.0,0,0,0,0,0,0,0.0,0,0,0,0.0,0,0,0,22,3352,0,182,1336,1.0
examples/regalloc/147-instcombine-binaryoperator-createfaddfmf-n5-d15.pbqp,5,7,2000,dense,6453.0,4696.0,4772.0,5800.0,6890.0,1485.0,0.0,0.0,0.0,0.0,4663.0,0.0,5363.0,4313.0,4381.0,5312.0,5838.0,398.0,582.0,445.0,1284.0,32.0,4404.0,0.0,5185.0,4130.0,4198.0,5086.0,5839.0,393.0,581.0,410.0,1272.0,29.0,4206.0,0.0,3561.0,2581.0,2645.0,3529.0,4340.0,396.0,566.0,416.0,1315.0,27.0,2618.0,0.0,2876.0,1856.0,1924.0,2773.0,3497.0,398.0,567.0,413.0,1326.0,27.0,1231.0,918.0,885,342.89035257652074,6182,2395.195660596668,3561.0,2581.0,980.0,17117.0,6323.0,4235.0,610.0,4,39,18,1924,9240,1895.0,0,1,91,186.0,444,182,748,0,0,0,0.0,0,0,0,0.0,0,0,0,0,0,0,0.0,0,0,0,0.0,0,0,0,0,0,0,0.0,0,0,0,0.0,0,0,0,18,1924,0,182,748,1.0
examples/regalloc/148-instcombine-binaryoperator-createfmulfmf-n5-d15.pbqp,5,7,2000,dense,8036.0,5532.0,5612.0,7888.0,8825.0,1322.0,0.0,0.0,0.0,0.0,4758.0,0.0,5274.0,4178.0,4242.0,5144.0,5745.0,383.0,545.0,421.0,1233.0,31.0,4242.0,0.0,5612.0,4374.0,4442.0,5410.0,6203.0,414.0,623.0,451.0,1365.0,54.0,4382.0,0.0,3813.0,2630.0,2698.0,3685.0,4644.0,417.0,679.0,436.0,1613.0,29.0,2697.0,0.0,3175.0,1977.0,2045.0,2950.0,3636.0,416.0,606.0,445.0,1349.0,31.0,1296.0,1054.0,885,336.5019011406844,6182,2350.5703422053234,3813.0,2630.0,1183.0,16391.0,6195.0,4098.0,540.0,4,39,18,1924,9240,2106.0,0,1,91,225.0,444,182,748,0,0,0,0.0,0,0,0,0.0,0,0,0,0,0,0,0.0,0,0,0,0.0,0,0,0,0,0,0,0.0,0,0,0,0.0,0,0,0,18,1924,0,182,748,1.0
examples/regalloc/149-instcombine-binaryoperator-createfsubfmf-n5-d15.pbqp,5,7,2000,dense,5401.0,4318.0,4386.0,5343.0,6119.0,1243.0,0.0,0.0,0.0,0.0,4229.0,0.0,5347.0,4153.0,4221.0,5163.0,5745.0,409.0,592.0,438.0,1304.0,55.0,4254.0,0.0,5627.0,4371.0,4439.0,5261.0,8135.0,422.0,612.0,445.0,1437.0,32.0,4392.0,0.0,3471.0,2507.0,2571.0,3380.0,3874.0,395.0,581.0,411.0,1230.0,27.0,2572.0,0.0,3743.0,2501.0,2581.0,3628.0,4408.0,469.0,665.0,516.0,1400.0,27.0,1497.0,1196.0,885,353.01156761069007,6182,2465.895492620662,3471.0,2507.0,964.0,16971.0,6027.0,4279.0,510.0,4,39,18,1924,9240,2309.0,0,1,91,250.0,444,182,748,0,0,0,0.0,0,0,0,0.0,0,0,0,0,0,0,0.0,0,0,0,0.0,0,0,0,0,0,0,0.0,0,0,0,0.0,0,0,0,18,1924,0,182,748,1.0
examples/regalloc/150-instcombine-fpmathoperator-classof-n22-d16.pbqp,22,54,2000,dense,55935.0,31805.0,32162.0,53513.0,75597.0,21525.0,0.0,0.0,0.0,0.0,31528.0,0.0,55602.0,31353.0,31710.0,53905.0,63159.0,1761.0,21974.0,7766.0,10142.0,98.0,31835.0,0.0,41556.0,31695.0,32052.0,40068.0,44815.0,1762.0,8135.0,7630.0,10356.0,130.0,33778.0,0.0,27063.0,16195.0,16552.0,23239.0,31830.0,1677.0,7677.0,7168.0,8170.0,90.0,16270.0,0.0,27243.0,16186.0,16543.0,24407.0,30874.0,1765.0,8175.0,7296.0,9478.0,87.0,7703.0,11409.0,5219,322.259956776783,39683,2450.324174127817,27063.0,16195.0,10868.0,53871.0,20658.0,12658.0,1511.0,21,153,82,13150,61060,16788.0,0,4,371,967.0,1808,554,8122,0,0,0,0.0,0,0,0,0.0,0,0,0,0,0,0,0.0,0,0,0,0.0,0,0,0,0,0,0,0.0,0,0,0,0.0,0,0,0,82,13150,0,554,8122,1.0
examples/regalloc/151-instcombine-instcombinerimpl-folddivceil-n79-d16.pbqp,79,317,29001,dense,1219841.0,102517.0,103843.0,1190789.0,1257302.0,1172887.0,0.0,0.0,0.0,0.0,107449.0,0.0,1281860.0,101709.0,103035.0,1209831.0,1512118.0,11615.0,1068666.0,112423.0,96495.0,299.0,102136.0,0.0,200112.0,91642.0,92968.0,193331.0,213724.0,11746.0,102927.0,108643.0,91310.0,212.0,92902.0,0.0,178616.0,68468.0,69794.0,173058.0,189892.0,11403.0,104550.0,111140.0,89157.0,242.0,70500.0,0.0,211288.0,95059.0,96385.0,204468.0,224088.0,11622.0,103653.0,110141.0,89584.0,272.0,41345.0,65525.0,17491,255.46240579540807,141664,2069.0541566863353,178616.0,68468.0,110148.0,174364.0,63479.0,43612.0,5127.0,78,675,375,38466,185160,97573.0,0,9,490,1184.0,2492,1134,31200,0,0,0,0.0,0,0,0,0.0,0,0,0,2,98,504,592.0,14,2,98,592.0,504,0,98,0,0,0,0.0,0,0,0,0.0,0,0,0,377,38564,14,1134,31298,0.9996369671195934
examples/regalloc/152-instcombine-instcombinerimpl-foldsquaresumfp-n18-d16.pbqp,18,51,8000,dense,35046.0,19400.0,19689.0,33864.0,40311.0,15029.0,0.0,0.0,0.0,0.0,19465.0,0.0,38043.0,19734.0,20023.0,35139.0,48984.0,1388.0,16106.0,5499.0,8188.0,72.0,19753.0,0.0,25205.0,18286.0,18575.0,24105.0,28874.0,1304.0,5660.0,5056.0,7660.0,84.0,18559.0,0.0,18004.0,11396.0,11685.0,17371.0,24455.0,1313.0,5692.0,4902.0,7018.0,56.0,11459.0,0.0,22250.0,13092.0,13381.0,19463.0,26338.0,1418.0,6269.0,5375.0,8385.0,95.0,6991.0,8110.0,3665,321.6040716040716,27857,2444.4541944541943,18004.0,11396.0,6608.0,48778.0,17641.0,10962.0,1512.0,17,143,81,8118,39180,12942.0,0,2,140,431.0,696,525,4002,0,0,0,0.0,0,0,0,0.0,0,0,0,1,156,724,599.0,12,1,156,599.0,724,0,156,0,0,0,0.0,0,0,0,0.0,0,0,0,82,8274,12,525,4158,0.9985496736765772
examples/regalloc/153-instcombine-instcombinerimpl-foldsquaresumint-n22-d16.pbqp,22,61,8000,dense,48957.0,18546.0,18926.0,43598.0,56514.0,23828.0,0.0,0.0,0.0,0.0,18608.0,0.0,43488.0,22826.0,23206.0,42260.0,53567.0,1671.0,24608.0,7765.0,9799.0,98.0,21027.0,0.0,26575.0,17088.0,17408.0,25688.0,30649.0,1961.0,8810.0,8532.0,11313.0,126.0,18085.0,0.0,22969.0,11645.0,11985.0,19963.0,27048.0,1636.0,7995.0,7522.0,8462.0,59.0,11377.0,0.0,23118.0,14515.0,14855.0,22332.0,27231.0,1715.0,8718.0,8091.0,9640.0,105.0,7522.0,10671.0,3629,311.635895234006,28497,2447.1446972949766,22969.0,11645.0,11324.0,47731.0,18262.0,11689.0,1501.0,20,151,75,7957,38148,15102.0,0,2,147,525.0,728,238,5689,0,0,0,0.0,0,0,0,0.0,0,0,0,1,112,540,258.0,7,1,112,258.0,540,0,112,0,0,0,0.0,0,0,0,0.0,0,0,0,76,8069,7,238,5801,0.9991324823398191
examples/regalloc/154-instcombine-instcombinerimpl-foldaddwithconstant-n343-d17.pbqp,343,1555,105004,dense,74671070.0,637000.0,642627.0,74277718.0,76367483.0,73859388.0,0.0,0.0,0.0,0.0,715587.0,0.0,75534017.0,658393.0,664020.0,74836837.0,76532685.0,156490.0,72798862.0,2022995.0,1415300.0,2504.0,675102.0,0.0,2404900.0,544631.0,549927.0,2384181.0,2478882.0,149565.0,1599837.0,1639619.0,1373566.0,1054.0,553127.0,0.0,2203860.0,361170.0,366797.0,2095005.0,2270960.0,148642.0,1588103.0,1625752.0,1346369.0,1281.0,373095.0,0.0,2345252.0,482592.0,488219.0,2286111.0,2393352.0,151037.0,1620364.0,1656874.0,1358645.0,1238.0,216998.0,327079.0,99460,275.38278373065316,821302,2274.0039316665284,2203860.0,361170.0,1842690.0,1137613.0,492096.0,256332.0,27130.0,331,3581,1862,223736,1062356,491085.0,0,34,4191,11608.0,19696,5936,160719,0,0,0,0.0,0,0,0,0.0,0,0,0,3,245,1204,1679.0,23,3,245,1679.0,1204,0,245,0,0,0,0.0,0,0,0,0.0,0,0,0,1865,223981,23,5936,160964,0.9998973127184895
examples/regalloc/155-instcombine-instcombinerimpl-foldaddwithconstant-n358-d17-r1.pbqp,358,1371,60000,dense,71769850.0,638775.0,644657.0,71204064.0,73198678.0,72085214.0,0.0,0.0,0.0,0.0,643380.0,0.0,72178962.0,617580.0,623116.0,71824757.0,72895949.0,157351.0,70630629.0,2161998.0,1332490.0,1461.0,602528.0,0.0,2317483.0,529774.0,535656.0,2255350.0,2359651.0,150782.0,1692305.0,1795413.0,1270434.0,1144.0,549227.0,0.0,2094090.0,337554.0,343436.0,2052027.0,2191038.0,148465.0,1707189.0,1786031.0,1253522.0,1197.0,350105.0,0.0,2189985.0,447954.0,453836.0,2151688.0,2210653.0,153560.0,1683482.0,1774918.0,1213434.0,1366.0,192240.0,292598.0,93305,276.4150328540026,767427,2273.49401873478,2094090.0,337554.0,1756536.0,1148519.0,542172.0,254069.0,26620.0,346,3226,1683,212306,1004700,462101.0,0,35,4367,12433.0,20508,6030,147503,0,0,0,0.0,0,0,0,0.0,0,0,0,2,196,952,1026.0,14,2,196,1026.0,952,0,196,0,0,0,0.0,0,0,0,0.0,0,0,0,1685,212502,14,6030,147699,0.9999341182671222
examples/regalloc/156-instcombine-instcombinerimpl-foldaddlikecommutat-n119-d16.pbqp,119,641,47001,dense,5419374.0,176916.0,178922.0,5346804.0,5543092.0,5244075.0,0.0,0.0,0.0,0.0,181075.0,0.0,5565603.0,193551.0,195557.0,5506622.0,5695750.0,28997.0,5108871.0,300553.0,279541.0,312.0,181424.0,0.0,493496.0,165183.0,167189.0,464102.0,527747.0,28207.0,248977.0,270580.0,273638.0,258.0,162922.0,0.0,447170.0,117487.0,119493.0,435070.0,453609.0,27835.0,241670.0,263005.0,262441.0,260.0,117251.0,0.0,497346.0,182111.0,183999.0,476571.0,512183.0,27897.0,246500.0,265470.0,255829.0,262.0,72532.0,134794.0,35159,299.25864138159966,293024,2494.0972192668123,447170.0,117487.0,329683.0,334823.0,124056.0,84395.0,8959.0,118,1322,664,78084,372004,188536.0,0,3,323,1010.0,1524,450,73464,0,0,0,0.0,0,0,0,0.0,0,0,0,0,0,0,0.0,0,0,0,0.0,0,0,0,0,0,0,0.0,0,0,0,0.0,0,0,0,664,78084,0,450,73464,1.0
examples/regalloc/157-instcombine-instcombinerimpl-foldaddlikecommutat-n117-d16-r1.pbqp,117,505,26001,dense,4321682.0,144392.0,146364.0,4289699.0,4467736.0,4191890.0,0.0,0.0,0.0,0.0,149537.0,0.0,4431300.0,148033.0,150005.0,4416957.0,4491074.0,24695.0,3995415.0,289686.0,215782.0,299.0,148413.0,0.0,392404.0,128354.0,130326.0,383368.0,409387.0,24185.0,234905.0,257210.0,211853.0,262.0,132155.0,0.0,338698.0,94698.0,96670.0,329304.0,356139.0,24659.0,237573.0,262532.0,205534.0,249.0,99703.0,0.0,402779.0,149942.0,151914.0,390742.0,418922.0,24901.0,237278.0,264918.0,209744.0,292.0,58772.0,114603.0,28307,298.91866776489474,235275,2484.4769688905785,338698.0,94698.0,244000.0,261636.0,95951.0,68327.0,7476.0,116,1037,525,63386,301360,157926.0,0,4,245,1027.0,1232,399,60530,0,0,0,0.0,0,0,0,0.0,0,0,0,0,0,0,0.0,0,0,0,0.0,0,0,0,0,0,0,0.0,0,0,0,0.0,0,0,0,525,63386,0,399,60530,1.0
examples/regalloc/158-instcombine-instcombinerimpl-hoistfnegabovefmulf-n39-d16.pbqp,39,167,15000,dense,250292.0,37027.0,37673.0,246262.0,266153.0,214428.0,0.0,0.0,0.0,0.0,38669.0,0.0,266436.0,35747.0,36507.0,257976.0,296514.0,4153.0,197748.0,33022.0,34488.0,119.0,36871.0,0.0,73957.0,34607.0,35253.0,68130.0,100166.0,4088.0,29846.0,31368.0,32022.0,114.0,32535.0,0.0,54993.0,24865.0,25511.0,50823.0,57834.0,4041.0,29866.0,31484.0,28103.0,135.0,26167.0,0.0,74161.0,40860.0,41506.0,70842.0,99412.0,4197.0,30280.0,32144.0,30388.0,159.0,17817.0,30281.0,7905,317.9167504524432,65863,2648.8236476975667,54993.0,24865.0,30128.0,99502.0,35048.0,23967.0,2826.0,38,358,182,16109,78584,42547.0,0,0,0,0.0,0,147,14632,0,0,0,0.0,0,0,0,0.0,0,0,0,2,231,1088,838.0,22,2,231,838.0,1088,0,231,0,0,0,0.0,0,0,0,0.0,0,0,0,184,16340,22,147,14863,0.9986536107711138
examples/regalloc/159-instcombine-instcombinerimpl-simplifyaddwithrema-n58-d16.pbqp,58,452,60006,dense,1035821.0,99722.0,100691.0,1001938.0,1069457.0,924136.0,0.0,0.0,0.0,0.0,104143.0,0.0,1049250.0,100007.0,100919.0,1023257.0,1060285.0,9892.0,866445.0,67267.0,98449.0,193.0,102103.0,0.0,194120.0,91169.0,92138.0,185613.0,206793.0,9874.0,64759.0,63829.0,97239.0,167.0,92331.0,0.0,167421.0,71543.0,72512.0,162859.0,178591.0,9622.0,63204.0,61940.0,86867.0,153.0,73374.0,0.0,233475.0,117496.0,118465.0,219499.0,250556.0,10042.0,65442.0,65226.0,92715.0,178.0,50399.0,86177.0,22500,314.49617712424697,189447,2648.0158785625426,167421.0,71543.0,95878.0,212994.0,79699.0,50300.0,5182.0,57,943,474,47105,227976,124933.0,0,1,49,273.0,252,329,44389,0,0,0,0.0,0,0,0,0.0,0,0,0,1,210,956,728.0,27,1,210,728.0,956,0,210,0,0,0,0.0,0,0,0,0.0,0,0,0,475,47315,27,329,44599,0.9994293564408749
examples/regalloc/160-instcombine-instcombinerimpl-simplifyaddwithrema-n64-d16-r1.pbqp,64,295,10000,dense,852356.0,77228.0,78299.0,809897.0,878527.0,795912.0,0.0,0.0,0.0,0.0,79188.0,0.0,869169.0,77388.0,78459.0,837430.0,907542.0,9592.0,745437.0,93660.0,80102.0,224.0,80258.0,0.0,162528.0,69545.0,70616.0,153060.0,167725.0,9329.0,75012.0,78958.0,74347.0,193.0,72286.0,0.0,135232.0,53246.0,54317.0,127977.0,146197.0,9426.0,74175.0,79394.0,73738.0,193.0,55108.0,0.0,162934.0,80586.0,81657.0,156353.0,190156.0,9217.0,74956.0,81457.0,69637.0,181.0,31622.0,61132.0,16043,301.29962814108103,134264,2521.5790857529205,135232.0,53246.0,81986.0,156383.0,56679.0,38928.0,4365.0,63,629,317,33959,163484,83127.0,0,1,49,206.0,252,329,31243,0,0,0,0.0,0,0,0,0.0,0,0,0,1,210,956,735.0,27,1,210,735.0,956,0,210,0,0,0,0.0,0,0,0,0.0,0,0,0,318,34169,27,329,31453,0.9992098100617519
examples/regalloc/161-instcombine-instcombinerimpl-optimizepointerdiff-n95-d16.pbqp,95,580,13000,dense,3248238.0,187636.0,189140.0,3142558.0,3333789.0,3018357.0,0.0,0.0,0.0,0.0,187314.0,0.0,3290727.0,190797.0,192395.0,3281559.0,3367645.0,20998.0,2896609.0,192554.0,204810.0,246.0,195570.0,0.0,407505.0,169679.0,171277.0,400140.0,421602.0,20344.0,163369.0,176416.0,201860.0,254.0,172122.0,0.0,364993.0,123640.0,125238.0,342357.0,374266.0,20648.0,160311.0,172866.0,194297.0,250.0,128026.0,0.0,408259.0,174385.0,175983.0,394535.0,432190.0,20319.0,160339.0,173645.0,198465.0,261.0,66068.0,129287.0,36447,294.78324166936267,295767,2392.1627305079264,364993.0,123640.0,241353.0,300965.0,119316.0,68907.0,7452.0,94,1202,604,87498,409260,188807.0,0,3,480,1214.0,2232,480,80586,0,0,0,0.0,0,0,0,0.0,0,0,0,0,0,0,0.0,0,0,0,0.0,0,0,0,0,0,0,0.0,0,0,0,0.0,0,0,0,604,87498,0,480,80586,1.0
examples/regalloc/162-instcombine-instcombinerimpl-createselectinstwit-n10-d15.pbqp,10,37,26012,dense,10961.0,6006.0,6159.0,10777.0,12954.0,5156.0,0.0,0.0,0.0,0.0,6124.0,0.0,12372.0,6000.0,6153.0,11049.0,16177.0,781.0,5714.0,2128.0,3909.0,43.0,6157.0,0.0,7858.0,5597.0,5750.0,7712.0,8535.0,760.0,2745.0,2188.0,3592.0,69.0,5792.0,0.0,7499.0,4639.0,4792.0,7327.0,8732.0,852.0,2790.0,2382.0,3790.0,71.0,4789.0,0.0,9605.0,6493.0,6637.0,9219.0,11039.0,788.0,2780.0,2162.0,3998.0,83.0,3534.0,5216.0,1483,319.68096572537183,11688,2519.5085147661134,7499.0,4639.0,2860.0,27487.0,9226.0,7106.0,882.0,9,95,41,2779,13852,7293.0,0,0,0,0.0,0,49,2149,0,0,0,0.0,0,0,0,0.0,0,0,0,1,105,508,333.0,29,1,105,333.0,508,0,105,0,0,0,0.0,0,0,0,0.0,0,0,0,42,2884,29,49,2254,0.9899445214979196
examples/regalloc/163-instcombine-instcombinerimpl-createselectinstwit-n9-d16-r1.pbqp,9,23,6000,dense,7479.0,4732.0,4868.0,7310.0,8737.0,2962.0,0.0,0.0,0.0,0.0,4708.0,0.0,7285.0,4375.0,4511.0,7187.0,8107.0,638.0,3072.0,1442.0,2821.0,61.0,4578.0,0.0,7664.0,5409.0,5545.0,7424.0,8261.0,808.0,2403.0,1805.0,3141.0,73.0,5387.0,0.0,5038.0,3256.0,3392.0,4959.0,5838.0,702.0,2102.0,1617.0,2710.0,88.0,3480.0,0.0,6610.0,4480.0,4616.0,6419.0,8446.0,727.0,2085.0,1601.0,2947.0,40.0,2414.0,3262.0,1120,343.980343980344,8506,2612.4078624078625,5038.0,3256.0,1782.0,29631.0,10009.0,7798.0,853.0,8,72,27,2044,10100,4144.0,0,0,0,0.0,0,49,1414,0,0,0,0.0,0,0,0,0.0,0,0,0,1,105,508,263.0,17,1,105,263.0,508,0,105,0,0,0,0.0,0,0,0,0.0,0,0,0,28,2149,17,49,1519,0.9920893438808748
examples/regalloc/164-instcombine-instcombinerimpl-canonicalizecondsig-n73-d16.pbqp,73,317,10000,dense,1112376.0,100038.0,101262.0,1072903.0,1220112.0,1020060.0,0.0,0.0,0.0,0.0,105469.0,0.0,1133285.0,96763.0,98059.0,1080493.0,1247464.0,10929.0,935191.0,101415.0,88728.0,237.0,98011.0,0.0,188233.0,87732.0,88956.0,183179.0,203368.0,10776.0,89565.0,93941.0,86319.0,207.0,88881.0,0.0,165223.0,62903.0,64127.0,153286.0,179810.0,10445.0,85198.0,89977.0,75858.0,197.0,64274.0,0.0,194869.0,85524.0,86748.0,181409.0,202390.0,10709.0,88048.0,94596.0,82135.0,236.0,35421.0,63680.0,19219,305.5339173012416,158098,2513.3618428373848,165223.0,62903.0,102320.0,174088.0,64308.0,44387.0,5018.0,72,685,364,42845,204580,89888.0,0,2,147,575.0,728,882,35985,0,0,0,0.0,0,0,0,0.0,0,0,0,1,240,1084,733.0,31,1,240,733.0,1084,0,240,0,0,0,0.0,0,0,0,0.0,0,0,0,365,43085,31,882,36225,0.9992804920505977
examples/regalloc/165-instcombine-instcombinerimpl-visitadd-n544-d17.pbqp,544,3152,189028,dense,353174922.0,1485806.0,1494612.0,350060851.0,355775228.0,348656527.0,0.0,0.0,0.0,0.0,1461563.0,0.0,351641584.0,1413471.0,1421759.0,350390256.0,354971461.0,428308.0,348903241.0,4783724.0,4223355.0,7497.0,1467813.0,0.0,6455517.0,971903.0,980191.0,6413979.0,6629288.0,398063.0,3989187.0,3864182.0,4069359.0,2773.0,1020983.0,0.0,6146645.0,690940.0,699746.0,6082105.0,6235697.0,399317.0,3981102.0,3909479.0,4122836.0,2958.0,734561.0,0.0,6450395.0,964709.0,973515.0,6364153.0,6676997.0,400466.0,3991058.0,3837155.0,4051478.0,3031.0,430965.0,660320.0,190392,275.55504095869395,1577008,2282.409471155238,6146645.0,690940.0,5455705.0,2489351.0,1172968.0,585119.0,54286.0,518,7053,3680,421338,2011024,979860.0,0,60,6766,18968.0,32144,9811,326133,0,0,0,0.0,0,0,0,0.0,0,0,0,9,916,4388,4890.0,77,9,916,4890.0,4388,0,916,0,0,0,0.0,0,0,0,0.0,0,0,0,3689,422254,77,9811,327049,0.9998176453035377
examples/regalloc/166-instcombine-instcombinerimpl-visitadd-n657-d17-r1.pbqp,657,2574,67008,dense,426835326.0,1365599.0,1377569.0,425654453.0,430269149.0,425088215.0,0.0,0.0,0.0,0.0,1482105.0,0.0,431181482.0,1249033.0,1259743.0,429607969.0,437697558.0,501027.0,431672036.0,7279268.0,4460642.0,9383.0,1337315.0,0.0,6690153.0,909489.0,919569.0,6628271.0,6950510.0,470170.0,5411842.0,5679938.0,4049121.0,2213.0,941487.0,0.0,6378801.0,639571.0,649651.0,6330037.0,6582092.0,459428.0,5404394.0,5688155.0,4077888.0,3092.0,681785.0,0.0,6477033.0,824530.0,835240.0,6415864.0,6628261.0,464953.0,5449754.0,5618209.0,4060403.0,3555.0,364968.0,597991.0,172078,269.0522240689462,1413721,2210.4207351490295,6378801.0,639571.0,5739230.0,2322539.0,1013981.0,612506.0,58644.0,630,5964,3123,387458,1839284,828747.0,0,60,6931,18838.0,32852,10294,286271,0,0,0,0.0,0,0,0,0.0,0,0,0,8,909,4328,4029.0,68,8,909,4029.0,4328,0,909,0,0,0,0.0,0,0,0,0.0,0,0,0,3131,388367,68,10294,287180,0.9998249078835225
examples/regalloc/167-instcombine-instcombinerimpl-visitsub-n895-d17.pbqp,895,6018,170014,dense,2001516887.0,2739014.0,2752646.0,1989941824.0,2012451490.0,1992408412.0,0.0,0.0,0.0,0.0,2797361.0,0.0,2052885691.0,2585041.0,2598673.0,2021720495.0,2064218972.0,1575435.0,2038129698.0,15217244.0,14464262.0,16994.0,2717897.0,0.0,18344866.0,1790407.0,1804891.0,16945344.0,19384343.0,1478623.0,12309968.0,12327635.0,14375681.0,7167.0,1964827.0,0.0,19549999.0,1390727.0,1407767.0,19218946.0,19835513.0,1453181.0,11404637.0,11691502.0,14130507.0,7073.0,1534302.0,0.0,20094903.0,1945667.0,1960151.0,19943844.0,20425536.0,1441257.0,11593119.0,11829328.0,14042659.0,12392.0,817163.0,1511736.0,356191,256.11856244971153,2972166,2137.1311551440363,19549999.0,1390727.0,18159272.0,4536860.0,2016388.0,1116488.0,103320.0,852,12843,6607,794360,3780236,1962163.0,0,88,8051,24058.0,38872,10469,698702,0,0,0,0.0,0,0,0,0.0,0,0,0,15,1148,5620,6560.0,117,15,1148,6560.0,5620,49,854,0,0,0,0.0,0,0,0,0.0,0,0,0,6622,795508,117,10518,699556,0.9998529241692101
examples/regalloc/168-instcombine-instcombinerimpl-visitsub-n966-d17-r1.pbqp,966,4031,93013,dense,1645086014.0,2258908.0,2274599.0,1642764706.0,1702974468.0,1636578072.0,0.0,0.0,0.0,0.0,2288989.0,0.0,1650198670.0,2217739.0,2233430.0,1647180061.0,1654367646.0,1263611.0,1663149489.0,17638707.0,10917699.0,18082.0,2288290.0,0.0,15173696.0,1395531.0,1410299.0,14959985.0,15378920.0,1099884.0,12702349.0,13756768.0,10124274.0,5541.0,1565978.0,0.0,14643965.0,996178.0,1010946.0,14543702.0,14836857.0,1139108.0,12665867.0,13649146.0,10092302.0,5231.0,1066959.0,0.0,15033914.0,1369301.0,1387761.0,14813850.0,15258932.0,1101386.0,12788068.0,13823856.0,10105598.0,8996.0,603512.0,1086285.0,264293,265.3070033668682,2163293,2171.592827787805,14643965.0,996178.0,13647787.0,3845464.0,1696658.0,1040822.0,97132.0,923,8893,4660,609122,2875652,1428064.0,0,90,8149,22852.0,39376,11365,508088,0,0,0,0.0,0,0,0,0.0,0,0,0,15,1148,5620,6066.0,117,15,1148,6066.0,5620,49,854,0,0,0,0.0,0,0,0,0.0,0,0,0,4675,610270,117,11414,508942,0.9998082815802841
examples/regalloc/169-instcombine-instcombinerimpl-visitfadd-n138-d17.pbqp,138,536,57000,dense,4036170.0,209907.0,212100.0,3998984.0,4187931.0,3838131.0,0.0,0.0,0.0,0.0,213264.0,0.0,4103091.0,205621.0,207814.0,4056492.0,4177658.0,25508.0,3754801.0,267615.0,212700.0,457.0,212020.0,0.0,473312.0,187076.0,189269.0,457271.0,485443.0,24667.0,242331.0,238907.0,206099.0,394.0,194441.0,0.0,381574.0,123357.0,125421.0,374701.0,410986.0,24621.0,240284.0,236555.0,197755.0,384.0,127560.0,0.0,434366.0,161581.0,163774.0,427409.0,455688.0,24609.0,247373.0,235755.0,192629.0,473.0,72478.0,108182.0,35660,289.079663091677,285662,2315.7340077985036,381574.0,123357.0,258217.0,331023.0,119810.0,82591.0,9011.0,129,1248,696,80915,385916,172425.0,0,9,1003,3347.0,4780,3195,55473,0,0,0,0.0,0,0,0,0.0,0,0,0,1,112,540,570.0,31,1,112,570.0,540,0,112,0,0,0,0.0,0,0,0,0.0,0,0,0,697,81027,31,3195,55585,0.999617411480124
examples/regalloc/170-instcombine-instcombinerimpl-visitfadd-n143-d17-r1.pbqp,143,481,17000,dense,3852626.0,220214.0,222358.0,3803699.0,3944556.0,3559694.0,0.0,0.0,0.0,0.0,216137.0,0.0,3931018.0,215438.0,217984.0,3888255.0,3978267.0,25077.0,3600357.0,281776.0,186257.0,611.0,224087.0,0.0,471144.0,198629.0,200907.0,439083.0,486703.0,24008.0,244007.0,246065.0,188114.0,472.0,204665.0,0.0,372107.0,129454.0,131598.0,356949.0,392632.0,23804.0,246778.0,240965.0,169999.0,464.0,128280.0,0.0,404113.0,152689.0,154967.0,395626.0,416666.0,23336.0,245821.0,236849.0,178801.0,488.0,67907.0,98805.0,35170,271.67951550357657,277862,2146.4149427595903,372107.0,129454.0,242653.0,318585.0,117447.0,81295.0,9014.0,134,1160,678,81003,385712,155806.0,0,9,1003,3465.0,4780,3888,51186,0,0,0,0.0,0,0,0,0.0,0,0,0,1,182,836,735.0,25,1,182,735.0,836,0,182,0,0,0,0.0,0,0,0,0.0,0,0,0,679,81185,25,3888,51368,0.9996920613413808
examples/regalloc/171-instcombine-instcombinerimpl-visitfneg-n118-d17.pbqp,118,403,25000,dense,2898895.0,181663.0,183584.0,2883642.0,2933199.0,2739739.0,0.0,0.0,0.0,0.0,193376.0,0.0,3032031.0,187591.0,189399.0,2976001.0,3078567.0,19236.0,2623589.0,232563.0,151236.0,437.0,188559.0,0.0,370966.0,165618.0,167539.0,357703.0,387190.0,18531.0,203393.0,212069.0,145427.0,359.0,170157.0,0.0,298553.0,96903.0,98824.0,284247.0,306648.0,18530.0,202534.0,208706.0,134713.0,370.0,98393.0,0.0,338105.0,128377.0,130298.0,327385.0,341647.0,18394.0,205438.0,218994.0,139725.0,413.0,57632.0,83603.0,28486,293.96406715994345,227907,2351.9086096405686,298553.0,96903.0,201650.0,272979.0,103957.0,67290.0,7709.0,113,965,532,66531,314176,126681.0,0,21,1779,4033.0,8612,2419,42053,0,0,0,0.0,0,0,0,0.0,0,0,0,1,49,252,433.0,7,1,49,433.0,252,0,49,0,0,0,0.0,0,0,0,0.0,0,0,0,533,66580,7,2419,42102,0.999894863322319
examples/regalloc/172-instcombine-instcombinerimpl-visitfsub-n183-d17.pbqp,183,802,65043,dense,12115473.0,281283.0,284608.0,11988768.0,12498813.0,11693384.0,0.0,0.0,0.0,0.0,292484.0,0.0,12176457.0,292434.0,295759.0,12075795.0,12463514.0,49872.0,11477900.0,561402.0,443373.0,610.0,292207.0,0.0,835652.0,263135.0,266110.0,822091.0,858385.0,48761.0,477386.0,503366.0,428005.0,513.0,266419.0,0.0,735012.0,174936.0,177911.0,701862.0,747309.0,49041.0,476752.0,494356.0,416039.0,513.0,176260.0,0.0,788826.0,236057.0,239032.0,760194.0,807041.0,49435.0,489719.0,507601.0,411467.0,563.0,105435.0,170277.0,49863,285.03567018795445,407797,2331.1210957150042,735012.0,174936.0,560076.0,492015.0,194531.0,118653.0,12887.0,175,1784,964,112238,534440,251110.0,0,12,1583,4296.0,7412,3074,83040,0,0,0,0.0,0,0,0,0.0,0,0,0,0,0,0,0.0,0,0,0,0.0,0,0,0,0,0,0,0.0,0,0,0,0.0,0,0,0,964,112238,0,3074,83040,1.0
examples/regalloc/173-instcombine-instcombinerimpl-visitfsub-n192-d17-r1.pbqp,192,790,34020,dense,13372535.0,298269.0,301397.0,13198303.0,13618688.0,12919005.0,0.0,0.0,0.0,0.0,296508.0,0.0,13477758.0,303524.0,306652.0,13290753.0,13629157.0,52692.0,12792745.0,627007.0,448666.0,634.0,310009.0,0.0,840336.0,270751.0,273879.0,824384.0,883977.0,50743.0,523710.0,548946.0,436623.0,510.0,273455.0,0.0,748549.0,174777.0,177905.0,726862.0,770181.0,50982.0,519332.0,544526.0,433136.0,604.0,183512.0,0.0,810746.0,247386.0,251066.0,799016.0,841592.0,50796.0,522451.0,555669.0,430317.0,616.0,108872.0,168071.0,50653,289.8150214273045,414217,2369.974310120897,748549.0,174777.0,573772.0,483862.0,189410.0,118080.0,13720.0,184,1766,962,114423,544280,243808.0,0,13,1632,4670.0,7664,3270,84049,0,0,0,0.0,0,0,0,0.0,0,0,0,0,0,0,0.0,0,0,0,0.0,0,0,0,0,0,0,0.0,0,0,0,0.0,0,0,0,962,114423,0,3270,84049,1.0
examples/regalloc/174-instcombine-commonpointerbase-compute-n45-d16.pbqp,45,244,19065,dense,434629.0,67261.0,68141.0,423463.0,466926.0,360752.0,0.0,0.0,0.0,0.0,66642.0,0.0,443523.0,66224.0,66972.0,420045.0,457795.0,5744.0,335614.0,45239.0,49989.0,175.0,67529.0,0.0,112708.0,61535.0,62371.0,108704.0,121734.0,5720.0,41432.0,42441.0,49633.0,149.0,61953.0,0.0,89288.0,42309.0,43057.0,84665.0,92298.0,5629.0,40034.0,40039.0,42757.0,117.0,43087.0,0.0,116547.0,65753.0,66501.0,108186.0,124280.0,5483.0,39196.0,40838.0,43286.0,152.0,23975.0,48454.0,13780,325.69902384835376,112449,2657.8033042615048,89288.0,42309.0,46979.0,131989.0,48664.0,31504.0,3616.0,44,504,253,31702,150156,68933.0,0,1,112,312.0,540,161,29872,0,0,0,0.0,0,0,0,0.0,0,0,0,1,49,252,268.0,7,1,49,268.0,252,0,49,0,0,0,0.0,0,0,0,0.0,0,0,0,254,31751,7,161,29921,0.9997795345028503
examples/regalloc/175-instcombine-commonpointerbase-compute-n45-d16-r1.pbqp,45,223,9000,dense,393561.0,63466.0,64214.0,381745.0,421295.0,334369.0,0.0,0.0,0.0,0.0,62616.0,0.0,401255.0,61725.0,62429.0,392864.0,417507.0,5498.0,310522.0,45358.0,46427.0,160.0,63230.0,0.0,108738.0,57267.0,58015.0,98541.0,123390.0,5628.0,40014.0,42314.0,44878.0,154.0,58526.0,0.0,89508.0,40566.0,41314.0,85870.0,108316.0,5308.0,39038.0,40645.0,40238.0,128.0,40044.0,0.0,103602.0,58964.0,59712.0,99595.0,108009.0,5616.0,38834.0,41408.0,39659.0,154.0,22316.0,44745.0,12915,318.37006360005915,105382,2597.7912537593056,89508.0,40566.0,48942.0,122250.0,45282.0,31315.0,3458.0,44,462,232,29854,141120,64878.0,0,1,112,331.0,540,161,28024,0,0,0,0.0,0,0,0,0.0,0,0,0,1,49,252,281.0,7,1,49,281.0,252,0,49,0,0,0,0.0,0,0,0,0.0,0,0,0,233,29903,7,161,28073,0.999765909774939
examples/regalloc/176-instcombine-instructionworklist-pushuserstoworkl-n11-d16.pbqp,11,41,6000,dense,14884.0,8425.0,8605.0,14081.0,17633.0,6310.0,0.0,0.0,0.0,0.0,8684.0,0.0,16131.0,9015.0,9185.0,16005.0,18620.0,841.0,7605.0,2788.0,4920.0,65.0,8892.0,0.0,11750.0,8819.0,8989.0,11607.0,12017.0,868.0,3249.0,2758.0,4926.0,92.0,9233.0,0.0,9587.0,6394.0,6554.0,9447.0,10657.0,830.0,3143.0,2538.0,4535.0,70.0,6698.0,0.0,11885.0,8338.0,8508.0,11223.0,13957.0,887.0,3245.0,2680.0,5153.0,61.0,4272.0,6965.0,2069,323.58461057241163,16694,2610.8852048795748,9587.0,6394.0,3193.0,32338.0,11202.0,9002.0,998.0,10,95,45,4295,20848,9036.0,0,0,0,0.0,0,49,3623,0,0,0,0.0,0,0,0,0.0,0,0,0,1,112,540,325.0,9,1,112,325.0,540,0,112,0,0,0,0.0,0,0,0,0.0,0,0,0,46,4407,9,49,3735,0.9979577944179714
examples/regalloc/177-instcombine-smallvectortemplatebase-growandpushb-n6-d16.pbqp,6,11,2000,dense,9715.0,7368.0,7453.0,9316.0,10730.0,2218.0,0.0,0.0,0.0,0.0,7606.0,0.0,10069.0,7618.0,7703.0,9833.0,11162.0,461.0,1130.0,647.0,2363.0,33.0,7505.0,0.0,9994.0,7656.0,7741.0,9733.0,10831.0,470.0,920.0,690.0,2485.0,36.0,7689.0,0.0,7117.0,4985.0,5070.0,6944.0,7778.0,488.0,910.0,716.0,2533.0,35.0,5101.0,0.0,5461.0,3307.0,3392.0,5315.0,6393.0,519.0,1031.0,706.0,2473.0,68.0,2190.0,1606.0,1456,292.0762286860582,11242,2255.1654964894683,7117.0,4985.0,2132.0,24974.0,8728.0,5887.0,649.0,5,51,29,3115,15028,3094.0,0,1,49,154.0,252,210,847,0,0,0,0.0,0,0,0,0.0,0,0,0,1,256,1152,389.0,16,1,256,389.0,1152,0,256,0,0,0,0.0,0,0,0,0.0,0,0,0,30,3371,16,210,1103,0.9952536339365173
examples/regalloc/178-instcombine-smallvectortemplatebase-growandpushb-n6-d16.pbqp,6,11,2000,dense,9272.0,7462.0,7547.0,9141.0,10081.0,2331.0,0.0,0.0,0.0,0.0,7825.0,0.0,9955.0,7588.0,7673.0,9763.0,10591.0,446.0,1104.0,663.0,2381.0,54.0,7695.0,0.0,10068.0,7800.0,7885.0,9768.0,11833.0,492.0,974.0,735.0,2521.0,51.0,7891.0,0.0,7173.0,4992.0,5077.0,7032.0,7660.0,485.0,929.0,752.0,2588.0,32.0,5108.0,0.0,5441.0,3250.0,3335.0,5198.0,6551.0,520.0,955.0,729.0,2362.0,69.0,2035.0,1513.0,1456,291.6666666666667,11242,2252.003205128205,7173.0,4992.0,2181.0,21710.0,8317.0,4899.0,652.0,5,51,29,3115,15028,3128.0,0,1,49,149.0,252,210,847,0,0,0,0.0,0,0,0,0.0,0,0,0,1,256,1152,423.0,16,1,256,423.0,1152,0,256,0,0,0,0.0,0,0,0,0.0,0,0,0,30,3371,16,210,1103,0.9952536339365173
examples/regalloc/179-instcombine-smallvectortemplatebase-growandpushb-n6-d16.pbqp,6,11,2000,dense,9940.0,7990.0,8085.0,9656.0,10238.0,2164.0,0.0,0.0,0.0,0.0,8053.0,0.0,9982.0,7463.0,7548.0,9718.0,10781.0,464.0,1134.0,647.0,2641.0,41.0,7567.0,0.0,9673.0,7740.0,7825.0,9558.0,10254.0,493.0,901.0,715.0,2399.0,58.0,7777.0,0.0,6819.0,4620.0,4705.0,6556.0,8509.0,463.0,863.0,679.0,2206.0,32.0,4768.0,0.0,5675.0,3323.0,3408.0,5518.0,6532.0,493.0,981.0,720.0,2638.0,32.0,2137.0,1588.0,1456,315.1515151515151,11242,2433.3333333333335,6819.0,4620.0,2199.0,20824.0,7834.0,4865.0,579.0,5,51,29,3115,15028,3021.0,0,1,49,150.0,252,210,847,0,0,0,0.0,0,0,0,0.0,0,0,0,1,256,1152,376.0,16,1,256,376.0,1152,0,256,0,0,0,0.0,0,0,0,0.0,0,0,0,30,3371,16,210,1103,0.9952536339365173
examples/regalloc/180-instcombine-apint-issamevalue-n17-d16.pbqp,17,28,3000,dense,14310.0,8325.0,8563.0,14101.0,15330.0,6158.0,0.0,0.0,0.0,0.0,8391.0,0.0,13985.0,8007.0,8245.0,13729.0,16841.0,1165.0,6594.0,3558.0,4029.0,83.0,8505.0,0.0,10716.0,7712.0,7950.0,10552.0,11371.0,1201.0,3840.0,3557.0,3906.0,54.0,8095.0,0.0,8530.0,5560.0,5798.0,8463.0,8967.0,1139.0,3755.0,3373.0,3719.0,77.0,6139.0,0.0,9672.0,6591.0,6829.0,9476.0,11485.0,1180.0,3840.0,3536.0,4012.0,73.0,3186.0,4938.0,2122,381.6546762589928,15665,2817.4460431654675,8530.0,5560.0,2970.0,34412.0,12271.0,8787.0,799.0,14,108,39,4123,19712,7118.0,0,0,0,0.0,0,98,3486,0,0,0,0.0,0,0,0,0.0,0,0,0,1,98,476,262.0,14,1,98,262.0,476,0,98,0,0,0,0.0,0,0,0,0.0,0,0,0,40,4221,14,98,3584,0.9966832504145937
examples/regalloc/181-instcombine-apint-gethighbitsset-n5-d15.pbqp,5,9,2000,dense,4670.0,3657.0,3725.0,4604.0,5098.0,1244.0,0.0,0.0,0.0,0.0,3664.0,0.0,4817.0,3658.0,3726.0,4756.0,5057.0,415.0,828.0,583.0,1466.0,57.0,3777.0,0.0,5372.0,3409.0,3477.0,4747.0,5937.0,463.0,697.0,565.0,1357.0,54.0,3426.0,0.0,3563.0,2544.0,2612.0,3525.0,4117.0,438.0,761.0,582.0,1515.0,28.0,2598.0,0.0,3533.0,2364.0,2432.0,3423.0,4072.0,410.0,770.0,573.0,1480.0,69.0,1366.0,1390.0,801,314.85849056603774,6063,2383.254716981132,3563.0,2544.0,1019.0,17145.0,6765.0,3839.0,487.0,4,40,20,1498,7348,2216.0,0,0,0,0.0,0,98,861,0,0,0,0.0,0,0,0,0.0,0,0,0,1,98,476,226.0,14,1,98,226.0,476,0,98,0,0,0,0.0,0,0,0,0.0,0,0,0,21,1596,14,98,959,0.9912280701754386
examples/regalloc/182-instcombine-llvm-dyn-cast-n5-d16.pbqp,5,7,0,dense,15318.0,13425.0,13493.0,14991.0,16872.0,1673.0,0.0,0.0,0.0,0.0,13192.0,0.0,15836.0,13275.0,13343.0,15463.0,17275.0,413.0,623.0,395.0,1954.0,56.0,13271.0,0.0,15699.0,13793.0,13861.0,15417.0,17126.0,469.0,618.0,392.0,1935.0,31.0,13249.0,0.0,6832.0,4803.0,4871.0,6722.0,8338.0,442.0,582.0,380.0,2163.0,47.0,4831.0,0.0,4985.0,3240.0,3308.0,4798.0,5686.0,484.0,792.0,469.0,2004.0,32.0,1945.0,1846.0,1975,411.2013325005205,13642,2840.3081407453674,6832.0,4803.0,2029.0,21079.0,8135.0,4578.0,589.0,4,54,21,5376,24192,3540.0,0,1,256,377.0,1152,256,1536,0,0,0,0.0,0,0,0,0.0,0,0,0,0,0,0,0.0,0,0,0,0.0,0,0,0,0,0,0,0.0,0,0,0,0.0,0,0,0,21,5376,0,256,1536,1.0
examples/regalloc/183-instcombine-knownbits-knownbits-n3-d16.pbqp,3,1,1000,dense,341.0,251.0,268.0,294.0,428.0,154.0,0.0,0.0,0.0,0.0,241.0,0.0,407.0,275.0,292.0,374.0,508.0,254.0,128.0,126.0,187.0,25.0,257.0,0.0,419.0,207.0,224.0,388.0,529.0,289.0,158.0,129.0,205.0,45.0,247.0,0.0,306.0,140.0,157.0,280.0,432.0,286.0,179.0,125.0,181.0,25.0,134.0,0.0,336.0,190.0,207.0,296.0,482.0,276.0,159.0,124.0,169.0,25.0,115.0,160.0,80,571.4285714285714,432,3085.714285714286,306.0,140.0,166.0,4383.0,1145.0,2007.0,106.0,1,7,1,112,540,208.0,0,0,0,0.0,0,0,112,0,0,0,0.0,0,0,0,0.0,0,0,0,0,0,0,0.0,0,0,0,0.0,0,0,0,0,0,0,0.0,0,0,0,0.0,0,0,0,1,112,0,0,112,1.0
examples/regalloc/184-instcombine-setvector-insert-n20-d16.pbqp,20,73,6000,dense,63344.0,32355.0,32678.0,61165.0,72139.0,27484.0,0.0,0.0,0.0,0.0,32302.0,0.0,68747.0,35666.0,35970.0,63290.0,117153.0,1735.0,28152.0,8565.0,12643.0,64.0,33970.0,0.0,43153.0,30852.0,31175.0,42239.0,49526.0,1724.0,8483.0,7980.0,11851.0,84.0,29708.0,0.0,31010.0,18765.0,19088.0,29237.0,35490.0,1529.0,8020.0,7257.0,9782.0,67.0,18392.0,0.0,35180.0,23628.0,23951.0,34508.0,38973.0,1779.0,8635.0,8064.0,11936.0,87.0,10065.0,17212.0,5976,318.4652278177458,45751,2438.102851052491,31010.0,18765.0,12245.0,71951.0,25525.0,19021.0,1941.0,19,176,92,15353,70956,24066.0,0,2,161,403.0,792,385,11843,0,0,0,0.0,0,0,0,0.0,0,0,0,1,105,508,274.0,15,1,105,274.0,508,0,105,0,0,0,0.0,0,0,0,0.0,0,0,0,93,15458,15,385,11948,0.9990296286712382
examples/regalloc/185-instcombine-withcache-withcache-n3-d16.pbqp,3,1,1000,dense,291.0,223.0,240.0,257.0,383.0,154.0,0.0,0.0,0.0,0.0,254.0,0.0,465.0,296.0,317.0,462.0,498.0,312.0,163.0,164.0,195.0,25.0,319.0,0.0,378.0,225.0,242.0,359.0,530.0,287.0,157.0,128.0,196.0,27.0,280.0,0.0,284.0,143.0,160.0,264.0,376.0,277.0,179.0,126.0,172.0,25.0,159.0,0.0,351.0,158.0,175.0,329.0,457.0,289.0,160.0,124.0,170.0,27.0,118.0,153.0,80,559.4405594405595,432,3020.979020979021,284.0,143.0,141.0,6226.0,1709.0,2354.0,176.0,1,7,1,112,540,210.0,0,0,0,0.0,0,0,112,0,0,0,0.0,0,0,0,0.0,0,0,0,0,0,0,0.0,0,0,0,0.0,0,0,0,0,0,0,0.0,0,0,0,0.0,0,0,0,1,112,0,0,112,1.0
examples/regalloc/186-instcombine-llvm-operator-n5-d16.pbqp,5,10,2000,dense,7748.0,6064.0,6132.0,7657.0,8497.0,1744.0,0.0,0.0,0.0,0.0,6245.0,0.0,8496.0,6575.0,6643.0,8386.0,9272.0,403.0,923.0,598.0,2064.0,32.0,6706.0,0.0,8166.0,6449.0,6517.0,8027.0,8717.0,440.0,755.0,603.0,2176.0,55.0,6467.0,0.0,6890.0,4922.0,4990.0,6723.0,7409.0,483.0,897.0,644.0,2333.0,58.0,4937.0,0.0,4946.0,2948.0,3016.0,4693.0,6985.0,395.0,702.0,534.0,2006.0,50.0,1783.0,1760.0,1258,255.58715969118245,9909,2013.206013815522,6890.0,4922.0,1968.0,20496.0,7458.0,4719.0,589.0,4,46,23,2709,12956,2902.0,0,0,0,0.0,0,112,1029,0,0,0,0.0,0,0,0,0.0,0,0,0,1,256,1152,392.0,16,1,256,392.0,1152,0,256,0,0,0,0.0,0,0,0,0.0,0,0,0,24,2965,16,112,1285,0.9946037099494098
examples/regalloc/187-instcombine-llvm-operator-n6-d16.pbqp,6,15,2000,dense,9623.0,7247.0,7332.0,9487.0,11378.0,2230.0,0.0,0.0,0.0,0.0,7532.0,0.0,10478.0,8031.0,8116.0,10377.0,11186.0,470.0,1613.0,884.0,2536.0,61.0,8202.0,0.0,9825.0,7840.0,7925.0,9635.0,10630.0,493.0,1115.0,915.0,2608.0,57.0,7992.0,0.0,7472.0,5455.0,5540.0,7350.0,8409.0,516.0,1198.0,884.0,2582.0,59.0,5625.0,0.0,6578.0,4451.0,4536.0,6445.0,7784.0,515.0,1106.0,852.0,2695.0,32.0,2441.0,2847.0,1584,290.37580201649865,12661,2320.9899175068745,7472.0,5455.0,2017.0,21718.0,7628.0,4977.0,713.0,5,55,28,3521,16688,4514.0,0,0,0,0.0,0,112,1946,0,0,0,0.0,0,0,0,0.0,0,0,0,1,240,1084,397.0,15,1,240,397.0,1084,0,240,0,0,0,0.0,0,0,0,0.0,0,0,0,29,3761,15,112,2186,0.9960116990162191
examples/regalloc/188-instcombine-llvm-operator-n5-d16.pbqp,5,10,2000,dense,8298.0,6580.0,6648.0,8199.0,9530.0,1829.0,0.0,0.0,0.0,0.0,6627.0,0.0,8164.0,6278.0,6346.0,7923.0,9027.0,496.0,1249.0,661.0,2414.0,32.0,6395.0,0.0,9370.0,7324.0,7396.0,9254.0,10004.0,434.0,784.0,570.0,2228.0,32.0,6486.0,0.0,5998.0,4215.0,4283.0,5918.0,6752.0,445.0,832.0,579.0,2082.0,33.0,4291.0,0.0,4795.0,2989.0,3053.0,4615.0,5940.0,417.0,744.0,559.0,2016.0,30.0,1766.0,1725.0,1258,298.4578884934757,9909,2350.8896797153025,5998.0,4215.0,1783.0,19840.0,7051.0,4087.0,514.0,4,46,23,2709,12956,2868.0,0,0,0,0.0,0,112,1029,0,0,0,0.0,0,0,0,0.0,0,0,0,1,256,1152,374.0,16,1,256,374.0,1152,0,256,0,0,0,0.0,0,0,0,0.0,0,0,0,24,2965,16,112,1285,0.9946037099494098
examples/regalloc/189-instcombine-llvm-operator-n9-d16.pbqp,9,25,3000,dense,16539.0,12519.0,12655.0,16307.0,18692.0,4315.0,0.0,0.0,0.0,0.0,13101.0,0.0,17517.0,12742.0,12878.0,16935.0,20234.0,699.0,3167.0,1519.0,3916.0,62.0,12801.0,0.0,15369.0,11967.0,12119.0,15197.0,17022.0,695.0,2020.0,1587.0,3931.0,66.0,12406.0,0.0,12007.0,8390.0,8526.0,11883.0,13746.0,730.0,2098.0,1657.0,4407.0,69.0,8499.0,0.0,9633.0,6476.0,6612.0,9406.0,11164.0,735.0,2134.0,1543.0,4201.0,41.0,3803.0,4072.0,2453,292.37187127532775,18729,2232.300357568534,12007.0,8390.0,3617.0,32163.0,12288.0,7305.0,874.0,8,81,48,5614,26816,6638.0,0,1,49,180.0,252,336,2695,0,0,0,0.0,0,0,0,0.0,0,0,0,1,240,1084,354.0,15,1,240,354.0,1084,0,240,0,0,0,0.0,0,0,0,0.0,0,0,0,49,5854,15,336,2935,0.9974376494704476
examples/regalloc/190-instcombine-llvm-operator-n8-d16.pbqp,8,19,2000,dense,15475.0,12028.0,12147.0,15134.0,17353.0,3469.0,0.0,0.0,0.0,0.0,12080.0,0.0,15351.0,11861.0,11980.0,15258.0,17069.0,620.0,2389.0,1151.0,3472.0,39.0,11751.0,0.0,15841.0,11572.0,11691.0,14715.0,19308.0,645.0,1523.0,1159.0,3279.0,39.0,11505.0,0.0,10619.0,7543.0,7662.0,10396.0,12095.0,640.0,1611.0,1215.0,3560.0,36.0,7850.0,0.0,8576.0,5758.0,5877.0,8513.0,10156.0,620.0,1675.0,1151.0,3636.0,67.0,3351.0,3247.0,2206,292.45658226169957,16731,2218.082990852446,10619.0,7543.0,3076.0,29595.0,10830.0,6732.0,827.0,7,69,42,5089,24248,5631.0,0,1,49,173.0,252,336,2170,0,0,0,0.0,0,0,0,0.0,0,0,0,1,240,1084,345.0,15,1,240,345.0,1084,0,240,0,0,0,0.0,0,0,0,0.0,0,0,0,43,5329,15,336,2410,0.9971852129855507
examples/regalloc/191-instcombine-llvm-operator-n5-d16.pbqp,5,10,2000,dense,8415.0,6607.0,6675.0,8189.0,8924.0,1730.0,0.0,0.0,0.0,0.0,6549.0,0.0,7925.0,6126.0,6194.0,7706.0,8786.0,387.0,900.0,543.0,2020.0,31.0,6193.0,0.0,8282.0,6500.0,6568.0,8161.0,9076.0,479.0,815.0,634.0,2224.0,31.0,6505.0,0.0,6022.0,4383.0,4451.0,5947.0,6850.0,426.0,751.0,587.0,2111.0,30.0,4439.0,0.0,5277.0,3137.0,3213.0,5060.0,6568.0,430.0,796.0,591.0,2294.0,32.0,1859.0,1753.0,1258,287.01802418434863,9909,2260.7802874743325,6022.0,4383.0,1639.0,20686.0,6966.0,4611.0,550.0,4,46,23,2709,12956,2922.0,0,0,0,0.0,0,112,1029,0,0,0,0.0,0,0,0,0.0,0,0,0,1,256,1152,401.0,16,1,256,401.0,1152,0,256,0,0,0,0.0,0,0,0,0.0,0,0,0,24,2965,16,112,1285,0.9946037099494098
examples/regalloc/192-instcombine-datalayout-gettypesizeinbits-n16-d16.pbqp,16,30,4000,dense,13387.0,7651.0,7889.0,13187.0,17287.0,6031.0,0.0,0.0,0.0,0.0,8017.0,0.0,15957.0,8372.0,8610.0,15467.0,21159.0,1130.0,7800.0,3879.0,4143.0,79.0,8374.0,0.0,11620.0,7823.0,8047.0,10872.0,13087.0,1088.0,3884.0,3630.0,3901.0,79.0,7995.0,0.0,8126.0,5169.0,5407.0,7998.0,9141.0,1175.0,4178.0,3839.0,4102.0,54.0,5848.0,0.0,10843.0,7385.0,7623.0,10515.0,12907.0,1309.0,4795.0,4397.0,4651.0,60.0,3911.0,5779.0,2042,395.0473979493132,15041,2909.847165796092,8126.0,5169.0,2957.0,30896.0,11890.0,7868.0,879.0,14,100,35,4254,20168,7285.0,0,1,49,144.0,252,105,3624,0,0,0,0.0,0,0,0,0.0,0,0,0,0,0,0,0.0,0,0,0,0.0,0,0,0,0,0,0,0.0,0,0,0,0.0,0,0,0,35,4254,0,105,3624,1.0
examples/regalloc/193-instcombine-fneg-match-match-n37-d16.pbqp,37,90,4000,dense,127702.0,57519.0,58114.0,123896.0,136651.0,68613.0,0.0,0.0,0.0,0.0,58592.0,0.0,138589.0,56727.0,57322.0,126199.0,227581.0,2727.0,57823.0,15627.0,18147.0,159.0,56575.0,0.0,73956.0,55893.0,56488.0,73230.0,82178.0,2993.0,17598.0,15362.0,17334.0,132.0,56264.0,0.0,52503.0,32192.0,32787.0,50747.0,58955.0,3053.0,18145.0,15542.0,18359.0,122.0,33560.0,0.0,54558.0,28640.0,29235.0,47252.0,60579.0,2895.0,17566.0,14866.0,18597.0,99.0,15844.0,16763.0,10096,313.6182902584493,73352,2278.5785288270376,52503.0,32192.0,20311.0,94376.0,36237.0,22400.0,2655.0,35,280,193,24757,117468,30066.0,0,3,273,687.0,1332,1968,9925,0,0,0,0.0,0,0,0,0.0,0,0,0,1,256,1152,588.0,16,1,256,588.0,1152,0,256,0,0,0,0.0,0,0,0,0.0,0,0,0,194,25013,16,1968,10181,0.9993603326270339
examples/regalloc/194-instcombine-fneg-match-match-n35-d16.pbqp,35,86,4000,dense,116071.0,48283.0,48844.0,109614.0,121271.0,64071.0,0.0,0.0,0.0,0.0,50456.0,0.0,111377.0,48430.0,48991.0,109809.0,127004.0,2741.0,56357.0,15863.0,17448.0,142.0,47325.0,0.0,69524.0,46740.0,47301.0,64595.0,97228.0,2731.0,16233.0,14680.0,16551.0,96.0,46076.0,0.0,46623.0,27691.0,28318.0,45506.0,52359.0,2654.0,16138.0,14095.0,14993.0,89.0,27010.0,0.0,46929.0,26744.0,27305.0,43585.0,53152.0,2898.0,17594.0,15486.0,17524.0,125.0,14309.0,17107.0,8682,313.5314723195262,64038,2312.592539092124,46623.0,27691.0,18932.0,81272.0,30427.0,20172.0,2312.0,33,248,161,21173,100188,28462.0,0,3,273,701.0,1332,1456,9701,0,0,0,0.0,0,0,0,0.0,0,0,0,1,256,1152,568.0,16,1,256,568.0,1152,0,256,0,0,0,0.0,0,0,0,0.0,0,0,0,162,21429,16,1456,9957,0.999253348266368
examples/regalloc/195-instcombine-fneg-match-match-n35-d16.pbqp,35,86,4000,dense,111735.0,48893.0,49454.0,108384.0,120008.0,64166.0,0.0,0.0,0.0,0.0,49811.0,0.0,111234.0,49240.0,49801.0,109830.0,127332.0,2805.0,58311.0,16232.0,18022.0,110.0,50028.0,0.0,65668.0,47371.0,47932.0,63412.0,72352.0,2647.0,16393.0,14618.0,16835.0,90.0,46173.0,0.0,44656.0,27350.0,27911.0,41927.0,56726.0,2753.0,17184.0,14840.0,15476.0,89.0,28372.0,0.0,47518.0,28255.0,28816.0,44222.0,53773.0,2780.0,17881.0,15071.0,17260.0,125.0,15408.0,16934.0,8682,317.44058500914076,64038,2341.4259597806217,44656.0,27350.0,17306.0,80794.0,30736.0,19777.0,2348.0,33,248,161,21173,100188,28093.0,0,3,273,662.0,1332,1456,9701,0,0,0,0.0,0,0,0,0.0,0,0,0,1,256,1152,547.0,16,1,256,547.0,1152,0,256,0,0,0,0.0,0,0,0,0.0,0,0,0,162,21429,16,1456,9957,0.999253348266368
examples/regalloc/196-instcombine-api-pred-ty-match-n19-d16.pbqp,19,60,8000,dense,38886.0,17057.0,17363.0,36972.0,43161.0,34489.0,0.0,0.0,0.0,0.0,23888.0,0.0,39245.0,16819.0,17125.0,37789.0,46230.0,1509.0,23023.0,7980.0,9183.0,68.0,17456.0,0.0,24944.0,17201.0,17507.0,24082.0,26989.0,1583.0,7920.0,7610.0,9063.0,79.0,17543.0,0.0,18007.0,11215.0,11593.0,17503.0,19886.0,1545.0,7570.0,7387.0,8651.0,56.0,11600.0,0.0,23914.0,20460.0,20766.0,23247.0,26776.0,1731.0,8582.0,8135.0,10082.0,96.0,7874.0,12758.0,3633,323.9411502452073,28222,2516.4511814534108,18007.0,11215.0,6792.0,49066.0,17066.0,13231.0,1529.0,18,148,74,8099,38772,17064.0,0,1,49,236.0,252,273,6083,0,0,0,0.0,0,0,0,0.0,0,0,0,1,112,540,346.0,18,1,112,346.0,540,0,112,0,0,0,0.0,0,0,0,0.0,0,0,0,75,8211,18,273,6195,0.9978078187796858
examples/regalloc/197-instcombine-api-pred-ty-match-n28-d16.pbqp,28,121,8000,dense,119431.0,32011.0,32470.0,115690.0,132712.0,86336.0,0.0,0.0,0.0,0.0,32900.0,0.0,126781.0,32033.0,32492.0,118131.0,145593.0,2484.0,79245.0,17352.0,20263.0,122.0,32570.0,0.0,50897.0,30674.0,31133.0,48126.0,55631.0,2535.0,15843.0,16097.0,18153.0,97.0,31142.0,0.0,38362.0,21386.0,21845.0,37043.0,44035.0,2518.0,15811.0,15898.0,16336.0,86.0,22065.0,0.0,62290.0,43969.0,44428.0,59968.0,72617.0,2870.0,17010.0,17503.0,20604.0,128.0,14694.0,31905.0,6956,325.25951557093424,57159,2672.7298232488542,38362.0,21386.0,16976.0,74079.0,27589.0,18097.0,2112.0,27,258,130,15643,74332,35668.0,0,1,49,259.0,252,161,14299,0,0,0,0.0,0,0,0,0.0,0,0,0,1,112,540,445.0,9,1,112,445.0,540,0,112,0,0,0,0.0,0,0,0,0.0,0,0,0,131,15755,9,161,14411,0.9994287527768962
examples/regalloc/198-instcombine-api-pred-ty-match-n15-d16.pbqp,15,39,4000,dense,28379.0,17394.0,17632.0,26813.0,34906.0,9085.0,0.0,0.0,0.0,0.0,17487.0,0.0,28612.0,17813.0,18051.0,27727.0,35073.0,1153.0,10211.0,4391.0,6041.0,102.0,17777.0,0.0,21591.0,16338.0,16576.0,20797.0,24030.0,1145.0,4335.0,4085.0,5833.0,76.0,16906.0,0.0,15071.0,10164.0,10402.0,14914.0,16760.0,1133.0,4411.0,4075.0,5618.0,84.0,10651.0,0.0,15349.0,10108.0,10346.0,14942.0,19355.0,1180.0,4723.0,4200.0,6064.0,74.0,5415.0,6355.0,3301,324.7737111373475,23818,2343.3687524596617,15071.0,10164.0,4907.0,41755.0,15531.0,11124.0,1121.0,14,109,68,7814,37440,11215.0,0,2,161,555.0,792,592,4118,0,0,0,0.0,0,0,0,0.0,0,0,0,0,0,0,0.0,0,0,0,0.0,0,0,0,0,0,0,0.0,0,0,0,0.0,0,0,0,68,7814,0,592,4118,1.0
examples/regalloc/199-instcombine-oneuse-match-match-n18-d16.pbqp,18,40,0,dense,112384.0,81978.0,82250.0,107881.0,158053.0,18792.0,0.0,0.0,0.0,0.0,80988.0,0.0,105075.0,80243.0,80515.0,100404.0,116813.0,1334.0,13237.0,5224.0,12517.0,84.0,80591.0,0.0,98325.0,76895.0,77167.0,89940.0,124512.0,1445.0,5930.0,5578.0,12829.0,86.0,80078.0,0.0,45257.0,32807.0,33079.0,43685.0,52074.0,1358.0,5658.0,5168.0,11744.0,54.0,33112.0,0.0,33982.0,19682.0,19954.0,31739.0,37115.0,1466.0,5773.0,5140.0,12506.0,79.0,11446.0,10394.0,10322,314.62797573688545,76094,2319.4440210930593,45257.0,32807.0,12450.0,70954.0,31074.0,14168.0,1677.0,16,178,122,30064,135580,19626.0,0,1,240,445.0,1084,1504,8496,0,0,0,0.0,0,0,0,0.0,0,0,0,0,0,0,0.0,0,0,0,0.0,0,0,0,0,0,0,0.0,0,0,0,0.0,0,0,0,122,30064,0,1504,8496,1.0
examples/regalloc/200-instcombine-oneuse-match-match-n18-d16.pbqp,18,40,0,dense,113004.0,84502.0,84774.0,103650.0,177602.0,19261.0,0.0,0.0,0.0,0.0,83574.0,0.0,102794.0,91546.0,91818.0,101193.0,109079.0,1440.0,13426.0,5459.0,13464.0,87.0,85359.0,0.0,105185.0,86028.0,86300.0,102197.0,126415.0,1480.0,6062.0,5555.0,12989.0,97.0,84511.0,0.0,51770.0,34610.0,34882.0,48036.0,65234.0,1366.0,5686.0,5155.0,11652.0,52.0,34624.0,0.0,32134.0,19558.0,19830.0,31538.0,38988.0,1351.0,5774.0,5084.0,12352.0,63.0,11332.0,10318.0,10322,298.23750361167293,76094,2198.6131175960704,51770.0,34610.0,17160.0,72667.0,30799.0,14292.0,1799.0,16,178,122,30064,135580,20150.0,0,1,240,422.0,1084,1504,8496,0,0,0,0.0,0,0,0,0.0,0,0,0,0,0,0,0.0,0,0,0,0.0,0,0,0,0,0,0,0.0,0,0,0,0.0,0,0,0,122,30064,0,1504,8496,1.0
examples/regalloc/201-instcombine-oneuse-match-match-n16-d16.pbqp,16,34,3000,dense,37752.0,27311.0,27596.0,36215.0,43363.0,9584.0,0.0,0.0,0.0,0.0,28004.0,0.0,38690.0,27134.0,27389.0,36709.0,46522.0,1236.0,9036.0,3913.0,7545.0,74.0,28125.0,0.0,33697.0,27203.0,27458.0,32367.0,36991.0,1248.0,4514.0,3754.0,6954.0,72.0,27970.0,0.0,21866.0,14141.0,14396.0,20136.0,26705.0,1232.0,4598.0,3720.0,6952.0,55.0,15480.0,0.0,17019.0,10214.0,10469.0,16380.0,20209.0,1210.0,4440.0,3565.0,7081.0,80.0,6074.0,5863.0,4272,302.1002757937911,31201,2206.421045187752,21866.0,14141.0,7725.0,49486.0,18857.0,13838.0,1411.0,15,127,72,10614,49652,10547.0,0,9,945,996.0,4572,746,4080,0,0,0,0.0,0,0,0,0.0,0,0,0,1,105,508,279.0,15,1,105,279.0,508,0,105,0,0,0,0.0,0,0,0,0.0,0,0,0,73,10719,15,746,4185,0.9986006157290792
examples/regalloc/202-instcombine-oneuse-match-match-n13-d16.pbqp,13,24,4000,dense,28432.0,23052.0,23256.0,28102.0,33522.0,5716.0,0.0,0.0,0.0,0.0,23876.0,0.0,32596.0,23205.0,23409.0,31330.0,34808.0,917.0,3932.0,1819.0,4668.0,60.0,21889.0,0.0,28984.0,23241.0,23445.0,27796.0,33538.0,990.0,2876.0,1922.0,4945.0,74.0,23225.0,0.0,15498.0,10912.0,11116.0,14741.0,20915.0,935.0,2543.0,1856.0,4910.0,47.0,11345.0,0.0,11655.0,7512.0,7716.0,11225.0,13590.0,1007.0,2879.0,1970.0,5205.0,67.0,4969.0,3471.0,3430,314.33284457478004,24046,2203.6290322580644,15498.0,10912.0,4586.0,40328.0,14485.0,9125.0,1171.0,12,90,63,8868,41640,7347.0,0,5,371,1034.0,1836,809,2292,0,0,0,0.0,0,0,0,0.0,0,0,0,0,0,0,0.0,0,0,0,0.0,0,0,0,0,0,0,0.0,0,0,0,0.0,0,0,0,63,8868,0,809,2292,1.0
examples/regalloc/203-instcombine-binaryop-match-match-n49-d16.pbqp,49,139,6000,dense,276949.0,64457.0,65256.0,270780.0,308766.0,214013.0,0.0,0.0,0.0,0.0,65724.0,0.0,277280.0,66126.0,66925.0,273313.0,305372.0,4750.0,199459.0,41897.0,33222.0,229.0,67409.0,0.0,96716.0,59584.0,60383.0,91406.0,105571.0,4525.0,38115.0,39123.0,30170.0,164.0,58402.0,0.0,71871.0,37763.0,38562.0,68652.0,81301.0,4815.0,39069.0,39390.0,28815.0,153.0,38699.0,0.0,82111.0,44513.0,45312.0,80583.0,86824.0,4653.0,39660.0,40129.0,29630.0,203.0,20869.0,29842.0,11388,301.565023965257,87111,2306.7817705161137,71871.0,37763.0,34108.0,112738.0,39911.0,31156.0,3093.0,47,352,213,27070,128332,43617.0,0,4,308,999.0,1520,1421,16798,0,0,0,0.0,0,0,0,0.0,0,0,0,1,210,956,448.0,14,1,210,448.0,956,0,210,0,0,0,0.0,0,0,0,0.0,0,0,0,214,27280,14,1421,17008,0.9994868035190616
examples/regalloc/204-instcombine-binaryop-match-match-n45-d16.pbqp,45,121,6000,dense,235168.0,60601.0,61289.0,220256.0,329994.0,163408.0,0.0,0.0,0.0,0.0,61319.0,0.0,230061.0,59966.0,60697.0,219197.0,245471.0,4087.0,152426.0,35596.0,27060.0,250.0,62738.0,0.0,92876.0,54612.0,55343.0,85196.0,121376.0,3840.0,31378.0,31826.0,24356.0,135.0,55698.0,0.0,69502.0,34348.0,35079.0,59236.0,109552.0,3928.0,31836.0,31170.0,24757.0,123.0,34792.0,0.0,65534.0,36563.0,37294.0,62956.0,77159.0,4188.0,33418.0,32925.0,25381.0,164.0,18942.0,25421.0,10427,303.56934901595434,79158,2304.588331198323,69502.0,34348.0,35154.0,99301.0,36118.0,25117.0,2926.0,43,311,189,25229,119092,38655.0,0,4,315,949.0,1552,1330,14679,0,0,0,0.0,0,0,0,0.0,0,0,0,1,240,1084,557.0,15,1,240,557.0,1084,0,240,0,0,0,0.0,0,0,0,0.0,0,0,0,190,25469,15,1330,14919,0.999411048725902
examples/regalloc/205-instcombine-binaryop-match-match-n17-d16.pbqp,17,36,4000,dense,27768.0,15888.0,16143.0,26399.0,40950.0,9881.0,0.0,0.0,0.0,0.0,15905.0,0.0,27181.0,14939.0,15194.0,25279.0,35650.0,1223.0,11054.0,4922.0,5760.0,82.0,15556.0,0.0,20404.0,15163.0,15418.0,20189.0,22330.0,1282.0,5513.0,5148.0,6136.0,73.0,15944.0,0.0,14044.0,9666.0,9921.0,13760.0,16001.0,1192.0,5150.0,4778.0,5472.0,60.0,9758.0,0.0,14445.0,8981.0,9236.0,14161.0,16441.0,1268.0,5607.0,5051.0,6262.0,86.0,4988.0,5592.0,3085,319.15994206497,22696,2348.0240016552866,14044.0,9666.0,4378.0,39438.0,14018.0,9088.0,1087.0,15,115,60,6858,32892,9303.0,0,0,0,0.0,0,497,3498,0,0,0,0.0,0,0,0,0.0,0,0,0,1,112,540,273.0,16,1,112,273.0,540,0,112,0,0,0,0.0,0,0,0,0.0,0,0,0,61,6970,16,497,3610,0.9977044476327116
examples/regalloc/206-instcombine-binaryop-match-match-n21-d16.pbqp,21,51,4000,dense,44989.0,19770.0,20093.0,42557.0,49036.0,19616.0,0.0,0.0,0.0,0.0,19588.0,0.0,45557.0,20643.0,20966.0,44277.0,51873.0,1654.0,22338.0,8315.0,9229.0,66.0,20361.0,0.0,28344.0,19658.0,19981.0,27819.0,32854.0,1654.0,8419.0,8431.0,9241.0,67.0,20086.0,0.0,21376.0,12411.0,12734.0,19557.0,24137.0,1553.0,8025.0,7908.0,7869.0,92.0,12883.0,0.0,23213.0,14003.0,14326.0,22531.0,25212.0,1580.0,8260.0,8176.0,8780.0,89.0,6815.0,9073.0,4071,328.01547014744983,31725,2556.2001450326325,21376.0,12411.0,8965.0,48625.0,18042.0,11912.0,1360.0,19,150,79,8916,42760,13685.0,0,1,49,189.0,252,434,5409,0,0,0,0.0,0,0,0,0.0,0,0,0,1,240,1084,436.0,15,1,240,436.0,1084,0,240,0,0,0,0.0,0,0,0,0.0,0,0,0,80,9156,15,434,5649,0.9983617300131061
examples/regalloc/207-instcombine-binaryop-match-match-n18-d16.pbqp,18,54,5000,dense,44597.0,22884.0,23156.0,40516.0,51754.0,17065.0,0.0,0.0,0.0,0.0,22605.0,0.0,44335.0,23321.0,23593.0,41796.0,49314.0,1412.0,17798.0,6091.0,9494.0,75.0,22741.0,0.0,28395.0,21157.0,21429.0,27926.0,32771.0,1439.0,6478.0,6008.0,8815.0,80.0,21504.0,0.0,18602.0,12517.0,12789.0,18115.0,24256.0,1322.0,6189.0,5571.0,7418.0,71.0,12946.0,0.0,22492.0,14499.0,14771.0,21283.0,26106.0,1456.0,6659.0,6119.0,8957.0,83.0,6942.0,10612.0,4204,335.8632260126228,32886,2627.306862666773,18602.0,12517.0,6085.0,48690.0,18557.0,11202.0,1562.0,16,147,78,9690,45972,19886.0,0,2,161,664.0,792,336,5802,0,0,0,0.0,0,0,0,0.0,0,0,0,1,256,1152,1111.0,18,1,256,1111.0,1152,0,256,0,0,0,0.0,0,0,0,0.0,0,0,0,79,9946,18,336,6058,0.998190227227026
examples/regalloc/208-instcombine-binaryop-match-match-n28-d16.pbqp,28,83,7000,dense,99505.0,39624.0,40083.0,96400.0,111245.0,57286.0,0.0,0.0,0.0,0.0,40068.0,0.0,104290.0,39455.0,39914.0,94314.0,111231.0,2268.0,53195.0,15240.0,16382.0,108.0,38704.0,0.0,51177.0,35259.0,35691.0,48785.0,57411.0,2330.0,14534.0,13836.0,15120.0,133.0,36927.0,0.0,38243.0,22954.0,23413.0,36547.0,46740.0,2310.0,14367.0,13647.0,13459.0,84.0,23275.0,0.0,45149.0,32225.0,32684.0,41615.0,50209.0,2445.0,15300.0,14093.0,17011.0,133.0,13858.0,18991.0,6840,297.98727890563737,52225,2275.202579071186,38243.0,22954.0,15289.0,77964.0,28892.0,19252.0,2133.0,27,238,134,15519,74248,27670.0,0,9,882,1165.0,4284,858,8883,0,0,0,0.0,0,0,0,0.0,0,0,0,2,361,1660,1147.0,25,2,361,1147.0,1660,0,361,0,0,0,0.0,0,0,0,0.0,0,0,0,136,15880,25,858,9244,0.9984256926952141
examples/regalloc/209-instcombine-binaryop-match-match-n15-d16.pbqp,15,30,4000,dense,29156.0,20502.0,20740.0,27403.0,32274.0,7382.0,0.0,0.0,0.0,0.0,20308.0,0.0,29900.0,19647.0,19885.0,27255.0,36451.0,1103.0,7272.0,3257.0,5347.0,81.0,19551.0,0.0,25387.0,19688.0,19926.0,24759.0,29315.0,1142.0,4024.0,3268.0,5455.0,70.0,19898.0,0.0,16609.0,11665.0,11903.0,15862.0,19973.0,1061.0,3786.0,3060.0,4879.0,49.0,11620.0,0.0,14291.0,8853.0,9091.0,13925.0,16745.0,1201.0,4181.0,3292.0,5781.0,79.0,5356.0,4809.0,3459,296.52807543934847,24296,2082.8118302614657,16609.0,11665.0,4944.0,42888.0,16165.0,10316.0,1284.0,14,111,68,8117,38784,9197.0,0,9,882,1004.0,4284,753,3077,0,0,0,0.0,0,0,0,0.0,0,0,0,1,112,540,284.0,7,1,112,284.0,540,0,112,0,0,0,0.0,0,0,0,0.0,0,0,0,69,8229,7,753,3189,0.9991493498602503
examples/regalloc/210-instcombine-binaryop-match-match-n19-d16.pbqp,19,44,2000,dense,33824.0,19019.0,19308.0,33012.0,37669.0,13914.0,0.0,0.0,0.0,0.0,19133.0,0.0,38949.0,19552.0,19841.0,36350.0,43536.0,1436.0,16738.0,6536.0,7690.0,87.0,20164.0,0.0,27996.0,20834.0,21123.0,27615.0,30483.0,1510.0,6594.0,6180.0,7436.0,73.0,20816.0,0.0,19486.0,12703.0,12992.0,19088.0,21388.0,1401.0,6488.0,6091.0,7025.0,64.0,12914.0,0.0,20802.0,12726.0,13015.0,18376.0,22574.0,1411.0,6816.0,6212.0,7432.0,92.0,6039.0,8938.0,3991,314.1777532866252,29744,2341.494135243643,19486.0,12703.0,6783.0,50636.0,18154.0,11585.0,1328.0,17,131,68,9428,44412,13811.0,0,0,0,0.0,0,497,6068,0,0,0,0.0,0,0,0,0.0,0,0,0,1,112,540,461.0,16,1,112,461.0,540,0,112,0,0,0,0.0,0,0,0,0.0,0,0,0,69,9540,16,497,6180,0.9983228511530399
examples/regalloc/211-instcombine-binaryop-match-match-n19-d16.pbqp,19,44,2000,dense,40183.0,21563.0,21852.0,38708.0,48016.0,14862.0,0.0,0.0,0.0,0.0,20348.0,0.0,38588.0,20067.0,20356.0,36146.0,44544.0,1562.0,17588.0,6921.0,8426.0,103.0,20805.0,0.0,31485.0,22723.0,23012.0,30517.0,44647.0,1394.0,6543.0,6240.0,7452.0,85.0,19816.0,0.0,18350.0,12298.0,12587.0,17379.0,21398.0,1392.0,6371.0,5948.0,6916.0,72.0,12800.0,0.0,19453.0,13137.0,13443.0,18601.0,22176.0,1449.0,6666.0,5958.0,7336.0,77.0,5957.0,9182.0,3991,324.52431289640595,29744,2418.6046511627906,18350.0,12298.0,6052.0,47101.0,17959.0,11039.0,1291.0,17,131,68,9428,44412,13871.0,0,0,0,0.0,0,497,6068,0,0,0,0.0,0,0,0,0.0,0,0,0,1,112,540,360.0,16,1,112,360.0,540,0,112,0,0,0,0.0,0,0,0,0.0,0,0,0,69,9540,16,497,6180,0.9983228511530399
examples/regalloc/212-instcombine-binaryop-match-match-n29-d16.pbqp,29,66,2000,dense,100575.0,53205.0,53664.0,89644.0,111163.0,41121.0,0.0,0.0,0.0,0.0,55093.0,0.0,101509.0,54394.0,54853.0,98110.0,111843.0,2291.0,37811.0,12493.0,14730.0,113.0,55485.0,0.0,70356.0,52721.0,53180.0,68705.0,88847.0,2353.0,12849.0,11850.0,14711.0,94.0,52855.0,0.0,49363.0,35735.0,36194.0,45001.0,78807.0,2347.0,12959.0,11654.0,14113.0,95.0,32058.0,0.0,39487.0,33242.0,33701.0,37768.0,45622.0,2401.0,13489.0,11610.0,15340.0,106.0,15258.0,14411.0,8461,236.7706730096544,61119,1710.3400027983769,49363.0,35735.0,13628.0,81970.0,31454.0,20748.0,2213.0,27,227,157,20996,99236,24758.0,0,4,385,1095.0,1872,1657,8750,0,0,0,0.0,0,0,0,0.0,0,0,0,1,256,1152,692.0,16,1,256,692.0,1152,0,256,0,0,0,0.0,0,0,0,0.0,0,0,0,158,21252,16,1657,9006,0.9992471296819123
examples/regalloc/213-instcombine-binaryop-match-match-n16-d16.pbqp,16,34,4000,dense,34922.0,22135.0,22375.0,33718.0,39095.0,9226.0,0.0,0.0,0.0,0.0,21978.0,0.0,34237.0,22968.0,23223.0,33228.0,41908.0,1297.0,8644.0,3878.0,6731.0,80.0,22594.0,0.0,27003.0,21130.0,21385.0,26445.0,32823.0,1214.0,4485.0,3729.0,6124.0,91.0,21911.0,0.0,19933.0,12316.0,12571.0,17521.0,24348.0,1201.0,4297.0,3645.0,5840.0,105.0,12431.0,0.0,15800.0,9479.0,9734.0,14791.0,17322.0,1202.0,4520.0,3610.0,6358.0,86.0,5688.0,5257.0,3857,313.16986034426765,27203,2208.7528418317634,19933.0,12316.0,7617.0,48356.0,18692.0,11138.0,1392.0,15,127,73,9340,44264,9844.0,0,10,987,1105.0,4792,809,3622,0,0,0,0.0,0,0,0,0.0,0,0,0,0,0,0,0.0,0,0,0,0.0,0,0,0,0,0,0,0.0,0,0,0,0.0,0,0,0,73,9340,0,809,3622,1.0
examples/regalloc/214-instcombine-binaryop-match-match-n17-d16.pbqp,17,41,3000,dense,45812.0,28926.0,29198.0,42473.0,53179.0,13713.0,0.0,0.0,0.0,0.0,29170.0,0.0,45495.0,29947.0,30219.0,44760.0,54096.0,1295.0,13633.0,5200.0,7563.0,103.0,28848.0,0.0,36125.0,28271.0,28543.0,35532.0,42602.0,1308.0,5727.0,5296.0,7879.0,73.0,28820.0,0.0,27022.0,18093.0,18365.0,25170.0,31768.0,1310.0,5632.0,5367.0,7357.0,82.0,17555.0,0.0,21280.0,13128.0,13400.0,20206.0,24720.0,1372.0,5759.0,5319.0,8149.0,78.0,7123.0,8247.0,4809,265.7934007627259,34754,1920.8533687061295,27022.0,18093.0,8929.0,50182.0,20232.0,11433.0,1463.0,16,145,79,12094,56352,12643.0,0,3,417,904.0,1944,720,5335,0,0,0,0.0,0,0,0,0.0,0,0,0,0,0,0,0.0,0,0,0,0.0,0,0,0,0,0,0,0.0,0,0,0,0.0,0,0,0,79,12094,0,720,5335,1.0
examples/regalloc/215-instcombine-binaryop-match-match-n41-d16.pbqp,41,108,3000,dense,198324.0,59279.0,59959.0,185066.0,215297.0,128289.0,0.0,0.0,0.0,0.0,59678.0,0.0,205544.0,61868.0,62548.0,196430.0,278752.0,3562.0,123526.0,31453.0,25025.0,159.0,63035.0,0.0,86788.0,58335.0,58975.0,80871.0,110869.0,3335.0,27270.0,26906.0,21493.0,104.0,56857.0,0.0,62530.0,34575.0,35215.0,58774.0,77593.0,3356.0,26990.0,26201.0,20203.0,116.0,33696.0,0.0,70077.0,36023.0,36703.0,63983.0,128395.0,3620.0,28753.0,27572.0,21947.0,140.0,17583.0,23222.0,10413,301.1713665943601,78155,2260.4483007953722,62530.0,34575.0,27955.0,97364.0,37830.0,24300.0,2444.0,40,281,185,25763,121308,36327.0,0,1,112,289.0,540,1579,14525,0,0,0,0.0,0,0,0,0.0,0,0,0,2,224,1080,763.0,32,2,224,763.0,1080,0,224,0,0,0,0.0,0,0,0,0.0,0,0,0,187,25987,32,1579,14749,0.9987686150767692
examples/regalloc/216-instcombine-binaryop-match-match-n15-d16.pbqp,15,30,2000,dense,23377.0,15647.0,15868.0,22997.0,28114.0,6954.0,0.0,0.0,0.0,0.0,15342.0,0.0,23653.0,15358.0,15579.0,22667.0,27159.0,1177.0,8148.0,3562.0,5267.0,67.0,15814.0,0.0,20897.0,15639.0,15860.0,19999.0,22512.0,1125.0,4025.0,3450.0,4830.0,78.0,15288.0,0.0,13815.0,9387.0,9595.0,13296.0,15176.0,1042.0,3767.0,3309.0,4769.0,73.0,9332.0,0.0,12181.0,7827.0,8048.0,11798.0,13353.0,1056.0,4084.0,3434.0,5188.0,78.0,4301.0,4892.0,3005,320.1235751571322,22032,2347.0757430488975,13815.0,9387.0,4428.0,36177.0,13446.0,8047.0,926.0,13,103,54,6932,32908,8264.0,0,0,0,0.0,0,497,3572,0,0,0,0.0,0,0,0,0.0,0,0,0,1,112,540,264.0,16,1,112,264.0,540,0,112,0,0,0,0.0,0,0,0,0.0,0,0,0,55,7044,16,497,3684,0.9977285633162976
examples/regalloc/217-instcombine-binaryop-match-match-n51-d16.pbqp,51,151,3000,dense,317333.0,80898.0,81698.0,302426.0,336412.0,232915.0,0.0,0.0,0.0,0.0,80122.0,0.0,325879.0,80796.0,81646.0,320369.0,339783.0,4849.0,218144.0,43630.0,35425.0,193.0,81068.0,0.0,111441.0,71367.0,72217.0,108579.0,121559.0,4825.0,40196.0,40682.0,33556.0,123.0,72783.0,0.0,92068.0,48588.0,49438.0,86091.0,101519.0,5526.0,42665.0,43399.0,38331.0,261.0,65284.0,0.0,93633.0,54082.0,54932.0,91104.0,102780.0,4762.0,40922.0,40002.0,32300.0,160.0,22783.0,35839.0,14202,292.29439367745124,105614,2173.6642792459043,92068.0,48588.0,43480.0,129706.0,49173.0,31521.0,3526.0,50,420,242,34977,164084,52283.0,0,10,994,1360.0,4824,1737,23259,0,0,0,0.0,0,0,0,0.0,0,0,0,1,256,1152,612.0,16,1,256,612.0,1152,0,256,0,0,0,0.0,0,0,0,0.0,0,0,0,243,35233,16,1737,23515,0.9995458802826895
examples/regalloc/218-instcombine-binaryop-match-match-n28-d16.pbqp,28,68,4000,dense,79770.0,40937.0,41396.0,77435.0,89757.0,36583.0,0.0,0.0,0.0,0.0,41338.0,0.0,82102.0,40210.0,40669.0,76797.0,91066.0,2237.0,34502.0,11531.0,14081.0,113.0,42044.0,0.0,53046.0,38571.0,39030.0,49345.0,60297.0,2183.0,11491.0,10374.0,13500.0,97.0,39767.0,0.0,33414.0,21519.0,21978.0,32920.0,36311.0,2062.0,11035.0,9627.0,12161.0,115.0,22091.0,0.0,37622.0,21170.0,21629.0,35634.0,40593.0,2646.0,12873.0,11758.0,15603.0,180.0,12801.0,12897.0,7023,326.3627491983828,51719,2403.410939170036,33414.0,21519.0,11895.0,73815.0,28022.0,17918.0,1967.0,27,209,136,16734,79684,22289.0,0,3,210,831.0,1044,1323,6924,0,0,0,0.0,0,0,0,0.0,0,0,0,1,256,1152,842.0,16,1,256,842.0,1152,0,256,0,0,0,0.0,0,0,0,0.0,0,0,0,137,16990,16,1323,7180,0.9990582695703355
examples/regalloc/219-instcombine-binaryop-match-match-n15-d16.pbqp,15,29,2000,dense,30128.0,23647.0,23885.0,29715.0,33311.0,6836.0,0.0,0.0,0.0,0.0,24925.0,0.0,34627.0,25709.0,25947.0,33103.0,37108.0,1109.0,5264.0,2216.0,6392.0,61.0,25935.0,0.0,31016.0,24585.0,24823.0,30834.0,33741.0,1112.0,3281.0,2214.0,6455.0,91.0,25391.0,0.0,20389.0,14119.0,14357.0,19628.0,23398.0,1059.0,2986.0,1981.0,5992.0,72.0,14256.0,0.0,14843.0,8807.0,9045.0,14696.0,17426.0,1072.0,3257.0,2020.0,6336.0,95.0,5826.0,3822.0,4182,296.1966144911113,30200,2138.961682838728,20389.0,14119.0,6270.0,46889.0,17246.0,12359.0,1195.0,14,113,82,10161,48376,8573.0,0,2,161,360.0,792,987,2421,0,0,0,0.0,0,0,0,0.0,0,0,0,1,256,1152,457.0,16,1,256,457.0,1152,0,256,0,0,0,0.0,0,0,0,0.0,0,0,0,83,10417,16,987,2677,0.9984640491504272
examples/regalloc/220-instcombine-binaryop-match-match-n45-d16.pbqp,45,132,6000,dense,259356.0,78293.0,79173.0,252937.0,272195.0,185854.0,0.0,0.0,0.0,0.0,80337.0,0.0,275084.0,81108.0,81812.0,264042.0,287883.0,4216.0,179024.0,37432.0,31482.0,184.0,81329.0,0.0,115734.0,76566.0,77314.0,111594.0,119308.0,4266.0,33845.0,35173.0,30046.0,162.0,77503.0,0.0,96102.0,49486.0,50234.0,87107.0,151144.0,4270.0,34022.0,35714.0,30511.0,173.0,49193.0,0.0,79918.0,42985.0,43733.0,77621.0,85201.0,4747.0,35155.0,35770.0,31211.0,257.0,21179.0,30729.0,12183,246.1908418542618,90871,1836.297134543103,96102.0,49486.0,46616.0,116826.0,43325.0,28873.0,3486.0,44,370,204,30270,141388,46761.0,0,5,641,1739.0,3024,1417,17457,0,0,0,0.0,0,0,0,0.0,0,0,0,0,0,0,0.0,0,0,0,0.0,0,0,0,0,0,0,0.0,0,0,0,0.0,0,0,0,204,30270,0,1417,17457,1.0
examples/regalloc/221-instcombine-binaryop-match-match-n27-d16.pbqp,27,83,6000,dense,95332.0,36631.0,37056.0,92229.0,117063.0,54137.0,0.0,0.0,0.0,0.0,35391.0,0.0,96637.0,35373.0,35798.0,95539.0,101612.0,2281.0,52550.0,13667.0,15041.0,128.0,35644.0,0.0,49938.0,40990.0,41415.0,48202.0,95609.0,2238.0,13898.0,14022.0,14915.0,110.0,35451.0,0.0,40201.0,21764.0,22189.0,35544.0,52215.0,2259.0,13657.0,13913.0,13387.0,83.0,21741.0,0.0,36755.0,31789.0,32189.0,35586.0,41658.0,2412.0,14465.0,14254.0,15245.0,100.0,11495.0,18919.0,6388,293.5122220180114,48655,2235.572505054218,40201.0,21764.0,18437.0,71421.0,26071.0,19203.0,2052.0,25,215,112,15356,72156,23845.0,0,2,305,725.0,1404,585,9542,0,0,0,0.0,0,0,0,0.0,0,0,0,0,0,0,0.0,0,0,0,0.0,0,0,0,0,0,0,0.0,0,0,0,0.0,0,0,0,112,15356,0,585,9542,1.0
examples/regalloc/222-instcombine-binaryop-match-match-n33-d16.pbqp,33,113,10000,dense,138057.0,40277.0,40804.0,132119.0,144487.0,90717.0,0.0,0.0,0.0,0.0,40538.0,0.0,137378.0,40520.0,41047.0,132280.0,148371.0,3172.0,88377.0,21887.0,23174.0,182.0,44577.0,0.0,56831.0,35611.0,36138.0,54214.0,62937.0,2953.0,19167.0,18841.0,20407.0,93.0,38544.0,0.0,46284.0,24394.0,24921.0,42997.0,53975.0,2948.0,19031.0,18235.0,18157.0,113.0,25498.0,0.0,54288.0,31505.0,32032.0,52891.0,60221.0,2956.0,19665.0,18714.0,19503.0,151.0,14913.0,21146.0,7898,323.7681397064852,61005,2500.819873739444,46284.0,24394.0,21890.0,87534.0,30677.0,20809.0,2444.0,31,289,156,17992,85928,32025.0,0,3,210,773.0,1044,777,11458,0,0,0,0.0,0,0,0,0.0,0,0,0,1,256,1152,542.0,31,1,256,542.0,1152,0,256,0,0,0,0.0,0,0,0,0.0,0,0,0,157,18248,31,777,11714,0.9983011836913634
examples/regalloc/223-instcombine-binaryop-match-match-n16-d16.pbqp,16,28,2000,dense,32114.0,24811.0,25049.0,31667.0,33400.0,6410.0,0.0,0.0,0.0,0.0,24598.0,0.0,30365.0,23221.0,23459.0,29220.0,35296.0,1191.0,4853.0,2112.0,5322.0,72.0,23970.0,0.0,30103.0,24402.0,24626.0,29719.0,38554.0,1165.0,3125.0,2174.0,5517.0,80.0,23922.0,0.0,16529.0,11907.0,12145.0,16164.0,20205.0,1058.0,2993.0,2123.0,4952.0,48.0,12055.0,0.0,12455.0,7736.0,7974.0,12134.0,13925.0,1109.0,3306.0,2152.0,5499.0,59.0,5468.0,3586.0,3668,308.05408583186363,26058,2188.4605694129505,16529.0,11907.0,4622.0,41297.0,15644.0,10211.0,1067.0,14,102,68,9274,43700,8030.0,0,3,259,582.0,1268,868,2626,0,0,0,0.0,0,0,0,0.0,0,0,0,0,0,0,0.0,0,0,0,0.0,0,0,0,0,0,0,0.0,0,0,0,0.0,0,0,0,68,9274,0,868,2626,1.0
examples/regalloc/224-instcombine-binaryop-match-match-n14-d16.pbqp,14,36,6000,dense,29039.0,19230.0,19451.0,28414.0,34934.0,8394.0,0.0,0.0,0.0,0.0,19874.0,0.0,31318.0,18545.0,18753.0,27212.0,34581.0,1044.0,8003.0,3327.0,5997.0,54.0,19213.0,0.0,24357.0,19452.0,19673.0,23304.0,29832.0,1123.0,4089.0,3466.0,5959.0,71.0,19425.0,0.0,16447.0,10548.0,10769.0,15536.0,20216.0,1077.0,3887.0,3169.0,6002.0,69.0,10606.0,0.0,17761.0,12066.0,12326.0,17230.0,20491.0,1645.0,5405.0,4205.0,8035.0,128.0,7736.0,7742.0,3455,327.550246492226,24445,2317.500948047023,16447.0,10548.0,5899.0,44562.0,16882.0,10681.0,1286.0,13,125,70,8173,38952,12892.0,0,2,224,730.0,1080,624,3277,0,0,0,0.0,0,0,0,0.0,0,0,0,0,0,0,0.0,0,0,0,0.0,0,0,0,0,0,0,0.0,0,0,0,0.0,0,0,0,70,8173,0,624,3277,1.0
examples/regalloc/225-instcombine-binaryop-match-match-n14-d16.pbqp,14,36,6000,dense,27764.0,18782.0,19003.0,26395.0,32792.0,7955.0,0.0,0.0,0.0,0.0,19366.0,0.0,27478.0,18628.0,18836.0,26927.0,33101.0,1018.0,7729.0,3174.0,5735.0,56.0,18781.0,0.0,23201.0,18127.0,18348.0,22813.0,26134.0,975.0,3817.0,3159.0,5325.0,72.0,18125.0,0.0,16961.0,11236.0,11457.0,16433.0,20273.0,1033.0,3860.0,3268.0,5721.0,74.0,10699.0,0.0,15634.0,9348.0,9569.0,14223.0,18203.0,1063.0,3799.0,3159.0,5849.0,55.0,5288.0,5794.0,3455,307.4937700249199,24445,2175.5962976148094,16961.0,11236.0,5725.0,43985.0,17045.0,10573.0,1238.0,13,125,70,8173,38952,13962.0,0,2,224,796.0,1080,624,3277,0,0,0,0.0,0,0,0,0.0,0,0,0,0,0,0,0.0,0,0,0,0.0,0,0,0,0,0,0,0.0,0,0,0,0.0,0,0,0,70,8173,0,624,3277,1.0
examples/regalloc/226-instcombine-binaryop-match-match-n17-d16.pbqp,17,41,3000,dense,28133.0,15878.0,16133.0,27744.0,30436.0,11790.0,0.0,0.0,0.0,0.0,15621.0,0.0,30977.0,15295.0,15550.0,29345.0,36096.0,1247.0,13312.0,5431.0,6632.0,73.0,15406.0,0.0,20278.0,14734.0,14989.0,19404.0,22926.0,1246.0,5668.0,5406.0,6484.0,71.0,15099.0,0.0,14748.0,10112.0,10367.0,14426.0,16362.0,1477.0,6384.0,6162.0,6715.0,125.0,11219.0,0.0,16305.0,10712.0,10967.0,15954.0,18419.0,1355.0,5739.0,5485.0,6189.0,58.0,4816.0,7768.0,2992,295.88607594936707,24120,2385.284810126582,14748.0,10112.0,4636.0,36374.0,13140.0,9300.0,978.0,15,107,51,6789,32020,10695.0,0,1,112,187.0,540,161,4665,0,0,0,0.0,0,0,0,0.0,0,0,0,1,98,476,224.0,14,1,98,224.0,476,0,98,0,0,0,0.0,0,0,0,0.0,0,0,0,52,6887,14,161,4763,0.9979671845506026
examples/regalloc/227-instcombine-binaryop-match-match-n31-d16.pbqp,31,95,9000,dense,117222.0,35225.0,35735.0,111946.0,123865.0,84527.0,0.0,0.0,0.0,0.0,39089.0,0.0,119251.0,36451.0,36961.0,117072.0,122705.0,2671.0,72760.0,19595.0,17516.0,131.0,35852.0,0.0,52196.0,37762.0,38242.0,48859.0,74742.0,2622.0,17825.0,18283.0,16698.0,103.0,33981.0,0.0,39027.0,21457.0,21967.0,36506.0,45338.0,2612.0,18129.0,18349.0,15630.0,97.0,21879.0,0.0,43716.0,26398.0,26908.0,42219.0,49300.0,3070.0,21143.0,20082.0,19528.0,194.0,15117.0,23021.0,6642,309.5493312205807,50461,2351.726709232418,39027.0,21457.0,17570.0,77708.0,27510.0,18917.0,2288.0,30,236,133,15353,73220,31228.0,0,1,112,365.0,540,746,10733,0,0,0,0.0,0,0,0,0.0,0,0,0,1,49,252,443.0,7,1,49,443.0,252,0,49,0,0,0,0.0,0,0,0,0.0,0,0,0,134,15402,7,746,10782,0.9995455135696663
examples/regalloc/228-instcombine-binaryop-match-match-n31-d16.pbqp,31,95,9000,dense,109529.0,33532.0,34042.0,105321.0,125367.0,71544.0,0.0,0.0,0.0,0.0,33713.0,0.0,111948.0,34921.0,35431.0,110331.0,116236.0,2574.0,67824.0,18589.0,16612.0,152.0,34108.0,0.0,51260.0,31506.0,32016.0,48847.0,59754.0,2644.0,18005.0,18525.0,17266.0,133.0,32088.0,0.0,37874.0,20961.0,21471.0,34403.0,47884.0,2759.0,17888.0,18138.0,15127.0,119.0,21558.0,0.0,47227.0,32034.0,32604.0,43222.0,99683.0,2806.0,18635.0,18352.0,16890.0,90.0,13032.0,20715.0,6642,316.8741949334478,50461,2407.37560230905,37874.0,20961.0,16913.0,73772.0,26184.0,17564.0,2049.0,30,236,133,15353,73220,29169.0,0,1,112,375.0,540,746,10733,0,0,0,0.0,0,0,0,0.0,0,0,0,1,49,252,362.0,7,1,49,362.0,252,0,49,0,0,0,0.0,0,0,0,0.0,0,0,0,134,15402,7,746,10782,0.9995455135696663
examples/regalloc/229-instcombine-binaryop-match-match-n29-d16.pbqp,29,73,4000,dense,112712.0,57078.0,57537.0,106114.0,161535.0,50404.0,0.0,0.0,0.0,0.0,57322.0,0.0,114887.0,55975.0,56434.0,111575.0,138135.0,2252.0,44582.0,14035.0,15885.0,128.0,55891.0,0.0,71496.0,51179.0,51638.0,65705.0,80176.0,2359.0,13906.0,13894.0,14830.0,93.0,52234.0,0.0,39116.0,39735.0,40194.0,38606.0,44702.0,2235.0,13438.0,13244.0,14428.0,93.0,25252.0,0.0,45375.0,23770.0,24229.0,42831.0,61779.0,2379.0,14512.0,13802.0,14871.0,126.0,12309.0,15375.0,8394,211.2495281238203,60923,1533.2326664149994,39116.0,39735.0,0.0,79724.0,30743.0,17831.0,2142.0,27,219,136,21866,101504,23940.0,0,3,417,838.0,1944,1289,9956,0,0,0,0.0,0,0,0,0.0,0,0,0,0,0,0,0.0,0,0,0,0.0,0,0,0,0,0,0,0.0,0,0,0,0.0,0,0,0,136,21866,0,1289,9956,1.0
examples/regalloc/230-instcombine-binaryop-match-match-n17-d16.pbqp,17,51,5000,dense,33309.0,16617.0,16872.0,31643.0,49468.0,14211.0,0.0,0.0,0.0,0.0,16757.0,0.0,33495.0,16983.0,17238.0,32416.0,37751.0,1749.0,20837.0,6545.0,10235.0,160.0,23925.0,0.0,21953.0,15992.0,16247.0,21443.0,24392.0,1298.0,5863.0,5311.0,6847.0,71.0,15930.0,0.0,19161.0,11239.0,11494.0,18162.0,23439.0,1293.0,5779.0,5274.0,6521.0,122.0,11301.0,0.0,21033.0,13646.0,13901.0,19868.0,25833.0,1314.0,5990.0,5469.0,7020.0,122.0,6158.0,9615.0,3566,317.2880149479491,26534,2360.8861998398434,19161.0,11239.0,7922.0,47062.0,17705.0,10998.0,1363.0,15,150,70,7923,37948,13972.0,0,2,161,574.0,792,368,5571,0,0,0,0.0,0,0,0,0.0,0,0,0,0,0,0,0.0,0,0,0,0.0,0,0,0,0,0,0,0.0,0,0,0,0.0,0,0,0,70,7923,0,368,5571,1.0
examples/regalloc/231-instcombine-binaryop-match-match-n33-d16.pbqp,33,109,8000,dense,132374.0,42967.0,43556.0,129009.0,153788.0,93923.0,0.0,0.0,0.0,0.0,43338.0,0.0,139953.0,40156.0,40683.0,130936.0,151405.0,2818.0,83443.0,19428.0,19496.0,129.0,41162.0,0.0,68160.0,39580.0,40107.0,61840.0,123550.0,2824.0,19048.0,18756.0,18653.0,91.0,38508.0,0.0,43214.0,24549.0,25076.0,42136.0,48764.0,2866.0,19516.0,18845.0,17826.0,113.0,25657.0,0.0,53728.0,32026.0,32522.0,51814.0,61601.0,2913.0,20208.0,19619.0,19890.0,137.0,14930.0,22758.0,7916,322.4571265632001,61366,2499.7352234306895,43214.0,24549.0,18665.0,84816.0,29932.0,22273.0,2730.0,31,269,153,18466,87872,32213.0,0,2,161,474.0,792,777,11932,0,0,0,0.0,0,0,0,0.0,0,0,0,1,256,1152,640.0,18,1,256,640.0,1152,0,256,0,0,0,0.0,0,0,0,0.0,0,0,0,154,18722,18,777,12188,0.9990385642559556
examples/regalloc/232-instcombine-binaryop-match-match-n26-d16.pbqp,26,77,9000,dense,81446.0,32139.0,32564.0,75707.0,89833.0,44989.0,0.0,0.0,0.0,0.0,33772.0,0.0,94957.0,35303.0,35728.0,82913.0,118512.0,2156.0,42958.0,12965.0,14765.0,95.0,34273.0,0.0,47251.0,31622.0,32047.0,45475.0,51363.0,2033.0,12209.0,12164.0,12156.0,87.0,30221.0,0.0,31043.0,17837.0,18262.0,29903.0,34780.0,2362.0,13000.0,12630.0,14642.0,115.0,19054.0,0.0,34802.0,22210.0,22635.0,33906.0,38070.0,2228.0,13336.0,12646.0,14420.0,111.0,11706.0,16127.0,5672,317.9906935022706,42747,2396.5352918091608,31043.0,17837.0,13206.0,69538.0,24558.0,18555.0,2088.0,25,189,120,13321,63752,23928.0,0,2,161,615.0,792,858,7165,0,0,0,0.0,0,0,0,0.0,0,0,0,1,49,252,399.0,7,1,49,399.0,252,0,49,0,0,0,0.0,0,0,0,0.0,0,0,0,121,13370,7,858,7214,0.9994764397905759
examples/regalloc/233-instcombine-binaryop-match-match-n17-d16.pbqp,17,45,2000,dense,54814.0,35460.0,35732.0,52318.0,60503.0,16614.0,0.0,0.0,0.0,0.0,35915.0,0.0,56278.0,35494.0,35766.0,53164.0,65609.0,1340.0,15599.0,5947.0,9777.0,94.0,36236.0,0.0,41851.0,32304.0,32576.0,39907.0,45788.0,1322.0,5964.0,5703.0,9103.0,56.0,34283.0,0.0,31932.0,18838.0,19110.0,27818.0,36199.0,1321.0,5836.0,5460.0,8345.0,88.0,18626.0,0.0,23470.0,14761.0,15033.0,22237.0,28563.0,1346.0,5892.0,5410.0,8619.0,56.0,7812.0,9895.0,5609,297.74923027922284,40675,2159.199490391761,31932.0,18838.0,13094.0,55529.0,21436.0,12792.0,1547.0,16,148,83,14851,68368,15497.0,0,3,417,947.0,1944,720,7228,0,0,0,0.0,0,0,0,0.0,0,0,0,0,0,0,0.0,0,0,0,0.0,0,0,0,0,0,0,0.0,0,0,0,0.0,0,0,0,83,14851,0,720,7228,1.0
examples/regalloc/234-instcombine-binaryop-match-match-n19-d16.pbqp,19,60,5000,dense,36877.0,15161.0,15450.0,35484.0,40781.0,33664.0,0.0,0.0,0.0,0.0,19970.0,0.0,35578.0,14812.0,15101.0,33936.0,41373.0,1452.0,21775.0,7504.0,8479.0,66.0,15464.0,0.0,29845.0,23262.0,23551.0,29764.0,31951.0,1722.0,8656.0,7799.0,7855.0,82.0,23678.0,0.0,17822.0,11492.0,11764.0,17424.0,18239.0,1495.0,7379.0,7062.0,7410.0,83.0,11416.0,0.0,21795.0,14870.0,15159.0,20749.0,24208.0,1535.0,7546.0,7288.0,7866.0,76.0,6211.0,11861.0,3580,311.52105812739296,28803,2506.352245040028,17822.0,11492.0,6330.0,47851.0,17015.0,11726.0,1360.0,17,147,64,7754,36832,15536.0,0,0,0,0.0,0,49,7124,0,0,0,0.0,0,0,0,0.0,0,0,0,1,105,508,247.0,7,1,105,247.0,508,0,105,0,0,0,0.0,0,0,0,0.0,0,0,0,65,7859,7,49,7229,0.9991093014378419
examples/regalloc/235-instcombine-binaryop-match-match-n35-d16.pbqp,35,101,9000,dense,148063.0,48414.0,48992.0,142641.0,153726.0,91347.0,0.0,0.0,0.0,0.0,48624.0,0.0,163201.0,52262.0,52840.0,155260.0,199390.0,2912.0,83582.0,20908.0,19641.0,135.0,50064.0,0.0,67696.0,44993.0,45571.0,65769.0,77448.0,3079.0,21144.0,21261.0,19013.0,95.0,45645.0,0.0,45720.0,26874.0,27452.0,42564.0,52204.0,2910.0,20154.0,20063.0,17674.0,120.0,27798.0,0.0,57636.0,34035.0,34613.0,50858.0,97787.0,3059.0,21551.0,20998.0,19644.0,108.0,15836.0,20820.0,8278,308.0300662350227,61361,2283.2849594403515,45720.0,26874.0,18846.0,86819.0,32627.0,21023.0,2463.0,34,271,163,19721,93704,31431.0,0,3,336,883.0,1620,1226,11213,0,0,0,0.0,0,0,0,0.0,0,0,0,1,49,252,302.0,7,1,49,302.0,252,0,49,0,0,0,0.0,0,0,0,0.0,0,0,0,164,19770,7,1226,11262,0.999645928174001
examples/regalloc/236-instcombine-binaryop-match-match-n18-d16.pbqp,18,49,2000,dense,62069.0,41543.0,41832.0,59166.0,89632.0,21329.0,0.0,0.0,0.0,0.0,40574.0,0.0,60846.0,36847.0,37136.0,58253.0,67498.0,1337.0,18123.0,6536.0,9531.0,99.0,35894.0,0.0,47641.0,36004.0,36293.0,46733.0,52283.0,1428.0,6758.0,6689.0,10061.0,78.0,35886.0,0.0,28304.0,19685.0,19974.0,27346.0,33162.0,1720.0,7357.0,7077.0,11374.0,120.0,29930.0,0.0,25435.0,17603.0,17892.0,24904.0,29355.0,1576.0,7194.0,6778.0,11037.0,89.0,8548.0,12194.0,5896,299.5173990347981,42964,2182.5755651511304,28304.0,19685.0,8619.0,55951.0,23342.0,12557.0,1446.0,17,156,87,15587,71752,17314.0,0,3,417,1003.0,1944,720,7964,0,0,0,0.0,0,0,0,0.0,0,0,0,0,0,0,0.0,0,0,0,0.0,0,0,0,0,0,0,0.0,0,0,0,0.0,0,0,0,87,15587,0,720,7964,1.0
examples/regalloc/237-instcombine-binaryop-match-match-n27-d16.pbqp,27,73,2000,dense,101339.0,46308.0,46750.0,97873.0,128166.0,48501.0,0.0,0.0,0.0,0.0,49466.0,0.0,101483.0,48974.0,49416.0,98412.0,129013.0,2203.0,47895.0,13983.0,15237.0,145.0,50680.0,0.0,62633.0,44634.0,45076.0,61086.0,64437.0,2193.0,13758.0,13767.0,14663.0,111.0,45021.0,0.0,36746.0,23547.0,23989.0,35354.0,45257.0,2069.0,13039.0,12823.0,12706.0,90.0,23955.0,0.0,39370.0,23771.0,24265.0,37869.0,42771.0,2205.0,13746.0,13166.0,14003.0,112.0,11092.0,15656.0,7509,318.89412664033637,55597,2361.107572089863,36746.0,23547.0,13199.0,67754.0,26977.0,15744.0,1834.0,26,197,118,19508,90416,23732.0,0,3,417,861.0,1944,921,10814,0,0,0,0.0,0,0,0,0.0,0,0,0,0,0,0,0.0,0,0,0,0.0,0,0,0,0,0,0,0.0,0,0,0,0.0,0,0,0,118,19508,0,921,10814,1.0
examples/regalloc/238-instcombine-binaryop-match-match-n19-d16.pbqp,19,39,4000,dense,32940.0,19298.0,19587.0,31215.0,39883.0,21870.0,0.0,0.0,0.0,0.0,29475.0,0.0,31731.0,18556.0,18845.0,30367.0,36382.0,1346.0,11767.0,4904.0,6804.0,83.0,18771.0,0.0,24526.0,18287.0,18576.0,24265.0,27539.0,1370.0,5917.0,5108.0,6632.0,87.0,19344.0,0.0,18137.0,12123.0,12429.0,17868.0,20019.0,1322.0,5690.0,4857.0,6043.0,55.0,12477.0,0.0,16027.0,9977.0,10266.0,15418.0,18506.0,1384.0,5994.0,4968.0,7121.0,101.0,5795.0,6127.0,3777,311.5565454095521,27777,2291.264538480574,18137.0,12123.0,6014.0,55023.0,18847.0,14241.0,1727.0,17,131,72,8521,40748,11008.0,0,0,0,0.0,0,658,3901,0,0,0,0.0,0,0,0,0.0,0,0,0,2,210,1016,538.0,22,2,210,538.0,1016,0,210,0,0,0,0.0,0,0,0,0.0,0,0,0,74,8731,22,658,4111,0.9974802428129653
examples/regalloc/239-instcombine-binaryop-match-match-n37-d16.pbqp,37,123,10000,dense,183830.0,50352.0,50947.0,175523.0,254569.0,121859.0,0.0,0.0,0.0,0.0,49033.0,0.0,168036.0,49077.0,49672.0,164220.0,177774.0,3320.0,113586.0,25319.0,24267.0,130.0,49881.0,0.0,65962.0,44609.0,45169.0,65222.0,71331.0,3418.0,24351.0,23711.0,23894.0,123.0,45639.0,0.0,51941.0,28865.0,29425.0,51184.0,59091.0,3393.0,24299.0,23055.0,21446.0,93.0,29348.0,0.0,63677.0,36263.0,36858.0,62728.0,65421.0,3408.0,24946.0,23512.0,23056.0,168.0,17332.0,23864.0,8984,311.24198856746926,69551,2409.5271089554826,51941.0,28865.0,23076.0,100113.0,38180.0,25516.0,3074.0,35,305,172,21080,100076,35173.0,0,4,322,1063.0,1584,889,13010,0,0,0,0.0,0,0,0,0.0,0,0,0,1,256,1152,539.0,31,1,256,539.0,1152,0,256,0,0,0,0.0,0,0,0,0.0,0,0,0,173,21336,31,889,13266,0.9985470566179228
examples/regalloc/240-instcombine-binaryop-match-match-n20-d16.pbqp,20,49,3000,dense,44688.0,24912.0,25235.0,43889.0,54476.0,20056.0,0.0,0.0,0.0,0.0,25890.0,0.0,51327.0,26475.0,26798.0,48698.0,65941.0,1586.0,21364.0,7241.0,8977.0,69.0,25238.0,0.0,31936.0,23741.0,24102.0,30306.0,36224.0,1539.0,7889.0,7324.0,8368.0,73.0,24209.0,0.0,21809.0,14526.0,14849.0,20861.0,26352.0,1518.0,7687.0,6985.0,7867.0,90.0,14629.0,0.0,22140.0,13834.0,14157.0,21608.0,25436.0,1544.0,7680.0,6830.0,7889.0,68.0,6972.0,9405.0,4508,310.3400798568085,33314,2293.4049290926614,21809.0,14526.0,7283.0,51342.0,19741.0,12442.0,1391.0,19,144,78,10920,51240,14599.0,0,1,112,323.0,540,602,6444,0,0,0,0.0,0,0,0,0.0,0,0,0,1,49,252,233.0,7,1,49,233.0,252,0,49,0,0,0,0.0,0,0,0,0.0,0,0,0,79,10969,7,602,6493,0.9993618379068283
examples/regalloc/241-instcombine-binaryop-match-match-n17-d16.pbqp,17,31,2000,dense,34671.0,25740.0,25995.0,33523.0,39998.0,7792.0,0.0,0.0,0.0,0.0,25329.0,0.0,34627.0,25801.0,26056.0,32840.0,37503.0,1344.0,7793.0,3234.0,6860.0,77.0,26499.0,0.0,30782.0,24595.0,24850.0,29527.0,34912.0,1233.0,4117.0,3139.0,5669.0,57.0,25510.0,0.0,18658.0,11910.0,12165.0,16716.0,21598.0,1134.0,3859.0,2802.0,5640.0,56.0,12167.0,0.0,15410.0,9183.0,9438.0,14930.0,17103.0,1243.0,4235.0,2989.0,6362.0,71.0,5502.0,4640.0,3898,327.2879932829555,27909,2343.3249370277076,18658.0,11910.0,6748.0,42696.0,16433.0,10488.0,1196.0,15,108,71,9882,46476,9208.0,0,3,259,655.0,1268,868,3234,0,0,0,0.0,0,0,0,0.0,0,0,0,0,0,0,0.0,0,0,0,0.0,0,0,0,0,0,0,0.0,0,0,0,0.0,0,0,0,71,9882,0,868,3234,1.0
examples/regalloc/242-instcombine-binaryop-match-match-n17-d16.pbqp,17,31,2000,dense,34929.0,25461.0,25716.0,33625.0,38435.0,7711.0,0.0,0.0,0.0,0.0,25687.0,0.0,34810.0,25230.0,25485.0,33140.0,38762.0,1295.0,6801.0,3078.0,6011.0,69.0,25960.0,0.0,30982.0,24609.0,24864.0,29779.0,34529.0,1211.0,3989.0,3042.0,5942.0,83.0,25516.0,0.0,18262.0,12614.0,12869.0,17717.0,22563.0,1229.0,4001.0,3096.0,5906.0,59.0,13112.0,0.0,14231.0,8836.0,9091.0,13578.0,17790.0,1250.0,4161.0,3117.0,5732.0,93.0,6014.0,4409.0,3898,309.0217218963057,27909,2212.5416204217536,18262.0,12614.0,5648.0,42090.0,16224.0,10193.0,1309.0,15,108,71,9882,46476,9189.0,0,3,259,657.0,1268,868,3234,0,0,0,0.0,0,0,0,0.0,0,0,0,0,0,0,0.0,0,0,0,0.0,0,0,0,0,0,0,0.0,0,0,0,0.0,0,0,0,71,9882,0,868,3234,1.0
examples/regalloc/243-instcombine-binaryop-match-match-n17-d16.pbqp,17,31,2000,dense,34757.0,25128.0,25383.0,33306.0,39934.0,7339.0,0.0,0.0,0.0,0.0,25211.0,0.0,35803.0,24661.0,24916.0,34204.0,41360.0,1316.0,7231.0,3141.0,6435.0,97.0,25397.0,0.0,32181.0,25443.0,25698.0,31166.0,36059.0,1249.0,4020.0,3072.0,5867.0,80.0,25448.0,0.0,27411.0,12779.0,13049.0,20999.0,38411.0,1178.0,3704.0,2782.0,5404.0,81.0,12140.0,0.0,15067.0,8989.0,9244.0,14701.0,16947.0,1216.0,4147.0,2982.0,6059.0,54.0,5598.0,4686.0,3898,305.0316926207058,27909,2183.973706862822,27411.0,12779.0,14632.0,46297.0,19823.0,9729.0,1247.0,15,108,71,9882,46476,9523.0,0,3,259,692.0,1268,868,3234,0,0,0,0.0,0,0,0,0.0,0,0,0,0,0,0,0.0,0,0,0,0.0,0,0,0,0,0,0,0.0,0,0,0,0.0,0,0,0,71,9882,0,868,3234,1.0
examples/regalloc/244-instcombine-binaryop-match-match-n19-d16.pbqp,19,43,2000,dense,56345.0,35841.0,36147.0,53136.0,64523.0,16241.0,0.0,0.0,0.0,0.0,34272.0,0.0,58262.0,34625.0,34931.0,54268.0,64076.0,1465.0,16029.0,6121.0,9602.0,99.0,35506.0,0.0,42845.0,33787.0,34111.0,41200.0,52894.0,1565.0,6667.0,6383.0,10111.0,102.0,34839.0,0.0,30165.0,19762.0,20068.0,27883.0,34155.0,1657.0,6665.0,6029.0,9489.0,100.0,21051.0,0.0,24549.0,14739.0,15045.0,22547.0,31515.0,1444.0,6317.0,5676.0,8712.0,53.0,7799.0,8573.0,5838,295.4154437809938,41013,2075.346624835543,30165.0,19762.0,10403.0,66672.0,24811.0,16482.0,1881.0,18,175,95,14755,68728,14963.0,0,4,529,1205.0,2484,976,6316,0,0,0,0.0,0,0,0,0.0,0,0,0,0,0,0,0.0,0,0,0,0.0,0,0,0,0,0,0,0.0,0,0,0,0.0,0,0,0,95,14755,0,976,6316,1.0
examples/regalloc/245-instcombine-binaryop-match-match-n31-d16.pbqp,31,80,8000,dense,94309.0,32472.0,32982.0,90584.0,100622.0,60172.0,0.0,0.0,0.0,0.0,31711.0,0.0,105854.0,33197.0,33707.0,98310.0,109979.0,2865.0,63294.0,18888.0,16553.0,149.0,33566.0,0.0,47042.0,30066.0,30576.0,45137.0,50716.0,2449.0,16282.0,16135.0,13219.0,87.0,29261.0,0.0,33547.0,18491.0,19001.0,32385.0,39553.0,2535.0,16922.0,16437.0,13011.0,105.0,19356.0,0.0,38998.0,21831.0,22401.0,37671.0,41669.0,2618.0,17378.0,17041.0,14866.0,118.0,10775.0,15014.0,5843,315.9915634633065,44497,2406.413931101617,33547.0,18491.0,15056.0,75197.0,26692.0,19175.0,2213.0,30,210,114,13324,63644,22132.0,0,2,161,511.0,792,714,7798,0,0,0,0.0,0,0,0,0.0,0,0,0,1,112,540,362.0,16,1,112,362.0,540,0,112,0,0,0,0.0,0,0,0,0.0,0,0,0,115,13436,16,714,7910,0.9988091693956535
examples/regalloc/246-instcombine-binaryop-match-match-n24-d16.pbqp,24,69,5000,dense,62580.0,26243.0,26634.0,60874.0,67464.0,35991.0,0.0,0.0,0.0,0.0,26105.0,0.0,68550.0,25693.0,26084.0,62472.0,74095.0,1969.0,36991.0,11863.0,12096.0,73.0,26660.0,0.0,37587.0,24625.0,25016.0,35885.0,41001.0,1993.0,10815.0,11095.0,11349.0,60.0,24518.0,0.0,25405.0,15100.0,15491.0,23228.0,29269.0,1971.0,10823.0,11289.0,10709.0,78.0,15431.0,0.0,27226.0,16962.0,17353.0,26275.0,32536.0,2045.0,11108.0,11011.0,10706.0,100.0,8125.0,12478.0,4718,312.4503311258278,38111,2523.907284768212,25405.0,15100.0,10305.0,51890.0,19222.0,13093.0,1492.0,23,168,88,10622,50564,17171.0,0,1,112,251.0,540,371,7250,0,0,0,0.0,0,0,0,0.0,0,0,0,1,105,508,308.0,15,1,105,308.0,508,0,105,0,0,0,0.0,0,0,0,0.0,0,0,0,89,10727,15,371,7355,0.9986016593642211
examples/regalloc/247-instcombine-binaryop-match-match-n43-d16.pbqp,43,132,4000,dense,232086.0,56660.0,57374.0,230081.0,244705.0,181426.0,0.0,0.0,0.0,0.0,56707.0,0.0,238817.0,55352.0,56150.0,226051.0,255419.0,4132.0,160609.0,34486.0,30102.0,142.0,54948.0,0.0,86231.0,51923.0,52763.0,80556.0,96250.0,4268.0,32381.0,34360.0,28624.0,126.0,52927.0,0.0,68247.0,39389.0,40187.0,63474.0,120247.0,4052.0,30499.0,31139.0,25434.0,127.0,35123.0,0.0,67814.0,38438.0,39152.0,64442.0,73657.0,4333.0,32319.0,33847.0,27789.0,158.0,17607.0,28083.0,10045,255.02043717789232,79316,2013.658635659702,68247.0,39389.0,28858.0,100624.0,35690.0,23753.0,2745.0,42,316,180,23580,111600,39648.0,0,2,161,522.0,792,882,16470,0,0,0,0.0,0,0,0,0.0,0,0,0,1,256,1152,581.0,16,1,256,581.0,1152,0,256,0,0,0,0.0,0,0,0,0.0,0,0,0,181,23836,16,882,16726,0.9993287464339654
examples/regalloc/248-instcombine-binaryop-match-match-n49-d16.pbqp,49,143,0,dense,446197.0,162561.0,163360.0,419904.0,496458.0,263308.0,0.0,0.0,0.0,0.0,166658.0,0.0,448496.0,166816.0,167615.0,442254.0,456105.0,4685.0,234726.0,46171.0,41448.0,239.0,164163.0,0.0,211675.0,160372.0,161171.0,208396.0,223819.0,4865.0,42402.0,44431.0,44432.0,251.0,161638.0,0.0,143119.0,83654.0,84453.0,133478.0,151177.0,4803.0,40305.0,44176.0,41531.0,186.0,82961.0,0.0,117061.0,65361.0,66160.0,113576.0,134921.0,4840.0,40976.0,43280.0,43358.0,199.0,29794.0,39933.0,22647,270.7222607406699,168690,2016.5204293877161,143119.0,83654.0,59465.0,155953.0,65315.0,36025.0,4014.0,47,432,265,65040,293380,65302.0,0,5,1248,2207.0,5624,2226,33152,0,0,0,0.0,0,0,0,0.0,0,0,0,0,0,0,0.0,0,0,0,0.0,0,0,0,0,0,0,0.0,0,0,0,0.0,0,0,0,265,65040,0,2226,33152,1.0
examples/regalloc/249-instcombine-castinst-match-match-n16-d16.pbqp,16,45,3000,dense,43663.0,27413.0,27668.0,42357.0,50893.0,16026.0,0.0,0.0,0.0,0.0,27743.0,0.0,45524.0,26416.0,26671.0,42353.0,52040.0,1210.0,15266.0,5661.0,8975.0,56.0,27197.0,0.0,33772.0,25603.0,25858.0,33170.0,40168.0,1235.0,5378.0,5428.0,7952.0,81.0,25357.0,0.0,23896.0,15534.0,15789.0,21580.0,28595.0,1230.0,5631.0,5636.0,8165.0,73.0,16098.0,0.0,20837.0,13154.0,13409.0,20296.0,22516.0,1187.0,5522.0,5443.0,7517.0,75.0,6460.0,8836.0,4662,300.11587485515645,34149,2198.3391270760912,23896.0,15534.0,8362.0,47983.0,18926.0,11255.0,1326.0,15,142,73,11815,54816,13854.0,0,2,368,791.0,1692,512,6295,0,0,0,0.0,0,0,0,0.0,0,0,0,0,0,0,0.0,0,0,0,0.0,0,0,0,0,0,0,0.0,0,0,0,0.0,0,0,0,73,11815,0,512,6295,1.0
examples/regalloc/250-instcombine-castinst-match-match-n19-d16.pbqp,19,61,0,dense,90714.0,63056.0,63362.0,87249.0,97461.0,26970.0,0.0,0.0,0.0,0.0,61948.0,0.0,92290.0,61825.0,62131.0,89551.0,98662.0,1604.0,24233.0,8139.0,13854.0,110.0,62042.0,0.0,71211.0,58443.0,58749.0,68828.0,79012.0,1546.0,7619.0,7796.0,12974.0,105.0,59225.0,0.0,49833.0,32443.0,32749.0,43872.0,59331.0,1546.0,7655.0,7652.0,13202.0,66.0,32794.0,0.0,44572.0,26704.0,27064.0,39782.0,58304.0,1558.0,7803.0,7692.0,14063.0,67.0,10925.0,19311.0,9143,281.8173411829979,66765,2057.91696205653,49833.0,32443.0,17390.0,66616.0,28891.0,14410.0,1694.0,18,186,103,26320,118452,27213.0,0,3,768,1308.0,3456,768,14800,0,0,0,0.0,0,0,0,0.0,0,0,0,0,0,0,0.0,0,0,0,0.0,0,0,0,0,0,0,0.0,0,0,0,0.0,0,0,0,103,26320,0,768,14800,1.0
examples/regalloc/251-instcombine-castinst-match-match-n19-d16.pbqp,19,61,0,dense,91879.0,60805.0,61111.0,86218.0,104533.0,27712.0,0.0,0.0,0.0,0.0,63327.0,0.0,92734.0,61831.0,62137.0,90036.0,111669.0,1557.0,24206.0,7823.0,13988.0,94.0,61686.0,0.0,70538.0,59325.0,59631.0,69245.0,75217.0,1513.0,7470.0,7558.0,13455.0,94.0,58022.0,0.0,48493.0,32427.0,32733.0,46543.0,55142.0,1567.0,7636.0,7495.0,13598.0,74.0,31051.0,0.0,41294.0,25947.0,26253.0,37206.0,44426.0,1481.0,7303.0,7223.0,12275.0,51.0,10329.0,17875.0,9143,281.95639436272245,66765,2058.9323711721713,48493.0,32427.0,16066.0,75313.0,32231.0,16788.0,2193.0,18,186,103,26320,118452,25605.0,0,3,768,1266.0,3456,768,14800,0,0,0,0.0,0,0,0,0.0,0,0,0,0,0,0,0.0,0,0,0,0.0,0,0,0,0,0,0,0.0,0,0,0,0.0,0,0,0,103,26320,0,768,14800,1.0
examples/regalloc/252-instcombine-cmpclass-match-match-n19-d16.pbqp,19,56,3000,dense,60007.0,32160.0,32466.0,55593.0,68019.0,22633.0,0.0,0.0,0.0,0.0,32736.0,0.0,60607.0,33042.0,33348.0,58574.0,69729.0,1664.0,22747.0,7896.0,11410.0,85.0,33533.0,0.0,41024.0,31185.0,31491.0,39738.0,44626.0,1532.0,7421.0,7264.0,10297.0,89.0,32151.0,0.0,28442.0,19867.0,20173.0,27827.0,31923.0,1588.0,7398.0,7065.0,9793.0,85.0,19649.0,0.0,27879.0,17035.0,17323.0,26510.0,32426.0,1632.0,7778.0,7259.0,10316.0,97.0,8493.0,11564.0,5579,280.81743594906123,41312,2079.4281975134645,28442.0,19867.0,8575.0,57794.0,21596.0,13885.0,1526.0,18,156,94,14167,66156,17721.0,0,10,1138,1494.0,5436,736,7303,0,0,0,0.0,0,0,0,0.0,0,0,0,0,0,0,0.0,0,0,0,0.0,0,0,0,0,0,0,0.0,0,0,0,0.0,0,0,0,94,14167,0,736,7303,1.0
examples/regalloc/253-instcombine-cmpclass-match-match-n22-d16.pbqp,22,68,6000,dense,61105.0,27899.0,28256.0,58551.0,69843.0,28909.0,0.0,0.0,0.0,0.0,27627.0,0.0,64997.0,30008.0,30365.0,62721.0,72058.0,1818.0,30403.0,9429.0,11432.0,92.0,29292.0,0.0,36972.0,26243.0,26600.0,36382.0,40037.0,1899.0,9482.0,9124.0,11146.0,76.0,27536.0,0.0,28717.0,18281.0,18638.0,27269.0,33791.0,1817.0,9562.0,9570.0,11094.0,97.0,18489.0,0.0,30069.0,19524.0,19881.0,28342.0,36363.0,1816.0,9705.0,9027.0,10568.0,84.0,9000.0,13070.0,5261,287.78513210437063,40320,2205.5686231606587,28717.0,18281.0,10436.0,63060.0,22643.0,16137.0,1920.0,21,168,105,12255,58500,19165.0,0,7,784,575.0,3780,690,7593,0,0,0,0.0,0,0,0,0.0,0,0,0,2,161,792,553.0,14,2,161,553.0,792,0,161,0,0,0,0.0,0,0,0,0.0,0,0,0,107,12416,14,690,7754,0.9988724226804123
examples/regalloc/254-instcombine-nnegzext-match-match-n20-d16.pbqp,20,64,3000,dense,66158.0,35737.0,36060.0,63934.0,74569.0,27555.0,0.0,0.0,0.0,0.0,36018.0,0.0,72459.0,36782.0,37105.0,69353.0,79212.0,1631.0,27038.0,8639.0,12662.0,72.0,35702.0,0.0,47779.0,34231.0,34554.0,45238.0,52602.0,1634.0,8325.0,8343.0,11541.0,87.0,34782.0,0.0,33087.0,20554.0,20877.0,30522.0,42057.0,1581.0,8153.0,7828.0,10619.0,89.0,20935.0,0.0,33038.0,21616.0,21939.0,31149.0,57563.0,1664.0,8453.0,8262.0,12219.0,89.0,9550.0,15241.0,6419,312.29930913690765,47505,2311.228957867082,33087.0,20554.0,12533.0,61943.0,25118.0,14931.0,1706.0,19,183,97,16579,76608,21637.0,0,3,417,851.0,1944,624,10387,0,0,0,0.0,0,0,0,0.0,0,0,0,0,0,0,0.0,0,0,0,0.0,0,0,0,0,0,0,0.0,0,0,0,0.0,0,0,0,97,16579,0,624,10387,1.0
examples/regalloc/255-instcombine-threeops-match-match-n22-d16.pbqp,22,61,3000,dense,66758.0,38597.0,38996.0,65121.0,79436.0,26234.0,0.0,0.0,0.0,0.0,38319.0,0.0,70098.0,38640.0,38997.0,67513.0,81904.0,1745.0,27035.0,9335.0,12962.0,95.0,39408.0,0.0,48600.0,37029.0,37386.0,48172.0,57614.0,1702.0,8952.0,8254.0,11400.0,91.0,37120.0,0.0,30127.0,21283.0,21640.0,29454.0,36534.0,1680.0,8737.0,7932.0,11119.0,69.0,21595.0,0.0,30436.0,18805.0,19162.0,29474.0,33964.0,1742.0,8977.0,8118.0,11930.0,71.0,9382.0,12991.0,6438,302.4949490203449,46812,2199.5019499130763,30127.0,21283.0,8844.0,65376.0,25005.0,16992.0,1743.0,21,173,106,16686,77632,19622.0,0,3,417,896.0,1944,928,7950,0,0,0,0.0,0,0,0,0.0,0,0,0,0,0,0,0.0,0,0,0,0.0,0,0,0,0,0,0,0.0,0,0,0,0.0,0,0,0,106,16686,0,928,7950,1.0
examples/regalloc/256-instcombine-cstval-pred-ty-matchvector-n15-d16.pbqp,15,41,6000,dense,38229.0,22127.0,22421.0,31972.0,58060.0,9979.0,0.0,0.0,0.0,0.0,22062.0,0.0,48145.0,21498.0,21792.0,33760.0,57142.0,1198.0,8054.0,3352.0,7417.0,93.0,21318.0,0.0,26066.0,19613.0,19851.0,25048.0,32704.0,1216.0,4337.0,3511.0,8337.0,77.0,20871.0,0.0,19131.0,11919.0,12157.0,17711.0,24287.0,1182.0,4147.0,3283.0,6758.0,62.0,12808.0,0.0,19800.0,10887.0,11125.0,18064.0,22937.0,1127.0,4196.0,3359.0,7040.0,97.0,6304.0,6768.0,3832,321.5034818357245,30151,2529.6585284000334,19131.0,11919.0,7212.0,46295.0,17542.0,10672.0,1370.0,14,135,69,7104,34320,10140.0,0,1,49,216.0,252,322,3492,0,0,0,0.0,0,0,0,0.0,0,0,0,9,1905,8668,1511.0,129,9,1905,1511.0,8668,105,555,0,0,0,0.0,0,0,0,0.0,0,0,0,78,9009,129,427,4047,0.9856809856809857
examples/regalloc/257-instcombine-cstval-pred-ty-matchvector-n15-d16.pbqp,15,39,6000,dense,27191.0,18620.0,18858.0,26659.0,31285.0,8463.0,0.0,0.0,0.0,0.0,19288.0,0.0,29196.0,19095.0,19333.0,27917.0,33215.0,1159.0,9074.0,3309.0,6921.0,79.0,19688.0,0.0,27371.0,18553.0,18791.0,26452.0,30861.0,1065.0,3860.0,3010.0,6311.0,82.0,18632.0,0.0,15698.0,10737.0,10975.0,15446.0,17778.0,1096.0,3963.0,3067.0,6399.0,81.0,11280.0,0.0,16753.0,10704.0,10942.0,16331.0,18021.0,1180.0,4340.0,3183.0,6596.0,89.0,5682.0,7465.0,3491,325.1373754307535,26768,2493.061376548384,15698.0,10737.0,4961.0,43025.0,17130.0,10020.0,1311.0,14,118,65,8153,38628,10240.0,0,7,784,465.0,3780,434,3929,0,0,0,0.0,0,0,0,0.0,0,0,0,2,224,1080,585.0,23,2,224,585.0,1080,0,224,0,0,0,0.0,0,0,0,0.0,0,0,0,67,8377,23,434,4153,0.9972543870120568
examples/regalloc/258-instcombine-cstval-pred-ty-matchvector-n13-d16.pbqp,13,33,5000,dense,15779.0,9993.0,10180.0,15648.0,18356.0,6018.0,0.0,0.0,0.0,0.0,10020.0,0.0,16047.0,9819.0,10006.0,15792.0,21987.0,974.0,6545.0,2766.0,4689.0,65.0,9817.0,0.0,13375.0,9475.0,9662.0,13065.0,15015.0,960.0,3240.0,2822.0,4555.0,61.0,9865.0,0.0,10951.0,6902.0,7089.0,10679.0,14119.0,1033.0,3190.0,2779.0,4491.0,61.0,6936.0,0.0,11365.0,7252.0,7439.0,11025.0,13503.0,976.0,3315.0,2746.0,4660.0,47.0,3814.0,5127.0,2155,312.22833961170676,16234,2352.07186322805,10951.0,6902.0,4049.0,32074.0,11806.0,7592.0,1016.0,11,96,42,4569,21924,7652.0,0,1,49,174.0,252,161,3225,0,0,0,0.0,0,0,0,0.0,0,0,0,1,112,540,339.0,7,1,112,339.0,540,0,112,0,0,0,0.0,0,0,0,0.0,0,0,0,43,4681,7,161,3337,0.9985045930356762
examples/regalloc/259-instcombine-cstval-pred-ty-matchvector-n13-d16.pbqp,13,33,5000,dense,16711.0,9984.0,10160.0,15504.0,19833.0,6054.0,0.0,0.0,0.0,0.0,9973.0,0.0,17502.0,10791.0,10978.0,17196.0,21081.0,1106.0,7075.0,3237.0,5358.0,56.0,11517.0,0.0,13750.0,10101.0,10288.0,13498.0,16907.0,968.0,3359.0,2766.0,4831.0,74.0,10217.0,0.0,10432.0,6968.0,7155.0,10293.0,13051.0,1088.0,3372.0,2877.0,4606.0,50.0,7216.0,0.0,11219.0,7295.0,7482.0,10954.0,12775.0,996.0,3448.0,2824.0,4795.0,77.0,3858.0,5650.0,2155,309.2709529276693,16234,2329.793340987371,10432.0,6968.0,3464.0,36143.0,12609.0,9251.0,1161.0,11,96,42,4569,21924,7884.0,0,1,49,161.0,252,161,3225,0,0,0,0.0,0,0,0,0.0,0,0,0,1,112,540,302.0,7,1,112,302.0,540,0,112,0,0,0,0.0,0,0,0,0.0,0,0,0,43,4681,7,161,3337,0.9985045930356762
examples/regalloc/260-instcombine-cstval-pred-ty-matchvector-n19-d16.pbqp,19,52,4000,dense,87142.0,61290.0,61596.0,81670.0,122168.0,18943.0,0.0,0.0,0.0,0.0,61595.0,0.0,87427.0,60389.0,60695.0,82527.0,96721.0,1493.0,14594.0,5311.0,12282.0,98.0,61587.0,0.0,76875.0,60053.0,60359.0,72804.0,85270.0,1506.0,6322.0,5091.0,13744.0,92.0,59777.0,0.0,47875.0,31828.0,32134.0,43296.0,56811.0,1460.0,5946.0,5050.0,11791.0,58.0,31296.0,0.0,30211.0,18018.0,18306.0,28855.0,34379.0,1475.0,6319.0,4884.0,12416.0,90.0,10767.0,10509.0,8154,256.18951866281265,58840,1848.6866909639311,47875.0,31828.0,16047.0,71326.0,29324.0,15654.0,2337.0,18,195,120,22134,101628,17853.0,0,35,6305,3153.0,29016,1248,6726,0,0,0,0.0,0,0,0,0.0,0,0,0,0,0,0,0.0,0,0,0,0.0,0,0,0,0,0,0,0.0,0,0,0,0.0,0,0,0,120,22134,0,1248,6726,1.0
examples/regalloc/261-instcombine-cstval-pred-ty-matchvector-n15-d16.pbqp,15,39,6000,dense,26314.0,18234.0,18472.0,25761.0,29608.0,8567.0,0.0,0.0,0.0,0.0,17704.0,0.0,27527.0,18140.0,18378.0,27062.0,34565.0,1130.0,7952.0,3141.0,5991.0,55.0,17948.0,0.0,22256.0,16581.0,16819.0,21811.0,24631.0,1035.0,3812.0,2993.0,5799.0,54.0,16739.0,0.0,15505.0,9942.0,10194.0,14874.0,16842.0,1082.0,3661.0,2952.0,5429.0,78.0,9793.0,0.0,15980.0,10706.0,10944.0,15480.0,19812.0,1200.0,4248.0,3195.0,5869.0,84.0,5542.0,7302.0,3273,329.2094146047073,24397,2453.9328102997383,15505.0,9942.0,5563.0,44230.0,16071.0,10866.0,1312.0,14,118,69,7530,35892,10524.0,0,9,882,848.0,4284,448,3915,0,0,0,0.0,0,0,0,0.0,0,0,0,1,112,540,360.0,7,1,112,360.0,540,0,112,0,0,0,0.0,0,0,0,0.0,0,0,0,70,7642,7,448,4027,0.9990840094216173
examples/regalloc/262-instcombine-specific-fpval-match-n21-d17.pbqp,21,44,8000,dense,42795.0,21590.0,21932.0,38698.0,50051.0,16293.0,0.0,0.0,0.0,0.0,21553.0,0.0,43769.0,22202.0,22508.0,41237.0,51516.0,1546.0,17930.0,6971.0,8691.0,91.0,22511.0,0.0,27428.0,20453.0,20759.0,27154.0,30152.0,1632.0,7256.0,7050.0,8428.0,86.0,20768.0,0.0,21069.0,13051.0,13357.0,20589.0,25960.0,1537.0,7745.0,6803.0,8235.0,64.0,12989.0,0.0,21160.0,12211.0,12517.0,20588.0,25003.0,1576.0,7657.0,6733.0,8544.0,69.0,7187.0,7035.0,3998,306.3366791816719,30663,2349.475136004904,21069.0,13051.0,8018.0,52273.0,18723.0,12180.0,1400.0,18,137,79,8709,41620,11766.0,0,2,140,491.0,696,553,3843,0,0,0,0.0,0,0,0,0.0,0,0,0,9,648,3168,1290.0,72,9,648,1290.0,3168,49,354,0,0,0,0.0,0,0,0,0.0,0,0,0,88,9357,72,602,4197,0.9923052260339853
examples/regalloc/263-instcombine-disjointor-match-match-n19-d16.pbqp,19,51,3000,dense,41267.0,20890.0,21196.0,40189.0,50956.0,19568.0,0.0,0.0,0.0,0.0,20668.0,0.0,43595.0,19854.0,20160.0,40705.0,50235.0,1504.0,21140.0,7682.0,8398.0,52.0,20062.0,0.0,26621.0,18624.0,18930.0,25420.0,29640.0,1586.0,7557.0,7973.0,8354.0,82.0,19244.0,0.0,19558.0,12304.0,12610.0,18948.0,22001.0,1513.0,7583.0,7503.0,7634.0,72.0,12683.0,0.0,25854.0,17246.0,17552.0,24055.0,36604.0,1727.0,8852.0,8077.0,8758.0,62.0,7177.0,12520.0,3779,307.1358907672302,29491,2396.8628088426526,19558.0,12304.0,7254.0,50409.0,17797.0,11693.0,1389.0,18,137,66,8721,41188,17562.0,0,3,196,794.0,980,329,6117,0,0,0,0.0,0,0,0,0.0,0,0,0,0,0,0,0.0,0,0,0,0.0,0,0,0,0,0,0,0.0,0,0,0,0.0,0,0,0,66,8721,0,329,6117,1.0
examples/regalloc/264-instcombine-anybinaryop-match-match-n17-d16.pbqp,17,46,3000,dense,49273.0,30064.0,30336.0,45765.0,58227.0,16487.0,0.0,0.0,0.0,0.0,29331.0,0.0,49346.0,28637.0,28909.0,47403.0,56169.0,1316.0,17158.0,6411.0,8894.0,98.0,29197.0,0.0,35619.0,27767.0,28023.0,34462.0,40080.0,1437.0,6349.0,6287.0,8797.0,86.0,27879.0,0.0,27074.0,16874.0,17146.0,25668.0,31427.0,1304.0,6118.0,5786.0,7364.0,91.0,15926.0,0.0,21685.0,13087.0,13359.0,20710.0,24322.0,1339.0,6178.0,6018.0,8271.0,97.0,7153.0,8994.0,4837,286.65402394215954,35392,2097.4279957330805,27074.0,16874.0,10200.0,53497.0,21644.0,13043.0,1519.0,16,147,79,12155,56600,14985.0,0,3,417,1013.0,1944,610,6047,0,0,0,0.0,0,0,0,0.0,0,0,0,0,0,0,0.0,0,0,0,0.0,0,0,0,0,0,0,0.0,0,0,0,0.0,0,0,0,79,12155,0,610,6047,1.0
examples/regalloc/265-instcombine-anybinaryop-match-match-n28-d16.pbqp,28,78,2000,dense,104801.0,43195.0,43654.0,100340.0,121472.0,55384.0,0.0,0.0,0.0,0.0,43586.0,0.0,105370.0,41384.0,41843.0,98743.0,121071.0,2291.0,53365.0,15919.0,16263.0,135.0,42307.0,0.0,60325.0,40298.0,40757.0,55014.0,67962.0,2521.0,15540.0,15631.0,16034.0,109.0,40533.0,0.0,43756.0,25046.0,25505.0,39933.0,54291.0,2337.0,15011.0,15233.0,14880.0,75.0,25512.0,0.0,41645.0,25672.0,26131.0,39787.0,44590.0,2636.0,15938.0,16016.0,16380.0,115.0,11825.0,18928.0,7371,294.29849077697037,54949,2193.923181346323,43756.0,25046.0,18710.0,89034.0,31440.0,19278.0,2218.0,27,211,117,18657,86688,25904.0,0,2,305,663.0,1404,788,11625,0,0,0,0.0,0,0,0,0.0,0,0,0,0,0,0,0.0,0,0,0,0.0,0,0,0,0,0,0,0.0,0,0,0,0.0,0,0,0,117,18657,0,788,11625,1.0
examples/regalloc/266-instcombine-anybinaryop-match-match-n33-d16.pbqp,33,92,0,dense,204767.0,105589.0,106116.0,201477.0,213545.0,92985.0,0.0,0.0,0.0,0.0,106359.0,0.0,204149.0,103918.0,104445.0,196620.0,216624.0,3113.0,82556.0,22291.0,26681.0,161.0,106027.0,0.0,136856.0,100413.0,100940.0,122188.0,213138.0,2844.0,19261.0,20170.0,26363.0,119.0,99951.0,0.0,84672.0,50199.0,50695.0,76635.0,142018.0,2853.0,19253.0,19896.0,23915.0,107.0,48402.0,0.0,72716.0,40979.0,41506.0,69771.0,124654.0,2983.0,20281.0,20791.0,26153.0,135.0,19277.0,26875.0,15164,302.0777306320843,112958,2250.204187334409,84672.0,50199.0,34473.0,131591.0,48581.0,27929.0,3551.0,31,285,176,43888,197788,41256.0,0,3,752,1172.0,3388,1520,21824,0,0,0,0.0,0,0,0,0.0,0,0,0,0,0,0,0.0,0,0,0,0.0,0,0,0,0,0,0,0.0,0,0,0,0.0,0,0,0,176,43888,0,1520,21824,1.0
examples/regalloc/267-instcombine-anybinaryop-match-match-n19-d16.pbqp,19,52,5000,dense,42003.0,20158.0,20464.0,40722.0,50663.0,20359.0,0.0,0.0,0.0,0.0,20374.0,0.0,41054.0,19711.0,20017.0,39820.0,46699.0,1463.0,21626.0,7745.0,9115.0,80.0,20255.0,0.0,26006.0,18723.0,19029.0,25485.0,29835.0,1481.0,7149.0,7205.0,8068.0,84.0,18390.0,0.0,18605.0,12126.0,12432.0,17980.0,21988.0,1424.0,7107.0,7288.0,7530.0,90.0,11937.0,0.0,21470.0,13312.0,13618.0,20664.0,24212.0,1555.0,7742.0,7706.0,8272.0,100.0,6397.0,9946.0,3790,312.55154214085434,29723,2451.179284182748,18605.0,12126.0,6479.0,45842.0,17089.0,11043.0,1348.0,18,132,66,8749,41216,14303.0,0,2,161,433.0,792,259,5953,0,0,0,0.0,0,0,0,0.0,0,0,0,1,112,540,312.0,7,1,112,312.0,540,0,112,0,0,0,0.0,0,0,0,0.0,0,0,0,67,8861,7,259,6065,0.9992100214422751
examples/regalloc/268-instcombine-anybinaryop-match-match-n34-d16.pbqp,34,116,8000,dense,154122.0,36405.0,36966.0,151098.0,188162.0,111819.0,0.0,0.0,0.0,0.0,36818.0,0.0,153913.0,35221.0,35782.0,145972.0,164468.0,2994.0,103425.0,23287.0,20189.0,122.0,36183.0,0.0,56494.0,33088.0,33649.0,54865.0,60745.0,3201.0,22279.0,23042.0,20998.0,135.0,35483.0,0.0,44612.0,23668.0,24229.0,43426.0,52020.0,3198.0,21329.0,22488.0,19218.0,104.0,23973.0,0.0,61772.0,33083.0,33644.0,54101.0,75137.0,3161.0,22552.0,23292.0,20211.0,137.0,13685.0,24421.0,7324,309.4473550785871,58680,2479.2969410174073,44612.0,23668.0,20944.0,76094.0,27699.0,19186.0,2149.0,33,266,139,16402,78096,33840.0,0,0,0,0.0,0,406,13588,0,0,0,0.0,0,0,0,0.0,0,0,0,2,161,792,661.0,14,2,161,661.0,792,0,161,0,0,0,0.0,0,0,0,0.0,0,0,0,141,16563,14,406,13749,0.9991547424983397
examples/regalloc/269-instcombine-anybinaryop-match-match-n27-d16.pbqp,27,71,0,dense,145003.0,91335.0,91735.0,140990.0,162823.0,51909.0,0.0,0.0,0.0,0.0,89504.0,0.0,159913.0,92023.0,92448.0,153486.0,233420.0,2116.0,42899.0,13682.0,19499.0,135.0,88689.0,0.0,111918.0,88316.0,88741.0,107063.0,161183.0,2133.0,12944.0,13498.0,18462.0,105.0,88863.0,0.0,63955.0,43569.0,43994.0,60186.0,77733.0,2205.0,13285.0,13438.0,19087.0,72.0,44843.0,0.0,55572.0,34488.0,34913.0,53541.0,59561.0,2215.0,13440.0,13533.0,18003.0,116.0,16565.0,20753.0,13263,304.4136886318254,98622,2263.5819045651724,63955.0,43569.0,20386.0,93799.0,40934.0,20050.0,2462.0,25,255,154,38208,172240,33355.0,0,3,752,1297.0,3388,1504,16384,0,0,0,0.0,0,0,0,0.0,0,0,0,0,0,0,0.0,0,0,0,0.0,0,0,0,0,0,0,0.0,0,0,0,0.0,0,0,0,154,38208,0,1504,16384,1.0
examples/regalloc/270-instcombine-anybinaryop-match-match-n27-d16.pbqp,27,71,0,dense,148716.0,92772.0,93197.0,146933.0,176704.0,52908.0,0.0,0.0,0.0,0.0,92844.0,0.0,151480.0,89488.0,89913.0,144567.0,187694.0,2289.0,45755.0,14467.0,21415.0,124.0,93672.0,0.0,115054.0,90243.0,90668.0,112107.0,120033.0,2205.0,13316.0,14275.0,19839.0,92.0,90247.0,0.0,68917.0,46281.0,46706.0,67114.0,142161.0,2073.0,12875.0,13029.0,17262.0,86.0,43613.0,0.0,57618.0,35388.0,35813.0,52479.0,117966.0,2117.0,13074.0,13160.0,18573.0,99.0,16060.0,20553.0,13263,286.575484540092,98622,2130.9392623322747,68917.0,46281.0,22636.0,93540.0,40046.0,21069.0,2581.0,25,255,154,38208,172240,34550.0,0,3,752,1356.0,3388,1504,16384,0,0,0,0.0,0,0,0,0.0,0,0,0,0,0,0,0.0,0,0,0,0.0,0,0,0,0,0,0,0.0,0,0,0,0.0,0,0,0,154,38208,0,1504,16384,1.0
examples/regalloc/271-instcombine-anybinaryop-match-match-n32-d16.pbqp,32,89,0,dense,197675.0,113222.0,113749.0,193615.0,237934.0,88316.0,0.0,0.0,0.0,0.0,112572.0,0.0,208463.0,112745.0,113272.0,206932.0,217343.0,2715.0,77454.0,20666.0,25947.0,134.0,112531.0,0.0,137058.0,111044.0,111695.0,134775.0,152996.0,2878.0,19495.0,20710.0,24290.0,115.0,112779.0,0.0,79622.0,51068.0,51595.0,71406.0,86450.0,2852.0,19642.0,20357.0,24077.0,115.0,50956.0,0.0,74456.0,42655.0,43182.0,72052.0,90460.0,2781.0,19114.0,19355.0,25339.0,90.0,19392.0,25627.0,15852,310.40964987859326,118504,2320.513824704316,79622.0,51068.0,28554.0,103956.0,43870.0,23052.0,2756.0,31,289,186,45952,207200,41082.0,0,18,4320,2375.0,19512,1760,20784,0,0,0,0.0,0,0,0,0.0,0,0,0,0,0,0,0.0,0,0,0,0.0,0,0,0,0,0,0,0.0,0,0,0,0.0,0,0,0,186,45952,0,1760,20784,1.0
examples/regalloc/272-instcombine-ptrtointsamesize-match-match-n24-d16.pbqp,24,93,5000,dense,82010.0,32342.0,32733.0,79123.0,89509.0,50592.0,0.0,0.0,0.0,0.0,34020.0,0.0,84393.0,32269.0,32660.0,83255.0,93927.0,2092.0,48595.0,12946.0,15471.0,102.0,33857.0,0.0,45623.0,29852.0,30243.0,42468.0,50029.0,2029.0,11575.0,11529.0,13977.0,73.0,30483.0,0.0,32178.0,20822.0,21213.0,31272.0,39234.0,2108.0,11967.0,11864.0,12910.0,69.0,21163.0,0.0,36555.0,24498.0,24935.0,35216.0,40033.0,2223.0,12386.0,12383.0,13890.0,109.0,11026.0,19552.0,6405,307.6073383920853,50537,2427.0963404091826,32178.0,20822.0,11356.0,69029.0,24875.0,17601.0,1930.0,23,218,117,15055,71240,26355.0,0,9,945,1108.0,4572,480,11167,0,0,0,0.0,0,0,0,0.0,0,0,0,0,0,0,0.0,0,0,0,0.0,0,0,0,0,0,0,0.0,0,0,0,0.0,0,0,0,117,15055,0,480,11167,1.0
examples/regalloc/273-instcombine-specificbinaryop-match-match-n23-d16.pbqp,23,57,2000,dense,60110.0,28366.0,28723.0,53374.0,76725.0,25093.0,0.0,0.0,0.0,0.0,28846.0,0.0,57621.0,27854.0,28211.0,53770.0,66861.0,1718.0,25957.0,9125.0,10041.0,82.0,28257.0,0.0,38068.0,27624.0,28023.0,37110.0,44730.0,1897.0,9258.0,9125.0,10176.0,80.0,28135.0,0.0,24896.0,16448.0,16805.0,24604.0,28155.0,1674.0,8714.0,8311.0,9035.0,78.0,16909.0,0.0,28594.0,17522.0,17879.0,27093.0,32283.0,1839.0,9825.0,8699.0,10731.0,93.0,8039.0,12010.0,5456,331.71206225680936,40982,2491.609922178988,24896.0,16448.0,8448.0,59056.0,21545.0,14030.0,1692.0,21,169,95,12965,61152,17788.0,0,1,49,177.0,252,672,7925,0,0,0,0.0,0,0,0,0.0,0,0,0,1,256,1152,534.0,16,1,256,534.0,1152,0,256,0,0,0,0.0,0,0,0,0.0,0,0,0,96,13221,16,672,8181,0.9987898040995387
examples/regalloc/274-instcombine-specificbinaryop-match-match-n19-d16.pbqp,19,43,4000,dense,57066.0,36928.0,37234.0,54614.0,64349.0,15538.0,0.0,0.0,0.0,0.0,36317.0,0.0,76834.0,36916.0,37222.0,58783.0,110449.0,1352.0,14787.0,5917.0,9104.0,85.0,37825.0,0.0,47452.0,37050.0,37356.0,45384.0,56354.0,1564.0,6751.0,5924.0,9554.0,99.0,37135.0,0.0,28653.0,18676.0,18982.0,27161.0,33589.0,1355.0,6088.0,5239.0,7758.0,62.0,18351.0,0.0,22808.0,14392.0,14698.0,21960.0,25796.0,1404.0,6726.0,5675.0,8410.0,53.0,8096.0,8290.0,5800,310.55900621118013,42290,2264.4035125294495,28653.0,18676.0,9977.0,61161.0,23678.0,15970.0,2123.0,18,148,95,15261,70856,15017.0,0,5,508,1156.0,2416,1040,5965,0,0,0,0.0,0,0,0,0.0,0,0,0,0,0,0,0.0,0,0,0,0.0,0,0,0,0,0,0,0.0,0,0,0,0.0,0,0,0,95,15261,0,1040,5965,1.0
examples/regalloc/275-instcombine-specificbinaryop-match-match-n23-d16.pbqp,23,57,2000,dense,60686.0,27993.0,28392.0,55038.0,67464.0,24305.0,0.0,0.0,0.0,0.0,27687.0,0.0,57491.0,29424.0,29781.0,54671.0,64691.0,1820.0,25944.0,9224.0,10653.0,100.0,29686.0,0.0,38991.0,27436.0,27793.0,38292.0,42184.0,1808.0,9129.0,8817.0,10451.0,67.0,27912.0,0.0,28212.0,17060.0,17417.0,26476.0,32430.0,1863.0,8969.0,8831.0,10000.0,85.0,17679.0,0.0,28189.0,17741.0,18098.0,27446.0,34203.0,1788.0,9244.0,8781.0,9984.0,69.0,8184.0,12206.0,5456,319.8124267291911,40982,2402.2274325908556,28212.0,17060.0,11152.0,63899.0,22963.0,15808.0,1702.0,21,169,95,12965,61152,17399.0,0,1,49,167.0,252,672,7925,0,0,0,0.0,0,0,0,0.0,0,0,0,1,256,1152,497.0,16,1,256,497.0,1152,0,256,0,0,0,0.0,0,0,0,0.0,0,0,0,96,13221,16,672,8181,0.9987898040995387
examples/regalloc/276-instcombine-specificbinaryop-match-match-n30-d16.pbqp,30,114,0,dense,188668.0,98617.0,99093.0,183943.0,199510.0,92942.0,0.0,0.0,0.0,0.0,102039.0,0.0,199420.0,98896.0,99344.0,192952.0,215781.0,3002.0,83612.0,19157.0,28586.0,146.0,100999.0,0.0,126171.0,95469.0,95945.0,123444.0,143726.0,2812.0,17669.0,17969.0,28123.0,140.0,95788.0,0.0,73023.0,44374.0,44850.0,68308.0,84471.0,2707.0,17313.0,17272.0,23074.0,80.0,44787.0,0.0,68495.0,43469.0,43945.0,64283.0,76301.0,2675.0,17215.0,16877.0,21150.0,104.0,17876.0,30194.0,14973,337.4273223058548,112342,2531.7077567945194,73023.0,44374.0,28649.0,110139.0,46984.0,24964.0,3112.0,28,306,170,42784,192712,48014.0,0,3,752,1184.0,3388,1008,27904,0,0,0,0.0,0,0,0,0.0,0,0,0,1,256,1152,427.0,2,1,256,427.0,1152,0,256,0,0,0,0.0,0,0,0,0.0,0,0,0,171,43040,2,1008,28160,0.999953531598513
examples/regalloc/277-instcombine-specificcmpclass-match-match-n23-d16.pbqp,23,44,4000,dense,96032.0,65846.0,66203.0,81235.0,118473.0,21280.0,0.0,0.0,0.0,0.0,63826.0,0.0,85998.0,60235.0,60613.0,84035.0,92845.0,1647.0,16431.0,5990.0,11000.0,114.0,59488.0,0.0,83440.0,62428.0,62785.0,75294.0,103786.0,1720.0,7534.0,5809.0,11250.0,107.0,61528.0,0.0,34160.0,23943.0,24300.0,33339.0,38385.0,1843.0,9078.0,6216.0,12788.0,92.0,50002.0,0.0,28344.0,16464.0,16821.0,27778.0,31545.0,1766.0,7515.0,5711.0,11650.0,98.0,10398.0,7947.0,8052,336.2987094349079,56794,2372.050286096145,34160.0,23943.0,10217.0,71151.0,28514.0,16035.0,1951.0,21,189,120,21699,99876,15921.0,0,18,2225,2476.0,10588,1473,5299,0,0,0,0.0,0,0,0,0.0,0,0,0,1,112,540,241.0,7,1,112,241.0,540,0,112,0,0,0,0.0,0,0,0,0.0,0,0,0,121,21811,7,1473,5411,0.9996790610242539
examples/regalloc/278-instcombine-specificcmpclass-match-match-n22-d16.pbqp,22,51,4000,dense,71001.0,49860.0,50217.0,67390.0,76611.0,27415.0,0.0,0.0,0.0,0.0,47544.0,0.0,72390.0,49071.0,49407.0,68944.0,127912.0,1693.0,24140.0,8981.0,11202.0,104.0,47182.0,0.0,51185.0,41063.0,41420.0,49895.0,57326.0,1660.0,8785.0,8379.0,10559.0,93.0,41429.0,0.0,30653.0,20382.0,20739.0,28960.0,34897.0,2108.0,9412.0,8750.0,11062.0,159.0,20636.0,0.0,33062.0,19481.0,19838.0,25944.0,43036.0,1805.0,9653.0,8492.0,10747.0,99.0,10168.0,10218.0,6344,311.2550289471102,44734,2194.779707585124,30653.0,20382.0,10271.0,68386.0,27201.0,16299.0,2050.0,21,176,108,16248,75876,16971.0,0,11,1234,1657.0,5908,1168,6088,0,0,0,0.0,0,0,0,0.0,0,0,0,0,0,0,0.0,0,0,0,0.0,0,0,0,0,0,0,0.0,0,0,0,0.0,0,0,0,108,16248,0,1168,6088,1.0
examples/regalloc/279-instcombine-specificcmpclass-match-match-n17-d16.pbqp,17,36,4000,dense,50892.0,36718.0,36990.0,50103.0,55957.0,12670.0,0.0,0.0,0.0,0.0,36659.0,0.0,50272.0,35150.0,35422.0,47838.0,57164.0,1317.0,11682.0,4804.0,8877.0,74.0,36034.0,0.0,46763.0,35309.0,35581.0,44336.0,52831.0,1416.0,5484.0,4828.0,9069.0,83.0,36391.0,0.0,22186.0,15166.0,15438.0,21595.0,28894.0,1242.0,4988.0,4157.0,7252.0,69.0,15129.0,0.0,19373.0,11676.0,11948.0,18640.0,21323.0,1345.0,5400.0,4542.0,7547.0,85.0,7128.0,6218.0,5160,340.2347355927733,35642,2350.1252802320982,22186.0,15166.0,7020.0,54860.0,21237.0,13520.0,1507.0,16,143,88,13318,62148,11726.0,0,11,1234,1500.0,5908,1056,3830,0,0,0,0.0,0,0,0,0.0,0,0,0,0,0,0,0.0,0,0,0,0.0,0,0,0,0,0,0,0.0,0,0,0,0.0,0,0,0,88,13318,0,1056,3830,1.0
examples/regalloc/280-instcombine-specificcmpclass-match-match-n21-d16.pbqp,21,42,3000,dense,52922.0,35881.0,36204.0,49059.0,57434.0,14380.0,0.0,0.0,0.0,0.0,36980.0,0.0,53717.0,36451.0,36774.0,51030.0,57560.0,1496.0,13310.0,5322.0,8383.0,85.0,37160.0,0.0,47904.0,36839.0,37143.0,44992.0,55588.0,1584.0,6228.0,4993.0,8406.0,94.0,36365.0,0.0,26151.0,17453.0,17776.0,25502.0,29105.0,1480.0,5916.0,4819.0,7801.0,91.0,17588.0,0.0,20582.0,12147.0,12470.0,19830.0,23578.0,1479.0,6343.0,4865.0,8378.0,103.0,7931.0,6499.0,5558,318.455279894574,39023,2235.890677820432,26151.0,17453.0,8698.0,57097.0,22420.0,13145.0,1475.0,19,146,100,14317,67156,13576.0,0,4,436,1046.0,2064,1227,4181,0,0,0,0.0,0,0,0,0.0,0,0,0,0,0,0,0.0,0,0,0,0.0,0,0,0,0,0,0,0.0,0,0,0,0.0,0,0,0,100,14317,0,1227,4181,1.0
examples/regalloc/281-instcombine-overflowingbinaryop-match-match-n20-d16.pbqp,20,51,3000,dense,74764.0,45384.0,45707.0,68163.0,83451.0,23821.0,0.0,0.0,0.0,0.0,46549.0,0.0,73485.0,45629.0,45952.0,70408.0,83044.0,1493.0,21520.0,7878.0,11419.0,70.0,46569.0,0.0,60239.0,60288.0,60611.0,52329.0,72344.0,1543.0,8107.0,7575.0,11650.0,92.0,50534.0,0.0,53744.0,40832.0,41155.0,51334.0,62334.0,1792.0,9457.0,8694.0,12335.0,72.0,41097.0,0.0,31000.0,18347.0,18708.0,28776.0,33363.0,1501.0,7781.0,7175.0,10710.0,84.0,8915.0,10736.0,6695,163.96453761755487,49603,1214.807014106583,53744.0,40832.0,12912.0,59764.0,24068.0,13646.0,1625.0,19,155,103,17904,82540,18511.0,0,9,1145,1433.0,5440,946,7770,0,0,0,0.0,0,0,0,0.0,0,0,0,1,112,540,242.0,7,1,112,242.0,540,0,112,0,0,0,0.0,0,0,0,0.0,0,0,0,104,18016,7,946,7882,0.9996114564831261
examples/regalloc/282-instcombine-overflowingbinaryop-match-match-n20-d16.pbqp,20,51,3000,dense,75595.0,47176.0,47499.0,72202.0,85745.0,24358.0,0.0,0.0,0.0,0.0,47194.0,0.0,71481.0,45581.0,45904.0,69206.0,78424.0,1590.0,22935.0,8436.0,12159.0,78.0,47185.0,0.0,64497.0,45267.0,45590.0,57104.0,70206.0,1567.0,7923.0,7724.0,11506.0,69.0,44657.0,0.0,35621.0,23581.0,23904.0,33084.0,40391.0,1472.0,7579.0,7027.0,9675.0,68.0,22895.0,0.0,30505.0,18722.0,19045.0,28897.0,36712.0,1582.0,8023.0,7528.0,10410.0,109.0,9558.0,11618.0,6695,283.9150163267037,49603,2103.515542173784,35621.0,23581.0,12040.0,56804.0,23112.0,12490.0,1463.0,19,155,103,17904,82540,17716.0,0,9,1145,1421.0,5440,946,7770,0,0,0,0.0,0,0,0,0.0,0,0,0,1,112,540,266.0,7,1,112,266.0,540,0,112,0,0,0,0.0,0,0,0,0.0,0,0,0,104,18016,7,946,7882,0.9996114564831261
examples/regalloc/283-instcombine-overflowingbinaryop-match-match-n17-d16.pbqp,17,44,1000,dense,58627.0,41260.0,41548.0,54796.0,70802.0,16195.0,0.0,0.0,0.0,0.0,40827.0,0.0,62807.0,40092.0,40364.0,56524.0,72126.0,1423.0,16046.0,6122.0,9989.0,97.0,41256.0,0.0,50284.0,38654.0,38926.0,47825.0,58085.0,1378.0,6037.0,5675.0,9244.0,94.0,39539.0,0.0,26783.0,18499.0,18771.0,25175.0,31571.0,1363.0,6127.0,5540.0,9406.0,95.0,18908.0,0.0,26171.0,16930.0,17202.0,24647.0,29095.0,1439.0,6287.0,5893.0,10617.0,142.0,9942.0,11695.0,6184,334.2883399102654,44734,2418.1847667441484,26783.0,18499.0,8284.0,57724.0,23299.0,14137.0,1493.0,16,154,90,16601,76276,18625.0,0,3,473,1151.0,2200,848,8082,0,0,0,0.0,0,0,0,0.0,0,0,0,0,0,0,0.0,0,0,0,0.0,0,0,0,0,0,0,0.0,0,0,0,0.0,0,0,0,90,16601,0,848,8082,1.0
examples/regalloc/284-instcombine-commutativebinaryintrinsic-match-mat-n14-d16.pbqp,14,25,2000,dense,22899.0,17719.0,17923.0,22360.0,25548.0,5578.0,0.0,0.0,0.0,0.0,18359.0,0.0,24668.0,18097.0,18301.0,23573.0,27778.0,937.0,3431.0,1733.0,5113.0,67.0,18373.0,0.0,24453.0,18017.0,18221.0,21998.0,27715.0,974.0,2480.0,1797.0,5228.0,58.0,18441.0,0.0,16399.0,11234.0,11438.0,16007.0,19817.0,977.0,2504.0,1825.0,5133.0,53.0,11438.0,0.0,12801.0,7930.0,8134.0,12425.0,14734.0,940.0,2631.0,1780.0,5254.0,50.0,4929.0,3610.0,3419,304.3439558483176,24349,2167.4381342353568,16399.0,11234.0,5165.0,42192.0,15812.0,11074.0,1201.0,12,108,68,7887,37820,7619.0,0,1,49,139.0,252,770,2259,0,0,0,0.0,0,0,0,0.0,0,0,0,1,256,1152,483.0,16,1,256,483.0,1152,0,256,0,0,0,0.0,0,0,0,0.0,0,0,0,69,8143,16,770,2515,0.9980351221908388
examples/regalloc/285-instcombine-commutativebinaryintrinsic-match-mat-n16-d16.pbqp,16,35,2000,dense,33071.0,21913.0,22168.0,30937.0,36166.0,10231.0,0.0,0.0,0.0,0.0,22415.0,0.0,33869.0,22295.0,22550.0,32818.0,36974.0,1258.0,9887.0,4406.0,6501.0,57.0,22183.0,0.0,28729.0,21340.0,21595.0,27543.0,42159.0,1167.0,4664.0,4290.0,6287.0,55.0,21098.0,0.0,18669.0,12788.0,13043.0,18005.0,20546.0,1163.0,4685.0,4049.0,6006.0,73.0,12560.0,0.0,17982.0,10791.0,11031.0,16426.0,20347.0,1234.0,5186.0,4516.0,6783.0,49.0,6135.0,6271.0,3716,290.5849233656553,27453,2146.7782295902407,18669.0,12788.0,5881.0,44438.0,17369.0,10619.0,1221.0,15,114,73,8725,41652,9592.0,0,1,49,164.0,252,672,3895,0,0,0,0.0,0,0,0,0.0,0,0,0,1,224,1016,407.0,14,1,224,407.0,1016,0,224,0,0,0,0.0,0,0,0,0.0,0,0,0,74,8949,14,672,4119,0.9984355793943457
examples/regalloc/286-instcombine-commutativebinaryintrinsic-match-mat-n14-d16.pbqp,14,25,2000,dense,25128.0,18252.0,18456.0,23621.0,27769.0,5921.0,0.0,0.0,0.0,0.0,18705.0,0.0,24030.0,18101.0,18293.0,23507.0,26876.0,966.0,3611.0,1633.0,5084.0,76.0,18329.0,0.0,26509.0,17982.0,18186.0,24615.0,28499.0,962.0,2483.0,1808.0,5086.0,52.0,18244.0,0.0,15291.0,10966.0,11170.0,15159.0,18011.0,965.0,2586.0,1848.0,5175.0,66.0,11759.0,0.0,12346.0,7267.0,7471.0,11959.0,14253.0,910.0,2431.0,1705.0,5137.0,60.0,4728.0,3238.0,3419,311.7818712383731,24349,2220.408535473281,15291.0,10966.0,4325.0,39981.0,14860.0,10165.0,961.0,12,108,68,7887,37820,7084.0,0,1,49,133.0,252,770,2259,0,0,0,0.0,0,0,0,0.0,0,0,0,1,256,1152,455.0,16,1,256,455.0,1152,0,256,0,0,0,0.0,0,0,0,0.0,0,0,0,69,8143,16,770,2515,0.9980351221908388
examples/regalloc/287-instcombine-irbuilderbase-insert-n7-d16.pbqp,7,21,2000,dense,11513.0,8267.0,8369.0,11184.0,14510.0,2798.0,0.0,0.0,0.0,0.0,8512.0,0.0,12034.0,8777.0,8879.0,11760.0,14741.0,545.0,2736.0,1239.0,3017.0,39.0,8766.0,0.0,10301.0,8049.0,8151.0,10004.0,12553.0,600.0,1581.0,1217.0,2784.0,31.0,8687.0,0.0,6836.0,4898.0,5000.0,6725.0,8208.0,564.0,1424.0,1170.0,2815.0,57.0,4882.0,0.0,7697.0,5295.0,5397.0,7515.0,8739.0,593.0,1561.0,1248.0,3124.0,46.0,2760.0,4033.0,1699,346.87627603103306,13350,2725.6022866476114,6836.0,4898.0,1938.0,20759.0,8431.0,5011.0,699.0,6,59,31,4125,19376,5514.0,0,1,132,227.0,620,156,2552,0,0,0,0.0,0,0,0,0.0,0,0,0,0,0,0,0.0,0,0,0,0.0,0,0,0,0,0,0,0.0,0,0,0,0.0,0,0,0,31,4125,0,156,2552,1.0
examples/regalloc/288-instcombine-commonpointerbase-isexpensive-n29-d16.pbqp,29,117,0,dense,201453.0,108772.0,109231.0,196529.0,214976.0,87466.0,0.0,0.0,0.0,0.0,106657.0,0.0,198338.0,108720.0,109179.0,195621.0,208980.0,2649.0,73601.0,17307.0,27390.0,129.0,106727.0,0.0,137129.0,113441.0,113900.0,132626.0,142617.0,2742.0,16479.0,16343.0,24653.0,110.0,107876.0,0.0,94771.0,60930.0,61362.0,83198.0,105623.0,2768.0,16799.0,16573.0,25419.0,122.0,61054.0,0.0,81041.0,49781.0,50240.0,76669.0,85586.0,2623.0,16823.0,16553.0,24433.0,77.0,21098.0,33860.0,16411,269.34186771705237,121095,1987.4446085672082,94771.0,60930.0,33841.0,109030.0,47762.0,23506.0,2643.0,27,308,187,47872,215424,52413.0,0,3,768,1296.0,3456,1280,28672,0,0,0,0.0,0,0,0,0.0,0,0,0,0,0,0,0.0,0,0,0,0.0,0,0,0,0,0,0,0.0,0,0,0,0.0,0,0,0,187,47872,0,1280,28672,1.0
examples/regalloc/289-instcombine-match-combine-or-match-n22-d16.pbqp,22,52,2000,dense,69161.0,41996.0,42353.0,65878.0,77387.0,23918.0,0.0,0.0,0.0,0.0,42016.0,0.0,76289.0,44008.0,44407.0,72475.0,81490.0,1757.0,23818.0,8320.0,11663.0,151.0,43640.0,0.0,52781.0,41109.0,41466.0,51174.0,58298.0,1760.0,8468.0,7861.0,11109.0,83.0,41131.0,0.0,36965.0,25436.0,25772.0,35061.0,43264.0,1648.0,8638.0,7797.0,10288.0,65.0,24850.0,0.0,28905.0,17548.0,17905.0,27848.0,34693.0,1702.0,8345.0,7653.0,11694.0,83.0,9241.0,10686.0,6634,260.81144834093413,46952,1845.8877181946848,36965.0,25436.0,11529.0,71218.0,28341.0,16512.0,1916.0,21,196,109,16755,78124,18042.0,0,4,529,1255.0,2484,1088,7644,0,0,0,0.0,0,0,0,0.0,0,0,0,0,0,0,0.0,0,0,0,0.0,0,0,0,0,0,0,0.0,0,0,0,0.0,0,0,0,109,16755,0,1088,7644,1.0
examples/regalloc/290-instcombine-match-combine-or-match-n30-d16.pbqp,30,82,2000,dense,141297.0,68783.0,69305.0,133977.0,156758.0,65971.0,0.0,0.0,0.0,0.0,68754.0,0.0,136965.0,67664.0,68157.0,133025.0,145358.0,2554.0,59132.0,16142.0,20429.0,198.0,68853.0,0.0,86941.0,66504.0,66997.0,84950.0,107846.0,2591.0,15702.0,15034.0,18761.0,116.0,64639.0,0.0,67947.0,42803.0,43296.0,61172.0,79628.0,2384.0,15023.0,14443.0,18038.0,89.0,38374.0,0.0,55274.0,32480.0,32973.0,53538.0,60940.0,2580.0,15980.0,15122.0,19285.0,137.0,15275.0,20114.0,10619,248.09008714342454,77099,1801.2522486741584,67947.0,42803.0,25144.0,93166.0,36671.0,21823.0,2498.0,29,257,157,28384,130680,31533.0,0,20,2384,2477.0,11412,1409,15088,0,0,0,0.0,0,0,0,0.0,0,0,0,1,112,540,236.0,7,1,112,236.0,540,0,112,0,0,0,0.0,0,0,0,0.0,0,0,0,158,28496,7,1409,15200,0.9997543514879281
examples/regalloc/291-instcombine-match-combine-or-match-n16-d16.pbqp,16,45,5000,dense,27405.0,14466.0,14721.0,25934.0,31766.0,12053.0,0.0,0.0,0.0,0.0,15121.0,0.0,29364.0,15251.0,15491.0,28965.0,33131.0,1263.0,13389.0,5449.0,6269.0,57.0,15165.0,0.0,19385.0,14146.0,14401.0,18854.0,22236.0,1242.0,5158.0,5140.0,5886.0,50.0,14249.0,0.0,15813.0,9704.0,9959.0,14488.0,19474.0,1251.0,5379.0,5280.0,6136.0,57.0,9978.0,0.0,16459.0,11199.0,11454.0,15795.0,18553.0,1202.0,5343.0,5144.0,5999.0,71.0,5119.0,7820.0,3006,309.7691673536686,23128,2383.3470733718054,15813.0,9704.0,6109.0,36918.0,13615.0,8917.0,1026.0,15,104,60,6936,33156,11333.0,0,3,147,533.0,756,336,4920,0,0,0,0.0,0,0,0,0.0,0,0,0,0,0,0,0.0,0,0,0,0.0,0,0,0,0,0,0,0.0,0,0,0,0.0,0,0,0,60,6936,0,336,4920,1.0
examples/regalloc/292-instcombine-match-combine-or-match-n16-d16.pbqp,16,45,5000,dense,28036.0,14407.0,14662.0,26754.0,33568.0,11919.0,0.0,0.0,0.0,0.0,15401.0,0.0,28639.0,14778.0,15033.0,27793.0,33265.0,1192.0,13245.0,5373.0,6636.0,75.0,14948.0,0.0,19836.0,13978.0,14233.0,19697.0,21703.0,1214.0,5254.0,5131.0,6014.0,52.0,13893.0,0.0,14912.0,9775.0,10030.0,14573.0,16604.0,1247.0,5450.0,5189.0,6060.0,78.0,10015.0,0.0,17044.0,10970.0,11225.0,15881.0,20978.0,1268.0,5613.0,5365.0,6684.0,100.0,5315.0,8391.0,3006,307.51918158567776,23128,2366.0358056265986,14912.0,9775.0,5137.0,38085.0,14246.0,9207.0,1134.0,15,104,60,6936,33156,12273.0,0,3,147,552.0,756,336,4920,0,0,0,0.0,0,0,0,0.0,0,0,0,0,0,0,0.0,0,0,0,0.0,0,0,0,0,0,0,0.0,0,0,0,0.0,0,0,0,60,6936,0,336,4920,1.0
examples/regalloc/293-instcombine-match-combine-or-match-n19-d16.pbqp,19,58,0,dense,76819.0,45056.0,45362.0,69099.0,122680.0,24663.0,0.0,0.0,0.0,0.0,44395.0,0.0,72924.0,44349.0,44655.0,71109.0,83799.0,1539.0,23371.0,8555.0,12068.0,94.0,44417.0,0.0,57043.0,85513.0,85819.0,55108.0,72348.0,1850.0,9804.0,8806.0,13672.0,94.0,87252.0,0.0,32461.0,21965.0,22271.0,31069.0,40167.0,1484.0,7490.0,7486.0,9229.0,61.0,21969.0,0.0,34949.0,23776.0,24082.0,33973.0,38090.0,1555.0,7716.0,7749.0,10908.0,60.0,9727.0,16721.0,7609,346.4147507398133,56925,2591.6230366492146,32461.0,21965.0,10496.0,61751.0,26020.0,13905.0,1634.0,18,181,85,21296,95948,24132.0,0,2,496,777.0,2236,480,14112,0,0,0,0.0,0,0,0,0.0,0,0,0,0,0,0,0.0,0,0,0,0.0,0,0,0,0,0,0,0.0,0,0,0,0.0,0,0,0,85,21296,0,480,14112,1.0
examples/regalloc/294-instcombine-match-combine-or-match-n19-d16.pbqp,19,65,0,dense,88568.0,49715.0,50004.0,82888.0,108320.0,27539.0,0.0,0.0,0.0,0.0,48827.0,0.0,78941.0,49543.0,49832.0,77161.0,90418.0,1615.0,25747.0,8058.0,13123.0,87.0,47971.0,0.0,57487.0,44946.0,45235.0,55780.0,65191.0,1536.0,7600.0,7653.0,12419.0,69.0,45385.0,0.0,37495.0,24083.0,24372.0,35327.0,44350.0,1699.0,8196.0,7922.0,14395.0,117.0,34219.0,0.0,48850.0,28616.0,28956.0,43854.0,85595.0,1487.0,7423.0,7101.0,12562.0,73.0,9457.0,18869.0,8286,344.0601253996595,61347,2547.3155337790145,37495.0,24083.0,13412.0,69746.0,28625.0,15834.0,1981.0,17,182,93,23584,106184,26578.0,0,2,512,788.0,2304,512,15904,0,0,0,0.0,0,0,0,0.0,0,0,0,0,0,0,0.0,0,0,0,0.0,0,0,0,0,0,0,0.0,0,0,0,0.0,0,0,0,93,23584,0,512,15904,1.0
examples/regalloc/295-instcombine-match-combine-and-match-n14-d16.pbqp,14,29,1000,dense,50029.0,36672.0,36893.0,46746.0,66746.0,8890.0,0.0,0.0,0.0,0.0,36450.0,0.0,47238.0,36205.0,36452.0,44701.0,53262.0,1074.0,7184.0,3155.0,7352.0,68.0,36613.0,0.0,47132.0,41087.0,41308.0,45167.0,52437.0,1004.0,3529.0,3014.0,7240.0,82.0,38265.0,0.0,28660.0,19814.0,20035.0,27509.0,34196.0,1069.0,3464.0,2980.0,6753.0,74.0,19037.0,0.0,21944.0,13322.0,13543.0,21441.0,25971.0,1032.0,3699.0,2912.0,7201.0,49.0,7111.0,5555.0,5591,282.17422024830927,38846,1960.5329564954072,28660.0,19814.0,8846.0,60701.0,23210.0,14055.0,1754.0,13,148,97,14409,67444,11803.0,0,3,457,803.0,2132,1248,4313,0,0,0,0.0,0,0,0,0.0,0,0,0,0,0,0,0.0,0,0,0,0.0,0,0,0,0,0,0,0.0,0,0,0,0.0,0,0,0,97,14409,0,1248,4313,1.0
examples/regalloc/296-instcombine-match-combine-and-match-n20-d16.pbqp,20,59,4000,dense,55104.0,31096.0,31402.0,53682.0,63502.0,22438.0,0.0,0.0,0.0,0.0,31341.0,0.0,60096.0,31785.0,32091.0,54896.0,83782.0,1719.0,23061.0,7930.0,10718.0,102.0,32022.0,0.0,39194.0,29182.0,29488.0,37645.0,42877.0,1674.0,7787.0,7482.0,10594.0,90.0,30000.0,0.0,24103.0,15649.0,15955.0,23766.0,27950.0,1570.0,7633.0,7074.0,9363.0,87.0,15905.0,0.0,25900.0,17071.0,17377.0,25160.0,28764.0,2057.0,8386.0,8336.0,10534.0,133.0,8608.0,12147.0,5239,334.7817751933031,39746,2539.842801456962,24103.0,15649.0,8454.0,58107.0,20560.0,13953.0,1665.0,18,157,84,13206,61380,19838.0,0,3,417,1120.0,1944,480,7158,0,0,0,0.0,0,0,0,0.0,0,0,0,0,0,0,0.0,0,0,0,0.0,0,0,0,0,0,0,0.0,0,0,0,0.0,0,0,0,84,13206,0,480,7158,1.0
examples/regalloc/297-instcombine-match-combine-and-match-n18-d16.pbqp,18,38,3000,dense,60766.0,43845.0,44134.0,57226.0,69711.0,12737.0,0.0,0.0,0.0,0.0,45023.0,0.0,62483.0,46540.0,46829.0,58653.0,72236.0,1308.0,11320.0,4357.0,9284.0,63.0,45985.0,0.0,53385.0,43489.0,43761.0,51356.0,59143.0,1286.0,5052.0,4254.0,8666.0,79.0,42960.0,0.0,29979.0,20319.0,20608.0,27744.0,39125.0,1355.0,5147.0,4145.0,8834.0,72.0,20956.0,0.0,22635.0,12375.0,12647.0,21604.0,25613.0,1257.0,5076.0,3958.0,8697.0,98.0,7578.0,6060.0,5893,290.0241153600079,42630,2098.036320685073,29979.0,20319.0,9660.0,54166.0,21214.0,12541.0,1470.0,17,130,99,15611,72640,12746.0,0,3,266,655.0,1300,1217,4491,0,0,0,0.0,0,0,0,0.0,0,0,0,1,112,540,240.0,7,1,112,240.0,540,0,112,0,0,0,0.0,0,0,0,0.0,0,0,0,100,15723,7,1217,4603,0.9995547923424283
examples/regalloc/298-instcombine-match-combine-and-match-n20-d16.pbqp,20,50,2000,dense,71454.0,43411.0,43734.0,64940.0,98259.0,20595.0,0.0,0.0,0.0,0.0,42271.0,0.0,64287.0,40870.0,41193.0,59263.0,69515.0,1622.0,17508.0,6170.0,10483.0,81.0,40568.0,0.0,54893.0,46775.0,47098.0,48736.0,72630.0,1583.0,7161.0,6348.0,10024.0,87.0,39535.0,0.0,35853.0,21437.0,21760.0,30046.0,40088.0,1643.0,7191.0,6263.0,10163.0,84.0,22126.0,0.0,24601.0,15150.0,15473.0,23808.0,27331.0,1499.0,7230.0,6159.0,9283.0,57.0,8175.0,9704.0,5987,279.28348183048,43252,2017.633064328031,35853.0,21437.0,14416.0,58139.0,23530.0,13456.0,1655.0,19,151,95,15731,72912,16373.0,0,3,417,862.0,1944,928,6995,0,0,0,0.0,0,0,0,0.0,0,0,0,0,0,0,0.0,0,0,0,0.0,0,0,0,0,0,0,0.0,0,0,0,0.0,0,0,0,95,15731,0,928,6995,1.0
examples/regalloc/299-instcombine-apint-issignmask-n8-d16.pbqp,8,11,1000,dense,19788.0,16711.0,16813.0,18644.0,23104.0,2757.0,0.0,0.0,0.0,0.0,16129.0,0.0,20687.0,17329.0,17425.0,20465.0,22023.0,579.0,1298.0,769.0,3098.0,39.0,17804.0,0.0,18848.0,16255.0,16357.0,18702.0,20419.0,611.0,1157.0,832.0,2869.0,38.0,16876.0,0.0,9003.0,6698.0,6800.0,8774.0,11012.0,572.0,1125.0,764.0,2564.0,57.0,6538.0,0.0,6486.0,4139.0,4235.0,6274.0,7374.0,640.0,1236.0,825.0,2707.0,69.0,2789.0,1905.0,2173,324.4252015527023,15479,2310.988354732756,9003.0,6698.0,2305.0,25774.0,9510.0,7369.0,740.0,6,49,34,5856,27060,4205.0,0,2,217,517.0,1048,457,1402,0,0,0,0.0,0,0,0,0.0,0,0,0,0,0,0,0.0,0,0,0,0.0,0,0,0,0,0,0,0.0,0,0,0,0.0,0,0,0,34,5856,0,457,1402,1.0
examples/regalloc/300-instcombine-apint-isminsignedvalue-n8-d16.pbqp,8,11,1000,dense,19824.0,17094.0,17196.0,19461.0,21488.0,2835.0,0.0,0.0,0.0,0.0,16545.0,0.0,19412.0,15960.0,16062.0,18800.0,20972.0,566.0,1304.0,769.0,3031.0,38.0,16106.0,0.0,17759.0,15011.0,15113.0,17552.0,18566.0,610.0,1136.0,762.0,2754.0,74.0,14920.0,0.0,9713.0,7099.0,7201.0,9500.0,11522.0,630.0,1146.0,795.0,2696.0,45.0,7106.0,0.0,6977.0,4399.0,4501.0,6739.0,7916.0,647.0,1268.0,771.0,2781.0,42.0,2935.0,1831.0,2173,306.09945062684886,15479,2180.4479504155515,9713.0,7099.0,2614.0,24288.0,9493.0,6691.0,751.0,6,49,34,5856,27060,4443.0,0,2,217,514.0,1048,457,1402,0,0,0,0.0,0,0,0,0.0,0,0,0,0,0,0,0.0,0,0,0,0.0,0,0,0,0,0,0,0.0,0,0,0,0.0,0,0,0,34,5856,0,457,1402,1.0
examples/regalloc/301-instcombine-apint-isnegatedpowerof2-n11-d16.pbqp,11,28,3000,dense,17012.0,11485.0,11655.0,16601.0,20027.0,5532.0,0.0,0.0,0.0,0.0,11519.0,0.0,16231.0,10709.0,10869.0,15965.0,19230.0,854.0,5967.0,3136.0,4148.0,69.0,11356.0,0.0,13783.0,10621.0,10791.0,13449.0,15577.0,881.0,3216.0,3066.0,4151.0,59.0,11249.0,0.0,8864.0,5897.0,6067.0,8659.0,9826.0,855.0,3026.0,2982.0,3667.0,58.0,6313.0,0.0,10475.0,7386.0,7556.0,10175.0,11753.0,896.0,3263.0,3265.0,4241.0,75.0,3470.0,5679.0,2166,367.3054095302696,16788,2846.871290486688,8864.0,5897.0,2967.0,25023.0,9543.0,6887.0,806.0,10,64,33,5544,25604,7469.0,0,1,112,294.0,540,112,4008,0,0,0,0.0,0,0,0,0.0,0,0,0,0,0,0,0.0,0,0,0,0.0,0,0,0,0,0,0,0.0,0,0,0,0.0,0,0,0,33,5544,0,112,4008,1.0
examples/regalloc/302-instcombine-apint-ismask-n8-d16.pbqp,8,9,3000,dense,19315.0,16947.0,17049.0,19089.0,20474.0,2416.0,0.0,0.0,0.0,0.0,16760.0,0.0,18271.0,15515.0,15617.0,17901.0,20116.0,545.0,682.0,386.0,2686.0,55.0,16571.0,0.0,20524.0,17727.0,17829.0,20149.0,22209.0,584.0,847.0,383.0,2839.0,40.0,17521.0,0.0,7959.0,5601.0,5703.0,7841.0,8447.0,562.0,673.0,350.0,2531.0,36.0,5690.0,0.0,6155.0,3425.0,3527.0,5807.0,7047.0,591.0,701.0,381.0,2715.0,59.0,2442.0,1306.0,2302,410.9980360649884,16157,2884.6634529548296,7959.0,5601.0,2358.0,30402.0,11725.0,5979.0,875.0,6,78,32,5735,26280,3311.0,0,1,256,353.0,1152,354,929,0,0,0,0.0,0,0,0,0.0,0,0,0,1,112,540,245.0,16,1,112,245.0,540,0,112,0,0,0,0.0,0,0,0,0.0,0,0,0,33,5847,16,354,1041,0.9972635539592953
examples/regalloc/303-instcombine-apint-logbase2-n4-d16.pbqp,4,4,1000,dense,10728.0,9355.0,9406.0,10592.0,11228.0,1509.0,0.0,0.0,0.0,0.0,9146.0,0.0,11330.0,9552.0,9603.0,11177.0,12116.0,329.0,363.0,180.0,1721.0,35.0,9488.0,0.0,10835.0,9186.0,9237.0,10694.0,13893.0,362.0,353.0,167.0,1845.0,31.0,9596.0,0.0,6416.0,4550.0,4601.0,6280.0,7929.0,356.0,393.0,164.0,2074.0,33.0,4548.0,0.0,4042.0,2203.0,2254.0,3816.0,4681.0,357.0,401.0,173.0,1875.0,33.0,1602.0,715.0,1477,324.61538461538464,11224,2466.813186813187,6416.0,4550.0,1866.0,16544.0,6024.0,3483.0,413.0,3,39,23,3584,16704,1908.0,0,0,0,0.0,0,224,368,0,0,0,0.0,0,0,0,0.0,0,0,0,1,256,1152,367.0,16,1,256,367.0,1152,0,256,0,0,0,0.0,0,0,0,0.0,0,0,0,24,3840,16,224,624,0.9958333333333333
examples/regalloc/304-instcombine-apint-isallones-n5-d16.pbqp,5,4,1000,dense,9761.0,8290.0,8341.0,9581.0,11152.0,1439.0,0.0,0.0,0.0,0.0,8286.0,0.0,10572.0,8819.0,8870.0,10420.0,11627.0,381.0,480.0,233.0,1701.0,33.0,8792.0,0.0,10321.0,8746.0,8797.0,10194.0,11084.0,401.0,493.0,227.0,1744.0,35.0,8746.0,0.0,6014.0,4177.0,4228.0,5951.0,6467.0,391.0,431.0,219.0,1966.0,32.0,4220.0,0.0,3679.0,2066.0,2117.0,3640.0,4412.0,409.0,451.0,222.0,1784.0,31.0,1663.0,636.0,1366,327.02896815896577,10725,2567.6322719655254,6014.0,4177.0,1837.0,16277.0,5855.0,4251.0,388.0,3,37,22,3255,15240,1868.0,0,0,0,0.0,0,210,337,0,0,0,0.0,0,0,0,0.0,0,0,0,1,240,1084,302.0,15,1,240,302.0,1084,0,240,0,0,0,0.0,0,0,0,0.0,0,0,0,23,3495,15,210,577,0.9957081545064378
examples/regalloc/305-instcombine-apfloat-operator-n4-d16.pbqp,4,5,2000,dense,4772.0,4018.0,4072.0,4734.0,5077.0,916.0,0.0,0.0,0.0,0.0,3999.0,0.0,4785.0,3733.0,3784.0,4717.0,5533.0,312.0,314.0,159.0,1066.0,29.0,3811.0,0.0,4982.0,4026.0,4083.0,4870.0,5297.0,356.0,431.0,180.0,1076.0,33.0,4092.0,0.0,3315.0,2217.0,2268.0,3102.0,3837.0,342.0,315.0,166.0,1169.0,28.0,2300.0,0.0,2183.0,1237.0,1288.0,2105.0,2641.0,343.0,335.0,171.0,1120.0,31.0,1046.0,450.0,723,326.11637347767254,5338,2407.7582318448353,3315.0,2217.0,1098.0,14535.0,4586.0,3560.0,416.0,3,30,14,1519,7336,1097.0,0,0,0,0.0,0,154,217,0,0,0,0.0,0,0,0,0.0,0,0,0,1,112,540,269.0,16,1,112,269.0,540,0,112,0,0,0,0.0,0,0,0,0.0,0,0,0,15,1631,16,154,329,0.9901900674432863
examples/regalloc/306-instcombine-std-find-if-n35-d16.pbqp,35,135,0,dense,222182.0,58834.0,59480.0,212927.0,242148.0,143562.0,0.0,0.0,0.0,0.0,59100.0,0.0,225175.0,77218.0,77796.0,214650.0,327195.0,3450.0,142588.0,27685.0,31694.0,124.0,61446.0,0.0,90410.0,59713.0,60291.0,89549.0,96052.0,3503.0,25874.0,28010.0,29852.0,118.0,60312.0,0.0,65396.0,35736.0,36314.0,61100.0,89915.0,3467.0,24876.0,26490.0,27112.0,115.0,37948.0,0.0,93240.0,51290.0,51868.0,85078.0,110104.0,3632.0,25633.0,28349.0,30870.0,112.0,16991.0,39294.0,13083,366.10141034251177,103931,2908.2997537497204,65396.0,35736.0,29660.0,96095.0,39459.0,23056.0,2276.0,34,296,149,36514,164720,52296.0,0,1,256,503.0,1152,256,32674,0,0,0,0.0,0,0,0,0.0,0,0,0,0,0,0,0.0,0,0,0,0.0,0,0,0,0,0,0,0.0,0,0,0,0.0,0,0,0,149,36514,0,256,32674,1.0
examples/regalloc/307-instcombine-0-operator-n97-d16.pbqp,97,388,13000,dense,2278348.0,100442.0,102074.0,2228315.0,2320690.0,2174691.0,0.0,0.0,0.0,0.0,105382.0,0.0,2288585.0,100376.0,102008.0,2257457.0,2318548.0,17970.0,2099713.0,191054.0,144947.0,299.0,103082.0,0.0,276006.0,93690.0,95322.0,270927.0,288744.0,17263.0,158466.0,172341.0,130831.0,273.0,92243.0,0.0,230612.0,72849.0,74481.0,223290.0,244681.0,16649.0,155484.0,173953.0,122863.0,245.0,72039.0,0.0,272010.0,110144.0,111776.0,265650.0,284595.0,17441.0,165829.0,181843.0,133058.0,283.0,43306.0,83567.0,20776,285.1926587873547,173798,2385.7293854411178,230612.0,72849.0,157763.0,208708.0,71964.0,53929.0,6016.0,96,813,404,44362,213108,110725.0,0,2,140,651.0,696,286,42556,0,0,0,0.0,0,0,0,0.0,0,0,0,0,0,0,0.0,0,0,0,0.0,0,0,0,0,0,0,0.0,0,0,0,0.0,0,0,0,404,44362,0,286,42556,1.0
examples/regalloc/308-instcombine-0-operator-n28-d17.pbqp,28,79,4000,dense,104597.0,53251.0,53676.0,100987.0,119206.0,48176.0,0.0,0.0,0.0,0.0,51032.0,0.0,110676.0,53426.0,53851.0,101563.0,125680.0,2379.0,46979.0,13544.0,16064.0,121.0,53639.0,0.0,66145.0,49035.0,49460.0,64236.0,72598.0,2317.0,13152.0,13018.0,14869.0,100.0,50604.0,0.0,39432.0,23435.0,23835.0,36873.0,45669.0,2181.0,12533.0,12171.0,13932.0,80.0,24025.0,0.0,37746.0,24437.0,24862.0,36450.0,44184.0,2340.0,13402.0,12827.0,14614.0,103.0,12313.0,16899.0,8728,372.4343930019202,71599,3055.216556432686,39432.0,23435.0,15997.0,75421.0,29363.0,19190.0,2137.0,25,225,119,22250,101996,25785.0,0,4,732,1250.0,3344,795,10932,0,0,0,0.0,0,0,0,0.0,0,0,0,0,0,0,0.0,0,0,0,0.0,0,0,0,0,0,0,0.0,0,0,0,0.0,0,0,0,119,22250,0,795,10932,1.0
examples/regalloc/309-instcombine-2-operator-n12-d16.pbqp,12,19,0,dense,20141.0,15484.0,15620.0,19434.0,31778.0,3849.0,0.0,0.0,0.0,0.0,15470.0,0.0,19034.0,14792.0,14920.0,18696.0,21087.0,819.0,3056.0,1938.0,3693.0,46.0,15116.0,0.0,18438.0,15077.0,15205.0,18154.0,20509.0,863.0,2276.0,2054.0,3717.0,67.0,15855.0,0.0,10650.0,7796.0,7932.0,10541.0,11724.0,840.0,2255.0,2020.0,3769.0,49.0,7886.0,0.0,10102.0,7095.0,7231.0,9969.0,11029.0,844.0,2387.0,2059.0,3749.0,70.0,3279.0,5089.0,2870,368.1375064135454,21404,2745.510518214469,10650.0,7796.0,2854.0,33749.0,14059.0,7256.0,902.0,8,90,31,7488,33808,7371.0,0,1,224,438.0,1016,210,4368,0,0,0,0.0,0,0,0,0.0,0,0,0,0,0,0,0.0,0,0,0,0.0,0,0,0,0,0,0,0.0,0,0,0,0.0,0,0,0,31,7488,0,210,4368,1.0
examples/regalloc/310-instcombine-3-operator-n26-d16.pbqp,26,149,38009,dense,133521.0,33485.0,33910.0,131821.0,155242.0,105511.0,0.0,0.0,0.0,0.0,34461.0,0.0,130144.0,32084.0,32509.0,128593.0,146913.0,2496.0,87415.0,15282.0,22687.0,117.0,32892.0,0.0,49572.0,29762.0,30187.0,47197.0,55966.0,2551.0,15824.0,15145.0,20891.0,94.0,30678.0,0.0,47244.0,22560.0,23060.0,41240.0,55801.0,2584.0,15847.0,14994.0,19089.0,105.0,23355.0,0.0,54404.0,35656.0,36081.0,51919.0,60157.0,2644.0,16051.0,15446.0,21438.0,130.0,15731.0,28031.0,6910,306.29432624113474,56553,2506.781914893617,47244.0,22560.0,24684.0,83741.0,29410.0,20173.0,2474.0,25,309,159,14919,72280,35956.0,0,2,147,440.0,728,182,13365,0,0,0,0.0,0,0,0,0.0,0,0,0,0,0,0,0.0,0,0,0,0.0,0,0,0,0,0,0,0.0,0,0,0,0.0,0,0,0,159,14919,0,182,13365,1.0
examples/regalloc/311-instcombine-3-operator-n27-d16-r1.pbqp,27,109,8000,dense,122166.0,36940.0,37382.0,108321.0,199310.0,71500.0,0.0,0.0,0.0,0.0,37107.0,0.0,110626.0,36326.0,36768.0,107340.0,120634.0,2735.0,68774.0,15672.0,20425.0,105.0,39112.0,0.0,53773.0,33998.0,34440.0,52934.0,61192.0,2499.0,14867.0,14609.0,16920.0,74.0,32441.0,0.0,41470.0,24479.0,24921.0,38930.0,46476.0,2493.0,15947.0,15419.0,17508.0,90.0,23380.0,0.0,48630.0,29573.0,30015.0,44760.0,56969.0,2571.0,15144.0,14888.0,16916.0,131.0,13032.0,20275.0,6710,274.112504595776,52550,2146.7380203439684,41470.0,24479.0,16991.0,78233.0,27710.0,18671.0,2123.0,26,255,141,15201,72880,29299.0,0,9,609,1061.0,3020,542,10917,0,0,0,0.0,0,0,0,0.0,0,0,0,1,49,252,186.0,7,1,49,186.0,252,0,49,0,0,0,0.0,0,0,0,0.0,0,0,0,142,15250,7,542,10966,0.9995409836065574
examples/regalloc/312-instcombine-3-operator-n26-d16.pbqp,26,149,38009,dense,127120.0,33102.0,33527.0,125476.0,138264.0,93030.0,0.0,0.0,0.0,0.0,33732.0,0.0,138825.0,32501.0,32926.0,134442.0,173358.0,2525.0,87713.0,15298.0,23001.0,108.0,33569.0,0.0,52061.0,30430.0,30855.0,49784.0,57444.0,2622.0,15902.0,15205.0,20838.0,107.0,30954.0,0.0,43353.0,22149.0,22574.0,40921.0,49314.0,2544.0,15274.0,14422.0,20266.0,89.0,22102.0,0.0,59589.0,37736.0,38161.0,57786.0,65431.0,2656.0,15983.0,15402.0,21998.0,114.0,15500.0,28675.0,6910,311.97796740259156,56553,2553.298117296492,43353.0,22149.0,21204.0,81528.0,28675.0,19184.0,2158.0,25,309,159,14919,72280,38275.0,0,2,147,509.0,728,182,13365,0,0,0,0.0,0,0,0,0.0,0,0,0,0,0,0,0.0,0,0,0,0.0,0,0,0,0,0,0,0.0,0,0,0,0.0,0,0,0,159,14919,0,182,13365,1.0
examples/regalloc/313-instcombine-3-operator-n27-d16-r1.pbqp,27,109,8000,dense,108617.0,38518.0,38960.0,104968.0,121234.0,74313.0,0.0,0.0,0.0,0.0,38663.0,0.0,117117.0,42188.0,42630.0,112884.0,138176.0,2405.0,68123.0,15086.0,18870.0,107.0,39560.0,0.0,54934.0,33495.0,33937.0,49677.0,66153.0,2471.0,15393.0,15265.0,17658.0,89.0,34214.0,0.0,42309.0,23783.0,24225.0,38652.0,46782.0,2489.0,15407.0,14995.0,16801.0,123.0,23163.0,0.0,47017.0,29477.0,29919.0,45800.0,53605.0,2546.0,15497.0,15074.0,18151.0,159.0,13363.0,21095.0,6710,282.1342976075348,52550,2209.561451456923,42309.0,23783.0,18526.0,73848.0,27080.0,17742.0,2132.0,26,255,141,15201,72880,30755.0,0,9,609,1109.0,3020,542,10917,0,0,0,0.0,0,0,0,0.0,0,0,0,1,49,252,228.0,7,1,49,228.0,252,0,49,0,0,0,0.0,0,0,0,0.0,0,0,0,142,15250,7,542,10966,0.9995409836065574
examples/regalloc/314-instcombine-6-operator-n54-d16.pbqp,54,176,2000,dense,380388.0,103285.0,104186.0,375815.0,385631.0,285447.0,0.0,0.0,0.0,0.0,106763.0,0.0,390804.0,101439.0,102340.0,383008.0,402131.0,5458.0,259495.0,46128.0,43309.0,253.0,104545.0,0.0,143625.0,97268.0,98169.0,140733.0,155376.0,5789.0,43655.0,46918.0,42633.0,158.0,96985.0,0.0,105943.0,58098.0,59052.0,101169.0,113654.0,5275.0,42274.0,42539.0,37902.0,212.0,56179.0,0.0,110369.0,59155.0,60056.0,106017.0,124063.0,5351.0,43210.0,42254.0,37738.0,191.0,26184.0,40865.0,17044,293.36638094254533,126139,2171.1418637474612,105943.0,58098.0,47845.0,169698.0,71928.0,37119.0,4249.0,53,479,258,43925,203164,63007.0,0,4,529,1329.0,2484,1657,30581,0,0,0,0.0,0,0,0,0.0,0,0,0,0,0,0,0.0,0,0,0,0.0,0,0,0,0,0,0,0.0,0,0,0,0.0,0,0,0,258,43925,0,1657,30581,1.0
examples/regalloc/315-instcombine-0-operator-n12-d16.pbqp,12,27,5000,dense,12524.0,6677.0,6864.0,11322.0,14884.0,4987.0,0.0,0.0,0.0,0.0,6810.0,0.0,11968.0,6674.0,6861.0,11821.0,13675.0,920.0,6226.0,3061.0,3917.0,76.0,6923.0,0.0,9351.0,6952.0,7139.0,9121.0,9999.0,883.0,3217.0,3052.0,3562.0,57.0,6892.0,0.0,7237.0,4848.0,5035.0,7154.0,7760.0,887.0,3178.0,2982.0,3613.0,68.0,4959.0,0.0,8047.0,5448.0,5635.0,7840.0,9086.0,898.0,3238.0,3060.0,3686.0,73.0,2956.0,3921.0,1508,311.0561056105611,12009,2477.1039603960394,7237.0,4848.0,2389.0,27411.0,9743.0,7406.0,826.0,11,72,31,2947,14340,5116.0,0,0,0,0.0,0,49,2275,0,0,0,0.0,0,0,0,0.0,0,0,0,1,112,540,270.0,7,1,112,270.0,540,0,112,0,0,0,0.0,0,0,0,0.0,0,0,0,32,3059,7,49,2387,0.9977116704805492
examples/regalloc/316-mbb-global-sub-i-machinebasicblock-cpp-n7-d17.pbqp,7,0,0,dense,95.0,0,0,93.0,124.0,125.0,0.0,0.0,0.0,0.0,0.0,0.0,136.0,0,0,135.0,168.0,459.0,246.0,268.0,158.0,31.0,0.0,0.0,140.0,0,0,139.0,198.0,477.0,294.0,279.0,159.0,32.0,0.0,0.0,180.0,0,0,152.0,193.0,510.0,276.0,298.0,159.0,41.0,0.0,0.0,182.0,0,0,167.0,206.0,480.0,275.0,312.0,159.0,32.0,0.0,0.0,0,,0,,180.0,0,180.0,0,0,0,0,0,0,0,0,0,0.0,0,0,0,0.0,0,0,0,0,0,0,0.0,0,0,0,0.0,0,0,0,0,0,0,0.0,0,0,0,0.0,0,0,0,0,0,0,0.0,0,0,0,0.0,0,0,0,0,0,0,0,0,0.0
examples/regalloc/317-mbb-slotindexupdatedelegate-mf-handlerem-n6-d16.pbqp,6,9,2000,dense,8454.0,6785.0,6870.0,8219.0,9330.0,1785.0,0.0,0.0,0.0,0.0,6846.0,0.0,9336.0,7158.0,7243.0,9199.0,10286.0,472.0,994.0,563.0,2197.0,70.0,7171.0,0.0,8750.0,6786.0,6871.0,8464.0,9724.0,486.0,799.0,553.0,2090.0,34.0,7012.0,0.0,6681.0,4703.0,4788.0,6526.0,7332.0,477.0,865.0,570.0,2266.0,35.0,4742.0,0.0,4967.0,2810.0,2895.0,4808.0,6135.0,540.0,916.0,618.0,2739.0,35.0,2012.0,1297.0,1352,287.4760790984478,10000,2126.3023601956197,6681.0,4703.0,1978.0,21120.0,7696.0,5683.0,637.0,5,51,27,2842,13748,2604.0,0,1,49,148.0,252,224,595,0,0,0,0.0,0,0,0,0.0,0,0,0,1,240,1084,375.0,15,1,240,375.0,1084,0,240,0,0,0,0.0,0,0,0,0.0,0,0,0,28,3082,15,224,835,0.9951330304996755
examples/regalloc/318-mbb-slotindexupdatedelegate-mf-handleins-n3-d16.pbqp,3,2,0,dense,940.0,803.0,837.0,923.0,1002.0,340.0,0.0,0.0,0.0,0.0,837.0,0.0,1043.0,808.0,842.0,992.0,1200.0,260.0,150.0,125.0,364.0,27.0,701.0,0.0,1090.0,796.0,830.0,1028.0,1232.0,303.0,203.0,131.0,423.0,52.0,760.0,0.0,715.0,380.0,414.0,667.0,839.0,280.0,183.0,120.0,370.0,26.0,381.0,0.0,1052.0,629.0,663.0,927.0,1508.0,288.0,194.0,124.0,382.0,24.0,237.0,491.0,347,913.1578947368421,1877,4939.473684210527,715.0,380.0,335.0,11307.0,3472.0,2468.0,316.0,2,31,2,480,2168,603.0,0,0,0,0.0,0,0,480,0,0,0,0.0,0,0,0,0.0,0,0,0,0,0,0,0.0,0,0,0,0.0,0,0,0,0,0,0,0.0,0,0,0,0.0,0,0,0,2,480,0,0,480,1.0
examples/regalloc/319-mbb-slotindexupdatedelegate-slotindexupd-n13-d16.pbqp,13,27,4000,dense,24506.0,17934.0,18126.0,23507.0,28650.0,5746.0,0.0,0.0,0.0,0.0,17838.0,0.0,23130.0,17210.0,17414.0,22556.0,26458.0,1001.0,4601.0,2157.0,4840.0,48.0,17494.0,0.0,21443.0,16705.0,16897.0,20276.0,23886.0,1017.0,2742.0,2211.0,4786.0,46.0,17397.0,0.0,14586.0,9886.0,10090.0,14191.0,18009.0,956.0,2629.0,2074.0,4814.0,67.0,10033.0,0.0,10751.0,6975.0,7167.0,10586.0,13222.0,1083.0,2838.0,2196.0,5511.0,47.0,4742.0,4170.0,2955,298.9075460246814,20308,2054.2180861824804,14586.0,9886.0,4700.0,39735.0,14694.0,8854.0,1131.0,12,103,64,6929,33344,7732.0,0,4,315,896.0,1552,690,2533,0,0,0,0.0,0,0,0,0.0,0,0,0,0,0,0,0.0,0,0,0,0.0,0,0,0,0,0,0,0.0,0,0,0,0.0,0,0,0,64,6929,0,690,2533,1.0
examples/regalloc/320-mbb-slotindexupdatedelegate-slotindexupd-n15-d17.pbqp,15,32,5000,dense,19589.0,13874.0,14095.0,19463.0,22608.0,7005.0,0.0,0.0,0.0,0.0,13991.0,0.0,20132.0,12902.0,13123.0,19387.0,28683.0,1026.0,6642.0,3044.0,4671.0,70.0,13250.0,0.0,16919.0,12560.0,12781.0,16138.0,18584.0,1106.0,3780.0,3260.0,4866.0,69.0,13592.0,0.0,14420.0,8485.0,8706.0,12661.0,17171.0,1109.0,3674.0,3198.0,4648.0,53.0,8571.0,0.0,12736.0,8457.0,8678.0,12379.0,14106.0,1181.0,4172.0,3596.0,5701.0,87.0,4967.0,5488.0,2691,317.14790807307014,18785,2213.906894519741,14420.0,8485.0,5935.0,38085.0,13788.0,9016.0,994.0,13,102,56,6243,29952,8244.0,0,3,210,668.0,1044,480,3219,0,0,0,0.0,0,0,0,0.0,0,0,0,0,0,0,0.0,0,0,0,0.0,0,0,0,0,0,0,0.0,0,0,0,0.0,0,0,0,56,6243,0,480,3219,1.0
examples/regalloc/321-mbb-slotindexes-insertmbbinmaps-n25-d17.pbqp,25,109,9000,dense,98322.0,36820.0,37211.0,92260.0,108377.0,57139.0,0.0,0.0,0.0,0.0,36902.0,0.0,99663.0,37315.0,37683.0,96471.0,115869.0,2255.0,55522.0,13306.0,19401.0,104.0,37687.0,0.0,55176.0,36930.0,37321.0,50119.0,83844.0,2132.0,12775.0,11999.0,17452.0,108.0,35918.0,0.0,39445.0,26835.0,27226.0,36142.0,47233.0,2251.0,13195.0,12040.0,16904.0,100.0,23903.0,0.0,45669.0,28444.0,28835.0,42001.0,51979.0,2155.0,12477.0,12059.0,16488.0,98.0,12443.0,21396.0,7368,274.5667970933482,57680,2149.4317123160054,39445.0,26835.0,12610.0,76378.0,29740.0,17912.0,2218.0,23,255,125,17197,80680,30371.0,0,1,256,375.0,1152,305,12769,0,0,0,0.0,0,0,0,0.0,0,0,0,8,784,3808,1001.0,105,8,784,1001.0,3808,49,196,0,0,0,0.0,0,0,0,0.0,0,0,0,133,17981,105,354,12965,0.9941605027529058
examples/regalloc/322-mbb-slotindexes-insertmachineinstrinmaps-n15-d17.pbqp,15,45,6000,dense,22589.0,12625.0,12846.0,22081.0,26487.0,10679.0,0.0,0.0,0.0,0.0,12993.0,0.0,23371.0,12361.0,12582.0,22592.0,26669.0,1279.0,12333.0,4516.0,6267.0,47.0,13217.0,0.0,16911.0,11907.0,12128.0,16359.0,18689.0,1150.0,4655.0,4233.0,5575.0,74.0,12175.0,0.0,12529.0,7990.0,8211.0,11900.0,13802.0,1172.0,4644.0,4269.0,5213.0,79.0,8661.0,0.0,15704.0,11170.0,11391.0,15487.0,18285.0,1182.0,4922.0,4402.0,5884.0,86.0,5048.0,7732.0,2602,325.65707133917397,20651,2584.6057571964957,12529.0,7990.0,4539.0,35829.0,13328.0,10397.0,1087.0,13,104,59,5622,27228,10721.0,0,8,392,699.0,2016,252,4110,0,0,0,0.0,0,0,0,0.0,0,0,0,1,49,252,215.0,7,1,49,215.0,252,0,49,0,0,0,0.0,0,0,0,0.0,0,0,0,60,5671,7,252,4159,0.9987656497972139
examples/regalloc/323-mbb-iplist-impl-erase-n11-d16.pbqp,11,37,5000,dense,17233.0,10932.0,11102.0,16839.0,19236.0,6509.0,0.0,0.0,0.0,0.0,10995.0,0.0,16789.0,9899.0,10069.0,15969.0,21626.0,805.0,6701.0,2875.0,4109.0,57.0,10190.0,0.0,14445.0,10850.0,11040.0,13835.0,18863.0,874.0,3249.0,3108.0,4340.0,60.0,10792.0,0.0,9591.0,6481.0,6651.0,9497.0,10741.0,869.0,3203.0,2953.0,4159.0,54.0,6744.0,0.0,11931.0,8164.0,8334.0,11715.0,12831.0,870.0,3369.0,3076.0,4312.0,59.0,3860.0,6058.0,2229,343.92840611016817,17331,2674.1243635241476,9591.0,6481.0,3110.0,32023.0,10677.0,7593.0,916.0,10,82,42,5342,25180,8785.0,0,1,112,299.0,540,112,3806,0,0,0,0.0,0,0,0,0.0,0,0,0,0,0,0,0.0,0,0,0,0.0,0,0,0,0,0,0,0.0,0,0,0,0.0,0,0,0,42,5342,0,112,3806,1.0
examples/regalloc/324-mbb-densemapbase-movefrom-n29-d17.pbqp,29,225,631257,dense,280178.0,99440.0,99899.0,272622.0,285909.0,178897.0,0.0,0.0,0.0,0.0,101716.0,0.0,299956.0,106759.0,107218.0,285796.0,492598.0,3661.0,161541.0,17240.0,40684.0,151.0,100946.0,0.0,135060.0,93374.0,93833.0,126823.0,141787.0,3285.0,19824.0,15893.0,34929.0,107.0,94456.0,0.0,107386.0,68872.0,69331.0,104413.0,113481.0,3350.0,19677.0,16000.0,35856.0,95.0,67993.0,0.0,132919.0,89429.0,89888.0,128895.0,136944.0,3511.0,20177.0,16553.0,37985.0,137.0,30814.0,65764.0,20360,295.6208618887211,162555,2360.24799628296,107386.0,68872.0,38514.0,168304.0,66320.0,33641.0,7202.0,27,521,277,54861,250736,90341.0,0,17,1890,1708.0,9116,931,47091,0,0,0,0.0,0,0,0,0.0,0,0,0,1,225,1020,683.0,15,1,225,683.0,1020,0,225,0,0,0,0.0,0,0,0,0.0,0,0,0,278,55086,15,931,47316,0.9997276985077879
examples/regalloc/325-mbb-densemapbase-movefrom-n42-d17-r1.pbqp,42,158,6000,dense,285126.0,134622.0,135149.0,277272.0,302471.0,145271.0,0.0,0.0,0.0,0.0,138546.0,0.0,278666.0,137580.0,138138.0,274732.0,298665.0,3690.0,124027.0,20901.0,35840.0,223.0,141733.0,0.0,175753.0,132940.0,133498.0,168421.0,183496.0,3595.0,25289.0,19790.0,31031.0,145.0,133882.0,0.0,111593.0,69602.0,70129.0,105487.0,119326.0,3610.0,24642.0,19722.0,31873.0,181.0,72848.0,0.0,115342.0,66195.0,66722.0,103454.0,194795.0,3348.0,24380.0,18385.0,30170.0,160.0,26857.0,44228.0,21549,309.6031723226344,166516,2392.402517169047,111593.0,69602.0,41991.0,154984.0,65437.0,31706.0,3251.0,31,498,256,60004,271364,69835.0,0,19,4801,2766.0,21620,1729,35224,0,0,0,0.0,0,0,0,0.0,0,0,0,1,225,1020,645.0,15,1,225,645.0,1020,0,225,0,0,0,0.0,0,0,0,0.0,0,0,0,257,60229,15,1729,35449,0.999750950538777
examples/regalloc/326-mbb-densemapbase-lookuporinsertintobucke-n24-d16.pbqp,24,135,3000,dense,131627.0,55071.0,55439.0,128709.0,136159.0,69759.0,0.0,0.0,0.0,0.0,55955.0,0.0,137996.0,58376.0,58767.0,135560.0,142388.0,2289.0,64450.0,12797.0,22588.0,102.0,58740.0,0.0,74391.0,54571.0,54985.0,73211.0,84085.0,2357.0,12989.0,12075.0,22003.0,112.0,55372.0,0.0,51865.0,31809.0,32200.0,47763.0,58655.0,2329.0,12836.0,12204.0,19349.0,115.0,33245.0,0.0,62437.0,43629.0,44020.0,61143.0,66302.0,2399.0,13162.0,12205.0,20778.0,103.0,17204.0,34730.0,11205,352.2587946807507,87572,2753.0573108239805,51865.0,31809.0,20056.0,98839.0,39109.0,20351.0,2408.0,23,323,153,29433,134772,47098.0,0,2,330,723.0,1528,352,24633,0,0,0,0.0,0,0,0,0.0,0,0,0,0,0,0,0.0,0,0,0,0.0,0,0,0,0,0,0,0.0,0,0,0,0.0,0,0,0,153,29433,0,352,24633,1.0
examples/regalloc/327-mbb-densemapbase-lookupbucketfor-n15-d16.pbqp,15,72,0,dense,65594.0,39408.0,39632.0,63394.0,76083.0,23650.0,0.0,0.0,0.0,0.0,39137.0,0.0,74731.0,40339.0,40577.0,64727.0,114427.0,1345.0,21822.0,5669.0,11440.0,90.0,39689.0,0.0,49522.0,41309.0,41547.0,46838.0,100394.0,1184.0,5788.0,5315.0,10907.0,58.0,36240.0,0.0,33246.0,23628.0,23866.0,32670.0,37962.0,1277.0,6040.0,5492.0,11290.0,80.0,22982.0,0.0,37982.0,32576.0,32814.0,36471.0,39877.0,1294.0,6135.0,5838.0,12185.0,95.0,10078.0,23968.0,7607,321.9485356356865,58358,2469.8662603690536,33246.0,23628.0,9618.0,61195.0,27683.0,13237.0,1706.0,14,170,86,21490,96836,28300.0,0,1,256,466.0,1152,256,17650,0,0,0,0.0,0,0,0,0.0,0,0,0,0,0,0,0.0,0,0,0,0.0,0,0,0,0,0,0,0.0,0,0,0,0.0,0,0,0,86,21490,0,256,17650,1.0
examples/regalloc/328-mbb-densemapbase-grow-n20-d17.pbqp,20,30,3000,dense,39145.0,29934.0,30222.0,37927.0,47161.0,8509.0,0.0,0.0,0.0,0.0,29936.0,0.0,42396.0,31262.0,31568.0,41356.0,49323.0,1387.0,6867.0,3316.0,8098.0,76.0,31349.0,0.0,37626.0,30957.0,31263.0,36556.0,43463.0,1436.0,4111.0,3239.0,6997.0,82.0,30961.0,0.0,20781.0,14237.0,14543.0,20172.0,24585.0,1425.0,4089.0,3170.0,6716.0,95.0,14932.0,0.0,16643.0,10113.0,10419.0,16125.0,18713.0,1442.0,4003.0,2980.0,6449.0,67.0,5785.0,5623.0,5237,367.8443492308773,35651,2504.109011729999,20781.0,14237.0,6544.0,60671.0,23840.0,12841.0,1537.0,18,209,63,12552,57304,9716.0,0,3,545,922.0,2488,624,4440,0,0,0,0.0,0,0,0,0.0,0,0,0,0,0,0,0.0,0,0,0,0.0,0,0,0,0,0,0,0.0,0,0,0,0.0,0,0,0,63,12552,0,624,4440,1.0
examples/regalloc/329-mbb-densemapbase-lookuporinsertintobucke-n22-d16.pbqp,22,113,2000,dense,98020.0,46989.0,47325.0,96858.0,110693.0,49970.0,0.0,0.0,0.0,0.0,47035.0,0.0,104508.0,48862.0,49219.0,103299.0,108960.0,1900.0,45554.0,10411.0,18333.0,62.0,48183.0,0.0,63548.0,45865.0,46222.0,60790.0,69805.0,2039.0,10753.0,9981.0,18054.0,101.0,46451.0,0.0,42735.0,27391.0,27748.0,40835.0,48512.0,1921.0,10541.0,9672.0,14686.0,66.0,28350.0,0.0,57380.0,37235.0,37592.0,52209.0,62004.0,1996.0,10955.0,9900.0,15622.0,73.0,14063.0,28049.0,9878,360.6294038187726,76622,2797.34219269103,42735.0,27391.0,15344.0,86371.0,33513.0,19231.0,2323.0,21,279,131,26178,119564,39396.0,0,2,274,646.0,1272,338,22230,0,0,0,0.0,0,0,0,0.0,0,0,0,0,0,0,0.0,0,0,0,0.0,0,0,0,0,0,0,0.0,0,0,0,0.0,0,0,0,131,26178,0,338,22230,1.0
examples/regalloc/330-mbb-densemapbase-grow-n22-d17.pbqp,22,42,3000,dense,76943.0,58567.0,58907.0,75039.0,85846.0,16641.0,0.0,0.0,0.0,0.0,58652.0,0.0,80740.0,58723.0,59063.0,76379.0,102217.0,1567.0,10790.0,4379.0,10627.0,127.0,57003.0,0.0,67516.0,57621.0,57961.0,66490.0,74631.0,1603.0,5698.0,4387.0,11023.0,92.0,58254.0,0.0,34654.0,23810.0,24150.0,33859.0,40665.0,1534.0,5372.0,4244.0,10473.0,73.0,24499.0,0.0,25455.0,15704.0,16044.0,25077.0,29209.0,1705.0,6203.0,4509.0,10510.0,120.0,10439.0,7155.0,8145,342.08315833683326,58748,2467.3666526669467,34654.0,23810.0,10844.0,66578.0,27201.0,13944.0,1715.0,20,181,105,22634,102844,18710.0,0,4,657,1678.0,3028,1289,5402,0,0,0,0.0,0,0,0,0.0,0,0,0,0,0,0,0.0,0,0,0,0.0,0,0,0,0,0,0,0.0,0,0,0,0.0,0,0,0,105,22634,0,1289,5402,1.0
examples/regalloc/331-mbb-densemapbase-lookupbucketfor-n15-d16.pbqp,15,72,0,dense,70988.0,67766.0,68004.0,62716.0,153019.0,31398.0,0.0,0.0,0.0,0.0,66734.0,0.0,74356.0,38215.0,38453.0,67003.0,126092.0,1254.0,21146.0,5667.0,12257.0,79.0,37969.0,0.0,45957.0,35669.0,35907.0,45076.0,54370.0,1213.0,5811.0,5395.0,10995.0,77.0,35516.0,0.0,33743.0,31085.0,31323.0,32243.0,68244.0,1201.0,5754.0,5256.0,10688.0,83.0,22547.0,0.0,38733.0,38047.0,38285.0,37718.0,40870.0,1337.0,6144.0,5882.0,12631.0,55.0,10178.0,23162.0,7607,244.71610101335048,58358,1877.3685057101495,33743.0,31085.0,2658.0,57347.0,26331.0,12376.0,1378.0,14,170,86,21490,96836,29372.0,0,1,256,491.0,1152,256,17650,0,0,0,0.0,0,0,0,0.0,0,0,0,0,0,0,0.0,0,0,0,0.0,0,0,0,0,0,0,0.0,0,0,0,0.0,0,0,0,86,21490,0,256,17650,1.0
examples/regalloc/332-mbb-densemapbase-erasefromfilledbucket-n18-d16.pbqp,18,86,1000,dense,100670.0,55511.0,55800.0,95752.0,107122.0,37288.0,0.0,0.0,0.0,0.0,55369.0,0.0,102846.0,55546.0,55835.0,96956.0,109055.0,1784.0,32837.0,8391.0,16784.0,88.0,57288.0,0.0,71884.0,67006.0,67295.0,70777.0,76306.0,1484.0,7775.0,7368.0,15498.0,77.0,55151.0,0.0,42339.0,29372.0,29661.0,39828.0,53244.0,1601.0,7990.0,7536.0,14736.0,76.0,29286.0,0.0,47494.0,32906.0,33195.0,45503.0,57993.0,1597.0,8071.0,7393.0,14696.0,92.0,12975.0,24315.0,9538,324.7310363611603,74350,2531.322347814245,42339.0,29372.0,12967.0,69117.0,28742.0,15147.0,1726.0,17,204,109,26800,120872,34048.0,0,1,210,358.0,956,434,20547,0,0,0,0.0,0,0,0,0.0,0,0,0,1,224,1016,436.0,2,1,224,436.0,1016,0,224,0,0,0,0.0,0,0,0,0.0,0,0,0,110,27024,2,434,20771,0.9999259917110717
examples/regalloc/333-mbb-densemapbase-movefrom-n26-d17.pbqp,26,187,289363,dense,213537.0,75152.0,75560.0,204570.0,236613.0,128714.0,0.0,0.0,0.0,0.0,74650.0,0.0,219176.0,78036.0,78444.0,209869.0,230745.0,2659.0,116235.0,14701.0,32629.0,108.0,78951.0,0.0,101037.0,69015.0,69423.0,96077.0,126423.0,2559.0,15392.0,13238.0,28774.0,72.0,69079.0,0.0,77531.0,49110.0,49518.0,72830.0,83647.0,2935.0,16289.0,14595.0,30262.0,81.0,52303.0,0.0,105705.0,71718.0,72126.0,102999.0,111005.0,2790.0,16358.0,14093.0,31473.0,115.0,24469.0,54672.0,16172,329.30156790877624,130358,2654.408470779882,77531.0,49110.0,28421.0,121719.0,52007.0,25582.0,2631.0,24,421,211,43448,198020,74978.0,0,1,98,268.0,476,421,39024,0,0,0,0.0,0,0,0,0.0,0,0,0,1,225,1020,585.0,15,1,225,585.0,1020,0,225,0,0,0,0.0,0,0,0,0.0,0,0,0,212,43673,15,421,39249,0.9996565383646646
examples/regalloc/334-mbb-densemapbase-movefrom-n38-d17-r1.pbqp,38,154,6000,dense,265899.0,126087.0,126614.0,260960.0,267732.0,136353.0,0.0,0.0,0.0,0.0,127686.0,0.0,270446.0,124266.0,124855.0,261218.0,294324.0,3343.0,121135.0,19984.0,33969.0,178.0,128279.0,0.0,156827.0,120709.0,121236.0,154552.0,162143.0,3505.0,22603.0,18945.0,33672.0,111.0,119834.0,0.0,99209.0,65563.0,66090.0,97793.0,113505.0,3238.0,21279.0,17575.0,30031.0,135.0,66255.0,0.0,99448.0,64707.0,65234.0,96087.0,105703.0,3356.0,22988.0,18340.0,30926.0,142.0,26598.0,45234.0,20132,307.0634351692265,154379,2354.6665039732775,99209.0,65563.0,33646.0,147558.0,61431.0,29838.0,3421.0,31,462,245,55912,253276,66432.0,0,3,658,1227.0,2988,1681,33306,0,0,0,0.0,0,0,0,0.0,0,0,0,1,225,1020,561.0,15,1,225,561.0,1020,0,225,0,0,0,0.0,0,0,0,0.0,0,0,0,246,56137,15,1681,33531,0.9997327965512941
examples/regalloc/335-mbb-function-ref-callback-fn-n7-d17.pbqp,7,10,0,dense,39913.0,34330.0,34415.0,39270.0,44715.0,3918.0,0.0,0.0,0.0,0.0,33924.0,0.0,40987.0,35428.0,35513.0,40635.0,43883.0,596.0,1060.0,649.0,4631.0,62.0,36326.0,0.0,39228.0,35159.0,35244.0,38730.0,41303.0,572.0,949.0,575.0,4309.0,38.0,35383.0,0.0,14937.0,11234.0,11319.0,14627.0,16973.0,536.0,855.0,559.0,4023.0,37.0,11652.0,0.0,9746.0,5923.0,6008.0,9520.0,10716.0,521.0,910.0,554.0,3961.0,36.0,4013.0,2029.0,3801,338.34787252982017,28302,2519.3163610468223,14937.0,11234.0,3703.0,30071.0,13766.0,5997.0,747.0,5,64,48,10965,49672,5793.0,0,2,450,694.0,2040,674,1573,0,0,0,0.0,0,0,0,0.0,0,0,0,0,0,0,0.0,0,0,0,0.0,0,0,0,0,0,0,0.0,0,0,0,0.0,0,0,0,48,10965,0,674,1573,1.0
examples/regalloc/336-mbb-function-ref-callback-fn-n7-d16.pbqp,7,13,0,dense,37728.0,31897.0,31999.0,36375.0,42192.0,3998.0,0.0,0.0,0.0,0.0,31852.0,0.0,36391.0,30549.0,30645.0,34911.0,38671.0,535.0,1267.0,724.0,4362.0,64.0,31874.0,0.0,37787.0,32779.0,32893.0,37053.0,44838.0,570.0,1116.0,751.0,4529.0,54.0,32197.0,0.0,17011.0,12048.0,12150.0,15926.0,22048.0,613.0,1008.0,700.0,3895.0,33.0,12237.0,0.0,10193.0,6284.0,6398.0,9766.0,11455.0,546.0,1166.0,787.0,4369.0,34.0,4400.0,2641.0,3858,320.2191235059761,29629,2459.246347941567,17011.0,12048.0,4963.0,32322.0,13486.0,6820.0,832.0,6,68,50,10966,49792,6256.0,0,2,422,597.0,1920,644,2175,0,0,0,0.0,0,0,0,0.0,0,0,0,0,0,0,0.0,0,0,0,0.0,0,0,0,0,0,0,0.0,0,0,0,0.0,0,0,0,50,10966,0,644,2175,1.0
examples/regalloc/337-mbb-function-ref-callback-fn-n7-d16.pbqp,7,13,0,dense,35076.0,30599.0,30713.0,34472.0,38756.0,4166.0,0.0,0.0,0.0,0.0,31153.0,0.0,36984.0,30786.0,30888.0,35128.0,41871.0,521.0,1177.0,697.0,4164.0,35.0,29442.0,0.0,34661.0,29943.0,30045.0,33647.0,38918.0,557.0,1095.0,665.0,4266.0,53.0,29924.0,0.0,20586.0,11869.0,11971.0,15670.0,26051.0,534.0,1015.0,681.0,3943.0,52.0,12070.0,0.0,9850.0,6245.0,6347.0,9524.0,11091.0,509.0,962.0,645.0,3665.0,50.0,4068.0,2682.0,3858,325.0484455303732,29629,2496.3349903108938,20586.0,11869.0,8717.0,39571.0,16620.0,7432.0,977.0,6,68,50,10966,49792,6336.0,0,2,422,624.0,1920,644,2175,0,0,0,0.0,0,0,0,0.0,0,0,0,0,0,0,0.0,0,0,0,0.0,0,0,0,0,0,0,0.0,0,0,0,0.0,0,0,0,50,10966,0,644,2175,1.0
examples/regalloc/338-mbb-ilist-traits-deletenode-n4-d16.pbqp,4,3,0,dense,13004.0,12337.0,12388.0,12820.0,14166.0,1765.0,0.0,0.0,0.0,0.0,12159.0,0.0,13268.0,10972.0,11023.0,12960.0,14858.0,341.0,290.0,185.0,1713.0,39.0,11740.0,0.0,13419.0,11531.0,11582.0,13250.0,14355.0,353.0,330.0,179.0,1481.0,31.0,11541.0,0.0,5660.0,4274.0,4325.0,5515.0,6133.0,343.0,312.0,157.0,1449.0,29.0,4332.0,0.0,3622.0,2222.0,2273.0,3530.0,4105.0,343.0,352.0,163.0,1452.0,31.0,1609.0,774.0,1630,381.3757604117922,11926,2790.3603182030884,5660.0,4274.0,1386.0,21181.0,7448.0,4269.0,555.0,3,47,18,4336,19580,2183.0,0,1,256,355.0,1152,240,736,0,0,0,0.0,0,0,0,0.0,0,0,0,0,0,0,0.0,0,0,0,0.0,0,0,0,0,0,0,0.0,0,0,0,0.0,0,0,0,18,4336,0,240,736,1.0
examples/regalloc/339-mbb-ilist-traits-addnodetolist-n5-d16.pbqp,5,5,2000,dense,3066.0,2488.0,2556.0,2974.0,3173.0,752.0,0.0,0.0,0.0,0.0,2460.0,0.0,3172.0,2364.0,2432.0,3019.0,3416.0,392.0,361.0,220.0,930.0,30.0,2373.0,0.0,3241.0,2521.0,2589.0,3157.0,3446.0,414.0,412.0,225.0,943.0,33.0,2469.0,0.0,2536.0,1470.0,1538.0,2426.0,2838.0,382.0,380.0,213.0,1107.0,30.0,1493.0,0.0,2059.0,1170.0,1238.0,1974.0,2257.0,410.0,437.0,226.0,1116.0,32.0,846.0,662.0,565,384.3537414965986,3981,2708.1632653061224,2536.0,1470.0,1066.0,14372.0,5594.0,3682.0,434.0,4,36,9,959,4636,1010.0,0,0,0,0.0,0,49,329,0,0,0,0.0,0,0,0,0.0,0,0,0,1,105,508,201.0,15,1,105,201.0,508,0,105,0,0,0,0.0,0,0,0,0.0,0,0,0,10,1064,15,49,434,0.9859022556390977
examples/regalloc/340-mbb-ilist-traits-removenodefromlist-n3-d15.pbqp,3,2,2000,dense,528.0,334.0,368.0,501.0,662.0,282.0,0.0,0.0,0.0,0.0,348.0,0.0,601.0,306.0,340.0,554.0,699.0,268.0,181.0,136.0,341.0,26.0,322.0,0.0,636.0,380.0,414.0,576.0,741.0,298.0,207.0,125.0,371.0,34.0,431.0,0.0,531.0,222.0,260.0,504.0,579.0,332.0,207.0,141.0,340.0,26.0,249.0,0.0,711.0,322.0,356.0,608.0,1380.0,282.0,176.0,125.0,349.0,25.0,183.0,269.0,160,720.7207207207207,900,4054.054054054054,531.0,222.0,309.0,9834.0,2585.0,2188.0,215.0,2,22,2,154,760,377.0,0,0,0,0.0,0,0,154,0,0,0,0.0,0,0,0,0.0,0,0,0,0,0,0,0.0,0,0,0,0.0,0,0,0,0,0,0,0.0,0,0,0,0.0,0,0,0,2,154,0,0,154,1.0
examples/regalloc/341-mbb-ilist-traits-transfernodesfromlist-n5-d16.pbqp,5,8,0,dense,19886.0,17502.0,17570.0,19765.0,21668.0,2367.0,0.0,0.0,0.0,0.0,17491.0,0.0,19816.0,17136.0,17204.0,19192.0,23923.0,409.0,650.0,374.0,2633.0,31.0,17084.0,0.0,20754.0,17638.0,17706.0,20290.0,24810.0,424.0,585.0,357.0,2821.0,30.0,17167.0,0.0,12147.0,8233.0,8301.0,11144.0,15160.0,433.0,562.0,364.0,2740.0,32.0,8297.0,0.0,6386.0,4003.0,4071.0,6139.0,7406.0,419.0,645.0,371.0,2376.0,32.0,2754.0,1574.0,2353,285.80104457670353,17671,2146.362200898822,12147.0,8233.0,3914.0,22392.0,9300.0,4365.0,667.0,4,48,32,6496,29644,3939.0,0,1,182,297.0,836,434,1257,0,0,0,0.0,0,0,0,0.0,0,0,0,0,0,0,0.0,0,0,0,0.0,0,0,0,0,0,0,0.0,0,0,0,0.0,0,0,0,32,6496,0,434,1257,1.0
examples/regalloc/342-mbb-liveintervals-removeregunit-n11-d16.pbqp,11,28,4000,dense,14427.0,9547.0,9717.0,14173.0,15810.0,4919.0,0.0,0.0,0.0,0.0,9595.0,0.0,13932.0,9063.0,9233.0,13763.0,15350.0,797.0,5444.0,2691.0,3759.0,71.0,9453.0,0.0,12720.0,9362.0,9532.0,12381.0,13706.0,836.0,2866.0,2846.0,3939.0,61.0,9495.0,0.0,8016.0,5471.0,5641.0,7897.0,8831.0,827.0,2850.0,2687.0,4082.0,40.0,5694.0,0.0,8734.0,5961.0,6131.0,8469.0,9900.0,836.0,2888.0,2815.0,3741.0,44.0,3123.0,4236.0,1911,349.29628952659476,14596,2667.8852129409615,8016.0,5471.0,2545.0,26007.0,10435.0,6467.0,835.0,10,78,33,4435,20828,6130.0,0,1,112,248.0,540,112,2899,0,0,0,0.0,0,0,0,0.0,0,0,0,0,0,0,0.0,0,0,0,0.0,0,0,0,0,0,0,0.0,0,0,0,0.0,0,0,0,33,4435,0,112,2899,1.0
examples/regalloc/343-mbb-machinebasicblock-movebefore-n6-d16.pbqp,6,13,0,dense,15199.0,13221.0,13306.0,14997.0,16085.0,2129.0,0.0,0.0,0.0,0.0,13182.0,0.0,16230.0,13419.0,13504.0,16129.0,17033.0,446.0,1319.0,861.0,2417.0,44.0,13599.0,0.0,16897.0,13502.0,13587.0,16074.0,17517.0,491.0,1081.0,868.0,2682.0,57.0,13466.0,0.0,8529.0,6438.0,6523.0,8476.0,9153.0,469.0,1028.0,824.0,2492.0,30.0,6455.0,0.0,7883.0,5477.0,5562.0,7625.0,8437.0,504.0,1066.0,886.0,2738.0,33.0,2610.0,3339.0,2349,364.86486486486484,17881,2777.4153463808634,8529.0,6438.0,2091.0,21445.0,8289.0,4702.0,581.0,5,52,27,6608,29812,5393.0,0,1,256,349.0,1152,240,3008,0,0,0,0.0,0,0,0,0.0,0,0,0,0,0,0,0.0,0,0,0,0.0,0,0,0,0,0,0,0.0,0,0,0,0.0,0,0,0,27,6608,0,240,3008,1.0
examples/regalloc/344-mbb-machinebasicblock-addsuccessor-n26-d17.pbqp,26,132,37079,dense,111430.0,38294.0,38702.0,107881.0,124477.0,74172.0,0.0,0.0,0.0,0.0,39535.0,0.0,113812.0,38549.0,38957.0,109889.0,123915.0,2305.0,65654.0,12493.0,19330.0,122.0,38934.0,0.0,52148.0,33939.0,34347.0,50143.0,57829.0,2295.0,13250.0,11980.0,16954.0,99.0,34542.0,0.0,42243.0,25432.0,25840.0,39838.0,58582.0,2412.0,13238.0,11656.0,17756.0,94.0,24629.0,0.0,57630.0,36027.0,36435.0,54150.0,61805.0,2358.0,13781.0,11949.0,17505.0,165.0,15595.0,25091.0,7597,298.718150361749,58564,2302.7681660899652,42243.0,25432.0,16811.0,87350.0,31747.0,19193.0,2136.0,24,308,166,17005,82004,37617.0,0,2,161,592.0,792,704,12637,0,0,0,0.0,0,0,0,0.0,0,0,0,0,0,0,0.0,0,0,0,0.0,0,0,0,0,0,0,0.0,0,0,0,0.0,0,0,0,166,17005,0,704,12637,1.0
examples/regalloc/345-mbb-machinebasicblock-addsuccessor-n35-d17-r1.pbqp,35,149,7000,dense,177845.0,46258.0,46819.0,174254.0,179528.0,122553.0,0.0,0.0,0.0,0.0,45727.0,0.0,178001.0,44164.0,44725.0,174595.0,186865.0,3483.0,117660.0,22827.0,25655.0,121.0,46355.0,0.0,65876.0,43322.0,43883.0,64790.0,73333.0,3321.0,21603.0,21242.0,23209.0,116.0,42392.0,0.0,59160.0,30242.0,30803.0,54058.0,79176.0,3202.0,20835.0,20442.0,21544.0,124.0,30181.0,0.0,68535.0,41182.0,41743.0,62453.0,80191.0,3329.0,21369.0,20639.0,21634.0,117.0,16731.0,30508.0,9305,307.6846769393559,73762,2439.0582633423714,59160.0,30242.0,28918.0,99659.0,34273.0,22138.0,5844.0,33,342,183,20853,99932,42368.0,0,2,161,594.0,792,704,16485,0,0,0,0.0,0,0,0,0.0,0,0,0,0,0,0,0.0,0,0,0,0.0,0,0,0,0,0,0,0.0,0,0,0,0.0,0,0,0,183,20853,0,704,16485,1.0
examples/regalloc/346-mbb-machinebasicblock-clearliveins-n6-d17.pbqp,6,7,0,dense,15213.0,12682.0,12750.0,14611.0,18184.0,2144.0,0.0,0.0,0.0,0.0,12673.0,0.0,16068.0,13902.0,13970.0,15619.0,17249.0,488.0,954.0,702.0,2288.0,53.0,13807.0,0.0,14882.0,13259.0,13327.0,14369.0,15860.0,479.0,818.0,573.0,2130.0,34.0,13176.0,0.0,7015.0,5078.0,5146.0,6884.0,7818.0,484.0,757.0,511.0,1973.0,31.0,5399.0,0.0,5192.0,3319.0,3387.0,5036.0,5918.0,508.0,735.0,565.0,2022.0,64.0,1960.0,1721.0,1935,381.0555336746751,14305,2817.05395825128,7015.0,5078.0,1937.0,24001.0,9079.0,5393.0,731.0,4,55,21,5137,23176,3345.0,0,1,256,322.0,1152,240,1537,0,0,0,0.0,0,0,0,0.0,0,0,0,0,0,0,0.0,0,0,0,0.0,0,0,0,0,0,0,0.0,0,0,0,0.0,0,0,0,21,5137,0,240,1537,1.0
examples/regalloc/347-mbb-machinebasicblock-clearliveins-n2-d16.pbqp,2,1,0,dense,517.0,416.0,432.0,490.0,623.0,190.0,0.0,0.0,0.0,0.0,426.0,0.0,643.0,451.0,468.0,600.0,865.0,233.0,94.0,97.0,219.0,42.0,497.0,0.0,572.0,396.0,412.0,554.0,706.0,234.0,138.0,105.0,204.0,24.0,404.0,0.0,472.0,321.0,338.0,445.0,636.0,235.0,136.0,88.0,202.0,25.0,275.0,0.0,530.0,332.0,349.0,515.0,726.0,231.0,115.0,87.0,199.0,25.0,120.0,262.0,179,557.6323987538941,969,3018.691588785047,472.0,321.0,151.0,6448.0,2718.0,1783.0,152.0,1,16,1,256,1152,363.0,0,0,0,0.0,0,0,256,0,0,0,0.0,0,0,0,0.0,0,0,0,0,0,0,0.0,0,0,0,0.0,0,0,0,0,0,0,0.0,0,0,0,0.0,0,0,0,1,256,0,0,256,1.0
examples/regalloc/348-mbb-machinebasicblock-finddebugloc-n5-d16.pbqp,5,6,0,dense,14458.0,12235.0,12286.0,14192.0,15994.0,2023.0,0.0,0.0,0.0,0.0,11993.0,0.0,14686.0,12036.0,12087.0,14012.0,15971.0,380.0,538.0,411.0,2043.0,31.0,12001.0,0.0,25366.0,22513.0,22564.0,15934.0,38113.0,608.0,936.0,636.0,3123.0,81.0,22309.0,0.0,7765.0,5958.0,6009.0,7460.0,9111.0,413.0,612.0,423.0,2284.0,60.0,5900.0,0.0,4860.0,2963.0,3011.0,4755.0,5194.0,398.0,639.0,413.0,2084.0,53.0,1807.0,1472.0,1728,290.03021148036254,12577,2110.9432695535415,7765.0,5958.0,1807.0,17021.0,7047.0,3803.0,460.0,3,38,20,4832,21816,2919.0,0,1,240,336.0,1084,256,1232,0,0,0,0.0,0,0,0,0.0,0,0,0,0,0,0,0.0,0,0,0,0.0,0,0,0,0,0,0,0.0,0,0,0,0.0,0,0,0,20,4832,0,256,1232,1.0
examples/regalloc/349-mbb-machinebasicblock-removelivein-n5-d17.pbqp,5,6,2000,dense,4988.0,4131.0,4182.0,4875.0,5225.0,941.0,0.0,0.0,0.0,0.0,4103.0,0.0,4781.0,3941.0,3989.0,4711.0,5245.0,372.0,559.0,418.0,1109.0,36.0,3918.0,0.0,5699.0,4168.0,4219.0,4977.0,6529.0,432.0,645.0,448.0,1126.0,33.0,4277.0,0.0,2839.0,2009.0,2060.0,2731.0,3088.0,407.0,567.0,403.0,1024.0,30.0,2057.0,0.0,2361.0,1556.0,1607.0,2288.0,3092.0,404.0,552.0,431.0,1148.0,31.0,1022.0,771.0,687,341.96117471378795,5249,2612.742658038825,2839.0,2009.0,830.0,11598.0,4082.0,3182.0,369.0,3,20,11,1820,8404,1505.0,0,1,98,214.0,476,105,560,0,0,0,0.0,0,0,0,0.0,0,0,0,0,0,0,0.0,0,0,0,0.0,0,0,0,0,0,0,0.0,0,0,0,0.0,0,0,0,11,1820,0,105,560,1.0
examples/regalloc/350-mbb-machinebasicblock-removelivein-n9-d17.pbqp,9,24,1000,dense,18506.0,14480.0,14592.0,18055.0,20622.0,4337.0,0.0,0.0,0.0,0.0,15534.0,0.0,19753.0,15460.0,15579.0,19182.0,21831.0,671.0,3411.0,1734.0,3881.0,40.0,15215.0,0.0,18242.0,15596.0,15715.0,17639.0,19871.0,687.0,2184.0,1811.0,3838.0,52.0,15513.0,0.0,11071.0,7797.0,7916.0,10957.0,12167.0,646.0,2010.0,1758.0,3926.0,57.0,8139.0,0.0,10366.0,7405.0,7524.0,10200.0,12477.0,701.0,2153.0,1772.0,3837.0,77.0,3580.0,5372.0,2811,360.5232781839169,21875,2805.566243426959,11071.0,7797.0,3274.0,31611.0,12231.0,8125.0,925.0,7,72,36,7550,34376,7836.0,0,1,224,315.0,1016,210,4430,0,0,0,0.0,0,0,0,0.0,0,0,0,0,0,0,0.0,0,0,0,0.0,0,0,0,0,0,0,0.0,0,0,0,0.0,0,0,0,36,7550,0,210,4430,1.0
examples/regalloc/351-mbb-machinebasicblock-remove-instr-n9-d16.pbqp,9,13,2000,dense,23354.0,20399.0,20535.0,23145.0,26189.0,3520.0,0.0,0.0,0.0,0.0,20577.0,0.0,23713.0,19709.0,19845.0,22826.0,26222.0,656.0,1383.0,647.0,3969.0,57.0,20642.0,0.0,25136.0,20765.0,20909.0,24813.0,28637.0,687.0,1058.0,708.0,3591.0,57.0,20244.0,0.0,12525.0,9170.0,9306.0,12235.0,12769.0,667.0,1160.0,710.0,3902.0,59.0,9838.0,0.0,9708.0,5404.0,5540.0,9165.0,10925.0,654.0,1111.0,704.0,4278.0,64.0,3903.0,1791.0,3290,358.77862595419845,22066,2406.3249727371863,12525.0,9170.0,3355.0,33088.0,13257.0,7263.0,831.0,8,91,55,8538,39784,5435.0,0,2,368,615.0,1692,768,1338,0,0,0,0.0,0,0,0,0.0,0,0,0,0,0,0,0.0,0,0,0,0.0,0,0,0,0,0,0,0.0,0,0,0,0.0,0,0,0,55,8538,0,768,1338,1.0
examples/regalloc/352-mbb-machinebasicblock-copysuccessor-n22-d16.pbqp,22,99,3000,dense,108431.0,47848.0,48205.0,104872.0,118308.0,49133.0,0.0,0.0,0.0,0.0,47872.0,0.0,105168.0,46098.0,46434.0,97666.0,127042.0,1955.0,43829.0,9463.0,17865.0,91.0,47837.0,0.0,63962.0,45010.0,45367.0,61954.0,77385.0,2111.0,10207.0,9455.0,15722.0,73.0,45911.0,0.0,46428.0,27554.0,27911.0,44075.0,55619.0,1907.0,9888.0,8854.0,15074.0,113.0,27837.0,0.0,52677.0,34903.0,35260.0,50034.0,56490.0,1905.0,9708.0,8911.0,16159.0,96.0,13368.0,25299.0,9141,331.74856645133195,69351,2516.9122450460914,46428.0,27554.0,18874.0,87979.0,34583.0,22727.0,2176.0,21,236,132,24235,111392,35559.0,0,1,49,200.0,252,704,17707,0,0,0,0.0,0,0,0,0.0,0,0,0,1,256,1152,524.0,2,1,256,524.0,1152,0,256,0,0,0,0.0,0,0,0,0.0,0,0,0,133,24491,2,704,17963,0.9999183373484137
examples/regalloc/353-mbb-machinebasicblock-rfinddebugloc-n11-d16.pbqp,11,17,0,dense,57984.0,49859.0,50012.0,55788.0,63230.0,6557.0,0.0,0.0,0.0,0.0,51943.0,0.0,61418.0,51305.0,51458.0,60926.0,67120.0,796.0,2268.0,1206.0,6642.0,42.0,51021.0,0.0,61284.0,52392.0,52545.0,59910.0,71617.0,867.0,1765.0,1233.0,6698.0,66.0,50387.0,0.0,28963.0,20480.0,20633.0,26996.0,34132.0,844.0,1733.0,1213.0,6185.0,38.0,19706.0,0.0,16482.0,9233.0,9386.0,15989.0,19838.0,813.0,1797.0,1163.0,7472.0,55.0,6381.0,3699.0,6139,299.755859375,44125,2154.541015625,28963.0,20480.0,8483.0,50208.0,21352.0,10932.0,1222.0,9,120,71,17584,79276,9466.0,0,3,720,1055.0,3252,992,3216,0,0,0,0.0,0,0,0,0.0,0,0,0,0,0,0,0.0,0,0,0,0.0,0,0,0,0,0,0,0.0,0,0,0,0.0,0,0,0,71,17584,0,992,3216,1.0
examples/regalloc/354-mbb-machinebasicblock-addpredecessor-n4-d16.pbqp,4,6,0,dense,14310.0,12435.0,12486.0,14171.0,15596.0,1814.0,0.0,0.0,0.0,0.0,12366.0,0.0,14066.0,11732.0,11783.0,13429.0,16587.0,341.0,466.0,327.0,1904.0,30.0,11701.0,0.0,14229.0,12298.0,12349.0,14012.0,18067.0,362.0,483.0,345.0,1948.0,32.0,12818.0,0.0,6262.0,4676.0,4727.0,6179.0,6465.0,364.0,503.0,320.0,1658.0,29.0,4711.0,0.0,4425.0,2786.0,2837.0,4272.0,4769.0,338.0,479.0,307.0,1799.0,28.0,1844.0,1349.0,1708,365.2694610778443,12094,2586.3986313088108,6262.0,4676.0,1586.0,16884.0,6989.0,3608.0,547.0,3,37,19,4832,21752,2740.0,0,1,240,321.0,1084,240,1248,0,0,0,0.0,0,0,0,0.0,0,0,0,0,0,0,0.0,0,0,0,0.0,0,0,0,0,0,0,0.0,0,0,0,0.0,0,0,0,19,4832,0,240,1248,1.0
examples/regalloc/355-mbb-machinebasicblock-canfallthrough-n3-d16.pbqp,3,0,0,dense,48.0,0,0,47.0,73.0,81.0,0.0,0.0,0.0,0.0,0.0,0.0,67.0,0,0,66.0,87.0,248.0,104.0,127.0,67.0,24.0,0.0,0.0,99.0,0,0,74.0,130.0,283.0,141.0,126.0,68.0,25.0,0.0,0.0,81.0,0,0,72.0,116.0,276.0,129.0,122.0,65.0,24.0,0.0,0.0,74.0,0,0,73.0,161.0,284.0,134.0,127.0,69.0,25.0,0.0,0.0,0,,0,,81.0,0,81.0,0,0,0,0,0,0,0,0,0,0.0,0,0,0,0.0,0,0,0,0,0,0,0.0,0,0,0,0.0,0,0,0,0,0,0,0.0,0,0,0,0.0,0,0,0,0,0,0,0.0,0,0,0,0.0,0,0,0,0,0,0,0,0,0.0
examples/regalloc/356-mbb-machinebasicblock-getfallthrough-n38-d16.pbqp,38,185,5000,dense,266344.0,54806.0,55435.0,255116.0,294920.0,200396.0,0.0,0.0,0.0,0.0,56332.0,0.0,276565.0,57982.0,58611.0,267424.0,296186.0,4147.0,183534.0,32528.0,37262.0,117.0,58704.0,0.0,91070.0,53475.0,54067.0,88352.0,92621.0,4073.0,29398.0,29943.0,35643.0,113.0,53280.0,0.0,72082.0,38960.0,39589.0,69087.0,76228.0,4700.0,30020.0,31789.0,37409.0,161.0,46805.0,0.0,90403.0,54011.0,54640.0,87300.0,102223.0,3999.0,28265.0,29370.0,34663.0,150.0,22195.0,40905.0,11856,304.31211498973306,95979,2463.5266940451747,72082.0,38960.0,33122.0,115350.0,41012.0,28362.0,2969.0,37,384,199,28401,133028,57725.0,0,1,49,170.0,252,273,26385,0,0,0,0.0,0,0,0,0.0,0,0,0,1,112,540,384.0,7,1,112,384.0,540,0,112,0,0,0,0.0,0,0,0,0.0,0,0,0,200,28513,7,273,26497,0.9997544979483043
examples/regalloc/357-mbb-machinebasicblock-getfirstnonphi-n3-d16.pbqp,3,3,0,dense,12270.0,11239.0,11273.0,12207.0,13537.0,1105.0,0.0,0.0,0.0,0.0,11257.0,0.0,13243.0,11943.0,11977.0,12988.0,14378.0,284.0,261.0,145.0,1564.0,45.0,11971.0,0.0,12588.0,11372.0,11406.0,12402.0,13743.0,297.0,256.0,135.0,1288.0,31.0,11907.0,0.0,5109.0,3763.0,3797.0,4995.0,5272.0,286.0,239.0,124.0,1333.0,27.0,3698.0,0.0,3133.0,1829.0,1863.0,3012.0,3850.0,294.0,229.0,128.0,1236.0,28.0,1330.0,482.0,1526,405.52750465054476,10634,2825.936752591018,5109.0,3763.0,1346.0,14707.0,6581.0,3113.0,372.0,2,32,17,4352,19584,1979.0,0,1,256,365.0,1152,256,512,0,0,0,0.0,0,0,0,0.0,0,0,0,0,0,0,0.0,0,0,0,0.0,0,0,0,0,0,0,0.0,0,0,0,0.0,0,0,0,17,4352,0,256,512,1.0
examples/regalloc/358-mbb-machinebasicblock-splitsuccessor-n73-d17.pbqp,73,388,4000,dense,1411932.0,217606.0,218694.0,1372467.0,1456186.0,1198152.0,0.0,0.0,0.0,0.0,213098.0,0.0,1444086.0,214348.0,215504.0,1415535.0,1479887.0,11668.0,1120354.0,101495.0,120703.0,261.0,218759.0,0.0,343001.0,192427.0,193583.0,321487.0,346261.0,11359.0,94589.0,95149.0,117394.0,246.0,195939.0,0.0,248941.0,113185.0,114341.0,236924.0,256276.0,11595.0,96292.0,95942.0,115381.0,235.0,117449.0,0.0,289303.0,151811.0,152967.0,279759.0,294964.0,11341.0,94767.0,94664.0,118181.0,240.0,53511.0,114784.0,38923,343.88832442461455,310487,2743.1815169854663,248941.0,113185.0,135756.0,268470.0,115548.0,57985.0,6340.0,68,902,451,103902,470308,159734.0,0,2,578,1006.0,2584,995,89152,0,0,0,0.0,0,0,0,0.0,0,0,0,2,448,2032,1267.0,16,2,448,1267.0,2032,0,448,0,0,0,0.0,0,0,0,0.0,0,0,0,453,104350,16,995,89600,0.9998466698610445
examples/regalloc/359-mbb-machinebasicblock-erasefromparent-n7-d17.pbqp,7,13,0,dense,16328.0,13735.0,13820.0,16206.0,17880.0,2288.0,0.0,0.0,0.0,0.0,13484.0,0.0,18163.0,15325.0,15410.0,17880.0,20712.0,553.0,1579.0,1039.0,2739.0,33.0,14924.0,0.0,16277.0,13639.0,13724.0,15652.0,18178.0,529.0,1215.0,998.0,2598.0,55.0,13574.0,0.0,8748.0,6566.0,6661.0,8654.0,9279.0,563.0,1211.0,1024.0,2559.0,41.0,6690.0,0.0,7548.0,5399.0,5484.0,7421.0,9012.0,544.0,1201.0,1026.0,2423.0,50.0,2453.0,3364.0,2405,366.28084069448676,17301,2634.9375571123974,8748.0,6566.0,2182.0,20974.0,8753.0,4681.0,572.0,5,52,27,6832,30764,5587.0,0,1,256,337.0,1152,256,2992,0,0,0,0.0,0,0,0,0.0,0,0,0,0,0,0,0.0,0,0,0,0.0,0,0,0,0,0,0,0.0,0,0,0,0.0,0,0,0,27,6832,0,256,2992,1.0
examples/regalloc/360-mbb-machinebasicblock-removesuccessor-n84-d17.pbqp,84,520,6000,dense,2289394.0,247965.0,249308.0,2243646.0,2399658.0,2061024.0,0.0,0.0,0.0,0.0,255176.0,0.0,2342103.0,244300.0,245643.0,2306912.0,2381521.0,16227.0,1889539.0,144077.0,172242.0,316.0,248741.0,0.0,435150.0,229993.0,231336.0,419988.0,447213.0,16352.0,128165.0,130900.0,172190.0,303.0,236363.0,0.0,328059.0,140748.0,142012.0,320659.0,332599.0,16614.0,126755.0,131012.0,163638.0,279.0,148708.0,0.0,382266.0,197594.0,198937.0,369827.0,397839.0,16769.0,128743.0,131360.0,174229.0,330.0,73178.0,159737.0,45206,321.1839599852218,363750,2584.4061727342482,328059.0,140748.0,187311.0,337339.0,139649.0,72639.0,12019.0,79,1143,574,117896,537500,205328.0,0,3,627,1354.0,2836,1051,103986,0,0,0,0.0,0,0,0,0.0,0,0,0,1,224,1016,904.0,14,1,224,904.0,1016,0,224,0,0,0,0.0,0,0,0,0.0,0,0,0,575,118120,14,1051,104210,0.9998814764646122
examples/regalloc/361-mbb-machinebasicblock-removesuccessor-n11-d16.pbqp,11,47,1000,dense,43693.0,33691.0,33861.0,42935.0,50253.0,10029.0,0.0,0.0,0.0,0.0,34206.0,0.0,49198.0,39588.0,39758.0,47664.0,56383.0,889.0,8654.0,2723.0,8452.0,71.0,35787.0,0.0,38928.0,32046.0,32216.0,38476.0,45138.0,842.0,3280.0,2658.0,8073.0,67.0,31929.0,0.0,25806.0,18255.0,18425.0,25247.0,29191.0,821.0,3274.0,2584.0,7735.0,53.0,18022.0,0.0,25706.0,18610.0,18780.0,24817.0,29006.0,1002.0,3568.0,2839.0,8832.0,46.0,8065.0,14392.0,6050,331.4160503971515,48347,2648.4250890167077,25806.0,18255.0,7551.0,48005.0,19944.0,12690.0,1192.0,10,129,72,16814,76056,19727.0,0,1,240,471.0,1084,434,10739,0,0,0,0.0,0,0,0,0.0,0,0,0,1,210,956,454.0,2,1,210,454.0,956,0,210,0,0,0,0.0,0,0,0,0.0,0,0,0,73,17024,2,434,10949,0.9998825187969925
examples/regalloc/362-mbb-machinebasicblock-findprevdebugloc-n8-d16.pbqp,8,9,0,dense,26504.0,23440.0,23560.0,26220.0,27940.0,2867.0,0.0,0.0,0.0,0.0,23492.0,0.0,16907.0,13535.0,13637.0,16674.0,18314.0,564.0,933.0,615.0,2850.0,37.0,14354.0,0.0,17572.0,14645.0,14741.0,17305.0,19043.0,610.0,947.0,726.0,2887.0,66.0,15016.0,0.0,9780.0,7112.0,7214.0,9301.0,11368.0,585.0,857.0,708.0,2402.0,38.0,7173.0,0.0,7148.0,4266.0,4368.0,6786.0,7572.0,575.0,984.0,665.0,2812.0,36.0,2354.0,2260.0,2322,326.4904386951631,15519,2182.0866141732286,9780.0,7112.0,2668.0,28534.0,11561.0,6252.0,723.0,6,85,23,5856,26360,4137.0,0,1,256,420.0,1152,256,2016,0,0,0,0.0,0,0,0,0.0,0,0,0,0,0,0,0.0,0,0,0,0.0,0,0,0,0,0,0,0.0,0,0,0,0.0,0,0,0,23,5856,0,256,2016,1.0
examples/regalloc/363-mbb-machinebasicblock-removefromparent-n7-d17.pbqp,7,11,0,dense,32479.0,27428.0,27513.0,30989.0,34455.0,3307.0,0.0,0.0,0.0,0.0,27353.0,0.0,32188.0,27597.0,27682.0,31658.0,34835.0,530.0,1291.0,882.0,3412.0,58.0,28062.0,0.0,32863.0,27357.0,27437.0,32330.0,34557.0,575.0,1120.0,929.0,4486.0,36.0,27666.0,0.0,14676.0,10400.0,10485.0,13841.0,17604.0,539.0,1145.0,822.0,3677.0,35.0,10429.0,0.0,8235.0,5459.0,5544.0,8114.0,9121.0,522.0,1093.0,800.0,3046.0,36.0,3303.0,2544.0,3413,328.1730769230769,24377,2343.9423076923076,14676.0,10400.0,4276.0,27748.0,12954.0,6358.0,717.0,5,60,39,9984,44928,5774.0,0,2,512,755.0,2304,512,2304,0,0,0,0.0,0,0,0,0.0,0,0,0,0,0,0,0.0,0,0,0,0.0,0,0,0,0,0,0,0.0,0,0,0,0.0,0,0,0,39,9984,0,512,2304,1.0
examples/regalloc/364-mbb-machinebasicblock-replacesuccessor-n35-d16.pbqp,35,209,4000,dense,294168.0,68917.0,69495.0,282973.0,313568.0,212201.0,0.0,0.0,0.0,0.0,67942.0,0.0,296893.0,69116.0,69694.0,292830.0,318147.0,4175.0,201142.0,29873.0,42868.0,91.0,70776.0,0.0,109922.0,64405.0,64983.0,100961.0,114686.0,4085.0,25996.0,26260.0,36960.0,76.0,65123.0,0.0,83420.0,47405.0,47983.0,80674.0,88883.0,4289.0,26662.0,27179.0,35102.0,117.0,48274.0,0.0,104855.0,66118.0,66696.0,100346.0,113469.0,4067.0,25753.0,26960.0,36422.0,99.0,22805.0,47806.0,15190,320.43033435291636,122854,2591.5831663326653,83420.0,47405.0,36015.0,130813.0,52466.0,28660.0,2989.0,34,434,214,39240,180308,70642.0,0,1,105,290.0,508,112,37800,0,0,0,0.0,0,0,0,0.0,0,0,0,0,0,0,0.0,0,0,0,0.0,0,0,0,0,0,0,0.0,0,0,0,0.0,0,0,0,214,39240,0,112,37800,1.0
examples/regalloc/365-mbb-machinebasicblock-updateterminator-n68-d16.pbqp,68,314,4000,dense,1037391.0,79207.0,80346.0,1020894.0,1070093.0,948930.0,0.0,0.0,0.0,0.0,79200.0,0.0,1063842.0,79776.0,80848.0,1040232.0,1094080.0,10433.0,864407.0,95121.0,89064.0,203.0,78248.0,0.0,166917.0,72726.0,73865.0,161030.0,173201.0,10129.0,81141.0,86966.0,81794.0,197.0,72835.0,0.0,145589.0,55770.0,56909.0,135269.0,155483.0,9956.0,79905.0,85181.0,73639.0,188.0,53971.0,0.0,178097.0,90152.0,91291.0,174843.0,190494.0,10720.0,82283.0,90182.0,80650.0,193.0,34317.0,66877.0,16648,298.5117446655908,136395,2445.669714900484,145589.0,55770.0,89819.0,168894.0,60640.0,44267.0,4828.0,67,656,328,36871,175856,92186.0,0,0,0,0.0,0,266,34897,0,0,0,0.0,0,0,0,0.0,0,0,0,1,112,540,455.0,16,1,112,455.0,540,0,112,0,0,0,0.0,0,0,0,0.0,0,0,0,329,36983,16,266,35009,0.9995673687910661
examples/regalloc/366-mbb-machinebasicblock-skipphisandlabels-n9-d16.pbqp,9,19,3000,dense,10984.0,8202.0,8338.0,10851.0,12280.0,2950.0,0.0,0.0,0.0,0.0,8253.0,0.0,12012.0,8702.0,8838.0,11836.0,13503.0,755.0,2726.0,1521.0,3424.0,42.0,8837.0,0.0,10940.0,8461.0,8597.0,10828.0,12697.0,709.0,1766.0,1439.0,3212.0,39.0,8575.0,0.0,7345.0,5081.0,5217.0,6979.0,8719.0,692.0,1754.0,1456.0,2773.0,42.0,5419.0,0.0,6850.0,4281.0,4425.0,6624.0,8978.0,783.0,1960.0,1528.0,3177.0,41.0,2795.0,2593.0,1598,314.5050186971069,12175,2396.1818539657547,7345.0,5081.0,2264.0,23017.0,8546.0,6317.0,660.0,8,52,33,3586,17276,4309.0,0,0,0,0.0,0,266,1612,0,0,0,0.0,0,0,0,0.0,0,0,0,1,112,540,213.0,7,1,112,213.0,540,0,112,0,0,0,0.0,0,0,0,0.0,0,0,0,34,3698,7,266,1724,0.9981070849107626
examples/regalloc/367-mbb-machinebasicblock-splitcriticaledge-n104-d17.pbqp,104,985,39003,dense,5479765.0,435873.0,437556.0,5390290.0,5604038.0,4948467.0,0.0,0.0,0.0,0.0,451757.0,0.0,5582225.0,450211.0,451894.0,5511258.0,5716023.0,28921.0,4725220.0,195362.0,346071.0,348.0,456912.0,0.0,829169.0,423112.0,424795.0,815208.0,846621.0,28469.0,192446.0,182677.0,336819.0,276.0,431244.0,0.0,650435.0,251571.0,253551.0,629879.0,679270.0,28628.0,194267.0,182591.0,335977.0,300.0,262225.0,0.0,739116.0,356044.0,357727.0,730623.0,750310.0,29088.0,197877.0,183662.0,333994.0,324.0,125055.0,255958.0,85681,340.5837715793951,674770,2682.224898736341,650435.0,251571.0,398864.0,606398.0,276176.0,124552.0,11005.0,99,2187,1093,230557,1049288,360580.0,0,21,6036,4048.0,26992,1990,198973,0,0,0,0.0,0,0,0,0.0,0,0,0,0,0,0,0.0,0,0,0,0.0,0,0,0,0,0,0,0.0,0,0,0,0.0,0,0,0,1093,230557,0,1990,198973,1.0
examples/regalloc/368-mbb-machinebasicblock-splitcriticaledge-n301-d17.pbqp,301,5188,529842,dense,234702191.0,1609543.0,1614456.0,231327141.0,236226311.0,229319063.0,0.0,0.0,0.0,0.0,1644345.0,0.0,237388403.0,1603796.0,1608420.0,235737222.0,239926714.0,420246.0,227126772.0,2100286.0,4859139.0,3747.0,1634085.0,0.0,6454316.0,990684.0,996464.0,6355265.0,6621872.0,397865.0,1614273.0,1656606.0,4725312.0,1114.0,991592.0,0.0,6157902.0,797050.0,801963.0,5987291.0,6312964.0,421104.0,1656870.0,1680512.0,4685764.0,1149.0,842420.0,0.0,6623615.0,1327098.0,1332011.0,6529911.0,6734363.0,426539.0,1659108.0,1687046.0,4567687.0,1979.0,554845.0,1025644.0,235699,295.7141960981118,1994736,2502.6485164042406,6157902.0,797050.0,5360852.0,2910658.0,1428432.0,586545.0,40243.0,289,10387,5197,500719,2423804,1479927.0,0,1,49,203.0,252,161,499753,0,0,0,0.0,0,0,0,0.0,0,0,0,1,49,252,725.0,13,1,49,725.0,252,0,49,0,0,0,0.0,0,0,0,0.0,0,0,0,5198,500768,13,161,499802,0.9999740398747524
examples/regalloc/369-mbb-machinebasicblock-splitcriticaledge-n423-d17-r1.pbqp,423,1395,72134,dense,76580211.0,857727.0,864306.0,75693084.0,77429223.0,74963173.0,0.0,0.0,0.0,0.0,857486.0,0.0,75681005.0,842095.0,848287.0,75117900.0,76022383.0,148847.0,73608633.0,2217694.0,1235614.0,3252.0,840900.0,0.0,2576517.0,699892.0,706084.0,2554465.0,2607376.0,142923.0,1992412.0,1930452.0,1134515.0,1697.0,731673.0,0.0,2315287.0,484308.0,490500.0,2284774.0,2381246.0,145404.0,2014178.0,1975191.0,1136647.0,1709.0,497044.0,0.0,2382637.0,521156.0,527735.0,2338642.0,2437731.0,146548.0,2057065.0,1957340.0,1155356.0,1826.0,239055.0,336617.0,118253,244.1689998926303,895150,1848.307275535403,2315287.0,484308.0,1830979.0,1330372.0,606610.0,287780.0,30766.0,387,3811,2003,288323,1349532,516092.0,0,32,3749,12961.0,17748,11571,182894,0,0,0,0.0,0,0,0,0.0,0,0,0,14,812,4104,5412.0,119,14,812,5412.0,4104,49,518,0,0,0,0.0,0,0,0,0.0,0,0,0,2017,289135,119,11620,183412,0.999588427551144
examples/regalloc/370-mbb-machinebasicblock-removepredecessor-n13-d16.pbqp,13,61,2000,dense,48764.0,29090.0,29294.0,45620.0,54890.0,13640.0,0.0,0.0,0.0,0.0,28355.0,0.0,46163.0,28108.0,28300.0,43605.0,55687.0,1137.0,13777.0,4404.0,9818.0,99.0,29333.0,0.0,35954.0,27698.0,27902.0,35606.0,38811.0,1050.0,4558.0,4182.0,8449.0,44.0,28224.0,0.0,24036.0,17145.0,17349.0,23765.0,26142.0,1056.0,4556.0,4136.0,8253.0,60.0,17238.0,0.0,30752.0,21868.0,22072.0,29507.0,34758.0,1104.0,4775.0,4321.0,9084.0,79.0,8026.0,17167.0,5997,349.78127734033245,48196,2811.081948089822,24036.0,17145.0,6891.0,50702.0,20624.0,11791.0,1355.0,12,147,74,16120,73232,22008.0,0,0,0,0.0,0,240,12745,0,0,0,0.0,0,0,0,0.0,0,0,0,1,240,1084,455.0,2,1,240,455.0,1084,0,240,0,0,0,0.0,0,0,0,0.0,0,0,0,75,16360,2,240,12985,0.999877750611247
examples/regalloc/371-mbb-machinebasicblock-rfindprevdebugloc-n6-d16.pbqp,6,7,0,dense,16187.0,13674.0,13742.0,15857.0,17392.0,2362.0,0.0,0.0,0.0,0.0,13512.0,0.0,16682.0,13816.0,13884.0,16299.0,17753.0,475.0,731.0,476.0,2189.0,65.0,13558.0,0.0,16496.0,13766.0,13834.0,16216.0,18065.0,476.0,669.0,515.0,2516.0,32.0,14150.0,0.0,8484.0,6163.0,6231.0,8344.0,11099.0,456.0,621.0,461.0,1911.0,28.0,6127.0,0.0,5345.0,3322.0,3390.0,5092.0,6151.0,441.0,618.0,467.0,2128.0,61.0,1982.0,1657.0,1975,320.46081453837417,13642,2213.5323705987344,8484.0,6163.0,2321.0,23148.0,8656.0,4890.0,532.0,4,54,21,5360,24124,3218.0,0,1,256,374.0,1152,256,1520,0,0,0,0.0,0,0,0,0.0,0,0,0,0,0,0,0.0,0,0,0,0.0,0,0,0,0,0,0,0.0,0,0,0,0.0,0,0,0,21,5360,0,256,1520,1.0
examples/regalloc/372-mbb-machinebasicblock-sortuniqueliveins-n50-d17.pbqp,50,199,18138,dense,342681.0,56085.0,56765.0,334765.0,368845.0,285619.0,0.0,0.0,0.0,0.0,54320.0,0.0,344643.0,55785.0,56465.0,340931.0,371325.0,5417.0,265757.0,46234.0,41674.0,154.0,56095.0,0.0,93214.0,51428.0,52068.0,88928.0,100910.0,5653.0,41088.0,42989.0,40961.0,163.0,52695.0,0.0,79555.0,35834.0,36514.0,74146.0,92116.0,5233.0,39043.0,39846.0,35522.0,157.0,36906.0,0.0,99922.0,55714.0,56394.0,95967.0,104800.0,5231.0,39261.0,40138.0,35096.0,142.0,21230.0,41204.0,11965,333.90076463693697,96365,2689.2057822180054,79555.0,35834.0,43721.0,119788.0,43788.0,28367.0,3154.0,40,423,218,27885,131840,58783.0,0,2,161,587.0,792,368,25533,0,0,0,0.0,0,0,0,0.0,0,0,0,0,0,0,0.0,0,0,0,0.0,0,0,0,0,0,0,0.0,0,0,0,0.0,0,0,0,218,27885,0,368,25533,1.0
examples/regalloc/373-mbb-machinebasicblock-sortuniqueliveins-n54-d17-r1.pbqp,54,162,8000,dense,303773.0,58878.0,59575.0,298150.0,309906.0,252275.0,0.0,0.0,0.0,0.0,59020.0,0.0,313100.0,58705.0,59402.0,309958.0,339442.0,5036.0,234023.0,46143.0,36544.0,158.0,59562.0,0.0,94283.0,54722.0,55419.0,91795.0,102408.0,4927.0,40024.0,40564.0,33434.0,149.0,52249.0,0.0,73586.0,36428.0,37125.0,71407.0,83197.0,5381.0,42096.0,42291.0,32054.0,194.0,36727.0,0.0,93710.0,48977.0,49674.0,89503.0,106140.0,4944.0,39892.0,39900.0,30218.0,158.0,18752.0,35707.0,11380,312.39705720874053,88704,2435.0499615680246,73586.0,36428.0,37158.0,111592.0,44201.0,26462.0,3115.0,41,394,186,27281,127396,48737.0,0,3,354,876.0,1656,480,22097,0,0,0,0.0,0,0,0,0.0,0,0,0,0,0,0,0.0,0,0,0,0.0,0,0,0,0,0,0,0.0,0,0,0,0.0,0,0,0,186,27281,0,480,22097,1.0
examples/regalloc/374-mbb-machinebasicblock-findbranchdebugloc-n16-d16.pbqp,16,45,4000,dense,24727.0,12161.0,12416.0,24080.0,31341.0,12374.0,0.0,0.0,0.0,0.0,12226.0,0.0,29312.0,12080.0,12335.0,25037.0,35578.0,1153.0,15302.0,5823.0,6129.0,67.0,12155.0,0.0,16947.0,11602.0,11857.0,16450.0,19450.0,1153.0,5650.0,5643.0,6033.0,60.0,12012.0,0.0,14424.0,8676.0,8931.0,12864.0,15592.0,1190.0,5761.0,5829.0,5459.0,42.0,8682.0,0.0,16495.0,11288.0,11543.0,15598.0,18637.0,1274.0,5984.0,6159.0,6215.0,75.0,4959.0,8764.0,2760,318.118948824343,22299,2570.1936376210233,14424.0,8676.0,5748.0,30739.0,12139.0,7906.0,862.0,15,101,54,6036,28920,12328.0,0,1,49,210.0,252,161,5070,0,0,0,0.0,0,0,0,0.0,0,0,0,1,49,252,236.0,7,1,49,236.0,252,0,49,0,0,0,0.0,0,0,0,0.0,0,0,0,55,6085,7,161,5119,0.9988496302382909
examples/regalloc/375-mbb-machinebasicblock-getfirstterminator-n16-d16.pbqp,16,44,3000,dense,39121.0,25079.0,25334.0,37715.0,43008.0,14145.0,0.0,0.0,0.0,0.0,25771.0,0.0,43223.0,26635.0,26890.0,40922.0,47551.0,1248.0,14783.0,5492.0,8176.0,76.0,29172.0,0.0,33665.0,25053.0,25338.0,31712.0,40432.0,1206.0,5404.0,5016.0,6945.0,52.0,24149.0,0.0,18514.0,12924.0,13179.0,18251.0,21175.0,1356.0,5515.0,5512.0,7498.0,79.0,13345.0,0.0,17851.0,11970.0,12225.0,17457.0,20980.0,1251.0,5546.0,5248.0,7057.0,84.0,6039.0,7555.0,4338,335.6545961002785,31977,2474.233983286908,18514.0,12924.0,5590.0,47033.0,17417.0,12470.0,1289.0,15,123,73,11011,51408,12380.0,0,2,305,657.0,1404,592,5155,0,0,0,0.0,0,0,0,0.0,0,0,0,0,0,0,0.0,0,0,0,0.0,0,0,0,0,0,0,0.0,0,0,0,0.0,0,0,0,73,11011,0,592,5155,1.0
examples/regalloc/376-mbb-machinebasicblock-replacephiuseswith-n18-d16.pbqp,18,89,1000,dense,86643.0,43355.0,43644.0,78185.0,99166.0,36175.0,0.0,0.0,0.0,0.0,44561.0,0.0,84257.0,43446.0,43718.0,79213.0,100174.0,1609.0,32977.0,8025.0,14116.0,84.0,43387.0,0.0,54179.0,41802.0,42091.0,53182.0,61016.0,1613.0,8091.0,7891.0,13784.0,52.0,42539.0,0.0,36382.0,23359.0,23648.0,36006.0,39999.0,1523.0,7917.0,7441.0,13353.0,51.0,23949.0,0.0,46077.0,34156.0,34445.0,44980.0,53694.0,1587.0,8336.0,8101.0,14410.0,69.0,11756.0,26944.0,9059,387.8162592576737,69932,2993.7925424889763,36382.0,23359.0,13023.0,69096.0,28702.0,15750.0,1669.0,17,204,102,25298,114044,35048.0,0,0,0,0.0,0,256,21458,0,0,0,0.0,0,0,0,0.0,0,0,0,1,256,1152,441.0,2,1,256,441.0,1152,0,256,0,0,0,0.0,0,0,0,0.0,0,0,0,103,25554,2,256,21714,0.9999217343664397
examples/regalloc/377-mbb-machinebasicblock-setsuccprobability-n4-d16.pbqp,4,6,0,dense,12606.0,10685.0,10736.0,12281.0,13804.0,1819.0,0.0,0.0,0.0,0.0,10627.0,0.0,11551.0,9739.0,9790.0,11202.0,13597.0,327.0,466.0,334.0,2042.0,60.0,10277.0,0.0,12861.0,10663.0,10714.0,12629.0,13887.0,357.0,517.0,323.0,2147.0,55.0,10499.0,0.0,6915.0,5181.0,5232.0,6829.0,7873.0,365.0,498.0,324.0,2108.0,30.0,5256.0,0.0,4156.0,2622.0,2673.0,4056.0,4923.0,341.0,454.0,314.0,1876.0,50.0,1701.0,1254.0,1543,297.8189538699093,11025,2127.9675738274464,6915.0,5181.0,1734.0,16534.0,7815.0,3516.0,451.0,3,36,19,4290,19448,2465.0,0,1,210,272.0,956,240,1154,0,0,0,0.0,0,0,0,0.0,0,0,0,0,0,0,0.0,0,0,0,0.0,0,0,0,0,0,0,0.0,0,0,0,0.0,0,0,0,19,4290,0,240,1154,1.0
examples/regalloc/378-mbb-machinebasicblock-transfersuccessors-n20-d16.pbqp,20,93,4000,dense,78371.0,26803.0,27126.0,70958.0,102889.0,44896.0,0.0,0.0,0.0,0.0,26076.0,0.0,75011.0,25757.0,26080.0,72997.0,84277.0,1839.0,40836.0,9658.0,14557.0,58.0,26138.0,0.0,35776.0,23797.0,24101.0,34083.0,38417.0,1714.0,9512.0,9312.0,13572.0,99.0,26228.0,0.0,29320.0,19043.0,19366.0,28313.0,31852.0,1776.0,9865.0,9503.0,12032.0,87.0,19706.0,0.0,38286.0,25013.0,25336.0,34104.0,40993.0,1763.0,9789.0,9562.0,12352.0,64.0,9757.0,20601.0,5800,304.5738591608465,46970,2466.523131859476,29320.0,19043.0,10277.0,76114.0,31945.0,14774.0,1839.0,19,202,97,13790,64676,28405.0,0,0,0,0.0,0,49,13160,0,0,0,0.0,0,0,0,0.0,0,0,0,1,105,508,386.0,15,1,105,386.0,508,0,105,0,0,0,0.0,0,0,0,0.0,0,0,0,98,13895,15,49,13265,0.998920474991004
examples/regalloc/379-mbb-machinebasicblock-getlastnondebugins-n8-d16.pbqp,8,25,0,dense,21728.0,17673.0,17792.0,21566.0,25097.0,4093.0,0.0,0.0,0.0,0.0,17485.0,0.0,22999.0,18575.0,18694.0,22863.0,24851.0,650.0,3253.0,1570.0,3885.0,36.0,18633.0,0.0,25524.0,33377.0,33496.0,21862.0,47259.0,634.0,1867.0,1635.0,4121.0,35.0,18175.0,0.0,14695.0,9310.0,9436.0,12831.0,15047.0,620.0,1891.0,1574.0,4077.0,60.0,9473.0,0.0,13690.0,9998.0,10117.0,13397.0,14668.0,616.0,1879.0,1664.0,4361.0,36.0,4027.0,6908.0,3471,372.8249194414608,25471,2735.875402792696,14695.0,9310.0,5385.0,30672.0,12048.0,6146.0,734.0,7,76,39,9872,44452,9806.0,0,1,256,460.0,1152,256,6032,0,0,0,0.0,0,0,0,0.0,0,0,0,0,0,0,0.0,0,0,0,0.0,0,0,0,0,0,0,0.0,0,0,0,0.0,0,0,0,39,9872,0,256,6032,1.0
examples/regalloc/380-mbb-machinebasicblock-getfirstnondebugin-n7-d16.pbqp,7,18,0,dense,19066.0,15544.0,15646.0,18876.0,21480.0,3367.0,0.0,0.0,0.0,0.0,16066.0,0.0,19330.0,15189.0,15291.0,18516.0,22504.0,550.0,2169.0,1322.0,3902.0,61.0,16290.0,0.0,20631.0,16579.0,16681.0,20346.0,22406.0,587.0,1494.0,1238.0,3481.0,61.0,16623.0,0.0,11925.0,8657.0,8759.0,11737.0,13034.0,560.0,1402.0,1255.0,3174.0,52.0,8876.0,0.0,10492.0,7529.0,7631.0,10134.0,10940.0,620.0,1481.0,1254.0,3749.0,58.0,3269.0,5029.0,2849,329.0978398983482,20773,2399.5610488621924,11925.0,8657.0,3268.0,26686.0,10249.0,6404.0,694.0,6,62,32,8096,36456,7594.0,0,1,256,400.0,1152,256,4256,0,0,0,0.0,0,0,0,0.0,0,0,0,0,0,0,0.0,0,0,0,0.0,0,0,0,0,0,0,0.0,0,0,0,0.0,0,0,0,32,8096,0,256,4256,1.0
examples/regalloc/381-mbb-machinebasicblock-replaceusesofblock-n15-d16.pbqp,15,61,4000,dense,34372.0,16886.0,17152.0,32630.0,40739.0,15434.0,0.0,0.0,0.0,0.0,16575.0,0.0,34226.0,16081.0,16319.0,33106.0,37065.0,1175.0,17015.0,5413.0,7712.0,69.0,17034.0,0.0,23509.0,17073.0,17311.0,23202.0,24501.0,1177.0,5797.0,5498.0,7255.0,74.0,17197.0,0.0,19370.0,13087.0,13325.0,18905.0,20488.0,1249.0,6001.0,5803.0,7368.0,77.0,13345.0,0.0,28864.0,21190.0,21428.0,26591.0,34032.0,1405.0,6782.0,6035.0,7844.0,74.0,7356.0,16147.0,3786,289.2947199510965,31173,2381.982119660732,19370.0,13087.0,6283.0,42962.0,15613.0,10282.0,1159.0,14,139,65,8549,40392,21277.0,0,0,0,0.0,0,49,7877,0,0,0,0.0,0,0,0,0.0,0,0,0,1,112,540,384.0,16,1,112,384.0,540,0,112,0,0,0,0.0,0,0,0,0.0,0,0,0,66,8661,16,49,7989,0.99815263826348
examples/regalloc/382-mbb-machinebasicblock-skipphislabelsandd-n11-d16.pbqp,11,38,5000,dense,15078.0,9196.0,9366.0,14333.0,15789.0,6440.0,0.0,0.0,0.0,0.0,9390.0,0.0,15564.0,8532.0,8702.0,14673.0,18613.0,879.0,6787.0,2990.0,4603.0,70.0,9355.0,0.0,11631.0,8753.0,8923.0,11533.0,12467.0,897.0,3350.0,3088.0,4555.0,59.0,9434.0,0.0,10407.0,6938.0,7108.0,10217.0,10582.0,858.0,3375.0,2874.0,4282.0,67.0,7156.0,0.0,10968.0,7444.0,7614.0,10793.0,12144.0,876.0,3291.0,2971.0,4230.0,69.0,3657.0,5830.0,2001,288.41164600749494,16641,2398.5298356875182,10407.0,6938.0,3469.0,26260.0,9494.0,6920.0,926.0,10,84,42,4132,20024,7494.0,0,0,0,0.0,0,49,3460,0,0,0,0.0,0,0,0,0.0,0,0,0,1,112,540,256.0,7,1,112,256.0,540,0,112,0,0,0,0.0,0,0,0,0.0,0,0,0,43,4244,7,49,3572,0.9983506126295947
examples/regalloc/383-mbb-machinebasicblock-getprobabilityiter-n2-d16.pbqp,2,1,0,dense,626.0,488.0,505.0,616.0,667.0,216.0,0.0,0.0,0.0,0.0,477.0,0.0,535.0,379.0,396.0,509.0,651.0,198.0,86.0,86.0,192.0,23.0,414.0,0.0,598.0,409.0,426.0,538.0,764.0,226.0,133.0,92.0,209.0,25.0,421.0,0.0,453.0,313.0,330.0,417.0,558.0,227.0,116.0,90.0,211.0,25.0,307.0,0.0,544.0,312.0,329.0,531.0,652.0,222.0,131.0,89.0,200.0,25.0,116.0,256.0,168,536.7412140575079,908,2900.958466453674,453.0,313.0,140.0,6111.0,2511.0,1736.0,175.0,1,15,1,240,1084,332.0,0,0,0,0.0,0,0,240,0,0,0,0.0,0,0,0,0.0,0,0,0,0,0,0,0.0,0,0,0,0.0,0,0,0,0,0,0,0.0,0,0,0,0.0,0,0,0,1,240,0,0,240,1.0
examples/regalloc/384-mbb-machinebasicblock-addsuccessorwithou-n8-d16.pbqp,8,15,2000,dense,14760.0,12063.0,12182.0,14637.0,15973.0,2648.0,0.0,0.0,0.0,0.0,11718.0,0.0,13768.0,11304.0,11423.0,13700.0,14998.0,626.0,1449.0,879.0,2583.0,39.0,11709.0,0.0,13634.0,11144.0,11263.0,13347.0,14572.0,620.0,1239.0,809.0,2670.0,44.0,11649.0,0.0,8611.0,6096.0,6215.0,8579.0,9250.0,613.0,1227.0,798.0,2995.0,36.0,6141.0,0.0,6192.0,3908.0,4027.0,6069.0,7039.0,603.0,1255.0,799.0,2721.0,56.0,2684.0,1857.0,1957,321.0301837270341,13537,2220.6364829396325,8611.0,6096.0,2515.0,26129.0,10114.0,6155.0,689.0,7,56,35,5009,23508,3977.0,0,2,161,392.0,792,448,1457,0,0,0,0.0,0,0,0,0.0,0,0,0,0,0,0,0.0,0,0,0,0.0,0,0,0,0,0,0,0.0,0,0,0,0.0,0,0,0,35,5009,0,448,1457,1.0
examples/regalloc/385-mbb-machinebasicblock-getfirstinstrtermi-n14-d16.pbqp,14,35,3000,dense,26361.0,17153.0,17374.0,25769.0,29564.0,8862.0,0.0,0.0,0.0,0.0,16863.0,0.0,25787.0,16418.0,16639.0,25351.0,29041.0,1064.0,9019.0,3968.0,5417.0,52.0,16887.0,0.0,21613.0,16706.0,16927.0,21170.0,23434.0,1099.0,4293.0,3887.0,5715.0,61.0,16489.0,0.0,14895.0,9623.0,9844.0,13767.0,17078.0,1116.0,4187.0,3861.0,5172.0,48.0,9746.0,0.0,13334.0,9004.0,9225.0,12826.0,14716.0,1096.0,4511.0,3988.0,5507.0,51.0,4972.0,6180.0,3004,312.1687623402265,22317,2319.131248051543,14895.0,9623.0,5272.0,36025.0,13177.0,10759.0,1006.0,13,87,55,7411,34956,9190.0,0,2,161,408.0,792,448,3859,0,0,0,0.0,0,0,0,0.0,0,0,0,0,0,0,0.0,0,0,0,0.0,0,0,0,0,0,0,0.0,0,0,0,0.0,0,0,0,55,7411,0,448,3859,1.0
examples/regalloc/386-mbb-machinebasicblock-getfirstterminator-n19-d16.pbqp,19,40,2000,dense,43016.0,30506.0,30812.0,41414.0,46404.0,11235.0,0.0,0.0,0.0,0.0,30159.0,0.0,40168.0,29907.0,30213.0,39770.0,45332.0,1277.0,9716.0,3767.0,7798.0,87.0,30054.0,0.0,37575.0,28627.0,28933.0,36116.0,40212.0,1317.0,4822.0,3550.0,7264.0,91.0,28487.0,0.0,23340.0,16504.0,16792.0,22841.0,27501.0,1360.0,4921.0,3601.0,7573.0,54.0,17225.0,0.0,18226.0,11571.0,11877.0,17787.0,20088.0,1313.0,5018.0,3694.0,7640.0,67.0,7431.0,5193.0,5120,310.2278235579254,34864,2112.457586039748,23340.0,16504.0,6836.0,53647.0,20421.0,12283.0,1348.0,18,130,109,12721,61020,12077.0,0,2,161,418.0,792,1488,3649,0,0,0,0.0,0,0,0,0.0,0,0,0,0,0,0,0.0,0,0,0,0.0,0,0,0,0,0,0,0.0,0,0,0,0.0,0,0,0,109,12721,0,1488,3649,1.0
examples/regalloc/387-mbb-machinebasicblock-removeliveinoverla-n45-d17.pbqp,45,270,8000,dense,473803.0,91765.0,92479.0,468681.0,506437.0,381022.0,0.0,0.0,0.0,0.0,91223.0,0.0,484796.0,92136.0,92850.0,467933.0,515954.0,5864.0,353077.0,41822.0,57987.0,178.0,92607.0,0.0,141406.0,84162.0,84876.0,136318.0,159117.0,5801.0,38990.0,38634.0,50936.0,164.0,83025.0,0.0,124757.0,58057.0,58771.0,111283.0,135396.0,5925.0,38845.0,38387.0,48450.0,132.0,58974.0,0.0,133785.0,82607.0,83321.0,131363.0,139747.0,5862.0,39218.0,39361.0,49599.0,158.0,31314.0,61619.0,17509,301.5829271233443,142650,2457.0680538091874,124757.0,58057.0,66700.0,158229.0,58797.0,38557.0,4098.0,42,572,293,41938,196452,83941.0,0,1,49,202.0,252,329,38956,0,0,0,0.0,0,0,0,0.0,0,0,0,1,256,1152,750.0,18,1,256,750.0,1152,0,256,0,0,0,0.0,0,0,0,0.0,0,0,0,294,42194,18,329,39212,0.9995733990614779
examples/regalloc/388-mbb-machinebasicblock-transfersuccessors-n95-d17.pbqp,95,519,6000,dense,2940295.0,257119.0,258649.0,2906009.0,2987321.0,2667651.0,0.0,0.0,0.0,0.0,265195.0,0.0,2943365.0,261235.0,263035.0,2916188.0,3002507.0,19129.0,2489223.0,178615.0,204341.0,323.0,264087.0,0.0,463345.0,240978.0,242508.0,459388.0,478475.0,18957.0,163155.0,169271.0,193857.0,256.0,247502.0,0.0,369436.0,148644.0,150084.0,353500.0,374645.0,17667.0,154845.0,159797.0,175957.0,276.0,143074.0,0.0,420398.0,200490.0,202020.0,410534.0,425375.0,17697.0,162746.0,160518.0,184103.0,322.0,67760.0,142459.0,47398,318.86924463819594,376496,2532.870482495089,369436.0,148644.0,220792.0,337189.0,143037.0,72534.0,8276.0,90,1173,591,124752,567756,205414.0,0,2,578,1004.0,2584,1202,108994,0,0,0,0.0,0,0,0,0.0,0,0,0,2,448,2032,1226.0,16,2,448,1226.0,2032,0,448,0,0,0,0.0,0,0,0,0.0,0,0,0,593,125200,16,1202,109442,0.9998722044728434
examples/regalloc/389-mbb-machinebasicblock-removephisincoming-n5-d16.pbqp,5,10,3000,dense,4459.0,3554.0,3622.0,4350.0,4816.0,1112.0,0.0,0.0,0.0,0.0,3626.0,0.0,4615.0,3602.0,3670.0,4551.0,5122.0,418.0,833.0,527.0,1273.0,51.0,3526.0,0.0,4252.0,3454.0,3522.0,4118.0,5616.0,445.0,743.0,581.0,1242.0,32.0,3475.0,0.0,3164.0,2261.0,2329.0,3069.0,3690.0,418.0,758.0,524.0,1188.0,29.0,2316.0,0.0,2986.0,2115.0,2183.0,2787.0,3313.0,461.0,797.0,555.0,1237.0,30.0,1142.0,1413.0,716,316.6740380362671,5185,2293.2330827067667,3164.0,2261.0,903.0,14793.0,4999.0,3902.0,413.0,4,28,15,1635,7848,2177.0,0,1,49,173.0,252,112,963,0,0,0,0.0,0,0,0,0.0,0,0,0,0,0,0,0.0,0,0,0,0.0,0,0,0,0,0,0,0.0,0,0,0,0.0,0,0,0,15,1635,0,112,963,1.0
examples/regalloc/390-mbb-machinebasicblock-erase-n12-d16.pbqp,12,30,4000,dense,27863.0,20012.0,20199.0,26845.0,32476.0,6552.0,0.0,0.0,0.0,0.0,20185.0,0.0,30617.0,21025.0,21212.0,29989.0,35105.0,1011.0,6604.0,2839.0,6491.0,49.0,21139.0,0.0,26450.0,21013.0,21200.0,25836.0,30139.0,982.0,3346.0,2999.0,5945.0,70.0,20450.0,0.0,15970.0,9977.0,10164.0,14492.0,18989.0,900.0,3162.0,2738.0,5100.0,72.0,10101.0,0.0,11806.0,7811.0,7998.0,11624.0,13424.0,938.0,3429.0,2819.0,5486.0,54.0,5009.0,4481.0,3392,339.9819585045605,24043,2409.8426380675555,15970.0,9977.0,5993.0,37321.0,14279.0,9344.0,1102.0,11,95,59,8801,41052,8296.0,0,3,354,626.0,1656,592,2945,0,0,0,0.0,0,0,0,0.0,0,0,0,0,0,0,0.0,0,0,0,0.0,0,0,0,0,0,0,0.0,0,0,0,0.0,0,0,0,59,8801,0,592,2945,1.0
examples/regalloc/391-mbb-machinebasicblock-insert-n10-d16.pbqp,10,20,3000,dense,19115.0,13861.0,14014.0,18138.0,21974.0,4069.0,0.0,0.0,0.0,0.0,13824.0,0.0,20440.0,15074.0,15227.0,19390.0,23379.0,761.0,3246.0,1576.0,4299.0,65.0,15522.0,0.0,17528.0,13590.0,13734.0,17024.0,19501.0,747.0,1950.0,1409.0,4100.0,66.0,14119.0,0.0,12920.0,8865.0,9018.0,12417.0,14751.0,812.0,2025.0,1518.0,4271.0,42.0,8954.0,0.0,9374.0,5437.0,5590.0,9160.0,10615.0,726.0,2031.0,1469.0,3781.0,62.0,3892.0,2497.0,2534,285.84320360970105,18482,2084.827975183305,12920.0,8865.0,4055.0,31335.0,11772.0,7988.0,839.0,9,78,53,5835,28112,5471.0,0,1,49,144.0,252,553,1509,0,0,0,0.0,0,0,0,0.0,0,0,0,1,256,1152,419.0,16,1,256,419.0,1152,0,256,0,0,0,0.0,0,0,0,0.0,0,0,0,54,6091,16,553,1765,0.9973731735347233
examples/regalloc/392-mbb-machinebasicblock-splitat-n39-d16.pbqp,39,268,49044,dense,370958.0,63605.0,64251.0,362832.0,392647.0,409094.0,0.0,0.0,0.0,0.0,111062.0,0.0,378257.0,67528.0,68174.0,369890.0,388749.0,5105.0,276984.0,33204.0,48651.0,124.0,66459.0,0.0,105992.0,61504.0,62264.0,103035.0,114136.0,5243.0,31970.0,32550.0,46237.0,127.0,61233.0,0.0,90158.0,44798.0,45444.0,88071.0,107608.0,5133.0,31554.0,31349.0,44154.0,133.0,47285.0,0.0,116913.0,67769.0,68415.0,109797.0,121023.0,4987.0,31817.0,31742.0,44469.0,93.0,28283.0,50657.0,14320,319.65712755033707,118417,2643.35461404527,90158.0,44798.0,45360.0,138104.0,51295.0,33027.0,3477.0,38,568,291,31404,150696,72210.0,0,1,49,147.0,252,336,28380,0,0,0,0.0,0,0,0,0.0,0,0,0,1,256,1152,651.0,31,1,256,651.0,1152,0,256,0,0,0,0.0,0,0,0,0.0,0,0,0,292,31660,31,336,28636,0.9990208464939987
examples/regalloc/393-mbb-machinebasicblock-splitat-n39-d16-r1.pbqp,39,159,9000,dense,235219.0,52856.0,53578.0,225312.0,264980.0,184121.0,0.0,0.0,0.0,0.0,53555.0,0.0,238898.0,51645.0,52291.0,227359.0,255306.0,4149.0,160912.0,30448.0,31773.0,147.0,54543.0,0.0,84739.0,47126.0,47772.0,80980.0,215994.0,3941.0,28224.0,28910.0,29706.0,118.0,49310.0,0.0,72614.0,34406.0,35052.0,65941.0,92734.0,4069.0,27091.0,27392.0,28342.0,125.0,32443.0,0.0,72535.0,41477.0,42123.0,69175.0,76111.0,4001.0,28482.0,29914.0,28365.0,118.0,18423.0,33402.0,9928,288.55432192059527,78952,2294.7160379003662,72614.0,34406.0,38208.0,96985.0,35521.0,24268.0,2967.0,38,345,179,23459,110592,44736.0,0,4,322,1056.0,1584,441,19085,0,0,0,0.0,0,0,0,0.0,0,0,0,0,0,0,0.0,0,0,0,0.0,0,0,0,0,0,0,0.0,0,0,0,0.0,0,0,0,179,23459,0,441,19085,1.0
examples/regalloc/394-mbb-machinebasicblock-addlivein-n43-d17.pbqp,43,214,43031,dense,323005.0,45940.0,46548.0,316501.0,349654.0,294166.0,0.0,0.0,0.0,0.0,46309.0,0.0,347250.0,47462.0,48108.0,335672.0,361370.0,5490.0,271222.0,39218.0,42922.0,181.0,48495.0,0.0,83831.0,42461.0,43107.0,81486.0,86762.0,4974.0,36419.0,36696.0,38073.0,134.0,43172.0,0.0,77269.0,32626.0,33272.0,67242.0,110238.0,4760.0,34952.0,35585.0,34575.0,132.0,34021.0,0.0,90146.0,52648.0,53294.0,89321.0,96399.0,4811.0,35425.0,36132.0,34998.0,156.0,21416.0,38930.0,9959,305.2473487402685,83169,2549.163244038497,77269.0,32626.0,44643.0,110157.0,37853.0,27742.0,2973.0,38,436,219,21032,101748,53106.0,0,1,49,295.0,252,112,20360,0,0,0,0.0,0,0,0,0.0,0,0,0,0,0,0,0.0,0,0,0,0.0,0,0,0,0,0,0,0.0,0,0,0,0.0,0,0,0,219,21032,0,112,20360,1.0
examples/regalloc/395-mbb-machinebasicblock-addlivein-n42-d17-r1.pbqp,42,160,21011,dense,243965.0,42290.0,42919.0,239685.0,261120.0,191184.0,0.0,0.0,0.0,0.0,41395.0,0.0,251349.0,43303.0,43932.0,246153.0,260145.0,4161.0,184741.0,35229.0,31620.0,131.0,44277.0,0.0,68573.0,37428.0,38057.0,65402.0,92175.0,4016.0,31244.0,32694.0,29863.0,133.0,38132.0,0.0,60283.0,29987.0,30616.0,57876.0,69801.0,4262.0,33086.0,35103.0,28928.0,147.0,31634.0,0.0,82170.0,43762.0,44391.0,72547.0,125699.0,4402.0,32995.0,35725.0,29083.0,212.0,18724.0,33916.0,8781,292.82689165304964,72176,2406.9096608530363,60283.0,29987.0,30296.0,93837.0,33091.0,23254.0,2711.0,37,356,182,18760,90336,44570.0,0,0,0,0.0,0,273,16219,0,0,0,0.0,0,0,0,0.0,0,0,0,2,289,1336,958.0,38,2,289,958.0,1336,0,289,0,0,0,0.0,0,0,0,0.0,0,0,0,184,19049,38,273,16508,0.9980051446270145
examples/regalloc/396-mbb-machinebasicblock-moveafter-n7-d16.pbqp,7,14,0,dense,19654.0,16602.0,16704.0,19559.0,22122.0,2647.0,0.0,0.0,0.0,0.0,15774.0,0.0,20561.0,15632.0,15734.0,19586.0,22996.0,540.0,1556.0,973.0,2687.0,33.0,15717.0,0.0,18683.0,15908.0,16010.0,18178.0,21703.0,565.0,1244.0,994.0,3047.0,34.0,16449.0,0.0,9090.0,6703.0,6805.0,8947.0,9872.0,547.0,1122.0,922.0,2760.0,51.0,6646.0,0.0,7678.0,5518.0,5620.0,7514.0,8139.0,593.0,1295.0,1018.0,2798.0,31.0,2645.0,3634.0,2604,388.4827689094435,18394,2744.1444129494257,9090.0,6703.0,2387.0,26107.0,10387.0,5449.0,680.0,6,68,28,7152,32188,5781.0,0,1,256,342.0,1152,256,3312,0,0,0,0.0,0,0,0,0.0,0,0,0,0,0,0,0.0,0,0,0,0.0,0,0,0,0,0,0,0.0,0,0,0,0.0,0,0,0,28,7152,0,256,3312,1.0
examples/regalloc/397-mbb-machinebasicblock-machinebasicblock-n13-d17.pbqp,13,22,1000,dense,41272.0,34367.0,34554.0,40036.0,44829.0,6802.0,0.0,0.0,0.0,0.0,35415.0,0.0,45103.0,34448.0,34646.0,41957.0,49754.0,1013.0,3883.0,1925.0,7277.0,65.0,36938.0,0.0,42568.0,35050.0,35237.0,40913.0,49670.0,970.0,2714.0,1846.0,6933.0,48.0,35599.0,0.0,24468.0,17321.0,17508.0,24092.0,27160.0,917.0,2589.0,1734.0,7234.0,64.0,17376.0,0.0,15311.0,9040.0,9216.0,14667.0,17154.0,891.0,2634.0,1755.0,6694.0,74.0,6730.0,3013.0,5490,316.9562958258761,38612,2229.2015472547773,24468.0,17321.0,7147.0,52813.0,20916.0,12823.0,1398.0,11,128,101,14349,67440,9178.0,0,3,466,755.0,2168,1449,2269,0,0,0,0.0,0,0,0,0.0,0,0,0,0,0,0,0.0,0,0,0,0.0,0,0,0,0,0,0,0.0,0,0,0,0.0,0,0,0,101,14349,0,1449,2269,1.0
examples/regalloc/398-mbb-machinebasicblock-machinebasicblock-n11-d16.pbqp,11,15,1000,dense,25287.0,22046.0,22216.0,25129.0,25462.0,3424.0,0.0,0.0,0.0,0.0,21547.0,0.0,24603.0,21312.0,21482.0,24432.0,24850.0,719.0,1051.0,508.0,3659.0,51.0,21979.0,0.0,23963.0,20565.0,20735.0,23839.0,24307.0,712.0,997.0,499.0,3554.0,38.0,20246.0,0.0,11419.0,8054.0,8224.0,11252.0,11662.0,724.0,973.0,499.0,3777.0,52.0,8383.0,0.0,9237.0,5738.0,5908.0,9056.0,9900.0,777.0,1184.0,498.0,4198.0,40.0,4128.0,2216.0,3299,409.61013161162157,23292,2891.9791407996026,11419.0,8054.0,3365.0,29641.0,11120.0,6845.0,750.0,10,78,40,9163,41496,5300.0,0,5,539,1119.0,2604,560,1771,0,0,0,0.0,0,0,0,0.0,0,0,0,0,0,0,0.0,0,0,0,0.0,0,0,0,0,0,0,0.0,0,0,0,0.0,0,0,0,40,9163,0,560,1771,1.0
examples/regalloc/399-mbb-llvm-printmbbreference-n2-d16.pbqp,2,1,0,dense,682.0,494.0,511.0,638.0,797.0,201.0,0.0,0.0,0.0,0.0,452.0,0.0,618.0,492.0,509.0,565.0,733.0,201.0,91.0,90.0,215.0,25.0,468.0,0.0,598.0,427.0,444.0,555.0,860.0,235.0,138.0,92.0,199.0,25.0,440.0,0.0,422.0,209.0,226.0,405.0,524.0,230.0,114.0,90.0,199.0,25.0,251.0,0.0,548.0,311.0,328.0,527.0,764.0,218.0,117.0,88.0,200.0,26.0,144.0,227.0,179,856.4593301435407,969,4636.363636363636,422.0,209.0,213.0,6654.0,2860.0,1806.0,143.0,1,16,1,240,1084,294.0,0,0,0,0.0,0,0,240,0,0,0,0.0,0,0,0,0.0,0,0,0,0,0,0,0.0,0,0,0,0.0,0,0,0,0,0,0,0.0,0,0,0,0.0,0,0,0,1,240,0,0,240,1.0
examples/regalloc/400-mbb-bumpptrallocatorimpl-allocateslow-n17-d16.pbqp,17,70,8000,dense,38614.0,16272.0,16544.0,36453.0,42289.0,20978.0,0.0,0.0,0.0,0.0,16963.0,0.0,40917.0,16764.0,17036.0,39785.0,50896.0,1374.0,21186.0,6172.0,8760.0,70.0,16057.0,0.0,23915.0,16560.0,16832.0,23628.0,24899.0,1424.0,6876.0,6427.0,8322.0,86.0,16570.0,0.0,18281.0,11165.0,11437.0,17505.0,21172.0,1345.0,6558.0,6194.0,8044.0,48.0,11319.0,0.0,24056.0,17283.0,17555.0,22937.0,27233.0,2003.0,7559.0,7235.0,10666.0,142.0,8164.0,13609.0,3594,321.8987908643081,28746,2574.652933273623,18281.0,11165.0,7116.0,43631.0,16959.0,11039.0,1398.0,16,151,80,7845,37964,20785.0,0,2,98,537.0,504,210,6585,0,0,0,0.0,0,0,0,0.0,0,0,0,0,0,0,0.0,0,0,0,0.0,0,0,0,0,0,0,0.0,0,0,0,0.0,0,0,0,80,7845,0,210,6585,1.0
examples/regalloc/401-mbb-ilist-callback-traits-addnodetolist-n15-d16.pbqp,15,48,18029,dense,21405.0,11497.0,11735.0,21083.0,24453.0,10805.0,0.0,0.0,0.0,0.0,11856.0,0.0,23785.0,11693.0,11931.0,22513.0,28294.0,1138.0,11704.0,4411.0,5755.0,76.0,11558.0,0.0,16466.0,10970.0,11208.0,15423.0,18839.0,1362.0,5089.0,4570.0,7043.0,81.0,11543.0,0.0,13868.0,8829.0,9067.0,13572.0,15024.0,1179.0,4748.0,4307.0,5664.0,65.0,8828.0,0.0,16560.0,10996.0,11220.0,16107.0,19010.0,1209.0,4975.0,4508.0,6189.0,111.0,5377.0,7736.0,2538,287.4617737003058,20233,2291.652508777891,13868.0,8829.0,5039.0,35886.0,12856.0,8848.0,1089.0,14,113,66,5142,25308,10800.0,0,0,0,0.0,0,259,3588,0,0,0,0.0,0,0,0,0.0,0,0,0,2,98,504,499.0,16,2,98,499.0,504,0,98,0,0,0,0.0,0,0,0,0.0,0,0,0,68,5240,16,259,3686,0.9969465648854962
examples/regalloc/402-mbb-ilist-callback-traits-addnodetolist-n15-d16-r1.pbqp,15,42,8000,dense,19699.0,10263.0,10501.0,19264.0,23334.0,8896.0,0.0,0.0,0.0,0.0,10504.0,0.0,23759.0,11217.0,11455.0,21682.0,28362.0,1096.0,10673.0,4286.0,5598.0,46.0,11093.0,0.0,15775.0,10985.0,11223.0,15428.0,16655.0,1183.0,4795.0,4425.0,5790.0,71.0,11284.0,0.0,11657.0,7763.0,8001.0,11311.0,13712.0,1142.0,4738.0,4397.0,5376.0,79.0,8309.0,0.0,13842.0,9331.0,9569.0,13563.0,15364.0,1199.0,4791.0,4457.0,5638.0,82.0,4785.0,6463.0,2376,306.06724204560095,18886,2432.8223624887287,11657.0,7763.0,3894.0,36082.0,12664.0,9321.0,1038.0,14,101,60,4848,23796,9082.0,0,0,0,0.0,0,259,3294,0,0,0,0.0,0,0,0,0.0,0,0,0,2,98,504,427.0,14,2,98,427.0,504,0,98,0,0,0,0.0,0,0,0,0.0,0,0,0,62,4946,14,259,3392,0.9971694298422968
examples/regalloc/403-mbb-ilist-callback-traits-removenodefrom-n4-d16.pbqp,4,5,0,dense,27080.0,23535.0,23586.0,25890.0,27807.0,2368.0,0.0,0.0,0.0,0.0,23460.0,0.0,26553.0,23584.0,23635.0,26290.0,28391.0,343.0,407.0,203.0,2442.0,33.0,23262.0,0.0,26686.0,23642.0,23693.0,26302.0,27991.0,364.0,404.0,199.0,2652.0,33.0,23500.0,0.0,10080.0,7579.0,7630.0,9984.0,11403.0,363.0,414.0,204.0,2626.0,33.0,7605.0,0.0,5748.0,3389.0,3440.0,5509.0,6515.0,353.0,389.0,177.0,2406.0,31.0,2708.0,744.0,2873,379.073756432247,20299,2678.3216783216785,10080.0,7579.0,2501.0,22775.0,9806.0,4426.0,505.0,3,48,33,8448,38016,3264.0,0,1,256,319.0,1152,512,768,0,0,0,0.0,0,0,0,0.0,0,0,0,0,0,0,0.0,0,0,0,0.0,0,0,0,0,0,0,0.0,0,0,0,0.0,0,0,0,33,8448,0,512,768,1.0
examples/regalloc/404-mbb-smallvectortemplatebase-growandpushb-n6-d16.pbqp,6,11,2000,dense,10044.0,7649.0,7734.0,9892.0,10904.0,2109.0,0.0,0.0,0.0,0.0,7407.0,0.0,9496.0,7411.0,7496.0,9283.0,10359.0,457.0,1005.0,667.0,2448.0,53.0,7890.0,0.0,9903.0,7745.0,7830.0,9594.0,11842.0,496.0,971.0,709.0,2596.0,35.0,7932.0,0.0,7059.0,5012.0,5097.0,6967.0,7780.0,493.0,919.0,674.0,2545.0,34.0,5098.0,0.0,5271.0,3168.0,3253.0,5070.0,6085.0,456.0,909.0,646.0,2286.0,33.0,2159.0,1560.0,1456,290.5027932960894,11242,2243.016759776536,7059.0,5012.0,2047.0,22991.0,8961.0,5299.0,722.0,5,51,29,3115,15028,2927.0,0,1,49,134.0,252,210,847,0,0,0,0.0,0,0,0,0.0,0,0,0,1,256,1152,387.0,16,1,256,387.0,1152,0,256,0,0,0,0.0,0,0,0,0.0,0,0,0,30,3371,16,210,1103,0.9952536339365173
examples/regalloc/405-mbb-smallvectortemplatebase-growandpushb-n6-d16.pbqp,6,11,2000,dense,10384.0,7895.0,7980.0,10198.0,11751.0,2468.0,0.0,0.0,0.0,0.0,7710.0,0.0,9677.0,7431.0,7511.0,9489.0,12198.0,465.0,1082.0,696.0,2417.0,34.0,7693.0,0.0,9759.0,7531.0,7616.0,9410.0,10365.0,479.0,900.0,680.0,2438.0,45.0,7640.0,0.0,6758.0,4753.0,4833.0,6616.0,7517.0,464.0,854.0,657.0,2366.0,32.0,4844.0,0.0,5275.0,3240.0,3320.0,5098.0,6320.0,536.0,982.0,721.0,2446.0,56.0,2140.0,1513.0,1456,306.33284241531663,11242,2365.243004418262,6758.0,4753.0,2005.0,21053.0,7855.0,4736.0,649.0,5,51,29,3115,15028,2971.0,0,1,49,149.0,252,210,847,0,0,0,0.0,0,0,0,0.0,0,0,0,1,256,1152,344.0,16,1,256,344.0,1152,0,256,0,0,0,0.0,0,0,0,0.0,0,0,0,30,3371,16,210,1103,0.9952536339365173
examples/regalloc/406-mbb-smallvectortemplatebase-growandpushb-n6-d16.pbqp,6,11,2000,dense,9305.0,7364.0,7444.0,9078.0,10027.0,2194.0,0.0,0.0,0.0,0.0,7653.0,0.0,9248.0,7217.0,7302.0,9127.0,10869.0,417.0,965.0,638.0,2402.0,32.0,7240.0,0.0,9516.0,7330.0,7415.0,9366.0,10478.0,470.0,877.0,652.0,2379.0,33.0,7315.0,0.0,7019.0,4778.0,4863.0,6878.0,7934.0,482.0,879.0,677.0,2385.0,38.0,4768.0,0.0,5245.0,3167.0,3252.0,5155.0,6436.0,500.0,923.0,719.0,2423.0,34.0,2230.0,1563.0,1456,304.7300125575555,11242,2352.8673084972793,7019.0,4778.0,2241.0,21034.0,7986.0,5021.0,585.0,5,51,29,3115,15028,3096.0,0,1,49,140.0,252,210,847,0,0,0,0.0,0,0,0,0.0,0,0,0,1,256,1152,327.0,16,1,256,327.0,1152,0,256,0,0,0,0.0,0,0,0,0.0,0,0,0,30,3371,16,210,1103,0.9952536339365173
examples/regalloc/407-mbb-smallvectortemplatebase-growandpushb-n6-d16.pbqp,6,11,2000,dense,9842.0,7742.0,7827.0,9654.0,10522.0,2352.0,0.0,0.0,0.0,0.0,7701.0,0.0,10041.0,7873.0,7958.0,9916.0,10687.0,476.0,1074.0,676.0,2446.0,35.0,7782.0,0.0,9110.0,7292.0,7372.0,8995.0,10302.0,502.0,871.0,660.0,2247.0,43.0,7260.0,0.0,6784.0,4685.0,4770.0,6617.0,7707.0,496.0,896.0,686.0,2493.0,32.0,4920.0,0.0,5848.0,3410.0,3495.0,5745.0,6819.0,518.0,1017.0,754.0,2631.0,34.0,2289.0,1752.0,1456,310.7790821771612,11242,2399.57310565635,6784.0,4685.0,2099.0,20897.0,8060.0,4671.0,639.0,5,51,29,3115,15028,3290.0,0,1,49,159.0,252,210,847,0,0,0,0.0,0,0,0,0.0,0,0,0,1,256,1152,468.0,16,1,256,468.0,1152,0,256,0,0,0,0.0,0,0,0,0.0,0,0,0,30,3371,16,210,1103,0.9952536339365173
examples/regalloc/408-mbb-smallvectortemplatebase-growandpushb-n7-d16.pbqp,7,17,3000,dense,10383.0,7678.0,7780.0,10274.0,10770.0,2589.0,0.0,0.0,0.0,0.0,7430.0,0.0,9796.0,7070.0,7172.0,9548.0,10699.0,531.0,2063.0,1210.0,2714.0,78.0,7528.0,0.0,9938.0,7582.0,7684.0,9797.0,10296.0,555.0,1406.0,1180.0,2769.0,58.0,7491.0,0.0,6842.0,4613.0,4715.0,6689.0,7055.0,525.0,1362.0,1179.0,3031.0,50.0,4869.0,0.0,6594.0,4151.0,4253.0,6456.0,7828.0,587.0,1521.0,1269.0,2960.0,82.0,2413.0,2613.0,1513,327.98612616518534,12027,2607.197051810102,6842.0,4613.0,2229.0,24079.0,8405.0,5417.0,660.0,6,60,30,3136,15152,4035.0,0,0,0,0.0,0,112,1456,0,0,0,0.0,0,0,0,0.0,0,0,0,1,256,1152,379.0,16,1,256,379.0,1152,0,256,0,0,0,0.0,0,0,0,0.0,0,0,0,31,3392,16,112,1712,0.9952830188679245
examples/regalloc/409-mbb-smallvectortemplatebase-growandpushb-n7-d16.pbqp,7,17,3000,dense,10258.0,7696.0,7798.0,10162.0,11074.0,2755.0,0.0,0.0,0.0,0.0,7711.0,0.0,9910.0,7229.0,7331.0,9803.0,10542.0,502.0,1927.0,1121.0,2601.0,32.0,7123.0,0.0,9902.0,7537.0,7639.0,9712.0,10445.0,561.0,1480.0,1218.0,2989.0,36.0,7639.0,0.0,6919.0,4678.0,4780.0,6738.0,7769.0,543.0,1386.0,1235.0,2840.0,30.0,4937.0,0.0,7950.0,5218.0,5338.0,7796.0,10184.0,608.0,1567.0,1334.0,3185.0,34.0,2720.0,3091.0,1513,323.4288157332193,12027,2570.9705002137666,6919.0,4678.0,2241.0,25413.0,8960.0,5993.0,688.0,6,60,30,3136,15152,4697.0,0,0,0,0.0,0,112,1456,0,0,0,0.0,0,0,0,0.0,0,0,0,1,256,1152,478.0,16,1,256,478.0,1152,0,256,0,0,0,0.0,0,0,0,0.0,0,0,0,31,3392,16,112,1712,0.9952830188679245
examples/regalloc/410-mbb-smallvectortemplatebase-growandpushb-n7-d16.pbqp,7,17,3000,dense,9729.0,7221.0,7323.0,9661.0,10407.0,2837.0,0.0,0.0,0.0,0.0,7671.0,0.0,10069.0,7131.0,7233.0,9890.0,10955.0,510.0,2214.0,1153.0,2798.0,45.0,7120.0,0.0,9181.0,7123.0,7225.0,9059.0,9804.0,590.0,1484.0,1245.0,3018.0,51.0,7489.0,0.0,7317.0,4989.0,5091.0,7242.0,7556.0,553.0,1406.0,1311.0,2816.0,33.0,5129.0,0.0,6406.0,4118.0,4220.0,6320.0,7266.0,571.0,1454.0,1240.0,2982.0,69.0,2418.0,2602.0,1513,303.267187813189,12027,2410.703547805171,7317.0,4989.0,2328.0,23866.0,8488.0,5620.0,680.0,6,60,30,3136,15152,4075.0,0,0,0,0.0,0,112,1456,0,0,0,0.0,0,0,0,0.0,0,0,0,1,256,1152,430.0,16,1,256,430.0,1152,0,256,0,0,0,0.0,0,0,0,0.0,0,0,0,31,3392,16,112,1712,0.9952830188679245
examples/regalloc/411-mbb-opt-opt-n7-d16.pbqp,7,7,1000,dense,5112.0,4315.0,4417.0,5033.0,5758.0,1001.0,0.0,0.0,0.0,0.0,4391.0,0.0,5686.0,4836.0,4938.0,5577.0,6252.0,508.0,520.0,338.0,1220.0,36.0,4359.0,0.0,5204.0,4294.0,4396.0,5123.0,5958.0,541.0,579.0,347.0,1191.0,36.0,4276.0,0.0,3662.0,2305.0,2407.0,3576.0,3811.0,527.0,524.0,320.0,1374.0,46.0,2070.0,0.0,2830.0,1876.0,1978.0,2746.0,3304.0,524.0,587.0,320.0,1310.0,32.0,1155.0,1031.0,907,393.4924078091106,6167,2675.4880694143167,3662.0,2305.0,1357.0,14897.0,5045.0,4006.0,406.0,6,42,12,1918,8912,1825.0,0,1,105,196.0,508,91,748,0,0,0,0.0,0,0,0,0.0,0,0,0,0,0,0,0.0,0,0,0,0.0,0,0,0,0,0,0,0.0,0,0,0,0.0,0,0,0,12,1918,0,91,748,1.0
examples/regalloc/412-mbb-llvm-buildmi-n19-d17.pbqp,19,71,7000,dense,45433.0,18444.0,18733.0,42272.0,49982.0,24923.0,0.0,0.0,0.0,0.0,18916.0,0.0,47093.0,18980.0,19269.0,45775.0,54646.0,1761.0,26877.0,8322.0,10985.0,83.0,19168.0,0.0,26565.0,18832.0,19121.0,26132.0,30077.0,1914.0,10424.0,9399.0,13498.0,118.0,35454.0,0.0,21106.0,13241.0,13530.0,20765.0,23912.0,1512.0,8003.0,7695.0,8975.0,58.0,13582.0,0.0,23403.0,15231.0,15520.0,22828.0,24991.0,1612.0,8188.0,7803.0,10189.0,69.0,8052.0,11756.0,4009,302.77169398081713,32616,2463.2580620799035,21106.0,13241.0,7865.0,53513.0,19327.0,14011.0,1586.0,17,171,89,8309,40452,15500.0,0,1,49,180.0,252,210,6041,0,0,0,0.0,0,0,0,0.0,0,0,0,1,256,1152,460.0,31,1,256,460.0,1152,0,256,0,0,0,0.0,0,0,0,0.0,0,0,0,90,8565,31,210,6297,0.9963806187974314
examples/regalloc/413-mbb-smallset-insertimpl-n31-d16.pbqp,31,149,31031,dense,167584.0,45842.0,46352.0,161618.0,174838.0,120581.0,0.0,0.0,0.0,0.0,46937.0,0.0,188641.0,44485.0,44995.0,175818.0,204667.0,2999.0,111323.0,19932.0,25803.0,139.0,46150.0,0.0,66488.0,41294.0,41804.0,65039.0,71651.0,3113.0,19698.0,19758.0,25060.0,113.0,42424.0,0.0,60775.0,30202.0,30742.0,54697.0,82763.0,2923.0,19139.0,18942.0,22850.0,102.0,29535.0,0.0,72676.0,40643.0,41153.0,64937.0,82821.0,3105.0,20325.0,19881.0,24969.0,111.0,17570.0,29687.0,8669,287.03397126018143,69594,2304.284484471227,60775.0,30202.0,30573.0,96664.0,34375.0,23956.0,2785.0,30,333,186,19356,93044,41376.0,0,24,2625,2018.0,12672,673,14694,0,0,0,0.0,0,0,0,0.0,0,0,0,1,105,508,342.0,13,1,105,342.0,508,0,105,0,0,0,0.0,0,0,0,0.0,0,0,0,187,19461,13,673,14799,0.9993319973279893
examples/regalloc/414-mbb-smallset-insertimpl-n37-d16-r1.pbqp,37,125,10000,dense,197054.0,52945.0,53557.0,188647.0,219037.0,134010.0,0.0,0.0,0.0,0.0,52924.0,0.0,191651.0,52137.0,52749.0,185256.0,198017.0,3506.0,127738.0,27273.0,26224.0,175.0,53914.0,0.0,71016.0,45571.0,46147.0,69322.0,85521.0,3316.0,23881.0,24898.0,23570.0,127.0,46156.0,0.0,50350.0,26472.0,27084.0,47599.0,59037.0,3330.0,23678.0,24290.0,21911.0,139.0,27271.0,0.0,60495.0,35310.0,35922.0,59249.0,73283.0,3310.0,24211.0,24742.0,22725.0,162.0,15656.0,25770.0,8817,333.06890299184045,69367,2620.3913569054093,50350.0,26472.0,23878.0,90698.0,34014.0,22244.0,2551.0,36,313,166,20374,96212,37867.0,0,1,256,349.0,1152,634,14210,0,0,0,0.0,0,0,0,0.0,0,0,0,2,154,760,732.0,14,2,154,732.0,760,0,154,0,0,0,0.0,0,0,0,0.0,0,0,0,168,20528,14,634,14364,0.9993180046765393
examples/regalloc/415-mbb-setvector-insert-n20-d16.pbqp,20,73,6000,dense,69900.0,33531.0,33854.0,64773.0,75105.0,29657.0,0.0,0.0,0.0,0.0,33404.0,0.0,63405.0,31379.0,31702.0,60972.0,72901.0,1725.0,26457.0,8441.0,11602.0,68.0,31404.0,0.0,44182.0,41831.0,42154.0,43162.0,50739.0,1702.0,8527.0,7576.0,11274.0,63.0,33510.0,0.0,28312.0,18379.0,18702.0,27472.0,33899.0,1588.0,7976.0,7334.0,10387.0,71.0,18322.0,0.0,32858.0,22453.0,22776.0,32136.0,39745.0,1684.0,8580.0,7771.0,11780.0,72.0,9585.0,17212.0,5976,325.15370803634585,45751,2489.3084498612548,28312.0,18379.0,9933.0,61753.0,23610.0,16143.0,1709.0,19,176,92,15353,70956,23585.0,0,2,161,413.0,792,385,11843,0,0,0,0.0,0,0,0,0.0,0,0,0,1,105,508,269.0,15,1,105,269.0,508,0,105,0,0,0,0.0,0,0,0,0.0,0,0,0,93,15458,15,385,11948,0.9990296286712382
examples/regalloc/416-mbb-setvector-remove-n37-d16.pbqp,37,178,2000,dense,278470.0,72087.0,72771.0,273814.0,294676.0,202829.0,0.0,0.0,0.0,0.0,74104.0,0.0,282665.0,71541.0,72153.0,272738.0,294514.0,3946.0,187982.0,30079.0,39733.0,160.0,75738.0,0.0,106906.0,68570.0,69182.0,104762.0,134273.0,3791.0,27497.0,27594.0,33512.0,134.0,66864.0,0.0,79045.0,44843.0,45455.0,77104.0,86901.0,3953.0,28715.0,28305.0,34969.0,141.0,47845.0,0.0,102578.0,64539.0,65151.0,98933.0,108071.0,3953.0,28901.0,28966.0,35441.0,162.0,23659.0,47831.0,14848,331.11076422184067,115984,2586.4460450906495,79045.0,44843.0,34202.0,117212.0,48181.0,28263.0,3376.0,36,391,207,39327,180240,66083.0,0,2,161,567.0,792,546,35925,0,0,0,0.0,0,0,0,0.0,0,0,0,0,0,0,0.0,0,0,0,0.0,0,0,0,0,0,0,0.0,0,0,0,0.0,0,0,0,207,39327,0,546,35925,1.0
examples/regalloc/417-mbb-llvm-operator-n2-d15.pbqp,2,1,1000,dense,371.0,208.0,225.0,325.0,456.0,201.0,0.0,0.0,0.0,0.0,241.0,0.0,418.0,181.0,197.0,385.0,500.0,191.0,87.0,85.0,192.0,23.0,227.0,0.0,384.0,230.0,247.0,359.0,672.0,235.0,141.0,92.0,203.0,25.0,211.0,0.0,389.0,202.0,221.0,361.0,463.0,251.0,153.0,101.0,227.0,28.0,181.0,0.0,412.0,202.0,219.0,394.0,651.0,227.0,117.0,90.0,199.0,24.0,116.0,186.0,108,534.6534653465346,608,3009.90099009901,389.0,202.0,187.0,6660.0,1886.0,2169.0,153.0,1,15,1,105,508,241.0,0,0,0,0.0,0,0,105,0,0,0,0.0,0,0,0,0.0,0,0,0,0,0,0,0.0,0,0,0,0.0,0,0,0,0,0,0,0.0,0,0,0,0.0,0,0,0,1,105,0,0,105,1.0
examples/regalloc/418-mbb-slotindexes-getindexafter-n21-d16.pbqp,21,133,3000,dense,123535.0,64087.0,64410.0,119650.0,132434.0,60416.0,0.0,0.0,0.0,0.0,63619.0,0.0,123256.0,59493.0,59816.0,120492.0,133291.0,1871.0,51902.0,9191.0,21261.0,101.0,61249.0,0.0,80141.0,59239.0,59562.0,78608.0,85504.0,1969.0,10925.0,8992.0,18949.0,89.0,60050.0,0.0,54762.0,37449.0,37810.0,51930.0,61015.0,1893.0,10710.0,9105.0,19256.0,93.0,37906.0,0.0,76443.0,67891.0,68214.0,69264.0,114617.0,2319.0,12591.0,9737.0,23023.0,65.0,20767.0,51800.0,13177,351.8652033432134,98856,2639.750060081711,54762.0,37449.0,17313.0,96964.0,41562.0,20734.0,2400.0,19,319,145,36880,166020,57504.0,0,0,0,0.0,0,240,33296,0,0,0,0.0,0,0,0,0.0,0,0,0,1,240,1084,824.0,2,1,240,824.0,1084,0,240,0,0,0,0.0,0,0,0,0.0,0,0,0,146,37120,2,240,33536,0.9999461206896552
examples/regalloc/419-mbb-slotindexes-getindexbefore-n19-d16.pbqp,19,131,3000,dense,120571.0,61514.0,61854.0,112826.0,129241.0,48834.0,0.0,0.0,0.0,0.0,57808.0,0.0,120050.0,61298.0,61587.0,117783.0,130191.0,1751.0,45794.0,8354.0,20459.0,65.0,61376.0,0.0,74892.0,58912.0,59201.0,74330.0,80095.0,1793.0,9723.0,8314.0,18891.0,48.0,59253.0,0.0,49707.0,33787.0,34076.0,49137.0,56318.0,1796.0,9641.0,8213.0,18505.0,81.0,35716.0,0.0,65986.0,48236.0,48525.0,63632.0,79984.0,2109.0,10368.0,8610.0,20334.0,88.0,16298.0,41827.0,12839,379.9982241690591,97905,2897.712137804481,49707.0,33787.0,15920.0,87684.0,37737.0,17818.0,1838.0,17,288,144,36368,163780,51522.0,0,0,0,0.0,0,240,32768,0,0,0,0.0,0,0,0,0.0,0,0,0,1,256,1152,464.0,16,1,256,464.0,1152,0,256,0,0,0,0.0,0,0,0,0.0,0,0,0,145,36624,16,240,33024,0.999563128003495
examples/regalloc/420-mbb-slotindexes-getinstructionindex-n20-d16.pbqp,20,75,0,dense,89627.0,49859.0,50165.0,87302.0,98920.0,36648.0,0.0,0.0,0.0,0.0,51902.0,0.0,90293.0,49258.0,49564.0,84081.0,105035.0,1768.0,31552.0,9287.0,15708.0,95.0,50591.0,0.0,104662.0,57085.0,57391.0,103010.0,111806.0,1648.0,8630.0,8436.0,13765.0,117.0,47933.0,0.0,42449.0,28777.0,29083.0,40375.0,50560.0,1732.0,8922.0,8691.0,14027.0,59.0,28275.0,0.0,47640.0,30181.0,30487.0,44092.0,50784.0,1651.0,8639.0,8435.0,13667.0,92.0,10551.0,20965.0,8881,308.6145185391111,66868,2323.661257254057,42449.0,28777.0,13672.0,66128.0,28782.0,14027.0,1810.0,18,186,101,25442,114592,29737.0,0,2,480,818.0,2168,480,18274,0,0,0,0.0,0,0,0,0.0,0,0,0,0,0,0,0.0,0,0,0,0.0,0,0,0,0,0,0,0.0,0,0,0,0.0,0,0,0,101,25442,0,480,18274,1.0
examples/regalloc/421-mbb-machinebasicblock-getfullname-abi-cx-n35-d16.pbqp,35,103,5000,dense,157260.0,56191.0,56769.0,145210.0,172636.0,93850.0,0.0,0.0,0.0,0.0,59616.0,0.0,154495.0,56285.0,56863.0,146992.0,179035.0,2782.0,83660.0,20269.0,19301.0,108.0,57036.0,0.0,75658.0,54545.0,55123.0,74648.0,85311.0,2945.0,20527.0,20626.0,19638.0,134.0,54351.0,0.0,58563.0,34456.0,35034.0,54451.0,66037.0,3063.0,20979.0,20477.0,19265.0,142.0,35414.0,0.0,60293.0,33227.0,33907.0,57921.0,114266.0,3018.0,21200.0,20075.0,19747.0,142.0,16037.0,22174.0,9181,266.4557696772696,69653,2021.5056884142093,58563.0,34456.0,24107.0,91357.0,35649.0,21713.0,2425.0,34,274,172,22201,105012,32436.0,0,9,546,1103.0,2748,1334,12802,0,0,0,0.0,0,0,0,0.0,0,0,0,2,161,792,687.0,23,2,161,687.0,792,0,161,0,0,0,0.0,0,0,0,0.0,0,0,0,174,22362,23,1334,12963,0.9989714694571148
examples/regalloc/422-mbb-machinebasicblock-issuccessor-n10-d16.pbqp,10,30,0,dense,37434.0,29987.0,30123.0,37005.0,41693.0,6062.0,0.0,0.0,0.0,0.0,29595.0,0.0,41018.0,31860.0,31996.0,39959.0,44839.0,766.0,4685.0,1981.0,5777.0,72.0,32061.0,0.0,37122.0,31423.0,31559.0,36734.0,38347.0,862.0,2574.0,2040.0,6355.0,59.0,31400.0,0.0,20573.0,15121.0,15257.0,19953.0,23803.0,753.0,2306.0,1915.0,5872.0,71.0,14762.0,0.0,17706.0,12501.0,12637.0,17433.0,18628.0,783.0,2476.0,2040.0,5902.0,44.0,5747.0,8546.0,4925,325.7059718272601,36148,2390.5826334237154,20573.0,15121.0,5452.0,38351.0,16501.0,8150.0,984.0,8,96,56,14240,64104,12864.0,0,1,240,434.0,1084,480,7072,0,0,0,0.0,0,0,0,0.0,0,0,0,0,0,0,0.0,0,0,0,0.0,0,0,0,0,0,0,0.0,0,0,0,0.0,0,0,0,56,14240,0,480,7072,1.0
examples/regalloc/423-mbb-machinebasicblock-getendsymbol-n9-d16.pbqp,9,15,1000,dense,41608.0,34655.0,34791.0,39310.0,43145.0,4846.0,0.0,0.0,0.0,0.0,35157.0,0.0,65229.0,36947.0,37083.0,44248.0,89494.0,624.0,1462.0,751.0,4912.0,40.0,34862.0,0.0,43363.0,35551.0,35687.0,40261.0,45370.0,758.0,1571.0,924.0,6172.0,41.0,37383.0,0.0,18781.0,12911.0,13047.0,17512.0,22846.0,656.0,1306.0,789.0,5020.0,39.0,13286.0,0.0,11090.0,6486.0,6622.0,10618.0,12848.0,667.0,1491.0,795.0,5156.0,43.0,5183.0,2010.0,4424,342.6535512353807,30237,2341.9564712260863,18781.0,12911.0,5870.0,39476.0,15694.0,8533.0,983.0,8,100,76,11856,55216,7022.0,0,2,368,589.0,1692,1120,1545,0,0,0,0.0,0,0,0,0.0,0,0,0,0,0,0,0.0,0,0,0,0.0,0,0,0,0,0,0,0.0,0,0,0,0.0,0,0,0,76,11856,0,1120,1545,1.0
examples/regalloc/424-mbb-machinebasicblock-isentryblock-n3-d16.pbqp,3,1,0,dense,545.0,415.0,432.0,520.0,613.0,228.0,0.0,0.0,0.0,0.0,441.0,0.0,584.0,469.0,486.0,573.0,788.0,271.0,148.0,146.0,247.0,27.0,452.0,0.0,743.0,517.0,534.0,704.0,930.0,295.0,155.0,126.0,241.0,25.0,414.0,0.0,468.0,213.0,230.0,442.0,554.0,262.0,181.0,122.0,228.0,24.0,215.0,0.0,587.0,321.0,338.0,545.0,788.0,282.0,174.0,127.0,231.0,39.0,145.0,241.0,179,840.37558685446,969,4549.295774647887,468.0,213.0,255.0,9631.0,2990.0,3735.0,244.0,1,16,1,256,1152,340.0,0,0,0,0.0,0,0,256,0,0,0,0.0,0,0,0,0.0,0,0,0,0,0,0,0.0,0,0,0,0.0,0,0,0,0,0,0,0.0,0,0,0,0.0,0,0,0,1,256,0,0,256,1.0
examples/regalloc/425-mbb-machinebasicblock-livein-begin-n2-d16.pbqp,2,0,0,dense,41.0,0,0,40.0,63.0,76.0,0.0,0.0,0.0,0.0,0.0,0.0,53.0,0,0,51.0,82.0,209.0,70.0,90.0,45.0,23.0,0.0,0.0,96.0,0,0,83.0,116.0,243.0,96.0,89.0,44.0,24.0,0.0,0.0,87.0,0,0,66.0,116.0,216.0,95.0,92.0,44.0,23.0,0.0,0.0,60.0,0,0,58.0,108.0,219.0,115.0,90.0,46.0,24.0,0.0,0.0,0,,0,,87.0,0,87.0,0,0,0,0,0,0,0,0,0,0.0,0,0,0,0.0,0,0,0,0,0,0,0.0,0,0,0,0.0,0,0,0,0,0,0,0.0,0,0,0,0.0,0,0,0,0,0,0,0.0,0,0,0,0.0,0,0,0,0,0,0,0,0,0.0
examples/regalloc/426-mbb-machinebasicblock-ispredecessor-n10-d16.pbqp,10,30,0,dense,40359.0,31537.0,31673.0,39497.0,43254.0,6378.0,0.0,0.0,0.0,0.0,30991.0,0.0,44282.0,32259.0,32395.0,39789.0,48977.0,764.0,4502.0,1979.0,5881.0,77.0,31577.0,0.0,38767.0,31219.0,31355.0,36748.0,43249.0,834.0,2497.0,2023.0,5885.0,44.0,31057.0,0.0,21109.0,15363.0,15499.0,20780.0,23139.0,793.0,2503.0,2048.0,6078.0,58.0,15872.0,0.0,17660.0,12941.0,13077.0,17530.0,18803.0,820.0,2578.0,2043.0,6054.0,106.0,5722.0,9037.0,4925,320.5754084488707,36148,2352.9258608344726,21109.0,15363.0,5746.0,40727.0,16525.0,8452.0,1185.0,8,96,56,14240,64104,13044.0,0,1,240,426.0,1084,480,7072,0,0,0,0.0,0,0,0,0.0,0,0,0,0,0,0,0.0,0,0,0,0.0,0,0,0,0,0,0,0.0,0,0,0,0.0,0,0,0,56,14240,0,480,7072,1.0
examples/regalloc/427-mbb-machinebasicblock-liveout-begin-n23-d16.pbqp,23,102,7000,dense,99836.0,38081.0,38455.0,96190.0,107396.0,63124.0,0.0,0.0,0.0,0.0,38491.0,0.0,100905.0,35256.0,35696.0,96121.0,120680.0,2057.0,52295.0,12382.0,17448.0,101.0,35492.0,0.0,47757.0,32204.0,32578.0,45183.0,58147.0,1942.0,11740.0,11883.0,15562.0,87.0,32363.0,0.0,44194.0,21576.0,22038.0,37603.0,51295.0,2092.0,12493.0,12390.0,15483.0,69.0,21752.0,0.0,41026.0,27074.0,27426.0,40254.0,49178.0,1989.0,11780.0,12126.0,15085.0,84.0,11517.0,21212.0,6981,323.5539488320356,54473,2524.703374119392,44194.0,21576.0,22618.0,70023.0,25782.0,17187.0,1818.0,22,230,116,17368,80752,28779.0,0,1,256,414.0,1152,256,13528,0,0,0,0.0,0,0,0,0.0,0,0,0,0,0,0,0.0,0,0,0,0.0,0,0,0,0,0,0,0.0,0,0,0,0.0,0,0,0,116,17368,0,256,13528,1.0
examples/regalloc/428-mbb-machinebasicblock-printasoperand-n7-d16.pbqp,7,12,2000,dense,7695.0,5988.0,6090.0,7363.0,8878.0,1899.0,0.0,0.0,0.0,0.0,6139.0,0.0,7545.0,5724.0,5826.0,7389.0,8367.0,573.0,1191.0,899.0,2010.0,34.0,5966.0,0.0,7387.0,5622.0,5736.0,7282.0,8481.0,537.0,1099.0,808.0,2042.0,33.0,5829.0,0.0,5613.0,3901.0,4003.0,5424.0,6826.0,556.0,1100.0,827.0,1895.0,68.0,4095.0,0.0,4998.0,3251.0,3353.0,4925.0,5508.0,556.0,1244.0,897.0,2184.0,65.0,1769.0,2006.0,1178,301.97385285824146,8771,2248.397846705973,5613.0,3901.0,1712.0,20038.0,7328.0,5569.0,594.0,6,40,21,2633,12532,3121.0,0,0,0,0.0,0,161,1289,0,0,0,0.0,0,0,0,0.0,0,0,0,1,112,540,238.0,7,1,112,238.0,540,0,112,0,0,0,0.0,0,0,0,0.0,0,0,0,22,2745,7,161,1401,0.9974499089253187
examples/regalloc/429-mbb-machinebasicblock-getehcontsymbol-n22-d17.pbqp,22,56,4000,dense,44361.0,17078.0,17401.0,39662.0,52808.0,23928.0,0.0,0.0,0.0,0.0,18090.0,0.0,46812.0,18464.0,18787.0,45464.0,51430.0,1715.0,27878.0,9774.0,8938.0,76.0,18218.0,0.0,25597.0,16529.0,16852.0,24846.0,29252.0,1708.0,9081.0,9337.0,9333.0,94.0,17092.0,0.0,19725.0,12346.0,12669.0,18957.0,21779.0,1660.0,9122.0,9439.0,8005.0,70.0,12779.0,0.0,21754.0,14079.0,14402.0,21277.0,24293.0,1767.0,9775.0,9889.0,8771.0,133.0,6720.0,10645.0,3694,299.2062206382634,29544,2393.0017819536693,19725.0,12346.0,7379.0,42874.0,15972.0,10968.0,1140.0,19,134,78,8038,38708,14650.0,0,1,49,167.0,252,322,6050,0,0,0,0.0,0,0,0,0.0,0,0,0,1,105,508,283.0,7,1,105,283.0,508,0,105,0,0,0,0.0,0,0,0,0.0,0,0,0,79,8143,7,322,6155,0.999140365958492
examples/regalloc/430-mbb-machinebasicblock-getendclobbermask-n12-d16.pbqp,12,30,2000,dense,26778.0,19351.0,19521.0,25555.0,33642.0,6226.0,0.0,0.0,0.0,0.0,19283.0,0.0,30434.0,20414.0,20584.0,27324.0,34385.0,862.0,5795.0,2805.0,5446.0,46.0,19840.0,0.0,23888.0,19104.0,19274.0,23298.0,26978.0,914.0,3075.0,2741.0,5389.0,74.0,19713.0,0.0,18081.0,12245.0,12415.0,16753.0,23815.0,927.0,3145.0,2720.0,5361.0,48.0,12146.0,0.0,12866.0,8588.0,8758.0,12560.0,14656.0,899.0,3080.0,2664.0,5577.0,47.0,4696.0,5637.0,3499,285.7492854226215,25803,2107.2274397713354,18081.0,12245.0,5836.0,37530.0,14567.0,7921.0,1070.0,10,92,54,9235,42680,9126.0,0,2,289,493.0,1336,480,4291,0,0,0,0.0,0,0,0,0.0,0,0,0,0,0,0,0.0,0,0,0,0.0,0,0,0,0,0,0,0.0,0,0,0,0.0,0,0,0,54,9235,0,480,4291,1.0
examples/regalloc/431-mbb-machinebasicblock-hasehpadsuccessor-n7-d16.pbqp,7,13,0,dense,16289.0,13768.0,13870.0,16114.0,18125.0,2435.0,0.0,0.0,0.0,0.0,14358.0,0.0,16313.0,13781.0,13883.0,16151.0,18607.0,526.0,1351.0,972.0,2772.0,37.0,14536.0,0.0,16743.0,13836.0,13938.0,16241.0,18337.0,544.0,1192.0,1038.0,2702.0,70.0,14163.0,0.0,8321.0,6043.0,6145.0,8263.0,8899.0,549.0,1180.0,954.0,2694.0,53.0,6177.0,0.0,7250.0,4997.0,5099.0,7117.0,7734.0,572.0,1182.0,980.0,2668.0,57.0,2351.0,3241.0,2515,416.1840145623035,17720,2932.3183849081584,8321.0,6043.0,2278.0,26945.0,10527.0,6197.0,647.0,6,66,27,6912,31104,5257.0,0,1,256,377.0,1152,256,3072,0,0,0,0.0,0,0,0,0.0,0,0,0,0,0,0,0.0,0,0,0,0.0,0,0,0,0,0,0,0.0,0,0,0,0.0,0,0,0,27,6912,0,256,3072,1.0
examples/regalloc/432-mbb-machinebasicblock-islayoutsuccessor-n3-d16.pbqp,3,1,0,dense,581.0,425.0,442.0,552.0,735.0,258.0,0.0,0.0,0.0,0.0,428.0,0.0,669.0,435.0,452.0,625.0,794.0,264.0,138.0,128.0,240.0,25.0,399.0,0.0,612.0,364.0,381.0,582.0,726.0,274.0,159.0,135.0,221.0,27.0,378.0,0.0,467.0,282.0,299.0,445.0,520.0,278.0,153.0,127.0,246.0,26.0,261.0,0.0,515.0,291.0,308.0,472.0,764.0,281.0,155.0,119.0,210.0,25.0,132.0,229.0,168,595.7446808510638,908,3219.8581560283687,467.0,282.0,185.0,5992.0,1773.0,1628.0,150.0,1,15,1,240,1084,336.0,0,0,0,0.0,0,0,240,0,0,0,0.0,0,0,0,0.0,0,0,0,0,0,0,0.0,0,0,0,0.0,0,0,0,0,0,0,0.0,0,0,0,0.0,0,0,0,1,240,0,0,240,1.0
examples/regalloc/433-mbb-machinebasicblock-getsinglesuccessor-n3-d16.pbqp,3,0,0,dense,48.0,0,0,47.0,74.0,99.0,0.0,0.0,0.0,0.0,0.0,0.0,68.0,0,0,67.0,90.0,248.0,104.0,126.0,68.0,25.0,0.0,0.0,109.0,0,0,77.0,133.0,278.0,136.0,127.0,67.0,25.0,0.0,0.0,92.0,0,0,80.0,125.0,270.0,136.0,127.0,67.0,23.0,0.0,0.0,77.0,0,0,74.0,107.0,287.0,134.0,124.0,68.0,25.0,0.0,0.0,0,,0,,92.0,0,92.0,0,0,0,0,0,0,0,0,0,0.0,0,0,0,0.0,0,0,0,0,0,0,0.0,0,0,0,0.0,0,0,0,0,0,0,0.0,0,0,0,0.0,0,0,0,0,0,0,0.0,0,0,0,0.0,0,0,0,0,0,0,0,0,0.0
examples/regalloc/434-mbb-machinebasicblock-getsuccprobability-n17-d16.pbqp,17,60,1000,dense,108447.0,77120.0,77392.0,103884.0,111694.0,22306.0,0.0,0.0,0.0,0.0,78239.0,0.0,105287.0,80428.0,80700.0,104226.0,117845.0,1390.0,17682.0,5156.0,14277.0,111.0,82724.0,0.0,92360.0,78419.0,78691.0,90965.0,96639.0,1360.0,6163.0,5097.0,13945.0,88.0,78939.0,0.0,49280.0,34608.0,34880.0,45843.0,59976.0,1388.0,5981.0,4836.0,12976.0,97.0,35282.0,0.0,39430.0,27539.0,27811.0,38825.0,43496.0,1294.0,5983.0,4728.0,12767.0,95.0,11945.0,17980.0,10769,311.1708275543227,80804,2334.835876098012,49280.0,34608.0,14672.0,78225.0,33865.0,15803.0,1881.0,16,210,130,30640,138532,28241.0,0,2,480,721.0,2168,1232,13570,0,0,0,0.0,0,0,0,0.0,0,0,0,1,256,1152,488.0,2,1,256,488.0,1152,0,256,0,0,0,0.0,0,0,0,0.0,0,0,0,131,30896,2,1232,13826,0.999935266701191
examples/regalloc/435-mbb-machinebasicblock-islegaltohoistinto-n18-d16.pbqp,18,38,1000,dense,85373.0,65013.0,65302.0,83267.0,89787.0,17860.0,0.0,0.0,0.0,0.0,65335.0,0.0,86113.0,63975.0,64264.0,81011.0,96447.0,1483.0,13717.0,5930.0,11171.0,80.0,63980.0,0.0,75935.0,62464.0,62753.0,73204.0,81873.0,1421.0,5944.0,5670.0,11124.0,82.0,62437.0,0.0,44065.0,28754.0,29043.0,40214.0,50042.0,1442.0,6051.0,5535.0,10421.0,66.0,28453.0,0.0,26343.0,16285.0,16574.0,25834.0,30177.0,1441.0,5973.0,5290.0,10724.0,83.0,9371.0,9124.0,7537,262.12005286221046,54835,1907.0390206579955,44065.0,28754.0,15311.0,60155.0,25343.0,13041.0,1599.0,17,149,91,21561,97456,16647.0,0,11,2505,2390.0,11348,992,7305,0,0,0,0.0,0,0,0,0.0,0,0,0,0,0,0,0.0,0,0,0,0.0,0,0,0,0,0,0,0.0,0,0,0,0.0,0,0,0,91,21561,0,992,7305,1.0
examples/regalloc/436-mbb-machinebasicblock-mayhaveinlineasmbr-n7-d16.pbqp,7,13,0,dense,16783.0,14298.0,14400.0,16412.0,18773.0,2366.0,0.0,0.0,0.0,0.0,14307.0,0.0,17438.0,13836.0,13938.0,16977.0,20486.0,548.0,1535.0,977.0,2659.0,58.0,14307.0,0.0,16924.0,14080.0,14194.0,16140.0,18997.0,541.0,1192.0,1013.0,2710.0,59.0,14046.0,0.0,8553.0,6068.0,6170.0,8256.0,8905.0,545.0,1198.0,991.0,2593.0,71.0,6286.0,0.0,7310.0,4907.0,5009.0,7211.0,7698.0,557.0,1179.0,933.0,2720.0,58.0,2488.0,3164.0,2515,414.46934739617666,17720,2920.2373104812127,8553.0,6068.0,2485.0,26335.0,10076.0,5623.0,749.0,6,66,27,6912,31104,5404.0,0,1,256,357.0,1152,256,3072,0,0,0,0.0,0,0,0,0.0,0,0,0,0,0,0,0.0,0,0,0,0.0,0,0,0,0,0,0,0.0,0,0,0,0.0,0,0,0,27,6912,0,256,3072,1.0
examples/regalloc/437-mbb-machinebasicblock-getbeginclobbermas-n3-d16.pbqp,3,2,0,dense,717.0,556.0,590.0,695.0,827.0,285.0,0.0,0.0,0.0,0.0,528.0,0.0,828.0,692.0,726.0,776.0,925.0,277.0,158.0,130.0,349.0,29.0,615.0,0.0,838.0,588.0,622.0,810.0,1039.0,283.0,195.0,131.0,343.0,41.0,628.0,0.0,633.0,390.0,424.0,595.0,934.0,290.0,181.0,127.0,341.0,25.0,416.0,0.0,733.0,501.0,535.0,711.0,1043.0,279.0,189.0,131.0,323.0,23.0,209.0,376.0,259,664.1025641025641,1401,3592.3076923076924,633.0,390.0,243.0,9128.0,2818.0,2330.0,218.0,2,23,2,360,1656,485.0,0,0,0,0.0,0,0,360,0,0,0,0.0,0,0,0,0.0,0,0,0,0,0,0,0.0,0,0,0,0.0,0,0,0,0,0,0,0.0,0,0,0,0.0,0,0,0,2,360,0,0,360,1.0
examples/regalloc/438-mbb-machinebasicblock-cansplitcriticaled-n60-d16.pbqp,60,362,91005,dense,912560.0,96695.0,97757.0,878262.0,942340.0,800622.0,0.0,0.0,0.0,0.0,98025.0,0.0,921723.0,99908.0,100911.0,910496.0,927059.0,9086.0,746320.0,70244.0,89044.0,194.0,100325.0,0.0,179512.0,87447.0,88450.0,175334.0,185910.0,9161.0,66511.0,66659.0,81116.0,172.0,88247.0,0.0,162506.0,65527.0,66530.0,151251.0,174084.0,8881.0,65364.0,65238.0,78914.0,154.0,64110.0,0.0,190541.0,97569.0,98572.0,181555.0,209950.0,9854.0,68884.0,69426.0,100746.0,223.0,42208.0,74357.0,18222,278.0838433012346,149016,2274.116013246448,162506.0,65527.0,96979.0,202703.0,78685.0,52226.0,4888.0,59,750,397,40124,193192,104244.0,0,4,196,1269.0,1008,763,34682,0,0,0,0.0,0,0,0,0.0,0,0,0,0,0,0,0.0,0,0,0,0.0,0,0,0,0,0,0,0.0,0,0,0,0.0,0,0,0,397,40124,0,763,34682,1.0
examples/regalloc/439-mbb-machinebasicblock-cansplitcriticaled-n62-d16-r1.pbqp,62,223,11000,dense,617867.0,84645.0,85682.0,596618.0,626758.0,556509.0,0.0,0.0,0.0,0.0,88799.0,0.0,656213.0,89893.0,90930.0,634628.0,664590.0,8206.0,529513.0,74554.0,62149.0,284.0,94302.0,0.0,147491.0,76963.0,78061.0,143493.0,159273.0,8044.0,67024.0,70201.0,58442.0,253.0,86628.0,0.0,123037.0,56382.0,57419.0,113186.0,133476.0,9260.0,79876.0,79839.0,51442.0,252.0,91353.0,0.0,132893.0,67667.0,68704.0,128231.0,142326.0,8997.0,79445.0,77715.0,53312.0,302.0,39436.0,63720.0,14259,252.89986165797595,113816,2018.6584370898513,123037.0,56382.0,66655.0,148147.0,53044.0,38027.0,4066.0,61,491,277,32748,155760,69276.0,0,3,238,905.0,1172,1059,24697,0,0,0,0.0,0,0,0,0.0,0,0,0,1,49,252,381.0,9,1,49,381.0,252,0,49,0,0,0,0.0,0,0,0,0.0,0,0,0,278,32797,9,1059,24746,0.9997255846571332
examples/regalloc/440-mbb-machinebasicblock-getsinglepredecess-n3-d16.pbqp,3,0,0,dense,47.0,0,0,46.0,76.0,102.0,0.0,0.0,0.0,0.0,0.0,0.0,67.0,0,0,66.0,97.0,245.0,100.0,127.0,64.0,24.0,0.0,0.0,83.0,0,0,77.0,119.0,291.0,146.0,129.0,72.0,25.0,0.0,0.0,75.0,0,0,73.0,131.0,265.0,139.0,127.0,69.0,24.0,0.0,0.0,79.0,0,0,76.0,170.0,273.0,136.0,124.0,68.0,25.0,0.0,0.0,0,,0,,75.0,0,75.0,0,0,0,0,0,0,0,0,0,0.0,0,0,0,0.0,0,0,0,0,0,0,0.0,0,0,0,0.0,0,0,0,0,0,0,0.0,0,0,0,0.0,0,0,0,0,0,0,0.0,0,0,0,0.0,0,0,0,0,0,0,0,0,0.0
examples/regalloc/441-mbb-machinebasicblock-getprobabilityiter-n2-d16.pbqp,2,1,0,dense,513.0,368.0,384.0,473.0,633.0,192.0,0.0,0.0,0.0,0.0,392.0,0.0,602.0,406.0,423.0,533.0,742.0,219.0,114.0,110.0,240.0,27.0,414.0,0.0,843.0,625.0,645.0,840.0,913.0,252.0,130.0,104.0,238.0,23.0,649.0,0.0,492.0,265.0,282.0,466.0,558.0,218.0,110.0,94.0,202.0,24.0,253.0,0.0,460.0,289.0,306.0,449.0,644.0,237.0,119.0,87.0,209.0,39.0,137.0,243.0,168,633.9622641509434,908,3426.4150943396226,492.0,265.0,227.0,11256.0,4130.0,2311.0,129.0,1,15,1,240,1084,321.0,0,0,0,0.0,0,0,240,0,0,0,0.0,0,0,0,0.0,0,0,0,0,0,0,0.0,0,0,0,0.0,0,0,0,0,0,0,0.0,0,0,0,0.0,0,0,0,1,240,0,0,240,1.0
examples/regalloc/442-mbb-machinebasicblock-computeregisterliv-n40-d16.pbqp,40,231,52717,dense,367401.0,53031.0,53694.0,344715.0,381748.0,305509.0,0.0,0.0,0.0,0.0,54346.0,0.0,359971.0,52742.0,53522.0,350270.0,395092.0,5063.0,279334.0,39090.0,45747.0,132.0,54964.0,0.0,89391.0,46764.0,47427.0,86658.0,95582.0,5089.0,34606.0,35930.0,43012.0,113.0,49389.0,0.0,81165.0,36380.0,37043.0,74518.0,86478.0,5065.0,34444.0,37169.0,43243.0,117.0,37425.0,0.0,108558.0,59078.0,59741.0,102761.0,113760.0,4912.0,33290.0,35898.0,42814.0,128.0,24236.0,42645.0,11182,307.3666849917537,92488,2542.275975810885,81165.0,36380.0,44785.0,123466.0,45229.0,32236.0,3420.0,39,478,243,24247,116732,61695.0,0,0,0,0.0,0,105,23561,0,0,0,0.0,0,0,0,0.0,0,0,0,1,105,508,482.0,13,1,105,482.0,508,0,105,0,0,0,0.0,0,0,0,0.0,0,0,0,244,24352,13,105,23666,0.9994661629434954
examples/regalloc/443-mbb-machinebasicblock-computeregisterliv-n46-d16-r1.pbqp,46,178,24021,dense,330523.0,59615.0,60380.0,317128.0,350497.0,264559.0,0.0,0.0,0.0,0.0,60886.0,0.0,326541.0,59372.0,60137.0,315048.0,345081.0,4914.0,244564.0,41581.0,39499.0,193.0,61728.0,0.0,94384.0,53588.0,54353.0,91016.0,125429.0,4627.0,37179.0,37743.0,34004.0,128.0,51757.0,0.0,80365.0,38487.0,39252.0,73941.0,112546.0,4794.0,37152.0,38317.0,33629.0,140.0,36275.0,0.0,90230.0,50698.0,51463.0,88327.0,93763.0,4647.0,37564.0,37801.0,33372.0,166.0,22319.0,34533.0,11013,286.14856964689375,86081,2236.6253540156417,80365.0,38487.0,41878.0,122205.0,42998.0,31328.0,3529.0,45,412,219,24191,115804,51501.0,0,2,98,433.0,504,858,18899,0,0,0,0.0,0,0,0,0.0,0,0,0,16,840,4288,1643.0,147,16,840,1643.0,4288,105,154,0,0,0,0.0,0,0,0,0.0,0,0,0,235,25031,147,963,19053,0.994127282170109
examples/regalloc/444-mbb-machinebasicblock-sizewithoutdebugla-n9-d16.pbqp,9,28,0,dense,27164.0,20769.0,20905.0,26064.0,30297.0,4922.0,0.0,0.0,0.0,0.0,20022.0,0.0,28741.0,20410.0,20546.0,25964.0,32014.0,677.0,4647.0,2028.0,4531.0,68.0,20687.0,0.0,40868.0,36417.0,36553.0,40491.0,43467.0,798.0,2629.0,2263.0,5128.0,58.0,36483.0,0.0,13752.0,10260.0,10396.0,13705.0,14970.0,732.0,2310.0,1988.0,4472.0,49.0,10366.0,0.0,16137.0,11242.0,11394.0,14954.0,18065.0,707.0,2259.0,2053.0,4281.0,68.0,4277.0,8397.0,3737,364.2300194931774,27473,2677.6803118908383,13752.0,10260.0,3492.0,31956.0,13352.0,7083.0,870.0,8,82,42,10624,47840,11930.0,0,1,256,438.0,1152,256,6784,0,0,0,0.0,0,0,0,0.0,0,0,0,0,0,0,0.0,0,0,0,0.0,0,0,0,0,0,0,0.0,0,0,0,0.0,0,0,0,42,10624,0,256,6784,1.0
examples/regalloc/445-mbb-machinebasicblock-canpredictbranchpr-n139-d17.pbqp,139,1001,12000,dense,10190051.0,426108.0,428318.0,10029179.0,10355261.0,9518409.0,0.0,0.0,0.0,0.0,429968.0,0.0,10233156.0,425342.0,427552.0,10128714.0,10354538.0,42704.0,9259304.0,375656.0,462236.0,458.0,427821.0,0.0,950353.0,387217.0,389427.0,924704.0,986772.0,42408.0,331760.0,330631.0,468228.0,420.0,403177.0,0.0,774060.0,250610.0,252820.0,756747.0,793740.0,41586.0,321347.0,325331.0,452319.0,450.0,256105.0,0.0,888461.0,347640.0,349850.0,875424.0,922550.0,41318.0,321347.0,328539.0,457488.0,471.0,133412.0,256036.0,78628,313.74645864091616,641971,2561.633613981884,774060.0,250610.0,523450.0,621915.0,285490.0,129087.0,12839.0,130,2159,1073,198404,910708,367025.0,0,6,1303,2661.0,5896,1366,178060,0,0,0,0.0,0,0,0,0.0,0,0,0,0,0,0,0.0,0,0,0,0.0,0,0,0,0,0,0,0.0,0,0,0,0.0,0,0,0,1073,198404,0,1366,178060,1.0
examples/regalloc/446-mbb-machinebasicblock-print-n18-d17.pbqp,18,37,6000,dense,29439.0,19244.0,19465.0,27876.0,32485.0,9085.0,0.0,0.0,0.0,0.0,19552.0,0.0,30525.0,20309.0,20530.0,29974.0,34921.0,1358.0,8569.0,3903.0,6336.0,72.0,20627.0,0.0,25553.0,19907.0,20128.0,25123.0,27324.0,1228.0,4384.0,3595.0,5329.0,73.0,19564.0,0.0,17228.0,11860.0,12081.0,16873.0,18925.0,1225.0,4476.0,3698.0,5991.0,76.0,11718.0,0.0,14918.0,8801.0,9022.0,14505.0,16958.0,1193.0,4505.0,3473.0,6102.0,54.0,5512.0,4969.0,3574,301.3490725126476,25018,2109.443507588533,17228.0,11860.0,5368.0,47064.0,17635.0,10781.0,1174.0,13,128,84,8274,40176,9088.0,0,3,273,606.0,1332,873,2604,0,0,0,0.0,0,0,0,0.0,0,0,0,0,0,0,0.0,0,0,0,0.0,0,0,0,0,0,0,0.0,0,0,0,0.0,0,0,0,84,8274,0,873,2604,1.0
examples/regalloc/447-mbb-machinebasicblock-print-n227-d17.pbqp,227,2623,249937,dense,64061266.0,754553.0,758225.0,63516402.0,65353436.0,63419542.0,0.0,0.0,0.0,0.0,755851.0,0.0,65083457.0,807851.0,811523.0,64506545.0,66419914.0,164776.0,63003195.0,1098876.0,1770310.0,1547.0,813859.0,0.0,2688075.0,599764.0,603436.0,2592911.0,2819304.0,159030.0,891087.0,902397.0,1730576.0,597.0,627860.0,0.0,2545617.0,469129.0,472801.0,2498813.0,2577370.0,157487.0,878556.0,899939.0,1728094.0,699.0,484188.0,0.0,2711861.0,737536.0,741208.0,2691973.0,2807847.0,154042.0,881895.0,901635.0,1699929.0,794.0,285824.0,510174.0,135066,287.90801677150637,1129298,2407.2227468350925,2545617.0,469129.0,2076488.0,1594790.0,808376.0,302402.0,25732.0,216,5374,2710,296512,1421692,762165.0,0,6,883,2491.0,4112,1616,281664,0,0,0,0.0,0,0,0,0.0,0,0,0,0,0,0,0.0,0,0,0,0.0,0,0,0,0,0,0,0.0,0,0,0,0.0,0,0,0,2710,296512,0,1616,281664,1.0
examples/regalloc/448-mbb-machinebasicblock-print-n234-d17-r1.pbqp,234,1075,26000,dense,26470531.0,433277.0,437514.0,26002871.0,26920422.0,25781598.0,0.0,0.0,0.0,0.0,444072.0,0.0,26737364.0,437065.0,440856.0,26508733.0,27069144.0,82171.0,25656610.0,967223.0,743302.0,927.0,444175.0,0.0,1349725.0,390591.0,394382.0,1324586.0,1369413.0,80193.0,804274.0,863876.0,729175.0,654.0,394709.0,0.0,1240083.0,284813.0,289273.0,1218396.0,1274267.0,80035.0,810327.0,863148.0,711620.0,713.0,289555.0,0.0,1301333.0,357879.0,361670.0,1265461.0,1405724.0,80944.0,821865.0,870784.0,726518.0,733.0,153847.0,243436.0,72224,253.58393050879,575419,2020.3396614620822,1240083.0,284813.0,955270.0,756210.0,347119.0,161898.0,17338.0,223,2347,1276,171642,808736,356831.0,0,5,834,2027.0,3860,4052,142178,0,0,0,0.0,0,0,0,0.0,0,0,0,1,49,252,619.0,7,1,49,619.0,252,0,49,0,0,0,0.0,0,0,0,0.0,0,0,0,1277,171691,7,4052,142227,0.9999592290801498
examples/regalloc/449-mbb-machinebasicblock-getname-n4-d16.pbqp,4,1,0,dense,553.0,392.0,409.0,508.0,631.0,226.0,0.0,0.0,0.0,0.0,390.0,0.0,592.0,386.0,403.0,555.0,642.0,327.0,168.0,169.0,263.0,33.0,399.0,0.0,566.0,469.0,486.0,547.0,638.0,317.0,190.0,155.0,229.0,26.0,390.0,0.0,446.0,271.0,288.0,428.0,592.0,332.0,199.0,164.0,251.0,28.0,251.0,0.0,539.0,293.0,310.0,503.0,612.0,333.0,203.0,168.0,241.0,27.0,124.0,236.0,168,619.9261992619926,908,3350.553505535055,446.0,271.0,175.0,7025.0,2702.0,2373.0,143.0,1,15,1,225,1020,370.0,0,0,0,0.0,0,0,225,0,0,0,0.0,0,0,0,0.0,0,0,0,0,0,0,0.0,0,0,0,0.0,0,0,0,0,0,0,0.0,0,0,0,0.0,0,0,0,1,225,0,0,225,1.0
examples/regalloc/450-mbb-machinebasicblock-hasname-n3-d16.pbqp,3,0,0,dense,68.0,0,0,51.0,103.0,110.0,0.0,0.0,0.0,0.0,0.0,0.0,69.0,0,0,68.0,105.0,251.0,106.0,123.0,68.0,25.0,0.0,0.0,112.0,0,0,86.0,140.0,265.0,135.0,126.0,68.0,26.0,0.0,0.0,75.0,0,0,74.0,115.0,264.0,136.0,135.0,68.0,25.0,0.0,0.0,77.0,0,0,73.0,197.0,265.0,135.0,125.0,67.0,24.0,0.0,0.0,0,,0,,75.0,0,75.0,0,0,0,0,0,0,0,0,0,0.0,0,0,0,0.0,0,0,0,0,0,0,0.0,0,0,0,0.0,0,0,0,0,0,0,0.0,0,0,0,0.0,0,0,0,0,0,0,0.0,0,0,0,0.0,0,0,0,0,0,0,0,0,0.0
examples/regalloc/451-mbb-machinebasicblock-islivein-n8-d16.pbqp,8,18,0,dense,16840.0,13710.0,13812.0,16495.0,18763.0,3199.0,0.0,0.0,0.0,0.0,14136.0,0.0,18103.0,14498.0,14600.0,17951.0,20010.0,585.0,2567.0,1381.0,3364.0,36.0,14306.0,0.0,15721.0,13435.0,13537.0,15628.0,16149.0,633.0,1654.0,1424.0,3383.0,36.0,14020.0,0.0,10220.0,7307.0,7409.0,9881.0,10899.0,626.0,1612.0,1379.0,3342.0,58.0,7501.0,0.0,9414.0,6661.0,6763.0,9246.0,10309.0,662.0,1789.0,1449.0,3499.0,39.0,3004.0,4868.0,2601,355.9600383194197,20311,2779.6633365266184,10220.0,7307.0,2913.0,26493.0,10266.0,5885.0,653.0,6,60,30,7232,32656,7197.0,0,1,224,374.0,1016,210,4112,0,0,0,0.0,0,0,0,0.0,0,0,0,0,0,0,0.0,0,0,0,0.0,0,0,0,0,0,0,0.0,0,0,0,0.0,0,0,0,30,7232,0,210,4112,1.0
examples/regalloc/452-mbb-machinebasicblock-getsymbol-n29-d17.pbqp,29,101,6000,dense,101059.0,36847.0,37306.0,99938.0,113703.0,66352.0,0.0,0.0,0.0,0.0,36804.0,0.0,101909.0,36130.0,36589.0,101174.0,112124.0,2536.0,61750.0,16414.0,18143.0,120.0,36107.0,0.0,51827.0,32961.0,33393.0,48541.0,54561.0,2500.0,14993.0,14730.0,15974.0,109.0,33830.0,0.0,37347.0,22944.0,23403.0,35572.0,41984.0,2567.0,14935.0,14776.0,15056.0,109.0,23355.0,0.0,44539.0,27493.0,27952.0,42953.0,46958.0,2547.0,15397.0,14909.0,15455.0,154.0,11991.0,19970.0,6619,288.4850069735007,52444,2285.7391910739193,37347.0,22944.0,14403.0,90895.0,29962.0,22579.0,2566.0,27,234,130,14960,71544,27548.0,0,2,98,403.0,504,602,10970,0,0,0,0.0,0,0,0,0.0,0,0,0,1,112,540,346.0,18,1,112,346.0,540,0,112,0,0,0,0.0,0,0,0,0.0,0,0,0,131,15072,18,602,11082,0.9988057324840764
examples/regalloc/453-mbb-machinebasicblock-printname-n121-d17.pbqp,121,350,5000,dense,2813508.0,142069.0,144007.0,2764034.0,2908708.0,2678191.0,0.0,0.0,0.0,0.0,143680.0,0.0,2854397.0,141315.0,143253.0,2823329.0,2869989.0,19947.0,2604931.0,266606.0,142230.0,453.0,145259.0,0.0,324458.0,130463.0,132287.0,306646.0,337087.0,19109.0,215864.0,238856.0,132333.0,369.0,129449.0,0.0,267884.0,84029.0,85967.0,256950.0,276956.0,18799.0,214763.0,235333.0,124618.0,378.0,86193.0,0.0,276939.0,106864.0,108802.0,267097.0,314833.0,18777.0,216438.0,237425.0,123283.0,454.0,45817.0,73307.0,25865,307.8103987908936,203766,2424.948529674279,267884.0,84029.0,183855.0,229575.0,85144.0,61270.0,5877.0,114,788,458,61411,289864,112874.0,0,9,945,1216.0,4572,2291,46288,0,0,0,0.0,0,0,0,0.0,0,0,0,1,112,540,517.0,16,1,112,517.0,540,0,112,0,0,0,0.0,0,0,0,0.0,0,0,0,459,61523,16,2291,46400,0.999739934658583
examples/regalloc/454-mbb-optionvaluecopy-compare-n4-d16.pbqp,4,3,0,dense,13961.0,12696.0,12747.0,13768.0,15005.0,1375.0,0.0,0.0,0.0,0.0,12676.0,0.0,13803.0,12196.0,12247.0,13680.0,15270.0,348.0,319.0,216.0,1724.0,31.0,12228.0,0.0,13392.0,12008.0,12065.0,13232.0,15572.0,343.0,349.0,180.0,1456.0,28.0,11465.0,0.0,5378.0,4012.0,4063.0,5322.0,5592.0,339.0,393.0,182.0,1461.0,27.0,3917.0,0.0,3509.0,2096.0,2147.0,3447.0,4248.0,355.0,333.0,187.0,1442.0,31.0,1537.0,752.0,1705,424.97507477567297,11603,2892.073778664008,5378.0,4012.0,1366.0,20562.0,8113.0,4475.0,494.0,3,48,18,4592,20668,2312.0,0,1,256,318.0,1152,256,752,0,0,0,0.0,0,0,0,0.0,0,0,0,0,0,0,0.0,0,0,0,0.0,0,0,0,0,0,0,0.0,0,0,0,0.0,0,0,0,18,4592,0,256,752,1.0
examples/regalloc/455-mbb-function-handler-m-manager-n4-d16.pbqp,4,4,0,dense,23753.0,20671.0,20722.0,23413.0,24975.0,2289.0,0.0,0.0,0.0,0.0,20776.0,0.0,23853.0,21111.0,21162.0,23513.0,24756.0,343.0,421.0,210.0,2532.0,29.0,21818.0,0.0,23400.0,20942.0,20993.0,23313.0,24015.0,338.0,409.0,199.0,2558.0,43.0,20363.0,0.0,9682.0,6688.0,6739.0,9533.0,9934.0,343.0,381.0,188.0,2419.0,30.0,6832.0,0.0,6751.0,4071.0,4131.0,6666.0,7368.0,381.0,497.0,221.0,2853.0,27.0,3290.0,951.0,2465,368.5705741626794,18199,2721.1423444976076,9682.0,6688.0,2994.0,20282.0,8297.0,5469.0,505.0,3,44,29,7168,32320,3782.0,0,1,224,374.0,1016,434,720,0,0,0,0.0,0,0,0,0.0,0,0,0,0,0,0,0.0,0,0,0,0.0,0,0,0,0,0,0,0.0,0,0,0,0.0,0,0,0,29,7168,0,434,720,1.0
examples/regalloc/456-mbb-function-handler-m-invoke-n5-d16.pbqp,5,4,0,dense,11186.0,9593.0,9661.0,11016.0,13388.0,1355.0,0.0,0.0,0.0,0.0,9622.0,0.0,11058.0,9354.0,9422.0,10780.0,12475.0,401.0,392.0,234.0,1702.0,34.0,9357.0,0.0,11636.0,10186.0,10254.0,11430.0,12979.0,417.0,457.0,245.0,1512.0,34.0,10153.0,0.0,5290.0,3886.0,3962.0,5108.0,5556.0,390.0,397.0,229.0,1475.0,31.0,4006.0,0.0,3591.0,2310.0,2378.0,3569.0,3996.0,380.0,445.0,216.0,1408.0,31.0,1524.0,920.0,1546,397.83839423571794,11159,2871.5903242408644,5290.0,3886.0,1404.0,21772.0,8510.0,4488.0,575.0,4,58,19,3808,17384,2349.0,0,1,224,298.0,1016,224,868,0,0,0,0.0,0,0,0,0.0,0,0,0,0,0,0,0.0,0,0,0,0.0,0,0,0,0,0,0,0.0,0,0,0,0.0,0,0,0,19,3808,0,224,868,1.0
examples/regalloc/457-mbb-function-handler-m-manager-n4-d16.pbqp,4,4,0,dense,22743.0,20055.0,20106.0,22480.0,23725.0,2231.0,0.0,0.0,0.0,0.0,21188.0,0.0,25609.0,21753.0,21804.0,25311.0,27933.0,304.0,351.0,194.0,2323.0,27.0,21188.0,0.0,24057.0,21366.0,21417.0,23862.0,26549.0,346.0,383.0,205.0,2282.0,28.0,21303.0,0.0,9706.0,7200.0,7251.0,9617.0,10093.0,359.0,393.0,188.0,2227.0,31.0,7217.0,0.0,5374.0,3187.0,3238.0,5240.0,6210.0,347.0,374.0,183.0,2491.0,29.0,2377.0,839.0,2465,342.3611111111111,18199,2527.6388888888887,9706.0,7200.0,2506.0,19388.0,8093.0,4523.0,496.0,3,44,29,7168,32320,3028.0,0,1,224,302.0,1016,434,720,0,0,0,0.0,0,0,0,0.0,0,0,0,0,0,0,0.0,0,0,0,0.0,0,0,0,0,0,0,0.0,0,0,0,0.0,0,0,0,29,7168,0,434,720,1.0
examples/regalloc/458-mbb-function-handler-m-invoke-n8-d16.pbqp,8,13,2000,dense,9709.0,7846.0,7965.0,9604.0,10758.0,2182.0,0.0,0.0,0.0,0.0,8057.0,0.0,10818.0,8557.0,8676.0,10608.0,12803.0,599.0,1456.0,955.0,2245.0,38.0,8491.0,0.0,10065.0,8417.0,8536.0,9945.0,10247.0,650.0,1305.0,966.0,2215.0,67.0,8428.0,0.0,7163.0,5188.0,5307.0,7042.0,8286.0,646.0,1362.0,1002.0,2234.0,38.0,5286.0,0.0,5297.0,3568.0,3687.0,5178.0,6069.0,569.0,1165.0,926.0,2306.0,35.0,2119.0,1789.0,1576,303.7779491133385,10533,2030.2621434078644,7163.0,5188.0,1975.0,25610.0,9063.0,6604.0,684.0,7,56,32,3658,17572,3473.0,0,2,161,378.0,792,368,1306,0,0,0,0.0,0,0,0,0.0,0,0,0,0,0,0,0.0,0,0,0,0.0,0,0,0,0,0,0,0.0,0,0,0,0.0,0,0,0,32,3658,0,368,1306,1.0
examples/regalloc/459-mbb-set-insert-n14-d16.pbqp,14,70,17426,dense,36681.0,16375.0,16583.0,35108.0,41455.0,14947.0,0.0,0.0,0.0,0.0,16369.0,0.0,33833.0,16200.0,16421.0,32616.0,40754.0,1242.0,16192.0,4984.0,8137.0,74.0,16629.0,0.0,22772.0,16555.0,16776.0,22388.0,24718.0,1206.0,5471.0,4872.0,8282.0,76.0,16638.0,0.0,16001.0,10687.0,10908.0,15709.0,18544.0,1244.0,5592.0,4762.0,8150.0,61.0,11494.0,0.0,22443.0,15169.0,15390.0,20788.0,25033.0,1162.0,5411.0,4951.0,7622.0,54.0,7038.0,12369.0,3546,331.804996724993,28341,2651.913539814728,16001.0,10687.0,5314.0,43500.0,17379.0,9977.0,1188.0,13,157,75,7930,37940,17004.0,0,1,112,286.0,540,112,6394,0,0,0,0.0,0,0,0,0.0,0,0,0,0,0,0,0.0,0,0,0,0.0,0,0,0,0,0,0,0.0,0,0,0,0.0,0,0,0,75,7930,0,112,6394,1.0
examples/regalloc/460-mbb-rb-tree-m-erase-n4-d15.pbqp,4,5,3000,dense,3828.0,3051.0,3102.0,3731.0,4079.0,1006.0,0.0,0.0,0.0,0.0,2996.0,0.0,4228.0,3069.0,3120.0,4069.0,5291.0,323.0,291.0,156.0,1156.0,29.0,3058.0,0.0,3962.0,2933.0,2984.0,3786.0,4177.0,373.0,351.0,175.0,1126.0,32.0,3018.0,0.0,2929.0,1895.0,1946.0,2796.0,3869.0,344.0,346.0,166.0,1126.0,29.0,1919.0,0.0,2263.0,1169.0,1220.0,2175.0,2818.0,368.0,347.0,166.0,1225.0,33.0,929.0,435.0,548,289.1820580474934,4204,2218.4696569920843,2929.0,1895.0,1034.0,10551.0,3660.0,2822.0,355.0,3,21,14,1078,5320,1015.0,0,0,0,0.0,0,98,154,0,0,0,0.0,0,0,0,0.0,0,0,0,1,105,508,234.0,7,1,105,234.0,508,0,105,0,0,0,0.0,0,0,0,0.0,0,0,0,15,1183,7,98,259,0.9940828402366864
examples/regalloc/461-mbb-rb-tree-m-erase-n4-d15.pbqp,4,5,3000,dense,3974.0,2936.0,2987.0,3703.0,4981.0,1017.0,0.0,0.0,0.0,0.0,3011.0,0.0,3784.0,2822.0,2873.0,3700.0,4157.0,313.0,305.0,160.0,1044.0,29.0,2800.0,0.0,3964.0,2820.0,2871.0,3774.0,4230.0,343.0,382.0,165.0,1110.0,31.0,2852.0,0.0,2969.0,1894.0,1945.0,2878.0,3371.0,343.0,320.0,160.0,1122.0,31.0,1861.0,0.0,2208.0,1094.0,1145.0,2072.0,2785.0,349.0,353.0,163.0,1181.0,30.0,938.0,402.0,548,289.3347412882788,4204,2219.6409714889123,2969.0,1894.0,1075.0,11637.0,3848.0,3636.0,361.0,3,21,14,1078,5320,1113.0,0,0,0,0.0,0,98,154,0,0,0,0.0,0,0,0,0.0,0,0,0,1,105,508,213.0,7,1,105,213.0,508,0,105,0,0,0,0.0,0,0,0,0.0,0,0,0,15,1183,7,98,259,0.9940828402366864
examples/regalloc/462-mbb-std-adjust-heap-n33-d16.pbqp,33,236,3000,dense,356601.0,105317.0,105861.0,325909.0,365465.0,244074.0,0.0,0.0,0.0,0.0,110243.0,0.0,356783.0,107910.0,108454.0,347228.0,367835.0,4302.0,213924.0,26938.0,50764.0,129.0,112570.0,0.0,144326.0,99659.0,100203.0,142468.0,146436.0,3979.0,24806.0,24812.0,45607.0,90.0,100139.0,0.0,111248.0,63296.0,63840.0,108037.0,123258.0,4066.0,25406.0,25648.0,43724.0,93.0,63323.0,0.0,136895.0,87711.0,88255.0,132111.0,143334.0,4196.0,25191.0,25471.0,46350.0,100.0,30618.0,70723.0,21389,337.92024772497473,166855,2636.106547017189,111248.0,63296.0,47952.0,153678.0,66721.0,33336.0,3508.0,32,498,249,59107,267132,93595.0,0,0,0,0.0,0,256,55267,0,0,0,0.0,0,0,0,0.0,0,0,0,1,256,1152,723.0,2,1,256,723.0,1152,0,256,0,0,0,0.0,0,0,0,0.0,0,0,0,250,59363,2,256,55523,0.9999663089803413
examples/regalloc/463-mbb-std-introsort-loop-n82-d17.pbqp,82,402,37259,dense,1186679.0,164184.0,165032.0,1168594.0,1215310.0,1015574.0,0.0,0.0,0.0,0.0,168170.0,0.0,1227867.0,172549.0,173450.0,1194917.0,1235207.0,12571.0,974957.0,93093.0,109972.0,419.0,181255.0,0.0,284194.0,150426.0,151327.0,271573.0,301879.0,11622.0,88036.0,81993.0,101711.0,288.0,153763.0,0.0,229095.0,102595.0,103496.0,222552.0,315255.0,11736.0,88965.0,83367.0,102902.0,284.0,104994.0,0.0,272772.0,148387.0,149288.0,263774.0,284949.0,11403.0,87817.0,82347.0,99933.0,245.0,50605.0,114422.0,31785,309.8104196110922,246457,2402.232077586627,229095.0,102595.0,126500.0,228227.0,97868.0,51783.0,5095.0,53,815,410,86137,392212,152420.0,0,0,0,0.0,0,224,83929,0,0,0,0.0,0,0,0,0.0,0,0,0,2,161,792,900.0,14,2,161,900.0,792,0,161,0,0,0,0.0,0,0,0,0.0,0,0,0,412,86298,14,224,84090,0.9998377714431389
examples/regalloc/464-mbb-std-introsort-loop-n82-d17-r1.pbqp,82,391,9000,dense,1180383.0,163913.0,164814.0,1154769.0,1201664.0,1047349.0,0.0,0.0,0.0,0.0,173809.0,0.0,1168867.0,161375.0,162435.0,1139506.0,1222438.0,11068.0,935817.0,89947.0,101012.0,243.0,158501.0,0.0,269154.0,141091.0,141992.0,254809.0,279418.0,10968.0,84165.0,79054.0,95515.0,228.0,147192.0,0.0,207003.0,96345.0,97246.0,197676.0,218140.0,10967.0,84817.0,79186.0,93523.0,204.0,95593.0,0.0,260953.0,139808.0,140709.0,252969.0,274467.0,10819.0,84919.0,80205.0,92299.0,243.0,48175.0,105032.0,30806,319.74674347397377,239043,2481.1147438891485,207003.0,96345.0,110658.0,219726.0,94596.0,48441.0,5314.0,53,793,399,83321,379540,148288.0,0,0,0,0.0,0,224,81113,0,0,0,0.0,0,0,0,0.0,0,0,0,2,161,792,948.0,14,2,161,948.0,792,0,161,0,0,0,0.0,0,0,0,0.0,0,0,0,401,83482,14,224,81274,0.999832299178266
examples/regalloc/465-mbb-std-introsort-loop-n30-d16.pbqp,30,157,9000,dense,173206.0,45008.0,45501.0,171114.0,180948.0,132454.0,0.0,0.0,0.0,0.0,48970.0,0.0,182541.0,45199.0,45692.0,177862.0,203187.0,3113.0,120411.0,20977.0,29207.0,109.0,47822.0,0.0,67409.0,41992.0,42485.0,65824.0,78019.0,3060.0,20128.0,20583.0,27230.0,87.0,43867.0,0.0,55952.0,31720.0,32213.0,53870.0,64372.0,3066.0,20023.0,19944.0,25979.0,89.0,31973.0,0.0,76143.0,45843.0,46336.0,72973.0,86498.0,3039.0,19668.0,19921.0,27922.0,117.0,17886.0,34353.0,9803,309.04791929382094,78163,2464.155107187894,55952.0,31720.0,24232.0,102793.0,38131.0,21837.0,2592.0,29,343,175,23373,109844,48769.0,0,1,49,229.0,252,210,21105,0,0,0,0.0,0,0,0,0.0,0,0,0,1,256,1152,612.0,31,1,256,612.0,1152,0,256,0,0,0,0.0,0,0,0,0.0,0,0,0,176,23629,31,210,21361,0.9986880528164543
examples/regalloc/466-mbb-std-final-insertion-sort-n91-d17.pbqp,91,947,59292,dense,4942507.0,439369.0,440865.0,4871597.0,5063453.0,4589254.0,0.0,0.0,0.0,0.0,462030.0,0.0,5040237.0,434432.0,435928.0,4928690.0,5092937.0,27150.0,4315977.0,178558.0,349977.0,297.0,446508.0,0.0,791611.0,416599.0,418007.0,778869.0,808870.0,26504.0,161103.0,160944.0,331004.0,243.0,411808.0,0.0,606348.0,257448.0,258944.0,589982.0,630572.0,26439.0,162645.0,165950.0,316388.0,264.0,267932.0,0.0,731240.0,370091.0,371587.0,712269.0,752966.0,26699.0,164915.0,164336.0,328617.0,280.0,120761.0,275181.0,88746,344.71427239675586,673717,2616.9051614306577,606348.0,257448.0,348900.0,572943.0,273574.0,109508.0,15361.0,88,1955,1000,254144,1144112,379595.0,0,0,0,0.0,0,1008,239520,0,0,0,0.0,0,0,0,0.0,0,0,0,2,496,2236,1762.0,31,2,496,1762.0,2236,0,496,0,0,0,0.0,0,0,0,0.0,0,0,0,1002,254640,31,1008,240016,0.999878259503613
examples/regalloc/467-mbb-std-final-insertion-sort-n96-d17-r1.pbqp,96,805,12000,dense,4762880.0,372082.0,373663.0,4703819.0,4867183.0,4357910.0,0.0,0.0,0.0,0.0,371064.0,0.0,4809412.0,364628.0,366209.0,4752321.0,4970747.0,25559.0,4137275.0,188983.0,295333.0,336.0,369083.0,0.0,690793.0,349704.0,351285.0,684293.0,718282.0,25048.0,176785.0,176332.0,308250.0,272.0,355410.0,0.0,531309.0,213314.0,214895.0,514845.0,552191.0,23903.0,168550.0,170436.0,281060.0,285.0,212805.0,0.0,641814.0,314696.0,316277.0,631098.0,681863.0,24586.0,171994.0,172971.0,288649.0,290.0,102925.0,234099.0,75857,355.6119148297814,570441,2674.1845354735274,531309.0,213314.0,317995.0,497700.0,226765.0,101871.0,10011.0,93,1716,844,216064,972288,335688.0,0,0,0,0.0,0,768,204544,0,0,0,0.0,0,0,0,0.0,0,0,0,3,768,3456,2537.0,50,3,768,2537.0,3456,0,768,0,0,0,0.0,0,0,0,0.0,0,0,0,847,216832,50,768,205312,0.999769406729634
examples/regalloc/468-mbb-std-move-median-to-first-n29-d16.pbqp,29,120,2000,dense,207144.0,107186.0,107662.0,194394.0,211331.0,90451.0,0.0,0.0,0.0,0.0,106230.0,0.0,208271.0,108455.0,108931.0,204342.0,217440.0,2575.0,78897.0,17008.0,28559.0,117.0,105517.0,0.0,136830.0,107031.0,107507.0,135781.0,141187.0,2655.0,16944.0,15674.0,25835.0,95.0,105351.0,0.0,78966.0,55587.0,56035.0,77806.0,87850.0,2743.0,16999.0,15732.0,25044.0,81.0,56771.0,0.0,79715.0,55588.0,56064.0,74813.0,113268.0,2582.0,16240.0,15149.0,27687.0,82.0,22713.0,33112.0,17633,317.21445661755445,134322,2416.428301581305,78966.0,55587.0,23379.0,117693.0,51360.0,25454.0,2908.0,28,335,214,49925,225876,52774.0,0,3,672,1142.0,3048,1718,27077,0,0,0,0.0,0,0,0,0.0,0,0,0,1,208,948,671.0,16,1,208,671.0,948,0,208,0,0,0,0.0,0,0,0,0.0,0,0,0,215,50133,16,1718,27285,0.9996808489418147
examples/regalloc/469-mbb-0-operator-n21-d17.pbqp,21,37,5000,dense,51969.0,36337.0,36625.0,49919.0,54738.0,12414.0,0.0,0.0,0.0,0.0,35628.0,0.0,53104.0,35094.0,35400.0,50505.0,62544.0,1437.0,9925.0,4179.0,8168.0,89.0,34126.0,0.0,45369.0,35036.0,35342.0,43207.0,60699.0,1424.0,5393.0,3900.0,8266.0,59.0,33799.0,0.0,27198.0,17754.0,18060.0,26132.0,35825.0,1663.0,5640.0,4091.0,8243.0,67.0,17759.0,0.0,20784.0,11933.0,12239.0,20398.0,24613.0,1502.0,5708.0,4249.0,9132.0,62.0,7677.0,6025.0,5374,302.69235101948857,40690,2291.8778866734256,27198.0,17754.0,9444.0,56055.0,22191.0,12114.0,1632.0,18,152,90,13410,62516,11948.0,0,9,1047,1165.0,4992,910,3906,0,0,0,0.0,0,0,0,0.0,0,0,0,3,259,1268,720.0,30,3,259,720.0,1268,0,259,0,0,0,0.0,0,0,0,0.0,0,0,0,93,13669,30,910,4165,0.9978052527617236
examples/regalloc/470-cudd-addabs-cudd-addexistabstract-n10-d16.pbqp,10,23,4000,dense,14420.0,10338.0,10474.0,14269.0,18298.0,4353.0,0.0,0.0,0.0,0.0,10420.0,0.0,15538.0,10699.0,10835.0,15086.0,17306.0,745.0,3807.0,2134.0,4096.0,43.0,10625.0,0.0,13311.0,10032.0,10168.0,13075.0,15149.0,742.0,2315.0,1953.0,3905.0,39.0,10364.0,0.0,9786.0,6609.0,6745.0,9631.0,11569.0,730.0,2241.0,1939.0,3813.0,51.0,6963.0,0.0,8620.0,5387.0,5523.0,8394.0,10295.0,757.0,2321.0,2042.0,3861.0,55.0,3307.0,3401.0,2050,310.1830836737782,15969,2416.25056740808,9786.0,6609.0,3177.0,33104.0,10711.0,6774.0,892.0,8,75,41,4523,21700,5216.0,0,1,49,132.0,252,217,2213,0,0,0,0.0,0,0,0,0.0,0,0,0,1,256,1152,367.0,16,1,256,367.0,1152,0,256,0,0,0,0.0,0,0,0,0.0,0,0,0,42,4779,16,217,2469,0.9966520192508893
examples/regalloc/471-cudd-addabs-cudd-addorabstract-n10-d16.pbqp,10,23,4000,dense,14414.0,10178.0,10314.0,14327.0,15958.0,4196.0,0.0,0.0,0.0,0.0,10271.0,0.0,14908.0,10016.0,10152.0,14165.0,17926.0,719.0,3852.0,2070.0,4011.0,43.0,10512.0,0.0,13703.0,10639.0,10775.0,13505.0,14785.0,733.0,2301.0,1947.0,3942.0,69.0,10517.0,0.0,9541.0,6617.0,6753.0,9445.0,11354.0,774.0,2347.0,2164.0,3949.0,72.0,7122.0,0.0,8839.0,5547.0,5683.0,8632.0,10605.0,730.0,2247.0,2014.0,3951.0,41.0,3327.0,3409.0,2050,309.80807012241195,15969,2413.329303309657,9541.0,6617.0,2924.0,31482.0,11278.0,6672.0,830.0,8,75,41,4523,21700,5446.0,0,1,49,118.0,252,217,2213,0,0,0,0.0,0,0,0,0.0,0,0,0,1,256,1152,386.0,16,1,256,386.0,1152,0,256,0,0,0,0.0,0,0,0,0.0,0,0,0,42,4779,16,217,2469,0.9966520192508893
examples/regalloc/472-cudd-addabs-cudd-addunivabstract-n10-d16.pbqp,10,23,4000,dense,14678.0,10571.0,10707.0,14353.0,16531.0,4320.0,0.0,0.0,0.0,0.0,10840.0,0.0,14650.0,10215.0,10351.0,14138.0,17012.0,732.0,3532.0,1992.0,3864.0,70.0,10312.0,0.0,13259.0,9692.0,9828.0,12363.0,14467.0,743.0,2160.0,1962.0,3674.0,69.0,9957.0,0.0,10218.0,6971.0,7107.0,10020.0,12121.0,759.0,2325.0,2076.0,3894.0,64.0,7417.0,0.0,8804.0,5677.0,5813.0,8394.0,10006.0,759.0,2423.0,2002.0,3918.0,50.0,3426.0,3542.0,2050,294.0754554583274,15969,2290.7760722995267,10218.0,6971.0,3247.0,30823.0,10992.0,6709.0,844.0,8,75,41,4523,21700,5933.0,0,1,49,128.0,252,217,2213,0,0,0,0.0,0,0,0,0.0,0,0,0,1,256,1152,468.0,16,1,256,468.0,1152,0,256,0,0,0,0.0,0,0,0,0.0,0,0,0,42,4779,16,217,2469,0.9966520192508893
examples/regalloc/473-cudd-addabs-cuddaddexistabstractrecur-n34-d16.pbqp,34,135,32006,dense,153232.0,34445.0,34973.0,149581.0,159445.0,118797.0,0.0,0.0,0.0,0.0,34389.0,0.0,159661.0,34583.0,35144.0,158017.0,170519.0,3163.0,111698.0,22880.0,22823.0,108.0,35018.0,0.0,53061.0,31522.0,32083.0,52585.0,55510.0,3169.0,22317.0,22656.0,21827.0,84.0,31608.0,0.0,45017.0,23616.0,24177.0,43270.0,49396.0,3160.0,21819.0,21763.0,20810.0,114.0,24229.0,0.0,55456.0,32232.0,32793.0,53330.0,62223.0,3265.0,23180.0,23970.0,21985.0,134.0,15669.0,24666.0,6889,291.7090108401084,56104,2375.6775067750677,45017.0,23616.0,21401.0,82753.0,28119.0,21462.0,2511.0,33,290,158,14602,70784,32666.0,0,2,98,331.0,504,413,12124,0,0,0,0.0,0,0,0,0.0,0,0,0,2,98,504,500.0,20,2,98,500.0,504,0,98,0,0,0,0.0,0,0,0,0.0,0,0,0,160,14700,20,413,12222,0.998639455782313
examples/regalloc/474-cudd-addabs-cuddaddexistabstractrecur-n37-d16-r1.pbqp,37,138,11000,dense,187269.0,37753.0,38365.0,176377.0,224259.0,139531.0,0.0,0.0,0.0,0.0,37983.0,0.0,182297.0,38584.0,39196.0,179341.0,202883.0,3683.0,136712.0,28104.0,26590.0,131.0,39852.0,0.0,60047.0,34466.0,35150.0,59285.0,64369.0,3551.0,25119.0,26703.0,24756.0,135.0,35403.0,0.0,66693.0,29525.0,30245.0,57644.0,77535.0,3544.0,25650.0,26411.0,23128.0,134.0,27814.0,0.0,71012.0,39521.0,40133.0,67048.0,124552.0,3794.0,26301.0,27636.0,24810.0,106.0,16570.0,28164.0,7724,261.6088060965284,63011,2134.1574936494494,66693.0,29525.0,37168.0,90222.0,31397.0,22307.0,2584.0,36,310,161,16527,79668,37088.0,0,2,98,381.0,504,413,13671,0,0,0,0.0,0,0,0,0.0,0,0,0,2,161,792,615.0,25,2,161,615.0,792,0,161,0,0,0,0.0,0,0,0,0.0,0,0,0,163,16688,25,413,13832,0.9985019175455417
examples/regalloc/475-cudd-addabs-cuddaddorabstractrecur-n29-d16.pbqp,29,138,31011,dense,136762.0,27624.0,28100.0,136143.0,147947.0,106881.0,0.0,0.0,0.0,0.0,28111.0,0.0,131998.0,26446.0,26922.0,130125.0,141380.0,2904.0,100986.0,20456.0,22693.0,99.0,28699.0,0.0,48463.0,27345.0,27821.0,46685.0,51195.0,2858.0,18780.0,19429.0,20523.0,98.0,27464.0,0.0,41718.0,20789.0,21265.0,41010.0,42529.0,3190.0,19134.0,20109.0,20629.0,122.0,21468.0,0.0,53467.0,32288.0,32848.0,51032.0,65282.0,2895.0,18997.0,20022.0,20656.0,105.0,14355.0,25767.0,6294,302.75626533262783,52771,2538.4097359180337,41718.0,20789.0,20929.0,77373.0,25045.0,20249.0,2327.0,28,284,142,13055,63264,35069.0,0,0,0,0.0,0,49,12761,0,0,0,0.0,0,0,0,0.0,0,0,0,1,49,252,325.0,13,1,49,325.0,252,0,49,0,0,0,0.0,0,0,0,0.0,0,0,0,143,13104,13,49,12810,0.9990079365079365
examples/regalloc/476-cudd-addabs-cuddaddorabstractrecur-n30-d16-r1.pbqp,30,127,9000,dense,142278.0,30390.0,30883.0,135139.0,150927.0,102698.0,0.0,0.0,0.0,0.0,30452.0,0.0,138384.0,31071.0,31564.0,136501.0,148112.0,2753.0,95344.0,21419.0,21558.0,105.0,30193.0,0.0,52486.0,30372.0,30865.0,50273.0,58180.0,2894.0,19567.0,21026.0,20552.0,108.0,30722.0,0.0,43024.0,21418.0,21911.0,40054.0,47630.0,3301.0,21804.0,22896.0,23689.0,164.0,28690.0,0.0,58366.0,34422.0,34915.0,54932.0,65896.0,2964.0,19711.0,21132.0,21747.0,112.0,14022.0,25960.0,6937,323.88645064898685,57745,2696.0967410589224,43024.0,21418.0,21606.0,73676.0,25759.0,17929.0,2042.0,29,280,140,14817,71268,34164.0,0,0,0,0.0,0,112,13137,0,0,0,0.0,0,0,0,0.0,0,0,0,1,256,1152,550.0,31,1,256,550.0,1152,0,256,0,0,0,0.0,0,0,0,0.0,0,0,0,141,15073,31,112,13393,0.9979433424003185
examples/regalloc/477-cudd-addabs-cuddaddunivabstractrecur-n37-d16.pbqp,37,147,32010,dense,186244.0,36421.0,37033.0,183835.0,194245.0,156719.0,0.0,0.0,0.0,0.0,37660.0,0.0,206003.0,36746.0,37358.0,189331.0,244176.0,3467.0,140872.0,27132.0,25732.0,135.0,37805.0,0.0,60614.0,34683.0,35295.0,59269.0,67027.0,3705.0,26670.0,27953.0,26191.0,123.0,36180.0,0.0,53976.0,25788.0,26472.0,51299.0,59938.0,3660.0,26793.0,27427.0,24300.0,104.0,26232.0,0.0,67249.0,37976.0,38588.0,62685.0,79807.0,4179.0,27633.0,28629.0,27388.0,196.0,19071.0,31642.0,7642,296.3393826586009,62335,2417.2095548317047,53976.0,25788.0,28188.0,86691.0,29737.0,23184.0,2575.0,36,314,170,16378,79100,40313.0,0,2,98,436.0,504,413,13900,0,0,0,0.0,0,0,0,0.0,0,0,0,2,98,504,651.0,20,2,98,651.0,504,0,98,0,0,0,0.0,0,0,0,0.0,0,0,0,172,16476,20,413,13998,0.9987861131342559
examples/regalloc/478-cudd-addabs-cuddaddunivabstractrecur-n40-d16-r1.pbqp,40,150,11000,dense,217376.0,42300.0,43041.0,212187.0,224295.0,180552.0,0.0,0.0,0.0,0.0,44221.0,0.0,218515.0,42176.0,42839.0,217057.0,243661.0,3898.0,165139.0,31793.0,28965.0,170.0,42914.0,0.0,75607.0,37406.0,38069.0,65917.0,91350.0,3868.0,28763.0,30592.0,26857.0,148.0,38883.0,0.0,65060.0,28159.0,28822.0,59701.0,94601.0,3893.0,28600.0,30436.0,24130.0,120.0,28412.0,0.0,68027.0,39094.0,39757.0,64708.0,71644.0,3968.0,28996.0,30810.0,25144.0,139.0,16408.0,28819.0,8477,301.04051990482617,69242,2458.965162115132,65060.0,28159.0,36901.0,93588.0,32753.0,25073.0,2611.0,39,334,173,18303,87984,41993.0,0,2,98,427.0,504,413,15447,0,0,0,0.0,0,0,0,0.0,0,0,0,2,161,792,650.0,25,2,161,650.0,792,0,161,0,0,0,0.0,0,0,0,0.0,0,0,0,175,18464,25,413,15608,0.998646013864818
examples/regalloc/479-cudd-bddabs-cudd-bddbooleandiff-n9-d16.pbqp,9,19,4000,dense,13831.0,10020.0,10156.0,13448.0,15561.0,3961.0,0.0,0.0,0.0,0.0,10244.0,0.0,14140.0,9954.0,10090.0,13979.0,15920.0,659.0,2925.0,1583.0,3564.0,55.0,9790.0,0.0,12143.0,9311.0,9447.0,12009.0,13401.0,672.0,1920.0,1650.0,3711.0,61.0,9526.0,0.0,9118.0,6289.0,6425.0,8871.0,11126.0,715.0,1965.0,1695.0,3629.0,39.0,6683.0,0.0,8325.0,5322.0,5458.0,8201.0,10305.0,730.0,2261.0,1670.0,4053.0,67.0,3314.0,2741.0,1913,304.18190491334076,14876,2365.399904595325,9118.0,6289.0,2829.0,31418.0,10622.0,7227.0,1011.0,8,70,41,4067,19672,4783.0,0,7,343,495.0,1764,266,1463,0,0,0,0.0,0,0,0,0.0,0,0,0,2,305,1404,582.0,23,2,305,582.0,1404,0,305,0,0,0,0.0,0,0,0,0.0,0,0,0,43,4372,23,266,1768,0.9947392497712717
examples/regalloc/480-cudd-bddabs-cudd-bddexistabstract-n10-d16.pbqp,10,24,4000,dense,11747.0,8221.0,8374.0,11672.0,13676.0,4169.0,0.0,0.0,0.0,0.0,8711.0,0.0,12025.0,7949.0,8102.0,11811.0,13886.0,722.0,3816.0,2071.0,3765.0,55.0,8414.0,0.0,10595.0,7831.0,7975.0,10267.0,11711.0,727.0,2161.0,1986.0,3496.0,35.0,8002.0,0.0,8492.0,5572.0,5725.0,7871.0,11635.0,806.0,2334.0,2074.0,3535.0,69.0,5951.0,0.0,8119.0,5394.0,5547.0,7824.0,9376.0,768.0,2242.0,1925.0,3460.0,66.0,2827.0,3587.0,1749,313.8908829863604,13529,2428.033022254128,8492.0,5572.0,2920.0,31500.0,11009.0,7296.0,1018.0,9,73,33,3813,18184,5267.0,0,1,49,125.0,252,154,2511,0,0,0,0.0,0,0,0,0.0,0,0,0,1,112,540,240.0,16,1,112,240.0,540,0,112,0,0,0,0.0,0,0,0,0.0,0,0,0,34,3925,16,154,2623,0.9959235668789809
examples/regalloc/481-cudd-bddabs-cudd-bddexistabstractlimit-n13-d16.pbqp,13,43,5000,dense,21119.0,12523.0,12727.0,20963.0,24438.0,8246.0,0.0,0.0,0.0,0.0,12949.0,0.0,23379.0,13302.0,13506.0,22572.0,29395.0,1023.0,9440.0,4075.0,7331.0,42.0,14579.0,0.0,18486.0,13752.0,13956.0,17756.0,19718.0,993.0,4066.0,3689.0,6040.0,80.0,13714.0,0.0,14691.0,9759.0,9963.0,14470.0,16784.0,990.0,4118.0,3540.0,5618.0,61.0,9776.0,0.0,16594.0,11067.0,11271.0,15890.0,20828.0,1004.0,4113.0,3549.0,6634.0,74.0,5141.0,7488.0,2975,304.8468080745978,23586,2416.845988318475,14691.0,9759.0,4932.0,44247.0,16128.0,10163.0,1382.0,12,117,58,6523,31180,10688.0,0,1,49,123.0,252,196,4549,0,0,0,0.0,0,0,0,0.0,0,0,0,1,208,948,505.0,18,1,208,505.0,948,0,208,0,0,0,0.0,0,0,0,0.0,0,0,0,59,6731,18,196,4757,0.9973258059723666
examples/regalloc/482-cudd-bddabs-cudd-bddunivabstract-n11-d16.pbqp,11,26,4000,dense,16165.0,11061.0,11231.0,15903.0,21074.0,5241.0,0.0,0.0,0.0,0.0,11253.0,0.0,16381.0,10683.0,10853.0,15889.0,18398.0,792.0,3950.0,2143.0,4404.0,60.0,10693.0,0.0,14610.0,10722.0,10892.0,14213.0,15538.0,815.0,2618.0,2267.0,4442.0,64.0,10967.0,0.0,10528.0,7352.0,7522.0,10351.0,12190.0,763.0,2489.0,2120.0,3873.0,54.0,7340.0,0.0,10899.0,7169.0,7339.0,10651.0,12340.0,851.0,2757.0,2359.0,4662.0,64.0,3899.0,4601.0,2214,301.1425462459195,17102,2326.169749727965,10528.0,7352.0,3176.0,33869.0,13325.0,8704.0,992.0,10,89,48,4674,22540,6889.0,0,16,784,820.0,4032,266,2637,0,0,0,0.0,0,0,0,0.0,0,0,0,2,224,1080,581.0,32,2,224,581.0,1080,0,224,0,0,0,0.0,0,0,0,0.0,0,0,0,50,4898,32,266,2861,0.9934667211106574
examples/regalloc/483-cudd-bddabs-cudd-bddvarisdependent-n17-d16.pbqp,17,85,27018,dense,41420.0,15753.0,16025.0,39097.0,47127.0,24466.0,0.0,0.0,0.0,0.0,16593.0,0.0,42739.0,15920.0,16192.0,41630.0,53449.0,1382.0,26474.0,7352.0,9711.0,84.0,16375.0,0.0,23669.0,16098.0,16370.0,23260.0,26481.0,1425.0,7445.0,6989.0,9329.0,67.0,16644.0,0.0,21228.0,12778.0,13050.0,20555.0,23062.0,1441.0,7483.0,6994.0,9011.0,88.0,13060.0,0.0,26605.0,18433.0,18705.0,26061.0,32001.0,1426.0,7254.0,6951.0,9123.0,89.0,7740.0,14374.0,3903,305.4468617937079,32602,2551.4164971043983,21228.0,12778.0,8450.0,47989.0,16890.0,12194.0,1320.0,16,178,89,8058,39236,18990.0,0,0,0,0.0,0,49,7386,0,0,0,0.0,0,0,0,0.0,0,0,0,1,112,540,295.0,7,1,112,295.0,540,0,112,0,0,0,0.0,0,0,0,0.0,0,0,0,90,8170,7,49,7498,0.9991432068543452
examples/regalloc/484-cudd-bddabs-cudd-bddvarisdependent-n19-d16-r1.pbqp,19,87,7000,dense,54424.0,19125.0,19413.0,52950.0,62503.0,31860.0,0.0,0.0,0.0,0.0,18868.0,0.0,55550.0,19609.0,19915.0,53557.0,72654.0,2112.0,46062.0,10209.0,12295.0,83.0,31842.0,0.0,28163.0,18359.0,18647.0,27441.0,28521.0,1920.0,9132.0,9151.0,12897.0,102.0,23327.0,0.0,23168.0,14787.0,15093.0,22672.0,25103.0,1621.0,8923.0,8506.0,10498.0,53.0,15199.0,0.0,31496.0,20719.0,21025.0,30259.0,37103.0,1784.0,9169.0,9041.0,10888.0,67.0,9100.0,17191.0,4512,305.13288699533376,37829,2558.2606343409752,23168.0,14787.0,8381.0,54978.0,19381.0,13139.0,1509.0,18,191,91,9513,45856,22239.0,0,0,0,0.0,0,49,8841,0,0,0,0.0,0,0,0,0.0,0,0,0,1,112,540,372.0,18,1,112,372.0,540,0,112,0,0,0,0.0,0,0,0,0.0,0,0,0,92,9625,18,49,8953,0.9981298701298701
examples/regalloc/485-cudd-bddabs-cudd-bddxorexistabstract-n11-d16.pbqp,11,31,5000,dense,13775.0,9030.0,9200.0,13613.0,17359.0,5109.0,0.0,0.0,0.0,0.0,9071.0,0.0,14868.0,9172.0,9342.0,14505.0,17167.0,863.0,5606.0,2526.0,4337.0,57.0,9562.0,0.0,12128.0,9199.0,9369.0,11936.0,13231.0,845.0,3046.0,2477.0,4535.0,43.0,9529.0,0.0,10349.0,6608.0,6778.0,9974.0,12600.0,810.0,2844.0,2432.0,4125.0,79.0,6629.0,0.0,9540.0,6491.0,6661.0,9385.0,11421.0,927.0,3014.0,2393.0,4597.0,94.0,3581.0,4730.0,2011,304.32808716707024,15710,2377.4213075060534,10349.0,6608.0,3741.0,33605.0,11601.0,9002.0,1078.0,10,87,40,4345,20812,6758.0,0,1,49,119.0,252,154,3043,0,0,0,0.0,0,0,0,0.0,0,0,0,1,112,540,271.0,16,1,112,271.0,540,0,112,0,0,0,0.0,0,0,0,0.0,0,0,0,41,4457,16,154,3155,0.9964101413506843
examples/regalloc/486-cudd-bddabs-cuddbddbooleandiffrecur-n19-d16.pbqp,19,81,27015,dense,56170.0,27231.0,27537.0,53154.0,65685.0,34136.0,0.0,0.0,0.0,0.0,26465.0,0.0,57374.0,23939.0,24245.0,55598.0,68846.0,1588.0,29737.0,7936.0,12433.0,74.0,24209.0,0.0,33264.0,22646.0,22952.0,32342.0,35949.0,1568.0,8450.0,7752.0,12457.0,90.0,23592.0,0.0,28656.0,15613.0,15919.0,26285.0,32113.0,1536.0,8110.0,7318.0,11148.0,61.0,15778.0,0.0,31981.0,20964.0,21270.0,30999.0,35447.0,1719.0,8753.0,7922.0,12425.0,79.0,9822.0,15485.0,4894,313.45673477230514,39107,2504.7716646384424,28656.0,15613.0,13043.0,55865.0,21485.0,13139.0,1785.0,18,194,104,10993,52664,20105.0,0,8,784,833.0,3808,315,7423,0,0,0,0.0,0,0,0,0.0,0,0,0,1,256,1152,571.0,16,1,256,571.0,1152,0,256,0,0,0,0.0,0,0,0,0.0,0,0,0,105,11249,16,315,7679,0.9985776513467863
examples/regalloc/487-cudd-bddabs-cuddbddbooleandiffrecur-n20-d16-r1.pbqp,20,76,7000,dense,60365.0,26300.0,26623.0,58275.0,69816.0,32487.0,0.0,0.0,0.0,0.0,26150.0,0.0,59795.0,25838.0,26161.0,58082.0,67274.0,1702.0,32158.0,9579.0,13056.0,63.0,26192.0,0.0,35507.0,23461.0,23784.0,33872.0,39464.0,1728.0,9076.0,8628.0,12233.0,75.0,24600.0,0.0,25351.0,16582.0,16905.0,24801.0,30777.0,2099.0,9400.0,9399.0,14065.0,157.0,25489.0,0.0,32230.0,20398.0,20721.0,29992.0,35651.0,1718.0,8986.0,8557.0,11271.0,64.0,9102.0,14468.0,5006,301.89361958750453,40471,2440.658545410686,25351.0,16582.0,8769.0,60736.0,21758.0,14402.0,1787.0,19,184,99,11266,53772,19212.0,0,8,784,734.0,3808,315,7696,0,0,0,0.0,0,0,0,0.0,0,0,0,1,256,1152,580.0,31,1,256,580.0,1152,0,256,0,0,0,0.0,0,0,0,0.0,0,0,0,100,11522,31,315,7952,0.9973094948793613
examples/regalloc/488-cudd-bddabs-cuddbddexistabstractrecur-n37-d16.pbqp,37,216,41250,dense,296767.0,47051.0,47663.0,282252.0,301756.0,241408.0,0.0,0.0,0.0,0.0,48760.0,0.0,295298.0,45728.0,46448.0,283279.0,308363.0,4593.0,228753.0,32532.0,42212.0,109.0,49140.0,0.0,80441.0,42741.0,43353.0,78875.0,84329.0,4695.0,29994.0,30450.0,36858.0,112.0,45118.0,0.0,72672.0,34222.0,34834.0,67009.0,101366.0,4600.0,29947.0,30116.0,35290.0,116.0,35397.0,0.0,95792.0,53590.0,54202.0,90756.0,112701.0,4474.0,28904.0,30188.0,36903.0,123.0,21902.0,40573.0,10649,311.1740985331074,89074,2602.8285897960377,72672.0,34222.0,38450.0,124690.0,42924.0,28957.0,3096.0,36,458,229,22493,108736,55128.0,0,0,0,0.0,0,112,20813,0,0,0,0.0,0,0,0,0.0,0,0,0,1,256,1152,665.0,16,1,256,665.0,1152,0,256,0,0,0,0.0,0,0,0,0.0,0,0,0,230,22749,16,112,21069,0.9992966723812036
examples/regalloc/489-cudd-bddabs-cuddbddexistabstractrecur-n37-d16-r1.pbqp,37,188,9000,dense,266237.0,44919.0,45531.0,255312.0,384081.0,237854.0,0.0,0.0,0.0,0.0,48439.0,0.0,280482.0,47062.0,47674.0,277716.0,400527.0,4182.0,218301.0,33708.0,37558.0,161.0,46240.0,0.0,82036.0,43410.0,44022.0,81145.0,138484.0,4102.0,28149.0,29508.0,32644.0,127.0,42389.0,0.0,64699.0,32937.0,33549.0,63338.0,82391.0,4417.0,29425.0,30685.0,32623.0,112.0,34941.0,0.0,88633.0,48613.0,49225.0,78235.0,96933.0,4062.0,29013.0,31133.0,32610.0,146.0,19954.0,37394.0,10152,308.22479278622825,85195,2586.6047302425845,64699.0,32937.0,31762.0,98684.0,36811.0,24641.0,2829.0,36,402,201,21765,104624,51087.0,0,0,0,0.0,0,112,20085,0,0,0,0.0,0,0,0,0.0,0,0,0,1,256,1152,649.0,31,1,256,649.0,1152,0,256,0,0,0,0.0,0,0,0,0.0,0,0,0,202,22021,31,112,20341,0.9985922528495527
examples/regalloc/490-cudd-bddabs-cuddbddxorexistabstractrecur-n38-d16.pbqp,38,328,73248,dense,443340.0,77837.0,78466.0,440566.0,476735.0,385452.0,0.0,0.0,0.0,0.0,79943.0,0.0,446688.0,76152.0,76892.0,442760.0,483121.0,5754.0,342164.0,34912.0,61600.0,108.0,77955.0,0.0,126239.0,67270.0,67899.0,121144.0,136316.0,5572.0,33873.0,32662.0,57642.0,125.0,70243.0,0.0,104900.0,48793.0,49422.0,100930.0,121224.0,5527.0,32447.0,31323.0,53789.0,102.0,48106.0,0.0,146914.0,85216.0,85845.0,141617.0,157361.0,5278.0,31882.0,30877.0,53529.0,106.0,32929.0,65164.0,15019,307.81054659479844,121070,2481.298546922714,104900.0,48793.0,56107.0,164697.0,64078.0,35929.0,3559.0,37,673,333,33783,162092,88386.0,0,1,112,362.0,540,112,32247,0,0,0,0.0,0,0,0,0.0,0,0,0,0,0,0,0.0,0,0,0,0.0,0,0,0,0,0,0,0.0,0,0,0,0.0,0,0,0,333,33783,0,112,32247,1.0
examples/regalloc/491-cudd-bddabs-cuddbddxorexistabstractrecur-n53-d16-r1.pbqp,53,295,21060,dense,707965.0,97005.0,97889.0,694934.0,730490.0,623704.0,0.0,0.0,0.0,0.0,99440.0,0.0,750048.0,96218.0,97102.0,721458.0,758458.0,7771.0,565130.0,66720.0,75270.0,175.0,98739.0,0.0,165777.0,81299.0,82183.0,155994.0,172017.0,7673.0,54135.0,57726.0,66421.0,129.0,82904.0,0.0,132960.0,58878.0,59762.0,129700.0,148533.0,7846.0,55103.0,59611.0,67994.0,159.0,57337.0,0.0,172178.0,91635.0,92675.0,166163.0,202442.0,7652.0,55723.0,59474.0,67872.0,147.0,34582.0,67569.0,18272,310.33662828221065,146370,2485.987975135025,132960.0,58878.0,74082.0,168697.0,62523.0,43682.0,4767.0,52,616,309,44445,207680,95354.0,0,1,256,482.0,1152,256,40605,0,0,0,0.0,0,0,0,0.0,0,0,0,0,0,0,0.0,0,0,0,0.0,0,0,0,0,0,0,0.0,0,0,0,0.0,0,0,0,309,44445,0,256,40605,1.0
