input,m,n,column_stride,class,changed,add3,calls,ns
examples/regalloc/001-instcombine-foldaddtoashr-n87-d16.pbqp,15,16,1,0,false,true,14,1948.0
examples/regalloc/001-instcombine-foldaddtoashr-n87-d16.pbqp,16,15,1,0,false,true,14,1875.0
examples/regalloc/001-instcombine-foldaddtoashr-n87-d16.pbqp,7,16,16,0,false,true,150,12614.0
examples/regalloc/001-instcombine-foldaddtoashr-n87-d16.pbqp,7,16,16,0,false,false,16,4834.0
examples/regalloc/001-instcombine-foldaddtoashr-n87-d16.pbqp,7,15,16,0,false,true,44,4095.0
examples/regalloc/001-instcombine-foldaddtoashr-n87-d16.pbqp,7,16,16,0,true,false,5,1607.0
examples/regalloc/001-instcombine-foldaddtoashr-n87-d16.pbqp,13,14,1,0,false,true,7,902.0
examples/regalloc/001-instcombine-foldaddtoashr-n87-d16.pbqp,7,13,16,0,true,false,1,387.0
examples/regalloc/001-instcombine-foldaddtoashr-n87-d16.pbqp,16,7,1,0,true,false,3,959.0
examples/regalloc/001-instcombine-foldaddtoashr-n87-d16.pbqp,16,16,16,0,false,false,10,4555.0
examples/regalloc/001-instcombine-foldaddtoashr-n87-d16.pbqp,7,16,16,0,true,true,16,1362.0
examples/regalloc/001-instcombine-foldaddtoashr-n87-d16.pbqp,16,16,1,0,false,true,14,1931.0
examples/regalloc/001-instcombine-foldaddtoashr-n87-d16.pbqp,16,16,1,0,false,false,5,2000.0
examples/regalloc/001-instcombine-foldaddtoashr-n87-d16.pbqp,16,7,1,0,false,false,40,12795.0
examples/regalloc/001-instcombine-foldaddtoashr-n87-d16.pbqp,16,15,1,0,false,false,4,1801.0
examples/regalloc/001-instcombine-foldaddtoashr-n87-d16.pbqp,15,7,1,0,false,false,11,3042.0
examples/regalloc/001-instcombine-foldaddtoashr-n87-d16.pbqp,15,15,1,0,false,false,1,426.0
examples/regalloc/001-instcombine-foldaddtoashr-n87-d16.pbqp,16,15,16,0,false,false,6,3081.0
examples/regalloc/001-instcombine-foldaddtoashr-n87-d16.pbqp,15,16,16,0,false,false,3,1311.0
examples/regalloc/001-instcombine-foldaddtoashr-n87-d16.pbqp,15,7,16,0,false,false,1,319.0
examples/regalloc/001-instcombine-foldaddtoashr-n87-d16.pbqp,7,7,16,0,true,false,2,578.0
examples/regalloc/001-instcombine-foldaddtoashr-n87-d16.pbqp,7,7,1,0,true,false,2,562.0
examples/regalloc/001-instcombine-foldaddtoashr-n87-d16.pbqp,7,7,16,0,false,false,14,3515.0
examples/regalloc/001-instcombine-foldaddtoashr-n87-d16.pbqp,7,15,16,0,false,false,6,1878.0
examples/regalloc/001-instcombine-foldaddtoashr-n87-d16.pbqp,7,7,1,0,false,false,8,1912.0
examples/regalloc/001-instcombine-foldaddtoashr-n87-d16.pbqp,16,7,16,0,false,false,1,390.0
examples/regalloc/001-instcombine-foldaddtoashr-n87-d16.pbqp,7,15,1,0,false,true,7,730.0
examples/regalloc/001-instcombine-foldaddtoashr-n87-d16.pbqp,7,7,16,0,false,true,7,722.0
examples/regalloc/001-instcombine-foldaddtoashr-n87-d16.pbqp,7,7,1,0,false,true,21,2070.0
examples/regalloc/001-instcombine-foldaddtoashr-n87-d16.pbqp,7,7,1,2,true,false,1,364.0
examples/regalloc/001-instcombine-foldaddtoashr-n87-d16.pbqp,7,7,16,2,true,false,1,266.0
examples/regalloc/001-instcombine-foldaddtoashr-n87-d16.pbqp,15,7,1,0,true,false,1,374.0
examples/regalloc/002-instcombine-foldnowrapadd-n114-d16.pbqp,13,15,1,0,false,true,7,1219.0
examples/regalloc/002-instcombine-foldnowrapadd-n114-d16.pbqp,7,13,16,0,true,false,1,334.0
examples/regalloc/002-instcombine-foldnowrapadd-n114-d16.pbqp,7,13,16,0,false,true,7,669.0
examples/regalloc/002-instcombine-foldnowrapadd-n114-d16.pbqp,16,7,1,0,false,false,183,56378.0
examples/regalloc/002-instcombine-foldnowrapadd-n114-d16.pbqp,16,7,16,0,false,false,6,2055.0
examples/regalloc/002-instcombine-foldnowrapadd-n114-d16.pbqp,16,16,16,0,false,false,4,2488.0
examples/regalloc/002-instcombine-foldnowrapadd-n114-d16.pbqp,14,7,1,0,false,false,29,8373.0
examples/regalloc/002-instcombine-foldnowrapadd-n114-d16.pbqp,14,12,16,0,false,false,2,783.0
examples/regalloc/002-instcombine-foldnowrapadd-n114-d16.pbqp,12,7,1,0,false,false,29,7637.0
examples/regalloc/002-instcombine-foldnowrapadd-n114-d16.pbqp,13,7,1,0,false,false,51,13561.0
examples/regalloc/002-instcombine-foldnowrapadd-n114-d16.pbqp,7,7,1,0,false,false,80,18779.0
examples/regalloc/002-instcombine-foldnowrapadd-n114-d16.pbqp,7,16,16,0,false,false,13,4202.0
examples/regalloc/002-instcombine-foldnowrapadd-n114-d16.pbqp,16,10,16,0,false,false,3,1347.0
examples/regalloc/002-instcombine-foldnowrapadd-n114-d16.pbqp,10,7,1,0,false,false,15,3556.0
examples/regalloc/002-instcombine-foldnowrapadd-n114-d16.pbqp,7,7,16,0,false,false,23,6248.0
examples/regalloc/002-instcombine-foldnowrapadd-n114-d16.pbqp,16,12,16,0,false,false,7,3310.0
examples/regalloc/002-instcombine-foldnowrapadd-n114-d16.pbqp,7,13,16,0,false,false,6,1970.0
examples/regalloc/002-instcombine-foldnowrapadd-n114-d16.pbqp,16,16,1,0,false,false,2,1329.0
examples/regalloc/002-instcombine-foldnowrapadd-n114-d16.pbqp,16,14,1,0,false,false,4,1941.0
examples/regalloc/002-instcombine-foldnowrapadd-n114-d16.pbqp,15,14,1,0,false,false,1,473.0
examples/regalloc/002-instcombine-foldnowrapadd-n114-d16.pbqp,15,7,1,0,false,false,38,11078.0
examples/regalloc/002-instcombine-foldnowrapadd-n114-d16.pbqp,15,16,16,0,false,false,3,1646.0
examples/regalloc/002-instcombine-foldnowrapadd-n114-d16.pbqp,7,14,16,0,false,false,5,1570.0
examples/regalloc/002-instcombine-foldnowrapadd-n114-d16.pbqp,14,7,16,0,false,false,1,427.0
examples/regalloc/002-instcombine-foldnowrapadd-n114-d16.pbqp,16,15,16,0,false,false,2,1193.0
examples/regalloc/002-instcombine-foldnowrapadd-n114-d16.pbqp,15,7,16,0,false,false,1,324.0
examples/regalloc/002-instcombine-foldnowrapadd-n114-d16.pbqp,15,13,16,0,false,false,1,523.0
examples/regalloc/002-instcombine-foldnowrapadd-n114-d16.pbqp,16,13,16,0,false,false,5,2426.0
examples/regalloc/002-instcombine-foldnowrapadd-n114-d16.pbqp,16,11,16,0,false,false,5,2134.0
examples/regalloc/002-instcombine-foldnowrapadd-n114-d16.pbqp,16,14,16,0,false,false,5,2420.0
examples/regalloc/002-instcombine-foldnowrapadd-n114-d16.pbqp,13,12,16,0,false,false,5,2172.0
examples/regalloc/002-instcombine-foldnowrapadd-n114-d16.pbqp,13,11,16,0,false,false,5,1910.0
examples/regalloc/002-instcombine-foldnowrapadd-n114-d16.pbqp,13,14,16,0,false,false,5,2062.0
examples/regalloc/002-instcombine-foldnowrapadd-n114-d16.pbqp,12,11,16,0,false,false,5,1947.0
examples/regalloc/002-instcombine-foldnowrapadd-n114-d16.pbqp,12,14,16,0,false,false,5,1876.0
examples/regalloc/002-instcombine-foldnowrapadd-n114-d16.pbqp,11,7,1,0,false,false,15,3646.0
examples/regalloc/002-instcombine-foldnowrapadd-n114-d16.pbqp,11,14,16,0,false,false,5,1861.0
examples/regalloc/002-instcombine-foldnowrapadd-n114-d16.pbqp,7,7,1,0,true,false,1,267.0
examples/regalloc/002-instcombine-foldnowrapadd-n114-d16.pbqp,15,15,16,0,false,false,3,1571.0
examples/regalloc/002-instcombine-foldnowrapadd-n114-d16.pbqp,7,12,16,0,false,false,4,1217.0
examples/regalloc/002-instcombine-foldnowrapadd-n114-d16.pbqp,7,11,16,0,false,false,4,1176.0
examples/regalloc/002-instcombine-foldnowrapadd-n114-d16.pbqp,7,14,16,0,false,true,7,712.0
examples/regalloc/002-instcombine-foldnowrapadd-n114-d16.pbqp,7,7,16,0,true,false,1,291.0
examples/regalloc/003-instcombine-foldnowrapadd-n114-d16-r1.pbqp,13,15,1,0,false,true,7,1145.0
examples/regalloc/003-instcombine-foldnowrapadd-n114-d16-r1.pbqp,7,13,16,0,true,false,1,305.0
examples/regalloc/003-instcombine-foldnowrapadd-n114-d16-r1.pbqp,7,16,16,0,false,true,7,698.0
examples/regalloc/003-instcombine-foldnowrapadd-n114-d16-r1.pbqp,7,13,16,0,false,true,7,656.0
examples/regalloc/003-instcombine-foldnowrapadd-n114-d16-r1.pbqp,14,7,1,0,false,false,18,5044.0
examples/regalloc/003-instcombine-foldnowrapadd-n114-d16-r1.pbqp,14,12,16,0,false,false,2,788.0
examples/regalloc/003-instcombine-foldnowrapadd-n114-d16-r1.pbqp,7,12,16,0,false,true,14,1284.0
examples/regalloc/003-instcombine-foldnowrapadd-n114-d16-r1.pbqp,13,7,1,0,false,false,40,10547.0
examples/regalloc/003-instcombine-foldnowrapadd-n114-d16-r1.pbqp,16,7,1,0,false,false,152,45582.0
examples/regalloc/003-instcombine-foldnowrapadd-n114-d16-r1.pbqp,16,7,16,0,false,false,5,1822.0
examples/regalloc/003-instcombine-foldnowrapadd-n114-d16-r1.pbqp,16,16,16,0,false,false,4,2054.0
examples/regalloc/003-instcombine-foldnowrapadd-n114-d16-r1.pbqp,7,7,1,0,false,false,47,11772.0
examples/regalloc/003-instcombine-foldnowrapadd-n114-d16-r1.pbqp,7,16,16,0,false,false,9,2952.0
examples/regalloc/003-instcombine-foldnowrapadd-n114-d16-r1.pbqp,16,10,16,0,false,false,3,1260.0
examples/regalloc/003-instcombine-foldnowrapadd-n114-d16-r1.pbqp,10,7,1,0,false,false,11,2527.0
examples/regalloc/003-instcombine-foldnowrapadd-n114-d16-r1.pbqp,7,7,16,0,false,false,14,3639.0
examples/regalloc/003-instcombine-foldnowrapadd-n114-d16-r1.pbqp,16,12,16,0,false,false,7,2903.0
examples/regalloc/003-instcombine-foldnowrapadd-n114-d16-r1.pbqp,12,7,1,0,false,false,18,4563.0
examples/regalloc/003-instcombine-foldnowrapadd-n114-d16-r1.pbqp,7,13,16,0,false,false,5,1606.0
examples/regalloc/003-instcombine-foldnowrapadd-n114-d16-r1.pbqp,16,16,1,0,false,false,3,1597.0
examples/regalloc/003-instcombine-foldnowrapadd-n114-d16-r1.pbqp,16,14,1,0,false,false,4,1706.0
examples/regalloc/003-instcombine-foldnowrapadd-n114-d16-r1.pbqp,15,14,1,0,false,false,1,432.0
examples/regalloc/003-instcombine-foldnowrapadd-n114-d16-r1.pbqp,15,7,1,0,false,false,27,7623.0
examples/regalloc/003-instcombine-foldnowrapadd-n114-d16-r1.pbqp,15,16,16,0,false,false,3,1372.0
examples/regalloc/003-instcombine-foldnowrapadd-n114-d16-r1.pbqp,7,15,16,0,false,false,4,1175.0
examples/regalloc/003-instcombine-foldnowrapadd-n114-d16-r1.pbqp,7,14,16,0,false,false,4,1134.0
examples/regalloc/003-instcombine-foldnowrapadd-n114-d16-r1.pbqp,14,7,16,0,false,false,1,392.0
examples/regalloc/003-instcombine-foldnowrapadd-n114-d16-r1.pbqp,16,15,16,0,false,false,2,1082.0
examples/regalloc/003-instcombine-foldnowrapadd-n114-d16-r1.pbqp,15,7,16,0,false,false,1,312.0
examples/regalloc/003-instcombine-foldnowrapadd-n114-d16-r1.pbqp,15,13,16,0,false,false,1,415.0
examples/regalloc/003-instcombine-foldnowrapadd-n114-d16-r1.pbqp,16,13,16,0,false,false,5,2180.0
examples/regalloc/003-instcombine-foldnowrapadd-n114-d16-r1.pbqp,16,11,16,0,false,false,5,1913.0
examples/regalloc/003-instcombine-foldnowrapadd-n114-d16-r1.pbqp,16,14,16,0,false,false,5,2223.0
examples/regalloc/003-instcombine-foldnowrapadd-n114-d16-r1.pbqp,13,12,16,0,false,false,5,1963.0
examples/regalloc/003-instcombine-foldnowrapadd-n114-d16-r1.pbqp,13,11,16,0,false,false,5,1823.0
examples/regalloc/003-instcombine-foldnowrapadd-n114-d16-r1.pbqp,13,14,16,0,false,false,5,1867.0
examples/regalloc/003-instcombine-foldnowrapadd-n114-d16-r1.pbqp,12,11,16,0,false,false,5,1776.0
examples/regalloc/003-instcombine-foldnowrapadd-n114-d16-r1.pbqp,12,14,16,0,false,false,5,1851.0
examples/regalloc/003-instcombine-foldnowrapadd-n114-d16-r1.pbqp,11,7,1,0,false,false,12,2893.0
examples/regalloc/003-instcombine-foldnowrapadd-n114-d16-r1.pbqp,11,14,16,0,false,false,5,1730.0
examples/regalloc/003-instcombine-foldnowrapadd-n114-d16-r1.pbqp,7,14,16,0,false,true,21,2182.0
examples/regalloc/003-instcombine-foldnowrapadd-n114-d16-r1.pbqp,7,7,16,0,true,true,7,617.0
examples/regalloc/003-instcombine-foldnowrapadd-n114-d16-r1.pbqp,15,15,16,0,false,false,3,1244.0
examples/regalloc/003-instcombine-foldnowrapadd-n114-d16-r1.pbqp,7,7,16,0,false,true,7,617.0
examples/regalloc/003-instcombine-foldnowrapadd-n114-d16-r1.pbqp,7,7,16,2,true,true,7,882.0
examples/regalloc/003-instcombine-foldnowrapadd-n114-d16-r1.pbqp,7,12,16,0,false,false,3,849.0
examples/regalloc/003-instcombine-foldnowrapadd-n114-d16-r1.pbqp,7,11,16,0,false,false,3,752.0
examples/regalloc/003-instcombine-foldnowrapadd-n114-d16-r1.pbqp,7,7,1,2,true,false,1,436.0
examples/regalloc/003-instcombine-foldnowrapadd-n114-d16-r1.pbqp,7,7,16,0,true,false,1,292.0
examples/regalloc/004-instcombine-mulwilloverflow-n13-d16.pbqp,15,14,1,0,false,true,14,1463.0
examples/regalloc/004-instcombine-mulwilloverflow-n13-d16.pbqp,16,16,1,0,false,true,32,3260.0
examples/regalloc/004-instcombine-mulwilloverflow-n13-d16.pbqp,16,16,16,0,true,false,2,831.0
examples/regalloc/004-instcombine-mulwilloverflow-n13-d16.pbqp,16,15,1,0,false,false,1,354.0
examples/regalloc/004-instcombine-mulwilloverflow-n13-d16.pbqp,16,14,1,0,false,false,1,317.0
examples/regalloc/004-instcombine-mulwilloverflow-n13-d16.pbqp,16,13,16,0,false,false,1,364.0
examples/regalloc/004-instcombine-mulwilloverflow-n13-d16.pbqp,14,13,16,0,false,true,15,1255.0
examples/regalloc/004-instcombine-mulwilloverflow-n13-d16.pbqp,15,14,1,0,true,false,1,310.0
examples/regalloc/004-instcombine-mulwilloverflow-n13-d16.pbqp,15,16,16,0,false,false,1,426.0
examples/regalloc/004-instcombine-mulwilloverflow-n13-d16.pbqp,15,13,16,0,false,false,1,333.0
examples/regalloc/004-instcombine-mulwilloverflow-n13-d16.pbqp,13,14,1,0,false,true,16,1384.0
examples/regalloc/004-instcombine-mulwilloverflow-n13-d16.pbqp,13,16,1,0,true,false,1,339.0
examples/regalloc/005-instcombine-foldsubofminmax-n88-d17.pbqp,7,16,17,0,false,true,52,4190.0
examples/regalloc/005-instcombine-foldsubofminmax-n88-d17.pbqp,13,14,1,0,false,true,14,1539.0
examples/regalloc/005-instcombine-foldsubofminmax-n88-d17.pbqp,7,13,17,0,true,false,2,568.0
examples/regalloc/005-instcombine-foldsubofminmax-n88-d17.pbqp,16,7,1,0,false,false,132,38209.0
examples/regalloc/005-instcombine-foldsubofminmax-n88-d17.pbqp,15,7,1,0,false,false,12,3203.0
examples/regalloc/005-instcombine-foldsubofminmax-n88-d17.pbqp,11,13,1,0,false,false,2,638.0
examples/regalloc/005-instcombine-foldsubofminmax-n88-d17.pbqp,11,7,1,0,false,false,8,2005.0
examples/regalloc/005-instcombine-foldsubofminmax-n88-d17.pbqp,11,13,17,0,false,false,2,786.0
examples/regalloc/005-instcombine-foldsubofminmax-n88-d17.pbqp,7,13,17,0,false,true,26,1985.0
examples/regalloc/005-instcombine-foldsubofminmax-n88-d17.pbqp,16,13,1,0,false,false,17,6378.0
examples/regalloc/005-instcombine-foldsubofminmax-n88-d17.pbqp,15,13,17,0,false,false,2,897.0
examples/regalloc/005-instcombine-foldsubofminmax-n88-d17.pbqp,13,7,1,0,false,false,6,1631.0
examples/regalloc/005-instcombine-foldsubofminmax-n88-d17.pbqp,7,7,1,0,false,false,34,8369.0
examples/regalloc/005-instcombine-foldsubofminmax-n88-d17.pbqp,12,7,1,0,false,false,6,1452.0
examples/regalloc/005-instcombine-foldsubofminmax-n88-d17.pbqp,12,11,17,0,false,false,2,626.0
examples/regalloc/005-instcombine-foldsubofminmax-n88-d17.pbqp,7,7,17,0,false,false,12,2863.0
examples/regalloc/005-instcombine-foldsubofminmax-n88-d17.pbqp,7,16,1,0,false,false,4,1122.0
examples/regalloc/005-instcombine-foldsubofminmax-n88-d17.pbqp,7,13,1,0,true,false,2,527.0
examples/regalloc/005-instcombine-foldsubofminmax-n88-d17.pbqp,16,7,17,0,false,false,2,671.0
examples/regalloc/005-instcombine-foldsubofminmax-n88-d17.pbqp,16,16,1,0,false,false,31,13099.0
examples/regalloc/005-instcombine-foldsubofminmax-n88-d17.pbqp,16,16,17,0,false,false,11,5057.0
examples/regalloc/005-instcombine-foldsubofminmax-n88-d17.pbqp,7,13,1,0,false,false,6,1817.0
examples/regalloc/005-instcombine-foldsubofminmax-n88-d17.pbqp,7,16,17,0,false,false,27,8025.0
examples/regalloc/005-instcombine-foldsubofminmax-n88-d17.pbqp,13,16,17,0,false,false,5,2139.0
examples/regalloc/005-instcombine-foldsubofminmax-n88-d17.pbqp,16,16,17,0,false,true,16,1813.0
examples/regalloc/005-instcombine-foldsubofminmax-n88-d17.pbqp,16,16,17,0,true,false,1,552.0
examples/regalloc/006-instcombine-factorizefaddfsub-n63-d16.pbqp,7,16,16,0,false,true,42,4067.0
examples/regalloc/006-instcombine-factorizefaddfsub-n63-d16.pbqp,7,7,16,0,false,false,15,3833.0
examples/regalloc/006-instcombine-factorizefaddfsub-n63-d16.pbqp,16,16,1,0,false,false,15,6183.0
examples/regalloc/006-instcombine-factorizefaddfsub-n63-d16.pbqp,16,7,1,0,false,false,123,36400.0
examples/regalloc/006-instcombine-factorizefaddfsub-n63-d16.pbqp,16,16,16,0,false,false,22,9784.0
examples/regalloc/006-instcombine-factorizefaddfsub-n63-d16.pbqp,13,7,1,0,false,false,18,4635.0
examples/regalloc/006-instcombine-factorizefaddfsub-n63-d16.pbqp,14,7,1,0,false,false,1,271.0
examples/regalloc/006-instcombine-factorizefaddfsub-n63-d16.pbqp,14,15,16,0,false,false,1,563.0
examples/regalloc/006-instcombine-factorizefaddfsub-n63-d16.pbqp,14,13,16,0,false,false,1,425.0
examples/regalloc/006-instcombine-factorizefaddfsub-n63-d16.pbqp,13,15,1,0,false,true,7,945.0
examples/regalloc/006-instcombine-factorizefaddfsub-n63-d16.pbqp,7,13,16,0,true,false,1,332.0
examples/regalloc/006-instcombine-factorizefaddfsub-n63-d16.pbqp,16,7,16,0,false,false,9,2987.0
examples/regalloc/006-instcombine-factorizefaddfsub-n63-d16.pbqp,12,7,1,0,false,false,16,4001.0
examples/regalloc/006-instcombine-factorizefaddfsub-n63-d16.pbqp,12,13,1,0,false,false,3,1027.0
examples/regalloc/006-instcombine-factorizefaddfsub-n63-d16.pbqp,7,7,1,0,false,false,33,7905.0
examples/regalloc/006-instcombine-factorizefaddfsub-n63-d16.pbqp,7,13,16,0,false,false,4,1304.0
examples/regalloc/006-instcombine-factorizefaddfsub-n63-d16.pbqp,7,16,16,0,false,false,13,3925.0
examples/regalloc/006-instcombine-factorizefaddfsub-n63-d16.pbqp,7,12,16,0,false,false,3,843.0
examples/regalloc/006-instcombine-factorizefaddfsub-n63-d16.pbqp,7,13,1,0,false,false,1,303.0
examples/regalloc/006-instcombine-factorizefaddfsub-n63-d16.pbqp,13,12,16,0,false,false,1,436.0
examples/regalloc/006-instcombine-factorizefaddfsub-n63-d16.pbqp,7,12,16,0,false,true,7,741.0
examples/regalloc/006-instcombine-factorizefaddfsub-n63-d16.pbqp,13,16,1,0,false,false,1,379.0
examples/regalloc/006-instcombine-factorizefaddfsub-n63-d16.pbqp,7,16,1,0,false,false,4,1242.0
examples/regalloc/006-instcombine-factorizefaddfsub-n63-d16.pbqp,7,7,1,0,true,false,1,249.0
examples/regalloc/006-instcombine-factorizefaddfsub-n63-d16.pbqp,7,7,16,0,true,false,1,295.0
examples/regalloc/007-instcombine-factorizefaddfsub-n63-d16-r1.pbqp,7,16,16,0,false,true,42,3972.0
examples/regalloc/007-instcombine-factorizefaddfsub-n63-d16-r1.pbqp,7,7,16,0,false,false,15,3813.0
examples/regalloc/007-instcombine-factorizefaddfsub-n63-d16-r1.pbqp,16,16,1,0,false,false,15,6373.0
examples/regalloc/007-instcombine-factorizefaddfsub-n63-d16-r1.pbqp,16,7,1,0,false,false,128,36714.0
examples/regalloc/007-instcombine-factorizefaddfsub-n63-d16-r1.pbqp,16,16,16,0,false,false,22,9671.0
examples/regalloc/007-instcombine-factorizefaddfsub-n63-d16-r1.pbqp,13,7,1,0,false,false,17,4364.0
examples/regalloc/007-instcombine-factorizefaddfsub-n63-d16-r1.pbqp,14,7,1,0,false,false,1,273.0
examples/regalloc/007-instcombine-factorizefaddfsub-n63-d16-r1.pbqp,14,15,16,0,false,false,1,519.0
examples/regalloc/007-instcombine-factorizefaddfsub-n63-d16-r1.pbqp,14,13,16,0,false,false,1,386.0
examples/regalloc/007-instcombine-factorizefaddfsub-n63-d16-r1.pbqp,13,15,1,0,false,true,7,1012.0
examples/regalloc/007-instcombine-factorizefaddfsub-n63-d16-r1.pbqp,7,13,16,0,true,false,1,345.0
examples/regalloc/007-instcombine-factorizefaddfsub-n63-d16-r1.pbqp,16,7,16,0,false,false,9,2943.0
examples/regalloc/007-instcombine-factorizefaddfsub-n63-d16-r1.pbqp,12,7,1,0,false,false,16,4013.0
examples/regalloc/007-instcombine-factorizefaddfsub-n63-d16-r1.pbqp,12,13,1,0,false,false,2,687.0
examples/regalloc/007-instcombine-factorizefaddfsub-n63-d16-r1.pbqp,7,7,1,0,false,false,27,6318.0
examples/regalloc/007-instcombine-factorizefaddfsub-n63-d16-r1.pbqp,7,13,16,0,false,false,4,1405.0
examples/regalloc/007-instcombine-factorizefaddfsub-n63-d16-r1.pbqp,7,16,16,0,false,false,12,3885.0
examples/regalloc/007-instcombine-factorizefaddfsub-n63-d16-r1.pbqp,7,12,16,0,false,false,3,764.0
examples/regalloc/007-instcombine-factorizefaddfsub-n63-d16-r1.pbqp,7,13,1,0,false,false,1,273.0
examples/regalloc/007-instcombine-factorizefaddfsub-n63-d16-r1.pbqp,13,12,16,0,false,false,2,762.0
examples/regalloc/007-instcombine-factorizefaddfsub-n63-d16-r1.pbqp,7,12,16,0,false,true,7,720.0
examples/regalloc/007-instcombine-factorizefaddfsub-n63-d16-r1.pbqp,16,13,16,0,false,false,1,493.0
examples/regalloc/007-instcombine-factorizefaddfsub-n63-d16-r1.pbqp,7,16,1,0,false,false,4,1064.0
examples/regalloc/007-instcombine-factorizefaddfsub-n63-d16-r1.pbqp,7,7,1,0,true,false,1,265.0
examples/regalloc/007-instcombine-factorizefaddfsub-n63-d16-r1.pbqp,7,7,16,0,true,false,1,273.0
examples/regalloc/008-instcombine-foldfnegintoconstant-n40-d16.pbqp,7,16,16,0,false,true,56,5207.0
examples/regalloc/008-instcombine-foldfnegintoconstant-n40-d16.pbqp,7,15,16,0,false,true,14,1394.0
examples/regalloc/008-instcombine-foldfnegintoconstant-n40-d16.pbqp,7,7,16,0,true,false,2,514.0
examples/regalloc/008-instcombine-foldfnegintoconstant-n40-d16.pbqp,7,15,16,0,false,false,3,927.0
examples/regalloc/008-instcombine-foldfnegintoconstant-n40-d16.pbqp,7,7,16,0,false,true,14,1351.0
examples/regalloc/008-instcombine-foldfnegintoconstant-n40-d16.pbqp,15,7,1,0,false,false,17,4730.0
examples/regalloc/008-instcombine-foldfnegintoconstant-n40-d16.pbqp,16,7,1,0,false,false,8,2583.0
examples/regalloc/008-instcombine-foldfnegintoconstant-n40-d16.pbqp,16,7,16,0,false,false,1,270.0
examples/regalloc/008-instcombine-foldfnegintoconstant-n40-d16.pbqp,13,7,1,0,false,false,7,1676.0
examples/regalloc/008-instcombine-foldfnegintoconstant-n40-d16.pbqp,13,14,1,0,false,false,1,347.0
examples/regalloc/008-instcombine-foldfnegintoconstant-n40-d16.pbqp,14,7,1,0,false,false,3,693.0
examples/regalloc/008-instcombine-foldfnegintoconstant-n40-d16.pbqp,13,15,1,0,false,false,1,424.0
examples/regalloc/008-instcombine-foldfnegintoconstant-n40-d16.pbqp,7,15,1,0,false,false,1,290.0
examples/regalloc/008-instcombine-foldfnegintoconstant-n40-d16.pbqp,7,7,1,0,false,false,6,1596.0
examples/regalloc/008-instcombine-foldfnegintoconstant-n40-d16.pbqp,15,13,16,0,false,false,1,484.0
examples/regalloc/008-instcombine-foldfnegintoconstant-n40-d16.pbqp,7,13,16,0,false,true,7,703.0
examples/regalloc/008-instcombine-foldfnegintoconstant-n40-d16.pbqp,7,7,16,2,true,false,2,659.0
examples/regalloc/008-instcombine-foldfnegintoconstant-n40-d16.pbqp,7,7,16,0,false,false,11,2661.0
examples/regalloc/008-instcombine-foldfnegintoconstant-n40-d16.pbqp,16,16,16,0,false,false,1,511.0
examples/regalloc/008-instcombine-foldfnegintoconstant-n40-d16.pbqp,7,16,16,0,false,false,4,1143.0
examples/regalloc/008-instcombine-foldfnegintoconstant-n40-d16.pbqp,16,16,1,0,false,true,7,1071.0
examples/regalloc/008-instcombine-foldfnegintoconstant-n40-d16.pbqp,7,16,16,0,true,false,1,348.0
examples/regalloc/009-instcombine-canonicalizelowbitmask-n25-d16.pbqp,7,16,16,0,false,true,49,4352.0
examples/regalloc/009-instcombine-canonicalizelowbitmask-n25-d16.pbqp,7,15,16,0,false,true,7,642.0
examples/regalloc/009-instcombine-canonicalizelowbitmask-n25-d16.pbqp,16,15,1,0,false,true,7,1035.0
examples/regalloc/009-instcombine-canonicalizelowbitmask-n25-d16.pbqp,7,16,16,0,true,false,1,271.0
examples/regalloc/009-instcombine-canonicalizelowbitmask-n25-d16.pbqp,7,15,16,0,false,false,1,254.0
examples/regalloc/009-instcombine-canonicalizelowbitmask-n25-d16.pbqp,13,7,1,0,false,false,5,1210.0
examples/regalloc/009-instcombine-canonicalizelowbitmask-n25-d16.pbqp,16,7,1,0,false,false,5,1323.0
examples/regalloc/009-instcombine-canonicalizelowbitmask-n25-d16.pbqp,16,10,16,0,false,false,1,423.0
examples/regalloc/009-instcombine-canonicalizelowbitmask-n25-d16.pbqp,10,7,1,0,false,false,4,747.0
examples/regalloc/009-instcombine-canonicalizelowbitmask-n25-d16.pbqp,7,7,1,0,false,false,4,683.0
examples/regalloc/009-instcombine-canonicalizelowbitmask-n25-d16.pbqp,7,7,16,0,false,false,4,761.0
examples/regalloc/009-instcombine-canonicalizelowbitmask-n25-d16.pbqp,7,7,1,0,true,false,1,189.0
examples/regalloc/009-instcombine-canonicalizelowbitmask-n25-d16.pbqp,7,7,16,0,true,false,1,243.0
examples/regalloc/009-instcombine-canonicalizelowbitmask-n25-d16.pbqp,7,16,16,0,false,false,2,635.0
examples/regalloc/009-instcombine-canonicalizelowbitmask-n25-d16.pbqp,7,13,16,0,false,false,2,654.0
examples/regalloc/009-instcombine-canonicalizelowbitmask-n25-d16.pbqp,7,12,16,0,false,false,2,517.0
examples/regalloc/009-instcombine-canonicalizelowbitmask-n25-d16.pbqp,7,11,16,0,false,false,2,440.0
examples/regalloc/009-instcombine-canonicalizelowbitmask-n25-d16.pbqp,7,14,16,0,false,false,2,562.0
examples/regalloc/009-instcombine-canonicalizelowbitmask-n25-d16.pbqp,16,13,16,0,false,false,1,469.0
examples/regalloc/009-instcombine-canonicalizelowbitmask-n25-d16.pbqp,16,12,16,0,false,false,1,419.0
examples/regalloc/009-instcombine-canonicalizelowbitmask-n25-d16.pbqp,16,11,16,0,false,false,1,364.0
examples/regalloc/009-instcombine-canonicalizelowbitmask-n25-d16.pbqp,16,14,16,0,false,false,1,449.0
examples/regalloc/009-instcombine-canonicalizelowbitmask-n25-d16.pbqp,13,12,16,0,false,false,1,417.0
examples/regalloc/009-instcombine-canonicalizelowbitmask-n25-d16.pbqp,13,11,16,0,false,false,1,337.0
examples/regalloc/009-instcombine-canonicalizelowbitmask-n25-d16.pbqp,13,14,16,0,false,false,1,349.0
examples/regalloc/009-instcombine-canonicalizelowbitmask-n25-d16.pbqp,12,7,1,0,false,false,1,265.0
examples/regalloc/009-instcombine-canonicalizelowbitmask-n25-d16.pbqp,12,11,16,0,false,false,1,316.0
examples/regalloc/009-instcombine-canonicalizelowbitmask-n25-d16.pbqp,12,14,16,0,false,false,1,330.0
examples/regalloc/009-instcombine-canonicalizelowbitmask-n25-d16.pbqp,14,11,1,0,false,true,7,872.0
examples/regalloc/009-instcombine-canonicalizelowbitmask-n25-d16.pbqp,7,14,16,0,true,false,1,330.0
examples/regalloc/010-instcombine-checkfornegativeoperand-n173-d16.pbqp,16,7,1,0,false,false,372,110509.0
examples/regalloc/010-instcombine-checkfornegativeoperand-n173-d16.pbqp,13,7,1,0,false,false,36,9644.0
examples/regalloc/010-instcombine-checkfornegativeoperand-n173-d16.pbqp,16,16,1,0,false,false,11,5604.0
examples/regalloc/010-instcombine-checkfornegativeoperand-n173-d16.pbqp,16,7,16,0,false,false,4,1580.0
examples/regalloc/010-instcombine-checkfornegativeoperand-n173-d16.pbqp,7,7,1,0,false,false,117,26762.0
examples/regalloc/010-instcombine-checkfornegativeoperand-n173-d16.pbqp,16,10,16,0,false,false,3,1418.0
examples/regalloc/010-instcombine-checkfornegativeoperand-n173-d16.pbqp,10,7,1,0,false,false,9,2200.0
examples/regalloc/010-instcombine-checkfornegativeoperand-n173-d16.pbqp,16,15,16,0,false,false,4,2096.0
examples/regalloc/010-instcombine-checkfornegativeoperand-n173-d16.pbqp,15,7,1,0,false,false,59,16834.0
examples/regalloc/010-instcombine-checkfornegativeoperand-n173-d16.pbqp,16,16,16,0,false,false,12,5709.0
examples/regalloc/010-instcombine-checkfornegativeoperand-n173-d16.pbqp,7,7,16,0,false,false,76,18435.0
examples/regalloc/010-instcombine-checkfornegativeoperand-n173-d16.pbqp,16,12,16,0,false,false,9,3708.0
examples/regalloc/010-instcombine-checkfornegativeoperand-n173-d16.pbqp,12,7,1,0,false,false,27,7067.0
examples/regalloc/010-instcombine-checkfornegativeoperand-n173-d16.pbqp,7,15,16,0,false,false,5,1706.0
examples/regalloc/010-instcombine-checkfornegativeoperand-n173-d16.pbqp,7,16,16,0,false,false,17,4950.0
examples/regalloc/010-instcombine-checkfornegativeoperand-n173-d16.pbqp,15,16,16,0,false,false,5,2254.0
examples/regalloc/010-instcombine-checkfornegativeoperand-n173-d16.pbqp,15,15,16,0,false,false,2,954.0
examples/regalloc/010-instcombine-checkfornegativeoperand-n173-d16.pbqp,15,15,1,0,false,false,2,991.0
examples/regalloc/010-instcombine-checkfornegativeoperand-n173-d16.pbqp,16,15,1,0,false,false,3,1763.0
examples/regalloc/010-instcombine-checkfornegativeoperand-n173-d16.pbqp,16,13,16,0,false,false,6,2807.0
examples/regalloc/010-instcombine-checkfornegativeoperand-n173-d16.pbqp,16,11,16,0,false,false,6,2415.0
examples/regalloc/010-instcombine-checkfornegativeoperand-n173-d16.pbqp,16,14,16,0,false,false,6,2703.0
examples/regalloc/010-instcombine-checkfornegativeoperand-n173-d16.pbqp,13,12,16,0,false,false,6,2350.0
examples/regalloc/010-instcombine-checkfornegativeoperand-n173-d16.pbqp,13,11,16,0,false,false,6,2179.0
examples/regalloc/010-instcombine-checkfornegativeoperand-n173-d16.pbqp,13,14,16,0,false,false,6,2265.0
examples/regalloc/010-instcombine-checkfornegativeoperand-n173-d16.pbqp,12,11,16,0,false,false,6,2116.0
examples/regalloc/010-instcombine-checkfornegativeoperand-n173-d16.pbqp,12,14,16,0,false,false,6,2063.0
examples/regalloc/010-instcombine-checkfornegativeoperand-n173-d16.pbqp,11,7,1,0,false,false,15,3452.0
examples/regalloc/010-instcombine-checkfornegativeoperand-n173-d16.pbqp,11,14,16,0,false,false,6,2069.0
examples/regalloc/010-instcombine-checkfornegativeoperand-n173-d16.pbqp,7,14,16,0,false,true,21,2133.0
examples/regalloc/010-instcombine-checkfornegativeoperand-n173-d16.pbqp,14,7,1,0,false,false,9,2313.0
examples/regalloc/010-instcombine-checkfornegativeoperand-n173-d16.pbqp,7,15,1,0,false,false,1,380.0
examples/regalloc/010-instcombine-checkfornegativeoperand-n173-d16.pbqp,7,7,1,0,true,false,1,219.0
examples/regalloc/010-instcombine-checkfornegativeoperand-n173-d16.pbqp,7,7,16,0,false,true,14,1462.0
examples/regalloc/010-instcombine-checkfornegativeoperand-n173-d16.pbqp,7,7,16,2,true,false,2,996.0
examples/regalloc/010-instcombine-checkfornegativeoperand-n173-d16.pbqp,15,16,1,0,false,false,1,503.0
examples/regalloc/010-instcombine-checkfornegativeoperand-n173-d16.pbqp,15,7,16,0,false,false,1,343.0
examples/regalloc/011-instcombine-checkfornegativeoperand-n193-d16-r1.pbqp,7,16,16,0,false,true,28,3129.0
examples/regalloc/011-instcombine-checkfornegativeoperand-n193-d16-r1.pbqp,16,7,1,0,false,false,429,129324.0
examples/regalloc/011-instcombine-checkfornegativeoperand-n193-d16-r1.pbqp,13,7,1,0,false,false,33,9152.0
examples/regalloc/011-instcombine-checkfornegativeoperand-n193-d16-r1.pbqp,7,7,1,0,false,false,77,18767.0
examples/regalloc/011-instcombine-checkfornegativeoperand-n193-d16-r1.pbqp,7,15,16,0,false,false,2,722.0
examples/regalloc/011-instcombine-checkfornegativeoperand-n193-d16-r1.pbqp,16,15,16,0,false,false,4,2533.0
examples/regalloc/011-instcombine-checkfornegativeoperand-n193-d16-r1.pbqp,7,15,16,0,false,true,14,1569.0
examples/regalloc/011-instcombine-checkfornegativeoperand-n193-d16-r1.pbqp,16,15,1,0,false,false,6,3687.0
examples/regalloc/011-instcombine-checkfornegativeoperand-n193-d16-r1.pbqp,16,16,1,0,false,false,12,6109.0
examples/regalloc/011-instcombine-checkfornegativeoperand-n193-d16-r1.pbqp,16,7,16,0,false,false,4,1525.0
examples/regalloc/011-instcombine-checkfornegativeoperand-n193-d16-r1.pbqp,16,12,16,0,false,false,9,3953.0
examples/regalloc/011-instcombine-checkfornegativeoperand-n193-d16-r1.pbqp,12,7,1,0,false,false,24,6625.0
examples/regalloc/011-instcombine-checkfornegativeoperand-n193-d16-r1.pbqp,7,7,16,0,false,false,29,7877.0
examples/regalloc/011-instcombine-checkfornegativeoperand-n193-d16-r1.pbqp,16,10,16,0,false,false,3,1412.0
examples/regalloc/011-instcombine-checkfornegativeoperand-n193-d16-r1.pbqp,10,7,1,0,false,false,9,2189.0
examples/regalloc/011-instcombine-checkfornegativeoperand-n193-d16-r1.pbqp,15,7,1,0,false,false,51,14223.0
examples/regalloc/011-instcombine-checkfornegativeoperand-n193-d16-r1.pbqp,16,16,16,0,false,false,13,6465.0
examples/regalloc/011-instcombine-checkfornegativeoperand-n193-d16-r1.pbqp,15,15,1,0,false,false,2,1091.0
examples/regalloc/011-instcombine-checkfornegativeoperand-n193-d16-r1.pbqp,15,16,16,0,false,false,5,2332.0
examples/regalloc/011-instcombine-checkfornegativeoperand-n193-d16-r1.pbqp,15,15,16,0,false,false,2,1093.0
examples/regalloc/011-instcombine-checkfornegativeoperand-n193-d16-r1.pbqp,7,16,16,0,false,false,18,5809.0
examples/regalloc/011-instcombine-checkfornegativeoperand-n193-d16-r1.pbqp,16,13,16,0,false,false,6,2682.0
examples/regalloc/011-instcombine-checkfornegativeoperand-n193-d16-r1.pbqp,16,11,16,0,false,false,6,2528.0
examples/regalloc/011-instcombine-checkfornegativeoperand-n193-d16-r1.pbqp,16,14,16,0,false,false,6,2788.0
examples/regalloc/011-instcombine-checkfornegativeoperand-n193-d16-r1.pbqp,13,12,16,0,false,false,6,2437.0
examples/regalloc/011-instcombine-checkfornegativeoperand-n193-d16-r1.pbqp,13,11,16,0,false,false,6,2301.0
examples/regalloc/011-instcombine-checkfornegativeoperand-n193-d16-r1.pbqp,13,14,16,0,false,false,6,2291.0
examples/regalloc/011-instcombine-checkfornegativeoperand-n193-d16-r1.pbqp,12,11,16,0,false,false,6,2227.0
examples/regalloc/011-instcombine-checkfornegativeoperand-n193-d16-r1.pbqp,12,14,16,0,false,false,6,2242.0
examples/regalloc/011-instcombine-checkfornegativeoperand-n193-d16-r1.pbqp,11,7,1,0,false,false,14,3577.0
examples/regalloc/011-instcombine-checkfornegativeoperand-n193-d16-r1.pbqp,11,14,16,0,false,false,6,2161.0
examples/regalloc/011-instcombine-checkfornegativeoperand-n193-d16-r1.pbqp,7,14,16,0,false,true,28,2814.0
examples/regalloc/011-instcombine-checkfornegativeoperand-n193-d16-r1.pbqp,7,15,1,0,false,false,1,434.0
examples/regalloc/011-instcombine-checkfornegativeoperand-n193-d16-r1.pbqp,15,7,16,0,false,false,1,299.0
examples/regalloc/011-instcombine-checkfornegativeoperand-n193-d16-r1.pbqp,7,7,1,0,true,false,2,445.0
examples/regalloc/011-instcombine-checkfornegativeoperand-n193-d16-r1.pbqp,7,13,16,0,false,false,1,298.0
examples/regalloc/011-instcombine-checkfornegativeoperand-n193-d16-r1.pbqp,7,12,16,0,false,false,1,275.0
examples/regalloc/011-instcombine-checkfornegativeoperand-n193-d16-r1.pbqp,7,11,16,0,false,false,1,269.0
examples/regalloc/011-instcombine-checkfornegativeoperand-n193-d16-r1.pbqp,7,14,16,0,false,false,1,249.0
examples/regalloc/011-instcombine-checkfornegativeoperand-n193-d16-r1.pbqp,7,7,16,0,true,false,1,243.0
examples/regalloc/011-instcombine-checkfornegativeoperand-n193-d16-r1.pbqp,15,16,1,0,false,false,1,509.0
examples/regalloc/011-instcombine-checkfornegativeoperand-n193-d16-r1.pbqp,14,7,1,0,false,false,6,1640.0
examples/regalloc/011-instcombine-checkfornegativeoperand-n193-d16-r1.pbqp,7,7,16,0,false,true,14,1491.0
examples/regalloc/011-instcombine-checkfornegativeoperand-n193-d16-r1.pbqp,7,7,1,2,true,false,1,499.0
examples/regalloc/011-instcombine-checkfornegativeoperand-n193-d16-r1.pbqp,16,7,1,0,false,true,7,895.0
examples/regalloc/011-instcombine-checkfornegativeoperand-n193-d16-r1.pbqp,16,7,1,2,true,false,1,620.0
examples/regalloc/012-instcombine-factorizemathwithshlops-n33-d16.pbqp,7,7,16,0,false,true,7,626.0
examples/regalloc/012-instcombine-factorizemathwithshlops-n33-d16.pbqp,13,7,1,0,false,false,4,1021.0
examples/regalloc/012-instcombine-factorizemathwithshlops-n33-d16.pbqp,7,16,1,0,false,false,2,485.0
examples/regalloc/012-instcombine-factorizemathwithshlops-n33-d16.pbqp,7,7,1,0,false,false,25,5190.0
examples/regalloc/012-instcombine-factorizemathwithshlops-n33-d16.pbqp,7,7,1,2,true,false,1,277.0
examples/regalloc/012-instcombine-factorizemathwithshlops-n33-d16.pbqp,7,16,16,0,false,false,7,1943.0
examples/regalloc/012-instcombine-factorizemathwithshlops-n33-d16.pbqp,16,7,1,0,false,false,76,22180.0
examples/regalloc/012-instcombine-factorizemathwithshlops-n33-d16.pbqp,16,16,1,0,false,false,16,7099.0
examples/regalloc/012-instcombine-factorizemathwithshlops-n33-d16.pbqp,16,16,16,0,false,false,4,1852.0
examples/regalloc/012-instcombine-factorizemathwithshlops-n33-d16.pbqp,16,7,16,0,false,false,2,616.0
examples/regalloc/012-instcombine-factorizemathwithshlops-n33-d16.pbqp,15,7,1,0,false,false,6,1571.0
examples/regalloc/012-instcombine-factorizemathwithshlops-n33-d16.pbqp,15,11,16,0,false,false,1,333.0
examples/regalloc/012-instcombine-factorizemathwithshlops-n33-d16.pbqp,11,7,1,0,false,false,6,1426.0
examples/regalloc/012-instcombine-factorizemathwithshlops-n33-d16.pbqp,7,7,16,0,false,false,16,3902.0
examples/regalloc/012-instcombine-factorizemathwithshlops-n33-d16.pbqp,16,7,1,0,false,true,7,834.0
examples/regalloc/012-instcombine-factorizemathwithshlops-n33-d16.pbqp,16,7,1,2,true,false,1,513.0
examples/regalloc/013-instcombine-factorizemathwithshlops-n33-d16-r1.pbqp,7,7,16,0,false,true,14,1282.0
examples/regalloc/013-instcombine-factorizemathwithshlops-n33-d16-r1.pbqp,13,7,1,0,false,false,4,846.0
examples/regalloc/013-instcombine-factorizemathwithshlops-n33-d16-r1.pbqp,7,16,1,0,false,false,3,763.0
examples/regalloc/013-instcombine-factorizemathwithshlops-n33-d16-r1.pbqp,7,7,1,0,false,false,16,3184.0
examples/regalloc/013-instcombine-factorizemathwithshlops-n33-d16-r1.pbqp,7,7,1,2,true,false,2,447.0
examples/regalloc/013-instcombine-factorizemathwithshlops-n33-d16-r1.pbqp,7,16,16,0,false,false,9,2351.0
examples/regalloc/013-instcombine-factorizemathwithshlops-n33-d16-r1.pbqp,7,7,16,0,false,false,7,1365.0
examples/regalloc/013-instcombine-factorizemathwithshlops-n33-d16-r1.pbqp,16,7,1,0,false,false,79,21495.0
examples/regalloc/013-instcombine-factorizemathwithshlops-n33-d16-r1.pbqp,16,7,16,0,false,false,1,315.0
examples/regalloc/013-instcombine-factorizemathwithshlops-n33-d16-r1.pbqp,15,7,1,0,false,false,4,942.0
examples/regalloc/013-instcombine-factorizemathwithshlops-n33-d16-r1.pbqp,15,11,16,0,false,false,1,331.0
examples/regalloc/013-instcombine-factorizemathwithshlops-n33-d16-r1.pbqp,11,7,1,0,false,false,4,936.0
examples/regalloc/013-instcombine-factorizemathwithshlops-n33-d16-r1.pbqp,16,16,1,0,false,false,15,5991.0
examples/regalloc/013-instcombine-factorizemathwithshlops-n33-d16-r1.pbqp,16,16,16,0,false,false,4,1665.0
examples/regalloc/013-instcombine-factorizemathwithshlops-n33-d16-r1.pbqp,16,7,1,0,false,true,16,1263.0
examples/regalloc/013-instcombine-factorizemathwithshlops-n33-d16-r1.pbqp,16,16,16,2,true,false,1,582.0
examples/regalloc/014-instcombine-combineaddsubwithshladdsub-n29-d16.pbqp,7,16,16,0,false,true,58,5132.0
examples/regalloc/014-instcombine-combineaddsubwithshladdsub-n29-d16.pbqp,13,15,1,0,false,true,7,777.0
examples/regalloc/014-instcombine-combineaddsubwithshladdsub-n29-d16.pbqp,7,13,16,0,true,false,1,270.0
examples/regalloc/014-instcombine-combineaddsubwithshladdsub-n29-d16.pbqp,7,16,16,0,true,true,7,634.0
examples/regalloc/014-instcombine-combineaddsubwithshladdsub-n29-d16.pbqp,16,15,1,0,false,false,2,874.0
examples/regalloc/014-instcombine-combineaddsubwithshladdsub-n29-d16.pbqp,16,7,1,0,false,false,8,2138.0
examples/regalloc/014-instcombine-combineaddsubwithshladdsub-n29-d16.pbqp,15,7,1,0,false,false,4,948.0
examples/regalloc/014-instcombine-combineaddsubwithshladdsub-n29-d16.pbqp,15,16,16,0,false,false,2,850.0
examples/regalloc/014-instcombine-combineaddsubwithshladdsub-n29-d16.pbqp,16,7,1,0,false,true,7,887.0
examples/regalloc/014-instcombine-combineaddsubwithshladdsub-n29-d16.pbqp,7,16,16,2,true,false,1,385.0
examples/regalloc/014-instcombine-combineaddsubwithshladdsub-n29-d16.pbqp,13,7,1,0,false,false,4,989.0
examples/regalloc/014-instcombine-combineaddsubwithshladdsub-n29-d16.pbqp,16,10,16,0,false,false,1,399.0
examples/regalloc/014-instcombine-combineaddsubwithshladdsub-n29-d16.pbqp,10,7,1,0,false,false,3,621.0
examples/regalloc/014-instcombine-combineaddsubwithshladdsub-n29-d16.pbqp,7,7,1,0,false,false,1,198.0
examples/regalloc/014-instcombine-combineaddsubwithshladdsub-n29-d16.pbqp,7,7,16,0,false,false,2,322.0
examples/regalloc/014-instcombine-combineaddsubwithshladdsub-n29-d16.pbqp,7,7,1,0,false,true,7,554.0
examples/regalloc/014-instcombine-combineaddsubwithshladdsub-n29-d16.pbqp,7,7,16,2,true,false,1,275.0
examples/regalloc/014-instcombine-combineaddsubwithshladdsub-n29-d16.pbqp,7,16,16,0,false,false,1,278.0
examples/regalloc/014-instcombine-combineaddsubwithshladdsub-n29-d16.pbqp,7,13,16,0,false,false,1,359.0
examples/regalloc/014-instcombine-combineaddsubwithshladdsub-n29-d16.pbqp,7,12,16,0,false,false,1,260.0
examples/regalloc/014-instcombine-combineaddsubwithshladdsub-n29-d16.pbqp,7,11,16,0,false,false,1,280.0
examples/regalloc/014-instcombine-combineaddsubwithshladdsub-n29-d16.pbqp,7,14,16,0,false,false,1,314.0
examples/regalloc/014-instcombine-combineaddsubwithshladdsub-n29-d16.pbqp,16,13,16,0,false,false,1,488.0
examples/regalloc/014-instcombine-combineaddsubwithshladdsub-n29-d16.pbqp,16,12,16,0,false,false,1,404.0
examples/regalloc/014-instcombine-combineaddsubwithshladdsub-n29-d16.pbqp,16,11,16,0,false,false,1,380.0
examples/regalloc/014-instcombine-combineaddsubwithshladdsub-n29-d16.pbqp,16,14,16,0,false,false,1,453.0
examples/regalloc/014-instcombine-combineaddsubwithshladdsub-n29-d16.pbqp,13,12,16,0,false,false,1,389.0
examples/regalloc/014-instcombine-combineaddsubwithshladdsub-n29-d16.pbqp,13,11,16,0,false,false,1,355.0
examples/regalloc/014-instcombine-combineaddsubwithshladdsub-n29-d16.pbqp,13,14,16,0,false,false,1,336.0
examples/regalloc/014-instcombine-combineaddsubwithshladdsub-n29-d16.pbqp,12,7,1,0,false,false,1,260.0
examples/regalloc/014-instcombine-combineaddsubwithshladdsub-n29-d16.pbqp,12,11,16,0,false,false,1,373.0
examples/regalloc/014-instcombine-combineaddsubwithshladdsub-n29-d16.pbqp,12,14,16,0,false,false,1,327.0
examples/regalloc/014-instcombine-combineaddsubwithshladdsub-n29-d16.pbqp,14,11,1,0,false,true,7,834.0
examples/regalloc/014-instcombine-combineaddsubwithshladdsub-n29-d16.pbqp,7,14,16,0,true,false,1,372.0
examples/regalloc/015-instcombine-foldtounsignedsaturatedadd-n62-d17.pbqp,7,16,17,0,false,true,98,7821.0
examples/regalloc/015-instcombine-foldtounsignedsaturatedadd-n62-d17.pbqp,7,16,17,0,false,false,8,2039.0
examples/regalloc/015-instcombine-foldtounsignedsaturatedadd-n62-d17.pbqp,16,15,1,0,false,true,14,1843.0
examples/regalloc/015-instcombine-foldtounsignedsaturatedadd-n62-d17.pbqp,7,16,17,0,true,false,4,1066.0
examples/regalloc/015-instcombine-foldtounsignedsaturatedadd-n62-d17.pbqp,15,16,1,0,false,true,7,977.0
examples/regalloc/015-instcombine-foldtounsignedsaturatedadd-n62-d17.pbqp,16,16,1,0,false,true,14,1918.0
examples/regalloc/015-instcombine-foldtounsignedsaturatedadd-n62-d17.pbqp,13,15,1,0,false,true,7,814.0
examples/regalloc/015-instcombine-foldtounsignedsaturatedadd-n62-d17.pbqp,7,13,17,0,true,false,1,270.0
examples/regalloc/015-instcombine-foldtounsignedsaturatedadd-n62-d17.pbqp,13,15,1,0,false,false,1,342.0
examples/regalloc/015-instcombine-foldtounsignedsaturatedadd-n62-d17.pbqp,16,7,1,0,false,false,31,8794.0
examples/regalloc/015-instcombine-foldtounsignedsaturatedadd-n62-d17.pbqp,16,7,17,0,false,false,3,999.0
examples/regalloc/015-instcombine-foldtounsignedsaturatedadd-n62-d17.pbqp,15,7,1,0,false,false,13,3613.0
examples/regalloc/015-instcombine-foldtounsignedsaturatedadd-n62-d17.pbqp,7,7,17,0,true,false,3,715.0
examples/regalloc/015-instcombine-foldtounsignedsaturatedadd-n62-d17.pbqp,7,7,17,0,false,false,6,1349.0
examples/regalloc/015-instcombine-foldtounsignedsaturatedadd-n62-d17.pbqp,7,12,17,0,false,false,1,354.0
examples/regalloc/015-instcombine-foldtounsignedsaturatedadd-n62-d17.pbqp,7,11,17,0,false,false,1,206.0
examples/regalloc/015-instcombine-foldtounsignedsaturatedadd-n62-d17.pbqp,12,7,1,0,false,false,5,1298.0
examples/regalloc/015-instcombine-foldtounsignedsaturatedadd-n62-d17.pbqp,12,11,17,0,false,false,2,597.0
examples/regalloc/015-instcombine-foldtounsignedsaturatedadd-n62-d17.pbqp,7,11,17,0,false,true,7,657.0
examples/regalloc/015-instcombine-foldtounsignedsaturatedadd-n62-d17.pbqp,7,7,1,0,true,false,2,495.0
examples/regalloc/015-instcombine-foldtounsignedsaturatedadd-n62-d17.pbqp,16,16,1,0,false,false,2,854.0
examples/regalloc/015-instcombine-foldtounsignedsaturatedadd-n62-d17.pbqp,7,7,1,0,false,false,19,4180.0
examples/regalloc/015-instcombine-foldtounsignedsaturatedadd-n62-d17.pbqp,11,7,1,0,false,false,3,732.0
examples/regalloc/015-instcombine-foldtounsignedsaturatedadd-n62-d17.pbqp,7,7,1,0,false,true,7,636.0
examples/regalloc/015-instcombine-foldtounsignedsaturatedadd-n62-d17.pbqp,7,7,1,2,true,false,1,210.0
examples/regalloc/015-instcombine-foldtounsignedsaturatedadd-n62-d17.pbqp,15,16,17,0,false,false,1,491.0
examples/regalloc/015-instcombine-foldtounsignedsaturatedadd-n62-d17.pbqp,15,7,17,0,false,false,1,292.0
examples/regalloc/016-instcombine-matchdiv-n30-d16.pbqp,7,16,16,0,false,true,58,4676.0
examples/regalloc/016-instcombine-matchdiv-n30-d16.pbqp,7,16,16,0,false,false,8,2253.0
examples/regalloc/016-instcombine-matchdiv-n30-d16.pbqp,7,15,16,0,false,true,7,590.0
examples/regalloc/016-instcombine-matchdiv-n30-d16.pbqp,16,7,1,0,false,false,28,7780.0
examples/regalloc/016-instcombine-matchdiv-n30-d16.pbqp,16,15,1,0,false,false,4,1548.0
examples/regalloc/016-instcombine-matchdiv-n30-d16.pbqp,16,7,16,0,false,false,2,587.0
examples/regalloc/016-instcombine-matchdiv-n30-d16.pbqp,13,7,16,0,false,false,3,790.0
examples/regalloc/016-instcombine-matchdiv-n30-d16.pbqp,13,16,16,0,false,false,1,410.0
examples/regalloc/016-instcombine-matchdiv-n30-d16.pbqp,16,16,1,0,false,false,2,869.0
examples/regalloc/016-instcombine-matchdiv-n30-d16.pbqp,7,7,1,0,false,true,7,620.0
examples/regalloc/016-instcombine-matchdiv-n30-d16.pbqp,15,7,16,0,false,true,7,796.0
examples/regalloc/016-instcombine-matchdiv-n30-d16.pbqp,7,15,16,2,true,false,1,333.0
examples/regalloc/016-instcombine-matchdiv-n30-d16.pbqp,7,7,1,0,false,false,3,596.0
examples/regalloc/016-instcombine-matchdiv-n30-d16.pbqp,7,15,16,0,false,false,2,600.0
examples/regalloc/016-instcombine-matchdiv-n30-d16.pbqp,7,15,16,0,true,false,1,299.0
examples/regalloc/016-instcombine-matchdiv-n30-d16.pbqp,15,16,16,0,false,true,16,1651.0
examples/regalloc/016-instcombine-matchdiv-n30-d16.pbqp,15,16,16,0,true,false,1,465.0
examples/regalloc/017-instcombine-matchmul-n22-d16.pbqp,7,16,16,0,false,true,43,3400.0
examples/regalloc/017-instcombine-matchmul-n22-d16.pbqp,7,16,16,0,false,false,7,1741.0
examples/regalloc/017-instcombine-matchmul-n22-d16.pbqp,7,15,16,0,false,true,7,569.0
examples/regalloc/017-instcombine-matchmul-n22-d16.pbqp,16,7,1,0,false,false,20,4792.0
examples/regalloc/017-instcombine-matchmul-n22-d16.pbqp,16,7,16,0,false,false,1,242.0
examples/regalloc/017-instcombine-matchmul-n22-d16.pbqp,16,15,1,0,false,false,1,331.0
examples/regalloc/017-instcombine-matchmul-n22-d16.pbqp,16,16,1,0,false,false,1,382.0
examples/regalloc/017-instcombine-matchmul-n22-d16.pbqp,7,7,16,0,false,true,7,523.0
examples/regalloc/017-instcombine-matchmul-n22-d16.pbqp,7,7,16,2,true,false,1,229.0
examples/regalloc/017-instcombine-matchmul-n22-d16.pbqp,7,7,1,0,false,false,3,574.0
examples/regalloc/017-instcombine-matchmul-n22-d16.pbqp,7,15,16,0,false,false,2,471.0
examples/regalloc/017-instcombine-matchmul-n22-d16.pbqp,7,15,16,0,true,false,1,261.0
examples/regalloc/017-instcombine-matchmul-n22-d16.pbqp,15,16,16,0,false,true,16,1684.0
examples/regalloc/017-instcombine-matchmul-n22-d16.pbqp,15,16,16,0,true,false,1,489.0
examples/regalloc/018-instcombine-matchrem-n44-d16.pbqp,7,16,16,0,false,false,15,4148.0
examples/regalloc/018-instcombine-matchrem-n44-d16.pbqp,7,16,16,0,false,true,44,3477.0
examples/regalloc/018-instcombine-matchrem-n44-d16.pbqp,7,15,16,0,false,false,4,1127.0
examples/regalloc/018-instcombine-matchrem-n44-d16.pbqp,16,7,1,0,false,false,55,16226.0
examples/regalloc/018-instcombine-matchrem-n44-d16.pbqp,16,7,16,0,false,false,2,644.0
examples/regalloc/018-instcombine-matchrem-n44-d16.pbqp,7,7,1,0,false,false,11,2413.0
examples/regalloc/018-instcombine-matchrem-n44-d16.pbqp,7,7,16,0,false,false,4,1007.0
examples/regalloc/018-instcombine-matchrem-n44-d16.pbqp,16,7,1,0,false,true,14,1560.0
examples/regalloc/018-instcombine-matchrem-n44-d16.pbqp,7,16,16,2,true,false,2,596.0
examples/regalloc/018-instcombine-matchrem-n44-d16.pbqp,15,7,1,0,false,false,5,1336.0
examples/regalloc/018-instcombine-matchrem-n44-d16.pbqp,16,15,1,0,false,false,4,1612.0
examples/regalloc/018-instcombine-matchrem-n44-d16.pbqp,16,16,1,0,false,false,2,847.0
examples/regalloc/018-instcombine-matchrem-n44-d16.pbqp,7,7,16,0,false,true,7,663.0
examples/regalloc/018-instcombine-matchrem-n44-d16.pbqp,7,7,1,2,true,false,1,286.0
examples/regalloc/018-instcombine-matchrem-n44-d16.pbqp,7,7,1,0,true,false,1,264.0
examples/regalloc/018-instcombine-matchrem-n44-d16.pbqp,15,7,1,0,true,false,1,257.0
examples/regalloc/018-instcombine-matchrem-n44-d16.pbqp,7,15,16,0,true,false,1,316.0
examples/regalloc/018-instcombine-matchrem-n44-d16.pbqp,15,16,16,0,false,true,16,1633.0
examples/regalloc/018-instcombine-matchrem-n44-d16.pbqp,15,16,16,0,true,false,1,432.0
examples/regalloc/019-instcombine-faddcombine-simplifyfadd-n108-d17.pbqp,7,16,17,0,false,true,14,1634.0
examples/regalloc/019-instcombine-faddcombine-simplifyfadd-n108-d17.pbqp,7,15,17,0,false,true,7,740.0
examples/regalloc/019-instcombine-faddcombine-simplifyfadd-n108-d17.pbqp,7,16,17,0,false,false,14,4435.0
examples/regalloc/019-instcombine-faddcombine-simplifyfadd-n108-d17.pbqp,16,7,1,0,false,false,539,151350.0
examples/regalloc/019-instcombine-faddcombine-simplifyfadd-n108-d17.pbqp,16,16,17,0,false,false,14,6479.0
examples/regalloc/019-instcombine-faddcombine-simplifyfadd-n108-d17.pbqp,16,13,17,0,false,false,1,640.0
examples/regalloc/019-instcombine-faddcombine-simplifyfadd-n108-d17.pbqp,13,7,1,0,false,false,3,913.0
examples/regalloc/019-instcombine-faddcombine-simplifyfadd-n108-d17.pbqp,16,7,17,0,false,false,6,2136.0
examples/regalloc/019-instcombine-faddcombine-simplifyfadd-n108-d17.pbqp,16,16,1,0,false,false,34,15667.0
examples/regalloc/019-instcombine-faddcombine-simplifyfadd-n108-d17.pbqp,15,7,1,0,false,false,96,26168.0
examples/regalloc/019-instcombine-faddcombine-simplifyfadd-n108-d17.pbqp,16,15,1,0,false,false,9,4232.0
examples/regalloc/019-instcombine-faddcombine-simplifyfadd-n108-d17.pbqp,16,14,1,0,false,false,1,593.0
examples/regalloc/019-instcombine-faddcombine-simplifyfadd-n108-d17.pbqp,14,7,1,0,false,false,28,7357.0
examples/regalloc/019-instcombine-faddcombine-simplifyfadd-n108-d17.pbqp,14,7,17,0,false,false,1,290.0
examples/regalloc/019-instcombine-faddcombine-simplifyfadd-n108-d17.pbqp,15,7,17,0,false,false,4,1134.0
examples/regalloc/019-instcombine-faddcombine-simplifyfadd-n108-d17.pbqp,15,16,17,0,false,false,8,3425.0
examples/regalloc/019-instcombine-faddcombine-simplifyfadd-n108-d17.pbqp,7,7,1,0,false,false,153,33297.0
examples/regalloc/019-instcombine-faddcombine-simplifyfadd-n108-d17.pbqp,7,16,1,0,false,false,2,806.0
examples/regalloc/019-instcombine-faddcombine-simplifyfadd-n108-d17.pbqp,7,7,17,0,false,false,79,18082.0
examples/regalloc/019-instcombine-faddcombine-simplifyfadd-n108-d17.pbqp,7,7,1,0,true,false,1,229.0
examples/regalloc/019-instcombine-faddcombine-simplifyfadd-n108-d17.pbqp,16,15,17,0,false,false,1,564.0
examples/regalloc/019-instcombine-faddcombine-simplifyfadd-n108-d17.pbqp,7,15,17,0,false,false,13,4161.0
examples/regalloc/019-instcombine-faddcombine-simplifyfadd-n108-d17.pbqp,16,14,17,0,false,false,2,1039.0
examples/regalloc/019-instcombine-faddcombine-simplifyfadd-n108-d17.pbqp,15,16,1,0,false,false,1,528.0
examples/regalloc/019-instcombine-faddcombine-simplifyfadd-n108-d17.pbqp,7,14,17,0,false,false,11,2982.0
examples/regalloc/019-instcombine-faddcombine-simplifyfadd-n108-d17.pbqp,15,14,17,0,false,false,1,519.0
examples/regalloc/019-instcombine-faddcombine-simplifyfadd-n108-d17.pbqp,7,7,1,0,false,true,7,702.0
examples/regalloc/019-instcombine-faddcombine-simplifyfadd-n108-d17.pbqp,7,7,17,2,true,false,1,535.0
examples/regalloc/020-instcombine-faddcombine-simplifyfadd-n138-d17-r1.pbqp,16,16,1,0,false,true,28,3762.0
examples/regalloc/020-instcombine-faddcombine-simplifyfadd-n138-d17-r1.pbqp,7,16,17,0,false,false,22,6592.0
examples/regalloc/020-instcombine-faddcombine-simplifyfadd-n138-d17-r1.pbqp,13,16,1,0,false,true,7,826.0
examples/regalloc/020-instcombine-faddcombine-simplifyfadd-n138-d17-r1.pbqp,7,13,17,0,true,false,1,345.0
examples/regalloc/020-instcombine-faddcombine-simplifyfadd-n138-d17-r1.pbqp,7,16,17,0,true,false,5,1603.0
examples/regalloc/020-instcombine-faddcombine-simplifyfadd-n138-d17-r1.pbqp,7,15,17,0,false,false,7,2417.0
examples/regalloc/020-instcombine-faddcombine-simplifyfadd-n138-d17-r1.pbqp,7,16,17,0,false,true,23,2035.0
examples/regalloc/020-instcombine-faddcombine-simplifyfadd-n138-d17-r1.pbqp,16,7,1,0,false,false,284,82404.0
examples/regalloc/020-instcombine-faddcombine-simplifyfadd-n138-d17-r1.pbqp,16,16,1,0,false,false,38,16864.0
examples/regalloc/020-instcombine-faddcombine-simplifyfadd-n138-d17-r1.pbqp,14,7,1,0,false,false,13,3524.0
examples/regalloc/020-instcombine-faddcombine-simplifyfadd-n138-d17-r1.pbqp,15,7,1,0,false,false,48,13695.0
examples/regalloc/020-instcombine-faddcombine-simplifyfadd-n138-d17-r1.pbqp,12,7,1,0,false,false,19,4900.0
examples/regalloc/020-instcombine-faddcombine-simplifyfadd-n138-d17-r1.pbqp,16,16,17,0,false,false,15,6954.0
examples/regalloc/020-instcombine-faddcombine-simplifyfadd-n138-d17-r1.pbqp,16,15,1,0,false,false,13,5688.0
examples/regalloc/020-instcombine-faddcombine-simplifyfadd-n138-d17-r1.pbqp,15,7,17,0,false,false,4,1267.0
examples/regalloc/020-instcombine-faddcombine-simplifyfadd-n138-d17-r1.pbqp,15,16,17,0,false,false,9,4039.0
examples/regalloc/020-instcombine-faddcombine-simplifyfadd-n138-d17-r1.pbqp,16,15,17,0,false,false,1,639.0
examples/regalloc/020-instcombine-faddcombine-simplifyfadd-n138-d17-r1.pbqp,16,14,17,0,false,false,2,1067.0
examples/regalloc/020-instcombine-faddcombine-simplifyfadd-n138-d17-r1.pbqp,7,7,1,0,false,false,20,4735.0
examples/regalloc/020-instcombine-faddcombine-simplifyfadd-n138-d17-r1.pbqp,7,7,17,0,false,false,17,4300.0
examples/regalloc/020-instcombine-faddcombine-simplifyfadd-n138-d17-r1.pbqp,7,7,17,0,false,true,7,787.0
examples/regalloc/020-instcombine-faddcombine-simplifyfadd-n138-d17-r1.pbqp,16,14,1,0,false,false,2,1000.0
examples/regalloc/020-instcombine-faddcombine-simplifyfadd-n138-d17-r1.pbqp,15,16,1,0,false,false,1,460.0
examples/regalloc/020-instcombine-faddcombine-simplifyfadd-n138-d17-r1.pbqp,7,16,1,0,false,false,2,736.0
examples/regalloc/020-instcombine-faddcombine-simplifyfadd-n138-d17-r1.pbqp,16,7,17,0,false,false,4,1348.0
examples/regalloc/020-instcombine-faddcombine-simplifyfadd-n138-d17-r1.pbqp,7,7,17,2,true,false,1,458.0
examples/regalloc/020-instcombine-faddcombine-simplifyfadd-n138-d17-r1.pbqp,7,7,17,0,true,false,1,240.0
examples/regalloc/020-instcombine-faddcombine-simplifyfadd-n138-d17-r1.pbqp,7,14,17,0,false,false,3,1020.0
examples/regalloc/020-instcombine-faddcombine-simplifyfadd-n138-d17-r1.pbqp,15,14,17,0,false,false,1,618.0
examples/regalloc/020-instcombine-faddcombine-simplifyfadd-n138-d17-r1.pbqp,14,16,17,0,false,false,1,500.0
examples/regalloc/020-instcombine-faddcombine-simplifyfadd-n138-d17-r1.pbqp,16,7,1,0,false,true,14,1753.0
examples/regalloc/020-instcombine-faddcombine-simplifyfadd-n138-d17-r1.pbqp,16,7,1,2,true,false,2,978.0
examples/regalloc/020-instcombine-faddcombine-simplifyfadd-n138-d17-r1.pbqp,14,7,17,0,false,false,1,335.0
examples/regalloc/021-instcombine-faddcombine-simplify-n54-d16.pbqp,7,16,16,0,false,true,14,1277.0
examples/regalloc/021-instcombine-faddcombine-simplify-n54-d16.pbqp,7,16,1,0,false,false,1,286.0
examples/regalloc/021-instcombine-faddcombine-simplify-n54-d16.pbqp,7,15,16,0,false,true,7,671.0
examples/regalloc/021-instcombine-faddcombine-simplify-n54-d16.pbqp,7,16,16,0,false,false,25,6972.0
examples/regalloc/021-instcombine-faddcombine-simplify-n54-d16.pbqp,16,7,1,0,false,false,134,37123.0
examples/regalloc/021-instcombine-faddcombine-simplify-n54-d16.pbqp,16,16,16,0,false,false,1,589.0
examples/regalloc/021-instcombine-faddcombine-simplify-n54-d16.pbqp,16,7,16,0,false,false,3,985.0
examples/regalloc/021-instcombine-faddcombine-simplify-n54-d16.pbqp,7,7,1,0,false,false,60,12656.0
examples/regalloc/021-instcombine-faddcombine-simplify-n54-d16.pbqp,7,7,1,0,true,false,2,380.0
examples/regalloc/021-instcombine-faddcombine-simplify-n54-d16.pbqp,15,7,1,0,false,false,18,4658.0
examples/regalloc/021-instcombine-faddcombine-simplify-n54-d16.pbqp,7,7,16,0,false,false,32,7438.0
examples/regalloc/021-instcombine-faddcombine-simplify-n54-d16.pbqp,16,15,16,0,false,false,1,579.0
examples/regalloc/021-instcombine-faddcombine-simplify-n54-d16.pbqp,16,14,16,0,false,false,2,866.0
examples/regalloc/021-instcombine-faddcombine-simplify-n54-d16.pbqp,7,15,16,0,false,false,1,329.0
examples/regalloc/021-instcombine-faddcombine-simplify-n54-d16.pbqp,7,14,16,0,false,false,1,303.0
examples/regalloc/021-instcombine-faddcombine-simplify-n54-d16.pbqp,15,14,16,0,false,false,1,424.0
examples/regalloc/021-instcombine-faddcombine-simplify-n54-d16.pbqp,14,7,1,0,false,false,15,3683.0
examples/regalloc/021-instcombine-faddcombine-simplify-n54-d16.pbqp,16,14,1,0,false,false,3,1149.0
examples/regalloc/021-instcombine-faddcombine-simplify-n54-d16.pbqp,15,14,1,0,false,false,1,380.0
examples/regalloc/021-instcombine-faddcombine-simplify-n54-d16.pbqp,16,16,1,0,false,false,1,476.0
examples/regalloc/021-instcombine-faddcombine-simplify-n54-d16.pbqp,16,7,1,0,false,true,7,777.0
examples/regalloc/021-instcombine-faddcombine-simplify-n54-d16.pbqp,7,16,16,2,true,false,1,340.0
examples/regalloc/022-instcombine-faddcombine-simplify-n59-d16-r1.pbqp,7,16,16,0,false,true,21,1867.0
examples/regalloc/022-instcombine-faddcombine-simplify-n59-d16-r1.pbqp,7,16,1,0,false,false,1,274.0
examples/regalloc/022-instcombine-faddcombine-simplify-n59-d16-r1.pbqp,7,15,16,0,false,true,7,689.0
examples/regalloc/022-instcombine-faddcombine-simplify-n59-d16-r1.pbqp,7,16,16,0,false,false,26,6618.0
examples/regalloc/022-instcombine-faddcombine-simplify-n59-d16-r1.pbqp,16,7,1,0,false,false,106,28736.0
examples/regalloc/022-instcombine-faddcombine-simplify-n59-d16-r1.pbqp,16,16,16,0,false,false,3,1329.0
examples/regalloc/022-instcombine-faddcombine-simplify-n59-d16-r1.pbqp,16,7,16,0,false,false,2,613.0
examples/regalloc/022-instcombine-faddcombine-simplify-n59-d16-r1.pbqp,15,7,1,0,false,false,14,3708.0
examples/regalloc/022-instcombine-faddcombine-simplify-n59-d16-r1.pbqp,7,7,1,0,true,false,2,359.0
examples/regalloc/022-instcombine-faddcombine-simplify-n59-d16-r1.pbqp,14,7,1,0,false,false,16,4037.0
examples/regalloc/022-instcombine-faddcombine-simplify-n59-d16-r1.pbqp,7,7,1,0,false,false,31,6594.0
examples/regalloc/022-instcombine-faddcombine-simplify-n59-d16-r1.pbqp,7,7,16,0,false,false,13,2922.0
examples/regalloc/022-instcombine-faddcombine-simplify-n59-d16-r1.pbqp,16,15,16,0,false,false,1,514.0
examples/regalloc/022-instcombine-faddcombine-simplify-n59-d16-r1.pbqp,16,14,16,0,false,false,2,880.0
examples/regalloc/022-instcombine-faddcombine-simplify-n59-d16-r1.pbqp,7,15,16,0,false,false,1,329.0
examples/regalloc/022-instcombine-faddcombine-simplify-n59-d16-r1.pbqp,7,14,16,0,false,false,1,290.0
examples/regalloc/022-instcombine-faddcombine-simplify-n59-d16-r1.pbqp,15,14,16,0,false,false,1,385.0
examples/regalloc/022-instcombine-faddcombine-simplify-n59-d16-r1.pbqp,16,14,1,0,false,false,3,1136.0
examples/regalloc/022-instcombine-faddcombine-simplify-n59-d16-r1.pbqp,15,14,1,0,false,false,1,376.0
examples/regalloc/022-instcombine-faddcombine-simplify-n59-d16-r1.pbqp,7,7,16,0,true,false,1,237.0
examples/regalloc/022-instcombine-faddcombine-simplify-n59-d16-r1.pbqp,16,16,1,0,false,false,1,405.0
examples/regalloc/022-instcombine-faddcombine-simplify-n59-d16-r1.pbqp,16,16,1,0,false,true,7,945.0
examples/regalloc/022-instcombine-faddcombine-simplify-n59-d16-r1.pbqp,16,7,1,0,true,false,1,340.0
examples/regalloc/023-instcombine-faddendcoef-converttofptype-n7-d16.pbqp,7,16,16,0,false,true,7,612.0
examples/regalloc/023-instcombine-faddendcoef-converttofptype-n7-d16.pbqp,15,7,16,0,false,false,2,517.0
examples/regalloc/023-instcombine-faddendcoef-converttofptype-n7-d16.pbqp,15,14,16,0,false,false,1,335.0
examples/regalloc/023-instcombine-faddendcoef-converttofptype-n7-d16.pbqp,15,14,1,0,false,false,1,336.0
examples/regalloc/023-instcombine-faddendcoef-converttofptype-n7-d16.pbqp,15,7,1,0,false,false,2,450.0
examples/regalloc/023-instcombine-faddendcoef-converttofptype-n7-d16.pbqp,7,7,1,0,true,false,1,134.0
examples/regalloc/023-instcombine-faddendcoef-converttofptype-n7-d16.pbqp,7,14,16,0,false,false,1,193.0
examples/regalloc/023-instcombine-faddendcoef-converttofptype-n7-d16.pbqp,7,15,16,0,false,false,1,218.0
examples/regalloc/023-instcombine-faddendcoef-converttofptype-n7-d16.pbqp,15,14,1,0,false,true,7,729.0
examples/regalloc/023-instcombine-faddendcoef-converttofptype-n7-d16.pbqp,15,7,1,0,true,false,1,203.0
examples/regalloc/024-instcombine-faddendcoef-createapfloatfromint-n7-d16.pbqp,7,15,16,0,false,true,14,1022.0
examples/regalloc/024-instcombine-faddendcoef-createapfloatfromint-n7-d16.pbqp,7,14,1,0,true,true,15,976.0
examples/regalloc/024-instcombine-faddendcoef-createapfloatfromint-n7-d16.pbqp,14,15,1,0,false,true,7,769.0
examples/regalloc/024-instcombine-faddendcoef-createapfloatfromint-n7-d16.pbqp,15,14,1,0,false,true,7,794.0
examples/regalloc/024-instcombine-faddendcoef-createapfloatfromint-n7-d16.pbqp,16,7,1,0,false,true,15,1035.0
examples/regalloc/024-instcombine-faddendcoef-createapfloatfromint-n7-d16.pbqp,15,16,1,2,true,false,1,348.0
examples/regalloc/025-instcombine-faddend-drillvaluedownonestep-n36-d16.pbqp,16,15,1,0,false,true,14,1787.0
examples/regalloc/025-instcombine-faddend-drillvaluedownonestep-n36-d16.pbqp,7,16,16,0,true,false,2,545.0
examples/regalloc/025-instcombine-faddend-drillvaluedownonestep-n36-d16.pbqp,7,15,16,0,false,true,16,1224.0
examples/regalloc/025-instcombine-faddend-drillvaluedownonestep-n36-d16.pbqp,15,16,1,0,false,true,7,869.0
examples/regalloc/025-instcombine-faddend-drillvaluedownonestep-n36-d16.pbqp,7,15,16,0,true,false,1,231.0
examples/regalloc/025-instcombine-faddend-drillvaluedownonestep-n36-d16.pbqp,7,16,16,0,false,false,6,1775.0
examples/regalloc/025-instcombine-faddend-drillvaluedownonestep-n36-d16.pbqp,16,14,1,0,false,false,1,363.0
examples/regalloc/025-instcombine-faddend-drillvaluedownonestep-n36-d16.pbqp,16,7,1,0,false,false,53,14166.0
examples/regalloc/025-instcombine-faddend-drillvaluedownonestep-n36-d16.pbqp,7,16,1,0,false,false,2,514.0
examples/regalloc/025-instcombine-faddend-drillvaluedownonestep-n36-d16.pbqp,7,14,1,0,false,false,1,271.0
examples/regalloc/025-instcombine-faddend-drillvaluedownonestep-n36-d16.pbqp,7,7,1,0,false,false,22,3967.0
examples/regalloc/025-instcombine-faddend-drillvaluedownonestep-n36-d16.pbqp,14,16,1,0,false,false,2,713.0
examples/regalloc/025-instcombine-faddend-drillvaluedownonestep-n36-d16.pbqp,14,7,1,0,false,false,1,272.0
examples/regalloc/025-instcombine-faddend-drillvaluedownonestep-n36-d16.pbqp,16,16,1,0,false,false,9,3530.0
examples/regalloc/025-instcombine-faddend-drillvaluedownonestep-n36-d16.pbqp,16,7,16,0,false,false,7,2179.0
examples/regalloc/025-instcombine-faddend-drillvaluedownonestep-n36-d16.pbqp,16,16,16,0,false,false,2,931.0
examples/regalloc/025-instcombine-faddend-drillvaluedownonestep-n36-d16.pbqp,16,15,1,0,false,false,6,2461.0
examples/regalloc/025-instcombine-faddend-drillvaluedownonestep-n36-d16.pbqp,7,7,16,0,false,false,7,1583.0
examples/regalloc/025-instcombine-faddend-drillvaluedownonestep-n36-d16.pbqp,7,15,16,0,false,false,1,353.0
examples/regalloc/025-instcombine-faddend-drillvaluedownonestep-n36-d16.pbqp,16,15,16,0,false,false,1,458.0
examples/regalloc/025-instcombine-faddend-drillvaluedownonestep-n36-d16.pbqp,7,15,1,0,false,false,2,512.0
examples/regalloc/025-instcombine-faddend-drillvaluedownonestep-n36-d16.pbqp,15,7,1,0,false,false,3,811.0
examples/regalloc/025-instcombine-faddend-drillvaluedownonestep-n36-d16.pbqp,15,7,16,0,false,false,1,285.0
examples/regalloc/025-instcombine-faddend-drillvaluedownonestep-n36-d16.pbqp,15,16,16,0,false,false,1,421.0
examples/regalloc/025-instcombine-faddend-drillvaluedownonestep-n36-d16.pbqp,7,16,16,0,false,true,7,723.0
examples/regalloc/025-instcombine-faddend-drillvaluedownonestep-n36-d16.pbqp,7,7,16,0,true,false,1,287.0
examples/regalloc/026-instcombine-faddend-drillvaluedownonestep-n36-d16-r1.pbqp,16,15,1,0,false,true,14,1781.0
examples/regalloc/026-instcombine-faddend-drillvaluedownonestep-n36-d16-r1.pbqp,7,16,16,0,true,false,2,566.0
examples/regalloc/026-instcombine-faddend-drillvaluedownonestep-n36-d16-r1.pbqp,7,15,16,0,false,true,16,1204.0
examples/regalloc/026-instcombine-faddend-drillvaluedownonestep-n36-d16-r1.pbqp,15,16,1,0,false,true,7,892.0
examples/regalloc/026-instcombine-faddend-drillvaluedownonestep-n36-d16-r1.pbqp,7,15,16,0,true,false,1,252.0
examples/regalloc/026-instcombine-faddend-drillvaluedownonestep-n36-d16-r1.pbqp,7,16,16,0,false,false,5,1480.0
examples/regalloc/026-instcombine-faddend-drillvaluedownonestep-n36-d16-r1.pbqp,16,14,1,0,false,false,1,375.0
examples/regalloc/026-instcombine-faddend-drillvaluedownonestep-n36-d16-r1.pbqp,16,7,1,0,false,false,54,14666.0
examples/regalloc/026-instcombine-faddend-drillvaluedownonestep-n36-d16-r1.pbqp,7,16,1,0,false,false,2,520.0
examples/regalloc/026-instcombine-faddend-drillvaluedownonestep-n36-d16-r1.pbqp,7,14,1,0,false,false,1,263.0
examples/regalloc/026-instcombine-faddend-drillvaluedownonestep-n36-d16-r1.pbqp,7,7,1,0,false,false,18,3319.0
examples/regalloc/026-instcombine-faddend-drillvaluedownonestep-n36-d16-r1.pbqp,14,16,1,0,false,false,2,716.0
examples/regalloc/026-instcombine-faddend-drillvaluedownonestep-n36-d16-r1.pbqp,14,7,1,0,false,false,1,273.0
examples/regalloc/026-instcombine-faddend-drillvaluedownonestep-n36-d16-r1.pbqp,16,16,1,0,false,false,10,3879.0
examples/regalloc/026-instcombine-faddend-drillvaluedownonestep-n36-d16-r1.pbqp,16,7,16,0,false,false,6,1941.0
examples/regalloc/026-instcombine-faddend-drillvaluedownonestep-n36-d16-r1.pbqp,16,16,16,0,false,false,2,915.0
examples/regalloc/026-instcombine-faddend-drillvaluedownonestep-n36-d16-r1.pbqp,16,15,1,0,false,false,7,2860.0
examples/regalloc/026-instcombine-faddend-drillvaluedownonestep-n36-d16-r1.pbqp,7,7,16,0,false,false,5,1199.0
examples/regalloc/026-instcombine-faddend-drillvaluedownonestep-n36-d16-r1.pbqp,7,15,16,0,false,false,1,280.0
examples/regalloc/026-instcombine-faddend-drillvaluedownonestep-n36-d16-r1.pbqp,16,15,16,0,false,false,1,454.0
examples/regalloc/026-instcombine-faddend-drillvaluedownonestep-n36-d16-r1.pbqp,7,15,1,0,false,false,1,266.0
examples/regalloc/026-instcombine-faddend-drillvaluedownonestep-n36-d16-r1.pbqp,15,7,1,0,false,false,3,747.0
examples/regalloc/026-instcombine-faddend-drillvaluedownonestep-n36-d16-r1.pbqp,15,7,16,0,false,false,1,282.0
examples/regalloc/026-instcombine-faddend-drillvaluedownonestep-n36-d16-r1.pbqp,15,16,16,0,false,false,1,403.0
examples/regalloc/026-instcombine-faddend-drillvaluedownonestep-n36-d16-r1.pbqp,7,16,16,0,false,true,7,708.0
examples/regalloc/026-instcombine-faddend-drillvaluedownonestep-n36-d16-r1.pbqp,7,7,16,0,true,false,1,271.0
examples/regalloc/027-instcombine-faddend-set-n4-d16.pbqp,15,7,1,0,false,false,1,237.0
examples/regalloc/027-instcombine-faddend-set-n4-d16.pbqp,15,7,16,0,false,false,1,228.0
examples/regalloc/027-instcombine-faddend-set-n4-d16.pbqp,15,16,16,0,false,false,1,338.0
examples/regalloc/027-instcombine-faddend-set-n4-d16.pbqp,7,16,16,0,false,true,7,562.0
examples/regalloc/027-instcombine-faddend-set-n4-d16.pbqp,7,7,16,0,true,false,1,175.0
examples/regalloc/028-instcombine-faddend-scale-n17-d16.pbqp,7,16,16,0,false,false,8,1857.0
examples/regalloc/028-instcombine-faddend-scale-n17-d16.pbqp,7,15,16,0,false,false,2,394.0
examples/regalloc/028-instcombine-faddend-scale-n17-d16.pbqp,7,16,16,0,false,true,14,1099.0
examples/regalloc/028-instcombine-faddend-scale-n17-d16.pbqp,14,7,1,0,false,false,2,435.0
examples/regalloc/028-instcombine-faddend-scale-n17-d16.pbqp,14,16,16,0,false,false,1,357.0
examples/regalloc/028-instcombine-faddend-scale-n17-d16.pbqp,16,7,1,0,false,false,6,1323.0
examples/regalloc/028-instcombine-faddend-scale-n17-d16.pbqp,16,16,1,0,false,false,7,2444.0
examples/regalloc/028-instcombine-faddend-scale-n17-d16.pbqp,7,16,1,0,false,false,2,439.0
examples/regalloc/028-instcombine-faddend-scale-n17-d16.pbqp,7,7,1,0,true,false,2,325.0
examples/regalloc/028-instcombine-faddend-scale-n17-d16.pbqp,7,7,1,0,false,false,1,137.0
examples/regalloc/028-instcombine-faddend-scale-n17-d16.pbqp,16,16,16,0,false,false,1,404.0
examples/regalloc/028-instcombine-faddend-scale-n17-d16.pbqp,16,16,16,0,false,true,16,1512.0
examples/regalloc/028-instcombine-faddend-scale-n17-d16.pbqp,16,16,16,0,true,false,1,421.0
examples/regalloc/029-instcombine-selectinst-init-n19-d16.pbqp,16,13,1,0,false,false,14,5208.0
examples/regalloc/029-instcombine-selectinst-init-n19-d16.pbqp,16,16,1,0,false,false,20,7457.0
examples/regalloc/029-instcombine-selectinst-init-n19-d16.pbqp,16,16,16,0,false,false,12,4997.0
examples/regalloc/029-instcombine-selectinst-init-n19-d16.pbqp,13,16,16,0,false,true,16,1419.0
examples/regalloc/029-instcombine-selectinst-init-n19-d16.pbqp,16,14,1,0,false,false,10,3707.0
examples/regalloc/029-instcombine-selectinst-init-n19-d16.pbqp,16,15,1,0,false,false,3,1118.0
examples/regalloc/029-instcombine-selectinst-init-n19-d16.pbqp,15,14,1,0,false,false,1,322.0
examples/regalloc/029-instcombine-selectinst-init-n19-d16.pbqp,15,13,1,0,false,false,1,320.0
examples/regalloc/029-instcombine-selectinst-init-n19-d16.pbqp,15,16,16,0,false,false,3,1146.0
examples/regalloc/029-instcombine-selectinst-init-n19-d16.pbqp,16,14,1,0,false,true,13,1303.0
examples/regalloc/029-instcombine-selectinst-init-n19-d16.pbqp,16,13,1,0,true,false,1,436.0
examples/regalloc/030-instcombine-selectinst-create-n9-d15.pbqp,7,7,1,0,false,false,22,3461.0
examples/regalloc/030-instcombine-selectinst-create-n9-d15.pbqp,7,15,15,0,false,false,6,1413.0
examples/regalloc/030-instcombine-selectinst-create-n9-d15.pbqp,7,7,15,0,false,false,5,1007.0
examples/regalloc/030-instcombine-selectinst-create-n9-d15.pbqp,15,7,1,0,false,true,7,637.0
examples/regalloc/030-instcombine-selectinst-create-n9-d15.pbqp,15,7,1,2,true,false,1,266.0
examples/regalloc/031-instcombine-selectinst-create-n8-d15-r1.pbqp,7,15,15,0,false,false,5,1171.0
examples/regalloc/031-instcombine-selectinst-create-n8-d15-r1.pbqp,7,7,1,0,false,false,14,2073.0
examples/regalloc/031-instcombine-selectinst-create-n8-d15-r1.pbqp,15,7,1,0,false,true,7,642.0
examples/regalloc/031-instcombine-selectinst-create-n8-d15-r1.pbqp,15,7,1,2,true,false,1,312.0
examples/regalloc/032-instcombine-densemapbase-grow-n22-d17.pbqp,16,15,1,0,false,true,7,895.0
examples/regalloc/032-instcombine-densemapbase-grow-n22-d17.pbqp,16,16,1,0,false,true,51,5729.0
examples/regalloc/032-instcombine-densemapbase-grow-n22-d17.pbqp,7,16,1,0,false,true,7,636.0
examples/regalloc/032-instcombine-densemapbase-grow-n22-d17.pbqp,7,16,17,0,false,false,7,1583.0
examples/regalloc/032-instcombine-densemapbase-grow-n22-d17.pbqp,17,17,1,0,false,false,1,446.0
examples/regalloc/032-instcombine-densemapbase-grow-n22-d17.pbqp,15,16,17,0,false,true,16,1601.0
examples/regalloc/032-instcombine-densemapbase-grow-n22-d17.pbqp,15,14,17,0,false,false,1,385.0
examples/regalloc/032-instcombine-densemapbase-grow-n22-d17.pbqp,16,7,1,0,false,false,2,477.0
examples/regalloc/032-instcombine-densemapbase-grow-n22-d17.pbqp,16,7,17,0,false,false,1,280.0
examples/regalloc/032-instcombine-densemapbase-grow-n22-d17.pbqp,15,7,1,0,false,false,4,912.0
examples/regalloc/032-instcombine-densemapbase-grow-n22-d17.pbqp,7,7,1,0,true,false,1,222.0
examples/regalloc/032-instcombine-densemapbase-grow-n22-d17.pbqp,7,7,17,0,false,false,1,154.0
examples/regalloc/032-instcombine-densemapbase-grow-n22-d17.pbqp,7,7,1,0,false,false,1,170.0
examples/regalloc/032-instcombine-densemapbase-grow-n22-d17.pbqp,7,16,17,0,true,false,1,237.0
examples/regalloc/032-instcombine-densemapbase-grow-n22-d17.pbqp,15,16,17,0,true,false,1,386.0
examples/regalloc/032-instcombine-densemapbase-grow-n22-d17.pbqp,15,16,17,0,false,false,2,766.0
examples/regalloc/032-instcombine-densemapbase-grow-n22-d17.pbqp,16,16,17,0,true,false,1,470.0
examples/regalloc/033-instcombine-densemapbase-lookupbucketfor-n15-d16.pbqp,16,15,1,0,false,false,1,409.0
examples/regalloc/033-instcombine-densemapbase-lookupbucketfor-n15-d16.pbqp,16,14,1,0,false,false,9,3386.0
examples/regalloc/033-instcombine-densemapbase-lookupbucketfor-n15-d16.pbqp,16,16,16,0,false,false,26,11029.0
examples/regalloc/033-instcombine-densemapbase-lookupbucketfor-n15-d16.pbqp,15,14,1,0,false,false,1,338.0
examples/regalloc/033-instcombine-densemapbase-lookupbucketfor-n15-d16.pbqp,15,16,16,0,false,false,3,1179.0
examples/regalloc/033-instcombine-densemapbase-lookupbucketfor-n15-d16.pbqp,16,16,1,0,false,false,25,9196.0
examples/regalloc/033-instcombine-densemapbase-lookupbucketfor-n15-d16.pbqp,14,16,16,0,false,false,4,1555.0
examples/regalloc/033-instcombine-densemapbase-lookupbucketfor-n15-d16.pbqp,16,16,16,0,false,true,16,1707.0
examples/regalloc/033-instcombine-densemapbase-lookupbucketfor-n15-d16.pbqp,16,16,1,0,true,false,1,439.0
examples/regalloc/034-instcombine-densemapbase-movefrom-n26-d17.pbqp,7,14,17,0,false,true,14,1182.0
examples/regalloc/034-instcombine-densemapbase-movefrom-n26-d17.pbqp,15,16,17,0,false,false,1,518.0
examples/regalloc/034-instcombine-densemapbase-movefrom-n26-d17.pbqp,16,16,1,0,false,false,1,614.0
examples/regalloc/034-instcombine-densemapbase-movefrom-n26-d17.pbqp,16,14,1,0,false,false,6,2292.0
examples/regalloc/034-instcombine-densemapbase-movefrom-n26-d17.pbqp,16,7,1,0,false,false,6,1708.0
examples/regalloc/034-instcombine-densemapbase-movefrom-n26-d17.pbqp,16,15,1,0,false,false,33,12916.0
examples/regalloc/034-instcombine-densemapbase-movefrom-n26-d17.pbqp,16,16,17,0,false,false,1,518.0
examples/regalloc/034-instcombine-densemapbase-movefrom-n26-d17.pbqp,16,15,17,0,false,false,1,523.0
examples/regalloc/034-instcombine-densemapbase-movefrom-n26-d17.pbqp,14,15,1,0,false,false,2,768.0
examples/regalloc/034-instcombine-densemapbase-movefrom-n26-d17.pbqp,14,7,1,0,true,false,1,263.0
examples/regalloc/034-instcombine-densemapbase-movefrom-n26-d17.pbqp,14,15,17,0,false,false,13,4790.0
examples/regalloc/034-instcombine-densemapbase-movefrom-n26-d17.pbqp,15,15,1,0,false,false,28,11336.0
examples/regalloc/034-instcombine-densemapbase-movefrom-n26-d17.pbqp,15,7,1,0,false,false,8,2375.0
examples/regalloc/034-instcombine-densemapbase-movefrom-n26-d17.pbqp,15,15,17,0,false,false,74,31121.0
examples/regalloc/034-instcombine-densemapbase-movefrom-n26-d17.pbqp,7,15,17,0,false,false,7,1957.0
examples/regalloc/034-instcombine-densemapbase-movefrom-n26-d17.pbqp,15,15,1,0,false,true,15,1485.0
examples/regalloc/034-instcombine-densemapbase-movefrom-n26-d17.pbqp,15,15,17,2,true,false,1,655.0
examples/regalloc/035-instcombine-densemapbase-movefrom-n38-d17-r1.pbqp,14,16,17,0,false,true,77,7291.0
examples/regalloc/035-instcombine-densemapbase-movefrom-n38-d17-r1.pbqp,14,14,17,0,false,false,1,419.0
examples/regalloc/035-instcombine-densemapbase-movefrom-n38-d17-r1.pbqp,16,16,1,0,false,false,1,462.0
examples/regalloc/035-instcombine-densemapbase-movefrom-n38-d17-r1.pbqp,15,16,17,0,false,false,1,409.0
examples/regalloc/035-instcombine-densemapbase-movefrom-n38-d17-r1.pbqp,14,16,17,0,false,false,1,357.0
examples/regalloc/035-instcombine-densemapbase-movefrom-n38-d17-r1.pbqp,16,14,1,0,true,false,1,404.0
examples/regalloc/035-instcombine-densemapbase-movefrom-n38-d17-r1.pbqp,16,16,17,0,false,false,2,867.0
examples/regalloc/035-instcombine-densemapbase-movefrom-n38-d17-r1.pbqp,16,16,1,0,false,true,14,1588.0
examples/regalloc/035-instcombine-densemapbase-movefrom-n38-d17-r1.pbqp,14,16,17,0,true,false,1,352.0
examples/regalloc/035-instcombine-densemapbase-movefrom-n38-d17-r1.pbqp,16,15,1,0,false,false,36,13425.0
examples/regalloc/035-instcombine-densemapbase-movefrom-n38-d17-r1.pbqp,16,14,1,0,false,false,6,2285.0
examples/regalloc/035-instcombine-densemapbase-movefrom-n38-d17-r1.pbqp,16,15,17,0,false,false,1,506.0
examples/regalloc/035-instcombine-densemapbase-movefrom-n38-d17-r1.pbqp,14,15,1,0,true,false,1,400.0
examples/regalloc/035-instcombine-densemapbase-movefrom-n38-d17-r1.pbqp,14,15,17,0,false,false,12,4613.0
examples/regalloc/035-instcombine-densemapbase-movefrom-n38-d17-r1.pbqp,15,15,1,0,false,false,20,7685.0
examples/regalloc/035-instcombine-densemapbase-movefrom-n38-d17-r1.pbqp,15,15,17,0,false,false,55,22074.0
examples/regalloc/035-instcombine-densemapbase-movefrom-n38-d17-r1.pbqp,15,15,1,0,false,true,15,1501.0
examples/regalloc/035-instcombine-densemapbase-movefrom-n38-d17-r1.pbqp,15,15,17,2,true,false,1,605.0
examples/regalloc/036-instcombine-densemapbase-lookuporinsertintobucke-n22-d16.pbqp,15,15,16,0,false,false,1,435.0
examples/regalloc/036-instcombine-densemapbase-lookuporinsertintobucke-n22-d16.pbqp,7,14,16,0,false,true,7,535.0
examples/regalloc/036-instcombine-densemapbase-lookuporinsertintobucke-n22-d16.pbqp,15,16,16,0,false,false,1,403.0
examples/regalloc/036-instcombine-densemapbase-lookuporinsertintobucke-n22-d16.pbqp,15,15,1,0,false,false,7,2367.0
examples/regalloc/036-instcombine-densemapbase-lookuporinsertintobucke-n22-d16.pbqp,15,7,1,0,false,false,4,914.0
examples/regalloc/036-instcombine-densemapbase-lookuporinsertintobucke-n22-d16.pbqp,15,16,1,0,false,false,2,732.0
examples/regalloc/036-instcombine-densemapbase-lookuporinsertintobucke-n22-d16.pbqp,16,15,1,0,false,false,29,10969.0
examples/regalloc/036-instcombine-densemapbase-lookuporinsertintobucke-n22-d16.pbqp,16,16,1,0,false,false,22,8471.0
examples/regalloc/036-instcombine-densemapbase-lookuporinsertintobucke-n22-d16.pbqp,16,7,1,0,false,false,18,4706.0
examples/regalloc/036-instcombine-densemapbase-lookuporinsertintobucke-n22-d16.pbqp,16,16,16,0,false,false,8,3329.0
examples/regalloc/036-instcombine-densemapbase-lookuporinsertintobucke-n22-d16.pbqp,16,15,16,0,false,false,3,1305.0
examples/regalloc/036-instcombine-densemapbase-lookuporinsertintobucke-n22-d16.pbqp,7,7,1,0,true,false,1,160.0
examples/regalloc/036-instcombine-densemapbase-lookuporinsertintobucke-n22-d16.pbqp,7,16,16,0,false,false,6,1519.0
examples/regalloc/036-instcombine-densemapbase-lookuporinsertintobucke-n22-d16.pbqp,7,15,16,0,false,false,6,1445.0
examples/regalloc/036-instcombine-densemapbase-lookuporinsertintobucke-n22-d16.pbqp,15,16,1,0,false,true,15,1538.0
examples/regalloc/036-instcombine-densemapbase-lookuporinsertintobucke-n22-d16.pbqp,15,15,1,0,true,false,1,443.0
examples/regalloc/037-instcombine-densemapbase-grow-n20-d17.pbqp,15,15,1,0,false,false,5,1695.0
examples/regalloc/037-instcombine-densemapbase-grow-n20-d17.pbqp,7,15,1,0,false,false,1,202.0
examples/regalloc/037-instcombine-densemapbase-grow-n20-d17.pbqp,7,16,17,0,false,false,5,1195.0
examples/regalloc/037-instcombine-densemapbase-grow-n20-d17.pbqp,17,17,1,0,false,false,1,444.0
examples/regalloc/037-instcombine-densemapbase-grow-n20-d17.pbqp,15,16,17,0,false,true,16,1593.0
examples/regalloc/037-instcombine-densemapbase-grow-n20-d17.pbqp,15,14,17,0,false,false,1,362.0
examples/regalloc/037-instcombine-densemapbase-grow-n20-d17.pbqp,15,7,1,0,false,false,4,1003.0
examples/regalloc/037-instcombine-densemapbase-grow-n20-d17.pbqp,7,7,17,0,false,false,2,389.0
examples/regalloc/037-instcombine-densemapbase-grow-n20-d17.pbqp,7,16,17,0,false,true,7,673.0
examples/regalloc/037-instcombine-densemapbase-grow-n20-d17.pbqp,7,7,17,0,true,false,1,195.0
examples/regalloc/037-instcombine-densemapbase-grow-n20-d17.pbqp,15,16,17,0,true,false,1,377.0
examples/regalloc/037-instcombine-densemapbase-grow-n20-d17.pbqp,15,16,17,0,false,false,2,759.0
examples/regalloc/037-instcombine-densemapbase-grow-n20-d17.pbqp,16,16,1,0,false,true,16,1705.0
examples/regalloc/037-instcombine-densemapbase-grow-n20-d17.pbqp,16,16,17,0,true,false,1,440.0
examples/regalloc/038-instcombine-densemapbase-lookupbucketfor-n15-d16.pbqp,16,15,1,0,false,false,1,399.0
examples/regalloc/038-instcombine-densemapbase-lookupbucketfor-n15-d16.pbqp,16,14,1,0,false,false,9,3081.0
examples/regalloc/038-instcombine-densemapbase-lookupbucketfor-n15-d16.pbqp,16,16,16,0,false,false,26,10572.0
examples/regalloc/038-instcombine-densemapbase-lookupbucketfor-n15-d16.pbqp,15,14,1,0,false,false,1,290.0
examples/regalloc/038-instcombine-densemapbase-lookupbucketfor-n15-d16.pbqp,15,16,16,0,false,false,3,1105.0
examples/regalloc/038-instcombine-densemapbase-lookupbucketfor-n15-d16.pbqp,16,16,1,0,false,false,25,8822.0
examples/regalloc/038-instcombine-densemapbase-lookupbucketfor-n15-d16.pbqp,14,16,16,0,false,false,4,1502.0
examples/regalloc/038-instcombine-densemapbase-lookupbucketfor-n15-d16.pbqp,16,16,16,0,false,true,16,1581.0
examples/regalloc/038-instcombine-densemapbase-lookupbucketfor-n15-d16.pbqp,16,16,1,0,true,false,1,413.0
examples/regalloc/039-instcombine-densemapbase-movefrom-n28-d17.pbqp,7,14,17,0,false,true,14,1135.0
examples/regalloc/039-instcombine-densemapbase-movefrom-n28-d17.pbqp,15,16,17,0,false,false,1,475.0
examples/regalloc/039-instcombine-densemapbase-movefrom-n28-d17.pbqp,16,16,1,0,false,false,1,622.0
examples/regalloc/039-instcombine-densemapbase-movefrom-n28-d17.pbqp,16,14,1,0,false,false,6,2296.0
examples/regalloc/039-instcombine-densemapbase-movefrom-n28-d17.pbqp,16,7,1,0,false,false,6,1699.0
examples/regalloc/039-instcombine-densemapbase-movefrom-n28-d17.pbqp,16,15,1,0,false,false,37,14472.0
examples/regalloc/039-instcombine-densemapbase-movefrom-n28-d17.pbqp,16,16,17,0,false,false,1,536.0
examples/regalloc/039-instcombine-densemapbase-movefrom-n28-d17.pbqp,16,15,17,0,false,false,1,491.0
examples/regalloc/039-instcombine-densemapbase-movefrom-n28-d17.pbqp,15,15,1,0,false,false,49,19166.0
examples/regalloc/039-instcombine-densemapbase-movefrom-n28-d17.pbqp,15,14,1,0,false,false,1,405.0
examples/regalloc/039-instcombine-densemapbase-movefrom-n28-d17.pbqp,15,7,1,0,false,false,9,2717.0
examples/regalloc/039-instcombine-densemapbase-movefrom-n28-d17.pbqp,15,15,17,0,false,false,83,35393.0
examples/regalloc/039-instcombine-densemapbase-movefrom-n28-d17.pbqp,14,15,1,0,false,false,2,751.0
examples/regalloc/039-instcombine-densemapbase-movefrom-n28-d17.pbqp,14,7,1,0,true,false,1,228.0
examples/regalloc/039-instcombine-densemapbase-movefrom-n28-d17.pbqp,14,15,17,0,false,false,14,5122.0
examples/regalloc/039-instcombine-densemapbase-movefrom-n28-d17.pbqp,7,15,17,0,false,false,8,2254.0
examples/regalloc/039-instcombine-densemapbase-movefrom-n28-d17.pbqp,15,15,1,0,false,true,15,1505.0
examples/regalloc/039-instcombine-densemapbase-movefrom-n28-d17.pbqp,15,15,17,2,true,false,1,610.0
examples/regalloc/040-instcombine-densemapbase-movefrom-n40-d17-r1.pbqp,14,16,17,0,false,true,47,4762.0
examples/regalloc/040-instcombine-densemapbase-movefrom-n40-d17-r1.pbqp,14,14,17,0,false,false,1,461.0
examples/regalloc/040-instcombine-densemapbase-movefrom-n40-d17-r1.pbqp,16,16,1,0,false,false,1,439.0
examples/regalloc/040-instcombine-densemapbase-movefrom-n40-d17-r1.pbqp,14,16,17,0,false,false,4,1510.0
examples/regalloc/040-instcombine-densemapbase-movefrom-n40-d17-r1.pbqp,16,14,1,0,true,false,1,425.0
examples/regalloc/040-instcombine-densemapbase-movefrom-n40-d17-r1.pbqp,16,16,17,0,false,false,2,830.0
examples/regalloc/040-instcombine-densemapbase-movefrom-n40-d17-r1.pbqp,16,16,1,0,false,true,14,1540.0
examples/regalloc/040-instcombine-densemapbase-movefrom-n40-d17-r1.pbqp,14,16,17,0,true,false,1,388.0
examples/regalloc/040-instcombine-densemapbase-movefrom-n40-d17-r1.pbqp,16,15,1,0,false,false,33,12909.0
examples/regalloc/040-instcombine-densemapbase-movefrom-n40-d17-r1.pbqp,16,14,1,0,false,false,5,1982.0
examples/regalloc/040-instcombine-densemapbase-movefrom-n40-d17-r1.pbqp,16,15,17,0,false,false,1,512.0
examples/regalloc/040-instcombine-densemapbase-movefrom-n40-d17-r1.pbqp,15,15,1,0,false,false,32,12271.0
examples/regalloc/040-instcombine-densemapbase-movefrom-n40-d17-r1.pbqp,15,14,1,0,false,false,1,384.0
examples/regalloc/040-instcombine-densemapbase-movefrom-n40-d17-r1.pbqp,15,15,17,0,false,false,55,22701.0
examples/regalloc/040-instcombine-densemapbase-movefrom-n40-d17-r1.pbqp,14,15,17,0,true,false,1,440.0
examples/regalloc/040-instcombine-densemapbase-movefrom-n40-d17-r1.pbqp,14,15,17,0,false,false,12,4570.0
examples/regalloc/040-instcombine-densemapbase-movefrom-n40-d17-r1.pbqp,15,15,1,0,false,true,15,1524.0
examples/regalloc/040-instcombine-densemapbase-movefrom-n40-d17-r1.pbqp,15,15,17,2,true,false,1,625.0
examples/regalloc/041-instcombine-densemapbase-lookuporinsertintobucke-n24-d16.pbqp,15,15,16,0,false,false,1,460.0
examples/regalloc/041-instcombine-densemapbase-lookuporinsertintobucke-n24-d16.pbqp,15,16,16,0,false,true,7,891.0
examples/regalloc/041-instcombine-densemapbase-lookuporinsertintobucke-n24-d16.pbqp,15,16,16,0,false,false,1,453.0
examples/regalloc/041-instcombine-densemapbase-lookuporinsertintobucke-n24-d16.pbqp,14,7,1,0,false,false,3,712.0
examples/regalloc/041-instcombine-densemapbase-lookuporinsertintobucke-n24-d16.pbqp,15,15,1,0,false,false,7,2557.0
examples/regalloc/041-instcombine-densemapbase-lookuporinsertintobucke-n24-d16.pbqp,15,7,1,0,false,false,6,1447.0
examples/regalloc/041-instcombine-densemapbase-lookuporinsertintobucke-n24-d16.pbqp,15,16,1,0,false,false,2,767.0
examples/regalloc/041-instcombine-densemapbase-lookuporinsertintobucke-n24-d16.pbqp,16,15,1,0,false,false,29,11598.0
examples/regalloc/041-instcombine-densemapbase-lookuporinsertintobucke-n24-d16.pbqp,16,16,1,0,false,false,22,9094.0
examples/regalloc/041-instcombine-densemapbase-lookuporinsertintobucke-n24-d16.pbqp,16,7,1,0,false,false,27,7677.0
examples/regalloc/041-instcombine-densemapbase-lookuporinsertintobucke-n24-d16.pbqp,16,16,16,0,false,false,8,3436.0
examples/regalloc/041-instcombine-densemapbase-lookuporinsertintobucke-n24-d16.pbqp,16,15,16,0,false,false,3,1284.0
examples/regalloc/041-instcombine-densemapbase-lookuporinsertintobucke-n24-d16.pbqp,7,7,1,0,false,false,3,579.0
examples/regalloc/041-instcombine-densemapbase-lookuporinsertintobucke-n24-d16.pbqp,7,16,16,0,false,false,9,2585.0
examples/regalloc/041-instcombine-densemapbase-lookuporinsertintobucke-n24-d16.pbqp,7,15,16,0,false,false,8,2124.0
examples/regalloc/041-instcombine-densemapbase-lookuporinsertintobucke-n24-d16.pbqp,7,15,16,0,true,false,1,318.0
examples/regalloc/041-instcombine-densemapbase-lookuporinsertintobucke-n24-d16.pbqp,15,16,1,0,false,true,15,1543.0
examples/regalloc/041-instcombine-densemapbase-lookuporinsertintobucke-n24-d16.pbqp,15,15,1,0,true,false,1,430.0
examples/regalloc/042-instcombine-instcombiner-replaceoperand-n18-d16.pbqp,7,16,16,0,false,true,14,1226.0
examples/regalloc/042-instcombine-instcombiner-replaceoperand-n18-d16.pbqp,7,15,16,0,false,true,7,543.0
examples/regalloc/042-instcombine-instcombiner-replaceoperand-n18-d16.pbqp,15,7,1,0,false,false,3,715.0
examples/regalloc/042-instcombine-instcombiner-replaceoperand-n18-d16.pbqp,7,16,1,0,false,false,5,1132.0
examples/regalloc/042-instcombine-instcombiner-replaceoperand-n18-d16.pbqp,7,7,1,0,false,false,2,302.0
examples/regalloc/042-instcombine-instcombiner-replaceoperand-n18-d16.pbqp,7,7,1,0,true,false,1,148.0
examples/regalloc/042-instcombine-instcombiner-replaceoperand-n18-d16.pbqp,14,13,1,0,false,false,1,291.0
examples/regalloc/042-instcombine-instcombiner-replaceoperand-n18-d16.pbqp,14,7,16,0,false,false,1,260.0
examples/regalloc/042-instcombine-instcombiner-replaceoperand-n18-d16.pbqp,14,16,16,0,false,false,3,1175.0
examples/regalloc/042-instcombine-instcombiner-replaceoperand-n18-d16.pbqp,16,13,1,0,false,false,6,2082.0
examples/regalloc/042-instcombine-instcombiner-replaceoperand-n18-d16.pbqp,16,16,1,0,false,false,12,4662.0
examples/regalloc/042-instcombine-instcombiner-replaceoperand-n18-d16.pbqp,16,7,1,0,false,false,11,3048.0
examples/regalloc/042-instcombine-instcombiner-replaceoperand-n18-d16.pbqp,16,16,16,0,false,false,5,2056.0
examples/regalloc/042-instcombine-instcombiner-replaceoperand-n18-d16.pbqp,7,13,1,0,false,false,1,206.0
examples/regalloc/042-instcombine-instcombiner-replaceoperand-n18-d16.pbqp,13,7,16,0,false,false,1,241.0
examples/regalloc/042-instcombine-instcombiner-replaceoperand-n18-d16.pbqp,13,16,16,0,false,false,3,976.0
examples/regalloc/042-instcombine-instcombiner-replaceoperand-n18-d16.pbqp,16,7,1,0,false,true,16,1222.0
examples/regalloc/042-instcombine-instcombiner-replaceoperand-n18-d16.pbqp,16,16,16,2,true,false,1,472.0
examples/regalloc/043-instcombine-instcombiner-replaceinstuseswith-n14-d16.pbqp,7,16,16,0,false,false,10,2710.0
examples/regalloc/043-instcombine-instcombiner-replaceinstuseswith-n14-d16.pbqp,16,7,1,0,false,false,25,6493.0
examples/regalloc/043-instcombine-instcombiner-replaceinstuseswith-n14-d16.pbqp,16,7,16,0,false,false,1,277.0
examples/regalloc/043-instcombine-instcombiner-replaceinstuseswith-n14-d16.pbqp,7,7,1,0,false,false,16,3133.0
examples/regalloc/043-instcombine-instcombiner-replaceinstuseswith-n14-d16.pbqp,7,7,16,0,false,false,9,1904.0
examples/regalloc/043-instcombine-instcombiner-replaceinstuseswith-n14-d16.pbqp,16,16,16,0,false,false,1,413.0
examples/regalloc/043-instcombine-instcombiner-replaceinstuseswith-n14-d16.pbqp,7,7,16,0,false,true,7,567.0
examples/regalloc/043-instcombine-instcombiner-replaceinstuseswith-n14-d16.pbqp,7,7,1,2,true,false,1,241.0
examples/regalloc/044-instcombine-instcombiner-replaceinstuseswith-n16-d16-r1.pbqp,7,16,1,0,false,true,7,590.0
examples/regalloc/044-instcombine-instcombiner-replaceinstuseswith-n16-d16-r1.pbqp,7,16,16,0,false,false,11,2726.0
examples/regalloc/044-instcombine-instcombiner-replaceinstuseswith-n16-d16-r1.pbqp,16,7,1,0,false,false,21,4851.0
examples/regalloc/044-instcombine-instcombiner-replaceinstuseswith-n16-d16-r1.pbqp,7,7,1,0,false,false,9,1857.0
examples/regalloc/044-instcombine-instcombiner-replaceinstuseswith-n16-d16-r1.pbqp,7,7,16,0,false,false,5,938.0
examples/regalloc/044-instcombine-instcombiner-replaceinstuseswith-n16-d16-r1.pbqp,16,16,16,0,false,false,1,406.0
examples/regalloc/044-instcombine-instcombiner-replaceinstuseswith-n16-d16-r1.pbqp,7,16,16,0,false,true,7,667.0
examples/regalloc/044-instcombine-instcombiner-replaceinstuseswith-n16-d16-r1.pbqp,7,7,16,0,true,false,1,277.0
examples/regalloc/045-instcombine-instcombiner-addone-n3-d15.pbqp,15,7,1,0,false,true,15,986.0
examples/regalloc/045-instcombine-instcombiner-addone-n3-d15.pbqp,15,15,15,2,true,false,1,327.0
examples/regalloc/046-instcombine-instcombiner-subone-n3-d15.pbqp,15,7,1,0,false,true,15,1007.0
examples/regalloc/046-instcombine-instcombiner-subone-n3-d15.pbqp,15,15,15,2,true,false,1,323.0
examples/regalloc/047-instcombine-patternmatch-match-n13-d16.pbqp,7,16,16,0,false,true,28,2479.0
examples/regalloc/047-instcombine-patternmatch-match-n13-d16.pbqp,16,16,1,0,false,true,7,875.0
examples/regalloc/047-instcombine-patternmatch-match-n13-d16.pbqp,7,16,1,0,true,false,1,190.0
examples/regalloc/047-instcombine-patternmatch-match-n13-d16.pbqp,14,7,1,0,false,false,4,844.0
examples/regalloc/047-instcombine-patternmatch-match-n13-d16.pbqp,14,16,16,0,false,false,2,745.0
examples/regalloc/047-instcombine-patternmatch-match-n13-d16.pbqp,7,7,1,0,true,false,1,123.0
examples/regalloc/047-instcombine-patternmatch-match-n13-d16.pbqp,7,16,16,0,false,false,2,413.0
examples/regalloc/047-instcombine-patternmatch-match-n13-d16.pbqp,16,7,1,0,false,true,16,1115.0
examples/regalloc/047-instcombine-patternmatch-match-n13-d16.pbqp,16,16,1,2,true,false,1,447.0
examples/regalloc/048-instcombine-patternmatch-match-n11-d16.pbqp,7,16,16,0,false,true,35,2728.0
examples/regalloc/048-instcombine-patternmatch-match-n11-d16.pbqp,16,16,16,0,false,false,1,382.0
examples/regalloc/048-instcombine-patternmatch-match-n11-d16.pbqp,15,7,1,0,false,false,4,877.0
examples/regalloc/048-instcombine-patternmatch-match-n11-d16.pbqp,15,16,16,0,false,false,2,765.0
examples/regalloc/048-instcombine-patternmatch-match-n11-d16.pbqp,7,7,16,0,true,false,1,151.0
examples/regalloc/049-instcombine-patternmatch-match-n13-d16.pbqp,7,16,16,0,false,true,28,2423.0
examples/regalloc/049-instcombine-patternmatch-match-n13-d16.pbqp,16,16,1,0,false,true,7,875.0
examples/regalloc/049-instcombine-patternmatch-match-n13-d16.pbqp,7,16,1,0,true,false,1,199.0
examples/regalloc/049-instcombine-patternmatch-match-n13-d16.pbqp,15,7,1,0,false,false,4,899.0
examples/regalloc/049-instcombine-patternmatch-match-n13-d16.pbqp,15,16,16,0,false,false,2,784.0
examples/regalloc/049-instcombine-patternmatch-match-n13-d16.pbqp,7,7,1,0,true,false,1,146.0
examples/regalloc/049-instcombine-patternmatch-match-n13-d16.pbqp,7,16,16,0,false,false,2,443.0
examples/regalloc/049-instcombine-patternmatch-match-n13-d16.pbqp,16,7,1,0,false,true,16,1107.0
examples/regalloc/049-instcombine-patternmatch-match-n13-d16.pbqp,16,16,1,2,true,false,1,447.0
examples/regalloc/050-instcombine-patternmatch-match-n11-d16.pbqp,16,16,1,0,false,true,7,914.0
examples/regalloc/050-instcombine-patternmatch-match-n11-d16.pbqp,7,16,1,0,true,false,1,201.0
examples/regalloc/050-instcombine-patternmatch-match-n11-d16.pbqp,15,16,1,0,false,false,1,324.0
examples/regalloc/050-instcombine-patternmatch-match-n11-d16.pbqp,15,7,1,0,false,false,2,421.0
examples/regalloc/050-instcombine-patternmatch-match-n11-d16.pbqp,16,16,1,0,false,false,5,1850.0
examples/regalloc/050-instcombine-patternmatch-match-n11-d16.pbqp,16,7,1,0,false,false,4,922.0
examples/regalloc/050-instcombine-patternmatch-match-n11-d16.pbqp,16,16,16,0,false,false,1,400.0
examples/regalloc/050-instcombine-patternmatch-match-n11-d16.pbqp,7,7,1,0,false,false,1,131.0
examples/regalloc/050-instcombine-patternmatch-match-n11-d16.pbqp,7,16,16,0,false,false,8,1808.0
examples/regalloc/050-instcombine-patternmatch-match-n11-d16.pbqp,16,16,16,0,false,true,16,1629.0
examples/regalloc/050-instcombine-patternmatch-match-n11-d16.pbqp,16,16,16,0,true,false,1,474.0
examples/regalloc/051-instcombine-patternmatch-match-n11-d16.pbqp,7,15,16,0,false,true,14,1187.0
examples/regalloc/051-instcombine-patternmatch-match-n11-d16.pbqp,7,16,16,0,false,true,21,1625.0
examples/regalloc/051-instcombine-patternmatch-match-n11-d16.pbqp,7,15,16,0,false,false,2,435.0
examples/regalloc/051-instcombine-patternmatch-match-n11-d16.pbqp,16,16,1,0,false,false,1,421.0
examples/regalloc/051-instcombine-patternmatch-match-n11-d16.pbqp,16,7,1,0,false,false,2,489.0
examples/regalloc/051-instcombine-patternmatch-match-n11-d16.pbqp,7,7,1,0,true,false,1,162.0
examples/regalloc/051-instcombine-patternmatch-match-n11-d16.pbqp,7,16,16,0,false,false,1,220.0
examples/regalloc/051-instcombine-patternmatch-match-n11-d16.pbqp,15,7,1,0,false,true,16,1164.0
examples/regalloc/051-instcombine-patternmatch-match-n11-d16.pbqp,15,16,1,2,true,false,1,395.0
examples/regalloc/052-instcombine-patternmatch-match-n10-d16.pbqp,7,15,16,0,false,true,7,611.0
examples/regalloc/052-instcombine-patternmatch-match-n10-d16.pbqp,7,16,16,0,false,true,14,1073.0
examples/regalloc/052-instcombine-patternmatch-match-n10-d16.pbqp,16,16,1,0,false,true,7,819.0
examples/regalloc/052-instcombine-patternmatch-match-n10-d16.pbqp,7,16,1,0,true,false,1,192.0
examples/regalloc/052-instcombine-patternmatch-match-n10-d16.pbqp,7,7,1,0,true,false,1,131.0
examples/regalloc/052-instcombine-patternmatch-match-n10-d16.pbqp,7,15,16,0,false,false,1,197.0
examples/regalloc/052-instcombine-patternmatch-match-n10-d16.pbqp,7,16,16,0,false,false,1,202.0
examples/regalloc/052-instcombine-patternmatch-match-n10-d16.pbqp,16,7,1,0,false,true,15,1070.0
examples/regalloc/052-instcombine-patternmatch-match-n10-d16.pbqp,15,16,16,2,true,false,1,371.0
examples/regalloc/053-instcombine-patternmatch-match-n15-d16.pbqp,15,16,16,0,false,true,80,7837.0
examples/regalloc/053-instcombine-patternmatch-match-n15-d16.pbqp,15,16,16,0,false,false,1,357.0
examples/regalloc/053-instcombine-patternmatch-match-n15-d16.pbqp,16,16,1,0,false,true,15,1539.0
examples/regalloc/053-instcombine-patternmatch-match-n15-d16.pbqp,15,16,1,0,true,false,1,305.0
examples/regalloc/053-instcombine-patternmatch-match-n15-d16.pbqp,16,16,1,0,false,false,2,674.0
examples/regalloc/053-instcombine-patternmatch-match-n15-d16.pbqp,16,15,1,0,false,false,2,661.0
examples/regalloc/053-instcombine-patternmatch-match-n15-d16.pbqp,16,16,16,0,false,false,4,1571.0
examples/regalloc/053-instcombine-patternmatch-match-n15-d16.pbqp,16,15,1,0,true,false,1,335.0
examples/regalloc/053-instcombine-patternmatch-match-n15-d16.pbqp,16,15,1,0,false,true,16,1501.0
examples/regalloc/053-instcombine-patternmatch-match-n15-d16.pbqp,16,16,1,0,true,false,1,349.0
examples/regalloc/054-instcombine-patternmatch-match-n14-d16.pbqp,16,16,16,0,false,false,3,1146.0
examples/regalloc/054-instcombine-patternmatch-match-n14-d16.pbqp,16,7,1,0,false,false,6,1461.0
examples/regalloc/054-instcombine-patternmatch-match-n14-d16.pbqp,7,16,16,0,false,true,28,2329.0
examples/regalloc/054-instcombine-patternmatch-match-n14-d16.pbqp,16,14,1,0,false,false,1,325.0
examples/regalloc/054-instcombine-patternmatch-match-n14-d16.pbqp,14,7,1,0,false,false,4,856.0
examples/regalloc/054-instcombine-patternmatch-match-n14-d16.pbqp,14,16,16,0,false,false,2,620.0
examples/regalloc/054-instcombine-patternmatch-match-n14-d16.pbqp,7,7,1,0,true,false,1,152.0
examples/regalloc/054-instcombine-patternmatch-match-n14-d16.pbqp,7,16,16,0,false,false,2,551.0
examples/regalloc/054-instcombine-patternmatch-match-n14-d16.pbqp,16,7,1,0,false,true,16,1258.0
examples/regalloc/054-instcombine-patternmatch-match-n14-d16.pbqp,16,16,1,2,true,false,1,459.0
examples/regalloc/055-instcombine-patternmatch-match-n8-d16.pbqp,7,16,16,0,false,true,7,611.0
examples/regalloc/055-instcombine-patternmatch-match-n8-d16.pbqp,16,16,1,0,false,true,7,794.0
examples/regalloc/055-instcombine-patternmatch-match-n8-d16.pbqp,7,15,16,0,false,true,7,512.0
examples/regalloc/055-instcombine-patternmatch-match-n8-d16.pbqp,16,7,1,0,false,true,7,561.0
examples/regalloc/055-instcombine-patternmatch-match-n8-d16.pbqp,16,7,1,2,true,true,16,1260.0
examples/regalloc/055-instcombine-patternmatch-match-n8-d16.pbqp,16,16,1,2,true,false,1,339.0
examples/regalloc/056-instcombine-patternmatch-match-n9-d16.pbqp,7,16,16,0,false,true,14,1186.0
examples/regalloc/056-instcombine-patternmatch-match-n9-d16.pbqp,7,15,16,0,false,true,7,535.0
examples/regalloc/056-instcombine-patternmatch-match-n9-d16.pbqp,15,16,16,0,false,false,1,371.0
examples/regalloc/056-instcombine-patternmatch-match-n9-d16.pbqp,7,7,1,0,true,false,1,152.0
examples/regalloc/056-instcombine-patternmatch-match-n9-d16.pbqp,7,16,16,0,false,false,1,246.0
examples/regalloc/056-instcombine-patternmatch-match-n9-d16.pbqp,7,15,16,0,false,false,1,226.0
examples/regalloc/056-instcombine-patternmatch-match-n9-d16.pbqp,15,7,1,0,false,true,16,1140.0
examples/regalloc/056-instcombine-patternmatch-match-n9-d16.pbqp,15,16,1,2,true,false,1,340.0
examples/regalloc/057-instcombine-patternmatch-match-n7-d16.pbqp,15,16,16,0,false,true,16,1555.0
examples/regalloc/057-instcombine-patternmatch-match-n7-d16.pbqp,16,16,1,0,false,true,30,2944.0
examples/regalloc/057-instcombine-patternmatch-match-n7-d16.pbqp,16,15,1,0,true,true,16,1346.0
examples/regalloc/057-instcombine-patternmatch-match-n7-d16.pbqp,16,16,1,0,true,false,1,323.0
examples/regalloc/058-instcombine-patternmatch-match-n7-d16.pbqp,15,16,16,0,false,true,16,1503.0
examples/regalloc/058-instcombine-patternmatch-match-n7-d16.pbqp,16,15,1,0,true,false,2,570.0
examples/regalloc/058-instcombine-patternmatch-match-n7-d16.pbqp,16,16,16,0,false,false,4,1357.0
examples/regalloc/058-instcombine-patternmatch-match-n7-d16.pbqp,16,15,1,0,false,false,1,311.0
examples/regalloc/058-instcombine-patternmatch-match-n7-d16.pbqp,16,16,1,0,false,true,15,1329.0
examples/regalloc/059-instcombine-patternmatch-match-n13-d16.pbqp,7,16,16,0,false,true,16,1162.0
examples/regalloc/059-instcombine-patternmatch-match-n13-d16.pbqp,7,15,16,0,false,true,16,1082.0
examples/regalloc/059-instcombine-patternmatch-match-n13-d16.pbqp,16,16,16,0,false,false,3,1145.0
examples/regalloc/059-instcombine-patternmatch-match-n13-d16.pbqp,16,7,1,0,false,false,3,691.0
examples/regalloc/059-instcombine-patternmatch-match-n13-d16.pbqp,16,16,1,0,false,false,7,2561.0
examples/regalloc/059-instcombine-patternmatch-match-n13-d16.pbqp,16,16,1,0,false,true,7,887.0
examples/regalloc/059-instcombine-patternmatch-match-n13-d16.pbqp,7,16,16,0,true,false,2,459.0
examples/regalloc/059-instcombine-patternmatch-match-n13-d16.pbqp,7,16,16,0,false,false,3,730.0
examples/regalloc/059-instcombine-patternmatch-match-n13-d16.pbqp,16,16,16,0,false,true,16,1570.0
examples/regalloc/059-instcombine-patternmatch-match-n13-d16.pbqp,16,16,16,0,true,false,1,534.0
examples/regalloc/060-instcombine-patternmatch-match-n8-d16.pbqp,15,16,16,0,false,true,16,1639.0
examples/regalloc/060-instcombine-patternmatch-match-n8-d16.pbqp,16,16,1,0,false,true,30,3000.0
examples/regalloc/060-instcombine-patternmatch-match-n8-d16.pbqp,15,16,1,0,true,false,1,320.0
examples/regalloc/060-instcombine-patternmatch-match-n8-d16.pbqp,16,16,1,0,false,false,1,360.0
examples/regalloc/060-instcombine-patternmatch-match-n8-d16.pbqp,16,15,1,0,false,false,1,347.0
examples/regalloc/060-instcombine-patternmatch-match-n8-d16.pbqp,16,16,16,0,false,false,1,400.0
examples/regalloc/060-instcombine-patternmatch-match-n8-d16.pbqp,16,15,1,0,true,false,1,353.0
examples/regalloc/061-instcombine-patternmatch-match-n9-d16.pbqp,15,16,16,0,false,true,32,3035.0
examples/regalloc/061-instcombine-patternmatch-match-n9-d16.pbqp,15,16,16,0,false,false,1,362.0
examples/regalloc/061-instcombine-patternmatch-match-n9-d16.pbqp,16,16,1,0,false,false,1,413.0
examples/regalloc/061-instcombine-patternmatch-match-n9-d16.pbqp,16,15,1,0,false,false,1,322.0
examples/regalloc/061-instcombine-patternmatch-match-n9-d16.pbqp,16,16,16,0,false,false,3,1152.0
examples/regalloc/061-instcombine-patternmatch-match-n9-d16.pbqp,16,15,1,0,true,false,1,324.0
examples/regalloc/061-instcombine-patternmatch-match-n9-d16.pbqp,16,15,1,0,false,true,16,1434.0
examples/regalloc/061-instcombine-patternmatch-match-n9-d16.pbqp,16,16,16,0,true,false,1,385.0
examples/regalloc/062-instcombine-patternmatch-match-n8-d16.pbqp,15,16,16,0,false,true,16,1513.0
examples/regalloc/062-instcombine-patternmatch-match-n8-d16.pbqp,16,16,1,0,false,true,30,2746.0
examples/regalloc/062-instcombine-patternmatch-match-n8-d16.pbqp,15,16,1,0,true,false,1,272.0
examples/regalloc/062-instcombine-patternmatch-match-n8-d16.pbqp,16,16,1,0,false,false,1,321.0
examples/regalloc/062-instcombine-patternmatch-match-n8-d16.pbqp,16,15,1,0,false,false,1,312.0
examples/regalloc/062-instcombine-patternmatch-match-n8-d16.pbqp,16,16,16,0,false,false,1,362.0
examples/regalloc/062-instcombine-patternmatch-match-n8-d16.pbqp,16,15,1,0,true,false,1,300.0
examples/regalloc/063-instcombine-patternmatch-match-n8-d16.pbqp,15,16,16,0,false,true,16,1552.0
examples/regalloc/063-instcombine-patternmatch-match-n8-d16.pbqp,15,15,16,0,false,false,1,342.0
examples/regalloc/063-instcombine-patternmatch-match-n8-d16.pbqp,16,16,1,0,false,false,2,733.0
examples/regalloc/063-instcombine-patternmatch-match-n8-d16.pbqp,16,15,1,0,false,false,1,330.0
examples/regalloc/063-instcombine-patternmatch-match-n8-d16.pbqp,16,16,16,0,false,false,1,384.0
examples/regalloc/063-instcombine-patternmatch-match-n8-d16.pbqp,16,16,1,0,false,true,15,1398.0
examples/regalloc/063-instcombine-patternmatch-match-n8-d16.pbqp,16,15,1,0,true,false,1,331.0
examples/regalloc/064-instcombine-patternmatch-match-n8-d16.pbqp,15,16,16,0,false,true,16,1658.0
examples/regalloc/064-instcombine-patternmatch-match-n8-d16.pbqp,16,16,1,0,false,true,30,2976.0
examples/regalloc/064-instcombine-patternmatch-match-n8-d16.pbqp,15,16,1,0,true,false,1,322.0
examples/regalloc/064-instcombine-patternmatch-match-n8-d16.pbqp,16,16,1,0,false,false,1,354.0
examples/regalloc/064-instcombine-patternmatch-match-n8-d16.pbqp,16,15,1,0,false,false,1,337.0
examples/regalloc/064-instcombine-patternmatch-match-n8-d16.pbqp,16,16,16,0,false,false,1,388.0
examples/regalloc/064-instcombine-patternmatch-match-n8-d16.pbqp,16,15,1,0,true,false,1,337.0
examples/regalloc/065-instcombine-patternmatch-match-n9-d16.pbqp,15,16,16,0,false,true,32,3121.0
examples/regalloc/065-instcombine-patternmatch-match-n9-d16.pbqp,15,16,16,0,false,false,1,371.0
examples/regalloc/065-instcombine-patternmatch-match-n9-d16.pbqp,16,16,1,0,false,false,1,412.0
examples/regalloc/065-instcombine-patternmatch-match-n9-d16.pbqp,16,15,1,0,false,false,1,353.0
examples/regalloc/065-instcombine-patternmatch-match-n9-d16.pbqp,16,16,16,0,false,false,3,1184.0
examples/regalloc/065-instcombine-patternmatch-match-n9-d16.pbqp,16,15,1,0,true,false,1,350.0
examples/regalloc/065-instcombine-patternmatch-match-n9-d16.pbqp,16,15,1,0,false,true,16,1528.0
examples/regalloc/065-instcombine-patternmatch-match-n9-d16.pbqp,16,16,16,0,true,false,1,393.0
examples/regalloc/066-instcombine-patternmatch-match-n7-d16.pbqp,15,16,16,0,false,true,16,1644.0
examples/regalloc/066-instcombine-patternmatch-match-n7-d16.pbqp,16,16,16,0,false,false,1,389.0
examples/regalloc/066-instcombine-patternmatch-match-n7-d16.pbqp,7,15,16,0,false,true,15,941.0
examples/regalloc/066-instcombine-patternmatch-match-n7-d16.pbqp,7,16,1,0,false,false,1,242.0
examples/regalloc/066-instcombine-patternmatch-match-n7-d16.pbqp,7,15,1,0,true,false,1,214.0
examples/regalloc/066-instcombine-patternmatch-match-n7-d16.pbqp,7,16,16,0,false,false,1,224.0
examples/regalloc/066-instcombine-patternmatch-match-n7-d16.pbqp,16,16,1,0,false,true,15,1512.0
examples/regalloc/066-instcombine-patternmatch-match-n7-d16.pbqp,16,15,1,0,true,false,1,376.0
examples/regalloc/067-instcombine-patternmatch-match-n7-d16.pbqp,15,16,16,0,false,true,16,1586.0
examples/regalloc/067-instcombine-patternmatch-match-n7-d16.pbqp,16,16,16,0,false,false,1,370.0
examples/regalloc/067-instcombine-patternmatch-match-n7-d16.pbqp,7,15,16,0,false,true,15,1013.0
examples/regalloc/067-instcombine-patternmatch-match-n7-d16.pbqp,7,16,1,0,false,false,1,224.0
examples/regalloc/067-instcombine-patternmatch-match-n7-d16.pbqp,7,15,1,0,true,false,1,208.0
examples/regalloc/067-instcombine-patternmatch-match-n7-d16.pbqp,7,16,16,0,false,false,1,229.0
examples/regalloc/067-instcombine-patternmatch-match-n7-d16.pbqp,16,16,1,0,false,true,15,1500.0
examples/regalloc/067-instcombine-patternmatch-match-n7-d16.pbqp,16,15,1,0,true,false,1,375.0
examples/regalloc/068-instcombine-patternmatch-match-n8-d16.pbqp,15,16,16,0,false,true,16,1691.0
examples/regalloc/068-instcombine-patternmatch-match-n8-d16.pbqp,16,16,16,0,false,false,1,439.0
examples/regalloc/068-instcombine-patternmatch-match-n8-d16.pbqp,15,15,1,0,false,false,1,358.0
examples/regalloc/068-instcombine-patternmatch-match-n8-d16.pbqp,15,7,1,0,false,false,1,219.0
examples/regalloc/068-instcombine-patternmatch-match-n8-d16.pbqp,15,16,16,0,false,false,1,403.0
examples/regalloc/068-instcombine-patternmatch-match-n8-d16.pbqp,7,16,16,0,false,true,15,1102.0
examples/regalloc/068-instcombine-patternmatch-match-n8-d16.pbqp,7,16,1,0,false,false,1,214.0
examples/regalloc/068-instcombine-patternmatch-match-n8-d16.pbqp,7,15,1,0,true,false,1,217.0
examples/regalloc/068-instcombine-patternmatch-match-n8-d16.pbqp,7,16,16,0,false,false,1,244.0
examples/regalloc/068-instcombine-patternmatch-match-n8-d16.pbqp,16,16,1,0,false,true,15,1607.0
examples/regalloc/068-instcombine-patternmatch-match-n8-d16.pbqp,16,15,1,0,true,false,1,364.0
examples/regalloc/069-instcombine-patternmatch-match-n8-d16.pbqp,15,16,16,0,false,true,16,1619.0
examples/regalloc/069-instcombine-patternmatch-match-n8-d16.pbqp,16,16,16,0,false,false,1,423.0
examples/regalloc/069-instcombine-patternmatch-match-n8-d16.pbqp,15,15,1,0,false,false,1,345.0
examples/regalloc/069-instcombine-patternmatch-match-n8-d16.pbqp,15,7,1,0,false,false,1,210.0
examples/regalloc/069-instcombine-patternmatch-match-n8-d16.pbqp,15,16,16,0,false,false,1,384.0
examples/regalloc/069-instcombine-patternmatch-match-n8-d16.pbqp,7,16,16,0,false,true,15,1039.0
examples/regalloc/069-instcombine-patternmatch-match-n8-d16.pbqp,7,16,1,0,false,false,1,205.0
examples/regalloc/069-instcombine-patternmatch-match-n8-d16.pbqp,7,15,1,0,true,false,1,206.0
examples/regalloc/069-instcombine-patternmatch-match-n8-d16.pbqp,7,16,16,0,false,false,1,243.0
examples/regalloc/069-instcombine-patternmatch-match-n8-d16.pbqp,16,16,1,0,false,true,15,1535.0
examples/regalloc/069-instcombine-patternmatch-match-n8-d16.pbqp,16,15,1,0,true,false,1,358.0
examples/regalloc/070-instcombine-patternmatch-match-n16-d16.pbqp,15,16,16,0,false,true,80,7817.0
examples/regalloc/070-instcombine-patternmatch-match-n16-d16.pbqp,16,16,16,0,false,false,4,1595.0
examples/regalloc/070-instcombine-patternmatch-match-n16-d16.pbqp,15,16,16,0,false,false,1,361.0
examples/regalloc/070-instcombine-patternmatch-match-n16-d16.pbqp,16,16,1,0,false,false,7,2556.0
examples/regalloc/070-instcombine-patternmatch-match-n16-d16.pbqp,16,15,1,0,false,false,5,1742.0
examples/regalloc/070-instcombine-patternmatch-match-n16-d16.pbqp,16,16,1,0,false,true,15,1513.0
examples/regalloc/070-instcombine-patternmatch-match-n16-d16.pbqp,16,15,1,0,true,false,1,442.0
examples/regalloc/071-instcombine-patternmatch-match-n10-d16.pbqp,15,16,16,0,false,true,32,3194.0
examples/regalloc/071-instcombine-patternmatch-match-n10-d16.pbqp,16,15,1,0,true,false,3,963.0
examples/regalloc/071-instcombine-patternmatch-match-n10-d16.pbqp,16,16,16,0,false,false,6,2402.0
examples/regalloc/071-instcombine-patternmatch-match-n10-d16.pbqp,16,16,1,0,false,true,30,2900.0
examples/regalloc/071-instcombine-patternmatch-match-n10-d16.pbqp,16,15,1,0,false,false,1,332.0
examples/regalloc/072-instcombine-patternmatch-match-n15-d16.pbqp,15,16,16,0,false,true,80,7750.0
examples/regalloc/072-instcombine-patternmatch-match-n15-d16.pbqp,15,16,16,0,false,false,1,388.0
examples/regalloc/072-instcombine-patternmatch-match-n15-d16.pbqp,16,16,1,0,false,false,6,2004.0
examples/regalloc/072-instcombine-patternmatch-match-n15-d16.pbqp,16,15,1,0,false,false,4,1268.0
examples/regalloc/072-instcombine-patternmatch-match-n15-d16.pbqp,16,16,16,0,false,false,4,1694.0
examples/regalloc/072-instcombine-patternmatch-match-n15-d16.pbqp,16,15,1,0,true,false,1,331.0
examples/regalloc/072-instcombine-patternmatch-match-n15-d16.pbqp,16,15,1,0,false,true,16,1600.0
examples/regalloc/072-instcombine-patternmatch-match-n15-d16.pbqp,16,16,16,0,true,false,1,482.0
examples/regalloc/073-instcombine-patternmatch-match-n15-d16.pbqp,15,16,16,0,false,true,80,7783.0
examples/regalloc/073-instcombine-patternmatch-match-n15-d16.pbqp,15,16,16,0,false,false,1,358.0
examples/regalloc/073-instcombine-patternmatch-match-n15-d16.pbqp,16,16,1,0,false,false,6,2178.0
examples/regalloc/073-instcombine-patternmatch-match-n15-d16.pbqp,16,15,1,0,false,false,4,1332.0
examples/regalloc/073-instcombine-patternmatch-match-n15-d16.pbqp,16,16,16,0,false,false,4,1622.0
examples/regalloc/073-instcombine-patternmatch-match-n15-d16.pbqp,16,15,1,0,true,false,1,330.0
examples/regalloc/073-instcombine-patternmatch-match-n15-d16.pbqp,16,15,1,0,false,true,16,1610.0
examples/regalloc/073-instcombine-patternmatch-match-n15-d16.pbqp,16,16,16,0,true,false,1,464.0
examples/regalloc/074-instcombine-patternmatch-match-n10-d16.pbqp,15,16,16,0,false,true,48,4685.0
examples/regalloc/074-instcombine-patternmatch-match-n10-d16.pbqp,16,16,1,0,false,true,15,1433.0
examples/regalloc/074-instcombine-patternmatch-match-n10-d16.pbqp,15,16,1,0,true,false,1,301.0
examples/regalloc/074-instcombine-patternmatch-match-n10-d16.pbqp,16,15,1,0,true,false,1,338.0
examples/regalloc/074-instcombine-patternmatch-match-n10-d16.pbqp,16,16,16,0,false,false,2,799.0
examples/regalloc/074-instcombine-patternmatch-match-n10-d16.pbqp,16,15,1,0,false,true,16,1535.0
examples/regalloc/074-instcombine-patternmatch-match-n10-d16.pbqp,16,16,16,0,true,false,1,364.0
examples/regalloc/075-instcombine-patternmatch-match-n5-d16.pbqp,15,16,16,0,false,true,30,3030.0
examples/regalloc/075-instcombine-patternmatch-match-n5-d16.pbqp,16,15,1,0,false,true,15,1415.0
examples/regalloc/075-instcombine-patternmatch-match-n5-d16.pbqp,16,15,1,0,true,false,1,300.0
examples/regalloc/076-instcombine-patternmatch-match-n15-d16.pbqp,15,16,16,0,false,true,80,9460.0
examples/regalloc/076-instcombine-patternmatch-match-n15-d16.pbqp,16,16,1,0,false,true,31,3578.0
examples/regalloc/076-instcombine-patternmatch-match-n15-d16.pbqp,15,16,1,0,true,false,1,398.0
examples/regalloc/076-instcombine-patternmatch-match-n15-d16.pbqp,16,16,1,0,false,false,3,1297.0
examples/regalloc/076-instcombine-patternmatch-match-n15-d16.pbqp,16,15,1,0,false,false,2,858.0
examples/regalloc/076-instcombine-patternmatch-match-n15-d16.pbqp,16,16,16,0,false,false,4,1926.0
examples/regalloc/076-instcombine-patternmatch-match-n15-d16.pbqp,16,15,1,0,true,false,1,457.0
examples/regalloc/076-instcombine-patternmatch-match-n15-d16.pbqp,15,16,16,0,false,false,3,1348.0
examples/regalloc/076-instcombine-patternmatch-match-n15-d16.pbqp,16,16,16,0,true,false,1,525.0
examples/regalloc/077-instcombine-patternmatch-match-n12-d16.pbqp,15,16,16,0,false,true,80,8169.0
examples/regalloc/077-instcombine-patternmatch-match-n12-d16.pbqp,16,16,1,0,false,true,15,1483.0
examples/regalloc/077-instcombine-patternmatch-match-n12-d16.pbqp,15,16,1,0,true,false,1,334.0
examples/regalloc/077-instcombine-patternmatch-match-n12-d16.pbqp,16,15,1,0,true,false,1,342.0
examples/regalloc/077-instcombine-patternmatch-match-n12-d16.pbqp,16,16,16,0,false,false,2,883.0
examples/regalloc/077-instcombine-patternmatch-match-n12-d16.pbqp,16,15,1,0,false,true,16,1567.0
examples/regalloc/077-instcombine-patternmatch-match-n12-d16.pbqp,16,16,16,0,true,false,1,433.0
examples/regalloc/078-instcombine-patternmatch-match-n14-d16.pbqp,16,16,1,0,false,true,7,913.0
examples/regalloc/078-instcombine-patternmatch-match-n14-d16.pbqp,7,16,1,0,true,false,1,202.0
examples/regalloc/078-instcombine-patternmatch-match-n14-d16.pbqp,16,7,1,0,false,false,14,3305.0
examples/regalloc/078-instcombine-patternmatch-match-n14-d16.pbqp,16,7,16,0,false,false,1,262.0
examples/regalloc/078-instcombine-patternmatch-match-n14-d16.pbqp,7,7,1,0,false,false,6,854.0
examples/regalloc/078-instcombine-patternmatch-match-n14-d16.pbqp,7,16,16,0,false,false,6,1395.0
examples/regalloc/078-instcombine-patternmatch-match-n14-d16.pbqp,16,16,16,0,false,false,2,866.0
examples/regalloc/078-instcombine-patternmatch-match-n14-d16.pbqp,16,16,1,0,false,false,1,379.0
examples/regalloc/078-instcombine-patternmatch-match-n14-d16.pbqp,16,7,1,0,false,true,16,1219.0
examples/regalloc/078-instcombine-patternmatch-match-n14-d16.pbqp,16,16,16,2,true,false,1,485.0
examples/regalloc/079-instcombine-patternmatch-match-n10-d16.pbqp,16,16,1,0,false,true,7,873.0
examples/regalloc/079-instcombine-patternmatch-match-n10-d16.pbqp,7,16,16,0,true,false,2,497.0
examples/regalloc/079-instcombine-patternmatch-match-n10-d16.pbqp,7,15,16,0,false,true,16,1114.0
examples/regalloc/079-instcombine-patternmatch-match-n10-d16.pbqp,16,16,16,0,false,false,2,832.0
examples/regalloc/079-instcombine-patternmatch-match-n10-d16.pbqp,16,7,1,0,false,false,1,241.0
examples/regalloc/079-instcombine-patternmatch-match-n10-d16.pbqp,16,16,1,0,false,false,4,1420.0
examples/regalloc/079-instcombine-patternmatch-match-n10-d16.pbqp,7,16,16,0,false,false,3,712.0
examples/regalloc/079-instcombine-patternmatch-match-n10-d16.pbqp,16,16,16,0,false,true,16,1507.0
examples/regalloc/079-instcombine-patternmatch-match-n10-d16.pbqp,16,16,16,0,true,false,1,398.0
examples/regalloc/080-instcombine-patternmatch-match-n7-d16.pbqp,16,16,1,0,false,false,1,379.0
examples/regalloc/080-instcombine-patternmatch-match-n7-d16.pbqp,16,15,1,0,false,false,2,637.0
examples/regalloc/080-instcombine-patternmatch-match-n7-d16.pbqp,16,16,16,0,false,false,3,1148.0
examples/regalloc/080-instcombine-patternmatch-match-n7-d16.pbqp,16,16,1,0,false,true,15,1486.0
examples/regalloc/080-instcombine-patternmatch-match-n7-d16.pbqp,15,16,16,0,true,false,1,364.0
examples/regalloc/080-instcombine-patternmatch-match-n7-d16.pbqp,16,15,1,0,false,true,16,1571.0
examples/regalloc/080-instcombine-patternmatch-match-n7-d16.pbqp,16,16,1,0,true,false,1,387.0
examples/regalloc/081-instcombine-patternmatch-match-n14-d16.pbqp,16,16,16,0,false,false,4,1742.0
examples/regalloc/081-instcombine-patternmatch-match-n14-d16.pbqp,16,7,1,0,false,false,6,1443.0
examples/regalloc/081-instcombine-patternmatch-match-n14-d16.pbqp,16,16,1,0,false,false,2,708.0
examples/regalloc/081-instcombine-patternmatch-match-n14-d16.pbqp,16,16,1,0,false,true,7,868.0
examples/regalloc/081-instcombine-patternmatch-match-n14-d16.pbqp,7,16,16,0,true,false,1,208.0
examples/regalloc/081-instcombine-patternmatch-match-n14-d16.pbqp,16,7,16,0,false,false,1,293.0
examples/regalloc/081-instcombine-patternmatch-match-n14-d16.pbqp,7,16,16,0,false,true,23,1738.0
examples/regalloc/081-instcombine-patternmatch-match-n14-d16.pbqp,7,16,16,0,true,true,7,657.0
examples/regalloc/081-instcombine-patternmatch-match-n14-d16.pbqp,7,7,16,0,true,false,1,191.0
examples/regalloc/081-instcombine-patternmatch-match-n14-d16.pbqp,7,7,16,0,false,false,1,217.0
examples/regalloc/081-instcombine-patternmatch-match-n14-d16.pbqp,7,16,16,0,false,false,1,276.0
examples/regalloc/081-instcombine-patternmatch-match-n14-d16.pbqp,16,7,1,0,false,true,7,649.0
examples/regalloc/081-instcombine-patternmatch-match-n14-d16.pbqp,7,16,16,2,true,false,1,314.0
examples/regalloc/082-instcombine-patternmatch-match-n12-d16.pbqp,7,16,16,0,false,true,37,2955.0
examples/regalloc/082-instcombine-patternmatch-match-n12-d16.pbqp,16,16,1,0,false,false,1,339.0
examples/regalloc/082-instcombine-patternmatch-match-n12-d16.pbqp,16,7,1,0,false,false,1,221.0
examples/regalloc/082-instcombine-patternmatch-match-n12-d16.pbqp,16,16,16,0,false,false,1,437.0
examples/regalloc/082-instcombine-patternmatch-match-n12-d16.pbqp,16,16,1,0,false,true,7,796.0
examples/regalloc/082-instcombine-patternmatch-match-n12-d16.pbqp,7,16,16,0,true,false,2,502.0
examples/regalloc/082-instcombine-patternmatch-match-n12-d16.pbqp,7,7,1,0,true,false,1,152.0
examples/regalloc/082-instcombine-patternmatch-match-n12-d16.pbqp,7,7,16,0,false,false,1,202.0
examples/regalloc/082-instcombine-patternmatch-match-n12-d16.pbqp,7,16,16,0,false,false,3,705.0
examples/regalloc/082-instcombine-patternmatch-match-n12-d16.pbqp,7,7,16,0,true,false,2,359.0
examples/regalloc/083-instcombine-patternmatch-match-n11-d16.pbqp,7,15,16,0,false,true,16,1102.0
examples/regalloc/083-instcombine-patternmatch-match-n11-d16.pbqp,16,16,16,0,false,false,3,1174.0
examples/regalloc/083-instcombine-patternmatch-match-n11-d16.pbqp,16,16,1,0,false,false,5,1752.0
examples/regalloc/083-instcombine-patternmatch-match-n11-d16.pbqp,16,7,1,0,false,false,2,466.0
examples/regalloc/083-instcombine-patternmatch-match-n11-d16.pbqp,16,16,1,0,false,true,7,824.0
examples/regalloc/083-instcombine-patternmatch-match-n11-d16.pbqp,7,16,16,0,true,false,2,467.0
examples/regalloc/083-instcombine-patternmatch-match-n11-d16.pbqp,7,16,16,0,false,false,3,603.0
examples/regalloc/083-instcombine-patternmatch-match-n11-d16.pbqp,16,16,16,0,false,true,16,1528.0
examples/regalloc/083-instcombine-patternmatch-match-n11-d16.pbqp,16,16,16,0,true,false,1,420.0
examples/regalloc/084-instcombine-patternmatch-match-n11-d16.pbqp,7,15,16,0,false,true,16,1158.0
examples/regalloc/084-instcombine-patternmatch-match-n11-d16.pbqp,16,16,16,0,false,false,3,1273.0
examples/regalloc/084-instcombine-patternmatch-match-n11-d16.pbqp,16,16,1,0,false,false,5,1887.0
examples/regalloc/084-instcombine-patternmatch-match-n11-d16.pbqp,16,7,1,0,false,false,2,456.0
examples/regalloc/084-instcombine-patternmatch-match-n11-d16.pbqp,16,16,1,0,false,true,7,814.0
examples/regalloc/084-instcombine-patternmatch-match-n11-d16.pbqp,7,16,16,0,true,false,2,483.0
examples/regalloc/084-instcombine-patternmatch-match-n11-d16.pbqp,7,16,16,0,false,false,3,641.0
examples/regalloc/084-instcombine-patternmatch-match-n11-d16.pbqp,16,16,16,0,false,true,16,1612.0
examples/regalloc/084-instcombine-patternmatch-match-n11-d16.pbqp,16,16,16,0,true,false,1,454.0
examples/regalloc/085-instcombine-patternmatch-match-n11-d16.pbqp,7,15,16,0,false,true,16,1163.0
examples/regalloc/085-instcombine-patternmatch-match-n11-d16.pbqp,16,16,16,0,false,false,3,1179.0
examples/regalloc/085-instcombine-patternmatch-match-n11-d16.pbqp,16,16,1,0,false,false,5,1916.0
examples/regalloc/085-instcombine-patternmatch-match-n11-d16.pbqp,16,7,1,0,false,false,2,510.0
examples/regalloc/085-instcombine-patternmatch-match-n11-d16.pbqp,16,16,1,0,false,true,7,831.0
examples/regalloc/085-instcombine-patternmatch-match-n11-d16.pbqp,7,16,16,0,true,false,2,462.0
examples/regalloc/085-instcombine-patternmatch-match-n11-d16.pbqp,7,16,16,0,false,false,3,646.0
examples/regalloc/085-instcombine-patternmatch-match-n11-d16.pbqp,16,16,16,0,false,true,16,1625.0
examples/regalloc/085-instcombine-patternmatch-match-n11-d16.pbqp,16,16,16,0,true,false,1,434.0
examples/regalloc/086-instcombine-patternmatch-match-n9-d16.pbqp,7,16,16,0,false,false,4,1020.0
examples/regalloc/086-instcombine-patternmatch-match-n9-d16.pbqp,7,15,16,0,false,true,16,1112.0
examples/regalloc/086-instcombine-patternmatch-match-n9-d16.pbqp,16,16,16,0,false,false,2,809.0
examples/regalloc/086-instcombine-patternmatch-match-n9-d16.pbqp,16,7,1,0,false,false,1,292.0
examples/regalloc/086-instcombine-patternmatch-match-n9-d16.pbqp,16,16,1,0,false,false,4,1510.0
examples/regalloc/086-instcombine-patternmatch-match-n9-d16.pbqp,7,16,16,0,true,false,1,238.0
examples/regalloc/086-instcombine-patternmatch-match-n9-d16.pbqp,16,16,16,0,false,true,16,1562.0
examples/regalloc/086-instcombine-patternmatch-match-n9-d16.pbqp,16,16,16,0,true,false,1,448.0
examples/regalloc/087-instcombine-patternmatch-match-n14-d16.pbqp,7,16,16,0,false,true,23,1760.0
examples/regalloc/087-instcombine-patternmatch-match-n14-d16.pbqp,16,16,16,0,false,false,6,2334.0
examples/regalloc/087-instcombine-patternmatch-match-n14-d16.pbqp,16,7,1,0,false,false,7,1717.0
examples/regalloc/087-instcombine-patternmatch-match-n14-d16.pbqp,16,7,16,0,false,false,1,282.0
examples/regalloc/087-instcombine-patternmatch-match-n14-d16.pbqp,15,16,1,0,false,false,1,333.0
examples/regalloc/087-instcombine-patternmatch-match-n14-d16.pbqp,15,7,1,0,false,false,2,415.0
examples/regalloc/087-instcombine-patternmatch-match-n14-d16.pbqp,16,16,1,0,false,false,4,1595.0
examples/regalloc/087-instcombine-patternmatch-match-n14-d16.pbqp,7,7,1,0,true,false,1,153.0
examples/regalloc/087-instcombine-patternmatch-match-n14-d16.pbqp,7,16,16,0,false,false,7,1730.0
examples/regalloc/087-instcombine-patternmatch-match-n14-d16.pbqp,7,16,16,0,true,false,1,243.0
examples/regalloc/087-instcombine-patternmatch-match-n14-d16.pbqp,16,16,16,0,false,true,16,1604.0
examples/regalloc/087-instcombine-patternmatch-match-n14-d16.pbqp,16,16,16,0,true,false,1,510.0
examples/regalloc/088-instcombine-patternmatch-match-n14-d16.pbqp,7,16,16,0,false,true,23,1855.0
examples/regalloc/088-instcombine-patternmatch-match-n14-d16.pbqp,16,16,16,0,false,false,6,2395.0
examples/regalloc/088-instcombine-patternmatch-match-n14-d16.pbqp,16,7,1,0,false,false,7,1805.0
examples/regalloc/088-instcombine-patternmatch-match-n14-d16.pbqp,16,7,16,0,false,false,1,279.0
examples/regalloc/088-instcombine-patternmatch-match-n14-d16.pbqp,15,16,1,0,false,false,1,364.0
examples/regalloc/088-instcombine-patternmatch-match-n14-d16.pbqp,15,7,1,0,false,false,2,456.0
examples/regalloc/088-instcombine-patternmatch-match-n14-d16.pbqp,16,16,1,0,false,false,4,1575.0
examples/regalloc/088-instcombine-patternmatch-match-n14-d16.pbqp,7,7,1,0,true,false,1,162.0
examples/regalloc/088-instcombine-patternmatch-match-n14-d16.pbqp,7,16,16,0,false,false,7,1690.0
examples/regalloc/088-instcombine-patternmatch-match-n14-d16.pbqp,7,16,16,0,true,false,1,220.0
examples/regalloc/088-instcombine-patternmatch-match-n14-d16.pbqp,16,16,16,0,false,true,16,1629.0
examples/regalloc/088-instcombine-patternmatch-match-n14-d16.pbqp,16,16,16,0,true,false,1,504.0
examples/regalloc/089-instcombine-patternmatch-match-n15-d16.pbqp,16,16,16,0,false,true,15,1543.0
examples/regalloc/089-instcombine-patternmatch-match-n15-d16.pbqp,16,16,16,0,false,false,15,6452.0
examples/regalloc/089-instcombine-patternmatch-match-n15-d16.pbqp,16,15,1,0,false,false,7,2564.0
examples/regalloc/089-instcombine-patternmatch-match-n15-d16.pbqp,16,16,1,0,false,false,14,5207.0
examples/regalloc/089-instcombine-patternmatch-match-n15-d16.pbqp,16,15,1,0,true,false,1,427.0
examples/regalloc/089-instcombine-patternmatch-match-n15-d16.pbqp,15,16,16,0,false,false,4,1585.0
examples/regalloc/089-instcombine-patternmatch-match-n15-d16.pbqp,16,16,1,0,false,true,16,1585.0
examples/regalloc/089-instcombine-patternmatch-match-n15-d16.pbqp,16,16,16,0,true,false,1,509.0
examples/regalloc/090-instcombine-patternmatch-match-n17-d16.pbqp,16,16,16,0,false,true,47,4754.0
examples/regalloc/090-instcombine-patternmatch-match-n17-d16.pbqp,16,16,16,0,true,true,30,3065.0
examples/regalloc/090-instcombine-patternmatch-match-n17-d16.pbqp,16,16,16,0,false,false,12,4875.0
examples/regalloc/090-instcombine-patternmatch-match-n17-d16.pbqp,16,15,1,0,false,false,7,2495.0
examples/regalloc/090-instcombine-patternmatch-match-n17-d16.pbqp,16,16,1,0,false,false,10,3714.0
examples/regalloc/090-instcombine-patternmatch-match-n17-d16.pbqp,16,15,1,0,true,false,1,402.0
examples/regalloc/090-instcombine-patternmatch-match-n17-d16.pbqp,16,15,1,0,false,true,16,1533.0
examples/regalloc/090-instcombine-patternmatch-match-n17-d16.pbqp,16,16,1,0,true,false,1,376.0
examples/regalloc/091-instcombine-patternmatch-match-n14-d16.pbqp,16,16,1,0,false,true,15,1513.0
examples/regalloc/091-instcombine-patternmatch-match-n14-d16.pbqp,15,16,16,0,false,true,64,6121.0
examples/regalloc/091-instcombine-patternmatch-match-n14-d16.pbqp,15,16,1,0,true,false,1,300.0
examples/regalloc/091-instcombine-patternmatch-match-n14-d16.pbqp,16,16,1,0,false,false,3,981.0
examples/regalloc/091-instcombine-patternmatch-match-n14-d16.pbqp,16,15,1,0,false,false,3,967.0
examples/regalloc/091-instcombine-patternmatch-match-n14-d16.pbqp,16,16,16,0,false,false,5,1834.0
examples/regalloc/091-instcombine-patternmatch-match-n14-d16.pbqp,16,15,1,0,true,false,1,307.0
examples/regalloc/091-instcombine-patternmatch-match-n14-d16.pbqp,16,15,1,0,false,true,16,1424.0
examples/regalloc/091-instcombine-patternmatch-match-n14-d16.pbqp,16,16,1,0,true,false,1,312.0
examples/regalloc/092-instcombine-patternmatch-match-n11-d16.pbqp,16,16,1,0,false,false,1,368.0
examples/regalloc/092-instcombine-patternmatch-match-n11-d16.pbqp,16,7,1,0,false,false,6,1422.0
examples/regalloc/092-instcombine-patternmatch-match-n11-d16.pbqp,16,16,16,0,false,false,2,841.0
examples/regalloc/092-instcombine-patternmatch-match-n11-d16.pbqp,7,16,16,0,false,true,30,2442.0
examples/regalloc/092-instcombine-patternmatch-match-n11-d16.pbqp,15,7,1,0,false,false,3,607.0
examples/regalloc/092-instcombine-patternmatch-match-n11-d16.pbqp,15,15,16,0,false,false,1,326.0
examples/regalloc/092-instcombine-patternmatch-match-n11-d16.pbqp,7,7,1,0,false,false,2,292.0
examples/regalloc/092-instcombine-patternmatch-match-n11-d16.pbqp,7,15,16,0,false,false,1,175.0
examples/regalloc/092-instcombine-patternmatch-match-n11-d16.pbqp,15,7,1,0,false,true,7,632.0
examples/regalloc/092-instcombine-patternmatch-match-n11-d16.pbqp,15,7,1,2,true,false,1,319.0
examples/regalloc/093-instcombine-patternmatch-match-n10-d16.pbqp,16,7,1,0,false,false,3,708.0
examples/regalloc/093-instcombine-patternmatch-match-n10-d16.pbqp,16,7,16,0,false,false,1,263.0
examples/regalloc/093-instcombine-patternmatch-match-n10-d16.pbqp,7,7,1,0,false,false,2,266.0
examples/regalloc/093-instcombine-patternmatch-match-n10-d16.pbqp,7,16,16,0,false,false,3,665.0
examples/regalloc/093-instcombine-patternmatch-match-n10-d16.pbqp,7,16,16,0,false,true,30,2229.0
examples/regalloc/093-instcombine-patternmatch-match-n10-d16.pbqp,16,16,1,0,false,false,1,322.0
examples/regalloc/093-instcombine-patternmatch-match-n10-d16.pbqp,16,16,16,0,false,false,1,393.0
examples/regalloc/093-instcombine-patternmatch-match-n10-d16.pbqp,7,7,1,0,true,false,1,150.0
examples/regalloc/093-instcombine-patternmatch-match-n10-d16.pbqp,16,7,1,0,false,true,16,1187.0
examples/regalloc/093-instcombine-patternmatch-match-n10-d16.pbqp,16,16,1,2,true,false,1,411.0
examples/regalloc/094-instcombine-patternmatch-match-n12-d16.pbqp,16,16,1,0,false,false,4,1383.0
examples/regalloc/094-instcombine-patternmatch-match-n12-d16.pbqp,16,7,1,0,false,false,7,1649.0
examples/regalloc/094-instcombine-patternmatch-match-n12-d16.pbqp,16,16,16,0,false,false,2,855.0
examples/regalloc/094-instcombine-patternmatch-match-n12-d16.pbqp,7,16,16,0,false,true,30,2331.0
examples/regalloc/094-instcombine-patternmatch-match-n12-d16.pbqp,7,7,1,0,true,false,1,139.0
examples/regalloc/094-instcombine-patternmatch-match-n12-d16.pbqp,7,16,16,0,false,false,6,1251.0
examples/regalloc/094-instcombine-patternmatch-match-n12-d16.pbqp,16,16,16,0,false,true,16,1611.0
examples/regalloc/094-instcombine-patternmatch-match-n12-d16.pbqp,16,16,1,0,true,false,1,401.0
examples/regalloc/095-instcombine-patternmatch-match-n10-d16.pbqp,16,7,1,0,false,false,5,1157.0
examples/regalloc/095-instcombine-patternmatch-match-n10-d16.pbqp,16,7,16,0,false,false,1,250.0
examples/regalloc/095-instcombine-patternmatch-match-n10-d16.pbqp,16,16,1,0,false,false,1,361.0
examples/regalloc/095-instcombine-patternmatch-match-n10-d16.pbqp,16,16,16,0,false,false,2,750.0
examples/regalloc/095-instcombine-patternmatch-match-n10-d16.pbqp,7,16,16,0,false,true,30,2209.0
examples/regalloc/095-instcombine-patternmatch-match-n10-d16.pbqp,7,7,1,0,true,false,1,154.0
examples/regalloc/095-instcombine-patternmatch-match-n10-d16.pbqp,7,7,16,0,false,false,1,179.0
examples/regalloc/095-instcombine-patternmatch-match-n10-d16.pbqp,7,16,16,0,false,false,1,223.0
examples/regalloc/095-instcombine-patternmatch-match-n10-d16.pbqp,16,7,1,0,false,true,7,654.0
examples/regalloc/095-instcombine-patternmatch-match-n10-d16.pbqp,7,16,16,2,true,false,1,282.0
examples/regalloc/096-instcombine-patternmatch-match-n9-d16.pbqp,16,7,1,0,false,false,2,461.0
examples/regalloc/096-instcombine-patternmatch-match-n9-d16.pbqp,16,7,16,0,false,false,1,263.0
examples/regalloc/096-instcombine-patternmatch-match-n9-d16.pbqp,7,7,1,0,false,false,2,253.0
examples/regalloc/096-instcombine-patternmatch-match-n9-d16.pbqp,7,7,16,0,false,false,3,520.0
examples/regalloc/096-instcombine-patternmatch-match-n9-d16.pbqp,7,16,16,0,false,false,5,1138.0
examples/regalloc/096-instcombine-patternmatch-match-n9-d16.pbqp,7,16,16,0,false,true,23,1729.0
examples/regalloc/096-instcombine-patternmatch-match-n9-d16.pbqp,7,7,16,0,true,false,1,196.0
examples/regalloc/096-instcombine-patternmatch-match-n9-d16.pbqp,7,16,16,0,true,false,1,251.0
examples/regalloc/097-instcombine-patternmatch-match-n14-d16.pbqp,7,16,16,0,false,true,35,2769.0
examples/regalloc/097-instcombine-patternmatch-match-n14-d16.pbqp,7,14,16,0,false,true,7,492.0
examples/regalloc/097-instcombine-patternmatch-match-n14-d16.pbqp,7,16,16,0,false,false,1,190.0
examples/regalloc/097-instcombine-patternmatch-match-n14-d16.pbqp,16,7,1,0,false,false,4,941.0
examples/regalloc/097-instcombine-patternmatch-match-n14-d16.pbqp,16,16,16,0,false,false,1,406.0
examples/regalloc/097-instcombine-patternmatch-match-n14-d16.pbqp,16,15,1,0,false,false,1,341.0
examples/regalloc/097-instcombine-patternmatch-match-n14-d16.pbqp,15,7,1,0,false,false,2,448.0
examples/regalloc/097-instcombine-patternmatch-match-n14-d16.pbqp,15,14,16,0,false,false,1,308.0
examples/regalloc/097-instcombine-patternmatch-match-n14-d16.pbqp,14,7,1,0,false,true,7,626.0
examples/regalloc/097-instcombine-patternmatch-match-n14-d16.pbqp,14,7,1,2,true,false,1,210.0
examples/regalloc/098-instcombine-patternmatch-match-n12-d16.pbqp,7,16,16,0,false,false,2,488.0
examples/regalloc/098-instcombine-patternmatch-match-n12-d16.pbqp,14,15,1,0,false,true,16,1541.0
examples/regalloc/098-instcombine-patternmatch-match-n12-d16.pbqp,7,14,16,0,false,false,1,221.0
examples/regalloc/098-instcombine-patternmatch-match-n12-d16.pbqp,16,16,1,0,false,true,14,1612.0
examples/regalloc/098-instcombine-patternmatch-match-n12-d16.pbqp,16,7,1,0,true,true,16,1084.0
examples/regalloc/098-instcombine-patternmatch-match-n12-d16.pbqp,16,16,1,2,true,false,1,351.0
examples/regalloc/098-instcombine-patternmatch-match-n12-d16.pbqp,14,16,16,0,true,false,1,330.0
examples/regalloc/098-instcombine-patternmatch-match-n12-d16.pbqp,16,16,1,0,false,false,1,321.0
examples/regalloc/099-instcombine-patternmatch-match-n15-d16.pbqp,16,16,16,0,false,false,8,3424.0
examples/regalloc/099-instcombine-patternmatch-match-n15-d16.pbqp,16,16,1,0,false,false,10,3633.0
examples/regalloc/099-instcombine-patternmatch-match-n15-d16.pbqp,16,15,1,0,false,false,5,1749.0
examples/regalloc/099-instcombine-patternmatch-match-n15-d16.pbqp,15,16,16,0,false,true,32,3162.0
examples/regalloc/099-instcombine-patternmatch-match-n15-d16.pbqp,15,16,16,0,true,true,16,1632.0
examples/regalloc/099-instcombine-patternmatch-match-n15-d16.pbqp,16,15,1,0,true,false,1,374.0
examples/regalloc/099-instcombine-patternmatch-match-n15-d16.pbqp,15,16,16,0,false,false,4,1611.0
examples/regalloc/099-instcombine-patternmatch-match-n15-d16.pbqp,16,16,1,0,false,true,16,1557.0
examples/regalloc/099-instcombine-patternmatch-match-n15-d16.pbqp,16,16,16,0,true,false,1,426.0
examples/regalloc/100-instcombine-patternmatch-match-n13-d16.pbqp,16,16,1,0,false,true,31,2978.0
examples/regalloc/100-instcombine-patternmatch-match-n13-d16.pbqp,15,16,1,0,true,false,1,298.0
examples/regalloc/100-instcombine-patternmatch-match-n13-d16.pbqp,16,16,1,0,false,false,8,2688.0
examples/regalloc/100-instcombine-patternmatch-match-n13-d16.pbqp,16,15,1,0,false,false,4,1271.0
examples/regalloc/100-instcombine-patternmatch-match-n13-d16.pbqp,16,16,16,0,false,false,7,2925.0
examples/regalloc/100-instcombine-patternmatch-match-n13-d16.pbqp,15,16,16,0,false,true,16,1480.0
examples/regalloc/100-instcombine-patternmatch-match-n13-d16.pbqp,16,15,1,0,true,false,1,322.0
examples/regalloc/100-instcombine-patternmatch-match-n13-d16.pbqp,15,16,16,0,false,false,4,1496.0
examples/regalloc/100-instcombine-patternmatch-match-n13-d16.pbqp,16,16,16,0,true,false,1,476.0
examples/regalloc/101-instcombine-patternmatch-match-n9-d16.pbqp,15,16,16,0,false,true,16,1581.0
examples/regalloc/101-instcombine-patternmatch-match-n9-d16.pbqp,16,15,1,0,true,false,3,947.0
examples/regalloc/101-instcombine-patternmatch-match-n9-d16.pbqp,16,16,16,0,false,false,6,2234.0
examples/regalloc/101-instcombine-patternmatch-match-n9-d16.pbqp,16,16,1,0,false,true,30,2958.0
examples/regalloc/101-instcombine-patternmatch-match-n9-d16.pbqp,16,15,1,0,false,false,1,335.0
examples/regalloc/102-instcombine-patternmatch-match-n9-d16.pbqp,15,16,16,0,false,true,16,1679.0
examples/regalloc/102-instcombine-patternmatch-match-n9-d16.pbqp,16,15,1,0,true,false,3,999.0
examples/regalloc/102-instcombine-patternmatch-match-n9-d16.pbqp,16,16,16,0,false,false,6,2394.0
examples/regalloc/102-instcombine-patternmatch-match-n9-d16.pbqp,16,16,1,0,false,true,30,3118.0
examples/regalloc/102-instcombine-patternmatch-match-n9-d16.pbqp,16,15,1,0,false,false,1,321.0
examples/regalloc/103-instcombine-patternmatch-match-n8-d16.pbqp,7,15,16,0,false,true,16,1136.0
examples/regalloc/103-instcombine-patternmatch-match-n8-d16.pbqp,16,16,16,0,false,false,2,803.0
examples/regalloc/103-instcombine-patternmatch-match-n8-d16.pbqp,16,7,1,0,false,false,1,242.0
examples/regalloc/103-instcombine-patternmatch-match-n8-d16.pbqp,16,16,1,0,false,false,4,1412.0
examples/regalloc/103-instcombine-patternmatch-match-n8-d16.pbqp,7,16,16,0,true,false,1,246.0
examples/regalloc/103-instcombine-patternmatch-match-n8-d16.pbqp,7,16,16,0,false,false,3,703.0
examples/regalloc/103-instcombine-patternmatch-match-n8-d16.pbqp,16,16,16,0,false,true,16,1507.0
examples/regalloc/103-instcombine-patternmatch-match-n8-d16.pbqp,16,16,16,0,true,false,1,443.0
examples/regalloc/104-instcombine-patternmatch-match-n8-d16.pbqp,7,15,16,0,false,true,16,1058.0
examples/regalloc/104-instcombine-patternmatch-match-n8-d16.pbqp,16,16,16,0,false,false,2,832.0
examples/regalloc/104-instcombine-patternmatch-match-n8-d16.pbqp,16,7,1,0,false,false,1,223.0
examples/regalloc/104-instcombine-patternmatch-match-n8-d16.pbqp,16,16,1,0,false,false,4,1460.0
examples/regalloc/104-instcombine-patternmatch-match-n8-d16.pbqp,7,16,16,0,true,false,1,234.0
examples/regalloc/104-instcombine-patternmatch-match-n8-d16.pbqp,7,16,16,0,false,false,3,673.0
examples/regalloc/104-instcombine-patternmatch-match-n8-d16.pbqp,16,16,16,0,false,true,16,1492.0
examples/regalloc/104-instcombine-patternmatch-match-n8-d16.pbqp,16,16,16,0,true,false,1,396.0
examples/regalloc/105-instcombine-patternmatch-match-n4-d16.pbqp,7,16,16,0,false,true,7,571.0
examples/regalloc/105-instcombine-patternmatch-match-n4-d16.pbqp,16,7,1,0,false,true,7,627.0
examples/regalloc/105-instcombine-patternmatch-match-n4-d16.pbqp,16,7,1,2,true,false,1,231.0
examples/regalloc/106-instcombine-patternmatch-match-n11-d16.pbqp,15,16,16,0,false,true,32,3244.0
examples/regalloc/106-instcombine-patternmatch-match-n11-d16.pbqp,16,16,16,0,false,false,3,1127.0
examples/regalloc/106-instcombine-patternmatch-match-n11-d16.pbqp,16,16,16,0,false,true,15,1426.0
examples/regalloc/106-instcombine-patternmatch-match-n11-d16.pbqp,15,16,16,0,true,false,1,391.0
examples/regalloc/106-instcombine-patternmatch-match-n11-d16.pbqp,16,16,1,0,false,false,2,753.0
examples/regalloc/106-instcombine-patternmatch-match-n11-d16.pbqp,16,15,1,0,false,false,2,715.0
examples/regalloc/106-instcombine-patternmatch-match-n11-d16.pbqp,16,16,1,0,false,true,15,1503.0
examples/regalloc/106-instcombine-patternmatch-match-n11-d16.pbqp,16,15,1,0,true,false,1,366.0
examples/regalloc/107-instcombine-patternmatch-match-n9-d16.pbqp,16,16,1,0,false,true,14,1841.0
examples/regalloc/107-instcombine-patternmatch-match-n9-d16.pbqp,7,16,16,0,false,true,7,605.0
examples/regalloc/107-instcombine-patternmatch-match-n9-d16.pbqp,16,7,1,0,false,true,7,659.0
examples/regalloc/107-instcombine-patternmatch-match-n9-d16.pbqp,7,16,16,2,true,false,1,259.0
examples/regalloc/107-instcombine-patternmatch-match-n9-d16.pbqp,16,7,16,0,true,true,16,994.0
examples/regalloc/107-instcombine-patternmatch-match-n9-d16.pbqp,16,16,16,2,true,false,1,370.0
examples/regalloc/108-instcombine-patternmatch-match-n14-d16.pbqp,16,16,1,0,false,true,30,3196.0
examples/regalloc/108-instcombine-patternmatch-match-n14-d16.pbqp,15,16,16,0,false,true,32,3216.0
examples/regalloc/108-instcombine-patternmatch-match-n14-d16.pbqp,15,16,1,0,true,false,2,592.0
examples/regalloc/108-instcombine-patternmatch-match-n14-d16.pbqp,16,16,1,0,false,false,5,1802.0
examples/regalloc/108-instcombine-patternmatch-match-n14-d16.pbqp,16,15,1,0,false,false,3,1029.0
examples/regalloc/108-instcombine-patternmatch-match-n14-d16.pbqp,16,16,16,0,false,false,4,1546.0
examples/regalloc/108-instcombine-patternmatch-match-n14-d16.pbqp,16,15,1,0,true,false,1,396.0
examples/regalloc/108-instcombine-patternmatch-match-n14-d16.pbqp,16,15,1,0,false,true,16,1568.0
examples/regalloc/108-instcombine-patternmatch-match-n14-d16.pbqp,16,16,1,0,true,false,1,429.0
examples/regalloc/109-instcombine-patternmatch-match-n8-d16.pbqp,16,16,16,0,false,true,48,4802.0
examples/regalloc/109-instcombine-patternmatch-match-n8-d16.pbqp,16,16,1,0,false,false,2,674.0
examples/regalloc/109-instcombine-patternmatch-match-n8-d16.pbqp,16,16,16,0,false,false,3,1213.0
examples/regalloc/109-instcombine-patternmatch-match-n8-d16.pbqp,16,16,16,0,true,false,2,810.0
examples/regalloc/109-instcombine-patternmatch-match-n8-d16.pbqp,16,16,1,0,false,true,16,1496.0
examples/regalloc/110-instcombine-patternmatch-match-n8-d16.pbqp,16,16,16,0,false,true,48,4802.0
examples/regalloc/110-instcombine-patternmatch-match-n8-d16.pbqp,16,16,1,0,false,false,2,692.0
examples/regalloc/110-instcombine-patternmatch-match-n8-d16.pbqp,16,16,16,0,false,false,3,1235.0
examples/regalloc/110-instcombine-patternmatch-match-n8-d16.pbqp,16,16,16,0,true,false,2,795.0
examples/regalloc/110-instcombine-patternmatch-match-n8-d16.pbqp,16,16,1,0,false,true,16,1514.0
examples/regalloc/111-instcombine-patternmatch-match-n9-d16.pbqp,15,16,16,0,false,true,32,3160.0
examples/regalloc/111-instcombine-patternmatch-match-n9-d16.pbqp,16,16,1,0,false,true,15,1575.0
examples/regalloc/111-instcombine-patternmatch-match-n9-d16.pbqp,15,16,1,0,true,false,1,307.0
examples/regalloc/111-instcombine-patternmatch-match-n9-d16.pbqp,16,15,1,0,true,false,1,346.0
examples/regalloc/111-instcombine-patternmatch-match-n9-d16.pbqp,16,16,16,0,false,false,2,805.0
examples/regalloc/111-instcombine-patternmatch-match-n9-d16.pbqp,16,15,1,0,false,true,16,1521.0
examples/regalloc/111-instcombine-patternmatch-match-n9-d16.pbqp,16,16,16,0,true,false,1,404.0
examples/regalloc/112-instcombine-patternmatch-match-n14-d16.pbqp,15,16,16,0,false,true,64,8232.0
examples/regalloc/112-instcombine-patternmatch-match-n14-d16.pbqp,16,16,1,0,false,true,31,3848.0
examples/regalloc/112-instcombine-patternmatch-match-n14-d16.pbqp,15,16,1,0,true,false,1,340.0
examples/regalloc/112-instcombine-patternmatch-match-n14-d16.pbqp,16,16,1,0,false,false,3,1580.0
examples/regalloc/112-instcombine-patternmatch-match-n14-d16.pbqp,16,15,1,0,false,false,2,1062.0
examples/regalloc/112-instcombine-patternmatch-match-n14-d16.pbqp,16,16,16,0,false,false,4,1868.0
examples/regalloc/112-instcombine-patternmatch-match-n14-d16.pbqp,16,15,1,0,true,false,1,434.0
examples/regalloc/112-instcombine-patternmatch-match-n14-d16.pbqp,15,16,16,0,false,false,3,1339.0
examples/regalloc/112-instcombine-patternmatch-match-n14-d16.pbqp,16,16,16,0,true,false,1,473.0
examples/regalloc/113-instcombine-patternmatch-match-n11-d16.pbqp,16,16,1,0,false,false,1,365.0
examples/regalloc/113-instcombine-patternmatch-match-n11-d16.pbqp,16,7,1,0,false,false,6,1418.0
examples/regalloc/113-instcombine-patternmatch-match-n11-d16.pbqp,16,16,16,0,false,false,2,867.0
examples/regalloc/113-instcombine-patternmatch-match-n11-d16.pbqp,7,16,16,0,false,true,30,2351.0
examples/regalloc/113-instcombine-patternmatch-match-n11-d16.pbqp,15,7,1,0,false,false,3,606.0
examples/regalloc/113-instcombine-patternmatch-match-n11-d16.pbqp,15,15,16,0,false,false,1,330.0
examples/regalloc/113-instcombine-patternmatch-match-n11-d16.pbqp,7,7,1,0,false,false,2,315.0
examples/regalloc/113-instcombine-patternmatch-match-n11-d16.pbqp,7,15,16,0,false,false,1,215.0
examples/regalloc/113-instcombine-patternmatch-match-n11-d16.pbqp,15,7,1,0,false,true,7,694.0
examples/regalloc/113-instcombine-patternmatch-match-n11-d16.pbqp,15,7,1,2,true,false,1,278.0
examples/regalloc/114-instcombine-patternmatch-match-n10-d16.pbqp,16,7,1,0,false,false,5,1256.0
examples/regalloc/114-instcombine-patternmatch-match-n10-d16.pbqp,16,7,16,0,false,false,1,271.0
examples/regalloc/114-instcombine-patternmatch-match-n10-d16.pbqp,16,16,1,0,false,false,1,387.0
examples/regalloc/114-instcombine-patternmatch-match-n10-d16.pbqp,16,16,16,0,false,false,2,815.0
examples/regalloc/114-instcombine-patternmatch-match-n10-d16.pbqp,7,16,16,0,false,true,30,2426.0
examples/regalloc/114-instcombine-patternmatch-match-n10-d16.pbqp,7,7,1,0,true,false,1,151.0
examples/regalloc/114-instcombine-patternmatch-match-n10-d16.pbqp,7,7,16,0,false,false,1,208.0
examples/regalloc/114-instcombine-patternmatch-match-n10-d16.pbqp,7,16,16,0,false,false,1,236.0
examples/regalloc/114-instcombine-patternmatch-match-n10-d16.pbqp,16,7,1,0,false,true,7,729.0
examples/regalloc/114-instcombine-patternmatch-match-n10-d16.pbqp,7,16,16,2,true,false,1,294.0
examples/regalloc/116-instcombine-irbuilderbase-createcall-n41-d17.pbqp,16,7,1,0,false,false,87,24813.0
examples/regalloc/116-instcombine-irbuilderbase-createcall-n41-d17.pbqp,7,14,1,0,false,false,1,249.0
examples/regalloc/116-instcombine-irbuilderbase-createcall-n41-d17.pbqp,7,7,1,0,false,false,55,11049.0
examples/regalloc/116-instcombine-irbuilderbase-createcall-n41-d17.pbqp,14,7,1,0,false,false,11,2775.0
examples/regalloc/116-instcombine-irbuilderbase-createcall-n41-d17.pbqp,16,16,1,0,false,false,16,6533.0
examples/regalloc/116-instcombine-irbuilderbase-createcall-n41-d17.pbqp,16,15,17,0,false,false,2,977.0
examples/regalloc/116-instcombine-irbuilderbase-createcall-n41-d17.pbqp,15,7,1,0,false,false,28,7875.0
examples/regalloc/116-instcombine-irbuilderbase-createcall-n41-d17.pbqp,16,13,17,0,false,false,1,490.0
examples/regalloc/116-instcombine-irbuilderbase-createcall-n41-d17.pbqp,16,12,17,0,false,false,1,457.0
examples/regalloc/116-instcombine-irbuilderbase-createcall-n41-d17.pbqp,16,11,17,0,false,false,1,420.0
examples/regalloc/116-instcombine-irbuilderbase-createcall-n41-d17.pbqp,13,7,1,0,false,false,3,706.0
examples/regalloc/116-instcombine-irbuilderbase-createcall-n41-d17.pbqp,13,12,17,0,false,false,1,375.0
examples/regalloc/116-instcombine-irbuilderbase-createcall-n41-d17.pbqp,13,11,17,0,false,false,1,292.0
examples/regalloc/116-instcombine-irbuilderbase-createcall-n41-d17.pbqp,12,7,1,0,false,false,3,721.0
examples/regalloc/116-instcombine-irbuilderbase-createcall-n41-d17.pbqp,12,11,17,0,false,false,1,308.0
examples/regalloc/116-instcombine-irbuilderbase-createcall-n41-d17.pbqp,11,7,1,0,false,false,10,2490.0
examples/regalloc/116-instcombine-irbuilderbase-createcall-n41-d17.pbqp,16,14,1,0,false,false,1,402.0
examples/regalloc/116-instcombine-irbuilderbase-createcall-n41-d17.pbqp,15,14,1,0,false,false,1,406.0
examples/regalloc/116-instcombine-irbuilderbase-createcall-n41-d17.pbqp,14,16,17,0,false,false,2,876.0
examples/regalloc/116-instcombine-irbuilderbase-createcall-n41-d17.pbqp,7,7,17,0,false,false,3,738.0
examples/regalloc/116-instcombine-irbuilderbase-createcall-n41-d17.pbqp,7,15,17,0,false,false,1,316.0
examples/regalloc/116-instcombine-irbuilderbase-createcall-n41-d17.pbqp,16,16,17,0,false,false,13,5273.0
examples/regalloc/116-instcombine-irbuilderbase-createcall-n41-d17.pbqp,7,16,17,0,false,false,32,8284.0
examples/regalloc/116-instcombine-irbuilderbase-createcall-n41-d17.pbqp,16,16,1,0,false,true,7,997.0
examples/regalloc/116-instcombine-irbuilderbase-createcall-n41-d17.pbqp,16,7,1,0,true,false,1,362.0
examples/regalloc/117-instcombine-irbuilderbase-createcall-n38-d17-r1.pbqp,7,11,17,0,false,true,14,1372.0
examples/regalloc/117-instcombine-irbuilderbase-createcall-n38-d17-r1.pbqp,7,16,17,0,false,true,14,1316.0
examples/regalloc/117-instcombine-irbuilderbase-createcall-n38-d17-r1.pbqp,7,14,1,0,false,false,1,231.0
examples/regalloc/117-instcombine-irbuilderbase-createcall-n38-d17-r1.pbqp,7,7,1,0,false,false,12,2556.0
examples/regalloc/117-instcombine-irbuilderbase-createcall-n38-d17-r1.pbqp,7,14,17,0,false,true,7,676.0
examples/regalloc/117-instcombine-irbuilderbase-createcall-n38-d17-r1.pbqp,16,7,1,0,false,false,37,10199.0
examples/regalloc/117-instcombine-irbuilderbase-createcall-n38-d17-r1.pbqp,15,7,1,0,false,false,11,2920.0
examples/regalloc/117-instcombine-irbuilderbase-createcall-n38-d17-r1.pbqp,16,16,1,0,false,false,15,5978.0
examples/regalloc/117-instcombine-irbuilderbase-createcall-n38-d17-r1.pbqp,16,15,17,0,false,false,2,961.0
examples/regalloc/117-instcombine-irbuilderbase-createcall-n38-d17-r1.pbqp,7,15,17,0,false,true,7,752.0
examples/regalloc/117-instcombine-irbuilderbase-createcall-n38-d17-r1.pbqp,16,14,1,0,false,false,1,368.0
examples/regalloc/117-instcombine-irbuilderbase-createcall-n38-d17-r1.pbqp,15,14,1,0,false,false,1,335.0
examples/regalloc/117-instcombine-irbuilderbase-createcall-n38-d17-r1.pbqp,14,7,1,0,false,false,3,813.0
examples/regalloc/117-instcombine-irbuilderbase-createcall-n38-d17-r1.pbqp,14,16,17,0,false,false,2,824.0
examples/regalloc/117-instcombine-irbuilderbase-createcall-n38-d17-r1.pbqp,7,7,17,0,false,false,4,972.0
examples/regalloc/117-instcombine-irbuilderbase-createcall-n38-d17-r1.pbqp,16,13,17,0,false,false,1,482.0
examples/regalloc/117-instcombine-irbuilderbase-createcall-n38-d17-r1.pbqp,16,12,17,0,false,false,1,428.0
examples/regalloc/117-instcombine-irbuilderbase-createcall-n38-d17-r1.pbqp,16,11,17,0,false,false,1,380.0
examples/regalloc/117-instcombine-irbuilderbase-createcall-n38-d17-r1.pbqp,13,7,1,0,false,false,2,504.0
examples/regalloc/117-instcombine-irbuilderbase-createcall-n38-d17-r1.pbqp,13,12,17,0,false,false,1,356.0
examples/regalloc/117-instcombine-irbuilderbase-createcall-n38-d17-r1.pbqp,13,11,17,0,false,false,1,276.0
examples/regalloc/117-instcombine-irbuilderbase-createcall-n38-d17-r1.pbqp,12,7,1,0,false,false,2,509.0
examples/regalloc/117-instcombine-irbuilderbase-createcall-n38-d17-r1.pbqp,12,11,17,0,false,false,1,312.0
examples/regalloc/117-instcombine-irbuilderbase-createcall-n38-d17-r1.pbqp,7,7,1,0,true,false,1,248.0
examples/regalloc/117-instcombine-irbuilderbase-createcall-n38-d17-r1.pbqp,16,16,17,0,false,false,13,5509.0
examples/regalloc/117-instcombine-irbuilderbase-createcall-n38-d17-r1.pbqp,7,16,17,0,false,false,16,4819.0
examples/regalloc/117-instcombine-irbuilderbase-createcall-n38-d17-r1.pbqp,16,16,17,0,false,true,16,1741.0
examples/regalloc/117-instcombine-irbuilderbase-createcall-n38-d17-r1.pbqp,16,16,1,0,true,false,1,413.0
examples/regalloc/118-instcombine-irbuilderbase-createcast-n16-d16.pbqp,7,7,1,0,false,false,25,4729.0
examples/regalloc/118-instcombine-irbuilderbase-createcast-n16-d16.pbqp,16,7,1,0,false,false,7,1794.0
examples/regalloc/118-instcombine-irbuilderbase-createcast-n16-d16.pbqp,13,7,1,0,false,false,9,1872.0
examples/regalloc/118-instcombine-irbuilderbase-createcast-n16-d16.pbqp,16,13,16,0,false,false,1,370.0
examples/regalloc/118-instcombine-irbuilderbase-createcast-n16-d16.pbqp,16,12,16,0,false,false,1,350.0
examples/regalloc/118-instcombine-irbuilderbase-createcast-n16-d16.pbqp,16,11,16,0,false,false,1,305.0
examples/regalloc/118-instcombine-irbuilderbase-createcast-n16-d16.pbqp,13,12,16,0,false,false,1,278.0
examples/regalloc/118-instcombine-irbuilderbase-createcast-n16-d16.pbqp,13,11,16,0,false,false,1,258.0
examples/regalloc/118-instcombine-irbuilderbase-createcast-n16-d16.pbqp,12,7,1,0,false,false,3,609.0
examples/regalloc/118-instcombine-irbuilderbase-createcast-n16-d16.pbqp,12,11,16,0,false,false,1,235.0
examples/regalloc/118-instcombine-irbuilderbase-createcast-n16-d16.pbqp,11,7,1,0,false,false,3,735.0
examples/regalloc/118-instcombine-irbuilderbase-createcast-n16-d16.pbqp,7,16,16,0,false,false,5,1342.0
examples/regalloc/118-instcombine-irbuilderbase-createcast-n16-d16.pbqp,7,12,16,0,false,false,5,1276.0
examples/regalloc/118-instcombine-irbuilderbase-createcast-n16-d16.pbqp,12,16,1,0,false,true,7,752.0
examples/regalloc/118-instcombine-irbuilderbase-createcast-n16-d16.pbqp,7,12,16,0,true,false,1,290.0
examples/regalloc/119-instcombine-irbuilderbase-createicmp-n20-d17.pbqp,16,7,1,0,false,false,23,5892.0
examples/regalloc/119-instcombine-irbuilderbase-createicmp-n20-d17.pbqp,16,12,17,0,false,false,2,674.0
examples/regalloc/119-instcombine-irbuilderbase-createicmp-n20-d17.pbqp,12,7,1,0,false,false,8,1495.0
examples/regalloc/119-instcombine-irbuilderbase-createicmp-n20-d17.pbqp,16,13,17,0,false,false,1,333.0
examples/regalloc/119-instcombine-irbuilderbase-createicmp-n20-d17.pbqp,16,11,17,0,false,false,1,294.0
examples/regalloc/119-instcombine-irbuilderbase-createicmp-n20-d17.pbqp,13,7,1,0,false,false,3,620.0
examples/regalloc/119-instcombine-irbuilderbase-createicmp-n20-d17.pbqp,13,12,17,0,false,false,1,291.0
examples/regalloc/119-instcombine-irbuilderbase-createicmp-n20-d17.pbqp,13,11,17,0,false,false,1,279.0
examples/regalloc/119-instcombine-irbuilderbase-createicmp-n20-d17.pbqp,12,11,17,0,false,false,1,245.0
examples/regalloc/119-instcombine-irbuilderbase-createicmp-n20-d17.pbqp,11,7,1,0,false,false,3,546.0
examples/regalloc/119-instcombine-irbuilderbase-createicmp-n20-d17.pbqp,16,15,1,0,false,false,3,1063.0
examples/regalloc/119-instcombine-irbuilderbase-createicmp-n20-d17.pbqp,7,7,1,0,false,false,23,3953.0
examples/regalloc/119-instcombine-irbuilderbase-createicmp-n20-d17.pbqp,7,15,17,0,false,false,13,3112.0
examples/regalloc/119-instcombine-irbuilderbase-createicmp-n20-d17.pbqp,7,7,17,0,false,false,5,1043.0
examples/regalloc/119-instcombine-irbuilderbase-createicmp-n20-d17.pbqp,7,16,17,0,false,false,5,1273.0
examples/regalloc/119-instcombine-irbuilderbase-createicmp-n20-d17.pbqp,7,15,17,0,false,true,15,1031.0
examples/regalloc/119-instcombine-irbuilderbase-createicmp-n20-d17.pbqp,7,15,17,0,true,false,1,276.0
examples/regalloc/120-instcombine-irbuilderbase-createsrem-n12-d16.pbqp,13,7,1,0,false,false,5,1055.0
examples/regalloc/120-instcombine-irbuilderbase-createsrem-n12-d16.pbqp,16,7,1,0,false,false,5,1243.0
examples/regalloc/120-instcombine-irbuilderbase-createsrem-n12-d16.pbqp,16,12,16,0,false,false,2,673.0
examples/regalloc/120-instcombine-irbuilderbase-createsrem-n12-d16.pbqp,12,7,1,0,false,false,4,779.0
examples/regalloc/120-instcombine-irbuilderbase-createsrem-n12-d16.pbqp,7,7,1,0,false,false,4,551.0
examples/regalloc/120-instcombine-irbuilderbase-createsrem-n12-d16.pbqp,7,7,16,0,false,false,6,1009.0
examples/regalloc/120-instcombine-irbuilderbase-createsrem-n12-d16.pbqp,7,16,16,0,false,false,2,494.0
examples/regalloc/120-instcombine-irbuilderbase-createsrem-n12-d16.pbqp,7,13,16,0,false,false,2,457.0
examples/regalloc/120-instcombine-irbuilderbase-createsrem-n12-d16.pbqp,7,12,16,0,false,false,2,396.0
examples/regalloc/120-instcombine-irbuilderbase-createsrem-n12-d16.pbqp,7,11,16,0,false,false,2,378.0
examples/regalloc/120-instcombine-irbuilderbase-createsrem-n12-d16.pbqp,16,13,16,0,false,false,1,409.0
examples/regalloc/120-instcombine-irbuilderbase-createsrem-n12-d16.pbqp,16,11,16,0,false,false,1,338.0
examples/regalloc/120-instcombine-irbuilderbase-createsrem-n12-d16.pbqp,13,12,16,0,false,false,1,357.0
examples/regalloc/120-instcombine-irbuilderbase-createsrem-n12-d16.pbqp,13,11,16,0,false,false,1,280.0
examples/regalloc/120-instcombine-irbuilderbase-createsrem-n12-d16.pbqp,11,12,1,0,false,true,7,663.0
examples/regalloc/120-instcombine-irbuilderbase-createsrem-n12-d16.pbqp,7,11,16,0,true,false,1,216.0
examples/regalloc/121-instcombine-irbuilderbase-createurem-n12-d16.pbqp,13,7,1,0,false,false,5,1068.0
examples/regalloc/121-instcombine-irbuilderbase-createurem-n12-d16.pbqp,16,7,1,0,false,false,5,1199.0
examples/regalloc/121-instcombine-irbuilderbase-createurem-n12-d16.pbqp,16,12,16,0,false,false,2,670.0
examples/regalloc/121-instcombine-irbuilderbase-createurem-n12-d16.pbqp,12,7,1,0,false,false,4,747.0
examples/regalloc/121-instcombine-irbuilderbase-createurem-n12-d16.pbqp,7,7,1,0,false,false,4,590.0
examples/regalloc/121-instcombine-irbuilderbase-createurem-n12-d16.pbqp,7,7,16,0,false,false,6,1007.0
examples/regalloc/121-instcombine-irbuilderbase-createurem-n12-d16.pbqp,7,16,16,0,false,false,2,465.0
examples/regalloc/121-instcombine-irbuilderbase-createurem-n12-d16.pbqp,7,13,16,0,false,false,2,421.0
examples/regalloc/121-instcombine-irbuilderbase-createurem-n12-d16.pbqp,7,12,16,0,false,false,2,392.0
examples/regalloc/121-instcombine-irbuilderbase-createurem-n12-d16.pbqp,7,11,16,0,false,false,2,394.0
examples/regalloc/121-instcombine-irbuilderbase-createurem-n12-d16.pbqp,16,13,16,0,false,false,1,378.0
examples/regalloc/121-instcombine-irbuilderbase-createurem-n12-d16.pbqp,16,11,16,0,false,false,1,329.0
examples/regalloc/121-instcombine-irbuilderbase-createurem-n12-d16.pbqp,13,12,16,0,false,false,1,349.0
examples/regalloc/121-instcombine-irbuilderbase-createurem-n12-d16.pbqp,13,11,16,0,false,false,1,265.0
examples/regalloc/121-instcombine-irbuilderbase-createurem-n12-d16.pbqp,11,12,1,0,false,true,7,633.0
examples/regalloc/121-instcombine-irbuilderbase-createurem-n12-d16.pbqp,7,11,16,0,true,false,1,236.0
examples/regalloc/122-instcombine-irbuilderbase-createzext-n13-d16.pbqp,16,7,1,0,false,false,6,1381.0
examples/regalloc/122-instcombine-irbuilderbase-createzext-n13-d16.pbqp,16,12,16,0,false,false,2,651.0
examples/regalloc/122-instcombine-irbuilderbase-createzext-n13-d16.pbqp,12,7,1,0,false,false,5,881.0
examples/regalloc/122-instcombine-irbuilderbase-createzext-n13-d16.pbqp,7,7,1,0,false,false,8,1111.0
examples/regalloc/122-instcombine-irbuilderbase-createzext-n13-d16.pbqp,7,7,16,0,false,false,7,1224.0
examples/regalloc/122-instcombine-irbuilderbase-createzext-n13-d16.pbqp,7,13,16,0,false,false,5,1103.0
examples/regalloc/122-instcombine-irbuilderbase-createzext-n13-d16.pbqp,13,7,1,0,false,false,5,938.0
examples/regalloc/122-instcombine-irbuilderbase-createzext-n13-d16.pbqp,7,16,16,0,false,false,3,767.0
examples/regalloc/122-instcombine-irbuilderbase-createzext-n13-d16.pbqp,7,12,16,0,false,false,3,678.0
examples/regalloc/122-instcombine-irbuilderbase-createzext-n13-d16.pbqp,7,11,16,0,false,false,3,545.0
examples/regalloc/122-instcombine-irbuilderbase-createzext-n13-d16.pbqp,16,13,16,0,false,false,1,386.0
examples/regalloc/122-instcombine-irbuilderbase-createzext-n13-d16.pbqp,16,11,16,0,false,false,1,297.0
examples/regalloc/122-instcombine-irbuilderbase-createzext-n13-d16.pbqp,13,12,16,0,false,false,1,301.0
examples/regalloc/122-instcombine-irbuilderbase-createzext-n13-d16.pbqp,13,11,16,0,false,false,1,262.0
examples/regalloc/122-instcombine-irbuilderbase-createzext-n13-d16.pbqp,11,12,1,0,false,true,7,569.0
examples/regalloc/122-instcombine-irbuilderbase-createzext-n13-d16.pbqp,7,11,16,0,true,false,1,259.0
examples/regalloc/123-instcombine-irbuilderbase-createfpext-n7-d16.pbqp,16,14,1,0,false,false,1,326.0
examples/regalloc/123-instcombine-irbuilderbase-createfpext-n7-d16.pbqp,16,13,1,0,false,false,1,296.0
examples/regalloc/123-instcombine-irbuilderbase-createfpext-n7-d16.pbqp,16,11,1,0,false,false,1,278.0
examples/regalloc/123-instcombine-irbuilderbase-createfpext-n7-d16.pbqp,16,10,1,0,false,false,1,255.0
examples/regalloc/123-instcombine-irbuilderbase-createfpext-n7-d16.pbqp,14,13,1,0,false,false,1,244.0
examples/regalloc/123-instcombine-irbuilderbase-createfpext-n7-d16.pbqp,14,11,1,0,false,false,1,247.0
examples/regalloc/123-instcombine-irbuilderbase-createfpext-n7-d16.pbqp,14,10,1,0,false,false,1,230.0
examples/regalloc/123-instcombine-irbuilderbase-createfpext-n7-d16.pbqp,10,13,16,0,false,true,11,841.0
examples/regalloc/123-instcombine-irbuilderbase-createfpext-n7-d16.pbqp,10,11,16,0,true,false,1,203.0
examples/regalloc/124-instcombine-irbuilderbase-createisneg-n5-d16.pbqp,16,7,1,0,false,false,3,677.0
examples/regalloc/124-instcombine-irbuilderbase-createisneg-n5-d16.pbqp,7,7,1,0,false,false,2,273.0
examples/regalloc/124-instcombine-irbuilderbase-createisneg-n5-d16.pbqp,7,13,16,0,false,false,1,185.0
examples/regalloc/124-instcombine-irbuilderbase-createisneg-n5-d16.pbqp,13,7,1,0,false,true,7,636.0
examples/regalloc/124-instcombine-irbuilderbase-createisneg-n5-d16.pbqp,13,7,1,2,true,false,1,215.0
examples/regalloc/125-instcombine-irbuilderbase-createnuwadd-n12-d16.pbqp,13,7,1,0,false,false,5,1046.0
examples/regalloc/125-instcombine-irbuilderbase-createnuwadd-n12-d16.pbqp,16,7,1,0,false,false,5,1149.0
examples/regalloc/125-instcombine-irbuilderbase-createnuwadd-n12-d16.pbqp,16,10,16,0,false,false,1,317.0
examples/regalloc/125-instcombine-irbuilderbase-createnuwadd-n12-d16.pbqp,10,7,1,0,false,false,4,724.0
examples/regalloc/125-instcombine-irbuilderbase-createnuwadd-n12-d16.pbqp,7,7,1,0,false,false,4,549.0
examples/regalloc/125-instcombine-irbuilderbase-createnuwadd-n12-d16.pbqp,7,7,16,0,false,false,6,955.0
examples/regalloc/125-instcombine-irbuilderbase-createnuwadd-n12-d16.pbqp,7,16,16,0,false,false,2,451.0
examples/regalloc/125-instcombine-irbuilderbase-createnuwadd-n12-d16.pbqp,7,13,16,0,false,false,2,421.0
examples/regalloc/125-instcombine-irbuilderbase-createnuwadd-n12-d16.pbqp,7,12,16,0,false,false,2,413.0
examples/regalloc/125-instcombine-irbuilderbase-createnuwadd-n12-d16.pbqp,7,11,16,0,false,false,2,366.0
examples/regalloc/125-instcombine-irbuilderbase-createnuwadd-n12-d16.pbqp,16,13,16,0,false,false,1,383.0
examples/regalloc/125-instcombine-irbuilderbase-createnuwadd-n12-d16.pbqp,16,12,16,0,false,false,1,342.0
examples/regalloc/125-instcombine-irbuilderbase-createnuwadd-n12-d16.pbqp,16,11,16,0,false,false,1,316.0
examples/regalloc/125-instcombine-irbuilderbase-createnuwadd-n12-d16.pbqp,13,12,16,0,false,false,1,356.0
examples/regalloc/125-instcombine-irbuilderbase-createnuwadd-n12-d16.pbqp,13,11,16,0,false,false,1,256.0
examples/regalloc/125-instcombine-irbuilderbase-createnuwadd-n12-d16.pbqp,11,12,1,0,false,true,7,636.0
examples/regalloc/125-instcombine-irbuilderbase-createnuwadd-n12-d16.pbqp,7,11,16,0,true,false,1,265.0
examples/regalloc/126-instcombine-irbuilderbase-createfaddfmf-n16-d16.pbqp,13,7,1,0,false,false,9,1773.0
examples/regalloc/126-instcombine-irbuilderbase-createfaddfmf-n16-d16.pbqp,16,7,1,0,false,false,4,926.0
examples/regalloc/126-instcombine-irbuilderbase-createfaddfmf-n16-d16.pbqp,16,13,16,0,false,false,1,344.0
examples/regalloc/126-instcombine-irbuilderbase-createfaddfmf-n16-d16.pbqp,16,12,16,0,false,false,2,681.0
examples/regalloc/126-instcombine-irbuilderbase-createfaddfmf-n16-d16.pbqp,16,11,16,0,false,false,2,597.0
examples/regalloc/126-instcombine-irbuilderbase-createfaddfmf-n16-d16.pbqp,13,12,16,0,false,false,1,298.0
examples/regalloc/126-instcombine-irbuilderbase-createfaddfmf-n16-d16.pbqp,13,11,16,0,false,false,1,257.0
examples/regalloc/126-instcombine-irbuilderbase-createfaddfmf-n16-d16.pbqp,12,7,1,0,false,false,3,580.0
examples/regalloc/126-instcombine-irbuilderbase-createfaddfmf-n16-d16.pbqp,12,11,16,0,false,false,1,262.0
examples/regalloc/126-instcombine-irbuilderbase-createfaddfmf-n16-d16.pbqp,11,7,1,0,false,false,3,639.0
examples/regalloc/126-instcombine-irbuilderbase-createfaddfmf-n16-d16.pbqp,7,7,1,0,false,false,21,3684.0
examples/regalloc/126-instcombine-irbuilderbase-createfaddfmf-n16-d16.pbqp,7,16,16,0,false,false,5,1188.0
examples/regalloc/126-instcombine-irbuilderbase-createfaddfmf-n16-d16.pbqp,7,12,16,0,false,false,5,1104.0
examples/regalloc/126-instcombine-irbuilderbase-createfaddfmf-n16-d16.pbqp,7,11,16,0,false,false,5,910.0
examples/regalloc/126-instcombine-irbuilderbase-createfaddfmf-n16-d16.pbqp,7,11,16,0,false,true,12,868.0
examples/regalloc/126-instcombine-irbuilderbase-createfaddfmf-n16-d16.pbqp,7,12,16,0,true,false,1,278.0
examples/regalloc/127-instcombine-irbuilderbase-createfdivfmf-n16-d16.pbqp,13,7,1,0,false,false,9,1879.0
examples/regalloc/127-instcombine-irbuilderbase-createfdivfmf-n16-d16.pbqp,16,7,1,0,false,false,4,970.0
examples/regalloc/127-instcombine-irbuilderbase-createfdivfmf-n16-d16.pbqp,16,13,16,0,false,false,1,358.0
examples/regalloc/127-instcombine-irbuilderbase-createfdivfmf-n16-d16.pbqp,16,12,16,0,false,false,2,741.0
examples/regalloc/127-instcombine-irbuilderbase-createfdivfmf-n16-d16.pbqp,16,11,16,0,false,false,2,612.0
examples/regalloc/127-instcombine-irbuilderbase-createfdivfmf-n16-d16.pbqp,13,12,16,0,false,false,1,306.0
examples/regalloc/127-instcombine-irbuilderbase-createfdivfmf-n16-d16.pbqp,13,11,16,0,false,false,1,263.0
examples/regalloc/127-instcombine-irbuilderbase-createfdivfmf-n16-d16.pbqp,12,7,1,0,false,false,3,575.0
examples/regalloc/127-instcombine-irbuilderbase-createfdivfmf-n16-d16.pbqp,12,11,16,0,false,false,1,249.0
examples/regalloc/127-instcombine-irbuilderbase-createfdivfmf-n16-d16.pbqp,11,7,1,0,false,false,3,606.0
examples/regalloc/127-instcombine-irbuilderbase-createfdivfmf-n16-d16.pbqp,7,7,1,0,false,false,21,3881.0
examples/regalloc/127-instcombine-irbuilderbase-createfdivfmf-n16-d16.pbqp,7,16,16,0,false,false,5,1292.0
examples/regalloc/127-instcombine-irbuilderbase-createfdivfmf-n16-d16.pbqp,7,12,16,0,false,false,5,1215.0
examples/regalloc/127-instcombine-irbuilderbase-createfdivfmf-n16-d16.pbqp,7,11,16,0,false,false,5,1016.0
examples/regalloc/127-instcombine-irbuilderbase-createfdivfmf-n16-d16.pbqp,7,11,16,0,false,true,12,923.0
examples/regalloc/127-instcombine-irbuilderbase-createfdivfmf-n16-d16.pbqp,7,12,16,0,true,false,1,284.0
examples/regalloc/128-instcombine-irbuilderbase-createfmulfmf-n16-d16.pbqp,13,7,1,0,false,false,9,1971.0
examples/regalloc/128-instcombine-irbuilderbase-createfmulfmf-n16-d16.pbqp,16,7,1,0,false,false,4,973.0
examples/regalloc/128-instcombine-irbuilderbase-createfmulfmf-n16-d16.pbqp,16,13,16,0,false,false,1,356.0
examples/regalloc/128-instcombine-irbuilderbase-createfmulfmf-n16-d16.pbqp,16,12,16,0,false,false,2,747.0
examples/regalloc/128-instcombine-irbuilderbase-createfmulfmf-n16-d16.pbqp,16,11,16,0,false,false,2,642.0
examples/regalloc/128-instcombine-irbuilderbase-createfmulfmf-n16-d16.pbqp,13,12,16,0,false,false,1,311.0
examples/regalloc/128-instcombine-irbuilderbase-createfmulfmf-n16-d16.pbqp,13,11,16,0,false,false,1,257.0
examples/regalloc/128-instcombine-irbuilderbase-createfmulfmf-n16-d16.pbqp,12,7,1,0,false,false,3,652.0
examples/regalloc/128-instcombine-irbuilderbase-createfmulfmf-n16-d16.pbqp,12,11,16,0,false,false,1,281.0
examples/regalloc/128-instcombine-irbuilderbase-createfmulfmf-n16-d16.pbqp,11,7,1,0,false,false,3,644.0
examples/regalloc/128-instcombine-irbuilderbase-createfmulfmf-n16-d16.pbqp,7,7,1,0,false,false,21,4008.0
examples/regalloc/128-instcombine-irbuilderbase-createfmulfmf-n16-d16.pbqp,7,16,16,0,false,false,5,1223.0
examples/regalloc/128-instcombine-irbuilderbase-createfmulfmf-n16-d16.pbqp,7,12,16,0,false,false,5,1225.0
examples/regalloc/128-instcombine-irbuilderbase-createfmulfmf-n16-d16.pbqp,7,11,16,0,false,false,5,1025.0
examples/regalloc/128-instcombine-irbuilderbase-createfmulfmf-n16-d16.pbqp,7,11,16,0,false,true,12,825.0
examples/regalloc/128-instcombine-irbuilderbase-createfmulfmf-n16-d16.pbqp,7,12,16,0,true,false,1,303.0
examples/regalloc/129-instcombine-irbuilderbase-createfnegfmf-n14-d16.pbqp,14,7,1,0,false,false,5,1065.0
examples/regalloc/129-instcombine-irbuilderbase-createfnegfmf-n14-d16.pbqp,16,7,1,0,false,false,4,964.0
examples/regalloc/129-instcombine-irbuilderbase-createfnegfmf-n14-d16.pbqp,16,13,16,0,false,false,2,709.0
examples/regalloc/129-instcombine-irbuilderbase-createfnegfmf-n14-d16.pbqp,16,12,16,0,false,false,2,651.0
examples/regalloc/129-instcombine-irbuilderbase-createfnegfmf-n14-d16.pbqp,16,11,16,0,false,false,1,312.0
examples/regalloc/129-instcombine-irbuilderbase-createfnegfmf-n14-d16.pbqp,13,7,1,0,false,false,3,611.0
examples/regalloc/129-instcombine-irbuilderbase-createfnegfmf-n14-d16.pbqp,13,12,16,0,false,false,1,273.0
examples/regalloc/129-instcombine-irbuilderbase-createfnegfmf-n14-d16.pbqp,13,11,16,0,false,false,1,255.0
examples/regalloc/129-instcombine-irbuilderbase-createfnegfmf-n14-d16.pbqp,12,7,1,0,false,false,3,595.0
examples/regalloc/129-instcombine-irbuilderbase-createfnegfmf-n14-d16.pbqp,12,11,16,0,false,false,1,237.0
examples/regalloc/129-instcombine-irbuilderbase-createfnegfmf-n14-d16.pbqp,11,7,1,0,false,false,3,515.0
examples/regalloc/129-instcombine-irbuilderbase-createfnegfmf-n14-d16.pbqp,7,7,1,0,false,false,15,2650.0
examples/regalloc/129-instcombine-irbuilderbase-createfnegfmf-n14-d16.pbqp,7,16,16,0,false,false,4,1031.0
examples/regalloc/129-instcombine-irbuilderbase-createfnegfmf-n14-d16.pbqp,7,13,16,0,false,false,4,1033.0
examples/regalloc/129-instcombine-irbuilderbase-createfnegfmf-n14-d16.pbqp,7,12,16,0,false,false,4,935.0
examples/regalloc/129-instcombine-irbuilderbase-createfnegfmf-n14-d16.pbqp,7,12,16,0,false,true,13,863.0
examples/regalloc/129-instcombine-irbuilderbase-createfnegfmf-n14-d16.pbqp,7,13,16,0,true,false,1,319.0
examples/regalloc/130-instcombine-irbuilderbase-createfptrunc-n7-d16.pbqp,16,14,1,0,false,false,1,352.0
examples/regalloc/130-instcombine-irbuilderbase-createfptrunc-n7-d16.pbqp,16,13,1,0,false,false,1,293.0
examples/regalloc/130-instcombine-irbuilderbase-createfptrunc-n7-d16.pbqp,16,11,1,0,false,false,1,284.0
examples/regalloc/130-instcombine-irbuilderbase-createfptrunc-n7-d16.pbqp,16,10,1,0,false,false,1,248.0
examples/regalloc/130-instcombine-irbuilderbase-createfptrunc-n7-d16.pbqp,14,13,1,0,false,false,1,262.0
examples/regalloc/130-instcombine-irbuilderbase-createfptrunc-n7-d16.pbqp,14,11,1,0,false,false,1,256.0
examples/regalloc/130-instcombine-irbuilderbase-createfptrunc-n7-d16.pbqp,14,10,1,0,false,false,1,228.0
examples/regalloc/130-instcombine-irbuilderbase-createfptrunc-n7-d16.pbqp,10,13,16,0,false,true,11,768.0
examples/regalloc/130-instcombine-irbuilderbase-createfptrunc-n7-d16.pbqp,10,11,16,0,true,false,1,204.0
examples/regalloc/131-instcombine-irbuilderbase-createfsubfmf-n16-d16.pbqp,13,7,1,0,false,false,9,1909.0
examples/regalloc/131-instcombine-irbuilderbase-createfsubfmf-n16-d16.pbqp,16,7,1,0,false,false,4,977.0
examples/regalloc/131-instcombine-irbuilderbase-createfsubfmf-n16-d16.pbqp,16,13,16,0,false,false,1,380.0
examples/regalloc/131-instcombine-irbuilderbase-createfsubfmf-n16-d16.pbqp,16,12,16,0,false,false,2,772.0
examples/regalloc/131-instcombine-irbuilderbase-createfsubfmf-n16-d16.pbqp,16,11,16,0,false,false,2,630.0
examples/regalloc/131-instcombine-irbuilderbase-createfsubfmf-n16-d16.pbqp,13,12,16,0,false,false,1,327.0
examples/regalloc/131-instcombine-irbuilderbase-createfsubfmf-n16-d16.pbqp,13,11,16,0,false,false,1,273.0
examples/regalloc/131-instcombine-irbuilderbase-createfsubfmf-n16-d16.pbqp,12,7,1,0,false,false,3,648.0
examples/regalloc/131-instcombine-irbuilderbase-createfsubfmf-n16-d16.pbqp,12,11,16,0,false,false,1,263.0
examples/regalloc/131-instcombine-irbuilderbase-createfsubfmf-n16-d16.pbqp,11,7,1,0,false,false,3,633.0
examples/regalloc/131-instcombine-irbuilderbase-createfsubfmf-n16-d16.pbqp,7,7,1,0,false,false,21,4082.0
examples/regalloc/131-instcombine-irbuilderbase-createfsubfmf-n16-d16.pbqp,7,16,16,0,false,false,5,1281.0
examples/regalloc/131-instcombine-irbuilderbase-createfsubfmf-n16-d16.pbqp,7,12,16,0,false,false,5,1157.0
examples/regalloc/131-instcombine-irbuilderbase-createfsubfmf-n16-d16.pbqp,7,11,16,0,false,false,5,1033.0
examples/regalloc/131-instcombine-irbuilderbase-createfsubfmf-n16-d16.pbqp,7,11,16,0,false,true,12,893.0
examples/regalloc/131-instcombine-irbuilderbase-createfsubfmf-n16-d16.pbqp,7,12,16,0,true,false,1,303.0
examples/regalloc/132-instcombine-irbuilderbase-createbinopfmf-n16-d16.pbqp,16,7,1,0,false,false,7,2704.0
examples/regalloc/132-instcombine-irbuilderbase-createbinopfmf-n16-d16.pbqp,14,7,1,0,false,false,4,1028.0
examples/regalloc/132-instcombine-irbuilderbase-createbinopfmf-n16-d16.pbqp,13,7,1,0,false,false,9,2528.0
examples/regalloc/132-instcombine-irbuilderbase-createbinopfmf-n16-d16.pbqp,16,13,16,0,false,false,1,766.0
examples/regalloc/132-instcombine-irbuilderbase-createbinopfmf-n16-d16.pbqp,16,12,16,0,false,false,1,468.0
examples/regalloc/132-instcombine-irbuilderbase-createbinopfmf-n16-d16.pbqp,16,11,16,0,false,false,1,454.0
examples/regalloc/132-instcombine-irbuilderbase-createbinopfmf-n16-d16.pbqp,13,12,16,0,false,false,1,381.0
examples/regalloc/132-instcombine-irbuilderbase-createbinopfmf-n16-d16.pbqp,13,11,16,0,false,false,1,354.0
examples/regalloc/132-instcombine-irbuilderbase-createbinopfmf-n16-d16.pbqp,12,7,1,0,false,false,3,793.0
examples/regalloc/132-instcombine-irbuilderbase-createbinopfmf-n16-d16.pbqp,12,11,16,0,false,false,1,322.0
examples/regalloc/132-instcombine-irbuilderbase-createbinopfmf-n16-d16.pbqp,11,7,1,0,false,false,3,845.0
examples/regalloc/132-instcombine-irbuilderbase-createbinopfmf-n16-d16.pbqp,7,7,1,0,false,false,21,5372.0
examples/regalloc/132-instcombine-irbuilderbase-createbinopfmf-n16-d16.pbqp,7,16,16,0,false,false,5,1758.0
examples/regalloc/132-instcombine-irbuilderbase-createbinopfmf-n16-d16.pbqp,7,12,16,0,false,false,5,1826.0
examples/regalloc/132-instcombine-irbuilderbase-createbinopfmf-n16-d16.pbqp,12,7,1,0,false,true,16,1290.0
examples/regalloc/132-instcombine-irbuilderbase-createbinopfmf-n16-d16.pbqp,12,16,1,2,true,false,1,755.0
examples/regalloc/133-instcombine-irbuilderbase-createisnotneg-n5-d16.pbqp,16,7,1,0,false,false,3,645.0
examples/regalloc/133-instcombine-irbuilderbase-createisnotneg-n5-d16.pbqp,7,7,1,0,false,false,2,252.0
examples/regalloc/133-instcombine-irbuilderbase-createisnotneg-n5-d16.pbqp,7,13,16,0,false,false,1,177.0
examples/regalloc/133-instcombine-irbuilderbase-createisnotneg-n5-d16.pbqp,13,7,1,0,false,true,7,544.0
examples/regalloc/133-instcombine-irbuilderbase-createisnotneg-n5-d16.pbqp,13,7,1,2,true,false,1,195.0
examples/regalloc/134-instcombine-irbuilderbase-createisnotnull-n5-d16.pbqp,16,7,1,0,false,false,3,673.0
examples/regalloc/134-instcombine-irbuilderbase-createisnotnull-n5-d16.pbqp,7,7,1,0,false,false,2,240.0
examples/regalloc/134-instcombine-irbuilderbase-createisnotnull-n5-d16.pbqp,7,13,16,0,false,false,1,178.0
examples/regalloc/134-instcombine-irbuilderbase-createisnotnull-n5-d16.pbqp,13,7,1,0,false,true,7,538.0
examples/regalloc/134-instcombine-irbuilderbase-createisnotnull-n5-d16.pbqp,13,7,1,2,true,false,1,216.0
examples/regalloc/135-instcombine-irbuilderbase-createdisjointor-n12-d16.pbqp,13,7,1,0,false,false,5,1092.0
examples/regalloc/135-instcombine-irbuilderbase-createdisjointor-n12-d16.pbqp,16,7,1,0,false,false,5,1224.0
examples/regalloc/135-instcombine-irbuilderbase-createdisjointor-n12-d16.pbqp,16,12,16,0,false,false,2,673.0
examples/regalloc/135-instcombine-irbuilderbase-createdisjointor-n12-d16.pbqp,12,7,1,0,false,false,4,733.0
examples/regalloc/135-instcombine-irbuilderbase-createdisjointor-n12-d16.pbqp,7,7,1,0,false,false,4,530.0
examples/regalloc/135-instcombine-irbuilderbase-createdisjointor-n12-d16.pbqp,7,7,16,0,false,false,6,1033.0
examples/regalloc/135-instcombine-irbuilderbase-createdisjointor-n12-d16.pbqp,7,16,16,0,false,false,2,465.0
examples/regalloc/135-instcombine-irbuilderbase-createdisjointor-n12-d16.pbqp,7,13,16,0,false,false,2,414.0
examples/regalloc/135-instcombine-irbuilderbase-createdisjointor-n12-d16.pbqp,7,12,16,0,false,false,2,412.0
examples/regalloc/135-instcombine-irbuilderbase-createdisjointor-n12-d16.pbqp,7,11,16,0,false,false,2,381.0
examples/regalloc/135-instcombine-irbuilderbase-createdisjointor-n12-d16.pbqp,16,13,16,0,false,false,1,400.0
examples/regalloc/135-instcombine-irbuilderbase-createdisjointor-n12-d16.pbqp,16,11,16,0,false,false,1,306.0
examples/regalloc/135-instcombine-irbuilderbase-createdisjointor-n12-d16.pbqp,13,12,16,0,false,false,1,335.0
examples/regalloc/135-instcombine-irbuilderbase-createdisjointor-n12-d16.pbqp,13,11,16,0,false,false,1,253.0
examples/regalloc/135-instcombine-irbuilderbase-createdisjointor-n12-d16.pbqp,11,12,1,0,false,true,7,672.0
examples/regalloc/135-instcombine-irbuilderbase-createdisjointor-n12-d16.pbqp,7,11,16,0,true,false,1,239.0
examples/regalloc/136-instcombine-irbuilderbase-createzextortrunc-n26-d16.pbqp,16,7,1,0,false,false,32,8652.0
examples/regalloc/136-instcombine-irbuilderbase-createzextortrunc-n26-d16.pbqp,13,7,1,0,false,false,12,2583.0
examples/regalloc/136-instcombine-irbuilderbase-createzextortrunc-n26-d16.pbqp,16,16,1,0,false,false,1,450.0
examples/regalloc/136-instcombine-irbuilderbase-createzextortrunc-n26-d16.pbqp,16,12,16,0,false,false,4,1515.0
examples/regalloc/136-instcombine-irbuilderbase-createzextortrunc-n26-d16.pbqp,12,7,1,0,false,false,11,2357.0
examples/regalloc/136-instcombine-irbuilderbase-createzextortrunc-n26-d16.pbqp,7,7,1,0,false,false,13,2511.0
examples/regalloc/136-instcombine-irbuilderbase-createzextortrunc-n26-d16.pbqp,7,7,16,0,false,false,6,1319.0
examples/regalloc/136-instcombine-irbuilderbase-createzextortrunc-n26-d16.pbqp,7,16,16,0,false,false,5,1356.0
examples/regalloc/136-instcombine-irbuilderbase-createzextortrunc-n26-d16.pbqp,16,13,16,0,false,false,2,844.0
examples/regalloc/136-instcombine-irbuilderbase-createzextortrunc-n26-d16.pbqp,16,11,16,0,false,false,2,754.0
examples/regalloc/136-instcombine-irbuilderbase-createzextortrunc-n26-d16.pbqp,13,12,16,0,false,false,1,367.0
examples/regalloc/136-instcombine-irbuilderbase-createzextortrunc-n26-d16.pbqp,13,11,16,0,false,false,1,252.0
examples/regalloc/136-instcombine-irbuilderbase-createzextortrunc-n26-d16.pbqp,12,11,16,0,false,false,1,325.0
examples/regalloc/136-instcombine-irbuilderbase-createzextortrunc-n26-d16.pbqp,11,7,1,0,false,false,3,623.0
examples/regalloc/136-instcombine-irbuilderbase-createzextortrunc-n26-d16.pbqp,7,13,16,0,false,false,3,866.0
examples/regalloc/136-instcombine-irbuilderbase-createzextortrunc-n26-d16.pbqp,7,12,16,0,false,false,3,810.0
examples/regalloc/136-instcombine-irbuilderbase-createzextortrunc-n26-d16.pbqp,7,11,16,0,false,false,3,721.0
examples/regalloc/136-instcombine-irbuilderbase-createzextortrunc-n26-d16.pbqp,11,13,1,0,false,true,12,1148.0
examples/regalloc/136-instcombine-irbuilderbase-createzextortrunc-n26-d16.pbqp,11,12,1,0,true,false,1,327.0
examples/regalloc/137-instcombine-irbuilderbase-createadd-n14-d16.pbqp,13,7,1,0,false,false,7,1557.0
examples/regalloc/137-instcombine-irbuilderbase-createadd-n14-d16.pbqp,16,7,1,0,false,false,7,1779.0
examples/regalloc/137-instcombine-irbuilderbase-createadd-n14-d16.pbqp,16,10,16,0,false,false,1,349.0
examples/regalloc/137-instcombine-irbuilderbase-createadd-n14-d16.pbqp,10,7,1,0,false,false,6,1081.0
examples/regalloc/137-instcombine-irbuilderbase-createadd-n14-d16.pbqp,7,7,1,0,false,false,13,2265.0
examples/regalloc/137-instcombine-irbuilderbase-createadd-n14-d16.pbqp,7,7,16,0,false,false,8,1634.0
examples/regalloc/137-instcombine-irbuilderbase-createadd-n14-d16.pbqp,7,16,16,0,false,false,4,1153.0
examples/regalloc/137-instcombine-irbuilderbase-createadd-n14-d16.pbqp,7,13,16,0,false,false,4,1221.0
examples/regalloc/137-instcombine-irbuilderbase-createadd-n14-d16.pbqp,7,12,16,0,false,false,4,1030.0
examples/regalloc/137-instcombine-irbuilderbase-createadd-n14-d16.pbqp,7,11,16,0,false,false,4,963.0
examples/regalloc/137-instcombine-irbuilderbase-createadd-n14-d16.pbqp,16,13,16,0,false,false,1,500.0
examples/regalloc/137-instcombine-irbuilderbase-createadd-n14-d16.pbqp,16,12,16,0,false,false,1,434.0
examples/regalloc/137-instcombine-irbuilderbase-createadd-n14-d16.pbqp,16,11,16,0,false,false,1,381.0
examples/regalloc/137-instcombine-irbuilderbase-createadd-n14-d16.pbqp,13,12,16,0,false,false,1,369.0
examples/regalloc/137-instcombine-irbuilderbase-createadd-n14-d16.pbqp,13,11,16,0,false,false,1,325.0
examples/regalloc/137-instcombine-irbuilderbase-createadd-n14-d16.pbqp,11,12,1,0,false,true,7,1057.0
examples/regalloc/137-instcombine-irbuilderbase-createadd-n14-d16.pbqp,7,11,16,0,true,false,1,297.0
examples/regalloc/138-instcombine-irbuilderbase-createand-n12-d16.pbqp,13,7,1,0,false,false,5,1028.0
examples/regalloc/138-instcombine-irbuilderbase-createand-n12-d16.pbqp,16,7,1,0,false,false,5,1194.0
examples/regalloc/138-instcombine-irbuilderbase-createand-n12-d16.pbqp,16,12,16,0,false,false,2,667.0
examples/regalloc/138-instcombine-irbuilderbase-createand-n12-d16.pbqp,12,7,1,0,false,false,4,721.0
examples/regalloc/138-instcombine-irbuilderbase-createand-n12-d16.pbqp,7,7,1,0,false,false,4,524.0
examples/regalloc/138-instcombine-irbuilderbase-createand-n12-d16.pbqp,7,7,16,0,false,false,6,894.0
examples/regalloc/138-instcombine-irbuilderbase-createand-n12-d16.pbqp,7,16,16,0,false,false,2,463.0
examples/regalloc/138-instcombine-irbuilderbase-createand-n12-d16.pbqp,7,13,16,0,false,false,2,412.0
examples/regalloc/138-instcombine-irbuilderbase-createand-n12-d16.pbqp,7,12,16,0,false,false,2,395.0
examples/regalloc/138-instcombine-irbuilderbase-createand-n12-d16.pbqp,7,11,16,0,false,false,2,333.0
examples/regalloc/138-instcombine-irbuilderbase-createand-n12-d16.pbqp,16,13,16,0,false,false,1,338.0
examples/regalloc/138-instcombine-irbuilderbase-createand-n12-d16.pbqp,16,11,16,0,false,false,1,277.0
examples/regalloc/138-instcombine-irbuilderbase-createand-n12-d16.pbqp,13,12,16,0,false,false,1,331.0
examples/regalloc/138-instcombine-irbuilderbase-createand-n12-d16.pbqp,13,11,16,0,false,false,1,249.0
examples/regalloc/138-instcombine-irbuilderbase-createand-n12-d16.pbqp,11,12,1,0,false,true,7,625.0
examples/regalloc/138-instcombine-irbuilderbase-createand-n12-d16.pbqp,7,11,16,0,true,false,1,203.0
examples/regalloc/139-instcombine-irbuilderbase-createmul-n14-d16.pbqp,13,7,1,0,false,false,7,1470.0
examples/regalloc/139-instcombine-irbuilderbase-createmul-n14-d16.pbqp,16,7,1,0,false,false,7,1700.0
examples/regalloc/139-instcombine-irbuilderbase-createmul-n14-d16.pbqp,16,10,16,0,false,false,1,323.0
examples/regalloc/139-instcombine-irbuilderbase-createmul-n14-d16.pbqp,10,7,1,0,false,false,6,1035.0
examples/regalloc/139-instcombine-irbuilderbase-createmul-n14-d16.pbqp,7,7,1,0,false,false,13,2146.0
examples/regalloc/139-instcombine-irbuilderbase-createmul-n14-d16.pbqp,7,7,16,0,false,false,8,1520.0
examples/regalloc/139-instcombine-irbuilderbase-createmul-n14-d16.pbqp,7,16,16,0,false,false,4,1087.0
examples/regalloc/139-instcombine-irbuilderbase-createmul-n14-d16.pbqp,7,13,16,0,false,false,4,1120.0
examples/regalloc/139-instcombine-irbuilderbase-createmul-n14-d16.pbqp,7,12,16,0,false,false,4,1010.0
examples/regalloc/139-instcombine-irbuilderbase-createmul-n14-d16.pbqp,7,11,16,0,false,false,4,873.0
examples/regalloc/139-instcombine-irbuilderbase-createmul-n14-d16.pbqp,16,13,16,0,false,false,1,446.0
examples/regalloc/139-instcombine-irbuilderbase-createmul-n14-d16.pbqp,16,12,16,0,false,false,1,389.0
examples/regalloc/139-instcombine-irbuilderbase-createmul-n14-d16.pbqp,16,11,16,0,false,false,1,328.0
examples/regalloc/139-instcombine-irbuilderbase-createmul-n14-d16.pbqp,13,12,16,0,false,false,1,365.0
examples/regalloc/139-instcombine-irbuilderbase-createmul-n14-d16.pbqp,13,11,16,0,false,false,1,289.0
examples/regalloc/139-instcombine-irbuilderbase-createmul-n14-d16.pbqp,11,12,1,0,false,true,7,698.0
examples/regalloc/139-instcombine-irbuilderbase-createmul-n14-d16.pbqp,7,11,16,0,true,false,1,292.0
examples/regalloc/140-instcombine-irbuilderbase-createneg-n14-d16.pbqp,16,7,1,0,false,false,10,2390.0
examples/regalloc/140-instcombine-irbuilderbase-createneg-n14-d16.pbqp,13,7,1,0,false,false,6,1161.0
examples/regalloc/140-instcombine-irbuilderbase-createneg-n14-d16.pbqp,16,10,16,0,false,false,1,324.0
examples/regalloc/140-instcombine-irbuilderbase-createneg-n14-d16.pbqp,10,7,1,0,false,false,5,935.0
examples/regalloc/140-instcombine-irbuilderbase-createneg-n14-d16.pbqp,7,7,1,0,false,false,9,1361.0
examples/regalloc/140-instcombine-irbuilderbase-createneg-n14-d16.pbqp,7,7,16,0,false,false,6,1157.0
examples/regalloc/140-instcombine-irbuilderbase-createneg-n14-d16.pbqp,7,16,16,0,false,false,3,786.0
examples/regalloc/140-instcombine-irbuilderbase-createneg-n14-d16.pbqp,7,13,16,0,false,false,3,840.0
examples/regalloc/140-instcombine-irbuilderbase-createneg-n14-d16.pbqp,7,12,16,0,false,false,3,685.0
examples/regalloc/140-instcombine-irbuilderbase-createneg-n14-d16.pbqp,7,11,16,0,false,false,3,622.0
examples/regalloc/140-instcombine-irbuilderbase-createneg-n14-d16.pbqp,16,13,16,0,false,false,1,407.0
examples/regalloc/140-instcombine-irbuilderbase-createneg-n14-d16.pbqp,16,12,16,0,false,false,1,354.0
examples/regalloc/140-instcombine-irbuilderbase-createneg-n14-d16.pbqp,16,11,16,0,false,false,1,323.0
examples/regalloc/140-instcombine-irbuilderbase-createneg-n14-d16.pbqp,13,12,16,0,false,false,1,343.0
examples/regalloc/140-instcombine-irbuilderbase-createneg-n14-d16.pbqp,13,11,16,0,false,false,1,312.0
examples/regalloc/140-instcombine-irbuilderbase-createneg-n14-d16.pbqp,11,12,1,0,false,true,7,684.0
examples/regalloc/140-instcombine-irbuilderbase-createneg-n14-d16.pbqp,7,11,16,0,true,false,1,235.0
examples/regalloc/141-instcombine-irbuilderbase-createnot-n13-d16.pbqp,16,7,1,0,false,false,8,1806.0
examples/regalloc/141-instcombine-irbuilderbase-createnot-n13-d16.pbqp,13,7,1,0,false,false,5,956.0
examples/regalloc/141-instcombine-irbuilderbase-createnot-n13-d16.pbqp,16,12,16,0,false,false,2,634.0
examples/regalloc/141-instcombine-irbuilderbase-createnot-n13-d16.pbqp,12,7,1,0,false,false,4,721.0
examples/regalloc/141-instcombine-irbuilderbase-createnot-n13-d16.pbqp,7,7,1,0,false,false,5,736.0
examples/regalloc/141-instcombine-irbuilderbase-createnot-n13-d16.pbqp,7,7,16,0,false,false,5,786.0
examples/regalloc/141-instcombine-irbuilderbase-createnot-n13-d16.pbqp,7,16,16,0,false,false,2,441.0
examples/regalloc/141-instcombine-irbuilderbase-createnot-n13-d16.pbqp,7,13,16,0,false,false,2,429.0
examples/regalloc/141-instcombine-irbuilderbase-createnot-n13-d16.pbqp,7,12,16,0,false,false,2,405.0
examples/regalloc/141-instcombine-irbuilderbase-createnot-n13-d16.pbqp,7,11,16,0,false,false,2,364.0
examples/regalloc/141-instcombine-irbuilderbase-createnot-n13-d16.pbqp,16,13,16,0,false,false,1,371.0
examples/regalloc/141-instcombine-irbuilderbase-createnot-n13-d16.pbqp,16,11,16,0,false,false,1,291.0
examples/regalloc/141-instcombine-irbuilderbase-createnot-n13-d16.pbqp,13,12,16,0,false,false,1,344.0
examples/regalloc/141-instcombine-irbuilderbase-createnot-n13-d16.pbqp,13,11,16,0,false,false,1,276.0
examples/regalloc/141-instcombine-irbuilderbase-createnot-n13-d16.pbqp,11,12,1,0,false,true,7,630.0
examples/regalloc/141-instcombine-irbuilderbase-createnot-n13-d16.pbqp,7,11,16,0,true,false,1,245.0
examples/regalloc/142-instcombine-irbuilderbase-createshl-n14-d16.pbqp,13,7,1,0,false,false,7,1388.0
examples/regalloc/142-instcombine-irbuilderbase-createshl-n14-d16.pbqp,16,7,1,0,false,false,7,1610.0
examples/regalloc/142-instcombine-irbuilderbase-createshl-n14-d16.pbqp,16,10,16,0,false,false,1,286.0
examples/regalloc/142-instcombine-irbuilderbase-createshl-n14-d16.pbqp,10,7,1,0,false,false,6,994.0
examples/regalloc/142-instcombine-irbuilderbase-createshl-n14-d16.pbqp,7,7,1,0,false,false,13,1994.0
examples/regalloc/142-instcombine-irbuilderbase-createshl-n14-d16.pbqp,7,7,16,0,false,false,8,1433.0
examples/regalloc/142-instcombine-irbuilderbase-createshl-n14-d16.pbqp,7,16,16,0,false,false,4,1019.0
examples/regalloc/142-instcombine-irbuilderbase-createshl-n14-d16.pbqp,7,13,16,0,false,false,4,1020.0
examples/regalloc/142-instcombine-irbuilderbase-createshl-n14-d16.pbqp,7,12,16,0,false,false,4,899.0
examples/regalloc/142-instcombine-irbuilderbase-createshl-n14-d16.pbqp,7,11,16,0,false,false,4,783.0
examples/regalloc/142-instcombine-irbuilderbase-createshl-n14-d16.pbqp,16,13,16,0,false,false,1,347.0
examples/regalloc/142-instcombine-irbuilderbase-createshl-n14-d16.pbqp,16,12,16,0,false,false,1,344.0
examples/regalloc/142-instcombine-irbuilderbase-createshl-n14-d16.pbqp,16,11,16,0,false,false,1,315.0
examples/regalloc/142-instcombine-irbuilderbase-createshl-n14-d16.pbqp,13,12,16,0,false,false,1,344.0
examples/regalloc/142-instcombine-irbuilderbase-createshl-n14-d16.pbqp,13,11,16,0,false,false,1,267.0
examples/regalloc/142-instcombine-irbuilderbase-createshl-n14-d16.pbqp,11,12,1,0,false,true,7,655.0
examples/regalloc/142-instcombine-irbuilderbase-createshl-n14-d16.pbqp,7,11,16,0,true,false,1,247.0
examples/regalloc/143-instcombine-irbuilderbase-createshl-n8-d16.pbqp,14,7,1,0,false,false,8,1655.0
examples/regalloc/143-instcombine-irbuilderbase-createshl-n8-d16.pbqp,7,14,1,0,false,false,2,347.0
examples/regalloc/143-instcombine-irbuilderbase-createshl-n8-d16.pbqp,7,7,1,0,false,false,9,1307.0
examples/regalloc/143-instcombine-irbuilderbase-createshl-n8-d16.pbqp,7,16,16,0,false,false,3,657.0
examples/regalloc/143-instcombine-irbuilderbase-createshl-n8-d16.pbqp,14,16,16,0,false,false,1,317.0
examples/regalloc/143-instcombine-irbuilderbase-createshl-n8-d16.pbqp,16,7,1,0,false,true,7,622.0
examples/regalloc/143-instcombine-irbuilderbase-createshl-n8-d16.pbqp,16,7,1,2,true,false,1,270.0
examples/regalloc/144-instcombine-irbuilderbase-createsub-n14-d16.pbqp,13,7,1,0,false,false,7,1519.0
examples/regalloc/144-instcombine-irbuilderbase-createsub-n14-d16.pbqp,16,7,1,0,false,false,7,1740.0
examples/regalloc/144-instcombine-irbuilderbase-createsub-n14-d16.pbqp,16,10,16,0,false,false,1,342.0
examples/regalloc/144-instcombine-irbuilderbase-createsub-n14-d16.pbqp,10,7,1,0,false,false,6,1099.0
examples/regalloc/144-instcombine-irbuilderbase-createsub-n14-d16.pbqp,7,7,1,0,false,false,13,2095.0
examples/regalloc/144-instcombine-irbuilderbase-createsub-n14-d16.pbqp,7,7,16,0,false,false,8,1610.0
examples/regalloc/144-instcombine-irbuilderbase-createsub-n14-d16.pbqp,7,16,16,0,false,false,4,1195.0
examples/regalloc/144-instcombine-irbuilderbase-createsub-n14-d16.pbqp,7,13,16,0,false,false,4,1157.0
examples/regalloc/144-instcombine-irbuilderbase-createsub-n14-d16.pbqp,7,12,16,0,false,false,4,997.0
examples/regalloc/144-instcombine-irbuilderbase-createsub-n14-d16.pbqp,7,11,16,0,false,false,4,873.0
examples/regalloc/144-instcombine-irbuilderbase-createsub-n14-d16.pbqp,16,13,16,0,false,false,1,383.0
examples/regalloc/144-instcombine-irbuilderbase-createsub-n14-d16.pbqp,16,12,16,0,false,false,1,359.0
examples/regalloc/144-instcombine-irbuilderbase-createsub-n14-d16.pbqp,16,11,16,0,false,false,1,335.0
examples/regalloc/144-instcombine-irbuilderbase-createsub-n14-d16.pbqp,13,12,16,0,false,false,1,342.0
examples/regalloc/144-instcombine-irbuilderbase-createsub-n14-d16.pbqp,13,11,16,0,false,false,1,306.0
examples/regalloc/144-instcombine-irbuilderbase-createsub-n14-d16.pbqp,11,12,1,0,false,true,7,713.0
examples/regalloc/144-instcombine-irbuilderbase-createsub-n14-d16.pbqp,7,11,16,0,true,false,1,262.0
examples/regalloc/145-instcombine-irbuilderbase-createxor-n12-d16.pbqp,13,7,1,0,false,false,5,995.0
examples/regalloc/145-instcombine-irbuilderbase-createxor-n12-d16.pbqp,16,7,1,0,false,false,5,1192.0
examples/regalloc/145-instcombine-irbuilderbase-createxor-n12-d16.pbqp,16,12,16,0,false,false,2,664.0
examples/regalloc/145-instcombine-irbuilderbase-createxor-n12-d16.pbqp,12,7,1,0,false,false,4,722.0
examples/regalloc/145-instcombine-irbuilderbase-createxor-n12-d16.pbqp,7,7,1,0,false,false,4,468.0
examples/regalloc/145-instcombine-irbuilderbase-createxor-n12-d16.pbqp,7,7,16,0,false,false,6,934.0
examples/regalloc/145-instcombine-irbuilderbase-createxor-n12-d16.pbqp,7,16,16,0,false,false,2,428.0
examples/regalloc/145-instcombine-irbuilderbase-createxor-n12-d16.pbqp,7,13,16,0,false,false,2,402.0
examples/regalloc/145-instcombine-irbuilderbase-createxor-n12-d16.pbqp,7,12,16,0,false,false,2,362.0
examples/regalloc/145-instcombine-irbuilderbase-createxor-n12-d16.pbqp,7,11,16,0,false,false,2,347.0
examples/regalloc/145-instcombine-irbuilderbase-createxor-n12-d16.pbqp,16,13,16,0,false,false,1,364.0
examples/regalloc/145-instcombine-irbuilderbase-createxor-n12-d16.pbqp,16,11,16,0,false,false,1,287.0
examples/regalloc/145-instcombine-irbuilderbase-createxor-n12-d16.pbqp,13,12,16,0,false,false,1,345.0
examples/regalloc/145-instcombine-irbuilderbase-createxor-n12-d16.pbqp,13,11,16,0,false,false,1,263.0
examples/regalloc/145-instcombine-irbuilderbase-createxor-n12-d16.pbqp,11,12,1,0,false,true,7,666.0
examples/regalloc/145-instcombine-irbuilderbase-createxor-n12-d16.pbqp,7,11,16,0,true,false,1,238.0
examples/regalloc/146-instcombine-unaryoperator-createfnegfmf-n6-d15.pbqp,7,7,15,0,false,false,1,209.0
examples/regalloc/146-instcombine-unaryoperator-createfnegfmf-n6-d15.pbqp,15,14,1,0,false,false,1,318.0
examples/regalloc/146-instcombine-unaryoperator-createfnegfmf-n6-d15.pbqp,15,13,1,0,false,false,1,322.0
examples/regalloc/146-instcombine-unaryoperator-createfnegfmf-n6-d15.pbqp,15,12,1,0,false,false,1,298.0
examples/regalloc/146-instcombine-unaryoperator-createfnegfmf-n6-d15.pbqp,15,7,1,0,false,false,1,213.0
examples/regalloc/146-instcombine-unaryoperator-createfnegfmf-n6-d15.pbqp,7,14,1,0,false,false,1,171.0
examples/regalloc/146-instcombine-unaryoperator-createfnegfmf-n6-d15.pbqp,7,13,1,0,false,false,1,173.0
examples/regalloc/146-instcombine-unaryoperator-createfnegfmf-n6-d15.pbqp,7,12,1,0,false,false,1,173.0
examples/regalloc/146-instcombine-unaryoperator-createfnegfmf-n6-d15.pbqp,12,14,15,0,false,true,13,1018.0
examples/regalloc/146-instcombine-unaryoperator-createfnegfmf-n6-d15.pbqp,12,13,15,0,true,false,1,291.0
examples/regalloc/147-instcombine-binaryoperator-createfaddfmf-n5-d15.pbqp,7,7,15,0,false,false,1,184.0
examples/regalloc/147-instcombine-binaryoperator-createfaddfmf-n5-d15.pbqp,15,14,1,0,false,false,1,313.0
examples/regalloc/147-instcombine-binaryoperator-createfaddfmf-n5-d15.pbqp,15,13,1,0,false,false,1,260.0
examples/regalloc/147-instcombine-binaryoperator-createfaddfmf-n5-d15.pbqp,15,7,1,0,false,false,1,186.0
examples/regalloc/147-instcombine-binaryoperator-createfaddfmf-n5-d15.pbqp,7,14,15,0,false,true,13,751.0
examples/regalloc/147-instcombine-binaryoperator-createfaddfmf-n5-d15.pbqp,13,7,15,0,true,false,1,186.0
examples/regalloc/148-instcombine-binaryoperator-createfmulfmf-n5-d15.pbqp,7,7,15,0,false,false,1,196.0
examples/regalloc/148-instcombine-binaryoperator-createfmulfmf-n5-d15.pbqp,15,14,1,0,false,false,1,309.0
examples/regalloc/148-instcombine-binaryoperator-createfmulfmf-n5-d15.pbqp,15,13,1,0,false,false,1,313.0
examples/regalloc/148-instcombine-binaryoperator-createfmulfmf-n5-d15.pbqp,15,7,1,0,false,false,1,219.0
examples/regalloc/148-instcombine-binaryoperator-createfmulfmf-n5-d15.pbqp,7,14,15,0,false,true,13,827.0
examples/regalloc/148-instcombine-binaryoperator-createfmulfmf-n5-d15.pbqp,13,7,15,0,true,false,1,225.0
examples/regalloc/149-instcombine-binaryoperator-createfsubfmf-n5-d15.pbqp,7,7,15,0,false,false,1,190.0
examples/regalloc/149-instcombine-binaryoperator-createfsubfmf-n5-d15.pbqp,15,14,1,0,false,false,1,376.0
examples/regalloc/149-instcombine-binaryoperator-createfsubfmf-n5-d15.pbqp,15,13,1,0,false,false,1,354.0
examples/regalloc/149-instcombine-binaryoperator-createfsubfmf-n5-d15.pbqp,15,7,1,0,false,false,1,251.0
examples/regalloc/149-instcombine-binaryoperator-createfsubfmf-n5-d15.pbqp,7,14,15,0,false,true,13,914.0
examples/regalloc/149-instcombine-binaryoperator-createfsubfmf-n5-d15.pbqp,13,7,15,0,true,false,1,250.0
examples/regalloc/150-instcombine-fpmathoperator-classof-n22-d16.pbqp,7,16,16,0,false,true,7,642.0
examples/regalloc/150-instcombine-fpmathoperator-classof-n22-d16.pbqp,7,16,16,0,false,false,3,588.0
examples/regalloc/150-instcombine-fpmathoperator-classof-n22-d16.pbqp,16,16,1,0,false,false,2,717.0
examples/regalloc/150-instcombine-fpmathoperator-classof-n22-d16.pbqp,16,7,1,0,false,false,13,3396.0
examples/regalloc/150-instcombine-fpmathoperator-classof-n22-d16.pbqp,16,16,16,0,false,false,2,839.0
examples/regalloc/150-instcombine-fpmathoperator-classof-n22-d16.pbqp,16,7,16,0,false,false,1,306.0
examples/regalloc/150-instcombine-fpmathoperator-classof-n22-d16.pbqp,16,16,1,0,false,true,7,840.0
examples/regalloc/150-instcombine-fpmathoperator-classof-n22-d16.pbqp,7,16,16,0,true,false,1,230.0
examples/regalloc/150-instcombine-fpmathoperator-classof-n22-d16.pbqp,16,15,1,0,false,false,7,2468.0
examples/regalloc/150-instcombine-fpmathoperator-classof-n22-d16.pbqp,15,7,1,0,false,false,5,1136.0
examples/regalloc/150-instcombine-fpmathoperator-classof-n22-d16.pbqp,15,15,1,0,false,false,5,1590.0
examples/regalloc/150-instcombine-fpmathoperator-classof-n22-d16.pbqp,15,15,16,0,false,false,2,673.0
examples/regalloc/150-instcombine-fpmathoperator-classof-n22-d16.pbqp,15,15,16,0,false,true,7,806.0
examples/regalloc/150-instcombine-fpmathoperator-classof-n22-d16.pbqp,16,15,16,0,false,false,1,425.0
examples/regalloc/150-instcombine-fpmathoperator-classof-n22-d16.pbqp,7,7,16,0,true,false,1,180.0
examples/regalloc/150-instcombine-fpmathoperator-classof-n22-d16.pbqp,7,15,16,0,true,false,2,548.0
examples/regalloc/150-instcombine-fpmathoperator-classof-n22-d16.pbqp,7,15,16,0,false,false,1,250.0
examples/regalloc/150-instcombine-fpmathoperator-classof-n22-d16.pbqp,7,15,16,0,false,true,15,1056.0
examples/regalloc/151-instcombine-instcombinerimpl-folddivceil-n79-d16.pbqp,7,16,16,0,false,true,42,4165.0
examples/regalloc/151-instcombine-instcombinerimpl-folddivceil-n79-d16.pbqp,7,13,16,0,false,true,14,1293.0
examples/regalloc/151-instcombine-instcombinerimpl-folddivceil-n79-d16.pbqp,16,7,1,0,false,false,89,26917.0
examples/regalloc/151-instcombine-instcombinerimpl-folddivceil-n79-d16.pbqp,16,16,16,0,false,false,2,1106.0
examples/regalloc/151-instcombine-instcombinerimpl-folddivceil-n79-d16.pbqp,15,7,1,0,false,false,13,3798.0
examples/regalloc/151-instcombine-instcombinerimpl-folddivceil-n79-d16.pbqp,14,7,1,0,false,false,9,2343.0
examples/regalloc/151-instcombine-instcombinerimpl-folddivceil-n79-d16.pbqp,14,13,16,0,false,false,1,435.0
examples/regalloc/151-instcombine-instcombinerimpl-folddivceil-n79-d16.pbqp,7,7,16,0,true,true,7,667.0
examples/regalloc/151-instcombine-instcombinerimpl-folddivceil-n79-d16.pbqp,7,7,1,0,false,false,39,9136.0
examples/regalloc/151-instcombine-instcombinerimpl-folddivceil-n79-d16.pbqp,7,16,16,0,false,false,8,2497.0
examples/regalloc/151-instcombine-instcombinerimpl-folddivceil-n79-d16.pbqp,7,15,16,0,false,false,1,393.0
examples/regalloc/151-instcombine-instcombinerimpl-folddivceil-n79-d16.pbqp,15,15,1,0,false,false,1,470.0
examples/regalloc/151-instcombine-instcombinerimpl-folddivceil-n79-d16.pbqp,15,16,16,0,false,false,1,533.0
examples/regalloc/151-instcombine-instcombinerimpl-folddivceil-n79-d16.pbqp,15,15,16,0,false,false,2,884.0
examples/regalloc/151-instcombine-instcombinerimpl-folddivceil-n79-d16.pbqp,16,15,1,0,false,false,1,556.0
examples/regalloc/151-instcombine-instcombinerimpl-folddivceil-n79-d16.pbqp,16,15,16,0,false,false,2,1052.0
examples/regalloc/151-instcombine-instcombinerimpl-folddivceil-n79-d16.pbqp,7,15,16,0,false,true,7,738.0
examples/regalloc/151-instcombine-instcombinerimpl-folddivceil-n79-d16.pbqp,15,7,16,0,false,false,3,958.0
examples/regalloc/151-instcombine-instcombinerimpl-folddivceil-n79-d16.pbqp,7,7,16,0,false,false,18,4576.0
examples/regalloc/151-instcombine-instcombinerimpl-folddivceil-n79-d16.pbqp,7,7,16,0,false,true,7,682.0
examples/regalloc/151-instcombine-instcombinerimpl-folddivceil-n79-d16.pbqp,13,7,1,0,false,false,24,6347.0
examples/regalloc/151-instcombine-instcombinerimpl-folddivceil-n79-d16.pbqp,16,7,16,0,false,false,1,290.0
examples/regalloc/151-instcombine-instcombinerimpl-folddivceil-n79-d16.pbqp,16,10,16,0,false,false,2,794.0
examples/regalloc/151-instcombine-instcombinerimpl-folddivceil-n79-d16.pbqp,10,7,1,0,false,false,10,2401.0
examples/regalloc/151-instcombine-instcombinerimpl-folddivceil-n79-d16.pbqp,16,11,16,0,false,false,3,1184.0
examples/regalloc/151-instcombine-instcombinerimpl-folddivceil-n79-d16.pbqp,11,7,1,0,false,false,12,2819.0
examples/regalloc/151-instcombine-instcombinerimpl-folddivceil-n79-d16.pbqp,7,7,1,0,true,false,1,217.0
examples/regalloc/151-instcombine-instcombinerimpl-folddivceil-n79-d16.pbqp,12,16,1,0,false,false,1,403.0
examples/regalloc/151-instcombine-instcombinerimpl-folddivceil-n79-d16.pbqp,12,13,1,0,false,false,1,363.0
examples/regalloc/151-instcombine-instcombinerimpl-folddivceil-n79-d16.pbqp,12,7,1,0,false,false,8,1939.0
examples/regalloc/151-instcombine-instcombinerimpl-folddivceil-n79-d16.pbqp,12,11,16,0,false,false,3,1101.0
examples/regalloc/151-instcombine-instcombinerimpl-folddivceil-n79-d16.pbqp,12,14,16,0,false,false,3,1123.0
examples/regalloc/151-instcombine-instcombinerimpl-folddivceil-n79-d16.pbqp,11,16,1,0,false,false,1,423.0
examples/regalloc/151-instcombine-instcombinerimpl-folddivceil-n79-d16.pbqp,11,13,1,0,false,false,1,394.0
examples/regalloc/151-instcombine-instcombinerimpl-folddivceil-n79-d16.pbqp,11,14,16,0,false,false,2,755.0
examples/regalloc/151-instcombine-instcombinerimpl-folddivceil-n79-d16.pbqp,14,16,1,0,false,false,1,458.0
examples/regalloc/151-instcombine-instcombinerimpl-folddivceil-n79-d16.pbqp,14,13,1,0,false,false,1,423.0
examples/regalloc/151-instcombine-instcombinerimpl-folddivceil-n79-d16.pbqp,16,13,16,0,false,false,3,1445.0
examples/regalloc/151-instcombine-instcombinerimpl-folddivceil-n79-d16.pbqp,7,7,1,2,true,false,2,592.0
examples/regalloc/151-instcombine-instcombinerimpl-folddivceil-n79-d16.pbqp,16,12,16,0,false,false,2,811.0
examples/regalloc/151-instcombine-instcombinerimpl-folddivceil-n79-d16.pbqp,16,14,16,0,false,false,2,871.0
examples/regalloc/151-instcombine-instcombinerimpl-folddivceil-n79-d16.pbqp,13,12,16,0,false,false,2,814.0
examples/regalloc/151-instcombine-instcombinerimpl-folddivceil-n79-d16.pbqp,13,11,16,0,false,false,2,734.0
examples/regalloc/151-instcombine-instcombinerimpl-folddivceil-n79-d16.pbqp,13,14,16,0,false,false,2,877.0
examples/regalloc/151-instcombine-instcombinerimpl-folddivceil-n79-d16.pbqp,7,13,16,0,false,false,3,881.0
examples/regalloc/151-instcombine-instcombinerimpl-folddivceil-n79-d16.pbqp,7,12,16,0,false,false,3,792.0
examples/regalloc/151-instcombine-instcombinerimpl-folddivceil-n79-d16.pbqp,7,11,16,0,false,false,3,752.0
examples/regalloc/151-instcombine-instcombinerimpl-folddivceil-n79-d16.pbqp,7,14,16,0,false,false,3,816.0
examples/regalloc/151-instcombine-instcombinerimpl-folddivceil-n79-d16.pbqp,14,11,1,0,false,true,7,981.0
examples/regalloc/151-instcombine-instcombinerimpl-folddivceil-n79-d16.pbqp,7,14,16,0,true,false,1,299.0
examples/regalloc/152-instcombine-instcombinerimpl-foldsquaresumfp-n18-d16.pbqp,7,16,16,0,false,true,21,1954.0
examples/regalloc/152-instcombine-instcombinerimpl-foldsquaresumfp-n18-d16.pbqp,13,14,1,0,false,true,7,741.0
examples/regalloc/152-instcombine-instcombinerimpl-foldsquaresumfp-n18-d16.pbqp,7,13,16,0,true,false,1,211.0
examples/regalloc/152-instcombine-instcombinerimpl-foldsquaresumfp-n18-d16.pbqp,7,7,16,0,false,false,9,1900.0
examples/regalloc/152-instcombine-instcombinerimpl-foldsquaresumfp-n18-d16.pbqp,16,7,1,0,false,false,13,3339.0
examples/regalloc/152-instcombine-instcombinerimpl-foldsquaresumfp-n18-d16.pbqp,7,7,1,0,false,false,6,1070.0
examples/regalloc/152-instcombine-instcombinerimpl-foldsquaresumfp-n18-d16.pbqp,7,16,16,0,false,false,3,647.0
examples/regalloc/152-instcombine-instcombinerimpl-foldsquaresumfp-n18-d16.pbqp,16,13,16,0,false,false,1,446.0
examples/regalloc/152-instcombine-instcombinerimpl-foldsquaresumfp-n18-d16.pbqp,7,7,16,0,true,false,1,220.0
examples/regalloc/152-instcombine-instcombinerimpl-foldsquaresumfp-n18-d16.pbqp,7,13,16,0,false,false,3,825.0
examples/regalloc/152-instcombine-instcombinerimpl-foldsquaresumfp-n18-d16.pbqp,7,12,16,0,false,false,3,876.0
examples/regalloc/152-instcombine-instcombinerimpl-foldsquaresumfp-n18-d16.pbqp,12,7,1,0,false,true,13,1049.0
examples/regalloc/152-instcombine-instcombinerimpl-foldsquaresumfp-n18-d16.pbqp,12,13,1,2,true,false,1,599.0
examples/regalloc/153-instcombine-instcombinerimpl-foldsquaresumint-n22-d16.pbqp,7,16,16,0,false,true,7,658.0
examples/regalloc/153-instcombine-instcombinerimpl-foldsquaresumint-n22-d16.pbqp,7,16,16,0,false,false,5,1305.0
examples/regalloc/153-instcombine-instcombinerimpl-foldsquaresumint-n22-d16.pbqp,7,13,16,0,false,false,3,818.0
examples/regalloc/153-instcombine-instcombinerimpl-foldsquaresumint-n22-d16.pbqp,16,7,1,0,false,false,8,2079.0
examples/regalloc/153-instcombine-instcombinerimpl-foldsquaresumint-n22-d16.pbqp,7,7,16,0,true,false,1,195.0
examples/regalloc/153-instcombine-instcombinerimpl-foldsquaresumint-n22-d16.pbqp,7,7,16,0,false,false,11,2010.0
examples/regalloc/153-instcombine-instcombinerimpl-foldsquaresumint-n22-d16.pbqp,7,7,1,0,false,false,3,423.0
examples/regalloc/153-instcombine-instcombinerimpl-foldsquaresumint-n22-d16.pbqp,16,7,1,0,false,true,7,669.0
examples/regalloc/153-instcombine-instcombinerimpl-foldsquaresumint-n22-d16.pbqp,7,16,16,2,true,false,1,258.0
examples/regalloc/153-instcombine-instcombinerimpl-foldsquaresumint-n22-d16.pbqp,16,10,16,0,false,false,1,303.0
examples/regalloc/153-instcombine-instcombinerimpl-foldsquaresumint-n22-d16.pbqp,10,7,1,0,false,false,3,572.0
examples/regalloc/153-instcombine-instcombinerimpl-foldsquaresumint-n22-d16.pbqp,13,7,1,0,false,false,5,1097.0
examples/regalloc/153-instcombine-instcombinerimpl-foldsquaresumint-n22-d16.pbqp,7,12,16,0,false,false,1,219.0
examples/regalloc/153-instcombine-instcombinerimpl-foldsquaresumint-n22-d16.pbqp,7,11,16,0,false,false,1,219.0
examples/regalloc/153-instcombine-instcombinerimpl-foldsquaresumint-n22-d16.pbqp,7,14,16,0,false,false,1,254.0
examples/regalloc/153-instcombine-instcombinerimpl-foldsquaresumint-n22-d16.pbqp,16,13,16,0,false,false,1,422.0
examples/regalloc/153-instcombine-instcombinerimpl-foldsquaresumint-n22-d16.pbqp,16,12,16,0,false,false,1,358.0
examples/regalloc/153-instcombine-instcombinerimpl-foldsquaresumint-n22-d16.pbqp,16,11,16,0,false,false,1,313.0
examples/regalloc/153-instcombine-instcombinerimpl-foldsquaresumint-n22-d16.pbqp,16,14,16,0,false,false,1,351.0
examples/regalloc/153-instcombine-instcombinerimpl-foldsquaresumint-n22-d16.pbqp,13,12,16,0,false,false,1,359.0
examples/regalloc/153-instcombine-instcombinerimpl-foldsquaresumint-n22-d16.pbqp,13,11,16,0,false,false,1,274.0
examples/regalloc/153-instcombine-instcombinerimpl-foldsquaresumint-n22-d16.pbqp,13,14,16,0,false,false,1,266.0
examples/regalloc/153-instcombine-instcombinerimpl-foldsquaresumint-n22-d16.pbqp,12,7,1,0,false,false,1,229.0
examples/regalloc/153-instcombine-instcombinerimpl-foldsquaresumint-n22-d16.pbqp,12,11,16,0,false,false,1,288.0
examples/regalloc/153-instcombine-instcombinerimpl-foldsquaresumint-n22-d16.pbqp,12,14,16,0,false,false,1,324.0
examples/regalloc/153-instcombine-instcombinerimpl-foldsquaresumint-n22-d16.pbqp,14,11,1,0,false,true,7,784.0
examples/regalloc/153-instcombine-instcombinerimpl-foldsquaresumint-n22-d16.pbqp,7,14,16,0,true,false,1,323.0
examples/regalloc/154-instcombine-instcombinerimpl-foldaddwithconstant-n343-d17.pbqp,7,16,17,0,false,false,25,8777.0
examples/regalloc/154-instcombine-instcombinerimpl-foldaddwithconstant-n343-d17.pbqp,7,16,17,0,false,true,64,6643.0
examples/regalloc/154-instcombine-instcombinerimpl-foldaddwithconstant-n343-d17.pbqp,13,15,1,0,false,true,63,7670.0
examples/regalloc/154-instcombine-instcombinerimpl-foldaddwithconstant-n343-d17.pbqp,13,14,1,0,true,false,3,1423.0
examples/regalloc/154-instcombine-instcombinerimpl-foldaddwithconstant-n343-d17.pbqp,7,14,17,0,false,true,21,2200.0
examples/regalloc/154-instcombine-instcombinerimpl-foldaddwithconstant-n343-d17.pbqp,7,15,17,0,false,true,42,4419.0
examples/regalloc/154-instcombine-instcombinerimpl-foldaddwithconstant-n343-d17.pbqp,7,13,17,0,true,false,5,1961.0
examples/regalloc/154-instcombine-instcombinerimpl-foldaddwithconstant-n343-d17.pbqp,13,14,1,0,false,true,21,2660.0
examples/regalloc/154-instcombine-instcombinerimpl-foldaddwithconstant-n343-d17.pbqp,13,7,1,0,true,true,7,1060.0
examples/regalloc/154-instcombine-instcombinerimpl-foldaddwithconstant-n343-d17.pbqp,7,13,1,2,true,false,1,401.0
examples/regalloc/154-instcombine-instcombinerimpl-foldaddwithconstant-n343-d17.pbqp,16,15,1,0,false,true,14,2025.0
examples/regalloc/154-instcombine-instcombinerimpl-foldaddwithconstant-n343-d17.pbqp,7,16,17,0,true,false,2,655.0
examples/regalloc/154-instcombine-instcombinerimpl-foldaddwithconstant-n343-d17.pbqp,7,15,17,0,false,false,22,7183.0
examples/regalloc/154-instcombine-instcombinerimpl-foldaddwithconstant-n343-d17.pbqp,7,13,17,0,false,true,42,4447.0
examples/regalloc/154-instcombine-instcombinerimpl-foldaddwithconstant-n343-d17.pbqp,15,16,1,0,false,true,7,1077.0
examples/regalloc/154-instcombine-instcombinerimpl-foldaddwithconstant-n343-d17.pbqp,7,15,17,0,true,false,1,387.0
examples/regalloc/154-instcombine-instcombinerimpl-foldaddwithconstant-n343-d17.pbqp,15,7,1,0,false,false,200,58164.0
examples/regalloc/154-instcombine-instcombinerimpl-foldaddwithconstant-n343-d17.pbqp,15,7,17,0,false,false,1,370.0
examples/regalloc/154-instcombine-instcombinerimpl-foldaddwithconstant-n343-d17.pbqp,16,7,1,0,false,false,729,205596.0
examples/regalloc/154-instcombine-instcombinerimpl-foldaddwithconstant-n343-d17.pbqp,17,17,17,0,false,false,18,10277.0
examples/regalloc/154-instcombine-instcombinerimpl-foldaddwithconstant-n343-d17.pbqp,17,17,1,0,false,true,102,13023.0
examples/regalloc/154-instcombine-instcombinerimpl-foldaddwithconstant-n343-d17.pbqp,17,17,1,0,true,false,6,3594.0
examples/regalloc/154-instcombine-instcombinerimpl-foldaddwithconstant-n343-d17.pbqp,7,7,1,0,false,false,218,51048.0
examples/regalloc/154-instcombine-instcombinerimpl-foldaddwithconstant-n343-d17.pbqp,7,13,17,0,false,false,6,2140.0
examples/regalloc/154-instcombine-instcombinerimpl-foldaddwithconstant-n343-d17.pbqp,15,13,17,0,false,false,4,2223.0
examples/regalloc/154-instcombine-instcombinerimpl-foldaddwithconstant-n343-d17.pbqp,15,14,17,0,false,false,7,3446.0
examples/regalloc/154-instcombine-instcombinerimpl-foldaddwithconstant-n343-d17.pbqp,16,15,17,0,false,false,8,4220.0
examples/regalloc/154-instcombine-instcombinerimpl-foldaddwithconstant-n343-d17.pbqp,16,15,1,0,false,false,9,5076.0
examples/regalloc/154-instcombine-instcombinerimpl-foldaddwithconstant-n343-d17.pbqp,15,16,17,0,false,false,8,4097.0
examples/regalloc/154-instcombine-instcombinerimpl-foldaddwithconstant-n343-d17.pbqp,14,7,1,0,false,false,70,19511.0
examples/regalloc/154-instcombine-instcombinerimpl-foldaddwithconstant-n343-d17.pbqp,7,7,1,0,true,false,8,2085.0
examples/regalloc/154-instcombine-instcombinerimpl-foldaddwithconstant-n343-d17.pbqp,7,14,17,0,false,false,4,1545.0
examples/regalloc/154-instcombine-instcombinerimpl-foldaddwithconstant-n343-d17.pbqp,7,7,17,0,false,false,53,15423.0
examples/regalloc/154-instcombine-instcombinerimpl-foldaddwithconstant-n343-d17.pbqp,14,7,17,0,false,false,1,360.0
examples/regalloc/154-instcombine-instcombinerimpl-foldaddwithconstant-n343-d17.pbqp,14,15,17,0,false,false,1,556.0
examples/regalloc/154-instcombine-instcombinerimpl-foldaddwithconstant-n343-d17.pbqp,15,7,1,0,false,true,7,1078.0
examples/regalloc/154-instcombine-instcombinerimpl-foldaddwithconstant-n343-d17.pbqp,7,15,17,2,true,false,1,634.0
examples/regalloc/154-instcombine-instcombinerimpl-foldaddwithconstant-n343-d17.pbqp,14,12,17,0,false,false,2,1050.0
examples/regalloc/154-instcombine-instcombinerimpl-foldaddwithconstant-n343-d17.pbqp,12,7,1,0,false,false,6,1725.0
examples/regalloc/154-instcombine-instcombinerimpl-foldaddwithconstant-n343-d17.pbqp,16,14,17,0,false,false,2,980.0
examples/regalloc/154-instcombine-instcombinerimpl-foldaddwithconstant-n343-d17.pbqp,14,15,1,0,false,false,1,497.0
examples/regalloc/154-instcombine-instcombinerimpl-foldaddwithconstant-n343-d17.pbqp,14,13,17,0,false,false,2,886.0
examples/regalloc/154-instcombine-instcombinerimpl-foldaddwithconstant-n343-d17.pbqp,7,7,17,0,true,false,2,584.0
examples/regalloc/154-instcombine-instcombinerimpl-foldaddwithconstant-n343-d17.pbqp,16,7,17,0,false,false,2,794.0
examples/regalloc/154-instcombine-instcombinerimpl-foldaddwithconstant-n343-d17.pbqp,13,7,1,0,false,false,12,3165.0
examples/regalloc/154-instcombine-instcombinerimpl-foldaddwithconstant-n343-d17.pbqp,13,11,17,0,false,false,2,986.0
examples/regalloc/154-instcombine-instcombinerimpl-foldaddwithconstant-n343-d17.pbqp,11,7,1,0,false,false,9,2270.0
examples/regalloc/154-instcombine-instcombinerimpl-foldaddwithconstant-n343-d17.pbqp,16,16,17,0,false,false,5,2672.0
examples/regalloc/154-instcombine-instcombinerimpl-foldaddwithconstant-n343-d17.pbqp,16,16,1,0,false,false,7,4203.0
examples/regalloc/154-instcombine-instcombinerimpl-foldaddwithconstant-n343-d17.pbqp,14,16,17,0,false,false,1,518.0
examples/regalloc/154-instcombine-instcombinerimpl-foldaddwithconstant-n343-d17.pbqp,7,11,17,0,false,false,3,905.0
examples/regalloc/154-instcombine-instcombinerimpl-foldaddwithconstant-n343-d17.pbqp,7,7,1,0,false,true,7,799.0
examples/regalloc/154-instcombine-instcombinerimpl-foldaddwithconstant-n343-d17.pbqp,7,7,1,2,true,false,1,648.0
examples/regalloc/155-instcombine-instcombinerimpl-foldaddwithconstant-n358-d17-r1.pbqp,7,16,17,0,false,false,30,10742.0
examples/regalloc/155-instcombine-instcombinerimpl-foldaddwithconstant-n358-d17-r1.pbqp,7,16,17,0,false,true,64,6781.0
examples/regalloc/155-instcombine-instcombinerimpl-foldaddwithconstant-n358-d17-r1.pbqp,13,15,1,0,false,true,63,7951.0
examples/regalloc/155-instcombine-instcombinerimpl-foldaddwithconstant-n358-d17-r1.pbqp,13,14,1,0,true,false,3,1388.0
examples/regalloc/155-instcombine-instcombinerimpl-foldaddwithconstant-n358-d17-r1.pbqp,7,14,17,0,false,true,21,2243.0
examples/regalloc/155-instcombine-instcombinerimpl-foldaddwithconstant-n358-d17-r1.pbqp,7,15,17,0,false,true,42,4651.0
examples/regalloc/155-instcombine-instcombinerimpl-foldaddwithconstant-n358-d17-r1.pbqp,7,13,17,0,true,false,5,1963.0
examples/regalloc/155-instcombine-instcombinerimpl-foldaddwithconstant-n358-d17-r1.pbqp,13,14,1,0,false,true,21,2736.0
examples/regalloc/155-instcombine-instcombinerimpl-foldaddwithconstant-n358-d17-r1.pbqp,13,7,1,0,true,true,7,987.0
examples/regalloc/155-instcombine-instcombinerimpl-foldaddwithconstant-n358-d17-r1.pbqp,7,13,1,2,true,false,1,388.0
examples/regalloc/155-instcombine-instcombinerimpl-foldaddwithconstant-n358-d17-r1.pbqp,16,15,1,0,false,true,14,2105.0
examples/regalloc/155-instcombine-instcombinerimpl-foldaddwithconstant-n358-d17-r1.pbqp,7,16,17,0,true,false,2,702.0
examples/regalloc/155-instcombine-instcombinerimpl-foldaddwithconstant-n358-d17-r1.pbqp,7,15,17,0,false,false,22,7482.0
examples/regalloc/155-instcombine-instcombinerimpl-foldaddwithconstant-n358-d17-r1.pbqp,7,13,17,0,false,true,42,4529.0
examples/regalloc/155-instcombine-instcombinerimpl-foldaddwithconstant-n358-d17-r1.pbqp,15,16,1,0,false,true,7,1075.0
examples/regalloc/155-instcombine-instcombinerimpl-foldaddwithconstant-n358-d17-r1.pbqp,7,15,17,0,true,false,1,337.0
examples/regalloc/155-instcombine-instcombinerimpl-foldaddwithconstant-n358-d17-r1.pbqp,15,7,1,0,false,false,161,47960.0
examples/regalloc/155-instcombine-instcombinerimpl-foldaddwithconstant-n358-d17-r1.pbqp,15,7,17,0,false,false,1,389.0
examples/regalloc/155-instcombine-instcombinerimpl-foldaddwithconstant-n358-d17-r1.pbqp,16,7,1,0,false,false,696,217911.0
examples/regalloc/155-instcombine-instcombinerimpl-foldaddwithconstant-n358-d17-r1.pbqp,17,17,17,0,false,false,18,10776.0
examples/regalloc/155-instcombine-instcombinerimpl-foldaddwithconstant-n358-d17-r1.pbqp,17,17,1,0,false,true,102,13098.0
examples/regalloc/155-instcombine-instcombinerimpl-foldaddwithconstant-n358-d17-r1.pbqp,17,17,1,0,true,false,6,3560.0
examples/regalloc/155-instcombine-instcombinerimpl-foldaddwithconstant-n358-d17-r1.pbqp,7,7,1,0,false,false,150,36616.0
examples/regalloc/155-instcombine-instcombinerimpl-foldaddwithconstant-n358-d17-r1.pbqp,7,13,17,0,false,false,8,3005.0
examples/regalloc/155-instcombine-instcombinerimpl-foldaddwithconstant-n358-d17-r1.pbqp,15,13,17,0,false,false,4,2167.0
examples/regalloc/155-instcombine-instcombinerimpl-foldaddwithconstant-n358-d17-r1.pbqp,15,14,17,0,false,false,7,3541.0
examples/regalloc/155-instcombine-instcombinerimpl-foldaddwithconstant-n358-d17-r1.pbqp,16,15,17,0,false,false,8,4262.0
examples/regalloc/155-instcombine-instcombinerimpl-foldaddwithconstant-n358-d17-r1.pbqp,16,15,1,0,false,false,9,5460.0
examples/regalloc/155-instcombine-instcombinerimpl-foldaddwithconstant-n358-d17-r1.pbqp,15,16,17,0,false,false,8,4183.0
examples/regalloc/155-instcombine-instcombinerimpl-foldaddwithconstant-n358-d17-r1.pbqp,14,7,1,0,false,false,60,16925.0
examples/regalloc/155-instcombine-instcombinerimpl-foldaddwithconstant-n358-d17-r1.pbqp,7,7,1,0,true,false,8,2089.0
examples/regalloc/155-instcombine-instcombinerimpl-foldaddwithconstant-n358-d17-r1.pbqp,7,14,17,0,false,false,4,1542.0
examples/regalloc/155-instcombine-instcombinerimpl-foldaddwithconstant-n358-d17-r1.pbqp,7,7,17,0,false,false,20,6052.0
examples/regalloc/155-instcombine-instcombinerimpl-foldaddwithconstant-n358-d17-r1.pbqp,14,7,17,0,false,false,1,390.0
examples/regalloc/155-instcombine-instcombinerimpl-foldaddwithconstant-n358-d17-r1.pbqp,14,15,17,0,false,false,1,570.0
examples/regalloc/155-instcombine-instcombinerimpl-foldaddwithconstant-n358-d17-r1.pbqp,15,7,1,0,false,true,7,1084.0
examples/regalloc/155-instcombine-instcombinerimpl-foldaddwithconstant-n358-d17-r1.pbqp,7,15,17,2,true,false,1,627.0
examples/regalloc/155-instcombine-instcombinerimpl-foldaddwithconstant-n358-d17-r1.pbqp,14,12,17,0,false,false,2,1028.0
examples/regalloc/155-instcombine-instcombinerimpl-foldaddwithconstant-n358-d17-r1.pbqp,12,7,1,0,false,false,6,1752.0
examples/regalloc/155-instcombine-instcombinerimpl-foldaddwithconstant-n358-d17-r1.pbqp,16,14,17,0,false,false,2,1025.0
examples/regalloc/155-instcombine-instcombinerimpl-foldaddwithconstant-n358-d17-r1.pbqp,14,15,1,0,false,false,1,500.0
examples/regalloc/155-instcombine-instcombinerimpl-foldaddwithconstant-n358-d17-r1.pbqp,14,13,17,0,false,false,2,907.0
examples/regalloc/155-instcombine-instcombinerimpl-foldaddwithconstant-n358-d17-r1.pbqp,7,7,17,0,true,false,2,659.0
examples/regalloc/155-instcombine-instcombinerimpl-foldaddwithconstant-n358-d17-r1.pbqp,16,7,17,0,false,false,2,860.0
examples/regalloc/155-instcombine-instcombinerimpl-foldaddwithconstant-n358-d17-r1.pbqp,13,7,1,0,false,false,7,1818.0
examples/regalloc/155-instcombine-instcombinerimpl-foldaddwithconstant-n358-d17-r1.pbqp,13,11,17,0,false,false,1,520.0
examples/regalloc/155-instcombine-instcombinerimpl-foldaddwithconstant-n358-d17-r1.pbqp,11,7,1,0,false,false,4,1054.0
examples/regalloc/155-instcombine-instcombinerimpl-foldaddwithconstant-n358-d17-r1.pbqp,16,16,17,0,false,false,6,3333.0
examples/regalloc/155-instcombine-instcombinerimpl-foldaddwithconstant-n358-d17-r1.pbqp,14,16,17,0,false,false,1,497.0
examples/regalloc/155-instcombine-instcombinerimpl-foldaddwithconstant-n358-d17-r1.pbqp,16,16,1,0,false,false,7,4055.0
examples/regalloc/155-instcombine-instcombinerimpl-foldaddwithconstant-n358-d17-r1.pbqp,7,11,17,0,false,false,5,1612.0
examples/regalloc/155-instcombine-instcombinerimpl-foldaddwithconstant-n358-d17-r1.pbqp,16,13,1,0,false,true,11,1723.0
examples/regalloc/155-instcombine-instcombinerimpl-foldaddwithconstant-n358-d17-r1.pbqp,16,11,1,0,true,false,1,694.0
examples/regalloc/156-instcombine-instcombinerimpl-foldaddlikecommutat-n119-d16.pbqp,7,15,16,0,false,true,14,1505.0
examples/regalloc/156-instcombine-instcombinerimpl-foldaddlikecommutat-n119-d16.pbqp,7,15,16,0,false,false,17,4668.0
examples/regalloc/156-instcombine-instcombinerimpl-foldaddlikecommutat-n119-d16.pbqp,16,7,1,0,false,false,311,88196.0
examples/regalloc/156-instcombine-instcombinerimpl-foldaddlikecommutat-n119-d16.pbqp,16,16,1,0,false,false,33,13820.0
examples/regalloc/156-instcombine-instcombinerimpl-foldaddlikecommutat-n119-d16.pbqp,15,7,1,0,false,false,69,19062.0
examples/regalloc/156-instcombine-instcombinerimpl-foldaddlikecommutat-n119-d16.pbqp,15,13,16,0,false,false,1,485.0
examples/regalloc/156-instcombine-instcombinerimpl-foldaddlikecommutat-n119-d16.pbqp,13,7,1,0,false,false,24,6041.0
examples/regalloc/156-instcombine-instcombinerimpl-foldaddlikecommutat-n119-d16.pbqp,16,16,16,0,false,false,7,3063.0
examples/regalloc/156-instcombine-instcombinerimpl-foldaddlikecommutat-n119-d16.pbqp,16,15,16,0,false,false,6,2762.0
examples/regalloc/156-instcombine-instcombinerimpl-foldaddlikecommutat-n119-d16.pbqp,7,7,1,0,false,false,70,15233.0
examples/regalloc/156-instcombine-instcombinerimpl-foldaddlikecommutat-n119-d16.pbqp,13,15,1,0,false,false,1,441.0
examples/regalloc/156-instcombine-instcombinerimpl-foldaddlikecommutat-n119-d16.pbqp,13,14,1,0,false,false,1,452.0
examples/regalloc/156-instcombine-instcombinerimpl-foldaddlikecommutat-n119-d16.pbqp,16,7,16,0,false,false,10,3238.0
examples/regalloc/156-instcombine-instcombinerimpl-foldaddlikecommutat-n119-d16.pbqp,16,12,16,0,false,false,1,564.0
examples/regalloc/156-instcombine-instcombinerimpl-foldaddlikecommutat-n119-d16.pbqp,12,7,1,0,false,false,9,2229.0
examples/regalloc/156-instcombine-instcombinerimpl-foldaddlikecommutat-n119-d16.pbqp,7,7,16,0,false,false,13,3046.0
examples/regalloc/156-instcombine-instcombinerimpl-foldaddlikecommutat-n119-d16.pbqp,16,14,16,0,false,false,1,565.0
examples/regalloc/156-instcombine-instcombinerimpl-foldaddlikecommutat-n119-d16.pbqp,14,7,1,0,false,false,16,4142.0
examples/regalloc/156-instcombine-instcombinerimpl-foldaddlikecommutat-n119-d16.pbqp,14,15,16,0,false,false,1,433.0
examples/regalloc/156-instcombine-instcombinerimpl-foldaddlikecommutat-n119-d16.pbqp,14,7,16,0,false,false,1,318.0
examples/regalloc/156-instcombine-instcombinerimpl-foldaddlikecommutat-n119-d16.pbqp,15,7,16,0,false,false,1,367.0
examples/regalloc/156-instcombine-instcombinerimpl-foldaddlikecommutat-n119-d16.pbqp,7,16,1,0,false,false,1,345.0
examples/regalloc/156-instcombine-instcombinerimpl-foldaddlikecommutat-n119-d16.pbqp,7,7,1,0,true,false,1,195.0
examples/regalloc/156-instcombine-instcombinerimpl-foldaddlikecommutat-n119-d16.pbqp,7,16,16,0,false,false,10,3228.0
examples/regalloc/156-instcombine-instcombinerimpl-foldaddlikecommutat-n119-d16.pbqp,7,15,1,0,false,false,2,698.0
examples/regalloc/156-instcombine-instcombinerimpl-foldaddlikecommutat-n119-d16.pbqp,15,15,16,0,false,false,4,1795.0
examples/regalloc/156-instcombine-instcombinerimpl-foldaddlikecommutat-n119-d16.pbqp,15,15,1,0,false,false,3,1324.0
examples/regalloc/156-instcombine-instcombinerimpl-foldaddlikecommutat-n119-d16.pbqp,15,16,16,0,false,false,2,960.0
examples/regalloc/156-instcombine-instcombinerimpl-foldaddlikecommutat-n119-d16.pbqp,16,15,1,0,false,false,1,541.0
examples/regalloc/156-instcombine-instcombinerimpl-foldaddlikecommutat-n119-d16.pbqp,14,13,16,0,false,false,1,459.0
examples/regalloc/156-instcombine-instcombinerimpl-foldaddlikecommutat-n119-d16.pbqp,12,16,1,0,false,false,1,438.0
examples/regalloc/156-instcombine-instcombinerimpl-foldaddlikecommutat-n119-d16.pbqp,12,13,1,0,false,false,1,375.0
examples/regalloc/156-instcombine-instcombinerimpl-foldaddlikecommutat-n119-d16.pbqp,12,11,16,0,false,false,1,448.0
examples/regalloc/156-instcombine-instcombinerimpl-foldaddlikecommutat-n119-d16.pbqp,12,14,16,0,false,false,1,400.0
examples/regalloc/156-instcombine-instcombinerimpl-foldaddlikecommutat-n119-d16.pbqp,11,16,1,0,false,false,1,381.0
examples/regalloc/156-instcombine-instcombinerimpl-foldaddlikecommutat-n119-d16.pbqp,11,13,1,0,false,false,1,359.0
examples/regalloc/156-instcombine-instcombinerimpl-foldaddlikecommutat-n119-d16.pbqp,11,7,1,0,false,false,4,974.0
examples/regalloc/156-instcombine-instcombinerimpl-foldaddlikecommutat-n119-d16.pbqp,11,14,16,0,false,false,1,351.0
examples/regalloc/156-instcombine-instcombinerimpl-foldaddlikecommutat-n119-d16.pbqp,14,16,1,0,false,false,1,428.0
examples/regalloc/156-instcombine-instcombinerimpl-foldaddlikecommutat-n119-d16.pbqp,14,13,1,0,false,false,1,480.0
examples/regalloc/156-instcombine-instcombinerimpl-foldaddlikecommutat-n119-d16.pbqp,7,13,16,0,false,false,1,307.0
examples/regalloc/156-instcombine-instcombinerimpl-foldaddlikecommutat-n119-d16.pbqp,16,13,16,0,false,false,1,443.0
examples/regalloc/156-instcombine-instcombinerimpl-foldaddlikecommutat-n119-d16.pbqp,7,7,16,0,true,false,1,292.0
examples/regalloc/156-instcombine-instcombinerimpl-foldaddlikecommutat-n119-d16.pbqp,15,16,1,0,false,true,15,1849.0
examples/regalloc/156-instcombine-instcombinerimpl-foldaddlikecommutat-n119-d16.pbqp,15,15,1,0,true,false,1,486.0
examples/regalloc/157-instcombine-instcombinerimpl-foldaddlikecommutat-n117-d16-r1.pbqp,7,16,16,0,false,true,7,859.0
examples/regalloc/157-instcombine-instcombinerimpl-foldaddlikecommutat-n117-d16-r1.pbqp,7,15,16,0,false,true,14,1456.0
examples/regalloc/157-instcombine-instcombinerimpl-foldaddlikecommutat-n117-d16-r1.pbqp,7,15,16,0,false,false,5,1594.0
examples/regalloc/157-instcombine-instcombinerimpl-foldaddlikecommutat-n117-d16-r1.pbqp,16,7,1,0,false,false,242,71533.0
examples/regalloc/157-instcombine-instcombinerimpl-foldaddlikecommutat-n117-d16-r1.pbqp,16,16,1,0,false,false,33,13907.0
examples/regalloc/157-instcombine-instcombinerimpl-foldaddlikecommutat-n117-d16-r1.pbqp,7,7,1,0,false,false,35,7848.0
examples/regalloc/157-instcombine-instcombinerimpl-foldaddlikecommutat-n117-d16-r1.pbqp,15,7,1,0,false,false,55,15030.0
examples/regalloc/157-instcombine-instcombinerimpl-foldaddlikecommutat-n117-d16-r1.pbqp,15,13,16,0,false,false,1,529.0
examples/regalloc/157-instcombine-instcombinerimpl-foldaddlikecommutat-n117-d16-r1.pbqp,13,7,1,0,false,false,17,4469.0
examples/regalloc/157-instcombine-instcombinerimpl-foldaddlikecommutat-n117-d16-r1.pbqp,16,14,16,0,false,false,2,1061.0
examples/regalloc/157-instcombine-instcombinerimpl-foldaddlikecommutat-n117-d16-r1.pbqp,16,15,16,0,false,false,7,3136.0
examples/regalloc/157-instcombine-instcombinerimpl-foldaddlikecommutat-n117-d16-r1.pbqp,13,15,1,0,false,false,1,472.0
examples/regalloc/157-instcombine-instcombinerimpl-foldaddlikecommutat-n117-d16-r1.pbqp,13,14,1,0,false,false,1,488.0
examples/regalloc/157-instcombine-instcombinerimpl-foldaddlikecommutat-n117-d16-r1.pbqp,14,7,1,0,false,false,8,2204.0
examples/regalloc/157-instcombine-instcombinerimpl-foldaddlikecommutat-n117-d16-r1.pbqp,14,15,16,0,false,false,1,456.0
examples/regalloc/157-instcombine-instcombinerimpl-foldaddlikecommutat-n117-d16-r1.pbqp,14,7,16,0,false,false,1,333.0
examples/regalloc/157-instcombine-instcombinerimpl-foldaddlikecommutat-n117-d16-r1.pbqp,15,7,16,0,false,false,1,343.0
examples/regalloc/157-instcombine-instcombinerimpl-foldaddlikecommutat-n117-d16-r1.pbqp,16,16,16,0,false,false,7,3134.0
examples/regalloc/157-instcombine-instcombinerimpl-foldaddlikecommutat-n117-d16-r1.pbqp,7,15,1,0,false,false,2,686.0
examples/regalloc/157-instcombine-instcombinerimpl-foldaddlikecommutat-n117-d16-r1.pbqp,15,15,16,0,false,false,5,2307.0
examples/regalloc/157-instcombine-instcombinerimpl-foldaddlikecommutat-n117-d16-r1.pbqp,16,7,16,0,false,false,10,3226.0
examples/regalloc/157-instcombine-instcombinerimpl-foldaddlikecommutat-n117-d16-r1.pbqp,7,16,16,0,false,false,8,2533.0
examples/regalloc/157-instcombine-instcombinerimpl-foldaddlikecommutat-n117-d16-r1.pbqp,15,15,1,0,false,false,3,1294.0
examples/regalloc/157-instcombine-instcombinerimpl-foldaddlikecommutat-n117-d16-r1.pbqp,15,16,16,0,false,false,2,1058.0
examples/regalloc/157-instcombine-instcombinerimpl-foldaddlikecommutat-n117-d16-r1.pbqp,16,15,1,0,false,false,2,973.0
examples/regalloc/157-instcombine-instcombinerimpl-foldaddlikecommutat-n117-d16-r1.pbqp,14,13,16,0,false,false,1,447.0
examples/regalloc/157-instcombine-instcombinerimpl-foldaddlikecommutat-n117-d16-r1.pbqp,7,7,16,0,false,false,18,4653.0
examples/regalloc/157-instcombine-instcombinerimpl-foldaddlikecommutat-n117-d16-r1.pbqp,16,12,16,0,false,false,2,990.0
examples/regalloc/157-instcombine-instcombinerimpl-foldaddlikecommutat-n117-d16-r1.pbqp,12,7,1,0,false,false,6,1614.0
examples/regalloc/157-instcombine-instcombinerimpl-foldaddlikecommutat-n117-d16-r1.pbqp,7,16,1,0,false,false,1,344.0
examples/regalloc/157-instcombine-instcombinerimpl-foldaddlikecommutat-n117-d16-r1.pbqp,7,7,1,0,true,false,2,467.0
examples/regalloc/157-instcombine-instcombinerimpl-foldaddlikecommutat-n117-d16-r1.pbqp,7,7,16,0,true,false,1,224.0
examples/regalloc/157-instcombine-instcombinerimpl-foldaddlikecommutat-n117-d16-r1.pbqp,7,13,16,0,false,false,3,870.0
examples/regalloc/157-instcombine-instcombinerimpl-foldaddlikecommutat-n117-d16-r1.pbqp,7,12,16,0,false,false,2,576.0
examples/regalloc/157-instcombine-instcombinerimpl-foldaddlikecommutat-n117-d16-r1.pbqp,7,11,16,0,false,false,2,555.0
examples/regalloc/157-instcombine-instcombinerimpl-foldaddlikecommutat-n117-d16-r1.pbqp,7,14,16,0,false,false,2,594.0
examples/regalloc/157-instcombine-instcombinerimpl-foldaddlikecommutat-n117-d16-r1.pbqp,16,13,16,0,false,false,1,536.0
examples/regalloc/157-instcombine-instcombinerimpl-foldaddlikecommutat-n117-d16-r1.pbqp,16,11,16,0,false,false,1,497.0
examples/regalloc/157-instcombine-instcombinerimpl-foldaddlikecommutat-n117-d16-r1.pbqp,13,12,16,0,false,false,1,466.0
examples/regalloc/157-instcombine-instcombinerimpl-foldaddlikecommutat-n117-d16-r1.pbqp,13,11,16,0,false,false,1,439.0
examples/regalloc/157-instcombine-instcombinerimpl-foldaddlikecommutat-n117-d16-r1.pbqp,13,14,16,0,false,false,1,463.0
examples/regalloc/157-instcombine-instcombinerimpl-foldaddlikecommutat-n117-d16-r1.pbqp,12,11,16,0,false,false,1,421.0
examples/regalloc/157-instcombine-instcombinerimpl-foldaddlikecommutat-n117-d16-r1.pbqp,12,14,16,0,false,false,1,467.0
examples/regalloc/157-instcombine-instcombinerimpl-foldaddlikecommutat-n117-d16-r1.pbqp,14,11,1,0,false,true,7,1013.0
examples/regalloc/157-instcombine-instcombinerimpl-foldaddlikecommutat-n117-d16-r1.pbqp,7,14,16,0,true,false,1,329.0
examples/regalloc/158-instcombine-instcombinerimpl-hoistfnegabovefmulf-n39-d16.pbqp,7,7,16,0,false,true,7,637.0
examples/regalloc/158-instcombine-instcombinerimpl-hoistfnegabovefmulf-n39-d16.pbqp,16,7,1,0,false,false,50,13491.0
examples/regalloc/158-instcombine-instcombinerimpl-hoistfnegabovefmulf-n39-d16.pbqp,12,7,1,0,false,false,12,2799.0
examples/regalloc/158-instcombine-instcombinerimpl-hoistfnegabovefmulf-n39-d16.pbqp,12,13,1,0,false,false,2,670.0
examples/regalloc/158-instcombine-instcombinerimpl-hoistfnegabovefmulf-n39-d16.pbqp,13,7,1,0,false,false,15,3610.0
examples/regalloc/158-instcombine-instcombinerimpl-hoistfnegabovefmulf-n39-d16.pbqp,7,7,1,0,false,false,31,6333.0
examples/regalloc/158-instcombine-instcombinerimpl-hoistfnegabovefmulf-n39-d16.pbqp,7,14,16,0,false,false,7,1756.0
examples/regalloc/158-instcombine-instcombinerimpl-hoistfnegabovefmulf-n39-d16.pbqp,7,7,16,0,false,false,12,2624.0
examples/regalloc/158-instcombine-instcombinerimpl-hoistfnegabovefmulf-n39-d16.pbqp,7,13,16,0,false,false,9,2518.0
examples/regalloc/158-instcombine-instcombinerimpl-hoistfnegabovefmulf-n39-d16.pbqp,7,14,1,0,false,false,2,488.0
examples/regalloc/158-instcombine-instcombinerimpl-hoistfnegabovefmulf-n39-d16.pbqp,14,7,1,0,false,false,6,1650.0
examples/regalloc/158-instcombine-instcombinerimpl-hoistfnegabovefmulf-n39-d16.pbqp,14,13,16,0,false,false,2,777.0
examples/regalloc/158-instcombine-instcombinerimpl-hoistfnegabovefmulf-n39-d16.pbqp,12,11,16,0,false,false,1,341.0
examples/regalloc/158-instcombine-instcombinerimpl-hoistfnegabovefmulf-n39-d16.pbqp,11,7,1,0,false,false,5,1143.0
examples/regalloc/158-instcombine-instcombinerimpl-hoistfnegabovefmulf-n39-d16.pbqp,7,15,16,0,false,false,4,1223.0
examples/regalloc/158-instcombine-instcombinerimpl-hoistfnegabovefmulf-n39-d16.pbqp,7,7,16,2,true,false,1,280.0
examples/regalloc/158-instcombine-instcombinerimpl-hoistfnegabovefmulf-n39-d16.pbqp,15,7,1,0,false,false,1,268.0
examples/regalloc/158-instcombine-instcombinerimpl-hoistfnegabovefmulf-n39-d16.pbqp,15,14,16,0,false,false,1,480.0
examples/regalloc/158-instcombine-instcombinerimpl-hoistfnegabovefmulf-n39-d16.pbqp,15,13,16,0,false,false,1,408.0
examples/regalloc/158-instcombine-instcombinerimpl-hoistfnegabovefmulf-n39-d16.pbqp,13,7,1,0,false,true,14,1052.0
examples/regalloc/158-instcombine-instcombinerimpl-hoistfnegabovefmulf-n39-d16.pbqp,13,14,1,2,true,false,1,563.0
examples/regalloc/159-instcombine-instcombinerimpl-simplifyaddwithrema-n58-d16.pbqp,7,16,16,0,false,false,4,1365.0
examples/regalloc/159-instcombine-instcombinerimpl-simplifyaddwithrema-n58-d16.pbqp,7,16,16,0,false,true,14,1302.0
examples/regalloc/159-instcombine-instcombinerimpl-simplifyaddwithrema-n58-d16.pbqp,16,7,1,0,false,false,170,49403.0
examples/regalloc/159-instcombine-instcombinerimpl-simplifyaddwithrema-n58-d16.pbqp,15,7,1,0,false,false,65,17813.0
examples/regalloc/159-instcombine-instcombinerimpl-simplifyaddwithrema-n58-d16.pbqp,15,14,16,0,false,false,5,2018.0
examples/regalloc/159-instcombine-instcombinerimpl-simplifyaddwithrema-n58-d16.pbqp,14,7,1,0,false,false,37,9546.0
examples/regalloc/159-instcombine-instcombinerimpl-simplifyaddwithrema-n58-d16.pbqp,16,15,16,0,false,false,5,2228.0
examples/regalloc/159-instcombine-instcombinerimpl-simplifyaddwithrema-n58-d16.pbqp,16,7,16,0,false,false,4,1299.0
examples/regalloc/159-instcombine-instcombinerimpl-simplifyaddwithrema-n58-d16.pbqp,15,13,16,0,false,false,2,823.0
examples/regalloc/159-instcombine-instcombinerimpl-simplifyaddwithrema-n58-d16.pbqp,14,13,16,0,false,false,2,808.0
examples/regalloc/159-instcombine-instcombinerimpl-simplifyaddwithrema-n58-d16.pbqp,13,7,1,0,false,false,32,7804.0
examples/regalloc/159-instcombine-instcombinerimpl-simplifyaddwithrema-n58-d16.pbqp,16,14,16,0,false,false,2,880.0
examples/regalloc/159-instcombine-instcombinerimpl-simplifyaddwithrema-n58-d16.pbqp,16,13,16,0,false,false,1,477.0
examples/regalloc/159-instcombine-instcombinerimpl-simplifyaddwithrema-n58-d16.pbqp,13,16,1,0,false,false,2,893.0
examples/regalloc/159-instcombine-instcombinerimpl-simplifyaddwithrema-n58-d16.pbqp,7,7,1,0,false,false,49,10167.0
examples/regalloc/159-instcombine-instcombinerimpl-simplifyaddwithrema-n58-d16.pbqp,7,7,16,0,false,false,43,10130.0
examples/regalloc/159-instcombine-instcombinerimpl-simplifyaddwithrema-n58-d16.pbqp,7,15,16,0,false,false,11,3158.0
examples/regalloc/159-instcombine-instcombinerimpl-simplifyaddwithrema-n58-d16.pbqp,7,7,16,0,true,false,1,273.0
examples/regalloc/159-instcombine-instcombinerimpl-simplifyaddwithrema-n58-d16.pbqp,7,14,16,0,false,false,10,2862.0
examples/regalloc/159-instcombine-instcombinerimpl-simplifyaddwithrema-n58-d16.pbqp,14,7,1,0,false,true,15,1204.0
examples/regalloc/159-instcombine-instcombinerimpl-simplifyaddwithrema-n58-d16.pbqp,14,15,1,2,true,false,1,728.0
examples/regalloc/160-instcombine-instcombinerimpl-simplifyaddwithrema-n64-d16-r1.pbqp,7,16,16,0,false,false,5,1601.0
examples/regalloc/160-instcombine-instcombinerimpl-simplifyaddwithrema-n64-d16-r1.pbqp,7,16,16,0,false,true,14,1213.0
examples/regalloc/160-instcombine-instcombinerimpl-simplifyaddwithrema-n64-d16-r1.pbqp,16,7,1,0,false,false,129,36670.0
examples/regalloc/160-instcombine-instcombinerimpl-simplifyaddwithrema-n64-d16-r1.pbqp,15,7,1,0,false,false,40,10631.0
examples/regalloc/160-instcombine-instcombinerimpl-simplifyaddwithrema-n64-d16-r1.pbqp,14,7,1,0,false,false,25,6249.0
examples/regalloc/160-instcombine-instcombinerimpl-simplifyaddwithrema-n64-d16-r1.pbqp,13,7,1,0,false,false,21,5069.0
examples/regalloc/160-instcombine-instcombinerimpl-simplifyaddwithrema-n64-d16-r1.pbqp,15,14,16,0,false,false,5,1896.0
examples/regalloc/160-instcombine-instcombinerimpl-simplifyaddwithrema-n64-d16-r1.pbqp,16,15,16,0,false,false,5,2218.0
examples/regalloc/160-instcombine-instcombinerimpl-simplifyaddwithrema-n64-d16-r1.pbqp,16,7,16,0,false,false,4,1302.0
examples/regalloc/160-instcombine-instcombinerimpl-simplifyaddwithrema-n64-d16-r1.pbqp,15,13,16,0,false,false,2,828.0
examples/regalloc/160-instcombine-instcombinerimpl-simplifyaddwithrema-n64-d16-r1.pbqp,14,13,16,0,false,false,2,850.0
examples/regalloc/160-instcombine-instcombinerimpl-simplifyaddwithrema-n64-d16-r1.pbqp,13,16,1,0,false,false,1,522.0
examples/regalloc/160-instcombine-instcombinerimpl-simplifyaddwithrema-n64-d16-r1.pbqp,7,7,1,0,false,false,22,4805.0
examples/regalloc/160-instcombine-instcombinerimpl-simplifyaddwithrema-n64-d16-r1.pbqp,7,13,16,0,false,false,1,312.0
examples/regalloc/160-instcombine-instcombinerimpl-simplifyaddwithrema-n64-d16-r1.pbqp,16,13,16,0,false,false,2,866.0
examples/regalloc/160-instcombine-instcombinerimpl-simplifyaddwithrema-n64-d16-r1.pbqp,16,14,16,0,false,false,2,809.0
examples/regalloc/160-instcombine-instcombinerimpl-simplifyaddwithrema-n64-d16-r1.pbqp,7,7,16,0,false,false,10,2561.0
examples/regalloc/160-instcombine-instcombinerimpl-simplifyaddwithrema-n64-d16-r1.pbqp,7,15,16,0,false,false,6,1896.0
examples/regalloc/160-instcombine-instcombinerimpl-simplifyaddwithrema-n64-d16-r1.pbqp,7,7,16,0,true,false,1,206.0
examples/regalloc/160-instcombine-instcombinerimpl-simplifyaddwithrema-n64-d16-r1.pbqp,7,14,16,0,false,false,5,1369.0
examples/regalloc/160-instcombine-instcombinerimpl-simplifyaddwithrema-n64-d16-r1.pbqp,14,7,1,0,false,true,15,1209.0
examples/regalloc/160-instcombine-instcombinerimpl-simplifyaddwithrema-n64-d16-r1.pbqp,14,15,1,2,true,false,1,735.0
examples/regalloc/161-instcombine-instcombinerimpl-optimizepointerdiff-n95-d16.pbqp,16,16,1,0,false,true,14,1894.0
examples/regalloc/161-instcombine-instcombinerimpl-optimizepointerdiff-n95-d16.pbqp,7,16,16,0,true,false,2,631.0
examples/regalloc/161-instcombine-instcombinerimpl-optimizepointerdiff-n95-d16.pbqp,16,7,1,0,false,false,288,85454.0
examples/regalloc/161-instcombine-instcombinerimpl-optimizepointerdiff-n95-d16.pbqp,15,7,1,0,false,false,20,5347.0
examples/regalloc/161-instcombine-instcombinerimpl-optimizepointerdiff-n95-d16.pbqp,15,12,16,0,false,false,1,558.0
examples/regalloc/161-instcombine-instcombinerimpl-optimizepointerdiff-n95-d16.pbqp,12,7,1,0,false,false,7,1751.0
examples/regalloc/161-instcombine-instcombinerimpl-optimizepointerdiff-n95-d16.pbqp,14,7,1,0,false,false,10,2461.0
examples/regalloc/161-instcombine-instcombinerimpl-optimizepointerdiff-n95-d16.pbqp,14,7,16,0,false,false,3,819.0
examples/regalloc/161-instcombine-instcombinerimpl-optimizepointerdiff-n95-d16.pbqp,14,16,16,0,false,false,1,477.0
examples/regalloc/161-instcombine-instcombinerimpl-optimizepointerdiff-n95-d16.pbqp,15,16,1,0,false,false,1,372.0
examples/regalloc/161-instcombine-instcombinerimpl-optimizepointerdiff-n95-d16.pbqp,7,7,1,0,false,false,36,8178.0
examples/regalloc/161-instcombine-instcombinerimpl-optimizepointerdiff-n95-d16.pbqp,7,16,16,0,false,false,23,6953.0
examples/regalloc/161-instcombine-instcombinerimpl-optimizepointerdiff-n95-d16.pbqp,16,16,16,0,false,false,36,15965.0
examples/regalloc/161-instcombine-instcombinerimpl-optimizepointerdiff-n95-d16.pbqp,16,7,16,0,false,false,6,2000.0
examples/regalloc/161-instcombine-instcombinerimpl-optimizepointerdiff-n95-d16.pbqp,16,16,1,0,false,false,88,34208.0
examples/regalloc/161-instcombine-instcombinerimpl-optimizepointerdiff-n95-d16.pbqp,16,15,16,0,false,false,1,621.0
examples/regalloc/161-instcombine-instcombinerimpl-optimizepointerdiff-n95-d16.pbqp,16,11,1,0,false,false,2,806.0
examples/regalloc/161-instcombine-instcombinerimpl-optimizepointerdiff-n95-d16.pbqp,12,16,1,0,false,false,1,377.0
examples/regalloc/161-instcombine-instcombinerimpl-optimizepointerdiff-n95-d16.pbqp,12,11,1,0,false,false,1,318.0
examples/regalloc/161-instcombine-instcombinerimpl-optimizepointerdiff-n95-d16.pbqp,12,13,16,0,false,false,1,470.0
examples/regalloc/161-instcombine-instcombinerimpl-optimizepointerdiff-n95-d16.pbqp,13,16,1,0,false,false,1,404.0
examples/regalloc/161-instcombine-instcombinerimpl-optimizepointerdiff-n95-d16.pbqp,13,7,1,0,false,false,12,3063.0
examples/regalloc/161-instcombine-instcombinerimpl-optimizepointerdiff-n95-d16.pbqp,13,11,1,0,false,false,1,365.0
examples/regalloc/161-instcombine-instcombinerimpl-optimizepointerdiff-n95-d16.pbqp,16,11,16,0,false,false,1,535.0
examples/regalloc/161-instcombine-instcombinerimpl-optimizepointerdiff-n95-d16.pbqp,11,7,1,0,false,false,5,1119.0
examples/regalloc/161-instcombine-instcombinerimpl-optimizepointerdiff-n95-d16.pbqp,7,7,16,0,false,false,8,2031.0
examples/regalloc/161-instcombine-instcombinerimpl-optimizepointerdiff-n95-d16.pbqp,7,15,16,0,false,false,3,1007.0
examples/regalloc/161-instcombine-instcombinerimpl-optimizepointerdiff-n95-d16.pbqp,7,14,16,0,false,false,3,1017.0
examples/regalloc/161-instcombine-instcombinerimpl-optimizepointerdiff-n95-d16.pbqp,7,13,16,0,false,false,3,963.0
examples/regalloc/161-instcombine-instcombinerimpl-optimizepointerdiff-n95-d16.pbqp,15,14,16,0,false,false,2,903.0
examples/regalloc/161-instcombine-instcombinerimpl-optimizepointerdiff-n95-d16.pbqp,15,13,16,0,false,false,2,855.0
examples/regalloc/161-instcombine-instcombinerimpl-optimizepointerdiff-n95-d16.pbqp,15,7,16,0,false,false,1,288.0
examples/regalloc/161-instcombine-instcombinerimpl-optimizepointerdiff-n95-d16.pbqp,14,13,16,0,false,false,2,770.0
examples/regalloc/161-instcombine-instcombinerimpl-optimizepointerdiff-n95-d16.pbqp,13,7,16,0,false,false,1,341.0
examples/regalloc/161-instcombine-instcombinerimpl-optimizepointerdiff-n95-d16.pbqp,16,16,16,0,false,true,16,1767.0
examples/regalloc/161-instcombine-instcombinerimpl-optimizepointerdiff-n95-d16.pbqp,16,16,16,0,true,false,1,570.0
examples/regalloc/162-instcombine-instcombinerimpl-createselectinstwit-n10-d15.pbqp,7,13,15,0,false,false,1,227.0
examples/regalloc/162-instcombine-instcombinerimpl-createselectinstwit-n10-d15.pbqp,7,7,1,0,false,false,10,1641.0
examples/regalloc/162-instcombine-instcombinerimpl-createselectinstwit-n10-d15.pbqp,7,7,15,0,false,false,17,3279.0
examples/regalloc/162-instcombine-instcombinerimpl-createselectinstwit-n10-d15.pbqp,7,15,15,0,false,false,6,1460.0
examples/regalloc/162-instcombine-instcombinerimpl-createselectinstwit-n10-d15.pbqp,15,7,1,0,false,true,7,677.0
examples/regalloc/162-instcombine-instcombinerimpl-createselectinstwit-n10-d15.pbqp,15,7,1,2,true,false,1,333.0
examples/regalloc/163-instcombine-instcombinerimpl-createselectinstwit-n9-d16-r1.pbqp,7,13,16,0,false,false,1,226.0
examples/regalloc/163-instcombine-instcombinerimpl-createselectinstwit-n9-d16-r1.pbqp,7,16,16,0,false,false,1,223.0
examples/regalloc/163-instcombine-instcombinerimpl-createselectinstwit-n9-d16-r1.pbqp,7,7,1,0,false,false,3,396.0
examples/regalloc/163-instcombine-instcombinerimpl-createselectinstwit-n9-d16-r1.pbqp,7,7,16,0,false,false,11,1687.0
examples/regalloc/163-instcombine-instcombinerimpl-createselectinstwit-n9-d16-r1.pbqp,7,15,16,0,false,false,4,947.0
examples/regalloc/163-instcombine-instcombinerimpl-createselectinstwit-n9-d16-r1.pbqp,15,7,1,0,false,true,7,598.0
examples/regalloc/163-instcombine-instcombinerimpl-createselectinstwit-n9-d16-r1.pbqp,15,7,1,2,true,false,1,263.0
examples/regalloc/164-instcombine-instcombinerimpl-canonicalizecondsig-n73-d16.pbqp,7,16,16,0,false,true,42,3898.0
examples/regalloc/164-instcombine-instcombinerimpl-canonicalizecondsig-n73-d16.pbqp,14,15,1,0,false,true,7,858.0
examples/regalloc/164-instcombine-instcombinerimpl-canonicalizecondsig-n73-d16.pbqp,7,14,16,0,true,false,1,301.0
examples/regalloc/164-instcombine-instcombinerimpl-canonicalizecondsig-n73-d16.pbqp,14,7,1,0,false,false,7,1596.0
examples/regalloc/164-instcombine-instcombinerimpl-canonicalizecondsig-n73-d16.pbqp,16,7,1,0,false,false,183,49389.0
examples/regalloc/164-instcombine-instcombinerimpl-canonicalizecondsig-n73-d16.pbqp,16,16,16,0,false,false,9,3776.0
examples/regalloc/164-instcombine-instcombinerimpl-canonicalizecondsig-n73-d16.pbqp,16,15,1,0,false,false,8,3244.0
examples/regalloc/164-instcombine-instcombinerimpl-canonicalizecondsig-n73-d16.pbqp,16,16,1,0,false,false,5,2234.0
examples/regalloc/164-instcombine-instcombinerimpl-canonicalizecondsig-n73-d16.pbqp,7,7,1,0,false,false,21,4267.0
examples/regalloc/164-instcombine-instcombinerimpl-canonicalizecondsig-n73-d16.pbqp,15,16,1,0,false,false,2,840.0
examples/regalloc/164-instcombine-instcombinerimpl-canonicalizecondsig-n73-d16.pbqp,15,7,1,0,false,false,30,7507.0
examples/regalloc/164-instcombine-instcombinerimpl-canonicalizecondsig-n73-d16.pbqp,16,15,16,0,false,false,3,1457.0
examples/regalloc/164-instcombine-instcombinerimpl-canonicalizecondsig-n73-d16.pbqp,7,16,16,0,false,false,7,2083.0
examples/regalloc/164-instcombine-instcombinerimpl-canonicalizecondsig-n73-d16.pbqp,16,14,16,0,false,false,1,510.0
examples/regalloc/164-instcombine-instcombinerimpl-canonicalizecondsig-n73-d16.pbqp,15,14,16,0,false,false,1,516.0
examples/regalloc/164-instcombine-instcombinerimpl-canonicalizecondsig-n73-d16.pbqp,13,7,1,0,false,false,6,1302.0
examples/regalloc/164-instcombine-instcombinerimpl-canonicalizecondsig-n73-d16.pbqp,7,7,16,0,false,false,10,2463.0
examples/regalloc/164-instcombine-instcombinerimpl-canonicalizecondsig-n73-d16.pbqp,7,15,16,0,false,false,5,1555.0
examples/regalloc/164-instcombine-instcombinerimpl-canonicalizecondsig-n73-d16.pbqp,7,7,1,0,true,false,1,274.0
examples/regalloc/164-instcombine-instcombinerimpl-canonicalizecondsig-n73-d16.pbqp,16,7,1,0,false,true,15,1364.0
examples/regalloc/164-instcombine-instcombinerimpl-canonicalizecondsig-n73-d16.pbqp,16,15,1,2,true,false,1,733.0
examples/regalloc/165-instcombine-instcombinerimpl-visitadd-n544-d17.pbqp,7,14,17,0,false,true,70,8162.0
examples/regalloc/165-instcombine-instcombinerimpl-visitadd-n544-d17.pbqp,7,16,17,0,false,false,49,16025.0
examples/regalloc/165-instcombine-instcombinerimpl-visitadd-n544-d17.pbqp,13,7,1,0,false,true,29,2665.0
examples/regalloc/165-instcombine-instcombinerimpl-visitadd-n544-d17.pbqp,7,16,17,0,false,true,105,12016.0
examples/regalloc/165-instcombine-instcombinerimpl-visitadd-n544-d17.pbqp,15,16,1,0,false,true,14,2004.0
examples/regalloc/165-instcombine-instcombinerimpl-visitadd-n544-d17.pbqp,7,15,17,0,true,false,2,777.0
examples/regalloc/165-instcombine-instcombinerimpl-visitadd-n544-d17.pbqp,13,14,1,2,true,false,1,830.0
examples/regalloc/165-instcombine-instcombinerimpl-visitadd-n544-d17.pbqp,7,13,17,0,false,true,99,10164.0
examples/regalloc/165-instcombine-instcombinerimpl-visitadd-n544-d17.pbqp,13,15,1,0,false,true,84,10785.0
examples/regalloc/165-instcombine-instcombinerimpl-visitadd-n544-d17.pbqp,13,7,1,0,true,true,14,1633.0
examples/regalloc/165-instcombine-instcombinerimpl-visitadd-n544-d17.pbqp,7,13,1,2,true,false,2,806.0
examples/regalloc/165-instcombine-instcombinerimpl-visitadd-n544-d17.pbqp,13,14,1,0,false,true,85,11203.0
examples/regalloc/165-instcombine-instcombinerimpl-visitadd-n544-d17.pbqp,7,13,17,0,true,false,12,4928.0
examples/regalloc/165-instcombine-instcombinerimpl-visitadd-n544-d17.pbqp,7,15,17,0,false,true,35,4033.0
examples/regalloc/165-instcombine-instcombinerimpl-visitadd-n544-d17.pbqp,13,15,1,0,true,false,1,509.0
examples/regalloc/165-instcombine-instcombinerimpl-visitadd-n544-d17.pbqp,13,14,1,0,true,false,4,1778.0
examples/regalloc/165-instcombine-instcombinerimpl-visitadd-n544-d17.pbqp,7,15,17,0,false,false,15,5821.0
examples/regalloc/165-instcombine-instcombinerimpl-visitadd-n544-d17.pbqp,15,7,1,0,false,true,14,1895.0
examples/regalloc/165-instcombine-instcombinerimpl-visitadd-n544-d17.pbqp,7,15,1,2,true,false,1,319.0
examples/regalloc/165-instcombine-instcombinerimpl-visitadd-n544-d17.pbqp,13,15,1,2,true,false,1,812.0
examples/regalloc/165-instcombine-instcombinerimpl-visitadd-n544-d17.pbqp,15,16,1,0,false,false,3,1969.0
examples/regalloc/165-instcombine-instcombinerimpl-visitadd-n544-d17.pbqp,16,7,1,0,false,false,1597,457818.0
examples/regalloc/165-instcombine-instcombinerimpl-visitadd-n544-d17.pbqp,17,17,17,0,false,false,18,11754.0
examples/regalloc/165-instcombine-instcombinerimpl-visitadd-n544-d17.pbqp,17,17,1,0,false,true,102,13308.0
examples/regalloc/165-instcombine-instcombinerimpl-visitadd-n544-d17.pbqp,17,17,1,0,true,false,6,3877.0
examples/regalloc/165-instcombine-instcombinerimpl-visitadd-n544-d17.pbqp,15,7,1,0,false,false,257,74484.0
examples/regalloc/165-instcombine-instcombinerimpl-visitadd-n544-d17.pbqp,15,14,17,0,false,false,11,5999.0
examples/regalloc/165-instcombine-instcombinerimpl-visitadd-n544-d17.pbqp,15,13,17,0,false,false,11,5658.0
examples/regalloc/165-instcombine-instcombinerimpl-visitadd-n544-d17.pbqp,14,15,1,0,false,false,1,630.0
examples/regalloc/165-instcombine-instcombinerimpl-visitadd-n544-d17.pbqp,14,7,1,0,false,false,182,51975.0
examples/regalloc/165-instcombine-instcombinerimpl-visitadd-n544-d17.pbqp,14,13,17,0,false,false,12,5461.0
examples/regalloc/165-instcombine-instcombinerimpl-visitadd-n544-d17.pbqp,7,15,17,0,true,true,7,958.0
examples/regalloc/165-instcombine-instcombinerimpl-visitadd-n544-d17.pbqp,14,15,17,0,false,false,1,660.0
examples/regalloc/165-instcombine-instcombinerimpl-visitadd-n544-d17.pbqp,16,15,1,0,false,false,3,1914.0
examples/regalloc/165-instcombine-instcombinerimpl-visitadd-n544-d17.pbqp,15,16,17,0,false,false,3,1810.0
examples/regalloc/165-instcombine-instcombinerimpl-visitadd-n544-d17.pbqp,7,7,1,0,false,false,362,82973.0
examples/regalloc/165-instcombine-instcombinerimpl-visitadd-n544-d17.pbqp,7,14,17,0,false,false,6,2442.0
examples/regalloc/165-instcombine-instcombinerimpl-visitadd-n544-d17.pbqp,7,7,1,0,true,false,8,2458.0
examples/regalloc/165-instcombine-instcombinerimpl-visitadd-n544-d17.pbqp,7,7,17,0,false,false,124,37470.0
examples/regalloc/165-instcombine-instcombinerimpl-visitadd-n544-d17.pbqp,7,15,17,2,true,false,1,569.0
examples/regalloc/165-instcombine-instcombinerimpl-visitadd-n544-d17.pbqp,7,13,17,0,false,false,10,3503.0
examples/regalloc/165-instcombine-instcombinerimpl-visitadd-n544-d17.pbqp,16,15,1,0,false,true,7,1048.0
examples/regalloc/165-instcombine-instcombinerimpl-visitadd-n544-d17.pbqp,7,16,17,0,true,false,1,358.0
examples/regalloc/165-instcombine-instcombinerimpl-visitadd-n544-d17.pbqp,14,14,1,0,false,false,1,457.0
examples/regalloc/165-instcombine-instcombinerimpl-visitadd-n544-d17.pbqp,14,13,17,0,false,true,7,968.0
examples/regalloc/165-instcombine-instcombinerimpl-visitadd-n544-d17.pbqp,16,7,17,0,false,false,8,2915.0
examples/regalloc/165-instcombine-instcombinerimpl-visitadd-n544-d17.pbqp,16,16,17,0,false,false,21,11321.0
examples/regalloc/165-instcombine-instcombinerimpl-visitadd-n544-d17.pbqp,13,7,1,0,false,false,73,20763.0
examples/regalloc/165-instcombine-instcombinerimpl-visitadd-n544-d17.pbqp,11,7,1,0,false,false,15,4022.0
examples/regalloc/165-instcombine-instcombinerimpl-visitadd-n544-d17.pbqp,11,13,17,0,false,false,4,1444.0
examples/regalloc/165-instcombine-instcombinerimpl-visitadd-n544-d17.pbqp,15,7,17,0,false,false,3,993.0
examples/regalloc/165-instcombine-instcombinerimpl-visitadd-n544-d17.pbqp,7,7,17,0,false,true,14,1744.0
examples/regalloc/165-instcombine-instcombinerimpl-visitadd-n544-d17.pbqp,7,15,1,0,false,false,1,443.0
examples/regalloc/165-instcombine-instcombinerimpl-visitadd-n544-d17.pbqp,15,15,17,0,false,false,1,580.0
examples/regalloc/165-instcombine-instcombinerimpl-visitadd-n544-d17.pbqp,16,15,17,0,false,false,5,2995.0
examples/regalloc/165-instcombine-instcombinerimpl-visitadd-n544-d17.pbqp,16,14,17,0,false,false,6,3383.0
examples/regalloc/165-instcombine-instcombinerimpl-visitadd-n544-d17.pbqp,12,7,1,0,false,false,60,15952.0
examples/regalloc/165-instcombine-instcombinerimpl-visitadd-n544-d17.pbqp,12,13,1,0,false,false,1,527.0
examples/regalloc/165-instcombine-instcombinerimpl-visitadd-n544-d17.pbqp,14,12,17,0,false,false,6,2952.0
examples/regalloc/165-instcombine-instcombinerimpl-visitadd-n544-d17.pbqp,13,15,1,0,false,false,1,427.0
examples/regalloc/165-instcombine-instcombinerimpl-visitadd-n544-d17.pbqp,13,14,17,0,false,false,1,486.0
examples/regalloc/165-instcombine-instcombinerimpl-visitadd-n544-d17.pbqp,13,11,17,0,false,false,1,500.0
examples/regalloc/165-instcombine-instcombinerimpl-visitadd-n544-d17.pbqp,14,11,17,0,false,false,1,451.0
examples/regalloc/165-instcombine-instcombinerimpl-visitadd-n544-d17.pbqp,16,12,17,0,false,false,2,1298.0
examples/regalloc/165-instcombine-instcombinerimpl-visitadd-n544-d17.pbqp,12,11,17,0,false,false,1,465.0
examples/regalloc/165-instcombine-instcombinerimpl-visitadd-n544-d17.pbqp,12,13,17,0,false,false,1,551.0
examples/regalloc/165-instcombine-instcombinerimpl-visitadd-n544-d17.pbqp,14,7,17,0,false,false,4,1496.0
examples/regalloc/165-instcombine-instcombinerimpl-visitadd-n544-d17.pbqp,13,14,1,0,false,false,2,916.0
examples/regalloc/165-instcombine-instcombinerimpl-visitadd-n544-d17.pbqp,14,7,1,0,true,false,1,234.0
examples/regalloc/165-instcombine-instcombinerimpl-visitadd-n544-d17.pbqp,16,16,1,0,false,false,39,21111.0
examples/regalloc/165-instcombine-instcombinerimpl-visitadd-n544-d17.pbqp,7,12,17,0,false,false,2,666.0
examples/regalloc/165-instcombine-instcombinerimpl-visitadd-n544-d17.pbqp,13,12,17,0,false,false,4,1800.0
examples/regalloc/165-instcombine-instcombinerimpl-visitadd-n544-d17.pbqp,7,12,17,0,false,true,7,793.0
examples/regalloc/165-instcombine-instcombinerimpl-visitadd-n544-d17.pbqp,16,13,17,0,false,false,3,1495.0
examples/regalloc/165-instcombine-instcombinerimpl-visitadd-n544-d17.pbqp,15,14,1,0,false,false,1,567.0
examples/regalloc/165-instcombine-instcombinerimpl-visitadd-n544-d17.pbqp,15,12,17,0,false,false,2,925.0
examples/regalloc/165-instcombine-instcombinerimpl-visitadd-n544-d17.pbqp,12,14,1,0,false,false,1,411.0
examples/regalloc/165-instcombine-instcombinerimpl-visitadd-n544-d17.pbqp,12,7,17,0,false,false,1,417.0
examples/regalloc/165-instcombine-instcombinerimpl-visitadd-n544-d17.pbqp,14,16,17,0,false,false,2,878.0
examples/regalloc/165-instcombine-instcombinerimpl-visitadd-n544-d17.pbqp,16,13,1,0,false,false,1,628.0
examples/regalloc/165-instcombine-instcombinerimpl-visitadd-n544-d17.pbqp,13,16,1,0,false,false,1,446.0
examples/regalloc/165-instcombine-instcombinerimpl-visitadd-n544-d17.pbqp,7,7,1,2,true,false,1,549.0
examples/regalloc/165-instcombine-instcombinerimpl-visitadd-n544-d17.pbqp,7,7,17,0,true,false,4,1185.0
examples/regalloc/165-instcombine-instcombinerimpl-visitadd-n544-d17.pbqp,7,7,17,2,true,false,2,1053.0
examples/regalloc/165-instcombine-instcombinerimpl-visitadd-n544-d17.pbqp,7,7,1,0,false,true,7,867.0
examples/regalloc/166-instcombine-instcombinerimpl-visitadd-n657-d17-r1.pbqp,7,14,17,0,false,true,77,8590.0
examples/regalloc/166-instcombine-instcombinerimpl-visitadd-n657-d17-r1.pbqp,7,16,17,0,false,false,67,22195.0
examples/regalloc/166-instcombine-instcombinerimpl-visitadd-n657-d17-r1.pbqp,13,7,1,0,false,true,29,2424.0
examples/regalloc/166-instcombine-instcombinerimpl-visitadd-n657-d17-r1.pbqp,7,16,17,0,false,true,127,13300.0
examples/regalloc/166-instcombine-instcombinerimpl-visitadd-n657-d17-r1.pbqp,15,16,1,0,false,true,14,1933.0
examples/regalloc/166-instcombine-instcombinerimpl-visitadd-n657-d17-r1.pbqp,7,15,17,0,true,false,2,798.0
examples/regalloc/166-instcombine-instcombinerimpl-visitadd-n657-d17-r1.pbqp,13,14,1,2,true,false,1,800.0
examples/regalloc/166-instcombine-instcombinerimpl-visitadd-n657-d17-r1.pbqp,7,13,17,0,false,false,12,3858.0
examples/regalloc/166-instcombine-instcombinerimpl-visitadd-n657-d17-r1.pbqp,13,15,1,0,false,true,84,10199.0
examples/regalloc/166-instcombine-instcombinerimpl-visitadd-n657-d17-r1.pbqp,13,7,1,0,true,true,21,2392.0
examples/regalloc/166-instcombine-instcombinerimpl-visitadd-n657-d17-r1.pbqp,7,13,1,2,true,false,3,1060.0
examples/regalloc/166-instcombine-instcombinerimpl-visitadd-n657-d17-r1.pbqp,13,14,1,0,false,true,92,11335.0
examples/regalloc/166-instcombine-instcombinerimpl-visitadd-n657-d17-r1.pbqp,7,13,17,0,true,false,12,4800.0
examples/regalloc/166-instcombine-instcombinerimpl-visitadd-n657-d17-r1.pbqp,13,14,1,0,false,false,3,1315.0
examples/regalloc/166-instcombine-instcombinerimpl-visitadd-n657-d17-r1.pbqp,7,15,17,0,false,true,42,4526.0
examples/regalloc/166-instcombine-instcombinerimpl-visitadd-n657-d17-r1.pbqp,13,15,1,0,true,false,1,483.0
examples/regalloc/166-instcombine-instcombinerimpl-visitadd-n657-d17-r1.pbqp,13,14,1,0,true,false,4,1811.0
examples/regalloc/166-instcombine-instcombinerimpl-visitadd-n657-d17-r1.pbqp,7,13,17,0,false,true,70,6991.0
examples/regalloc/166-instcombine-instcombinerimpl-visitadd-n657-d17-r1.pbqp,7,15,17,0,false,false,15,5474.0
examples/regalloc/166-instcombine-instcombinerimpl-visitadd-n657-d17-r1.pbqp,15,7,1,0,false,true,14,1846.0
examples/regalloc/166-instcombine-instcombinerimpl-visitadd-n657-d17-r1.pbqp,7,15,1,2,true,false,1,308.0
examples/regalloc/166-instcombine-instcombinerimpl-visitadd-n657-d17-r1.pbqp,13,15,1,2,true,false,1,777.0
examples/regalloc/166-instcombine-instcombinerimpl-visitadd-n657-d17-r1.pbqp,15,16,1,0,false,false,3,1882.0
examples/regalloc/166-instcombine-instcombinerimpl-visitadd-n657-d17-r1.pbqp,16,7,1,0,false,false,1519,435578.0
examples/regalloc/166-instcombine-instcombinerimpl-visitadd-n657-d17-r1.pbqp,17,17,17,0,false,false,18,10753.0
examples/regalloc/166-instcombine-instcombinerimpl-visitadd-n657-d17-r1.pbqp,17,17,1,0,false,true,102,13096.0
examples/regalloc/166-instcombine-instcombinerimpl-visitadd-n657-d17-r1.pbqp,17,17,1,0,true,false,6,3620.0
examples/regalloc/166-instcombine-instcombinerimpl-visitadd-n657-d17-r1.pbqp,15,7,1,0,false,false,172,51231.0
examples/regalloc/166-instcombine-instcombinerimpl-visitadd-n657-d17-r1.pbqp,15,14,17,0,false,false,12,6102.0
examples/regalloc/166-instcombine-instcombinerimpl-visitadd-n657-d17-r1.pbqp,15,13,17,0,false,false,12,5899.0
examples/regalloc/166-instcombine-instcombinerimpl-visitadd-n657-d17-r1.pbqp,15,7,1,0,true,false,1,371.0
examples/regalloc/166-instcombine-instcombinerimpl-visitadd-n657-d17-r1.pbqp,13,7,1,0,false,false,57,15573.0
examples/regalloc/166-instcombine-instcombinerimpl-visitadd-n657-d17-r1.pbqp,13,15,1,0,false,false,1,467.0
examples/regalloc/166-instcombine-instcombinerimpl-visitadd-n657-d17-r1.pbqp,7,7,1,0,false,false,136,33987.0
examples/regalloc/166-instcombine-instcombinerimpl-visitadd-n657-d17-r1.pbqp,7,7,17,0,false,false,21,6502.0
examples/regalloc/166-instcombine-instcombinerimpl-visitadd-n657-d17-r1.pbqp,7,15,1,0,false,true,7,824.0
examples/regalloc/166-instcombine-instcombinerimpl-visitadd-n657-d17-r1.pbqp,7,7,17,0,true,false,4,1268.0
examples/regalloc/166-instcombine-instcombinerimpl-visitadd-n657-d17-r1.pbqp,14,7,1,0,false,false,107,30748.0
examples/regalloc/166-instcombine-instcombinerimpl-visitadd-n657-d17-r1.pbqp,14,15,17,0,false,false,3,1693.0
examples/regalloc/166-instcombine-instcombinerimpl-visitadd-n657-d17-r1.pbqp,14,13,17,0,false,false,10,4273.0
examples/regalloc/166-instcombine-instcombinerimpl-visitadd-n657-d17-r1.pbqp,16,15,1,0,false,false,3,1876.0
examples/regalloc/166-instcombine-instcombinerimpl-visitadd-n657-d17-r1.pbqp,15,16,17,0,false,false,3,1875.0
examples/regalloc/166-instcombine-instcombinerimpl-visitadd-n657-d17-r1.pbqp,7,14,17,0,false,false,6,2441.0
examples/regalloc/166-instcombine-instcombinerimpl-visitadd-n657-d17-r1.pbqp,7,7,1,0,true,false,6,1976.0
examples/regalloc/166-instcombine-instcombinerimpl-visitadd-n657-d17-r1.pbqp,7,15,17,2,true,false,1,524.0
examples/regalloc/166-instcombine-instcombinerimpl-visitadd-n657-d17-r1.pbqp,16,15,1,0,false,true,7,1050.0
examples/regalloc/166-instcombine-instcombinerimpl-visitadd-n657-d17-r1.pbqp,7,16,17,0,true,false,1,345.0
examples/regalloc/166-instcombine-instcombinerimpl-visitadd-n657-d17-r1.pbqp,14,14,1,0,false,false,1,487.0
examples/regalloc/166-instcombine-instcombinerimpl-visitadd-n657-d17-r1.pbqp,14,13,17,0,false,true,7,1012.0
examples/regalloc/166-instcombine-instcombinerimpl-visitadd-n657-d17-r1.pbqp,16,7,17,0,false,false,6,2259.0
examples/regalloc/166-instcombine-instcombinerimpl-visitadd-n657-d17-r1.pbqp,16,16,17,0,false,false,22,11689.0
examples/regalloc/166-instcombine-instcombinerimpl-visitadd-n657-d17-r1.pbqp,14,7,17,0,false,false,4,1492.0
examples/regalloc/166-instcombine-instcombinerimpl-visitadd-n657-d17-r1.pbqp,11,7,1,0,false,false,15,3910.0
examples/regalloc/166-instcombine-instcombinerimpl-visitadd-n657-d17-r1.pbqp,11,13,17,0,false,false,4,1532.0
examples/regalloc/166-instcombine-instcombinerimpl-visitadd-n657-d17-r1.pbqp,16,14,17,0,false,false,6,3348.0
examples/regalloc/166-instcombine-instcombinerimpl-visitadd-n657-d17-r1.pbqp,14,7,1,0,true,false,1,271.0
examples/regalloc/166-instcombine-instcombinerimpl-visitadd-n657-d17-r1.pbqp,7,15,1,0,false,false,1,430.0
examples/regalloc/166-instcombine-instcombinerimpl-visitadd-n657-d17-r1.pbqp,15,15,17,0,false,false,1,591.0
examples/regalloc/166-instcombine-instcombinerimpl-visitadd-n657-d17-r1.pbqp,16,15,17,0,false,false,5,2941.0
examples/regalloc/166-instcombine-instcombinerimpl-visitadd-n657-d17-r1.pbqp,16,13,17,0,false,false,3,1517.0
examples/regalloc/166-instcombine-instcombinerimpl-visitadd-n657-d17-r1.pbqp,13,12,17,0,false,false,4,1758.0
examples/regalloc/166-instcombine-instcombinerimpl-visitadd-n657-d17-r1.pbqp,12,7,1,0,false,false,37,9376.0
examples/regalloc/166-instcombine-instcombinerimpl-visitadd-n657-d17-r1.pbqp,12,13,1,0,false,false,1,468.0
examples/regalloc/166-instcombine-instcombinerimpl-visitadd-n657-d17-r1.pbqp,14,12,17,0,false,false,6,2809.0
examples/regalloc/166-instcombine-instcombinerimpl-visitadd-n657-d17-r1.pbqp,16,16,1,0,false,false,41,21032.0
examples/regalloc/166-instcombine-instcombinerimpl-visitadd-n657-d17-r1.pbqp,12,7,17,0,false,false,1,345.0
examples/regalloc/166-instcombine-instcombinerimpl-visitadd-n657-d17-r1.pbqp,7,12,17,0,false,false,3,1042.0
examples/regalloc/166-instcombine-instcombinerimpl-visitadd-n657-d17-r1.pbqp,13,14,17,0,false,false,1,490.0
examples/regalloc/166-instcombine-instcombinerimpl-visitadd-n657-d17-r1.pbqp,13,11,17,0,false,false,1,499.0
examples/regalloc/166-instcombine-instcombinerimpl-visitadd-n657-d17-r1.pbqp,14,11,17,0,false,false,1,406.0
examples/regalloc/166-instcombine-instcombinerimpl-visitadd-n657-d17-r1.pbqp,16,12,17,0,false,false,2,1057.0
examples/regalloc/166-instcombine-instcombinerimpl-visitadd-n657-d17-r1.pbqp,12,11,17,0,false,false,1,413.0
examples/regalloc/166-instcombine-instcombinerimpl-visitadd-n657-d17-r1.pbqp,12,13,17,0,false,false,1,492.0
examples/regalloc/166-instcombine-instcombinerimpl-visitadd-n657-d17-r1.pbqp,7,7,17,0,false,true,7,900.0
examples/regalloc/166-instcombine-instcombinerimpl-visitadd-n657-d17-r1.pbqp,7,12,17,0,false,true,7,832.0
examples/regalloc/166-instcombine-instcombinerimpl-visitadd-n657-d17-r1.pbqp,15,7,17,0,false,false,2,657.0
examples/regalloc/166-instcombine-instcombinerimpl-visitadd-n657-d17-r1.pbqp,16,13,1,0,false,false,2,1185.0
examples/regalloc/166-instcombine-instcombinerimpl-visitadd-n657-d17-r1.pbqp,15,14,1,0,false,false,1,581.0
examples/regalloc/166-instcombine-instcombinerimpl-visitadd-n657-d17-r1.pbqp,15,12,17,0,false,false,2,914.0
examples/regalloc/166-instcombine-instcombinerimpl-visitadd-n657-d17-r1.pbqp,12,14,1,0,false,false,1,406.0
examples/regalloc/166-instcombine-instcombinerimpl-visitadd-n657-d17-r1.pbqp,16,14,1,0,false,false,2,1241.0
examples/regalloc/166-instcombine-instcombinerimpl-visitadd-n657-d17-r1.pbqp,14,16,17,0,false,false,2,794.0
examples/regalloc/166-instcombine-instcombinerimpl-visitadd-n657-d17-r1.pbqp,13,16,1,0,false,false,1,431.0
examples/regalloc/166-instcombine-instcombinerimpl-visitadd-n657-d17-r1.pbqp,7,7,1,2,true,false,1,538.0
examples/regalloc/166-instcombine-instcombinerimpl-visitadd-n657-d17-r1.pbqp,16,16,17,0,false,true,16,2290.0
examples/regalloc/166-instcombine-instcombinerimpl-visitadd-n657-d17-r1.pbqp,16,16,1,0,true,false,1,584.0
examples/regalloc/167-instcombine-instcombinerimpl-visitsub-n895-d17.pbqp,7,14,17,0,false,true,98,12341.0
examples/regalloc/167-instcombine-instcombinerimpl-visitsub-n895-d17.pbqp,7,16,17,0,false,true,93,10342.0
examples/regalloc/167-instcombine-instcombinerimpl-visitsub-n895-d17.pbqp,7,15,17,0,false,true,56,6341.0
examples/regalloc/167-instcombine-instcombinerimpl-visitsub-n895-d17.pbqp,7,16,17,0,false,false,67,25092.0
examples/regalloc/167-instcombine-instcombinerimpl-visitsub-n895-d17.pbqp,15,16,1,0,false,true,7,1091.0
examples/regalloc/167-instcombine-instcombinerimpl-visitsub-n895-d17.pbqp,7,15,17,0,true,false,3,1281.0
examples/regalloc/167-instcombine-instcombinerimpl-visitsub-n895-d17.pbqp,13,7,1,0,false,true,28,2678.0
examples/regalloc/167-instcombine-instcombinerimpl-visitsub-n895-d17.pbqp,13,14,1,2,true,false,2,1709.0
examples/regalloc/167-instcombine-instcombinerimpl-visitsub-n895-d17.pbqp,7,7,17,0,true,true,14,1997.0
examples/regalloc/167-instcombine-instcombinerimpl-visitsub-n895-d17.pbqp,7,15,17,0,false,false,17,7048.0
examples/regalloc/167-instcombine-instcombinerimpl-visitsub-n895-d17.pbqp,13,15,1,0,false,true,49,5974.0
examples/regalloc/167-instcombine-instcombinerimpl-visitsub-n895-d17.pbqp,7,13,17,0,true,false,10,4411.0
examples/regalloc/167-instcombine-instcombinerimpl-visitsub-n895-d17.pbqp,13,14,1,0,false,true,108,13760.0
examples/regalloc/167-instcombine-instcombinerimpl-visitsub-n895-d17.pbqp,13,7,1,0,true,true,14,1734.0
examples/regalloc/167-instcombine-instcombinerimpl-visitsub-n895-d17.pbqp,7,13,1,2,true,false,2,851.0
examples/regalloc/167-instcombine-instcombinerimpl-visitsub-n895-d17.pbqp,17,17,1,0,false,false,1,894.0
examples/regalloc/167-instcombine-instcombinerimpl-visitsub-n895-d17.pbqp,16,15,17,0,false,false,46,24336.0
examples/regalloc/167-instcombine-instcombinerimpl-visitsub-n895-d17.pbqp,14,13,17,0,false,true,60,6853.0
examples/regalloc/167-instcombine-instcombinerimpl-visitsub-n895-d17.pbqp,15,16,1,0,false,false,35,18873.0
examples/regalloc/167-instcombine-instcombinerimpl-visitsub-n895-d17.pbqp,14,15,1,0,false,true,28,3697.0
examples/regalloc/167-instcombine-instcombinerimpl-visitsub-n895-d17.pbqp,7,14,17,0,true,false,4,1707.0
examples/regalloc/167-instcombine-instcombinerimpl-visitsub-n895-d17.pbqp,13,14,1,0,true,false,3,1440.0
examples/regalloc/167-instcombine-instcombinerimpl-visitsub-n895-d17.pbqp,13,15,1,0,true,false,1,379.0
examples/regalloc/167-instcombine-instcombinerimpl-visitsub-n895-d17.pbqp,13,11,1,0,false,true,14,1945.0
examples/regalloc/167-instcombine-instcombinerimpl-visitsub-n895-d17.pbqp,15,13,17,0,true,false,2,1376.0
examples/regalloc/167-instcombine-instcombinerimpl-visitsub-n895-d17.pbqp,14,16,1,0,false,true,7,1123.0
examples/regalloc/167-instcombine-instcombinerimpl-visitsub-n895-d17.pbqp,15,14,1,0,false,true,7,1135.0
examples/regalloc/167-instcombine-instcombinerimpl-visitsub-n895-d17.pbqp,16,7,1,0,false,false,3112,903619.0
examples/regalloc/167-instcombine-instcombinerimpl-visitsub-n895-d17.pbqp,16,16,17,0,false,false,78,40277.0
examples/regalloc/167-instcombine-instcombinerimpl-visitsub-n895-d17.pbqp,16,15,1,0,false,false,65,35150.0
examples/regalloc/167-instcombine-instcombinerimpl-visitsub-n895-d17.pbqp,17,17,17,0,false,false,6,4690.0
examples/regalloc/167-instcombine-instcombinerimpl-visitsub-n895-d17.pbqp,17,17,1,0,false,true,34,5317.0
examples/regalloc/167-instcombine-instcombinerimpl-visitsub-n895-d17.pbqp,17,17,1,0,true,false,2,1734.0
examples/regalloc/167-instcombine-instcombinerimpl-visitsub-n895-d17.pbqp,15,14,1,0,false,false,2,1229.0
examples/regalloc/167-instcombine-instcombinerimpl-visitsub-n895-d17.pbqp,15,7,1,0,false,false,768,233013.0
examples/regalloc/167-instcombine-instcombinerimpl-visitsub-n895-d17.pbqp,15,13,17,0,false,false,13,6975.0
examples/regalloc/167-instcombine-instcombinerimpl-visitsub-n895-d17.pbqp,7,13,17,0,false,true,63,7067.0
examples/regalloc/167-instcombine-instcombinerimpl-visitsub-n895-d17.pbqp,7,14,17,0,true,true,7,927.0
examples/regalloc/167-instcombine-instcombinerimpl-visitsub-n895-d17.pbqp,15,14,17,0,false,false,29,17313.0
examples/regalloc/167-instcombine-instcombinerimpl-visitsub-n895-d17.pbqp,7,7,17,2,true,true,7,1366.0
examples/regalloc/167-instcombine-instcombinerimpl-visitsub-n895-d17.pbqp,13,7,1,0,false,false,149,41973.0
examples/regalloc/167-instcombine-instcombinerimpl-visitsub-n895-d17.pbqp,13,15,1,0,false,false,6,3920.0
examples/regalloc/167-instcombine-instcombinerimpl-visitsub-n895-d17.pbqp,13,14,1,0,false,false,9,3913.0
examples/regalloc/167-instcombine-instcombinerimpl-visitsub-n895-d17.pbqp,14,7,1,0,false,false,382,111765.0
examples/regalloc/167-instcombine-instcombinerimpl-visitsub-n895-d17.pbqp,14,13,17,0,false,false,22,10621.0
examples/regalloc/167-instcombine-instcombinerimpl-visitsub-n895-d17.pbqp,7,7,1,0,true,true,14,1584.0
examples/regalloc/167-instcombine-instcombinerimpl-visitsub-n895-d17.pbqp,14,15,1,0,false,false,3,1525.0
examples/regalloc/167-instcombine-instcombinerimpl-visitsub-n895-d17.pbqp,15,13,17,0,false,true,7,1075.0
examples/regalloc/167-instcombine-instcombinerimpl-visitsub-n895-d17.pbqp,7,7,1,0,true,false,9,2877.0
examples/regalloc/167-instcombine-instcombinerimpl-visitsub-n895-d17.pbqp,7,14,17,0,false,false,13,5091.0
examples/regalloc/167-instcombine-instcombinerimpl-visitsub-n895-d17.pbqp,7,13,17,0,false,false,12,4314.0
examples/regalloc/167-instcombine-instcombinerimpl-visitsub-n895-d17.pbqp,16,16,1,0,false,false,167,82612.0
examples/regalloc/167-instcombine-instcombinerimpl-visitsub-n895-d17.pbqp,16,14,17,0,false,false,10,5856.0
examples/regalloc/167-instcombine-instcombinerimpl-visitsub-n895-d17.pbqp,14,16,1,0,false,false,22,10261.0
examples/regalloc/167-instcombine-instcombinerimpl-visitsub-n895-d17.pbqp,7,7,1,0,false,false,372,93007.0
examples/regalloc/167-instcombine-instcombinerimpl-visitsub-n895-d17.pbqp,7,7,17,0,false,false,81,28816.0
examples/regalloc/167-instcombine-instcombinerimpl-visitsub-n895-d17.pbqp,7,7,17,0,false,true,35,4289.0
examples/regalloc/167-instcombine-instcombinerimpl-visitsub-n895-d17.pbqp,15,16,17,0,false,false,28,15124.0
examples/regalloc/167-instcombine-instcombinerimpl-visitsub-n895-d17.pbqp,14,12,17,0,false,false,11,5617.0
examples/regalloc/167-instcombine-instcombinerimpl-visitsub-n895-d17.pbqp,13,12,17,0,false,false,9,4059.0
examples/regalloc/167-instcombine-instcombinerimpl-visitsub-n895-d17.pbqp,7,12,17,0,false,true,35,3951.0
examples/regalloc/167-instcombine-instcombinerimpl-visitsub-n895-d17.pbqp,11,7,1,0,false,false,21,6264.0
examples/regalloc/167-instcombine-instcombinerimpl-visitsub-n895-d17.pbqp,11,13,17,0,false,false,6,2439.0
examples/regalloc/167-instcombine-instcombinerimpl-visitsub-n895-d17.pbqp,16,7,17,0,false,false,13,5120.0
examples/regalloc/167-instcombine-instcombinerimpl-visitsub-n895-d17.pbqp,13,14,17,0,false,false,1,529.0
examples/regalloc/167-instcombine-instcombinerimpl-visitsub-n895-d17.pbqp,12,7,1,0,false,false,76,21046.0
examples/regalloc/167-instcombine-instcombinerimpl-visitsub-n895-d17.pbqp,16,15,1,0,false,true,7,1235.0
examples/regalloc/167-instcombine-instcombinerimpl-visitsub-n895-d17.pbqp,7,16,17,0,true,false,1,383.0
examples/regalloc/167-instcombine-instcombinerimpl-visitsub-n895-d17.pbqp,14,15,17,0,false,false,5,2853.0
examples/regalloc/167-instcombine-instcombinerimpl-visitsub-n895-d17.pbqp,15,12,17,0,false,false,7,3938.0
examples/regalloc/167-instcombine-instcombinerimpl-visitsub-n895-d17.pbqp,15,7,17,0,false,false,9,3295.0
examples/regalloc/167-instcombine-instcombinerimpl-visitsub-n895-d17.pbqp,14,7,17,0,false,false,7,2528.0
examples/regalloc/167-instcombine-instcombinerimpl-visitsub-n895-d17.pbqp,12,7,17,0,false,false,1,393.0
examples/regalloc/167-instcombine-instcombinerimpl-visitsub-n895-d17.pbqp,7,12,17,0,false,false,8,2807.0
examples/regalloc/167-instcombine-instcombinerimpl-visitsub-n895-d17.pbqp,16,14,1,0,false,false,55,25660.0
examples/regalloc/167-instcombine-instcombinerimpl-visitsub-n895-d17.pbqp,16,13,17,0,false,false,1,614.0
examples/regalloc/167-instcombine-instcombinerimpl-visitsub-n895-d17.pbqp,12,14,1,0,false,false,3,1351.0
examples/regalloc/167-instcombine-instcombinerimpl-visitsub-n895-d17.pbqp,12,13,1,0,false,false,1,542.0
examples/regalloc/167-instcombine-instcombinerimpl-visitsub-n895-d17.pbqp,7,11,17,0,false,false,3,1216.0
examples/regalloc/167-instcombine-instcombinerimpl-visitsub-n895-d17.pbqp,13,11,17,0,false,false,1,439.0
examples/regalloc/167-instcombine-instcombinerimpl-visitsub-n895-d17.pbqp,7,15,1,0,false,false,1,489.0
examples/regalloc/167-instcombine-instcombinerimpl-visitsub-n895-d17.pbqp,7,14,1,0,false,false,3,981.0
examples/regalloc/167-instcombine-instcombinerimpl-visitsub-n895-d17.pbqp,13,13,17,0,false,false,1,452.0
examples/regalloc/167-instcombine-instcombinerimpl-visitsub-n895-d17.pbqp,12,13,17,0,false,false,1,545.0
examples/regalloc/167-instcombine-instcombinerimpl-visitsub-n895-d17.pbqp,14,16,17,0,false,false,16,7890.0
examples/regalloc/167-instcombine-instcombinerimpl-visitsub-n895-d17.pbqp,15,15,1,0,false,false,1,687.0
examples/regalloc/167-instcombine-instcombinerimpl-visitsub-n895-d17.pbqp,7,16,1,0,false,false,3,1328.0
examples/regalloc/167-instcombine-instcombinerimpl-visitsub-n895-d17.pbqp,12,16,17,0,false,false,2,800.0
examples/regalloc/167-instcombine-instcombinerimpl-visitsub-n895-d17.pbqp,15,15,17,0,false,false,1,606.0
examples/regalloc/167-instcombine-instcombinerimpl-visitsub-n895-d17.pbqp,14,14,17,0,false,false,1,489.0
examples/regalloc/167-instcombine-instcombinerimpl-visitsub-n895-d17.pbqp,15,14,17,0,true,false,4,2130.0
examples/regalloc/167-instcombine-instcombinerimpl-visitsub-n895-d17.pbqp,7,7,1,2,true,false,2,1294.0
examples/regalloc/167-instcombine-instcombinerimpl-visitsub-n895-d17.pbqp,7,7,17,2,true,false,1,531.0
examples/regalloc/167-instcombine-instcombinerimpl-visitsub-n895-d17.pbqp,7,16,17,2,true,false,1,926.0
examples/regalloc/168-instcombine-instcombinerimpl-visitsub-n966-d17-r1.pbqp,7,14,17,0,false,true,98,10972.0
examples/regalloc/168-instcombine-instcombinerimpl-visitsub-n966-d17-r1.pbqp,7,16,17,0,false,true,149,15839.0
examples/regalloc/168-instcombine-instcombinerimpl-visitsub-n966-d17-r1.pbqp,7,15,17,0,false,true,56,6178.0
examples/regalloc/168-instcombine-instcombinerimpl-visitsub-n966-d17-r1.pbqp,7,16,17,0,false,false,42,17681.0
examples/regalloc/168-instcombine-instcombinerimpl-visitsub-n966-d17-r1.pbqp,15,16,1,0,false,true,7,1026.0
examples/regalloc/168-instcombine-instcombinerimpl-visitsub-n966-d17-r1.pbqp,7,15,17,0,true,false,3,1300.0
examples/regalloc/168-instcombine-instcombinerimpl-visitsub-n966-d17-r1.pbqp,13,7,1,0,false,true,28,2659.0
examples/regalloc/168-instcombine-instcombinerimpl-visitsub-n966-d17-r1.pbqp,13,14,1,2,true,false,2,1526.0
examples/regalloc/168-instcombine-instcombinerimpl-visitsub-n966-d17-r1.pbqp,7,7,17,0,true,true,14,1792.0
examples/regalloc/168-instcombine-instcombinerimpl-visitsub-n966-d17-r1.pbqp,7,15,17,0,false,false,16,6884.0
examples/regalloc/168-instcombine-instcombinerimpl-visitsub-n966-d17-r1.pbqp,13,15,1,0,false,true,49,5668.0
examples/regalloc/168-instcombine-instcombinerimpl-visitsub-n966-d17-r1.pbqp,7,13,17,0,true,false,10,4036.0
examples/regalloc/168-instcombine-instcombinerimpl-visitsub-n966-d17-r1.pbqp,13,14,1,0,false,true,108,13405.0
examples/regalloc/168-instcombine-instcombinerimpl-visitsub-n966-d17-r1.pbqp,13,7,1,0,true,true,14,1674.0
examples/regalloc/168-instcombine-instcombinerimpl-visitsub-n966-d17-r1.pbqp,7,13,1,2,true,false,2,775.0
examples/regalloc/168-instcombine-instcombinerimpl-visitsub-n966-d17-r1.pbqp,17,17,1,0,false,false,1,884.0
examples/regalloc/168-instcombine-instcombinerimpl-visitsub-n966-d17-r1.pbqp,16,15,17,0,false,false,34,18777.0
examples/regalloc/168-instcombine-instcombinerimpl-visitsub-n966-d17-r1.pbqp,14,13,17,0,false,true,60,6453.0
examples/regalloc/168-instcombine-instcombinerimpl-visitsub-n966-d17-r1.pbqp,15,16,1,0,false,false,47,24228.0
examples/regalloc/168-instcombine-instcombinerimpl-visitsub-n966-d17-r1.pbqp,14,15,1,0,false,true,28,3465.0
examples/regalloc/168-instcombine-instcombinerimpl-visitsub-n966-d17-r1.pbqp,7,14,17,0,true,false,4,1529.0
examples/regalloc/168-instcombine-instcombinerimpl-visitsub-n966-d17-r1.pbqp,13,14,1,0,true,false,3,1345.0
examples/regalloc/168-instcombine-instcombinerimpl-visitsub-n966-d17-r1.pbqp,13,15,1,0,true,false,1,359.0
examples/regalloc/168-instcombine-instcombinerimpl-visitsub-n966-d17-r1.pbqp,13,11,1,0,false,true,14,1994.0
examples/regalloc/168-instcombine-instcombinerimpl-visitsub-n966-d17-r1.pbqp,15,13,17,0,true,false,2,1333.0
examples/regalloc/168-instcombine-instcombinerimpl-visitsub-n966-d17-r1.pbqp,14,16,1,0,false,true,7,997.0
examples/regalloc/168-instcombine-instcombinerimpl-visitsub-n966-d17-r1.pbqp,15,14,1,0,false,true,7,1058.0
examples/regalloc/168-instcombine-instcombinerimpl-visitsub-n966-d17-r1.pbqp,16,7,1,0,false,false,1928,580967.0
examples/regalloc/168-instcombine-instcombinerimpl-visitsub-n966-d17-r1.pbqp,16,16,17,0,false,false,112,56752.0
examples/regalloc/168-instcombine-instcombinerimpl-visitsub-n966-d17-r1.pbqp,16,15,1,0,false,false,84,40167.0
examples/regalloc/168-instcombine-instcombinerimpl-visitsub-n966-d17-r1.pbqp,17,17,17,0,false,false,6,4710.0
examples/regalloc/168-instcombine-instcombinerimpl-visitsub-n966-d17-r1.pbqp,17,17,1,0,false,true,34,5398.0
examples/regalloc/168-instcombine-instcombinerimpl-visitsub-n966-d17-r1.pbqp,17,17,1,0,true,false,2,1682.0
examples/regalloc/168-instcombine-instcombinerimpl-visitsub-n966-d17-r1.pbqp,15,14,1,0,false,false,2,1153.0
examples/regalloc/168-instcombine-instcombinerimpl-visitsub-n966-d17-r1.pbqp,15,7,1,0,false,false,398,117336.0
examples/regalloc/168-instcombine-instcombinerimpl-visitsub-n966-d17-r1.pbqp,15,13,17,0,false,false,13,7220.0
examples/regalloc/168-instcombine-instcombinerimpl-visitsub-n966-d17-r1.pbqp,7,13,17,0,false,true,63,6389.0
examples/regalloc/168-instcombine-instcombinerimpl-visitsub-n966-d17-r1.pbqp,7,14,17,0,true,true,7,847.0
examples/regalloc/168-instcombine-instcombinerimpl-visitsub-n966-d17-r1.pbqp,15,14,17,0,false,false,29,16225.0
examples/regalloc/168-instcombine-instcombinerimpl-visitsub-n966-d17-r1.pbqp,7,7,17,2,true,true,7,1267.0
examples/regalloc/168-instcombine-instcombinerimpl-visitsub-n966-d17-r1.pbqp,13,7,1,0,false,false,109,32791.0
examples/regalloc/168-instcombine-instcombinerimpl-visitsub-n966-d17-r1.pbqp,13,15,1,0,false,false,6,2898.0
examples/regalloc/168-instcombine-instcombinerimpl-visitsub-n966-d17-r1.pbqp,13,14,1,0,false,false,7,2987.0
examples/regalloc/168-instcombine-instcombinerimpl-visitsub-n966-d17-r1.pbqp,14,7,1,0,false,false,216,67218.0
examples/regalloc/168-instcombine-instcombinerimpl-visitsub-n966-d17-r1.pbqp,14,13,17,0,false,false,24,12034.0
examples/regalloc/168-instcombine-instcombinerimpl-visitsub-n966-d17-r1.pbqp,7,7,1,0,true,true,14,1578.0
examples/regalloc/168-instcombine-instcombinerimpl-visitsub-n966-d17-r1.pbqp,14,15,1,0,false,false,3,1374.0
examples/regalloc/168-instcombine-instcombinerimpl-visitsub-n966-d17-r1.pbqp,15,13,17,0,false,true,7,1037.0
examples/regalloc/168-instcombine-instcombinerimpl-visitsub-n966-d17-r1.pbqp,7,7,1,0,true,false,11,2807.0
examples/regalloc/168-instcombine-instcombinerimpl-visitsub-n966-d17-r1.pbqp,7,14,17,0,false,false,13,5318.0
examples/regalloc/168-instcombine-instcombinerimpl-visitsub-n966-d17-r1.pbqp,7,13,17,0,false,false,11,4465.0
examples/regalloc/168-instcombine-instcombinerimpl-visitsub-n966-d17-r1.pbqp,16,16,1,0,false,false,180,89056.0
examples/regalloc/168-instcombine-instcombinerimpl-visitsub-n966-d17-r1.pbqp,16,14,17,0,false,false,10,5687.0
examples/regalloc/168-instcombine-instcombinerimpl-visitsub-n966-d17-r1.pbqp,14,16,1,0,false,false,22,9720.0
examples/regalloc/168-instcombine-instcombinerimpl-visitsub-n966-d17-r1.pbqp,7,7,1,0,false,false,168,44504.0
examples/regalloc/168-instcombine-instcombinerimpl-visitsub-n966-d17-r1.pbqp,15,16,17,0,false,false,32,16811.0
examples/regalloc/168-instcombine-instcombinerimpl-visitsub-n966-d17-r1.pbqp,7,7,17,0,false,false,29,9550.0
examples/regalloc/168-instcombine-instcombinerimpl-visitsub-n966-d17-r1.pbqp,7,7,17,0,false,true,35,4353.0
examples/regalloc/168-instcombine-instcombinerimpl-visitsub-n966-d17-r1.pbqp,14,12,17,0,false,false,12,5978.0
examples/regalloc/168-instcombine-instcombinerimpl-visitsub-n966-d17-r1.pbqp,13,12,17,0,false,false,9,4122.0
examples/regalloc/168-instcombine-instcombinerimpl-visitsub-n966-d17-r1.pbqp,7,12,17,0,false,true,35,3923.0
examples/regalloc/168-instcombine-instcombinerimpl-visitsub-n966-d17-r1.pbqp,11,7,1,0,false,false,21,5896.0
examples/regalloc/168-instcombine-instcombinerimpl-visitsub-n966-d17-r1.pbqp,11,13,17,0,false,false,6,2644.0
examples/regalloc/168-instcombine-instcombinerimpl-visitsub-n966-d17-r1.pbqp,16,7,17,0,false,false,7,2895.0
examples/regalloc/168-instcombine-instcombinerimpl-visitsub-n966-d17-r1.pbqp,13,14,17,0,false,false,1,590.0
examples/regalloc/168-instcombine-instcombinerimpl-visitsub-n966-d17-r1.pbqp,12,7,1,0,false,false,50,14696.0
examples/regalloc/168-instcombine-instcombinerimpl-visitsub-n966-d17-r1.pbqp,16,15,1,0,false,true,7,1219.0
examples/regalloc/168-instcombine-instcombinerimpl-visitsub-n966-d17-r1.pbqp,7,16,17,0,true,false,1,361.0
examples/regalloc/168-instcombine-instcombinerimpl-visitsub-n966-d17-r1.pbqp,14,15,17,0,false,false,5,2791.0
examples/regalloc/168-instcombine-instcombinerimpl-visitsub-n966-d17-r1.pbqp,15,12,17,0,false,false,7,3581.0
examples/regalloc/168-instcombine-instcombinerimpl-visitsub-n966-d17-r1.pbqp,15,7,17,0,false,false,5,2036.0
examples/regalloc/168-instcombine-instcombinerimpl-visitsub-n966-d17-r1.pbqp,14,7,17,0,false,false,6,2080.0
examples/regalloc/168-instcombine-instcombinerimpl-visitsub-n966-d17-r1.pbqp,12,7,17,0,false,false,1,311.0
examples/regalloc/168-instcombine-instcombinerimpl-visitsub-n966-d17-r1.pbqp,7,12,17,0,false,false,4,1412.0
examples/regalloc/168-instcombine-instcombinerimpl-visitsub-n966-d17-r1.pbqp,15,15,1,0,false,false,1,613.0
examples/regalloc/168-instcombine-instcombinerimpl-visitsub-n966-d17-r1.pbqp,14,16,17,0,false,false,17,8897.0
examples/regalloc/168-instcombine-instcombinerimpl-visitsub-n966-d17-r1.pbqp,16,14,1,0,false,false,58,26519.0
examples/regalloc/168-instcombine-instcombinerimpl-visitsub-n966-d17-r1.pbqp,16,13,17,0,false,false,1,634.0
examples/regalloc/168-instcombine-instcombinerimpl-visitsub-n966-d17-r1.pbqp,12,14,1,0,false,false,2,897.0
examples/regalloc/168-instcombine-instcombinerimpl-visitsub-n966-d17-r1.pbqp,12,13,1,0,false,false,1,502.0
examples/regalloc/168-instcombine-instcombinerimpl-visitsub-n966-d17-r1.pbqp,7,16,1,0,false,false,8,3881.0
examples/regalloc/168-instcombine-instcombinerimpl-visitsub-n966-d17-r1.pbqp,7,11,17,0,false,false,3,1157.0
examples/regalloc/168-instcombine-instcombinerimpl-visitsub-n966-d17-r1.pbqp,13,11,17,0,false,false,1,466.0
examples/regalloc/168-instcombine-instcombinerimpl-visitsub-n966-d17-r1.pbqp,7,15,1,0,false,false,1,521.0
examples/regalloc/168-instcombine-instcombinerimpl-visitsub-n966-d17-r1.pbqp,7,14,1,0,false,false,3,1056.0
examples/regalloc/168-instcombine-instcombinerimpl-visitsub-n966-d17-r1.pbqp,13,13,17,0,false,false,1,449.0
examples/regalloc/168-instcombine-instcombinerimpl-visitsub-n966-d17-r1.pbqp,12,13,17,0,false,false,1,494.0
examples/regalloc/168-instcombine-instcombinerimpl-visitsub-n966-d17-r1.pbqp,12,16,17,0,false,false,2,762.0
examples/regalloc/168-instcombine-instcombinerimpl-visitsub-n966-d17-r1.pbqp,15,15,17,0,false,false,1,554.0
examples/regalloc/168-instcombine-instcombinerimpl-visitsub-n966-d17-r1.pbqp,14,14,17,0,false,false,1,519.0
examples/regalloc/168-instcombine-instcombinerimpl-visitsub-n966-d17-r1.pbqp,15,14,17,0,true,false,4,2001.0
examples/regalloc/168-instcombine-instcombinerimpl-visitsub-n966-d17-r1.pbqp,7,7,1,2,true,false,2,1178.0
examples/regalloc/168-instcombine-instcombinerimpl-visitsub-n966-d17-r1.pbqp,7,7,17,2,true,false,1,565.0
examples/regalloc/168-instcombine-instcombinerimpl-visitsub-n966-d17-r1.pbqp,7,16,17,2,true,false,1,849.0
examples/regalloc/169-instcombine-instcombinerimpl-visitfadd-n138-d17.pbqp,7,14,17,0,false,true,28,2766.0
examples/regalloc/169-instcombine-instcombinerimpl-visitfadd-n138-d17.pbqp,7,16,17,0,false,true,92,8769.0
examples/regalloc/169-instcombine-instcombinerimpl-visitfadd-n138-d17.pbqp,7,16,17,0,false,false,18,5979.0
examples/regalloc/169-instcombine-instcombinerimpl-visitfadd-n138-d17.pbqp,16,7,1,0,false,false,245,74386.0
examples/regalloc/169-instcombine-instcombinerimpl-visitfadd-n138-d17.pbqp,17,17,17,0,false,false,3,1751.0
examples/regalloc/169-instcombine-instcombinerimpl-visitfadd-n138-d17.pbqp,17,17,1,0,false,true,17,2167.0
examples/regalloc/169-instcombine-instcombinerimpl-visitfadd-n138-d17.pbqp,17,17,1,0,true,false,1,537.0
examples/regalloc/169-instcombine-instcombinerimpl-visitfadd-n138-d17.pbqp,16,15,17,0,false,false,4,2086.0
examples/regalloc/169-instcombine-instcombinerimpl-visitfadd-n138-d17.pbqp,16,13,17,0,false,false,6,2581.0
examples/regalloc/169-instcombine-instcombinerimpl-visitfadd-n138-d17.pbqp,13,15,1,0,false,true,21,2733.0
examples/regalloc/169-instcombine-instcombinerimpl-visitfadd-n138-d17.pbqp,7,13,17,0,true,false,5,1940.0
examples/regalloc/169-instcombine-instcombinerimpl-visitfadd-n138-d17.pbqp,16,15,1,0,false,false,2,1027.0
examples/regalloc/169-instcombine-instcombinerimpl-visitfadd-n138-d17.pbqp,7,13,17,0,false,true,22,1957.0
examples/regalloc/169-instcombine-instcombinerimpl-visitfadd-n138-d17.pbqp,15,7,1,0,false,false,31,9145.0
examples/regalloc/169-instcombine-instcombinerimpl-visitfadd-n138-d17.pbqp,15,16,17,0,false,false,3,1423.0
examples/regalloc/169-instcombine-instcombinerimpl-visitfadd-n138-d17.pbqp,15,13,17,0,false,false,2,816.0
examples/regalloc/169-instcombine-instcombinerimpl-visitfadd-n138-d17.pbqp,13,16,1,0,false,true,14,1795.0
examples/regalloc/169-instcombine-instcombinerimpl-visitfadd-n138-d17.pbqp,14,7,1,0,false,false,23,6175.0
examples/regalloc/169-instcombine-instcombinerimpl-visitfadd-n138-d17.pbqp,16,16,17,0,false,false,9,4378.0
examples/regalloc/169-instcombine-instcombinerimpl-visitfadd-n138-d17.pbqp,11,7,1,0,false,false,6,1634.0
examples/regalloc/169-instcombine-instcombinerimpl-visitfadd-n138-d17.pbqp,11,13,17,0,false,false,2,750.0
examples/regalloc/169-instcombine-instcombinerimpl-visitfadd-n138-d17.pbqp,13,7,1,0,false,false,16,4407.0
examples/regalloc/169-instcombine-instcombinerimpl-visitfadd-n138-d17.pbqp,7,7,1,0,false,false,47,11337.0
examples/regalloc/169-instcombine-instcombinerimpl-visitfadd-n138-d17.pbqp,16,16,1,0,false,false,2,1144.0
examples/regalloc/169-instcombine-instcombinerimpl-visitfadd-n138-d17.pbqp,7,7,17,0,false,false,30,8269.0
examples/regalloc/169-instcombine-instcombinerimpl-visitfadd-n138-d17.pbqp,7,14,17,0,false,false,4,1391.0
examples/regalloc/169-instcombine-instcombinerimpl-visitfadd-n138-d17.pbqp,7,13,17,0,false,false,7,2346.0
examples/regalloc/169-instcombine-instcombinerimpl-visitfadd-n138-d17.pbqp,14,13,17,0,false,false,2,956.0
examples/regalloc/169-instcombine-instcombinerimpl-visitfadd-n138-d17.pbqp,15,7,1,0,true,false,2,537.0
examples/regalloc/169-instcombine-instcombinerimpl-visitfadd-n138-d17.pbqp,7,12,17,0,false,false,4,1193.0
examples/regalloc/169-instcombine-instcombinerimpl-visitfadd-n138-d17.pbqp,13,12,17,0,false,false,2,800.0
examples/regalloc/169-instcombine-instcombinerimpl-visitfadd-n138-d17.pbqp,7,12,17,0,false,true,14,1358.0
examples/regalloc/169-instcombine-instcombinerimpl-visitfadd-n138-d17.pbqp,7,15,17,0,false,false,1,362.0
examples/regalloc/169-instcombine-instcombinerimpl-visitfadd-n138-d17.pbqp,15,14,17,0,false,false,1,554.0
examples/regalloc/169-instcombine-instcombinerimpl-visitfadd-n138-d17.pbqp,15,7,17,0,false,false,1,356.0
examples/regalloc/169-instcombine-instcombinerimpl-visitfadd-n138-d17.pbqp,14,7,17,0,false,false,1,363.0
examples/regalloc/169-instcombine-instcombinerimpl-visitfadd-n138-d17.pbqp,7,7,1,0,true,false,1,340.0
examples/regalloc/169-instcombine-instcombinerimpl-visitfadd-n138-d17.pbqp,16,7,1,0,false,true,7,831.0
examples/regalloc/169-instcombine-instcombinerimpl-visitfadd-n138-d17.pbqp,16,7,1,2,true,false,1,570.0
examples/regalloc/170-instcombine-instcombinerimpl-visitfadd-n143-d17-r1.pbqp,7,14,17,0,false,true,42,4254.0
examples/regalloc/170-instcombine-instcombinerimpl-visitfadd-n143-d17-r1.pbqp,7,16,17,0,false,true,120,11093.0
examples/regalloc/170-instcombine-instcombinerimpl-visitfadd-n143-d17-r1.pbqp,7,16,17,0,false,false,11,3560.0
examples/regalloc/170-instcombine-instcombinerimpl-visitfadd-n143-d17-r1.pbqp,16,7,1,0,false,false,224,65924.0
examples/regalloc/170-instcombine-instcombinerimpl-visitfadd-n143-d17-r1.pbqp,17,17,17,0,false,false,3,1845.0
examples/regalloc/170-instcombine-instcombinerimpl-visitfadd-n143-d17-r1.pbqp,17,17,1,0,false,true,17,2265.0
examples/regalloc/170-instcombine-instcombinerimpl-visitfadd-n143-d17-r1.pbqp,17,17,1,0,true,false,1,571.0
examples/regalloc/170-instcombine-instcombinerimpl-visitfadd-n143-d17-r1.pbqp,16,15,17,0,false,false,4,2199.0
examples/regalloc/170-instcombine-instcombinerimpl-visitfadd-n143-d17-r1.pbqp,16,13,17,0,false,false,6,2832.0
examples/regalloc/170-instcombine-instcombinerimpl-visitfadd-n143-d17-r1.pbqp,13,15,1,0,false,true,21,2718.0
examples/regalloc/170-instcombine-instcombinerimpl-visitfadd-n143-d17-r1.pbqp,7,13,17,0,true,false,5,2081.0
examples/regalloc/170-instcombine-instcombinerimpl-visitfadd-n143-d17-r1.pbqp,16,15,1,0,false,false,2,1038.0
examples/regalloc/170-instcombine-instcombinerimpl-visitfadd-n143-d17-r1.pbqp,7,13,17,0,false,true,22,2006.0
examples/regalloc/170-instcombine-instcombinerimpl-visitfadd-n143-d17-r1.pbqp,16,16,1,0,false,false,2,1195.0
examples/regalloc/170-instcombine-instcombinerimpl-visitfadd-n143-d17-r1.pbqp,16,16,17,0,false,false,10,4889.0
examples/regalloc/170-instcombine-instcombinerimpl-visitfadd-n143-d17-r1.pbqp,15,7,1,0,false,false,32,9269.0
examples/regalloc/170-instcombine-instcombinerimpl-visitfadd-n143-d17-r1.pbqp,15,16,17,0,false,false,3,1318.0
examples/regalloc/170-instcombine-instcombinerimpl-visitfadd-n143-d17-r1.pbqp,15,13,17,0,false,false,2,911.0
examples/regalloc/170-instcombine-instcombinerimpl-visitfadd-n143-d17-r1.pbqp,13,16,1,0,false,true,14,1781.0
examples/regalloc/170-instcombine-instcombinerimpl-visitfadd-n143-d17-r1.pbqp,14,7,1,0,false,false,14,3686.0
examples/regalloc/170-instcombine-instcombinerimpl-visitfadd-n143-d17-r1.pbqp,11,7,1,0,false,false,4,1120.0
examples/regalloc/170-instcombine-instcombinerimpl-visitfadd-n143-d17-r1.pbqp,11,13,17,0,false,false,2,878.0
examples/regalloc/170-instcombine-instcombinerimpl-visitfadd-n143-d17-r1.pbqp,11,14,17,0,false,false,2,734.0
examples/regalloc/170-instcombine-instcombinerimpl-visitfadd-n143-d17-r1.pbqp,13,7,1,0,false,false,8,2258.0
examples/regalloc/170-instcombine-instcombinerimpl-visitfadd-n143-d17-r1.pbqp,13,14,17,0,false,false,2,849.0
examples/regalloc/170-instcombine-instcombinerimpl-visitfadd-n143-d17-r1.pbqp,7,7,1,0,false,false,25,6111.0
examples/regalloc/170-instcombine-instcombinerimpl-visitfadd-n143-d17-r1.pbqp,15,7,1,0,true,false,2,541.0
examples/regalloc/170-instcombine-instcombinerimpl-visitfadd-n143-d17-r1.pbqp,7,7,17,0,false,false,19,5029.0
examples/regalloc/170-instcombine-instcombinerimpl-visitfadd-n143-d17-r1.pbqp,7,14,17,0,false,false,8,2535.0
examples/regalloc/170-instcombine-instcombinerimpl-visitfadd-n143-d17-r1.pbqp,7,13,17,0,false,false,11,3473.0
examples/regalloc/170-instcombine-instcombinerimpl-visitfadd-n143-d17-r1.pbqp,14,13,17,0,false,false,1,544.0
examples/regalloc/170-instcombine-instcombinerimpl-visitfadd-n143-d17-r1.pbqp,7,15,17,0,false,false,1,396.0
examples/regalloc/170-instcombine-instcombinerimpl-visitfadd-n143-d17-r1.pbqp,15,14,17,0,false,false,1,465.0
examples/regalloc/170-instcombine-instcombinerimpl-visitfadd-n143-d17-r1.pbqp,15,7,17,0,false,false,1,336.0
examples/regalloc/170-instcombine-instcombinerimpl-visitfadd-n143-d17-r1.pbqp,14,7,17,0,false,false,1,332.0
examples/regalloc/170-instcombine-instcombinerimpl-visitfadd-n143-d17-r1.pbqp,7,12,17,0,false,false,4,1063.0
examples/regalloc/170-instcombine-instcombinerimpl-visitfadd-n143-d17-r1.pbqp,13,12,17,0,false,false,2,826.0
examples/regalloc/170-instcombine-instcombinerimpl-visitfadd-n143-d17-r1.pbqp,7,12,17,0,false,true,14,1332.0
examples/regalloc/170-instcombine-instcombinerimpl-visitfadd-n143-d17-r1.pbqp,7,7,1,0,true,false,1,292.0
examples/regalloc/170-instcombine-instcombinerimpl-visitfadd-n143-d17-r1.pbqp,13,7,1,0,false,true,14,1258.0
examples/regalloc/170-instcombine-instcombinerimpl-visitfadd-n143-d17-r1.pbqp,13,14,1,2,true,false,1,735.0
examples/regalloc/171-instcombine-instcombinerimpl-visitfneg-n118-d17.pbqp,7,16,17,0,false,true,21,2304.0
examples/regalloc/171-instcombine-instcombinerimpl-visitfneg-n118-d17.pbqp,7,14,17,0,false,true,14,1339.0
examples/regalloc/171-instcombine-instcombinerimpl-visitfneg-n118-d17.pbqp,7,16,17,0,false,false,10,3045.0
examples/regalloc/171-instcombine-instcombinerimpl-visitfneg-n118-d17.pbqp,14,16,1,0,false,true,14,1874.0
examples/regalloc/171-instcombine-instcombinerimpl-visitfneg-n118-d17.pbqp,16,14,1,0,false,true,14,1844.0
examples/regalloc/171-instcombine-instcombinerimpl-visitfneg-n118-d17.pbqp,7,16,17,0,true,false,2,618.0
examples/regalloc/171-instcombine-instcombinerimpl-visitfneg-n118-d17.pbqp,14,7,1,0,false,false,35,9445.0
examples/regalloc/171-instcombine-instcombinerimpl-visitfneg-n118-d17.pbqp,17,17,17,0,false,false,3,1464.0
examples/regalloc/171-instcombine-instcombinerimpl-visitfneg-n118-d17.pbqp,17,17,1,0,false,true,17,2120.0
examples/regalloc/171-instcombine-instcombinerimpl-visitfneg-n118-d17.pbqp,17,17,1,0,true,false,1,527.0
examples/regalloc/171-instcombine-instcombinerimpl-visitfneg-n118-d17.pbqp,15,7,1,0,false,false,58,16466.0
examples/regalloc/171-instcombine-instcombinerimpl-visitfneg-n118-d17.pbqp,13,15,1,0,false,false,2,749.0
examples/regalloc/171-instcombine-instcombinerimpl-visitfneg-n118-d17.pbqp,13,14,1,0,false,false,2,688.0
examples/regalloc/171-instcombine-instcombinerimpl-visitfneg-n118-d17.pbqp,13,7,1,0,false,false,18,4754.0
examples/regalloc/171-instcombine-instcombinerimpl-visitfneg-n118-d17.pbqp,16,7,1,0,false,false,99,29417.0
examples/regalloc/171-instcombine-instcombinerimpl-visitfneg-n118-d17.pbqp,14,16,17,0,false,false,2,842.0
examples/regalloc/171-instcombine-instcombinerimpl-visitfneg-n118-d17.pbqp,14,13,17,0,false,false,7,2827.0
examples/regalloc/171-instcombine-instcombinerimpl-visitfneg-n118-d17.pbqp,13,16,1,0,false,true,36,3788.0
examples/regalloc/171-instcombine-instcombinerimpl-visitfneg-n118-d17.pbqp,7,13,17,0,true,false,1,333.0
examples/regalloc/171-instcombine-instcombinerimpl-visitfneg-n118-d17.pbqp,16,14,17,0,false,false,5,2220.0
examples/regalloc/171-instcombine-instcombinerimpl-visitfneg-n118-d17.pbqp,7,13,17,0,false,true,21,2112.0
examples/regalloc/171-instcombine-instcombinerimpl-visitfneg-n118-d17.pbqp,15,16,17,0,false,false,5,2233.0
examples/regalloc/171-instcombine-instcombinerimpl-visitfneg-n118-d17.pbqp,15,14,17,0,false,false,3,1432.0
examples/regalloc/171-instcombine-instcombinerimpl-visitfneg-n118-d17.pbqp,15,13,17,0,false,false,1,576.0
examples/regalloc/171-instcombine-instcombinerimpl-visitfneg-n118-d17.pbqp,13,14,1,0,true,false,1,400.0
examples/regalloc/171-instcombine-instcombinerimpl-visitfneg-n118-d17.pbqp,14,15,17,0,false,false,2,1005.0
examples/regalloc/171-instcombine-instcombinerimpl-visitfneg-n118-d17.pbqp,13,15,1,0,true,false,1,362.0
examples/regalloc/171-instcombine-instcombinerimpl-visitfneg-n118-d17.pbqp,16,16,17,0,false,false,1,574.0
examples/regalloc/171-instcombine-instcombinerimpl-visitfneg-n118-d17.pbqp,15,12,17,0,false,false,1,608.0
examples/regalloc/171-instcombine-instcombinerimpl-visitfneg-n118-d17.pbqp,12,7,1,0,false,false,3,751.0
examples/regalloc/171-instcombine-instcombinerimpl-visitfneg-n118-d17.pbqp,7,7,1,0,false,false,43,10016.0
examples/regalloc/171-instcombine-instcombinerimpl-visitfneg-n118-d17.pbqp,7,15,17,0,false,false,9,2817.0
examples/regalloc/171-instcombine-instcombinerimpl-visitfneg-n118-d17.pbqp,7,7,17,0,true,true,14,1381.0
examples/regalloc/171-instcombine-instcombinerimpl-visitfneg-n118-d17.pbqp,16,15,17,0,false,false,3,1396.0
examples/regalloc/171-instcombine-instcombinerimpl-visitfneg-n118-d17.pbqp,7,7,17,0,false,false,23,5194.0
examples/regalloc/171-instcombine-instcombinerimpl-visitfneg-n118-d17.pbqp,7,14,17,0,false,false,5,1501.0
examples/regalloc/171-instcombine-instcombinerimpl-visitfneg-n118-d17.pbqp,7,13,17,0,false,false,5,1716.0
examples/regalloc/171-instcombine-instcombinerimpl-visitfneg-n118-d17.pbqp,15,7,17,0,false,false,1,288.0
examples/regalloc/171-instcombine-instcombinerimpl-visitfneg-n118-d17.pbqp,14,7,17,0,false,false,1,317.0
examples/regalloc/171-instcombine-instcombinerimpl-visitfneg-n118-d17.pbqp,16,15,1,0,false,false,1,473.0
examples/regalloc/171-instcombine-instcombinerimpl-visitfneg-n118-d17.pbqp,7,11,17,0,false,false,2,538.0
examples/regalloc/171-instcombine-instcombinerimpl-visitfneg-n118-d17.pbqp,13,14,17,0,false,false,1,419.0
examples/regalloc/171-instcombine-instcombinerimpl-visitfneg-n118-d17.pbqp,13,11,17,0,false,false,1,337.0
examples/regalloc/171-instcombine-instcombinerimpl-visitfneg-n118-d17.pbqp,14,11,17,0,false,false,1,373.0
examples/regalloc/171-instcombine-instcombinerimpl-visitfneg-n118-d17.pbqp,7,11,17,0,false,true,7,638.0
examples/regalloc/171-instcombine-instcombinerimpl-visitfneg-n118-d17.pbqp,7,7,17,0,false,true,7,786.0
examples/regalloc/171-instcombine-instcombinerimpl-visitfneg-n118-d17.pbqp,7,7,1,2,true,false,1,433.0
examples/regalloc/171-instcombine-instcombinerimpl-visitfneg-n118-d17.pbqp,16,15,1,0,false,true,7,988.0
examples/regalloc/171-instcombine-instcombinerimpl-visitfneg-n118-d17.pbqp,16,7,1,0,true,false,1,422.0
examples/regalloc/172-instcombine-instcombinerimpl-visitfsub-n183-d17.pbqp,7,14,17,0,false,true,39,3343.0
examples/regalloc/172-instcombine-instcombinerimpl-visitfsub-n183-d17.pbqp,7,16,17,0,false,true,21,2183.0
examples/regalloc/172-instcombine-instcombinerimpl-visitfsub-n183-d17.pbqp,7,15,17,0,false,true,7,765.0
examples/regalloc/172-instcombine-instcombinerimpl-visitfsub-n183-d17.pbqp,14,16,1,0,false,true,7,1057.0
examples/regalloc/172-instcombine-instcombinerimpl-visitfsub-n183-d17.pbqp,7,14,17,0,true,false,2,650.0
examples/regalloc/172-instcombine-instcombinerimpl-visitfsub-n183-d17.pbqp,14,15,1,0,false,true,7,1149.0
examples/regalloc/172-instcombine-instcombinerimpl-visitfsub-n183-d17.pbqp,17,17,17,0,false,false,6,3493.0
examples/regalloc/172-instcombine-instcombinerimpl-visitfsub-n183-d17.pbqp,17,17,1,0,false,true,34,4603.0
examples/regalloc/172-instcombine-instcombinerimpl-visitfsub-n183-d17.pbqp,17,17,1,0,true,false,2,1148.0
examples/regalloc/172-instcombine-instcombinerimpl-visitfsub-n183-d17.pbqp,13,7,1,0,false,false,54,15166.0
examples/regalloc/172-instcombine-instcombinerimpl-visitfsub-n183-d17.pbqp,13,15,1,0,false,false,3,1269.0
examples/regalloc/172-instcombine-instcombinerimpl-visitfsub-n183-d17.pbqp,16,7,1,0,false,false,292,85577.0
examples/regalloc/172-instcombine-instcombinerimpl-visitfsub-n183-d17.pbqp,15,7,1,0,false,false,111,31719.0
examples/regalloc/172-instcombine-instcombinerimpl-visitfsub-n183-d17.pbqp,15,16,17,0,false,false,1,589.0
examples/regalloc/172-instcombine-instcombinerimpl-visitfsub-n183-d17.pbqp,15,13,17,0,false,false,11,4920.0
examples/regalloc/172-instcombine-instcombinerimpl-visitfsub-n183-d17.pbqp,13,16,1,0,false,true,7,1053.0
examples/regalloc/172-instcombine-instcombinerimpl-visitfsub-n183-d17.pbqp,7,13,17,0,true,false,2,604.0
examples/regalloc/172-instcombine-instcombinerimpl-visitfsub-n183-d17.pbqp,11,7,1,0,false,false,2,569.0
examples/regalloc/172-instcombine-instcombinerimpl-visitfsub-n183-d17.pbqp,11,13,17,0,false,false,1,388.0
examples/regalloc/172-instcombine-instcombinerimpl-visitfsub-n183-d17.pbqp,7,13,17,0,false,true,63,5922.0
examples/regalloc/172-instcombine-instcombinerimpl-visitfsub-n183-d17.pbqp,16,15,17,0,false,false,1,697.0
examples/regalloc/172-instcombine-instcombinerimpl-visitfsub-n183-d17.pbqp,16,13,17,0,false,false,6,2835.0
examples/regalloc/172-instcombine-instcombinerimpl-visitfsub-n183-d17.pbqp,13,15,1,0,false,true,7,856.0
examples/regalloc/172-instcombine-instcombinerimpl-visitfsub-n183-d17.pbqp,7,7,1,0,false,false,89,20326.0
examples/regalloc/172-instcombine-instcombinerimpl-visitfsub-n183-d17.pbqp,7,7,17,0,false,false,24,6166.0
examples/regalloc/172-instcombine-instcombinerimpl-visitfsub-n183-d17.pbqp,7,14,17,0,false,false,2,782.0
examples/regalloc/172-instcombine-instcombinerimpl-visitfsub-n183-d17.pbqp,7,13,17,0,false,false,14,4428.0
examples/regalloc/172-instcombine-instcombinerimpl-visitfsub-n183-d17.pbqp,14,7,1,0,false,false,34,9063.0
examples/regalloc/172-instcombine-instcombinerimpl-visitfsub-n183-d17.pbqp,14,13,17,0,false,false,3,1373.0
examples/regalloc/172-instcombine-instcombinerimpl-visitfsub-n183-d17.pbqp,7,12,17,0,false,false,11,3065.0
examples/regalloc/172-instcombine-instcombinerimpl-visitfsub-n183-d17.pbqp,13,12,17,0,false,false,6,2447.0
examples/regalloc/172-instcombine-instcombinerimpl-visitfsub-n183-d17.pbqp,12,7,1,0,false,false,23,6167.0
examples/regalloc/172-instcombine-instcombinerimpl-visitfsub-n183-d17.pbqp,15,14,17,0,false,false,2,1269.0
examples/regalloc/172-instcombine-instcombinerimpl-visitfsub-n183-d17.pbqp,16,16,1,0,false,false,6,3292.0
examples/regalloc/172-instcombine-instcombinerimpl-visitfsub-n183-d17.pbqp,16,16,17,0,false,false,8,4293.0
examples/regalloc/172-instcombine-instcombinerimpl-visitfsub-n183-d17.pbqp,7,13,1,0,false,false,2,783.0
examples/regalloc/172-instcombine-instcombinerimpl-visitfsub-n183-d17.pbqp,13,7,17,0,false,false,1,373.0
examples/regalloc/172-instcombine-instcombinerimpl-visitfsub-n183-d17.pbqp,12,13,1,0,false,false,1,465.0
examples/regalloc/172-instcombine-instcombinerimpl-visitfsub-n183-d17.pbqp,7,7,1,0,true,false,3,705.0
examples/regalloc/172-instcombine-instcombinerimpl-visitfsub-n183-d17.pbqp,16,7,1,0,true,false,2,535.0
examples/regalloc/172-instcombine-instcombinerimpl-visitfsub-n183-d17.pbqp,7,16,17,0,false,false,28,9013.0
examples/regalloc/172-instcombine-instcombinerimpl-visitfsub-n183-d17.pbqp,7,16,1,0,false,false,2,770.0
examples/regalloc/172-instcombine-instcombinerimpl-visitfsub-n183-d17.pbqp,16,16,1,0,false,true,16,2154.0
examples/regalloc/172-instcombine-instcombinerimpl-visitfsub-n183-d17.pbqp,16,16,17,0,true,false,1,650.0
examples/regalloc/173-instcombine-instcombinerimpl-visitfsub-n192-d17-r1.pbqp,7,14,17,0,false,true,39,3195.0
examples/regalloc/173-instcombine-instcombinerimpl-visitfsub-n192-d17-r1.pbqp,7,16,17,0,false,true,28,2961.0
examples/regalloc/173-instcombine-instcombinerimpl-visitfsub-n192-d17-r1.pbqp,7,15,17,0,false,true,7,759.0
examples/regalloc/173-instcombine-instcombinerimpl-visitfsub-n192-d17-r1.pbqp,14,16,1,0,false,true,7,973.0
examples/regalloc/173-instcombine-instcombinerimpl-visitfsub-n192-d17-r1.pbqp,7,14,17,0,true,false,2,614.0
examples/regalloc/173-instcombine-instcombinerimpl-visitfsub-n192-d17-r1.pbqp,14,15,1,0,false,true,7,1055.0
examples/regalloc/173-instcombine-instcombinerimpl-visitfsub-n192-d17-r1.pbqp,17,17,17,0,false,false,6,3490.0
examples/regalloc/173-instcombine-instcombinerimpl-visitfsub-n192-d17-r1.pbqp,17,17,1,0,false,true,34,4445.0
examples/regalloc/173-instcombine-instcombinerimpl-visitfsub-n192-d17-r1.pbqp,17,17,1,0,true,false,2,1179.0
examples/regalloc/173-instcombine-instcombinerimpl-visitfsub-n192-d17-r1.pbqp,13,7,1,0,false,false,49,13017.0
examples/regalloc/173-instcombine-instcombinerimpl-visitfsub-n192-d17-r1.pbqp,13,15,1,0,false,false,3,1094.0
examples/regalloc/173-instcombine-instcombinerimpl-visitfsub-n192-d17-r1.pbqp,15,7,1,0,false,false,107,30182.0
examples/regalloc/173-instcombine-instcombinerimpl-visitfsub-n192-d17-r1.pbqp,16,7,1,0,false,false,329,93944.0
examples/regalloc/173-instcombine-instcombinerimpl-visitfsub-n192-d17-r1.pbqp,15,16,17,0,false,false,1,479.0
examples/regalloc/173-instcombine-instcombinerimpl-visitfsub-n192-d17-r1.pbqp,15,13,17,0,false,false,11,4949.0
examples/regalloc/173-instcombine-instcombinerimpl-visitfsub-n192-d17-r1.pbqp,13,16,1,0,false,true,7,1013.0
examples/regalloc/173-instcombine-instcombinerimpl-visitfsub-n192-d17-r1.pbqp,7,13,17,0,true,false,2,646.0
examples/regalloc/173-instcombine-instcombinerimpl-visitfsub-n192-d17-r1.pbqp,11,7,1,0,false,false,2,444.0
examples/regalloc/173-instcombine-instcombinerimpl-visitfsub-n192-d17-r1.pbqp,11,13,17,0,false,false,1,353.0
examples/regalloc/173-instcombine-instcombinerimpl-visitfsub-n192-d17-r1.pbqp,7,13,17,0,false,true,63,6234.0
examples/regalloc/173-instcombine-instcombinerimpl-visitfsub-n192-d17-r1.pbqp,16,15,17,0,false,false,1,795.0
examples/regalloc/173-instcombine-instcombinerimpl-visitfsub-n192-d17-r1.pbqp,16,13,17,0,false,false,6,2637.0
examples/regalloc/173-instcombine-instcombinerimpl-visitfsub-n192-d17-r1.pbqp,13,15,1,0,false,true,7,992.0
examples/regalloc/173-instcombine-instcombinerimpl-visitfsub-n192-d17-r1.pbqp,7,7,1,0,false,false,64,14410.0
examples/regalloc/173-instcombine-instcombinerimpl-visitfsub-n192-d17-r1.pbqp,7,13,17,0,false,false,14,4055.0
examples/regalloc/173-instcombine-instcombinerimpl-visitfsub-n192-d17-r1.pbqp,7,12,17,0,false,false,11,2843.0
examples/regalloc/173-instcombine-instcombinerimpl-visitfsub-n192-d17-r1.pbqp,13,12,17,0,false,false,6,2383.0
examples/regalloc/173-instcombine-instcombinerimpl-visitfsub-n192-d17-r1.pbqp,7,12,17,0,false,true,7,794.0
examples/regalloc/173-instcombine-instcombinerimpl-visitfsub-n192-d17-r1.pbqp,14,7,1,0,false,false,28,7369.0
examples/regalloc/173-instcombine-instcombinerimpl-visitfsub-n192-d17-r1.pbqp,7,7,17,0,false,false,16,4380.0
examples/regalloc/173-instcombine-instcombinerimpl-visitfsub-n192-d17-r1.pbqp,7,14,17,0,false,false,2,760.0
examples/regalloc/173-instcombine-instcombinerimpl-visitfsub-n192-d17-r1.pbqp,14,13,17,0,false,false,3,1354.0
examples/regalloc/173-instcombine-instcombinerimpl-visitfsub-n192-d17-r1.pbqp,12,7,1,0,false,false,20,5082.0
examples/regalloc/173-instcombine-instcombinerimpl-visitfsub-n192-d17-r1.pbqp,15,14,17,0,false,false,2,1151.0
examples/regalloc/173-instcombine-instcombinerimpl-visitfsub-n192-d17-r1.pbqp,13,7,17,0,false,false,2,658.0
examples/regalloc/173-instcombine-instcombinerimpl-visitfsub-n192-d17-r1.pbqp,16,16,1,0,false,false,8,3917.0
examples/regalloc/173-instcombine-instcombinerimpl-visitfsub-n192-d17-r1.pbqp,16,16,17,0,false,false,8,4305.0
examples/regalloc/173-instcombine-instcombinerimpl-visitfsub-n192-d17-r1.pbqp,7,16,1,0,false,false,1,423.0
examples/regalloc/173-instcombine-instcombinerimpl-visitfsub-n192-d17-r1.pbqp,12,13,1,0,false,false,1,468.0
examples/regalloc/173-instcombine-instcombinerimpl-visitfsub-n192-d17-r1.pbqp,7,7,1,0,true,false,4,966.0
examples/regalloc/173-instcombine-instcombinerimpl-visitfsub-n192-d17-r1.pbqp,16,7,1,0,true,false,2,530.0
examples/regalloc/173-instcombine-instcombinerimpl-visitfsub-n192-d17-r1.pbqp,7,13,1,0,false,false,1,332.0
examples/regalloc/173-instcombine-instcombinerimpl-visitfsub-n192-d17-r1.pbqp,7,16,17,0,false,false,24,7860.0
examples/regalloc/173-instcombine-instcombinerimpl-visitfsub-n192-d17-r1.pbqp,16,16,1,0,false,true,16,2081.0
examples/regalloc/173-instcombine-instcombinerimpl-visitfsub-n192-d17-r1.pbqp,16,16,17,0,true,false,1,633.0
examples/regalloc/174-instcombine-commonpointerbase-compute-n45-d16.pbqp,7,16,16,0,false,false,24,6580.0
examples/regalloc/174-instcombine-commonpointerbase-compute-n45-d16.pbqp,16,7,1,0,false,false,142,37881.0
examples/regalloc/174-instcombine-commonpointerbase-compute-n45-d16.pbqp,16,16,16,0,false,false,11,4477.0
examples/regalloc/174-instcombine-commonpointerbase-compute-n45-d16.pbqp,7,7,16,0,false,true,7,639.0
examples/regalloc/174-instcombine-commonpointerbase-compute-n45-d16.pbqp,16,16,1,0,false,false,22,8802.0
examples/regalloc/174-instcombine-commonpointerbase-compute-n45-d16.pbqp,7,7,1,0,false,false,20,4100.0
examples/regalloc/174-instcombine-commonpointerbase-compute-n45-d16.pbqp,7,7,1,2,true,false,1,268.0
examples/regalloc/174-instcombine-commonpointerbase-compute-n45-d16.pbqp,7,7,16,0,false,false,11,2561.0
examples/regalloc/174-instcombine-commonpointerbase-compute-n45-d16.pbqp,16,7,16,0,false,false,2,638.0
examples/regalloc/174-instcombine-commonpointerbase-compute-n45-d16.pbqp,7,16,1,0,false,false,6,1678.0
examples/regalloc/174-instcombine-commonpointerbase-compute-n45-d16.pbqp,16,16,1,0,false,true,7,890.0
examples/regalloc/174-instcombine-commonpointerbase-compute-n45-d16.pbqp,7,16,16,0,true,false,1,312.0
examples/regalloc/175-instcombine-commonpointerbase-compute-n45-d16-r1.pbqp,7,16,16,0,false,false,19,5312.0
examples/regalloc/175-instcombine-commonpointerbase-compute-n45-d16-r1.pbqp,16,7,1,0,false,false,134,36727.0
examples/regalloc/175-instcombine-commonpointerbase-compute-n45-d16-r1.pbqp,16,16,16,0,false,false,11,4563.0
examples/regalloc/175-instcombine-commonpointerbase-compute-n45-d16-r1.pbqp,7,7,16,0,false,true,7,614.0
examples/regalloc/175-instcombine-commonpointerbase-compute-n45-d16-r1.pbqp,16,16,1,0,false,false,22,8879.0
examples/regalloc/175-instcombine-commonpointerbase-compute-n45-d16-r1.pbqp,7,7,1,0,false,false,15,3010.0
examples/regalloc/175-instcombine-commonpointerbase-compute-n45-d16-r1.pbqp,7,7,1,2,true,false,1,281.0
examples/regalloc/175-instcombine-commonpointerbase-compute-n45-d16-r1.pbqp,7,7,16,0,false,false,8,1964.0
examples/regalloc/175-instcombine-commonpointerbase-compute-n45-d16-r1.pbqp,16,7,16,0,false,false,2,569.0
examples/regalloc/175-instcombine-commonpointerbase-compute-n45-d16-r1.pbqp,7,16,1,0,false,false,6,1789.0
examples/regalloc/175-instcombine-commonpointerbase-compute-n45-d16-r1.pbqp,16,16,1,0,false,true,7,895.0
examples/regalloc/175-instcombine-commonpointerbase-compute-n45-d16-r1.pbqp,7,16,16,0,true,false,1,331.0
examples/regalloc/176-instcombine-instructionworklist-pushuserstoworkl-n11-d16.pbqp,7,15,1,0,false,false,1,217.0
examples/regalloc/176-instcombine-instructionworklist-pushuserstoworkl-n11-d16.pbqp,16,7,1,0,false,false,15,3417.0
examples/regalloc/176-instcombine-instructionworklist-pushuserstoworkl-n11-d16.pbqp,7,7,1,0,false,false,7,1144.0
examples/regalloc/176-instcombine-instructionworklist-pushuserstoworkl-n11-d16.pbqp,7,7,16,0,false,false,7,1327.0
examples/regalloc/176-instcombine-instructionworklist-pushuserstoworkl-n11-d16.pbqp,7,16,16,0,false,false,7,1744.0
examples/regalloc/176-instcombine-instructionworklist-pushuserstoworkl-n11-d16.pbqp,16,16,16,0,false,false,1,385.0
examples/regalloc/176-instcombine-instructionworklist-pushuserstoworkl-n11-d16.pbqp,16,7,1,0,false,true,7,708.0
examples/regalloc/176-instcombine-instructionworklist-pushuserstoworkl-n11-d16.pbqp,7,16,16,2,true,false,1,325.0
examples/regalloc/177-instcombine-smallvectortemplatebase-growandpushb-n6-d16.pbqp,13,7,1,0,false,false,2,426.0
examples/regalloc/177-instcombine-smallvectortemplatebase-growandpushb-n6-d16.pbqp,13,14,16,0,false,false,1,311.0
examples/regalloc/177-instcombine-smallvectortemplatebase-growandpushb-n6-d16.pbqp,7,14,16,0,false,true,7,547.0
examples/regalloc/177-instcombine-smallvectortemplatebase-growandpushb-n6-d16.pbqp,7,7,1,0,true,false,1,154.0
examples/regalloc/177-instcombine-smallvectortemplatebase-growandpushb-n6-d16.pbqp,7,16,16,0,false,false,2,466.0
examples/regalloc/177-instcombine-smallvectortemplatebase-growandpushb-n6-d16.pbqp,16,7,1,0,false,true,16,1191.0
examples/regalloc/177-instcombine-smallvectortemplatebase-growandpushb-n6-d16.pbqp,16,16,1,2,true,false,1,389.0
examples/regalloc/178-instcombine-smallvectortemplatebase-growandpushb-n6-d16.pbqp,13,7,1,0,false,false,2,416.0
examples/regalloc/178-instcombine-smallvectortemplatebase-growandpushb-n6-d16.pbqp,13,14,16,0,false,false,1,341.0
examples/regalloc/178-instcombine-smallvectortemplatebase-growandpushb-n6-d16.pbqp,7,14,16,0,false,true,7,549.0
examples/regalloc/178-instcombine-smallvectortemplatebase-growandpushb-n6-d16.pbqp,7,7,1,0,true,false,1,149.0
examples/regalloc/178-instcombine-smallvectortemplatebase-growandpushb-n6-d16.pbqp,7,16,16,0,false,false,2,463.0
examples/regalloc/178-instcombine-smallvectortemplatebase-growandpushb-n6-d16.pbqp,16,7,1,0,false,true,16,1194.0
examples/regalloc/178-instcombine-smallvectortemplatebase-growandpushb-n6-d16.pbqp,16,16,1,2,true,false,1,423.0
examples/regalloc/179-instcombine-smallvectortemplatebase-growandpushb-n6-d16.pbqp,13,7,1,0,false,false,2,421.0
examples/regalloc/179-instcombine-smallvectortemplatebase-growandpushb-n6-d16.pbqp,13,14,16,0,false,false,1,314.0
examples/regalloc/179-instcombine-smallvectortemplatebase-growandpushb-n6-d16.pbqp,7,14,16,0,false,true,7,520.0
examples/regalloc/179-instcombine-smallvectortemplatebase-growandpushb-n6-d16.pbqp,7,7,1,0,true,false,1,150.0
examples/regalloc/179-instcombine-smallvectortemplatebase-growandpushb-n6-d16.pbqp,7,16,16,0,false,false,2,466.0
examples/regalloc/179-instcombine-smallvectortemplatebase-growandpushb-n6-d16.pbqp,16,7,1,0,false,true,16,1127.0
examples/regalloc/179-instcombine-smallvectortemplatebase-growandpushb-n6-d16.pbqp,16,16,1,2,true,false,1,376.0
examples/regalloc/180-instcombine-apint-issamevalue-n17-d16.pbqp,7,16,16,0,false,false,5,1143.0
examples/regalloc/180-instcombine-apint-issamevalue-n17-d16.pbqp,7,15,16,0,false,false,1,206.0
examples/regalloc/180-instcombine-apint-issamevalue-n17-d16.pbqp,16,7,1,0,false,false,8,1839.0
examples/regalloc/180-instcombine-apint-issamevalue-n17-d16.pbqp,16,14,1,0,false,false,4,1288.0
examples/regalloc/180-instcombine-apint-issamevalue-n17-d16.pbqp,14,14,1,0,false,false,2,591.0
examples/regalloc/180-instcombine-apint-issamevalue-n17-d16.pbqp,14,7,1,0,false,false,4,954.0
examples/regalloc/180-instcombine-apint-issamevalue-n17-d16.pbqp,14,14,16,0,false,false,1,362.0
examples/regalloc/180-instcombine-apint-issamevalue-n17-d16.pbqp,7,7,16,0,false,true,14,753.0
examples/regalloc/180-instcombine-apint-issamevalue-n17-d16.pbqp,14,7,16,2,true,false,1,262.0
examples/regalloc/181-instcombine-apint-gethighbitsset-n5-d15.pbqp,15,7,1,0,false,false,2,462.0
examples/regalloc/181-instcombine-apint-gethighbitsset-n5-d15.pbqp,15,14,1,0,false,false,1,326.0
examples/regalloc/181-instcombine-apint-gethighbitsset-n5-d15.pbqp,14,14,1,0,false,false,1,287.0
examples/regalloc/181-instcombine-apint-gethighbitsset-n5-d15.pbqp,14,7,1,0,false,false,2,406.0
examples/regalloc/181-instcombine-apint-gethighbitsset-n5-d15.pbqp,7,7,1,0,false,true,14,704.0
examples/regalloc/181-instcombine-apint-gethighbitsset-n5-d15.pbqp,14,7,15,2,true,false,1,226.0
examples/regalloc/182-instcombine-llvm-dyn-cast-n5-d16.pbqp,16,16,16,0,false,false,4,1558.0
examples/regalloc/182-instcombine-llvm-dyn-cast-n5-d16.pbqp,16,16,1,0,false,true,16,1635.0
examples/regalloc/182-instcombine-llvm-dyn-cast-n5-d16.pbqp,16,16,16,0,true,false,1,377.0
examples/regalloc/183-instcombine-knownbits-knownbits-n3-d16.pbqp,7,16,16,0,false,false,1,208.0
examples/regalloc/184-instcombine-setvector-insert-n20-d16.pbqp,7,16,16,0,false,true,14,1291.0
examples/regalloc/184-instcombine-setvector-insert-n20-d16.pbqp,15,7,1,0,false,false,1,249.0
examples/regalloc/184-instcombine-setvector-insert-n20-d16.pbqp,15,16,16,0,false,false,2,791.0
examples/regalloc/184-instcombine-setvector-insert-n20-d16.pbqp,16,16,1,0,false,true,7,859.0
examples/regalloc/184-instcombine-setvector-insert-n20-d16.pbqp,7,16,16,0,true,false,1,261.0
examples/regalloc/184-instcombine-setvector-insert-n20-d16.pbqp,7,7,1,0,false,false,7,1065.0
examples/regalloc/184-instcombine-setvector-insert-n20-d16.pbqp,7,16,1,0,false,false,4,882.0
examples/regalloc/184-instcombine-setvector-insert-n20-d16.pbqp,7,15,1,0,false,false,1,230.0
examples/regalloc/184-instcombine-setvector-insert-n20-d16.pbqp,7,7,1,0,true,false,1,158.0
examples/regalloc/184-instcombine-setvector-insert-n20-d16.pbqp,16,16,1,0,false,false,3,1142.0
examples/regalloc/184-instcombine-setvector-insert-n20-d16.pbqp,16,7,1,0,false,false,16,4853.0
examples/regalloc/184-instcombine-setvector-insert-n20-d16.pbqp,16,16,16,0,false,false,21,8622.0
examples/regalloc/184-instcombine-setvector-insert-n20-d16.pbqp,16,15,16,0,false,false,3,1225.0
examples/regalloc/184-instcombine-setvector-insert-n20-d16.pbqp,16,15,1,0,false,false,4,1665.0
examples/regalloc/184-instcombine-setvector-insert-n20-d16.pbqp,15,7,1,0,false,true,7,670.0
examples/regalloc/184-instcombine-setvector-insert-n20-d16.pbqp,15,7,1,2,true,false,1,274.0
examples/regalloc/185-instcombine-withcache-withcache-n3-d16.pbqp,7,16,16,0,false,false,1,210.0
examples/regalloc/186-instcombine-llvm-operator-n5-d16.pbqp,7,14,1,0,false,false,1,199.0
examples/regalloc/186-instcombine-llvm-operator-n5-d16.pbqp,7,7,16,0,false,false,1,183.0
examples/regalloc/186-instcombine-llvm-operator-n5-d16.pbqp,7,16,16,0,false,false,2,410.0
examples/regalloc/186-instcombine-llvm-operator-n5-d16.pbqp,14,7,16,0,false,false,1,232.0
examples/regalloc/186-instcombine-llvm-operator-n5-d16.pbqp,14,16,16,0,false,false,2,761.0
examples/regalloc/186-instcombine-llvm-operator-n5-d16.pbqp,16,7,1,0,false,true,16,1123.0
examples/regalloc/186-instcombine-llvm-operator-n5-d16.pbqp,16,16,16,2,true,false,1,392.0
examples/regalloc/187-instcombine-llvm-operator-n6-d16.pbqp,15,7,1,0,false,false,4,922.0
examples/regalloc/187-instcombine-llvm-operator-n6-d16.pbqp,15,15,16,0,false,false,3,1005.0
examples/regalloc/187-instcombine-llvm-operator-n6-d16.pbqp,15,16,16,0,false,false,2,705.0
examples/regalloc/187-instcombine-llvm-operator-n6-d16.pbqp,7,7,16,0,false,false,1,177.0
examples/regalloc/187-instcombine-llvm-operator-n6-d16.pbqp,7,16,16,0,false,false,1,239.0
examples/regalloc/187-instcombine-llvm-operator-n6-d16.pbqp,7,15,16,0,false,false,1,226.0
examples/regalloc/187-instcombine-llvm-operator-n6-d16.pbqp,15,7,1,0,false,true,16,1131.0
examples/regalloc/187-instcombine-llvm-operator-n6-d16.pbqp,15,16,1,2,true,false,1,397.0
examples/regalloc/188-instcombine-llvm-operator-n5-d16.pbqp,7,14,1,0,false,false,1,185.0
examples/regalloc/188-instcombine-llvm-operator-n5-d16.pbqp,7,7,16,0,false,false,1,165.0
examples/regalloc/188-instcombine-llvm-operator-n5-d16.pbqp,7,16,16,0,false,false,2,444.0
examples/regalloc/188-instcombine-llvm-operator-n5-d16.pbqp,14,7,16,0,false,false,1,249.0
examples/regalloc/188-instcombine-llvm-operator-n5-d16.pbqp,14,16,16,0,false,false,2,702.0
examples/regalloc/188-instcombine-llvm-operator-n5-d16.pbqp,16,7,1,0,false,true,16,1077.0
examples/regalloc/188-instcombine-llvm-operator-n5-d16.pbqp,16,16,16,2,true,false,1,374.0
examples/regalloc/189-instcombine-llvm-operator-n9-d16.pbqp,7,16,16,0,false,true,14,1156.0
examples/regalloc/189-instcombine-llvm-operator-n9-d16.pbqp,15,7,1,0,false,false,6,1326.0
examples/regalloc/189-instcombine-llvm-operator-n9-d16.pbqp,15,15,16,0,false,false,3,1018.0
examples/regalloc/189-instcombine-llvm-operator-n9-d16.pbqp,15,16,16,0,false,false,2,701.0
examples/regalloc/189-instcombine-llvm-operator-n9-d16.pbqp,7,7,1,0,false,false,1,136.0
examples/regalloc/189-instcombine-llvm-operator-n9-d16.pbqp,7,7,16,0,false,false,1,187.0
examples/regalloc/189-instcombine-llvm-operator-n9-d16.pbqp,7,16,16,0,false,false,2,447.0
examples/regalloc/189-instcombine-llvm-operator-n9-d16.pbqp,7,15,16,0,false,false,2,456.0
examples/regalloc/189-instcombine-llvm-operator-n9-d16.pbqp,7,7,16,0,true,false,1,180.0
examples/regalloc/189-instcombine-llvm-operator-n9-d16.pbqp,15,7,1,0,false,true,16,1097.0
examples/regalloc/189-instcombine-llvm-operator-n9-d16.pbqp,15,16,1,2,true,false,1,354.0
examples/regalloc/190-instcombine-llvm-operator-n8-d16.pbqp,7,16,16,0,false,true,14,1302.0
examples/regalloc/190-instcombine-llvm-operator-n8-d16.pbqp,15,7,1,0,false,false,4,887.0
examples/regalloc/190-instcombine-llvm-operator-n8-d16.pbqp,15,15,16,0,false,false,3,1041.0
examples/regalloc/190-instcombine-llvm-operator-n8-d16.pbqp,15,16,16,0,false,false,2,750.0
examples/regalloc/190-instcombine-llvm-operator-n8-d16.pbqp,7,7,16,0,true,false,1,173.0
examples/regalloc/190-instcombine-llvm-operator-n8-d16.pbqp,7,16,16,0,false,false,1,235.0
examples/regalloc/190-instcombine-llvm-operator-n8-d16.pbqp,7,15,16,0,false,false,1,207.0
examples/regalloc/190-instcombine-llvm-operator-n8-d16.pbqp,15,7,1,0,false,true,16,1097.0
examples/regalloc/190-instcombine-llvm-operator-n8-d16.pbqp,15,16,1,2,true,false,1,345.0
examples/regalloc/191-instcombine-llvm-operator-n5-d16.pbqp,7,14,1,0,false,false,1,200.0
examples/regalloc/191-instcombine-llvm-operator-n5-d16.pbqp,7,7,16,0,false,false,1,177.0
examples/regalloc/191-instcombine-llvm-operator-n5-d16.pbqp,7,16,16,0,false,false,2,460.0
examples/regalloc/191-instcombine-llvm-operator-n5-d16.pbqp,14,7,16,0,false,false,1,235.0
examples/regalloc/191-instcombine-llvm-operator-n5-d16.pbqp,14,16,16,0,false,false,2,721.0
examples/regalloc/191-instcombine-llvm-operator-n5-d16.pbqp,16,7,1,0,false,true,16,1138.0
examples/regalloc/191-instcombine-llvm-operator-n5-d16.pbqp,16,16,16,2,true,false,1,401.0
examples/regalloc/192-instcombine-datalayout-gettypesizeinbits-n16-d16.pbqp,7,15,16,0,false,false,1,247.0
examples/regalloc/192-instcombine-datalayout-gettypesizeinbits-n16-d16.pbqp,14,16,1,0,false,false,1,367.0
examples/regalloc/192-instcombine-datalayout-gettypesizeinbits-n16-d16.pbqp,7,16,16,0,false,false,3,654.0
examples/regalloc/192-instcombine-datalayout-gettypesizeinbits-n16-d16.pbqp,16,14,1,0,false,false,2,642.0
examples/regalloc/192-instcombine-datalayout-gettypesizeinbits-n16-d16.pbqp,16,7,1,0,false,false,2,479.0
examples/regalloc/192-instcombine-datalayout-gettypesizeinbits-n16-d16.pbqp,16,15,1,0,false,false,2,653.0
examples/regalloc/192-instcombine-datalayout-gettypesizeinbits-n16-d16.pbqp,15,7,1,0,false,false,4,813.0
examples/regalloc/192-instcombine-datalayout-gettypesizeinbits-n16-d16.pbqp,15,15,1,0,false,false,1,293.0
examples/regalloc/192-instcombine-datalayout-gettypesizeinbits-n16-d16.pbqp,15,7,16,0,false,false,1,235.0
examples/regalloc/192-instcombine-datalayout-gettypesizeinbits-n16-d16.pbqp,7,7,1,0,false,false,1,136.0
examples/regalloc/192-instcombine-datalayout-gettypesizeinbits-n16-d16.pbqp,7,14,16,0,false,false,1,198.0
examples/regalloc/192-instcombine-datalayout-gettypesizeinbits-n16-d16.pbqp,7,7,16,0,false,false,3,592.0
examples/regalloc/192-instcombine-datalayout-gettypesizeinbits-n16-d16.pbqp,14,7,1,0,false,false,1,194.0
examples/regalloc/192-instcombine-datalayout-gettypesizeinbits-n16-d16.pbqp,14,15,1,0,false,false,1,274.0
examples/regalloc/192-instcombine-datalayout-gettypesizeinbits-n16-d16.pbqp,14,7,16,0,false,false,2,441.0
examples/regalloc/192-instcombine-datalayout-gettypesizeinbits-n16-d16.pbqp,7,15,1,0,false,false,1,191.0
examples/regalloc/192-instcombine-datalayout-gettypesizeinbits-n16-d16.pbqp,7,15,1,0,false,true,7,538.0
examples/regalloc/192-instcombine-datalayout-gettypesizeinbits-n16-d16.pbqp,7,7,1,0,true,false,1,144.0
examples/regalloc/193-instcombine-fneg-match-match-n37-d16.pbqp,7,16,16,0,false,true,102,8598.0
examples/regalloc/193-instcombine-fneg-match-match-n37-d16.pbqp,16,16,1,0,false,true,14,1803.0
examples/regalloc/193-instcombine-fneg-match-match-n37-d16.pbqp,7,16,1,0,true,false,2,422.0
examples/regalloc/193-instcombine-fneg-match-match-n37-d16.pbqp,16,16,1,0,false,false,3,1190.0
examples/regalloc/193-instcombine-fneg-match-match-n37-d16.pbqp,16,7,1,0,false,false,36,10022.0
examples/regalloc/193-instcombine-fneg-match-match-n37-d16.pbqp,16,16,16,0,false,false,7,3222.0
examples/regalloc/193-instcombine-fneg-match-match-n37-d16.pbqp,7,7,1,0,false,false,4,814.0
examples/regalloc/193-instcombine-fneg-match-match-n37-d16.pbqp,7,16,16,0,false,false,8,2303.0
examples/regalloc/193-instcombine-fneg-match-match-n37-d16.pbqp,7,7,1,0,true,false,1,203.0
examples/regalloc/193-instcombine-fneg-match-match-n37-d16.pbqp,16,7,1,0,false,true,16,1287.0
examples/regalloc/193-instcombine-fneg-match-match-n37-d16.pbqp,16,16,1,2,true,false,1,588.0
examples/regalloc/194-instcombine-fneg-match-match-n35-d16.pbqp,16,16,1,0,false,true,14,1918.0
examples/regalloc/194-instcombine-fneg-match-match-n35-d16.pbqp,7,16,16,0,false,true,70,6691.0
examples/regalloc/194-instcombine-fneg-match-match-n35-d16.pbqp,7,16,1,0,true,false,2,453.0
examples/regalloc/194-instcombine-fneg-match-match-n35-d16.pbqp,16,16,1,0,false,false,3,1248.0
examples/regalloc/194-instcombine-fneg-match-match-n35-d16.pbqp,16,7,1,0,false,false,36,10149.0
examples/regalloc/194-instcombine-fneg-match-match-n35-d16.pbqp,16,16,16,0,false,false,7,3237.0
examples/regalloc/194-instcombine-fneg-match-match-n35-d16.pbqp,7,7,1,0,false,false,4,918.0
examples/regalloc/194-instcombine-fneg-match-match-n35-d16.pbqp,7,16,16,0,false,false,8,2223.0
examples/regalloc/194-instcombine-fneg-match-match-n35-d16.pbqp,7,7,1,0,true,false,1,224.0
examples/regalloc/194-instcombine-fneg-match-match-n35-d16.pbqp,16,7,1,0,false,true,16,1350.0
examples/regalloc/194-instcombine-fneg-match-match-n35-d16.pbqp,16,16,1,2,true,false,1,568.0
examples/regalloc/195-instcombine-fneg-match-match-n35-d16.pbqp,16,16,1,0,false,true,14,1843.0
examples/regalloc/195-instcombine-fneg-match-match-n35-d16.pbqp,7,16,16,0,false,true,70,6413.0
examples/regalloc/195-instcombine-fneg-match-match-n35-d16.pbqp,7,16,1,0,true,false,2,451.0
examples/regalloc/195-instcombine-fneg-match-match-n35-d16.pbqp,16,16,1,0,false,false,3,1257.0
examples/regalloc/195-instcombine-fneg-match-match-n35-d16.pbqp,16,7,1,0,false,false,36,10343.0
examples/regalloc/195-instcombine-fneg-match-match-n35-d16.pbqp,16,16,16,0,false,false,7,3247.0
examples/regalloc/195-instcombine-fneg-match-match-n35-d16.pbqp,7,7,1,0,false,false,4,924.0
examples/regalloc/195-instcombine-fneg-match-match-n35-d16.pbqp,7,16,16,0,false,false,8,2166.0
examples/regalloc/195-instcombine-fneg-match-match-n35-d16.pbqp,7,7,1,0,true,false,1,210.0
examples/regalloc/195-instcombine-fneg-match-match-n35-d16.pbqp,16,7,1,0,false,true,16,1282.0
examples/regalloc/195-instcombine-fneg-match-match-n35-d16.pbqp,16,16,1,2,true,false,1,547.0
examples/regalloc/196-instcombine-api-pred-ty-match-n19-d16.pbqp,7,16,1,0,false,true,7,643.0
examples/regalloc/196-instcombine-api-pred-ty-match-n19-d16.pbqp,7,16,16,0,false,false,7,1994.0
examples/regalloc/196-instcombine-api-pred-ty-match-n19-d16.pbqp,7,7,1,0,false,false,11,2226.0
examples/regalloc/196-instcombine-api-pred-ty-match-n19-d16.pbqp,7,7,16,0,false,false,7,1668.0
examples/regalloc/196-instcombine-api-pred-ty-match-n19-d16.pbqp,7,16,16,0,false,true,7,589.0
examples/regalloc/196-instcombine-api-pred-ty-match-n19-d16.pbqp,16,16,1,0,false,false,6,2337.0
examples/regalloc/196-instcombine-api-pred-ty-match-n19-d16.pbqp,16,7,1,0,false,false,20,5725.0
examples/regalloc/196-instcombine-api-pred-ty-match-n19-d16.pbqp,16,16,16,0,false,false,1,528.0
examples/regalloc/196-instcombine-api-pred-ty-match-n19-d16.pbqp,7,7,1,0,true,false,1,236.0
examples/regalloc/196-instcombine-api-pred-ty-match-n19-d16.pbqp,16,7,1,0,false,true,7,797.0
examples/regalloc/196-instcombine-api-pred-ty-match-n19-d16.pbqp,16,7,1,2,true,false,1,346.0
examples/regalloc/197-instcombine-api-pred-ty-match-n28-d16.pbqp,7,16,1,0,false,true,7,709.0
examples/regalloc/197-instcombine-api-pred-ty-match-n28-d16.pbqp,7,16,16,0,false,false,5,1466.0
examples/regalloc/197-instcombine-api-pred-ty-match-n28-d16.pbqp,16,16,1,0,false,false,7,2888.0
examples/regalloc/197-instcombine-api-pred-ty-match-n28-d16.pbqp,16,7,1,0,false,false,50,13790.0
examples/regalloc/197-instcombine-api-pred-ty-match-n28-d16.pbqp,16,16,16,0,false,false,2,920.0
examples/regalloc/197-instcombine-api-pred-ty-match-n28-d16.pbqp,16,15,16,0,false,false,4,1808.0
examples/regalloc/197-instcombine-api-pred-ty-match-n28-d16.pbqp,16,7,16,0,false,false,1,323.0
examples/regalloc/197-instcombine-api-pred-ty-match-n28-d16.pbqp,16,15,1,0,false,false,2,936.0
examples/regalloc/197-instcombine-api-pred-ty-match-n28-d16.pbqp,15,15,1,0,false,false,2,829.0
examples/regalloc/197-instcombine-api-pred-ty-match-n28-d16.pbqp,15,7,1,0,false,false,15,3996.0
examples/regalloc/197-instcombine-api-pred-ty-match-n28-d16.pbqp,15,7,16,0,false,false,4,1188.0
examples/regalloc/197-instcombine-api-pred-ty-match-n28-d16.pbqp,15,16,16,0,false,false,2,877.0
examples/regalloc/197-instcombine-api-pred-ty-match-n28-d16.pbqp,7,7,1,0,false,false,10,2201.0
examples/regalloc/197-instcombine-api-pred-ty-match-n28-d16.pbqp,7,7,16,0,false,false,10,2274.0
examples/regalloc/197-instcombine-api-pred-ty-match-n28-d16.pbqp,7,15,16,0,false,false,1,346.0
examples/regalloc/197-instcombine-api-pred-ty-match-n28-d16.pbqp,7,7,1,0,true,false,1,259.0
examples/regalloc/197-instcombine-api-pred-ty-match-n28-d16.pbqp,16,7,1,0,false,true,7,786.0
examples/regalloc/197-instcombine-api-pred-ty-match-n28-d16.pbqp,7,16,16,2,true,false,1,445.0
examples/regalloc/198-instcombine-api-pred-ty-match-n15-d16.pbqp,7,16,1,0,false,true,7,647.0
examples/regalloc/198-instcombine-api-pred-ty-match-n15-d16.pbqp,7,16,16,0,false,true,30,2424.0
examples/regalloc/198-instcombine-api-pred-ty-match-n15-d16.pbqp,7,16,16,0,false,false,7,1823.0
examples/regalloc/198-instcombine-api-pred-ty-match-n15-d16.pbqp,16,16,1,0,false,false,4,1446.0
examples/regalloc/198-instcombine-api-pred-ty-match-n15-d16.pbqp,16,7,1,0,false,false,13,3386.0
examples/regalloc/198-instcombine-api-pred-ty-match-n15-d16.pbqp,7,7,1,0,false,false,3,530.0
examples/regalloc/198-instcombine-api-pred-ty-match-n15-d16.pbqp,7,7,16,0,false,false,2,433.0
examples/regalloc/198-instcombine-api-pred-ty-match-n15-d16.pbqp,7,7,16,0,true,false,1,245.0
examples/regalloc/198-instcombine-api-pred-ty-match-n15-d16.pbqp,7,16,16,0,true,false,1,303.0
examples/regalloc/199-instcombine-oneuse-match-match-n18-d16.pbqp,15,16,16,0,false,true,64,6015.0
examples/regalloc/199-instcombine-oneuse-match-match-n18-d16.pbqp,16,16,16,0,false,false,9,3565.0
examples/regalloc/199-instcombine-oneuse-match-match-n18-d16.pbqp,16,16,1,0,false,false,10,3707.0
examples/regalloc/199-instcombine-oneuse-match-match-n18-d16.pbqp,16,15,1,0,false,false,8,2853.0
examples/regalloc/199-instcombine-oneuse-match-match-n18-d16.pbqp,16,16,16,0,false,true,15,1530.0
examples/regalloc/199-instcombine-oneuse-match-match-n18-d16.pbqp,16,16,1,0,false,true,15,1519.0
examples/regalloc/199-instcombine-oneuse-match-match-n18-d16.pbqp,16,15,1,0,true,false,1,445.0
examples/regalloc/200-instcombine-oneuse-match-match-n18-d16.pbqp,15,16,16,0,false,true,64,6224.0
examples/regalloc/200-instcombine-oneuse-match-match-n18-d16.pbqp,16,16,16,0,false,false,9,3721.0
examples/regalloc/200-instcombine-oneuse-match-match-n18-d16.pbqp,16,16,1,0,false,false,10,3625.0
examples/regalloc/200-instcombine-oneuse-match-match-n18-d16.pbqp,16,15,1,0,false,false,8,2985.0
examples/regalloc/200-instcombine-oneuse-match-match-n18-d16.pbqp,16,16,16,0,false,true,15,1560.0
examples/regalloc/200-instcombine-oneuse-match-match-n18-d16.pbqp,16,16,1,0,false,true,15,1538.0
examples/regalloc/200-instcombine-oneuse-match-match-n18-d16.pbqp,16,15,1,0,true,false,1,422.0
examples/regalloc/201-instcombine-oneuse-match-match-n16-d16.pbqp,15,16,16,0,false,true,7,877.0
examples/regalloc/201-instcombine-oneuse-match-match-n16-d16.pbqp,16,16,16,0,false,false,3,1243.0
examples/regalloc/201-instcombine-oneuse-match-match-n16-d16.pbqp,16,7,1,0,false,false,7,1744.0
examples/regalloc/201-instcombine-oneuse-match-match-n16-d16.pbqp,16,15,1,0,false,false,1,345.0
examples/regalloc/201-instcombine-oneuse-match-match-n16-d16.pbqp,16,15,1,0,false,true,7,822.0
examples/regalloc/201-instcombine-oneuse-match-match-n16-d16.pbqp,7,16,16,0,true,false,1,242.0
examples/regalloc/201-instcombine-oneuse-match-match-n16-d16.pbqp,7,16,16,0,false,true,23,1728.0
examples/regalloc/201-instcombine-oneuse-match-match-n16-d16.pbqp,16,16,1,0,false,false,2,750.0
examples/regalloc/201-instcombine-oneuse-match-match-n16-d16.pbqp,7,16,16,0,true,true,7,614.0
examples/regalloc/201-instcombine-oneuse-match-match-n16-d16.pbqp,7,7,1,0,true,false,1,166.0
examples/regalloc/201-instcombine-oneuse-match-match-n16-d16.pbqp,7,7,16,0,false,false,1,210.0
examples/regalloc/201-instcombine-oneuse-match-match-n16-d16.pbqp,7,15,16,0,false,false,2,438.0
examples/regalloc/201-instcombine-oneuse-match-match-n16-d16.pbqp,15,7,1,0,false,false,2,465.0
examples/regalloc/201-instcombine-oneuse-match-match-n16-d16.pbqp,15,15,16,0,false,false,1,358.0
examples/regalloc/201-instcombine-oneuse-match-match-n16-d16.pbqp,15,7,1,0,false,true,7,690.0
examples/regalloc/201-instcombine-oneuse-match-match-n16-d16.pbqp,15,7,1,2,true,false,1,279.0
examples/regalloc/202-instcombine-oneuse-match-match-n13-d16.pbqp,15,16,16,0,false,true,7,883.0
examples/regalloc/202-instcombine-oneuse-match-match-n13-d16.pbqp,7,16,16,0,false,true,37,2971.0
examples/regalloc/202-instcombine-oneuse-match-match-n13-d16.pbqp,16,15,1,0,false,false,1,348.0
examples/regalloc/202-instcombine-oneuse-match-match-n13-d16.pbqp,16,7,1,0,false,false,1,233.0
examples/regalloc/202-instcombine-oneuse-match-match-n13-d16.pbqp,16,16,16,0,false,false,1,401.0
examples/regalloc/202-instcombine-oneuse-match-match-n13-d16.pbqp,16,15,1,0,false,true,7,785.0
examples/regalloc/202-instcombine-oneuse-match-match-n13-d16.pbqp,7,16,16,0,true,false,2,503.0
examples/regalloc/202-instcombine-oneuse-match-match-n13-d16.pbqp,7,7,1,0,true,false,1,136.0
examples/regalloc/202-instcombine-oneuse-match-match-n13-d16.pbqp,7,7,16,0,false,false,1,172.0
examples/regalloc/202-instcombine-oneuse-match-match-n13-d16.pbqp,7,16,16,0,false,false,3,667.0
examples/regalloc/202-instcombine-oneuse-match-match-n13-d16.pbqp,7,7,16,0,true,false,2,372.0
examples/regalloc/203-instcombine-binaryop-match-match-n49-d16.pbqp,7,16,16,0,false,true,56,5375.0
examples/regalloc/203-instcombine-binaryop-match-match-n49-d16.pbqp,16,16,1,0,false,true,7,841.0
examples/regalloc/203-instcombine-binaryop-match-match-n49-d16.pbqp,7,16,1,0,true,false,1,229.0
examples/regalloc/203-instcombine-binaryop-match-match-n49-d16.pbqp,16,16,1,0,false,false,10,4078.0
examples/regalloc/203-instcombine-binaryop-match-match-n49-d16.pbqp,16,7,1,0,false,false,56,15476.0
examples/regalloc/203-instcombine-binaryop-match-match-n49-d16.pbqp,16,15,1,0,false,false,1,410.0
examples/regalloc/203-instcombine-binaryop-match-match-n49-d16.pbqp,7,15,1,0,false,true,7,656.0
examples/regalloc/203-instcombine-binaryop-match-match-n49-d16.pbqp,16,16,16,0,false,false,9,3867.0
examples/regalloc/203-instcombine-binaryop-match-match-n49-d16.pbqp,14,7,1,0,false,false,7,1865.0
examples/regalloc/203-instcombine-binaryop-match-match-n49-d16.pbqp,14,15,16,0,false,false,2,816.0
examples/regalloc/203-instcombine-binaryop-match-match-n49-d16.pbqp,15,7,1,0,false,false,7,1882.0
examples/regalloc/203-instcombine-binaryop-match-match-n49-d16.pbqp,16,14,1,0,false,false,2,800.0
examples/regalloc/203-instcombine-binaryop-match-match-n49-d16.pbqp,7,7,1,0,false,false,7,1520.0
examples/regalloc/203-instcombine-binaryop-match-match-n49-d16.pbqp,7,14,16,0,false,false,5,1364.0
examples/regalloc/203-instcombine-binaryop-match-match-n49-d16.pbqp,7,15,16,0,false,false,5,1338.0
examples/regalloc/203-instcombine-binaryop-match-match-n49-d16.pbqp,7,7,1,0,true,false,2,474.0
examples/regalloc/203-instcombine-binaryop-match-match-n49-d16.pbqp,7,15,16,0,false,true,14,1128.0
examples/regalloc/203-instcombine-binaryop-match-match-n49-d16.pbqp,7,14,16,0,true,false,1,301.0
examples/regalloc/203-instcombine-binaryop-match-match-n49-d16.pbqp,15,7,1,0,false,true,14,1113.0
examples/regalloc/203-instcombine-binaryop-match-match-n49-d16.pbqp,14,15,16,2,true,false,1,448.0
examples/regalloc/204-instcombine-binaryop-match-match-n45-d16.pbqp,7,16,16,0,false,true,56,5316.0
examples/regalloc/204-instcombine-binaryop-match-match-n45-d16.pbqp,16,16,1,0,false,true,7,892.0
examples/regalloc/204-instcombine-binaryop-match-match-n45-d16.pbqp,7,16,1,0,true,false,1,245.0
examples/regalloc/204-instcombine-binaryop-match-match-n45-d16.pbqp,16,16,1,0,false,false,10,3917.0
examples/regalloc/204-instcombine-binaryop-match-match-n45-d16.pbqp,16,7,1,0,false,false,49,13588.0
examples/regalloc/204-instcombine-binaryop-match-match-n45-d16.pbqp,16,15,1,0,false,false,1,369.0
examples/regalloc/204-instcombine-binaryop-match-match-n45-d16.pbqp,7,15,1,0,false,true,7,633.0
examples/regalloc/204-instcombine-binaryop-match-match-n45-d16.pbqp,16,16,16,0,false,false,9,3836.0
examples/regalloc/204-instcombine-binaryop-match-match-n45-d16.pbqp,15,7,1,0,false,false,7,1808.0
examples/regalloc/204-instcombine-binaryop-match-match-n45-d16.pbqp,7,7,1,0,false,false,7,1495.0
examples/regalloc/204-instcombine-binaryop-match-match-n45-d16.pbqp,7,15,16,0,false,false,5,1420.0
examples/regalloc/204-instcombine-binaryop-match-match-n45-d16.pbqp,7,16,16,0,false,false,5,1333.0
examples/regalloc/204-instcombine-binaryop-match-match-n45-d16.pbqp,7,7,1,0,true,false,2,411.0
examples/regalloc/204-instcombine-binaryop-match-match-n45-d16.pbqp,15,16,16,0,false,true,7,862.0
examples/regalloc/204-instcombine-binaryop-match-match-n45-d16.pbqp,7,15,16,0,true,false,1,315.0
examples/regalloc/204-instcombine-binaryop-match-match-n45-d16.pbqp,16,7,1,0,false,true,15,1275.0
examples/regalloc/204-instcombine-binaryop-match-match-n45-d16.pbqp,15,16,16,2,true,false,1,557.0
examples/regalloc/205-instcombine-binaryop-match-match-n17-d16.pbqp,16,16,16,0,false,false,3,1254.0
examples/regalloc/205-instcombine-binaryop-match-match-n17-d16.pbqp,7,16,16,0,false,true,28,2393.0
examples/regalloc/205-instcombine-binaryop-match-match-n17-d16.pbqp,16,7,1,0,false,false,10,2473.0
examples/regalloc/205-instcombine-binaryop-match-match-n17-d16.pbqp,15,7,1,0,false,false,6,1430.0
examples/regalloc/205-instcombine-binaryop-match-match-n17-d16.pbqp,7,7,1,0,false,false,4,536.0
examples/regalloc/205-instcombine-binaryop-match-match-n17-d16.pbqp,7,16,16,0,false,false,2,425.0
examples/regalloc/205-instcombine-binaryop-match-match-n17-d16.pbqp,16,7,1,0,false,true,7,735.0
examples/regalloc/205-instcombine-binaryop-match-match-n17-d16.pbqp,16,7,1,2,true,false,1,273.0
examples/regalloc/206-instcombine-binaryop-match-match-n21-d16.pbqp,16,16,16,0,false,false,1,468.0
examples/regalloc/206-instcombine-binaryop-match-match-n21-d16.pbqp,7,16,16,0,false,true,7,639.0
examples/regalloc/206-instcombine-binaryop-match-match-n21-d16.pbqp,16,7,1,0,false,false,20,5136.0
examples/regalloc/206-instcombine-binaryop-match-match-n21-d16.pbqp,16,15,1,0,false,false,3,1078.0
examples/regalloc/206-instcombine-binaryop-match-match-n21-d16.pbqp,7,15,1,0,false,true,7,504.0
examples/regalloc/206-instcombine-binaryop-match-match-n21-d16.pbqp,15,7,1,0,false,false,6,1351.0
examples/regalloc/206-instcombine-binaryop-match-match-n21-d16.pbqp,7,7,1,0,false,false,4,667.0
examples/regalloc/206-instcombine-binaryop-match-match-n21-d16.pbqp,7,16,16,0,false,false,3,712.0
examples/regalloc/206-instcombine-binaryop-match-match-n21-d16.pbqp,7,15,16,0,false,false,3,728.0
examples/regalloc/206-instcombine-binaryop-match-match-n21-d16.pbqp,16,15,16,0,false,false,1,458.0
examples/regalloc/206-instcombine-binaryop-match-match-n21-d16.pbqp,7,15,16,0,false,true,7,590.0
examples/regalloc/206-instcombine-binaryop-match-match-n21-d16.pbqp,7,7,1,0,true,false,1,189.0
examples/regalloc/206-instcombine-binaryop-match-match-n21-d16.pbqp,15,7,1,0,false,true,16,1182.0
examples/regalloc/206-instcombine-binaryop-match-match-n21-d16.pbqp,15,16,1,2,true,false,1,436.0
examples/regalloc/207-instcombine-binaryop-match-match-n18-d16.pbqp,16,16,1,0,false,true,7,1310.0
examples/regalloc/207-instcombine-binaryop-match-match-n18-d16.pbqp,7,16,1,0,true,false,1,338.0
examples/regalloc/207-instcombine-binaryop-match-match-n18-d16.pbqp,16,7,1,0,false,false,23,7153.0
examples/regalloc/207-instcombine-binaryop-match-match-n18-d16.pbqp,16,16,16,0,false,false,3,1881.0
examples/regalloc/207-instcombine-binaryop-match-match-n18-d16.pbqp,7,16,16,0,false,true,7,824.0
examples/regalloc/207-instcombine-binaryop-match-match-n18-d16.pbqp,16,7,16,0,false,false,1,397.0
examples/regalloc/207-instcombine-binaryop-match-match-n18-d16.pbqp,7,7,1,0,false,false,8,1864.0
examples/regalloc/207-instcombine-binaryop-match-match-n18-d16.pbqp,7,16,16,0,false,false,9,3197.0
examples/regalloc/207-instcombine-binaryop-match-match-n18-d16.pbqp,7,7,16,0,false,false,1,295.0
examples/regalloc/207-instcombine-binaryop-match-match-n18-d16.pbqp,16,16,1,0,false,false,1,664.0
examples/regalloc/207-instcombine-binaryop-match-match-n18-d16.pbqp,7,7,1,0,true,false,1,326.0
examples/regalloc/207-instcombine-binaryop-match-match-n18-d16.pbqp,16,7,1,0,false,true,16,1638.0
examples/regalloc/207-instcombine-binaryop-match-match-n18-d16.pbqp,16,16,16,2,true,false,1,1111.0
examples/regalloc/208-instcombine-binaryop-match-match-n28-d16.pbqp,16,16,16,0,false,false,5,2330.0
examples/regalloc/208-instcombine-binaryop-match-match-n28-d16.pbqp,16,7,1,0,false,false,32,9288.0
examples/regalloc/208-instcombine-binaryop-match-match-n28-d16.pbqp,7,16,16,0,false,true,30,2600.0
examples/regalloc/208-instcombine-binaryop-match-match-n28-d16.pbqp,16,15,1,0,false,false,1,485.0
examples/regalloc/208-instcombine-binaryop-match-match-n28-d16.pbqp,7,15,1,0,false,true,7,637.0
examples/regalloc/208-instcombine-binaryop-match-match-n28-d16.pbqp,16,16,1,0,false,false,3,1666.0
examples/regalloc/208-instcombine-binaryop-match-match-n28-d16.pbqp,7,16,16,0,true,true,7,664.0
examples/regalloc/208-instcombine-binaryop-match-match-n28-d16.pbqp,7,7,1,0,true,false,2,510.0
examples/regalloc/208-instcombine-binaryop-match-match-n28-d16.pbqp,7,7,16,0,false,false,2,543.0
examples/regalloc/208-instcombine-binaryop-match-match-n28-d16.pbqp,7,15,16,0,false,false,2,662.0
examples/regalloc/208-instcombine-binaryop-match-match-n28-d16.pbqp,15,7,1,0,false,false,2,639.0
examples/regalloc/208-instcombine-binaryop-match-match-n28-d16.pbqp,15,15,16,0,false,false,1,500.0
examples/regalloc/208-instcombine-binaryop-match-match-n28-d16.pbqp,15,7,1,0,false,true,7,860.0
examples/regalloc/208-instcombine-binaryop-match-match-n28-d16.pbqp,7,15,16,2,true,false,1,414.0
examples/regalloc/208-instcombine-binaryop-match-match-n28-d16.pbqp,16,7,16,0,false,false,1,346.0
examples/regalloc/208-instcombine-binaryop-match-match-n28-d16.pbqp,7,7,1,0,false,false,8,1896.0
examples/regalloc/208-instcombine-binaryop-match-match-n28-d16.pbqp,7,16,16,0,false,false,8,2371.0
examples/regalloc/208-instcombine-binaryop-match-match-n28-d16.pbqp,16,7,1,0,false,true,16,1339.0
examples/regalloc/208-instcombine-binaryop-match-match-n28-d16.pbqp,16,16,16,2,true,false,1,691.0
examples/regalloc/209-instcombine-binaryop-match-match-n15-d16.pbqp,7,16,16,0,false,true,37,3005.0
examples/regalloc/209-instcombine-binaryop-match-match-n15-d16.pbqp,16,16,16,0,false,false,3,1214.0
examples/regalloc/209-instcombine-binaryop-match-match-n15-d16.pbqp,15,7,1,0,false,false,2,477.0
examples/regalloc/209-instcombine-binaryop-match-match-n15-d16.pbqp,15,16,16,0,false,false,1,412.0
examples/regalloc/209-instcombine-binaryop-match-match-n15-d16.pbqp,7,7,1,0,true,false,1,177.0
examples/regalloc/209-instcombine-binaryop-match-match-n15-d16.pbqp,16,7,1,0,false,false,5,1216.0
examples/regalloc/209-instcombine-binaryop-match-match-n15-d16.pbqp,16,7,16,0,false,false,1,258.0
examples/regalloc/209-instcombine-binaryop-match-match-n15-d16.pbqp,16,16,1,0,false,false,1,349.0
examples/regalloc/209-instcombine-binaryop-match-match-n15-d16.pbqp,7,16,16,0,true,true,7,617.0
examples/regalloc/209-instcombine-binaryop-match-match-n15-d16.pbqp,7,7,16,0,true,false,1,208.0
examples/regalloc/209-instcombine-binaryop-match-match-n15-d16.pbqp,7,7,16,0,false,false,1,206.0
examples/regalloc/209-instcombine-binaryop-match-match-n15-d16.pbqp,7,16,16,0,false,false,1,250.0
examples/regalloc/209-instcombine-binaryop-match-match-n15-d16.pbqp,16,7,1,0,false,true,7,688.0
examples/regalloc/209-instcombine-binaryop-match-match-n15-d16.pbqp,7,16,16,2,true,false,1,284.0
examples/regalloc/210-instcombine-binaryop-match-match-n19-d16.pbqp,7,16,16,0,false,true,28,2757.0
examples/regalloc/210-instcombine-binaryop-match-match-n19-d16.pbqp,16,16,16,0,false,false,7,2834.0
examples/regalloc/210-instcombine-binaryop-match-match-n19-d16.pbqp,16,16,1,0,false,false,4,1577.0
examples/regalloc/210-instcombine-binaryop-match-match-n19-d16.pbqp,16,7,1,0,false,false,16,4240.0
examples/regalloc/210-instcombine-binaryop-match-match-n19-d16.pbqp,15,16,1,0,false,false,2,742.0
examples/regalloc/210-instcombine-binaryop-match-match-n19-d16.pbqp,15,7,1,0,false,false,4,933.0
examples/regalloc/210-instcombine-binaryop-match-match-n19-d16.pbqp,16,7,1,0,false,true,7,872.0
examples/regalloc/210-instcombine-binaryop-match-match-n19-d16.pbqp,16,7,1,2,true,false,1,461.0
examples/regalloc/211-instcombine-binaryop-match-match-n19-d16.pbqp,7,16,16,0,false,true,28,2526.0
examples/regalloc/211-instcombine-binaryop-match-match-n19-d16.pbqp,16,16,16,0,false,false,7,3044.0
examples/regalloc/211-instcombine-binaryop-match-match-n19-d16.pbqp,16,16,1,0,false,false,4,1417.0
examples/regalloc/211-instcombine-binaryop-match-match-n19-d16.pbqp,16,7,1,0,false,false,16,4472.0
examples/regalloc/211-instcombine-binaryop-match-match-n19-d16.pbqp,15,16,1,0,false,false,2,707.0
examples/regalloc/211-instcombine-binaryop-match-match-n19-d16.pbqp,15,7,1,0,false,false,4,943.0
examples/regalloc/211-instcombine-binaryop-match-match-n19-d16.pbqp,16,7,1,0,false,true,7,706.0
examples/regalloc/211-instcombine-binaryop-match-match-n19-d16.pbqp,16,7,1,2,true,false,1,360.0
examples/regalloc/212-instcombine-binaryop-match-match-n29-d16.pbqp,7,16,16,0,false,true,83,6935.0
examples/regalloc/212-instcombine-binaryop-match-match-n29-d16.pbqp,16,16,1,0,false,true,7,944.0
examples/regalloc/212-instcombine-binaryop-match-match-n29-d16.pbqp,7,16,1,0,true,false,1,234.0
examples/regalloc/212-instcombine-binaryop-match-match-n29-d16.pbqp,15,7,1,0,false,false,4,983.0
examples/regalloc/212-instcombine-binaryop-match-match-n29-d16.pbqp,15,16,16,0,false,false,2,821.0
examples/regalloc/212-instcombine-binaryop-match-match-n29-d16.pbqp,16,16,1,0,false,false,8,3357.0
examples/regalloc/212-instcombine-binaryop-match-match-n29-d16.pbqp,16,7,1,0,false,false,16,4475.0
examples/regalloc/212-instcombine-binaryop-match-match-n29-d16.pbqp,16,16,16,0,false,false,7,3087.0
examples/regalloc/212-instcombine-binaryop-match-match-n29-d16.pbqp,16,15,1,0,false,false,1,480.0
examples/regalloc/212-instcombine-binaryop-match-match-n29-d16.pbqp,7,15,1,0,false,true,7,640.0
examples/regalloc/212-instcombine-binaryop-match-match-n29-d16.pbqp,16,7,1,0,true,false,1,322.0
examples/regalloc/212-instcombine-binaryop-match-match-n29-d16.pbqp,7,16,16,0,true,false,1,333.0
examples/regalloc/212-instcombine-binaryop-match-match-n29-d16.pbqp,7,7,1,0,true,false,1,226.0
examples/regalloc/212-instcombine-binaryop-match-match-n29-d16.pbqp,7,16,16,0,false,false,2,563.0
examples/regalloc/212-instcombine-binaryop-match-match-n29-d16.pbqp,16,7,1,0,false,true,16,1313.0
examples/regalloc/212-instcombine-binaryop-match-match-n29-d16.pbqp,16,16,16,2,true,false,1,692.0
examples/regalloc/213-instcombine-binaryop-match-match-n16-d16.pbqp,7,16,16,0,false,true,37,2938.0
examples/regalloc/213-instcombine-binaryop-match-match-n16-d16.pbqp,16,16,16,0,false,false,2,790.0
examples/regalloc/213-instcombine-binaryop-match-match-n16-d16.pbqp,14,7,1,0,false,false,2,425.0
examples/regalloc/213-instcombine-binaryop-match-match-n16-d16.pbqp,14,16,16,0,false,false,1,411.0
examples/regalloc/213-instcombine-binaryop-match-match-n16-d16.pbqp,7,7,1,0,true,false,1,144.0
examples/regalloc/213-instcombine-binaryop-match-match-n16-d16.pbqp,16,7,1,0,false,false,6,1424.0
examples/regalloc/213-instcombine-binaryop-match-match-n16-d16.pbqp,16,16,1,0,false,false,2,766.0
examples/regalloc/213-instcombine-binaryop-match-match-n16-d16.pbqp,7,16,16,0,true,true,7,567.0
examples/regalloc/213-instcombine-binaryop-match-match-n16-d16.pbqp,7,7,16,0,true,false,1,176.0
examples/regalloc/213-instcombine-binaryop-match-match-n16-d16.pbqp,7,7,16,0,false,false,2,314.0
examples/regalloc/213-instcombine-binaryop-match-match-n16-d16.pbqp,7,15,16,0,false,false,4,907.0
examples/regalloc/213-instcombine-binaryop-match-match-n16-d16.pbqp,15,15,1,0,false,true,7,889.0
examples/regalloc/213-instcombine-binaryop-match-match-n16-d16.pbqp,15,7,1,0,true,false,1,262.0
examples/regalloc/214-instcombine-binaryop-match-match-n17-d16.pbqp,7,16,16,0,false,true,14,1244.0
examples/regalloc/214-instcombine-binaryop-match-match-n17-d16.pbqp,7,15,16,0,false,true,16,1062.0
examples/regalloc/214-instcombine-binaryop-match-match-n17-d16.pbqp,16,16,16,0,false,false,2,754.0
examples/regalloc/214-instcombine-binaryop-match-match-n17-d16.pbqp,16,7,1,0,false,false,13,2866.0
examples/regalloc/214-instcombine-binaryop-match-match-n17-d16.pbqp,16,16,1,0,false,false,4,1485.0
examples/regalloc/214-instcombine-binaryop-match-match-n17-d16.pbqp,16,15,1,0,false,false,1,344.0
examples/regalloc/214-instcombine-binaryop-match-match-n17-d16.pbqp,7,7,1,0,false,false,2,268.0
examples/regalloc/214-instcombine-binaryop-match-match-n17-d16.pbqp,7,15,16,0,false,false,1,215.0
examples/regalloc/214-instcombine-binaryop-match-match-n17-d16.pbqp,7,16,16,0,false,false,4,846.0
examples/regalloc/214-instcombine-binaryop-match-match-n17-d16.pbqp,15,7,1,0,false,false,2,455.0
examples/regalloc/214-instcombine-binaryop-match-match-n17-d16.pbqp,15,16,16,0,false,false,1,360.0
examples/regalloc/214-instcombine-binaryop-match-match-n17-d16.pbqp,7,7,1,0,true,false,1,131.0
examples/regalloc/214-instcombine-binaryop-match-match-n17-d16.pbqp,7,16,16,0,true,false,1,206.0
examples/regalloc/214-instcombine-binaryop-match-match-n17-d16.pbqp,16,16,16,0,false,true,16,1731.0
examples/regalloc/214-instcombine-binaryop-match-match-n17-d16.pbqp,16,16,16,0,true,false,1,548.0
examples/regalloc/215-instcombine-binaryop-match-match-n41-d16.pbqp,7,16,16,0,false,true,79,7430.0
examples/regalloc/215-instcombine-binaryop-match-match-n41-d16.pbqp,16,16,1,0,false,false,11,4518.0
examples/regalloc/215-instcombine-binaryop-match-match-n41-d16.pbqp,16,7,1,0,false,false,43,11910.0
examples/regalloc/215-instcombine-binaryop-match-match-n41-d16.pbqp,16,15,1,0,false,false,2,792.0
examples/regalloc/215-instcombine-binaryop-match-match-n41-d16.pbqp,16,16,16,0,false,false,14,5842.0
examples/regalloc/215-instcombine-binaryop-match-match-n41-d16.pbqp,15,7,1,0,false,false,4,958.0
examples/regalloc/215-instcombine-binaryop-match-match-n41-d16.pbqp,15,16,16,0,false,false,2,811.0
examples/regalloc/215-instcombine-binaryop-match-match-n41-d16.pbqp,16,7,1,0,true,false,1,289.0
examples/regalloc/215-instcombine-binaryop-match-match-n41-d16.pbqp,16,7,16,0,false,false,1,313.0
examples/regalloc/215-instcombine-binaryop-match-match-n41-d16.pbqp,16,7,1,0,false,true,14,1658.0
examples/regalloc/215-instcombine-binaryop-match-match-n41-d16.pbqp,16,16,1,0,false,true,7,953.0
examples/regalloc/215-instcombine-binaryop-match-match-n41-d16.pbqp,7,15,1,0,false,true,7,625.0
examples/regalloc/215-instcombine-binaryop-match-match-n41-d16.pbqp,16,7,1,2,true,false,2,763.0
examples/regalloc/216-instcombine-binaryop-match-match-n15-d16.pbqp,7,16,16,0,false,true,28,2340.0
examples/regalloc/216-instcombine-binaryop-match-match-n15-d16.pbqp,16,16,16,0,false,false,1,389.0
examples/regalloc/216-instcombine-binaryop-match-match-n15-d16.pbqp,16,15,1,0,false,false,4,1284.0
examples/regalloc/216-instcombine-binaryop-match-match-n15-d16.pbqp,16,7,1,0,false,false,8,1890.0
examples/regalloc/216-instcombine-binaryop-match-match-n15-d16.pbqp,15,7,1,0,false,false,4,841.0
examples/regalloc/216-instcombine-binaryop-match-match-n15-d16.pbqp,15,16,16,0,false,false,2,681.0
examples/regalloc/216-instcombine-binaryop-match-match-n15-d16.pbqp,16,7,1,0,false,true,7,730.0
examples/regalloc/216-instcombine-binaryop-match-match-n15-d16.pbqp,16,7,1,2,true,false,1,264.0
examples/regalloc/217-instcombine-binaryop-match-match-n51-d16.pbqp,7,16,16,0,false,true,88,7387.0
examples/regalloc/217-instcombine-binaryop-match-match-n51-d16.pbqp,16,16,16,0,false,false,33,13255.0
examples/regalloc/217-instcombine-binaryop-match-match-n51-d16.pbqp,7,16,16,0,false,false,8,2224.0
examples/regalloc/217-instcombine-binaryop-match-match-n51-d16.pbqp,7,16,16,0,true,true,7,548.0
examples/regalloc/217-instcombine-binaryop-match-match-n51-d16.pbqp,16,7,1,0,false,false,56,15723.0
examples/regalloc/217-instcombine-binaryop-match-match-n51-d16.pbqp,16,7,16,0,false,false,1,327.0
examples/regalloc/217-instcombine-binaryop-match-match-n51-d16.pbqp,16,15,1,0,false,false,1,435.0
examples/regalloc/217-instcombine-binaryop-match-match-n51-d16.pbqp,7,15,1,0,false,true,7,624.0
examples/regalloc/217-instcombine-binaryop-match-match-n51-d16.pbqp,16,16,1,0,false,false,22,9332.0
examples/regalloc/217-instcombine-binaryop-match-match-n51-d16.pbqp,7,7,16,0,true,false,1,214.0
examples/regalloc/217-instcombine-binaryop-match-match-n51-d16.pbqp,7,16,16,0,true,false,1,341.0
examples/regalloc/217-instcombine-binaryop-match-match-n51-d16.pbqp,7,7,1,0,true,false,1,257.0
examples/regalloc/217-instcombine-binaryop-match-match-n51-d16.pbqp,16,7,1,0,false,true,16,1332.0
examples/regalloc/217-instcombine-binaryop-match-match-n51-d16.pbqp,16,16,16,2,true,false,1,612.0
examples/regalloc/218-instcombine-binaryop-match-match-n28-d16.pbqp,7,16,16,0,false,true,49,4350.0
examples/regalloc/218-instcombine-binaryop-match-match-n28-d16.pbqp,7,15,16,0,false,true,14,1347.0
examples/regalloc/218-instcombine-binaryop-match-match-n28-d16.pbqp,16,16,1,0,false,false,1,606.0
examples/regalloc/218-instcombine-binaryop-match-match-n28-d16.pbqp,16,7,1,0,false,false,21,6137.0
examples/regalloc/218-instcombine-binaryop-match-match-n28-d16.pbqp,16,15,1,0,false,false,3,1356.0
examples/regalloc/218-instcombine-binaryop-match-match-n28-d16.pbqp,15,7,1,0,false,false,5,1364.0
examples/regalloc/218-instcombine-binaryop-match-match-n28-d16.pbqp,15,16,16,0,false,false,2,935.0
examples/regalloc/218-instcombine-binaryop-match-match-n28-d16.pbqp,7,7,1,0,true,false,2,491.0
examples/regalloc/218-instcombine-binaryop-match-match-n28-d16.pbqp,7,16,16,0,false,false,5,1519.0
examples/regalloc/218-instcombine-binaryop-match-match-n28-d16.pbqp,16,16,1,0,false,true,7,1089.0
examples/regalloc/218-instcombine-binaryop-match-match-n28-d16.pbqp,7,15,1,0,false,true,7,700.0
examples/regalloc/218-instcombine-binaryop-match-match-n28-d16.pbqp,16,16,16,0,false,false,1,571.0
examples/regalloc/218-instcombine-binaryop-match-match-n28-d16.pbqp,7,7,1,0,false,false,2,402.0
examples/regalloc/218-instcombine-binaryop-match-match-n28-d16.pbqp,7,16,16,0,true,false,1,300.0
examples/regalloc/218-instcombine-binaryop-match-match-n28-d16.pbqp,16,7,1,0,false,true,16,1394.0
examples/regalloc/218-instcombine-binaryop-match-match-n28-d16.pbqp,16,16,1,2,true,false,1,842.0
examples/regalloc/219-instcombine-binaryop-match-match-n15-d16.pbqp,7,16,16,0,false,true,35,2921.0
examples/regalloc/219-instcombine-binaryop-match-match-n15-d16.pbqp,16,15,1,0,false,true,7,846.0
examples/regalloc/219-instcombine-binaryop-match-match-n15-d16.pbqp,7,16,16,0,true,false,1,217.0
examples/regalloc/219-instcombine-binaryop-match-match-n15-d16.pbqp,7,15,16,0,false,true,14,1152.0
examples/regalloc/219-instcombine-binaryop-match-match-n15-d16.pbqp,16,15,1,0,false,false,1,357.0
examples/regalloc/219-instcombine-binaryop-match-match-n15-d16.pbqp,16,7,1,0,false,false,2,473.0
examples/regalloc/219-instcombine-binaryop-match-match-n15-d16.pbqp,15,7,1,0,false,false,2,413.0
examples/regalloc/219-instcombine-binaryop-match-match-n15-d16.pbqp,15,16,16,0,false,false,1,358.0
examples/regalloc/219-instcombine-binaryop-match-match-n15-d16.pbqp,7,7,1,0,true,false,1,144.0
examples/regalloc/219-instcombine-binaryop-match-match-n15-d16.pbqp,7,16,16,0,false,false,2,467.0
examples/regalloc/219-instcombine-binaryop-match-match-n15-d16.pbqp,16,7,1,0,false,true,16,1168.0
examples/regalloc/219-instcombine-binaryop-match-match-n15-d16.pbqp,16,16,16,2,true,false,1,457.0
examples/regalloc/220-instcombine-binaryop-match-match-n45-d16.pbqp,7,16,16,0,false,true,37,3324.0
examples/regalloc/220-instcombine-binaryop-match-match-n45-d16.pbqp,16,16,16,0,false,false,11,5174.0
examples/regalloc/220-instcombine-binaryop-match-match-n45-d16.pbqp,7,15,16,0,false,true,16,1351.0
examples/regalloc/220-instcombine-binaryop-match-match-n45-d16.pbqp,16,16,1,0,false,false,13,5767.0
examples/regalloc/220-instcombine-binaryop-match-match-n45-d16.pbqp,16,7,1,0,false,false,41,12051.0
examples/regalloc/220-instcombine-binaryop-match-match-n45-d16.pbqp,16,7,1,0,true,false,1,270.0
examples/regalloc/220-instcombine-binaryop-match-match-n45-d16.pbqp,16,16,1,0,false,true,7,936.0
examples/regalloc/220-instcombine-binaryop-match-match-n45-d16.pbqp,7,16,16,0,true,false,2,641.0
examples/regalloc/220-instcombine-binaryop-match-match-n45-d16.pbqp,16,15,1,0,false,false,1,521.0
examples/regalloc/220-instcombine-binaryop-match-match-n45-d16.pbqp,7,15,1,0,false,true,7,665.0
examples/regalloc/220-instcombine-binaryop-match-match-n45-d16.pbqp,15,16,1,0,false,false,1,383.0
examples/regalloc/220-instcombine-binaryop-match-match-n45-d16.pbqp,15,7,1,0,false,false,16,4531.0
examples/regalloc/220-instcombine-binaryop-match-match-n45-d16.pbqp,16,16,16,0,false,true,23,3091.0
examples/regalloc/220-instcombine-binaryop-match-match-n45-d16.pbqp,15,15,16,0,false,false,2,957.0
examples/regalloc/220-instcombine-binaryop-match-match-n45-d16.pbqp,7,7,1,0,false,false,10,2227.0
examples/regalloc/220-instcombine-binaryop-match-match-n45-d16.pbqp,7,15,16,0,false,false,2,670.0
examples/regalloc/220-instcombine-binaryop-match-match-n45-d16.pbqp,7,16,16,0,false,false,12,3673.0
examples/regalloc/220-instcombine-binaryop-match-match-n45-d16.pbqp,7,7,1,0,true,false,1,264.0
examples/regalloc/220-instcombine-binaryop-match-match-n45-d16.pbqp,16,16,1,0,true,false,1,523.0
examples/regalloc/221-instcombine-binaryop-match-match-n27-d16.pbqp,16,16,16,0,false,false,4,1704.0
examples/regalloc/221-instcombine-binaryop-match-match-n27-d16.pbqp,7,16,16,0,false,true,14,1231.0
examples/regalloc/221-instcombine-binaryop-match-match-n27-d16.pbqp,16,15,1,0,false,false,1,479.0
examples/regalloc/221-instcombine-binaryop-match-match-n27-d16.pbqp,16,7,1,0,false,false,26,6671.0
examples/regalloc/221-instcombine-binaryop-match-match-n27-d16.pbqp,7,15,1,0,false,true,7,567.0
examples/regalloc/221-instcombine-binaryop-match-match-n27-d16.pbqp,15,7,1,0,false,false,14,3513.0
examples/regalloc/221-instcombine-binaryop-match-match-n27-d16.pbqp,15,15,16,0,false,false,2,770.0
examples/regalloc/221-instcombine-binaryop-match-match-n27-d16.pbqp,7,7,1,0,false,false,10,2003.0
examples/regalloc/221-instcombine-binaryop-match-match-n27-d16.pbqp,7,15,16,0,false,false,2,585.0
examples/regalloc/221-instcombine-binaryop-match-match-n27-d16.pbqp,7,16,16,0,false,false,12,3212.0
examples/regalloc/221-instcombine-binaryop-match-match-n27-d16.pbqp,16,16,1,0,false,false,2,895.0
examples/regalloc/221-instcombine-binaryop-match-match-n27-d16.pbqp,7,7,1,0,true,false,1,262.0
examples/regalloc/221-instcombine-binaryop-match-match-n27-d16.pbqp,16,16,16,0,false,true,16,1722.0
examples/regalloc/221-instcombine-binaryop-match-match-n27-d16.pbqp,16,16,1,0,true,false,1,479.0
examples/regalloc/222-instcombine-binaryop-match-match-n33-d16.pbqp,7,16,16,0,false,true,28,2485.0
examples/regalloc/222-instcombine-binaryop-match-match-n33-d16.pbqp,16,16,16,0,false,false,3,1239.0
examples/regalloc/222-instcombine-binaryop-match-match-n33-d16.pbqp,16,7,1,0,false,false,46,12487.0
examples/regalloc/222-instcombine-binaryop-match-match-n33-d16.pbqp,16,15,1,0,false,false,1,393.0
examples/regalloc/222-instcombine-binaryop-match-match-n33-d16.pbqp,7,15,1,0,false,true,7,535.0
examples/regalloc/222-instcombine-binaryop-match-match-n33-d16.pbqp,16,7,16,0,false,false,2,576.0
examples/regalloc/222-instcombine-binaryop-match-match-n33-d16.pbqp,7,7,1,0,false,false,19,3473.0
examples/regalloc/222-instcombine-binaryop-match-match-n33-d16.pbqp,7,16,16,0,false,false,16,4345.0
examples/regalloc/222-instcombine-binaryop-match-match-n33-d16.pbqp,16,16,1,0,false,false,4,1631.0
examples/regalloc/222-instcombine-binaryop-match-match-n33-d16.pbqp,7,7,16,0,false,false,4,858.0
examples/regalloc/222-instcombine-binaryop-match-match-n33-d16.pbqp,7,7,1,0,true,false,2,418.0
examples/regalloc/222-instcombine-binaryop-match-match-n33-d16.pbqp,16,16,1,0,false,true,7,951.0
examples/regalloc/222-instcombine-binaryop-match-match-n33-d16.pbqp,7,16,16,0,true,false,1,331.0
examples/regalloc/222-instcombine-binaryop-match-match-n33-d16.pbqp,16,7,1,0,false,true,16,1308.0
examples/regalloc/222-instcombine-binaryop-match-match-n33-d16.pbqp,16,16,1,2,true,false,1,542.0
examples/regalloc/223-instcombine-binaryop-match-match-n16-d16.pbqp,7,16,16,0,false,true,35,2917.0
examples/regalloc/223-instcombine-binaryop-match-match-n16-d16.pbqp,16,15,1,0,false,true,7,810.0
examples/regalloc/223-instcombine-binaryop-match-match-n16-d16.pbqp,7,16,16,0,true,false,1,230.0
examples/regalloc/223-instcombine-binaryop-match-match-n16-d16.pbqp,7,14,16,0,false,true,7,517.0
examples/regalloc/223-instcombine-binaryop-match-match-n16-d16.pbqp,7,16,16,0,false,false,1,209.0
examples/regalloc/223-instcombine-binaryop-match-match-n16-d16.pbqp,16,7,1,0,false,false,4,912.0
examples/regalloc/223-instcombine-binaryop-match-match-n16-d16.pbqp,16,16,16,0,false,false,1,357.0
examples/regalloc/223-instcombine-binaryop-match-match-n16-d16.pbqp,16,15,1,0,false,false,1,335.0
examples/regalloc/223-instcombine-binaryop-match-match-n16-d16.pbqp,7,7,1,0,true,false,1,131.0
examples/regalloc/223-instcombine-binaryop-match-match-n16-d16.pbqp,7,15,16,0,false,false,1,279.0
examples/regalloc/223-instcombine-binaryop-match-match-n16-d16.pbqp,7,14,16,0,false,false,1,202.0
examples/regalloc/223-instcombine-binaryop-match-match-n16-d16.pbqp,14,15,1,0,false,true,7,803.0
examples/regalloc/223-instcombine-binaryop-match-match-n16-d16.pbqp,14,7,1,0,true,false,1,220.0
examples/regalloc/224-instcombine-binaryop-match-match-n14-d16.pbqp,16,16,16,0,false,false,1,639.0
examples/regalloc/224-instcombine-binaryop-match-match-n14-d16.pbqp,7,16,16,0,false,true,32,2698.0
examples/regalloc/224-instcombine-binaryop-match-match-n14-d16.pbqp,16,16,1,0,false,true,7,1283.0
examples/regalloc/224-instcombine-binaryop-match-match-n14-d16.pbqp,7,16,1,0,true,false,1,270.0
examples/regalloc/224-instcombine-binaryop-match-match-n14-d16.pbqp,16,7,1,0,false,false,7,2177.0
examples/regalloc/224-instcombine-binaryop-match-match-n14-d16.pbqp,16,7,16,0,false,false,1,370.0
examples/regalloc/224-instcombine-binaryop-match-match-n14-d16.pbqp,7,7,1,0,false,false,9,1715.0
examples/regalloc/224-instcombine-binaryop-match-match-n14-d16.pbqp,7,7,16,0,false,false,4,1091.0
examples/regalloc/224-instcombine-binaryop-match-match-n14-d16.pbqp,7,16,16,0,false,false,7,2227.0
examples/regalloc/224-instcombine-binaryop-match-match-n14-d16.pbqp,7,16,16,0,true,false,1,460.0
examples/regalloc/225-instcombine-binaryop-match-match-n14-d16.pbqp,16,16,16,0,false,false,1,716.0
examples/regalloc/225-instcombine-binaryop-match-match-n14-d16.pbqp,7,16,16,0,false,true,32,2992.0
examples/regalloc/225-instcombine-binaryop-match-match-n14-d16.pbqp,16,16,1,0,false,true,7,1395.0
examples/regalloc/225-instcombine-binaryop-match-match-n14-d16.pbqp,7,16,1,0,true,false,1,302.0
examples/regalloc/225-instcombine-binaryop-match-match-n14-d16.pbqp,16,7,1,0,false,false,7,2254.0
examples/regalloc/225-instcombine-binaryop-match-match-n14-d16.pbqp,16,7,16,0,false,false,1,427.0
examples/regalloc/225-instcombine-binaryop-match-match-n14-d16.pbqp,7,7,1,0,false,false,9,1920.0
examples/regalloc/225-instcombine-binaryop-match-match-n14-d16.pbqp,7,7,16,0,false,false,4,987.0
examples/regalloc/225-instcombine-binaryop-match-match-n14-d16.pbqp,7,16,16,0,false,false,7,2368.0
examples/regalloc/225-instcombine-binaryop-match-match-n14-d16.pbqp,7,16,16,0,true,false,1,494.0
examples/regalloc/226-instcombine-binaryop-match-match-n17-d16.pbqp,16,16,1,0,false,true,7,901.0
examples/regalloc/226-instcombine-binaryop-match-match-n17-d16.pbqp,7,16,1,0,true,false,1,187.0
examples/regalloc/226-instcombine-binaryop-match-match-n17-d16.pbqp,16,7,1,0,false,false,24,5934.0
examples/regalloc/226-instcombine-binaryop-match-match-n17-d16.pbqp,14,7,1,0,false,false,3,598.0
examples/regalloc/226-instcombine-binaryop-match-match-n17-d16.pbqp,16,16,16,0,false,false,1,424.0
examples/regalloc/226-instcombine-binaryop-match-match-n17-d16.pbqp,16,15,1,0,false,false,1,344.0
examples/regalloc/226-instcombine-binaryop-match-match-n17-d16.pbqp,7,7,1,0,false,false,2,337.0
examples/regalloc/226-instcombine-binaryop-match-match-n17-d16.pbqp,7,15,16,0,false,false,1,209.0
examples/regalloc/226-instcombine-binaryop-match-match-n17-d16.pbqp,7,14,16,0,false,false,1,250.0
examples/regalloc/226-instcombine-binaryop-match-match-n17-d16.pbqp,15,7,1,0,false,false,2,487.0
examples/regalloc/226-instcombine-binaryop-match-match-n17-d16.pbqp,15,14,16,0,false,false,1,382.0
examples/regalloc/226-instcombine-binaryop-match-match-n17-d16.pbqp,14,7,1,0,false,true,7,664.0
examples/regalloc/226-instcombine-binaryop-match-match-n17-d16.pbqp,14,7,1,2,true,false,1,224.0
examples/regalloc/227-instcombine-binaryop-match-match-n31-d16.pbqp,16,16,16,0,false,false,7,3352.0
examples/regalloc/227-instcombine-binaryop-match-match-n31-d16.pbqp,7,16,16,0,false,true,37,3474.0
examples/regalloc/227-instcombine-binaryop-match-match-n31-d16.pbqp,16,7,1,0,false,false,38,11509.0
examples/regalloc/227-instcombine-binaryop-match-match-n31-d16.pbqp,16,15,1,0,false,false,1,524.0
examples/regalloc/227-instcombine-binaryop-match-match-n31-d16.pbqp,7,15,1,0,false,true,7,650.0
examples/regalloc/227-instcombine-binaryop-match-match-n31-d16.pbqp,16,16,1,0,false,false,7,3143.0
examples/regalloc/227-instcombine-binaryop-match-match-n31-d16.pbqp,16,7,16,0,false,false,1,390.0
examples/regalloc/227-instcombine-binaryop-match-match-n31-d16.pbqp,7,7,1,0,false,false,14,3303.0
examples/regalloc/227-instcombine-binaryop-match-match-n31-d16.pbqp,7,7,16,0,false,false,5,1297.0
examples/regalloc/227-instcombine-binaryop-match-match-n31-d16.pbqp,7,16,16,0,false,false,8,2532.0
examples/regalloc/227-instcombine-binaryop-match-match-n31-d16.pbqp,7,7,16,0,false,true,7,708.0
examples/regalloc/227-instcombine-binaryop-match-match-n31-d16.pbqp,7,7,1,2,true,false,1,443.0
examples/regalloc/227-instcombine-binaryop-match-match-n31-d16.pbqp,7,16,16,0,true,false,1,365.0
examples/regalloc/228-instcombine-binaryop-match-match-n31-d16.pbqp,16,16,16,0,false,false,7,3203.0
examples/regalloc/228-instcombine-binaryop-match-match-n31-d16.pbqp,7,16,16,0,false,true,37,3222.0
examples/regalloc/228-instcombine-binaryop-match-match-n31-d16.pbqp,16,7,1,0,false,false,38,11047.0
examples/regalloc/228-instcombine-binaryop-match-match-n31-d16.pbqp,16,15,1,0,false,false,1,428.0
examples/regalloc/228-instcombine-binaryop-match-match-n31-d16.pbqp,7,15,1,0,false,true,7,602.0
examples/regalloc/228-instcombine-binaryop-match-match-n31-d16.pbqp,16,7,16,0,false,false,1,292.0
examples/regalloc/228-instcombine-binaryop-match-match-n31-d16.pbqp,16,16,1,0,false,false,7,2780.0
examples/regalloc/228-instcombine-binaryop-match-match-n31-d16.pbqp,7,7,1,0,false,false,14,3039.0
examples/regalloc/228-instcombine-binaryop-match-match-n31-d16.pbqp,7,7,16,0,false,false,5,1166.0
examples/regalloc/228-instcombine-binaryop-match-match-n31-d16.pbqp,7,16,16,0,false,false,8,2445.0
examples/regalloc/228-instcombine-binaryop-match-match-n31-d16.pbqp,7,7,16,0,false,true,7,652.0
examples/regalloc/228-instcombine-binaryop-match-match-n31-d16.pbqp,7,7,1,2,true,false,1,362.0
examples/regalloc/228-instcombine-binaryop-match-match-n31-d16.pbqp,7,16,16,0,true,false,1,375.0
examples/regalloc/229-instcombine-binaryop-match-match-n29-d16.pbqp,16,16,1,0,false,true,30,3407.0
examples/regalloc/229-instcombine-binaryop-match-match-n29-d16.pbqp,16,16,16,0,false,false,8,3295.0
examples/regalloc/229-instcombine-binaryop-match-match-n29-d16.pbqp,16,7,1,0,false,false,17,4438.0
examples/regalloc/229-instcombine-binaryop-match-match-n29-d16.pbqp,7,16,16,0,false,true,44,3633.0
examples/regalloc/229-instcombine-binaryop-match-match-n29-d16.pbqp,16,16,1,0,false,false,9,3435.0
examples/regalloc/229-instcombine-binaryop-match-match-n29-d16.pbqp,16,15,1,0,false,false,1,393.0
examples/regalloc/229-instcombine-binaryop-match-match-n29-d16.pbqp,7,15,1,0,false,true,7,534.0
examples/regalloc/229-instcombine-binaryop-match-match-n29-d16.pbqp,15,7,1,0,false,false,6,1484.0
examples/regalloc/229-instcombine-binaryop-match-match-n29-d16.pbqp,7,7,1,0,false,false,4,663.0
examples/regalloc/229-instcombine-binaryop-match-match-n29-d16.pbqp,7,16,16,0,false,false,7,1801.0
examples/regalloc/229-instcombine-binaryop-match-match-n29-d16.pbqp,7,7,1,0,true,false,1,172.0
examples/regalloc/229-instcombine-binaryop-match-match-n29-d16.pbqp,7,16,16,0,true,false,1,250.0
examples/regalloc/229-instcombine-binaryop-match-match-n29-d16.pbqp,16,16,1,0,true,false,1,428.0
examples/regalloc/230-instcombine-binaryop-match-match-n17-d16.pbqp,7,15,16,0,false,false,1,272.0
examples/regalloc/230-instcombine-binaryop-match-match-n17-d16.pbqp,16,16,1,0,false,false,2,811.0
examples/regalloc/230-instcombine-binaryop-match-match-n17-d16.pbqp,16,7,1,0,false,false,20,5226.0
examples/regalloc/230-instcombine-binaryop-match-match-n17-d16.pbqp,16,16,16,0,false,false,3,1292.0
examples/regalloc/230-instcombine-binaryop-match-match-n17-d16.pbqp,7,16,16,0,false,true,23,1761.0
examples/regalloc/230-instcombine-binaryop-match-match-n17-d16.pbqp,16,7,16,0,false,false,1,263.0
examples/regalloc/230-instcombine-binaryop-match-match-n17-d16.pbqp,7,7,1,0,false,false,8,1340.0
examples/regalloc/230-instcombine-binaryop-match-match-n17-d16.pbqp,7,16,16,0,false,false,9,2291.0
examples/regalloc/230-instcombine-binaryop-match-match-n17-d16.pbqp,7,7,16,0,false,false,1,183.0
examples/regalloc/230-instcombine-binaryop-match-match-n17-d16.pbqp,7,7,16,0,true,false,1,207.0
examples/regalloc/230-instcombine-binaryop-match-match-n17-d16.pbqp,16,7,1,0,true,false,1,362.0
examples/regalloc/231-instcombine-binaryop-match-match-n33-d16.pbqp,16,16,1,0,false,true,7,909.0
examples/regalloc/231-instcombine-binaryop-match-match-n33-d16.pbqp,7,16,1,0,true,false,1,258.0
examples/regalloc/231-instcombine-binaryop-match-match-n33-d16.pbqp,16,15,1,0,false,false,1,387.0
examples/regalloc/231-instcombine-binaryop-match-match-n33-d16.pbqp,16,7,1,0,false,false,46,12677.0
examples/regalloc/231-instcombine-binaryop-match-match-n33-d16.pbqp,7,15,1,0,false,true,7,546.0
examples/regalloc/231-instcombine-binaryop-match-match-n33-d16.pbqp,16,16,16,0,false,false,7,3106.0
examples/regalloc/231-instcombine-binaryop-match-match-n33-d16.pbqp,7,16,16,0,false,true,28,2524.0
examples/regalloc/231-instcombine-binaryop-match-match-n33-d16.pbqp,16,7,16,0,false,false,2,609.0
examples/regalloc/231-instcombine-binaryop-match-match-n33-d16.pbqp,7,7,1,0,false,false,16,3150.0
examples/regalloc/231-instcombine-binaryop-match-match-n33-d16.pbqp,7,16,16,0,false,false,16,4687.0
examples/regalloc/231-instcombine-binaryop-match-match-n33-d16.pbqp,7,7,16,0,false,false,2,403.0
examples/regalloc/231-instcombine-binaryop-match-match-n33-d16.pbqp,16,16,1,0,false,false,3,1332.0
examples/regalloc/231-instcombine-binaryop-match-match-n33-d16.pbqp,7,7,1,0,true,false,1,238.0
examples/regalloc/231-instcombine-binaryop-match-match-n33-d16.pbqp,16,7,1,0,false,true,16,1218.0
examples/regalloc/231-instcombine-binaryop-match-match-n33-d16.pbqp,16,16,16,2,true,false,1,640.0
examples/regalloc/232-instcombine-binaryop-match-match-n26-d16.pbqp,16,16,1,0,false,true,7,982.0
examples/regalloc/232-instcombine-binaryop-match-match-n26-d16.pbqp,7,16,1,0,false,true,7,693.0
examples/regalloc/232-instcombine-binaryop-match-match-n26-d16.pbqp,16,7,1,0,false,false,28,8267.0
examples/regalloc/232-instcombine-binaryop-match-match-n26-d16.pbqp,16,16,16,0,false,false,2,885.0
examples/regalloc/232-instcombine-binaryop-match-match-n26-d16.pbqp,7,16,16,0,false,true,30,2700.0
examples/regalloc/232-instcombine-binaryop-match-match-n26-d16.pbqp,16,15,1,0,false,false,1,488.0
examples/regalloc/232-instcombine-binaryop-match-match-n26-d16.pbqp,7,15,1,0,false,true,7,643.0
examples/regalloc/232-instcombine-binaryop-match-match-n26-d16.pbqp,16,7,16,0,false,false,2,690.0
examples/regalloc/232-instcombine-binaryop-match-match-n26-d16.pbqp,16,16,1,0,false,false,1,522.0
examples/regalloc/232-instcombine-binaryop-match-match-n26-d16.pbqp,7,7,1,0,false,false,14,3114.0
examples/regalloc/232-instcombine-binaryop-match-match-n26-d16.pbqp,7,7,16,0,false,false,4,1009.0
examples/regalloc/232-instcombine-binaryop-match-match-n26-d16.pbqp,7,16,16,0,false,false,8,2408.0
examples/regalloc/232-instcombine-binaryop-match-match-n26-d16.pbqp,7,7,16,0,false,true,7,674.0
examples/regalloc/232-instcombine-binaryop-match-match-n26-d16.pbqp,7,7,1,2,true,false,1,399.0
examples/regalloc/232-instcombine-binaryop-match-match-n26-d16.pbqp,7,7,16,0,true,false,1,223.0
examples/regalloc/232-instcombine-binaryop-match-match-n26-d16.pbqp,7,16,16,0,true,false,1,392.0
examples/regalloc/233-instcombine-binaryop-match-match-n17-d16.pbqp,7,15,16,0,false,true,16,1100.0
examples/regalloc/233-instcombine-binaryop-match-match-n17-d16.pbqp,16,16,16,0,false,false,4,1561.0
examples/regalloc/233-instcombine-binaryop-match-match-n17-d16.pbqp,16,7,1,0,false,false,9,2181.0
examples/regalloc/233-instcombine-binaryop-match-match-n17-d16.pbqp,7,16,16,0,false,true,7,612.0
examples/regalloc/233-instcombine-binaryop-match-match-n17-d16.pbqp,16,16,1,0,false,false,11,4070.0
examples/regalloc/233-instcombine-binaryop-match-match-n17-d16.pbqp,15,16,1,0,false,false,1,333.0
examples/regalloc/233-instcombine-binaryop-match-match-n17-d16.pbqp,15,7,1,0,false,false,2,423.0
examples/regalloc/233-instcombine-binaryop-match-match-n17-d16.pbqp,16,16,1,0,false,true,7,859.0
examples/regalloc/233-instcombine-binaryop-match-match-n17-d16.pbqp,7,7,1,0,true,false,1,182.0
examples/regalloc/233-instcombine-binaryop-match-match-n17-d16.pbqp,7,16,16,0,false,false,7,1734.0
examples/regalloc/233-instcombine-binaryop-match-match-n17-d16.pbqp,7,16,16,0,true,false,1,263.0
examples/regalloc/233-instcombine-binaryop-match-match-n17-d16.pbqp,16,16,16,0,false,true,16,1599.0
examples/regalloc/233-instcombine-binaryop-match-match-n17-d16.pbqp,16,16,16,0,true,false,1,515.0
examples/regalloc/234-instcombine-binaryop-match-match-n19-d16.pbqp,7,15,16,0,false,false,6,1371.0
examples/regalloc/234-instcombine-binaryop-match-match-n19-d16.pbqp,16,16,1,0,false,false,6,2280.0
examples/regalloc/234-instcombine-binaryop-match-match-n19-d16.pbqp,16,7,1,0,false,false,29,7376.0
examples/regalloc/234-instcombine-binaryop-match-match-n19-d16.pbqp,16,16,16,0,false,false,2,848.0
examples/regalloc/234-instcombine-binaryop-match-match-n19-d16.pbqp,16,7,16,0,false,false,1,253.0
examples/regalloc/234-instcombine-binaryop-match-match-n19-d16.pbqp,7,7,1,0,false,false,6,1117.0
examples/regalloc/234-instcombine-binaryop-match-match-n19-d16.pbqp,7,7,16,0,false,false,3,584.0
examples/regalloc/234-instcombine-binaryop-match-match-n19-d16.pbqp,15,7,1,0,false,false,3,747.0
examples/regalloc/234-instcombine-binaryop-match-match-n19-d16.pbqp,15,15,16,0,false,false,1,354.0
examples/regalloc/234-instcombine-binaryop-match-match-n19-d16.pbqp,15,7,1,0,false,true,7,596.0
examples/regalloc/234-instcombine-binaryop-match-match-n19-d16.pbqp,7,15,16,2,true,false,1,247.0
examples/regalloc/235-instcombine-binaryop-match-match-n35-d16.pbqp,7,16,16,0,false,true,60,5205.0
examples/regalloc/235-instcombine-binaryop-match-match-n35-d16.pbqp,16,16,16,0,false,false,12,5096.0
examples/regalloc/235-instcombine-binaryop-match-match-n35-d16.pbqp,16,7,1,0,false,false,36,10219.0
examples/regalloc/235-instcombine-binaryop-match-match-n35-d16.pbqp,16,16,1,0,false,false,2,842.0
examples/regalloc/235-instcombine-binaryop-match-match-n35-d16.pbqp,16,7,1,0,true,false,1,269.0
examples/regalloc/235-instcombine-binaryop-match-match-n35-d16.pbqp,16,16,1,0,false,true,7,903.0
examples/regalloc/235-instcombine-binaryop-match-match-n35-d16.pbqp,7,16,16,0,true,false,2,618.0
examples/regalloc/235-instcombine-binaryop-match-match-n35-d16.pbqp,16,15,1,0,false,false,1,431.0
examples/regalloc/235-instcombine-binaryop-match-match-n35-d16.pbqp,7,15,1,0,false,true,7,597.0
examples/regalloc/235-instcombine-binaryop-match-match-n35-d16.pbqp,16,7,16,0,false,false,1,339.0
examples/regalloc/235-instcombine-binaryop-match-match-n35-d16.pbqp,7,7,1,0,false,false,14,2960.0
examples/regalloc/235-instcombine-binaryop-match-match-n35-d16.pbqp,7,7,16,0,false,false,5,1091.0
examples/regalloc/235-instcombine-binaryop-match-match-n35-d16.pbqp,7,16,16,0,false,false,8,2214.0
examples/regalloc/235-instcombine-binaryop-match-match-n35-d16.pbqp,7,7,16,0,false,true,7,620.0
examples/regalloc/235-instcombine-binaryop-match-match-n35-d16.pbqp,7,7,1,2,true,false,1,302.0
examples/regalloc/236-instcombine-binaryop-match-match-n18-d16.pbqp,7,15,16,0,false,true,16,1143.0
examples/regalloc/236-instcombine-binaryop-match-match-n18-d16.pbqp,16,16,16,0,false,false,6,2294.0
examples/regalloc/236-instcombine-binaryop-match-match-n18-d16.pbqp,16,7,1,0,false,false,11,2711.0
examples/regalloc/236-instcombine-binaryop-match-match-n18-d16.pbqp,16,16,1,0,false,false,11,4456.0
examples/regalloc/236-instcombine-binaryop-match-match-n18-d16.pbqp,15,16,1,0,false,false,1,337.0
examples/regalloc/236-instcombine-binaryop-match-match-n18-d16.pbqp,15,7,1,0,false,false,2,443.0
examples/regalloc/236-instcombine-binaryop-match-match-n18-d16.pbqp,7,16,16,0,false,true,7,630.0
examples/regalloc/236-instcombine-binaryop-match-match-n18-d16.pbqp,16,16,1,0,false,true,7,949.0
examples/regalloc/236-instcombine-binaryop-match-match-n18-d16.pbqp,7,7,1,0,true,false,1,181.0
examples/regalloc/236-instcombine-binaryop-match-match-n18-d16.pbqp,7,16,16,0,false,false,7,1810.0
examples/regalloc/236-instcombine-binaryop-match-match-n18-d16.pbqp,7,16,16,0,true,false,1,251.0
examples/regalloc/236-instcombine-binaryop-match-match-n18-d16.pbqp,16,16,16,0,false,true,16,1719.0
examples/regalloc/236-instcombine-binaryop-match-match-n18-d16.pbqp,16,16,16,0,true,false,1,546.0
examples/regalloc/237-instcombine-binaryop-match-match-n27-d16.pbqp,16,16,1,0,false,true,7,818.0
examples/regalloc/237-instcombine-binaryop-match-match-n27-d16.pbqp,7,16,1,0,true,false,1,191.0
examples/regalloc/237-instcombine-binaryop-match-match-n27-d16.pbqp,16,16,1,0,false,false,10,3694.0
examples/regalloc/237-instcombine-binaryop-match-match-n27-d16.pbqp,16,7,1,0,false,false,24,6375.0
examples/regalloc/237-instcombine-binaryop-match-match-n27-d16.pbqp,16,15,1,0,false,false,1,362.0
examples/regalloc/237-instcombine-binaryop-match-match-n27-d16.pbqp,7,15,1,0,false,true,7,533.0
examples/regalloc/237-instcombine-binaryop-match-match-n27-d16.pbqp,15,16,1,0,false,false,2,647.0
examples/regalloc/237-instcombine-binaryop-match-match-n27-d16.pbqp,15,7,1,0,false,false,4,828.0
examples/regalloc/237-instcombine-binaryop-match-match-n27-d16.pbqp,16,16,16,0,false,false,8,3220.0
examples/regalloc/237-instcombine-binaryop-match-match-n27-d16.pbqp,7,16,16,0,false,true,28,2439.0
examples/regalloc/237-instcombine-binaryop-match-match-n27-d16.pbqp,7,7,1,0,true,false,1,183.0
examples/regalloc/237-instcombine-binaryop-match-match-n27-d16.pbqp,7,16,16,0,false,false,8,1929.0
examples/regalloc/237-instcombine-binaryop-match-match-n27-d16.pbqp,16,16,16,0,false,true,16,1641.0
examples/regalloc/237-instcombine-binaryop-match-match-n27-d16.pbqp,16,16,16,0,true,false,1,498.0
examples/regalloc/238-instcombine-binaryop-match-match-n19-d16.pbqp,7,16,16,0,false,true,35,3119.0
examples/regalloc/238-instcombine-binaryop-match-match-n19-d16.pbqp,16,16,16,0,false,false,3,1188.0
examples/regalloc/238-instcombine-binaryop-match-match-n19-d16.pbqp,16,7,1,0,false,false,15,3899.0
examples/regalloc/238-instcombine-binaryop-match-match-n19-d16.pbqp,16,15,16,0,false,false,2,793.0
examples/regalloc/238-instcombine-binaryop-match-match-n19-d16.pbqp,15,7,1,0,false,true,14,1291.0
examples/regalloc/238-instcombine-binaryop-match-match-n19-d16.pbqp,7,15,16,2,true,false,1,264.0
examples/regalloc/238-instcombine-binaryop-match-match-n19-d16.pbqp,7,7,1,0,false,false,2,319.0
examples/regalloc/238-instcombine-binaryop-match-match-n19-d16.pbqp,7,15,16,0,false,false,1,235.0
examples/regalloc/238-instcombine-binaryop-match-match-n19-d16.pbqp,15,7,1,2,true,false,1,269.0
examples/regalloc/239-instcombine-binaryop-match-match-n37-d16.pbqp,7,16,16,0,false,true,28,2613.0
examples/regalloc/239-instcombine-binaryop-match-match-n37-d16.pbqp,16,16,1,0,false,true,14,1899.0
examples/regalloc/239-instcombine-binaryop-match-match-n37-d16.pbqp,7,16,1,0,true,false,1,265.0
examples/regalloc/239-instcombine-binaryop-match-match-n37-d16.pbqp,16,7,1,0,false,false,52,14016.0
examples/regalloc/239-instcombine-binaryop-match-match-n37-d16.pbqp,16,16,16,0,false,false,5,2016.0
examples/regalloc/239-instcombine-binaryop-match-match-n37-d16.pbqp,16,15,1,0,false,false,1,428.0
examples/regalloc/239-instcombine-binaryop-match-match-n37-d16.pbqp,7,15,1,0,false,true,7,601.0
examples/regalloc/239-instcombine-binaryop-match-match-n37-d16.pbqp,16,7,16,0,false,false,2,632.0
examples/regalloc/239-instcombine-binaryop-match-match-n37-d16.pbqp,7,7,1,0,false,false,19,3546.0
examples/regalloc/239-instcombine-binaryop-match-match-n37-d16.pbqp,7,16,16,0,false,false,16,4556.0
examples/regalloc/239-instcombine-binaryop-match-match-n37-d16.pbqp,16,16,1,0,false,false,4,1626.0
examples/regalloc/239-instcombine-binaryop-match-match-n37-d16.pbqp,7,7,16,0,false,false,4,858.0
examples/regalloc/239-instcombine-binaryop-match-match-n37-d16.pbqp,7,7,1,0,true,false,2,505.0
examples/regalloc/239-instcombine-binaryop-match-match-n37-d16.pbqp,7,16,16,0,true,false,1,319.0
examples/regalloc/239-instcombine-binaryop-match-match-n37-d16.pbqp,16,7,1,0,false,true,16,1209.0
examples/regalloc/239-instcombine-binaryop-match-match-n37-d16.pbqp,16,16,1,2,true,false,1,539.0
examples/regalloc/240-instcombine-binaryop-match-match-n20-d16.pbqp,16,15,16,0,false,false,1,441.0
examples/regalloc/240-instcombine-binaryop-match-match-n20-d16.pbqp,16,7,1,0,false,false,16,4090.0
examples/regalloc/240-instcombine-binaryop-match-match-n20-d16.pbqp,16,16,16,0,false,false,2,718.0
examples/regalloc/240-instcombine-binaryop-match-match-n20-d16.pbqp,7,16,16,0,false,true,21,1841.0
examples/regalloc/240-instcombine-binaryop-match-match-n20-d16.pbqp,16,16,1,0,false,false,7,2592.0
examples/regalloc/240-instcombine-binaryop-match-match-n20-d16.pbqp,16,7,16,0,false,false,2,493.0
examples/regalloc/240-instcombine-binaryop-match-match-n20-d16.pbqp,16,15,1,0,false,false,1,350.0
examples/regalloc/240-instcombine-binaryop-match-match-n20-d16.pbqp,7,15,1,0,false,true,7,568.0
examples/regalloc/240-instcombine-binaryop-match-match-n20-d16.pbqp,15,16,1,0,false,false,1,370.0
examples/regalloc/240-instcombine-binaryop-match-match-n20-d16.pbqp,15,7,1,0,false,false,2,430.0
examples/regalloc/240-instcombine-binaryop-match-match-n20-d16.pbqp,7,7,1,0,false,true,7,514.0
examples/regalloc/240-instcombine-binaryop-match-match-n20-d16.pbqp,7,7,16,2,true,false,1,233.0
examples/regalloc/240-instcombine-binaryop-match-match-n20-d16.pbqp,7,16,16,0,false,false,3,690.0
examples/regalloc/240-instcombine-binaryop-match-match-n20-d16.pbqp,16,16,16,0,false,true,7,951.0
examples/regalloc/240-instcombine-binaryop-match-match-n20-d16.pbqp,16,7,16,0,true,false,1,323.0
examples/regalloc/241-instcombine-binaryop-match-match-n17-d16.pbqp,7,16,16,0,false,true,35,2883.0
examples/regalloc/241-instcombine-binaryop-match-match-n17-d16.pbqp,7,14,16,0,false,true,7,537.0
examples/regalloc/241-instcombine-binaryop-match-match-n17-d16.pbqp,7,16,16,0,false,false,1,204.0
examples/regalloc/241-instcombine-binaryop-match-match-n17-d16.pbqp,16,7,1,0,false,false,5,1191.0
examples/regalloc/241-instcombine-binaryop-match-match-n17-d16.pbqp,16,15,1,0,false,false,2,687.0
examples/regalloc/241-instcombine-binaryop-match-match-n17-d16.pbqp,16,16,16,0,false,false,2,878.0
examples/regalloc/241-instcombine-binaryop-match-match-n17-d16.pbqp,16,15,1,0,false,true,7,820.0
examples/regalloc/241-instcombine-binaryop-match-match-n17-d16.pbqp,7,16,16,0,true,false,1,271.0
examples/regalloc/241-instcombine-binaryop-match-match-n17-d16.pbqp,7,7,1,0,true,false,1,130.0
examples/regalloc/241-instcombine-binaryop-match-match-n17-d16.pbqp,7,15,16,0,false,false,1,278.0
examples/regalloc/241-instcombine-binaryop-match-match-n17-d16.pbqp,7,14,16,0,false,false,1,198.0
examples/regalloc/241-instcombine-binaryop-match-match-n17-d16.pbqp,14,15,1,0,false,true,7,817.0
examples/regalloc/241-instcombine-binaryop-match-match-n17-d16.pbqp,14,7,1,0,true,false,1,253.0
examples/regalloc/242-instcombine-binaryop-match-match-n17-d16.pbqp,7,16,16,0,false,true,35,2865.0
examples/regalloc/242-instcombine-binaryop-match-match-n17-d16.pbqp,7,14,16,0,false,true,7,535.0
examples/regalloc/242-instcombine-binaryop-match-match-n17-d16.pbqp,7,16,16,0,false,false,1,200.0
examples/regalloc/242-instcombine-binaryop-match-match-n17-d16.pbqp,16,7,1,0,false,false,5,1194.0
examples/regalloc/242-instcombine-binaryop-match-match-n17-d16.pbqp,16,15,1,0,false,false,2,708.0
examples/regalloc/242-instcombine-binaryop-match-match-n17-d16.pbqp,16,16,16,0,false,false,2,842.0
examples/regalloc/242-instcombine-binaryop-match-match-n17-d16.pbqp,16,15,1,0,false,true,7,777.0
examples/regalloc/242-instcombine-binaryop-match-match-n17-d16.pbqp,7,16,16,0,true,false,1,238.0
examples/regalloc/242-instcombine-binaryop-match-match-n17-d16.pbqp,7,7,1,0,true,false,1,132.0
examples/regalloc/242-instcombine-binaryop-match-match-n17-d16.pbqp,7,15,16,0,false,false,1,225.0
examples/regalloc/242-instcombine-binaryop-match-match-n17-d16.pbqp,7,14,16,0,false,false,1,185.0
examples/regalloc/242-instcombine-binaryop-match-match-n17-d16.pbqp,14,15,1,0,false,true,7,845.0
examples/regalloc/242-instcombine-binaryop-match-match-n17-d16.pbqp,14,7,1,0,true,false,1,258.0
examples/regalloc/243-instcombine-binaryop-match-match-n17-d16.pbqp,7,16,16,0,false,true,35,3021.0
examples/regalloc/243-instcombine-binaryop-match-match-n17-d16.pbqp,7,14,16,0,false,true,7,564.0
examples/regalloc/243-instcombine-binaryop-match-match-n17-d16.pbqp,7,16,16,0,false,false,1,200.0
examples/regalloc/243-instcombine-binaryop-match-match-n17-d16.pbqp,16,7,1,0,false,false,5,1204.0
examples/regalloc/243-instcombine-binaryop-match-match-n17-d16.pbqp,16,15,1,0,false,false,2,744.0
examples/regalloc/243-instcombine-binaryop-match-match-n17-d16.pbqp,16,16,16,0,false,false,2,847.0
examples/regalloc/243-instcombine-binaryop-match-match-n17-d16.pbqp,16,15,1,0,false,true,7,851.0
examples/regalloc/243-instcombine-binaryop-match-match-n17-d16.pbqp,7,16,16,0,true,false,1,264.0
examples/regalloc/243-instcombine-binaryop-match-match-n17-d16.pbqp,7,7,1,0,true,false,1,135.0
examples/regalloc/243-instcombine-binaryop-match-match-n17-d16.pbqp,7,15,16,0,false,false,1,213.0
examples/regalloc/243-instcombine-binaryop-match-match-n17-d16.pbqp,7,14,16,0,false,false,1,200.0
examples/regalloc/243-instcombine-binaryop-match-match-n17-d16.pbqp,14,15,1,0,false,true,7,786.0
examples/regalloc/243-instcombine-binaryop-match-match-n17-d16.pbqp,14,7,1,0,true,false,1,255.0
examples/regalloc/244-instcombine-binaryop-match-match-n19-d16.pbqp,16,16,16,0,false,false,5,2002.0
examples/regalloc/244-instcombine-binaryop-match-match-n19-d16.pbqp,7,15,16,0,false,true,16,1107.0
examples/regalloc/244-instcombine-binaryop-match-match-n19-d16.pbqp,16,7,1,0,false,false,8,1899.0
examples/regalloc/244-instcombine-binaryop-match-match-n19-d16.pbqp,7,16,16,0,false,true,30,2342.0
examples/regalloc/244-instcombine-binaryop-match-match-n19-d16.pbqp,16,16,1,0,false,false,7,2623.0
examples/regalloc/244-instcombine-binaryop-match-match-n19-d16.pbqp,15,16,1,0,false,false,1,325.0
examples/regalloc/244-instcombine-binaryop-match-match-n19-d16.pbqp,15,7,1,0,false,false,2,388.0
examples/regalloc/244-instcombine-binaryop-match-match-n19-d16.pbqp,7,7,16,0,true,false,1,129.0
examples/regalloc/244-instcombine-binaryop-match-match-n19-d16.pbqp,7,16,16,0,false,false,6,1325.0
examples/regalloc/244-instcombine-binaryop-match-match-n19-d16.pbqp,7,16,16,0,true,false,2,475.0
examples/regalloc/244-instcombine-binaryop-match-match-n19-d16.pbqp,16,16,16,0,false,true,16,1722.0
examples/regalloc/244-instcombine-binaryop-match-match-n19-d16.pbqp,16,16,16,0,true,false,1,531.0
examples/regalloc/245-instcombine-binaryop-match-match-n31-d16.pbqp,7,16,16,0,false,false,10,2599.0
examples/regalloc/245-instcombine-binaryop-match-match-n31-d16.pbqp,7,16,16,0,false,true,28,2516.0
examples/regalloc/245-instcombine-binaryop-match-match-n31-d16.pbqp,16,7,1,0,false,false,38,10575.0
examples/regalloc/245-instcombine-binaryop-match-match-n31-d16.pbqp,16,16,16,0,false,false,2,853.0
examples/regalloc/245-instcombine-binaryop-match-match-n31-d16.pbqp,16,15,1,0,false,false,1,414.0
examples/regalloc/245-instcombine-binaryop-match-match-n31-d16.pbqp,7,15,1,0,false,true,7,612.0
examples/regalloc/245-instcombine-binaryop-match-match-n31-d16.pbqp,7,7,1,0,false,false,10,1968.0
examples/regalloc/245-instcombine-binaryop-match-match-n31-d16.pbqp,7,7,1,0,true,false,1,178.0
examples/regalloc/245-instcombine-binaryop-match-match-n31-d16.pbqp,7,7,16,0,false,false,2,375.0
examples/regalloc/245-instcombine-binaryop-match-match-n31-d16.pbqp,16,16,1,0,false,true,7,997.0
examples/regalloc/245-instcombine-binaryop-match-match-n31-d16.pbqp,7,16,16,0,true,false,1,324.0
examples/regalloc/245-instcombine-binaryop-match-match-n31-d16.pbqp,16,7,1,0,false,true,7,742.0
examples/regalloc/245-instcombine-binaryop-match-match-n31-d16.pbqp,16,7,1,2,true,false,1,362.0
examples/regalloc/246-instcombine-binaryop-match-match-n24-d16.pbqp,16,15,1,0,false,true,7,859.0
examples/regalloc/246-instcombine-binaryop-match-match-n24-d16.pbqp,7,16,16,0,true,false,1,251.0
examples/regalloc/246-instcombine-binaryop-match-match-n24-d16.pbqp,7,16,16,0,false,true,7,602.0
examples/regalloc/246-instcombine-binaryop-match-match-n24-d16.pbqp,16,7,1,0,false,false,38,9551.0
examples/regalloc/246-instcombine-binaryop-match-match-n24-d16.pbqp,16,15,1,0,false,false,2,659.0
examples/regalloc/246-instcombine-binaryop-match-match-n24-d16.pbqp,7,15,1,0,false,true,7,525.0
examples/regalloc/246-instcombine-binaryop-match-match-n24-d16.pbqp,15,7,1,0,false,false,6,1362.0
examples/regalloc/246-instcombine-binaryop-match-match-n24-d16.pbqp,15,16,16,0,false,false,1,359.0
examples/regalloc/246-instcombine-binaryop-match-match-n24-d16.pbqp,7,7,1,0,false,false,7,1176.0
examples/regalloc/246-instcombine-binaryop-match-match-n24-d16.pbqp,7,16,16,0,false,false,1,236.0
examples/regalloc/246-instcombine-binaryop-match-match-n24-d16.pbqp,16,16,1,0,false,false,1,411.0
examples/regalloc/246-instcombine-binaryop-match-match-n24-d16.pbqp,7,7,16,0,false,false,1,178.0
examples/regalloc/246-instcombine-binaryop-match-match-n24-d16.pbqp,7,15,16,0,false,false,2,504.0
examples/regalloc/246-instcombine-binaryop-match-match-n24-d16.pbqp,15,7,1,0,false,true,7,644.0
examples/regalloc/246-instcombine-binaryop-match-match-n24-d16.pbqp,15,7,1,2,true,false,1,308.0
examples/regalloc/247-instcombine-binaryop-match-match-n43-d16.pbqp,16,15,1,0,false,true,7,934.0
examples/regalloc/247-instcombine-binaryop-match-match-n43-d16.pbqp,7,16,16,0,true,false,1,276.0
examples/regalloc/247-instcombine-binaryop-match-match-n43-d16.pbqp,7,16,16,0,false,true,35,3208.0
examples/regalloc/247-instcombine-binaryop-match-match-n43-d16.pbqp,16,7,1,0,false,false,72,19700.0
examples/regalloc/247-instcombine-binaryop-match-match-n43-d16.pbqp,16,15,1,0,false,false,2,764.0
examples/regalloc/247-instcombine-binaryop-match-match-n43-d16.pbqp,15,7,1,0,false,false,8,1914.0
examples/regalloc/247-instcombine-binaryop-match-match-n43-d16.pbqp,15,16,16,0,false,false,1,415.0
examples/regalloc/247-instcombine-binaryop-match-match-n43-d16.pbqp,7,15,1,0,false,true,7,620.0
examples/regalloc/247-instcombine-binaryop-match-match-n43-d16.pbqp,16,16,1,0,false,false,8,3162.0
examples/regalloc/247-instcombine-binaryop-match-match-n43-d16.pbqp,16,16,16,0,false,false,8,3522.0
examples/regalloc/247-instcombine-binaryop-match-match-n43-d16.pbqp,16,15,16,0,false,false,2,770.0
examples/regalloc/247-instcombine-binaryop-match-match-n43-d16.pbqp,7,7,1,0,false,false,4,637.0
examples/regalloc/247-instcombine-binaryop-match-match-n43-d16.pbqp,7,16,16,0,false,false,8,2192.0
examples/regalloc/247-instcombine-binaryop-match-match-n43-d16.pbqp,7,7,1,0,true,false,1,261.0
examples/regalloc/247-instcombine-binaryop-match-match-n43-d16.pbqp,16,7,1,0,false,true,16,1302.0
examples/regalloc/247-instcombine-binaryop-match-match-n43-d16.pbqp,16,16,16,2,true,false,1,581.0
examples/regalloc/248-instcombine-binaryop-match-match-n49-d16.pbqp,16,16,16,0,false,true,62,6815.0
examples/regalloc/248-instcombine-binaryop-match-match-n49-d16.pbqp,16,16,16,0,false,false,33,13840.0
examples/regalloc/248-instcombine-binaryop-match-match-n49-d16.pbqp,16,16,1,0,false,false,55,21747.0
examples/regalloc/248-instcombine-binaryop-match-match-n49-d16.pbqp,16,14,1,0,false,false,27,10116.0
examples/regalloc/248-instcombine-binaryop-match-match-n49-d16.pbqp,14,16,16,0,false,true,48,4943.0
examples/regalloc/248-instcombine-binaryop-match-match-n49-d16.pbqp,16,16,1,0,true,false,2,806.0
examples/regalloc/248-instcombine-binaryop-match-match-n49-d16.pbqp,16,16,1,0,false,true,16,1723.0
examples/regalloc/248-instcombine-binaryop-match-match-n49-d16.pbqp,16,15,1,0,false,false,1,501.0
examples/regalloc/248-instcombine-binaryop-match-match-n49-d16.pbqp,16,15,1,0,false,true,14,1575.0
examples/regalloc/248-instcombine-binaryop-match-match-n49-d16.pbqp,16,16,16,0,true,false,2,946.0
examples/regalloc/248-instcombine-binaryop-match-match-n49-d16.pbqp,16,14,1,0,true,false,1,433.0
examples/regalloc/248-instcombine-binaryop-match-match-n49-d16.pbqp,14,16,16,0,false,false,4,1603.0
examples/regalloc/249-instcombine-castinst-match-match-n16-d16.pbqp,7,16,16,0,false,true,16,1129.0
examples/regalloc/249-instcombine-castinst-match-match-n16-d16.pbqp,16,16,16,0,false,false,4,1457.0
examples/regalloc/249-instcombine-castinst-match-match-n16-d16.pbqp,15,7,16,0,false,false,2,523.0
examples/regalloc/249-instcombine-castinst-match-match-n16-d16.pbqp,15,16,16,0,false,false,1,371.0
examples/regalloc/249-instcombine-castinst-match-match-n16-d16.pbqp,16,7,1,0,false,false,13,3073.0
examples/regalloc/249-instcombine-castinst-match-match-n16-d16.pbqp,15,16,1,0,false,false,1,312.0
examples/regalloc/249-instcombine-castinst-match-match-n16-d16.pbqp,15,7,1,0,false,false,2,400.0
examples/regalloc/249-instcombine-castinst-match-match-n16-d16.pbqp,7,7,1,0,false,false,3,426.0
examples/regalloc/249-instcombine-castinst-match-match-n16-d16.pbqp,7,16,16,0,false,false,9,2092.0
examples/regalloc/249-instcombine-castinst-match-match-n16-d16.pbqp,16,16,1,0,false,false,4,1480.0
examples/regalloc/249-instcombine-castinst-match-match-n16-d16.pbqp,7,16,16,0,true,false,1,237.0
examples/regalloc/249-instcombine-castinst-match-match-n16-d16.pbqp,16,16,16,0,false,true,16,1619.0
examples/regalloc/249-instcombine-castinst-match-match-n16-d16.pbqp,16,16,16,0,true,false,1,556.0
examples/regalloc/250-instcombine-castinst-match-match-n19-d16.pbqp,16,16,16,0,false,true,48,4901.0
examples/regalloc/250-instcombine-castinst-match-match-n19-d16.pbqp,16,16,16,0,false,false,14,5898.0
examples/regalloc/250-instcombine-castinst-match-match-n19-d16.pbqp,15,16,16,0,false,false,3,1175.0
examples/regalloc/250-instcombine-castinst-match-match-n19-d16.pbqp,16,16,1,0,false,false,35,13979.0
examples/regalloc/250-instcombine-castinst-match-match-n19-d16.pbqp,16,16,1,0,true,false,1,405.0
examples/regalloc/250-instcombine-castinst-match-match-n19-d16.pbqp,16,16,16,0,true,false,2,910.0
examples/regalloc/251-instcombine-castinst-match-match-n19-d16.pbqp,16,16,16,0,false,true,48,4709.0
examples/regalloc/251-instcombine-castinst-match-match-n19-d16.pbqp,16,16,16,0,false,false,14,5589.0
examples/regalloc/251-instcombine-castinst-match-match-n19-d16.pbqp,15,16,16,0,false,false,3,1124.0
examples/regalloc/251-instcombine-castinst-match-match-n19-d16.pbqp,16,16,1,0,false,false,35,12786.0
examples/regalloc/251-instcombine-castinst-match-match-n19-d16.pbqp,16,16,1,0,true,false,1,388.0
examples/regalloc/251-instcombine-castinst-match-match-n19-d16.pbqp,16,16,16,0,true,false,2,882.0
examples/regalloc/252-instcombine-cmpclass-match-match-n19-d16.pbqp,7,16,16,0,false,true,23,1752.0
examples/regalloc/252-instcombine-cmpclass-match-match-n19-d16.pbqp,7,16,16,0,true,true,7,607.0
examples/regalloc/252-instcombine-cmpclass-match-match-n19-d16.pbqp,16,7,1,0,false,false,18,4681.0
examples/regalloc/252-instcombine-cmpclass-match-match-n19-d16.pbqp,16,16,16,0,false,false,1,420.0
examples/regalloc/252-instcombine-cmpclass-match-match-n19-d16.pbqp,15,16,1,0,false,false,2,717.0
examples/regalloc/252-instcombine-cmpclass-match-match-n19-d16.pbqp,15,7,1,0,false,false,4,985.0
examples/regalloc/252-instcombine-cmpclass-match-match-n19-d16.pbqp,16,16,1,0,false,false,7,2625.0
examples/regalloc/252-instcombine-cmpclass-match-match-n19-d16.pbqp,16,7,16,0,false,false,3,843.0
examples/regalloc/252-instcombine-cmpclass-match-match-n19-d16.pbqp,7,7,1,0,true,false,1,170.0
examples/regalloc/252-instcombine-cmpclass-match-match-n19-d16.pbqp,7,7,16,0,true,false,1,193.0
examples/regalloc/252-instcombine-cmpclass-match-match-n19-d16.pbqp,7,16,16,0,false,false,8,1959.0
examples/regalloc/252-instcombine-cmpclass-match-match-n19-d16.pbqp,7,7,16,0,false,false,1,207.0
examples/regalloc/252-instcombine-cmpclass-match-match-n19-d16.pbqp,7,16,1,0,false,false,1,241.0
examples/regalloc/252-instcombine-cmpclass-match-match-n19-d16.pbqp,16,16,16,0,false,true,16,1771.0
examples/regalloc/252-instcombine-cmpclass-match-match-n19-d16.pbqp,16,16,16,0,true,false,1,516.0
examples/regalloc/253-instcombine-cmpclass-match-match-n22-d16.pbqp,7,16,16,0,false,true,30,2357.0
examples/regalloc/253-instcombine-cmpclass-match-match-n22-d16.pbqp,7,16,16,0,true,true,7,575.0
examples/regalloc/253-instcombine-cmpclass-match-match-n22-d16.pbqp,7,7,16,0,false,true,7,519.0
examples/regalloc/253-instcombine-cmpclass-match-match-n22-d16.pbqp,16,16,1,0,false,false,5,1948.0
examples/regalloc/253-instcombine-cmpclass-match-match-n22-d16.pbqp,16,7,1,0,false,false,32,8282.0
examples/regalloc/253-instcombine-cmpclass-match-match-n22-d16.pbqp,16,16,16,0,false,false,5,2047.0
examples/regalloc/253-instcombine-cmpclass-match-match-n22-d16.pbqp,16,7,16,0,false,false,1,327.0
examples/regalloc/253-instcombine-cmpclass-match-match-n22-d16.pbqp,7,7,1,0,false,false,4,676.0
examples/regalloc/253-instcombine-cmpclass-match-match-n22-d16.pbqp,7,7,16,0,false,false,4,693.0
examples/regalloc/253-instcombine-cmpclass-match-match-n22-d16.pbqp,7,16,16,0,false,false,3,846.0
examples/regalloc/253-instcombine-cmpclass-match-match-n22-d16.pbqp,7,7,1,2,true,false,1,194.0
examples/regalloc/253-instcombine-cmpclass-match-match-n22-d16.pbqp,16,7,1,0,false,true,7,806.0
examples/regalloc/253-instcombine-cmpclass-match-match-n22-d16.pbqp,7,16,16,2,true,false,1,347.0
examples/regalloc/254-instcombine-nnegzext-match-match-n20-d16.pbqp,7,16,16,0,false,true,23,1792.0
examples/regalloc/254-instcombine-nnegzext-match-match-n20-d16.pbqp,16,16,16,0,false,false,8,3326.0
examples/regalloc/254-instcombine-nnegzext-match-match-n20-d16.pbqp,16,7,1,0,false,false,22,5848.0
examples/regalloc/254-instcombine-nnegzext-match-match-n20-d16.pbqp,7,7,16,0,false,false,2,382.0
examples/regalloc/254-instcombine-nnegzext-match-match-n20-d16.pbqp,7,16,16,0,false,false,7,1608.0
examples/regalloc/254-instcombine-nnegzext-match-match-n20-d16.pbqp,16,16,1,0,false,false,16,6043.0
examples/regalloc/254-instcombine-nnegzext-match-match-n20-d16.pbqp,7,7,1,0,true,false,1,141.0
examples/regalloc/254-instcombine-nnegzext-match-match-n20-d16.pbqp,7,16,16,0,true,false,1,232.0
examples/regalloc/254-instcombine-nnegzext-match-match-n20-d16.pbqp,16,16,16,0,false,true,16,1722.0
examples/regalloc/254-instcombine-nnegzext-match-match-n20-d16.pbqp,16,16,16,0,true,false,1,494.0
examples/regalloc/255-instcombine-threeops-match-match-n22-d16.pbqp,16,16,1,0,false,true,7,945.0
examples/regalloc/255-instcombine-threeops-match-match-n22-d16.pbqp,7,16,16,0,false,true,35,3031.0
examples/regalloc/255-instcombine-threeops-match-match-n22-d16.pbqp,7,16,1,0,true,false,1,213.0
examples/regalloc/255-instcombine-threeops-match-match-n22-d16.pbqp,16,7,1,0,false,false,17,4243.0
examples/regalloc/255-instcombine-threeops-match-match-n22-d16.pbqp,16,16,16,0,false,false,4,1695.0
examples/regalloc/255-instcombine-threeops-match-match-n22-d16.pbqp,16,16,1,0,false,false,6,2439.0
examples/regalloc/255-instcombine-threeops-match-match-n22-d16.pbqp,15,16,1,0,false,false,1,408.0
examples/regalloc/255-instcombine-threeops-match-match-n22-d16.pbqp,15,7,1,0,false,false,3,806.0
examples/regalloc/255-instcombine-threeops-match-match-n22-d16.pbqp,7,7,1,0,false,false,2,351.0
examples/regalloc/255-instcombine-threeops-match-match-n22-d16.pbqp,7,16,16,0,false,false,12,3026.0
examples/regalloc/255-instcombine-threeops-match-match-n22-d16.pbqp,7,7,1,0,true,false,1,160.0
examples/regalloc/255-instcombine-threeops-match-match-n22-d16.pbqp,16,16,16,0,false,true,16,1712.0
examples/regalloc/255-instcombine-threeops-match-match-n22-d16.pbqp,16,16,16,0,true,false,1,517.0
examples/regalloc/256-instcombine-cstval-pred-ty-matchvector-n15-d16.pbqp,7,16,16,0,false,false,1,265.0
examples/regalloc/256-instcombine-cstval-pred-ty-matchvector-n15-d16.pbqp,15,7,1,0,false,true,30,2169.0
examples/regalloc/256-instcombine-cstval-pred-ty-matchvector-n15-d16.pbqp,15,15,1,2,true,true,7,895.0
examples/regalloc/256-instcombine-cstval-pred-ty-matchvector-n15-d16.pbqp,7,15,1,2,true,false,1,195.0
examples/regalloc/256-instcombine-cstval-pred-ty-matchvector-n15-d16.pbqp,16,7,1,0,false,false,10,2236.0
examples/regalloc/256-instcombine-cstval-pred-ty-matchvector-n15-d16.pbqp,16,7,16,0,false,false,1,260.0
examples/regalloc/256-instcombine-cstval-pred-ty-matchvector-n15-d16.pbqp,16,16,16,0,false,false,1,405.0
examples/regalloc/256-instcombine-cstval-pred-ty-matchvector-n15-d16.pbqp,7,16,16,0,false,true,7,554.0
examples/regalloc/256-instcombine-cstval-pred-ty-matchvector-n15-d16.pbqp,16,15,1,0,false,false,1,318.0
examples/regalloc/256-instcombine-cstval-pred-ty-matchvector-n15-d16.pbqp,7,7,1,0,false,false,3,505.0
examples/regalloc/256-instcombine-cstval-pred-ty-matchvector-n15-d16.pbqp,7,7,16,0,false,false,6,1103.0
examples/regalloc/256-instcombine-cstval-pred-ty-matchvector-n15-d16.pbqp,7,15,16,0,false,false,7,1720.0
examples/regalloc/256-instcombine-cstval-pred-ty-matchvector-n15-d16.pbqp,7,15,1,0,false,false,1,222.0
examples/regalloc/256-instcombine-cstval-pred-ty-matchvector-n15-d16.pbqp,7,7,16,0,true,false,1,216.0
examples/regalloc/256-instcombine-cstval-pred-ty-matchvector-n15-d16.pbqp,15,15,1,2,true,false,1,421.0
examples/regalloc/257-instcombine-cstval-pred-ty-matchvector-n15-d16.pbqp,16,16,1,0,false,true,7,885.0
examples/regalloc/257-instcombine-cstval-pred-ty-matchvector-n15-d16.pbqp,7,16,1,0,true,true,7,465.0
examples/regalloc/257-instcombine-cstval-pred-ty-matchvector-n15-d16.pbqp,16,7,1,0,false,true,14,1251.0
examples/regalloc/257-instcombine-cstval-pred-ty-matchvector-n15-d16.pbqp,7,16,1,2,true,false,1,217.0
examples/regalloc/257-instcombine-cstval-pred-ty-matchvector-n15-d16.pbqp,16,7,1,0,false,false,12,2710.0
examples/regalloc/257-instcombine-cstval-pred-ty-matchvector-n15-d16.pbqp,16,7,16,0,false,false,3,840.0
examples/regalloc/257-instcombine-cstval-pred-ty-matchvector-n15-d16.pbqp,16,16,16,0,false,false,2,862.0
examples/regalloc/257-instcombine-cstval-pred-ty-matchvector-n15-d16.pbqp,7,16,16,0,false,true,7,603.0
examples/regalloc/257-instcombine-cstval-pred-ty-matchvector-n15-d16.pbqp,16,16,1,0,false,false,1,354.0
examples/regalloc/257-instcombine-cstval-pred-ty-matchvector-n15-d16.pbqp,7,7,1,0,false,false,3,471.0
examples/regalloc/257-instcombine-cstval-pred-ty-matchvector-n15-d16.pbqp,7,7,16,0,false,false,6,1087.0
examples/regalloc/257-instcombine-cstval-pred-ty-matchvector-n15-d16.pbqp,7,16,16,0,false,false,3,674.0
examples/regalloc/257-instcombine-cstval-pred-ty-matchvector-n15-d16.pbqp,16,7,16,2,true,false,1,368.0
examples/regalloc/258-instcombine-cstval-pred-ty-matchvector-n13-d16.pbqp,16,16,16,0,false,false,3,1170.0
examples/regalloc/258-instcombine-cstval-pred-ty-matchvector-n13-d16.pbqp,7,16,16,0,false,false,6,1392.0
examples/regalloc/258-instcombine-cstval-pred-ty-matchvector-n13-d16.pbqp,16,7,1,0,false,false,8,1841.0
examples/regalloc/258-instcombine-cstval-pred-ty-matchvector-n13-d16.pbqp,16,7,16,0,false,false,2,482.0
examples/regalloc/258-instcombine-cstval-pred-ty-matchvector-n13-d16.pbqp,7,16,16,0,false,true,7,546.0
examples/regalloc/258-instcombine-cstval-pred-ty-matchvector-n13-d16.pbqp,7,7,1,0,false,false,2,333.0
examples/regalloc/258-instcombine-cstval-pred-ty-matchvector-n13-d16.pbqp,7,7,16,0,false,false,6,999.0
examples/regalloc/258-instcombine-cstval-pred-ty-matchvector-n13-d16.pbqp,7,7,16,0,true,false,1,174.0
examples/regalloc/258-instcombine-cstval-pred-ty-matchvector-n13-d16.pbqp,16,7,1,0,false,true,7,676.0
examples/regalloc/258-instcombine-cstval-pred-ty-matchvector-n13-d16.pbqp,7,16,16,2,true,false,1,339.0
examples/regalloc/259-instcombine-cstval-pred-ty-matchvector-n13-d16.pbqp,16,16,16,0,false,false,3,1227.0
examples/regalloc/259-instcombine-cstval-pred-ty-matchvector-n13-d16.pbqp,7,16,16,0,false,false,6,1475.0
examples/regalloc/259-instcombine-cstval-pred-ty-matchvector-n13-d16.pbqp,16,7,1,0,false,false,8,1769.0
examples/regalloc/259-instcombine-cstval-pred-ty-matchvector-n13-d16.pbqp,16,7,16,0,false,false,2,500.0
examples/regalloc/259-instcombine-cstval-pred-ty-matchvector-n13-d16.pbqp,7,16,16,0,false,true,7,570.0
examples/regalloc/259-instcombine-cstval-pred-ty-matchvector-n13-d16.pbqp,7,7,1,0,false,false,2,320.0
examples/regalloc/259-instcombine-cstval-pred-ty-matchvector-n13-d16.pbqp,7,7,16,0,false,false,6,1066.0
examples/regalloc/259-instcombine-cstval-pred-ty-matchvector-n13-d16.pbqp,7,7,16,0,true,false,1,161.0
examples/regalloc/259-instcombine-cstval-pred-ty-matchvector-n13-d16.pbqp,16,7,1,0,false,true,7,710.0
examples/regalloc/259-instcombine-cstval-pred-ty-matchvector-n13-d16.pbqp,7,16,16,2,true,false,1,302.0
examples/regalloc/260-instcombine-cstval-pred-ty-matchvector-n19-d16.pbqp,16,16,1,0,false,true,7,862.0
examples/regalloc/260-instcombine-cstval-pred-ty-matchvector-n19-d16.pbqp,16,16,16,0,false,true,32,3203.0
examples/regalloc/260-instcombine-cstval-pred-ty-matchvector-n19-d16.pbqp,16,16,16,0,false,false,3,1157.0
examples/regalloc/260-instcombine-cstval-pred-ty-matchvector-n19-d16.pbqp,16,16,16,0,true,true,16,1468.0
examples/regalloc/260-instcombine-cstval-pred-ty-matchvector-n19-d16.pbqp,7,16,1,0,true,true,16,981.0
examples/regalloc/260-instcombine-cstval-pred-ty-matchvector-n19-d16.pbqp,7,16,16,0,true,false,1,215.0
examples/regalloc/260-instcombine-cstval-pred-ty-matchvector-n19-d16.pbqp,16,7,1,0,false,false,15,3711.0
examples/regalloc/260-instcombine-cstval-pred-ty-matchvector-n19-d16.pbqp,16,7,16,0,false,false,1,264.0
examples/regalloc/260-instcombine-cstval-pred-ty-matchvector-n19-d16.pbqp,7,16,16,0,false,true,7,603.0
examples/regalloc/260-instcombine-cstval-pred-ty-matchvector-n19-d16.pbqp,16,16,1,0,false,false,4,1462.0
examples/regalloc/260-instcombine-cstval-pred-ty-matchvector-n19-d16.pbqp,7,7,1,0,true,false,1,144.0
examples/regalloc/260-instcombine-cstval-pred-ty-matchvector-n19-d16.pbqp,7,7,1,0,false,false,4,638.0
examples/regalloc/260-instcombine-cstval-pred-ty-matchvector-n19-d16.pbqp,7,16,1,0,false,false,2,475.0
examples/regalloc/260-instcombine-cstval-pred-ty-matchvector-n19-d16.pbqp,7,7,16,0,false,false,1,154.0
examples/regalloc/260-instcombine-cstval-pred-ty-matchvector-n19-d16.pbqp,7,16,16,0,false,false,9,2209.0
examples/regalloc/260-instcombine-cstval-pred-ty-matchvector-n19-d16.pbqp,16,16,1,0,true,false,1,407.0
examples/regalloc/261-instcombine-cstval-pred-ty-matchvector-n15-d16.pbqp,16,16,1,0,false,true,7,978.0
examples/regalloc/261-instcombine-cstval-pred-ty-matchvector-n15-d16.pbqp,7,16,1,0,true,true,7,481.0
examples/regalloc/261-instcombine-cstval-pred-ty-matchvector-n15-d16.pbqp,7,16,16,0,false,false,4,946.0
examples/regalloc/261-instcombine-cstval-pred-ty-matchvector-n15-d16.pbqp,7,7,16,0,true,false,2,372.0
examples/regalloc/261-instcombine-cstval-pred-ty-matchvector-n15-d16.pbqp,16,7,1,0,false,false,12,2812.0
examples/regalloc/261-instcombine-cstval-pred-ty-matchvector-n15-d16.pbqp,16,7,16,0,false,false,3,852.0
examples/regalloc/261-instcombine-cstval-pred-ty-matchvector-n15-d16.pbqp,16,16,16,0,false,false,2,819.0
examples/regalloc/261-instcombine-cstval-pred-ty-matchvector-n15-d16.pbqp,7,16,16,0,false,true,7,590.0
examples/regalloc/261-instcombine-cstval-pred-ty-matchvector-n15-d16.pbqp,16,16,1,0,false,false,1,366.0
examples/regalloc/261-instcombine-cstval-pred-ty-matchvector-n15-d16.pbqp,7,7,1,0,false,false,2,322.0
examples/regalloc/261-instcombine-cstval-pred-ty-matchvector-n15-d16.pbqp,7,7,16,0,false,false,6,1147.0
examples/regalloc/261-instcombine-cstval-pred-ty-matchvector-n15-d16.pbqp,7,7,16,0,false,true,16,1007.0
examples/regalloc/261-instcombine-cstval-pred-ty-matchvector-n15-d16.pbqp,7,16,16,2,true,false,1,360.0
examples/regalloc/262-instcombine-specific-fpval-match-n21-d17.pbqp,16,16,1,0,false,false,2,783.0
examples/regalloc/262-instcombine-specific-fpval-match-n21-d17.pbqp,16,7,1,0,false,false,6,1488.0
examples/regalloc/262-instcombine-specific-fpval-match-n21-d17.pbqp,7,7,1,0,false,false,5,877.0
examples/regalloc/262-instcombine-specific-fpval-match-n21-d17.pbqp,7,14,17,0,false,false,2,540.0
examples/regalloc/262-instcombine-specific-fpval-match-n21-d17.pbqp,7,7,17,0,false,false,2,341.0
examples/regalloc/262-instcombine-specific-fpval-match-n21-d17.pbqp,7,14,1,0,false,true,14,1266.0
examples/regalloc/262-instcombine-specific-fpval-match-n21-d17.pbqp,15,7,1,0,false,false,2,435.0
examples/regalloc/262-instcombine-specific-fpval-match-n21-d17.pbqp,15,13,17,0,false,false,1,343.0
examples/regalloc/262-instcombine-specific-fpval-match-n21-d17.pbqp,7,13,17,0,false,true,7,556.0
examples/regalloc/262-instcombine-specific-fpval-match-n21-d17.pbqp,7,7,1,0,false,true,7,465.0
examples/regalloc/262-instcombine-specific-fpval-match-n21-d17.pbqp,7,7,17,2,true,true,7,600.0
examples/regalloc/262-instcombine-specific-fpval-match-n21-d17.pbqp,7,7,1,2,true,false,1,198.0
examples/regalloc/262-instcombine-specific-fpval-match-n21-d17.pbqp,7,7,1,0,true,false,1,192.0
examples/regalloc/262-instcombine-specific-fpval-match-n21-d17.pbqp,7,15,17,0,false,false,1,306.0
examples/regalloc/262-instcombine-specific-fpval-match-n21-d17.pbqp,7,13,17,0,false,false,1,304.0
examples/regalloc/262-instcombine-specific-fpval-match-n21-d17.pbqp,13,15,1,0,false,true,7,838.0
examples/regalloc/262-instcombine-specific-fpval-match-n21-d17.pbqp,7,13,17,0,true,false,1,296.0
examples/regalloc/262-instcombine-specific-fpval-match-n21-d17.pbqp,16,16,17,0,false,false,2,853.0
examples/regalloc/262-instcombine-specific-fpval-match-n21-d17.pbqp,7,16,17,0,false,false,2,572.0
examples/regalloc/262-instcombine-specific-fpval-match-n21-d17.pbqp,16,7,1,0,false,true,16,1242.0
examples/regalloc/262-instcombine-specific-fpval-match-n21-d17.pbqp,16,16,1,2,true,false,1,482.0
examples/regalloc/263-instcombine-disjointor-match-match-n19-d16.pbqp,7,16,16,0,false,true,14,1395.0
examples/regalloc/263-instcombine-disjointor-match-match-n19-d16.pbqp,16,16,16,0,false,false,3,1573.0
examples/regalloc/263-instcombine-disjointor-match-match-n19-d16.pbqp,16,7,1,0,false,false,25,8160.0
examples/regalloc/263-instcombine-disjointor-match-match-n19-d16.pbqp,16,15,1,0,false,false,3,1519.0
examples/regalloc/263-instcombine-disjointor-match-match-n19-d16.pbqp,14,7,1,0,false,false,3,801.0
examples/regalloc/263-instcombine-disjointor-match-match-n19-d16.pbqp,15,7,16,0,false,false,2,560.0
examples/regalloc/263-instcombine-disjointor-match-match-n19-d16.pbqp,15,16,16,0,false,false,1,438.0
examples/regalloc/263-instcombine-disjointor-match-match-n19-d16.pbqp,7,7,1,0,true,false,1,235.0
examples/regalloc/263-instcombine-disjointor-match-match-n19-d16.pbqp,7,7,16,0,true,false,1,222.0
examples/regalloc/263-instcombine-disjointor-match-match-n19-d16.pbqp,7,15,16,0,false,false,2,559.0
examples/regalloc/263-instcombine-disjointor-match-match-n19-d16.pbqp,7,14,16,0,false,false,2,554.0
examples/regalloc/263-instcombine-disjointor-match-match-n19-d16.pbqp,7,7,1,0,false,false,1,214.0
examples/regalloc/263-instcombine-disjointor-match-match-n19-d16.pbqp,14,15,1,0,false,true,7,971.0
examples/regalloc/263-instcombine-disjointor-match-match-n19-d16.pbqp,14,7,1,0,true,false,1,345.0
examples/regalloc/264-instcombine-anybinaryop-match-match-n17-d16.pbqp,7,16,16,0,false,true,16,1236.0
examples/regalloc/264-instcombine-anybinaryop-match-match-n17-d16.pbqp,16,16,16,0,false,false,2,829.0
examples/regalloc/264-instcombine-anybinaryop-match-match-n17-d16.pbqp,16,7,1,0,false,false,12,2904.0
examples/regalloc/264-instcombine-anybinaryop-match-match-n17-d16.pbqp,14,7,1,0,false,false,3,624.0
examples/regalloc/264-instcombine-anybinaryop-match-match-n17-d16.pbqp,16,14,1,0,false,false,1,338.0
examples/regalloc/264-instcombine-anybinaryop-match-match-n17-d16.pbqp,15,16,1,0,false,false,1,332.0
examples/regalloc/264-instcombine-anybinaryop-match-match-n17-d16.pbqp,15,7,1,0,false,false,2,528.0
examples/regalloc/264-instcombine-anybinaryop-match-match-n17-d16.pbqp,7,7,1,0,false,false,2,297.0
examples/regalloc/264-instcombine-anybinaryop-match-match-n17-d16.pbqp,7,16,16,0,false,false,8,2080.0
examples/regalloc/264-instcombine-anybinaryop-match-match-n17-d16.pbqp,7,14,16,0,false,false,1,218.0
examples/regalloc/264-instcombine-anybinaryop-match-match-n17-d16.pbqp,16,14,16,0,false,false,1,375.0
examples/regalloc/264-instcombine-anybinaryop-match-match-n17-d16.pbqp,7,14,16,0,false,true,7,603.0
examples/regalloc/264-instcombine-anybinaryop-match-match-n17-d16.pbqp,16,16,1,0,false,false,4,1585.0
examples/regalloc/264-instcombine-anybinaryop-match-match-n17-d16.pbqp,7,7,1,0,true,false,1,169.0
examples/regalloc/264-instcombine-anybinaryop-match-match-n17-d16.pbqp,7,16,16,0,true,false,1,253.0
examples/regalloc/264-instcombine-anybinaryop-match-match-n17-d16.pbqp,16,16,16,0,false,true,16,1718.0
examples/regalloc/264-instcombine-anybinaryop-match-match-n17-d16.pbqp,16,16,16,0,true,false,1,550.0
examples/regalloc/265-instcombine-anybinaryop-match-match-n28-d16.pbqp,7,14,16,0,false,true,14,1233.0
examples/regalloc/265-instcombine-anybinaryop-match-match-n28-d16.pbqp,16,16,16,0,false,false,9,3747.0
examples/regalloc/265-instcombine-anybinaryop-match-match-n28-d16.pbqp,16,16,1,0,false,false,12,4711.0
examples/regalloc/265-instcombine-anybinaryop-match-match-n28-d16.pbqp,16,7,1,0,false,false,28,7755.0
examples/regalloc/265-instcombine-anybinaryop-match-match-n28-d16.pbqp,15,16,1,0,false,false,2,685.0
examples/regalloc/265-instcombine-anybinaryop-match-match-n28-d16.pbqp,15,7,1,0,false,false,4,894.0
examples/regalloc/265-instcombine-anybinaryop-match-match-n28-d16.pbqp,16,14,16,0,false,false,1,372.0
examples/regalloc/265-instcombine-anybinaryop-match-match-n28-d16.pbqp,7,16,16,0,false,true,21,1907.0
examples/regalloc/265-instcombine-anybinaryop-match-match-n28-d16.pbqp,7,7,1,0,true,false,1,175.0
examples/regalloc/265-instcombine-anybinaryop-match-match-n28-d16.pbqp,7,16,16,0,false,false,8,2055.0
examples/regalloc/265-instcombine-anybinaryop-match-match-n28-d16.pbqp,16,16,16,0,false,true,16,1742.0
examples/regalloc/265-instcombine-anybinaryop-match-match-n28-d16.pbqp,16,16,16,0,true,false,1,513.0
examples/regalloc/266-instcombine-anybinaryop-match-match-n33-d16.pbqp,16,16,1,0,false,true,16,1662.0
examples/regalloc/266-instcombine-anybinaryop-match-match-n33-d16.pbqp,16,16,1,0,true,false,1,332.0
examples/regalloc/266-instcombine-anybinaryop-match-match-n33-d16.pbqp,16,16,1,0,false,false,40,15342.0
examples/regalloc/266-instcombine-anybinaryop-match-match-n33-d16.pbqp,16,15,1,0,false,false,20,7553.0
examples/regalloc/266-instcombine-anybinaryop-match-match-n33-d16.pbqp,16,16,16,0,false,false,14,5823.0
examples/regalloc/266-instcombine-anybinaryop-match-match-n33-d16.pbqp,15,16,16,0,false,true,48,5043.0
examples/regalloc/266-instcombine-anybinaryop-match-match-n33-d16.pbqp,16,16,16,0,false,true,31,3430.0
examples/regalloc/266-instcombine-anybinaryop-match-match-n33-d16.pbqp,16,15,1,0,true,false,1,393.0
examples/regalloc/266-instcombine-anybinaryop-match-match-n33-d16.pbqp,15,16,16,0,false,false,4,1519.0
examples/regalloc/266-instcombine-anybinaryop-match-match-n33-d16.pbqp,16,16,16,0,true,false,1,417.0
examples/regalloc/267-instcombine-anybinaryop-match-match-n19-d16.pbqp,16,16,16,0,false,false,3,1286.0
examples/regalloc/267-instcombine-anybinaryop-match-match-n19-d16.pbqp,16,16,16,0,false,true,7,902.0
examples/regalloc/267-instcombine-anybinaryop-match-match-n19-d16.pbqp,14,7,1,0,false,false,3,705.0
examples/regalloc/267-instcombine-anybinaryop-match-match-n19-d16.pbqp,16,7,1,0,false,false,22,5947.0
examples/regalloc/267-instcombine-anybinaryop-match-match-n19-d16.pbqp,16,14,1,0,false,false,1,341.0
examples/regalloc/267-instcombine-anybinaryop-match-match-n19-d16.pbqp,7,7,1,0,false,false,3,456.0
examples/regalloc/267-instcombine-anybinaryop-match-match-n19-d16.pbqp,7,16,16,0,false,false,3,685.0
examples/regalloc/267-instcombine-anybinaryop-match-match-n19-d16.pbqp,7,14,16,0,false,false,1,198.0
examples/regalloc/267-instcombine-anybinaryop-match-match-n19-d16.pbqp,16,14,16,0,false,false,1,366.0
examples/regalloc/267-instcombine-anybinaryop-match-match-n19-d16.pbqp,7,14,16,0,false,true,7,539.0
examples/regalloc/267-instcombine-anybinaryop-match-match-n19-d16.pbqp,16,7,16,0,false,false,1,248.0
examples/regalloc/267-instcombine-anybinaryop-match-match-n19-d16.pbqp,16,16,1,0,false,false,2,776.0
examples/regalloc/267-instcombine-anybinaryop-match-match-n19-d16.pbqp,16,7,1,0,true,false,1,275.0
examples/regalloc/267-instcombine-anybinaryop-match-match-n19-d16.pbqp,7,7,1,0,true,false,1,158.0
examples/regalloc/267-instcombine-anybinaryop-match-match-n19-d16.pbqp,7,7,16,0,false,false,3,513.0
examples/regalloc/267-instcombine-anybinaryop-match-match-n19-d16.pbqp,16,7,1,0,false,true,7,657.0
examples/regalloc/267-instcombine-anybinaryop-match-match-n19-d16.pbqp,7,16,16,2,true,false,1,312.0
examples/regalloc/268-instcombine-anybinaryop-match-match-n34-d16.pbqp,7,14,16,0,false,true,14,1315.0
examples/regalloc/268-instcombine-anybinaryop-match-match-n34-d16.pbqp,16,16,16,0,false,false,8,3597.0
examples/regalloc/268-instcombine-anybinaryop-match-match-n34-d16.pbqp,16,7,1,0,false,false,63,17452.0
examples/regalloc/268-instcombine-anybinaryop-match-match-n34-d16.pbqp,16,14,16,0,false,false,1,490.0
examples/regalloc/268-instcombine-anybinaryop-match-match-n34-d16.pbqp,7,16,16,0,false,true,7,585.0
examples/regalloc/268-instcombine-anybinaryop-match-match-n34-d16.pbqp,16,16,1,0,false,false,8,3181.0
examples/regalloc/268-instcombine-anybinaryop-match-match-n34-d16.pbqp,16,7,16,0,false,false,4,1272.0
examples/regalloc/268-instcombine-anybinaryop-match-match-n34-d16.pbqp,7,7,1,0,false,false,8,1666.0
examples/regalloc/268-instcombine-anybinaryop-match-match-n34-d16.pbqp,7,7,16,0,false,false,7,1484.0
examples/regalloc/268-instcombine-anybinaryop-match-match-n34-d16.pbqp,7,16,16,0,false,false,5,1358.0
examples/regalloc/268-instcombine-anybinaryop-match-match-n34-d16.pbqp,7,7,16,0,false,true,7,617.0
examples/regalloc/268-instcombine-anybinaryop-match-match-n34-d16.pbqp,7,7,1,2,true,false,1,260.0
examples/regalloc/268-instcombine-anybinaryop-match-match-n34-d16.pbqp,16,7,1,0,false,true,7,831.0
examples/regalloc/268-instcombine-anybinaryop-match-match-n34-d16.pbqp,7,16,16,2,true,false,1,367.0
examples/regalloc/269-instcombine-anybinaryop-match-match-n27-d16.pbqp,16,16,16,0,false,false,25,10394.0
examples/regalloc/269-instcombine-anybinaryop-match-match-n27-d16.pbqp,16,16,1,0,false,false,20,7686.0
examples/regalloc/269-instcombine-anybinaryop-match-match-n27-d16.pbqp,16,15,1,0,false,false,11,4262.0
examples/regalloc/269-instcombine-anybinaryop-match-match-n27-d16.pbqp,15,16,16,0,false,true,48,4747.0
examples/regalloc/269-instcombine-anybinaryop-match-match-n27-d16.pbqp,16,16,16,0,false,true,31,3261.0
examples/regalloc/269-instcombine-anybinaryop-match-match-n27-d16.pbqp,16,16,16,0,true,false,2,925.0
examples/regalloc/269-instcombine-anybinaryop-match-match-n27-d16.pbqp,16,15,1,0,true,false,1,391.0
examples/regalloc/269-instcombine-anybinaryop-match-match-n27-d16.pbqp,16,15,1,0,false,true,16,1671.0
examples/regalloc/270-instcombine-anybinaryop-match-match-n27-d16.pbqp,16,16,16,0,false,false,25,10789.0
examples/regalloc/270-instcombine-anybinaryop-match-match-n27-d16.pbqp,16,16,1,0,false,false,20,8196.0
examples/regalloc/270-instcombine-anybinaryop-match-match-n27-d16.pbqp,16,15,1,0,false,false,11,4258.0
examples/regalloc/270-instcombine-anybinaryop-match-match-n27-d16.pbqp,15,16,16,0,false,true,48,4857.0
examples/regalloc/270-instcombine-anybinaryop-match-match-n27-d16.pbqp,16,16,16,0,false,true,31,3311.0
examples/regalloc/270-instcombine-anybinaryop-match-match-n27-d16.pbqp,16,16,16,0,true,false,2,977.0
examples/regalloc/270-instcombine-anybinaryop-match-match-n27-d16.pbqp,16,15,1,0,true,false,1,398.0
examples/regalloc/270-instcombine-anybinaryop-match-match-n27-d16.pbqp,16,15,1,0,false,true,16,1692.0
examples/regalloc/271-instcombine-anybinaryop-match-match-n32-d16.pbqp,16,16,1,0,false,true,30,3181.0
examples/regalloc/271-instcombine-anybinaryop-match-match-n32-d16.pbqp,15,16,16,0,false,true,64,6529.0
examples/regalloc/271-instcombine-anybinaryop-match-match-n32-d16.pbqp,15,16,1,0,true,false,1,308.0
examples/regalloc/271-instcombine-anybinaryop-match-match-n32-d16.pbqp,15,16,16,0,true,true,16,1598.0
examples/regalloc/271-instcombine-anybinaryop-match-match-n32-d16.pbqp,16,16,1,0,false,false,36,13863.0
examples/regalloc/271-instcombine-anybinaryop-match-match-n32-d16.pbqp,16,15,1,0,false,false,22,8272.0
examples/regalloc/271-instcombine-anybinaryop-match-match-n32-d16.pbqp,16,16,16,0,false,false,16,6731.0
examples/regalloc/271-instcombine-anybinaryop-match-match-n32-d16.pbqp,16,15,1,0,true,false,1,466.0
examples/regalloc/272-instcombine-ptrtointsamesize-match-match-n24-d16.pbqp,7,16,16,0,false,true,16,1156.0
examples/regalloc/272-instcombine-ptrtointsamesize-match-match-n24-d16.pbqp,7,16,16,0,true,true,7,570.0
examples/regalloc/272-instcombine-ptrtointsamesize-match-match-n24-d16.pbqp,16,7,1,0,false,false,41,10855.0
examples/regalloc/272-instcombine-ptrtointsamesize-match-match-n24-d16.pbqp,16,16,1,0,false,false,5,1813.0
examples/regalloc/272-instcombine-ptrtointsamesize-match-match-n24-d16.pbqp,16,7,16,0,false,false,2,529.0
examples/regalloc/272-instcombine-ptrtointsamesize-match-match-n24-d16.pbqp,16,16,16,0,false,false,3,1253.0
examples/regalloc/272-instcombine-ptrtointsamesize-match-match-n24-d16.pbqp,16,15,16,0,false,false,1,421.0
examples/regalloc/272-instcombine-ptrtointsamesize-match-match-n24-d16.pbqp,15,7,1,0,false,false,13,2989.0
examples/regalloc/272-instcombine-ptrtointsamesize-match-match-n24-d16.pbqp,16,15,1,0,false,false,2,816.0
examples/regalloc/272-instcombine-ptrtointsamesize-match-match-n24-d16.pbqp,15,16,1,0,false,false,1,328.0
examples/regalloc/272-instcombine-ptrtointsamesize-match-match-n24-d16.pbqp,7,7,1,0,false,false,3,633.0
examples/regalloc/272-instcombine-ptrtointsamesize-match-match-n24-d16.pbqp,7,7,16,0,true,false,1,226.0
examples/regalloc/272-instcombine-ptrtointsamesize-match-match-n24-d16.pbqp,7,7,16,0,false,false,6,1267.0
examples/regalloc/272-instcombine-ptrtointsamesize-match-match-n24-d16.pbqp,7,16,16,0,false,false,8,2146.0
examples/regalloc/272-instcombine-ptrtointsamesize-match-match-n24-d16.pbqp,16,16,1,0,false,true,7,930.0
examples/regalloc/272-instcombine-ptrtointsamesize-match-match-n24-d16.pbqp,16,7,1,0,true,false,1,286.0
examples/regalloc/273-instcombine-specificbinaryop-match-match-n23-d16.pbqp,7,16,16,0,false,true,35,3094.0
examples/regalloc/273-instcombine-specificbinaryop-match-match-n23-d16.pbqp,16,16,16,0,false,false,7,2950.0
examples/regalloc/273-instcombine-specificbinaryop-match-match-n23-d16.pbqp,16,16,1,0,false,false,8,2940.0
examples/regalloc/273-instcombine-specificbinaryop-match-match-n23-d16.pbqp,16,7,1,0,false,false,20,5381.0
examples/regalloc/273-instcombine-specificbinaryop-match-match-n23-d16.pbqp,15,16,1,0,false,false,2,633.0
examples/regalloc/273-instcombine-specificbinaryop-match-match-n23-d16.pbqp,15,7,1,0,false,false,4,932.0
examples/regalloc/273-instcombine-specificbinaryop-match-match-n23-d16.pbqp,7,7,1,0,true,false,1,177.0
examples/regalloc/273-instcombine-specificbinaryop-match-match-n23-d16.pbqp,7,16,16,0,false,false,2,478.0
examples/regalloc/273-instcombine-specificbinaryop-match-match-n23-d16.pbqp,16,7,1,0,false,true,16,1205.0
examples/regalloc/273-instcombine-specificbinaryop-match-match-n23-d16.pbqp,16,16,16,2,true,false,1,534.0
examples/regalloc/274-instcombine-specificbinaryop-match-match-n19-d16.pbqp,7,16,16,0,false,true,43,3583.0
examples/regalloc/274-instcombine-specificbinaryop-match-match-n19-d16.pbqp,16,15,1,0,false,false,5,1756.0
examples/regalloc/274-instcombine-specificbinaryop-match-match-n19-d16.pbqp,16,7,1,0,false,false,7,1827.0
examples/regalloc/274-instcombine-specificbinaryop-match-match-n19-d16.pbqp,16,16,16,0,false,false,4,1699.0
examples/regalloc/274-instcombine-specificbinaryop-match-match-n19-d16.pbqp,7,7,1,0,true,false,1,165.0
examples/regalloc/274-instcombine-specificbinaryop-match-match-n19-d16.pbqp,7,7,16,0,false,false,1,199.0
examples/regalloc/274-instcombine-specificbinaryop-match-match-n19-d16.pbqp,7,16,16,0,false,false,3,714.0
examples/regalloc/274-instcombine-specificbinaryop-match-match-n19-d16.pbqp,7,7,16,0,true,false,2,321.0
examples/regalloc/274-instcombine-specificbinaryop-match-match-n19-d16.pbqp,16,16,1,0,false,false,4,1592.0
examples/regalloc/274-instcombine-specificbinaryop-match-match-n19-d16.pbqp,15,16,16,0,false,true,7,880.0
examples/regalloc/274-instcombine-specificbinaryop-match-match-n19-d16.pbqp,7,15,1,0,true,false,1,230.0
examples/regalloc/274-instcombine-specificbinaryop-match-match-n19-d16.pbqp,16,15,1,0,false,true,16,1697.0
examples/regalloc/274-instcombine-specificbinaryop-match-match-n19-d16.pbqp,16,16,16,0,true,false,1,474.0
examples/regalloc/275-instcombine-specificbinaryop-match-match-n23-d16.pbqp,7,16,16,0,false,true,35,3092.0
examples/regalloc/275-instcombine-specificbinaryop-match-match-n23-d16.pbqp,16,16,16,0,false,false,6,2470.0
examples/regalloc/275-instcombine-specificbinaryop-match-match-n23-d16.pbqp,16,16,1,0,false,false,9,3282.0
examples/regalloc/275-instcombine-specificbinaryop-match-match-n23-d16.pbqp,16,7,1,0,false,false,20,5170.0
examples/regalloc/275-instcombine-specificbinaryop-match-match-n23-d16.pbqp,15,16,1,0,false,false,2,651.0
examples/regalloc/275-instcombine-specificbinaryop-match-match-n23-d16.pbqp,15,7,1,0,false,false,4,864.0
examples/regalloc/275-instcombine-specificbinaryop-match-match-n23-d16.pbqp,7,7,1,0,true,false,1,167.0
examples/regalloc/275-instcombine-specificbinaryop-match-match-n23-d16.pbqp,7,16,16,0,false,false,2,473.0
examples/regalloc/275-instcombine-specificbinaryop-match-match-n23-d16.pbqp,16,7,1,0,false,true,16,1211.0
examples/regalloc/275-instcombine-specificbinaryop-match-match-n23-d16.pbqp,16,16,1,2,true,false,1,497.0
examples/regalloc/276-instcombine-specificbinaryop-match-match-n30-d16.pbqp,16,16,1,0,false,true,16,1656.0
examples/regalloc/276-instcombine-specificbinaryop-match-match-n30-d16.pbqp,16,16,1,0,true,false,2,785.0
examples/regalloc/276-instcombine-specificbinaryop-match-match-n30-d16.pbqp,16,16,1,0,false,false,69,25233.0
examples/regalloc/276-instcombine-specificbinaryop-match-match-n30-d16.pbqp,16,15,1,0,false,false,13,4854.0
examples/regalloc/276-instcombine-specificbinaryop-match-match-n30-d16.pbqp,15,16,16,0,false,true,16,1679.0
examples/regalloc/276-instcombine-specificbinaryop-match-match-n30-d16.pbqp,16,16,16,0,false,false,21,8805.0
examples/regalloc/276-instcombine-specificbinaryop-match-match-n30-d16.pbqp,16,16,16,0,false,true,16,1662.0
examples/regalloc/276-instcombine-specificbinaryop-match-match-n30-d16.pbqp,16,15,1,0,true,false,1,396.0
examples/regalloc/276-instcombine-specificbinaryop-match-match-n30-d16.pbqp,16,15,1,0,false,true,16,1563.0
examples/regalloc/276-instcombine-specificbinaryop-match-match-n30-d16.pbqp,16,16,1,2,true,false,1,427.0
examples/regalloc/277-instcombine-specificcmpclass-match-match-n23-d16.pbqp,7,16,16,0,false,false,8,2060.0
examples/regalloc/277-instcombine-specificcmpclass-match-match-n23-d16.pbqp,7,16,16,0,false,true,30,2332.0
examples/regalloc/277-instcombine-specificcmpclass-match-match-n23-d16.pbqp,7,16,16,0,true,true,7,611.0
examples/regalloc/277-instcombine-specificcmpclass-match-match-n23-d16.pbqp,16,16,1,0,false,true,45,4844.0
examples/regalloc/277-instcombine-specificcmpclass-match-match-n23-d16.pbqp,7,16,16,0,true,false,1,253.0
examples/regalloc/277-instcombine-specificcmpclass-match-match-n23-d16.pbqp,16,7,1,0,true,true,7,681.0
examples/regalloc/277-instcombine-specificcmpclass-match-match-n23-d16.pbqp,16,16,16,0,false,true,7,897.0
examples/regalloc/277-instcombine-specificcmpclass-match-match-n23-d16.pbqp,16,16,1,0,false,false,1,376.0
examples/regalloc/277-instcombine-specificcmpclass-match-match-n23-d16.pbqp,16,7,1,0,false,false,6,1463.0
examples/regalloc/277-instcombine-specificcmpclass-match-match-n23-d16.pbqp,7,16,16,2,true,false,1,241.0
examples/regalloc/277-instcombine-specificcmpclass-match-match-n23-d16.pbqp,16,16,1,0,true,false,1,360.0
examples/regalloc/277-instcombine-specificcmpclass-match-match-n23-d16.pbqp,16,16,16,0,false,false,3,1119.0
examples/regalloc/277-instcombine-specificcmpclass-match-match-n23-d16.pbqp,7,7,1,0,true,false,1,192.0
examples/regalloc/277-instcombine-specificcmpclass-match-match-n23-d16.pbqp,7,15,16,0,false,false,2,490.0
examples/regalloc/277-instcombine-specificcmpclass-match-match-n23-d16.pbqp,16,15,1,0,true,false,1,400.0
examples/regalloc/278-instcombine-specificcmpclass-match-match-n22-d16.pbqp,7,16,16,0,false,true,44,3703.0
examples/regalloc/278-instcombine-specificcmpclass-match-match-n22-d16.pbqp,16,16,16,0,false,false,5,2068.0
examples/regalloc/278-instcombine-specificcmpclass-match-match-n22-d16.pbqp,16,7,1,0,false,false,9,2333.0
examples/regalloc/278-instcombine-specificcmpclass-match-match-n22-d16.pbqp,16,7,16,0,false,false,1,304.0
examples/regalloc/278-instcombine-specificcmpclass-match-match-n22-d16.pbqp,7,7,1,0,false,false,2,305.0
examples/regalloc/278-instcombine-specificcmpclass-match-match-n22-d16.pbqp,7,16,16,0,false,false,7,1854.0
examples/regalloc/278-instcombine-specificcmpclass-match-match-n22-d16.pbqp,16,16,1,0,false,false,2,749.0
examples/regalloc/278-instcombine-specificcmpclass-match-match-n22-d16.pbqp,7,16,16,0,true,true,7,594.0
examples/regalloc/278-instcombine-specificcmpclass-match-match-n22-d16.pbqp,7,7,1,0,true,false,2,365.0
examples/regalloc/278-instcombine-specificcmpclass-match-match-n22-d16.pbqp,16,16,1,0,false,true,22,2485.0
examples/regalloc/278-instcombine-specificcmpclass-match-match-n22-d16.pbqp,7,16,16,0,true,false,1,255.0
examples/regalloc/278-instcombine-specificcmpclass-match-match-n22-d16.pbqp,15,16,1,0,false,false,1,361.0
examples/regalloc/278-instcombine-specificcmpclass-match-match-n22-d16.pbqp,15,7,1,0,false,false,2,533.0
examples/regalloc/278-instcombine-specificcmpclass-match-match-n22-d16.pbqp,7,15,16,0,false,false,2,532.0
examples/regalloc/278-instcombine-specificcmpclass-match-match-n22-d16.pbqp,16,15,1,0,true,false,1,441.0
examples/regalloc/279-instcombine-specificcmpclass-match-match-n17-d16.pbqp,7,16,16,0,false,true,37,3005.0
examples/regalloc/279-instcombine-specificcmpclass-match-match-n17-d16.pbqp,16,16,16,0,false,false,2,800.0
examples/regalloc/279-instcombine-specificcmpclass-match-match-n17-d16.pbqp,16,7,1,0,false,false,3,747.0
examples/regalloc/279-instcombine-specificcmpclass-match-match-n17-d16.pbqp,16,7,16,0,false,false,1,298.0
examples/regalloc/279-instcombine-specificcmpclass-match-match-n17-d16.pbqp,7,7,1,0,false,false,2,293.0
examples/regalloc/279-instcombine-specificcmpclass-match-match-n17-d16.pbqp,7,16,16,0,false,false,7,1815.0
examples/regalloc/279-instcombine-specificcmpclass-match-match-n17-d16.pbqp,16,16,1,0,false,false,1,386.0
examples/regalloc/279-instcombine-specificcmpclass-match-match-n17-d16.pbqp,7,16,16,0,true,true,7,590.0
examples/regalloc/279-instcombine-specificcmpclass-match-match-n17-d16.pbqp,7,7,1,0,true,false,2,321.0
examples/regalloc/279-instcombine-specificcmpclass-match-match-n17-d16.pbqp,16,16,1,0,false,true,22,2341.0
examples/regalloc/279-instcombine-specificcmpclass-match-match-n17-d16.pbqp,7,16,16,0,true,false,1,247.0
examples/regalloc/279-instcombine-specificcmpclass-match-match-n17-d16.pbqp,7,15,16,0,false,false,2,554.0
examples/regalloc/279-instcombine-specificcmpclass-match-match-n17-d16.pbqp,16,15,1,0,true,false,1,379.0
examples/regalloc/280-instcombine-specificcmpclass-match-match-n21-d16.pbqp,7,16,16,0,false,true,49,4106.0
examples/regalloc/280-instcombine-specificcmpclass-match-match-n21-d16.pbqp,7,14,16,0,false,true,7,597.0
examples/regalloc/280-instcombine-specificcmpclass-match-match-n21-d16.pbqp,7,16,16,0,false,false,5,1367.0
examples/regalloc/280-instcombine-specificcmpclass-match-match-n21-d16.pbqp,16,7,1,0,false,false,6,1574.0
examples/regalloc/280-instcombine-specificcmpclass-match-match-n21-d16.pbqp,16,16,16,0,false,false,2,832.0
examples/regalloc/280-instcombine-specificcmpclass-match-match-n21-d16.pbqp,16,15,1,0,false,false,1,340.0
examples/regalloc/280-instcombine-specificcmpclass-match-match-n21-d16.pbqp,7,7,1,0,true,false,2,345.0
examples/regalloc/280-instcombine-specificcmpclass-match-match-n21-d16.pbqp,7,15,16,0,false,false,3,710.0
examples/regalloc/280-instcombine-specificcmpclass-match-match-n21-d16.pbqp,7,14,16,0,false,false,1,223.0
examples/regalloc/280-instcombine-specificcmpclass-match-match-n21-d16.pbqp,14,15,1,0,false,true,7,798.0
examples/regalloc/280-instcombine-specificcmpclass-match-match-n21-d16.pbqp,7,14,16,0,true,false,1,233.0
examples/regalloc/280-instcombine-specificcmpclass-match-match-n21-d16.pbqp,16,16,1,0,false,true,15,1635.0
examples/regalloc/280-instcombine-specificcmpclass-match-match-n21-d16.pbqp,16,15,1,0,true,false,1,478.0
examples/regalloc/281-instcombine-overflowingbinaryop-match-match-n20-d16.pbqp,16,7,1,0,false,false,12,3197.0
examples/regalloc/281-instcombine-overflowingbinaryop-match-match-n20-d16.pbqp,16,15,1,0,false,false,4,1527.0
examples/regalloc/281-instcombine-overflowingbinaryop-match-match-n20-d16.pbqp,16,16,16,0,false,false,5,2056.0
examples/regalloc/281-instcombine-overflowingbinaryop-match-match-n20-d16.pbqp,15,16,16,0,false,true,7,903.0
examples/regalloc/281-instcombine-overflowingbinaryop-match-match-n20-d16.pbqp,16,7,16,0,false,false,1,261.0
examples/regalloc/281-instcombine-overflowingbinaryop-match-match-n20-d16.pbqp,16,16,1,0,false,false,5,1917.0
examples/regalloc/281-instcombine-overflowingbinaryop-match-match-n20-d16.pbqp,7,16,16,0,false,true,23,1813.0
examples/regalloc/281-instcombine-overflowingbinaryop-match-match-n20-d16.pbqp,7,7,16,0,false,true,7,553.0
examples/regalloc/281-instcombine-overflowingbinaryop-match-match-n20-d16.pbqp,16,7,1,0,true,true,7,712.0
examples/regalloc/281-instcombine-overflowingbinaryop-match-match-n20-d16.pbqp,16,16,1,0,false,true,7,968.0
examples/regalloc/281-instcombine-overflowingbinaryop-match-match-n20-d16.pbqp,7,15,1,0,true,false,1,212.0
examples/regalloc/281-instcombine-overflowingbinaryop-match-match-n20-d16.pbqp,7,16,16,0,false,false,3,759.0
examples/regalloc/281-instcombine-overflowingbinaryop-match-match-n20-d16.pbqp,7,16,16,2,true,false,1,242.0
examples/regalloc/281-instcombine-overflowingbinaryop-match-match-n20-d16.pbqp,15,16,16,0,false,false,4,1647.0
examples/regalloc/281-instcombine-overflowingbinaryop-match-match-n20-d16.pbqp,16,16,16,0,false,true,16,1741.0
examples/regalloc/281-instcombine-overflowingbinaryop-match-match-n20-d16.pbqp,16,16,16,0,true,false,1,470.0
examples/regalloc/282-instcombine-overflowingbinaryop-match-match-n20-d16.pbqp,16,7,1,0,false,false,12,3018.0
examples/regalloc/282-instcombine-overflowingbinaryop-match-match-n20-d16.pbqp,16,15,1,0,false,false,4,1488.0
examples/regalloc/282-instcombine-overflowingbinaryop-match-match-n20-d16.pbqp,16,16,16,0,false,false,5,2034.0
examples/regalloc/282-instcombine-overflowingbinaryop-match-match-n20-d16.pbqp,15,16,16,0,false,true,7,891.0
examples/regalloc/282-instcombine-overflowingbinaryop-match-match-n20-d16.pbqp,16,7,16,0,false,false,1,242.0
examples/regalloc/282-instcombine-overflowingbinaryop-match-match-n20-d16.pbqp,16,16,1,0,false,false,5,1790.0
examples/regalloc/282-instcombine-overflowingbinaryop-match-match-n20-d16.pbqp,7,16,16,0,false,true,23,1810.0
examples/regalloc/282-instcombine-overflowingbinaryop-match-match-n20-d16.pbqp,7,7,16,0,false,true,7,513.0
examples/regalloc/282-instcombine-overflowingbinaryop-match-match-n20-d16.pbqp,16,7,1,0,true,true,7,711.0
examples/regalloc/282-instcombine-overflowingbinaryop-match-match-n20-d16.pbqp,16,16,1,0,false,true,7,930.0
examples/regalloc/282-instcombine-overflowingbinaryop-match-match-n20-d16.pbqp,7,15,1,0,true,false,1,226.0
examples/regalloc/282-instcombine-overflowingbinaryop-match-match-n20-d16.pbqp,7,16,16,0,false,false,3,736.0
examples/regalloc/282-instcombine-overflowingbinaryop-match-match-n20-d16.pbqp,7,16,16,2,true,false,1,266.0
examples/regalloc/282-instcombine-overflowingbinaryop-match-match-n20-d16.pbqp,15,16,16,0,false,false,4,1553.0
examples/regalloc/282-instcombine-overflowingbinaryop-match-match-n20-d16.pbqp,16,16,16,0,false,true,16,1562.0
examples/regalloc/282-instcombine-overflowingbinaryop-match-match-n20-d16.pbqp,16,16,16,0,true,false,1,435.0
examples/regalloc/283-instcombine-overflowingbinaryop-match-match-n17-d16.pbqp,7,15,16,0,false,true,16,1202.0
examples/regalloc/283-instcombine-overflowingbinaryop-match-match-n17-d16.pbqp,16,16,16,0,false,false,5,2243.0
examples/regalloc/283-instcombine-overflowingbinaryop-match-match-n17-d16.pbqp,16,7,1,0,false,false,7,1963.0
examples/regalloc/283-instcombine-overflowingbinaryop-match-match-n17-d16.pbqp,16,15,1,0,false,false,4,1543.0
examples/regalloc/283-instcombine-overflowingbinaryop-match-match-n17-d16.pbqp,7,16,16,0,false,true,15,1207.0
examples/regalloc/283-instcombine-overflowingbinaryop-match-match-n17-d16.pbqp,16,16,1,0,false,false,10,3946.0
examples/regalloc/283-instcombine-overflowingbinaryop-match-match-n17-d16.pbqp,16,16,1,0,false,true,23,2730.0
examples/regalloc/283-instcombine-overflowingbinaryop-match-match-n17-d16.pbqp,7,15,1,0,true,false,1,263.0
examples/regalloc/283-instcombine-overflowingbinaryop-match-match-n17-d16.pbqp,7,16,16,0,false,false,3,929.0
examples/regalloc/283-instcombine-overflowingbinaryop-match-match-n17-d16.pbqp,7,16,16,0,true,false,1,308.0
examples/regalloc/283-instcombine-overflowingbinaryop-match-match-n17-d16.pbqp,15,16,16,0,false,false,4,1709.0
examples/regalloc/283-instcombine-overflowingbinaryop-match-match-n17-d16.pbqp,16,16,16,0,true,false,1,532.0
examples/regalloc/284-instcombine-commutativebinaryintrinsic-match-mat-n14-d16.pbqp,7,16,16,0,false,true,28,2308.0
examples/regalloc/284-instcombine-commutativebinaryintrinsic-match-mat-n14-d16.pbqp,7,15,16,0,false,true,14,1120.0
examples/regalloc/284-instcombine-commutativebinaryintrinsic-match-mat-n14-d16.pbqp,16,16,16,0,false,false,2,848.0
examples/regalloc/284-instcombine-commutativebinaryintrinsic-match-mat-n14-d16.pbqp,16,7,1,0,false,false,4,925.0
examples/regalloc/284-instcombine-commutativebinaryintrinsic-match-mat-n14-d16.pbqp,16,16,1,0,false,false,1,418.0
examples/regalloc/284-instcombine-commutativebinaryintrinsic-match-mat-n14-d16.pbqp,7,7,1,0,true,false,1,139.0
examples/regalloc/284-instcombine-commutativebinaryintrinsic-match-mat-n14-d16.pbqp,7,16,16,0,false,false,2,455.0
examples/regalloc/284-instcombine-commutativebinaryintrinsic-match-mat-n14-d16.pbqp,16,7,1,0,false,true,16,1158.0
examples/regalloc/284-instcombine-commutativebinaryintrinsic-match-mat-n14-d16.pbqp,16,16,1,2,true,false,1,483.0
examples/regalloc/285-instcombine-commutativebinaryintrinsic-match-mat-n16-d16.pbqp,7,16,16,0,false,true,35,2889.0
examples/regalloc/285-instcombine-commutativebinaryintrinsic-match-mat-n16-d16.pbqp,7,14,16,0,false,false,2,435.0
examples/regalloc/285-instcombine-commutativebinaryintrinsic-match-mat-n16-d16.pbqp,16,7,1,0,false,false,12,2779.0
examples/regalloc/285-instcombine-commutativebinaryintrinsic-match-mat-n16-d16.pbqp,16,16,16,0,false,false,1,408.0
examples/regalloc/285-instcombine-commutativebinaryintrinsic-match-mat-n16-d16.pbqp,16,16,1,0,false,false,5,1697.0
examples/regalloc/285-instcombine-commutativebinaryintrinsic-match-mat-n16-d16.pbqp,7,7,1,0,true,false,1,164.0
examples/regalloc/285-instcombine-commutativebinaryintrinsic-match-mat-n16-d16.pbqp,7,16,16,0,false,false,1,243.0
examples/regalloc/285-instcombine-commutativebinaryintrinsic-match-mat-n16-d16.pbqp,14,7,1,0,false,true,16,1059.0
examples/regalloc/285-instcombine-commutativebinaryintrinsic-match-mat-n16-d16.pbqp,14,16,1,2,true,false,1,407.0
examples/regalloc/286-instcombine-commutativebinaryintrinsic-match-mat-n14-d16.pbqp,7,16,16,0,false,true,28,2271.0
examples/regalloc/286-instcombine-commutativebinaryintrinsic-match-mat-n14-d16.pbqp,7,15,16,0,false,true,14,1098.0
examples/regalloc/286-instcombine-commutativebinaryintrinsic-match-mat-n14-d16.pbqp,16,16,16,0,false,false,2,752.0
examples/regalloc/286-instcombine-commutativebinaryintrinsic-match-mat-n14-d16.pbqp,16,7,1,0,false,false,4,929.0
examples/regalloc/286-instcombine-commutativebinaryintrinsic-match-mat-n14-d16.pbqp,16,16,1,0,false,false,1,344.0
examples/regalloc/286-instcombine-commutativebinaryintrinsic-match-mat-n14-d16.pbqp,7,7,1,0,true,false,1,133.0
examples/regalloc/286-instcombine-commutativebinaryintrinsic-match-mat-n14-d16.pbqp,7,16,16,0,false,false,2,413.0
examples/regalloc/286-instcombine-commutativebinaryintrinsic-match-mat-n14-d16.pbqp,16,7,1,0,false,true,16,1131.0
examples/regalloc/286-instcombine-commutativebinaryintrinsic-match-mat-n14-d16.pbqp,16,16,1,2,true,false,1,455.0
examples/regalloc/287-instcombine-irbuilderbase-insert-n7-d16.pbqp,7,14,1,0,false,false,2,410.0
examples/regalloc/287-instcombine-irbuilderbase-insert-n7-d16.pbqp,7,7,1,0,false,false,1,143.0
examples/regalloc/287-instcombine-irbuilderbase-insert-n7-d16.pbqp,7,16,16,0,false,false,2,417.0
examples/regalloc/287-instcombine-irbuilderbase-insert-n7-d16.pbqp,7,13,16,0,false,false,2,398.0
examples/regalloc/287-instcombine-irbuilderbase-insert-n7-d16.pbqp,7,12,16,0,false,false,2,380.0
examples/regalloc/287-instcombine-irbuilderbase-insert-n7-d16.pbqp,7,11,16,0,false,false,2,354.0
examples/regalloc/287-instcombine-irbuilderbase-insert-n7-d16.pbqp,14,16,16,0,false,false,1,340.0
examples/regalloc/287-instcombine-irbuilderbase-insert-n7-d16.pbqp,14,13,16,0,false,false,1,332.0
examples/regalloc/287-instcombine-irbuilderbase-insert-n7-d16.pbqp,14,12,16,0,false,false,1,277.0
examples/regalloc/287-instcombine-irbuilderbase-insert-n7-d16.pbqp,14,11,16,0,false,false,1,313.0
examples/regalloc/287-instcombine-irbuilderbase-insert-n7-d16.pbqp,16,13,16,0,false,false,1,370.0
examples/regalloc/287-instcombine-irbuilderbase-insert-n7-d16.pbqp,16,12,16,0,false,false,1,335.0
examples/regalloc/287-instcombine-irbuilderbase-insert-n7-d16.pbqp,16,11,16,0,false,false,1,352.0
examples/regalloc/287-instcombine-irbuilderbase-insert-n7-d16.pbqp,11,13,1,0,false,true,12,1006.0
examples/regalloc/287-instcombine-irbuilderbase-insert-n7-d16.pbqp,11,12,1,0,true,false,1,227.0
examples/regalloc/288-instcombine-commonpointerbase-isexpensive-n29-d16.pbqp,16,16,16,0,false,true,80,8506.0
examples/regalloc/288-instcombine-commonpointerbase-isexpensive-n29-d16.pbqp,16,16,1,0,false,false,79,30767.0
examples/regalloc/288-instcombine-commonpointerbase-isexpensive-n29-d16.pbqp,16,16,16,0,false,false,25,11659.0
examples/regalloc/288-instcombine-commonpointerbase-isexpensive-n29-d16.pbqp,16,16,1,0,true,false,2,848.0
examples/regalloc/288-instcombine-commonpointerbase-isexpensive-n29-d16.pbqp,16,16,16,0,true,false,1,449.0
examples/regalloc/289-instcombine-match-combine-or-match-n22-d16.pbqp,7,16,16,0,false,true,37,2975.0
examples/regalloc/289-instcombine-match-combine-or-match-n22-d16.pbqp,16,16,16,0,false,false,7,2581.0
examples/regalloc/289-instcombine-match-combine-or-match-n22-d16.pbqp,7,15,16,0,false,true,16,1080.0
examples/regalloc/289-instcombine-match-combine-or-match-n22-d16.pbqp,16,16,1,0,false,false,8,3089.0
examples/regalloc/289-instcombine-match-combine-or-match-n22-d16.pbqp,16,7,1,0,false,false,12,2913.0
examples/regalloc/289-instcombine-match-combine-or-match-n22-d16.pbqp,15,16,1,0,false,false,1,331.0
examples/regalloc/289-instcombine-match-combine-or-match-n22-d16.pbqp,15,7,1,0,false,false,2,411.0
examples/regalloc/289-instcombine-match-combine-or-match-n22-d16.pbqp,7,7,16,0,true,false,1,161.0
examples/regalloc/289-instcombine-match-combine-or-match-n22-d16.pbqp,7,16,16,0,false,false,6,1536.0
examples/regalloc/289-instcombine-match-combine-or-match-n22-d16.pbqp,7,16,16,0,true,false,2,540.0
examples/regalloc/289-instcombine-match-combine-or-match-n22-d16.pbqp,16,16,16,0,false,true,16,1726.0
examples/regalloc/289-instcombine-match-combine-or-match-n22-d16.pbqp,16,16,16,0,true,false,1,517.0
examples/regalloc/290-instcombine-match-combine-or-match-n30-d16.pbqp,7,16,16,0,false,true,39,3164.0
examples/regalloc/290-instcombine-match-combine-or-match-n30-d16.pbqp,16,7,1,0,false,true,7,692.0
examples/regalloc/290-instcombine-match-combine-or-match-n30-d16.pbqp,7,16,16,2,true,false,1,236.0
examples/regalloc/290-instcombine-match-combine-or-match-n30-d16.pbqp,16,16,16,0,false,false,19,7669.0
examples/regalloc/290-instcombine-match-combine-or-match-n30-d16.pbqp,16,16,1,0,false,false,25,9288.0
examples/regalloc/290-instcombine-match-combine-or-match-n30-d16.pbqp,16,7,1,0,false,false,14,3875.0
examples/regalloc/290-instcombine-match-combine-or-match-n30-d16.pbqp,16,7,1,0,true,false,2,535.0
examples/regalloc/290-instcombine-match-combine-or-match-n30-d16.pbqp,16,16,16,0,false,true,23,2658.0
examples/regalloc/290-instcombine-match-combine-or-match-n30-d16.pbqp,7,16,16,0,true,true,16,1170.0
examples/regalloc/290-instcombine-match-combine-or-match-n30-d16.pbqp,16,16,1,0,false,true,7,949.0
examples/regalloc/290-instcombine-match-combine-or-match-n30-d16.pbqp,7,16,16,0,true,false,1,238.0
examples/regalloc/290-instcombine-match-combine-or-match-n30-d16.pbqp,7,16,16,0,false,false,3,674.0
examples/regalloc/290-instcombine-match-combine-or-match-n30-d16.pbqp,16,16,16,0,true,false,1,487.0
examples/regalloc/291-instcombine-match-combine-or-match-n16-d16.pbqp,7,16,16,0,false,true,21,1795.0
examples/regalloc/291-instcombine-match-combine-or-match-n16-d16.pbqp,16,7,1,0,false,false,21,5070.0
examples/regalloc/291-instcombine-match-combine-or-match-n16-d16.pbqp,16,7,16,0,false,false,2,459.0
examples/regalloc/291-instcombine-match-combine-or-match-n16-d16.pbqp,16,16,16,0,false,false,3,1198.0
examples/regalloc/291-instcombine-match-combine-or-match-n16-d16.pbqp,7,7,16,0,true,false,3,533.0
examples/regalloc/291-instcombine-match-combine-or-match-n16-d16.pbqp,7,7,16,0,false,false,4,660.0
examples/regalloc/291-instcombine-match-combine-or-match-n16-d16.pbqp,7,16,16,0,false,false,3,672.0
examples/regalloc/291-instcombine-match-combine-or-match-n16-d16.pbqp,16,16,1,0,false,false,2,766.0
examples/regalloc/291-instcombine-match-combine-or-match-n16-d16.pbqp,7,7,1,0,false,false,1,145.0
examples/regalloc/292-instcombine-match-combine-or-match-n16-d16.pbqp,7,16,16,0,false,true,21,1772.0
examples/regalloc/292-instcombine-match-combine-or-match-n16-d16.pbqp,16,7,1,0,false,false,21,5478.0
examples/regalloc/292-instcombine-match-combine-or-match-n16-d16.pbqp,16,7,16,0,false,false,2,516.0
examples/regalloc/292-instcombine-match-combine-or-match-n16-d16.pbqp,16,16,16,0,false,false,3,1221.0
examples/regalloc/292-instcombine-match-combine-or-match-n16-d16.pbqp,7,7,16,0,true,false,3,552.0
examples/regalloc/292-instcombine-match-combine-or-match-n16-d16.pbqp,7,7,16,0,false,false,4,805.0
examples/regalloc/292-instcombine-match-combine-or-match-n16-d16.pbqp,7,16,16,0,false,false,3,736.0
examples/regalloc/292-instcombine-match-combine-or-match-n16-d16.pbqp,16,16,1,0,false,false,2,801.0
examples/regalloc/292-instcombine-match-combine-or-match-n16-d16.pbqp,7,7,1,0,false,false,1,168.0
examples/regalloc/293-instcombine-match-combine-or-match-n19-d16.pbqp,16,16,16,0,false,false,18,7534.0
examples/regalloc/293-instcombine-match-combine-or-match-n19-d16.pbqp,16,16,1,0,false,false,22,8202.0
examples/regalloc/293-instcombine-match-combine-or-match-n19-d16.pbqp,16,15,1,0,false,false,12,4527.0
examples/regalloc/293-instcombine-match-combine-or-match-n19-d16.pbqp,16,16,16,0,false,true,15,1615.0
examples/regalloc/293-instcombine-match-combine-or-match-n19-d16.pbqp,16,15,1,0,true,false,1,342.0
examples/regalloc/293-instcombine-match-combine-or-match-n19-d16.pbqp,16,15,1,0,false,true,16,1560.0
examples/regalloc/293-instcombine-match-combine-or-match-n19-d16.pbqp,16,16,1,0,true,false,1,435.0
examples/regalloc/294-instcombine-match-combine-or-match-n19-d16.pbqp,16,16,16,0,false,false,29,11745.0
examples/regalloc/294-instcombine-match-combine-or-match-n19-d16.pbqp,16,16,1,0,false,false,16,5629.0
examples/regalloc/294-instcombine-match-combine-or-match-n19-d16.pbqp,16,15,1,0,false,false,10,3660.0
examples/regalloc/294-instcombine-match-combine-or-match-n19-d16.pbqp,16,16,16,0,false,true,16,1520.0
examples/regalloc/294-instcombine-match-combine-or-match-n19-d16.pbqp,16,16,1,0,true,false,1,355.0
examples/regalloc/294-instcombine-match-combine-or-match-n19-d16.pbqp,15,16,16,0,false,false,4,1628.0
examples/regalloc/294-instcombine-match-combine-or-match-n19-d16.pbqp,16,16,1,0,false,true,16,1561.0
examples/regalloc/294-instcombine-match-combine-or-match-n19-d16.pbqp,16,16,16,0,true,false,1,435.0
examples/regalloc/295-instcombine-match-combine-and-match-n14-d16.pbqp,7,16,16,0,false,true,62,4290.0
examples/regalloc/295-instcombine-match-combine-and-match-n14-d16.pbqp,16,15,16,0,false,false,1,389.0
examples/regalloc/295-instcombine-match-combine-and-match-n14-d16.pbqp,16,15,1,0,false,false,3,1094.0
examples/regalloc/295-instcombine-match-combine-and-match-n14-d16.pbqp,16,7,1,0,false,false,3,693.0
examples/regalloc/295-instcombine-match-combine-and-match-n14-d16.pbqp,16,16,16,0,false,false,2,843.0
examples/regalloc/295-instcombine-match-combine-and-match-n14-d16.pbqp,16,16,1,0,false,false,4,1415.0
examples/regalloc/295-instcombine-match-combine-and-match-n14-d16.pbqp,7,16,16,0,true,false,1,217.0
examples/regalloc/295-instcombine-match-combine-and-match-n14-d16.pbqp,7,15,1,0,true,false,1,192.0
examples/regalloc/295-instcombine-match-combine-and-match-n14-d16.pbqp,7,16,16,0,false,false,3,629.0
examples/regalloc/295-instcombine-match-combine-and-match-n14-d16.pbqp,15,16,16,0,false,true,16,1617.0
examples/regalloc/295-instcombine-match-combine-and-match-n14-d16.pbqp,15,16,16,0,true,false,1,406.0
examples/regalloc/296-instcombine-match-combine-and-match-n20-d16.pbqp,16,16,1,0,false,true,23,2831.0
examples/regalloc/296-instcombine-match-combine-and-match-n20-d16.pbqp,7,16,1,0,true,false,1,303.0
examples/regalloc/296-instcombine-match-combine-and-match-n20-d16.pbqp,16,7,1,0,false,false,30,8820.0
examples/regalloc/296-instcombine-match-combine-and-match-n20-d16.pbqp,16,16,1,0,false,false,3,1510.0
examples/regalloc/296-instcombine-match-combine-and-match-n20-d16.pbqp,7,16,16,0,false,true,7,597.0
examples/regalloc/296-instcombine-match-combine-and-match-n20-d16.pbqp,16,16,16,0,false,false,2,1078.0
examples/regalloc/296-instcombine-match-combine-and-match-n20-d16.pbqp,7,7,1,0,false,false,5,1009.0
examples/regalloc/296-instcombine-match-combine-and-match-n20-d16.pbqp,7,16,16,0,false,false,11,3037.0
examples/regalloc/296-instcombine-match-combine-and-match-n20-d16.pbqp,7,7,1,0,true,false,1,214.0
examples/regalloc/296-instcombine-match-combine-and-match-n20-d16.pbqp,16,16,16,0,true,false,1,611.0
examples/regalloc/297-instcombine-match-combine-and-match-n18-d16.pbqp,15,16,16,0,false,true,21,2499.0
examples/regalloc/297-instcombine-match-combine-and-match-n18-d16.pbqp,16,7,1,0,false,false,6,1398.0
examples/regalloc/297-instcombine-match-combine-and-match-n18-d16.pbqp,16,7,16,0,false,false,1,264.0
examples/regalloc/297-instcombine-match-combine-and-match-n18-d16.pbqp,16,16,1,0,false,false,2,696.0
examples/regalloc/297-instcombine-match-combine-and-match-n18-d16.pbqp,16,16,16,0,false,false,2,713.0
examples/regalloc/297-instcombine-match-combine-and-match-n18-d16.pbqp,7,16,16,0,false,true,45,3388.0
examples/regalloc/297-instcombine-match-combine-and-match-n18-d16.pbqp,16,15,1,0,false,false,1,386.0
examples/regalloc/297-instcombine-match-combine-and-match-n18-d16.pbqp,15,7,16,0,true,false,1,268.0
examples/regalloc/297-instcombine-match-combine-and-match-n18-d16.pbqp,15,16,16,0,false,false,2,739.0
examples/regalloc/297-instcombine-match-combine-and-match-n18-d16.pbqp,16,16,1,0,false,true,7,795.0
examples/regalloc/297-instcombine-match-combine-and-match-n18-d16.pbqp,7,16,16,0,true,false,1,227.0
examples/regalloc/297-instcombine-match-combine-and-match-n18-d16.pbqp,7,7,1,0,true,false,1,150.0
examples/regalloc/297-instcombine-match-combine-and-match-n18-d16.pbqp,7,7,16,0,false,false,1,199.0
examples/regalloc/297-instcombine-match-combine-and-match-n18-d16.pbqp,7,16,16,0,false,false,1,241.0
examples/regalloc/297-instcombine-match-combine-and-match-n18-d16.pbqp,16,7,1,0,false,true,7,635.0
examples/regalloc/297-instcombine-match-combine-and-match-n18-d16.pbqp,7,16,16,2,true,false,1,240.0
examples/regalloc/298-instcombine-match-combine-and-match-n20-d16.pbqp,7,16,16,0,false,true,35,2981.0
examples/regalloc/298-instcombine-match-combine-and-match-n20-d16.pbqp,16,16,1,0,false,true,7,864.0
examples/regalloc/298-instcombine-match-combine-and-match-n20-d16.pbqp,7,16,1,0,true,false,1,203.0
examples/regalloc/298-instcombine-match-combine-and-match-n20-d16.pbqp,15,16,1,0,false,false,1,347.0
examples/regalloc/298-instcombine-match-combine-and-match-n20-d16.pbqp,15,7,1,0,false,false,2,451.0
examples/regalloc/298-instcombine-match-combine-and-match-n20-d16.pbqp,16,7,1,0,false,false,14,3553.0
examples/regalloc/298-instcombine-match-combine-and-match-n20-d16.pbqp,16,16,16,0,false,false,6,2509.0
examples/regalloc/298-instcombine-match-combine-and-match-n20-d16.pbqp,16,16,1,0,false,false,5,1768.0
examples/regalloc/298-instcombine-match-combine-and-match-n20-d16.pbqp,7,7,1,0,true,false,1,166.0
examples/regalloc/298-instcombine-match-combine-and-match-n20-d16.pbqp,7,16,16,0,false,false,6,1391.0
examples/regalloc/298-instcombine-match-combine-and-match-n20-d16.pbqp,16,16,16,0,false,true,16,1589.0
examples/regalloc/298-instcombine-match-combine-and-match-n20-d16.pbqp,16,16,16,0,true,false,1,505.0
examples/regalloc/299-instcombine-apint-issignmask-n8-d16.pbqp,7,16,16,0,false,true,15,1122.0
examples/regalloc/299-instcombine-apint-issignmask-n8-d16.pbqp,7,16,16,0,false,false,1,205.0
examples/regalloc/299-instcombine-apint-issignmask-n8-d16.pbqp,15,15,16,0,false,true,7,836.0
examples/regalloc/299-instcombine-apint-issignmask-n8-d16.pbqp,15,7,16,0,true,false,1,267.0
examples/regalloc/299-instcombine-apint-issignmask-n8-d16.pbqp,15,16,16,0,false,false,2,709.0
examples/regalloc/299-instcombine-apint-issignmask-n8-d16.pbqp,16,16,1,0,false,true,7,846.0
examples/regalloc/299-instcombine-apint-issignmask-n8-d16.pbqp,7,16,16,0,true,false,1,252.0
examples/regalloc/300-instcombine-apint-isminsignedvalue-n8-d16.pbqp,7,16,16,0,false,true,15,1151.0
examples/regalloc/300-instcombine-apint-isminsignedvalue-n8-d16.pbqp,7,16,16,0,false,false,1,238.0
examples/regalloc/300-instcombine-apint-isminsignedvalue-n8-d16.pbqp,15,15,16,0,false,true,7,868.0
examples/regalloc/300-instcombine-apint-isminsignedvalue-n8-d16.pbqp,15,7,16,0,true,false,1,281.0
examples/regalloc/300-instcombine-apint-isminsignedvalue-n8-d16.pbqp,15,16,16,0,false,false,2,783.0
examples/regalloc/300-instcombine-apint-isminsignedvalue-n8-d16.pbqp,16,16,1,0,false,true,7,875.0
examples/regalloc/300-instcombine-apint-isminsignedvalue-n8-d16.pbqp,7,16,16,0,true,false,1,227.0
examples/regalloc/301-instcombine-apint-isnegatedpowerof2-n11-d16.pbqp,16,16,1,0,false,false,2,708.0
examples/regalloc/301-instcombine-apint-isnegatedpowerof2-n11-d16.pbqp,16,7,1,0,false,false,6,1402.0
examples/regalloc/301-instcombine-apint-isnegatedpowerof2-n11-d16.pbqp,16,15,1,0,false,false,2,704.0
examples/regalloc/301-instcombine-apint-isnegatedpowerof2-n11-d16.pbqp,16,15,16,0,false,false,1,381.0
examples/regalloc/301-instcombine-apint-isnegatedpowerof2-n11-d16.pbqp,15,15,1,0,false,false,1,313.0
examples/regalloc/301-instcombine-apint-isnegatedpowerof2-n11-d16.pbqp,15,7,1,0,false,false,2,429.0
examples/regalloc/301-instcombine-apint-isnegatedpowerof2-n11-d16.pbqp,15,7,16,0,false,false,2,432.0
examples/regalloc/301-instcombine-apint-isnegatedpowerof2-n11-d16.pbqp,15,16,1,0,false,false,1,333.0
examples/regalloc/301-instcombine-apint-isnegatedpowerof2-n11-d16.pbqp,7,16,1,0,false,false,1,199.0
examples/regalloc/301-instcombine-apint-isnegatedpowerof2-n11-d16.pbqp,7,7,1,0,false,false,2,352.0
examples/regalloc/301-instcombine-apint-isnegatedpowerof2-n11-d16.pbqp,7,7,16,0,false,false,1,115.0
examples/regalloc/301-instcombine-apint-isnegatedpowerof2-n11-d16.pbqp,7,16,16,0,false,false,3,571.0
examples/regalloc/301-instcombine-apint-isnegatedpowerof2-n11-d16.pbqp,16,16,16,0,false,false,1,377.0
examples/regalloc/301-instcombine-apint-isnegatedpowerof2-n11-d16.pbqp,16,16,1,0,false,true,7,875.0
examples/regalloc/301-instcombine-apint-isnegatedpowerof2-n11-d16.pbqp,7,16,16,0,true,false,1,294.0
examples/regalloc/302-instcombine-apint-ismask-n8-d16.pbqp,7,7,1,0,false,true,7,506.0
examples/regalloc/302-instcombine-apint-ismask-n8-d16.pbqp,16,7,1,0,false,true,7,580.0
examples/regalloc/302-instcombine-apint-ismask-n8-d16.pbqp,16,7,1,2,true,false,1,245.0
examples/regalloc/302-instcombine-apint-ismask-n8-d16.pbqp,16,16,16,0,false,false,1,390.0
examples/regalloc/302-instcombine-apint-ismask-n8-d16.pbqp,16,16,1,0,false,true,16,1510.0
examples/regalloc/302-instcombine-apint-ismask-n8-d16.pbqp,16,16,1,0,true,false,1,353.0
examples/regalloc/303-instcombine-apint-logbase2-n4-d16.pbqp,16,16,1,0,false,true,7,851.0
examples/regalloc/303-instcombine-apint-logbase2-n4-d16.pbqp,16,7,1,0,false,true,16,1090.0
examples/regalloc/303-instcombine-apint-logbase2-n4-d16.pbqp,16,16,16,2,true,false,1,367.0
examples/regalloc/304-instcombine-apint-isallones-n5-d16.pbqp,15,15,1,0,false,true,7,752.0
examples/regalloc/304-instcombine-apint-isallones-n5-d16.pbqp,16,7,1,0,false,true,15,1056.0
examples/regalloc/304-instcombine-apint-isallones-n5-d16.pbqp,15,16,1,2,true,false,1,302.0
examples/regalloc/305-instcombine-apfloat-operator-n4-d16.pbqp,7,15,1,0,false,true,7,504.0
examples/regalloc/305-instcombine-apfloat-operator-n4-d16.pbqp,16,7,1,0,false,true,7,593.0
examples/regalloc/305-instcombine-apfloat-operator-n4-d16.pbqp,16,7,1,2,true,false,1,269.0
examples/regalloc/306-instcombine-std-find-if-n35-d16.pbqp,16,15,1,0,false,false,30,11558.0
examples/regalloc/306-instcombine-std-find-if-n35-d16.pbqp,16,14,1,0,false,false,30,11177.0
examples/regalloc/306-instcombine-std-find-if-n35-d16.pbqp,16,16,1,0,false,false,49,18070.0
examples/regalloc/306-instcombine-std-find-if-n35-d16.pbqp,16,16,16,0,false,false,16,6368.0
examples/regalloc/306-instcombine-std-find-if-n35-d16.pbqp,15,14,1,0,false,false,1,382.0
examples/regalloc/306-instcombine-std-find-if-n35-d16.pbqp,15,16,16,0,false,false,3,1212.0
examples/regalloc/306-instcombine-std-find-if-n35-d16.pbqp,14,16,16,0,false,false,3,1170.0
examples/regalloc/306-instcombine-std-find-if-n35-d16.pbqp,16,16,16,0,false,true,16,1704.0
examples/regalloc/306-instcombine-std-find-if-n35-d16.pbqp,16,16,16,0,true,false,1,503.0
examples/regalloc/307-instcombine-0-operator-n97-d16.pbqp,7,16,16,0,false,false,13,3753.0
examples/regalloc/307-instcombine-0-operator-n97-d16.pbqp,16,7,1,0,false,false,198,55158.0
examples/regalloc/307-instcombine-0-operator-n97-d16.pbqp,15,7,1,0,false,false,51,13594.0
examples/regalloc/307-instcombine-0-operator-n97-d16.pbqp,15,13,16,0,false,false,2,854.0
examples/regalloc/307-instcombine-0-operator-n97-d16.pbqp,7,13,16,0,false,true,7,678.0
examples/regalloc/307-instcombine-0-operator-n97-d16.pbqp,15,14,16,0,false,false,4,1718.0
examples/regalloc/307-instcombine-0-operator-n97-d16.pbqp,14,7,1,0,false,false,19,4755.0
examples/regalloc/307-instcombine-0-operator-n97-d16.pbqp,16,14,1,0,false,false,1,509.0
examples/regalloc/307-instcombine-0-operator-n97-d16.pbqp,16,15,16,0,false,false,5,2258.0
examples/regalloc/307-instcombine-0-operator-n97-d16.pbqp,14,13,16,0,false,false,4,1784.0
examples/regalloc/307-instcombine-0-operator-n97-d16.pbqp,13,7,1,0,false,false,13,3237.0
examples/regalloc/307-instcombine-0-operator-n97-d16.pbqp,7,7,1,0,false,false,32,6750.0
examples/regalloc/307-instcombine-0-operator-n97-d16.pbqp,7,7,16,0,false,false,8,1877.0
examples/regalloc/307-instcombine-0-operator-n97-d16.pbqp,7,15,16,0,false,false,8,2279.0
examples/regalloc/307-instcombine-0-operator-n97-d16.pbqp,7,14,16,0,false,false,5,1435.0
examples/regalloc/307-instcombine-0-operator-n97-d16.pbqp,7,13,16,0,false,false,4,1179.0
examples/regalloc/307-instcombine-0-operator-n97-d16.pbqp,13,15,16,0,false,false,1,467.0
examples/regalloc/307-instcombine-0-operator-n97-d16.pbqp,13,14,16,0,false,false,1,417.0
examples/regalloc/307-instcombine-0-operator-n97-d16.pbqp,16,16,1,0,false,false,2,913.0
examples/regalloc/307-instcombine-0-operator-n97-d16.pbqp,16,16,16,0,false,false,1,486.0
examples/regalloc/307-instcombine-0-operator-n97-d16.pbqp,15,15,16,0,false,false,3,1216.0
examples/regalloc/307-instcombine-0-operator-n97-d16.pbqp,15,16,16,0,false,false,2,907.0
examples/regalloc/307-instcombine-0-operator-n97-d16.pbqp,7,7,16,0,true,false,1,197.0
examples/regalloc/307-instcombine-0-operator-n97-d16.pbqp,14,16,16,0,false,false,1,508.0
examples/regalloc/307-instcombine-0-operator-n97-d16.pbqp,14,15,16,0,false,false,1,448.0
examples/regalloc/307-instcombine-0-operator-n97-d16.pbqp,14,7,16,0,false,false,1,355.0
examples/regalloc/307-instcombine-0-operator-n97-d16.pbqp,16,13,16,0,false,false,1,559.0
examples/regalloc/307-instcombine-0-operator-n97-d16.pbqp,16,7,16,0,false,false,1,363.0
examples/regalloc/307-instcombine-0-operator-n97-d16.pbqp,7,15,1,0,false,true,13,1171.0
examples/regalloc/307-instcombine-0-operator-n97-d16.pbqp,7,13,1,0,true,false,1,457.0
examples/regalloc/308-instcombine-0-operator-n28-d17.pbqp,7,15,17,0,false,true,7,592.0
examples/regalloc/308-instcombine-0-operator-n28-d17.pbqp,16,7,1,0,false,false,32,8728.0
examples/regalloc/308-instcombine-0-operator-n28-d17.pbqp,17,17,17,0,false,false,6,2473.0
examples/regalloc/308-instcombine-0-operator-n28-d17.pbqp,17,17,1,0,false,true,34,3601.0
examples/regalloc/308-instcombine-0-operator-n28-d17.pbqp,17,17,1,0,true,false,2,802.0
examples/regalloc/308-instcombine-0-operator-n28-d17.pbqp,16,7,17,0,false,false,2,553.0
examples/regalloc/308-instcombine-0-operator-n28-d17.pbqp,16,16,17,0,false,false,4,1613.0
examples/regalloc/308-instcombine-0-operator-n28-d17.pbqp,14,16,1,0,false,false,2,695.0
examples/regalloc/308-instcombine-0-operator-n28-d17.pbqp,14,15,1,0,false,false,2,722.0
examples/regalloc/308-instcombine-0-operator-n28-d17.pbqp,14,7,1,0,false,false,4,920.0
examples/regalloc/308-instcombine-0-operator-n28-d17.pbqp,16,15,17,0,false,false,1,410.0
examples/regalloc/308-instcombine-0-operator-n28-d17.pbqp,15,7,1,0,false,false,3,691.0
examples/regalloc/308-instcombine-0-operator-n28-d17.pbqp,7,7,1,0,true,false,1,183.0
examples/regalloc/308-instcombine-0-operator-n28-d17.pbqp,7,7,17,0,false,false,4,829.0
examples/regalloc/308-instcombine-0-operator-n28-d17.pbqp,7,16,17,0,false,false,3,867.0
examples/regalloc/308-instcombine-0-operator-n28-d17.pbqp,7,15,17,0,false,false,3,740.0
examples/regalloc/308-instcombine-0-operator-n28-d17.pbqp,7,7,1,0,false,false,1,184.0
examples/regalloc/308-instcombine-0-operator-n28-d17.pbqp,15,16,1,0,false,true,7,889.0
examples/regalloc/308-instcombine-0-operator-n28-d17.pbqp,7,15,17,0,true,false,1,255.0
examples/regalloc/309-instcombine-2-operator-n12-d16.pbqp,16,16,16,0,false,false,4,1551.0
examples/regalloc/309-instcombine-2-operator-n12-d16.pbqp,16,16,1,0,false,false,4,1437.0
examples/regalloc/309-instcombine-2-operator-n12-d16.pbqp,16,15,1,0,false,false,4,1340.0
examples/regalloc/309-instcombine-2-operator-n12-d16.pbqp,16,14,1,0,false,false,4,1260.0
examples/regalloc/309-instcombine-2-operator-n12-d16.pbqp,16,15,1,0,false,true,14,1379.0
examples/regalloc/309-instcombine-2-operator-n12-d16.pbqp,16,14,1,0,true,false,1,438.0
examples/regalloc/310-instcombine-3-operator-n26-d16.pbqp,7,15,16,0,false,true,7,656.0
examples/regalloc/310-instcombine-3-operator-n26-d16.pbqp,16,7,1,0,false,false,34,8861.0
examples/regalloc/310-instcombine-3-operator-n26-d16.pbqp,15,7,1,0,false,false,5,1087.0
examples/regalloc/310-instcombine-3-operator-n26-d16.pbqp,7,7,1,0,false,false,27,4890.0
examples/regalloc/310-instcombine-3-operator-n26-d16.pbqp,7,7,1,0,true,false,1,154.0
examples/regalloc/310-instcombine-3-operator-n26-d16.pbqp,7,16,1,0,false,false,1,214.0
examples/regalloc/310-instcombine-3-operator-n26-d16.pbqp,16,16,16,0,false,false,1,516.0
examples/regalloc/310-instcombine-3-operator-n26-d16.pbqp,16,7,16,0,false,false,2,501.0
examples/regalloc/310-instcombine-3-operator-n26-d16.pbqp,13,7,1,0,false,false,9,1959.0
examples/regalloc/310-instcombine-3-operator-n26-d16.pbqp,16,10,16,0,false,false,1,376.0
examples/regalloc/310-instcombine-3-operator-n26-d16.pbqp,10,7,1,0,false,false,8,1624.0
examples/regalloc/310-instcombine-3-operator-n26-d16.pbqp,7,7,16,0,false,false,15,3434.0
examples/regalloc/310-instcombine-3-operator-n26-d16.pbqp,7,16,16,0,false,false,6,1581.0
examples/regalloc/310-instcombine-3-operator-n26-d16.pbqp,7,13,16,0,false,false,6,1607.0
examples/regalloc/310-instcombine-3-operator-n26-d16.pbqp,7,12,16,0,false,false,6,1450.0
examples/regalloc/310-instcombine-3-operator-n26-d16.pbqp,7,11,16,0,false,false,6,1268.0
examples/regalloc/310-instcombine-3-operator-n26-d16.pbqp,7,14,16,0,false,false,6,1444.0
examples/regalloc/310-instcombine-3-operator-n26-d16.pbqp,16,13,16,0,false,false,1,450.0
examples/regalloc/310-instcombine-3-operator-n26-d16.pbqp,16,12,16,0,false,false,1,427.0
examples/regalloc/310-instcombine-3-operator-n26-d16.pbqp,16,11,16,0,false,false,1,352.0
examples/regalloc/310-instcombine-3-operator-n26-d16.pbqp,16,14,16,0,false,false,1,425.0
examples/regalloc/310-instcombine-3-operator-n26-d16.pbqp,13,12,16,0,false,false,1,350.0
examples/regalloc/310-instcombine-3-operator-n26-d16.pbqp,13,11,16,0,false,false,1,303.0
examples/regalloc/310-instcombine-3-operator-n26-d16.pbqp,13,14,16,0,false,false,1,340.0
examples/regalloc/310-instcombine-3-operator-n26-d16.pbqp,12,7,1,0,false,false,1,227.0
examples/regalloc/310-instcombine-3-operator-n26-d16.pbqp,12,11,16,0,false,false,1,306.0
examples/regalloc/310-instcombine-3-operator-n26-d16.pbqp,12,14,16,0,false,false,1,330.0
examples/regalloc/310-instcombine-3-operator-n26-d16.pbqp,14,11,1,0,false,true,7,739.0
examples/regalloc/310-instcombine-3-operator-n26-d16.pbqp,7,14,16,0,true,false,1,286.0
examples/regalloc/311-instcombine-3-operator-n27-d16-r1.pbqp,7,15,16,0,false,true,7,674.0
examples/regalloc/311-instcombine-3-operator-n27-d16-r1.pbqp,16,7,1,0,false,false,32,8450.0
examples/regalloc/311-instcombine-3-operator-n27-d16-r1.pbqp,15,7,1,0,false,false,3,650.0
examples/regalloc/311-instcombine-3-operator-n27-d16-r1.pbqp,7,7,16,0,true,true,7,541.0
examples/regalloc/311-instcombine-3-operator-n27-d16-r1.pbqp,7,16,1,0,false,false,1,235.0
examples/regalloc/311-instcombine-3-operator-n27-d16-r1.pbqp,7,7,1,2,true,false,1,186.0
examples/regalloc/311-instcombine-3-operator-n27-d16-r1.pbqp,7,16,16,0,false,false,7,1842.0
examples/regalloc/311-instcombine-3-operator-n27-d16-r1.pbqp,7,16,16,0,false,true,16,1144.0
examples/regalloc/311-instcombine-3-operator-n27-d16-r1.pbqp,16,7,1,0,true,false,1,245.0
examples/regalloc/311-instcombine-3-operator-n27-d16-r1.pbqp,16,16,16,0,false,false,1,437.0
examples/regalloc/311-instcombine-3-operator-n27-d16-r1.pbqp,16,16,1,0,false,false,2,772.0
examples/regalloc/311-instcombine-3-operator-n27-d16-r1.pbqp,16,7,16,0,false,false,1,301.0
examples/regalloc/311-instcombine-3-operator-n27-d16-r1.pbqp,13,7,1,0,false,false,6,1488.0
examples/regalloc/311-instcombine-3-operator-n27-d16-r1.pbqp,7,7,1,0,false,false,11,2021.0
examples/regalloc/311-instcombine-3-operator-n27-d16-r1.pbqp,7,10,16,0,false,false,2,434.0
examples/regalloc/311-instcombine-3-operator-n27-d16-r1.pbqp,7,7,16,0,false,false,4,817.0
examples/regalloc/311-instcombine-3-operator-n27-d16-r1.pbqp,16,10,16,0,false,false,1,351.0
examples/regalloc/311-instcombine-3-operator-n27-d16-r1.pbqp,10,7,1,0,false,false,4,787.0
examples/regalloc/311-instcombine-3-operator-n27-d16-r1.pbqp,7,13,16,0,false,false,4,1101.0
examples/regalloc/311-instcombine-3-operator-n27-d16-r1.pbqp,7,12,16,0,false,false,4,983.0
examples/regalloc/311-instcombine-3-operator-n27-d16-r1.pbqp,7,11,16,0,false,false,4,804.0
examples/regalloc/311-instcombine-3-operator-n27-d16-r1.pbqp,7,14,16,0,false,false,4,979.0
examples/regalloc/311-instcombine-3-operator-n27-d16-r1.pbqp,16,13,16,0,false,false,1,432.0
examples/regalloc/311-instcombine-3-operator-n27-d16-r1.pbqp,16,12,16,0,false,false,1,419.0
examples/regalloc/311-instcombine-3-operator-n27-d16-r1.pbqp,16,11,16,0,false,false,1,363.0
examples/regalloc/311-instcombine-3-operator-n27-d16-r1.pbqp,16,14,16,0,false,false,1,440.0
examples/regalloc/311-instcombine-3-operator-n27-d16-r1.pbqp,13,12,16,0,false,false,1,382.0
examples/regalloc/311-instcombine-3-operator-n27-d16-r1.pbqp,13,11,16,0,false,false,1,310.0
examples/regalloc/311-instcombine-3-operator-n27-d16-r1.pbqp,13,14,16,0,false,false,1,358.0
examples/regalloc/311-instcombine-3-operator-n27-d16-r1.pbqp,14,12,1,0,false,true,11,1187.0
examples/regalloc/311-instcombine-3-operator-n27-d16-r1.pbqp,14,11,1,0,true,false,1,245.0
examples/regalloc/312-instcombine-3-operator-n26-d16.pbqp,7,15,16,0,false,true,7,719.0
examples/regalloc/312-instcombine-3-operator-n26-d16.pbqp,16,7,1,0,false,false,34,9423.0
examples/regalloc/312-instcombine-3-operator-n26-d16.pbqp,15,7,1,0,false,false,5,1186.0
examples/regalloc/312-instcombine-3-operator-n26-d16.pbqp,7,7,1,0,false,false,27,5306.0
examples/regalloc/312-instcombine-3-operator-n26-d16.pbqp,7,7,1,0,true,false,1,171.0
examples/regalloc/312-instcombine-3-operator-n26-d16.pbqp,7,16,1,0,false,false,1,236.0
examples/regalloc/312-instcombine-3-operator-n26-d16.pbqp,16,16,16,0,false,false,1,552.0
examples/regalloc/312-instcombine-3-operator-n26-d16.pbqp,16,7,16,0,false,false,2,575.0
examples/regalloc/312-instcombine-3-operator-n26-d16.pbqp,13,7,1,0,false,false,9,2045.0
examples/regalloc/312-instcombine-3-operator-n26-d16.pbqp,16,10,16,0,false,false,1,376.0
examples/regalloc/312-instcombine-3-operator-n26-d16.pbqp,10,7,1,0,false,false,8,1674.0
examples/regalloc/312-instcombine-3-operator-n26-d16.pbqp,7,7,16,0,false,false,15,3340.0
examples/regalloc/312-instcombine-3-operator-n26-d16.pbqp,7,16,16,0,false,false,6,1606.0
examples/regalloc/312-instcombine-3-operator-n26-d16.pbqp,7,13,16,0,false,false,6,1623.0
examples/regalloc/312-instcombine-3-operator-n26-d16.pbqp,7,12,16,0,false,false,6,1472.0
examples/regalloc/312-instcombine-3-operator-n26-d16.pbqp,7,11,16,0,false,false,6,1284.0
examples/regalloc/312-instcombine-3-operator-n26-d16.pbqp,7,14,16,0,false,false,6,1450.0
examples/regalloc/312-instcombine-3-operator-n26-d16.pbqp,16,13,16,0,false,false,1,514.0
examples/regalloc/312-instcombine-3-operator-n26-d16.pbqp,16,12,16,0,false,false,1,478.0
examples/regalloc/312-instcombine-3-operator-n26-d16.pbqp,16,11,16,0,false,false,1,400.0
examples/regalloc/312-instcombine-3-operator-n26-d16.pbqp,16,14,16,0,false,false,1,466.0
examples/regalloc/312-instcombine-3-operator-n26-d16.pbqp,13,12,16,0,false,false,1,408.0
examples/regalloc/312-instcombine-3-operator-n26-d16.pbqp,13,11,16,0,false,false,1,300.0
examples/regalloc/312-instcombine-3-operator-n26-d16.pbqp,13,14,16,0,false,false,1,338.0
examples/regalloc/312-instcombine-3-operator-n26-d16.pbqp,12,7,1,0,false,false,1,277.0
examples/regalloc/312-instcombine-3-operator-n26-d16.pbqp,12,11,16,0,false,false,1,344.0
examples/regalloc/312-instcombine-3-operator-n26-d16.pbqp,12,14,16,0,false,false,1,343.0
examples/regalloc/312-instcombine-3-operator-n26-d16.pbqp,14,11,1,0,false,true,7,783.0
examples/regalloc/312-instcombine-3-operator-n26-d16.pbqp,7,14,16,0,true,false,1,340.0
examples/regalloc/313-instcombine-3-operator-n27-d16-r1.pbqp,7,15,16,0,false,true,7,732.0
examples/regalloc/313-instcombine-3-operator-n27-d16-r1.pbqp,16,7,1,0,false,false,32,8871.0
examples/regalloc/313-instcombine-3-operator-n27-d16-r1.pbqp,15,7,1,0,false,false,3,672.0
examples/regalloc/313-instcombine-3-operator-n27-d16-r1.pbqp,7,7,16,0,true,true,7,585.0
examples/regalloc/313-instcombine-3-operator-n27-d16-r1.pbqp,7,16,1,0,false,false,1,274.0
examples/regalloc/313-instcombine-3-operator-n27-d16-r1.pbqp,7,7,1,2,true,false,1,228.0
examples/regalloc/313-instcombine-3-operator-n27-d16-r1.pbqp,7,16,16,0,false,false,7,2039.0
examples/regalloc/313-instcombine-3-operator-n27-d16-r1.pbqp,7,16,16,0,false,true,16,1154.0
examples/regalloc/313-instcombine-3-operator-n27-d16-r1.pbqp,16,7,1,0,true,false,1,246.0
examples/regalloc/313-instcombine-3-operator-n27-d16-r1.pbqp,16,16,16,0,false,false,1,422.0
examples/regalloc/313-instcombine-3-operator-n27-d16-r1.pbqp,16,16,1,0,false,false,2,827.0
examples/regalloc/313-instcombine-3-operator-n27-d16-r1.pbqp,16,7,16,0,false,false,1,348.0
examples/regalloc/313-instcombine-3-operator-n27-d16-r1.pbqp,13,7,1,0,false,false,6,1474.0
examples/regalloc/313-instcombine-3-operator-n27-d16-r1.pbqp,7,7,1,0,false,false,11,2132.0
examples/regalloc/313-instcombine-3-operator-n27-d16-r1.pbqp,7,10,16,0,false,false,2,492.0
examples/regalloc/313-instcombine-3-operator-n27-d16-r1.pbqp,7,7,16,0,false,false,4,929.0
examples/regalloc/313-instcombine-3-operator-n27-d16-r1.pbqp,16,10,16,0,false,false,1,384.0
examples/regalloc/313-instcombine-3-operator-n27-d16-r1.pbqp,10,7,1,0,false,false,4,842.0
examples/regalloc/313-instcombine-3-operator-n27-d16-r1.pbqp,7,13,16,0,false,false,4,1165.0
examples/regalloc/313-instcombine-3-operator-n27-d16-r1.pbqp,7,12,16,0,false,false,4,1084.0
examples/regalloc/313-instcombine-3-operator-n27-d16-r1.pbqp,7,11,16,0,false,false,4,875.0
examples/regalloc/313-instcombine-3-operator-n27-d16-r1.pbqp,7,14,16,0,false,false,4,1078.0
examples/regalloc/313-instcombine-3-operator-n27-d16-r1.pbqp,16,13,16,0,false,false,1,508.0
examples/regalloc/313-instcombine-3-operator-n27-d16-r1.pbqp,16,12,16,0,false,false,1,463.0
examples/regalloc/313-instcombine-3-operator-n27-d16-r1.pbqp,16,11,16,0,false,false,1,395.0
examples/regalloc/313-instcombine-3-operator-n27-d16-r1.pbqp,16,14,16,0,false,false,1,419.0
examples/regalloc/313-instcombine-3-operator-n27-d16-r1.pbqp,13,12,16,0,false,false,1,378.0
examples/regalloc/313-instcombine-3-operator-n27-d16-r1.pbqp,13,11,16,0,false,false,1,348.0
examples/regalloc/313-instcombine-3-operator-n27-d16-r1.pbqp,13,14,16,0,false,false,1,350.0
examples/regalloc/313-instcombine-3-operator-n27-d16-r1.pbqp,14,12,1,0,false,true,11,1144.0
examples/regalloc/313-instcombine-3-operator-n27-d16-r1.pbqp,14,11,1,0,true,false,1,276.0
examples/regalloc/314-instcombine-6-operator-n54-d16.pbqp,16,16,16,0,false,false,26,11056.0
examples/regalloc/314-instcombine-6-operator-n54-d16.pbqp,7,16,16,0,false,false,12,3589.0
examples/regalloc/314-instcombine-6-operator-n54-d16.pbqp,7,16,1,0,false,true,7,700.0
examples/regalloc/314-instcombine-6-operator-n54-d16.pbqp,7,16,16,0,false,true,74,6864.0
examples/regalloc/314-instcombine-6-operator-n54-d16.pbqp,16,15,1,0,false,true,7,1037.0
examples/regalloc/314-instcombine-6-operator-n54-d16.pbqp,7,16,16,0,true,false,2,613.0
examples/regalloc/314-instcombine-6-operator-n54-d16.pbqp,15,7,1,0,false,false,4,1028.0
examples/regalloc/314-instcombine-6-operator-n54-d16.pbqp,15,16,16,0,false,false,2,768.0
examples/regalloc/314-instcombine-6-operator-n54-d16.pbqp,16,7,1,0,false,false,52,14500.0
examples/regalloc/314-instcombine-6-operator-n54-d16.pbqp,16,16,1,0,false,false,54,20552.0
examples/regalloc/314-instcombine-6-operator-n54-d16.pbqp,7,7,1,0,true,false,1,222.0
examples/regalloc/314-instcombine-6-operator-n54-d16.pbqp,16,16,1,0,false,true,16,1746.0
examples/regalloc/314-instcombine-6-operator-n54-d16.pbqp,16,16,16,0,true,false,1,512.0
examples/regalloc/315-instcombine-0-operator-n12-d16.pbqp,7,16,16,0,false,false,4,842.0
examples/regalloc/315-instcombine-0-operator-n12-d16.pbqp,15,7,1,0,false,false,3,661.0
examples/regalloc/315-instcombine-0-operator-n12-d16.pbqp,16,7,1,0,false,false,9,2005.0
examples/regalloc/315-instcombine-0-operator-n12-d16.pbqp,7,7,1,0,false,false,5,628.0
examples/regalloc/315-instcombine-0-operator-n12-d16.pbqp,7,7,16,0,false,false,3,426.0
examples/regalloc/315-instcombine-0-operator-n12-d16.pbqp,16,7,1,0,false,true,7,650.0
examples/regalloc/315-instcombine-0-operator-n12-d16.pbqp,7,16,16,2,true,false,1,270.0
examples/regalloc/317-mbb-slotindexupdatedelegate-mf-handlerem-n6-d16.pbqp,7,16,16,0,false,true,7,620.0
examples/regalloc/317-mbb-slotindexupdatedelegate-mf-handlerem-n6-d16.pbqp,7,16,16,0,false,false,2,440.0
examples/regalloc/317-mbb-slotindexupdatedelegate-mf-handlerem-n6-d16.pbqp,7,7,1,0,true,false,1,148.0
examples/regalloc/317-mbb-slotindexupdatedelegate-mf-handlerem-n6-d16.pbqp,7,15,16,0,false,false,1,232.0
examples/regalloc/317-mbb-slotindexupdatedelegate-mf-handlerem-n6-d16.pbqp,15,7,1,0,false,true,16,1097.0
examples/regalloc/317-mbb-slotindexupdatedelegate-mf-handlerem-n6-d16.pbqp,15,16,1,2,true,false,1,375.0
examples/regalloc/318-mbb-slotindexupdatedelegate-mf-handleins-n3-d16.pbqp,16,15,1,0,false,false,1,301.0
examples/regalloc/318-mbb-slotindexupdatedelegate-mf-handleins-n3-d16.pbqp,15,16,1,0,false,false,1,311.0
examples/regalloc/319-mbb-slotindexupdatedelegate-slotindexupd-n13-d16.pbqp,7,16,16,0,false,false,4,886.0
examples/regalloc/319-mbb-slotindexupdatedelegate-slotindexupd-n13-d16.pbqp,7,16,16,0,false,true,30,2283.0
examples/regalloc/319-mbb-slotindexupdatedelegate-slotindexupd-n13-d16.pbqp,7,14,16,0,false,true,15,965.0
examples/regalloc/319-mbb-slotindexupdatedelegate-slotindexupd-n13-d16.pbqp,15,16,1,0,false,false,1,355.0
examples/regalloc/319-mbb-slotindexupdatedelegate-slotindexupd-n13-d16.pbqp,15,7,1,0,true,false,1,236.0
examples/regalloc/319-mbb-slotindexupdatedelegate-slotindexupd-n13-d16.pbqp,15,16,16,0,false,false,2,723.0
examples/regalloc/319-mbb-slotindexupdatedelegate-slotindexupd-n13-d16.pbqp,7,16,16,0,true,false,1,223.0
examples/regalloc/319-mbb-slotindexupdatedelegate-slotindexupd-n13-d16.pbqp,7,7,1,0,false,false,2,298.0
examples/regalloc/319-mbb-slotindexupdatedelegate-slotindexupd-n13-d16.pbqp,7,7,16,0,false,false,2,361.0
examples/regalloc/319-mbb-slotindexupdatedelegate-slotindexupd-n13-d16.pbqp,7,15,16,0,false,false,2,464.0
examples/regalloc/319-mbb-slotindexupdatedelegate-slotindexupd-n13-d16.pbqp,7,7,16,0,true,false,1,214.0
examples/regalloc/319-mbb-slotindexupdatedelegate-slotindexupd-n13-d16.pbqp,15,7,1,0,false,false,2,454.0
examples/regalloc/319-mbb-slotindexupdatedelegate-slotindexupd-n13-d16.pbqp,7,7,1,0,true,false,1,225.0
examples/regalloc/320-mbb-slotindexupdatedelegate-slotindexupd-n15-d17.pbqp,7,16,17,0,false,false,5,1124.0
examples/regalloc/320-mbb-slotindexupdatedelegate-slotindexupd-n15-d17.pbqp,7,16,17,0,false,true,30,2236.0
examples/regalloc/320-mbb-slotindexupdatedelegate-slotindexupd-n15-d17.pbqp,14,15,1,0,false,false,1,316.0
examples/regalloc/320-mbb-slotindexupdatedelegate-slotindexupd-n15-d17.pbqp,14,7,1,0,false,false,2,375.0
examples/regalloc/320-mbb-slotindexupdatedelegate-slotindexupd-n15-d17.pbqp,7,16,1,0,false,false,1,192.0
examples/regalloc/320-mbb-slotindexupdatedelegate-slotindexupd-n15-d17.pbqp,7,7,1,0,false,false,3,458.0
examples/regalloc/320-mbb-slotindexupdatedelegate-slotindexupd-n15-d17.pbqp,7,15,17,0,false,false,3,704.0
examples/regalloc/320-mbb-slotindexupdatedelegate-slotindexupd-n15-d17.pbqp,15,16,1,0,false,false,1,370.0
examples/regalloc/320-mbb-slotindexupdatedelegate-slotindexupd-n15-d17.pbqp,15,7,1,0,false,false,3,730.0
examples/regalloc/320-mbb-slotindexupdatedelegate-slotindexupd-n15-d17.pbqp,15,16,17,0,false,false,2,711.0
examples/regalloc/320-mbb-slotindexupdatedelegate-slotindexupd-n15-d17.pbqp,7,16,17,0,true,false,1,211.0
examples/regalloc/320-mbb-slotindexupdatedelegate-slotindexupd-n15-d17.pbqp,7,7,17,0,false,false,2,374.0
examples/regalloc/320-mbb-slotindexupdatedelegate-slotindexupd-n15-d17.pbqp,7,7,17,0,true,false,1,205.0
examples/regalloc/320-mbb-slotindexupdatedelegate-slotindexupd-n15-d17.pbqp,7,7,1,0,true,false,1,210.0
examples/regalloc/321-mbb-slotindexes-insertmbbinmaps-n25-d17.pbqp,14,7,17,0,false,true,7,768.0
examples/regalloc/321-mbb-slotindexes-insertmbbinmaps-n25-d17.pbqp,14,7,1,2,true,true,7,776.0
examples/regalloc/321-mbb-slotindexes-insertmbbinmaps-n25-d17.pbqp,7,14,17,2,true,false,1,225.0
examples/regalloc/321-mbb-slotindexes-insertmbbinmaps-n25-d17.pbqp,16,7,1,0,false,false,37,10293.0
examples/regalloc/321-mbb-slotindexes-insertmbbinmaps-n25-d17.pbqp,15,7,1,0,false,false,5,1161.0
examples/regalloc/321-mbb-slotindexes-insertmbbinmaps-n25-d17.pbqp,7,7,1,0,false,false,14,2582.0
examples/regalloc/321-mbb-slotindexes-insertmbbinmaps-n25-d17.pbqp,7,16,17,0,false,false,23,6004.0
examples/regalloc/321-mbb-slotindexes-insertmbbinmaps-n25-d17.pbqp,16,16,1,0,false,false,11,4378.0
examples/regalloc/321-mbb-slotindexes-insertmbbinmaps-n25-d17.pbqp,7,16,1,0,false,false,4,1037.0
examples/regalloc/321-mbb-slotindexes-insertmbbinmaps-n25-d17.pbqp,7,7,17,0,false,false,4,973.0
examples/regalloc/321-mbb-slotindexes-insertmbbinmaps-n25-d17.pbqp,16,16,17,0,false,false,3,1258.0
examples/regalloc/321-mbb-slotindexes-insertmbbinmaps-n25-d17.pbqp,16,16,1,0,false,true,16,1636.0
examples/regalloc/321-mbb-slotindexes-insertmbbinmaps-n25-d17.pbqp,16,16,1,0,true,false,1,375.0
examples/regalloc/322-mbb-slotindexes-insertmachineinstrinmaps-n15-d17.pbqp,7,14,1,0,false,true,7,597.0
examples/regalloc/322-mbb-slotindexes-insertmachineinstrinmaps-n15-d17.pbqp,14,7,1,0,false,false,2,458.0
examples/regalloc/322-mbb-slotindexes-insertmachineinstrinmaps-n15-d17.pbqp,14,15,17,0,false,false,1,348.0
examples/regalloc/322-mbb-slotindexes-insertmachineinstrinmaps-n15-d17.pbqp,7,15,17,0,false,true,7,537.0
examples/regalloc/322-mbb-slotindexes-insertmachineinstrinmaps-n15-d17.pbqp,16,16,1,0,false,false,1,398.0
examples/regalloc/322-mbb-slotindexes-insertmachineinstrinmaps-n15-d17.pbqp,16,7,1,0,false,false,18,4549.0
examples/regalloc/322-mbb-slotindexes-insertmachineinstrinmaps-n15-d17.pbqp,16,16,17,0,false,false,1,388.0
examples/regalloc/322-mbb-slotindexes-insertmachineinstrinmaps-n15-d17.pbqp,16,7,17,0,false,false,1,278.0
examples/regalloc/322-mbb-slotindexes-insertmachineinstrinmaps-n15-d17.pbqp,7,7,1,0,false,false,7,1151.0
examples/regalloc/322-mbb-slotindexes-insertmachineinstrinmaps-n15-d17.pbqp,7,7,17,0,false,false,4,772.0
examples/regalloc/322-mbb-slotindexes-insertmachineinstrinmaps-n15-d17.pbqp,7,16,17,0,false,false,2,484.0
examples/regalloc/322-mbb-slotindexes-insertmachineinstrinmaps-n15-d17.pbqp,7,7,17,0,true,false,1,190.0
examples/regalloc/322-mbb-slotindexes-insertmachineinstrinmaps-n15-d17.pbqp,7,7,1,0,true,true,7,509.0
examples/regalloc/322-mbb-slotindexes-insertmachineinstrinmaps-n15-d17.pbqp,7,7,1,2,true,false,1,215.0
examples/regalloc/323-mbb-iplist-impl-erase-n11-d16.pbqp,7,7,1,0,false,false,9,1263.0
examples/regalloc/323-mbb-iplist-impl-erase-n11-d16.pbqp,15,7,1,0,false,false,4,899.0
examples/regalloc/323-mbb-iplist-impl-erase-n11-d16.pbqp,16,7,1,0,false,false,9,2068.0
examples/regalloc/323-mbb-iplist-impl-erase-n11-d16.pbqp,7,16,16,0,false,false,9,2207.0
examples/regalloc/323-mbb-iplist-impl-erase-n11-d16.pbqp,7,7,16,0,false,false,1,200.0
examples/regalloc/323-mbb-iplist-impl-erase-n11-d16.pbqp,16,16,1,0,false,false,1,391.0
examples/regalloc/323-mbb-iplist-impl-erase-n11-d16.pbqp,16,16,16,0,false,false,1,444.0
examples/regalloc/323-mbb-iplist-impl-erase-n11-d16.pbqp,16,16,1,0,false,true,7,822.0
examples/regalloc/323-mbb-iplist-impl-erase-n11-d16.pbqp,7,16,16,0,true,false,1,299.0
examples/regalloc/324-mbb-densemapbase-movefrom-n29-d17.pbqp,7,14,17,0,false,true,15,1197.0
examples/regalloc/324-mbb-densemapbase-movefrom-n29-d17.pbqp,15,16,17,0,false,false,2,1024.0
examples/regalloc/324-mbb-densemapbase-movefrom-n29-d17.pbqp,16,15,1,0,false,false,39,15127.0
examples/regalloc/324-mbb-densemapbase-movefrom-n29-d17.pbqp,16,7,1,0,false,false,4,1127.0
examples/regalloc/324-mbb-densemapbase-movefrom-n29-d17.pbqp,16,16,17,0,false,false,1,519.0
examples/regalloc/324-mbb-densemapbase-movefrom-n29-d17.pbqp,15,16,1,0,false,false,1,524.0
examples/regalloc/324-mbb-densemapbase-movefrom-n29-d17.pbqp,15,7,1,0,true,false,2,560.0
examples/regalloc/324-mbb-densemapbase-movefrom-n29-d17.pbqp,7,16,17,0,false,true,16,1252.0
examples/regalloc/324-mbb-densemapbase-movefrom-n29-d17.pbqp,7,16,17,0,true,true,15,1147.0
examples/regalloc/324-mbb-densemapbase-movefrom-n29-d17.pbqp,16,15,17,0,false,false,1,507.0
examples/regalloc/324-mbb-densemapbase-movefrom-n29-d17.pbqp,15,15,1,0,false,false,52,20331.0
examples/regalloc/324-mbb-densemapbase-movefrom-n29-d17.pbqp,15,7,1,0,false,false,9,2592.0
examples/regalloc/324-mbb-densemapbase-movefrom-n29-d17.pbqp,15,15,17,0,false,false,97,40548.0
examples/regalloc/324-mbb-densemapbase-movefrom-n29-d17.pbqp,7,15,17,0,false,false,8,2106.0
examples/regalloc/324-mbb-densemapbase-movefrom-n29-d17.pbqp,15,15,1,0,false,true,15,1527.0
examples/regalloc/324-mbb-densemapbase-movefrom-n29-d17.pbqp,15,15,17,2,true,false,1,683.0
examples/regalloc/325-mbb-densemapbase-movefrom-n42-d17-r1.pbqp,15,16,17,0,false,true,31,3335.0
examples/regalloc/325-mbb-densemapbase-movefrom-n42-d17-r1.pbqp,14,15,1,0,false,true,16,1576.0
examples/regalloc/325-mbb-densemapbase-movefrom-n42-d17-r1.pbqp,16,14,1,0,true,false,1,327.0
examples/regalloc/325-mbb-densemapbase-movefrom-n42-d17-r1.pbqp,16,16,1,0,false,false,1,379.0
examples/regalloc/325-mbb-densemapbase-movefrom-n42-d17-r1.pbqp,15,16,17,0,false,false,3,1137.0
examples/regalloc/325-mbb-densemapbase-movefrom-n42-d17-r1.pbqp,16,16,17,0,false,true,16,1697.0
examples/regalloc/325-mbb-densemapbase-movefrom-n42-d17-r1.pbqp,16,16,1,0,true,true,16,1647.0
examples/regalloc/325-mbb-densemapbase-movefrom-n42-d17-r1.pbqp,16,16,1,0,false,true,16,1485.0
examples/regalloc/325-mbb-densemapbase-movefrom-n42-d17-r1.pbqp,16,16,17,0,true,false,1,387.0
examples/regalloc/325-mbb-densemapbase-movefrom-n42-d17-r1.pbqp,16,15,1,0,false,false,38,14173.0
examples/regalloc/325-mbb-densemapbase-movefrom-n42-d17-r1.pbqp,16,15,17,0,false,false,1,518.0
examples/regalloc/325-mbb-densemapbase-movefrom-n42-d17-r1.pbqp,15,15,1,0,false,false,33,12441.0
examples/regalloc/325-mbb-densemapbase-movefrom-n42-d17-r1.pbqp,15,15,17,0,false,false,67,28246.0
examples/regalloc/325-mbb-densemapbase-movefrom-n42-d17-r1.pbqp,15,15,17,0,true,false,1,478.0
examples/regalloc/325-mbb-densemapbase-movefrom-n42-d17-r1.pbqp,15,15,1,0,false,true,15,1561.0
examples/regalloc/325-mbb-densemapbase-movefrom-n42-d17-r1.pbqp,15,15,17,2,true,false,1,645.0
examples/regalloc/326-mbb-densemapbase-lookuporinsertintobucke-n24-d16.pbqp,15,15,16,0,false,false,1,466.0
examples/regalloc/326-mbb-densemapbase-lookuporinsertintobucke-n24-d16.pbqp,15,16,16,0,false,true,7,842.0
examples/regalloc/326-mbb-densemapbase-lookuporinsertintobucke-n24-d16.pbqp,15,16,16,0,false,false,1,433.0
examples/regalloc/326-mbb-densemapbase-lookuporinsertintobucke-n24-d16.pbqp,14,7,1,0,false,false,3,739.0
examples/regalloc/326-mbb-densemapbase-lookuporinsertintobucke-n24-d16.pbqp,15,15,1,0,false,false,7,2506.0
examples/regalloc/326-mbb-densemapbase-lookuporinsertintobucke-n24-d16.pbqp,15,7,1,0,false,false,6,1449.0
examples/regalloc/326-mbb-densemapbase-lookuporinsertintobucke-n24-d16.pbqp,15,16,1,0,false,false,2,748.0
examples/regalloc/326-mbb-densemapbase-lookuporinsertintobucke-n24-d16.pbqp,16,15,1,0,false,false,29,11426.0
examples/regalloc/326-mbb-densemapbase-lookuporinsertintobucke-n24-d16.pbqp,16,16,1,0,false,false,22,9138.0
examples/regalloc/326-mbb-densemapbase-lookuporinsertintobucke-n24-d16.pbqp,16,7,1,0,false,false,27,7545.0
examples/regalloc/326-mbb-densemapbase-lookuporinsertintobucke-n24-d16.pbqp,16,16,16,0,false,false,8,3375.0
examples/regalloc/326-mbb-densemapbase-lookuporinsertintobucke-n24-d16.pbqp,16,15,16,0,false,false,3,1265.0
examples/regalloc/326-mbb-densemapbase-lookuporinsertintobucke-n24-d16.pbqp,7,7,1,0,false,false,3,563.0
examples/regalloc/326-mbb-densemapbase-lookuporinsertintobucke-n24-d16.pbqp,7,16,16,0,false,false,9,2532.0
examples/regalloc/326-mbb-densemapbase-lookuporinsertintobucke-n24-d16.pbqp,7,15,16,0,false,false,8,1964.0
examples/regalloc/326-mbb-densemapbase-lookuporinsertintobucke-n24-d16.pbqp,7,15,16,0,true,false,1,286.0
examples/regalloc/326-mbb-densemapbase-lookuporinsertintobucke-n24-d16.pbqp,15,16,1,0,false,true,15,1565.0
examples/regalloc/326-mbb-densemapbase-lookuporinsertintobucke-n24-d16.pbqp,15,15,1,0,true,false,1,437.0
examples/regalloc/327-mbb-densemapbase-lookupbucketfor-n15-d16.pbqp,16,15,1,0,false,false,1,441.0
examples/regalloc/327-mbb-densemapbase-lookupbucketfor-n15-d16.pbqp,16,14,1,0,false,false,9,3221.0
examples/regalloc/327-mbb-densemapbase-lookupbucketfor-n15-d16.pbqp,16,16,16,0,false,false,26,10625.0
examples/regalloc/327-mbb-densemapbase-lookupbucketfor-n15-d16.pbqp,15,14,1,0,false,false,1,349.0
examples/regalloc/327-mbb-densemapbase-lookupbucketfor-n15-d16.pbqp,15,16,16,0,false,false,3,1113.0
examples/regalloc/327-mbb-densemapbase-lookupbucketfor-n15-d16.pbqp,16,16,1,0,false,false,25,9087.0
examples/regalloc/327-mbb-densemapbase-lookupbucketfor-n15-d16.pbqp,14,16,16,0,false,false,4,1448.0
examples/regalloc/327-mbb-densemapbase-lookupbucketfor-n15-d16.pbqp,16,16,16,0,false,true,16,1560.0
examples/regalloc/327-mbb-densemapbase-lookupbucketfor-n15-d16.pbqp,16,16,1,0,true,false,1,466.0
examples/regalloc/328-mbb-densemapbase-grow-n20-d17.pbqp,15,15,1,0,false,false,5,1434.0
examples/regalloc/328-mbb-densemapbase-grow-n20-d17.pbqp,7,15,1,0,false,false,1,188.0
examples/regalloc/328-mbb-densemapbase-grow-n20-d17.pbqp,7,16,17,0,false,false,5,1133.0
examples/regalloc/328-mbb-densemapbase-grow-n20-d17.pbqp,17,17,1,0,false,false,1,404.0
examples/regalloc/328-mbb-densemapbase-grow-n20-d17.pbqp,15,16,17,0,false,true,16,1460.0
examples/regalloc/328-mbb-densemapbase-grow-n20-d17.pbqp,15,14,17,0,false,false,1,318.0
examples/regalloc/328-mbb-densemapbase-grow-n20-d17.pbqp,15,7,1,0,false,false,4,875.0
examples/regalloc/328-mbb-densemapbase-grow-n20-d17.pbqp,7,7,17,0,false,false,2,324.0
examples/regalloc/328-mbb-densemapbase-grow-n20-d17.pbqp,7,16,17,0,false,true,7,614.0
examples/regalloc/328-mbb-densemapbase-grow-n20-d17.pbqp,7,7,17,0,true,false,1,172.0
examples/regalloc/328-mbb-densemapbase-grow-n20-d17.pbqp,15,16,17,0,true,false,1,321.0
examples/regalloc/328-mbb-densemapbase-grow-n20-d17.pbqp,15,16,17,0,false,false,2,682.0
examples/regalloc/328-mbb-densemapbase-grow-n20-d17.pbqp,16,16,1,0,false,true,16,1536.0
examples/regalloc/328-mbb-densemapbase-grow-n20-d17.pbqp,16,16,17,0,true,false,1,388.0
examples/regalloc/329-mbb-densemapbase-lookuporinsertintobucke-n22-d16.pbqp,15,15,16,0,false,false,1,434.0
examples/regalloc/329-mbb-densemapbase-lookuporinsertintobucke-n22-d16.pbqp,7,14,16,0,false,true,7,577.0
examples/regalloc/329-mbb-densemapbase-lookuporinsertintobucke-n22-d16.pbqp,15,16,16,0,false,false,1,414.0
examples/regalloc/329-mbb-densemapbase-lookuporinsertintobucke-n22-d16.pbqp,15,15,1,0,false,false,7,2411.0
examples/regalloc/329-mbb-densemapbase-lookuporinsertintobucke-n22-d16.pbqp,15,7,1,0,false,false,4,908.0
examples/regalloc/329-mbb-densemapbase-lookuporinsertintobucke-n22-d16.pbqp,15,16,1,0,false,false,2,704.0
examples/regalloc/329-mbb-densemapbase-lookuporinsertintobucke-n22-d16.pbqp,16,15,1,0,false,false,29,10801.0
examples/regalloc/329-mbb-densemapbase-lookuporinsertintobucke-n22-d16.pbqp,16,16,1,0,false,false,22,8489.0
examples/regalloc/329-mbb-densemapbase-lookuporinsertintobucke-n22-d16.pbqp,16,7,1,0,false,false,18,4700.0
examples/regalloc/329-mbb-densemapbase-lookuporinsertintobucke-n22-d16.pbqp,16,16,16,0,false,false,8,3185.0
examples/regalloc/329-mbb-densemapbase-lookuporinsertintobucke-n22-d16.pbqp,16,15,16,0,false,false,3,1263.0
examples/regalloc/329-mbb-densemapbase-lookuporinsertintobucke-n22-d16.pbqp,7,7,1,0,true,false,1,177.0
examples/regalloc/329-mbb-densemapbase-lookuporinsertintobucke-n22-d16.pbqp,7,16,16,0,false,false,6,1493.0
examples/regalloc/329-mbb-densemapbase-lookuporinsertintobucke-n22-d16.pbqp,7,15,16,0,false,false,6,1371.0
examples/regalloc/329-mbb-densemapbase-lookuporinsertintobucke-n22-d16.pbqp,15,16,1,0,false,true,15,1517.0
examples/regalloc/329-mbb-densemapbase-lookuporinsertintobucke-n22-d16.pbqp,15,15,1,0,true,false,1,493.0
examples/regalloc/330-mbb-densemapbase-grow-n22-d17.pbqp,16,15,1,0,false,true,7,1073.0
examples/regalloc/330-mbb-densemapbase-grow-n22-d17.pbqp,16,16,1,0,false,true,51,6646.0
examples/regalloc/330-mbb-densemapbase-grow-n22-d17.pbqp,7,16,1,0,false,true,7,704.0
examples/regalloc/330-mbb-densemapbase-grow-n22-d17.pbqp,7,16,17,0,false,false,7,1893.0
examples/regalloc/330-mbb-densemapbase-grow-n22-d17.pbqp,17,17,1,0,false,false,1,651.0
examples/regalloc/330-mbb-densemapbase-grow-n22-d17.pbqp,15,16,17,0,false,true,16,1859.0
examples/regalloc/330-mbb-densemapbase-grow-n22-d17.pbqp,15,14,17,0,false,false,1,544.0
examples/regalloc/330-mbb-densemapbase-grow-n22-d17.pbqp,16,7,1,0,false,false,2,632.0
examples/regalloc/330-mbb-densemapbase-grow-n22-d17.pbqp,16,7,17,0,false,false,1,349.0
examples/regalloc/330-mbb-densemapbase-grow-n22-d17.pbqp,15,7,1,0,false,false,4,1129.0
examples/regalloc/330-mbb-densemapbase-grow-n22-d17.pbqp,7,7,1,0,true,false,1,282.0
examples/regalloc/330-mbb-densemapbase-grow-n22-d17.pbqp,7,7,17,0,false,false,1,194.0
examples/regalloc/330-mbb-densemapbase-grow-n22-d17.pbqp,7,7,1,0,false,false,1,228.0
examples/regalloc/330-mbb-densemapbase-grow-n22-d17.pbqp,7,16,17,0,true,false,1,303.0
examples/regalloc/330-mbb-densemapbase-grow-n22-d17.pbqp,15,16,17,0,true,false,1,477.0
examples/regalloc/330-mbb-densemapbase-grow-n22-d17.pbqp,15,16,17,0,false,false,2,881.0
examples/regalloc/330-mbb-densemapbase-grow-n22-d17.pbqp,16,16,17,0,true,false,1,573.0
examples/regalloc/331-mbb-densemapbase-lookupbucketfor-n15-d16.pbqp,16,15,1,0,false,false,1,480.0
examples/regalloc/331-mbb-densemapbase-lookupbucketfor-n15-d16.pbqp,16,14,1,0,false,false,9,3355.0
examples/regalloc/331-mbb-densemapbase-lookupbucketfor-n15-d16.pbqp,16,16,16,0,false,false,26,11065.0
examples/regalloc/331-mbb-densemapbase-lookupbucketfor-n15-d16.pbqp,15,14,1,0,false,false,1,331.0
examples/regalloc/331-mbb-densemapbase-lookupbucketfor-n15-d16.pbqp,15,16,16,0,false,false,3,1174.0
examples/regalloc/331-mbb-densemapbase-lookupbucketfor-n15-d16.pbqp,16,16,1,0,false,false,25,9446.0
examples/regalloc/331-mbb-densemapbase-lookupbucketfor-n15-d16.pbqp,14,16,16,0,false,false,4,1502.0
examples/regalloc/331-mbb-densemapbase-lookupbucketfor-n15-d16.pbqp,16,16,16,0,false,true,16,1638.0
examples/regalloc/331-mbb-densemapbase-lookupbucketfor-n15-d16.pbqp,16,16,1,0,true,false,1,491.0
examples/regalloc/332-mbb-densemapbase-erasefromfilledbucket-n18-d16.pbqp,15,15,16,0,false,true,14,1392.0
examples/regalloc/332-mbb-densemapbase-erasefromfilledbucket-n18-d16.pbqp,16,14,1,0,false,false,12,4252.0
examples/regalloc/332-mbb-densemapbase-erasefromfilledbucket-n18-d16.pbqp,16,16,16,0,false,false,27,11432.0
examples/regalloc/332-mbb-densemapbase-erasefromfilledbucket-n18-d16.pbqp,16,15,16,0,false,false,2,810.0
examples/regalloc/332-mbb-densemapbase-erasefromfilledbucket-n18-d16.pbqp,16,16,1,0,false,false,26,9588.0
examples/regalloc/332-mbb-densemapbase-erasefromfilledbucket-n18-d16.pbqp,16,15,1,0,false,false,6,2202.0
examples/regalloc/332-mbb-densemapbase-erasefromfilledbucket-n18-d16.pbqp,15,14,1,0,true,false,1,358.0
examples/regalloc/332-mbb-densemapbase-erasefromfilledbucket-n18-d16.pbqp,15,16,16,0,false,false,7,2830.0
examples/regalloc/332-mbb-densemapbase-erasefromfilledbucket-n18-d16.pbqp,16,16,1,0,false,true,14,1404.0
examples/regalloc/332-mbb-densemapbase-erasefromfilledbucket-n18-d16.pbqp,14,16,16,2,true,false,1,436.0
examples/regalloc/333-mbb-densemapbase-movefrom-n26-d17.pbqp,7,14,17,0,false,true,14,1179.0
examples/regalloc/333-mbb-densemapbase-movefrom-n26-d17.pbqp,15,16,17,0,false,false,1,535.0
examples/regalloc/333-mbb-densemapbase-movefrom-n26-d17.pbqp,16,16,1,0,false,false,1,590.0
examples/regalloc/333-mbb-densemapbase-movefrom-n26-d17.pbqp,16,14,1,0,false,false,6,2327.0
examples/regalloc/333-mbb-densemapbase-movefrom-n26-d17.pbqp,16,7,1,0,false,false,6,1700.0
examples/regalloc/333-mbb-densemapbase-movefrom-n26-d17.pbqp,16,15,1,0,false,false,33,12860.0
examples/regalloc/333-mbb-densemapbase-movefrom-n26-d17.pbqp,16,16,17,0,false,false,1,561.0
examples/regalloc/333-mbb-densemapbase-movefrom-n26-d17.pbqp,16,15,17,0,false,false,1,494.0
examples/regalloc/333-mbb-densemapbase-movefrom-n26-d17.pbqp,14,15,1,0,false,false,2,800.0
examples/regalloc/333-mbb-densemapbase-movefrom-n26-d17.pbqp,14,7,1,0,true,false,1,268.0
examples/regalloc/333-mbb-densemapbase-movefrom-n26-d17.pbqp,14,15,17,0,false,false,13,4891.0
examples/regalloc/333-mbb-densemapbase-movefrom-n26-d17.pbqp,15,15,1,0,false,false,28,11311.0
examples/regalloc/333-mbb-densemapbase-movefrom-n26-d17.pbqp,15,7,1,0,false,false,8,2388.0
examples/regalloc/333-mbb-densemapbase-movefrom-n26-d17.pbqp,15,15,17,0,false,false,74,31107.0
examples/regalloc/333-mbb-densemapbase-movefrom-n26-d17.pbqp,7,15,17,0,false,false,7,1903.0
examples/regalloc/333-mbb-densemapbase-movefrom-n26-d17.pbqp,15,15,1,0,false,true,15,1417.0
examples/regalloc/333-mbb-densemapbase-movefrom-n26-d17.pbqp,15,15,17,2,true,false,1,585.0
examples/regalloc/334-mbb-densemapbase-movefrom-n38-d17-r1.pbqp,14,16,17,0,false,true,77,7334.0
examples/regalloc/334-mbb-densemapbase-movefrom-n38-d17-r1.pbqp,14,14,17,0,false,false,1,470.0
examples/regalloc/334-mbb-densemapbase-movefrom-n38-d17-r1.pbqp,16,16,1,0,false,false,1,419.0
examples/regalloc/334-mbb-densemapbase-movefrom-n38-d17-r1.pbqp,15,16,17,0,false,false,1,407.0
examples/regalloc/334-mbb-densemapbase-movefrom-n38-d17-r1.pbqp,14,16,17,0,false,false,1,349.0
examples/regalloc/334-mbb-densemapbase-movefrom-n38-d17-r1.pbqp,16,14,1,0,true,false,1,451.0
examples/regalloc/334-mbb-densemapbase-movefrom-n38-d17-r1.pbqp,16,16,17,0,false,false,2,866.0
examples/regalloc/334-mbb-densemapbase-movefrom-n38-d17-r1.pbqp,16,16,1,0,false,true,14,1665.0
examples/regalloc/334-mbb-densemapbase-movefrom-n38-d17-r1.pbqp,14,16,17,0,true,false,1,357.0
examples/regalloc/334-mbb-densemapbase-movefrom-n38-d17-r1.pbqp,16,15,1,0,false,false,36,13769.0
examples/regalloc/334-mbb-densemapbase-movefrom-n38-d17-r1.pbqp,16,14,1,0,false,false,6,2269.0
examples/regalloc/334-mbb-densemapbase-movefrom-n38-d17-r1.pbqp,16,15,17,0,false,false,1,497.0
examples/regalloc/334-mbb-densemapbase-movefrom-n38-d17-r1.pbqp,14,15,1,0,true,false,1,409.0
examples/regalloc/334-mbb-densemapbase-movefrom-n38-d17-r1.pbqp,14,15,17,0,false,false,12,5029.0
examples/regalloc/334-mbb-densemapbase-movefrom-n38-d17-r1.pbqp,15,15,1,0,false,false,20,7875.0
examples/regalloc/334-mbb-densemapbase-movefrom-n38-d17-r1.pbqp,15,15,17,0,false,false,55,22753.0
examples/regalloc/334-mbb-densemapbase-movefrom-n38-d17-r1.pbqp,15,15,1,0,false,true,15,1515.0
examples/regalloc/334-mbb-densemapbase-movefrom-n38-d17-r1.pbqp,15,15,17,2,true,false,1,561.0
examples/regalloc/335-mbb-function-ref-callback-fn-n7-d17.pbqp,15,16,17,0,false,true,14,1454.0
examples/regalloc/335-mbb-function-ref-callback-fn-n7-d17.pbqp,16,14,1,0,false,true,15,1510.0
examples/regalloc/335-mbb-function-ref-callback-fn-n7-d17.pbqp,15,16,17,0,true,false,1,398.0
examples/regalloc/335-mbb-function-ref-callback-fn-n7-d17.pbqp,15,15,17,0,false,false,1,387.0
examples/regalloc/335-mbb-function-ref-callback-fn-n7-d17.pbqp,15,14,17,0,false,false,1,388.0
examples/regalloc/335-mbb-function-ref-callback-fn-n7-d17.pbqp,14,16,1,0,false,true,15,1413.0
examples/regalloc/335-mbb-function-ref-callback-fn-n7-d17.pbqp,14,15,1,0,true,false,1,290.0
examples/regalloc/336-mbb-function-ref-callback-fn-n7-d16.pbqp,15,16,16,0,false,true,14,1406.0
examples/regalloc/336-mbb-function-ref-callback-fn-n7-d16.pbqp,16,14,1,0,false,true,15,1414.0
examples/regalloc/336-mbb-function-ref-callback-fn-n7-d16.pbqp,16,15,1,0,true,false,1,335.0
examples/regalloc/336-mbb-function-ref-callback-fn-n7-d16.pbqp,16,15,16,0,false,false,1,360.0
examples/regalloc/336-mbb-function-ref-callback-fn-n7-d16.pbqp,16,14,16,0,false,false,1,367.0
examples/regalloc/336-mbb-function-ref-callback-fn-n7-d16.pbqp,15,15,16,0,false,false,1,353.0
examples/regalloc/336-mbb-function-ref-callback-fn-n7-d16.pbqp,15,14,16,0,false,false,1,326.0
examples/regalloc/336-mbb-function-ref-callback-fn-n7-d16.pbqp,15,13,16,0,false,false,1,343.0
examples/regalloc/336-mbb-function-ref-callback-fn-n7-d16.pbqp,13,15,1,0,false,true,14,1158.0
examples/regalloc/336-mbb-function-ref-callback-fn-n7-d16.pbqp,13,14,1,0,true,false,1,262.0
examples/regalloc/337-mbb-function-ref-callback-fn-n7-d16.pbqp,15,16,16,0,false,true,14,1311.0
examples/regalloc/337-mbb-function-ref-callback-fn-n7-d16.pbqp,16,14,1,0,false,true,15,1414.0
examples/regalloc/337-mbb-function-ref-callback-fn-n7-d16.pbqp,16,15,1,0,true,false,1,355.0
examples/regalloc/337-mbb-function-ref-callback-fn-n7-d16.pbqp,16,15,16,0,false,false,1,373.0
examples/regalloc/337-mbb-function-ref-callback-fn-n7-d16.pbqp,16,14,16,0,false,false,1,345.0
examples/regalloc/337-mbb-function-ref-callback-fn-n7-d16.pbqp,15,15,16,0,false,false,1,362.0
examples/regalloc/337-mbb-function-ref-callback-fn-n7-d16.pbqp,15,14,16,0,false,false,1,345.0
examples/regalloc/337-mbb-function-ref-callback-fn-n7-d16.pbqp,15,13,16,0,false,false,1,338.0
examples/regalloc/337-mbb-function-ref-callback-fn-n7-d16.pbqp,13,15,1,0,false,true,14,1174.0
examples/regalloc/337-mbb-function-ref-callback-fn-n7-d16.pbqp,13,14,1,0,true,false,1,269.0
examples/regalloc/338-mbb-ilist-traits-deletenode-n4-d16.pbqp,15,16,16,0,false,false,1,360.0
examples/regalloc/338-mbb-ilist-traits-deletenode-n4-d16.pbqp,16,15,1,0,false,true,16,1495.0
examples/regalloc/338-mbb-ilist-traits-deletenode-n4-d16.pbqp,16,16,16,0,true,false,1,355.0
examples/regalloc/339-mbb-ilist-traits-addnodetolist-n5-d16.pbqp,7,16,16,0,false,false,2,436.0
examples/regalloc/339-mbb-ilist-traits-addnodetolist-n5-d16.pbqp,15,7,1,0,false,true,7,593.0
examples/regalloc/339-mbb-ilist-traits-addnodetolist-n5-d16.pbqp,15,7,1,2,true,false,1,201.0
examples/regalloc/340-mbb-ilist-traits-removenodefromlist-n3-d15.pbqp,7,7,15,0,false,false,1,184.0
examples/regalloc/340-mbb-ilist-traits-removenodefromlist-n3-d15.pbqp,15,7,1,0,false,false,1,212.0
examples/regalloc/341-mbb-ilist-traits-transfernodesfromlist-n5-d16.pbqp,13,16,16,0,false,true,14,1448.0
examples/regalloc/341-mbb-ilist-traits-transfernodesfromlist-n5-d16.pbqp,16,15,1,0,false,false,1,321.0
examples/regalloc/341-mbb-ilist-traits-transfernodesfromlist-n5-d16.pbqp,16,14,1,0,false,false,1,341.0
examples/regalloc/341-mbb-ilist-traits-transfernodesfromlist-n5-d16.pbqp,16,13,1,0,false,false,1,318.0
examples/regalloc/341-mbb-ilist-traits-transfernodesfromlist-n5-d16.pbqp,13,15,16,0,false,true,14,1232.0
examples/regalloc/341-mbb-ilist-traits-transfernodesfromlist-n5-d16.pbqp,14,13,1,0,true,false,1,297.0
examples/regalloc/342-mbb-liveintervals-removeregunit-n11-d16.pbqp,7,15,1,0,false,false,1,193.0
examples/regalloc/342-mbb-liveintervals-removeregunit-n11-d16.pbqp,16,7,1,0,false,false,8,1809.0
examples/regalloc/342-mbb-liveintervals-removeregunit-n11-d16.pbqp,16,7,16,0,false,false,1,255.0
examples/regalloc/342-mbb-liveintervals-removeregunit-n11-d16.pbqp,7,7,1,0,false,false,5,685.0
examples/regalloc/342-mbb-liveintervals-removeregunit-n11-d16.pbqp,7,15,16,0,false,false,1,191.0
examples/regalloc/342-mbb-liveintervals-removeregunit-n11-d16.pbqp,15,7,1,0,false,false,3,618.0
examples/regalloc/342-mbb-liveintervals-removeregunit-n11-d16.pbqp,16,16,16,0,false,false,1,350.0
examples/regalloc/342-mbb-liveintervals-removeregunit-n11-d16.pbqp,7,7,16,0,false,false,1,137.0
examples/regalloc/342-mbb-liveintervals-removeregunit-n11-d16.pbqp,7,16,16,0,false,false,4,749.0
examples/regalloc/342-mbb-liveintervals-removeregunit-n11-d16.pbqp,16,16,1,0,false,true,7,809.0
examples/regalloc/342-mbb-liveintervals-removeregunit-n11-d16.pbqp,16,7,1,0,true,false,1,248.0
examples/regalloc/343-mbb-machinebasicblock-movebefore-n6-d16.pbqp,16,16,1,0,false,false,3,1043.0
examples/regalloc/343-mbb-machinebasicblock-movebefore-n6-d16.pbqp,16,15,1,0,false,false,3,983.0
examples/regalloc/343-mbb-machinebasicblock-movebefore-n6-d16.pbqp,16,16,16,0,false,false,4,1558.0
examples/regalloc/343-mbb-machinebasicblock-movebefore-n6-d16.pbqp,16,15,1,0,false,true,16,1501.0
examples/regalloc/343-mbb-machinebasicblock-movebefore-n6-d16.pbqp,16,16,1,0,true,false,1,349.0
examples/regalloc/344-mbb-machinebasicblock-addsuccessor-n26-d17.pbqp,7,16,17,0,false,true,44,3847.0
examples/regalloc/344-mbb-machinebasicblock-addsuccessor-n26-d17.pbqp,17,17,1,0,false,false,1,473.0
examples/regalloc/344-mbb-machinebasicblock-addsuccessor-n26-d17.pbqp,16,7,1,0,false,false,47,13951.0
examples/regalloc/344-mbb-machinebasicblock-addsuccessor-n26-d17.pbqp,16,16,17,0,false,false,5,2165.0
examples/regalloc/344-mbb-machinebasicblock-addsuccessor-n26-d17.pbqp,7,7,17,0,false,false,30,6750.0
examples/regalloc/344-mbb-machinebasicblock-addsuccessor-n26-d17.pbqp,16,16,1,0,false,false,2,854.0
examples/regalloc/344-mbb-machinebasicblock-addsuccessor-n26-d17.pbqp,16,7,17,0,false,false,2,611.0
examples/regalloc/344-mbb-machinebasicblock-addsuccessor-n26-d17.pbqp,7,7,1,0,false,false,13,2831.0
examples/regalloc/344-mbb-machinebasicblock-addsuccessor-n26-d17.pbqp,7,16,17,0,false,false,20,5386.0
examples/regalloc/344-mbb-machinebasicblock-addsuccessor-n26-d17.pbqp,7,7,1,0,true,false,1,214.0
examples/regalloc/344-mbb-machinebasicblock-addsuccessor-n26-d17.pbqp,7,16,17,0,true,false,1,364.0
examples/regalloc/345-mbb-machinebasicblock-addsuccessor-n35-d17-r1.pbqp,7,16,17,0,false,true,44,3745.0
examples/regalloc/345-mbb-machinebasicblock-addsuccessor-n35-d17-r1.pbqp,17,17,1,0,false,false,1,501.0
examples/regalloc/345-mbb-machinebasicblock-addsuccessor-n35-d17-r1.pbqp,16,7,1,0,false,false,91,24757.0
examples/regalloc/345-mbb-machinebasicblock-addsuccessor-n35-d17-r1.pbqp,16,16,17,0,false,false,6,2436.0
examples/regalloc/345-mbb-machinebasicblock-addsuccessor-n35-d17-r1.pbqp,7,7,17,0,false,false,13,2790.0
examples/regalloc/345-mbb-machinebasicblock-addsuccessor-n35-d17-r1.pbqp,7,16,17,0,false,false,14,3828.0
examples/regalloc/345-mbb-machinebasicblock-addsuccessor-n35-d17-r1.pbqp,16,16,1,0,false,false,4,1584.0
examples/regalloc/345-mbb-machinebasicblock-addsuccessor-n35-d17-r1.pbqp,16,7,17,0,false,false,2,552.0
examples/regalloc/345-mbb-machinebasicblock-addsuccessor-n35-d17-r1.pbqp,7,7,1,0,false,false,6,1370.0
examples/regalloc/345-mbb-machinebasicblock-addsuccessor-n35-d17-r1.pbqp,7,7,1,0,true,false,1,253.0
examples/regalloc/345-mbb-machinebasicblock-addsuccessor-n35-d17-r1.pbqp,7,16,17,0,true,false,1,332.0
examples/regalloc/346-mbb-machinebasicblock-clearliveins-n6-d17.pbqp,17,17,1,0,false,false,1,405.0
examples/regalloc/346-mbb-machinebasicblock-clearliveins-n6-d17.pbqp,16,15,1,0,false,false,1,354.0
examples/regalloc/346-mbb-machinebasicblock-clearliveins-n6-d17.pbqp,16,16,17,0,false,false,2,715.0
examples/regalloc/346-mbb-machinebasicblock-clearliveins-n6-d17.pbqp,16,15,1,0,false,true,16,1556.0
examples/regalloc/346-mbb-machinebasicblock-clearliveins-n6-d17.pbqp,16,16,1,0,true,false,1,322.0
examples/regalloc/347-mbb-machinebasicblock-clearliveins-n2-d16.pbqp,16,16,16,0,false,false,1,363.0
examples/regalloc/348-mbb-machinebasicblock-finddebugloc-n5-d16.pbqp,16,15,1,0,false,false,1,360.0
examples/regalloc/348-mbb-machinebasicblock-finddebugloc-n5-d16.pbqp,16,16,16,0,false,false,2,779.0
examples/regalloc/348-mbb-machinebasicblock-finddebugloc-n5-d16.pbqp,15,16,16,0,false,true,16,1445.0
examples/regalloc/348-mbb-machinebasicblock-finddebugloc-n5-d16.pbqp,16,15,1,0,true,false,1,336.0
examples/regalloc/349-mbb-machinebasicblock-removelivein-n5-d17.pbqp,7,7,17,0,false,false,1,183.0
examples/regalloc/349-mbb-machinebasicblock-removelivein-n5-d17.pbqp,7,15,17,0,false,false,1,193.0
examples/regalloc/349-mbb-machinebasicblock-removelivein-n5-d17.pbqp,7,14,17,0,false,false,1,164.0
examples/regalloc/349-mbb-machinebasicblock-removelivein-n5-d17.pbqp,14,15,1,0,false,true,7,714.0
examples/regalloc/349-mbb-machinebasicblock-removelivein-n5-d17.pbqp,7,14,17,0,true,false,1,214.0
examples/regalloc/350-mbb-machinebasicblock-removelivein-n9-d17.pbqp,15,14,1,0,false,false,1,323.0
examples/regalloc/350-mbb-machinebasicblock-removelivein-n9-d17.pbqp,15,16,1,0,false,false,1,346.0
examples/regalloc/350-mbb-machinebasicblock-removelivein-n9-d17.pbqp,15,7,1,0,false,false,1,246.0
examples/regalloc/350-mbb-machinebasicblock-removelivein-n9-d17.pbqp,16,16,1,0,false,false,1,374.0
examples/regalloc/350-mbb-machinebasicblock-removelivein-n9-d17.pbqp,16,15,1,0,false,false,2,644.0
examples/regalloc/350-mbb-machinebasicblock-removelivein-n9-d17.pbqp,16,14,1,0,false,false,3,940.0
examples/regalloc/350-mbb-machinebasicblock-removelivein-n9-d17.pbqp,16,7,1,0,false,false,2,486.0
examples/regalloc/350-mbb-machinebasicblock-removelivein-n9-d17.pbqp,16,16,17,0,false,false,2,732.0
examples/regalloc/350-mbb-machinebasicblock-removelivein-n9-d17.pbqp,16,14,17,0,false,false,1,322.0
examples/regalloc/350-mbb-machinebasicblock-removelivein-n9-d17.pbqp,14,15,1,0,false,false,1,312.0
examples/regalloc/350-mbb-machinebasicblock-removelivein-n9-d17.pbqp,14,14,1,0,false,false,1,282.0
examples/regalloc/350-mbb-machinebasicblock-removelivein-n9-d17.pbqp,14,7,1,0,false,false,1,226.0
examples/regalloc/350-mbb-machinebasicblock-removelivein-n9-d17.pbqp,14,16,17,0,false,false,1,360.0
examples/regalloc/350-mbb-machinebasicblock-removelivein-n9-d17.pbqp,7,15,1,0,false,false,1,189.0
examples/regalloc/350-mbb-machinebasicblock-removelivein-n9-d17.pbqp,7,14,1,0,false,false,1,165.0
examples/regalloc/350-mbb-machinebasicblock-removelivein-n9-d17.pbqp,7,16,17,0,false,false,1,178.0
examples/regalloc/350-mbb-machinebasicblock-removelivein-n9-d17.pbqp,16,15,1,0,false,true,14,1294.0
examples/regalloc/350-mbb-machinebasicblock-removelivein-n9-d17.pbqp,16,14,1,0,true,false,1,315.0
examples/regalloc/351-mbb-machinebasicblock-remove-instr-n9-d16.pbqp,7,7,16,0,false,false,1,213.0
examples/regalloc/351-mbb-machinebasicblock-remove-instr-n9-d16.pbqp,7,16,16,0,false,true,32,2147.0
examples/regalloc/351-mbb-machinebasicblock-remove-instr-n9-d16.pbqp,7,15,16,0,false,false,1,248.0
examples/regalloc/351-mbb-machinebasicblock-remove-instr-n9-d16.pbqp,7,16,16,0,true,false,1,246.0
examples/regalloc/351-mbb-machinebasicblock-remove-instr-n9-d16.pbqp,7,16,16,0,false,false,3,670.0
examples/regalloc/351-mbb-machinebasicblock-remove-instr-n9-d16.pbqp,16,16,1,0,false,true,16,1575.0
examples/regalloc/351-mbb-machinebasicblock-remove-instr-n9-d16.pbqp,16,16,1,0,true,false,1,368.0
examples/regalloc/352-mbb-machinebasicblock-copysuccessor-n22-d16.pbqp,7,16,16,0,false,true,28,2422.0
examples/regalloc/352-mbb-machinebasicblock-copysuccessor-n22-d16.pbqp,16,7,1,0,false,false,8,1982.0
examples/regalloc/352-mbb-machinebasicblock-copysuccessor-n22-d16.pbqp,16,16,16,0,false,false,23,10236.0
examples/regalloc/352-mbb-machinebasicblock-copysuccessor-n22-d16.pbqp,14,16,1,0,false,false,1,353.0
examples/regalloc/352-mbb-machinebasicblock-copysuccessor-n22-d16.pbqp,14,14,1,0,false,false,1,332.0
examples/regalloc/352-mbb-machinebasicblock-copysuccessor-n22-d16.pbqp,14,7,1,0,false,false,2,439.0
examples/regalloc/352-mbb-machinebasicblock-copysuccessor-n22-d16.pbqp,15,14,1,0,false,false,1,357.0
examples/regalloc/352-mbb-machinebasicblock-copysuccessor-n22-d16.pbqp,15,7,16,0,false,false,2,563.0
examples/regalloc/352-mbb-machinebasicblock-copysuccessor-n22-d16.pbqp,15,16,16,0,false,false,1,444.0
examples/regalloc/352-mbb-machinebasicblock-copysuccessor-n22-d16.pbqp,15,14,16,0,false,false,1,398.0
examples/regalloc/352-mbb-machinebasicblock-copysuccessor-n22-d16.pbqp,14,7,16,0,false,false,2,548.0
examples/regalloc/352-mbb-machinebasicblock-copysuccessor-n22-d16.pbqp,14,16,16,0,false,false,5,1926.0
examples/regalloc/352-mbb-machinebasicblock-copysuccessor-n22-d16.pbqp,14,14,16,0,false,false,1,352.0
examples/regalloc/352-mbb-machinebasicblock-copysuccessor-n22-d16.pbqp,16,16,1,0,false,false,15,5955.0
examples/regalloc/352-mbb-machinebasicblock-copysuccessor-n22-d16.pbqp,16,14,1,0,false,false,5,1924.0
examples/regalloc/352-mbb-machinebasicblock-copysuccessor-n22-d16.pbqp,16,14,16,0,false,false,1,354.0
examples/regalloc/352-mbb-machinebasicblock-copysuccessor-n22-d16.pbqp,16,7,16,0,false,false,1,263.0
examples/regalloc/352-mbb-machinebasicblock-copysuccessor-n22-d16.pbqp,7,14,1,0,false,false,1,258.0
examples/regalloc/352-mbb-machinebasicblock-copysuccessor-n22-d16.pbqp,7,7,1,0,true,false,1,200.0
examples/regalloc/352-mbb-machinebasicblock-copysuccessor-n22-d16.pbqp,7,16,16,0,false,false,15,4275.0
examples/regalloc/352-mbb-machinebasicblock-copysuccessor-n22-d16.pbqp,7,14,16,0,false,false,1,256.0
examples/regalloc/352-mbb-machinebasicblock-copysuccessor-n22-d16.pbqp,16,16,1,0,false,true,16,1659.0
examples/regalloc/352-mbb-machinebasicblock-copysuccessor-n22-d16.pbqp,16,16,1,2,true,false,1,524.0
examples/regalloc/353-mbb-machinebasicblock-rfinddebugloc-n11-d16.pbqp,15,16,16,0,false,true,32,3151.0
examples/regalloc/353-mbb-machinebasicblock-rfinddebugloc-n11-d16.pbqp,15,16,16,0,true,false,2,736.0
examples/regalloc/353-mbb-machinebasicblock-rfinddebugloc-n11-d16.pbqp,16,16,1,0,false,true,30,2956.0
examples/regalloc/353-mbb-machinebasicblock-rfinddebugloc-n11-d16.pbqp,16,15,1,0,false,false,2,699.0
examples/regalloc/353-mbb-machinebasicblock-rfinddebugloc-n11-d16.pbqp,16,16,16,0,false,false,2,878.0
examples/regalloc/353-mbb-machinebasicblock-rfinddebugloc-n11-d16.pbqp,16,16,1,0,false,false,2,693.0
examples/regalloc/353-mbb-machinebasicblock-rfinddebugloc-n11-d16.pbqp,16,15,1,0,true,false,1,333.0
examples/regalloc/354-mbb-machinebasicblock-addpredecessor-n4-d16.pbqp,16,15,1,0,false,false,1,336.0
examples/regalloc/354-mbb-machinebasicblock-addpredecessor-n4-d16.pbqp,16,16,16,0,false,false,2,691.0
examples/regalloc/354-mbb-machinebasicblock-addpredecessor-n4-d16.pbqp,16,16,1,0,false,true,15,1374.0
examples/regalloc/354-mbb-machinebasicblock-addpredecessor-n4-d16.pbqp,16,15,1,0,true,false,1,321.0
examples/regalloc/356-mbb-machinebasicblock-getfallthrough-n38-d16.pbqp,7,16,16,0,false,true,14,1301.0
examples/regalloc/356-mbb-machinebasicblock-getfallthrough-n38-d16.pbqp,16,16,1,0,false,false,13,5311.0
examples/regalloc/356-mbb-machinebasicblock-getfallthrough-n38-d16.pbqp,16,7,1,0,false,false,75,20339.0
examples/regalloc/356-mbb-machinebasicblock-getfallthrough-n38-d16.pbqp,16,16,16,0,false,false,26,11303.0
examples/regalloc/356-mbb-machinebasicblock-getfallthrough-n38-d16.pbqp,16,15,1,0,false,false,8,3218.0
examples/regalloc/356-mbb-machinebasicblock-getfallthrough-n38-d16.pbqp,14,7,1,0,false,false,7,1728.0
examples/regalloc/356-mbb-machinebasicblock-getfallthrough-n38-d16.pbqp,14,15,1,0,false,false,1,335.0
examples/regalloc/356-mbb-machinebasicblock-getfallthrough-n38-d16.pbqp,16,15,16,0,false,false,1,504.0
examples/regalloc/356-mbb-machinebasicblock-getfallthrough-n38-d16.pbqp,15,7,1,0,false,false,12,2993.0
examples/regalloc/356-mbb-machinebasicblock-getfallthrough-n38-d16.pbqp,15,16,1,0,false,false,1,433.0
examples/regalloc/356-mbb-machinebasicblock-getfallthrough-n38-d16.pbqp,15,15,1,0,false,false,1,402.0
examples/regalloc/356-mbb-machinebasicblock-getfallthrough-n38-d16.pbqp,7,7,1,0,false,false,7,1269.0
examples/regalloc/356-mbb-machinebasicblock-getfallthrough-n38-d16.pbqp,7,10,16,0,false,false,1,231.0
examples/regalloc/356-mbb-machinebasicblock-getfallthrough-n38-d16.pbqp,7,14,16,0,false,false,1,235.0
examples/regalloc/356-mbb-machinebasicblock-getfallthrough-n38-d16.pbqp,7,13,16,0,false,false,1,279.0
examples/regalloc/356-mbb-machinebasicblock-getfallthrough-n38-d16.pbqp,7,12,16,0,false,false,1,255.0
examples/regalloc/356-mbb-machinebasicblock-getfallthrough-n38-d16.pbqp,10,7,1,0,false,false,4,937.0
examples/regalloc/356-mbb-machinebasicblock-getfallthrough-n38-d16.pbqp,10,14,16,0,false,false,1,303.0
examples/regalloc/356-mbb-machinebasicblock-getfallthrough-n38-d16.pbqp,10,13,16,0,false,false,1,348.0
examples/regalloc/356-mbb-machinebasicblock-getfallthrough-n38-d16.pbqp,10,12,16,0,false,false,1,280.0
examples/regalloc/356-mbb-machinebasicblock-getfallthrough-n38-d16.pbqp,14,13,16,0,false,false,1,417.0
examples/regalloc/356-mbb-machinebasicblock-getfallthrough-n38-d16.pbqp,14,12,16,0,false,false,1,369.0
examples/regalloc/356-mbb-machinebasicblock-getfallthrough-n38-d16.pbqp,13,7,1,0,false,false,4,989.0
examples/regalloc/356-mbb-machinebasicblock-getfallthrough-n38-d16.pbqp,13,12,16,0,false,false,1,384.0
examples/regalloc/356-mbb-machinebasicblock-getfallthrough-n38-d16.pbqp,12,7,1,0,false,false,4,939.0
examples/regalloc/356-mbb-machinebasicblock-getfallthrough-n38-d16.pbqp,7,16,1,0,false,false,1,265.0
examples/regalloc/356-mbb-machinebasicblock-getfallthrough-n38-d16.pbqp,7,7,1,0,true,false,1,170.0
examples/regalloc/356-mbb-machinebasicblock-getfallthrough-n38-d16.pbqp,7,7,16,0,false,false,1,263.0
examples/regalloc/356-mbb-machinebasicblock-getfallthrough-n38-d16.pbqp,7,16,16,0,false,false,1,321.0
examples/regalloc/356-mbb-machinebasicblock-getfallthrough-n38-d16.pbqp,16,7,1,0,false,true,7,760.0
examples/regalloc/356-mbb-machinebasicblock-getfallthrough-n38-d16.pbqp,7,16,16,2,true,false,1,384.0
examples/regalloc/357-mbb-machinebasicblock-getfirstnonphi-n3-d16.pbqp,16,16,1,0,false,true,16,1624.0
examples/regalloc/357-mbb-machinebasicblock-getfirstnonphi-n3-d16.pbqp,16,16,16,0,true,false,1,365.0
examples/regalloc/358-mbb-machinebasicblock-splitsuccessor-n73-d17.pbqp,17,17,17,0,false,false,23,10838.0
examples/regalloc/358-mbb-machinebasicblock-splitsuccessor-n73-d17.pbqp,17,17,1,0,false,true,34,4251.0
examples/regalloc/358-mbb-machinebasicblock-splitsuccessor-n73-d17.pbqp,17,17,17,0,true,false,1,503.0
examples/regalloc/358-mbb-machinebasicblock-splitsuccessor-n73-d17.pbqp,17,17,1,0,false,false,23,9721.0
examples/regalloc/358-mbb-machinebasicblock-splitsuccessor-n73-d17.pbqp,14,14,1,0,false,false,17,6086.0
examples/regalloc/358-mbb-machinebasicblock-splitsuccessor-n73-d17.pbqp,14,7,1,0,false,false,3,836.0
examples/regalloc/358-mbb-machinebasicblock-splitsuccessor-n73-d17.pbqp,16,14,1,0,false,false,141,52673.0
examples/regalloc/358-mbb-machinebasicblock-splitsuccessor-n73-d17.pbqp,16,16,1,0,false,false,65,26834.0
examples/regalloc/358-mbb-machinebasicblock-splitsuccessor-n73-d17.pbqp,16,7,1,0,false,false,14,4144.0
examples/regalloc/358-mbb-machinebasicblock-splitsuccessor-n73-d17.pbqp,16,16,17,0,false,false,36,16097.0
examples/regalloc/358-mbb-machinebasicblock-splitsuccessor-n73-d17.pbqp,14,16,17,0,false,false,27,11248.0
examples/regalloc/358-mbb-machinebasicblock-splitsuccessor-n73-d17.pbqp,14,16,1,0,false,false,1,445.0
examples/regalloc/358-mbb-machinebasicblock-splitsuccessor-n73-d17.pbqp,16,14,17,0,false,false,8,3517.0
examples/regalloc/358-mbb-machinebasicblock-splitsuccessor-n73-d17.pbqp,17,17,1,0,true,false,1,500.0
examples/regalloc/358-mbb-machinebasicblock-splitsuccessor-n73-d17.pbqp,16,15,1,0,false,false,6,2659.0
examples/regalloc/358-mbb-machinebasicblock-splitsuccessor-n73-d17.pbqp,15,14,1,0,false,false,1,409.0
examples/regalloc/358-mbb-machinebasicblock-splitsuccessor-n73-d17.pbqp,15,7,1,0,false,false,1,280.0
examples/regalloc/358-mbb-machinebasicblock-splitsuccessor-n73-d17.pbqp,15,7,17,0,false,false,1,314.0
examples/regalloc/358-mbb-machinebasicblock-splitsuccessor-n73-d17.pbqp,15,16,17,0,false,false,1,449.0
examples/regalloc/358-mbb-machinebasicblock-splitsuccessor-n73-d17.pbqp,14,7,17,0,false,false,1,305.0
examples/regalloc/358-mbb-machinebasicblock-splitsuccessor-n73-d17.pbqp,16,7,1,0,false,true,7,885.0
examples/regalloc/358-mbb-machinebasicblock-splitsuccessor-n73-d17.pbqp,14,7,1,0,false,true,16,1358.0
examples/regalloc/358-mbb-machinebasicblock-splitsuccessor-n73-d17.pbqp,14,16,17,2,true,false,2,1267.0
examples/regalloc/358-mbb-machinebasicblock-splitsuccessor-n73-d17.pbqp,14,14,17,0,false,false,7,2927.0
examples/regalloc/358-mbb-machinebasicblock-splitsuccessor-n73-d17.pbqp,14,16,17,0,false,true,16,1740.0
examples/regalloc/359-mbb-machinebasicblock-erasefromparent-n7-d17.pbqp,16,16,1,0,false,false,2,736.0
examples/regalloc/359-mbb-machinebasicblock-erasefromparent-n7-d17.pbqp,16,15,1,0,false,false,1,341.0
examples/regalloc/359-mbb-machinebasicblock-erasefromparent-n7-d17.pbqp,15,16,17,0,false,false,4,1476.0
examples/regalloc/359-mbb-machinebasicblock-erasefromparent-n7-d17.pbqp,16,16,17,0,false,false,3,1194.0
examples/regalloc/359-mbb-machinebasicblock-erasefromparent-n7-d17.pbqp,16,16,1,0,false,true,16,1521.0
examples/regalloc/359-mbb-machinebasicblock-erasefromparent-n7-d17.pbqp,16,16,1,0,true,false,1,337.0
examples/regalloc/360-mbb-machinebasicblock-removesuccessor-n84-d17.pbqp,17,17,17,0,false,false,23,11709.0
examples/regalloc/360-mbb-machinebasicblock-removesuccessor-n84-d17.pbqp,17,17,1,0,false,true,34,4398.0
examples/regalloc/360-mbb-machinebasicblock-removesuccessor-n84-d17.pbqp,17,17,17,0,true,false,1,514.0
examples/regalloc/360-mbb-machinebasicblock-removesuccessor-n84-d17.pbqp,17,17,1,0,false,false,23,10300.0
examples/regalloc/360-mbb-machinebasicblock-removesuccessor-n84-d17.pbqp,16,16,1,0,false,false,63,25940.0
examples/regalloc/360-mbb-machinebasicblock-removesuccessor-n84-d17.pbqp,16,7,1,0,false,false,91,27286.0
examples/regalloc/360-mbb-machinebasicblock-removesuccessor-n84-d17.pbqp,15,7,1,0,false,false,5,1469.0
examples/regalloc/360-mbb-machinebasicblock-removesuccessor-n84-d17.pbqp,15,16,17,0,false,false,1,532.0
examples/regalloc/360-mbb-machinebasicblock-removesuccessor-n84-d17.pbqp,15,14,17,0,false,false,1,456.0
examples/regalloc/360-mbb-machinebasicblock-removesuccessor-n84-d17.pbqp,14,16,1,0,false,false,4,1919.0
examples/regalloc/360-mbb-machinebasicblock-removesuccessor-n84-d17.pbqp,14,7,1,0,false,false,17,4886.0
examples/regalloc/360-mbb-machinebasicblock-removesuccessor-n84-d17.pbqp,7,16,17,0,false,true,7,752.0
examples/regalloc/360-mbb-machinebasicblock-removesuccessor-n84-d17.pbqp,16,15,1,0,false,false,2,980.0
examples/regalloc/360-mbb-machinebasicblock-removesuccessor-n84-d17.pbqp,16,14,1,0,false,false,147,56165.0
examples/regalloc/360-mbb-machinebasicblock-removesuccessor-n84-d17.pbqp,14,14,1,0,false,false,17,6718.0
examples/regalloc/360-mbb-machinebasicblock-removesuccessor-n84-d17.pbqp,14,15,1,0,false,false,1,507.0
examples/regalloc/360-mbb-machinebasicblock-removesuccessor-n84-d17.pbqp,16,14,17,0,false,false,6,3097.0
examples/regalloc/360-mbb-machinebasicblock-removesuccessor-n84-d17.pbqp,16,16,17,0,false,false,34,15902.0
examples/regalloc/360-mbb-machinebasicblock-removesuccessor-n84-d17.pbqp,16,15,17,0,false,false,8,3698.0
examples/regalloc/360-mbb-machinebasicblock-removesuccessor-n84-d17.pbqp,15,16,1,0,false,false,1,459.0
examples/regalloc/360-mbb-machinebasicblock-removesuccessor-n84-d17.pbqp,15,14,1,0,false,false,1,420.0
examples/regalloc/360-mbb-machinebasicblock-removesuccessor-n84-d17.pbqp,7,7,17,0,false,false,2,632.0
examples/regalloc/360-mbb-machinebasicblock-removesuccessor-n84-d17.pbqp,7,14,17,0,false,false,9,2925.0
examples/regalloc/360-mbb-machinebasicblock-removesuccessor-n84-d17.pbqp,14,16,17,0,false,false,23,10432.0
examples/regalloc/360-mbb-machinebasicblock-removesuccessor-n84-d17.pbqp,17,17,1,0,true,false,1,558.0
examples/regalloc/360-mbb-machinebasicblock-removesuccessor-n84-d17.pbqp,7,7,1,0,false,false,2,503.0
examples/regalloc/360-mbb-machinebasicblock-removesuccessor-n84-d17.pbqp,7,16,17,0,false,false,17,4709.0
examples/regalloc/360-mbb-machinebasicblock-removesuccessor-n84-d17.pbqp,7,15,17,0,false,false,1,313.0
examples/regalloc/360-mbb-machinebasicblock-removesuccessor-n84-d17.pbqp,14,15,17,0,false,false,1,469.0
examples/regalloc/360-mbb-machinebasicblock-removesuccessor-n84-d17.pbqp,7,15,17,0,false,true,7,908.0
examples/regalloc/360-mbb-machinebasicblock-removesuccessor-n84-d17.pbqp,14,14,17,0,false,false,7,3094.0
examples/regalloc/360-mbb-machinebasicblock-removesuccessor-n84-d17.pbqp,7,7,1,0,true,false,1,301.0
examples/regalloc/360-mbb-machinebasicblock-removesuccessor-n84-d17.pbqp,14,16,17,0,false,true,16,1824.0
examples/regalloc/360-mbb-machinebasicblock-removesuccessor-n84-d17.pbqp,14,16,17,2,true,false,1,904.0
examples/regalloc/361-mbb-machinebasicblock-removesuccessor-n11-d16.pbqp,15,14,16,0,false,true,16,1563.0
examples/regalloc/361-mbb-machinebasicblock-removesuccessor-n11-d16.pbqp,16,15,1,0,false,false,13,4961.0
examples/regalloc/361-mbb-machinebasicblock-removesuccessor-n11-d16.pbqp,16,14,1,0,false,false,7,2671.0
examples/regalloc/361-mbb-machinebasicblock-removesuccessor-n11-d16.pbqp,16,16,1,0,false,false,6,2384.0
examples/regalloc/361-mbb-machinebasicblock-removesuccessor-n11-d16.pbqp,16,16,16,0,false,false,15,6326.0
examples/regalloc/361-mbb-machinebasicblock-removesuccessor-n11-d16.pbqp,16,15,16,0,true,false,1,471.0
examples/regalloc/361-mbb-machinebasicblock-removesuccessor-n11-d16.pbqp,15,15,1,0,false,true,14,1344.0
examples/regalloc/361-mbb-machinebasicblock-removesuccessor-n11-d16.pbqp,15,14,1,2,true,false,1,454.0
examples/regalloc/362-mbb-machinebasicblock-findprevdebugloc-n8-d16.pbqp,15,16,16,0,false,false,1,403.0
examples/regalloc/362-mbb-machinebasicblock-findprevdebugloc-n8-d16.pbqp,16,15,1,0,false,false,1,348.0
examples/regalloc/362-mbb-machinebasicblock-findprevdebugloc-n8-d16.pbqp,16,16,16,0,false,false,4,1439.0
examples/regalloc/362-mbb-machinebasicblock-findprevdebugloc-n8-d16.pbqp,16,16,16,0,false,true,16,1543.0
examples/regalloc/362-mbb-machinebasicblock-findprevdebugloc-n8-d16.pbqp,16,16,1,0,true,false,1,420.0
examples/regalloc/363-mbb-machinebasicblock-removefromparent-n7-d17.pbqp,16,16,17,0,false,true,16,1544.0
examples/regalloc/363-mbb-machinebasicblock-removefromparent-n7-d17.pbqp,16,16,1,0,false,false,2,650.0
examples/regalloc/363-mbb-machinebasicblock-removefromparent-n7-d17.pbqp,16,16,17,0,false,false,3,1261.0
examples/regalloc/363-mbb-machinebasicblock-removefromparent-n7-d17.pbqp,16,16,17,0,true,false,1,425.0
examples/regalloc/363-mbb-machinebasicblock-removefromparent-n7-d17.pbqp,16,16,1,0,false,true,16,1554.0
examples/regalloc/363-mbb-machinebasicblock-removefromparent-n7-d17.pbqp,16,16,1,0,true,false,1,330.0
examples/regalloc/364-mbb-machinebasicblock-replacesuccessor-n35-d16.pbqp,16,7,1,0,false,false,76,20511.0
examples/regalloc/364-mbb-machinebasicblock-replacesuccessor-n35-d16.pbqp,16,16,16,0,false,false,35,14080.0
examples/regalloc/364-mbb-machinebasicblock-replacesuccessor-n35-d16.pbqp,16,16,1,0,false,false,40,15415.0
examples/regalloc/364-mbb-machinebasicblock-replacesuccessor-n35-d16.pbqp,16,15,1,0,false,false,13,4858.0
examples/regalloc/364-mbb-machinebasicblock-replacesuccessor-n35-d16.pbqp,16,14,1,0,false,false,6,2410.0
examples/regalloc/364-mbb-machinebasicblock-replacesuccessor-n35-d16.pbqp,16,7,16,0,false,false,2,549.0
examples/regalloc/364-mbb-machinebasicblock-replacesuccessor-n35-d16.pbqp,16,15,16,0,false,false,11,4505.0
examples/regalloc/364-mbb-machinebasicblock-replacesuccessor-n35-d16.pbqp,15,7,1,0,false,false,4,1046.0
examples/regalloc/364-mbb-machinebasicblock-replacesuccessor-n35-d16.pbqp,16,14,16,0,false,false,1,448.0
examples/regalloc/364-mbb-machinebasicblock-replacesuccessor-n35-d16.pbqp,14,16,1,0,false,false,1,402.0
examples/regalloc/364-mbb-machinebasicblock-replacesuccessor-n35-d16.pbqp,14,7,1,0,false,false,4,990.0
examples/regalloc/364-mbb-machinebasicblock-replacesuccessor-n35-d16.pbqp,14,15,16,0,false,false,1,425.0
examples/regalloc/364-mbb-machinebasicblock-replacesuccessor-n35-d16.pbqp,7,7,1,0,false,false,3,653.0
examples/regalloc/364-mbb-machinebasicblock-replacesuccessor-n35-d16.pbqp,7,7,16,0,false,false,3,716.0
examples/regalloc/364-mbb-machinebasicblock-replacesuccessor-n35-d16.pbqp,7,16,16,0,false,false,3,919.0
examples/regalloc/364-mbb-machinebasicblock-replacesuccessor-n35-d16.pbqp,7,15,16,0,false,false,3,833.0
examples/regalloc/364-mbb-machinebasicblock-replacesuccessor-n35-d16.pbqp,15,16,1,0,false,true,7,896.0
examples/regalloc/364-mbb-machinebasicblock-replacesuccessor-n35-d16.pbqp,15,7,1,0,true,false,1,290.0
examples/regalloc/365-mbb-machinebasicblock-updateterminator-n68-d16.pbqp,7,16,16,0,false,false,15,4269.0
examples/regalloc/365-mbb-machinebasicblock-updateterminator-n68-d16.pbqp,7,16,16,0,false,true,7,637.0
examples/regalloc/365-mbb-machinebasicblock-updateterminator-n68-d16.pbqp,16,7,1,0,false,false,52,15420.0
examples/regalloc/365-mbb-machinebasicblock-updateterminator-n68-d16.pbqp,16,15,16,0,false,false,1,566.0
examples/regalloc/365-mbb-machinebasicblock-updateterminator-n68-d16.pbqp,7,15,16,0,false,true,7,703.0
examples/regalloc/365-mbb-machinebasicblock-updateterminator-n68-d16.pbqp,13,7,1,0,false,false,24,6040.0
examples/regalloc/365-mbb-machinebasicblock-updateterminator-n68-d16.pbqp,14,7,1,0,false,false,24,6551.0
examples/regalloc/365-mbb-machinebasicblock-updateterminator-n68-d16.pbqp,14,15,16,0,false,false,2,744.0
examples/regalloc/365-mbb-machinebasicblock-updateterminator-n68-d16.pbqp,15,7,1,0,false,false,7,1788.0
examples/regalloc/365-mbb-machinebasicblock-updateterminator-n68-d16.pbqp,16,16,1,0,false,false,8,3507.0
examples/regalloc/365-mbb-machinebasicblock-updateterminator-n68-d16.pbqp,16,16,16,0,false,false,18,8143.0
examples/regalloc/365-mbb-machinebasicblock-updateterminator-n68-d16.pbqp,14,12,16,0,false,false,5,1951.0
examples/regalloc/365-mbb-machinebasicblock-updateterminator-n68-d16.pbqp,14,10,16,0,false,false,8,2723.0
examples/regalloc/365-mbb-machinebasicblock-updateterminator-n68-d16.pbqp,12,7,1,0,false,false,29,7300.0
examples/regalloc/365-mbb-machinebasicblock-updateterminator-n68-d16.pbqp,12,10,16,0,false,false,14,4494.0
examples/regalloc/365-mbb-machinebasicblock-updateterminator-n68-d16.pbqp,10,7,1,0,false,false,54,13122.0
examples/regalloc/365-mbb-machinebasicblock-updateterminator-n68-d16.pbqp,10,10,16,0,false,false,7,2060.0
examples/regalloc/365-mbb-machinebasicblock-updateterminator-n68-d16.pbqp,10,14,16,0,false,false,1,406.0
examples/regalloc/365-mbb-machinebasicblock-updateterminator-n68-d16.pbqp,10,13,16,0,false,false,1,367.0
examples/regalloc/365-mbb-machinebasicblock-updateterminator-n68-d16.pbqp,10,12,16,0,false,false,1,305.0
examples/regalloc/365-mbb-machinebasicblock-updateterminator-n68-d16.pbqp,14,13,16,0,false,false,1,470.0
examples/regalloc/365-mbb-machinebasicblock-updateterminator-n68-d16.pbqp,13,12,16,0,false,false,1,351.0
examples/regalloc/365-mbb-machinebasicblock-updateterminator-n68-d16.pbqp,14,11,16,0,false,false,3,1085.0
examples/regalloc/365-mbb-machinebasicblock-updateterminator-n68-d16.pbqp,12,11,16,0,false,false,4,1389.0
examples/regalloc/365-mbb-machinebasicblock-updateterminator-n68-d16.pbqp,11,7,1,0,false,false,14,3304.0
examples/regalloc/365-mbb-machinebasicblock-updateterminator-n68-d16.pbqp,11,10,16,0,false,false,8,2456.0
examples/regalloc/365-mbb-machinebasicblock-updateterminator-n68-d16.pbqp,7,7,1,0,false,false,4,897.0
examples/regalloc/365-mbb-machinebasicblock-updateterminator-n68-d16.pbqp,7,7,16,0,false,false,1,202.0
examples/regalloc/365-mbb-machinebasicblock-updateterminator-n68-d16.pbqp,16,7,1,0,false,true,7,893.0
examples/regalloc/365-mbb-machinebasicblock-updateterminator-n68-d16.pbqp,16,7,1,2,true,false,1,455.0
examples/regalloc/366-mbb-machinebasicblock-skipphisandlabels-n9-d16.pbqp,7,16,16,0,false,true,7,648.0
examples/regalloc/366-mbb-machinebasicblock-skipphisandlabels-n9-d16.pbqp,16,7,1,0,false,false,5,1103.0
examples/regalloc/366-mbb-machinebasicblock-skipphisandlabels-n9-d16.pbqp,16,15,16,0,false,false,1,381.0
examples/regalloc/366-mbb-machinebasicblock-skipphisandlabels-n9-d16.pbqp,7,15,16,0,false,true,7,551.0
examples/regalloc/366-mbb-machinebasicblock-skipphisandlabels-n9-d16.pbqp,13,7,1,0,false,false,3,524.0
examples/regalloc/366-mbb-machinebasicblock-skipphisandlabels-n9-d16.pbqp,7,7,1,0,false,false,2,284.0
examples/regalloc/366-mbb-machinebasicblock-skipphisandlabels-n9-d16.pbqp,7,16,16,0,false,false,1,193.0
examples/regalloc/366-mbb-machinebasicblock-skipphisandlabels-n9-d16.pbqp,16,7,1,0,false,true,7,610.0
examples/regalloc/366-mbb-machinebasicblock-skipphisandlabels-n9-d16.pbqp,7,16,16,2,true,false,1,213.0
examples/regalloc/367-mbb-machinebasicblock-splitcriticaledge-n104-d17.pbqp,17,17,17,0,false,false,3,1971.0
examples/regalloc/367-mbb-machinebasicblock-splitcriticaledge-n104-d17.pbqp,17,17,1,0,false,true,68,7592.0
examples/regalloc/367-mbb-machinebasicblock-splitcriticaledge-n104-d17.pbqp,17,17,1,0,false,false,1,430.0
examples/regalloc/367-mbb-machinebasicblock-splitcriticaledge-n104-d17.pbqp,17,17,17,0,false,true,17,2009.0
examples/regalloc/367-mbb-machinebasicblock-splitcriticaledge-n104-d17.pbqp,17,17,1,0,true,true,17,2012.0
examples/regalloc/367-mbb-machinebasicblock-splitcriticaledge-n104-d17.pbqp,17,17,1,0,true,false,3,1374.0
examples/regalloc/367-mbb-machinebasicblock-splitcriticaledge-n104-d17.pbqp,14,7,1,0,false,false,4,1090.0
examples/regalloc/367-mbb-machinebasicblock-splitcriticaledge-n104-d17.pbqp,16,7,1,0,false,false,283,78137.0
examples/regalloc/367-mbb-machinebasicblock-splitcriticaledge-n104-d17.pbqp,16,15,17,0,false,false,4,2006.0
examples/regalloc/367-mbb-machinebasicblock-splitcriticaledge-n104-d17.pbqp,15,7,1,0,false,false,20,5559.0
examples/regalloc/367-mbb-machinebasicblock-splitcriticaledge-n104-d17.pbqp,7,7,1,0,false,false,18,4149.0
examples/regalloc/367-mbb-machinebasicblock-splitcriticaledge-n104-d17.pbqp,7,16,17,0,false,false,21,6099.0
examples/regalloc/367-mbb-machinebasicblock-splitcriticaledge-n104-d17.pbqp,7,15,17,0,false,false,1,344.0
examples/regalloc/367-mbb-machinebasicblock-splitcriticaledge-n104-d17.pbqp,7,13,1,0,false,false,1,404.0
examples/regalloc/367-mbb-machinebasicblock-splitcriticaledge-n104-d17.pbqp,7,7,17,0,false,false,2,579.0
examples/regalloc/367-mbb-machinebasicblock-splitcriticaledge-n104-d17.pbqp,16,16,1,0,false,false,496,192624.0
examples/regalloc/367-mbb-machinebasicblock-splitcriticaledge-n104-d17.pbqp,13,7,1,0,false,false,2,585.0
examples/regalloc/367-mbb-machinebasicblock-splitcriticaledge-n104-d17.pbqp,13,7,17,0,false,false,2,622.0
examples/regalloc/367-mbb-machinebasicblock-splitcriticaledge-n104-d17.pbqp,13,16,17,0,false,false,5,2086.0
examples/regalloc/367-mbb-machinebasicblock-splitcriticaledge-n104-d17.pbqp,16,16,17,0,false,false,108,47471.0
examples/regalloc/367-mbb-machinebasicblock-splitcriticaledge-n104-d17.pbqp,16,16,17,0,false,true,16,1799.0
examples/regalloc/367-mbb-machinebasicblock-splitcriticaledge-n104-d17.pbqp,16,16,17,0,true,false,1,587.0
examples/regalloc/368-mbb-machinebasicblock-splitcriticaledge-n301-d17.pbqp,7,16,17,0,false,true,7,1858.0
examples/regalloc/368-mbb-machinebasicblock-splitcriticaledge-n301-d17.pbqp,16,7,1,0,false,false,2656,746388.0
examples/regalloc/368-mbb-machinebasicblock-splitcriticaledge-n301-d17.pbqp,14,7,1,0,false,false,76,20152.0
examples/regalloc/368-mbb-machinebasicblock-splitcriticaledge-n301-d17.pbqp,16,16,1,0,false,false,106,53107.0
examples/regalloc/368-mbb-machinebasicblock-splitcriticaledge-n301-d17.pbqp,16,14,1,0,false,false,7,4161.0
examples/regalloc/368-mbb-machinebasicblock-splitcriticaledge-n301-d17.pbqp,16,16,17,0,false,false,94,48852.0
examples/regalloc/368-mbb-machinebasicblock-splitcriticaledge-n301-d17.pbqp,16,7,17,0,false,false,18,6589.0
examples/regalloc/368-mbb-machinebasicblock-splitcriticaledge-n301-d17.pbqp,16,15,17,0,false,false,4,2575.0
examples/regalloc/368-mbb-machinebasicblock-splitcriticaledge-n301-d17.pbqp,15,7,1,0,false,false,156,41765.0
examples/regalloc/368-mbb-machinebasicblock-splitcriticaledge-n301-d17.pbqp,15,16,17,0,false,false,12,6392.0
examples/regalloc/368-mbb-machinebasicblock-splitcriticaledge-n301-d17.pbqp,16,14,17,0,false,false,1,666.0
examples/regalloc/368-mbb-machinebasicblock-splitcriticaledge-n301-d17.pbqp,7,7,1,0,false,false,1268,290064.0
examples/regalloc/368-mbb-machinebasicblock-splitcriticaledge-n301-d17.pbqp,7,7,17,0,false,false,469,141135.0
examples/regalloc/368-mbb-machinebasicblock-splitcriticaledge-n301-d17.pbqp,7,16,17,0,false,false,217,74270.0
examples/regalloc/368-mbb-machinebasicblock-splitcriticaledge-n301-d17.pbqp,14,12,17,0,false,false,1,592.0
examples/regalloc/368-mbb-machinebasicblock-splitcriticaledge-n301-d17.pbqp,14,11,17,0,false,false,1,578.0
examples/regalloc/368-mbb-machinebasicblock-splitcriticaledge-n301-d17.pbqp,12,7,1,0,false,false,26,7057.0
examples/regalloc/368-mbb-machinebasicblock-splitcriticaledge-n301-d17.pbqp,12,11,17,0,false,false,2,915.0
examples/regalloc/368-mbb-machinebasicblock-splitcriticaledge-n301-d17.pbqp,11,7,1,0,false,false,26,6551.0
examples/regalloc/368-mbb-machinebasicblock-splitcriticaledge-n301-d17.pbqp,14,15,1,0,false,false,2,1430.0
examples/regalloc/368-mbb-machinebasicblock-splitcriticaledge-n301-d17.pbqp,15,16,1,0,false,false,4,2338.0
examples/regalloc/368-mbb-machinebasicblock-splitcriticaledge-n301-d17.pbqp,7,15,17,0,false,false,5,2362.0
examples/regalloc/368-mbb-machinebasicblock-splitcriticaledge-n301-d17.pbqp,7,12,17,0,false,false,1,588.0
examples/regalloc/368-mbb-machinebasicblock-splitcriticaledge-n301-d17.pbqp,7,11,17,0,false,false,1,402.0
examples/regalloc/368-mbb-machinebasicblock-splitcriticaledge-n301-d17.pbqp,7,10,17,0,false,false,1,361.0
examples/regalloc/368-mbb-machinebasicblock-splitcriticaledge-n301-d17.pbqp,12,10,17,0,false,false,1,477.0
examples/regalloc/368-mbb-machinebasicblock-splitcriticaledge-n301-d17.pbqp,12,16,17,0,false,false,1,449.0
examples/regalloc/368-mbb-machinebasicblock-splitcriticaledge-n301-d17.pbqp,11,10,17,0,false,false,1,427.0
examples/regalloc/368-mbb-machinebasicblock-splitcriticaledge-n301-d17.pbqp,11,16,17,0,false,false,1,412.0
examples/regalloc/368-mbb-machinebasicblock-splitcriticaledge-n301-d17.pbqp,10,7,1,0,false,false,16,3542.0
examples/regalloc/368-mbb-machinebasicblock-splitcriticaledge-n301-d17.pbqp,10,16,17,0,false,false,1,388.0
examples/regalloc/368-mbb-machinebasicblock-splitcriticaledge-n301-d17.pbqp,16,15,1,0,false,false,1,659.0
examples/regalloc/368-mbb-machinebasicblock-splitcriticaledge-n301-d17.pbqp,7,14,17,0,false,false,3,1231.0
examples/regalloc/368-mbb-machinebasicblock-splitcriticaledge-n301-d17.pbqp,15,14,17,0,false,false,1,567.0
examples/regalloc/368-mbb-machinebasicblock-splitcriticaledge-n301-d17.pbqp,14,16,1,0,false,false,2,937.0
examples/regalloc/368-mbb-machinebasicblock-splitcriticaledge-n301-d17.pbqp,7,7,1,0,true,false,1,203.0
examples/regalloc/368-mbb-machinebasicblock-splitcriticaledge-n301-d17.pbqp,7,7,1,0,false,true,7,1042.0
examples/regalloc/368-mbb-machinebasicblock-splitcriticaledge-n301-d17.pbqp,7,7,1,2,true,false,1,725.0
examples/regalloc/369-mbb-machinebasicblock-splitcriticaledge-n423-d17-r1.pbqp,7,16,17,0,false,false,123,42824.0
examples/regalloc/369-mbb-machinebasicblock-splitcriticaledge-n423-d17-r1.pbqp,16,16,1,0,false,false,150,68040.0
examples/regalloc/369-mbb-machinebasicblock-splitcriticaledge-n423-d17-r1.pbqp,16,16,1,0,false,true,104,14337.0
examples/regalloc/369-mbb-machinebasicblock-splitcriticaledge-n423-d17-r1.pbqp,7,16,17,0,false,true,405,37737.0
examples/regalloc/369-mbb-machinebasicblock-splitcriticaledge-n423-d17-r1.pbqp,16,15,1,0,false,true,7,1267.0
examples/regalloc/369-mbb-machinebasicblock-splitcriticaledge-n423-d17-r1.pbqp,7,14,17,0,false,true,22,2056.0
examples/regalloc/369-mbb-machinebasicblock-splitcriticaledge-n423-d17-r1.pbqp,15,16,17,0,false,true,16,1959.0
examples/regalloc/369-mbb-machinebasicblock-splitcriticaledge-n423-d17-r1.pbqp,14,15,1,0,false,true,16,1844.0
examples/regalloc/369-mbb-machinebasicblock-splitcriticaledge-n423-d17-r1.pbqp,14,16,17,0,true,false,2,857.0
examples/regalloc/369-mbb-machinebasicblock-splitcriticaledge-n423-d17-r1.pbqp,16,16,17,0,false,true,64,7969.0
examples/regalloc/369-mbb-machinebasicblock-splitcriticaledge-n423-d17-r1.pbqp,15,16,1,0,false,false,5,2174.0
examples/regalloc/369-mbb-machinebasicblock-splitcriticaledge-n423-d17-r1.pbqp,11,14,1,0,false,true,12,1427.0
examples/regalloc/369-mbb-machinebasicblock-splitcriticaledge-n423-d17-r1.pbqp,7,16,1,0,false,false,1,316.0
examples/regalloc/369-mbb-machinebasicblock-splitcriticaledge-n423-d17-r1.pbqp,7,16,17,0,true,false,10,3905.0
examples/regalloc/369-mbb-machinebasicblock-splitcriticaledge-n423-d17-r1.pbqp,11,13,17,0,false,true,12,1540.0
examples/regalloc/369-mbb-machinebasicblock-splitcriticaledge-n423-d17-r1.pbqp,13,12,1,0,false,true,11,1444.0
examples/regalloc/369-mbb-machinebasicblock-splitcriticaledge-n423-d17-r1.pbqp,13,11,1,0,true,false,1,538.0
examples/regalloc/369-mbb-machinebasicblock-splitcriticaledge-n423-d17-r1.pbqp,16,16,17,0,true,false,1,522.0
examples/regalloc/369-mbb-machinebasicblock-splitcriticaledge-n423-d17-r1.pbqp,16,16,17,0,false,false,117,55449.0
examples/regalloc/369-mbb-machinebasicblock-splitcriticaledge-n423-d17-r1.pbqp,14,16,17,0,false,false,4,1972.0
examples/regalloc/369-mbb-machinebasicblock-splitcriticaledge-n423-d17-r1.pbqp,16,7,1,0,false,false,599,182930.0
examples/regalloc/369-mbb-machinebasicblock-splitcriticaledge-n423-d17-r1.pbqp,16,14,1,0,false,false,3,1919.0
examples/regalloc/369-mbb-machinebasicblock-splitcriticaledge-n423-d17-r1.pbqp,16,15,17,0,false,false,2,1368.0
examples/regalloc/369-mbb-machinebasicblock-splitcriticaledge-n423-d17-r1.pbqp,7,15,17,0,false,true,7,832.0
examples/regalloc/369-mbb-machinebasicblock-splitcriticaledge-n423-d17-r1.pbqp,7,7,1,0,true,false,7,2454.0
examples/regalloc/369-mbb-machinebasicblock-splitcriticaledge-n423-d17-r1.pbqp,7,14,17,0,false,false,6,1998.0
examples/regalloc/369-mbb-machinebasicblock-splitcriticaledge-n423-d17-r1.pbqp,14,16,1,0,false,true,7,961.0
examples/regalloc/369-mbb-machinebasicblock-splitcriticaledge-n423-d17-r1.pbqp,7,14,17,0,true,false,1,410.0
examples/regalloc/369-mbb-machinebasicblock-splitcriticaledge-n423-d17-r1.pbqp,15,7,1,0,true,false,1,347.0
examples/regalloc/369-mbb-machinebasicblock-splitcriticaledge-n423-d17-r1.pbqp,15,16,17,0,false,false,10,4291.0
examples/regalloc/369-mbb-machinebasicblock-splitcriticaledge-n423-d17-r1.pbqp,7,16,1,0,false,true,7,879.0
examples/regalloc/369-mbb-machinebasicblock-splitcriticaledge-n423-d17-r1.pbqp,14,16,17,0,false,true,16,2076.0
examples/regalloc/369-mbb-machinebasicblock-splitcriticaledge-n423-d17-r1.pbqp,16,7,17,0,true,false,1,461.0
examples/regalloc/369-mbb-machinebasicblock-splitcriticaledge-n423-d17-r1.pbqp,7,7,17,0,false,false,49,13057.0
examples/regalloc/369-mbb-machinebasicblock-splitcriticaledge-n423-d17-r1.pbqp,7,7,1,0,false,false,80,21440.0
examples/regalloc/369-mbb-machinebasicblock-splitcriticaledge-n423-d17-r1.pbqp,16,16,1,0,true,false,3,1469.0
examples/regalloc/369-mbb-machinebasicblock-splitcriticaledge-n423-d17-r1.pbqp,16,7,17,0,false,false,8,3094.0
examples/regalloc/369-mbb-machinebasicblock-splitcriticaledge-n423-d17-r1.pbqp,15,7,1,0,false,false,22,6725.0
examples/regalloc/369-mbb-machinebasicblock-splitcriticaledge-n423-d17-r1.pbqp,7,7,1,0,false,true,21,2325.0
examples/regalloc/369-mbb-machinebasicblock-splitcriticaledge-n423-d17-r1.pbqp,7,7,17,2,true,false,2,1135.0
examples/regalloc/369-mbb-machinebasicblock-splitcriticaledge-n423-d17-r1.pbqp,7,15,17,0,false,false,5,2015.0
examples/regalloc/369-mbb-machinebasicblock-splitcriticaledge-n423-d17-r1.pbqp,7,7,17,0,true,false,4,1292.0
examples/regalloc/369-mbb-machinebasicblock-splitcriticaledge-n423-d17-r1.pbqp,16,7,1,0,false,true,14,1890.0
examples/regalloc/369-mbb-machinebasicblock-splitcriticaledge-n423-d17-r1.pbqp,16,7,1,2,true,false,1,712.0
examples/regalloc/369-mbb-machinebasicblock-splitcriticaledge-n423-d17-r1.pbqp,7,7,17,0,false,true,14,1553.0
examples/regalloc/369-mbb-machinebasicblock-splitcriticaledge-n423-d17-r1.pbqp,7,7,17,2,true,true,7,1102.0
examples/regalloc/369-mbb-machinebasicblock-splitcriticaledge-n423-d17-r1.pbqp,7,7,1,2,true,false,3,1798.0
examples/regalloc/369-mbb-machinebasicblock-splitcriticaledge-n423-d17-r1.pbqp,7,16,17,2,true,false,1,688.0
examples/regalloc/369-mbb-machinebasicblock-splitcriticaledge-n423-d17-r1.pbqp,7,12,17,0,false,false,4,1480.0
examples/regalloc/369-mbb-machinebasicblock-splitcriticaledge-n423-d17-r1.pbqp,7,11,17,0,false,false,4,1277.0
examples/regalloc/369-mbb-machinebasicblock-splitcriticaledge-n423-d17-r1.pbqp,7,10,17,0,false,false,4,1097.0
examples/regalloc/369-mbb-machinebasicblock-splitcriticaledge-n423-d17-r1.pbqp,12,11,17,0,false,false,1,542.0
examples/regalloc/369-mbb-machinebasicblock-splitcriticaledge-n423-d17-r1.pbqp,12,10,17,0,false,false,1,489.0
examples/regalloc/369-mbb-machinebasicblock-splitcriticaledge-n423-d17-r1.pbqp,12,16,17,0,false,false,1,450.0
examples/regalloc/369-mbb-machinebasicblock-splitcriticaledge-n423-d17-r1.pbqp,16,11,1,0,false,true,10,1506.0
examples/regalloc/369-mbb-machinebasicblock-splitcriticaledge-n423-d17-r1.pbqp,16,10,1,0,true,false,1,648.0
examples/regalloc/369-mbb-machinebasicblock-splitcriticaledge-n423-d17-r1.pbqp,15,14,17,0,false,false,1,592.0
examples/regalloc/369-mbb-machinebasicblock-splitcriticaledge-n423-d17-r1.pbqp,14,16,1,0,false,false,2,830.0
examples/regalloc/369-mbb-machinebasicblock-splitcriticaledge-n423-d17-r1.pbqp,14,7,1,0,false,false,3,804.0
examples/regalloc/369-mbb-machinebasicblock-splitcriticaledge-n423-d17-r1.pbqp,16,15,1,0,false,false,1,698.0
examples/regalloc/370-mbb-machinebasicblock-removepredecessor-n13-d16.pbqp,16,15,1,0,false,false,8,2801.0
examples/regalloc/370-mbb-machinebasicblock-removepredecessor-n13-d16.pbqp,16,14,1,0,false,false,6,2145.0
examples/regalloc/370-mbb-machinebasicblock-removepredecessor-n13-d16.pbqp,16,7,1,0,false,false,8,2040.0
examples/regalloc/370-mbb-machinebasicblock-removepredecessor-n13-d16.pbqp,16,16,1,0,false,false,6,2277.0
examples/regalloc/370-mbb-machinebasicblock-removepredecessor-n13-d16.pbqp,16,16,16,0,false,false,16,6185.0
examples/regalloc/370-mbb-machinebasicblock-removepredecessor-n13-d16.pbqp,16,14,16,0,false,false,1,392.0
examples/regalloc/370-mbb-machinebasicblock-removepredecessor-n13-d16.pbqp,16,15,16,0,false,false,6,2392.0
examples/regalloc/370-mbb-machinebasicblock-removepredecessor-n13-d16.pbqp,14,15,1,0,false,false,1,319.0
examples/regalloc/370-mbb-machinebasicblock-removepredecessor-n13-d16.pbqp,14,16,1,0,false,false,1,318.0
examples/regalloc/370-mbb-machinebasicblock-removepredecessor-n13-d16.pbqp,14,7,1,0,false,false,1,219.0
examples/regalloc/370-mbb-machinebasicblock-removepredecessor-n13-d16.pbqp,14,15,16,0,false,false,1,350.0
examples/regalloc/370-mbb-machinebasicblock-removepredecessor-n13-d16.pbqp,7,15,1,0,false,false,1,239.0
examples/regalloc/370-mbb-machinebasicblock-removepredecessor-n13-d16.pbqp,7,16,16,0,false,false,1,248.0
examples/regalloc/370-mbb-machinebasicblock-removepredecessor-n13-d16.pbqp,7,15,16,0,false,false,1,237.0
examples/regalloc/370-mbb-machinebasicblock-removepredecessor-n13-d16.pbqp,15,15,1,0,false,true,16,1415.0
examples/regalloc/370-mbb-machinebasicblock-removepredecessor-n13-d16.pbqp,15,16,1,2,true,false,1,455.0
examples/regalloc/371-mbb-machinebasicblock-rfindprevdebugloc-n6-d16.pbqp,16,15,1,0,false,false,1,320.0
examples/regalloc/371-mbb-machinebasicblock-rfindprevdebugloc-n6-d16.pbqp,16,16,16,0,false,false,3,1035.0
examples/regalloc/371-mbb-machinebasicblock-rfindprevdebugloc-n6-d16.pbqp,16,16,16,0,false,true,16,1496.0
examples/regalloc/371-mbb-machinebasicblock-rfindprevdebugloc-n6-d16.pbqp,16,16,1,0,true,false,1,374.0
examples/regalloc/372-mbb-machinebasicblock-sortuniqueliveins-n50-d17.pbqp,16,16,1,0,false,false,28,11685.0
examples/regalloc/372-mbb-machinebasicblock-sortuniqueliveins-n50-d17.pbqp,16,7,1,0,false,false,106,28985.0
examples/regalloc/372-mbb-machinebasicblock-sortuniqueliveins-n50-d17.pbqp,14,7,1,0,false,false,8,1967.0
examples/regalloc/372-mbb-machinebasicblock-sortuniqueliveins-n50-d17.pbqp,7,7,1,0,false,false,17,3353.0
examples/regalloc/372-mbb-machinebasicblock-sortuniqueliveins-n50-d17.pbqp,7,7,17,0,false,false,11,2351.0
examples/regalloc/372-mbb-machinebasicblock-sortuniqueliveins-n50-d17.pbqp,16,16,17,0,false,false,8,3689.0
examples/regalloc/372-mbb-machinebasicblock-sortuniqueliveins-n50-d17.pbqp,7,16,17,0,false,true,23,1914.0
examples/regalloc/372-mbb-machinebasicblock-sortuniqueliveins-n50-d17.pbqp,7,16,17,0,true,false,1,315.0
examples/regalloc/372-mbb-machinebasicblock-sortuniqueliveins-n50-d17.pbqp,14,16,1,0,false,false,1,367.0
examples/regalloc/372-mbb-machinebasicblock-sortuniqueliveins-n50-d17.pbqp,14,16,17,0,false,false,1,423.0
examples/regalloc/372-mbb-machinebasicblock-sortuniqueliveins-n50-d17.pbqp,7,16,1,0,false,false,2,525.0
examples/regalloc/372-mbb-machinebasicblock-sortuniqueliveins-n50-d17.pbqp,7,16,17,0,false,false,11,3302.0
examples/regalloc/372-mbb-machinebasicblock-sortuniqueliveins-n50-d17.pbqp,7,7,1,0,true,false,1,268.0
examples/regalloc/373-mbb-machinebasicblock-sortuniqueliveins-n54-d17-r1.pbqp,7,16,17,0,false,false,10,2689.0
examples/regalloc/373-mbb-machinebasicblock-sortuniqueliveins-n54-d17-r1.pbqp,16,16,17,0,false,false,10,4213.0
examples/regalloc/373-mbb-machinebasicblock-sortuniqueliveins-n54-d17-r1.pbqp,16,16,1,0,false,false,26,10698.0
examples/regalloc/373-mbb-machinebasicblock-sortuniqueliveins-n54-d17-r1.pbqp,16,7,1,0,false,false,78,21273.0
examples/regalloc/373-mbb-machinebasicblock-sortuniqueliveins-n54-d17-r1.pbqp,14,7,1,0,false,false,6,1411.0
examples/regalloc/373-mbb-machinebasicblock-sortuniqueliveins-n54-d17-r1.pbqp,7,7,1,0,false,false,12,2447.0
examples/regalloc/373-mbb-machinebasicblock-sortuniqueliveins-n54-d17-r1.pbqp,7,7,17,0,false,false,7,1434.0
examples/regalloc/373-mbb-machinebasicblock-sortuniqueliveins-n54-d17-r1.pbqp,7,16,17,0,false,true,14,1280.0
examples/regalloc/373-mbb-machinebasicblock-sortuniqueliveins-n54-d17-r1.pbqp,16,16,17,0,false,true,16,1702.0
examples/regalloc/373-mbb-machinebasicblock-sortuniqueliveins-n54-d17-r1.pbqp,16,16,17,0,true,false,1,461.0
examples/regalloc/373-mbb-machinebasicblock-sortuniqueliveins-n54-d17-r1.pbqp,14,16,1,0,false,false,1,373.0
examples/regalloc/373-mbb-machinebasicblock-sortuniqueliveins-n54-d17-r1.pbqp,14,16,17,0,false,false,1,387.0
examples/regalloc/373-mbb-machinebasicblock-sortuniqueliveins-n54-d17-r1.pbqp,7,16,1,0,false,false,2,506.0
examples/regalloc/373-mbb-machinebasicblock-sortuniqueliveins-n54-d17-r1.pbqp,7,7,1,0,true,false,2,429.0
examples/regalloc/374-mbb-machinebasicblock-findbranchdebugloc-n16-d16.pbqp,16,7,1,0,false,false,28,7454.0
examples/regalloc/374-mbb-machinebasicblock-findbranchdebugloc-n16-d16.pbqp,15,7,1,0,false,false,3,677.0
examples/regalloc/374-mbb-machinebasicblock-findbranchdebugloc-n16-d16.pbqp,16,7,16,0,false,false,1,277.0
examples/regalloc/374-mbb-machinebasicblock-findbranchdebugloc-n16-d16.pbqp,16,16,16,0,false,false,4,1722.0
examples/regalloc/374-mbb-machinebasicblock-findbranchdebugloc-n16-d16.pbqp,7,7,1,0,false,true,7,486.0
examples/regalloc/374-mbb-machinebasicblock-findbranchdebugloc-n16-d16.pbqp,7,7,16,2,true,false,1,236.0
examples/regalloc/374-mbb-machinebasicblock-findbranchdebugloc-n16-d16.pbqp,7,7,16,0,false,false,1,216.0
examples/regalloc/374-mbb-machinebasicblock-findbranchdebugloc-n16-d16.pbqp,7,16,16,0,false,false,2,544.0
examples/regalloc/374-mbb-machinebasicblock-findbranchdebugloc-n16-d16.pbqp,7,16,16,0,false,true,7,657.0
examples/regalloc/374-mbb-machinebasicblock-findbranchdebugloc-n16-d16.pbqp,7,7,1,0,true,false,1,210.0
examples/regalloc/375-mbb-machinebasicblock-getfirstterminator-n16-d16.pbqp,7,16,16,0,false,true,21,1770.0
examples/regalloc/375-mbb-machinebasicblock-getfirstterminator-n16-d16.pbqp,16,7,1,0,false,false,19,4442.0
examples/regalloc/375-mbb-machinebasicblock-getfirstterminator-n16-d16.pbqp,16,16,16,0,false,false,2,751.0
examples/regalloc/375-mbb-machinebasicblock-getfirstterminator-n16-d16.pbqp,16,16,1,0,false,false,2,776.0
examples/regalloc/375-mbb-machinebasicblock-getfirstterminator-n16-d16.pbqp,7,7,1,0,false,false,1,112.0
examples/regalloc/375-mbb-machinebasicblock-getfirstterminator-n16-d16.pbqp,7,7,16,0,false,false,1,178.0
examples/regalloc/375-mbb-machinebasicblock-getfirstterminator-n16-d16.pbqp,7,16,16,0,false,false,9,2031.0
examples/regalloc/375-mbb-machinebasicblock-getfirstterminator-n16-d16.pbqp,7,7,16,0,true,false,1,206.0
examples/regalloc/375-mbb-machinebasicblock-getfirstterminator-n16-d16.pbqp,16,16,1,0,false,true,16,1688.0
examples/regalloc/375-mbb-machinebasicblock-getfirstterminator-n16-d16.pbqp,16,16,16,0,true,false,1,444.0
examples/regalloc/376-mbb-machinebasicblock-replacephiuseswith-n18-d16.pbqp,16,16,1,0,false,false,38,14471.0
examples/regalloc/376-mbb-machinebasicblock-replacephiuseswith-n18-d16.pbqp,16,15,1,0,false,false,10,3788.0
examples/regalloc/376-mbb-machinebasicblock-replacephiuseswith-n18-d16.pbqp,16,14,1,0,false,false,10,3643.0
examples/regalloc/376-mbb-machinebasicblock-replacephiuseswith-n18-d16.pbqp,16,16,16,0,false,false,15,6455.0
examples/regalloc/376-mbb-machinebasicblock-replacephiuseswith-n18-d16.pbqp,15,14,1,0,false,false,1,339.0
examples/regalloc/376-mbb-machinebasicblock-replacephiuseswith-n18-d16.pbqp,15,16,16,0,false,false,6,2440.0
examples/regalloc/376-mbb-machinebasicblock-replacephiuseswith-n18-d16.pbqp,14,16,16,0,false,false,6,2314.0
examples/regalloc/376-mbb-machinebasicblock-replacephiuseswith-n18-d16.pbqp,16,16,1,0,false,true,16,1610.0
examples/regalloc/376-mbb-machinebasicblock-replacephiuseswith-n18-d16.pbqp,16,16,16,2,true,false,1,441.0
examples/regalloc/377-mbb-machinebasicblock-setsuccprobability-n4-d16.pbqp,16,16,1,0,false,false,1,348.0
examples/regalloc/377-mbb-machinebasicblock-setsuccprobability-n4-d16.pbqp,16,15,1,0,false,false,1,307.0
examples/regalloc/377-mbb-machinebasicblock-setsuccprobability-n4-d16.pbqp,16,14,1,0,false,false,1,309.0
examples/regalloc/377-mbb-machinebasicblock-setsuccprobability-n4-d16.pbqp,14,16,16,0,false,true,15,1242.0
examples/regalloc/377-mbb-machinebasicblock-setsuccprobability-n4-d16.pbqp,15,14,1,0,true,false,1,272.0
examples/regalloc/378-mbb-machinebasicblock-transfersuccessors-n20-d16.pbqp,16,7,1,0,false,false,42,11520.0
examples/regalloc/378-mbb-machinebasicblock-transfersuccessors-n20-d16.pbqp,16,16,16,0,false,false,18,7473.0
examples/regalloc/378-mbb-machinebasicblock-transfersuccessors-n20-d16.pbqp,16,7,16,0,false,false,1,264.0
examples/regalloc/378-mbb-machinebasicblock-transfersuccessors-n20-d16.pbqp,14,7,1,0,false,false,4,940.0
examples/regalloc/378-mbb-machinebasicblock-transfersuccessors-n20-d16.pbqp,7,7,1,0,false,false,4,778.0
examples/regalloc/378-mbb-machinebasicblock-transfersuccessors-n20-d16.pbqp,7,7,16,0,false,false,1,197.0
examples/regalloc/378-mbb-machinebasicblock-transfersuccessors-n20-d16.pbqp,7,15,16,0,false,false,2,546.0
examples/regalloc/378-mbb-machinebasicblock-transfersuccessors-n20-d16.pbqp,7,16,16,0,false,false,12,3015.0
examples/regalloc/378-mbb-machinebasicblock-transfersuccessors-n20-d16.pbqp,16,15,1,0,false,false,6,2476.0
examples/regalloc/378-mbb-machinebasicblock-transfersuccessors-n20-d16.pbqp,15,7,1,0,false,true,7,739.0
examples/regalloc/378-mbb-machinebasicblock-transfersuccessors-n20-d16.pbqp,15,7,1,2,true,false,1,386.0
examples/regalloc/379-mbb-machinebasicblock-getlastnondebugins-n8-d16.pbqp,16,16,1,0,false,false,12,4132.0
examples/regalloc/379-mbb-machinebasicblock-getlastnondebugins-n8-d16.pbqp,16,15,1,0,false,false,3,1091.0
examples/regalloc/379-mbb-machinebasicblock-getlastnondebugins-n8-d16.pbqp,16,16,16,0,false,false,3,1183.0
examples/regalloc/379-mbb-machinebasicblock-getlastnondebugins-n8-d16.pbqp,15,16,16,0,false,false,4,1513.0
examples/regalloc/379-mbb-machinebasicblock-getlastnondebugins-n8-d16.pbqp,16,16,1,0,false,true,16,1619.0
examples/regalloc/379-mbb-machinebasicblock-getlastnondebugins-n8-d16.pbqp,16,16,1,0,true,false,1,460.0
examples/regalloc/380-mbb-machinebasicblock-getfirstnondebugin-n7-d16.pbqp,16,16,1,0,false,false,6,2104.0
examples/regalloc/380-mbb-machinebasicblock-getfirstnondebugin-n7-d16.pbqp,16,15,1,0,false,false,3,1141.0
examples/regalloc/380-mbb-machinebasicblock-getfirstnondebugin-n7-d16.pbqp,16,16,16,0,false,false,3,1173.0
examples/regalloc/380-mbb-machinebasicblock-getfirstnondebugin-n7-d16.pbqp,15,16,16,0,false,false,3,1179.0
examples/regalloc/380-mbb-machinebasicblock-getfirstnondebugin-n7-d16.pbqp,16,16,16,0,false,true,16,1584.0
examples/regalloc/380-mbb-machinebasicblock-getfirstnondebugin-n7-d16.pbqp,16,16,1,0,true,false,1,400.0
examples/regalloc/381-mbb-machinebasicblock-replaceusesofblock-n15-d16.pbqp,16,7,1,0,false,false,40,13449.0
examples/regalloc/381-mbb-machinebasicblock-replaceusesofblock-n15-d16.pbqp,16,16,16,0,false,false,9,4428.0
examples/regalloc/381-mbb-machinebasicblock-replaceusesofblock-n15-d16.pbqp,16,16,1,0,false,false,2,981.0
examples/regalloc/381-mbb-machinebasicblock-replaceusesofblock-n15-d16.pbqp,7,7,1,0,false,false,3,622.0
examples/regalloc/381-mbb-machinebasicblock-replaceusesofblock-n15-d16.pbqp,7,7,16,0,false,false,2,415.0
examples/regalloc/381-mbb-machinebasicblock-replaceusesofblock-n15-d16.pbqp,7,16,16,0,false,false,2,569.0
examples/regalloc/381-mbb-machinebasicblock-replaceusesofblock-n15-d16.pbqp,16,7,1,0,false,true,7,803.0
examples/regalloc/381-mbb-machinebasicblock-replaceusesofblock-n15-d16.pbqp,16,7,1,2,true,false,1,384.0
examples/regalloc/382-mbb-machinebasicblock-skipphislabelsandd-n11-d16.pbqp,16,7,1,0,false,false,13,2984.0
examples/regalloc/382-mbb-machinebasicblock-skipphislabelsandd-n11-d16.pbqp,16,15,16,0,false,false,1,356.0
examples/regalloc/382-mbb-machinebasicblock-skipphislabelsandd-n11-d16.pbqp,15,7,1,0,false,false,4,834.0
examples/regalloc/382-mbb-machinebasicblock-skipphislabelsandd-n11-d16.pbqp,13,7,1,0,false,false,5,905.0
examples/regalloc/382-mbb-machinebasicblock-skipphislabelsandd-n11-d16.pbqp,7,7,1,0,false,false,8,1014.0
examples/regalloc/382-mbb-machinebasicblock-skipphislabelsandd-n11-d16.pbqp,7,16,16,0,false,false,3,625.0
examples/regalloc/382-mbb-machinebasicblock-skipphislabelsandd-n11-d16.pbqp,7,7,16,0,false,false,1,177.0
examples/regalloc/382-mbb-machinebasicblock-skipphislabelsandd-n11-d16.pbqp,16,7,1,0,false,true,7,601.0
examples/regalloc/382-mbb-machinebasicblock-skipphislabelsandd-n11-d16.pbqp,7,16,16,2,true,false,1,256.0
examples/regalloc/383-mbb-machinebasicblock-getprobabilityiter-n2-d16.pbqp,15,16,16,0,false,false,1,332.0
examples/regalloc/384-mbb-machinebasicblock-addsuccessorwithou-n8-d16.pbqp,7,16,16,0,false,true,21,1641.0
examples/regalloc/384-mbb-machinebasicblock-addsuccessorwithou-n8-d16.pbqp,16,7,1,0,false,false,2,436.0
examples/regalloc/384-mbb-machinebasicblock-addsuccessorwithou-n8-d16.pbqp,16,16,16,0,false,false,1,313.0
examples/regalloc/384-mbb-machinebasicblock-addsuccessorwithou-n8-d16.pbqp,7,7,16,0,true,false,1,176.0
examples/regalloc/384-mbb-machinebasicblock-addsuccessorwithou-n8-d16.pbqp,7,16,16,0,false,false,2,410.0
examples/regalloc/384-mbb-machinebasicblock-addsuccessorwithou-n8-d16.pbqp,16,16,1,0,false,true,7,800.0
examples/regalloc/384-mbb-machinebasicblock-addsuccessorwithou-n8-d16.pbqp,16,7,1,0,true,false,1,218.0
examples/regalloc/385-mbb-machinebasicblock-getfirstinstrtermi-n14-d16.pbqp,7,16,16,0,false,true,21,1835.0
examples/regalloc/385-mbb-machinebasicblock-getfirstinstrtermi-n14-d16.pbqp,16,7,1,0,false,false,16,3682.0
examples/regalloc/385-mbb-machinebasicblock-getfirstinstrtermi-n14-d16.pbqp,16,16,16,0,false,false,3,1164.0
examples/regalloc/385-mbb-machinebasicblock-getfirstinstrtermi-n14-d16.pbqp,7,7,1,0,false,false,1,171.0
examples/regalloc/385-mbb-machinebasicblock-getfirstinstrtermi-n14-d16.pbqp,7,7,16,0,false,false,1,193.0
examples/regalloc/385-mbb-machinebasicblock-getfirstinstrtermi-n14-d16.pbqp,7,16,16,0,false,false,4,916.0
examples/regalloc/385-mbb-machinebasicblock-getfirstinstrtermi-n14-d16.pbqp,7,7,16,0,true,false,1,182.0
examples/regalloc/385-mbb-machinebasicblock-getfirstinstrtermi-n14-d16.pbqp,16,16,1,0,false,true,7,910.0
examples/regalloc/385-mbb-machinebasicblock-getfirstinstrtermi-n14-d16.pbqp,7,16,16,0,true,false,1,226.0
examples/regalloc/386-mbb-machinebasicblock-getfirstterminator-n19-d16.pbqp,7,16,16,0,false,true,93,7733.0
examples/regalloc/386-mbb-machinebasicblock-getfirstterminator-n19-d16.pbqp,16,7,1,0,false,false,8,1957.0
examples/regalloc/386-mbb-machinebasicblock-getfirstterminator-n19-d16.pbqp,16,16,16,0,false,false,2,798.0
examples/regalloc/386-mbb-machinebasicblock-getfirstterminator-n19-d16.pbqp,16,16,1,0,false,false,2,664.0
examples/regalloc/386-mbb-machinebasicblock-getfirstterminator-n19-d16.pbqp,7,7,16,0,true,false,1,163.0
examples/regalloc/386-mbb-machinebasicblock-getfirstterminator-n19-d16.pbqp,7,16,16,0,false,false,2,462.0
examples/regalloc/386-mbb-machinebasicblock-getfirstterminator-n19-d16.pbqp,7,16,16,0,true,false,1,255.0
examples/regalloc/387-mbb-machinebasicblock-removeliveinoverla-n45-d17.pbqp,7,16,17,0,false,true,7,707.0
examples/regalloc/387-mbb-machinebasicblock-removeliveinoverla-n45-d17.pbqp,16,7,1,0,false,false,122,33506.0
examples/regalloc/387-mbb-machinebasicblock-removeliveinoverla-n45-d17.pbqp,16,15,17,0,false,false,1,576.0
examples/regalloc/387-mbb-machinebasicblock-removeliveinoverla-n45-d17.pbqp,7,15,17,0,false,true,7,672.0
examples/regalloc/387-mbb-machinebasicblock-removeliveinoverla-n45-d17.pbqp,16,16,17,0,false,false,32,13127.0
examples/regalloc/387-mbb-machinebasicblock-removeliveinoverla-n45-d17.pbqp,16,7,17,0,false,false,3,896.0
examples/regalloc/387-mbb-machinebasicblock-removeliveinoverla-n45-d17.pbqp,16,16,1,0,false,false,28,11468.0
examples/regalloc/387-mbb-machinebasicblock-removeliveinoverla-n45-d17.pbqp,15,14,1,0,false,false,2,817.0
examples/regalloc/387-mbb-machinebasicblock-removeliveinoverla-n45-d17.pbqp,15,16,1,0,false,false,2,774.0
examples/regalloc/387-mbb-machinebasicblock-removeliveinoverla-n45-d17.pbqp,15,7,1,0,false,false,11,2859.0
examples/regalloc/387-mbb-machinebasicblock-removeliveinoverla-n45-d17.pbqp,16,14,1,0,false,false,8,3202.0
examples/regalloc/387-mbb-machinebasicblock-removeliveinoverla-n45-d17.pbqp,7,7,1,0,false,false,12,2514.0
examples/regalloc/387-mbb-machinebasicblock-removeliveinoverla-n45-d17.pbqp,7,7,17,0,false,false,9,1881.0
examples/regalloc/387-mbb-machinebasicblock-removeliveinoverla-n45-d17.pbqp,7,14,17,0,false,false,2,501.0
examples/regalloc/387-mbb-machinebasicblock-removeliveinoverla-n45-d17.pbqp,7,16,17,0,false,false,15,4155.0
examples/regalloc/387-mbb-machinebasicblock-removeliveinoverla-n45-d17.pbqp,14,7,1,0,false,false,8,2029.0
examples/regalloc/387-mbb-machinebasicblock-removeliveinoverla-n45-d17.pbqp,14,7,17,0,false,false,1,304.0
examples/regalloc/387-mbb-machinebasicblock-removeliveinoverla-n45-d17.pbqp,14,16,17,0,false,false,2,753.0
examples/regalloc/387-mbb-machinebasicblock-removeliveinoverla-n45-d17.pbqp,16,14,17,0,false,false,3,1232.0
examples/regalloc/387-mbb-machinebasicblock-removeliveinoverla-n45-d17.pbqp,14,16,1,0,false,false,1,351.0
examples/regalloc/387-mbb-machinebasicblock-removeliveinoverla-n45-d17.pbqp,7,7,1,0,true,false,1,202.0
examples/regalloc/387-mbb-machinebasicblock-removeliveinoverla-n45-d17.pbqp,16,7,1,0,false,true,16,1341.0
examples/regalloc/387-mbb-machinebasicblock-removeliveinoverla-n45-d17.pbqp,16,16,1,2,true,false,1,750.0
examples/regalloc/388-mbb-machinebasicblock-transfersuccessors-n95-d17.pbqp,17,17,17,0,false,false,23,11241.0
examples/regalloc/388-mbb-machinebasicblock-transfersuccessors-n95-d17.pbqp,17,17,1,0,false,true,34,4263.0
examples/regalloc/388-mbb-machinebasicblock-transfersuccessors-n95-d17.pbqp,17,17,17,0,true,false,1,478.0
examples/regalloc/388-mbb-machinebasicblock-transfersuccessors-n95-d17.pbqp,17,17,1,0,false,false,23,10156.0
examples/regalloc/388-mbb-machinebasicblock-transfersuccessors-n95-d17.pbqp,16,7,1,0,false,false,84,24102.0
examples/regalloc/388-mbb-machinebasicblock-transfersuccessors-n95-d17.pbqp,16,16,17,0,false,false,51,23387.0
examples/regalloc/388-mbb-machinebasicblock-transfersuccessors-n95-d17.pbqp,16,7,17,0,false,false,1,333.0
examples/regalloc/388-mbb-machinebasicblock-transfersuccessors-n95-d17.pbqp,14,7,1,0,false,false,4,1002.0
examples/regalloc/388-mbb-machinebasicblock-transfersuccessors-n95-d17.pbqp,16,14,1,0,false,false,134,50657.0
examples/regalloc/388-mbb-machinebasicblock-transfersuccessors-n95-d17.pbqp,16,16,1,0,false,false,97,40226.0
examples/regalloc/388-mbb-machinebasicblock-transfersuccessors-n95-d17.pbqp,14,14,1,0,false,false,16,5847.0
examples/regalloc/388-mbb-machinebasicblock-transfersuccessors-n95-d17.pbqp,14,16,17,0,false,false,26,11034.0
examples/regalloc/388-mbb-machinebasicblock-transfersuccessors-n95-d17.pbqp,14,16,1,0,false,false,1,457.0
examples/regalloc/388-mbb-machinebasicblock-transfersuccessors-n95-d17.pbqp,16,14,17,0,false,false,8,3704.0
examples/regalloc/388-mbb-machinebasicblock-transfersuccessors-n95-d17.pbqp,17,17,1,0,true,false,1,516.0
examples/regalloc/388-mbb-machinebasicblock-transfersuccessors-n95-d17.pbqp,16,15,1,0,false,false,6,2675.0
examples/regalloc/388-mbb-machinebasicblock-transfersuccessors-n95-d17.pbqp,15,7,1,0,false,false,4,982.0
examples/regalloc/388-mbb-machinebasicblock-transfersuccessors-n95-d17.pbqp,7,7,1,0,false,false,5,1164.0
examples/regalloc/388-mbb-machinebasicblock-transfersuccessors-n95-d17.pbqp,7,16,17,0,false,false,16,4625.0
examples/regalloc/388-mbb-machinebasicblock-transfersuccessors-n95-d17.pbqp,7,7,17,0,false,false,1,290.0
examples/regalloc/388-mbb-machinebasicblock-transfersuccessors-n95-d17.pbqp,7,16,17,0,false,true,16,1285.0
examples/regalloc/388-mbb-machinebasicblock-transfersuccessors-n95-d17.pbqp,14,7,1,0,false,true,16,1305.0
examples/regalloc/388-mbb-machinebasicblock-transfersuccessors-n95-d17.pbqp,14,16,17,2,true,false,2,1226.0
examples/regalloc/388-mbb-machinebasicblock-transfersuccessors-n95-d17.pbqp,14,14,17,0,false,false,7,2996.0
examples/regalloc/388-mbb-machinebasicblock-transfersuccessors-n95-d17.pbqp,14,16,17,0,false,true,16,1685.0
examples/regalloc/389-mbb-machinebasicblock-removephisincoming-n5-d16.pbqp,16,7,1,0,false,false,1,244.0
examples/regalloc/389-mbb-machinebasicblock-removephisincoming-n5-d16.pbqp,16,7,16,0,false,false,2,480.0
examples/regalloc/389-mbb-machinebasicblock-removephisincoming-n5-d16.pbqp,16,16,16,0,false,false,1,332.0
examples/regalloc/389-mbb-machinebasicblock-removephisincoming-n5-d16.pbqp,7,7,16,0,false,false,2,308.0
examples/regalloc/389-mbb-machinebasicblock-removephisincoming-n5-d16.pbqp,7,16,16,0,false,false,1,173.0
examples/regalloc/389-mbb-machinebasicblock-removephisincoming-n5-d16.pbqp,7,16,16,0,false,true,7,507.0
examples/regalloc/389-mbb-machinebasicblock-removephisincoming-n5-d16.pbqp,7,7,16,0,true,false,1,173.0
examples/regalloc/390-mbb-machinebasicblock-erase-n12-d16.pbqp,7,16,16,0,false,true,21,1770.0
examples/regalloc/390-mbb-machinebasicblock-erase-n12-d16.pbqp,7,7,1,0,false,false,4,530.0
examples/regalloc/390-mbb-machinebasicblock-erase-n12-d16.pbqp,16,16,1,0,false,false,1,336.0
examples/regalloc/390-mbb-machinebasicblock-erase-n12-d16.pbqp,16,7,1,0,false,false,2,481.0
examples/regalloc/390-mbb-machinebasicblock-erase-n12-d16.pbqp,15,7,1,0,false,false,3,672.0
examples/regalloc/390-mbb-machinebasicblock-erase-n12-d16.pbqp,7,7,1,0,true,false,2,272.0
examples/regalloc/390-mbb-machinebasicblock-erase-n12-d16.pbqp,7,16,16,0,false,false,9,2306.0
examples/regalloc/390-mbb-machinebasicblock-erase-n12-d16.pbqp,16,16,1,0,false,true,16,1567.0
examples/regalloc/390-mbb-machinebasicblock-erase-n12-d16.pbqp,16,16,1,0,true,false,1,354.0
examples/regalloc/391-mbb-machinebasicblock-insert-n10-d16.pbqp,7,16,16,0,false,true,21,1735.0
examples/regalloc/391-mbb-machinebasicblock-insert-n10-d16.pbqp,16,7,1,0,false,false,2,430.0
examples/regalloc/391-mbb-machinebasicblock-insert-n10-d16.pbqp,16,16,16,0,false,false,1,407.0
examples/regalloc/391-mbb-machinebasicblock-insert-n10-d16.pbqp,7,7,1,0,false,false,2,258.0
examples/regalloc/391-mbb-machinebasicblock-insert-n10-d16.pbqp,7,15,16,0,false,false,1,239.0
examples/regalloc/391-mbb-machinebasicblock-insert-n10-d16.pbqp,7,15,16,0,false,true,7,553.0
examples/regalloc/391-mbb-machinebasicblock-insert-n10-d16.pbqp,7,7,1,0,true,false,1,144.0
examples/regalloc/391-mbb-machinebasicblock-insert-n10-d16.pbqp,7,16,16,0,false,false,2,491.0
examples/regalloc/391-mbb-machinebasicblock-insert-n10-d16.pbqp,16,7,1,0,false,true,16,1132.0
examples/regalloc/391-mbb-machinebasicblock-insert-n10-d16.pbqp,16,16,1,2,true,false,1,419.0
examples/regalloc/392-mbb-machinebasicblock-splitat-n39-d16.pbqp,7,16,16,0,false,true,14,1277.0
examples/regalloc/392-mbb-machinebasicblock-splitat-n39-d16.pbqp,15,7,1,0,false,false,12,3198.0
examples/regalloc/392-mbb-machinebasicblock-splitat-n39-d16.pbqp,16,7,1,0,false,false,137,37718.0
examples/regalloc/392-mbb-machinebasicblock-splitat-n39-d16.pbqp,14,7,1,0,false,false,7,1570.0
examples/regalloc/392-mbb-machinebasicblock-splitat-n39-d16.pbqp,16,16,1,0,false,false,12,4679.0
examples/regalloc/392-mbb-machinebasicblock-splitat-n39-d16.pbqp,7,7,1,0,false,false,55,11098.0
examples/regalloc/392-mbb-machinebasicblock-splitat-n39-d16.pbqp,7,16,16,0,false,false,17,4505.0
examples/regalloc/392-mbb-machinebasicblock-splitat-n39-d16.pbqp,16,16,16,0,false,false,9,3701.0
examples/regalloc/392-mbb-machinebasicblock-splitat-n39-d16.pbqp,16,15,16,0,false,false,1,470.0
examples/regalloc/392-mbb-machinebasicblock-splitat-n39-d16.pbqp,7,7,1,0,true,false,1,147.0
examples/regalloc/392-mbb-machinebasicblock-splitat-n39-d16.pbqp,7,7,16,0,false,false,10,2291.0
examples/regalloc/392-mbb-machinebasicblock-splitat-n39-d16.pbqp,16,7,1,0,false,true,16,1331.0
examples/regalloc/392-mbb-machinebasicblock-splitat-n39-d16.pbqp,16,16,1,2,true,false,1,651.0
examples/regalloc/393-mbb-machinebasicblock-splitat-n39-d16-r1.pbqp,7,16,16,0,false,false,17,4768.0
examples/regalloc/393-mbb-machinebasicblock-splitat-n39-d16-r1.pbqp,16,16,1,0,false,true,14,1808.0
examples/regalloc/393-mbb-machinebasicblock-splitat-n39-d16-r1.pbqp,7,15,16,0,false,true,7,692.0
examples/regalloc/393-mbb-machinebasicblock-splitat-n39-d16-r1.pbqp,7,16,16,0,false,true,7,639.0
examples/regalloc/393-mbb-machinebasicblock-splitat-n39-d16-r1.pbqp,7,16,16,0,true,false,2,574.0
examples/regalloc/393-mbb-machinebasicblock-splitat-n39-d16-r1.pbqp,14,7,1,0,false,false,3,745.0
examples/regalloc/393-mbb-machinebasicblock-splitat-n39-d16-r1.pbqp,16,7,1,0,false,false,77,20900.0
examples/regalloc/393-mbb-machinebasicblock-splitat-n39-d16-r1.pbqp,16,16,1,0,false,false,12,4582.0
examples/regalloc/393-mbb-machinebasicblock-splitat-n39-d16-r1.pbqp,16,15,16,0,false,false,1,479.0
examples/regalloc/393-mbb-machinebasicblock-splitat-n39-d16-r1.pbqp,15,7,1,0,false,false,4,920.0
examples/regalloc/393-mbb-machinebasicblock-splitat-n39-d16-r1.pbqp,7,7,1,0,false,false,19,3635.0
examples/regalloc/393-mbb-machinebasicblock-splitat-n39-d16-r1.pbqp,16,16,16,0,false,false,9,3789.0
examples/regalloc/393-mbb-machinebasicblock-splitat-n39-d16-r1.pbqp,7,7,16,0,true,false,2,482.0
examples/regalloc/393-mbb-machinebasicblock-splitat-n39-d16-r1.pbqp,7,7,16,0,false,false,5,1251.0
examples/regalloc/394-mbb-machinebasicblock-addlivein-n43-d17.pbqp,16,7,1,0,false,false,78,21282.0
examples/regalloc/394-mbb-machinebasicblock-addlivein-n43-d17.pbqp,16,7,17,0,false,false,2,570.0
examples/regalloc/394-mbb-machinebasicblock-addlivein-n43-d17.pbqp,16,16,1,0,false,false,2,735.0
examples/regalloc/394-mbb-machinebasicblock-addlivein-n43-d17.pbqp,16,16,17,0,false,false,5,2000.0
examples/regalloc/394-mbb-machinebasicblock-addlivein-n43-d17.pbqp,16,15,17,0,false,false,2,796.0
examples/regalloc/394-mbb-machinebasicblock-addlivein-n43-d17.pbqp,15,7,1,0,false,false,12,2932.0
examples/regalloc/394-mbb-machinebasicblock-addlivein-n43-d17.pbqp,14,7,1,0,false,false,13,2710.0
examples/regalloc/394-mbb-machinebasicblock-addlivein-n43-d17.pbqp,14,13,1,0,false,false,1,394.0
examples/regalloc/394-mbb-machinebasicblock-addlivein-n43-d17.pbqp,13,7,1,0,false,false,13,2898.0
examples/regalloc/394-mbb-machinebasicblock-addlivein-n43-d17.pbqp,14,16,17,0,false,false,1,400.0
examples/regalloc/394-mbb-machinebasicblock-addlivein-n43-d17.pbqp,14,14,17,0,false,false,1,390.0
examples/regalloc/394-mbb-machinebasicblock-addlivein-n43-d17.pbqp,16,14,17,0,false,false,1,440.0
examples/regalloc/394-mbb-machinebasicblock-addlivein-n43-d17.pbqp,7,7,1,0,false,false,31,6645.0
examples/regalloc/394-mbb-machinebasicblock-addlivein-n43-d17.pbqp,7,7,17,0,false,false,41,8527.0
examples/regalloc/394-mbb-machinebasicblock-addlivein-n43-d17.pbqp,7,16,17,0,false,false,8,2010.0
examples/regalloc/394-mbb-machinebasicblock-addlivein-n43-d17.pbqp,7,16,17,0,false,true,7,696.0
examples/regalloc/394-mbb-machinebasicblock-addlivein-n43-d17.pbqp,7,7,17,0,true,false,1,295.0
examples/regalloc/395-mbb-machinebasicblock-addlivein-n42-d17-r1.pbqp,7,16,17,0,false,false,6,1942.0
examples/regalloc/395-mbb-machinebasicblock-addlivein-n42-d17-r1.pbqp,16,7,1,0,false,false,66,18340.0
examples/regalloc/395-mbb-machinebasicblock-addlivein-n42-d17-r1.pbqp,16,7,17,0,false,false,1,259.0
examples/regalloc/395-mbb-machinebasicblock-addlivein-n42-d17-r1.pbqp,16,16,1,0,false,false,2,789.0
examples/regalloc/395-mbb-machinebasicblock-addlivein-n42-d17-r1.pbqp,16,16,17,0,false,false,5,2277.0
examples/regalloc/395-mbb-machinebasicblock-addlivein-n42-d17-r1.pbqp,7,16,17,0,false,true,7,679.0
examples/regalloc/395-mbb-machinebasicblock-addlivein-n42-d17-r1.pbqp,16,15,17,0,false,false,1,524.0
examples/regalloc/395-mbb-machinebasicblock-addlivein-n42-d17-r1.pbqp,15,7,1,0,false,false,4,1008.0
examples/regalloc/395-mbb-machinebasicblock-addlivein-n42-d17-r1.pbqp,14,7,1,0,false,false,10,2392.0
examples/regalloc/395-mbb-machinebasicblock-addlivein-n42-d17-r1.pbqp,14,13,1,0,false,false,1,387.0
examples/regalloc/395-mbb-machinebasicblock-addlivein-n42-d17-r1.pbqp,13,7,1,0,false,false,10,2275.0
examples/regalloc/395-mbb-machinebasicblock-addlivein-n42-d17-r1.pbqp,13,16,17,0,false,false,1,371.0
examples/regalloc/395-mbb-machinebasicblock-addlivein-n42-d17-r1.pbqp,14,16,17,0,false,false,1,374.0
examples/regalloc/395-mbb-machinebasicblock-addlivein-n42-d17-r1.pbqp,14,14,17,0,false,false,1,368.0
examples/regalloc/395-mbb-machinebasicblock-addlivein-n42-d17-r1.pbqp,16,14,17,0,false,false,1,470.0
examples/regalloc/395-mbb-machinebasicblock-addlivein-n42-d17-r1.pbqp,7,7,1,0,false,false,26,5747.0
examples/regalloc/395-mbb-machinebasicblock-addlivein-n42-d17-r1.pbqp,7,7,17,0,false,false,10,2263.0
examples/regalloc/395-mbb-machinebasicblock-addlivein-n42-d17-r1.pbqp,7,7,17,0,false,true,7,691.0
examples/regalloc/395-mbb-machinebasicblock-addlivein-n42-d17-r1.pbqp,7,15,17,0,false,false,5,1517.0
examples/regalloc/395-mbb-machinebasicblock-addlivein-n42-d17-r1.pbqp,7,16,1,0,false,false,1,299.0
examples/regalloc/395-mbb-machinebasicblock-addlivein-n42-d17-r1.pbqp,7,7,1,2,true,false,1,325.0
examples/regalloc/395-mbb-machinebasicblock-addlivein-n42-d17-r1.pbqp,15,7,1,0,false,true,16,1268.0
examples/regalloc/395-mbb-machinebasicblock-addlivein-n42-d17-r1.pbqp,15,16,1,2,true,false,1,654.0
examples/regalloc/396-mbb-machinebasicblock-moveafter-n7-d16.pbqp,16,15,1,0,false,false,1,342.0
examples/regalloc/396-mbb-machinebasicblock-moveafter-n7-d16.pbqp,16,16,1,0,false,false,5,1722.0
examples/regalloc/396-mbb-machinebasicblock-moveafter-n7-d16.pbqp,16,16,16,0,false,false,5,1751.0
examples/regalloc/396-mbb-machinebasicblock-moveafter-n7-d16.pbqp,16,16,1,0,false,true,16,1551.0
examples/regalloc/396-mbb-machinebasicblock-moveafter-n7-d16.pbqp,16,16,1,0,true,false,1,342.0
examples/regalloc/397-mbb-machinebasicblock-machinebasicblock-n13-d17.pbqp,7,16,17,0,false,true,70,4865.0
examples/regalloc/397-mbb-machinebasicblock-machinebasicblock-n13-d17.pbqp,16,15,1,0,false,true,7,797.0
examples/regalloc/397-mbb-machinebasicblock-machinebasicblock-n13-d17.pbqp,7,16,17,0,true,false,1,225.0
examples/regalloc/397-mbb-machinebasicblock-machinebasicblock-n13-d17.pbqp,15,14,1,0,false,false,1,309.0
examples/regalloc/397-mbb-machinebasicblock-machinebasicblock-n13-d17.pbqp,15,7,17,0,false,false,1,278.0
examples/regalloc/397-mbb-machinebasicblock-machinebasicblock-n13-d17.pbqp,15,16,17,0,false,false,1,430.0
examples/regalloc/397-mbb-machinebasicblock-machinebasicblock-n13-d17.pbqp,7,14,1,0,true,false,1,184.0
examples/regalloc/397-mbb-machinebasicblock-machinebasicblock-n13-d17.pbqp,7,16,17,0,false,false,2,417.0
examples/regalloc/397-mbb-machinebasicblock-machinebasicblock-n13-d17.pbqp,16,14,1,0,false,true,16,1474.0
examples/regalloc/397-mbb-machinebasicblock-machinebasicblock-n13-d17.pbqp,16,16,1,0,true,false,1,352.0
examples/regalloc/398-mbb-machinebasicblock-machinebasicblock-n11-d16.pbqp,15,16,1,0,false,true,21,2535.0
examples/regalloc/398-mbb-machinebasicblock-machinebasicblock-n11-d16.pbqp,7,15,16,0,true,false,2,440.0
examples/regalloc/398-mbb-machinebasicblock-machinebasicblock-n11-d16.pbqp,16,16,1,0,false,true,14,1645.0
examples/regalloc/398-mbb-machinebasicblock-machinebasicblock-n11-d16.pbqp,7,16,16,0,true,false,2,450.0
examples/regalloc/398-mbb-machinebasicblock-machinebasicblock-n11-d16.pbqp,15,7,1,0,true,false,1,212.0
examples/regalloc/399-mbb-llvm-printmbbreference-n2-d16.pbqp,16,15,1,0,false,false,1,294.0
examples/regalloc/400-mbb-bumpptrallocatorimpl-allocateslow-n17-d16.pbqp,7,14,1,0,false,true,7,691.0
examples/regalloc/400-mbb-bumpptrallocatorimpl-allocateslow-n17-d16.pbqp,16,7,1,0,false,false,30,9209.0
examples/regalloc/400-mbb-bumpptrallocatorimpl-allocateslow-n17-d16.pbqp,16,16,16,0,false,false,2,1001.0
examples/regalloc/400-mbb-bumpptrallocatorimpl-allocateslow-n17-d16.pbqp,16,7,16,0,false,false,1,298.0
examples/regalloc/400-mbb-bumpptrallocatorimpl-allocateslow-n17-d16.pbqp,7,7,1,0,false,false,15,3430.0
examples/regalloc/400-mbb-bumpptrallocatorimpl-allocateslow-n17-d16.pbqp,7,16,16,0,false,false,9,2613.0
examples/regalloc/400-mbb-bumpptrallocatorimpl-allocateslow-n17-d16.pbqp,16,16,1,0,false,false,1,578.0
examples/regalloc/400-mbb-bumpptrallocatorimpl-allocateslow-n17-d16.pbqp,7,7,1,0,true,false,2,537.0
examples/regalloc/400-mbb-bumpptrallocatorimpl-allocateslow-n17-d16.pbqp,7,7,16,0,false,false,6,1409.0
examples/regalloc/400-mbb-bumpptrallocatorimpl-allocateslow-n17-d16.pbqp,7,16,16,0,false,true,7,683.0
examples/regalloc/401-mbb-ilist-callback-traits-addnodetolist-n15-d16.pbqp,7,7,16,0,false,true,14,1051.0
examples/regalloc/401-mbb-ilist-callback-traits-addnodetolist-n15-d16.pbqp,16,16,1,0,false,false,1,423.0
examples/regalloc/401-mbb-ilist-callback-traits-addnodetolist-n15-d16.pbqp,16,7,1,0,false,false,20,4828.0
examples/regalloc/401-mbb-ilist-callback-traits-addnodetolist-n15-d16.pbqp,7,16,16,0,false,true,7,535.0
examples/regalloc/401-mbb-ilist-callback-traits-addnodetolist-n15-d16.pbqp,7,7,1,2,true,false,2,499.0
examples/regalloc/401-mbb-ilist-callback-traits-addnodetolist-n15-d16.pbqp,7,7,16,0,false,false,14,2849.0
examples/regalloc/401-mbb-ilist-callback-traits-addnodetolist-n15-d16.pbqp,7,7,1,0,false,false,3,595.0
examples/regalloc/401-mbb-ilist-callback-traits-addnodetolist-n15-d16.pbqp,7,7,1,0,false,true,7,494.0
examples/regalloc/402-mbb-ilist-callback-traits-addnodetolist-n15-d16-r1.pbqp,7,7,16,0,false,true,14,1049.0
examples/regalloc/402-mbb-ilist-callback-traits-addnodetolist-n15-d16-r1.pbqp,16,7,1,0,false,false,20,4829.0
examples/regalloc/402-mbb-ilist-callback-traits-addnodetolist-n15-d16-r1.pbqp,16,16,1,0,false,false,1,321.0
examples/regalloc/402-mbb-ilist-callback-traits-addnodetolist-n15-d16-r1.pbqp,7,16,16,0,false,true,7,507.0
examples/regalloc/402-mbb-ilist-callback-traits-addnodetolist-n15-d16-r1.pbqp,7,7,1,2,true,false,2,427.0
examples/regalloc/402-mbb-ilist-callback-traits-addnodetolist-n15-d16-r1.pbqp,7,7,16,0,false,false,10,1811.0
examples/regalloc/402-mbb-ilist-callback-traits-addnodetolist-n15-d16-r1.pbqp,7,7,1,0,false,false,1,154.0
examples/regalloc/402-mbb-ilist-callback-traits-addnodetolist-n15-d16-r1.pbqp,7,7,1,0,false,true,7,467.0
examples/regalloc/403-mbb-ilist-callback-traits-removenodefrom-n4-d16.pbqp,16,16,1,0,false,true,32,2958.0
examples/regalloc/403-mbb-ilist-callback-traits-removenodefrom-n4-d16.pbqp,16,16,1,0,true,false,1,319.0
examples/regalloc/404-mbb-smallvectortemplatebase-growandpushb-n6-d16.pbqp,13,7,1,0,false,false,2,448.0
examples/regalloc/404-mbb-smallvectortemplatebase-growandpushb-n6-d16.pbqp,13,14,16,0,false,false,1,315.0
examples/regalloc/404-mbb-smallvectortemplatebase-growandpushb-n6-d16.pbqp,7,14,16,0,false,true,7,541.0
examples/regalloc/404-mbb-smallvectortemplatebase-growandpushb-n6-d16.pbqp,7,7,1,0,true,false,1,134.0
examples/regalloc/404-mbb-smallvectortemplatebase-growandpushb-n6-d16.pbqp,7,16,16,0,false,false,2,451.0
examples/regalloc/404-mbb-smallvectortemplatebase-growandpushb-n6-d16.pbqp,16,7,1,0,false,true,16,1118.0
examples/regalloc/404-mbb-smallvectortemplatebase-growandpushb-n6-d16.pbqp,16,16,1,2,true,false,1,387.0
examples/regalloc/405-mbb-smallvectortemplatebase-growandpushb-n6-d16.pbqp,13,7,1,0,false,false,2,404.0
examples/regalloc/405-mbb-smallvectortemplatebase-growandpushb-n6-d16.pbqp,13,14,16,0,false,false,1,307.0
examples/regalloc/405-mbb-smallvectortemplatebase-growandpushb-n6-d16.pbqp,7,14,16,0,false,true,7,579.0
examples/regalloc/405-mbb-smallvectortemplatebase-growandpushb-n6-d16.pbqp,7,7,1,0,true,false,1,149.0
examples/regalloc/405-mbb-smallvectortemplatebase-growandpushb-n6-d16.pbqp,7,16,16,0,false,false,2,416.0
examples/regalloc/405-mbb-smallvectortemplatebase-growandpushb-n6-d16.pbqp,16,7,1,0,false,true,16,1104.0
examples/regalloc/405-mbb-smallvectortemplatebase-growandpushb-n6-d16.pbqp,16,16,1,2,true,false,1,344.0
examples/regalloc/406-mbb-smallvectortemplatebase-growandpushb-n6-d16.pbqp,13,7,1,0,false,false,2,411.0
examples/regalloc/406-mbb-smallvectortemplatebase-growandpushb-n6-d16.pbqp,13,14,16,0,false,false,1,324.0
examples/regalloc/406-mbb-smallvectortemplatebase-growandpushb-n6-d16.pbqp,7,14,16,0,false,true,7,581.0
examples/regalloc/406-mbb-smallvectortemplatebase-growandpushb-n6-d16.pbqp,7,7,1,0,true,false,1,140.0
examples/regalloc/406-mbb-smallvectortemplatebase-growandpushb-n6-d16.pbqp,7,16,16,0,false,false,2,443.0
examples/regalloc/406-mbb-smallvectortemplatebase-growandpushb-n6-d16.pbqp,16,7,1,0,false,true,16,1131.0
examples/regalloc/406-mbb-smallvectortemplatebase-growandpushb-n6-d16.pbqp,16,16,1,2,true,false,1,327.0
examples/regalloc/407-mbb-smallvectortemplatebase-growandpushb-n6-d16.pbqp,13,7,1,0,false,false,2,435.0
examples/regalloc/407-mbb-smallvectortemplatebase-growandpushb-n6-d16.pbqp,13,14,16,0,false,false,1,336.0
examples/regalloc/407-mbb-smallvectortemplatebase-growandpushb-n6-d16.pbqp,7,14,16,0,false,true,7,631.0
examples/regalloc/407-mbb-smallvectortemplatebase-growandpushb-n6-d16.pbqp,7,7,1,0,true,false,1,159.0
examples/regalloc/407-mbb-smallvectortemplatebase-growandpushb-n6-d16.pbqp,7,16,16,0,false,false,2,523.0
examples/regalloc/407-mbb-smallvectortemplatebase-growandpushb-n6-d16.pbqp,16,7,1,0,false,true,16,1233.0
examples/regalloc/407-mbb-smallvectortemplatebase-growandpushb-n6-d16.pbqp,16,16,1,2,true,false,1,468.0
examples/regalloc/408-mbb-smallvectortemplatebase-growandpushb-n7-d16.pbqp,13,7,1,0,false,false,3,632.0
examples/regalloc/408-mbb-smallvectortemplatebase-growandpushb-n7-d16.pbqp,13,14,16,0,false,false,1,317.0
examples/regalloc/408-mbb-smallvectortemplatebase-growandpushb-n7-d16.pbqp,14,7,1,0,false,false,3,594.0
examples/regalloc/408-mbb-smallvectortemplatebase-growandpushb-n7-d16.pbqp,7,7,1,0,false,false,3,425.0
examples/regalloc/408-mbb-smallvectortemplatebase-growandpushb-n7-d16.pbqp,7,16,16,0,false,false,4,813.0
examples/regalloc/408-mbb-smallvectortemplatebase-growandpushb-n7-d16.pbqp,16,7,1,0,false,true,16,1150.0
examples/regalloc/408-mbb-smallvectortemplatebase-growandpushb-n7-d16.pbqp,16,16,1,2,true,false,1,379.0
examples/regalloc/409-mbb-smallvectortemplatebase-growandpushb-n7-d16.pbqp,13,7,1,0,false,false,3,774.0
examples/regalloc/409-mbb-smallvectortemplatebase-growandpushb-n7-d16.pbqp,13,14,16,0,false,false,1,352.0
examples/regalloc/409-mbb-smallvectortemplatebase-growandpushb-n7-d16.pbqp,14,7,1,0,false,false,3,778.0
examples/regalloc/409-mbb-smallvectortemplatebase-growandpushb-n7-d16.pbqp,7,7,1,0,false,false,3,507.0
examples/regalloc/409-mbb-smallvectortemplatebase-growandpushb-n7-d16.pbqp,7,16,16,0,false,false,4,950.0
examples/regalloc/409-mbb-smallvectortemplatebase-growandpushb-n7-d16.pbqp,16,7,1,0,false,true,16,1346.0
examples/regalloc/409-mbb-smallvectortemplatebase-growandpushb-n7-d16.pbqp,16,16,1,2,true,false,1,478.0
examples/regalloc/410-mbb-smallvectortemplatebase-growandpushb-n7-d16.pbqp,13,7,1,0,false,false,3,688.0
examples/regalloc/410-mbb-smallvectortemplatebase-growandpushb-n7-d16.pbqp,13,14,16,0,false,false,1,344.0
examples/regalloc/410-mbb-smallvectortemplatebase-growandpushb-n7-d16.pbqp,14,7,1,0,false,false,3,633.0
examples/regalloc/410-mbb-smallvectortemplatebase-growandpushb-n7-d16.pbqp,7,7,1,0,false,false,3,468.0
examples/regalloc/410-mbb-smallvectortemplatebase-growandpushb-n7-d16.pbqp,7,16,16,0,false,false,4,801.0
examples/regalloc/410-mbb-smallvectortemplatebase-growandpushb-n7-d16.pbqp,16,7,1,0,false,true,16,1158.0
examples/regalloc/410-mbb-smallvectortemplatebase-growandpushb-n7-d16.pbqp,16,16,1,2,true,false,1,430.0
examples/regalloc/411-mbb-opt-opt-n7-d16.pbqp,15,13,1,0,false,true,7,739.0
examples/regalloc/411-mbb-opt-opt-n7-d16.pbqp,7,16,16,0,false,false,4,834.0
examples/regalloc/411-mbb-opt-opt-n7-d16.pbqp,7,15,16,0,true,false,1,196.0
examples/regalloc/412-mbb-llvm-buildmi-n19-d17.pbqp,7,14,17,0,false,true,7,582.0
examples/regalloc/412-mbb-llvm-buildmi-n19-d17.pbqp,14,7,1,0,false,false,16,3245.0
examples/regalloc/412-mbb-llvm-buildmi-n19-d17.pbqp,16,7,1,0,false,false,10,2302.0
examples/regalloc/412-mbb-llvm-buildmi-n19-d17.pbqp,13,7,1,0,false,false,1,200.0
examples/regalloc/412-mbb-llvm-buildmi-n19-d17.pbqp,13,7,17,0,false,false,4,768.0
examples/regalloc/412-mbb-llvm-buildmi-n19-d17.pbqp,13,14,17,0,false,false,1,287.0
examples/regalloc/412-mbb-llvm-buildmi-n19-d17.pbqp,7,7,1,0,false,false,17,3061.0
examples/regalloc/412-mbb-llvm-buildmi-n19-d17.pbqp,7,7,17,0,false,false,2,295.0
examples/regalloc/412-mbb-llvm-buildmi-n19-d17.pbqp,7,15,17,0,false,false,1,236.0
examples/regalloc/412-mbb-llvm-buildmi-n19-d17.pbqp,15,7,1,0,false,false,5,1228.0
examples/regalloc/412-mbb-llvm-buildmi-n19-d17.pbqp,7,7,17,0,true,false,1,180.0
examples/regalloc/412-mbb-llvm-buildmi-n19-d17.pbqp,7,16,17,0,false,false,8,2049.0
examples/regalloc/412-mbb-llvm-buildmi-n19-d17.pbqp,16,7,1,0,false,true,16,1128.0
examples/regalloc/412-mbb-llvm-buildmi-n19-d17.pbqp,16,16,1,2,true,false,1,460.0
examples/regalloc/413-mbb-smallset-insertimpl-n31-d16.pbqp,7,16,16,0,false,true,16,1249.0
examples/regalloc/413-mbb-smallset-insertimpl-n31-d16.pbqp,7,16,16,0,true,true,23,1791.0
examples/regalloc/413-mbb-smallset-insertimpl-n31-d16.pbqp,16,7,1,0,false,false,55,15140.0
examples/regalloc/413-mbb-smallset-insertimpl-n31-d16.pbqp,16,7,16,0,false,false,10,3111.0
examples/regalloc/413-mbb-smallset-insertimpl-n31-d16.pbqp,16,15,1,0,false,false,6,2253.0
examples/regalloc/413-mbb-smallset-insertimpl-n31-d16.pbqp,16,16,1,0,false,false,4,1592.0
examples/regalloc/413-mbb-smallset-insertimpl-n31-d16.pbqp,7,7,1,0,false,false,31,6302.0
examples/regalloc/413-mbb-smallset-insertimpl-n31-d16.pbqp,7,7,16,0,false,false,22,4825.0
examples/regalloc/413-mbb-smallset-insertimpl-n31-d16.pbqp,16,15,16,0,false,false,1,477.0
examples/regalloc/413-mbb-smallset-insertimpl-n31-d16.pbqp,16,16,16,0,false,false,3,1185.0
examples/regalloc/413-mbb-smallset-insertimpl-n31-d16.pbqp,15,7,1,0,false,false,3,828.0
examples/regalloc/413-mbb-smallset-insertimpl-n31-d16.pbqp,15,15,1,0,false,false,1,396.0
examples/regalloc/413-mbb-smallset-insertimpl-n31-d16.pbqp,15,7,16,0,false,false,1,310.0
examples/regalloc/413-mbb-smallset-insertimpl-n31-d16.pbqp,7,7,16,0,true,false,1,228.0
examples/regalloc/413-mbb-smallset-insertimpl-n31-d16.pbqp,7,15,16,0,false,false,2,531.0
examples/regalloc/413-mbb-smallset-insertimpl-n31-d16.pbqp,15,7,1,0,false,true,7,659.0
examples/regalloc/413-mbb-smallset-insertimpl-n31-d16.pbqp,7,15,1,2,true,false,1,342.0
examples/regalloc/414-mbb-smallset-insertimpl-n37-d16-r1.pbqp,16,16,1,0,false,true,16,1715.0
examples/regalloc/414-mbb-smallset-insertimpl-n37-d16-r1.pbqp,16,16,1,0,true,false,1,349.0
examples/regalloc/414-mbb-smallset-insertimpl-n37-d16-r1.pbqp,7,16,16,0,false,false,2,536.0
examples/regalloc/414-mbb-smallset-insertimpl-n37-d16-r1.pbqp,7,16,16,0,false,true,14,1242.0
examples/regalloc/414-mbb-smallset-insertimpl-n37-d16-r1.pbqp,16,7,1,0,false,false,48,13868.0
examples/regalloc/414-mbb-smallset-insertimpl-n37-d16-r1.pbqp,16,7,16,0,false,false,10,3250.0
examples/regalloc/414-mbb-smallset-insertimpl-n37-d16-r1.pbqp,16,16,16,0,false,false,4,1599.0
examples/regalloc/414-mbb-smallset-insertimpl-n37-d16-r1.pbqp,13,7,1,0,false,false,6,1419.0
examples/regalloc/414-mbb-smallset-insertimpl-n37-d16-r1.pbqp,16,16,1,0,false,false,6,2392.0
examples/regalloc/414-mbb-smallset-insertimpl-n37-d16-r1.pbqp,16,15,1,0,false,false,6,2339.0
examples/regalloc/414-mbb-smallset-insertimpl-n37-d16-r1.pbqp,7,7,1,0,false,false,9,2092.0
examples/regalloc/414-mbb-smallset-insertimpl-n37-d16-r1.pbqp,7,7,16,0,false,false,16,3598.0
examples/regalloc/414-mbb-smallset-insertimpl-n37-d16-r1.pbqp,7,7,16,0,false,true,7,649.0
examples/regalloc/414-mbb-smallset-insertimpl-n37-d16-r1.pbqp,16,15,16,0,false,false,1,490.0
examples/regalloc/414-mbb-smallset-insertimpl-n37-d16-r1.pbqp,15,7,1,0,false,false,2,577.0
examples/regalloc/414-mbb-smallset-insertimpl-n37-d16-r1.pbqp,15,15,1,0,false,false,1,420.0
examples/regalloc/414-mbb-smallset-insertimpl-n37-d16-r1.pbqp,15,7,16,0,false,false,1,315.0
examples/regalloc/414-mbb-smallset-insertimpl-n37-d16-r1.pbqp,7,7,16,2,true,false,1,348.0
examples/regalloc/414-mbb-smallset-insertimpl-n37-d16-r1.pbqp,7,15,16,0,false,false,1,410.0
examples/regalloc/414-mbb-smallset-insertimpl-n37-d16-r1.pbqp,7,7,1,0,false,true,15,957.0
examples/regalloc/414-mbb-smallset-insertimpl-n37-d16-r1.pbqp,7,15,1,2,true,false,1,342.0
examples/regalloc/415-mbb-setvector-insert-n20-d16.pbqp,7,16,16,0,false,true,14,1302.0
examples/regalloc/415-mbb-setvector-insert-n20-d16.pbqp,15,7,1,0,false,false,1,257.0
examples/regalloc/415-mbb-setvector-insert-n20-d16.pbqp,15,16,16,0,false,false,2,712.0
examples/regalloc/415-mbb-setvector-insert-n20-d16.pbqp,16,16,1,0,false,true,7,829.0
examples/regalloc/415-mbb-setvector-insert-n20-d16.pbqp,7,16,16,0,true,false,1,278.0
examples/regalloc/415-mbb-setvector-insert-n20-d16.pbqp,7,7,1,0,false,false,7,1025.0
examples/regalloc/415-mbb-setvector-insert-n20-d16.pbqp,7,16,1,0,false,false,4,878.0
examples/regalloc/415-mbb-setvector-insert-n20-d16.pbqp,7,15,1,0,false,false,1,215.0
examples/regalloc/415-mbb-setvector-insert-n20-d16.pbqp,7,7,1,0,true,false,1,144.0
examples/regalloc/415-mbb-setvector-insert-n20-d16.pbqp,16,16,1,0,false,false,3,1112.0
examples/regalloc/415-mbb-setvector-insert-n20-d16.pbqp,16,7,1,0,false,false,16,4677.0
examples/regalloc/415-mbb-setvector-insert-n20-d16.pbqp,16,16,16,0,false,false,21,8649.0
examples/regalloc/415-mbb-setvector-insert-n20-d16.pbqp,16,15,16,0,false,false,3,1237.0
examples/regalloc/415-mbb-setvector-insert-n20-d16.pbqp,16,15,1,0,false,false,4,1685.0
examples/regalloc/415-mbb-setvector-insert-n20-d16.pbqp,15,7,1,0,false,true,7,652.0
examples/regalloc/415-mbb-setvector-insert-n20-d16.pbqp,15,7,1,2,true,false,1,269.0
examples/regalloc/416-mbb-setvector-remove-n37-d16.pbqp,15,7,1,0,false,false,4,1017.0
examples/regalloc/416-mbb-setvector-remove-n37-d16.pbqp,15,14,16,0,false,false,1,386.0
examples/regalloc/416-mbb-setvector-remove-n37-d16.pbqp,7,14,16,0,false,true,23,1774.0
examples/regalloc/416-mbb-setvector-remove-n37-d16.pbqp,16,16,1,0,false,false,48,19191.0
examples/regalloc/416-mbb-setvector-remove-n37-d16.pbqp,16,7,1,0,false,false,38,10909.0
examples/regalloc/416-mbb-setvector-remove-n37-d16.pbqp,15,14,1,0,false,false,2,670.0
examples/regalloc/416-mbb-setvector-remove-n37-d16.pbqp,15,16,1,0,false,false,4,1513.0
examples/regalloc/416-mbb-setvector-remove-n37-d16.pbqp,16,16,16,0,false,false,50,20510.0
examples/regalloc/416-mbb-setvector-remove-n37-d16.pbqp,7,16,16,0,false,true,14,1462.0
examples/regalloc/416-mbb-setvector-remove-n37-d16.pbqp,16,14,1,0,false,false,12,4666.0
examples/regalloc/416-mbb-setvector-remove-n37-d16.pbqp,16,14,16,0,false,false,2,812.0
examples/regalloc/416-mbb-setvector-remove-n37-d16.pbqp,14,7,1,0,false,false,2,480.0
examples/regalloc/416-mbb-setvector-remove-n37-d16.pbqp,14,16,1,0,false,false,1,385.0
examples/regalloc/416-mbb-setvector-remove-n37-d16.pbqp,7,7,16,0,true,false,1,228.0
examples/regalloc/416-mbb-setvector-remove-n37-d16.pbqp,7,16,16,0,false,false,3,841.0
examples/regalloc/416-mbb-setvector-remove-n37-d16.pbqp,7,14,16,0,false,false,1,300.0
examples/regalloc/416-mbb-setvector-remove-n37-d16.pbqp,16,7,1,0,true,false,1,350.0
examples/regalloc/417-mbb-llvm-operator-n2-d15.pbqp,15,7,15,0,false,false,1,241.0
examples/regalloc/418-mbb-slotindexes-getindexafter-n21-d16.pbqp,16,16,16,0,false,false,44,20198.0
examples/regalloc/418-mbb-slotindexes-getindexafter-n21-d16.pbqp,16,16,1,0,false,false,71,27760.0
examples/regalloc/418-mbb-slotindexes-getindexafter-n21-d16.pbqp,16,15,1,0,false,false,15,6444.0
examples/regalloc/418-mbb-slotindexes-getindexafter-n21-d16.pbqp,16,16,16,0,false,true,15,1843.0
examples/regalloc/418-mbb-slotindexes-getindexafter-n21-d16.pbqp,16,15,1,2,true,false,1,824.0
examples/regalloc/419-mbb-slotindexes-getindexbefore-n19-d16.pbqp,16,16,1,0,false,false,74,27780.0
examples/regalloc/419-mbb-slotindexes-getindexbefore-n19-d16.pbqp,16,15,1,0,false,false,15,5777.0
examples/regalloc/419-mbb-slotindexes-getindexbefore-n19-d16.pbqp,16,16,16,0,false,false,39,16446.0
examples/regalloc/419-mbb-slotindexes-getindexbefore-n19-d16.pbqp,16,15,1,0,false,true,16,1518.0
examples/regalloc/419-mbb-slotindexes-getindexbefore-n19-d16.pbqp,16,16,1,2,true,false,1,464.0
examples/regalloc/420-mbb-slotindexes-getinstructionindex-n20-d16.pbqp,16,16,1,0,false,false,34,12197.0
examples/regalloc/420-mbb-slotindexes-getinstructionindex-n20-d16.pbqp,16,15,1,0,false,false,13,4757.0
examples/regalloc/420-mbb-slotindexes-getinstructionindex-n20-d16.pbqp,16,14,1,0,false,false,1,296.0
examples/regalloc/420-mbb-slotindexes-getinstructionindex-n20-d16.pbqp,16,16,16,0,false,false,17,7016.0
examples/regalloc/420-mbb-slotindexes-getinstructionindex-n20-d16.pbqp,14,15,16,0,false,false,1,331.0
examples/regalloc/420-mbb-slotindexes-getinstructionindex-n20-d16.pbqp,14,16,16,0,false,false,3,1089.0
examples/regalloc/420-mbb-slotindexes-getinstructionindex-n20-d16.pbqp,16,16,16,0,false,true,30,3059.0
examples/regalloc/420-mbb-slotindexes-getinstructionindex-n20-d16.pbqp,16,15,1,0,true,false,2,818.0
examples/regalloc/421-mbb-machinebasicblock-getfullname-abi-cx-n35-d16.pbqp,7,15,16,0,false,true,28,2386.0
examples/regalloc/421-mbb-machinebasicblock-getfullname-abi-cx-n35-d16.pbqp,7,16,16,0,false,true,44,3809.0
examples/regalloc/421-mbb-machinebasicblock-getfullname-abi-cx-n35-d16.pbqp,15,16,1,0,false,true,7,893.0
examples/regalloc/421-mbb-machinebasicblock-getfullname-abi-cx-n35-d16.pbqp,7,15,16,0,true,false,1,291.0
examples/regalloc/421-mbb-machinebasicblock-getfullname-abi-cx-n35-d16.pbqp,16,7,1,0,false,false,28,7623.0
examples/regalloc/421-mbb-machinebasicblock-getfullname-abi-cx-n35-d16.pbqp,14,7,1,0,false,false,7,1697.0
examples/regalloc/421-mbb-machinebasicblock-getfullname-abi-cx-n35-d16.pbqp,14,7,1,0,true,false,1,235.0
examples/regalloc/421-mbb-machinebasicblock-getfullname-abi-cx-n35-d16.pbqp,14,16,16,0,false,false,3,1135.0
examples/regalloc/421-mbb-machinebasicblock-getfullname-abi-cx-n35-d16.pbqp,16,16,1,0,false,false,10,4208.0
examples/regalloc/421-mbb-machinebasicblock-getfullname-abi-cx-n35-d16.pbqp,16,16,16,0,false,false,2,838.0
examples/regalloc/421-mbb-machinebasicblock-getfullname-abi-cx-n35-d16.pbqp,16,15,16,0,false,false,3,1288.0
examples/regalloc/421-mbb-machinebasicblock-getfullname-abi-cx-n35-d16.pbqp,14,15,1,0,false,false,1,426.0
examples/regalloc/421-mbb-machinebasicblock-getfullname-abi-cx-n35-d16.pbqp,14,16,1,0,false,false,1,353.0
examples/regalloc/421-mbb-machinebasicblock-getfullname-abi-cx-n35-d16.pbqp,15,7,1,0,false,false,10,2467.0
examples/regalloc/421-mbb-machinebasicblock-getfullname-abi-cx-n35-d16.pbqp,15,16,16,0,false,false,2,784.0
examples/regalloc/421-mbb-machinebasicblock-getfullname-abi-cx-n35-d16.pbqp,14,14,16,0,false,false,1,404.0
examples/regalloc/421-mbb-machinebasicblock-getfullname-abi-cx-n35-d16.pbqp,7,7,16,0,true,true,7,593.0
examples/regalloc/421-mbb-machinebasicblock-getfullname-abi-cx-n35-d16.pbqp,16,15,1,0,false,false,1,445.0
examples/regalloc/421-mbb-machinebasicblock-getfullname-abi-cx-n35-d16.pbqp,7,7,1,0,false,false,2,383.0
examples/regalloc/421-mbb-machinebasicblock-getfullname-abi-cx-n35-d16.pbqp,7,7,16,0,false,false,2,473.0
examples/regalloc/421-mbb-machinebasicblock-getfullname-abi-cx-n35-d16.pbqp,7,16,16,0,false,false,3,836.0
examples/regalloc/421-mbb-machinebasicblock-getfullname-abi-cx-n35-d16.pbqp,7,15,16,0,false,false,1,262.0
examples/regalloc/421-mbb-machinebasicblock-getfullname-abi-cx-n35-d16.pbqp,7,7,1,2,true,false,1,306.0
examples/regalloc/421-mbb-machinebasicblock-getfullname-abi-cx-n35-d16.pbqp,16,7,1,0,false,true,7,883.0
examples/regalloc/421-mbb-machinebasicblock-getfullname-abi-cx-n35-d16.pbqp,16,7,1,2,true,false,1,379.0
examples/regalloc/422-mbb-machinebasicblock-issuccessor-n10-d16.pbqp,16,16,1,0,false,true,15,1457.0
examples/regalloc/422-mbb-machinebasicblock-issuccessor-n10-d16.pbqp,16,15,1,0,false,false,5,1774.0
examples/regalloc/422-mbb-machinebasicblock-issuccessor-n10-d16.pbqp,16,16,1,0,false,false,5,1842.0
examples/regalloc/422-mbb-machinebasicblock-issuccessor-n10-d16.pbqp,16,16,16,0,false,false,15,5739.0
examples/regalloc/422-mbb-machinebasicblock-issuccessor-n10-d16.pbqp,16,16,16,0,false,true,15,1580.0
examples/regalloc/422-mbb-machinebasicblock-issuccessor-n10-d16.pbqp,16,15,1,0,true,false,1,434.0
examples/regalloc/423-mbb-machinebasicblock-getendsymbol-n9-d16.pbqp,16,16,1,0,false,true,23,2494.0
examples/regalloc/423-mbb-machinebasicblock-getendsymbol-n9-d16.pbqp,7,16,16,0,false,true,32,2242.0
examples/regalloc/423-mbb-machinebasicblock-getendsymbol-n9-d16.pbqp,7,15,16,0,false,true,16,1105.0
examples/regalloc/423-mbb-machinebasicblock-getendsymbol-n9-d16.pbqp,7,16,16,0,false,false,3,646.0
examples/regalloc/423-mbb-machinebasicblock-getendsymbol-n9-d16.pbqp,7,16,16,0,true,false,1,226.0
examples/regalloc/423-mbb-machinebasicblock-getendsymbol-n9-d16.pbqp,16,16,1,0,true,false,1,341.0
examples/regalloc/424-mbb-machinebasicblock-isentryblock-n3-d16.pbqp,16,16,1,0,false,false,1,340.0
examples/regalloc/426-mbb-machinebasicblock-ispredecessor-n10-d16.pbqp,16,16,1,0,false,true,15,1471.0
examples/regalloc/426-mbb-machinebasicblock-ispredecessor-n10-d16.pbqp,16,15,1,0,false,false,5,1848.0
examples/regalloc/426-mbb-machinebasicblock-ispredecessor-n10-d16.pbqp,16,16,1,0,false,false,5,1920.0
examples/regalloc/426-mbb-machinebasicblock-ispredecessor-n10-d16.pbqp,16,16,16,0,false,false,15,5938.0
examples/regalloc/426-mbb-machinebasicblock-ispredecessor-n10-d16.pbqp,16,16,16,0,false,true,15,1547.0
examples/regalloc/426-mbb-machinebasicblock-ispredecessor-n10-d16.pbqp,16,15,1,0,true,false,1,426.0
examples/regalloc/427-mbb-machinebasicblock-liveout-begin-n23-d16.pbqp,16,7,1,0,false,false,25,6223.0
examples/regalloc/427-mbb-machinebasicblock-liveout-begin-n23-d16.pbqp,16,15,16,0,false,false,1,407.0
examples/regalloc/427-mbb-machinebasicblock-liveout-begin-n23-d16.pbqp,15,7,1,0,false,false,3,630.0
examples/regalloc/427-mbb-machinebasicblock-liveout-begin-n23-d16.pbqp,16,7,16,0,false,false,3,911.0
examples/regalloc/427-mbb-machinebasicblock-liveout-begin-n23-d16.pbqp,13,7,1,0,false,false,10,2045.0
examples/regalloc/427-mbb-machinebasicblock-liveout-begin-n23-d16.pbqp,16,16,16,0,false,false,10,4146.0
examples/regalloc/427-mbb-machinebasicblock-liveout-begin-n23-d16.pbqp,7,7,1,0,false,false,11,2069.0
examples/regalloc/427-mbb-machinebasicblock-liveout-begin-n23-d16.pbqp,7,7,16,0,false,false,9,1771.0
examples/regalloc/427-mbb-machinebasicblock-liveout-begin-n23-d16.pbqp,7,16,16,0,false,false,13,3477.0
examples/regalloc/427-mbb-machinebasicblock-liveout-begin-n23-d16.pbqp,7,13,16,0,false,false,1,261.0
examples/regalloc/427-mbb-machinebasicblock-liveout-begin-n23-d16.pbqp,16,16,1,0,false,false,13,4982.0
examples/regalloc/427-mbb-machinebasicblock-liveout-begin-n23-d16.pbqp,16,16,1,0,false,true,16,1632.0
examples/regalloc/427-mbb-machinebasicblock-liveout-begin-n23-d16.pbqp,16,16,1,0,true,false,1,414.0
examples/regalloc/428-mbb-machinebasicblock-printasoperand-n7-d16.pbqp,7,15,16,0,false,false,1,232.0
examples/regalloc/428-mbb-machinebasicblock-printasoperand-n7-d16.pbqp,16,7,1,0,false,false,4,918.0
examples/regalloc/428-mbb-machinebasicblock-printasoperand-n7-d16.pbqp,16,16,16,0,false,false,1,365.0
examples/regalloc/428-mbb-machinebasicblock-printasoperand-n7-d16.pbqp,7,16,16,0,false,true,7,579.0
examples/regalloc/428-mbb-machinebasicblock-printasoperand-n7-d16.pbqp,16,16,1,0,false,false,1,349.0
examples/regalloc/428-mbb-machinebasicblock-printasoperand-n7-d16.pbqp,16,7,1,0,false,true,7,675.0
examples/regalloc/428-mbb-machinebasicblock-printasoperand-n7-d16.pbqp,7,16,16,2,true,false,1,238.0
examples/regalloc/429-mbb-machinebasicblock-getehcontsymbol-n22-d17.pbqp,16,7,1,0,false,false,31,7797.0
examples/regalloc/429-mbb-machinebasicblock-getehcontsymbol-n22-d17.pbqp,16,16,1,0,false,false,2,780.0
examples/regalloc/429-mbb-machinebasicblock-getehcontsymbol-n22-d17.pbqp,7,16,17,0,false,true,7,619.0
examples/regalloc/429-mbb-machinebasicblock-getehcontsymbol-n22-d17.pbqp,14,7,1,0,false,false,3,595.0
examples/regalloc/429-mbb-machinebasicblock-getehcontsymbol-n22-d17.pbqp,16,15,17,0,false,false,1,393.0
examples/regalloc/429-mbb-machinebasicblock-getehcontsymbol-n22-d17.pbqp,7,15,17,0,false,true,7,568.0
examples/regalloc/429-mbb-machinebasicblock-getehcontsymbol-n22-d17.pbqp,16,16,17,0,false,false,1,436.0
examples/regalloc/429-mbb-machinebasicblock-getehcontsymbol-n22-d17.pbqp,15,7,1,0,false,false,3,667.0
examples/regalloc/429-mbb-machinebasicblock-getehcontsymbol-n22-d17.pbqp,15,16,17,0,false,false,1,382.0
examples/regalloc/429-mbb-machinebasicblock-getehcontsymbol-n22-d17.pbqp,7,7,1,0,false,false,1,185.0
examples/regalloc/429-mbb-machinebasicblock-getehcontsymbol-n22-d17.pbqp,7,7,17,0,false,false,3,573.0
examples/regalloc/429-mbb-machinebasicblock-getehcontsymbol-n22-d17.pbqp,7,15,17,0,false,false,2,536.0
examples/regalloc/429-mbb-machinebasicblock-getehcontsymbol-n22-d17.pbqp,7,7,1,0,true,false,1,167.0
examples/regalloc/429-mbb-machinebasicblock-getehcontsymbol-n22-d17.pbqp,7,7,1,0,false,true,15,878.0
examples/regalloc/429-mbb-machinebasicblock-getehcontsymbol-n22-d17.pbqp,7,15,1,2,true,false,1,283.0
examples/regalloc/430-mbb-machinebasicblock-getendclobbermask-n12-d16.pbqp,7,16,16,0,false,true,14,1225.0
examples/regalloc/430-mbb-machinebasicblock-getendclobbermask-n12-d16.pbqp,16,7,1,0,false,false,6,1318.0
examples/regalloc/430-mbb-machinebasicblock-getendclobbermask-n12-d16.pbqp,16,15,16,0,false,false,1,400.0
examples/regalloc/430-mbb-machinebasicblock-getendclobbermask-n12-d16.pbqp,16,16,1,0,false,false,2,659.0
examples/regalloc/430-mbb-machinebasicblock-getendclobbermask-n12-d16.pbqp,16,15,1,0,false,false,3,1001.0
examples/regalloc/430-mbb-machinebasicblock-getendclobbermask-n12-d16.pbqp,7,7,1,0,true,false,1,131.0
examples/regalloc/430-mbb-machinebasicblock-getendclobbermask-n12-d16.pbqp,7,15,16,0,false,false,2,458.0
examples/regalloc/430-mbb-machinebasicblock-getendclobbermask-n12-d16.pbqp,7,16,16,0,false,false,6,1314.0
examples/regalloc/430-mbb-machinebasicblock-getendclobbermask-n12-d16.pbqp,16,16,16,0,false,false,2,846.0
examples/regalloc/430-mbb-machinebasicblock-getendclobbermask-n12-d16.pbqp,15,16,16,0,false,true,16,1452.0
examples/regalloc/430-mbb-machinebasicblock-getendclobbermask-n12-d16.pbqp,16,15,1,0,true,false,1,365.0
examples/regalloc/431-mbb-machinebasicblock-hasehpadsuccessor-n7-d16.pbqp,16,16,1,0,false,false,8,2642.0
examples/regalloc/431-mbb-machinebasicblock-hasehpadsuccessor-n7-d16.pbqp,16,16,16,0,false,false,2,720.0
examples/regalloc/431-mbb-machinebasicblock-hasehpadsuccessor-n7-d16.pbqp,16,16,1,0,false,true,16,1478.0
examples/regalloc/431-mbb-machinebasicblock-hasehpadsuccessor-n7-d16.pbqp,16,16,16,0,true,false,1,377.0
examples/regalloc/432-mbb-machinebasicblock-islayoutsuccessor-n3-d16.pbqp,15,16,16,0,false,false,1,336.0
examples/regalloc/434-mbb-machinebasicblock-getsuccprobability-n17-d16.pbqp,14,16,16,0,false,true,32,3161.0
examples/regalloc/434-mbb-machinebasicblock-getsuccprobability-n17-d16.pbqp,16,14,1,0,false,true,16,1511.0
examples/regalloc/434-mbb-machinebasicblock-getsuccprobability-n17-d16.pbqp,16,16,1,0,true,false,1,347.0
examples/regalloc/434-mbb-machinebasicblock-getsuccprobability-n17-d16.pbqp,16,15,1,0,false,false,1,341.0
examples/regalloc/434-mbb-machinebasicblock-getsuccprobability-n17-d16.pbqp,16,16,16,0,false,false,22,10079.0
examples/regalloc/434-mbb-machinebasicblock-getsuccprobability-n17-d16.pbqp,16,14,16,0,false,false,1,394.0
examples/regalloc/434-mbb-machinebasicblock-getsuccprobability-n17-d16.pbqp,14,15,1,0,false,true,16,1482.0
examples/regalloc/434-mbb-machinebasicblock-getsuccprobability-n17-d16.pbqp,16,16,1,0,false,false,15,5923.0
examples/regalloc/434-mbb-machinebasicblock-getsuccprobability-n17-d16.pbqp,16,14,1,0,false,false,1,354.0
examples/regalloc/434-mbb-machinebasicblock-getsuccprobability-n17-d16.pbqp,16,14,16,0,true,false,1,374.0
examples/regalloc/434-mbb-machinebasicblock-getsuccprobability-n17-d16.pbqp,14,16,16,0,false,false,8,2888.0
examples/regalloc/434-mbb-machinebasicblock-getsuccprobability-n17-d16.pbqp,16,16,1,0,false,true,16,1741.0
examples/regalloc/434-mbb-machinebasicblock-getsuccprobability-n17-d16.pbqp,16,16,1,2,true,false,1,488.0
examples/regalloc/435-mbb-machinebasicblock-islegaltohoistinto-n18-d16.pbqp,15,16,1,0,false,true,7,832.0
examples/regalloc/435-mbb-machinebasicblock-islegaltohoistinto-n18-d16.pbqp,7,16,16,0,false,false,5,1264.0
examples/regalloc/435-mbb-machinebasicblock-islegaltohoistinto-n18-d16.pbqp,16,16,1,0,false,false,11,3924.0
examples/regalloc/435-mbb-machinebasicblock-islegaltohoistinto-n18-d16.pbqp,16,15,1,0,false,false,3,1135.0
examples/regalloc/435-mbb-machinebasicblock-islegaltohoistinto-n18-d16.pbqp,16,7,1,0,false,false,2,451.0
examples/regalloc/435-mbb-machinebasicblock-islegaltohoistinto-n18-d16.pbqp,16,16,16,0,false,true,32,3402.0
examples/regalloc/435-mbb-machinebasicblock-islegaltohoistinto-n18-d16.pbqp,16,16,1,0,true,false,1,373.0
examples/regalloc/435-mbb-machinebasicblock-islegaltohoistinto-n18-d16.pbqp,16,16,16,0,false,false,4,1799.0
examples/regalloc/435-mbb-machinebasicblock-islegaltohoistinto-n18-d16.pbqp,16,16,1,0,true,true,7,1019.0
examples/regalloc/435-mbb-machinebasicblock-islegaltohoistinto-n18-d16.pbqp,7,16,1,0,true,false,1,283.0
examples/regalloc/435-mbb-machinebasicblock-islegaltohoistinto-n18-d16.pbqp,7,15,16,0,true,false,1,243.0
examples/regalloc/435-mbb-machinebasicblock-islegaltohoistinto-n18-d16.pbqp,15,16,16,0,false,true,16,1645.0
examples/regalloc/435-mbb-machinebasicblock-islegaltohoistinto-n18-d16.pbqp,16,15,1,0,true,false,1,415.0
examples/regalloc/436-mbb-machinebasicblock-mayhaveinlineasmbr-n7-d16.pbqp,16,16,1,0,false,false,8,2740.0
examples/regalloc/436-mbb-machinebasicblock-mayhaveinlineasmbr-n7-d16.pbqp,16,16,16,0,false,false,2,760.0
examples/regalloc/436-mbb-machinebasicblock-mayhaveinlineasmbr-n7-d16.pbqp,16,16,1,0,false,true,16,1534.0
examples/regalloc/436-mbb-machinebasicblock-mayhaveinlineasmbr-n7-d16.pbqp,16,16,16,0,true,false,1,357.0
examples/regalloc/437-mbb-machinebasicblock-getbeginclobbermas-n3-d16.pbqp,15,16,16,0,false,false,1,331.0
examples/regalloc/437-mbb-machinebasicblock-getbeginclobbermas-n3-d16.pbqp,8,15,1,0,false,false,1,169.0
examples/regalloc/438-mbb-machinebasicblock-cansplitcriticaled-n60-d16.pbqp,16,16,1,0,false,true,7,1114.0
examples/regalloc/438-mbb-machinebasicblock-cansplitcriticaled-n60-d16.pbqp,7,16,16,0,false,true,21,2082.0
examples/regalloc/438-mbb-machinebasicblock-cansplitcriticaled-n60-d16.pbqp,7,16,1,0,false,true,7,689.0
examples/regalloc/438-mbb-machinebasicblock-cansplitcriticaled-n60-d16.pbqp,16,7,1,0,false,false,122,36299.0
examples/regalloc/438-mbb-machinebasicblock-cansplitcriticaled-n60-d16.pbqp,16,15,1,0,false,false,4,1677.0
examples/regalloc/438-mbb-machinebasicblock-cansplitcriticaled-n60-d16.pbqp,16,15,16,0,false,false,4,1689.0
examples/regalloc/438-mbb-machinebasicblock-cansplitcriticaled-n60-d16.pbqp,7,15,16,0,false,true,7,683.0
examples/regalloc/438-mbb-machinebasicblock-cansplitcriticaled-n60-d16.pbqp,16,14,1,0,false,false,1,465.0
examples/regalloc/438-mbb-machinebasicblock-cansplitcriticaled-n60-d16.pbqp,14,15,16,0,false,false,1,425.0
examples/regalloc/438-mbb-machinebasicblock-cansplitcriticaled-n60-d16.pbqp,14,7,16,0,false,false,3,957.0
examples/regalloc/438-mbb-machinebasicblock-cansplitcriticaled-n60-d16.pbqp,14,16,16,0,false,false,1,490.0
examples/regalloc/438-mbb-machinebasicblock-cansplitcriticaled-n60-d16.pbqp,16,16,16,0,false,false,4,1804.0
examples/regalloc/438-mbb-machinebasicblock-cansplitcriticaled-n60-d16.pbqp,15,7,16,0,false,false,2,592.0
examples/regalloc/438-mbb-machinebasicblock-cansplitcriticaled-n60-d16.pbqp,15,16,16,0,false,false,1,440.0
examples/regalloc/438-mbb-machinebasicblock-cansplitcriticaled-n60-d16.pbqp,16,7,16,0,false,false,4,1352.0
examples/regalloc/438-mbb-machinebasicblock-cansplitcriticaled-n60-d16.pbqp,15,7,1,0,false,false,22,6151.0
examples/regalloc/438-mbb-machinebasicblock-cansplitcriticaled-n60-d16.pbqp,7,7,1,0,false,false,54,12115.0
examples/regalloc/438-mbb-machinebasicblock-cansplitcriticaled-n60-d16.pbqp,7,7,16,0,false,false,54,12071.0
examples/regalloc/438-mbb-machinebasicblock-cansplitcriticaled-n60-d16.pbqp,7,16,16,0,false,false,13,3739.0
examples/regalloc/438-mbb-machinebasicblock-cansplitcriticaled-n60-d16.pbqp,7,14,16,0,false,false,12,3180.0
examples/regalloc/438-mbb-machinebasicblock-cansplitcriticaled-n60-d16.pbqp,16,14,16,0,false,false,2,994.0
examples/regalloc/438-mbb-machinebasicblock-cansplitcriticaled-n60-d16.pbqp,14,7,1,0,false,false,5,1359.0
examples/regalloc/438-mbb-machinebasicblock-cansplitcriticaled-n60-d16.pbqp,16,16,1,0,false,false,2,926.0
examples/regalloc/438-mbb-machinebasicblock-cansplitcriticaled-n60-d16.pbqp,10,16,1,0,false,false,1,398.0
examples/regalloc/438-mbb-machinebasicblock-cansplitcriticaled-n60-d16.pbqp,10,7,1,0,false,false,15,4004.0
examples/regalloc/438-mbb-machinebasicblock-cansplitcriticaled-n60-d16.pbqp,10,14,16,0,false,false,1,400.0
examples/regalloc/438-mbb-machinebasicblock-cansplitcriticaled-n60-d16.pbqp,10,13,16,0,false,false,1,367.0
examples/regalloc/438-mbb-machinebasicblock-cansplitcriticaled-n60-d16.pbqp,10,12,16,0,false,false,1,294.0
examples/regalloc/438-mbb-machinebasicblock-cansplitcriticaled-n60-d16.pbqp,10,7,16,0,false,false,1,279.0
examples/regalloc/438-mbb-machinebasicblock-cansplitcriticaled-n60-d16.pbqp,14,16,1,0,false,false,1,410.0
examples/regalloc/438-mbb-machinebasicblock-cansplitcriticaled-n60-d16.pbqp,14,13,16,0,false,false,1,427.0
examples/regalloc/438-mbb-machinebasicblock-cansplitcriticaled-n60-d16.pbqp,14,12,16,0,false,false,1,460.0
examples/regalloc/438-mbb-machinebasicblock-cansplitcriticaled-n60-d16.pbqp,13,16,1,0,false,false,1,398.0
examples/regalloc/438-mbb-machinebasicblock-cansplitcriticaled-n60-d16.pbqp,13,7,1,0,false,false,2,549.0
examples/regalloc/438-mbb-machinebasicblock-cansplitcriticaled-n60-d16.pbqp,13,12,16,0,false,false,1,423.0
examples/regalloc/438-mbb-machinebasicblock-cansplitcriticaled-n60-d16.pbqp,13,7,16,0,false,false,1,269.0
examples/regalloc/438-mbb-machinebasicblock-cansplitcriticaled-n60-d16.pbqp,12,16,1,0,false,false,1,387.0
examples/regalloc/438-mbb-machinebasicblock-cansplitcriticaled-n60-d16.pbqp,12,7,1,0,false,false,2,523.0
examples/regalloc/438-mbb-machinebasicblock-cansplitcriticaled-n60-d16.pbqp,12,7,16,0,false,false,1,292.0
examples/regalloc/438-mbb-machinebasicblock-cansplitcriticaled-n60-d16.pbqp,7,16,1,0,false,false,1,355.0
examples/regalloc/438-mbb-machinebasicblock-cansplitcriticaled-n60-d16.pbqp,7,7,16,0,true,false,2,594.0
examples/regalloc/438-mbb-machinebasicblock-cansplitcriticaled-n60-d16.pbqp,7,7,1,0,true,false,2,674.0
examples/regalloc/438-mbb-machinebasicblock-cansplitcriticaled-n60-d16.pbqp,7,14,16,0,false,true,7,735.0
examples/regalloc/439-mbb-machinebasicblock-cansplitcriticaled-n62-d16-r1.pbqp,16,16,1,0,false,true,7,1094.0
examples/regalloc/439-mbb-machinebasicblock-cansplitcriticaled-n62-d16-r1.pbqp,7,16,16,0,false,true,21,2203.0
examples/regalloc/439-mbb-machinebasicblock-cansplitcriticaled-n62-d16-r1.pbqp,15,16,1,0,false,true,7,893.0
examples/regalloc/439-mbb-machinebasicblock-cansplitcriticaled-n62-d16-r1.pbqp,7,15,16,0,true,false,1,339.0
examples/regalloc/439-mbb-machinebasicblock-cansplitcriticaled-n62-d16-r1.pbqp,7,16,1,0,false,true,7,696.0
examples/regalloc/439-mbb-machinebasicblock-cansplitcriticaled-n62-d16-r1.pbqp,16,7,1,0,false,false,88,25459.0
examples/regalloc/439-mbb-machinebasicblock-cansplitcriticaled-n62-d16-r1.pbqp,16,15,1,0,false,false,4,1653.0
examples/regalloc/439-mbb-machinebasicblock-cansplitcriticaled-n62-d16-r1.pbqp,16,16,16,0,false,false,5,2284.0
examples/regalloc/439-mbb-machinebasicblock-cansplitcriticaled-n62-d16-r1.pbqp,16,16,1,0,false,false,3,1326.0
examples/regalloc/439-mbb-machinebasicblock-cansplitcriticaled-n62-d16-r1.pbqp,16,7,16,0,false,false,3,1025.0
examples/regalloc/439-mbb-machinebasicblock-cansplitcriticaled-n62-d16-r1.pbqp,7,7,1,0,false,false,19,4310.0
examples/regalloc/439-mbb-machinebasicblock-cansplitcriticaled-n62-d16-r1.pbqp,7,7,16,0,false,false,4,1004.0
examples/regalloc/439-mbb-machinebasicblock-cansplitcriticaled-n62-d16-r1.pbqp,16,14,1,0,false,false,1,493.0
examples/regalloc/439-mbb-machinebasicblock-cansplitcriticaled-n62-d16-r1.pbqp,14,15,16,0,false,false,1,437.0
examples/regalloc/439-mbb-machinebasicblock-cansplitcriticaled-n62-d16-r1.pbqp,14,7,16,0,false,false,3,926.0
examples/regalloc/439-mbb-machinebasicblock-cansplitcriticaled-n62-d16-r1.pbqp,14,16,16,0,false,false,1,451.0
examples/regalloc/439-mbb-machinebasicblock-cansplitcriticaled-n62-d16-r1.pbqp,15,7,16,0,false,false,2,649.0
examples/regalloc/439-mbb-machinebasicblock-cansplitcriticaled-n62-d16-r1.pbqp,15,16,16,0,false,false,1,448.0
examples/regalloc/439-mbb-machinebasicblock-cansplitcriticaled-n62-d16-r1.pbqp,16,15,16,0,false,false,3,1304.0
examples/regalloc/439-mbb-machinebasicblock-cansplitcriticaled-n62-d16-r1.pbqp,15,7,1,0,false,false,11,2914.0
examples/regalloc/439-mbb-machinebasicblock-cansplitcriticaled-n62-d16-r1.pbqp,7,16,16,0,false,false,2,621.0
examples/regalloc/439-mbb-machinebasicblock-cansplitcriticaled-n62-d16-r1.pbqp,7,14,16,0,false,false,3,931.0
examples/regalloc/439-mbb-machinebasicblock-cansplitcriticaled-n62-d16-r1.pbqp,16,14,16,0,false,false,3,1330.0
examples/regalloc/439-mbb-machinebasicblock-cansplitcriticaled-n62-d16-r1.pbqp,7,14,16,0,false,true,7,696.0
examples/regalloc/439-mbb-machinebasicblock-cansplitcriticaled-n62-d16-r1.pbqp,14,7,1,0,false,false,10,2412.0
examples/regalloc/439-mbb-machinebasicblock-cansplitcriticaled-n62-d16-r1.pbqp,14,10,1,0,false,false,1,330.0
examples/regalloc/439-mbb-machinebasicblock-cansplitcriticaled-n62-d16-r1.pbqp,13,10,1,0,false,false,1,301.0
examples/regalloc/439-mbb-machinebasicblock-cansplitcriticaled-n62-d16-r1.pbqp,13,7,1,0,false,false,5,1181.0
examples/regalloc/439-mbb-machinebasicblock-cansplitcriticaled-n62-d16-r1.pbqp,7,10,16,0,false,false,4,1126.0
examples/regalloc/439-mbb-machinebasicblock-cansplitcriticaled-n62-d16-r1.pbqp,7,12,16,0,false,false,5,1466.0
examples/regalloc/439-mbb-machinebasicblock-cansplitcriticaled-n62-d16-r1.pbqp,10,7,1,0,false,false,3,736.0
examples/regalloc/439-mbb-machinebasicblock-cansplitcriticaled-n62-d16-r1.pbqp,10,12,16,0,false,false,2,718.0
examples/regalloc/439-mbb-machinebasicblock-cansplitcriticaled-n62-d16-r1.pbqp,7,12,16,0,false,true,7,611.0
examples/regalloc/439-mbb-machinebasicblock-cansplitcriticaled-n62-d16-r1.pbqp,7,7,1,0,false,true,7,656.0
examples/regalloc/439-mbb-machinebasicblock-cansplitcriticaled-n62-d16-r1.pbqp,7,16,1,0,false,false,1,327.0
examples/regalloc/439-mbb-machinebasicblock-cansplitcriticaled-n62-d16-r1.pbqp,7,13,16,0,false,false,2,600.0
examples/regalloc/439-mbb-machinebasicblock-cansplitcriticaled-n62-d16-r1.pbqp,7,7,16,0,true,false,1,225.0
examples/regalloc/439-mbb-machinebasicblock-cansplitcriticaled-n62-d16-r1.pbqp,7,7,16,2,true,false,1,381.0
examples/regalloc/439-mbb-machinebasicblock-cansplitcriticaled-n62-d16-r1.pbqp,16,10,16,0,false,false,1,459.0
examples/regalloc/439-mbb-machinebasicblock-cansplitcriticaled-n62-d16-r1.pbqp,16,13,16,0,false,false,1,446.0
examples/regalloc/439-mbb-machinebasicblock-cansplitcriticaled-n62-d16-r1.pbqp,16,12,16,0,false,false,1,475.0
examples/regalloc/439-mbb-machinebasicblock-cansplitcriticaled-n62-d16-r1.pbqp,10,14,16,0,false,false,1,358.0
examples/regalloc/439-mbb-machinebasicblock-cansplitcriticaled-n62-d16-r1.pbqp,10,13,16,0,false,false,1,388.0
examples/regalloc/439-mbb-machinebasicblock-cansplitcriticaled-n62-d16-r1.pbqp,10,7,16,0,false,false,1,313.0
examples/regalloc/439-mbb-machinebasicblock-cansplitcriticaled-n62-d16-r1.pbqp,14,13,16,0,false,false,1,438.0
examples/regalloc/439-mbb-machinebasicblock-cansplitcriticaled-n62-d16-r1.pbqp,14,12,16,0,false,false,1,427.0
examples/regalloc/439-mbb-machinebasicblock-cansplitcriticaled-n62-d16-r1.pbqp,7,13,1,0,false,true,12,1031.0
examples/regalloc/439-mbb-machinebasicblock-cansplitcriticaled-n62-d16-r1.pbqp,7,12,1,0,true,false,1,341.0
examples/regalloc/441-mbb-machinebasicblock-getprobabilityiter-n2-d16.pbqp,15,16,16,0,false,false,1,321.0
examples/regalloc/442-mbb-machinebasicblock-computeregisterliv-n40-d16.pbqp,16,7,1,0,false,false,103,28758.0
examples/regalloc/442-mbb-machinebasicblock-computeregisterliv-n40-d16.pbqp,16,7,16,0,false,false,4,1304.0
examples/regalloc/442-mbb-machinebasicblock-computeregisterliv-n40-d16.pbqp,7,7,1,0,false,false,45,8961.0
examples/regalloc/442-mbb-machinebasicblock-computeregisterliv-n40-d16.pbqp,7,7,16,0,false,false,31,6951.0
examples/regalloc/442-mbb-machinebasicblock-computeregisterliv-n40-d16.pbqp,7,15,16,0,false,false,8,2213.0
examples/regalloc/442-mbb-machinebasicblock-computeregisterliv-n40-d16.pbqp,7,16,16,0,false,false,12,3267.0
examples/regalloc/442-mbb-machinebasicblock-computeregisterliv-n40-d16.pbqp,16,15,1,0,false,false,2,869.0
examples/regalloc/442-mbb-machinebasicblock-computeregisterliv-n40-d16.pbqp,15,7,1,0,false,false,3,761.0
examples/regalloc/442-mbb-machinebasicblock-computeregisterliv-n40-d16.pbqp,15,7,16,0,false,false,1,362.0
examples/regalloc/442-mbb-machinebasicblock-computeregisterliv-n40-d16.pbqp,16,16,16,0,false,false,6,2690.0
examples/regalloc/442-mbb-machinebasicblock-computeregisterliv-n40-d16.pbqp,16,16,1,0,false,false,12,4691.0
examples/regalloc/442-mbb-machinebasicblock-computeregisterliv-n40-d16.pbqp,7,16,1,0,false,false,1,284.0
examples/regalloc/442-mbb-machinebasicblock-computeregisterliv-n40-d16.pbqp,7,7,16,0,false,true,15,869.0
examples/regalloc/442-mbb-machinebasicblock-computeregisterliv-n40-d16.pbqp,7,15,16,2,true,false,1,482.0
examples/regalloc/443-mbb-machinebasicblock-computeregisterliv-n46-d16-r1.pbqp,7,16,16,0,false,true,37,3091.0
examples/regalloc/443-mbb-machinebasicblock-computeregisterliv-n46-d16-r1.pbqp,7,16,16,0,false,false,12,3401.0
examples/regalloc/443-mbb-machinebasicblock-computeregisterliv-n46-d16-r1.pbqp,7,16,1,0,false,true,7,642.0
examples/regalloc/443-mbb-machinebasicblock-computeregisterliv-n46-d16-r1.pbqp,16,7,1,0,false,false,76,21625.0
examples/regalloc/443-mbb-machinebasicblock-computeregisterliv-n46-d16-r1.pbqp,16,7,16,0,false,false,3,930.0
examples/regalloc/443-mbb-machinebasicblock-computeregisterliv-n46-d16-r1.pbqp,16,16,16,0,false,false,6,2725.0
examples/regalloc/443-mbb-machinebasicblock-computeregisterliv-n46-d16-r1.pbqp,16,16,1,0,false,false,12,5001.0
examples/regalloc/443-mbb-machinebasicblock-computeregisterliv-n46-d16-r1.pbqp,7,7,1,0,false,false,22,4900.0
examples/regalloc/443-mbb-machinebasicblock-computeregisterliv-n46-d16-r1.pbqp,7,7,16,0,false,false,18,4060.0
examples/regalloc/443-mbb-machinebasicblock-computeregisterliv-n46-d16-r1.pbqp,7,15,16,0,false,false,7,1969.0
examples/regalloc/443-mbb-machinebasicblock-computeregisterliv-n46-d16-r1.pbqp,16,15,1,0,false,false,2,857.0
examples/regalloc/443-mbb-machinebasicblock-computeregisterliv-n46-d16-r1.pbqp,7,7,1,0,true,false,2,433.0
examples/regalloc/443-mbb-machinebasicblock-computeregisterliv-n46-d16-r1.pbqp,7,15,1,0,false,true,7,749.0
examples/regalloc/443-mbb-machinebasicblock-computeregisterliv-n46-d16-r1.pbqp,7,16,1,0,false,false,1,305.0
examples/regalloc/443-mbb-machinebasicblock-computeregisterliv-n46-d16-r1.pbqp,7,7,1,0,false,true,7,634.0
examples/regalloc/443-mbb-machinebasicblock-computeregisterliv-n46-d16-r1.pbqp,7,7,16,2,true,true,15,1201.0
examples/regalloc/443-mbb-machinebasicblock-computeregisterliv-n46-d16-r1.pbqp,7,15,16,2,true,false,1,421.0
examples/regalloc/444-mbb-machinebasicblock-sizewithoutdebugla-n9-d16.pbqp,16,16,1,0,false,false,10,3835.0
examples/regalloc/444-mbb-machinebasicblock-sizewithoutdebugla-n9-d16.pbqp,16,15,1,0,false,false,3,1063.0
examples/regalloc/444-mbb-machinebasicblock-sizewithoutdebugla-n9-d16.pbqp,16,16,16,0,false,false,7,2998.0
examples/regalloc/444-mbb-machinebasicblock-sizewithoutdebugla-n9-d16.pbqp,15,16,16,0,false,false,5,1983.0
examples/regalloc/444-mbb-machinebasicblock-sizewithoutdebugla-n9-d16.pbqp,16,16,1,0,false,true,16,1619.0
examples/regalloc/444-mbb-machinebasicblock-sizewithoutdebugla-n9-d16.pbqp,16,16,1,0,true,false,1,438.0
examples/regalloc/445-mbb-machinebasicblock-canpredictbranchpr-n139-d17.pbqp,7,16,1,0,false,true,7,923.0
examples/regalloc/445-mbb-machinebasicblock-canpredictbranchpr-n139-d17.pbqp,17,17,17,0,false,false,46,23838.0
examples/regalloc/445-mbb-machinebasicblock-canpredictbranchpr-n139-d17.pbqp,17,17,1,0,false,true,68,8425.0
examples/regalloc/445-mbb-machinebasicblock-canpredictbranchpr-n139-d17.pbqp,17,17,17,0,true,false,2,951.0
examples/regalloc/445-mbb-machinebasicblock-canpredictbranchpr-n139-d17.pbqp,17,17,1,0,false,false,46,19671.0
examples/regalloc/445-mbb-machinebasicblock-canpredictbranchpr-n139-d17.pbqp,15,7,1,0,false,false,10,2901.0
examples/regalloc/445-mbb-machinebasicblock-canpredictbranchpr-n139-d17.pbqp,16,7,1,0,false,false,305,85044.0
examples/regalloc/445-mbb-machinebasicblock-canpredictbranchpr-n139-d17.pbqp,16,16,1,0,false,false,91,38231.0
examples/regalloc/445-mbb-machinebasicblock-canpredictbranchpr-n139-d17.pbqp,16,14,1,0,false,false,244,89071.0
examples/regalloc/445-mbb-machinebasicblock-canpredictbranchpr-n139-d17.pbqp,16,16,17,0,false,false,22,10189.0
examples/regalloc/445-mbb-machinebasicblock-canpredictbranchpr-n139-d17.pbqp,16,7,17,0,false,false,4,1393.0
examples/regalloc/445-mbb-machinebasicblock-canpredictbranchpr-n139-d17.pbqp,7,7,17,0,true,false,1,305.0
examples/regalloc/445-mbb-machinebasicblock-canpredictbranchpr-n139-d17.pbqp,7,7,17,0,false,false,28,8510.0
examples/regalloc/445-mbb-machinebasicblock-canpredictbranchpr-n139-d17.pbqp,7,7,1,0,false,false,7,1988.0
examples/regalloc/445-mbb-machinebasicblock-canpredictbranchpr-n139-d17.pbqp,7,16,17,0,false,false,22,7200.0
examples/regalloc/445-mbb-machinebasicblock-canpredictbranchpr-n139-d17.pbqp,7,14,17,0,false,false,33,9877.0
examples/regalloc/445-mbb-machinebasicblock-canpredictbranchpr-n139-d17.pbqp,16,14,17,0,false,false,10,5088.0
examples/regalloc/445-mbb-machinebasicblock-canpredictbranchpr-n139-d17.pbqp,14,14,1,0,false,false,14,5150.0
examples/regalloc/445-mbb-machinebasicblock-canpredictbranchpr-n139-d17.pbqp,14,7,1,0,false,false,34,9592.0
examples/regalloc/445-mbb-machinebasicblock-canpredictbranchpr-n139-d17.pbqp,14,14,17,0,false,false,21,9200.0
examples/regalloc/445-mbb-machinebasicblock-canpredictbranchpr-n139-d17.pbqp,14,16,1,0,false,false,1,464.0
examples/regalloc/445-mbb-machinebasicblock-canpredictbranchpr-n139-d17.pbqp,17,17,1,0,true,false,2,950.0
examples/regalloc/445-mbb-machinebasicblock-canpredictbranchpr-n139-d17.pbqp,14,16,17,0,false,false,38,15837.0
examples/regalloc/445-mbb-machinebasicblock-canpredictbranchpr-n139-d17.pbqp,14,7,17,0,false,false,9,3032.0
examples/regalloc/445-mbb-machinebasicblock-canpredictbranchpr-n139-d17.pbqp,14,14,1,0,false,true,7,980.0
examples/regalloc/445-mbb-machinebasicblock-canpredictbranchpr-n139-d17.pbqp,7,14,17,0,true,false,1,360.0
examples/regalloc/446-mbb-machinebasicblock-print-n18-d17.pbqp,7,16,17,0,false,true,48,3101.0
examples/regalloc/446-mbb-machinebasicblock-print-n18-d17.pbqp,7,16,17,0,true,false,2,414.0
examples/regalloc/446-mbb-machinebasicblock-print-n18-d17.pbqp,16,7,1,0,false,false,4,880.0
examples/regalloc/446-mbb-machinebasicblock-print-n18-d17.pbqp,12,7,1,0,false,false,4,663.0
examples/regalloc/446-mbb-machinebasicblock-print-n18-d17.pbqp,7,7,1,0,false,false,5,665.0
examples/regalloc/446-mbb-machinebasicblock-print-n18-d17.pbqp,7,7,17,0,false,false,9,1713.0
examples/regalloc/446-mbb-machinebasicblock-print-n18-d17.pbqp,7,15,17,0,false,false,4,932.0
examples/regalloc/446-mbb-machinebasicblock-print-n18-d17.pbqp,7,15,1,0,false,true,7,511.0
examples/regalloc/446-mbb-machinebasicblock-print-n18-d17.pbqp,7,7,17,0,true,false,1,187.0
examples/regalloc/447-mbb-machinebasicblock-print-n227-d17.pbqp,7,16,17,0,false,true,69,6715.0
examples/regalloc/447-mbb-machinebasicblock-print-n227-d17.pbqp,16,16,1,0,false,true,32,4201.0
examples/regalloc/447-mbb-machinebasicblock-print-n227-d17.pbqp,16,16,1,0,true,false,2,1056.0
examples/regalloc/447-mbb-machinebasicblock-print-n227-d17.pbqp,14,15,17,0,false,false,1,739.0
examples/regalloc/447-mbb-machinebasicblock-print-n227-d17.pbqp,7,16,17,0,true,false,2,696.0
examples/regalloc/447-mbb-machinebasicblock-print-n227-d17.pbqp,16,7,1,0,false,false,1342,378957.0
examples/regalloc/447-mbb-machinebasicblock-print-n227-d17.pbqp,16,16,17,0,false,false,54,25653.0
examples/regalloc/447-mbb-machinebasicblock-print-n227-d17.pbqp,16,16,1,0,false,false,67,32260.0
examples/regalloc/447-mbb-machinebasicblock-print-n227-d17.pbqp,16,14,1,0,false,false,20,9777.0
examples/regalloc/447-mbb-machinebasicblock-print-n227-d17.pbqp,7,14,17,0,true,false,1,432.0
examples/regalloc/447-mbb-machinebasicblock-print-n227-d17.pbqp,14,7,1,0,false,false,133,35446.0
examples/regalloc/447-mbb-machinebasicblock-print-n227-d17.pbqp,14,16,17,0,false,false,33,14484.0
examples/regalloc/447-mbb-machinebasicblock-print-n227-d17.pbqp,16,15,17,0,false,false,2,1244.0
examples/regalloc/447-mbb-machinebasicblock-print-n227-d17.pbqp,15,7,1,0,false,false,155,41639.0
examples/regalloc/447-mbb-machinebasicblock-print-n227-d17.pbqp,7,7,1,0,false,false,389,85482.0
examples/regalloc/447-mbb-machinebasicblock-print-n227-d17.pbqp,7,7,17,0,false,false,119,28078.0
examples/regalloc/447-mbb-machinebasicblock-print-n227-d17.pbqp,16,7,17,0,false,false,10,3211.0
examples/regalloc/447-mbb-machinebasicblock-print-n227-d17.pbqp,13,7,1,0,false,false,81,21457.0
examples/regalloc/447-mbb-machinebasicblock-print-n227-d17.pbqp,13,15,17,0,false,false,1,478.0
examples/regalloc/447-mbb-machinebasicblock-print-n227-d17.pbqp,15,16,1,0,false,false,2,1018.0
examples/regalloc/447-mbb-machinebasicblock-print-n227-d17.pbqp,7,16,17,0,false,false,149,45639.0
examples/regalloc/447-mbb-machinebasicblock-print-n227-d17.pbqp,15,14,1,0,false,false,3,1667.0
examples/regalloc/447-mbb-machinebasicblock-print-n227-d17.pbqp,16,15,1,0,false,false,1,728.0
examples/regalloc/447-mbb-machinebasicblock-print-n227-d17.pbqp,7,16,1,0,false,false,9,3316.0
examples/regalloc/447-mbb-machinebasicblock-print-n227-d17.pbqp,7,14,17,0,false,false,16,5127.0
examples/regalloc/447-mbb-machinebasicblock-print-n227-d17.pbqp,14,16,1,0,false,false,2,1107.0
examples/regalloc/447-mbb-machinebasicblock-print-n227-d17.pbqp,14,14,1,0,false,false,3,1600.0
examples/regalloc/447-mbb-machinebasicblock-print-n227-d17.pbqp,14,7,17,0,false,false,1,348.0
examples/regalloc/447-mbb-machinebasicblock-print-n227-d17.pbqp,7,14,1,0,false,false,8,2997.0
examples/regalloc/447-mbb-machinebasicblock-print-n227-d17.pbqp,16,14,17,0,false,false,2,1161.0
examples/regalloc/447-mbb-machinebasicblock-print-n227-d17.pbqp,7,7,1,0,true,false,1,236.0
examples/regalloc/448-mbb-machinebasicblock-print-n234-d17-r1.pbqp,7,16,17,0,false,true,202,19872.0
examples/regalloc/448-mbb-machinebasicblock-print-n234-d17-r1.pbqp,16,16,1,0,false,true,32,4377.0
examples/regalloc/448-mbb-machinebasicblock-print-n234-d17-r1.pbqp,16,16,1,0,true,false,2,1012.0
examples/regalloc/448-mbb-machinebasicblock-print-n234-d17-r1.pbqp,14,15,17,0,false,false,1,582.0
examples/regalloc/448-mbb-machinebasicblock-print-n234-d17-r1.pbqp,7,16,17,0,true,false,2,576.0
examples/regalloc/448-mbb-machinebasicblock-print-n234-d17-r1.pbqp,16,7,1,0,false,false,491,140314.0
examples/regalloc/448-mbb-machinebasicblock-print-n234-d17-r1.pbqp,16,16,17,0,false,false,69,31843.0
examples/regalloc/448-mbb-machinebasicblock-print-n234-d17-r1.pbqp,16,16,1,0,false,false,81,36004.0
examples/regalloc/448-mbb-machinebasicblock-print-n234-d17-r1.pbqp,16,14,1,0,false,false,25,10924.0
examples/regalloc/448-mbb-machinebasicblock-print-n234-d17-r1.pbqp,7,14,17,0,true,false,1,482.0
examples/regalloc/448-mbb-machinebasicblock-print-n234-d17-r1.pbqp,16,15,17,0,false,false,2,1221.0
examples/regalloc/448-mbb-machinebasicblock-print-n234-d17-r1.pbqp,7,15,17,0,false,true,14,1660.0
examples/regalloc/448-mbb-machinebasicblock-print-n234-d17-r1.pbqp,16,7,17,0,false,false,5,1849.0
examples/regalloc/448-mbb-machinebasicblock-print-n234-d17-r1.pbqp,13,7,1,0,false,false,24,5915.0
examples/regalloc/448-mbb-machinebasicblock-print-n234-d17-r1.pbqp,13,15,17,0,false,false,4,1844.0
examples/regalloc/448-mbb-machinebasicblock-print-n234-d17-r1.pbqp,15,7,1,0,false,false,56,15133.0
examples/regalloc/448-mbb-machinebasicblock-print-n234-d17-r1.pbqp,14,7,1,0,false,false,56,15652.0
examples/regalloc/448-mbb-machinebasicblock-print-n234-d17-r1.pbqp,14,16,17,0,false,false,36,14515.0
examples/regalloc/448-mbb-machinebasicblock-print-n234-d17-r1.pbqp,7,7,1,0,false,false,60,13424.0
examples/regalloc/448-mbb-machinebasicblock-print-n234-d17-r1.pbqp,7,16,17,0,false,false,53,16545.0
examples/regalloc/448-mbb-machinebasicblock-print-n234-d17-r1.pbqp,7,15,17,0,false,false,1,400.0
examples/regalloc/448-mbb-machinebasicblock-print-n234-d17-r1.pbqp,15,16,1,0,false,false,2,812.0
examples/regalloc/448-mbb-machinebasicblock-print-n234-d17-r1.pbqp,16,13,1,0,false,false,3,1817.0
examples/regalloc/448-mbb-machinebasicblock-print-n234-d17-r1.pbqp,14,14,1,0,false,false,3,1393.0
examples/regalloc/448-mbb-machinebasicblock-print-n234-d17-r1.pbqp,14,7,17,0,false,false,1,375.0
examples/regalloc/448-mbb-machinebasicblock-print-n234-d17-r1.pbqp,15,14,1,0,false,false,3,1422.0
examples/regalloc/448-mbb-machinebasicblock-print-n234-d17-r1.pbqp,15,16,17,0,false,false,4,1660.0
examples/regalloc/448-mbb-machinebasicblock-print-n234-d17-r1.pbqp,16,15,1,0,false,false,1,668.0
examples/regalloc/448-mbb-machinebasicblock-print-n234-d17-r1.pbqp,7,7,17,0,false,false,15,4327.0
examples/regalloc/448-mbb-machinebasicblock-print-n234-d17-r1.pbqp,7,7,17,0,false,true,14,1574.0
examples/regalloc/448-mbb-machinebasicblock-print-n234-d17-r1.pbqp,14,16,1,0,false,false,2,925.0
examples/regalloc/448-mbb-machinebasicblock-print-n234-d17-r1.pbqp,7,16,1,0,false,false,6,1962.0
examples/regalloc/448-mbb-machinebasicblock-print-n234-d17-r1.pbqp,7,14,1,0,false,false,2,701.0
examples/regalloc/448-mbb-machinebasicblock-print-n234-d17-r1.pbqp,7,14,17,0,false,false,1,366.0
examples/regalloc/448-mbb-machinebasicblock-print-n234-d17-r1.pbqp,16,14,17,0,false,false,2,1178.0
examples/regalloc/448-mbb-machinebasicblock-print-n234-d17-r1.pbqp,7,7,1,2,true,false,1,619.0
examples/regalloc/449-mbb-machinebasicblock-getname-n4-d16.pbqp,15,15,16,0,false,false,1,370.0
examples/regalloc/451-mbb-machinebasicblock-islivein-n8-d16.pbqp,16,15,1,0,false,false,4,1349.0
examples/regalloc/451-mbb-machinebasicblock-islivein-n8-d16.pbqp,16,14,1,0,false,false,4,1332.0
examples/regalloc/451-mbb-machinebasicblock-islivein-n8-d16.pbqp,16,16,16,0,false,false,5,1858.0
examples/regalloc/451-mbb-machinebasicblock-islivein-n8-d16.pbqp,16,16,1,0,false,false,2,811.0
examples/regalloc/451-mbb-machinebasicblock-islivein-n8-d16.pbqp,16,15,1,0,false,true,14,1299.0
examples/regalloc/451-mbb-machinebasicblock-islivein-n8-d16.pbqp,16,14,1,0,true,false,1,374.0
examples/regalloc/452-mbb-machinebasicblock-getsymbol-n29-d17.pbqp,7,16,17,0,false,true,28,2409.0
examples/regalloc/452-mbb-machinebasicblock-getsymbol-n29-d17.pbqp,16,7,1,0,false,false,36,9881.0
examples/regalloc/452-mbb-machinebasicblock-getsymbol-n29-d17.pbqp,16,16,1,0,false,false,4,1474.0
examples/regalloc/452-mbb-machinebasicblock-getsymbol-n29-d17.pbqp,16,16,17,0,false,false,4,1636.0
examples/regalloc/452-mbb-machinebasicblock-getsymbol-n29-d17.pbqp,14,7,1,0,false,false,2,438.0
examples/regalloc/452-mbb-machinebasicblock-getsymbol-n29-d17.pbqp,14,15,17,0,false,false,1,372.0
examples/regalloc/452-mbb-machinebasicblock-getsymbol-n29-d17.pbqp,7,15,17,0,false,true,7,585.0
examples/regalloc/452-mbb-machinebasicblock-getsymbol-n29-d17.pbqp,15,7,1,0,false,false,21,5314.0
examples/regalloc/452-mbb-machinebasicblock-getsymbol-n29-d17.pbqp,15,16,17,0,false,false,1,342.0
examples/regalloc/452-mbb-machinebasicblock-getsymbol-n29-d17.pbqp,16,15,17,0,false,false,1,416.0
examples/regalloc/452-mbb-machinebasicblock-getsymbol-n29-d17.pbqp,7,7,1,0,false,false,3,616.0
examples/regalloc/452-mbb-machinebasicblock-getsymbol-n29-d17.pbqp,7,7,17,0,false,false,9,1828.0
examples/regalloc/452-mbb-machinebasicblock-getsymbol-n29-d17.pbqp,7,16,17,0,false,false,4,1055.0
examples/regalloc/452-mbb-machinebasicblock-getsymbol-n29-d17.pbqp,7,7,1,0,true,false,2,403.0
examples/regalloc/452-mbb-machinebasicblock-getsymbol-n29-d17.pbqp,16,7,1,0,false,true,7,766.0
examples/regalloc/452-mbb-machinebasicblock-getsymbol-n29-d17.pbqp,16,7,1,2,true,false,1,346.0
examples/regalloc/453-mbb-machinebasicblock-printname-n121-d17.pbqp,16,16,1,0,false,true,7,971.0
examples/regalloc/453-mbb-machinebasicblock-printname-n121-d17.pbqp,7,15,17,0,false,true,30,2595.0
examples/regalloc/453-mbb-machinebasicblock-printname-n121-d17.pbqp,7,16,17,0,true,false,1,291.0
examples/regalloc/453-mbb-machinebasicblock-printname-n121-d17.pbqp,7,16,17,0,true,true,7,668.0
examples/regalloc/453-mbb-machinebasicblock-printname-n121-d17.pbqp,16,16,1,0,false,false,40,16796.0
examples/regalloc/453-mbb-machinebasicblock-printname-n121-d17.pbqp,16,7,1,0,false,false,165,47253.0
examples/regalloc/453-mbb-machinebasicblock-printname-n121-d17.pbqp,7,16,17,0,false,true,98,9493.0
examples/regalloc/453-mbb-machinebasicblock-printname-n121-d17.pbqp,13,7,17,0,false,false,3,862.0
examples/regalloc/453-mbb-machinebasicblock-printname-n121-d17.pbqp,15,7,1,0,false,false,10,2741.0
examples/regalloc/453-mbb-machinebasicblock-printname-n121-d17.pbqp,15,16,17,0,false,false,1,406.0
examples/regalloc/453-mbb-machinebasicblock-printname-n121-d17.pbqp,16,16,17,0,false,false,3,1407.0
examples/regalloc/453-mbb-machinebasicblock-printname-n121-d17.pbqp,15,16,1,0,false,false,3,1236.0
examples/regalloc/453-mbb-machinebasicblock-printname-n121-d17.pbqp,16,14,1,0,false,false,20,7525.0
examples/regalloc/453-mbb-machinebasicblock-printname-n121-d17.pbqp,14,7,1,0,false,false,38,9927.0
examples/regalloc/453-mbb-machinebasicblock-printname-n121-d17.pbqp,14,16,1,0,false,false,10,3686.0
examples/regalloc/453-mbb-machinebasicblock-printname-n121-d17.pbqp,14,14,17,0,false,false,1,488.0
examples/regalloc/453-mbb-machinebasicblock-printname-n121-d17.pbqp,16,15,1,0,false,false,1,539.0
examples/regalloc/453-mbb-machinebasicblock-printname-n121-d17.pbqp,16,14,17,0,false,false,1,529.0
examples/regalloc/453-mbb-machinebasicblock-printname-n121-d17.pbqp,14,15,1,0,false,false,1,523.0
examples/regalloc/453-mbb-machinebasicblock-printname-n121-d17.pbqp,7,7,1,0,false,false,7,1945.0
examples/regalloc/453-mbb-machinebasicblock-printname-n121-d17.pbqp,7,16,17,0,false,false,3,964.0
examples/regalloc/453-mbb-machinebasicblock-printname-n121-d17.pbqp,7,7,1,0,true,false,1,259.0
examples/regalloc/453-mbb-machinebasicblock-printname-n121-d17.pbqp,16,7,1,0,false,true,7,908.0
examples/regalloc/453-mbb-machinebasicblock-printname-n121-d17.pbqp,16,7,1,2,true,false,1,517.0
examples/regalloc/454-mbb-optionvaluecopy-compare-n4-d16.pbqp,16,15,1,0,false,false,1,341.0
examples/regalloc/454-mbb-optionvaluecopy-compare-n4-d16.pbqp,16,16,1,0,false,true,16,1640.0
examples/regalloc/454-mbb-optionvaluecopy-compare-n4-d16.pbqp,16,16,1,0,true,false,1,318.0
examples/regalloc/455-mbb-function-handler-m-manager-n4-d16.pbqp,16,15,1,0,false,true,14,1706.0
examples/regalloc/455-mbb-function-handler-m-manager-n4-d16.pbqp,16,16,1,0,false,true,14,1711.0
examples/regalloc/455-mbb-function-handler-m-manager-n4-d16.pbqp,16,14,16,0,true,false,1,374.0
examples/regalloc/456-mbb-function-handler-m-invoke-n5-d16.pbqp,14,16,16,0,false,false,2,681.0
examples/regalloc/456-mbb-function-handler-m-invoke-n5-d16.pbqp,14,14,1,0,false,true,16,1381.0
examples/regalloc/456-mbb-function-handler-m-invoke-n5-d16.pbqp,14,16,16,0,true,false,1,298.0
examples/regalloc/457-mbb-function-handler-m-manager-n4-d16.pbqp,16,15,1,0,false,true,14,1333.0
examples/regalloc/457-mbb-function-handler-m-manager-n4-d16.pbqp,16,16,1,0,false,true,14,1393.0
examples/regalloc/457-mbb-function-handler-m-manager-n4-d16.pbqp,16,14,16,0,true,false,1,302.0
examples/regalloc/458-mbb-function-handler-m-invoke-n8-d16.pbqp,7,16,16,0,false,false,3,697.0
examples/regalloc/458-mbb-function-handler-m-invoke-n8-d16.pbqp,7,15,16,0,false,false,1,213.0
examples/regalloc/458-mbb-function-handler-m-invoke-n8-d16.pbqp,16,7,1,0,false,false,2,444.0
examples/regalloc/458-mbb-function-handler-m-invoke-n8-d16.pbqp,16,16,16,0,false,false,1,341.0
examples/regalloc/458-mbb-function-handler-m-invoke-n8-d16.pbqp,7,16,16,0,false,true,23,1529.0
examples/regalloc/458-mbb-function-handler-m-invoke-n8-d16.pbqp,7,7,1,0,true,false,1,131.0
examples/regalloc/458-mbb-function-handler-m-invoke-n8-d16.pbqp,7,16,16,0,true,false,1,232.0
examples/regalloc/459-mbb-set-insert-n14-d16.pbqp,16,15,1,0,false,false,1,408.0
examples/regalloc/459-mbb-set-insert-n14-d16.pbqp,16,7,1,0,false,false,19,4870.0
examples/regalloc/459-mbb-set-insert-n14-d16.pbqp,15,7,1,0,false,false,7,1518.0
examples/regalloc/459-mbb-set-insert-n14-d16.pbqp,7,7,1,0,false,false,16,3114.0
examples/regalloc/459-mbb-set-insert-n14-d16.pbqp,16,16,1,0,false,false,1,415.0
examples/regalloc/459-mbb-set-insert-n14-d16.pbqp,7,7,16,0,false,false,11,2381.0
examples/regalloc/459-mbb-set-insert-n14-d16.pbqp,7,16,16,0,false,false,12,3362.0
examples/regalloc/459-mbb-set-insert-n14-d16.pbqp,16,16,16,0,false,true,7,934.0
examples/regalloc/459-mbb-set-insert-n14-d16.pbqp,16,7,1,0,true,false,1,286.0
examples/regalloc/460-mbb-rb-tree-m-erase-n4-d15.pbqp,7,7,15,0,false,true,7,462.0
examples/regalloc/460-mbb-rb-tree-m-erase-n4-d15.pbqp,15,7,1,0,false,true,7,558.0
examples/regalloc/460-mbb-rb-tree-m-erase-n4-d15.pbqp,7,15,15,2,true,false,1,234.0
examples/regalloc/461-mbb-rb-tree-m-erase-n4-d15.pbqp,7,7,15,0,false,true,7,518.0
examples/regalloc/461-mbb-rb-tree-m-erase-n4-d15.pbqp,15,7,1,0,false,true,7,595.0
examples/regalloc/461-mbb-rb-tree-m-erase-n4-d15.pbqp,7,15,15,2,true,false,1,213.0
examples/regalloc/462-mbb-std-adjust-heap-n33-d16.pbqp,16,14,1,0,false,false,12,4589.0
examples/regalloc/462-mbb-std-adjust-heap-n33-d16.pbqp,16,15,1,0,false,false,24,9691.0
examples/regalloc/462-mbb-std-adjust-heap-n33-d16.pbqp,16,13,1,0,false,false,24,9044.0
examples/regalloc/462-mbb-std-adjust-heap-n33-d16.pbqp,16,16,1,0,false,false,82,31279.0
examples/regalloc/462-mbb-std-adjust-heap-n33-d16.pbqp,16,12,1,0,false,false,24,8345.0
examples/regalloc/462-mbb-std-adjust-heap-n33-d16.pbqp,16,16,16,0,false,false,43,19216.0
examples/regalloc/462-mbb-std-adjust-heap-n33-d16.pbqp,14,13,1,0,false,false,1,353.0
examples/regalloc/462-mbb-std-adjust-heap-n33-d16.pbqp,14,12,1,0,false,false,1,331.0
examples/regalloc/462-mbb-std-adjust-heap-n33-d16.pbqp,14,15,16,0,false,false,1,458.0
examples/regalloc/462-mbb-std-adjust-heap-n33-d16.pbqp,14,16,16,0,false,false,3,1197.0
examples/regalloc/462-mbb-std-adjust-heap-n33-d16.pbqp,15,13,1,0,false,false,1,404.0
examples/regalloc/462-mbb-std-adjust-heap-n33-d16.pbqp,15,12,1,0,false,false,1,341.0
examples/regalloc/462-mbb-std-adjust-heap-n33-d16.pbqp,15,16,16,0,false,false,5,2070.0
examples/regalloc/462-mbb-std-adjust-heap-n33-d16.pbqp,13,12,1,0,false,false,1,355.0
examples/regalloc/462-mbb-std-adjust-heap-n33-d16.pbqp,13,16,16,0,false,false,5,1833.0
examples/regalloc/462-mbb-std-adjust-heap-n33-d16.pbqp,12,16,16,0,false,false,5,1940.0
examples/regalloc/462-mbb-std-adjust-heap-n33-d16.pbqp,16,16,16,0,false,true,16,1702.0
examples/regalloc/462-mbb-std-adjust-heap-n33-d16.pbqp,16,16,1,2,true,false,1,723.0
examples/regalloc/463-mbb-std-introsort-loop-n82-d17.pbqp,16,7,1,0,false,false,93,27451.0
examples/regalloc/463-mbb-std-introsort-loop-n82-d17.pbqp,16,16,17,0,false,false,112,48769.0
examples/regalloc/463-mbb-std-introsort-loop-n82-d17.pbqp,16,16,1,0,false,false,152,61959.0
examples/regalloc/463-mbb-std-introsort-loop-n82-d17.pbqp,16,15,1,0,false,false,10,4136.0
examples/regalloc/463-mbb-std-introsort-loop-n82-d17.pbqp,16,7,17,0,false,false,6,2096.0
examples/regalloc/463-mbb-std-introsort-loop-n82-d17.pbqp,7,7,1,0,false,false,3,627.0
examples/regalloc/463-mbb-std-introsort-loop-n82-d17.pbqp,7,16,1,0,false,false,1,321.0
examples/regalloc/463-mbb-std-introsort-loop-n82-d17.pbqp,7,15,1,0,false,false,1,285.0
examples/regalloc/463-mbb-std-introsort-loop-n82-d17.pbqp,7,7,17,0,false,false,2,528.0
examples/regalloc/463-mbb-std-introsort-loop-n82-d17.pbqp,7,16,17,0,false,false,11,3345.0
examples/regalloc/463-mbb-std-introsort-loop-n82-d17.pbqp,7,15,17,0,false,false,1,332.0
examples/regalloc/463-mbb-std-introsort-loop-n82-d17.pbqp,15,7,17,0,false,false,1,383.0
examples/regalloc/463-mbb-std-introsort-loop-n82-d17.pbqp,15,16,17,0,false,false,2,866.0
examples/regalloc/463-mbb-std-introsort-loop-n82-d17.pbqp,15,7,1,0,false,false,1,295.0
examples/regalloc/463-mbb-std-introsort-loop-n82-d17.pbqp,7,16,17,0,false,true,7,820.0
examples/regalloc/463-mbb-std-introsort-loop-n82-d17.pbqp,7,7,17,2,true,false,1,355.0
examples/regalloc/463-mbb-std-introsort-loop-n82-d17.pbqp,16,16,1,0,false,true,7,1010.0
examples/regalloc/463-mbb-std-introsort-loop-n82-d17.pbqp,7,16,17,2,true,false,1,520.0
examples/regalloc/464-mbb-std-introsort-loop-n82-d17-r1.pbqp,16,7,1,0,false,false,93,26523.0
examples/regalloc/464-mbb-std-introsort-loop-n82-d17-r1.pbqp,16,16,17,0,false,false,101,44635.0
examples/regalloc/464-mbb-std-introsort-loop-n82-d17-r1.pbqp,16,16,1,0,false,false,152,62304.0
examples/regalloc/464-mbb-std-introsort-loop-n82-d17-r1.pbqp,16,15,1,0,false,false,10,4013.0
examples/regalloc/464-mbb-std-introsort-loop-n82-d17-r1.pbqp,16,7,17,0,false,false,6,2112.0
examples/regalloc/464-mbb-std-introsort-loop-n82-d17-r1.pbqp,7,7,1,0,false,false,3,652.0
examples/regalloc/464-mbb-std-introsort-loop-n82-d17-r1.pbqp,7,16,1,0,false,false,1,320.0
examples/regalloc/464-mbb-std-introsort-loop-n82-d17-r1.pbqp,7,15,1,0,false,false,1,299.0
examples/regalloc/464-mbb-std-introsort-loop-n82-d17-r1.pbqp,7,7,17,0,false,false,2,497.0
examples/regalloc/464-mbb-std-introsort-loop-n82-d17-r1.pbqp,7,16,17,0,false,false,11,3264.0
examples/regalloc/464-mbb-std-introsort-loop-n82-d17-r1.pbqp,7,15,17,0,false,false,1,383.0
examples/regalloc/464-mbb-std-introsort-loop-n82-d17-r1.pbqp,15,7,17,0,false,false,1,380.0
examples/regalloc/464-mbb-std-introsort-loop-n82-d17-r1.pbqp,15,16,17,0,false,false,2,930.0
examples/regalloc/464-mbb-std-introsort-loop-n82-d17-r1.pbqp,15,7,1,0,false,false,1,292.0
examples/regalloc/464-mbb-std-introsort-loop-n82-d17-r1.pbqp,7,16,17,0,false,true,7,829.0
examples/regalloc/464-mbb-std-introsort-loop-n82-d17-r1.pbqp,7,7,17,2,true,false,1,378.0
examples/regalloc/464-mbb-std-introsort-loop-n82-d17-r1.pbqp,16,16,1,0,false,true,7,1016.0
examples/regalloc/464-mbb-std-introsort-loop-n82-d17-r1.pbqp,7,16,17,2,true,false,1,566.0
examples/regalloc/465-mbb-std-introsort-loop-n30-d16.pbqp,16,7,1,0,false,false,40,11366.0
examples/regalloc/465-mbb-std-introsort-loop-n30-d16.pbqp,16,13,1,0,false,false,2,670.0
examples/regalloc/465-mbb-std-introsort-loop-n30-d16.pbqp,16,12,1,0,false,false,2,669.0
examples/regalloc/465-mbb-std-introsort-loop-n30-d16.pbqp,13,7,1,0,false,false,12,2787.0
examples/regalloc/465-mbb-std-introsort-loop-n30-d16.pbqp,13,12,16,0,false,false,2,678.0
examples/regalloc/465-mbb-std-introsort-loop-n30-d16.pbqp,13,7,16,0,false,false,1,252.0
examples/regalloc/465-mbb-std-introsort-loop-n30-d16.pbqp,13,14,16,0,false,false,1,355.0
examples/regalloc/465-mbb-std-introsort-loop-n30-d16.pbqp,12,7,1,0,false,false,7,1755.0
examples/regalloc/465-mbb-std-introsort-loop-n30-d16.pbqp,12,7,16,0,false,false,1,262.0
examples/regalloc/465-mbb-std-introsort-loop-n30-d16.pbqp,12,14,16,0,false,false,1,316.0
examples/regalloc/465-mbb-std-introsort-loop-n30-d16.pbqp,7,7,1,0,false,false,21,4543.0
examples/regalloc/465-mbb-std-introsort-loop-n30-d16.pbqp,7,14,16,0,false,false,1,237.0
examples/regalloc/465-mbb-std-introsort-loop-n30-d16.pbqp,7,14,16,0,false,true,7,560.0
examples/regalloc/465-mbb-std-introsort-loop-n30-d16.pbqp,7,7,16,0,false,false,2,437.0
examples/regalloc/465-mbb-std-introsort-loop-n30-d16.pbqp,16,16,1,0,false,false,27,11054.0
examples/regalloc/465-mbb-std-introsort-loop-n30-d16.pbqp,16,16,16,0,false,false,10,4671.0
examples/regalloc/465-mbb-std-introsort-loop-n30-d16.pbqp,7,16,16,0,false,false,17,5129.0
examples/regalloc/465-mbb-std-introsort-loop-n30-d16.pbqp,16,7,16,0,false,false,1,306.0
examples/regalloc/465-mbb-std-introsort-loop-n30-d16.pbqp,7,16,1,0,false,false,3,892.0
examples/regalloc/465-mbb-std-introsort-loop-n30-d16.pbqp,7,7,1,0,true,false,1,229.0
examples/regalloc/465-mbb-std-introsort-loop-n30-d16.pbqp,16,7,1,0,false,true,16,1254.0
examples/regalloc/465-mbb-std-introsort-loop-n30-d16.pbqp,16,16,16,2,true,false,1,612.0
examples/regalloc/466-mbb-std-final-insertion-sort-n91-d17.pbqp,15,16,17,0,false,true,32,3937.0
examples/regalloc/466-mbb-std-final-insertion-sort-n91-d17.pbqp,16,16,1,0,false,false,655,251211.0
examples/regalloc/466-mbb-std-final-insertion-sort-n91-d17.pbqp,16,15,1,0,false,false,73,28507.0
examples/regalloc/466-mbb-std-final-insertion-sort-n91-d17.pbqp,16,16,17,0,false,false,198,87971.0
examples/regalloc/466-mbb-std-final-insertion-sort-n91-d17.pbqp,16,16,17,0,false,true,15,1627.0
examples/regalloc/466-mbb-std-final-insertion-sort-n91-d17.pbqp,15,16,17,2,true,false,1,887.0
examples/regalloc/466-mbb-std-final-insertion-sort-n91-d17.pbqp,15,16,17,0,false,false,11,4626.0
examples/regalloc/466-mbb-std-final-insertion-sort-n91-d17.pbqp,16,16,1,0,false,true,16,1630.0
examples/regalloc/466-mbb-std-final-insertion-sort-n91-d17.pbqp,16,16,17,2,true,false,1,875.0
examples/regalloc/467-mbb-std-final-insertion-sort-n96-d17-r1.pbqp,16,16,17,0,false,false,168,78217.0
examples/regalloc/467-mbb-std-final-insertion-sort-n96-d17-r1.pbqp,16,16,1,0,false,false,628,251875.0
examples/regalloc/467-mbb-std-final-insertion-sort-n96-d17-r1.pbqp,16,16,17,0,false,true,16,1866.0
examples/regalloc/467-mbb-std-final-insertion-sort-n96-d17-r1.pbqp,16,16,17,2,true,false,2,1763.0
examples/regalloc/467-mbb-std-final-insertion-sort-n96-d17-r1.pbqp,16,16,1,0,false,true,32,3657.0
examples/regalloc/467-mbb-std-final-insertion-sort-n96-d17-r1.pbqp,16,16,1,2,true,false,1,832.0
examples/regalloc/468-mbb-std-move-median-to-first-n29-d16.pbqp,16,16,1,0,false,false,34,13172.0
examples/regalloc/468-mbb-std-move-median-to-first-n29-d16.pbqp,16,14,1,0,false,false,12,4550.0
examples/regalloc/468-mbb-std-move-median-to-first-n29-d16.pbqp,16,16,16,0,false,false,29,12366.0
examples/regalloc/468-mbb-std-move-median-to-first-n29-d16.pbqp,14,16,16,0,false,true,32,3280.0
examples/regalloc/468-mbb-std-move-median-to-first-n29-d16.pbqp,16,13,1,0,false,false,12,4489.0
examples/regalloc/468-mbb-std-move-median-to-first-n29-d16.pbqp,13,16,16,0,false,true,32,2992.0
examples/regalloc/468-mbb-std-move-median-to-first-n29-d16.pbqp,16,15,1,0,false,false,12,4630.0
examples/regalloc/468-mbb-std-move-median-to-first-n29-d16.pbqp,15,16,16,0,false,true,32,3168.0
examples/regalloc/468-mbb-std-move-median-to-first-n29-d16.pbqp,16,15,1,0,true,false,1,421.0
examples/regalloc/468-mbb-std-move-median-to-first-n29-d16.pbqp,16,13,1,0,true,false,1,371.0
examples/regalloc/468-mbb-std-move-median-to-first-n29-d16.pbqp,16,14,1,0,true,false,1,364.0
examples/regalloc/468-mbb-std-move-median-to-first-n29-d16.pbqp,15,13,1,0,false,false,1,386.0
examples/regalloc/468-mbb-std-move-median-to-first-n29-d16.pbqp,15,14,1,0,false,false,1,357.0
examples/regalloc/468-mbb-std-move-median-to-first-n29-d16.pbqp,15,16,16,0,false,false,1,428.0
examples/regalloc/468-mbb-std-move-median-to-first-n29-d16.pbqp,16,14,1,0,false,true,13,1415.0
examples/regalloc/468-mbb-std-move-median-to-first-n29-d16.pbqp,16,13,1,2,true,false,1,671.0
examples/regalloc/469-mbb-0-operator-n21-d17.pbqp,7,16,17,0,false,true,14,1264.0
examples/regalloc/469-mbb-0-operator-n21-d17.pbqp,16,14,1,0,false,true,16,1584.0
examples/regalloc/469-mbb-0-operator-n21-d17.pbqp,16,16,17,0,true,false,1,386.0
examples/regalloc/469-mbb-0-operator-n21-d17.pbqp,14,14,1,0,false,true,7,793.0
examples/regalloc/469-mbb-0-operator-n21-d17.pbqp,14,7,1,0,true,true,7,595.0
examples/regalloc/469-mbb-0-operator-n21-d17.pbqp,7,14,1,2,true,false,1,205.0
examples/regalloc/469-mbb-0-operator-n21-d17.pbqp,15,16,1,0,false,true,7,899.0
examples/regalloc/469-mbb-0-operator-n21-d17.pbqp,7,15,1,0,true,false,1,200.0
examples/regalloc/469-mbb-0-operator-n21-d17.pbqp,7,7,17,0,false,true,7,560.0
examples/regalloc/469-mbb-0-operator-n21-d17.pbqp,15,7,1,0,false,false,2,451.0
examples/regalloc/469-mbb-0-operator-n21-d17.pbqp,15,7,17,0,false,false,1,252.0
examples/regalloc/469-mbb-0-operator-n21-d17.pbqp,7,7,1,0,false,false,1,145.0
examples/regalloc/469-mbb-0-operator-n21-d17.pbqp,7,7,1,2,true,false,1,161.0
examples/regalloc/469-mbb-0-operator-n21-d17.pbqp,7,15,17,0,false,false,1,217.0
examples/regalloc/469-mbb-0-operator-n21-d17.pbqp,7,15,17,0,false,true,7,600.0
examples/regalloc/469-mbb-0-operator-n21-d17.pbqp,16,14,1,0,false,false,1,392.0
examples/regalloc/469-mbb-0-operator-n21-d17.pbqp,16,7,1,0,false,false,4,954.0
examples/regalloc/469-mbb-0-operator-n21-d17.pbqp,16,16,17,0,false,false,2,724.0
examples/regalloc/469-mbb-0-operator-n21-d17.pbqp,14,7,1,0,false,false,2,428.0
examples/regalloc/469-mbb-0-operator-n21-d17.pbqp,14,16,17,0,false,false,2,649.0
examples/regalloc/469-mbb-0-operator-n21-d17.pbqp,16,7,1,0,false,true,7,783.0
examples/regalloc/469-mbb-0-operator-n21-d17.pbqp,16,7,1,2,true,false,1,372.0
examples/regalloc/470-cudd-addabs-cudd-addexistabstract-n10-d16.pbqp,14,7,1,0,false,false,2,448.0
examples/regalloc/470-cudd-addabs-cudd-addexistabstract-n10-d16.pbqp,14,15,16,0,false,false,1,317.0
examples/regalloc/470-cudd-addabs-cudd-addexistabstract-n10-d16.pbqp,7,15,16,0,false,true,7,494.0
examples/regalloc/470-cudd-addabs-cudd-addexistabstract-n10-d16.pbqp,7,7,1,0,false,false,5,649.0
examples/regalloc/470-cudd-addabs-cudd-addexistabstract-n10-d16.pbqp,7,7,1,0,true,false,1,132.0
examples/regalloc/470-cudd-addabs-cudd-addexistabstract-n10-d16.pbqp,16,7,1,0,false,false,3,617.0
examples/regalloc/470-cudd-addabs-cudd-addexistabstract-n10-d16.pbqp,16,16,16,0,false,false,2,687.0
examples/regalloc/470-cudd-addabs-cudd-addexistabstract-n10-d16.pbqp,7,16,16,0,false,false,4,829.0
examples/regalloc/470-cudd-addabs-cudd-addexistabstract-n10-d16.pbqp,16,7,1,0,false,true,16,1072.0
examples/regalloc/470-cudd-addabs-cudd-addexistabstract-n10-d16.pbqp,16,16,16,2,true,false,1,367.0
examples/regalloc/471-cudd-addabs-cudd-addorabstract-n10-d16.pbqp,14,7,1,0,false,false,2,462.0
examples/regalloc/471-cudd-addabs-cudd-addorabstract-n10-d16.pbqp,14,15,16,0,false,false,1,339.0
examples/regalloc/471-cudd-addabs-cudd-addorabstract-n10-d16.pbqp,7,15,16,0,false,true,7,551.0
examples/regalloc/471-cudd-addabs-cudd-addorabstract-n10-d16.pbqp,7,7,1,0,false,false,5,705.0
examples/regalloc/471-cudd-addabs-cudd-addorabstract-n10-d16.pbqp,7,7,1,0,true,false,1,118.0
examples/regalloc/471-cudd-addabs-cudd-addorabstract-n10-d16.pbqp,16,7,1,0,false,false,3,673.0
examples/regalloc/471-cudd-addabs-cudd-addorabstract-n10-d16.pbqp,16,16,16,0,false,false,2,671.0
examples/regalloc/471-cudd-addabs-cudd-addorabstract-n10-d16.pbqp,7,16,16,0,false,false,4,806.0
examples/regalloc/471-cudd-addabs-cudd-addorabstract-n10-d16.pbqp,16,7,1,0,false,true,16,1149.0
examples/regalloc/471-cudd-addabs-cudd-addorabstract-n10-d16.pbqp,16,16,16,2,true,false,1,386.0
examples/regalloc/472-cudd-addabs-cudd-addunivabstract-n10-d16.pbqp,14,7,1,0,false,false,2,456.0
examples/regalloc/472-cudd-addabs-cudd-addunivabstract-n10-d16.pbqp,14,15,16,0,false,false,1,403.0
examples/regalloc/472-cudd-addabs-cudd-addunivabstract-n10-d16.pbqp,7,15,16,0,false,true,7,598.0
examples/regalloc/472-cudd-addabs-cudd-addunivabstract-n10-d16.pbqp,7,7,1,0,false,false,5,754.0
examples/regalloc/472-cudd-addabs-cudd-addunivabstract-n10-d16.pbqp,7,7,1,0,true,false,1,128.0
examples/regalloc/472-cudd-addabs-cudd-addunivabstract-n10-d16.pbqp,16,7,1,0,false,false,3,690.0
examples/regalloc/472-cudd-addabs-cudd-addunivabstract-n10-d16.pbqp,16,16,16,0,false,false,2,737.0
examples/regalloc/472-cudd-addabs-cudd-addunivabstract-n10-d16.pbqp,7,16,16,0,false,false,4,905.0
examples/regalloc/472-cudd-addabs-cudd-addunivabstract-n10-d16.pbqp,16,7,1,0,false,true,16,1152.0
examples/regalloc/472-cudd-addabs-cudd-addunivabstract-n10-d16.pbqp,16,16,16,2,true,false,1,468.0
examples/regalloc/473-cudd-addabs-cuddaddexistabstractrecur-n34-d16.pbqp,7,14,16,0,false,true,7,660.0
examples/regalloc/473-cudd-addabs-cuddaddexistabstractrecur-n34-d16.pbqp,7,16,16,0,false,true,7,641.0
examples/regalloc/473-cudd-addabs-cuddaddexistabstractrecur-n34-d16.pbqp,7,15,16,0,false,true,7,591.0
examples/regalloc/473-cudd-addabs-cuddaddexistabstractrecur-n34-d16.pbqp,7,7,1,0,true,false,2,331.0
examples/regalloc/473-cudd-addabs-cuddaddexistabstractrecur-n34-d16.pbqp,7,7,16,0,false,false,21,4576.0
examples/regalloc/473-cudd-addabs-cuddaddexistabstractrecur-n34-d16.pbqp,7,7,16,0,false,true,7,548.0
examples/regalloc/473-cudd-addabs-cuddaddexistabstractrecur-n34-d16.pbqp,16,7,1,0,false,false,38,9963.0
examples/regalloc/473-cudd-addabs-cuddaddexistabstractrecur-n34-d16.pbqp,15,7,1,0,false,false,18,4413.0
examples/regalloc/473-cudd-addabs-cuddaddexistabstractrecur-n34-d16.pbqp,15,16,16,0,false,false,1,373.0
examples/regalloc/473-cudd-addabs-cuddaddexistabstractrecur-n34-d16.pbqp,16,15,1,0,false,false,1,348.0
examples/regalloc/473-cudd-addabs-cuddaddexistabstractrecur-n34-d16.pbqp,15,7,16,0,false,false,1,238.0
examples/regalloc/473-cudd-addabs-cuddaddexistabstractrecur-n34-d16.pbqp,15,14,16,0,false,false,1,374.0
examples/regalloc/473-cudd-addabs-cuddaddexistabstractrecur-n34-d16.pbqp,14,7,1,0,false,false,9,1871.0
examples/regalloc/473-cudd-addabs-cuddaddexistabstractrecur-n34-d16.pbqp,16,16,16,0,false,false,6,2665.0
examples/regalloc/473-cudd-addabs-cuddaddexistabstractrecur-n34-d16.pbqp,7,7,1,0,false,false,25,4862.0
examples/regalloc/473-cudd-addabs-cuddaddexistabstractrecur-n34-d16.pbqp,7,7,16,2,true,false,1,270.0
examples/regalloc/473-cudd-addabs-cuddaddexistabstractrecur-n34-d16.pbqp,7,7,1,0,false,true,7,527.0
examples/regalloc/473-cudd-addabs-cuddaddexistabstractrecur-n34-d16.pbqp,7,7,1,2,true,false,1,265.0
examples/regalloc/474-cudd-addabs-cuddaddexistabstractrecur-n37-d16-r1.pbqp,7,14,16,0,false,true,7,676.0
examples/regalloc/474-cudd-addabs-cuddaddexistabstractrecur-n37-d16-r1.pbqp,7,16,16,0,false,true,7,602.0
examples/regalloc/474-cudd-addabs-cuddaddexistabstractrecur-n37-d16-r1.pbqp,7,15,16,0,false,true,7,672.0
examples/regalloc/474-cudd-addabs-cuddaddexistabstractrecur-n37-d16-r1.pbqp,7,16,16,0,false,false,5,1323.0
examples/regalloc/474-cudd-addabs-cuddaddexistabstractrecur-n37-d16-r1.pbqp,7,7,1,0,true,false,2,381.0
examples/regalloc/474-cudd-addabs-cuddaddexistabstractrecur-n37-d16-r1.pbqp,7,7,16,0,false,false,11,2424.0
examples/regalloc/474-cudd-addabs-cuddaddexistabstractrecur-n37-d16-r1.pbqp,7,7,16,0,false,true,7,618.0
examples/regalloc/474-cudd-addabs-cuddaddexistabstractrecur-n37-d16-r1.pbqp,16,7,1,0,false,false,56,15655.0
examples/regalloc/474-cudd-addabs-cuddaddexistabstractrecur-n37-d16-r1.pbqp,15,7,1,0,false,false,16,4226.0
examples/regalloc/474-cudd-addabs-cuddaddexistabstractrecur-n37-d16-r1.pbqp,15,16,16,0,false,false,1,405.0
examples/regalloc/474-cudd-addabs-cuddaddexistabstractrecur-n37-d16-r1.pbqp,16,15,1,0,false,false,1,447.0
examples/regalloc/474-cudd-addabs-cuddaddexistabstractrecur-n37-d16-r1.pbqp,15,7,16,0,false,false,1,279.0
examples/regalloc/474-cudd-addabs-cuddaddexistabstractrecur-n37-d16-r1.pbqp,15,14,16,0,false,false,1,458.0
examples/regalloc/474-cudd-addabs-cuddaddexistabstractrecur-n37-d16-r1.pbqp,14,7,1,0,false,false,9,2182.0
examples/regalloc/474-cudd-addabs-cuddaddexistabstractrecur-n37-d16-r1.pbqp,7,7,1,0,false,false,17,3523.0
examples/regalloc/474-cudd-addabs-cuddaddexistabstractrecur-n37-d16-r1.pbqp,16,16,16,0,false,false,6,2650.0
examples/regalloc/474-cudd-addabs-cuddaddexistabstractrecur-n37-d16-r1.pbqp,7,7,16,2,true,false,1,270.0
examples/regalloc/474-cudd-addabs-cuddaddexistabstractrecur-n37-d16-r1.pbqp,16,7,1,0,false,true,7,775.0
examples/regalloc/474-cudd-addabs-cuddaddexistabstractrecur-n37-d16-r1.pbqp,16,7,1,2,true,false,1,348.0
examples/regalloc/475-cudd-addabs-cuddaddorabstractrecur-n29-d16.pbqp,16,7,1,0,false,false,41,11247.0
examples/regalloc/475-cudd-addabs-cuddaddorabstractrecur-n29-d16.pbqp,15,7,1,0,false,false,20,4948.0
examples/regalloc/475-cudd-addabs-cuddaddorabstractrecur-n29-d16.pbqp,15,16,16,0,false,false,1,450.0
examples/regalloc/475-cudd-addabs-cuddaddorabstractrecur-n29-d16.pbqp,14,7,1,0,false,false,10,2346.0
examples/regalloc/475-cudd-addabs-cuddaddorabstractrecur-n29-d16.pbqp,7,7,1,0,false,false,28,5733.0
examples/regalloc/475-cudd-addabs-cuddaddorabstractrecur-n29-d16.pbqp,7,7,16,0,false,false,25,5499.0
examples/regalloc/475-cudd-addabs-cuddaddorabstractrecur-n29-d16.pbqp,16,15,1,0,false,false,1,435.0
examples/regalloc/475-cudd-addabs-cuddaddorabstractrecur-n29-d16.pbqp,15,7,16,0,false,false,1,293.0
examples/regalloc/475-cudd-addabs-cuddaddorabstractrecur-n29-d16.pbqp,15,14,16,0,false,false,1,417.0
examples/regalloc/475-cudd-addabs-cuddaddorabstractrecur-n29-d16.pbqp,16,7,16,0,false,false,1,333.0
examples/regalloc/475-cudd-addabs-cuddaddorabstractrecur-n29-d16.pbqp,16,16,16,0,false,false,6,2637.0
examples/regalloc/475-cudd-addabs-cuddaddorabstractrecur-n29-d16.pbqp,7,7,1,0,false,true,7,576.0
examples/regalloc/475-cudd-addabs-cuddaddorabstractrecur-n29-d16.pbqp,7,7,1,2,true,false,1,325.0
examples/regalloc/476-cudd-addabs-cuddaddorabstractrecur-n30-d16-r1.pbqp,16,7,1,0,false,false,51,14029.0
examples/regalloc/476-cudd-addabs-cuddaddorabstractrecur-n30-d16-r1.pbqp,14,7,1,0,false,false,8,1900.0
examples/regalloc/476-cudd-addabs-cuddaddorabstractrecur-n30-d16-r1.pbqp,15,7,1,0,false,false,18,4675.0
examples/regalloc/476-cudd-addabs-cuddaddorabstractrecur-n30-d16-r1.pbqp,15,16,16,0,false,false,2,875.0
examples/regalloc/476-cudd-addabs-cuddaddorabstractrecur-n30-d16-r1.pbqp,16,15,1,0,false,false,1,444.0
examples/regalloc/476-cudd-addabs-cuddaddorabstractrecur-n30-d16-r1.pbqp,14,15,1,0,false,false,1,428.0
examples/regalloc/476-cudd-addabs-cuddaddorabstractrecur-n30-d16-r1.pbqp,7,7,1,0,false,false,23,4692.0
examples/regalloc/476-cudd-addabs-cuddaddorabstractrecur-n30-d16-r1.pbqp,7,7,16,0,false,false,6,1358.0
examples/regalloc/476-cudd-addabs-cuddaddorabstractrecur-n30-d16-r1.pbqp,7,16,1,0,false,false,1,299.0
examples/regalloc/476-cudd-addabs-cuddaddorabstractrecur-n30-d16-r1.pbqp,7,16,16,0,false,false,8,2252.0
examples/regalloc/476-cudd-addabs-cuddaddorabstractrecur-n30-d16-r1.pbqp,16,16,16,0,false,false,5,2157.0
examples/regalloc/476-cudd-addabs-cuddaddorabstractrecur-n30-d16-r1.pbqp,16,7,1,0,false,true,16,1225.0
examples/regalloc/476-cudd-addabs-cuddaddorabstractrecur-n30-d16-r1.pbqp,16,16,1,2,true,false,1,550.0
examples/regalloc/477-cudd-addabs-cuddaddunivabstractrecur-n37-d16.pbqp,7,14,16,0,false,true,7,726.0
examples/regalloc/477-cudd-addabs-cuddaddunivabstractrecur-n37-d16.pbqp,7,16,16,0,false,true,7,730.0
examples/regalloc/477-cudd-addabs-cuddaddunivabstractrecur-n37-d16.pbqp,7,15,16,0,false,true,7,671.0
examples/regalloc/477-cudd-addabs-cuddaddunivabstractrecur-n37-d16.pbqp,7,7,1,0,true,false,2,436.0
examples/regalloc/477-cudd-addabs-cuddaddunivabstractrecur-n37-d16.pbqp,7,7,16,0,false,false,21,4824.0
examples/regalloc/477-cudd-addabs-cuddaddunivabstractrecur-n37-d16.pbqp,7,7,16,0,false,true,7,671.0
examples/regalloc/477-cudd-addabs-cuddaddunivabstractrecur-n37-d16.pbqp,16,7,1,0,false,false,47,13132.0
examples/regalloc/477-cudd-addabs-cuddaddunivabstractrecur-n37-d16.pbqp,15,7,1,0,false,false,18,4619.0
examples/regalloc/477-cudd-addabs-cuddaddunivabstractrecur-n37-d16.pbqp,15,16,16,0,false,false,1,443.0
examples/regalloc/477-cudd-addabs-cuddaddunivabstractrecur-n37-d16.pbqp,16,16,1,0,false,false,7,3149.0
examples/regalloc/477-cudd-addabs-cuddaddunivabstractrecur-n37-d16.pbqp,16,16,16,0,false,false,2,819.0
examples/regalloc/477-cudd-addabs-cuddaddunivabstractrecur-n37-d16.pbqp,16,15,1,0,false,false,1,578.0
examples/regalloc/477-cudd-addabs-cuddaddunivabstractrecur-n37-d16.pbqp,15,7,16,0,false,false,1,294.0
examples/regalloc/477-cudd-addabs-cuddaddunivabstractrecur-n37-d16.pbqp,15,14,16,0,false,false,1,569.0
examples/regalloc/477-cudd-addabs-cuddaddunivabstractrecur-n37-d16.pbqp,14,7,1,0,false,false,9,2064.0
examples/regalloc/477-cudd-addabs-cuddaddunivabstractrecur-n37-d16.pbqp,7,7,1,0,false,false,25,5443.0
examples/regalloc/477-cudd-addabs-cuddaddunivabstractrecur-n37-d16.pbqp,7,7,16,2,true,false,1,368.0
examples/regalloc/477-cudd-addabs-cuddaddunivabstractrecur-n37-d16.pbqp,7,7,1,0,false,true,7,544.0
examples/regalloc/477-cudd-addabs-cuddaddunivabstractrecur-n37-d16.pbqp,7,7,1,2,true,false,1,313.0
examples/regalloc/478-cudd-addabs-cuddaddunivabstractrecur-n40-d16-r1.pbqp,7,14,16,0,false,true,7,657.0
examples/regalloc/478-cudd-addabs-cuddaddunivabstractrecur-n40-d16-r1.pbqp,7,16,16,0,false,true,7,609.0
examples/regalloc/478-cudd-addabs-cuddaddunivabstractrecur-n40-d16-r1.pbqp,7,15,16,0,false,true,7,615.0
examples/regalloc/478-cudd-addabs-cuddaddunivabstractrecur-n40-d16-r1.pbqp,7,16,16,0,false,false,5,1417.0
examples/regalloc/478-cudd-addabs-cuddaddunivabstractrecur-n40-d16-r1.pbqp,7,7,1,0,true,false,2,427.0
examples/regalloc/478-cudd-addabs-cuddaddunivabstractrecur-n40-d16-r1.pbqp,7,7,16,0,false,false,11,2440.0
examples/regalloc/478-cudd-addabs-cuddaddunivabstractrecur-n40-d16-r1.pbqp,7,7,16,0,false,true,7,570.0
examples/regalloc/478-cudd-addabs-cuddaddunivabstractrecur-n40-d16-r1.pbqp,16,7,1,0,false,false,65,17870.0
examples/regalloc/478-cudd-addabs-cuddaddunivabstractrecur-n40-d16-r1.pbqp,15,7,1,0,false,false,16,4307.0
examples/regalloc/478-cudd-addabs-cuddaddunivabstractrecur-n40-d16-r1.pbqp,15,16,16,0,false,false,1,401.0
examples/regalloc/478-cudd-addabs-cuddaddunivabstractrecur-n40-d16-r1.pbqp,16,16,1,0,false,false,7,3007.0
examples/regalloc/478-cudd-addabs-cuddaddunivabstractrecur-n40-d16-r1.pbqp,16,16,16,0,false,false,2,884.0
examples/regalloc/478-cudd-addabs-cuddaddunivabstractrecur-n40-d16-r1.pbqp,16,15,1,0,false,false,1,453.0
examples/regalloc/478-cudd-addabs-cuddaddunivabstractrecur-n40-d16-r1.pbqp,15,7,16,0,false,false,1,278.0
examples/regalloc/478-cudd-addabs-cuddaddunivabstractrecur-n40-d16-r1.pbqp,15,14,16,0,false,false,1,425.0
examples/regalloc/478-cudd-addabs-cuddaddunivabstractrecur-n40-d16-r1.pbqp,14,7,1,0,false,false,9,2203.0
examples/regalloc/478-cudd-addabs-cuddaddunivabstractrecur-n40-d16-r1.pbqp,7,7,1,0,false,false,17,3695.0
examples/regalloc/478-cudd-addabs-cuddaddunivabstractrecur-n40-d16-r1.pbqp,7,7,16,2,true,false,1,300.0
examples/regalloc/478-cudd-addabs-cuddaddunivabstractrecur-n40-d16-r1.pbqp,16,7,1,0,false,true,7,794.0
examples/regalloc/478-cudd-addabs-cuddaddunivabstractrecur-n40-d16-r1.pbqp,16,7,1,2,true,false,1,366.0
examples/regalloc/479-cudd-bddabs-cudd-bddbooleandiff-n9-d16.pbqp,7,7,1,0,false,false,2,317.0
examples/regalloc/479-cudd-bddabs-cudd-bddbooleandiff-n9-d16.pbqp,7,7,16,0,false,false,1,180.0
examples/regalloc/479-cudd-bddabs-cudd-bddbooleandiff-n9-d16.pbqp,14,7,1,0,false,false,2,414.0
examples/regalloc/479-cudd-bddabs-cudd-bddbooleandiff-n9-d16.pbqp,14,15,16,0,false,false,1,297.0
examples/regalloc/479-cudd-bddabs-cudd-bddbooleandiff-n9-d16.pbqp,7,15,16,0,false,true,7,538.0
examples/regalloc/479-cudd-bddabs-cudd-bddbooleandiff-n9-d16.pbqp,7,7,16,0,true,true,7,495.0
examples/regalloc/479-cudd-bddabs-cudd-bddbooleandiff-n9-d16.pbqp,14,7,16,0,false,false,2,514.0
examples/regalloc/479-cudd-bddabs-cudd-bddbooleandiff-n9-d16.pbqp,14,16,16,0,false,false,1,342.0
examples/regalloc/479-cudd-bddabs-cudd-bddbooleandiff-n9-d16.pbqp,7,7,16,2,true,false,1,182.0
examples/regalloc/479-cudd-bddabs-cudd-bddbooleandiff-n9-d16.pbqp,7,16,16,0,false,false,2,411.0
examples/regalloc/479-cudd-bddabs-cudd-bddbooleandiff-n9-d16.pbqp,16,7,1,0,false,true,16,1125.0
examples/regalloc/479-cudd-bddabs-cudd-bddbooleandiff-n9-d16.pbqp,16,16,1,2,true,false,1,400.0
examples/regalloc/480-cudd-bddabs-cudd-bddexistabstract-n10-d16.pbqp,7,13,16,0,false,false,1,216.0
examples/regalloc/480-cudd-bddabs-cudd-bddexistabstract-n10-d16.pbqp,14,7,1,0,false,false,2,441.0
examples/regalloc/480-cudd-bddabs-cudd-bddexistabstract-n10-d16.pbqp,14,15,16,0,false,false,1,311.0
examples/regalloc/480-cudd-bddabs-cudd-bddexistabstract-n10-d16.pbqp,7,15,16,0,false,true,7,534.0
examples/regalloc/480-cudd-bddabs-cudd-bddexistabstract-n10-d16.pbqp,7,7,1,0,false,false,4,517.0
examples/regalloc/480-cudd-bddabs-cudd-bddexistabstract-n10-d16.pbqp,7,7,1,0,true,false,1,125.0
examples/regalloc/480-cudd-bddabs-cudd-bddexistabstract-n10-d16.pbqp,16,7,1,0,false,false,6,1322.0
examples/regalloc/480-cudd-bddabs-cudd-bddexistabstract-n10-d16.pbqp,16,16,16,0,false,false,3,1009.0
examples/regalloc/480-cudd-bddabs-cudd-bddexistabstract-n10-d16.pbqp,7,16,16,0,false,false,1,223.0
examples/regalloc/480-cudd-bddabs-cudd-bddexistabstract-n10-d16.pbqp,16,7,1,0,false,true,7,606.0
examples/regalloc/480-cudd-bddabs-cudd-bddexistabstract-n10-d16.pbqp,16,7,1,2,true,false,1,240.0
examples/regalloc/481-cudd-bddabs-cudd-bddexistabstractlimit-n13-d16.pbqp,7,13,16,0,false,false,1,253.0
examples/regalloc/481-cudd-bddabs-cudd-bddexistabstractlimit-n13-d16.pbqp,14,7,1,0,false,false,2,451.0
examples/regalloc/481-cudd-bddabs-cudd-bddexistabstractlimit-n13-d16.pbqp,14,15,16,0,false,false,1,347.0
examples/regalloc/481-cudd-bddabs-cudd-bddexistabstractlimit-n13-d16.pbqp,7,15,16,0,false,true,7,583.0
examples/regalloc/481-cudd-bddabs-cudd-bddexistabstractlimit-n13-d16.pbqp,7,7,1,0,false,false,9,1343.0
examples/regalloc/481-cudd-bddabs-cudd-bddexistabstractlimit-n13-d16.pbqp,7,7,1,0,true,false,1,123.0
examples/regalloc/481-cudd-bddabs-cudd-bddexistabstractlimit-n13-d16.pbqp,16,13,1,0,false,false,3,1057.0
examples/regalloc/481-cudd-bddabs-cudd-bddexistabstractlimit-n13-d16.pbqp,16,7,1,0,false,false,10,2380.0
examples/regalloc/481-cudd-bddabs-cudd-bddexistabstractlimit-n13-d16.pbqp,7,13,1,0,false,false,3,735.0
examples/regalloc/481-cudd-bddabs-cudd-bddexistabstractlimit-n13-d16.pbqp,7,16,16,0,false,false,5,1141.0
examples/regalloc/481-cudd-bddabs-cudd-bddexistabstractlimit-n13-d16.pbqp,16,16,16,0,false,false,3,1233.0
examples/regalloc/481-cudd-bddabs-cudd-bddexistabstractlimit-n13-d16.pbqp,16,7,1,0,false,true,13,1099.0
examples/regalloc/481-cudd-bddabs-cudd-bddexistabstractlimit-n13-d16.pbqp,16,13,1,2,true,false,1,505.0
examples/regalloc/482-cudd-bddabs-cudd-bddunivabstract-n11-d16.pbqp,7,13,16,0,false,false,1,243.0
examples/regalloc/482-cudd-bddabs-cudd-bddunivabstract-n11-d16.pbqp,14,7,1,0,false,false,2,474.0
examples/regalloc/482-cudd-bddabs-cudd-bddunivabstract-n11-d16.pbqp,14,15,16,0,false,false,1,336.0
examples/regalloc/482-cudd-bddabs-cudd-bddunivabstract-n11-d16.pbqp,7,15,16,0,false,true,7,561.0
examples/regalloc/482-cudd-bddabs-cudd-bddunivabstract-n11-d16.pbqp,7,7,16,0,true,true,16,820.0
examples/regalloc/482-cudd-bddabs-cudd-bddunivabstract-n11-d16.pbqp,16,7,1,0,false,false,8,1954.0
examples/regalloc/482-cudd-bddabs-cudd-bddunivabstract-n11-d16.pbqp,16,7,1,2,true,false,2,581.0
examples/regalloc/482-cudd-bddabs-cudd-bddunivabstract-n11-d16.pbqp,16,16,16,0,false,false,3,1170.0
examples/regalloc/482-cudd-bddabs-cudd-bddunivabstract-n11-d16.pbqp,7,7,1,0,false,false,1,151.0
examples/regalloc/482-cudd-bddabs-cudd-bddunivabstract-n11-d16.pbqp,7,7,16,0,false,false,1,158.0
examples/regalloc/482-cudd-bddabs-cudd-bddunivabstract-n11-d16.pbqp,7,16,16,0,false,false,1,227.0
examples/regalloc/482-cudd-bddabs-cudd-bddunivabstract-n11-d16.pbqp,16,7,1,0,false,true,7,656.0
examples/regalloc/483-cudd-bddabs-cudd-bddvarisdependent-n17-d16.pbqp,16,7,1,0,false,false,30,7266.0
examples/regalloc/483-cudd-bddabs-cudd-bddvarisdependent-n17-d16.pbqp,16,7,16,0,false,false,2,497.0
examples/regalloc/483-cudd-bddabs-cudd-bddvarisdependent-n17-d16.pbqp,16,16,16,0,false,false,2,808.0
examples/regalloc/483-cudd-bddabs-cudd-bddvarisdependent-n17-d16.pbqp,15,7,1,0,false,false,8,1830.0
examples/regalloc/483-cudd-bddabs-cudd-bddvarisdependent-n17-d16.pbqp,7,7,1,0,false,false,22,4028.0
examples/regalloc/483-cudd-bddabs-cudd-bddvarisdependent-n17-d16.pbqp,7,7,16,0,false,false,12,2470.0
examples/regalloc/483-cudd-bddabs-cudd-bddvarisdependent-n17-d16.pbqp,7,16,16,0,false,false,6,1508.0
examples/regalloc/483-cudd-bddabs-cudd-bddvarisdependent-n17-d16.pbqp,16,7,1,0,false,true,7,661.0
examples/regalloc/483-cudd-bddabs-cudd-bddvarisdependent-n17-d16.pbqp,7,16,1,2,true,false,1,295.0
examples/regalloc/484-cudd-bddabs-cudd-bddvarisdependent-n19-d16-r1.pbqp,16,7,1,0,false,false,49,13093.0
examples/regalloc/484-cudd-bddabs-cudd-bddvarisdependent-n19-d16-r1.pbqp,16,7,16,0,false,false,2,538.0
examples/regalloc/484-cudd-bddabs-cudd-bddvarisdependent-n19-d16-r1.pbqp,16,16,16,0,false,false,2,970.0
examples/regalloc/484-cudd-bddabs-cudd-bddvarisdependent-n19-d16-r1.pbqp,16,16,1,0,false,false,1,387.0
examples/regalloc/484-cudd-bddabs-cudd-bddvarisdependent-n19-d16-r1.pbqp,7,7,1,0,false,false,17,3266.0
examples/regalloc/484-cudd-bddabs-cudd-bddvarisdependent-n19-d16-r1.pbqp,7,16,16,0,false,false,4,1083.0
examples/regalloc/484-cudd-bddabs-cudd-bddvarisdependent-n19-d16-r1.pbqp,7,7,16,0,false,false,2,417.0
examples/regalloc/484-cudd-bddabs-cudd-bddvarisdependent-n19-d16-r1.pbqp,7,15,16,0,false,false,2,576.0
examples/regalloc/484-cudd-bddabs-cudd-bddvarisdependent-n19-d16-r1.pbqp,15,7,1,0,false,false,4,1076.0
examples/regalloc/484-cudd-bddabs-cudd-bddvarisdependent-n19-d16-r1.pbqp,15,16,16,0,false,false,1,373.0
examples/regalloc/484-cudd-bddabs-cudd-bddvarisdependent-n19-d16-r1.pbqp,16,7,1,0,false,true,7,699.0
examples/regalloc/484-cudd-bddabs-cudd-bddvarisdependent-n19-d16-r1.pbqp,16,7,1,2,true,false,1,372.0
examples/regalloc/485-cudd-bddabs-cudd-bddxorexistabstract-n11-d16.pbqp,7,13,16,0,false,false,1,266.0
examples/regalloc/485-cudd-bddabs-cudd-bddxorexistabstract-n11-d16.pbqp,14,7,1,0,false,false,2,472.0
examples/regalloc/485-cudd-bddabs-cudd-bddxorexistabstract-n11-d16.pbqp,14,15,16,0,false,false,1,339.0
examples/regalloc/485-cudd-bddabs-cudd-bddxorexistabstract-n11-d16.pbqp,7,15,16,0,false,true,7,575.0
examples/regalloc/485-cudd-bddabs-cudd-bddxorexistabstract-n11-d16.pbqp,7,7,1,0,false,false,8,1083.0
examples/regalloc/485-cudd-bddabs-cudd-bddxorexistabstract-n11-d16.pbqp,7,7,1,0,true,false,1,119.0
examples/regalloc/485-cudd-bddabs-cudd-bddxorexistabstract-n11-d16.pbqp,16,7,1,0,false,false,8,1823.0
examples/regalloc/485-cudd-bddabs-cudd-bddxorexistabstract-n11-d16.pbqp,16,16,16,0,false,false,3,1051.0
examples/regalloc/485-cudd-bddabs-cudd-bddxorexistabstract-n11-d16.pbqp,7,16,16,0,false,false,2,391.0
examples/regalloc/485-cudd-bddabs-cudd-bddxorexistabstract-n11-d16.pbqp,16,7,1,0,false,true,7,656.0
examples/regalloc/485-cudd-bddabs-cudd-bddxorexistabstract-n11-d16.pbqp,16,7,1,2,true,false,1,271.0
examples/regalloc/486-cudd-bddabs-cuddbddbooleandiffrecur-n19-d16.pbqp,15,14,16,0,false,true,7,912.0
examples/regalloc/486-cudd-bddabs-cuddbddbooleandiffrecur-n19-d16.pbqp,7,15,16,0,true,true,7,605.0
examples/regalloc/486-cudd-bddabs-cuddbddbooleandiffrecur-n19-d16.pbqp,15,7,1,0,false,false,10,2443.0
examples/regalloc/486-cudd-bddabs-cuddbddbooleandiffrecur-n19-d16.pbqp,15,7,16,0,false,false,1,247.0
examples/regalloc/486-cudd-bddabs-cuddbddbooleandiffrecur-n19-d16.pbqp,7,7,1,0,false,false,22,4083.0
examples/regalloc/486-cudd-bddabs-cuddbddbooleandiffrecur-n19-d16.pbqp,7,7,16,0,false,false,10,1952.0
examples/regalloc/486-cudd-bddabs-cuddbddbooleandiffrecur-n19-d16.pbqp,16,7,1,0,false,false,12,3040.0
examples/regalloc/486-cudd-bddabs-cuddbddbooleandiffrecur-n19-d16.pbqp,16,16,16,0,false,false,5,2044.0
examples/regalloc/486-cudd-bddabs-cuddbddbooleandiffrecur-n19-d16.pbqp,16,16,1,0,false,false,1,418.0
examples/regalloc/486-cudd-bddabs-cuddbddbooleandiffrecur-n19-d16.pbqp,7,16,16,0,false,false,12,3015.0
examples/regalloc/486-cudd-bddabs-cuddbddbooleandiffrecur-n19-d16.pbqp,7,7,1,0,true,false,1,204.0
examples/regalloc/486-cudd-bddabs-cuddbddbooleandiffrecur-n19-d16.pbqp,16,7,1,0,false,true,16,1144.0
examples/regalloc/486-cudd-bddabs-cuddbddbooleandiffrecur-n19-d16.pbqp,16,16,1,2,true,false,1,571.0
examples/regalloc/487-cudd-bddabs-cuddbddbooleandiffrecur-n20-d16-r1.pbqp,15,14,16,0,false,true,7,863.0
examples/regalloc/487-cudd-bddabs-cuddbddbooleandiffrecur-n20-d16-r1.pbqp,7,15,16,0,true,true,7,554.0
examples/regalloc/487-cudd-bddabs-cuddbddbooleandiffrecur-n20-d16-r1.pbqp,15,7,1,0,false,false,8,1782.0
examples/regalloc/487-cudd-bddabs-cuddbddbooleandiffrecur-n20-d16-r1.pbqp,15,7,16,0,false,false,1,250.0
examples/regalloc/487-cudd-bddabs-cuddbddbooleandiffrecur-n20-d16-r1.pbqp,16,7,1,0,false,false,26,6688.0
examples/regalloc/487-cudd-bddabs-cuddbddbooleandiffrecur-n20-d16-r1.pbqp,7,7,1,0,false,false,16,2757.0
examples/regalloc/487-cudd-bddabs-cuddbddbooleandiffrecur-n20-d16-r1.pbqp,7,7,16,0,false,false,3,488.0
examples/regalloc/487-cudd-bddabs-cuddbddbooleandiffrecur-n20-d16-r1.pbqp,16,16,16,0,false,false,5,2104.0
examples/regalloc/487-cudd-bddabs-cuddbddbooleandiffrecur-n20-d16-r1.pbqp,16,16,1,0,false,false,1,385.0
examples/regalloc/487-cudd-bddabs-cuddbddbooleandiffrecur-n20-d16-r1.pbqp,7,16,16,0,false,false,8,1983.0
examples/regalloc/487-cudd-bddabs-cuddbddbooleandiffrecur-n20-d16-r1.pbqp,7,7,1,0,true,false,1,180.0
examples/regalloc/487-cudd-bddabs-cuddbddbooleandiffrecur-n20-d16-r1.pbqp,16,7,1,0,false,true,16,1183.0
examples/regalloc/487-cudd-bddabs-cuddbddbooleandiffrecur-n20-d16-r1.pbqp,16,16,1,2,true,false,1,580.0
examples/regalloc/488-cudd-bddabs-cuddbddexistabstractrecur-n37-d16.pbqp,16,7,1,0,false,false,74,19997.0
examples/regalloc/488-cudd-bddabs-cuddbddexistabstractrecur-n37-d16.pbqp,15,7,1,0,false,false,24,6203.0
examples/regalloc/488-cudd-bddabs-cuddbddexistabstractrecur-n37-d16.pbqp,15,16,16,0,false,false,1,392.0
examples/regalloc/488-cudd-bddabs-cuddbddexistabstractrecur-n37-d16.pbqp,16,16,1,0,false,false,1,456.0
examples/regalloc/488-cudd-bddabs-cuddbddexistabstractrecur-n37-d16.pbqp,14,7,1,0,false,false,18,4222.0
examples/regalloc/488-cudd-bddabs-cuddbddexistabstractrecur-n37-d16.pbqp,16,16,16,0,false,false,4,1787.0
examples/regalloc/488-cudd-bddabs-cuddbddexistabstractrecur-n37-d16.pbqp,7,7,1,0,false,false,43,8534.0
examples/regalloc/488-cudd-bddabs-cuddbddexistabstractrecur-n37-d16.pbqp,7,7,16,0,false,false,25,5530.0
examples/regalloc/488-cudd-bddabs-cuddbddexistabstractrecur-n37-d16.pbqp,16,15,1,0,false,false,2,819.0
examples/regalloc/488-cudd-bddabs-cuddbddexistabstractrecur-n37-d16.pbqp,14,15,1,0,false,false,1,340.0
examples/regalloc/488-cudd-bddabs-cuddbddexistabstractrecur-n37-d16.pbqp,15,14,16,0,false,false,1,486.0
examples/regalloc/488-cudd-bddabs-cuddbddexistabstractrecur-n37-d16.pbqp,15,16,1,0,false,false,2,711.0
examples/regalloc/488-cudd-bddabs-cuddbddexistabstractrecur-n37-d16.pbqp,15,7,16,0,false,false,1,291.0
examples/regalloc/488-cudd-bddabs-cuddbddexistabstractrecur-n37-d16.pbqp,16,7,16,0,false,false,2,566.0
examples/regalloc/488-cudd-bddabs-cuddbddexistabstractrecur-n37-d16.pbqp,7,16,16,0,false,false,14,3412.0
examples/regalloc/488-cudd-bddabs-cuddbddexistabstractrecur-n37-d16.pbqp,16,7,1,0,false,true,16,1188.0
examples/regalloc/488-cudd-bddabs-cuddbddexistabstractrecur-n37-d16.pbqp,16,16,1,2,true,false,1,665.0
examples/regalloc/489-cudd-bddabs-cuddbddexistabstractrecur-n37-d16-r1.pbqp,16,7,1,0,false,false,96,26785.0
examples/regalloc/489-cudd-bddabs-cuddbddexistabstractrecur-n37-d16-r1.pbqp,7,7,1,0,false,false,24,4677.0
examples/regalloc/489-cudd-bddabs-cuddbddexistabstractrecur-n37-d16-r1.pbqp,7,7,16,0,false,false,7,1472.0
examples/regalloc/489-cudd-bddabs-cuddbddexistabstractrecur-n37-d16-r1.pbqp,15,7,1,0,false,false,16,4131.0
examples/regalloc/489-cudd-bddabs-cuddbddexistabstractrecur-n37-d16-r1.pbqp,14,7,1,0,false,false,15,3625.0
examples/regalloc/489-cudd-bddabs-cuddbddexistabstractrecur-n37-d16-r1.pbqp,15,14,16,0,false,false,1,484.0
examples/regalloc/489-cudd-bddabs-cuddbddexistabstractrecur-n37-d16-r1.pbqp,15,16,16,0,false,false,1,412.0
examples/regalloc/489-cudd-bddabs-cuddbddexistabstractrecur-n37-d16-r1.pbqp,16,16,1,0,false,false,1,427.0
examples/regalloc/489-cudd-bddabs-cuddbddexistabstractrecur-n37-d16-r1.pbqp,16,16,16,0,false,false,4,1821.0
examples/regalloc/489-cudd-bddabs-cuddbddexistabstractrecur-n37-d16-r1.pbqp,7,16,16,0,false,false,9,2449.0
examples/regalloc/489-cudd-bddabs-cuddbddexistabstractrecur-n37-d16-r1.pbqp,16,15,1,0,false,false,2,807.0
examples/regalloc/489-cudd-bddabs-cuddbddexistabstractrecur-n37-d16-r1.pbqp,14,15,1,0,false,false,1,346.0
examples/regalloc/489-cudd-bddabs-cuddbddexistabstractrecur-n37-d16-r1.pbqp,7,15,16,0,false,false,3,766.0
examples/regalloc/489-cudd-bddabs-cuddbddexistabstractrecur-n37-d16-r1.pbqp,15,16,1,0,false,false,2,808.0
examples/regalloc/489-cudd-bddabs-cuddbddexistabstractrecur-n37-d16-r1.pbqp,15,7,16,0,false,false,1,302.0
examples/regalloc/489-cudd-bddabs-cuddbddexistabstractrecur-n37-d16-r1.pbqp,7,16,1,0,false,false,2,553.0
examples/regalloc/489-cudd-bddabs-cuddbddexistabstractrecur-n37-d16-r1.pbqp,16,7,1,0,false,true,16,1284.0
examples/regalloc/489-cudd-bddabs-cuddbddexistabstractrecur-n37-d16-r1.pbqp,16,16,1,2,true,false,1,649.0
examples/regalloc/490-cudd-bddabs-cuddbddxorexistabstractrecur-n38-d16.pbqp,15,7,1,0,false,false,27,7576.0
examples/regalloc/490-cudd-bddabs-cuddbddxorexistabstractrecur-n38-d16.pbqp,7,7,1,0,false,false,98,19662.0
examples/regalloc/490-cudd-bddabs-cuddbddxorexistabstractrecur-n38-d16.pbqp,16,7,1,0,false,false,41,11886.0
examples/regalloc/490-cudd-bddabs-cuddbddxorexistabstractrecur-n38-d16.pbqp,15,14,16,0,false,false,1,566.0
examples/regalloc/490-cudd-bddabs-cuddbddxorexistabstractrecur-n38-d16.pbqp,14,7,1,0,false,false,15,3954.0
examples/regalloc/490-cudd-bddabs-cuddbddxorexistabstractrecur-n38-d16.pbqp,15,16,16,0,false,false,1,429.0
examples/regalloc/490-cudd-bddabs-cuddbddxorexistabstractrecur-n38-d16.pbqp,13,7,1,0,false,false,9,2125.0
examples/regalloc/490-cudd-bddabs-cuddbddxorexistabstractrecur-n38-d16.pbqp,7,7,16,0,false,false,30,6765.0
examples/regalloc/490-cudd-bddabs-cuddbddxorexistabstractrecur-n38-d16.pbqp,7,15,1,0,false,false,2,600.0
examples/regalloc/490-cudd-bddabs-cuddbddxorexistabstractrecur-n38-d16.pbqp,7,14,1,0,false,false,1,337.0
examples/regalloc/490-cudd-bddabs-cuddbddxorexistabstractrecur-n38-d16.pbqp,7,16,1,0,false,false,15,4244.0
examples/regalloc/490-cudd-bddabs-cuddbddxorexistabstractrecur-n38-d16.pbqp,7,14,16,0,false,false,1,278.0
examples/regalloc/490-cudd-bddabs-cuddbddxorexistabstractrecur-n38-d16.pbqp,14,16,1,0,false,false,3,1239.0
examples/regalloc/490-cudd-bddabs-cuddbddxorexistabstractrecur-n38-d16.pbqp,14,15,1,0,false,false,1,404.0
examples/regalloc/490-cudd-bddabs-cuddbddxorexistabstractrecur-n38-d16.pbqp,7,15,16,0,false,false,1,319.0
examples/regalloc/490-cudd-bddabs-cuddbddxorexistabstractrecur-n38-d16.pbqp,15,16,1,0,false,false,5,1978.0
examples/regalloc/490-cudd-bddabs-cuddbddxorexistabstractrecur-n38-d16.pbqp,7,16,16,0,false,false,46,12364.0
examples/regalloc/490-cudd-bddabs-cuddbddxorexistabstractrecur-n38-d16.pbqp,16,16,16,0,false,false,14,6278.0
examples/regalloc/490-cudd-bddabs-cuddbddxorexistabstractrecur-n38-d16.pbqp,16,7,16,0,false,false,8,2702.0
examples/regalloc/490-cudd-bddabs-cuddbddxorexistabstractrecur-n38-d16.pbqp,16,16,1,0,false,false,6,2720.0
examples/regalloc/490-cudd-bddabs-cuddbddxorexistabstractrecur-n38-d16.pbqp,16,16,1,0,false,true,7,922.0
examples/regalloc/490-cudd-bddabs-cuddbddxorexistabstractrecur-n38-d16.pbqp,16,7,1,0,true,false,1,362.0
examples/regalloc/491-cudd-bddabs-cuddbddxorexistabstractrecur-n53-d16-r1.pbqp,16,7,1,0,false,false,98,27491.0
examples/regalloc/491-cudd-bddabs-cuddbddxorexistabstractrecur-n53-d16-r1.pbqp,16,16,1,0,false,false,44,17848.0
examples/regalloc/491-cudd-bddabs-cuddbddxorexistabstractrecur-n53-d16-r1.pbqp,15,7,1,0,false,false,25,7043.0
examples/regalloc/491-cudd-bddabs-cuddbddxorexistabstractrecur-n53-d16-r1.pbqp,15,16,16,0,false,false,2,851.0
examples/regalloc/491-cudd-bddabs-cuddbddxorexistabstractrecur-n53-d16-r1.pbqp,7,7,1,0,false,false,32,7288.0
examples/regalloc/491-cudd-bddabs-cuddbddxorexistabstractrecur-n53-d16-r1.pbqp,15,14,16,0,false,false,1,594.0
examples/regalloc/491-cudd-bddabs-cuddbddxorexistabstractrecur-n53-d16-r1.pbqp,14,7,1,0,false,false,8,2226.0
examples/regalloc/491-cudd-bddabs-cuddbddxorexistabstractrecur-n53-d16-r1.pbqp,13,7,1,0,false,false,5,1282.0
examples/regalloc/491-cudd-bddabs-cuddbddxorexistabstractrecur-n53-d16-r1.pbqp,13,15,16,0,false,false,1,492.0
examples/regalloc/491-cudd-bddabs-cuddbddxorexistabstractrecur-n53-d16-r1.pbqp,7,7,16,0,false,false,10,2505.0
examples/regalloc/491-cudd-bddabs-cuddbddxorexistabstractrecur-n53-d16-r1.pbqp,16,15,1,0,false,false,6,2505.0
examples/regalloc/491-cudd-bddabs-cuddbddxorexistabstractrecur-n53-d16-r1.pbqp,16,14,1,0,false,false,1,497.0
examples/regalloc/491-cudd-bddabs-cuddbddxorexistabstractrecur-n53-d16-r1.pbqp,7,15,1,0,false,false,2,540.0
examples/regalloc/491-cudd-bddabs-cuddbddxorexistabstractrecur-n53-d16-r1.pbqp,7,14,1,0,false,false,1,287.0
examples/regalloc/491-cudd-bddabs-cuddbddxorexistabstractrecur-n53-d16-r1.pbqp,14,16,1,0,false,false,3,1147.0
examples/regalloc/491-cudd-bddabs-cuddbddxorexistabstractrecur-n53-d16-r1.pbqp,14,15,1,0,false,false,1,380.0
examples/regalloc/491-cudd-bddabs-cuddbddxorexistabstractrecur-n53-d16-r1.pbqp,7,16,1,0,false,false,5,1495.0
examples/regalloc/491-cudd-bddabs-cuddbddxorexistabstractrecur-n53-d16-r1.pbqp,7,16,16,0,false,false,26,7396.0
examples/regalloc/491-cudd-bddabs-cuddbddxorexistabstractrecur-n53-d16-r1.pbqp,15,16,1,0,false,false,5,1925.0
examples/regalloc/491-cudd-bddabs-cuddbddxorexistabstractrecur-n53-d16-r1.pbqp,16,16,16,0,false,false,12,5649.0
examples/regalloc/491-cudd-bddabs-cuddbddxorexistabstractrecur-n53-d16-r1.pbqp,16,7,16,0,false,false,4,1426.0
examples/regalloc/491-cudd-bddabs-cuddbddxorexistabstractrecur-n53-d16-r1.pbqp,16,16,1,0,false,true,16,1695.0
examples/regalloc/491-cudd-bddabs-cuddbddxorexistabstractrecur-n53-d16-r1.pbqp,16,16,1,0,true,false,1,482.0
