graph,sha256,source,nodes,edges,max_degree,domain_min,domain_max,domain_mean,domains,unary_elements,matrix_elements
001-instcombine-foldaddtoashr-n87-d16.pbqp,0725933e43112b29e67cad144e1a56b57e6ec3ac53744c9c5eaa7a1fa7b64c6e,# /tmp/pcaa-corpus-ll/InstCombineAddSub.ll._ZL13foldAddToAshrRN4llvm14BinaryOperatorE round 0,87,207,72,7,16,13.816091954022989,"[16,16,16,16,15,16,15,7,7,15,7,7,7,16,16,16,7,7,7,16,16,7,16,16,15,16,16,16,16,16,16,16,16,15,16,16,16,16,16,16,16,16,7,16,15,16,16,16,7,16,16,7,16,15,16,15,15,16,16,16,16,16,15,16,15,15,16,16,16,16,16,7,16,14,13,16,16,15,7,7,7,7,7,16,15,7,16]",1202,26519
002-instcombine-foldnowrapadd-n114-d16.pbqp,3e6edda648e7c490a77cd41b4bed213eda03e293640c9bdcda736d7b67e7907b,# /tmp/pcaa-corpus-ll/InstCombineAddSub.ll._ZL13foldNoWrapAddRN4llvm14BinaryOperatorERNS_9IRBuilderINS_12TargetFolderENS_12InstCombiner28IRBuilderInstCombineInserterEEE round 0,114,589,110,7,16,12.736842105263158,"[7,7,7,16,7,15,15,7,16,7,16,16,7,7,16,16,16,7,7,7,16,7,16,16,16,16,16,16,16,16,16,15,16,16,16,16,7,15,7,16,16,7,14,7,16,16,16,15,16,10,13,16,13,12,11,14,13,15,7,13,7,7,16,16,14,12,16,10,13,16,13,12,11,14,14,12,15,13,16,16,16,12,13,16,13,12,11,14,16,10,13,16,13,12,11,14,16,12,13,16,13,12,11,14,13,15,7,7,7,16,7,7,7,14]",1452,61122
003-instcombine-foldnowrapadd-n114-d16-r1.pbqp,ef65550a47202aacab3c2b749928238caec26e6a3b19f44ec79c166be446cdc1,# /tmp/pcaa-corpus-ll/InstCombineAddSub.ll._ZL13foldNoWrapAddRN4llvm14BinaryOperatorERNS_9IRBuilderINS_12TargetFolderENS_12InstCombiner28IRBuilderInstCombineInserterEEE round 1,114,477,110,7,16,12.973684210526315,"[7,7,16,7,15,15,7,16,7,16,16,7,16,16,16,7,7,7,16,7,16,16,16,16,16,16,16,16,16,15,16,16,16,16,7,15,16,16,7,14,7,16,16,16,15,16,10,13,16,13,12,11,14,13,15,7,13,7,7,16,16,14,12,16,10,13,16,13,12,11,14,14,12,15,13,16,16,16,12,13,16,13,12,11,14,16,10,13,16,13,12,11,14,16,12,13,16,13,12,11,14,13,15,7,7,7,16,7,7,7,14,16,16,16]",1479,51935
004-instcombine-mulwilloverflow-n13-d16.pbqp,0f6e4b424d328ef72d7f80d800df9f8ff727a7bacbd14b38a4d21aac7781e343,# /tmp/pcaa-corpus-ll/InstCombineAddSub.ll._ZL15MulWillOverflowRN4llvm5APIntES1_b round 0,13,19,6,13,16,15.153846153846153,"[15,14,14,16,13,16,16,16,13,16,16,16,16]",197,4250
005-instcombine-foldsubofminmax-n88-d17.pbqp,1a8c357bca871dca5d0568716723c336992c9e070e07d5667c2a35b4e2a1aaae,# /tmp/pcaa-corpus-ll/InstCombineAddSub.ll._ZL15foldSubOfMinMaxRN4llvm14BinaryOperatorERNS_9IRBuilderINS_12TargetFolderENS_12InstCombiner28IRBuilderInstCombineInserterEEE round 0,88,344,51,7,17,13.829545454545455,"[7,7,16,7,7,16,16,16,7,16,16,16,16,7,16,7,7,7,13,16,16,16,16,16,16,16,16,16,7,15,13,17,16,15,17,12,11,16,16,16,16,17,16,17,17,16,11,13,14,13,17,16,17,17,16,11,13,14,13,16,16,16,16,16,16,16,16,16,16,16,16,16,7,15,13,17,16,15,17,12,11,7,7,7,7,7,16,16]",1217,44252
006-instcombine-factorizefaddfsub-n63-d16.pbqp,cb0658bd2870c6c7998f00604e7b14fe642791a4b958132a23e8a3595b921181,# /tmp/pcaa-corpus-ll/InstCombineAddSub.ll._ZL17factorizeFAddFSubRN4llvm14BinaryOperatorERNS_9IRBuilderINS_12TargetFolderENS_12InstCombiner28IRBuilderInstCombineInserterEEE round 0,63,303,62,7,16,13.126984126984127,"[16,16,16,16,7,16,13,7,16,7,7,7,16,16,16,16,16,16,16,16,16,16,16,16,16,16,16,16,7,16,16,12,12,16,16,16,16,16,16,16,16,16,13,13,7,7,16,7,13,12,7,7,16,13,12,14,15,13,7,7,7,7,7]",827,35524
007-instcombine-factorizefaddfsub-n63-d16-r1.pbqp,59b99ba26004050daa368f2225a885e6a226f65d125460c7a491c5e948353d1b,# /tmp/pcaa-corpus-ll/InstCombineAddSub.ll._ZL17factorizeFAddFSubRN4llvm14BinaryOperatorERNS_9IRBuilderINS_12TargetFolderENS_12InstCombiner28IRBuilderInstCombineInserterEEE round 1,63,300,62,7,16,13.26984126984127,"[16,16,16,16,7,16,13,7,16,7,7,7,16,16,16,16,16,16,16,16,16,16,16,16,16,16,16,16,16,16,12,12,16,16,16,16,16,16,16,16,16,13,13,7,7,16,7,13,12,7,7,16,13,12,14,15,13,7,7,7,7,7,16]",836,35587
008-instcombine-foldfnegintoconstant-n40-d16.pbqp,5f22b51db087ec155c06314ab44dd147c3eb58305e634a277a99c26290f0a3aa,# /tmp/pcaa-corpus-ll/InstCombineAddSub.ll._ZL20foldFNegIntoConstantRN4llvm11InstructionERKNS_10DataLayoutE round 0,40,97,24,7,16,12.7,"[7,15,7,15,14,15,7,15,16,7,15,7,7,16,16,16,7,16,16,16,7,13,13,16,16,15,7,15,13,16,16,15,7,15,16,15,13,16,7,7]",508,9470
009-instcombine-canonicalizelowbitmask-n25-d16.pbqp,d1edab55ee3fe6fb9946bb80858ffd17fe136b8df97ce07d3139d3aefb63cb54,# /tmp/pcaa-corpus-ll/InstCombineAddSub.ll._ZL22canonicalizeLowbitMaskRN4llvm14BinaryOperatorERNS_9IRBuilderINS_12TargetFolderENS_12InstCombiner28IRBuilderInstCombineInserterEEE round 0,25,68,20,7,16,13.16,"[7,7,7,7,16,16,16,16,16,16,10,13,16,13,12,11,14,16,16,15,15,16,15,7,16]",329,7203
010-instcombine-checkfornegativeoperand-n173-d16.pbqp,00c5e3431073e8a54c42d3bd98805b05262ae55e359377c34448f3d2b870a9d1,# /tmp/pcaa-corpus-ll/InstCombineAddSub.ll._ZL23checkForNegativeOperandRN4llvm14BinaryOperatorERNS_9IRBuilderINS_12TargetFolderENS_12InstCombiner28IRBuilderInstCombineInserterEEE round 0,173,867,172,7,16,12.982658959537572,"[7,7,16,16,16,16,7,16,7,16,16,7,16,16,16,16,16,7,16,7,16,16,15,16,7,7,16,15,15,7,16,16,7,16,16,7,7,16,7,7,16,7,16,7,7,16,15,7,16,16,7,7,7,16,16,16,16,16,7,16,16,16,16,16,7,16,16,16,16,16,16,16,16,16,15,16,16,12,13,16,13,12,11,14,16,10,13,16,13,12,11,14,16,16,16,7,16,16,16,16,15,16,12,13,16,13,12,11,14,16,10,13,16,13,12,11,14,16,16,16,16,16,16,16,16,16,16,16,15,15,16,16,7,16,16,16,15,16,12,13,16,13,12,11,14,16,10,13,16,13,12,11,14,7,7,7,7,7,7,7,16,7,15,7,7,7,7,7,7,15,15,7,7]",2246,90919
011-instcombine-checkfornegativeoperand-n193-d16-r1.pbqp,6dc848a89e0e4fb4434195439d8e745b188fb13b1e1438a6846096dae7511ee3,# /tmp/pcaa-corpus-ll/InstCombineAddSub.ll._ZL23checkForNegativeOperandRN4llvm14BinaryOperatorERNS_9IRBuilderINS_12TargetFolderENS_12InstCombiner28IRBuilderInstCombineInserterEEE round 1,193,844,192,7,16,13.704663212435234,"[7,7,16,16,16,16,7,16,7,16,16,7,16,16,16,16,16,7,16,16,16,15,16,7,7,16,15,15,7,16,16,7,16,16,7,7,16,7,7,16,16,7,16,15,7,16,16,7,7,16,16,16,16,16,7,16,16,16,16,16,7,16,16,16,16,16,16,16,16,16,15,16,16,12,13,16,13,12,11,14,16,10,13,16,13,12,11,14,16,16,16,7,16,16,16,16,15,16,12,13,16,13,12,11,14,16,10,13,16,13,12,11,14,16,16,16,16,16,16,16,16,16,16,16,15,15,16,16,7,16,16,16,15,16,12,13,16,13,12,11,14,16,10,13,16,13,12,11,14,7,7,7,7,16,15,7,7,7,7,7,15,15,7,7,16,16,16,16,16,16,16,16,16,16,16,16,16,16,16,16,16,16,16,16,15,16,16,16,16,15,16,16,16]",2645,94517
012-instcombine-factorizemathwithshlops-n33-d16.pbqp,84ff1eea5725dd07eb4a4ceba8340cb0f034cb443e61eba852488928ac402f2a,# /tmp/pcaa-corpus-ll/InstCombineAddSub.ll._ZL23factorizeMathWithShlOpsRN4llvm14BinaryOperatorERNS_9IRBuilderINS_12TargetFolderENS_12InstCombiner28IRBuilderInstCombineInserterEEE round 0,33,171,26,7,16,12.181818181818182,"[7,7,16,16,7,7,7,7,7,7,16,16,16,16,16,16,16,7,16,16,7,16,15,11,16,13,7,7,7,16,16,16,16]",402,18914
013-instcombine-factorizemathwithshlops-n33-d16-r1.pbqp,b59990e8fb2a4fc78775fa49b5567876711b951502b38d27d23f5b4fb481f2ce,# /tmp/pcaa-corpus-ll/InstCombineAddSub.ll._ZL23factorizeMathWithShlOpsRN4llvm14BinaryOperatorERNS_9IRBuilderINS_12TargetFolderENS_12InstCombiner28IRBuilderInstCombineInserterEEE round 1,33,156,26,7,16,12.727272727272727,"[7,7,16,16,7,7,7,7,7,16,16,16,16,16,16,16,16,16,7,16,15,11,16,13,7,7,7,16,16,16,16,16,16]",420,18326
014-instcombine-combineaddsubwithshladdsub-n29-d16.pbqp,54d2cc631a016e4433871bc77d59d2a13adbaa6a06813d04070aa2402f371d48,# /tmp/pcaa-corpus-ll/InstCombineAddSub.ll._ZL26combineAddSubWithShlAddSubRN4llvm9IRBuilderINS_12TargetFolderENS_12InstCombiner28IRBuilderInstCombineInserterEEERKNS_14BinaryOperatorE round 0,29,70,25,7,16,13.448275862068966,"[15,16,15,16,7,7,7,7,16,16,16,16,16,16,16,16,16,10,13,16,13,12,11,14,15,13,16,7,16]",390,8360
015-instcombine-foldtounsignedsaturatedadd-n62-d17.pbqp,837cb96b5e1710cd90bb30c2e72067098e0fa25880e5b9ac8c48e61bfab11a09,# /tmp/pcaa-corpus-ll/InstCombineAddSub.ll._ZL26foldToUnsignedSaturatedAddRN4llvm14BinaryOperatorE round 0,62,141,36,7,17,13.661290322580646,"[15,7,16,16,16,16,7,16,7,15,16,7,7,16,16,16,15,16,16,16,16,16,16,16,16,16,16,16,16,16,7,16,16,15,15,13,16,16,16,17,16,15,17,12,11,15,13,16,16,17,16,15,17,12,11,7,7,7,7,7,7,7]",847,15112
016-instcombine-matchdiv-n30-d16.pbqp,c10792860c2a9e58646890f072e491e357486aadcbb8ac9bd6dc25de525c7edd,# /tmp/pcaa-corpus-ll/InstCombineAddSub.ll._ZL8MatchDivPN4llvm5ValueERS1_RNS_5APIntEb round 0,30,76,29,7,16,14.3,"[16,16,16,16,16,16,16,7,7,7,13,16,16,16,16,16,16,16,15,16,16,16,16,7,16,16,15,15,16,7]",429,9574
017-instcombine-matchmul-n22-d16.pbqp,4ad9e456cc44ef909d48bfcec226a353662127bfc805ccf1949764936e754044,# /tmp/pcaa-corpus-ll/InstCombineAddSub.ll._ZL8MatchMulPN4llvm5ValueERS1_RNS_5APIntE round 0,22,54,21,7,16,13.863636363636363,"[16,16,16,16,16,7,7,7,16,16,16,16,16,16,7,16,15,16,16,15,16,7]",305,6435
018-instcombine-matchrem-n44-d16.pbqp,84cda1ff814c165ca8daa49802c075f8c573762fdff052c97db755981943eea5,# /tmp/pcaa-corpus-ll/InstCombineAddSub.ll._ZL8MatchRemPN4llvm5ValueERS1_RNS_5APIntERb round 0,44,125,42,7,16,13.659090909090908,"[16,16,16,16,16,16,7,7,7,16,7,7,16,16,7,7,7,7,16,16,16,16,16,16,16,16,16,16,7,16,16,16,15,16,16,7,16,16,16,16,15,15,16,15]",601,14056
019-instcombine-faddcombine-simplifyfadd-n108-d17.pbqp,cfbf4b4282e1280c359ece929fe7ca82efca7e25bfd25676b70cd9cbe7a430b4,# /tmp/pcaa-corpus-ll/InstCombineAddSub.ll._ZN12_GLOBAL__N_111FAddCombine12simplifyFAddERN4llvm11SmallVectorIPKNS_7FAddendELj4EEEj round 0,108,1031,102,7,17,13.425925925925926,"[7,7,15,7,7,7,16,15,16,7,7,15,16,7,7,16,7,7,16,16,15,16,16,16,16,16,7,7,7,16,7,16,16,7,16,16,7,16,16,16,16,15,15,14,7,16,16,16,14,16,16,16,16,16,16,16,16,16,16,16,16,16,16,16,16,15,16,16,17,16,16,7,16,16,15,16,16,17,16,7,7,16,16,15,16,13,16,16,15,16,16,16,16,16,7,7,7,16,7,16,16,7,14,7,7,7,16,16]",1450,109050
020-instcombine-faddcombine-simplifyfadd-n138-d17-r1.pbqp,f698a4312205aaf3334848713a9d25a46bffa55d8a2133484bf72ea5e55bb5e4,# /tmp/pcaa-corpus-ll/InstCombineAddSub.ll._ZN12_GLOBAL__N_111FAddCombine12simplifyFAddERN4llvm11SmallVectorIPKNS_7FAddendELj4EEEj round 1,138,557,59,7,17,14.652173913043478,"[7,15,7,7,16,15,16,7,15,16,7,7,16,7,16,16,15,16,16,16,16,16,16,16,16,16,16,7,16,16,16,16,15,15,14,16,16,16,14,16,16,16,16,16,16,16,16,16,16,16,16,16,16,16,16,15,16,16,17,16,16,7,16,16,15,16,16,17,16,7,16,16,15,16,13,16,16,15,16,16,16,16,16,7,16,7,16,16,7,14,7,7,7,16,16,16,14,16,16,16,16,16,16,16,16,16,16,16,16,16,16,16,16,16,16,16,16,16,16,16,16,16,15,16,16,15,16,15,12,12,12,12,12,16,16,16,16,16]",2022,70649
021-instcombine-faddcombine-simplify-n54-d16.pbqp,7da9f63ffabad644f8ce21c545df68f2a449c21a06ebde979988a3f1dcb2236b,# /tmp/pcaa-corpus-ll/InstCombineAddSub.ll._ZN12_GLOBAL__N_111FAddCombine8simplifyEPN4llvm11InstructionE round 0,54,311,48,7,16,12.851851851851851,"[16,7,7,16,7,7,7,16,16,16,16,7,16,7,7,16,7,16,7,16,16,7,7,7,15,14,16,16,16,7,7,7,16,16,16,16,16,16,15,15,16,16,16,15,16,16,16,16,16,16,7,16,14,7]",694,29648
022-instcombine-faddcombine-simplify-n59-d16-r1.pbqp,de63a52d6ac6eee585a65e537fed37c82b3f55d5457ce30e6ae7ddd4c865e449,# /tmp/pcaa-corpus-ll/InstCombineAddSub.ll._ZN12_GLOBAL__N_111FAddCombine8simplifyEPN4llvm11InstructionE round 1,59,237,53,7,16,13.64406779661017,"[16,7,7,16,7,7,16,16,16,16,7,16,7,7,16,7,16,7,16,16,7,15,14,16,16,16,7,7,16,16,16,16,16,16,15,15,16,16,16,15,16,16,16,16,16,16,7,16,14,7,16,16,15,16,14,16,14,16,16]",805,24830
023-instcombine-faddendcoef-converttofptype-n7-d16.pbqp,857479872b6d4ad47697afab5d38d8463cb18ef070faaf6cddba3591ea34ca19,# /tmp/pcaa-corpus-ll/InstCombineAddSub.ll._ZN12_GLOBAL__N_111FAddendCoef15convertToFpTypeERKN4llvm12fltSemanticsE round 0,7,14,6,7,16,12.714285714285714,"[7,14,7,15,15,16,15]",89,1729
024-instcombine-faddendcoef-createapfloatfromint-n7-d16.pbqp,0f834559313d9d8fbebb118eb4fc7478dfea30e77cd204b76fb066150c7adb35,# /tmp/pcaa-corpus-ll/InstCombineAddSub.ll._ZN12_GLOBAL__N_111FAddendCoef20createAPFloatFromIntERKN4llvm12fltSemanticsEi round 0,7,10,6,7,16,13.714285714285714,"[14,14,15,7,15,16,15]",96,1463
025-instcombine-faddend-drillvaluedownonestep-n36-d16.pbqp,0591f6e6dd29cdded344bb856f23e98b15961f0abe0aac8107e80b7f64378c27,# /tmp/pcaa-corpus-ll/InstCombineAddSub.ll._ZN12_GLOBAL__N_17FAddend21drillValueDownOneStepEPN4llvm5ValueERS0_S4_ round 0,36,142,30,7,16,13.305555555555555,"[7,16,7,7,15,16,7,7,15,16,7,14,16,16,7,16,16,16,16,16,16,16,15,16,15,15,16,7,16,16,16,7,16,16,7,16]",479,17365
026-instcombine-faddend-drillvaluedownonestep-n36-d16-r1.pbqp,13005a90309460f011ed64600de5d6b01f50268629a43e60a42e6b9d06ca52fc,# /tmp/pcaa-corpus-ll/InstCombineAddSub.ll._ZN12_GLOBAL__N_17FAddend21drillValueDownOneStepEPN4llvm5ValueERS0_S4_ round 1,36,136,30,7,16,13.555555555555555,"[7,16,7,15,16,7,7,15,16,7,14,16,16,7,16,16,16,16,16,16,16,15,16,15,15,16,7,16,16,16,7,16,16,7,16,16]",488,17350
027-instcombine-faddend-set-n4-d16.pbqp,f981debf0544eebf518f51c6d66e3e4a1a009fab8b3e8856c2b63108a6476654,# /tmp/pcaa-corpus-ll/InstCombineAddSub.ll._ZN12_GLOBAL__N_17FAddend3setEPKN4llvm10ConstantFPEPNS1_5ValueE round 0,4,6,3,7,16,11.25,"[15,16,7,7]",45,723
028-instcombine-faddend-scale-n17-d16.pbqp,3c446465f87de7235ee91996d95131d0b81bc6eca1b28aed333b5b4bc5b26640,# /tmp/pcaa-corpus-ll/InstCombineAddSub.ll._ZN12_GLOBAL__N_17FAddend5ScaleERKNS_11FAddendCoefE round 0,17,39,15,7,16,14.176470588235293,"[16,16,7,7,16,16,16,16,14,16,16,15,15,16,16,16,7]",241,5833
029-instcombine-selectinst-init-n19-d16.pbqp,e2183cf6cf19e366563cf8212c3f3c08592197cf055294f1c47ddf46bf05b622,# /tmp/pcaa-corpus-ll/InstCombineAddSub.ll._ZN4llvm10SelectInst4initEPNS_5ValueES2_S2_ round 0,19,69,18,13,16,15.68421052631579,"[16,16,16,15,16,16,16,16,16,14,16,16,16,16,16,13,16,16,16]",298,16267
030-instcombine-selectinst-create-n9-d15.pbqp,d824c25ecb2fd982713730b06e8590e6e4a1dd84cb61c9f202ba994b637114c3,# /tmp/pcaa-corpus-ll/InstCombineAddSub.ll._ZN4llvm10SelectInst6CreateEPNS_5ValueES2_S2_RKNS_5TwineENS_14InsertPositionEPKNS_11InstructionE round 0,9,36,8,7,15,7.888888888888889,"[7,7,7,7,7,7,7,7,15]",71,2212
031-instcombine-selectinst-create-n8-d15-r1.pbqp,fb2260528e9ec84b2dbea2174a99b21cc53adec06c15ddfb838df0702d33b677,# /tmp/pcaa-corpus-ll/InstCombineAddSub.ll._ZN4llvm10SelectInst6CreateEPNS_5ValueES2_S2_RKNS_5TwineENS_14InsertPositionEPKNS_11InstructionE round 1,8,22,7,7,15,9.0,"[7,7,7,7,7,7,15,15]",72,1470
032-instcombine-densemapbase-grow-n22-d17.pbqp,b4ebce63a896c62838fca6486786f3afb8efc3eecc9e67ecd8cf69d013758b49,# /tmp/pcaa-corpus-ll/InstCombineAddSub.ll._ZN4llvm12DenseMapBaseINS_8DenseMapIPNS_11InstructionENS_6detail13DenseSetEmptyENS_12DenseMapInfoIS3_vEENS4_12DenseSetPairIS3_EEEES3_S5_S7_S9_E4growEj round 0,22,42,17,7,17,14.636363636363637,"[15,7,15,16,16,16,16,16,7,16,7,15,16,16,16,17,17,16,16,16,16,14]",322,6691
033-instcombine-densemapbase-lookupbucketfor-n15-d16.pbqp,48fa80ca5195dc5933d69e3ff7c6518606690b27c56a0f16ced4b03a0e80c308,# /tmp/pcaa-corpus-ll/InstCombineAddSub.ll._ZN4llvm12DenseMapBaseINS_8DenseMapIPNS_11InstructionENS_6detail13DenseSetEmptyENS_12DenseMapInfoIS3_vEENS4_12DenseSetPairIS3_EEEES3_S5_S7_S9_E15LookupBucketForIS3_EEbRKT_RPS9_ round 0,15,72,14,14,16,15.8,"[16,16,16,16,16,15,14,16,16,16,16,16,16,16,16]",237,17906
034-instcombine-densemapbase-movefrom-n26-d17.pbqp,fe41268a5fc56a4fc2ad344d2975b8b3c27ae067fa6a70a4a392d8abb49072b3,# /tmp/pcaa-corpus-ll/InstCombineAddSub.ll._ZN4llvm12DenseMapBaseINS_8DenseMapIPNS_11InstructionENS_6detail13DenseSetEmptyENS_12DenseMapInfoIS3_vEENS4_12DenseSetPairIS3_EEEES3_S5_S7_S9_E8moveFromERSA_ round 0,26,187,23,7,17,14.961538461538462,"[14,15,15,15,15,15,15,15,16,15,7,15,16,15,16,16,16,16,14,17,16,15,15,15,15,15]",389,39670
035-instcombine-densemapbase-movefrom-n38-d17-r1.pbqp,893ec9eedfd8616b28c0f586fd290e901d10edfb078d90fb1d8d07980499144d,# /tmp/pcaa-corpus-ll/InstCombineAddSub.ll._ZN4llvm12DenseMapBaseINS_8DenseMapIPNS_11InstructionENS_6detail13DenseSetEmptyENS_12DenseMapInfoIS3_vEENS4_12DenseSetPairIS3_EEEES3_S5_S7_S9_E8moveFromERSA_ round 1,38,154,29,14,17,15.578947368421053,"[14,15,15,15,15,15,15,16,15,16,15,16,16,16,16,14,17,16,15,15,15,15,15,16,16,16,16,16,16,16,16,16,16,16,16,16,16,16]",592,35212
036-instcombine-densemapbase-lookuporinsertintobucke-n22-d16.pbqp,cb01bafd2dff7aa7645d636d2ccb9c7e96372d0d5f6811f60296ef0eec377223,# /tmp/pcaa-corpus-ll/InstCombineAddSub.ll._ZN4llvm12DenseMapBaseINS_8DenseMapIPNS_11InstructionENS_6detail13DenseSetEmptyENS_12DenseMapInfoIS3_vEENS4_12DenseSetPairIS3_EEEES3_S5_S7_S9_E24lookupOrInsertIntoBucketIRKS3_JEEESt4pairIPS9_bEOT_DpOT0_ round 0,22,113,19,7,16,14.818181818181818,"[16,16,7,7,16,16,16,15,16,16,16,16,16,16,14,15,15,16,15,16,15,15]",326,22568
037-instcombine-densemapbase-grow-n20-d17.pbqp,12f9e9f1b41dc3aaa5cf96403937849e9f7392b399d214cdcf39d0875876212a,# /tmp/pcaa-corpus-ll/InstCombineAddSub.ll._ZN4llvm12DenseMapBaseINS_8DenseMapIPNS_11InstructionEjNS_12DenseMapInfoIS3_vEENS_6detail12DenseMapPairIS3_jEEEES3_jS5_S8_E4growEj round 0,20,30,9,7,17,14.25,"[15,7,15,15,15,15,15,15,7,15,16,7,16,17,17,16,16,16,16,14]",285,5064
038-instcombine-densemapbase-lookupbucketfor-n15-d16.pbqp,8a8d4faead62576193596c00dbfdc96f59499f4ac7bd9fd265493c4148f2c1b0,# /tmp/pcaa-corpus-ll/InstCombineAddSub.ll._ZN4llvm12DenseMapBaseINS_8DenseMapIPNS_11InstructionEjNS_12DenseMapInfoIS3_vEENS_6detail12DenseMapPairIS3_jEEEES3_jS5_S8_E15LookupBucketForIS3_EEbRKT_RPS8_ round 0,15,72,14,14,16,15.8,"[16,16,16,16,16,15,14,16,16,16,16,16,16,16,16]",237,17906
039-instcombine-densemapbase-movefrom-n28-d17.pbqp,a7bdccbd7c87b651c42db8a7e8c786678f794f6f72f3fdf6b4a98526fb724806,# /tmp/pcaa-corpus-ll/InstCombineAddSub.ll._ZN4llvm12DenseMapBaseINS_8DenseMapIPNS_11InstructionEjNS_12DenseMapInfoIS3_vEENS_6detail12DenseMapPairIS3_jEEEES3_jS5_S8_E8moveFromERS9_ round 0,28,225,25,7,17,14.964285714285714,"[14,15,15,15,15,15,15,15,16,15,7,15,15,15,16,15,15,16,16,16,16,14,17,16,15,15,15,15]",419,48010
040-instcombine-densemapbase-movefrom-n40-d17-r1.pbqp,ace45cc087f257881ff63bf9584e2119f363eea646876801604bdcb07d4c7ebc,# /tmp/pcaa-corpus-ll/InstCombineAddSub.ll._ZN4llvm12DenseMapBaseINS_8DenseMapIPNS_11InstructionEjNS_12DenseMapInfoIS3_vEENS_6detail12DenseMapPairIS3_jEEEES3_jS5_S8_E8moveFromERS9_ round 1,40,161,30,14,17,15.575,"[14,15,15,15,15,15,15,16,15,15,16,15,15,16,16,16,16,14,17,16,15,15,15,15,16,16,16,16,16,16,16,16,16,16,16,16,16,16,16,16]",623,36682
041-instcombine-densemapbase-lookuporinsertintobucke-n24-d16.pbqp,ff55a2336199de0700c0976cc2f7aa157f33e159f1a3a343b371438b7ff35c9f,# /tmp/pcaa-corpus-ll/InstCombineAddSub.ll._ZN4llvm12DenseMapBaseINS_8DenseMapIPNS_11InstructionEjNS_12DenseMapInfoIS3_vEENS_6detail12DenseMapPairIS3_jEEEES3_jS5_S8_E24lookupOrInsertIntoBucketIS3_JjEEESt4pairIPS8_bEOT_DpOT0_ round 0,24,135,21,7,16,14.541666666666666,"[16,16,7,7,7,16,16,16,15,16,16,16,16,16,16,14,15,15,16,16,15,16,15,15]",349,24985
042-instcombine-instcombiner-replaceoperand-n18-d16.pbqp,fc0342c8722baf233be6a03b544aa49809fef89ed6742542521d5b16cda3eb4d,# /tmp/pcaa-corpus-ll/InstCombineAddSub.ll._ZN4llvm12InstCombiner14replaceOperandERNS_11InstructionEjPNS_5ValueE round 0,18,64,17,7,16,14.11111111111111,"[7,16,16,16,13,16,16,7,16,16,7,14,16,16,15,16,15,16]",254,10750
043-instcombine-instcombiner-replaceinstuseswith-n14-d16.pbqp,af6d6c296b3f455570c9fa9366fcb9c30208b4eec1e1600607223df056a38a96,# /tmp/pcaa-corpus-ll/InstCombineAddSub.ll._ZN4llvm12InstCombiner19replaceInstUsesWithERNS_11InstructionEPNS_5ValueE round 0,14,65,13,7,16,10.857142857142858,"[7,7,7,7,16,16,16,7,16,16,16,7,7,7]",152,5660
044-instcombine-instcombiner-replaceinstuseswith-n16-d16-r1.pbqp,f99d39f67cddbcf6e08dcc0f8bf0c42bba1d18827801401c0e9b6f9ba1f03989,# /tmp/pcaa-corpus-ll/InstCombineAddSub.ll._ZN4llvm12InstCombiner19replaceInstUsesWithERNS_11InstructionEPNS_5ValueE round 1,16,52,15,7,16,12.625,"[7,7,7,16,16,16,7,16,16,16,7,7,16,16,16,16]",202,5023
045-instcombine-instcombiner-addone-n3-d15.pbqp,e436633f9ff6dec12462b5f24493c33a93452d75abdd911bdab749b5867ac4bc,# /tmp/pcaa-corpus-ll/InstCombineAddSub.ll._ZN4llvm12InstCombiner6AddOneEPNS_8ConstantE round 0,3,2,2,7,15,12.333333333333334,"[7,15,15]",37,210
046-instcombine-instcombiner-subone-n3-d15.pbqp,94020ac804b27a6c2b7351026e28a7815fcdea8f8ecaebc542293e71136c301b,# /tmp/pcaa-corpus-ll/InstCombineAddSub.ll._ZN4llvm12InstCombiner6SubOneEPNS_8ConstantE round 0,3,2,2,7,15,12.333333333333334,"[7,15,15]",37,210
047-instcombine-patternmatch-match-n13-d16.pbqp,016c4864a9c91db18f2dcde4c8d445f3b51918cc07ee406e424c7cc86559dede,# /tmp/pcaa-corpus-ll/InstCombineAddSub.ll._ZN4llvm12PatternMatch5matchINS_14BinaryOperatorENS0_14BinaryOp_matchINS0_12OneUse_matchINS3_INS0_14cstval_pred_tyINS0_11is_all_onesENS_11ConstantIntELb1EEENS4_INS3_INS_19PatternMatchHelpers10match_bindINS_5ValueEEENS0_8ap_matchINS_5APIntEEELj18ELb0EEEEELj31ELb1EEEEENS9_14match_deferredISB_EELj14ELb1EEEEEbPT_RKT0_ round 0,13,22,10,7,16,14.307692307692308,"[14,16,14,16,7,7,16,16,16,16,16,16,16]",186,2857
048-instcombine-patternmatch-match-n11-d16.pbqp,48ed19d5ac78d7f8f1fd1b47c63f012345abb0cecd5762dd3f6e8fa5d7c3be37,# /tmp/pcaa-corpus-ll/InstCombineAddSub.ll._ZN4llvm12PatternMatch5matchINS_14BinaryOperatorENS0_14BinaryOp_matchINS0_12OneUse_matchINS3_INS0_19bind_immconstant_tyENS_19PatternMatchHelpers10match_bindINS_5ValueEEELj16ELb0EEEEES9_Lj14ELb1EEEEEbPT_RKT0_ round 0,11,18,8,7,16,14.181818181818182,"[15,16,15,16,7,7,16,16,16,16,16]",156,2325
049-instcombine-patternmatch-match-n13-d16.pbqp,d67c9ecd178cba3107d6b70f03d86982bf64d43fa3bdb9f285c07ffddfd6f670,# /tmp/pcaa-corpus-ll/InstCombineAddSub.ll._ZN4llvm12PatternMatch5matchINS_14BinaryOperatorENS0_14BinaryOp_matchINS0_12OneUse_matchINS3_INS3_INS0_14cstval_pred_tyINS0_11is_zero_intENS_11ConstantIntELb1EEENS_19PatternMatchHelpers10match_bindINS_5ValueEEELj16ELb0EEENS0_11api_pred_tyINS0_14is_lowbit_maskEEELj29ELb0EEEEENS9_14match_deferredISB_EELj14ELb1EEEEEbPT_RKT0_ round 0,13,22,10,7,16,14.461538461538462,"[15,16,15,16,7,7,16,16,16,16,16,16,16]",188,2917
050-instcombine-patternmatch-match-n11-d16.pbqp,dcb5287c4d44a6cd2dcba0aadcd1452ac68af25a491ff5cb5b9bfd512a398ee0,# /tmp/pcaa-corpus-ll/InstCombineAddSub.ll._ZN4llvm12PatternMatch5matchINS_14BinaryOperatorENS0_14BinaryOp_matchINS0_8ap_matchINS_5APIntEEENS_19PatternMatchHelpers10match_bindINS_5ValueEEELj16ELb0EEEEEbPT_RKT0_ round 0,11,27,9,7,16,14.272727272727273,"[16,16,7,7,16,16,16,15,16,16,16]",157,4515
051-instcombine-patternmatch-match-n11-d16.pbqp,c3b735cdac31980afeead91a255d99b073b5d170fef6f25e679e92f1e1b9aa3d,# /tmp/pcaa-corpus-ll/InstCombineAddSub.ll._ZN4llvm12PatternMatch5matchINS_14BinaryOperatorENS0_14BinaryOp_matchINS3_INS_19PatternMatchHelpers10match_bindINS_5ValueEEENS0_19bind_immconstant_tyELj14ELb0EEENS3_IS8_S7_Lj16ELb0EEELj14ELb1EEEEEbPT_RKT0_ round 0,11,20,10,7,16,14.0,"[7,7,16,15,16,16,15,16,15,16,15]",154,2400
052-instcombine-patternmatch-match-n10-d16.pbqp,8f6cbd2ea43d7bbeca18d907a01e90662e3e7517d4a3956a9a3e44337e92071b,# /tmp/pcaa-corpus-ll/InstCombineAddSub.ll._ZN4llvm12PatternMatch5matchINS_14BinaryOperatorENS0_14BinaryOp_matchINS3_INS_19PatternMatchHelpers10match_bindINS_5ValueEEENS0_19bind_immconstant_tyELj19ELb0EEENS4_14match_deferredIS6_EELj15ELb1EEEEEbPT_RKT0_ round 0,10,14,7,7,16,14.0,"[7,7,16,15,16,16,16,16,16,15]",140,1749
053-instcombine-patternmatch-match-n15-d16.pbqp,38e70b33ef1c953379d55de4cea3a219251e3802cd0a9702025e241eaae0be43,# /tmp/pcaa-corpus-ll/InstCombineAddSub.ll._ZN4llvm12PatternMatch5matchINS_14BinaryOperatorENS0_17AnyBinaryOp_matchINS0_14CastInst_matchINS_19PatternMatchHelpers10match_bindINS_5ValueEEENS_8ZExtInstEEENS4_INS5_14match_deferredIS7_EENS_8SExtInstEEELb1EEEEEbPT_RKT0_ round 0,15,25,12,15,16,15.933333333333334,"[16,16,16,16,16,16,16,15,16,16,16,16,16,16,16]",239,6208
054-instcombine-patternmatch-match-n14-d16.pbqp,a08d364c560a3ae183a75d9d417392b92864074e8d696cb01567477fc563599b,# /tmp/pcaa-corpus-ll/InstCombineAddSub.ll._ZN4llvm12PatternMatch5matchINS_14BinaryOperatorENS0_17AnyBinaryOp_matchINS_19PatternMatchHelpers10match_bindINS_5ValueEEENS0_12OneUse_matchINS0_14BinaryOp_matchINS9_INS0_14cstval_pred_tyINS0_11is_zero_intENS_11ConstantIntELb1EEENS4_14match_deferredIS6_EELj16ELb0EEESF_Lj30ELb1EEEEELb1EEEEEbPT_RKT0_ round 0,14,30,12,7,16,14.428571428571429,"[16,16,14,16,16,14,16,7,7,16,16,16,16,16]",202,4153
055-instcombine-patternmatch-match-n8-d16.pbqp,9ba2681d18ae8aaf412d6152e5d2ead28e1f3e338653b902ee3d0758b7d75f25,# /tmp/pcaa-corpus-ll/InstCombineAddSub.ll._ZN4llvm12PatternMatch5matchINS_5ValueENS0_12OneUse_matchINS0_14BinaryOp_matchINS0_10FNeg_matchINS_19PatternMatchHelpers10match_bindIS2_EEEES8_Lj22ELb0EEEEEEEbPT_RKT0_ round 0,8,9,5,7,16,13.625,"[16,16,7,7,16,15,16,16]",109,1075
056-instcombine-patternmatch-match-n9-d16.pbqp,71e54ec7419ec608c059c4835360a259a5d4f5e94975c3f6ffc73e9c1d22514a,# /tmp/pcaa-corpus-ll/InstCombineAddSub.ll._ZN4llvm12PatternMatch5matchINS_5ValueENS0_12OneUse_matchINS0_14BinaryOp_matchINS0_10FNeg_matchINS_19PatternMatchHelpers10match_bindIS2_EEEES8_Lj19ELb1EEEEEEEbPT_RKT0_ round 0,9,13,6,7,16,13.777777777777779,"[16,7,7,16,15,16,16,16,15]",124,1621
057-instcombine-patternmatch-match-n7-d16.pbqp,906c6a522ab2591af5b4fed13167bb1406bd3c8ca24e923ac79aa908873287aa,# /tmp/pcaa-corpus-ll/InstCombineAddSub.ll._ZN4llvm12PatternMatch5matchINS_5ValueENS0_12OneUse_matchINS0_14BinaryOp_matchINS0_14specificval_tyENS_19PatternMatchHelpers10match_bindINS_8ConstantEEELj29ELb0EEEEEEEbPT_RKT0_ round 0,7,7,4,15,16,15.857142857142858,"[16,16,16,15,16,16,16]",111,1728
058-instcombine-patternmatch-match-n7-d16.pbqp,4d5b6830dcd343c4fe56a1e8701530c6d5bade83c87e62013053a86df385792c,# /tmp/pcaa-corpus-ll/InstCombineAddSub.ll._ZN4llvm12PatternMatch5matchINS_5ValueENS0_12OneUse_matchINS0_14BinaryOp_matchINS0_14specificval_tyES5_Lj31ELb1EEEEEEEbPT_RKT0_ round 0,7,11,5,15,16,15.857142857142858,"[16,16,16,16,15,16,16]",111,2736
059-instcombine-patternmatch-match-n13-d16.pbqp,fc579d5d74b415d68ce194201032eda03d07b23d1aee472046dbfa0654262a6e,# /tmp/pcaa-corpus-ll/InstCombineAddSub.ll._ZN4llvm12PatternMatch5matchINS_5ValueENS0_12OneUse_matchINS0_14BinaryOp_matchINS_19PatternMatchHelpers10match_bindINS_14BinaryOperatorEEENS0_8ap_matchINS_5APIntEEELj29ELb0EEEEEEEbPT_RKT0_ round 0,13,27,11,7,16,15.23076923076923,"[16,16,16,16,7,16,16,16,16,16,15,16,16]",198,5305
060-instcombine-patternmatch-match-n8-d16.pbqp,58af361a32636a83244d4272c4d1ccac41cae126e477e3e128ba446be37ba961,# /tmp/pcaa-corpus-ll/InstCombineAddSub.ll._ZN4llvm12PatternMatch5matchINS_5ValueENS0_12OneUse_matchINS0_14BinaryOp_matchINS_19PatternMatchHelpers10match_bindIS2_EES7_Lj17ELb0EEEEEEEbPT_RKT0_ round 0,8,10,5,15,16,15.875,"[16,16,16,16,15,16,16,16]",127,2480
061-instcombine-patternmatch-match-n9-d16.pbqp,2f483ee097e3c69d10d46c10a884f2a60d5408fd1b99373ceb27f39f021c71ad,# /tmp/pcaa-corpus-ll/InstCombineAddSub.ll._ZN4llvm12PatternMatch5matchINS_5ValueENS0_12OneUse_matchINS0_14BinaryOp_matchINS_19PatternMatchHelpers10match_bindIS2_EENS0_14specificval_tyELj30ELb1EEEEEEEbPT_RKT0_ round 0,9,14,7,15,16,15.88888888888889,"[16,16,16,15,16,16,16,16,16]",143,3472
062-instcombine-patternmatch-match-n8-d16.pbqp,d00d43407ad83cee0ba2252fd8dc34a37fcc51f0fb1777edcd80cc5930cef86d,# /tmp/pcaa-corpus-ll/InstCombineAddSub.ll._ZN4llvm12PatternMatch5matchINS_5ValueENS0_12OneUse_matchINS0_14BinaryOp_matchINS_19PatternMatchHelpers10match_bindIS2_EES7_Lj16ELb0EEEEEEEbPT_RKT0_ round 0,8,10,5,15,16,15.875,"[16,16,16,16,15,16,16,16]",127,2480
063-instcombine-patternmatch-match-n8-d16.pbqp,19884e20259a36d12ab2a5dc507ea7ec6e54440e36a86bd7bfc098dae89696b6,# /tmp/pcaa-corpus-ll/InstCombineAddSub.ll._ZN4llvm12PatternMatch5matchINS_5ValueENS0_12OneUse_matchINS0_14BinaryOp_matchINS_19PatternMatchHelpers10match_bindIS2_EENS0_10FNeg_matchIS7_EELj22ELb0EEEEEEEbPT_RKT0_ round 0,8,10,5,15,16,15.75,"[16,16,16,15,16,15,16,16]",126,2465
064-instcombine-patternmatch-match-n8-d16.pbqp,73e74259635f6730ff9627efc73d3dd9ab117c6c0651c5003d707cca80a386dd,# /tmp/pcaa-corpus-ll/InstCombineAddSub.ll._ZN4llvm12PatternMatch5matchINS_5ValueENS0_12OneUse_matchINS0_14BinaryOp_matchINS_19PatternMatchHelpers10match_bindIS2_EENS5_14match_deferredIS2_EELj18ELb0EEEEEEEbPT_RKT0_ round 0,8,10,5,15,16,15.875,"[16,16,16,15,16,16,16,16]",127,2480
065-instcombine-patternmatch-match-n9-d16.pbqp,65ec5a174b553baceb730ef5bb41c4ac671c65cc7e3a9fda7a068db59772f3e9,# /tmp/pcaa-corpus-ll/InstCombineAddSub.ll._ZN4llvm12PatternMatch5matchINS_5ValueENS0_12OneUse_matchINS0_14BinaryOp_matchINS_19PatternMatchHelpers10match_bindIS2_EENS0_14specificval_tyELj14ELb1EEEEEEEbPT_RKT0_ round 0,9,14,7,15,16,15.88888888888889,"[16,16,16,15,16,16,16,16,16]",143,3472
066-instcombine-patternmatch-match-n7-d16.pbqp,49159bc8d297e617a64bd3f759d05cfdac0776fbdac246a2f0827804d55cabc0,# /tmp/pcaa-corpus-ll/InstCombineAddSub.ll._ZN4llvm12PatternMatch5matchINS_5ValueENS0_12OneUse_matchINS0_14CastInst_matchINS0_10FNeg_matchINS_19PatternMatchHelpers10match_bindIS2_EEEENS_9FPExtInstEEEEEEEbPT_RKT0_ round 0,7,11,5,7,16,14.428571428571429,"[16,7,16,15,16,15,16]",101,2147
067-instcombine-patternmatch-match-n7-d16.pbqp,1359d0803091a2d06df4f6ec9575c3b930b8b3388adb042a18198b04cbcfd942,# /tmp/pcaa-corpus-ll/InstCombineAddSub.ll._ZN4llvm12PatternMatch5matchINS_5ValueENS0_12OneUse_matchINS0_14CastInst_matchINS0_10FNeg_matchINS_19PatternMatchHelpers10match_bindIS2_EEEENS_11FPTruncInstEEEEEEEbPT_RKT0_ round 0,7,11,5,7,16,14.428571428571429,"[16,7,16,15,16,15,16]",101,2147
068-instcombine-patternmatch-match-n8-d16.pbqp,de7b62b309d6a51123c86bc548d7933b6ff2559daf04b91d3c90f5846a8b85db,# /tmp/pcaa-corpus-ll/InstCombineAddSub.ll._ZN4llvm12PatternMatch5matchINS_5ValueENS0_12OneUse_matchINS0_14CastInst_matchINS3_INS0_22SpecificCmpClass_matchINS0_14specificval_tyENS0_14cstval_pred_tyINS0_11is_zero_intENS_11ConstantIntELb1EEENS_8ICmpInstELb0EEEEENS_8ZExtInstEEEEEEEbPT_RKT0_ round 0,8,14,6,7,16,14.625,"[16,7,15,16,16,15,16,16]",117,2739
069-instcombine-patternmatch-match-n8-d16.pbqp,c799b3f5ce42b7f1b5ca449ef1a2e2ca59e19ba2284bab749d493eea2c0518d3,# /tmp/pcaa-corpus-ll/InstCombineAddSub.ll._ZN4llvm12PatternMatch5matchINS_5ValueENS0_12OneUse_matchINS0_14CastInst_matchINS3_INS0_22SpecificCmpClass_matchINS0_14specificval_tyENS0_14cstval_pred_tyINS0_11is_zero_intENS_11ConstantIntELb1EEENS_8ICmpInstELb0EEEEENS_8SExtInstEEEEEEEbPT_RKT0_ round 0,8,14,6,7,16,14.625,"[16,7,15,16,16,15,16,16]",117,2739
070-instcombine-patternmatch-match-n16-d16.pbqp,bf07dc34e2bc73c81c55842a6d0f84219d61c8d1577b005861cbd7951ea22350,# /tmp/pcaa-corpus-ll/InstCombineAddSub.ll._ZN4llvm12PatternMatch5matchINS_5ValueENS0_12OneUse_matchINS0_32CommutativeBinaryIntrinsic_matchILj354ENS_19PatternMatchHelpers10match_bindIS2_EES7_EEEEEEbPT_RKT0_ round 0,16,30,13,15,16,15.9375,"[16,16,16,16,16,16,15,16,16,16,16,16,16,16,16,16]",255,7472
071-instcombine-patternmatch-match-n10-d16.pbqp,83abd1db68943bad45552546cfafbca48ee65a03e2198d070934ea2e8f1f741e,# /tmp/pcaa-corpus-ll/InstCombineAddSub.ll._ZN4llvm12PatternMatch5matchINS_5ValueENS0_12OneUse_matchINS0_32CommutativeBinaryIntrinsic_matchILj355ENS0_14specificval_tyES5_EEEEEEbPT_RKT0_ round 0,10,18,8,15,16,15.9,"[16,16,16,16,16,16,15,16,16,16]",159,4480
072-instcombine-patternmatch-match-n15-d16.pbqp,7cf059620509b5d415e2bfe20acfe55d12264d0e0eb2f547c17cc8812bb0c878,# /tmp/pcaa-corpus-ll/InstCombineAddSub.ll._ZN4llvm12PatternMatch5matchINS_5ValueENS0_12OneUse_matchINS0_32CommutativeBinaryIntrinsic_matchILj395ENS_19PatternMatchHelpers10match_bindIS2_EENS0_14specificval_tyEEEEEEEbPT_RKT0_ round 0,15,29,13,15,16,15.933333333333334,"[16,16,16,16,16,15,16,16,16,16,16,16,16,16,16]",239,7216
073-instcombine-patternmatch-match-n15-d16.pbqp,1be6e798bd8f2c1c2de4adc4a8d1039971bd6a787c01a6675f7c31b2d339cdca,# /tmp/pcaa-corpus-ll/InstCombineAddSub.ll._ZN4llvm12PatternMatch5matchINS_5ValueENS0_12OneUse_matchINS0_32CommutativeBinaryIntrinsic_matchILj396ENS_19PatternMatchHelpers10match_bindIS2_EENS0_14specificval_tyEEEEEEEbPT_RKT0_ round 0,15,29,13,15,16,15.933333333333334,"[16,16,16,16,16,15,16,16,16,16,16,16,16,16,16]",239,7216
074-instcombine-patternmatch-match-n10-d16.pbqp,fdaf395bdaeb084ecdd3336806aa8cc89b82db81422589a0de47fe9f5a698338,# /tmp/pcaa-corpus-ll/InstCombineAddSub.ll._ZN4llvm12PatternMatch5matchINS_5ValueENS0_12OneUse_matchINS_19PatternMatchHelpers17match_combine_andIJNS0_17IntrinsicID_matchENS0_14Argument_matchINS4_10match_bindIS2_EEEEEEEEEEEbPT_RKT0_ round 0,10,14,7,15,16,15.9,"[16,16,16,16,15,16,16,16,16,16]",159,3472
075-instcombine-patternmatch-match-n5-d16.pbqp,d73403498fc819e21417b02bed92cad0b81aed378bb6ae5632c53aa8d28784d2,# /tmp/pcaa-corpus-ll/InstCombineAddSub.ll._ZN4llvm12PatternMatch5matchINS_5ValueENS0_12OneUse_matchINS_19PatternMatchHelpers17match_combine_andIJNS0_17IntrinsicID_matchENS0_14Argument_matchINS4_10match_bindIS2_EEEENS7_INS0_15specific_intvalILb0EEEEEEEEEEEEbPT_RKT0_ round 0,5,7,4,15,16,15.6,"[16,16,15,15,16]",78,1665
076-instcombine-patternmatch-match-n15-d16.pbqp,3ed868373e8181bae71356d2b7ae3907dad032cb906ba210a56937729db95f86,# /tmp/pcaa-corpus-ll/InstCombineAddSub.ll._ZN4llvm12PatternMatch5matchINS_5ValueENS0_12OneUse_matchINS_19PatternMatchHelpers17match_combine_andIJNS0_17IntrinsicID_matchENS0_14Argument_matchINS4_10match_bindIS2_EEEESA_EEEEEEEbPT_RKT0_ round 0,15,28,12,15,16,15.933333333333334,"[16,16,16,16,16,15,16,16,16,16,16,16,16,16,16]",239,6976
077-instcombine-patternmatch-match-n12-d16.pbqp,fa81bc270b2be44241f5cbcc2608c9d052f00a61f0072fa074395356deb2c339,# /tmp/pcaa-corpus-ll/InstCombineAddSub.ll._ZN4llvm12PatternMatch5matchINS_5ValueENS0_12OneUse_matchINS_19PatternMatchHelpers17match_combine_andIJNS0_17IntrinsicID_matchENS0_14Argument_matchINS0_14specificval_tyEEENS7_INS4_10match_bindIS2_EEEEEEEEEEEbPT_RKT0_ round 0,12,18,9,15,16,15.916666666666666,"[16,16,16,16,15,16,16,16,16,16,16,16]",191,4464
078-instcombine-patternmatch-match-n14-d16.pbqp,be13916bd0e23db1acca949d5c16877436dbddd9883e7948a4796ed1e8a735fb,# /tmp/pcaa-corpus-ll/InstCombineAddSub.ll._ZN4llvm12PatternMatch5matchINS_5ValueENS0_14BinaryOp_matchINS0_14cstval_pred_tyINS0_11is_zero_intENS_11ConstantIntELb1EEENS_19PatternMatchHelpers10match_bindIS2_EELj16ELb0EEEEEbPT_RKT0_ round 0,14,35,11,7,16,13.428571428571429,"[7,16,7,16,16,7,7,16,16,16,16,16,16,16]",188,4262
079-instcombine-patternmatch-match-n10-d16.pbqp,b06c9c97d4e9396aab5a1a98b3345c7594ed950e03adc42a5769956fdff5605a,# /tmp/pcaa-corpus-ll/InstCombineAddSub.ll._ZN4llvm12PatternMatch5matchINS_5ValueENS0_14BinaryOp_matchINS0_14specificval_tyENS0_8ap_matchINS_5APIntEEELj29ELb0EEEEEbPT_RKT0_ round 0,10,19,8,7,16,15.0,"[16,16,7,16,16,16,16,15,16,16]",150,3689
080-instcombine-patternmatch-match-n7-d16.pbqp,6cd34b205d771c2c1d774b7e2b6db4255f15b84fbef3fe4fd246d523269326fe,# /tmp/pcaa-corpus-ll/InstCombineAddSub.ll._ZN4llvm12PatternMatch5matchINS_5ValueENS0_14BinaryOp_matchINS_19PatternMatchHelpers10match_bindINS_8ConstantEEENS4_16match_combine_orIJNS0_14CastInst_matchINS0_14specificval_tyENS_8ZExtInstEEESA_EEELj26ELb0EEEEEbPT_RKT0_ round 0,7,12,6,15,16,15.857142857142858,"[16,16,16,15,16,16,16]",111,2976
081-instcombine-patternmatch-match-n14-d16.pbqp,8976ecefc696a067f776c66a51545ef79896d99bc93e71733c1e6bfce6ddb1b7,# /tmp/pcaa-corpus-ll/InstCombineAddSub.ll._ZN4llvm12PatternMatch5matchINS_5ValueENS0_14BinaryOp_matchINS_19PatternMatchHelpers10match_bindIS2_EENS0_14cstval_pred_tyINS0_6is_oneENS_11ConstantIntELb1EEELj14ELb0EEEEEbPT_RKT0_ round 0,14,28,10,7,16,14.071428571428571,"[16,7,7,16,16,16,16,16,16,16,7,16,16,16]",197,4099
082-instcombine-patternmatch-match-n12-d16.pbqp,851fc50891a6c60735b23f94ed829f409a7641664940e38118ba2c8704677d65,# /tmp/pcaa-corpus-ll/InstCombineAddSub.ll._ZN4llvm12PatternMatch5matchINS_5ValueENS0_14BinaryOp_matchINS_19PatternMatchHelpers10match_bindIS2_EENS0_17specific_intval64ILb1EEELj28ELb0EEEEEbPT_RKT0_ round 0,12,22,8,7,16,13.0,"[16,16,7,16,7,16,16,16,16,7,16,7]",156,2788
083-instcombine-patternmatch-match-n11-d16.pbqp,8f1d618d7f414b3f18306970cf4d2cc09e684940031a44b6779b13d1fdf2e562,# /tmp/pcaa-corpus-ll/InstCombineAddSub.ll._ZN4llvm12PatternMatch5matchINS_5ValueENS0_14BinaryOp_matchINS_19PatternMatchHelpers10match_bindIS2_EENS0_8ap_matchINS_5APIntEEELj14ELb0EEEEEbPT_RKT0_ round 0,11,22,9,7,16,15.090909090909092,"[16,16,16,7,16,16,16,16,15,16,16]",166,4313
084-instcombine-patternmatch-match-n11-d16.pbqp,7e6d746d486158d1abf64ff32598a39bcfaa90de51a3943b44a8864de6f35fd2,# /tmp/pcaa-corpus-ll/InstCombineAddSub.ll._ZN4llvm12PatternMatch5matchINS_5ValueENS0_14BinaryOp_matchINS_19PatternMatchHelpers10match_bindIS2_EENS0_8ap_matchINS_5APIntEEELj31ELb0EEEEEbPT_RKT0_ round 0,11,22,9,7,16,15.090909090909092,"[16,16,16,7,16,16,16,16,15,16,16]",166,4313
085-instcombine-patternmatch-match-n11-d16.pbqp,4789ae3357a247a2c8222edfa62d08d178d6b3ca8a4e81ef9e74a61239378eab,# /tmp/pcaa-corpus-ll/InstCombineAddSub.ll._ZN4llvm12PatternMatch5matchINS_5ValueENS0_14BinaryOp_matchINS_19PatternMatchHelpers10match_bindIS2_EENS0_8ap_matchINS_5APIntEEELj28ELb0EEEEEbPT_RKT0_ round 0,11,22,9,7,16,15.090909090909092,"[16,16,16,7,16,16,16,16,15,16,16]",166,4313
086-instcombine-patternmatch-match-n9-d16.pbqp,11007b410b0552fb91b622b6a95083db937261a3f17b213000645d88ea210e79,# /tmp/pcaa-corpus-ll/InstCombineAddSub.ll._ZN4llvm12PatternMatch5matchINS_5ValueENS0_14BinaryOp_matchINS_19PatternMatchHelpers9match_isaIJS2_EEENS0_8ap_matchINS_5APIntEEELj30ELb0EEEEEbPT_RKT0_ round 0,9,17,7,7,16,14.88888888888889,"[16,16,7,16,16,16,15,16,16]",134,3321
087-instcombine-patternmatch-match-n14-d16.pbqp,19d4f43392646ecf692765326761b039cbca786092adb009f2e1c2b815464a20,# /tmp/pcaa-corpus-ll/InstCombineAddSub.ll._ZN4llvm12PatternMatch5matchINS_5ValueENS0_14CastInst_matchINS0_14BinaryOp_matchINS_19PatternMatchHelpers10match_bindIS2_EENS0_8ap_matchINS_5APIntEEELj14ELb0EEENS_8ZExtInstEEEEEbPT_RKT0_ round 0,14,37,12,7,16,14.642857142857142,"[7,16,16,16,16,7,16,16,16,16,15,16,16,16]",205,6211
088-instcombine-patternmatch-match-n14-d16.pbqp,0139d68974f31c20e60fb81c6b7eafe368839bdb0f396979e449e54222e69e1b,# /tmp/pcaa-corpus-ll/InstCombineAddSub.ll._ZN4llvm12PatternMatch5matchINS_5ValueENS0_14CastInst_matchINS0_14BinaryOp_matchINS_19PatternMatchHelpers10match_bindIS2_EENS0_8ap_matchINS_5APIntEEELj31ELb0EEENS_8ZExtInstEEEEEbPT_RKT0_ round 0,14,37,12,7,16,14.642857142857142,"[7,16,16,16,16,7,16,16,16,16,15,16,16,16]",205,6211
089-instcombine-patternmatch-match-n15-d16.pbqp,8f895885f90eb5574bcb5bd99a6cb8844468dd6d7118a2f2e2ee83fcff117139,# /tmp/pcaa-corpus-ll/InstCombineAddSub.ll._ZN4llvm12PatternMatch5matchINS_5ValueENS0_14CastInst_matchINS0_25OverflowingBinaryOp_matchINS_19PatternMatchHelpers10match_bindIS2_EENS0_14specificval_tyELj16ELj1ELb0EEENS_8ZExtInstEEEEEbPT_RKT0_ round 0,15,46,13,15,16,15.933333333333334,"[16,16,16,16,15,16,16,16,16,16,16,16,16,16,16]",239,11568
090-instcombine-patternmatch-match-n17-d16.pbqp,30d811064ac342c57dc7272364ffcc500c445aa8b245cdcee63a04613ccf62be,# /tmp/pcaa-corpus-ll/InstCombineAddSub.ll._ZN4llvm12PatternMatch5matchINS_5ValueENS0_14CastInst_matchINS_19PatternMatchHelpers16match_combine_orIJNS0_18CastOperator_matchINS4_10match_bindIS2_EELj48EEENS6_IS8_Lj49EEEEEENS_9TruncInstEEEEEbPT_RKT0_ round 0,17,43,15,15,16,15.941176470588236,"[16,16,16,16,16,16,15,16,16,16,16,16,16,16,16,16,16]",271,10800
091-instcombine-patternmatch-match-n14-d16.pbqp,a1be472ccdf744b29a2e9bcb132f96b4543a92870f2efedef80f80188769dba8,# /tmp/pcaa-corpus-ll/InstCombineAddSub.ll._ZN4llvm12PatternMatch5matchINS_5ValueENS0_14ThreeOps_matchINS_19PatternMatchHelpers10match_bindIS2_EES6_S6_Lj59ELb0EEEEEbPT_RKT0_ round 0,14,25,11,15,16,15.928571428571429,"[16,16,16,16,15,16,16,16,16,16,16,16,16,16]",223,6224
092-instcombine-patternmatch-match-n11-d16.pbqp,d3d4f1c92ff4d9d815a7c06a98d81433cf1534ca5304714c81a39d0c6a09a02a,# /tmp/pcaa-corpus-ll/InstCombineAddSub.ll._ZN4llvm12PatternMatch5matchINS_5ValueENS0_14cstval_pred_tyINS0_11is_all_onesENS_11ConstantIntELb1EEEEEbPT_RKT0_ round 0,11,25,10,7,16,13.363636363636363,"[15,7,16,7,7,16,16,16,16,15,16]",147,3258
093-instcombine-patternmatch-match-n10-d16.pbqp,87252be1ce02545bda199a7cd6ef1d02ed5a3d81b2689bc4e5d245e31c53c453,# /tmp/pcaa-corpus-ll/InstCombineAddSub.ll._ZN4llvm12PatternMatch5matchINS_5ValueENS0_14cstval_pred_tyINS0_11is_zero_intENS_11ConstantIntELb1EEEEEbPT_RKT0_ round 0,10,21,9,7,16,13.3,"[16,7,16,7,7,16,16,16,16,16]",133,2739
094-instcombine-patternmatch-match-n12-d16.pbqp,2fed82ff9701fc22ce63f062c1f11f67caf7c0134de3c31b3365502740e24afb,# /tmp/pcaa-corpus-ll/InstCombineAddSub.ll._ZN4llvm12PatternMatch5matchINS_5ValueENS0_14cstval_pred_tyINS0_14is_nonnegativeENS_11ConstantIntELb1EEEEEbPT_RKT0_ round 0,12,29,11,7,16,14.5,"[16,7,7,16,16,16,16,16,16,16,16,16]",174,4625
095-instcombine-patternmatch-match-n10-d16.pbqp,1cef830432f1fb4864c921b21f7f655da1eaeebca2b0209859b401c384b4263d,# /tmp/pcaa-corpus-ll/InstCombineAddSub.ll._ZN4llvm12PatternMatch5matchINS_5ValueENS0_14cstval_pred_tyINS0_6is_oneENS_11ConstantIntELb1EEEEEbPT_RKT0_ round 0,10,21,9,7,16,13.3,"[16,16,7,7,16,16,16,16,7,16]",133,2739
096-instcombine-patternmatch-match-n9-d16.pbqp,f399261b3f3ffa171b50e54c96a97060d780bdafa5e01ee4eda06f52f6baedeb,# /tmp/pcaa-corpus-ll/InstCombineAddSub.ll._ZN4llvm12PatternMatch5matchINS_5ValueENS0_17specific_intval64ILb0EEEEEbPT_RKT0_ round 0,9,19,8,7,16,11.0,"[16,7,7,7,16,16,7,16,7]",99,1894
097-instcombine-patternmatch-match-n14-d16.pbqp,3ac3d23f4f2ce3b6ef78080f319aeec0c3e83e29cd9f100a41ede387eaa152c8,# /tmp/pcaa-corpus-ll/InstCombineAddSub.ll._ZN4llvm12PatternMatch5matchINS_5ValueENS0_19bind_immconstant_tyEEEbPT_RKT0_ round 0,14,25,12,7,16,14.357142857142858,"[16,15,7,7,16,16,14,16,16,16,16,14,16,16]",201,3037
098-instcombine-patternmatch-match-n12-d16.pbqp,7dfc649c692198352f49fa2719b5e4dcd361b691691b7338be3579096ce4e7fb,# /tmp/pcaa-corpus-ll/InstCombineAddSub.ll._ZN4llvm12PatternMatch5matchINS_5ValueENS0_20match_immconstant_tyEEEbPT_RKT0_ round 0,12,12,7,7,16,14.833333333333334,"[16,15,7,16,14,16,16,16,16,14,16,16]",178,1988
099-instcombine-patternmatch-match-n15-d16.pbqp,49bb4915c1c0a18ed24e8bf91a4860cbce9809088e39aa4476b47d8e3412202a,# /tmp/pcaa-corpus-ll/InstCombineAddSub.ll._ZN4llvm12PatternMatch5matchINS_5ValueENS0_25OverflowingBinaryOp_matchINS0_14specificval_tyENS_19PatternMatchHelpers10match_bindIS2_EELj14ELj2ELb1EEEEEbPT_RKT0_ round 0,15,37,13,15,16,15.933333333333334,"[16,16,16,15,16,16,16,16,16,16,16,16,16,16,16]",239,9264
100-instcombine-patternmatch-match-n13-d16.pbqp,4cbbfc8a4d163bc5fe499a3bcb10f09b7891223a0c30112497a1fd6f531c39ea,# /tmp/pcaa-corpus-ll/InstCombineAddSub.ll._ZN4llvm12PatternMatch5matchINS_5ValueENS0_25OverflowingBinaryOp_matchINS_19PatternMatchHelpers10match_bindIS2_EES6_Lj14ELj2ELb0EEEEEbPT_RKT0_ round 0,13,31,11,15,16,15.923076923076923,"[16,16,16,15,16,16,16,16,16,16,16,16,16]",207,7760
101-instcombine-patternmatch-match-n9-d16.pbqp,5b43c8a77e05b3a286c666b8f609fee999a66bfd137c104065d0bdefb93893cf,# /tmp/pcaa-corpus-ll/InstCombineAddSub.ll._ZN4llvm12PatternMatch5matchINS_5ValueENS0_32CommutativeBinaryIntrinsic_matchILj355ENS0_14specificval_tyES4_EEEEbPT_RKT0_ round 0,9,16,7,15,16,15.88888888888889,"[16,16,16,16,16,15,16,16,16]",143,3984
102-instcombine-patternmatch-match-n9-d16.pbqp,a0353c5bf777fd6594da07a4bffe62443fbd068c7e86c3f7961037d507fda776,# /tmp/pcaa-corpus-ll/InstCombineAddSub.ll._ZN4llvm12PatternMatch5matchINS_5ValueENS0_32CommutativeBinaryIntrinsic_matchILj396ENS0_14specificval_tyES4_EEEEbPT_RKT0_ round 0,9,16,7,15,16,15.88888888888889,"[16,16,16,16,16,15,16,16,16]",143,3984
103-instcombine-patternmatch-match-n8-d16.pbqp,13dfb51cc5dfdc1d45b77c5ddc2975969c189c2569556ba8cf6dcbb0b008f704,# /tmp/pcaa-corpus-ll/InstCombineAddSub.ll._ZN4llvm12PatternMatch5matchINS_5ValueENS0_8ap_matchINS_5APIntEEEEEbPT_RKT0_ round 0,8,16,7,7,16,14.75,"[16,7,16,16,16,15,16,16]",118,3209
104-instcombine-patternmatch-match-n8-d16.pbqp,5d8b9dcde69f87f3a822b72bf6b22f8665fde73b58bb153f621ceb8e2322c54e,# /tmp/pcaa-corpus-ll/InstCombineAddSub.ll._ZN4llvm12PatternMatch5matchINS_5ValueENS0_8ap_matchINS_7APFloatEEEEEbPT_RKT0_ round 0,8,16,7,7,16,14.75,"[16,7,16,16,16,15,16,16]",118,3209
105-instcombine-patternmatch-match-n4-d16.pbqp,d8fcdf1969a74d11b210ec1b3e67d32aa86790f5cf502e9df43092659592906b,# /tmp/pcaa-corpus-ll/InstCombineAddSub.ll._ZN4llvm12PatternMatch5matchINS_5ValueENS_19PatternMatchHelpers16match_combine_orIJNS0_14BinaryOp_matchINS3_10match_bindIS2_EENS0_19bind_immconstant_tyELj14ELb0EEENS0_16DisjointOr_matchIS7_S8_Lb0EEEEEEEEbPT_RKT0_ round 0,4,5,3,7,16,11.5,"[7,7,16,16]",46,497
106-instcombine-patternmatch-match-n11-d16.pbqp,a6a5859010138ca23ad932df7394b9d1d8c3c79f517deaafaf05ba577c9022e5,# /tmp/pcaa-corpus-ll/InstCombineAddSub.ll._ZN4llvm12PatternMatch5matchINS_5ValueENS_19PatternMatchHelpers16match_combine_orIJNS0_14BinaryOp_matchINS3_10match_bindIS2_EES7_Lj14ELb0EEENS0_16DisjointOr_matchIS7_S7_Lb0EEEEEEEEbPT_RKT0_ round 0,11,17,8,15,16,15.909090909090908,"[16,16,16,15,16,16,16,16,16,16,16]",175,4224
107-instcombine-patternmatch-match-n9-d16.pbqp,4a1c29d31dde79ba16351e770de63ac01779f2a829eea8a37f02f01450e787e0,# /tmp/pcaa-corpus-ll/InstCombineAddSub.ll._ZN4llvm12PatternMatch5matchINS_5ValueENS_19PatternMatchHelpers16match_combine_orIJNS0_14CastInst_matchINS3_10match_bindIS2_EENS_8SExtInstEEENS0_14NNegZExt_matchIS7_EEEEEEEbPT_RKT0_ round 0,9,9,5,7,16,14.0,"[16,16,7,7,16,16,16,16,16]",126,1233
108-instcombine-patternmatch-match-n14-d16.pbqp,7dda49d5efbe898b7fb0de62235ee9e2c80830bb66260f8ad3901109c8934f5c,# /tmp/pcaa-corpus-ll/InstCombineAddSub.ll._ZN4llvm12PatternMatch5matchINS_5ValueENS_19PatternMatchHelpers16match_combine_orIJNS0_18CastOperator_matchINS3_10match_bindIS2_EELj48EEENS5_IS7_Lj49EEEEEEEEbPT_RKT0_ round 0,14,24,10,15,16,15.928571428571429,"[16,16,16,16,15,16,16,16,16,16,16,16,16,16]",223,5984
109-instcombine-patternmatch-match-n8-d16.pbqp,eb6af897f92bd819995f84943ad69b3a94925beffd101ffd6dbd42c4155b89ee,# /tmp/pcaa-corpus-ll/InstCombineAddSub.ll._ZN4llvm12PatternMatch5matchINS_5ValueENS_19PatternMatchHelpers16match_combine_orIJNS0_25OverflowingBinaryOp_matchINS3_9match_isaIJS2_EEES7_Lj14ELj1ELb0EEENS0_16DisjointOr_matchIS7_S7_Lb0EEEEEEEEbPT_RKT0_ round 0,8,15,7,16,16,16.0,"[16,16,16,16,16,16,16,16]",128,3840
110-instcombine-patternmatch-match-n8-d16.pbqp,94ff3a32bf9d4f04c1328bb7ba1687134491255f88df0f5c3df14a992b483353,# /tmp/pcaa-corpus-ll/InstCombineAddSub.ll._ZN4llvm12PatternMatch5matchINS_5ValueENS_19PatternMatchHelpers16match_combine_orIJNS0_25OverflowingBinaryOp_matchINS3_9match_isaIJS2_EEES7_Lj14ELj2ELb0EEENS0_16DisjointOr_matchIS7_S7_Lb0EEEEEEEEbPT_RKT0_ round 0,8,15,7,16,16,16.0,"[16,16,16,16,16,16,16,16]",128,3840
111-instcombine-patternmatch-match-n9-d16.pbqp,7e85c37f6bb7ba6a27595ba85be8090de70fe78781afc0e73574667d6a5de346,# /tmp/pcaa-corpus-ll/InstCombineAddSub.ll._ZN4llvm12PatternMatch5matchINS_5ValueENS_19PatternMatchHelpers17match_combine_andIJNS0_17IntrinsicID_matchENS0_14Argument_matchINS3_10match_bindIS2_EEEEEEEEEbPT_RKT0_ round 0,9,12,6,15,16,15.88888888888889,"[16,16,16,15,16,16,16,16,16]",143,2976
112-instcombine-patternmatch-match-n14-d16.pbqp,6dafa8d2ac897d13286b4047ef92a0987bb42bba259cb3f7176ad5de8a528571,# /tmp/pcaa-corpus-ll/InstCombineAddSub.ll._ZN4llvm12PatternMatch5matchINS_5ValueENS_19PatternMatchHelpers17match_combine_andIJNS0_17IntrinsicID_matchENS0_14Argument_matchINS3_10match_bindIS2_EEEES9_EEEEEbPT_RKT0_ round 0,14,26,11,15,16,15.928571428571429,"[16,16,16,16,15,16,16,16,16,16,16,16,16,16]",223,6480
113-instcombine-patternmatch-match-n11-d16.pbqp,4b5752bed97aad90aacdb1bee6cd1f336dc9fa3de3f1471fe924b477d8d58576,# /tmp/pcaa-corpus-ll/InstCombineAddSub.ll._ZN4llvm12PatternMatch5matchINS_8ConstantENS0_14cstval_pred_tyINS0_11is_all_onesENS_11ConstantIntELb1EEEEEbPT_RKT0_ round 0,11,25,10,7,16,13.363636363636363,"[15,7,16,7,7,16,16,16,16,15,16]",147,3258
114-instcombine-patternmatch-match-n10-d16.pbqp,ece6a54a53bf660c6ab3421bc1dc17be3883209e5246f00697fdec56bdf32dd3,# /tmp/pcaa-corpus-ll/InstCombineAddSub.ll._ZN4llvm12PatternMatch5matchINS_8ConstantENS0_14cstval_pred_tyINS0_6is_oneENS_11ConstantIntELb1EEEEEbPT_RKT0_ round 0,10,21,9,7,16,13.3,"[16,16,7,7,16,16,16,16,7,16]",133,2739
115-instcombine-function-ref-callback-fn-n2-d16.pbqp,f35376557e518cfe9c01aa7b0b4dc5426433812d965b7ab7c3d97bcaab257c7a,# /tmp/pcaa-corpus-ll/InstCombineAddSub.ll._ZN4llvm12function_refIFbPNS_8ConstantEEE11callback_fnIZNKS_12PatternMatch35ContainsMatchingVectorElement_matchINS_19PatternMatchHelpers9match_isaIJNS_12ConstantExprEEEEE5matchIS1_EEbPT_EUlS2_E_EEblS2_ round 0,2,0,0,16,16,16.0,"[16,16]",32,0
116-instcombine-irbuilderbase-createcall-n41-d17.pbqp,e001774f35d8c9b1b0e82c4eeb791f5be5d04e965075a6fd2854717035707064,# /tmp/pcaa-corpus-ll/InstCombineAddSub.ll._ZN4llvm13IRBuilderBase10CreateCallEPNS_12FunctionTypeEPNS_5ValueENS_8ArrayRefIS4_EERKNS_5TwineEPNS_6MDNodeE round 0,41,278,39,7,17,12.78048780487805,"[7,7,16,16,16,7,16,7,7,7,7,7,7,14,16,15,16,16,16,16,16,7,16,7,15,7,16,15,17,11,16,15,16,16,16,13,12,11,16,16,14]",524,31959
117-instcombine-irbuilderbase-createcall-n38-d17-r1.pbqp,471836b85608f6ac863e7ca73629b95ed65e7b4ec149236a330ea5aa7833b89d,# /tmp/pcaa-corpus-ll/InstCombineAddSub.ll._ZN4llvm13IRBuilderBase10CreateCallEPNS_12FunctionTypeEPNS_5ValueENS_8ArrayRefIS4_EERKNS_5TwineEPNS_6MDNodeE round 1,38,144,36,7,17,13.710526315789474,"[7,7,16,16,16,7,16,7,7,14,16,15,16,16,16,16,16,16,7,15,7,16,15,17,11,16,15,16,16,16,13,12,11,16,16,14,16,16]",521,20133
118-instcombine-irbuilderbase-createcast-n16-d16.pbqp,97ce8df5413ca2518f2b9439a1fc2998574c537b744f5c93f4870ac7ceb32a35,# /tmp/pcaa-corpus-ll/InstCombineAddSub.ll._ZN4llvm13IRBuilderBase10CreateCastENS_11Instruction7CastOpsEPNS_5ValueEPNS_4TypeERKNS_5TwineEPNS_6MDNodeENS_9FMFSourceE round 0,16,66,15,7,16,10.3125,"[7,7,7,7,7,7,16,12,13,16,16,13,12,11,7,7]",165,5686
119-instcombine-irbuilderbase-createicmp-n20-d17.pbqp,bb2fc5d0f02ccb4f7befc6e89817c0f5ce6a72be64790f955a17063ae98be3d3,# /tmp/pcaa-corpus-ll/InstCombineAddSub.ll._ZN4llvm13IRBuilderBase10CreateICmpENS_7CmpInst9PredicateEPNS_5ValueES4_RKNS_5TwineE round 0,20,96,18,7,17,11.55,"[7,7,7,7,7,7,16,12,7,16,16,15,17,16,16,13,12,11,15,7]",231,9403
120-instcombine-irbuilderbase-createsrem-n12-d16.pbqp,e10a01fa1a88c5175cba1341e8a0428e00cf3d2e76bc5909d846e6a0df01d898,# /tmp/pcaa-corpus-ll/InstCombineAddSub.ll._ZN4llvm13IRBuilderBase10CreateSRemEPNS_5ValueES2_RKNS_5TwineE round 0,12,41,11,7,16,10.666666666666666,"[7,7,7,7,16,12,13,16,13,12,11,7]",128,3929
121-instcombine-irbuilderbase-createurem-n12-d16.pbqp,a92e349d683020ed0e1ec01575409327effd72df7aef98d6566b6723d0767304,# /tmp/pcaa-corpus-ll/InstCombineAddSub.ll._ZN4llvm13IRBuilderBase10CreateURemEPNS_5ValueES2_RKNS_5TwineE round 0,12,41,11,7,16,10.666666666666666,"[7,7,7,7,16,12,13,16,13,12,11,7]",128,3929
122-instcombine-irbuilderbase-createzext-n13-d16.pbqp,7f14e8dad29e6c46db5013a9d7293e7c914896320722dba17a32c1d0a924f958,# /tmp/pcaa-corpus-ll/InstCombineAddSub.ll._ZN4llvm13IRBuilderBase10CreateZExtEPNS_5ValueEPNS_4TypeERKNS_5TwineEb round 0,13,54,12,7,16,10.384615384615385,"[7,7,7,7,7,16,12,13,16,13,12,11,7]",135,4916
123-instcombine-irbuilderbase-createfpext-n7-d16.pbqp,8e482b5108f9ea5cfbd5e0174bbd8d243478992a3581b1b7f43ff7702f78f00f,# /tmp/pcaa-corpus-ll/InstCombineAddSub.ll._ZN4llvm13IRBuilderBase11CreateFPExtEPNS_5ValueEPNS_4TypeERKNS_5TwineEPNS_6MDNodeE round 0,7,10,4,10,16,13.714285714285714,"[16,14,13,11,10,16,16]",96,1627
124-instcombine-irbuilderbase-createisneg-n5-d16.pbqp,469546146c0351edd854820d0d15a63988dd4b2c6a7d57fdeb89ab35b4ac40ea,# /tmp/pcaa-corpus-ll/InstCombineAddSub.ll._ZN4llvm13IRBuilderBase11CreateIsNegEPNS_5ValueERKNS_5TwineE round 0,5,9,4,7,16,10.0,"[7,7,7,16,13]",50,756
125-instcombine-irbuilderbase-createnuwadd-n12-d16.pbqp,76964218a553aff91d26574b83bf10b591e61a18cbab7c1f9c83bfeb4528e948,# /tmp/pcaa-corpus-ll/InstCombineAddSub.ll._ZN4llvm13IRBuilderBase12CreateNUWAddEPNS_5ValueES2_RKNS_5TwineE round 0,12,41,11,7,16,10.5,"[7,7,7,7,16,10,13,16,13,12,11,7]",126,3841
126-instcombine-irbuilderbase-createfaddfmf-n16-d16.pbqp,6f6ad37f9c04996668247f89ee4ce33060fa802c73164068669fe0d42400501b,# /tmp/pcaa-corpus-ll/InstCombineAddSub.ll._ZN4llvm13IRBuilderBase13CreateFAddFMFEPNS_5ValueES2_NS_9FMFSourceERKNS_5TwineEPNS_6MDNodeE round 0,16,66,14,7,16,10.5625,"[7,7,7,7,7,16,11,13,16,13,12,11,16,12,7,7]",169,5812
127-instcombine-irbuilderbase-createfdivfmf-n16-d16.pbqp,64f43b687cb5164c94c87ab4a792e1c68fdb791995222a28134634a9d819053c,# /tmp/pcaa-corpus-ll/InstCombineAddSub.ll._ZN4llvm13IRBuilderBase13CreateFDivFMFEPNS_5ValueES2_NS_9FMFSourceERKNS_5TwineEPNS_6MDNodeE round 0,16,66,14,7,16,10.5625,"[7,7,7,7,7,16,11,13,16,13,12,11,16,12,7,7]",169,5812
128-instcombine-irbuilderbase-createfmulfmf-n16-d16.pbqp,c1e4f0e885d54b3252ae90a1e7424a186af31c54e46dafb0cdcde0ed13622851,# /tmp/pcaa-corpus-ll/InstCombineAddSub.ll._ZN4llvm13IRBuilderBase13CreateFMulFMFEPNS_5ValueES2_NS_9FMFSourceERKNS_5TwineEPNS_6MDNodeE round 0,16,66,14,7,16,10.5625,"[7,7,7,7,7,16,11,13,16,13,12,11,16,12,7,7]",169,5812
129-instcombine-irbuilderbase-createfnegfmf-n14-d16.pbqp,46b428fb0ec7c55f0ee80335a3f550857fd6412794bfaf64ddaa8a541d65cca8,# /tmp/pcaa-corpus-ll/InstCombineAddSub.ll._ZN4llvm13IRBuilderBase13CreateFNegFMFEPNS_5ValueENS_9FMFSourceERKNS_5TwineEPNS_6MDNodeE round 0,14,56,13,7,16,10.642857142857142,"[7,7,7,7,16,12,14,16,13,12,11,13,7,7]",149,5315
130-instcombine-irbuilderbase-createfptrunc-n7-d16.pbqp,b04349cf615acfd7adddf079d93e58e869901e1ceffe59b1e0722099e65c2c5d,# /tmp/pcaa-corpus-ll/InstCombineAddSub.ll._ZN4llvm13IRBuilderBase13CreateFPTruncEPNS_5ValueEPNS_4TypeERKNS_5TwineEPNS_6MDNodeE round 0,7,10,4,10,16,13.714285714285714,"[16,14,13,11,10,16,16]",96,1627
131-instcombine-irbuilderbase-createfsubfmf-n16-d16.pbqp,a0901d03a45471a39ee032f32bf985dedd6777f5c56a3aa2146b3cf7f6cd5bbc,# /tmp/pcaa-corpus-ll/InstCombineAddSub.ll._ZN4llvm13IRBuilderBase13CreateFSubFMFEPNS_5ValueES2_NS_9FMFSourceERKNS_5TwineEPNS_6MDNodeE round 0,16,66,14,7,16,10.5625,"[7,7,7,7,7,16,11,13,16,13,12,11,16,12,7,7]",169,5812
132-instcombine-irbuilderbase-createbinopfmf-n16-d16.pbqp,a6c5525aa44686005b1549fe8230ec741c51d469dd6c5e589a80e40737532f37,# /tmp/pcaa-corpus-ll/InstCombineAddSub.ll._ZN4llvm13IRBuilderBase14CreateBinOpFMFENS_11Instruction9BinaryOpsEPNS_5ValueES4_NS_9FMFSourceERKNS_5TwineEPNS_6MDNodeE round 0,16,66,15,7,16,10.75,"[7,7,7,7,7,7,16,12,13,16,16,13,12,11,14,7]",172,5882
133-instcombine-irbuilderbase-createisnotneg-n5-d16.pbqp,75cf5a28e07456635106d864ebc99bb3d0b9cdb92f0e977417e04e2e7715592e,# /tmp/pcaa-corpus-ll/InstCombineAddSub.ll._ZN4llvm13IRBuilderBase14CreateIsNotNegEPNS_5ValueERKNS_5TwineE round 0,5,9,4,7,16,10.0,"[7,7,7,16,13]",50,756
134-instcombine-irbuilderbase-createisnotnull-n5-d16.pbqp,80f76aff48976ed773a7039d097f95060b02909cf8c99dcc454fb080065b9064,# /tmp/pcaa-corpus-ll/InstCombineAddSub.ll._ZN4llvm13IRBuilderBase15CreateIsNotNullEPNS_5ValueERKNS_5TwineE round 0,5,9,4,7,16,10.0,"[7,7,7,16,13]",50,756
135-instcombine-irbuilderbase-createdisjointor-n12-d16.pbqp,c7db59964930ac4f08b76960de2b96afa113fb1f2484434d500550950f9e8684,# /tmp/pcaa-corpus-ll/InstCombineAddSub.ll._ZN4llvm13IRBuilderBase16CreateDisjointOrEPNS_5ValueES2_RKNS_5TwineE round 0,12,41,11,7,16,10.666666666666666,"[7,7,7,7,16,12,13,16,13,12,11,7]",128,3929
136-instcombine-irbuilderbase-createzextortrunc-n26-d16.pbqp,e3db35dca954ae440efb7e978d58d4022fc2e5d853fc5d3e38669e1e3d135de2,# /tmp/pcaa-corpus-ll/InstCombineAddSub.ll._ZN4llvm13IRBuilderBase17CreateZExtOrTruncEPNS_5ValueEPNS_4TypeERKNS_5TwineE round 0,26,106,25,7,16,12.115384615384615,"[7,16,7,16,7,7,7,7,16,16,16,16,12,13,16,13,12,11,16,12,13,16,13,12,11,7]",315,10732
137-instcombine-irbuilderbase-createadd-n14-d16.pbqp,98bb804608712fcdd3a4df5db7d2fb15a3fa8b9221625e263eee5c4fac055dd5,# /tmp/pcaa-corpus-ll/InstCombineAddSub.ll._ZN4llvm13IRBuilderBase9CreateAddEPNS_5ValueES2_RKNS_5TwineEbb round 0,14,66,13,7,16,10.0,"[7,7,7,7,7,7,16,10,13,16,13,12,11,7]",140,5654
138-instcombine-irbuilderbase-createand-n12-d16.pbqp,8184ec0cf44738707423c668b45120bd3ef6b00c1e74f4bfbefddd035409094d,# /tmp/pcaa-corpus-ll/InstCombineAddSub.ll._ZN4llvm13IRBuilderBase9CreateAndEPNS_5ValueES2_RKNS_5TwineE round 0,12,41,11,7,16,10.666666666666666,"[7,7,7,7,16,12,13,16,13,12,11,7]",128,3929
139-instcombine-irbuilderbase-createmul-n14-d16.pbqp,6c209fcd84dac1b8fd5ac474334d0176730eb9a4c9fd715a46f368f6a02f034a,# /tmp/pcaa-corpus-ll/InstCombineAddSub.ll._ZN4llvm13IRBuilderBase9CreateMulEPNS_5ValueES2_RKNS_5TwineEbb round 0,14,66,13,7,16,10.0,"[7,7,7,7,7,7,16,10,13,16,13,12,11,7]",140,5654
140-instcombine-irbuilderbase-createneg-n14-d16.pbqp,0f56e9f25c5c1cfc6e69d3ac3c3089bd5496e380d3a8d6795e2acbe49e383e6d,# /tmp/pcaa-corpus-ll/InstCombineAddSub.ll._ZN4llvm13IRBuilderBase9CreateNegEPNS_5ValueERKNS_5TwineEb round 0,14,57,13,7,16,10.642857142857142,"[7,7,7,7,7,16,16,10,13,16,13,12,11,7]",149,5171
141-instcombine-irbuilderbase-createnot-n13-d16.pbqp,34f6913475376799c0738579cf282a92d3ee563437036c88eaff9d654b3d27d4,# /tmp/pcaa-corpus-ll/InstCombineAddSub.ll._ZN4llvm13IRBuilderBase9CreateNotEPNS_5ValueERKNS_5TwineE round 0,13,44,12,7,16,11.076923076923077,"[7,7,7,7,16,16,12,13,16,13,12,11,7]",144,4265
142-instcombine-irbuilderbase-createshl-n14-d16.pbqp,bafd81389c5729d735ce15d75e85504754917a345798f19644ac111ca0dcba32,# /tmp/pcaa-corpus-ll/InstCombineAddSub.ll._ZN4llvm13IRBuilderBase9CreateShlEPNS_5ValueES2_RKNS_5TwineEbb round 0,14,66,13,7,16,10.0,"[7,7,7,7,7,7,16,10,13,16,13,12,11,7]",140,5654
143-instcombine-irbuilderbase-createshl-n8-d16.pbqp,24fc8c4e7986dede8970b816d7fd5f02817ef46bf33d05e329ba5e5ed8c72e66,# /tmp/pcaa-corpus-ll/InstCombineAddSub.ll._ZN4llvm13IRBuilderBase9CreateShlEPNS_5ValueEmRKNS_5TwineEbb round 0,8,26,7,7,16,9.875,"[7,7,14,7,7,7,16,14]",79,2254
144-instcombine-irbuilderbase-createsub-n14-d16.pbqp,1c696f95436d9e31c61978948fc0745a9a2bb58fded51523fd7ff8704aa491b6,# /tmp/pcaa-corpus-ll/InstCombineAddSub.ll._ZN4llvm13IRBuilderBase9CreateSubEPNS_5ValueES2_RKNS_5TwineEbb round 0,14,66,13,7,16,10.0,"[7,7,7,7,7,7,16,10,13,16,13,12,11,7]",140,5654
145-instcombine-irbuilderbase-createxor-n12-d16.pbqp,04b636d9f393f3db339ff90442d68e2717cb8f53567cee06b0f919f5b18a2f9b,# /tmp/pcaa-corpus-ll/InstCombineAddSub.ll._ZN4llvm13IRBuilderBase9CreateXorEPNS_5ValueES2_RKNS_5TwineE round 0,12,41,11,7,16,10.666666666666666,"[7,7,7,7,16,12,13,16,13,12,11,7]",128,3929
146-instcombine-unaryoperator-createfnegfmf-n6-d15.pbqp,b352f99f1c5384d23d1ba153425d050ec016e8956709d4df9ab5c57032f51cbf,# /tmp/pcaa-corpus-ll/InstCombineAddSub.ll._ZN4llvm13UnaryOperator13CreateFNegFMFEPNS_5ValueEPNS_11InstructionERKNS_5TwineENS_14InsertPositionE round 0,6,11,5,7,15,11.333333333333334,"[15,7,14,13,12,7]",68,1518
147-instcombine-binaryoperator-createfaddfmf-n5-d15.pbqp,859fc1b33a62837f18bee54bd760ce99feb733196ec5b4bd3086df46451fd022,# /tmp/pcaa-corpus-ll/InstCombineAddSub.ll._ZN4llvm14BinaryOperator13CreateFAddFMFEPNS_5ValueES2_PNS_11InstructionERKNS_5TwineE round 0,5,7,4,7,15,11.2,"[15,14,7,13,7]",56,930
148-instcombine-binaryoperator-createfmulfmf-n5-d15.pbqp,c3525109de62c20802f7e724c7d76413ddb36e48b6200526574fc37056443322,# /tmp/pcaa-corpus-ll/InstCombineAddSub.ll._ZN4llvm14BinaryOperator13CreateFMulFMFEPNS_5ValueES2_PNS_11InstructionERKNS_5TwineE round 0,5,7,4,7,15,11.2,"[15,14,7,13,7]",56,930
149-instcombine-binaryoperator-createfsubfmf-n5-d15.pbqp,3cc463f979e6cc6cd608b3941ecba580d785134d38a96c44de5a072e7c493a2a,# /tmp/pcaa-corpus-ll/InstCombineAddSub.ll._ZN4llvm14BinaryOperator13CreateFSubFMFEPNS_5ValueES2_PNS_11InstructionERKNS_5TwineE round 0,5,7,4,7,15,11.2,"[15,14,7,13,7]",56,930
150-instcombine-fpmathoperator-classof-n22-d16.pbqp,07f573a86871c1648fbf46f5eac21286da3e0d902cfb077f2d5da39eaaf3d274,# /tmp/pcaa-corpus-ll/InstCombineAddSub.ll._ZN4llvm14FPMathOperator7classofEPKNS_5ValueE round 0,22,54,21,7,16,14.909090909090908,"[16,16,16,16,16,16,16,15,15,16,16,16,16,16,16,16,15,15,7,15,15,7]",328,8676
151-instcombine-instcombinerimpl-folddivceil-n79-d16.pbqp,bb94a9e0828640eb67bf7bdf6892b8ec11a42539784234243d1058106ba35d15,# /tmp/pcaa-corpus-ll/InstCombineAddSub.ll._ZN4llvm16InstCombinerImpl11foldDivCeilERNS_14BinaryOperatorE round 0,79,317,75,7,16,12.683544303797468,"[7,15,7,16,16,16,16,16,16,16,16,7,7,7,7,7,7,7,16,16,16,16,15,7,7,7,7,16,16,16,16,7,15,16,16,16,7,16,15,16,16,16,16,16,10,13,16,13,12,11,14,16,10,13,16,13,12,11,14,16,16,16,11,13,16,13,12,11,14,14,13,13,7,15,15,7,7,7,7]",1002,32432
152-instcombine-instcombinerimpl-foldsquaresumfp-n18-d16.pbqp,8c6aa25e01cad96bf1f6356796848340af66afe87f6715dd3b3d23f019da3002,# /tmp/pcaa-corpus-ll/InstCombineAddSub.ll._ZN4llvm16InstCombinerImpl15foldSquareSumFPERNS_14BinaryOperatorE round 0,18,51,17,7,16,11.333333333333334,"[7,7,7,7,16,16,16,16,7,7,7,16,16,13,12,14,13,7]",204,4683
153-instcombine-instcombinerimpl-foldsquaresumint-n22-d16.pbqp,e85fad193bfc5c757b8bd23ba961489df8c0d9d9281291dbf7285c1432b25eb0,# /tmp/pcaa-corpus-ll/InstCombineAddSub.ll._ZN4llvm16InstCombinerImpl16foldSquareSumIntERNS_14BinaryOperatorE round 0,22,61,16,7,16,11.545454545454545,"[7,7,7,7,7,7,16,16,16,16,16,10,7,13,16,13,12,11,14,13,7,16]",254,6039
154-instcombine-instcombinerimpl-foldaddwithconstant-n343-d17.pbqp,040e47b790de86d229b6ea8a0d73aedd1f4d1e7656f342c7b2bfdb0eb46368d0,# /tmp/pcaa-corpus-ll/InstCombineAddSub.ll._ZN4llvm16InstCombinerImpl19foldAddWithConstantERNS_14BinaryOperatorE round 0,343,1555,242,7,17,13.96793002915452,"[7,7,7,16,15,16,16,16,16,7,7,7,7,15,16,16,15,16,7,15,16,16,7,15,16,16,15,16,16,16,7,15,16,16,7,7,16,16,16,7,16,16,7,7,7,15,16,16,15,16,7,7,16,16,16,7,7,7,15,16,16,16,16,7,7,16,14,16,16,16,16,14,16,15,14,13,16,16,15,16,14,15,14,13,16,16,16,14,17,12,16,16,14,17,12,7,16,16,16,16,16,15,16,16,15,16,16,16,16,7,15,16,16,16,16,16,15,15,16,16,16,15,16,16,16,7,14,16,16,7,16,15,16,16,16,15,17,17,17,17,16,14,16,16,16,7,15,14,7,16,16,16,16,15,15,16,16,16,16,16,16,16,7,7,17,17,17,17,14,7,15,7,15,13,15,13,16,16,16,16,16,15,14,15,13,16,16,16,16,7,15,14,7,14,13,16,16,7,15,15,7,16,16,16,7,15,15,7,16,16,15,16,7,15,13,11,14,16,15,16,16,7,16,16,17,17,17,17,16,16,15,16,16,15,15,16,16,7,16,16,7,15,17,17,17,17,16,14,16,7,7,15,16,16,15,16,16,15,15,13,16,16,16,7,15,13,11,14,16,16,16,15,16,16,16,15,15,14,13,16,16,16,16,14,7,15,14,13,15,13,16,16,13,13,16,15,14,13,7,16,14,13,16,16,17,17,17,17,7,7,14,16,15,16,15,15,14,15,13,15,7,17,17,17,17,14,16,7,15,14,13,16,15,16,7,7,7,7,7,16,7,7,7]",4791,166809
155-instcombine-instcombinerimpl-foldaddwithconstant-n358-d17-r1.pbqp,6a656ea59d2663f84cf331faf853dead527db45334f4665e7207a103366741f0,# /tmp/pcaa-corpus-ll/InstCombineAddSub.ll._ZN4llvm16InstCombinerImpl19foldAddWithConstantERNS_14BinaryOperatorE round 1,358,1371,257,7,17,14.279329608938548,"[7,7,7,16,15,16,16,16,16,7,7,7,7,15,16,16,15,16,7,15,16,16,15,16,16,15,16,16,16,7,15,16,16,16,16,16,16,16,7,7,7,15,16,16,15,16,16,16,16,7,7,15,16,16,16,16,7,7,16,14,16,16,16,16,14,16,15,14,13,16,16,15,16,14,15,14,13,16,16,16,14,17,12,16,16,14,17,12,16,16,16,16,16,15,16,16,15,16,16,16,16,15,16,16,16,16,16,15,15,16,16,16,15,16,16,16,7,14,16,16,7,16,15,16,16,16,15,17,17,17,17,16,14,16,16,16,7,15,14,7,16,16,16,16,15,15,16,16,16,16,16,16,16,7,7,17,17,17,17,14,7,15,7,15,13,15,13,16,16,16,16,16,15,14,15,13,16,16,16,16,7,15,14,7,14,13,16,16,7,15,15,7,16,16,16,7,15,15,7,16,16,15,16,7,15,13,11,14,16,15,16,16,7,16,16,17,17,17,17,16,16,15,16,16,15,15,16,16,7,16,16,7,15,17,17,17,17,16,14,16,7,7,15,16,16,15,16,16,15,15,13,16,16,16,7,15,13,11,14,16,16,16,15,16,16,16,15,15,14,13,16,16,16,16,14,7,15,14,13,15,13,16,16,13,13,16,15,14,13,7,16,14,13,16,16,17,17,17,17,7,7,14,16,15,16,15,15,14,15,13,15,7,17,17,17,17,14,16,7,15,14,13,16,15,16,7,7,7,7,7,16,7,7,7,16,16,16,16,16,16,16,16,16,16,16,16,16,16,16,16,16,16,16,16,16,16,16,16]",5112,153638
156-instcombine-instcombinerimpl-foldaddlikecommutat-n119-d16.pbqp,1be1eeb45c288b868f81e4babfab4b7dffecabb7b2568d5443b61725862e0263,# /tmp/pcaa-corpus-ll/InstCombineAddSub.ll._ZN4llvm16InstCombinerImpl22foldAddLikeCommutativeEPNS_5ValueES2_bb round 0,119,641,93,7,16,14.042016806722689,"[16,14,15,15,7,16,16,16,15,16,16,16,16,7,7,7,7,7,7,7,7,13,16,16,16,16,16,16,16,16,16,16,16,16,7,16,16,16,16,16,16,15,15,7,16,16,16,16,16,15,7,16,16,16,16,16,16,16,15,16,16,16,15,16,16,15,14,13,16,16,16,7,16,16,16,16,16,7,16,16,7,16,16,16,16,16,7,16,16,16,16,15,16,12,7,13,16,13,12,11,14,15,13,15,15,15,15,15,7,15,15,15,7,7,16,16,16,16,16]",1671,73914
157-instcombine-instcombinerimpl-foldaddlikecommutat-n117-d16-r1.pbqp,ce537d32ea4e15f524a415f80e5057050f01662b52583374ea981a2f0badd998,# /tmp/pcaa-corpus-ll/InstCombineAddSub.ll._ZN4llvm16InstCombinerImpl22foldAddLikeCommutativeEPNS_5ValueES2_bb round 1,117,505,91,7,16,14.239316239316238,"[16,14,15,15,7,16,16,16,15,16,16,16,16,7,7,7,7,7,7,13,16,16,16,16,16,16,16,16,16,16,16,16,7,16,16,16,16,16,16,15,15,7,16,16,16,16,16,15,7,16,16,16,16,16,16,16,15,16,16,16,15,16,16,15,14,13,16,16,16,7,16,16,16,16,16,7,16,16,7,16,16,16,16,16,7,16,16,16,16,15,16,12,13,16,13,12,11,14,15,13,15,15,15,15,15,7,15,15,15,7,7,16,16,16,16,16,16]",1666,60929
158-instcombine-instcombinerimpl-hoistfnegabovefmulf-n39-d16.pbqp,69db559670b39b6f6d2be3d5079b163ed7253972a5c0fb67aabf5b30408be2fb,# /tmp/pcaa-corpus-ll/InstCombineAddSub.ll._ZN4llvm16InstCombinerImpl22hoistFNegAboveFMulFDivEPNS_5ValueERNS_11InstructionE round 0,39,167,37,7,16,11.538461538461538,"[7,7,7,7,7,7,7,7,16,16,16,7,16,15,7,14,13,16,16,16,12,11,16,7,14,13,7,16,13,12,16,7,14,13,7,16,13,12,7]",450,15010
159-instcombine-instcombinerimpl-simplifyaddwithrema-n58-d16.pbqp,424795cc03127a15e7626ec2c7fdcbb3c9270c78e72b062b823e407679a9728f,# /tmp/pcaa-corpus-ll/InstCombineAddSub.ll._ZN4llvm16InstCombinerImpl24SimplifyAddWithRemainderERNS_14BinaryOperatorE round 0,58,452,55,7,16,13.10344827586207,"[7,7,7,7,7,16,16,16,16,16,16,7,7,7,7,7,16,15,14,16,15,14,13,16,15,14,16,16,15,16,16,16,15,14,13,16,16,7,15,14,16,16,15,16,16,16,15,16,7,7,15,14,13,13,7,16,16,7]",760,44928
160-instcombine-instcombinerimpl-simplifyaddwithrema-n64-d16-r1.pbqp,3b10eff28c66295eb85020e0751eb7d93dceab54a6ab5d5cd9566aa57f1a8f8f,# /tmp/pcaa-corpus-ll/InstCombineAddSub.ll._ZN4llvm16InstCombinerImpl24SimplifyAddWithRemainderERNS_14BinaryOperatorE round 1,64,295,61,7,16,13.984375,"[7,7,7,16,16,16,16,16,16,7,7,16,15,14,16,15,14,13,16,15,14,16,16,15,16,16,16,15,14,13,16,16,7,15,14,16,16,15,16,16,16,15,16,7,7,15,14,13,13,7,16,16,7,16,16,16,16,16,15,16,14,16,13,16]",895,31782
161-instcombine-instcombinerimpl-optimizepointerdiff-n95-d16.pbqp,7c9cca00de9af594ea7479fb54518e0accba2dea44fec312b6731f2990bc286f,# /tmp/pcaa-corpus-ll/InstCombineAddSub.ll._ZN4llvm16InstCombinerImpl25OptimizePointerDifferenceEPNS_5ValueES2_PNS_4TypeEb round 0,95,580,90,7,16,14.421052631578947,"[16,16,16,16,16,16,16,16,16,16,16,7,16,16,7,16,16,16,16,7,16,16,16,16,7,7,14,7,7,7,16,16,16,16,16,16,16,16,16,16,16,16,7,16,15,7,15,14,13,7,15,14,13,16,16,16,16,16,16,16,16,16,16,16,16,16,15,16,16,16,16,16,16,16,16,11,12,13,16,7,16,16,15,12,16,16,16,16,16,16,16,16,16,16,7]",1370,81066
162-instcombine-instcombinerimpl-createselectinstwit-n10-d15.pbqp,fbb3be435ad9fa1a28d00e77cf4bf084084e7c7665e1a50e369bd124d8b899a4,# /tmp/pcaa-corpus-ll/InstCombineAddSub.ll._ZN4llvm16InstCombinerImpl34createSelectInstWithUnknownProfileEPNS_5ValueES2_S2_RKNS_5TwineENS_14InsertPositionE round 0,10,37,9,7,15,8.4,"[7,7,7,7,7,7,7,7,15,13]",84,2303
163-instcombine-instcombinerimpl-createselectinstwit-n9-d16-r1.pbqp,cd468a7ee50a030539a67529188465edd21d1343d773a720d4431c6a06bb8c63,# /tmp/pcaa-corpus-ll/InstCombineAddSub.ll._ZN4llvm16InstCombinerImpl34createSelectInstWithUnknownProfileEPNS_5ValueES2_S2_RKNS_5TwineENS_14InsertPositionE round 1,9,23,8,7,16,9.555555555555555,"[7,7,7,7,7,7,15,13,16]",86,1568
164-instcombine-instcombinerimpl-canonicalizecondsig-n73-d16.pbqp,c09fc780485f3e26612f9ab56849fab2734706a8affbe1304e5102a94feb384d,# /tmp/pcaa-corpus-ll/InstCombineAddSub.ll._ZN4llvm16InstCombinerImpl62canonicalizeCondSignextOfHighBitExtractToSignextHighBitExtractERNS_14BinaryOperatorE round 0,73,317,70,7,16,14.520547945205479,"[7,7,16,16,7,16,16,16,16,7,16,16,16,7,7,16,16,16,16,16,16,16,16,16,16,16,16,16,15,16,16,16,16,16,16,16,16,16,16,16,15,14,16,16,16,16,16,16,16,16,16,15,16,15,16,15,16,7,7,16,15,16,13,15,14,15,14,16,15,7,16,16,7]",1060,37107
165-instcombine-instcombinerimpl-visitadd-n544-d17.pbqp,2f0326c6b14230f3c3fa834758a9f64f5adebad11b1c438097a095b4f8fb0748,# /tmp/pcaa-corpus-ll/InstCombineAddSub.ll._ZN4llvm16InstCombinerImpl8visitAddERNS_14BinaryOperatorE round 0,544,3152,346,7,17,13.952205882352942,"[7,14,14,7,7,16,7,16,16,7,16,7,7,16,7,7,7,7,14,14,7,15,16,16,16,16,14,16,7,7,7,16,16,16,16,16,16,16,7,15,16,16,7,15,7,16,16,16,16,16,16,16,7,16,7,7,16,16,16,16,16,7,16,7,7,16,16,16,16,7,7,7,7,7,16,17,17,17,17,14,13,12,16,16,15,16,16,16,16,16,16,16,16,16,15,16,16,16,15,16,16,16,14,16,16,14,16,14,16,16,14,16,13,7,16,13,12,7,16,13,12,16,16,16,7,15,16,15,16,17,16,16,16,16,7,16,16,7,16,15,16,15,16,15,16,15,14,13,7,16,15,14,13,15,16,7,16,16,16,16,16,16,15,14,12,7,16,16,15,16,15,16,15,14,13,15,16,16,16,16,16,16,16,7,16,16,16,16,16,16,16,16,16,16,16,16,16,13,16,17,12,14,16,16,17,17,17,17,16,15,14,16,13,13,16,16,16,16,15,16,7,15,16,16,16,16,16,15,16,16,16,16,16,16,7,16,16,15,16,7,16,16,15,13,12,14,15,16,16,15,16,7,16,16,16,16,16,16,16,16,16,16,7,16,7,16,16,7,7,16,16,17,17,17,17,7,7,14,7,16,14,12,16,16,14,12,16,16,7,17,17,17,17,16,15,14,16,16,17,17,17,17,16,15,14,16,7,16,7,16,7,16,16,16,17,17,17,17,7,7,14,7,16,16,16,16,16,7,16,15,14,13,16,16,15,16,14,7,16,16,16,16,16,17,17,17,11,13,7,16,7,16,15,15,13,15,14,13,14,16,15,14,13,16,17,17,17,11,13,14,16,16,16,17,17,17,11,13,14,16,14,12,7,14,12,14,13,7,16,15,13,15,13,13,7,15,7,14,13,16,15,13,14,11,14,15,14,15,13,14,13,16,15,14,15,13,14,15,13,16,16,16,7,14,15,13,7,14,13,16,7,15,13,7,15,13,14,13,7,15,14,13,16,16,16,7,15,14,13,7,16,7,7,16,12,11,13,15,14,13,13,13,15,14,13,16,16,16,14,16,16,16,15,16,16,15,15,13,15,14,13,15,14,13,7,13,14,13,7,13,14,13,15,14,13,16,16,16,15,16,16,15,14,13,15,14,13,14,7,13,16,15,15,16,7,13,16,15,14,13,16,15,14,13,16,15,16,15,13,7,15,16,16,7,16,16,16,16,16,16,14,7,15,7]",7590,336573
166-instcombine-instcombinerimpl-visitadd-n657-d17-r1.pbqp,c97bcb0d40848064062014d88e1a3947e36e0d54c9a79a740f45baebe6f9aafb,# /tmp/pcaa-corpus-ll/InstCombineAddSub.ll._ZN4llvm16InstCombinerImpl8visitAddERNS_14BinaryOperatorE round 1,657,2574,456,7,17,14.613394216133942,"[14,14,7,7,16,7,16,16,7,16,7,7,16,7,7,7,14,14,7,15,16,16,16,16,14,16,7,7,7,16,16,16,16,16,16,16,7,15,16,16,7,15,7,16,16,16,16,16,16,16,16,16,16,16,16,16,7,16,16,16,16,16,7,7,7,7,7,16,17,17,17,17,14,13,12,16,16,15,16,16,16,16,16,16,16,16,16,15,16,16,16,15,16,16,16,14,16,16,14,16,14,16,16,14,16,13,7,16,13,12,7,16,13,12,16,16,16,15,16,15,16,17,16,16,16,16,16,16,7,16,15,16,15,16,15,16,15,14,13,7,16,15,14,13,15,16,16,16,16,16,16,16,15,14,12,16,16,15,16,15,16,15,14,13,15,16,16,16,16,16,16,16,7,16,16,16,16,16,16,16,16,16,16,16,16,16,13,16,17,12,14,16,16,17,17,17,17,16,15,14,16,13,13,16,16,16,16,15,16,15,16,16,16,16,16,15,16,16,16,16,16,16,7,16,16,15,16,16,16,15,13,12,14,15,16,16,15,16,16,16,16,16,16,16,16,16,16,16,16,16,16,7,16,16,17,17,17,17,14,7,16,14,12,16,16,14,12,16,16,7,17,17,17,17,16,15,14,16,16,17,17,17,17,16,15,14,16,7,16,7,16,16,16,16,17,17,17,17,14,7,16,16,16,16,16,7,16,15,14,13,16,16,15,16,14,7,16,16,16,16,16,17,17,17,11,13,7,16,7,16,15,15,13,15,14,13,14,16,15,14,13,16,17,17,17,11,13,14,16,16,16,17,17,17,11,13,14,16,14,12,7,14,12,14,13,7,16,15,13,15,13,13,7,15,7,14,13,16,15,13,14,11,14,15,14,15,13,14,13,16,15,14,15,13,14,15,13,16,16,16,7,14,15,13,7,14,13,16,7,15,13,7,15,13,14,13,7,15,14,13,16,16,16,7,15,14,13,7,16,7,7,16,12,11,13,15,14,13,13,13,15,14,13,16,16,16,14,16,16,16,15,16,16,15,15,13,15,14,13,15,14,13,7,13,14,13,7,13,14,13,15,14,13,16,16,16,15,16,16,15,14,13,15,14,13,14,7,13,16,15,15,16,7,13,16,15,14,13,16,15,14,13,16,15,16,15,13,15,16,16,7,16,16,16,16,16,16,14,7,15,7,16,16,16,16,16,16,16,16,16,16,16,16,16,16,16,16,16,16,16,16,16,16,16,16,16,16,16,16,16,16,16,16,16,16,16,16,16,16,16,16,16,16,16,16,16,16,16,16,16,16,16,16,16,16,16,16,16,16,16,16,16,16,16,16,16,16,16,16,16,16,16,16,16,16,16,16,16,16,16,16,16,16,16,16,16,16,16,16,16,16,16,16,16,16,16,16,16,16,16,16,16,16,16,16,15,16,16,15,16,15,16,16,16,16,15,16,16,16,16,16,16,16,16,16,16,16,16,16,16,16,16,16,16,16,16,16]",9601,297096
167-instcombine-instcombinerimpl-visitsub-n895-d17.pbqp,a0c9160d6f5d491b1c76ed6f1ac50e4b5434aa99f28ab251600e765804679bd3,# /tmp/pcaa-corpus-ll/InstCombineAddSub.ll._ZN4llvm16InstCombinerImpl8visitSubERNS_14BinaryOperatorE round 0,895,6018,707,7,17,14.415642458100558,"[7,14,14,16,7,14,16,15,15,16,15,16,15,14,14,15,15,16,15,16,15,16,7,15,16,15,14,7,14,7,16,7,16,15,16,16,15,16,15,15,7,7,16,7,7,15,16,16,16,16,16,16,16,16,16,16,16,16,15,14,15,14,15,14,15,14,16,16,15,14,15,14,16,16,16,16,16,16,16,16,7,16,16,15,16,15,16,16,16,16,16,14,14,7,16,14,13,7,16,7,7,16,16,7,16,16,7,15,16,16,16,7,7,14,16,16,16,16,16,7,7,7,7,7,16,17,17,17,17,14,13,12,16,15,15,13,16,16,16,16,16,16,16,15,16,16,16,16,15,16,7,7,16,15,16,14,16,16,16,15,16,15,7,16,16,15,16,16,16,15,16,16,16,16,15,14,15,16,16,15,7,16,16,16,16,15,16,7,16,16,16,16,16,15,14,13,7,16,15,14,13,16,15,16,16,16,15,16,13,13,13,15,14,13,16,7,16,15,16,16,15,16,7,16,15,15,15,16,14,7,16,16,14,12,16,16,14,12,7,14,12,15,13,16,16,15,16,16,16,15,16,16,16,16,16,16,15,13,16,16,16,15,13,16,16,16,16,7,15,14,13,7,14,13,16,15,16,16,16,15,17,17,17,16,16,14,16,16,16,7,15,14,7,16,16,16,16,15,16,16,16,15,16,16,16,16,16,16,16,16,14,16,15,16,16,15,16,15,16,16,16,16,16,15,16,16,16,16,16,16,16,15,16,16,16,16,16,15,16,16,16,7,16,15,14,13,16,16,16,16,15,16,16,15,14,13,7,16,16,15,15,16,16,16,16,13,16,16,16,16,16,16,13,16,15,16,16,16,16,16,16,13,16,16,16,16,16,16,13,16,16,16,16,13,16,16,16,16,16,16,13,16,15,15,16,7,16,16,7,7,16,14,13,14,13,16,15,15,16,7,15,14,16,16,15,14,16,16,16,15,12,16,15,12,16,16,16,15,16,14,14,13,16,16,15,16,16,16,16,16,16,14,12,16,15,14,15,14,13,14,16,16,15,16,16,16,16,16,16,14,12,16,15,14,14,15,13,15,16,16,16,16,16,15,16,16,16,16,14,13,12,7,14,13,16,16,16,16,16,15,16,16,16,16,14,13,12,7,14,13,7,15,16,16,15,16,7,7,7,16,12,16,15,16,16,15,16,15,14,13,16,16,16,16,16,12,13,12,16,16,16,15,16,16,16,16,7,16,16,16,15,16,16,16,15,16,16,16,16,15,16,16,14,16,16,16,15,16,14,16,15,16,16,16,16,16,7,15,14,13,16,16,7,16,16,16,7,16,16,16,7,16,16,16,7,16,16,16,7,16,16,16,7,16,16,15,16,16,15,16,16,15,16,16,15,16,16,16,16,15,16,16,16,16,15,16,15,16,16,16,16,16,15,16,16,16,15,16,16,15,16,16,16,16,15,16,16,15,16,16,16,16,15,16,16,16,16,16,16,13,12,7,14,13,12,7,16,11,13,14,16,14,13,12,14,15,14,13,7,16,13,11,14,16,7,16,16,16,16,15,14,7,7,13,7,15,14,13,14,13,14,16,15,14,16,17,16,17,17,11,13,14,16,16,17,17,17,11,13,16,15,16,16,17,17,17,11,13,16,15,16,16,17,17,17,11,13,14,16,16,17,17,17,11,13,14,16,16,16,17,17,17,11,13,14,15,14,16,16,13,14,16,14,13,7,7,14,13,17,12,7,15,14,14,13,17,12,7,15,14,14,13,16,15,7,7,15,16,14,14,13,15,14,13,16,7,16,16,17,16,17,17,11,13,14,16,16,16,16,15,14,7,7,13,14,15,13,15,14,13,7,15,14,13,14,13,7,15,14,14,13,15,14,15,14,13,16,15,14,13,16,16,14,16,16,14,15,14,13,16,16,15,17,17,17,17,14,7,16,15,15,14,13,16,16,7,16,15,16,15,7,7,7,15,16,7,16,16,16,14,7,16,16,14,7,15,16,14,7,15,7,16,16,7,7]",12902,709892
168-instcombine-instcombinerimpl-visitsub-n966-d17-r1.pbqp,9477ea5fc973c3a7524a665111b72a425aefb156536b818058a22f048f8c2951,# /tmp/pcaa-corpus-ll/InstCombineAddSub.ll._ZN4llvm16InstCombinerImpl8visitSubERNS_14BinaryOperatorE round 1,966,4031,778,7,17,14.658385093167702,"[7,14,14,16,7,14,16,15,15,16,15,16,15,14,14,15,15,16,15,16,15,16,7,15,16,15,14,7,14,7,16,7,16,15,16,16,15,16,15,15,7,7,16,7,7,15,16,16,16,16,16,16,16,16,16,16,16,16,15,14,15,14,15,14,15,14,16,16,15,14,15,14,16,16,16,16,16,16,16,16,7,16,16,15,16,15,16,16,16,16,16,14,14,7,16,14,13,16,7,7,16,16,7,16,16,15,16,16,16,7,14,16,16,16,16,16,7,7,7,7,7,16,17,17,17,17,14,13,12,16,15,15,13,16,16,16,16,16,16,16,15,16,16,16,16,15,16,16,15,16,14,16,16,16,15,16,15,16,16,15,16,16,16,15,16,16,16,16,15,14,15,16,16,15,16,16,16,16,15,16,16,16,16,16,16,15,14,13,7,16,15,14,13,16,15,16,16,16,15,16,13,13,13,15,14,13,16,7,16,15,16,16,15,16,7,16,15,15,15,16,14,16,16,14,12,16,16,14,12,7,14,12,15,13,16,16,15,16,16,16,15,16,16,16,16,16,16,15,13,16,16,16,15,13,16,16,16,16,7,15,14,13,7,14,13,16,15,16,16,16,15,17,17,17,16,16,14,16,16,16,7,15,14,7,16,16,16,16,15,16,16,16,15,16,16,16,16,16,16,16,16,14,16,15,16,16,15,16,15,16,16,16,16,16,15,16,16,16,16,16,16,16,15,16,16,16,16,16,15,16,16,16,7,16,15,14,13,16,16,16,16,15,16,16,15,14,13,7,16,16,15,15,16,16,16,16,13,16,16,16,16,16,16,13,16,15,16,16,16,16,16,16,13,16,16,16,16,16,16,13,16,16,16,16,13,16,16,16,16,16,16,13,16,15,15,16,7,16,16,7,7,16,14,13,14,13,16,15,15,16,15,14,16,16,15,14,16,16,16,15,12,16,15,12,16,16,16,15,16,14,14,13,16,16,15,16,16,16,16,16,16,14,12,16,15,14,15,14,13,14,16,16,15,16,16,16,16,16,16,14,12,16,15,14,14,15,13,15,16,16,16,16,16,15,16,16,16,16,14,13,12,7,14,13,16,16,16,16,16,15,16,16,16,16,14,13,12,7,14,13,15,16,16,15,16,7,16,12,16,15,16,16,15,16,15,14,13,16,16,16,16,16,12,13,12,16,16,16,15,16,16,16,16,16,16,16,15,16,16,16,15,16,16,16,16,15,16,16,14,16,16,16,15,16,14,16,15,16,16,16,16,16,7,15,14,13,16,16,7,16,16,16,7,16,16,16,7,16,16,16,7,16,16,16,7,16,16,16,7,16,16,15,16,16,15,16,16,15,16,16,15,16,16,16,16,15,16,16,16,16,15,16,15,16,16,16,16,16,15,16,16,16,15,16,16,15,16,16,16,16,15,16,16,15,16,16,16,16,15,16,16,16,16,16,16,13,12,7,14,13,12,7,16,11,13,14,16,14,13,12,14,15,14,13,7,16,13,11,14,16,7,16,16,16,16,15,14,7,7,13,7,15,14,13,14,13,14,16,15,14,16,17,16,17,17,11,13,14,16,16,17,17,17,11,13,16,15,16,16,17,17,17,11,13,16,15,16,16,17,17,17,11,13,14,16,16,17,17,17,11,13,14,16,16,16,17,17,17,11,13,14,15,14,16,16,13,14,16,14,13,7,7,14,13,17,12,7,15,14,14,13,17,12,7,15,14,14,13,16,15,7,7,15,16,14,14,13,15,14,13,16,7,16,16,17,16,17,17,11,13,14,16,16,16,16,15,14,7,7,13,14,15,13,15,14,13,7,15,14,13,14,13,7,15,14,14,13,15,14,15,14,13,16,15,14,13,16,16,14,16,16,14,15,14,13,16,16,15,17,17,17,17,14,7,16,15,15,14,13,16,16,7,16,15,16,15,7,7,7,15,16,7,16,16,16,14,7,16,16,14,7,15,16,14,7,15,7,16,16,7,7,16,16,16,16,16,16,16,16,16,16,16,16,16,16,16,16,16,16,16,16,16,16,16,16,16,16,16,16,16,16,16,16,16,16,16,16,16,16,16,16,16,16,16,16,16,16,16,16,16,16,16,16,16,16,16,16,16,16,16,16,16,16,16,16,16,16,16,16,12,16,16,16,16,16,16,16,16,16,16,16,16,16,16,16,16]",14160,520174
169-instcombine-instcombinerimpl-visitfadd-n138-d17.pbqp,d9edce63238e119b576a2cdff35e2cf76190c52240fbc2aee56842257476992f,# /tmp/pcaa-corpus-ll/InstCombineAddSub.ll._ZN4llvm16InstCombinerImpl9visitFAddERNS_14BinaryOperatorE round 0,138,536,126,7,17,14.108695652173912,"[14,16,16,16,16,16,16,7,16,16,7,7,14,7,16,16,16,15,14,7,7,7,7,14,17,17,17,17,13,16,16,16,16,16,16,16,16,16,16,14,7,7,15,16,16,16,16,16,16,15,13,7,16,16,16,16,7,16,16,16,7,16,16,16,16,16,15,16,7,15,14,7,7,16,16,16,17,16,16,16,17,17,11,13,14,15,16,7,16,17,14,13,16,13,16,16,16,16,16,16,15,13,16,16,15,13,16,16,16,16,17,16,16,16,17,17,11,13,14,7,7,16,16,13,12,15,16,13,7,7,16,16,13,12,15,16,13,15]",1947,58780
170-instcombine-instcombinerimpl-visitfadd-n143-d17-r1.pbqp,f8250bb453b40ec92273e9d5ce13380a6c2e2c9319654032bf7f1406dd1b91d7,# /tmp/pcaa-corpus-ll/InstCombineAddSub.ll._ZN4llvm16InstCombinerImpl9visitFAddERNS_14BinaryOperatorE round 1,143,481,131,7,17,14.391608391608392,"[14,16,16,16,16,16,16,7,16,16,14,16,16,16,15,14,7,7,7,7,14,17,17,17,17,13,16,16,16,16,16,16,16,16,16,16,14,7,7,15,16,16,16,16,16,16,15,13,7,16,16,16,16,7,16,16,16,16,16,16,16,16,15,16,7,15,14,7,7,16,16,16,17,16,16,16,17,17,11,13,14,15,16,7,16,17,14,13,16,13,16,16,16,16,16,16,15,13,16,16,15,13,16,16,16,16,17,16,16,16,17,17,11,13,14,7,7,16,16,13,12,15,16,13,7,7,16,16,13,12,15,16,13,15,16,16,16,15,14,16,14,16,16]",2058,55256
171-instcombine-instcombinerimpl-visitfneg-n118-d17.pbqp,f949c8557f444c440825d18efb9fb554af59567ef9cfb4a13d235c3090e8bf8d,# /tmp/pcaa-corpus-ll/InstCombineAddSub.ll._ZN4llvm16InstCombinerImpl9visitFNegERNS_13UnaryOperatorE round 0,118,403,91,7,17,13.271186440677965,"[7,14,16,14,15,14,16,7,7,15,17,17,17,17,14,15,16,13,16,7,7,15,16,16,15,7,16,16,15,16,16,16,15,16,16,15,16,15,16,16,7,7,7,16,16,14,13,15,17,12,15,16,7,7,16,16,14,13,15,14,14,16,7,15,7,7,13,13,14,11,14,7,7,15,16,7,14,13,7,7,7,15,16,14,13,14,16,13,16,7,7,15,16,16,14,13,15,16,14,13,16,14,16,7,7,15,16,16,14,13,14,16,15,13,16,14,16,7]",1566,44521
172-instcombine-instcombinerimpl-visitfsub-n183-d17.pbqp,e70758d35ea2db46fd144ee9a0f303bb1ff0eacd0b1fa8fd282f50248eecede6,# /tmp/pcaa-corpus-ll/InstCombineAddSub.ll._ZN4llvm16InstCombinerImpl9visitFSubERNS_14BinaryOperatorE round 0,183,802,169,7,17,13.759562841530055,"[16,14,7,7,16,15,7,14,16,16,16,7,16,15,7,7,7,14,7,7,7,7,14,17,17,17,17,13,16,16,16,15,16,17,17,17,17,15,16,16,16,15,16,16,16,16,16,7,16,16,13,12,16,14,16,15,16,15,14,13,7,16,16,15,16,15,16,7,15,16,15,16,15,16,16,16,14,16,16,14,17,14,13,15,13,17,15,14,13,13,16,16,16,16,16,15,16,16,16,15,16,16,16,15,16,7,16,16,13,12,15,16,13,16,7,13,7,16,16,16,16,17,16,16,17,17,11,13,16,15,13,7,7,16,7,13,12,7,7,16,13,12,15,13,7,7,16,16,13,12,15,13,7,7,16,16,13,12,15,13,15,13,15,13,15,13,15,13,15,13,7,7,16,16,13,12,15,13,15,14,16,16,7]",2518,86114
173-instcombine-instcombinerimpl-visitfsub-n192-d17-r1.pbqp,63e47b71743428bf89df34c282c6918df506dd1e1a386733e8267a2ea766f50c,# /tmp/pcaa-corpus-ll/InstCombineAddSub.ll._ZN4llvm16InstCombinerImpl9visitFSubERNS_14BinaryOperatorE round 1,192,790,178,7,17,14.046875,"[16,14,7,7,16,15,7,14,16,16,16,16,15,7,14,7,7,7,7,14,17,17,17,17,13,16,16,16,15,16,17,17,17,17,15,16,16,16,15,16,16,16,16,16,7,16,16,13,12,16,14,16,15,16,15,14,13,7,16,16,15,16,15,16,15,16,15,16,15,16,16,16,14,16,16,14,17,14,13,15,13,17,15,14,13,13,16,16,16,16,16,15,16,16,16,15,16,16,16,15,16,7,16,16,13,12,15,16,13,16,7,13,7,16,16,16,16,17,16,16,17,17,11,13,16,15,13,7,7,16,7,13,12,7,7,16,13,12,15,13,7,7,16,16,13,12,15,13,7,7,16,16,13,12,15,13,15,13,15,13,15,13,15,13,15,13,7,7,16,16,13,12,15,13,15,14,16,16,7,16,16,16,16,16,15,16,16,16,16,16,16,16]",2697,87319
174-instcombine-commonpointerbase-compute-n45-d16.pbqp,46a90c6572a9a9a009b7cf29ca3dab0d8b088b25bb7ddcd8aef1d2e12df45735,# /tmp/pcaa-corpus-ll/InstCombineAddSub.ll._ZN4llvm17CommonPointerBase7computeEPNS_5ValueES2_ round 0,45,244,44,7,16,14.0,"[7,7,16,16,16,16,16,16,16,16,16,7,7,16,16,16,16,16,16,7,7,16,16,16,16,16,16,16,16,16,16,16,16,16,7,16,7,16,16,16,16,7,16,16,7]",630,30082
175-instcombine-commonpointerbase-compute-n45-d16-r1.pbqp,4d5108fc585d945bb1294fe6ca380bbaf7d27befeed33076c5db5a9ebe5528af,# /tmp/pcaa-corpus-ll/InstCombineAddSub.ll._ZN4llvm17CommonPointerBase7computeEPNS_5ValueES2_ round 1,45,223,44,7,16,14.2,"[7,16,16,16,16,16,16,16,16,16,7,7,16,16,16,16,16,16,7,7,16,16,16,16,16,16,16,16,16,16,16,16,16,7,16,7,16,16,16,16,7,16,16,7,16]",639,28234
176-instcombine-instructionworklist-pushuserstoworkl-n11-d16.pbqp,2897f1ed9d0f0a54bc8899d1d7c3cbe11ff9d1d6d9fd9ad530722ab35dfbe4ca,# /tmp/pcaa-corpus-ll/InstCombineAddSub.ll._ZN4llvm19InstructionWorklist19pushUsersToWorkListERNS_11InstructionE round 0,11,41,10,7,16,11.0,"[7,7,7,16,7,15,16,7,16,16,7]",121,3784
177-instcombine-smallvectortemplatebase-growandpushb-n6-d16.pbqp,ff3ef0473fd1dcea9de75beeaa8b9eed48c57d50f14edf74d03ba00b44275c0c,# /tmp/pcaa-corpus-ll/InstCombineAddSub.ll._ZN4llvm23SmallVectorTemplateBaseIPKN12_GLOBAL__N_17FAddendELb1EE15growAndPushBackES4_ round 0,6,11,5,7,16,12.166666666666666,"[7,7,13,14,16,16]",73,1313
178-instcombine-smallvectortemplatebase-growandpushb-n6-d16.pbqp,f0e3ca474d5e0e8e42654b2b8882db5153d18ba6b963ba016a5a7ac42f08ba69,# /tmp/pcaa-corpus-ll/InstCombineAddSub.ll._ZN4llvm23SmallVectorTemplateBaseIPNS_11GEPOperatorELb1EE15growAndPushBackES2_ round 0,6,11,5,7,16,12.166666666666666,"[7,7,13,14,16,16]",73,1313
179-instcombine-smallvectortemplatebase-growandpushb-n6-d16.pbqp,d8e0a6b7b9fe46cf7030e396820f8e475dd2a3c82b845c70e4210fd44006b4e8,# /tmp/pcaa-corpus-ll/InstCombineAddSub.ll._ZN4llvm23SmallVectorTemplateBaseIPNS_11InstructionELb1EE15growAndPushBackES2_ round 0,6,11,5,7,16,12.166666666666666,"[7,7,13,14,16,16]",73,1313
180-instcombine-apint-issamevalue-n17-d16.pbqp,84e8e6c95be67d11b04e3b9186dac53a6b76b9f0888bc539af03cf3c97a69074,# /tmp/pcaa-corpus-ll/InstCombineAddSub.ll._ZN4llvm5APInt11isSameValueERKS0_S2_b round 0,17,28,11,7,16,14.0,"[14,14,16,16,7,7,14,16,16,16,16,16,16,15,16,16,7]",238,3682
181-instcombine-apint-gethighbitsset-n5-d15.pbqp,2626f20b95fc93d66b167df7c6788e0e62fd8240dcf527b214fff438487b94ec,# /tmp/pcaa-corpus-ll/InstCombineAddSub.ll._ZN4llvm5APInt14getHighBitsSetEjj round 0,5,9,4,7,15,11.4,"[14,7,7,15,14]",57,1057
182-instcombine-llvm-dyn-cast-n5-d16.pbqp,6a368ae8d8f2b57232769d8dff52e4ad9e5ad4a4833c8d0e7f4114974d760225,# /tmp/pcaa-corpus-ll/InstCombineAddSub.ll._ZN4llvm8dyn_castINS_25OverflowingBinaryOperatorENS_5ValueEEEDcPT0_ round 0,5,7,4,16,16,16.0,"[16,16,16,16,16]",80,1792
183-instcombine-knownbits-knownbits-n3-d16.pbqp,a88c2d42fb42392809d4d9600db1e9ef0cd4c0c4df7bc08cc0a00f0bdfff8fda,# /tmp/pcaa-corpus-ll/InstCombineAddSub.ll._ZN4llvm9KnownBitsD2Ev round 0,3,1,1,7,16,13.0,"[16,16,7]",39,112
184-instcombine-setvector-insert-n20-d16.pbqp,7407db2b102ca1f475fbece2dfc539e8a25185a05140aff99a3a45f1dfaa0a20,# /tmp/pcaa-corpus-ll/InstCombineAddSub.ll._ZN4llvm9SetVectorIPNS_11InstructionENS_11SmallVectorIS2_Lj16EEENS_8DenseSetIS2_NS_12DenseMapInfoIS2_vEEEELj16EE6insertERKS2_ round 0,20,73,19,7,16,13.2,"[7,16,16,16,16,16,16,16,16,15,16,7,7,16,16,7,15,16,7,7]",264,12333
185-instcombine-withcache-withcache-n3-d16.pbqp,971a79722f680e29203fa1e896221a0144d92d1b23f93955eb6ea749f74ab8e5,# /tmp/pcaa-corpus-ll/InstCombineAddSub.ll._ZN4llvm9WithCacheIPKNS_5ValueEED2Ev round 0,3,1,1,7,16,13.0,"[16,16,7]",39,112
186-instcombine-llvm-operator-n5-d16.pbqp,8d225bc8ad87737ecf4898d47e5ea0401ee0b9ff01f2de531ea41a4cee03c775,# /tmp/pcaa-corpus-ll/InstCombineAddSub.ll._ZN4llvmanENS_5APIntERKS0_ round 0,5,10,4,7,16,12.0,"[7,14,7,16,16]",60,1397
187-instcombine-llvm-operator-n6-d16.pbqp,6cb43b7de88a82bb52b4723c9141dd10b1e92f398d3dafbd8342a6a03bf0f2c3,# /tmp/pcaa-corpus-ll/InstCombineAddSub.ll._ZN4llvmcoENS_5APIntE round 0,6,15,5,7,16,12.5,"[15,15,7,7,16,15]",75,2298
188-instcombine-llvm-operator-n5-d16.pbqp,b2734613519e8568a6a9a3104968eb10eb187ab3befd85ac8ed087764055265a,# /tmp/pcaa-corpus-ll/InstCombineAddSub.ll._ZN4llvmeoENS_5APIntERKS0_ round 0,5,10,4,7,16,12.0,"[7,14,7,16,16]",60,1397
189-instcombine-llvm-operator-n9-d16.pbqp,06c3905613a532f20936ecfad5b300eec9938a117ed07b51ea239f2d89564a65,# /tmp/pcaa-corpus-ll/InstCombineAddSub.ll._ZN4llvmmiEmNS_5APIntE round 0,9,25,8,7,16,12.666666666666666,"[15,15,7,7,7,16,16,16,15]",114,3271
190-instcombine-llvm-operator-n8-d16.pbqp,5d1f8d461f60e9a72031532627083a3af390c9080b51af286cd51523981d6391,# /tmp/pcaa-corpus-ll/InstCombineAddSub.ll._ZN4llvmngENS_5APIntE round 0,8,19,7,7,16,13.375,"[15,15,7,7,16,16,16,15]",107,2746
191-instcombine-llvm-operator-n5-d16.pbqp,63823870decbba49853d600674dfb9cb2106a49d2b1a7337a776b26f43ca07b9,# /tmp/pcaa-corpus-ll/InstCombineAddSub.ll._ZN4llvmorENS_5APIntERKS0_ round 0,5,10,4,7,16,12.0,"[7,14,7,16,16]",60,1397
192-instcombine-datalayout-gettypesizeinbits-n16-d16.pbqp,9438f9c05f526ecece68e913014c2d83c6e89c3b0ba1251e7112cdedb87b1720,# /tmp/pcaa-corpus-ll/InstCombineAddSub.ll._ZNK4llvm10DataLayout17getTypeSizeInBitsEPNS_4TypeE round 0,16,30,12,7,16,13.375,"[14,7,15,16,15,7,15,16,15,7,16,16,16,16,7,16]",214,3729
193-instcombine-fneg-match-match-n37-d16.pbqp,3747b41890834b0314018f704f32111b62354f267567ce83b664f93bf5d46b1e,# /tmp/pcaa-corpus-ll/InstCombineAddSub.ll._ZNK4llvm12PatternMatch10FNeg_matchINS0_12OneUse_matchINS_19PatternMatchHelpers10match_bindINS_11InstructionEEEEEE5matchIS5_EEbPT_ round 0,37,90,33,7,16,15.027027027027026,"[16,16,7,16,7,16,16,16,7,7,16,16,16,16,16,16,16,16,16,16,16,16,16,16,16,16,16,16,16,16,16,16,16,16,16,16,16]",556,11925
194-instcombine-fneg-match-match-n35-d16.pbqp,b59f05ed9b023b2a07a4932efc0e4f5442e4d40f5d5f66705cbf2c64dc76b060,# /tmp/pcaa-corpus-ll/InstCombineAddSub.ll._ZNK4llvm12PatternMatch10FNeg_matchINS_19PatternMatchHelpers10match_bindINS_5ValueEEEE5matchINS_14BinaryOperatorEEEbPT_ round 0,35,86,31,7,16,14.971428571428572,"[16,7,16,7,16,16,7,7,16,16,16,16,16,16,16,16,16,16,16,16,16,16,16,16,16,16,16,16,16,16,16,16,16,16,16]",524,11189
195-instcombine-fneg-match-match-n35-d16.pbqp,1b304b39425c924ffab0b95080b0f61e75ca39230ec27540cdac76a4ea6bb539,# /tmp/pcaa-corpus-ll/InstCombineAddSub.ll._ZNK4llvm12PatternMatch10FNeg_matchINS_19PatternMatchHelpers10match_bindINS_5ValueEEEE5matchIS4_EEbPT_ round 0,35,86,31,7,16,14.971428571428572,"[16,7,16,7,16,16,7,7,16,16,16,16,16,16,16,16,16,16,16,16,16,16,16,16,16,16,16,16,16,16,16,16,16,16,16]",524,11189
196-instcombine-api-pred-ty-match-n19-d16.pbqp,e800482af10109340bbe0fb575f1a7470c4dbcf2239621210c15bf6dea35e4a2,# /tmp/pcaa-corpus-ll/InstCombineAddSub.ll._ZNK4llvm12PatternMatch11api_pred_tyINS0_14is_lowbit_maskEE5matchINS_5ValueEEEbPT_ round 0,19,60,17,7,16,12.210526315789474,"[7,7,7,7,7,7,7,16,16,16,16,16,16,16,7,16,16,16,16]",232,6468
197-instcombine-api-pred-ty-match-n28-d16.pbqp,4ee135f2db91aa1af4b43b073446f4c2526032eb21eaebe14edbf329745dbca7,# /tmp/pcaa-corpus-ll/InstCombineAddSub.ll._ZNK4llvm12PatternMatch11api_pred_tyINS0_17is_negated_power2EE5matchINS_5ValueEEEbPT_ round 0,28,121,26,7,16,13.285714285714286,"[7,15,7,15,7,7,16,16,16,16,16,15,7,16,16,16,16,16,16,16,16,16,15,7,16,16,7,7]",372,14572
198-instcombine-api-pred-ty-match-n15-d16.pbqp,e6d368376d2edaa7f28373f7a6cf53d59c017268460f8c1791eb114920990e3f,# /tmp/pcaa-corpus-ll/InstCombineAddSub.ll._ZNK4llvm12PatternMatch11api_pred_tyINS0_9is_power2EE5matchINS_5ValueEEEbPT_ round 0,15,39,13,7,16,13.6,"[7,7,7,16,16,16,16,16,16,16,16,16,16,16,7]",204,4710
199-instcombine-oneuse-match-match-n18-d16.pbqp,1da9d15ccfae372c259c260f5c2e78d2d483f6764c4b31a3385c4eb39342fcd0,# /tmp/pcaa-corpus-ll/InstCombineAddSub.ll._ZNK4llvm12PatternMatch12OneUse_matchINS0_14BinaryOp_matchINS1_INS2_INS_19PatternMatchHelpers10match_bindINS_5ValueEEES6_Lj16ELb0EEEEES6_Lj14ELb1EEEE5matchIS5_EEbPT_ round 0,18,40,15,15,16,15.944444444444445,"[16,16,16,16,16,16,16,16,16,16,15,16,16,16,16,16,16,16]",287,10000
200-instcombine-oneuse-match-match-n18-d16.pbqp,f77ef1028320d4b609007281c99d3c694f278437d5ba7b78baed3c78a57e307b,# /tmp/pcaa-corpus-ll/InstCombineAddSub.ll._ZNK4llvm12PatternMatch12OneUse_matchINS0_14BinaryOp_matchINS1_INS2_INS_19PatternMatchHelpers10match_bindINS_5ValueEEES6_Lj17ELb0EEEEES6_Lj15ELb1EEEE5matchIS5_EEbPT_ round 0,18,40,15,15,16,15.944444444444445,"[16,16,16,16,16,16,16,16,16,16,15,16,16,16,16,16,16,16]",287,10000
201-instcombine-oneuse-match-match-n16-d16.pbqp,2a5d8511e53f81b917456e523b44bc26fe67d6745d996fd0dcd283b0365fbfc4,# /tmp/pcaa-corpus-ll/InstCombineAddSub.ll._ZNK4llvm12PatternMatch12OneUse_matchINS0_14BinaryOp_matchINS_19PatternMatchHelpers10match_bindINS_5ValueEEENS0_14cstval_pred_tyINS0_11is_all_onesENS_11ConstantIntELb1EEELj14ELb0EEEE5matchIS5_EEbPT_ round 0,16,34,12,7,16,14.125,"[16,16,7,15,7,7,15,16,16,16,16,15,16,16,16,16]",226,4931
202-instcombine-oneuse-match-match-n13-d16.pbqp,1d58769bcf57f264d1f8e97c61e1077f34d68a11525eaee6c77ab183ed283f98,# /tmp/pcaa-corpus-ll/InstCombineAddSub.ll._ZNK4llvm12PatternMatch12OneUse_matchINS0_14BinaryOp_matchINS_19PatternMatchHelpers10match_bindINS_5ValueEEENS0_17specific_intval64ILb1EEELj28ELb0EEEE5matchIS5_EEbPT_ round 0,13,24,8,7,16,13.153846153846153,"[16,16,16,7,7,15,16,16,16,16,7,16,7]",171,3101
203-instcombine-binaryop-match-match-n49-d16.pbqp,c152e8f14a3b9e2b4206dc7f57cf683fb2681b3ce4435b9c96177932f0cfc3d3,# /tmp/pcaa-corpus-ll/InstCombineAddSub.ll._ZNK4llvm12PatternMatch14BinaryOp_matchINS0_12OneUse_matchINS0_22SpecificBinaryOp_matchINS_19PatternMatchHelpers10match_bindINS_5ValueEEENS4_14match_deferredIS6_EELb0EEEEENS2_INS3_INS3_INS3_IS9_NS0_17specific_intval64ILb0EEELb0EEES7_Lb1EEES9_Lb1EEEEELj0ELb1EE5matchINS_14BinaryOperatorEEEbjPT_ round 0,49,139,46,7,16,14.63265306122449,"[16,16,16,7,7,16,16,16,16,7,7,16,7,7,16,15,16,16,16,16,16,16,16,16,14,15,16,16,15,16,16,16,16,16,16,16,16,16,16,14,15,16,16,15,16,16,16,14,14]",717,18317
204-instcombine-binaryop-match-match-n45-d16.pbqp,5c7c46d8f2a70506ce6a297892a19cbaf8e6ceaacf86b208dae7af30ad3dca43,# /tmp/pcaa-corpus-ll/InstCombineAddSub.ll._ZNK4llvm12PatternMatch14BinaryOp_matchINS0_12OneUse_matchINS0_22SpecificBinaryOp_matchINS_19PatternMatchHelpers10match_bindINS_5ValueEEENS4_14match_deferredIS6_EELb0EEEEENS2_INS3_INS3_INS3_IS9_NS0_14specific_fpvalELb0EEES7_Lb1EEES9_Lb1EEEEELj0ELb1EE5matchINS_14BinaryOperatorEEEbjPT_ round 0,45,121,42,7,16,14.688888888888888,"[16,16,16,7,7,16,16,16,16,7,7,16,7,7,16,15,16,16,16,16,16,16,16,16,15,16,16,16,16,16,16,16,16,16,16,16,16,15,16,16,16,16,16,15,15]",661,16137
205-instcombine-binaryop-match-match-n17-d16.pbqp,322b006518f0eddec6b6f1f20a8278640fbd533ac58af22d6935ec07fc7f5591,# /tmp/pcaa-corpus-ll/InstCombineAddSub.ll._ZNK4llvm12PatternMatch14BinaryOp_matchINS0_12OneUse_matchINS1_INS0_10FNeg_matchINS_19PatternMatchHelpers10match_bindINS_5ValueEEEEES7_Lj22ELb0EEEEES7_Lj15ELb1EE5matchINS_14BinaryOperatorEEEbPT_ round 0,17,36,14,7,16,13.764705882352942,"[7,16,16,7,16,16,7,7,16,15,16,16,15,16,16,16,16]",234,4107
206-instcombine-binaryop-match-match-n21-d16.pbqp,8eb73e8fb1dc7f231ef6954be47a380e3522fe7a29e22c202c948028b569cb3c,# /tmp/pcaa-corpus-ll/InstCombineAddSub.ll._ZNK4llvm12PatternMatch14BinaryOp_matchINS0_12OneUse_matchINS1_INS0_10FNeg_matchINS_19PatternMatchHelpers10match_bindINS_5ValueEEEEES7_Lj19ELb1EEEEES7_Lj15ELb1EE5matchINS_14BinaryOperatorEEEbjPT_ round 0,21,51,18,7,16,14.047619047619047,"[7,16,7,16,7,7,16,15,16,15,16,16,16,15,16,16,16,16,15,15,16]",295,6083
207-instcombine-binaryop-match-match-n18-d16.pbqp,deee377645e410906166bd04e61add396cf1a0010c9800ff06d68edcd2e78d63,# /tmp/pcaa-corpus-ll/InstCombineAddSub.ll._ZNK4llvm12PatternMatch14BinaryOp_matchINS0_12OneUse_matchINS1_INS0_14cstval_pred_tyINS0_11is_zero_intENS_11ConstantIntELb1EEENS_19PatternMatchHelpers10match_bindINS_5ValueEEELj16ELb0EEEEESA_Lj26ELb0EE5matchIS9_EEbPT_ round 0,18,54,15,7,16,13.5,"[7,16,7,16,7,16,16,16,7,7,16,16,16,16,16,16,16,16]",243,6282
208-instcombine-binaryop-match-match-n28-d16.pbqp,c1b114e8defb59a20fad9f7f565cccfac7c7e83d2f25be50356aa831f6a62c8b,# /tmp/pcaa-corpus-ll/InstCombineAddSub.ll._ZNK4llvm12PatternMatch14BinaryOp_matchINS0_12OneUse_matchINS1_INS0_14cstval_pred_tyINS0_6is_oneENS_11ConstantIntELb1EEENS_19PatternMatchHelpers10match_bindINS_5ValueEEELj26ELb0EEEEENS3_INS0_11is_all_onesES5_Lb1EEELj14ELb0EE5matchINS_14BinaryOperatorEEEbjPT_ round 0,28,83,24,7,16,13.642857142857142,"[7,16,7,16,16,16,7,7,15,7,7,16,15,16,16,16,7,16,16,16,16,16,15,16,16,16,16,16]",382,10102
209-instcombine-binaryop-match-match-n15-d16.pbqp,3c3b39fcf3fef2cbe95fd3becc41d5ee3da0a2bad1caf444b8bdfc2a48b98398,# /tmp/pcaa-corpus-ll/InstCombineAddSub.ll._ZNK4llvm12PatternMatch14BinaryOp_matchINS0_12OneUse_matchINS1_INS1_INS_19PatternMatchHelpers10match_bindINS_5ValueEEENS0_14cstval_pred_tyINS0_11is_all_onesENS_11ConstantIntELb1EEELj14ELb0EEENS0_11api_pred_tyINS0_14is_lowbit_maskEEELj30ELb0EEEEENS7_INS0_6is_oneES9_Lb1EEELj14ELb0EE5matchINS_14BinaryOperatorEEEbPT_ round 0,15,30,11,7,16,13.533333333333333,"[15,16,7,7,16,16,7,16,16,16,16,7,16,16,16]",203,3942
210-instcombine-binaryop-match-match-n19-d16.pbqp,e575399b0e4252a1df27db5b25d51acf7e167215ceacb7049db0eee2eb263397,# /tmp/pcaa-corpus-ll/InstCombineAddSub.ll._ZNK4llvm12PatternMatch14BinaryOp_matchINS0_12OneUse_matchINS1_INS_19PatternMatchHelpers10match_bindINS_5ValueEEENS0_10FNeg_matchIS6_EELj22ELb0EEEEES6_Lj15ELb1EE5matchINS_14BinaryOperatorEEEbPT_ round 0,19,44,16,7,16,14.947368421052632,"[16,16,16,16,16,16,7,7,16,16,16,15,16,16,16,15,16,16,16]",284,6677
211-instcombine-binaryop-match-match-n19-d16.pbqp,b2598a005782209f4af42b7214121032fdaf3b5959b2ac21b20cc2eeed0e2936,# /tmp/pcaa-corpus-ll/InstCombineAddSub.ll._ZNK4llvm12PatternMatch14BinaryOp_matchINS0_12OneUse_matchINS1_INS_19PatternMatchHelpers10match_bindINS_5ValueEEENS0_11api_pred_tyINS0_17is_negated_power2EEELj18ELb0EEEEES6_Lj14ELb1EE5matchINS_14BinaryOperatorEEEbPT_ round 0,19,44,16,7,16,14.947368421052632,"[16,16,16,16,16,16,7,7,16,16,16,15,16,16,16,15,16,16,16]",284,6677
212-instcombine-binaryop-match-match-n29-d16.pbqp,011c3e761ecfa3a5701e921f95345d8f489e7db89a10149d3a1643471cfc2bb9,# /tmp/pcaa-corpus-ll/InstCombineAddSub.ll._ZNK4llvm12PatternMatch14BinaryOp_matchINS0_12OneUse_matchINS1_INS_19PatternMatchHelpers10match_bindINS_5ValueEEENS2_INS1_INS0_14specific_fpvalES6_Lj17ELb0EEEEELj19ELb1EEEEENS2_INS1_IS6_NS3_14match_deferredIS5_EELj19ELb1EEEEELj15ELb1EE5matchINS_14BinaryOperatorEEEbjPT_ round 0,29,66,26,7,16,15.275862068965518,"[15,16,16,16,16,15,16,16,16,16,7,7,16,15,16,16,16,16,16,16,16,16,16,16,16,16,16,16,16]",443,10551
213-instcombine-binaryop-match-match-n16-d16.pbqp,ac569f439e25102c08dea6d98752b3d1414d6283cc294c732a04bbc635a44ba3,# /tmp/pcaa-corpus-ll/InstCombineAddSub.ll._ZNK4llvm12PatternMatch14BinaryOp_matchINS0_12OneUse_matchINS1_INS_19PatternMatchHelpers10match_bindINS_5ValueEEENS2_INS1_INS0_14cstval_pred_tyINS0_11is_zero_intENS_11ConstantIntELb1EEENS3_14match_deferredIS5_EELj16ELb0EEEEELj29ELb1EEEEENS7_INS0_11is_all_onesES9_Lb1EEELj14ELb0EE5matchINS_14BinaryOperatorEEEbPT_ round 0,16,34,12,7,16,13.5,"[14,16,7,7,15,7,7,16,16,16,16,15,16,16,16,16]",216,4431
214-instcombine-binaryop-match-match-n17-d16.pbqp,b2d48ba299bfae85a951dbf3dc4effb802535c4683190088ac30f5f31c829aa4,# /tmp/pcaa-corpus-ll/InstCombineAddSub.ll._ZNK4llvm12PatternMatch14BinaryOp_matchINS0_12OneUse_matchINS_19PatternMatchHelpers16match_combine_orIJNS0_14CastInst_matchINS2_INS3_17match_combine_andIJNS0_17IntrinsicID_matchENS0_14Argument_matchINS3_14match_deferredINS_5ValueEEEEENS8_INS0_14cstval_pred_tyINS0_6is_oneENS_11ConstantIntELb1EEEEEEEEEENS_9TruncInstEEESJ_EEEEENS0_8ap_matchINS_5APIntEEELj31ELb0EE5matchISA_EEbPT_ round 0,17,41,15,7,16,14.294117647058824,"[7,16,16,15,16,16,16,7,7,16,16,16,16,16,15,16,16]",243,6055
215-instcombine-binaryop-match-match-n41-d16.pbqp,9225aa5269354ea237bd996b078e97138d95a031ccae01c114a7bb9df84f5236,# /tmp/pcaa-corpus-ll/InstCombineAddSub.ll._ZNK4llvm12PatternMatch14BinaryOp_matchINS0_12OneUse_matchINS_19PatternMatchHelpers16match_combine_orIJNS0_14CastInst_matchINS2_INS1_INS3_10match_bindINS_5ValueEEES8_Lj20ELb0EEEEENS_8ZExtInstEEESA_EEEEENS2_INS5_INS2_INS0_22SpecificCmpClass_matchINS2_INS1_INS3_14match_deferredIS7_EESH_Lj23ELb0EEEEENS0_7is_zeroENS_8ICmpInstELb0EEEEESB_EEEELj14ELb1EE5matchINS_14BinaryOperatorEEEbjPT_ round 0,41,108,40,7,16,15.268292682926829,"[16,16,16,16,16,16,16,16,16,15,16,16,16,16,16,16,16,16,16,7,15,16,7,7,16,15,16,16,16,16,16,16,16,16,16,16,16,16,16,16,16]",626,16328
216-instcombine-binaryop-match-match-n15-d16.pbqp,01a27dfb0dfb505899807b9dd8c6e905145433eb837e66cdba16dac64019ccad,# /tmp/pcaa-corpus-ll/InstCombineAddSub.ll._ZNK4llvm12PatternMatch14BinaryOp_matchINS0_12OneUse_matchINS_19PatternMatchHelpers17match_combine_andIJNS0_17IntrinsicID_matchENS0_14Argument_matchINS0_14cstval_pred_tyINS0_14is_any_zero_fpENS_10ConstantFPELb1EEEEENS6_INS3_10match_bindINS_5ValueEEEEEEEEEESE_Lj15ELb1EE5matchINS_14BinaryOperatorEEEbPT_ round 0,15,30,12,7,16,14.666666666666666,"[15,16,16,15,16,16,7,7,16,16,16,16,16,16,16]",220,4181
217-instcombine-binaryop-match-match-n51-d16.pbqp,76629f4052e6f5895c8581713c3d2d06d786eba6ccfbd4ce382001d8e844177e,# /tmp/pcaa-corpus-ll/InstCombineAddSub.ll._ZNK4llvm12PatternMatch14BinaryOp_matchINS0_14CastInst_matchINS0_14CmpClass_matchINS_19PatternMatchHelpers10match_bindINS_5ValueEEES7_NS_8ICmpInstELb1EEENS_8SExtInstEEENS2_INS3_INS4_14match_deferredIS6_EESD_S8_Lb1EEENS_8ZExtInstEEELj14ELb1EE5matchINS_14BinaryOperatorEEEbjPT_ round 0,51,151,47,7,16,15.450980392156863,"[16,16,16,16,16,16,16,16,16,16,16,16,16,16,16,16,16,7,16,16,16,7,7,16,15,16,16,16,16,16,16,16,16,16,16,16,16,16,16,16,16,16,16,16,16,16,16,16,16,16,16]",788,25252
218-instcombine-binaryop-match-match-n28-d16.pbqp,0ebcaadf32fe070d2ff84304f4fdcf7a9c2552b9f50c8e195741a8b930be2cf2,# /tmp/pcaa-corpus-ll/InstCombineAddSub.ll._ZNK4llvm12PatternMatch14BinaryOp_matchINS0_14CastInst_matchINS0_14CmpClass_matchINS_19PatternMatchHelpers17match_combine_andIJNS0_17IntrinsicID_matchENS0_14Argument_matchINS4_10match_bindINS_5ValueEEEEEEEENS0_14cstval_pred_tyINS0_6is_oneENS_11ConstantIntELb1EEENS_8ICmpInstELb0EEENS_8ZExtInstEEENS0_12OneUse_matchINS4_16match_combine_orIJNS2_INSL_INS1_INSL_INSM_IJNS2_INSL_INS5_IJS6_NS7_INS4_14match_deferredIS9_EEEENS7_ISG_EEEEEEENS_9TruncInstEEESS_EEEEENS0_8ap_matchINS_5APIntEEELj31ELb0EEEEESJ_EES11_EEEEELj14ELb1EE5matchINS_14BinaryOperatorEEEbjPT_ round 0,28,68,26,7,16,14.535714285714286,"[16,7,16,16,15,16,16,16,7,16,16,15,16,16,7,7,16,15,15,16,16,16,16,15,16,16,16,16]",407,8503
219-instcombine-binaryop-match-match-n15-d16.pbqp,cd56ea94ba0c080b4343047895327f0f8eef1080b34adce087fb3f8a15185ae1,# /tmp/pcaa-corpus-ll/InstCombineAddSub.ll._ZNK4llvm12PatternMatch14BinaryOp_matchINS0_14CastInst_matchINS0_22SpecificCmpClass_matchINS1_INS_19PatternMatchHelpers10match_bindINS_5ValueEEENS0_11api_pred_tyINS0_14is_lowbit_maskEEELj29ELb0EEENS0_14cstval_pred_tyINS0_11is_zero_intENS_11ConstantIntELb1EEENS_8ICmpInstELb0EEENS_8ZExtInstEEENS0_12OneUse_matchINS4_16match_combine_orIJNS2_INSK_INS1_INS4_14match_deferredIS6_EENS0_8ap_matchINS_5APIntEEELj27ELb0EEEEESI_EESS_EEEEELj14ELb1EE5matchINS_14BinaryOperatorEEEbPT_ round 0,15,29,14,7,16,14.533333333333333,"[16,16,15,16,16,15,16,7,7,16,15,16,16,15,16]",218,3664
220-instcombine-binaryop-match-match-n45-d16.pbqp,d36554f4b4db4a683412ed56347eba91c81241050514b0ddd3d8e65be96ed637,# /tmp/pcaa-corpus-ll/InstCombineAddSub.ll._ZNK4llvm12PatternMatch14BinaryOp_matchINS0_14cstval_pred_tyINS0_11is_all_onesENS_11ConstantIntELb1EEENS0_12OneUse_matchINS1_INS_19PatternMatchHelpers10match_bindINS_5ValueEEENS0_8ap_matchINS_5APIntEEELj18ELb0EEEEELj31ELb1EE5matchIS9_EEbjPT_ round 0,45,132,42,7,16,14.644444444444444,"[7,15,7,16,16,16,16,7,15,7,16,16,16,16,7,7,16,15,16,16,16,15,16,16,16,16,15,16,16,16,16,15,16,16,16,16,16,15,16,16,16,16,16,16,16]",659,18874
221-instcombine-binaryop-match-match-n27-d16.pbqp,ce41079c88300f9c01ece08fecefaa6be9a2c5864fb4b3a34fa4a995f46494fb,# /tmp/pcaa-corpus-ll/InstCombineAddSub.ll._ZNK4llvm12PatternMatch14BinaryOp_matchINS0_14cstval_pred_tyINS0_11is_all_onesENS_11ConstantIntELb1EEENS_19PatternMatchHelpers10match_bindINS_5ValueEEELj31ELb1EE5matchIS8_EEbjPT_ round 0,27,83,24,7,16,13.814814814814815,"[7,15,7,7,15,7,7,7,16,15,16,16,16,16,15,16,16,16,16,15,16,16,16,16,16,16,16]",373,10127
222-instcombine-binaryop-match-match-n33-d16.pbqp,77ffc5450a3cd86e7b576421494ee9663607b3b43254667858117904b4efa6c9,# /tmp/pcaa-corpus-ll/InstCombineAddSub.ll._ZNK4llvm12PatternMatch14BinaryOp_matchINS0_14specificval_tyENS0_12OneUse_matchINS1_INS0_14cstval_pred_tyINS0_11is_zero_intENS_11ConstantIntELb1EEENS_19PatternMatchHelpers10match_bindINS_5ValueEEELj16ELb0EEEEELj29ELb1EE5matchISA_EEbjPT_ round 0,33,113,30,7,16,13.242424242424242,"[7,7,16,7,16,7,16,7,7,16,7,16,7,16,7,7,16,15,16,16,16,16,16,16,16,16,16,16,16,16,16,16,16]",437,12491
223-instcombine-binaryop-match-match-n16-d16.pbqp,cdf2d06d633b51dd9e1605e54bc3ddf484ddb13e5ae68ccc0f67ef2a28f5c701,# /tmp/pcaa-corpus-ll/InstCombineAddSub.ll._ZNK4llvm12PatternMatch14BinaryOp_matchINS0_14specificval_tyENS0_19bind_immconstant_tyELj29ELb0EE5matchINS_5ValueEEEbPT_ round 0,16,28,13,7,16,14.5,"[7,16,15,7,15,16,16,16,14,16,16,16,16,14,16,16]",232,3494
224-instcombine-binaryop-match-match-n14-d16.pbqp,7d26e4e5a42b614534fdb38db45f7725f9d856c237a5202233f3cb213d0f65bc,# /tmp/pcaa-corpus-ll/InstCombineAddSub.ll._ZNK4llvm12PatternMatch14BinaryOp_matchINS0_17specific_intval64ILb0EEENS_19PatternMatchHelpers16match_combine_orIJNS0_14CastInst_matchINS4_10match_bindINS_5ValueEEENS_8ZExtInstEEES9_EEELj16ELb0EE5matchINS_11InstructionEEEbPT_ round 0,14,36,11,7,16,12.142857142857142,"[16,7,7,16,16,7,7,16,16,7,16,7,16,16]",170,3789
225-instcombine-binaryop-match-match-n14-d16.pbqp,9fa4a36ba81e08fb23b1f65ce79cdf67b46e5d851eba446effabeb3cc2cff3c7,# /tmp/pcaa-corpus-ll/InstCombineAddSub.ll._ZNK4llvm12PatternMatch14BinaryOp_matchINS0_17specific_intval64ILb0EEENS_19PatternMatchHelpers16match_combine_orIJNS0_14CastInst_matchINS4_10match_bindINS_5ValueEEENS_8ZExtInstEEES9_EEELj16ELb0EE5matchIS8_EEbPT_ round 0,14,36,11,7,16,12.142857142857142,"[16,7,7,16,16,7,7,16,16,7,16,7,16,16]",170,3789
226-instcombine-binaryop-match-match-n17-d16.pbqp,e5940e9d02aebe8fe06e4633ca9bde3af9d4dc99a36730ce47c600ffe257ef61,# /tmp/pcaa-corpus-ll/InstCombineAddSub.ll._ZNK4llvm12PatternMatch14BinaryOp_matchINS0_19bind_immconstant_tyENS_19PatternMatchHelpers10match_bindINS_5ValueEEELj16ELb0EE5matchIS5_EEbPT_ round 0,17,41,14,7,16,14.117647058823529,"[7,16,15,16,7,7,16,16,14,16,16,16,16,14,16,16,16]",240,4812
227-instcombine-binaryop-match-match-n31-d16.pbqp,a51fa0dd546a5848cd7bdbd27df1f224276f57a2e406dd1de57cde8f2bc2f775,# /tmp/pcaa-corpus-ll/InstCombineAddSub.ll._ZNK4llvm12PatternMatch14BinaryOp_matchINS0_22SpecificBinaryOp_matchINS_19PatternMatchHelpers10match_bindINS_5ValueEEENS0_17specific_intval64ILb0EEELb0EEES6_Lj0ELb1EE5matchIS5_EEbjPT_ round 0,31,95,29,7,16,13.35483870967742,"[16,16,16,7,16,16,16,7,7,7,7,16,15,16,16,16,16,16,16,7,16,16,16,16,16,7,16,7,16,7,16]",414,11528
228-instcombine-binaryop-match-match-n31-d16.pbqp,f4636a02c4d2091fad2ff305bb8b146cd6eaf1e124ba46ca88d13d0a8a5b237a,# /tmp/pcaa-corpus-ll/InstCombineAddSub.ll._ZNK4llvm12PatternMatch14BinaryOp_matchINS0_22SpecificBinaryOp_matchINS_19PatternMatchHelpers14match_deferredINS_5ValueEEENS0_17specific_intval64ILb0EEELb0EEENS3_10match_bindIS5_EELj0ELb1EE5matchIS5_EEbjPT_ round 0,31,95,29,7,16,13.35483870967742,"[16,16,7,16,16,7,7,7,7,16,15,16,16,16,16,16,16,16,7,16,16,16,16,16,16,7,16,7,16,7,16]",414,11528
229-instcombine-binaryop-match-match-n29-d16.pbqp,57be30c79ce467c7884f2954464eeac81beedcfbab34df34165e43769281ca8a,# /tmp/pcaa-corpus-ll/InstCombineAddSub.ll._ZNK4llvm12PatternMatch14BinaryOp_matchINS1_INS0_10FNeg_matchINS_19PatternMatchHelpers10match_bindINS_5ValueEEEEES6_Lj17ELb0EEENS1_INS3_14match_deferredIS5_EES6_Lj15ELb1EEELj15ELb1EE5matchINS_14BinaryOperatorEEEbjPT_ round 0,29,73,26,7,16,14.655172413793103,"[7,16,16,16,16,7,16,16,16,16,7,7,16,15,16,15,16,16,16,16,16,15,16,16,16,16,16,16,16]",425,11245
230-instcombine-binaryop-match-match-n17-d16.pbqp,ec8b921b261621708dd9338372350b7186fdf200b81c1b326f20fd07ab0e2a9a,# /tmp/pcaa-corpus-ll/InstCombineAddSub.ll._ZNK4llvm12PatternMatch14BinaryOp_matchINS1_INS0_14cstval_pred_tyINS0_11is_zero_intENS_11ConstantIntELb1EEENS_19PatternMatchHelpers10match_bindINS_5ValueEEELj16ELb0EEENS0_11api_pred_tyINS0_14is_lowbit_maskEEELj29ELb0EE5matchIS8_EEbPT_ round 0,17,51,14,7,16,13.294117647058824,"[7,7,16,7,16,16,7,16,16,16,16,16,7,15,16,16,16]",226,5939
231-instcombine-binaryop-match-match-n33-d16.pbqp,fec43414103c3edef238e578cb8f418f25a2fc5a96623c938c6aa8833c81e6fb,# /tmp/pcaa-corpus-ll/InstCombineAddSub.ll._ZNK4llvm12PatternMatch14BinaryOp_matchINS1_INS0_14cstval_pred_tyINS0_11is_zero_intENS_11ConstantIntELb1EEENS_19PatternMatchHelpers14match_deferredINS_5ValueEEELj16ELb0EEES9_Lj30ELb1EE5matchIS8_EEbjPT_ round 0,33,109,30,7,16,13.787878787878787,"[7,7,16,7,16,7,7,16,7,16,7,7,16,15,16,16,16,16,16,16,16,16,16,16,16,16,16,16,16,16,16,16,16]",455,12853
232-instcombine-binaryop-match-match-n26-d16.pbqp,84bd58e0a9b58559b976a4e3978e5576d37c08a85665d389b1b0789063b00dc2,# /tmp/pcaa-corpus-ll/InstCombineAddSub.ll._ZNK4llvm12PatternMatch14BinaryOp_matchINS1_INS0_14specificval_tyENS0_17specific_intval64ILb0EEELj27ELb0EEENS_19PatternMatchHelpers16match_combine_orIJS2_S2_EEELj18ELb1EE5matchINS_5ValueEEEbjPT_ round 0,26,77,25,7,16,12.846153846153847,"[16,16,7,16,16,7,7,7,7,16,15,16,16,16,16,7,16,16,16,16,7,16,7,16,16,7]",334,8072
233-instcombine-binaryop-match-match-n17-d16.pbqp,e40ff9be99f5220a1966a1c2b7c89591ea38982e16b2d9166ee4d94062ba8fb3,# /tmp/pcaa-corpus-ll/InstCombineAddSub.ll._ZNK4llvm12PatternMatch14BinaryOp_matchINS1_INS0_14specificval_tyENS0_8ap_matchINS_5APIntEEELj21ELb0EEES5_Lj26ELb0EE5matchINS_5ValueEEEbPT_ round 0,17,45,15,7,16,14.823529411764707,"[16,16,16,7,7,16,16,16,16,15,16,16,16,15,16,16,16]",252,7948
234-instcombine-binaryop-match-match-n19-d16.pbqp,8b2ef9e426fcff789f4624ab3c980e07f44362c3e4bd9031339d071b238dbca0,# /tmp/pcaa-corpus-ll/InstCombineAddSub.ll._ZNK4llvm12PatternMatch14BinaryOp_matchINS1_INS_19PatternMatchHelpers10match_bindINS_5ValueEEENS0_14cstval_pred_tyINS0_11is_all_onesENS_11ConstantIntELb1EEELj14ELb0EEENS0_11api_pred_tyINS0_14is_lowbit_maskEEELj30ELb0EE5matchIS4_EEbPT_ round 0,19,60,16,7,16,13.473684210526315,"[16,16,7,7,15,7,7,16,16,16,16,15,16,7,15,16,16,16,16]",256,7278
235-instcombine-binaryop-match-match-n35-d16.pbqp,9fc8424fb5c7da3ff3de964f979821af9ea4f3b287e0655205eaaa74c407c2c6,# /tmp/pcaa-corpus-ll/InstCombineAddSub.ll._ZNK4llvm12PatternMatch14BinaryOp_matchINS1_INS_19PatternMatchHelpers10match_bindINS_5ValueEEENS0_17specific_intval64ILb0EEELj26ELb0EEENS0_12OneUse_matchINS1_IS5_S5_Lj18ELb0EEEEELj14ELb1EE5matchINS_14BinaryOperatorEEEbjPT_ round 0,35,101,33,7,16,13.657142857142857,"[16,16,16,7,16,16,16,16,16,16,7,7,16,16,16,7,7,16,15,16,16,16,16,7,16,16,16,16,7,16,7,16,16,7,16]",478,12488
236-instcombine-binaryop-match-match-n18-d16.pbqp,4cb83478435419665e1823f6bda1f3dd72f3ea16c4eee773246b30ec76f8479d,# /tmp/pcaa-corpus-ll/InstCombineAddSub.ll._ZNK4llvm12PatternMatch14BinaryOp_matchINS1_INS_19PatternMatchHelpers10match_bindINS_5ValueEEENS0_8ap_matchINS_5APIntEEELj26ELb0EEES8_Lj28ELb0EE5matchIS4_EEbPT_ round 0,18,49,16,7,16,14.88888888888889,"[16,16,16,16,7,7,16,16,16,16,15,16,16,16,15,16,16,16]",268,8684
237-instcombine-binaryop-match-match-n27-d16.pbqp,59d21d6aa8be09826705dd81c22d16cf7f95be83881e2d731b84490176805f8d,# /tmp/pcaa-corpus-ll/InstCombineAddSub.ll._ZNK4llvm12PatternMatch14BinaryOp_matchINS1_INS_19PatternMatchHelpers10match_bindINS_5ValueEEENS0_8ap_matchINS_5APIntEEELj29ELb0EEENS2_14match_deferredIS4_EELj14ELb1EE5matchINS_14BinaryOperatorEEEbjPT_ round 0,27,73,25,7,16,15.222222222222221,"[16,16,16,16,16,16,7,7,16,15,16,16,16,15,16,16,16,16,16,16,16,15,16,16,16,16,16]",411,11623
238-instcombine-binaryop-match-match-n19-d16.pbqp,3da49bdbaf032b95c9492ddb6addd1e4f39815bf16180a5d48b910e7c8a0d38c,# /tmp/pcaa-corpus-ll/InstCombineAddSub.ll._ZNK4llvm12PatternMatch14BinaryOp_matchINS_19PatternMatchHelpers10match_bindINS_5ValueEEENS0_12OneUse_matchINS1_INS0_14specific_fpvalES5_Lj17ELb0EEEEELj19ELb1EE5matchIS4_EEbPT_ round 0,19,39,16,7,16,14.0,"[16,16,7,16,16,16,7,16,7,7,16,16,15,16,16,15,16,16,16]",266,4769
239-instcombine-binaryop-match-match-n37-d16.pbqp,d5e65d1f6235ab9e9190f2e386f52cacf421ff395653e00f21120cd28c828d51,# /tmp/pcaa-corpus-ll/InstCombineAddSub.ll._ZNK4llvm12PatternMatch14BinaryOp_matchINS_19PatternMatchHelpers10match_bindINS_5ValueEEENS0_12OneUse_matchINS1_INS0_14cstval_pred_tyINS0_11is_zero_intENS_11ConstantIntELb1EEENS2_14match_deferredIS4_EELj16ELb0EEEEELj29ELb1EE5matchIS4_EEbjPT_ round 0,37,123,34,7,16,13.54054054054054,"[16,7,7,16,7,16,7,16,16,7,7,16,7,16,7,16,7,7,16,15,16,16,16,16,16,16,16,16,16,16,16,16,16,16,16,16,16]",501,14043
240-instcombine-binaryop-match-match-n20-d16.pbqp,85e9118b565b6ff1f6989d1ed4674980a6b09cf6003d11822eb9a701ade69222,# /tmp/pcaa-corpus-ll/InstCombineAddSub.ll._ZNK4llvm12PatternMatch14BinaryOp_matchINS_19PatternMatchHelpers10match_bindINS_5ValueEEENS0_15specific_intvalILb0EEELj29ELb1EE5matchIS4_EEbjPT_ round 0,20,49,18,7,16,14.5,"[16,16,16,16,7,7,16,15,16,16,16,15,16,16,16,16,7,15,16,16]",290,7095
241-instcombine-binaryop-match-match-n17-d16.pbqp,15b87c0911e10a87f7636a8092707c4abb999de79f77215daa65e54217c18cea,# /tmp/pcaa-corpus-ll/InstCombineAddSub.ll._ZNK4llvm12PatternMatch14BinaryOp_matchINS_19PatternMatchHelpers10match_bindINS_5ValueEEENS0_19bind_immconstant_tyELj14ELb0EE5matchIS4_EEbPT_ round 0,17,31,14,7,16,14.588235294117647,"[16,7,16,15,7,15,16,16,16,14,16,16,16,16,14,16,16]",248,4102
242-instcombine-binaryop-match-match-n17-d16.pbqp,58864fafc94c4923366ce0e829f5da804ad19891a446a1644a46a5e6eb7c0337,# /tmp/pcaa-corpus-ll/InstCombineAddSub.ll._ZNK4llvm12PatternMatch14BinaryOp_matchINS_19PatternMatchHelpers10match_bindINS_5ValueEEENS0_19bind_immconstant_tyELj19ELb0EE5matchIS4_EEbPT_ round 0,17,31,14,7,16,14.588235294117647,"[16,7,16,15,7,15,16,16,16,14,16,16,16,16,14,16,16]",248,4102
243-instcombine-binaryop-match-match-n17-d16.pbqp,7dfa36054872594e52d1fa27eff921da2325fa21f12a5727beb7216174b6635a,# /tmp/pcaa-corpus-ll/InstCombineAddSub.ll._ZNK4llvm12PatternMatch14BinaryOp_matchINS_19PatternMatchHelpers10match_bindINS_5ValueEEENS0_19bind_immconstant_tyELj29ELb0EE5matchIS4_EEbPT_ round 0,17,31,14,7,16,14.588235294117647,"[16,7,16,15,7,15,16,16,16,14,16,16,16,16,14,16,16]",248,4102
244-instcombine-binaryop-match-match-n19-d16.pbqp,9d172a85e9431418f2d0b3d6b96904c14c5c29f4449c4e3a8a5fbffb8d0dd989,# /tmp/pcaa-corpus-ll/InstCombineAddSub.ll._ZNK4llvm12PatternMatch14BinaryOp_matchINS_19PatternMatchHelpers10match_bindINS_5ValueEEENS0_8ap_matchINS_5APIntEEELj14ELb1EE5matchIS4_EEbPT_ round 0,19,43,16,7,16,14.947368421052632,"[16,16,16,16,7,7,16,16,16,15,16,16,16,16,16,15,16,16,16]",284,7292
245-instcombine-binaryop-match-match-n31-d16.pbqp,0ddb3e00db67b5186bb9abdc14b9ad45737bec9026fb2d188f7b3dfeabcf049a,# /tmp/pcaa-corpus-ll/InstCombineAddSub.ll._ZNK4llvm12PatternMatch14BinaryOp_matchINS_19PatternMatchHelpers10match_bindINS_5ValueEEENS2_17match_combine_andIJNS2_16match_combine_orIJNS0_14CastInst_matchINS6_IJNS0_22SpecificCmpClass_matchINS2_14match_deferredIS4_EENS0_19bind_immconstant_tyENS_8ICmpInstELb0EEES5_EEENS_8ZExtInstEEENS8_ISF_NS_8SExtInstEEEEEES5_EEELj14ELb1EE5matchINS_14BinaryOperatorEEEbjPT_ round 0,31,80,28,7,16,13.64516129032258,"[16,7,7,7,16,7,7,7,7,7,16,15,16,16,16,16,16,16,16,16,16,16,16,16,16,16,16,16,16,16,16]",423,8624
246-instcombine-binaryop-match-match-n24-d16.pbqp,8b71c5d217d917bf03fc22e41958d6c10726271a3200446a4a2ca072751dc0fd,# /tmp/pcaa-corpus-ll/InstCombineAddSub.ll._ZNK4llvm12PatternMatch14BinaryOp_matchINS_19PatternMatchHelpers16match_combine_orIJNS0_12OneUse_matchINS0_22SpecificBinaryOp_matchINS5_INS2_10match_bindINS_5ValueEEES8_Lb0EEENS0_17specific_intval64ILb0EEELb0EEEEENS4_INS5_INS5_IS8_SB_Lb0EEES8_Lb1EEEEEEEENS4_INS5_INS5_INS2_14match_deferredIS7_EESJ_Lb0EEESK_Lb1EEEEELj0ELb1EE5matchINS_14BinaryOperatorEEEbjPT_ round 0,24,69,23,7,16,13.916666666666666,"[7,7,16,16,16,15,16,7,16,16,15,16,7,7,16,15,16,16,15,16,16,16,15,16]",334,7726
247-instcombine-binaryop-match-match-n43-d16.pbqp,13e3b10bf876d350e96015a4c287713a066888985399edb8448c9491f567c633,# /tmp/pcaa-corpus-ll/InstCombineAddSub.ll._ZNK4llvm12PatternMatch14BinaryOp_matchINS_19PatternMatchHelpers16match_combine_orIJNS0_12OneUse_matchINS0_22SpecificBinaryOp_matchINS5_INS2_10match_bindINS_5ValueEEES8_Lb0EEENS0_14specific_fpvalELb0EEEEENS4_INS5_INS5_IS8_SA_Lb0EEES8_Lb1EEEEEEEENS4_INS5_INS5_INS2_14match_deferredIS7_EESI_Lb0EEESJ_Lb1EEEEELj0ELb1EE5matchINS_14BinaryOperatorEEEbjPT_ round 0,43,132,42,7,16,15.046511627906977,"[7,16,16,16,16,16,16,15,16,7,16,16,16,16,16,15,16,7,7,16,15,16,16,16,16,16,16,16,16,15,16,16,16,16,16,16,16,16,16,16,15,16,16]",647,17608
248-instcombine-binaryop-match-match-n49-d16.pbqp,136f2cf3459d5a95ab5c547a6611f2350a02a8e2fda3f37a33b392c0e64a0aed,# /tmp/pcaa-corpus-ll/InstCombineAddSub.ll._ZNK4llvm12PatternMatch14BinaryOp_matchINS_19PatternMatchHelpers17match_combine_andIJNS0_17IntrinsicID_matchENS0_14Argument_matchINS2_10match_bindINS_5ValueEEEEES9_EEENS0_32CommutativeBinaryIntrinsic_matchILj264ENS2_14match_deferredIS7_EESD_EELj15ELb1EE5matchINS_14BinaryOperatorEEEbjPT_ round 0,49,143,46,14,16,15.938775510204081,"[16,16,16,16,16,16,16,16,16,16,16,16,16,16,16,16,16,16,14,16,15,16,16,16,16,16,16,16,16,16,16,16,16,16,16,16,16,16,16,16,16,16,16,16,16,16,16,16,16]",781,35378
249-instcombine-castinst-match-match-n16-d16.pbqp,22fcf4c47fce4f3dc8778b50b1153d1dee950508bfe828c453fcb26a1355ede0,# /tmp/pcaa-corpus-ll/InstCombineAddSub.ll._ZNK4llvm12PatternMatch14CastInst_matchINS_19PatternMatchHelpers16match_combine_orIJNS0_25OverflowingBinaryOp_matchINS2_10match_bindINS_5ValueEEENS0_8ap_matchINS_5APIntEEELj14ELj1ELb0EEENS0_16DisjointOr_matchIS7_SA_Lb0EEEEEENS_8ZExtInstEE5matchIS6_EEbPT_ round 0,16,45,14,7,16,14.1875,"[7,7,16,16,7,15,16,16,16,16,16,16,15,16,16,16]",227,6807
250-instcombine-castinst-match-match-n19-d16.pbqp,9c2da017d61b62be3dbd3455eb38da31f8251a1cfe5f9a3b424d1b44af7ad74e,# /tmp/pcaa-corpus-ll/InstCombineAddSub.ll._ZNK4llvm12PatternMatch14CastInst_matchINS_19PatternMatchHelpers16match_combine_orIJNS0_25OverflowingBinaryOp_matchINS2_10match_bindINS_5ValueEEENS5_INS_8ConstantEEELj14ELj2ELb0EEENS0_16DisjointOr_matchIS7_S9_Lb0EEEEEENS_8SExtInstEE5matchIS6_EEbPT_ round 0,19,61,17,15,16,15.947368421052632,"[16,16,16,16,16,15,16,16,16,16,16,16,16,16,16,16,16,16,16]",303,15568
251-instcombine-castinst-match-match-n19-d16.pbqp,7464f4cd15cd9afc2ec7cdcac7bee9653a1460238f3784f8330fe4053887b60b,# /tmp/pcaa-corpus-ll/InstCombineAddSub.ll._ZNK4llvm12PatternMatch14CastInst_matchINS_19PatternMatchHelpers16match_combine_orIJNS0_25OverflowingBinaryOp_matchINS2_10match_bindINS_5ValueEEENS5_INS_8ConstantEEELj14ELj1ELb0EEENS0_16DisjointOr_matchIS7_S9_Lb0EEEEEENS_8ZExtInstEE5matchIS6_EEbPT_ round 0,19,61,17,15,16,15.947368421052632,"[16,16,16,16,16,15,16,16,16,16,16,16,16,16,16,16,16,16,16]",303,15568
252-instcombine-cmpclass-match-match-n19-d16.pbqp,4d5185d01091d70b1d22670f8ffb59f5aeff287c75889ebdb9ffbfa6a8e45e04,# /tmp/pcaa-corpus-ll/InstCombineAddSub.ll._ZNK4llvm12PatternMatch14CmpClass_matchINS0_14BinaryOp_matchINS0_14specificval_tyENS0_8ap_matchINS_5APIntEEELj29ELb0EEES6_NS_8ICmpInstELb0EE5matchINS_5ValueEEEbPT_ round 0,19,56,17,7,16,14.473684210526315,"[16,16,16,7,7,16,16,16,7,15,16,16,16,15,16,16,16,16,16]",275,8039
253-instcombine-cmpclass-match-match-n22-d16.pbqp,2f5ca93e4ac48fc03509ea3bb50c889778e5edc5a5bf3a91b4c012e3b1adb069,# /tmp/pcaa-corpus-ll/InstCombineAddSub.ll._ZNK4llvm12PatternMatch14CmpClass_matchINS_19PatternMatchHelpers17match_combine_andIJNS0_17IntrinsicID_matchENS0_14Argument_matchINS2_10match_bindINS_5ValueEEEEEEEENS0_14cstval_pred_tyINS0_6is_oneENS_11ConstantIntELb1EEENS_8ICmpInstELb0EE5matchIS7_EEbPT_ round 0,22,68,20,7,16,13.545454545454545,"[16,16,16,7,7,16,16,7,7,7,16,16,16,16,16,16,16,7,16,16,16,16]",298,8444
254-instcombine-nnegzext-match-match-n20-d16.pbqp,fe4ca7e9f1756f6718b5deec642f233f0c4cd1829427e8b52a60ec50ee082163,# /tmp/pcaa-corpus-ll/InstCombineAddSub.ll._ZNK4llvm12PatternMatch14NNegZExt_matchINS_19PatternMatchHelpers16match_combine_orIJNS0_25OverflowingBinaryOp_matchINS2_10match_bindINS_5ValueEEENS5_INS_8ConstantEEELj14ELj2ELb0EEENS0_16DisjointOr_matchIS7_S9_Lb0EEEEEEE5matchIS6_EEbPT_ round 0,20,64,18,7,16,14.65,"[7,16,16,16,7,7,16,16,16,16,16,16,16,16,16,16,16,16,16,16]",293,11011
255-instcombine-threeops-match-match-n22-d16.pbqp,d3fc41194b73288276a59a294139c08b59e01c9b05048e76fec94588592c4344,# /tmp/pcaa-corpus-ll/InstCombineAddSub.ll._ZNK4llvm12PatternMatch14ThreeOps_matchINS0_14CmpClass_matchINS0_14specificval_tyENS0_8ap_matchINS_5APIntEEENS_8ICmpInstELb0EEENS_19PatternMatchHelpers10match_bindINS_5ValueEEESC_Lj59ELb0EE5matchISB_EEbPT_ round 0,22,61,20,7,16,14.727272727272727,"[7,16,16,16,7,7,16,16,16,16,16,15,16,16,16,16,16,16,16,16,16,16]",324,8766
256-instcombine-cstval-pred-ty-matchvector-n15-d16.pbqp,2745d148f48638c52e224887c7cb99d1bbbeb4b07f6f442af52a5404482f0a87,# /tmp/pcaa-corpus-ll/InstCombineAddSub.ll._ZNK4llvm12PatternMatch14cstval_pred_tyINS0_11is_all_onesENS_11ConstantIntELb1EE11matchVectorEPKNS_5ValueE round 0,15,41,11,7,16,12.133333333333333,"[15,7,16,7,7,7,7,16,15,16,7,15,16,16,15]",182,4369
257-instcombine-cstval-pred-ty-matchvector-n15-d16.pbqp,7362a6321d6a240792fc0d7be3122825037af514333938a6bbe366318c7da07f,# /tmp/pcaa-corpus-ll/InstCombineAddSub.ll._ZNK4llvm12PatternMatch14cstval_pred_tyINS0_11is_zero_intENS_11ConstantIntELb1EE11matchVectorEPKNS_5ValueE round 0,15,39,11,7,16,12.4,"[16,16,7,16,7,7,16,7,7,16,16,7,16,16,16]",186,4314
258-instcombine-cstval-pred-ty-matchvector-n13-d16.pbqp,d41a4cec250f7e5f75105bd5ab105df1c729b4168f83efae2ab353f440cfdf39,# /tmp/pcaa-corpus-ll/InstCombineAddSub.ll._ZNK4llvm12PatternMatch14cstval_pred_tyINS0_14is_any_zero_fpENS_10ConstantFPELb1EE11matchVectorEPKNS_5ValueE round 0,13,33,10,7,16,12.538461538461538,"[16,7,7,16,7,16,16,16,7,16,16,7,16]",163,3498
259-instcombine-cstval-pred-ty-matchvector-n13-d16.pbqp,861d75f8c712e65f2a4b58bc0bd9c08eb011ec79ed2f59fcd20f6a38f876024f,# /tmp/pcaa-corpus-ll/InstCombineAddSub.ll._ZNK4llvm12PatternMatch14cstval_pred_tyINS0_14is_neg_zero_fpENS_10ConstantFPELb1EE11matchVectorEPKNS_5ValueE round 0,13,33,10,7,16,12.538461538461538,"[16,7,7,16,7,16,16,16,7,16,16,7,16]",163,3498
260-instcombine-cstval-pred-ty-matchvector-n19-d16.pbqp,a6976815b686e316a7aa4bfe21d920bc199ccfaf0815a7fa09e2309851e97582,# /tmp/pcaa-corpus-ll/InstCombineAddSub.ll._ZNK4llvm12PatternMatch14cstval_pred_tyINS0_14is_nonnegativeENS_11ConstantIntELb1EE11matchVectorEPKNS_5ValueE round 0,19,52,13,7,16,14.105263157894736,"[16,16,7,7,7,16,16,16,16,7,16,16,16,16,16,16,16,16,16]",268,7750
261-instcombine-cstval-pred-ty-matchvector-n15-d16.pbqp,cf4ea570774f6a86a1aaa91420efea30e38a62795977d807fa564e019385212d,# /tmp/pcaa-corpus-ll/InstCombineAddSub.ll._ZNK4llvm12PatternMatch14cstval_pred_tyINS0_6is_oneENS_11ConstantIntELb1EE11matchVectorEPKNS_5ValueE round 0,15,39,11,7,16,12.4,"[16,16,16,7,7,16,7,16,7,16,7,16,16,16,7]",186,4314
262-instcombine-specific-fpval-match-n21-d17.pbqp,f729989dc10cd146cc99db5b16dffb38d092e5a94873128722480da0214aeffe,# /tmp/pcaa-corpus-ll/InstCombineAddSub.ll._ZNK4llvm12PatternMatch14specific_fpval5matchINS_5ValueEEEbPT_ round 0,21,44,12,7,17,12.095238095238095,"[16,7,7,7,16,16,16,16,7,17,7,14,7,15,13,17,7,14,7,15,13]",254,4799
263-instcombine-disjointor-match-match-n19-d16.pbqp,f8e1e5df46846816dad7db00220c60b6f713ab83dda0a97779d724bdb32d79d1,# /tmp/pcaa-corpus-ll/InstCombineAddSub.ll._ZNK4llvm12PatternMatch16DisjointOr_matchINS_19PatternMatchHelpers10match_bindINS_5ValueEEENS0_19bind_immconstant_tyELb0EE5matchIS4_EEbPT_ round 0,19,51,17,7,16,14.263157894736842,"[7,16,7,16,15,7,15,16,16,16,14,16,16,16,16,14,16,16,16]",271,6446
264-instcombine-anybinaryop-match-match-n17-d16.pbqp,0af14728a2aa7a4c2a7b36ebf3e741c4e81a2f7f7d2f513ec300992cdc20acf5,# /tmp/pcaa-corpus-ll/InstCombineAddSub.ll._ZNK4llvm12PatternMatch17AnyBinaryOp_matchINS0_12OneUse_matchINS0_14BinaryOp_matchINS3_INS0_14cstval_pred_tyINS0_11is_all_onesENS_11ConstantIntELb1EEENS_19PatternMatchHelpers10match_bindINS_5ValueEEELj31ELb1EEESB_Lj14ELb1EEEEENS0_8ap_matchINS_5APIntEEELb0EE5matchINS_14BinaryOperatorEEEbPT_ round 0,17,46,15,7,16,14.117647058823529,"[7,16,16,7,7,14,16,16,16,16,16,16,15,16,16,14,16]",240,6657
265-instcombine-anybinaryop-match-match-n28-d16.pbqp,88915d28b79cc09c858d6da2ecccee68a68160b6b4091a12a406a8632257c6db,# /tmp/pcaa-corpus-ll/InstCombineAddSub.ll._ZNK4llvm12PatternMatch17AnyBinaryOp_matchINS0_12OneUse_matchINS0_14BinaryOp_matchINS_19PatternMatchHelpers10match_bindINS_5ValueEEENS0_8ap_matchINS_5APIntEEELj14ELb0EEEEENS3_INS0_14cstval_pred_tyINS0_11is_all_onesENS_11ConstantIntELb1EEES7_Lj31ELb1EEELb1EE5matchINS_14BinaryOperatorEEEbPT_ round 0,28,78,26,7,16,15.142857142857142,"[16,16,16,16,16,16,16,16,7,7,16,16,16,15,16,16,14,16,16,16,16,16,15,16,14,16,16,16]",424,12413
266-instcombine-anybinaryop-match-match-n33-d16.pbqp,ff456a3f0b6955da1bbf7934a2676100c082d1d9831f7752a455ff9aebca0165,# /tmp/pcaa-corpus-ll/InstCombineAddSub.ll._ZNK4llvm12PatternMatch17AnyBinaryOp_matchINS0_12OneUse_matchINS_19PatternMatchHelpers17match_combine_andIJNS0_17IntrinsicID_matchENS0_14Argument_matchINS3_10match_bindINS_5ValueEEEEESA_EEEEENS3_14match_deferredIS8_EELb1EE5matchINS_14BinaryOperatorEEEbPT_ round 0,33,92,30,15,16,15.969696969696969,"[16,16,16,16,16,16,16,16,16,16,15,16,16,16,16,16,16,16,16,16,16,16,16,16,16,16,16,16,16,16,16,16,16]",527,23088
267-instcombine-anybinaryop-match-match-n19-d16.pbqp,0ea46990a60b9069612f1160d49b2d95ca4816013f9fa9db1ec5ca4f29562a90,# /tmp/pcaa-corpus-ll/InstCombineAddSub.ll._ZNK4llvm12PatternMatch17AnyBinaryOp_matchINS0_14BinaryOp_matchINS2_INS0_14cstval_pred_tyINS0_11is_all_onesENS_11ConstantIntELb1EEENS_19PatternMatchHelpers10match_bindINS_5ValueEEELj31ELb1EEESA_Lj14ELb1EEENS3_INS0_6is_oneES5_Lb1EEELb0EE5matchINS_14BinaryOperatorEEEbPT_ round 0,19,52,17,7,16,13.421052631578947,"[7,7,7,16,16,7,14,16,16,16,16,16,16,7,16,16,16,14,16]",255,6324
268-instcombine-anybinaryop-match-match-n34-d16.pbqp,5e973af043fa78e905f8a3dbef6cd9b7593473045902fe14139ae4be42e593d2,# /tmp/pcaa-corpus-ll/InstCombineAddSub.ll._ZNK4llvm12PatternMatch17AnyBinaryOp_matchINS0_14BinaryOp_matchINS_19PatternMatchHelpers10match_bindINS_5ValueEEENS0_14cstval_pred_tyINS0_6is_oneENS_11ConstantIntELb1EEELj14ELb0EEENS2_INS7_INS0_11is_all_onesES9_Lb1EEES6_Lj31ELb1EEELb1EE5matchINS_14BinaryOperatorEEEbPT_ round 0,34,116,32,7,16,13.764705882352942,"[16,16,7,7,16,16,16,16,7,7,16,16,7,7,16,16,16,16,7,16,16,14,16,16,16,16,16,16,7,16,14,16,16,16]",468,14155
269-instcombine-anybinaryop-match-match-n27-d16.pbqp,5b706bb0bc69abdd332c0d42ac17f004b4b816ae4d3edae4a39d80f8abc4cc7d,# /tmp/pcaa-corpus-ll/InstCombineAddSub.ll._ZNK4llvm12PatternMatch17AnyBinaryOp_matchINS0_14BinaryOp_matchINS_19PatternMatchHelpers10match_bindINS_5ValueEEES6_Lj30ELb0EEENS2_INS3_14match_deferredIS5_EES9_Lj29ELb1EEELb1EE5matchINS_14BinaryOperatorEEEbPT_ round 0,27,71,24,15,16,15.962962962962964,"[16,16,16,16,16,16,16,16,16,16,16,16,16,15,16,16,16,16,16,16,16,16,16,16,16,16,16]",431,17888
270-instcombine-anybinaryop-match-match-n27-d16.pbqp,8624e3360278b3396af154514d2b4c0613dcc21b9457fed0b3ae321bf3ce5694,# /tmp/pcaa-corpus-ll/InstCombineAddSub.ll._ZNK4llvm12PatternMatch17AnyBinaryOp_matchINS0_14BinaryOp_matchINS_19PatternMatchHelpers10match_bindINS_5ValueEEES6_Lj31ELb0EEENS2_INS3_14match_deferredIS5_EES9_Lj29ELb1EEELb1EE5matchINS_14BinaryOperatorEEEbPT_ round 0,27,71,24,15,16,15.962962962962964,"[16,16,16,16,16,16,16,16,16,16,16,16,16,15,16,16,16,16,16,16,16,16,16,16,16,16,16]",431,17888
271-instcombine-anybinaryop-match-match-n32-d16.pbqp,5607cf667b4a9d214c54d670380f61806b3cf40dccb8a86cae6c0f5a9ee2c837,# /tmp/pcaa-corpus-ll/InstCombineAddSub.ll._ZNK4llvm12PatternMatch17AnyBinaryOp_matchINS_19PatternMatchHelpers16match_combine_orIJNS0_14CastInst_matchINS2_17match_combine_andIJNS0_14BinaryOp_matchINS2_10match_bindINS_5ValueEEENS7_INS_11InstructionEEELj27ELb0EEESB_EEENS_9TruncInstEEESD_EEES9_Lb1EE5matchINS_14BinaryOperatorEEEbPT_ round 0,32,89,30,15,16,15.96875,"[16,16,16,16,16,16,16,16,16,16,16,16,16,16,16,15,16,16,16,16,16,16,16,16,16,16,16,16,16,16,16,16]",511,22304
272-instcombine-ptrtointsamesize-match-match-n24-d16.pbqp,f270109dd9b3e3659927c647720b9b16899c771c7d7ebdb430329528134de31f,# /tmp/pcaa-corpus-ll/InstCombineAddSub.ll._ZNK4llvm12PatternMatch22PtrToIntSameSize_matchINS_19PatternMatchHelpers10match_bindINS_5ValueEEEE5matchIS4_EEbPT_ round 0,24,93,23,7,16,14.0,"[16,16,16,7,7,16,16,16,16,16,15,7,7,16,16,15,16,15,16,16,16,16,7,16]",336,11647
273-instcombine-specificbinaryop-match-match-n23-d16.pbqp,76cce7f2d0e2a9bf0b5a7636afe4dc14470266c6236e2601b993f73316a8ed4e,# /tmp/pcaa-corpus-ll/InstCombineAddSub.ll._ZNK4llvm12PatternMatch22SpecificBinaryOp_matchINS1_INS_19PatternMatchHelpers10match_bindINS_5ValueEEENS0_14specific_fpvalELb0EEES5_Lb1EE5matchIS4_EEbPT_ round 0,23,57,20,7,16,15.130434782608695,"[16,16,16,16,7,7,16,16,16,16,16,16,16,15,16,16,16,16,16,15,16,16,16]",348,8853
274-instcombine-specificbinaryop-match-match-n19-d16.pbqp,fab4ce73d3dbc6fda379d463f90c0e85c2c1a8ef2acdc5e34eeb1b41725914d5,# /tmp/pcaa-corpus-ll/InstCombineAddSub.ll._ZNK4llvm12PatternMatch22SpecificBinaryOp_matchINS1_INS_19PatternMatchHelpers10match_bindINS_5ValueEEES5_Lb0EEENS0_17specific_intval64ILb0EEELb0EE5matchIS4_EEbPT_ round 0,19,43,14,7,16,14.052631578947368,"[16,16,16,16,7,7,15,16,16,16,16,16,16,16,16,16,7,16,7]",267,7005
275-instcombine-specificbinaryop-match-match-n23-d16.pbqp,cc7030b7767447ac704f9da0cf79870578a6752ab8a394ee50e7f337092dc1bd,# /tmp/pcaa-corpus-ll/InstCombineAddSub.ll._ZNK4llvm12PatternMatch22SpecificBinaryOp_matchINS1_INS_19PatternMatchHelpers14match_deferredINS_5ValueEEENS0_14specific_fpvalELb0EEENS2_10match_bindIS4_EELb1EE5matchIS4_EEbPT_ round 0,23,57,20,7,16,15.130434782608695,"[16,16,7,7,16,16,16,16,16,16,16,16,15,16,16,16,16,16,16,15,16,16,16]",348,8853
276-instcombine-specificbinaryop-match-match-n30-d16.pbqp,81f10279b312ca474cb1f2ee9824736b05659f9bc2d9fd40c7cd85e9c7c735b0,# /tmp/pcaa-corpus-ll/InstCombineAddSub.ll._ZNK4llvm12PatternMatch22SpecificBinaryOp_matchINS1_INS_19PatternMatchHelpers14match_deferredINS_5ValueEEES5_Lb0EEES6_Lb1EE5matchIS4_EEbPT_ round 0,30,114,27,15,16,15.966666666666667,"[16,16,16,16,16,16,15,16,16,16,16,16,16,16,16,16,16,16,16,16,16,16,16,16,16,16,16,16,16,16]",479,28912
277-instcombine-specificcmpclass-match-match-n23-d16.pbqp,4d29add17f5c6427eb9d685899a88d3ac6d3802166329243c7fcbc3e3aa8b20f,# /tmp/pcaa-corpus-ll/InstCombineAddSub.ll._ZNK4llvm12PatternMatch22SpecificCmpClass_matchINS0_12OneUse_matchINS0_14BinaryOp_matchINS_19PatternMatchHelpers14match_deferredINS_5ValueEEES7_Lj23ELb0EEEEENS0_7is_zeroENS_8ICmpInstELb0EE5matchIS6_EEbPT_ round 0,23,44,11,7,16,14.391304347826088,"[16,16,16,7,7,16,7,7,16,15,16,16,16,16,16,16,16,16,16,16,16,16,16]",331,6772
278-instcombine-specificcmpclass-match-match-n22-d16.pbqp,ea91037ff21e592dcee86479216345051d76e7169a3ff768662e9911ccc2508c,# /tmp/pcaa-corpus-ll/InstCombineAddSub.ll._ZNK4llvm12PatternMatch22SpecificCmpClass_matchINS0_14BinaryOp_matchINS_19PatternMatchHelpers10match_bindINS_5ValueEEENS0_11api_pred_tyINS0_14is_lowbit_maskEEELj29ELb0EEENS0_14cstval_pred_tyINS0_11is_zero_intENS_11ConstantIntELb1EEENS_8ICmpInstELb0EE5matchIS5_EEbPT_ round 0,22,51,18,7,16,14.272727272727273,"[16,16,7,7,16,7,16,7,16,15,16,16,16,16,15,16,16,16,16,16,16,16]",314,7256
279-instcombine-specificcmpclass-match-match-n17-d16.pbqp,73a6842baff9a0aa5a11bb655562582296aa763318104e6f8f45dd0a35d7a8a7,# /tmp/pcaa-corpus-ll/InstCombineAddSub.ll._ZNK4llvm12PatternMatch22SpecificCmpClass_matchINS0_14specificval_tyENS0_14cstval_pred_tyINS0_11is_zero_intENS_11ConstantIntELb1EEENS_8ICmpInstELb0EE5matchINS_5ValueEEEbPT_ round 0,17,36,13,7,16,13.823529411764707,"[7,7,16,7,16,7,16,15,16,16,16,16,16,16,16,16,16]",235,4886
280-instcombine-specificcmpclass-match-match-n21-d16.pbqp,8c211f911a1b35b8d551a7e9785fd7f15bd7931e32784858fb07b56a58d9a98a,# /tmp/pcaa-corpus-ll/InstCombineAddSub.ll._ZNK4llvm12PatternMatch22SpecificCmpClass_matchINS_19PatternMatchHelpers14match_deferredINS_5ValueEEENS0_19bind_immconstant_tyENS_8ICmpInstELb0EE5matchIS4_EEbPT_ round 0,21,42,18,7,16,14.428571428571429,"[7,16,15,7,7,16,16,15,16,16,16,16,16,14,16,16,16,16,14,16,16]",303,5408
281-instcombine-overflowingbinaryop-match-match-n20-d16.pbqp,cc35da587b0e6967110cf2059821cec65dd4b70c32316aa75a4bf7935f341edd,# /tmp/pcaa-corpus-ll/InstCombineAddSub.ll._ZNK4llvm12PatternMatch25OverflowingBinaryOp_matchINS_19PatternMatchHelpers10match_bindINS_5ValueEEENS0_14cstval_pred_tyINS0_6is_oneENS_11ConstantIntELb1EEELj14ELj2ELb0EE5matchIS4_EEbPT_ round 0,20,51,17,7,16,14.6,"[16,7,16,16,7,15,16,16,16,16,16,16,16,16,16,7,16,16,16,16]",292,8828
282-instcombine-overflowingbinaryop-match-match-n20-d16.pbqp,821ca2e91dde3b1424f555f75ac8653de221691cf10ca92422c8fa2e1e25a544,# /tmp/pcaa-corpus-ll/InstCombineAddSub.ll._ZNK4llvm12PatternMatch25OverflowingBinaryOp_matchINS_19PatternMatchHelpers10match_bindINS_5ValueEEENS0_14cstval_pred_tyINS0_6is_oneENS_11ConstantIntELb1EEELj14ELj1ELb0EE5matchIS4_EEbPT_ round 0,20,51,17,7,16,14.6,"[16,7,16,16,7,15,16,16,16,16,16,16,16,16,16,7,16,16,16,16]",292,8828
283-instcombine-overflowingbinaryop-match-match-n17-d16.pbqp,f86f68cb58e3c7c7c7f62a428b159d3d531b0d1dc2f16f1c5a29816c1f7f980d,# /tmp/pcaa-corpus-ll/InstCombineAddSub.ll._ZNK4llvm12PatternMatch25OverflowingBinaryOp_matchINS_19PatternMatchHelpers10match_bindINS_5ValueEEENS0_8ap_matchINS_5APIntEEELj14ELj1ELb0EE5matchIS4_EEbPT_ round 0,17,44,15,7,16,15.352941176470589,"[16,16,7,15,16,16,16,16,16,16,16,16,16,15,16,16,16]",261,8930
284-instcombine-commutativebinaryintrinsic-match-mat-n14-d16.pbqp,f6212d88facef8273d248268f4cdeebd09f264e4ce98a82ebc0e65804f88cf9a,# /tmp/pcaa-corpus-ll/InstCombineAddSub.ll._ZNK4llvm12PatternMatch32CommutativeBinaryIntrinsic_matchILj355ENS_19PatternMatchHelpers16match_combine_orIJNS0_25OverflowingBinaryOp_matchINS2_10match_bindINS_5ValueEEENS0_14cstval_pred_tyINS0_6is_oneENS_11ConstantIntELb1EEELj14ELj2ELb0EEENS0_16DisjointOr_matchIS7_SB_Lb0EEEEEES7_E5matchIS6_EEbPT_ round 0,14,25,11,7,16,14.571428571428571,"[16,7,7,16,16,15,16,16,16,15,16,16,16,16]",204,3285
285-instcombine-commutativebinaryintrinsic-match-mat-n16-d16.pbqp,1a9157ed7c6c5cabd56f4a41d01eef526433aed1c21c83d65c9131412a97de1e,# /tmp/pcaa-corpus-ll/InstCombineAddSub.ll._ZNK4llvm12PatternMatch32CommutativeBinaryIntrinsic_matchILj396ENS_19PatternMatchHelpers10match_bindINS_5ValueEEENS0_14BinaryOp_matchINS0_14cstval_pred_tyINS0_11is_all_onesENS_11ConstantIntELb1EEES5_Lj31ELb1EEEE5matchIS4_EEbPT_ round 0,16,35,15,7,16,14.625,"[16,16,16,7,7,16,16,16,16,16,14,16,16,16,14,16]",234,4791
286-instcombine-commutativebinaryintrinsic-match-mat-n14-d16.pbqp,eb40142d8e47e28d7c38a3633d0252e902960f27a3c73e4bedee84c41fb6e105,# /tmp/pcaa-corpus-ll/InstCombineAddSub.ll._ZNK4llvm12PatternMatch32CommutativeBinaryIntrinsic_matchILj396ENS_19PatternMatchHelpers16match_combine_orIJNS0_25OverflowingBinaryOp_matchINS2_10match_bindINS_5ValueEEENS0_14cstval_pred_tyINS0_6is_oneENS_11ConstantIntELb1EEELj14ELj1ELb0EEENS0_16DisjointOr_matchIS7_SB_Lb0EEEEEES7_E5matchIS6_EEbPT_ round 0,14,25,11,7,16,14.571428571428571,"[16,7,7,16,16,15,16,16,16,15,16,16,16,16]",204,3285
287-instcombine-irbuilderbase-insert-n7-d16.pbqp,f039f142c5dafacd0969a0b231037be3153095f9553ec1a5e42e7a49d1c76128,# /tmp/pcaa-corpus-ll/InstCombineAddSub.ll._ZNK4llvm13IRBuilderBase6InsertINS_14BinaryOperatorEEEPT_S4_RKNS_5TwineE round 0,7,21,6,7,16,11.428571428571429,"[7,7,14,16,13,12,11]",80,2708
288-instcombine-commonpointerbase-isexpensive-n29-d16.pbqp,5bc1968b1efe669146258ba90d72c66b6fcb7bf48403001c6c371f3dc4c60915,# /tmp/pcaa-corpus-ll/InstCombineAddSub.ll._ZNK4llvm17CommonPointerBase11isExpensiveEv round 0,29,117,26,16,16,16.0,"[16,16,16,16,16,16,16,16,16,16,16,16,16,16,16,16,16,16,16,16,16,16,16,16,16,16,16,16,16]",464,29952
289-instcombine-match-combine-or-match-n22-d16.pbqp,0376c4abf4f924002013de2f36260b17e725681bbf117ca2e7d3166be84fbe6a,# /tmp/pcaa-corpus-ll/InstCombineAddSub.ll._ZNK4llvm19PatternMatchHelpers16match_combine_orIJNS_12PatternMatch14CastInst_matchINS2_12OneUse_matchINS2_14BinaryOp_matchINS0_14match_deferredINS_5ValueEEENS2_8ap_matchINS_5APIntEEELj27ELb0EEEEENS_8ZExtInstEEESD_EE5matchIS7_EEbPT_ round 0,22,52,19,7,16,15.090909090909092,"[16,16,16,16,16,7,7,16,16,16,16,15,16,16,16,16,16,16,15,16,16,16]",332,8732
290-instcombine-match-combine-or-match-n30-d16.pbqp,c60f7cc67c2d8a00a67bba94e5b8a63478e579a1685bff48682193c42603d8ab,# /tmp/pcaa-corpus-ll/InstCombineAddSub.ll._ZNK4llvm19PatternMatchHelpers16match_combine_orIJNS_12PatternMatch14CastInst_matchINS2_25OverflowingBinaryOp_matchINS2_14specificval_tyENS0_10match_bindINS_5ValueEEELj14ELj2ELb1EEENS_8SExtInstEEENS2_14NNegZExt_matchIS9_EEEE5matchIS7_EEbPT_ round 0,30,82,28,7,16,15.4,"[16,16,16,16,16,16,7,7,16,16,16,16,16,16,16,16,16,16,16,16,16,16,16,16,16,16,16,16,16,16]",462,16609
291-instcombine-match-combine-or-match-n16-d16.pbqp,96f0f92d9d79696d6cce1277552088a5cdd9eaeaec86c00f7f4034f37cea8ddf,# /tmp/pcaa-corpus-ll/InstCombineAddSub.ll._ZNK4llvm19PatternMatchHelpers16match_combine_orIJNS_12PatternMatch25OverflowingBinaryOp_matchINS0_10match_bindINS_5ValueEEENS2_14cstval_pred_tyINS2_6is_oneENS_11ConstantIntELb1EEELj14ELj2ELb0EEENS2_16DisjointOr_matchIS6_SA_Lb0EEEEE5matchIS5_EEbPT_ round 0,16,45,14,7,16,13.1875,"[16,7,7,16,16,7,16,16,16,16,16,16,7,16,7,16]",211,5256
292-instcombine-match-combine-or-match-n16-d16.pbqp,0dc17dbc7cc7078a004ff7568cbd7fb6e21f54b077ea89379c1f5218e7f5f723,# /tmp/pcaa-corpus-ll/InstCombineAddSub.ll._ZNK4llvm19PatternMatchHelpers16match_combine_orIJNS_12PatternMatch25OverflowingBinaryOp_matchINS0_10match_bindINS_5ValueEEENS2_14cstval_pred_tyINS2_6is_oneENS_11ConstantIntELb1EEELj14ELj1ELb0EEENS2_16DisjointOr_matchIS6_SA_Lb0EEEEE5matchIS5_EEbPT_ round 0,16,45,14,7,16,13.1875,"[16,7,7,16,16,7,16,16,16,16,16,16,7,16,7,16]",211,5256
293-instcombine-match-combine-or-match-n19-d16.pbqp,aa55cbd2647efd8dc682f036f16134ebf0307504c42974360aa6f11d39cf469e,# /tmp/pcaa-corpus-ll/InstCombineAddSub.ll._ZNK4llvm19PatternMatchHelpers16match_combine_orIJNS_12PatternMatch32CommutativeBinaryIntrinsic_matchILj354ENS2_14specificval_tyENS0_10match_bindINS_5ValueEEEEENS3_ILj355ES4_S7_EENS3_ILj395ES4_S7_EENS3_ILj396ES4_S7_EEEE5matchIS6_EEbPT_ round 0,19,58,16,15,16,15.947368421052632,"[16,16,16,16,16,16,15,16,16,16,16,16,16,16,16,16,16,16,16]",303,14592
294-instcombine-match-combine-or-match-n19-d16.pbqp,c507d595e398159fb955b13062d58f19694b9ab818c57bc29de1cac0af98fc04,# /tmp/pcaa-corpus-ll/InstCombineAddSub.ll._ZNK4llvm19PatternMatchHelpers16match_combine_orIJNS_12PatternMatch32CommutativeBinaryIntrinsic_matchILj395ENS2_14specificval_tyENS0_10match_bindINS_5ValueEEEEENS3_ILj396ES4_S7_EEEE5matchIS6_EEbPT_ round 0,19,65,16,15,16,15.947368421052632,"[16,16,16,16,16,16,15,16,16,16,16,16,16,16,16,16,16,16,16]",303,16416
295-instcombine-match-combine-and-match-n14-d16.pbqp,a96801813b68c3bfdfd538f2ff76ba0c174d0d9aa00e62e3a06c2c7866a6ca01,# /tmp/pcaa-corpus-ll/InstCombineAddSub.ll._ZNK4llvm19PatternMatchHelpers17match_combine_andIJNS_12PatternMatch14Argument_matchINS0_10match_bindINS_5ValueEEEEENS3_INS2_15specific_intvalILb0EEEEEEE5matchIS5_EEbPT_ round 0,14,29,12,7,16,15.214285714285714,"[16,16,7,16,16,16,16,16,15,16,16,16,15,16]",213,5561
296-instcombine-match-combine-and-match-n20-d16.pbqp,6cbbe2b184c69130facfcdbdd3bf88737765054ecf730d611ce4bd5a26e9739b,# /tmp/pcaa-corpus-ll/InstCombineAddSub.ll._ZNK4llvm19PatternMatchHelpers17match_combine_andIJNS_12PatternMatch14Argument_matchINS2_14cstval_pred_tyINS2_14is_any_zero_fpENS_10ConstantFPELb1EEEEENS3_INS0_10match_bindINS_5ValueEEEEEEE5matchISA_EEbPT_ round 0,20,59,17,7,16,14.2,"[7,7,16,16,7,7,16,16,16,16,16,16,16,16,16,16,16,16,16,16]",284,7526
297-instcombine-match-combine-and-match-n18-d16.pbqp,3a3556019ce0218c13f17f748f5dfe428a93c5b1e4b185fbd5594e6600298601,# /tmp/pcaa-corpus-ll/InstCombineAddSub.ll._ZNK4llvm19PatternMatchHelpers17match_combine_andIJNS_12PatternMatch17IntrinsicID_matchENS2_14Argument_matchINS0_14match_deferredINS_5ValueEEEEENS4_INS2_14cstval_pred_tyINS2_6is_oneENS_11ConstantIntELb1EEEEEEE5matchIS6_EEbPT_ round 0,18,38,15,7,16,14.444444444444445,"[16,7,16,16,7,15,16,16,16,16,16,16,16,16,16,16,7,16]",260,5820
298-instcombine-match-combine-and-match-n20-d16.pbqp,1341bd91fbecd55d518141c7d341a2a6fcf5dbf8d47ff15e245cfc3991154018,# /tmp/pcaa-corpus-ll/InstCombineAddSub.ll._ZNK4llvm19PatternMatchHelpers17match_combine_andIJNS_12PatternMatch17IntrinsicID_matchENS2_14Argument_matchINS2_8ap_matchINS_7APFloatEEEEENS4_INS0_10match_bindINS_5ValueEEEEEEE5matchISA_EEbPT_ round 0,20,50,18,7,16,15.05,"[16,16,16,16,7,7,16,16,16,16,16,16,16,15,16,16,16,16,16,16]",301,7811
299-instcombine-apint-issignmask-n8-d16.pbqp,aa2f8b5909d5a8c749e104a919985a4ba90b36100855cc399c1413108c3794dd,# /tmp/pcaa-corpus-ll/InstCombineAddSub.ll._ZNK4llvm5APInt10isSignMaskEv round 0,8,11,6,7,16,14.625,"[15,16,16,16,7,16,16,15]",117,1859
300-instcombine-apint-isminsignedvalue-n8-d16.pbqp,779b0911fd902d38f3cc2b845b0910d4460d3af336e0b402f2af4d1431e71465,# /tmp/pcaa-corpus-ll/InstCombineAddSub.ll._ZNK4llvm5APInt16isMinSignedValueEv round 0,8,11,6,7,16,14.625,"[15,16,16,16,7,16,16,15]",117,1859
301-instcombine-apint-isnegatedpowerof2-n11-d16.pbqp,b82bc3d52679631a02e1fd8b189c15951eb425dd90ae1d6743dde6c17311b7e3,# /tmp/pcaa-corpus-ll/InstCombineAddSub.ll._ZNK4llvm5APInt17isNegatedPowerOf2Ev round 0,11,28,10,7,16,13.363636363636363,"[15,7,16,16,16,16,16,15,7,16,7]",147,4120
302-instcombine-apint-ismask-n8-d16.pbqp,871c7f3cfed32454161442f5bc705d4c6d4fa7e9198dbe053576eca4ab0c6821,# /tmp/pcaa-corpus-ll/InstCombineAddSub.ll._ZNK4llvm5APInt6isMaskEv round 0,8,9,3,7,16,12.625,"[7,7,7,16,16,16,16,16]",101,1395
303-instcombine-apint-logbase2-n4-d16.pbqp,7febd5c0e1ba2cdf874e5c2a3f09073acb37137bf8649a64d8556415b47bd2c3,# /tmp/pcaa-corpus-ll/InstCombineAddSub.ll._ZNK4llvm5APInt8logBase2Ev round 0,4,4,3,7,16,13.75,"[16,7,16,16]",55,592
304-instcombine-apint-isallones-n5-d16.pbqp,b35f335be052a28f33e5937b13fcc3e4db5a4a4d43cdb68b87fc51bf3eea11a5,# /tmp/pcaa-corpus-ll/InstCombineAddSub.ll._ZNK4llvm5APInt9isAllOnesEv round 0,5,4,3,7,16,13.8,"[7,15,16,15,16]",69,547
305-instcombine-apfloat-operator-n4-d16.pbqp,021de4a5eea07921997f85695a68a3f58c0d5f9f78f30e970aba8537b1846358,# /tmp/pcaa-corpus-ll/InstCombineAddSub.ll._ZNK4llvm7APFloatplERKS0_ round 0,4,5,3,7,16,11.25,"[15,7,7,16]",45,483
306-instcombine-std-find-if-n35-d16.pbqp,9e8c8120d6a618c34734e3050eba3d8e3479da2828ac4fa52823a65973d7a189,# /tmp/pcaa-corpus-ll/InstCombineAddSub.ll._ZSt9__find_ifIN4llvm5Value18user_iterator_implINS0_11InstructionEEENS0_6detail11BindStorageILb0ESt5tupleIJNS0_12PatternMatch14ThreeOps_matchINS0_19PatternMatchHelpers9match_isaIJS1_EEENS8_14specificval_tyESD_Lj59ELb1EEEEENS5_10FnConstantIXadL_ZNS8_5matchIKS1_SE_EEbPT_RKT0_EEEESt16integer_sequenceImJLm0EEEEEESJ_SJ_SJ_SL_ round 0,35,135,34,14,16,15.914285714285715,"[16,16,16,16,16,16,16,16,15,14,16,16,16,16,16,16,16,16,16,16,16,16,16,16,16,16,16,16,16,16,16,16,16,16,16]",557,32930
307-instcombine-0-operator-n97-d16.pbqp,b110ee38e82143219d520ca7d4838334c0c621933c74d075589c2b482228cb77,# /tmp/pcaa-corpus-ll/InstCombineAddSub.ll._ZZN4llvm16InstCombinerImpl24SimplifyAddWithRemainderERNS_14BinaryOperatorEENK3$_0clEPNS_5ValueES5_ round 0,97,388,92,7,16,14.29896907216495,"[7,16,16,16,16,7,7,7,15,15,7,16,16,7,16,16,16,16,7,7,15,14,16,16,16,16,15,16,16,15,14,16,16,16,16,15,16,16,15,14,13,16,16,13,15,14,16,16,16,15,16,16,16,16,7,16,16,16,16,16,7,16,16,16,16,15,16,16,7,15,16,16,14,16,16,15,13,16,16,7,16,15,14,13,16,16,16,16,16,15,14,13,15,13,16,15,7]",1387,42842
308-instcombine-0-operator-n28-d17.pbqp,62f08c6db591689457a7413f8324bf0a3dcf91ff704b0dba9d894ce76eaf0c5d,# /tmp/pcaa-corpus-ll/InstCombineAddSub.ll._ZZN4llvm16InstCombinerImpl8visitSubERNS_14BinaryOperatorEENK3$_0clEv round 0,28,79,19,7,17,14.75,"[7,7,15,16,7,16,16,16,15,17,17,17,17,14,16,16,16,16,16,15,17,17,17,17,14,16,7,16]",413,11727
309-instcombine-2-operator-n12-d16.pbqp,f542610dbbf4b4db62ad5c102275c3f339f4b4b838259caa929d1aff85ef58f2,# /tmp/pcaa-corpus-ll/InstCombineAddSub.ll._ZZN4llvm16InstCombinerImpl8visitSubERNS_14BinaryOperatorEENK3$_2clEPNS_5ValueES5_ round 0,12,19,7,14,16,15.75,"[16,16,16,16,16,16,15,14,16,16,16,16]",189,4578
310-instcombine-3-operator-n26-d16.pbqp,ce58023eeca2476dcb16375aa2098ead880ca2009dcbabb4f89ff12d5ba6c4ec,# /tmp/pcaa-corpus-ll/InstCombineAddSub.ll._ZZN4llvm16InstCombinerImpl8visitSubERNS_14BinaryOperatorEENK3$_3clIZNS0_8visitSubES2_E3$_4EEPNS_11InstructionEPNS_5ValueES9_T_ round 0,26,149,25,7,16,11.23076923076923,"[16,7,7,7,7,7,7,7,7,16,16,10,13,16,13,12,11,14,16,16,7,15,15,16,7,7]",292,13547
311-instcombine-3-operator-n27-d16-r1.pbqp,115550739052581a7b42bd280f31e50a3bba2a1b36e482e03810c33894237438,# /tmp/pcaa-corpus-ll/InstCombineAddSub.ll._ZZN4llvm16InstCombinerImpl8visitSubERNS_14BinaryOperatorEENK3$_3clIZNS0_8visitSubES2_E3$_4EEPNS_11InstructionEPNS_5ValueES9_T_ round 1,27,109,26,7,16,12.407407407407407,"[16,7,7,7,7,7,7,16,16,10,13,16,13,12,11,14,16,16,7,15,15,16,7,16,16,16,16]",335,11508
312-instcombine-3-operator-n26-d16.pbqp,a2bccf6c7c5ba14a6f027c2c8e508c91c5fd5776e5473b5f9760ff8d97152681,# /tmp/pcaa-corpus-ll/InstCombineAddSub.ll._ZZN4llvm16InstCombinerImpl8visitSubERNS_14BinaryOperatorEENK3$_3clIZNS0_8visitSubES2_E3$_5EEPNS_11InstructionEPNS_5ValueES9_T_ round 0,26,149,25,7,16,11.23076923076923,"[16,7,7,7,7,7,7,7,7,16,16,10,13,16,13,12,11,14,16,16,7,15,15,16,7,7]",292,13547
313-instcombine-3-operator-n27-d16-r1.pbqp,bc03df93db6850b4efb6cb11ea4a18a0fb655b0eb2020b6314ef24d6748e3fc1,# /tmp/pcaa-corpus-ll/InstCombineAddSub.ll._ZZN4llvm16InstCombinerImpl8visitSubERNS_14BinaryOperatorEENK3$_3clIZNS0_8visitSubES2_E3$_5EEPNS_11InstructionEPNS_5ValueES9_T_ round 1,27,109,26,7,16,12.407407407407407,"[16,7,7,7,7,7,7,16,16,10,13,16,13,12,11,14,16,16,7,15,15,16,7,16,16,16,16]",335,11508
314-instcombine-6-operator-n54-d16.pbqp,070619052310212332bb1eaa2fa8e168235a160a7e5821470e6740c89e58ef33,# /tmp/pcaa-corpus-ll/InstCombineAddSub.ll._ZZN4llvm16InstCombinerImpl8visitSubERNS_14BinaryOperatorEENK3$_6clEv round 0,54,176,51,7,16,15.61111111111111,"[7,16,16,16,16,16,16,16,16,16,16,16,16,16,16,16,7,16,16,16,15,16,16,16,16,16,15,16,16,16,16,16,16,16,16,16,16,16,16,16,16,15,16,16,16,16,16,16,16,16,16,16,16,16]",843,32238
315-instcombine-0-operator-n12-d16.pbqp,5f1651f4e9c395e213794ec7dd03cf2b89a501cfc150637c70440d5c61078809,# /tmp/pcaa-corpus-ll/InstCombineAddSub.ll._ZZN4llvm16InstCombinerImpl9visitFNegERNS_13UnaryOperatorEENK3$_0clEPNS_10SelectInstEb round 0,12,27,11,7,16,12.166666666666666,"[7,7,7,7,15,16,16,16,7,16,16,16]",146,2436
316-mbb-global-sub-i-machinebasicblock-cpp-n7-d17.pbqp,5c1eacfc0880e1471d32780b470d49c2a317c307ffb9749c776cc0cba76818cc,# /tmp/pcaa-corpus-ll/MachineBasicBlock.ll._GLOBAL__sub_I_MachineBasicBlock.cpp round 0,7,0,0,16,17,16.142857142857142,"[16,16,16,17,16,16,16]",113,0
317-mbb-slotindexupdatedelegate-mf-handlerem-n6-d16.pbqp,7f17825e0a30a6166f2d09fb70041e29ad91324f738a570927c0ea8258932a82,# /tmp/pcaa-corpus-ll/MachineBasicBlock.ll._ZN23SlotIndexUpdateDelegate16MF_HandleRemovalERN4llvm12MachineInstrE round 0,6,9,5,7,16,12.833333333333334,"[7,7,16,15,16,16]",77,1059
318-mbb-slotindexupdatedelegate-mf-handleins-n3-d16.pbqp,3a183026ea390d854ee0f91b8c1a054da83151318e81abee196e8e10054d65db,# /tmp/pcaa-corpus-ll/MachineBasicBlock.ll._ZN23SlotIndexUpdateDelegate18MF_HandleInsertionERN4llvm12MachineInstrE round 0,3,2,2,15,16,15.333333333333334,"[15,16,15]",46,480
319-mbb-slotindexupdatedelegate-slotindexupd-n13-d16.pbqp,f11c541765af59af8d2ee294c8f3a99d3a804053c86131c230c6c4e5fb2565b4,# /tmp/pcaa-corpus-ll/MachineBasicBlock.ll._ZN23SlotIndexUpdateDelegateD0Ev round 0,13,27,12,7,16,12.923076923076923,"[7,7,16,16,15,16,16,15,16,16,14,7,7]",168,3223
320-mbb-slotindexupdatedelegate-slotindexupd-n15-d17.pbqp,8b8ebba47d61eff53ccbebb49bd8a4d7aa36b186c70032221be7e26e05b15994,# /tmp/pcaa-corpus-ll/MachineBasicBlock.ll._ZN23SlotIndexUpdateDelegateD2Ev round 0,15,32,13,7,17,12.8,"[7,7,7,16,16,15,16,16,15,16,16,14,17,7,7]",192,3699
321-mbb-slotindexes-insertmbbinmaps-n25-d17.pbqp,301a083586c265c5f47def941da6a0d031b7f03a953333402c76e2fa6a7ec759,# /tmp/pcaa-corpus-ll/MachineBasicBlock.ll._ZN4llvm11SlotIndexes15insertMBBInMapsEPNS_17MachineBasicBlockE round 0,25,109,20,7,17,12.68,"[7,16,16,7,7,7,7,7,17,16,16,16,15,16,16,16,16,16,7,7,14,7,16,16,16]",317,13319
322-mbb-slotindexes-insertmachineinstrinmaps-n15-d17.pbqp,97737806141a9dbb4c1b78822e3a2bdb0943b09dce93ae23bff30707f58dd999,# /tmp/pcaa-corpus-ll/MachineBasicBlock.ll._ZN4llvm11SlotIndexes24insertMachineInstrInMapsERNS_12MachineInstrEb round 0,15,45,13,7,17,12.133333333333333,"[7,7,16,7,14,16,16,17,16,7,14,15,7,16,7]",182,4411
323-mbb-iplist-impl-erase-n11-d16.pbqp,75fe2222def906397bc25b573f4d3b110d9d24881e299b04945285e274e2a819,# /tmp/pcaa-corpus-ll/MachineBasicBlock.ll._ZN4llvm11iplist_implINS_12simple_ilistINS_12MachineInstrEJNS_23ilist_sentinel_trackingILb1EEEEEENS_12ilist_traitsIS2_EEE5eraseENS_14ilist_iteratorINS_12ilist_detail12node_optionsIS2_Lb1ELb1EvLb0EvEELb0ELb0EEESD_ round 0,11,37,10,7,16,11.818181818181818,"[7,7,7,7,15,16,16,16,16,16,7]",130,3918
324-mbb-densemapbase-movefrom-n29-d17.pbqp,32d483776712395df4d7c2bfa00666fa4c3edd0143a194d4a83b9444a546769d,# /tmp/pcaa-corpus-ll/MachineBasicBlock.ll._ZN4llvm12DenseMapBaseINS_8DenseMapIPKNS_12MachineInstrENS_9SlotIndexENS_12DenseMapInfoIS4_vEENS_6detail12DenseMapPairIS4_S5_EEEES4_S5_S7_SA_E8moveFromERSB_ round 0,29,225,26,7,17,15.0,"[15,15,15,15,15,15,15,15,16,15,7,15,15,15,16,15,15,16,16,15,16,16,14,17,16,15,15,15,15]",435,48247
325-mbb-densemapbase-movefrom-n42-d17-r1.pbqp,774a7b27a50beae34083fd915088c8e404f381bedc200c7ee1d9d179d1d3692a,# /tmp/pcaa-corpus-ll/MachineBasicBlock.ll._ZN4llvm12DenseMapBaseINS_8DenseMapIPKNS_12MachineInstrENS_9SlotIndexENS_12DenseMapInfoIS4_vEENS_6detail12DenseMapPairIS4_S5_EEEES4_S5_S7_SA_E8moveFromERSB_ round 1,42,158,23,14,17,15.595238095238095,"[15,15,15,15,15,15,15,16,15,15,16,15,15,16,16,15,16,16,14,17,16,15,15,15,15,16,16,16,16,16,16,16,16,16,16,16,16,16,16,16,16,16]",655,36442
326-mbb-densemapbase-lookuporinsertintobucke-n24-d16.pbqp,4622a87186c1d12eb89c4398db60b168c2dfb9c225dbcf15175bbeb9a0dc72a9,# /tmp/pcaa-corpus-ll/MachineBasicBlock.ll._ZN4llvm12DenseMapBaseINS_8DenseMapIPKNS_12MachineInstrENS_9SlotIndexENS_12DenseMapInfoIS4_vEENS_6detail12DenseMapPairIS4_S5_EEEES4_S5_S7_SA_E24lookupOrInsertIntoBucketIS4_JS5_EEESt4pairIPSA_bEOT_DpOT0_ round 0,24,135,21,7,16,14.541666666666666,"[16,16,7,7,7,16,16,16,15,16,16,16,16,16,16,14,15,15,16,16,15,16,15,15]",349,24985
327-mbb-densemapbase-lookupbucketfor-n15-d16.pbqp,263ed324f40e8d78ef50324559bf7341a9ad8004816fc3df430d4ed13144751c,# /tmp/pcaa-corpus-ll/MachineBasicBlock.ll._ZN4llvm12DenseMapBaseINS_8DenseMapIPKNS_12MachineInstrENS_9SlotIndexENS_12DenseMapInfoIS4_vEENS_6detail12DenseMapPairIS4_S5_EEEES4_S5_S7_SA_E15LookupBucketForIS4_EEbRKT_RPSA_ round 0,15,72,14,14,16,15.8,"[16,16,16,16,16,15,14,16,16,16,16,16,16,16,16]",237,17906
328-mbb-densemapbase-grow-n20-d17.pbqp,fc438d115c1e97b6313bc404d76a01c2b5565667640694215ae368c62b33005c,# /tmp/pcaa-corpus-ll/MachineBasicBlock.ll._ZN4llvm12DenseMapBaseINS_8DenseMapIPKNS_12MachineInstrENS_9SlotIndexENS_12DenseMapInfoIS4_vEENS_6detail12DenseMapPairIS4_S5_EEEES4_S5_S7_SA_E4growEj round 0,20,30,9,7,17,14.25,"[15,7,15,15,15,15,15,15,7,15,16,7,16,17,17,16,16,16,16,14]",285,5064
329-mbb-densemapbase-lookuporinsertintobucke-n22-d16.pbqp,50daf34a52e0f0ab699c27466369ff627f5f85df50453ed64fac0f6631f87813,# /tmp/pcaa-corpus-ll/MachineBasicBlock.ll._ZN4llvm12DenseMapBaseINS_8DenseMapIPNS_12MachineInstrENS_6detail13DenseSetEmptyENS_12DenseMapInfoIS3_vEENS4_12DenseSetPairIS3_EEEES3_S5_S7_S9_E24lookupOrInsertIntoBucketIRKS3_JEEESt4pairIPS9_bEOT_DpOT0_ round 0,22,113,19,7,16,14.818181818181818,"[16,16,7,7,16,16,16,15,16,16,16,16,16,16,14,15,15,16,15,16,15,15]",326,22568
330-mbb-densemapbase-grow-n22-d17.pbqp,5cdf54ed40f4052639861f4764b66f79c7330ee266418f3a50ea93ec15878391,# /tmp/pcaa-corpus-ll/MachineBasicBlock.ll._ZN4llvm12DenseMapBaseINS_8DenseMapIPNS_12MachineInstrENS_6detail13DenseSetEmptyENS_12DenseMapInfoIS3_vEENS4_12DenseSetPairIS3_EEEES3_S5_S7_S9_E4growEj round 0,22,42,17,7,17,14.636363636363637,"[15,7,15,16,16,16,16,16,7,16,7,15,16,16,16,17,17,16,16,16,16,14]",322,6691
331-mbb-densemapbase-lookupbucketfor-n15-d16.pbqp,791676073beb067e134c6da4db3e5119964013b068c6e804a1b48daae2995fe1,# /tmp/pcaa-corpus-ll/MachineBasicBlock.ll._ZN4llvm12DenseMapBaseINS_8DenseMapIPNS_12MachineInstrENS_6detail13DenseSetEmptyENS_12DenseMapInfoIS3_vEENS4_12DenseSetPairIS3_EEEES3_S5_S7_S9_E15LookupBucketForIS3_EEbRKT_RPS9_ round 0,15,72,14,14,16,15.8,"[16,16,16,16,16,15,14,16,16,16,16,16,16,16,16]",237,17906
332-mbb-densemapbase-erasefromfilledbucket-n18-d16.pbqp,15c8fbd4bd97fe4ee081006daea6f58bc9d5dcbe13769c3c28d9a24f28dbc387,# /tmp/pcaa-corpus-ll/MachineBasicBlock.ll._ZN4llvm12DenseMapBaseINS_8DenseMapIPNS_12MachineInstrENS_6detail13DenseSetEmptyENS_12DenseMapInfoIS3_vEENS4_12DenseSetPairIS3_EEEES3_S5_S7_S9_E21eraseFromFilledBucketIZNSB_21eraseFromFilledBucketEPS9_EUlRS9_E_EEvSD_OT_ round 0,18,86,17,14,16,15.777777777777779,"[16,15,16,16,16,16,16,16,16,16,16,16,16,16,16,16,15,14]",284,21205
333-mbb-densemapbase-movefrom-n26-d17.pbqp,1fad9c192bbc451ecd6c67dc803771b971ed64198113ff5b7dad2e1e6f6a6209,# /tmp/pcaa-corpus-ll/MachineBasicBlock.ll._ZN4llvm12DenseMapBaseINS_8DenseMapIPNS_12MachineInstrENS_6detail13DenseSetEmptyENS_12DenseMapInfoIS3_vEENS4_12DenseSetPairIS3_EEEES3_S5_S7_S9_E8moveFromERSA_ round 0,26,187,23,7,17,14.961538461538462,"[14,15,15,15,15,15,15,15,16,15,7,15,16,15,16,16,16,16,14,17,16,15,15,15,15,15]",389,39670
334-mbb-densemapbase-movefrom-n38-d17-r1.pbqp,07acdd0ea3a4e7c422217508f6db8aaa1ae412e57faf56e7109e457ee772560d,# /tmp/pcaa-corpus-ll/MachineBasicBlock.ll._ZN4llvm12DenseMapBaseINS_8DenseMapIPNS_12MachineInstrENS_6detail13DenseSetEmptyENS_12DenseMapInfoIS3_vEENS4_12DenseSetPairIS3_EEEES3_S5_S7_S9_E8moveFromERSA_ round 1,38,154,29,14,17,15.578947368421053,"[14,15,15,15,15,15,15,16,15,16,15,16,16,16,16,14,17,16,15,15,15,15,15,16,16,16,16,16,16,16,16,16,16,16,16,16,16,16]",592,35212
335-mbb-function-ref-callback-fn-n7-d17.pbqp,99ade28b6edffece857b7f26856e6898d9ed46a7c8f72f2aa16c6bad163a05fe,# /tmp/pcaa-corpus-ll/MachineBasicBlock.ll._ZN4llvm12function_refIFiPcmEE11callback_fnIZNS_lsIJdEEERNS_11raw_ostreamES7_NS_13format_objectIJDpT_EEEEUlS1_mE_EEilS1_m round 0,7,10,5,14,17,15.285714285714286,"[16,15,14,16,15,14,17]",107,2247
336-mbb-function-ref-callback-fn-n7-d16.pbqp,405ceae0ad6381f40da166cd619ff8f6d55cef6f2074b307982bb9baa07918f7,# /tmp/pcaa-corpus-ll/MachineBasicBlock.ll._ZN4llvm12function_refIFiPcmEE11callback_fnIZNS_lsIJjEEERNS_11raw_ostreamES7_NS_13format_objectIJDpT_EEEEUlS1_mE_EEilS1_m round 0,7,13,6,13,16,14.714285714285714,"[16,15,14,16,15,14,13]",103,2819
337-mbb-function-ref-callback-fn-n7-d16.pbqp,346597e332ca9d59f5f136b53fd68c1873a14439da739f5696bdb1a685c1052b,# /tmp/pcaa-corpus-ll/MachineBasicBlock.ll._ZN4llvm12function_refIFiPcmEE11callback_fnIZNS_lsIJmEEERNS_11raw_ostreamES7_NS_13format_objectIJDpT_EEEEUlS1_mE_EEilS1_m round 0,7,13,6,13,16,14.714285714285714,"[16,15,14,16,15,14,13]",103,2819
338-mbb-ilist-traits-deletenode-n4-d16.pbqp,9eb4dbc6c27152ba1e7c8616b6f1617ba55234d32884a1e4036101cd93dc8129,# /tmp/pcaa-corpus-ll/MachineBasicBlock.ll._ZN4llvm12ilist_traitsINS_12MachineInstrEE10deleteNodeEPS1_ round 0,4,3,3,15,16,15.75,"[16,15,16,16]",63,720
339-mbb-ilist-traits-addnodetolist-n5-d16.pbqp,56316600f7a5d046fc5e55a77d2c3c6c7dbba40d4eee2f918edbd7e4e8e2be30,# /tmp/pcaa-corpus-ll/MachineBasicBlock.ll._ZN4llvm12ilist_traitsINS_12MachineInstrEE13addNodeToListEPS1_ round 0,5,5,4,7,16,12.2,"[16,7,16,7,15]",61,483
340-mbb-ilist-traits-removenodefromlist-n3-d15.pbqp,f851c7474810153e3e4e2c54ffd5f20ff9690663fde5cda078eb882b1fd334db,# /tmp/pcaa-corpus-ll/MachineBasicBlock.ll._ZN4llvm12ilist_traitsINS_12MachineInstrEE18removeNodeFromListEPS1_ round 0,3,2,2,7,15,9.666666666666666,"[7,7,15]",29,154
341-mbb-ilist-traits-transfernodesfromlist-n5-d16.pbqp,a42b765999d4e39399fb200e9e04c9edaec0fd0429db3b813339981b1d380908,# /tmp/pcaa-corpus-ll/MachineBasicBlock.ll._ZN4llvm12ilist_traitsINS_12MachineInstrEE21transferNodesFromListERS2_NS_14ilist_iteratorINS_12ilist_detail12node_optionsIS1_Lb1ELb1EvLb0EvEELb0ELb0EEES8_ round 0,5,8,4,13,16,14.8,"[16,16,15,13,14]",74,1691
342-mbb-liveintervals-removeregunit-n11-d16.pbqp,a1b79ac85cb485b78dd8ab1e780983e0b9a5534cd6e602d6850cb0ee79e7b90b,# /tmp/pcaa-corpus-ll/MachineBasicBlock.ll._ZN4llvm13LiveIntervals13removeRegUnitENS_9MCRegUnitE round 0,11,28,10,7,16,12.545454545454545,"[7,7,7,16,16,7,15,15,16,16,16]",138,3011
343-mbb-machinebasicblock-movebefore-n6-d16.pbqp,268b2d4f9b9e90671877292a7f6f721139e906d15ec9ff8265976caed7205ad4,# /tmp/pcaa-corpus-ll/MachineBasicBlock.ll._ZN4llvm17MachineBasicBlock10moveBeforeEPS0_ round 0,6,13,5,15,16,15.833333333333334,"[16,16,15,16,16,16]",95,3248
344-mbb-machinebasicblock-addsuccessor-n26-d17.pbqp,6e7fd10c9fb7154863f7b2c66389450a41e61738b3d1556e5aeb7a2b6e66b195,# /tmp/pcaa-corpus-ll/MachineBasicBlock.ll._ZN4llvm17MachineBasicBlock12addSuccessorEPS0_NS_17BranchProbabilityE round 0,26,132,23,7,17,12.615384615384615,"[7,7,7,7,16,7,16,16,16,7,7,7,16,7,16,16,16,17,17,16,16,16,16,16,16,7]",328,13341
345-mbb-machinebasicblock-addsuccessor-n35-d17-r1.pbqp,3cce598de5a71f13e8715deeb029d54f68808de1766895eb81452dd3df4aa082,# /tmp/pcaa-corpus-ll/MachineBasicBlock.ll._ZN4llvm17MachineBasicBlock12addSuccessorEPS0_NS_17BranchProbabilityE round 1,35,149,32,7,17,14.257142857142858,"[7,7,7,16,16,16,16,7,7,7,16,16,16,16,17,17,16,16,16,16,16,16,7,16,16,16,16,16,16,16,16,16,16,16,16]",499,17189
346-mbb-machinebasicblock-clearliveins-n6-d17.pbqp,71b19d25be2aa065b9280c6451e2dda219523579bee0c60c04e398d80a451321,# /tmp/pcaa-corpus-ll/MachineBasicBlock.ll._ZN4llvm17MachineBasicBlock12clearLiveInsERSt6vectorINS0_16RegisterMaskPairESaIS2_EE round 0,6,7,3,15,17,16.166666666666668,"[16,15,16,17,17,16]",97,1777
347-mbb-machinebasicblock-clearliveins-n2-d16.pbqp,595b9b58e0c73e6d51ff0484a1fd5caadaed572b03fc9337e3d7b4373d990ebd,# /tmp/pcaa-corpus-ll/MachineBasicBlock.ll._ZN4llvm17MachineBasicBlock12clearLiveInsEv round 0,2,1,1,16,16,16.0,"[16,16]",32,256
348-mbb-machinebasicblock-finddebugloc-n5-d16.pbqp,3ca23e7caf4a45498a663d6001c2ed2b441fb7045d57c2352802a25515afc3d3,# /tmp/pcaa-corpus-ll/MachineBasicBlock.ll._ZN4llvm17MachineBasicBlock12findDebugLocENS_14ilist_iteratorINS_12ilist_detail12node_optionsINS_12MachineInstrELb1ELb1EvLb0EvEELb0ELb0EEE round 0,5,6,3,15,16,15.8,"[16,16,15,16,16]",79,1488
349-mbb-machinebasicblock-removelivein-n5-d17.pbqp,218b5875c8b982b60dbce594aebbdfe665b175dd1200814595df5913f53a618f,# /tmp/pcaa-corpus-ll/MachineBasicBlock.ll._ZN4llvm17MachineBasicBlock12removeLiveInEN9__gnu_cxx17__normal_iteratorIPKNS0_16RegisterMaskPairESt6vectorIS3_SaIS3_EEEE round 0,5,6,3,7,17,12.0,"[7,15,14,7,17]",60,665
350-mbb-machinebasicblock-removelivein-n9-d17.pbqp,1687d5c986aec4f3dc56914da94f38137c42ec353ff5726e17244a199c303a57,# /tmp/pcaa-corpus-ll/MachineBasicBlock.ll._ZN4llvm17MachineBasicBlock12removeLiveInENS_10MCRegisterENS_11LaneBitmaskE round 0,9,24,7,7,17,14.444444444444445,"[16,16,15,14,7,15,14,17,16]",130,4640
351-mbb-machinebasicblock-remove-instr-n9-d16.pbqp,211bc69d1b7c0542ece37219d6a4725184f7f6502b929064c0c7ae795106908a,# /tmp/pcaa-corpus-ll/MachineBasicBlock.ll._ZN4llvm17MachineBasicBlock12remove_instrEPNS_12MachineInstrE round 0,9,13,8,7,16,13.88888888888889,"[7,7,16,16,15,16,16,16,16]",125,2106
352-mbb-machinebasicblock-copysuccessor-n22-d16.pbqp,15983012f4ed7d7756a2c4655ff9715d072ff23db362cadeb358a4e19639ff4f,# /tmp/pcaa-corpus-ll/MachineBasicBlock.ll._ZN4llvm17MachineBasicBlock13copySuccessorEPKS0_PPS0_ round 0,22,99,21,7,16,14.863636363636363,"[16,7,16,16,16,16,16,7,15,14,16,16,16,16,14,16,16,16,16,16,16,14]",327,18667
353-mbb-machinebasicblock-rfinddebugloc-n11-d16.pbqp,307ea78c8dcce66cea745d4ad4dc23c537ae7ca57f65fac612375a7974812d83,# /tmp/pcaa-corpus-ll/MachineBasicBlock.ll._ZN4llvm17MachineBasicBlock13rfindDebugLocENS_14ilist_iteratorINS_12ilist_detail12node_optionsINS_12MachineInstrELb1ELb1EvLb0EvEELb1ELb0EEE round 0,11,17,9,15,16,15.909090909090908,"[16,16,16,16,16,16,16,15,16,16,16]",175,4208
354-mbb-machinebasicblock-addpredecessor-n4-d16.pbqp,85001dca501ee59592e05b4d2ed15955c940eefdeec98450ca73d8438a34a1a1,# /tmp/pcaa-corpus-ll/MachineBasicBlock.ll._ZN4llvm17MachineBasicBlock14addPredecessorEPS0_ round 0,4,6,3,15,16,15.75,"[16,16,15,16]",63,1488
355-mbb-machinebasicblock-canfallthrough-n3-d16.pbqp,2c133c6fb621eecf02acf8b63975ea4e80f4209974d484b14e7b0d55ce8e65c3,# /tmp/pcaa-corpus-ll/MachineBasicBlock.ll._ZN4llvm17MachineBasicBlock14canFallThroughEv round 0,3,0,0,16,16,16.0,"[16,16,16]",48,0
356-mbb-machinebasicblock-getfallthrough-n38-d16.pbqp,b0e61bc599afa907e95cd02a469805e09b49a6beb8c8441bf17b29e832a2d295,# /tmp/pcaa-corpus-ll/MachineBasicBlock.ll._ZN4llvm17MachineBasicBlock14getFallThroughEb round 0,38,185,37,7,16,14.289473684210526,"[16,16,16,16,16,16,16,16,7,16,16,16,7,7,16,16,16,16,15,7,10,14,13,12,16,16,16,16,16,16,16,16,14,16,15,16,15,7]",543,26770
357-mbb-machinebasicblock-getfirstnonphi-n3-d16.pbqp,16360a2aaa876dbc0c3fd54c9cdaf47baae7e303de9258234a2f53bc0c479e31,# /tmp/pcaa-corpus-ll/MachineBasicBlock.ll._ZN4llvm17MachineBasicBlock14getFirstNonPHIEv round 0,3,3,2,16,16,16.0,"[16,16,16]",48,768
358-mbb-machinebasicblock-splitsuccessor-n73-d17.pbqp,33929ed971d5fb7f2bc9cbf24121826da9cfe32eb89043d7af1d4e85b6a9b26e,# /tmp/pcaa-corpus-ll/MachineBasicBlock.ll._ZN4llvm17MachineBasicBlock14splitSuccessorEPS0_S1_b round 0,73,388,43,7,17,15.698630136986301,"[16,16,16,16,16,16,16,14,14,14,16,16,16,17,14,16,16,16,7,15,14,7,16,16,17,17,17,17,17,17,17,17,16,16,16,17,17,16,16,16,16,17,16,16,16,16,16,16,16,16,14,16,17,16,14,16,17,17,17,17,16,14,14,16,16,16,16,16,16,16,14,16,16]",1146,90082
359-mbb-machinebasicblock-erasefromparent-n7-d17.pbqp,ccd1a301afcc3add1d364b84195b9589b2c8d7bbf44898d347dd750495c2c56c,# /tmp/pcaa-corpus-ll/MachineBasicBlock.ll._ZN4llvm17MachineBasicBlock15eraseFromParentEv round 0,7,13,5,15,17,16.0,"[15,16,16,16,16,16,17]",112,3248
360-mbb-machinebasicblock-removesuccessor-n84-d17.pbqp,8d96023163de5587fcb74abd6d6246e156c4ce3c0d2ba6ee722f26b506d64268,# /tmp/pcaa-corpus-ll/MachineBasicBlock.ll._ZN4llvm17MachineBasicBlock15removeSuccessorEPPS0_b round 0,84,520,66,7,17,15.476190476190476,"[16,15,14,14,14,16,16,16,17,14,16,16,16,7,16,16,16,16,16,16,16,14,15,14,7,7,7,16,16,16,17,17,17,17,17,17,17,17,16,16,16,17,17,16,16,16,16,17,16,16,16,16,16,16,16,16,14,16,16,17,16,16,16,16,14,16,17,17,17,17,16,14,14,16,16,16,16,16,16,16,14,16,16,15]",1300,104972
361-mbb-machinebasicblock-removesuccessor-n11-d16.pbqp,fa7692649877f7bd53aa7ea2ed34cd045a5a229bf0f0f3bdacb46293752b0731,# /tmp/pcaa-corpus-ll/MachineBasicBlock.ll._ZN4llvm17MachineBasicBlock15removeSuccessorEPS0_b round 0,11,47,10,14,16,15.454545454545455,"[16,16,16,16,16,16,16,15,14,14,15]",170,11383
362-mbb-machinebasicblock-findprevdebugloc-n8-d16.pbqp,8fba41509f459783a317489a4f3f8945073e4ccf9374f00cf8469cc8705a7d75,# /tmp/pcaa-corpus-ll/MachineBasicBlock.ll._ZN4llvm17MachineBasicBlock16findPrevDebugLocENS_14ilist_iteratorINS_12ilist_detail12node_optionsINS_12MachineInstrELb1ELb1EvLb0EvEELb0ELb0EEE round 0,8,9,4,15,16,15.875,"[16,16,15,16,16,16,16,16]",127,2272
363-mbb-machinebasicblock-removefromparent-n7-d17.pbqp,88d783ba68b755891fc9b01e7e82c9d446f09557417407359ba4f5605a901e6a,# /tmp/pcaa-corpus-ll/MachineBasicBlock.ll._ZN4llvm17MachineBasicBlock16removeFromParentEv round 0,7,11,5,16,17,16.142857142857142,"[16,16,16,16,16,16,17]",113,2816
364-mbb-machinebasicblock-replacesuccessor-n35-d16.pbqp,91d57b332b8a1b4cef99012ecaa6db6d3a3939a9da37043eaa9383c399887b90,# /tmp/pcaa-corpus-ll/MachineBasicBlock.ll._ZN4llvm17MachineBasicBlock16replaceSuccessorEPS0_S1_ round 0,35,209,34,7,16,14.857142857142858,"[16,16,16,16,16,16,16,16,16,16,16,16,14,16,16,16,7,7,7,16,16,16,16,16,16,16,16,16,16,16,15,7,15,16,16]",520,37912
365-mbb-machinebasicblock-updateterminator-n68-d16.pbqp,64a59ce4215c6491982c03e332b24245c7a79f364be5ee675efb161780a69d57,# /tmp/pcaa-corpus-ll/MachineBasicBlock.ll._ZN4llvm17MachineBasicBlock16updateTerminatorEPS0_ round 0,68,314,66,7,16,12.823529411764707,"[7,7,16,16,16,16,16,16,16,16,16,16,16,14,16,16,7,7,16,16,15,16,16,10,14,13,12,13,14,12,11,10,10,14,15,16,13,14,12,11,10,10,13,14,12,11,10,10,14,15,16,13,12,11,10,10,12,10,10,13,12,10,10,13,16,12,10,10]",872,35275
366-mbb-machinebasicblock-skipphisandlabels-n9-d16.pbqp,622ce577abaf8e072f4e7147fe4dd9ff450b4e9001f16af3b3ff8f9e943f1e98,# /tmp/pcaa-corpus-ll/MachineBasicBlock.ll._ZN4llvm17MachineBasicBlock17SkipPHIsAndLabelsENS_26MachineInstrBundleIteratorINS_12MachineInstrELb0EEE round 0,9,19,8,7,16,12.555555555555555,"[7,7,16,16,15,16,13,16,7]",113,1990
367-mbb-machinebasicblock-splitcriticaledge-n104-d17.pbqp,8ecf580c1d873b47b56d942b11e9950ccc4ecb933e36761e1ff5bdefc97118c9,# /tmp/pcaa-corpus-ll/MachineBasicBlock.ll._ZN4llvm17MachineBasicBlock17SplitCriticalEdgeEPS0_PNS_4PassEPNS_15AnalysisManagerINS_15MachineFunctionEJEEEPSt6vectorINS_15SparseBitVectorILj128EEESaISA_EEPNS_21MachineDomTreeUpdaterE round 0,104,985,86,7,17,15.461538461538462,"[16,16,16,16,16,16,16,16,16,16,16,16,16,16,16,7,7,7,13,7,7,16,15,7,16,15,16,17,17,17,16,15,7,16,15,16,17,17,16,16,16,16,16,16,16,16,16,16,16,16,16,16,16,16,16,16,16,16,16,16,16,16,16,16,16,16,16,16,16,16,16,16,16,16,16,16,16,16,17,17,14,16,16,16,16,16,16,16,16,16,16,16,16,16,17,16,17,17,17,17,17,17,17,17]",1608,199807
368-mbb-machinebasicblock-splitcriticaledge-n301-d17.pbqp,7d9ce7b713ba6ead2cee9dcf2ed54bd64b7803ed20982e2640a724ef546f6c86,# /tmp/pcaa-corpus-ll/MachineBasicBlock.ll._ZN4llvm17MachineBasicBlock17SplitCriticalEdgeEPS0_RKNS0_25SplitCriticalEdgeAnalysesEPSt6vectorINS_15SparseBitVectorILj128EEESaIS7_EEPNS_21MachineDomTreeUpdaterE round 0,301,5188,286,7,17,12.764119601328904,"[7,7,7,16,7,7,16,7,7,7,16,16,15,14,16,7,15,16,16,16,16,16,16,16,16,7,7,7,7,7,7,16,7,7,16,16,16,16,16,7,7,7,7,7,7,7,7,7,7,7,7,7,16,7,16,7,7,7,7,7,7,7,7,7,7,7,7,7,7,7,7,16,17,16,16,7,16,16,16,16,16,7,16,7,16,16,16,16,16,16,14,16,16,16,16,16,16,7,7,7,7,7,14,16,16,7,16,7,16,16,15,16,14,15,16,7,16,7,16,16,16,7,7,16,16,7,16,16,7,7,7,7,17,16,16,15,16,15,16,16,14,7,17,16,16,16,15,16,16,16,16,16,16,12,11,10,16,16,15,16,15,16,16,14,16,16,16,16,16,17,7,7,17,17,7,16,15,16,16,16,7,7,7,16,16,16,7,16,16,16,16,16,7,16,7,7,7,7,17,16,16,16,16,16,17,17,16,16,16,16,16,16,16,16,16,16,16,16,16,16,16,16,16,16,16,16,16,16,7,16,16,16,17,16,16,16,16,16,17,14,12,11,16,16,16,16,16,16,16,15,7,7,16,7,16,16,7,7,7,7,7,7,16,16,16,16,7,16,7,16,7,16,16,16,16,16,16,16,7,7,7,7,16,16,16,16,16,16,7,7,7,7,7,16,16,16,7,16,7,7,16]",3842,499963
369-mbb-machinebasicblock-splitcriticaledge-n423-d17-r1.pbqp,7939ad78cac37db0e8261146ed662ab4ff308c5098adac78fca5d83ea28c43b9,# /tmp/pcaa-corpus-ll/MachineBasicBlock.ll._ZN4llvm17MachineBasicBlock17SplitCriticalEdgeEPS0_RKNS0_25SplitCriticalEdgeAnalysesEPSt6vectorINS_15SparseBitVectorILj128EEESaIS7_EEPNS_21MachineDomTreeUpdaterE round 1,423,1395,153,7,17,14.548463356973995,"[16,16,7,7,7,16,16,15,14,16,15,16,16,16,16,16,16,16,16,7,7,7,7,7,16,7,16,16,16,16,16,7,7,7,7,7,7,7,7,16,7,16,7,7,7,7,7,7,16,17,16,16,7,16,16,16,16,16,7,16,7,16,16,16,16,16,16,14,16,16,16,16,16,16,14,16,16,16,7,16,16,15,16,14,15,16,7,16,16,16,16,7,16,16,16,16,7,7,7,7,17,16,16,15,16,15,16,16,14,7,17,16,16,16,15,16,16,16,16,16,16,12,11,10,16,16,15,16,15,16,16,14,16,16,16,16,16,17,7,17,17,7,16,15,16,16,16,7,16,16,16,16,16,16,16,16,7,16,17,16,16,16,16,16,17,17,16,16,16,16,16,16,16,16,16,16,16,16,16,16,16,16,16,16,16,16,16,16,7,16,16,16,17,16,16,16,16,16,17,14,12,11,16,16,16,16,16,16,16,15,7,7,16,7,16,16,7,7,7,7,7,7,16,16,16,16,7,16,7,16,7,16,16,16,16,16,16,16,7,7,7,7,16,16,16,16,16,16,7,7,7,7,7,16,16,16,16,7,7,16,16,16,16,16,16,16,16,16,16,16,16,16,16,13,16,16,16,16,16,16,16,16,16,16,16,16,16,16,16,16,16,16,16,16,16,16,16,16,16,16,16,16,16,16,16,16,16,16,16,16,16,16,16,16,16,16,16,16,16,16,16,16,16,16,16,16,16,16,16,16,16,16,16,16,16,16,16,16,16,16,16,16,16,16,16,16,16,16,16,16,16,16,16,13,16,16,16,16,16,16,16,16,16,16,16,16,16,16,16,16,16,16,16,16,16,16,16,16,16,16,16,16,16,16,16,16,16,16,16,16,16,16,16,16,16,16,16,16,15,14,16,16,16,16,16,16,16,16,16,16,16,16,16,16,16,16,16,16,16,16,16,16,16]",6154,194552
370-mbb-machinebasicblock-removepredecessor-n13-d16.pbqp,4f9243f5452a43f44d7798e7f1bca5d7645feead03446fa505fa8569e28a74d3,# /tmp/pcaa-corpus-ll/MachineBasicBlock.ll._ZN4llvm17MachineBasicBlock17removePredecessorEPS0_ round 0,13,61,12,7,16,15.0,"[16,16,16,16,16,16,16,14,7,15,16,16,15]",195,13225
371-mbb-machinebasicblock-rfindprevdebugloc-n6-d16.pbqp,58a8074df0b5fc445c5d42bca80a9e07bff8ef38492e47153d326be1965ca9fc,# /tmp/pcaa-corpus-ll/MachineBasicBlock.ll._ZN4llvm17MachineBasicBlock17rfindPrevDebugLocENS_14ilist_iteratorINS_12ilist_detail12node_optionsINS_12MachineInstrELb1ELb1EvLb0EvEELb1ELb0EEE round 0,6,7,4,15,16,15.833333333333334,"[16,15,16,16,16,16]",95,1776
372-mbb-machinebasicblock-sortuniqueliveins-n50-d17.pbqp,aa58a12884da66edfecf0a66b207c05d08543f27793751ee93c4ed3e496b5938,# /tmp/pcaa-corpus-ll/MachineBasicBlock.ll._ZN4llvm17MachineBasicBlock17sortUniqueLiveInsEv round 0,50,199,40,7,17,14.48,"[7,7,16,16,16,16,7,16,14,16,16,16,7,7,16,14,16,16,17,16,16,17,16,17,17,16,16,17,16,16,17,17,17,16,16,17,16,16,7,7,16,16,7,16,7,16,16,16,16,16]",724,25901
373-mbb-machinebasicblock-sortuniqueliveins-n54-d17-r1.pbqp,7a304a4f1532c4bd3901e937712415ef5cfdbd874e27d559201477932fdc6306,# /tmp/pcaa-corpus-ll/MachineBasicBlock.ll._ZN4llvm17MachineBasicBlock17sortUniqueLiveInsEv round 1,54,162,35,7,17,14.75925925925926,"[7,7,16,16,16,16,7,16,14,16,16,16,7,16,14,16,16,17,16,16,17,16,17,17,16,16,17,16,16,17,17,17,16,16,17,16,16,7,7,16,16,7,16,7,16,16,16,16,16,16,16,16,16,16]",797,22577
374-mbb-machinebasicblock-findbranchdebugloc-n16-d16.pbqp,b8b221f93825dd59c4648344165cfbaaa841483d506999a4bc089f6dfe6032a0,# /tmp/pcaa-corpus-ll/MachineBasicBlock.ll._ZN4llvm17MachineBasicBlock18findBranchDebugLocEv round 0,16,45,15,7,16,13.6875,"[7,16,16,16,16,16,16,16,16,16,16,15,7,16,7,7]",219,5280
375-mbb-machinebasicblock-getfirstterminator-n16-d16.pbqp,3593426704d1b1068012d13b251c79fec73ae62b03c49ec983334cab7d86529e,# /tmp/pcaa-corpus-ll/MachineBasicBlock.ll._ZN4llvm17MachineBasicBlock18getFirstTerminatorEv round 0,16,44,15,7,16,14.3125,"[7,7,7,16,16,16,16,16,16,16,16,16,16,16,16,16]",229,5747
376-mbb-machinebasicblock-replacephiuseswith-n18-d16.pbqp,07c22a0ec4b6267b2be5e06e15562127d86f977dbf331d8085bf950ac5b98dbc,# /tmp/pcaa-corpus-ll/MachineBasicBlock.ll._ZN4llvm17MachineBasicBlock18replacePhiUsesWithEPS0_S1_ round 0,18,89,17,14,16,15.833333333333334,"[16,16,16,16,16,16,15,14,16,16,16,16,16,16,16,16,16,16]",285,21970
377-mbb-machinebasicblock-setsuccprobability-n4-d16.pbqp,b1ceba69b38b56c16268e323442bc904c6a44483a48b6916e995dabb5907ab4a,# /tmp/pcaa-corpus-ll/MachineBasicBlock.ll._ZN4llvm17MachineBasicBlock18setSuccProbabilityEPPS0_NS_17BranchProbabilityE round 0,4,6,3,14,16,15.25,"[16,16,14,15]",61,1394
378-mbb-machinebasicblock-transfersuccessors-n20-d16.pbqp,98d581a7696a7a61500f626b1ffb73f31f8e6081f48e14a600cea4e534673ce0,# /tmp/pcaa-corpus-ll/MachineBasicBlock.ll._ZN4llvm17MachineBasicBlock18transferSuccessorsEPS0_ round 0,20,93,19,7,16,14.05,"[7,7,16,16,16,16,16,16,16,16,16,16,16,7,7,16,14,16,16,15]",281,13314
379-mbb-machinebasicblock-getlastnondebugins-n8-d16.pbqp,1985986fb4ecf7ec1a7b0342a70f4b2833d229db08cad713c26818b54a0936be,# /tmp/pcaa-corpus-ll/MachineBasicBlock.ll._ZN4llvm17MachineBasicBlock20getLastNonDebugInstrEb round 0,8,25,7,15,16,15.875,"[16,15,16,16,16,16,16,16]",127,6288
380-mbb-machinebasicblock-getfirstnondebugin-n7-d16.pbqp,5dd22f9490028697519cae26e89c07b0fea1ac5c02a30d949a9980fa5283a1e0,# /tmp/pcaa-corpus-ll/MachineBasicBlock.ll._ZN4llvm17MachineBasicBlock21getFirstNonDebugInstrEb round 0,7,18,6,15,16,15.857142857142858,"[16,15,16,16,16,16,16]",111,4512
381-mbb-machinebasicblock-replaceusesofblock-n15-d16.pbqp,5ae884d45612567ef0cacdf20aa366bc970629597f7a2366b1856cc81db8f9ac,# /tmp/pcaa-corpus-ll/MachineBasicBlock.ll._ZN4llvm17MachineBasicBlock22ReplaceUsesOfBlockWithEPS0_S1_ round 0,15,61,14,7,16,13.6,"[16,16,16,7,7,7,16,16,16,16,16,16,16,7,16]",204,8038
382-mbb-machinebasicblock-skipphislabelsandd-n11-d16.pbqp,724a79d536fecae36f3830f579f34591051efd5f2f6112eaa774d7256f609a66,# /tmp/pcaa-corpus-ll/MachineBasicBlock.ll._ZN4llvm17MachineBasicBlock22SkipPHIsLabelsAndDebugENS_26MachineInstrBundleIteratorINS_12MachineInstrELb0EEENS_8RegisterEb round 0,11,38,10,7,16,11.545454545454545,"[7,7,7,7,16,16,15,16,13,16,7]",127,3621
383-mbb-machinebasicblock-getprobabilityiter-n2-d16.pbqp,472f48a9b58de93d4ed4ed309b53c88468c8a99557ec22f999c29d7cfca38efd,# /tmp/pcaa-corpus-ll/MachineBasicBlock.ll._ZN4llvm17MachineBasicBlock22getProbabilityIteratorEPPS0_ round 0,2,1,1,15,16,15.5,"[16,15]",31,240
384-mbb-machinebasicblock-addsuccessorwithou-n8-d16.pbqp,73de4f1f7dcaaf9267b69df94557cd43a2e6de92b1e40d73d56de19141b8629b,# /tmp/pcaa-corpus-ll/MachineBasicBlock.ll._ZN4llvm17MachineBasicBlock23addSuccessorWithoutProbEPS0_ round 0,8,15,7,7,16,13.75,"[16,16,16,7,16,7,16,16]",110,1905
385-mbb-machinebasicblock-getfirstinstrtermi-n14-d16.pbqp,86cc6cba6da31c0d9879c429f50414a06ae591c77efde9196f9b7521b74076f3,# /tmp/pcaa-corpus-ll/MachineBasicBlock.ll._ZN4llvm17MachineBasicBlock23getFirstInstrTerminatorEv round 0,14,35,13,7,16,14.071428571428571,"[7,7,16,16,16,16,16,16,16,16,16,16,16,7]",197,4307
386-mbb-machinebasicblock-getfirstterminator-n19-d16.pbqp,c3b3008b10ceaccde0b532118f8d16d70744facb5d63bb5fa6db4288b7581edf,# /tmp/pcaa-corpus-ll/MachineBasicBlock.ll._ZN4llvm17MachineBasicBlock25getFirstTerminatorForwardEv round 0,19,40,18,7,16,15.052631578947368,"[7,16,16,16,16,16,16,16,16,16,16,16,16,16,16,16,16,16,7]",286,5137
387-mbb-machinebasicblock-removeliveinoverla-n45-d17.pbqp,cf9e797f9fca0203e581ad210344e01f6206b5dab93e576d2ae59707c573a0f2,# /tmp/pcaa-corpus-ll/MachineBasicBlock.ll._ZN4llvm17MachineBasicBlock26removeLiveInOverlappedWithENS_10MCRegisterE round 0,45,270,42,7,17,14.28888888888889,"[7,16,16,16,16,15,16,16,16,16,16,16,16,16,15,14,7,7,16,16,15,16,7,17,16,16,16,16,16,16,16,16,16,16,17,16,14,7,7,16,7,7,16,16,16]",643,39541
388-mbb-machinebasicblock-transfersuccessors-n95-d17.pbqp,b31935f18b9a85e9e4af236b6339a40bfb1ead1af7517ab8f2d50c99a0acc57e,# /tmp/pcaa-corpus-ll/MachineBasicBlock.ll._ZN4llvm17MachineBasicBlock31transferSuccessorsAndUpdatePHIsEPS0_ round 0,95,519,43,7,17,15.6,"[7,16,16,16,16,16,16,16,16,16,16,16,7,16,16,16,16,16,14,14,14,16,16,16,17,14,16,16,16,7,7,16,14,16,16,16,16,16,16,16,16,16,17,17,17,17,17,17,17,17,16,16,16,17,17,16,16,16,16,17,16,16,16,16,16,16,16,16,14,16,17,15,16,16,16,16,16,17,17,17,17,16,14,14,16,16,16,16,16,16,16,14,16,16,16]",1482,110131
389-mbb-machinebasicblock-removephisincoming-n5-d16.pbqp,fe1feffc8beac44e42fe19b721afe862552bb1ee3bbc742585af67e769c69db2,# /tmp/pcaa-corpus-ll/MachineBasicBlock.ll._ZN4llvm17MachineBasicBlock38removePHIsIncomingValuesForPredecessorERKS0_ round 0,5,10,4,7,16,10.6,"[16,7,16,7,7]",53,1075
390-mbb-machinebasicblock-erase-n12-d16.pbqp,64e9715cebf6e18844e599a03380f873a244b5aabaa7cc567d6d6611956bc89b,# /tmp/pcaa-corpus-ll/MachineBasicBlock.ll._ZN4llvm17MachineBasicBlock5eraseENS_14ilist_iteratorINS_12ilist_detail12node_optionsINS_12MachineInstrELb1ELb1EvLb0EvEELb0ELb0EEE round 0,12,30,11,7,16,12.916666666666666,"[7,7,7,7,16,15,16,16,16,16,16,16]",155,3537
391-mbb-machinebasicblock-insert-n10-d16.pbqp,ffdd8238af96bb7d19f101bd9ae388c405ade6f577f1ec0437dc79ea0296e91d,# /tmp/pcaa-corpus-ll/MachineBasicBlock.ll._ZN4llvm17MachineBasicBlock6insertENS_14ilist_iteratorINS_12ilist_detail12node_optionsINS_12MachineInstrELb1ELb1EvLb0EvEELb0ELb0EEEPS4_ round 0,10,20,9,7,16,13.2,"[16,7,7,16,16,7,15,16,16,16]",132,2318
392-mbb-machinebasicblock-splitat-n39-d16.pbqp,836f91802c629037c1ccbf536ddc33cd425955e181e76184c0c75290354f5595,# /tmp/pcaa-corpus-ll/MachineBasicBlock.ll._ZN4llvm17MachineBasicBlock7splitAtERNS_12MachineInstrEbPNS_13LiveIntervalsE round 0,39,268,37,7,16,12.897435897435898,"[7,7,7,7,7,16,16,16,16,16,7,7,7,7,16,15,16,16,16,16,16,16,7,14,7,16,16,16,16,16,16,16,16,15,16,16,7,16,7]",503,28972
393-mbb-machinebasicblock-splitat-n39-d16-r1.pbqp,0d1b90e8156120de191bb710f8a16144afb8de7b7d0d83c3195070031a31d33b,# /tmp/pcaa-corpus-ll/MachineBasicBlock.ll._ZN4llvm17MachineBasicBlock7splitAtERNS_12MachineInstrEbPNS_13LiveIntervalsE round 1,39,159,35,7,16,13.820512820512821,"[7,7,7,16,16,16,16,16,7,7,16,15,16,16,16,16,16,16,7,14,7,16,16,16,16,16,16,16,16,15,16,16,7,16,7,16,16,16,16]",539,19526
394-mbb-machinebasicblock-addlivein-n43-d17.pbqp,f81832fea958b7b417e6a0f1f55dd283ff2aaf6367caeccfda000e5b9a5a44d4,# /tmp/pcaa-corpus-ll/MachineBasicBlock.ll._ZN4llvm17MachineBasicBlock9addLiveInENS_10MCRegisterEPKNS_15MCRegisterClassE round 0,43,214,38,7,17,12.418604651162791,"[16,16,16,7,7,7,7,16,7,7,7,7,7,7,7,16,16,15,16,13,16,16,16,15,7,16,13,14,14,16,14,16,7,16,17,7,16,16,7,7,17,17,17]",534,20472
395-mbb-machinebasicblock-addlivein-n42-d17-r1.pbqp,ec019a4bc7b8dd6c2f9a1d20b3e508770a82d22852e55536f8aac2a202123222,# /tmp/pcaa-corpus-ll/MachineBasicBlock.ll._ZN4llvm17MachineBasicBlock9addLiveInENS_10MCRegisterEPKNS_15MCRegisterClassE round 1,42,160,36,7,17,13.19047619047619,"[16,16,16,7,7,7,7,16,7,7,7,7,7,16,16,15,16,13,16,16,16,15,16,13,14,14,16,14,16,7,16,17,7,16,16,7,17,17,17,16,16,16]",554,16781
396-mbb-machinebasicblock-moveafter-n7-d16.pbqp,b6edd4c9938f320c60af654fd77be1b397366a715c4fbf88746e8768d2a3e313,# /tmp/pcaa-corpus-ll/MachineBasicBlock.ll._ZN4llvm17MachineBasicBlock9moveAfterEPS0_ round 0,7,14,6,15,16,15.857142857142858,"[16,16,16,15,16,16,16]",111,3568
397-mbb-machinebasicblock-machinebasicblock-n13-d17.pbqp,7880cd9d23f13fa009a965ac0f61b2b5ddb4ac8a96bf02dc144314028478c965,# /tmp/pcaa-corpus-ll/MachineBasicBlock.ll._ZN4llvm17MachineBasicBlockC2ERNS_15MachineFunctionEPKNS_10BasicBlockE round 0,13,22,11,7,17,15.076923076923077,"[7,15,14,17,16,16,16,16,16,16,16,15,16]",196,3718
398-mbb-machinebasicblock-machinebasicblock-n11-d16.pbqp,a43123d779adcd8217dd6f2584c50a196e9151255623bdfc6d7dc0b1c1879d71,# /tmp/pcaa-corpus-ll/MachineBasicBlock.ll._ZN4llvm17MachineBasicBlockD2Ev round 0,11,15,10,7,16,14.909090909090908,"[16,15,16,15,16,16,16,16,16,7,15]",164,2331
399-mbb-llvm-printmbbreference-n2-d16.pbqp,8ce8f734cf580a031c886970c03fd7d78bb15806a69b103a8686c2471d9847c6,# /tmp/pcaa-corpus-ll/MachineBasicBlock.ll._ZN4llvm17printMBBReferenceERKNS_17MachineBasicBlockE round 0,2,1,1,15,16,15.5,"[15,16]",31,240
400-mbb-bumpptrallocatorimpl-allocateslow-n17-d16.pbqp,56017277fbf215d6d4bf6eee69ea9ea406e95f0a684916038d097be0e441c553,# /tmp/pcaa-corpus-ll/MachineBasicBlock.ll._ZN4llvm20BumpPtrAllocatorImplINS_15MallocAllocatorELm4096ELm4096ELm128ELm8EE12AllocateSlowEmmNS_5AlignE round 0,17,70,16,7,16,11.647058823529411,"[7,7,7,16,7,7,16,7,14,16,16,16,16,7,16,16,7]",198,6795
401-mbb-ilist-callback-traits-addnodetolist-n15-d16.pbqp,dbb34d81748b0d6b980bbc8f650fa7b0e05b1792a0ec5722d5d615925f22416f,# /tmp/pcaa-corpus-ll/MachineBasicBlock.ll._ZN4llvm21ilist_callback_traitsINS_17MachineBasicBlockEE13addNodeToListEPS1_ round 0,15,48,14,7,16,10.6,"[7,7,7,7,7,16,7,16,16,16,16,7,7,7,16]",159,3945
402-mbb-ilist-callback-traits-addnodetolist-n15-d16-r1.pbqp,19352c872ee8d9c957f509ec93c326c07e9cf72b1c56157323f2201994fcc643,# /tmp/pcaa-corpus-ll/MachineBasicBlock.ll._ZN4llvm21ilist_callback_traitsINS_17MachineBasicBlockEE13addNodeToListEPS1_ round 1,15,42,14,7,16,11.2,"[7,7,7,7,16,7,16,16,16,16,7,7,7,16,16]",168,3651
403-mbb-ilist-callback-traits-removenodefrom-n4-d16.pbqp,38a92c24c44f9c76648d6d2ca4a68d02712199095dc30d24e89997eb45e98c5c,# /tmp/pcaa-corpus-ll/MachineBasicBlock.ll._ZN4llvm21ilist_callback_traitsINS_17MachineBasicBlockEE18removeNodeFromListEPS1_ round 0,4,5,3,16,16,16.0,"[16,16,16,16]",64,1280
404-mbb-smallvectortemplatebase-growandpushb-n6-d16.pbqp,1d96d057816f07db1b2fb4dd559bdd7aac74ef835952733154b4400a8441583f,# /tmp/pcaa-corpus-ll/MachineBasicBlock.ll._ZN4llvm23SmallVectorTemplateBaseINS_8RegisterELb1EE15growAndPushBackES1_ round 0,6,11,5,7,16,12.166666666666666,"[7,7,13,14,16,16]",73,1313
405-mbb-smallvectortemplatebase-growandpushb-n6-d16.pbqp,67c8fe1c15b4761303592ea690c17a4a306aa29ea2befda499e2789e49883a11,# /tmp/pcaa-corpus-ll/MachineBasicBlock.ll._ZN4llvm23SmallVectorTemplateBaseIPNS_12MachineInstrELb1EE15growAndPushBackES2_ round 0,6,11,5,7,16,12.166666666666666,"[7,7,13,14,16,16]",73,1313
406-mbb-smallvectortemplatebase-growandpushb-n6-d16.pbqp,b98b483fd9bbf01ecb19d89f63c6acf66154baa576bf8fcaf8e75174cd0443b0,# /tmp/pcaa-corpus-ll/MachineBasicBlock.ll._ZN4llvm23SmallVectorTemplateBaseIPNS_17MachineBasicBlockELb1EE15growAndPushBackES2_ round 0,6,11,5,7,16,12.166666666666666,"[7,7,13,14,16,16]",73,1313
407-mbb-smallvectortemplatebase-growandpushb-n6-d16.pbqp,d1c3f5c64193ed3c74efb50eed193ba064949428d7db305483149f77797d5a21,# /tmp/pcaa-corpus-ll/MachineBasicBlock.ll._ZN4llvm23SmallVectorTemplateBaseIPvLb1EE15growAndPushBackES1_ round 0,6,11,5,7,16,12.166666666666666,"[7,7,13,14,16,16]",73,1313
408-mbb-smallvectortemplatebase-growandpushb-n7-d16.pbqp,5fa1b7911d96895a62b4f41184d6cc9518440bd4a2267ee5826955d4434ab273,# /tmp/pcaa-corpus-ll/MachineBasicBlock.ll._ZN4llvm23SmallVectorTemplateBaseISt4pairINS_9SlotIndexEPNS_17MachineBasicBlockEELb1EE15growAndPushBackES5_ round 0,7,17,6,7,16,11.428571428571429,"[7,7,7,13,14,16,16]",80,1824
409-mbb-smallvectortemplatebase-growandpushb-n7-d16.pbqp,ced1980ebf5d2c7680dfd3ae79b1c7a03e133541f910dc171bdf3d7dbac3e817,# /tmp/pcaa-corpus-ll/MachineBasicBlock.ll._ZN4llvm23SmallVectorTemplateBaseISt4pairINS_9SlotIndexES2_ELb1EE15growAndPushBackES3_ round 0,7,17,6,7,16,11.428571428571429,"[7,7,7,13,14,16,16]",80,1824
410-mbb-smallvectortemplatebase-growandpushb-n7-d16.pbqp,7ed150c92364c1e97573f64aa3615154fee32a66c60f70bf7ebc67b6dec88732,# /tmp/pcaa-corpus-ll/MachineBasicBlock.ll._ZN4llvm23SmallVectorTemplateBaseISt4pairIPvmELb1EE15growAndPushBackES3_ round 0,7,17,6,7,16,11.428571428571429,"[7,7,7,13,14,16,16]",80,1824
411-mbb-opt-opt-n7-d16.pbqp,3d7c1862d878f8cce9dfbb7550fd61cbf0d41909dd07050063ef1d0bb03d8ac0,# /tmp/pcaa-corpus-ll/MachineBasicBlock.ll._ZN4llvm2cl3optIbLb0ENS0_6parserIbEEED2Ev round 0,7,7,6,7,16,14.142857142857142,"[13,16,16,15,16,16,7]",99,839
412-mbb-llvm-buildmi-n19-d17.pbqp,67dccb5c55b60d0ce47978e1f092f9a6b8717666280601b1fe82b93764a8a775,# /tmp/pcaa-corpus-ll/MachineBasicBlock.ll._ZN4llvm7BuildMIERNS_17MachineBasicBlockENS_26MachineInstrBundleIteratorINS_12MachineInstrELb0EEERKNS_10MIMetadataERKNS_11MCInstrDescENS_8RegisterE round 0,19,71,17,7,17,12.0,"[7,7,14,14,14,7,7,7,13,7,14,16,7,15,16,16,16,17,14]",228,6507
413-mbb-smallset-insertimpl-n31-d16.pbqp,a46e75d5ca17142a066323dfe36071d587961c9a22e3a4716736e03cbe6a192a,# /tmp/pcaa-corpus-ll/MachineBasicBlock.ll._ZN4llvm8SmallSetINS_8RegisterELj8ESt4lessIS1_EE10insertImplIRKS1_EESt4pairINS_16SmallSetIteratorIS1_Lj8ES3_EEbEOT_ round 0,31,149,30,7,16,12.161290322580646,"[7,7,16,16,16,15,7,7,7,7,7,16,16,16,16,16,16,16,16,16,7,16,7,15,16,16,7,16,7,7,7]",377,15472
414-mbb-smallset-insertimpl-n37-d16-r1.pbqp,338b5df3b039f2b4f7d43e7499033e1ddee2f5954eb9ade3e8d9c318a2f2555a,# /tmp/pcaa-corpus-ll/MachineBasicBlock.ll._ZN4llvm8SmallSetINS_8RegisterELj8ESt4lessIS1_EE10insertImplIRKS1_EESt4pairINS_16SmallSetIteratorIS1_Lj8ES3_EEbEOT_ round 1,37,125,30,7,16,13.35135135135135,"[7,16,16,16,15,7,7,7,16,16,16,16,16,16,16,16,16,7,16,7,15,16,16,7,16,7,7,7,16,13,16,16,13,16,16,16,16]",494,14742
415-mbb-setvector-insert-n20-d16.pbqp,d5f63d2fa3e9e692987652e579337643aff03e9c458fc9b291bb05ef0ab9b70f,# /tmp/pcaa-corpus-ll/MachineBasicBlock.ll._ZN4llvm9SetVectorIPNS_12MachineInstrENS_11SmallVectorIS2_Lj2EEENS_8DenseSetIS2_NS_12DenseMapInfoIS2_vEEEELj2EE6insertERKS2_ round 0,20,73,19,7,16,13.2,"[7,16,16,16,16,16,16,16,16,15,16,7,7,16,16,7,15,16,7,7]",264,12333
416-mbb-setvector-remove-n37-d16.pbqp,40d447664543ee204df3171cc6b05874019065e919e93cd5ffcf3fcd11f0890e,# /tmp/pcaa-corpus-ll/MachineBasicBlock.ll._ZN4llvm9SetVectorIPNS_12MachineInstrENS_11SmallVectorIS2_Lj2EEENS_8DenseSetIS2_NS_12DenseMapInfoIS2_vEEEELj2EE6removeERKS2_ round 0,37,178,36,7,16,15.27027027027027,"[16,16,16,16,16,16,16,15,14,16,16,16,16,16,16,16,16,16,16,16,16,15,14,7,7,16,16,16,16,16,16,15,14,16,16,16,16]",565,36471
417-mbb-llvm-operator-n2-d15.pbqp,2e9c47c99ac10b6ca60a3158032be645472a090f9621bce0eef9b12c1fcb0e5c,# /tmp/pcaa-corpus-ll/MachineBasicBlock.ll._ZN4llvmlsERNS_11raw_ostreamERKNS_17MachineBasicBlockE round 0,2,1,1,7,15,11.0,"[7,15]",22,105
418-mbb-slotindexes-getindexafter-n21-d16.pbqp,1e45ba6ea337a46fe37835bb1889c39622175bf191449c2086ba6f61529fc2f9,# /tmp/pcaa-corpus-ll/MachineBasicBlock.ll._ZNK4llvm11SlotIndexes13getIndexAfterERKNS_12MachineInstrE round 0,21,133,18,15,16,15.952380952380953,"[16,16,16,16,16,16,16,16,16,16,16,16,16,16,16,16,16,16,16,15,16]",335,33776
419-mbb-slotindexes-getindexbefore-n19-d16.pbqp,1b8db871f380a5547ab6014f3effa92a38dce88976398f3beb368dfb02bfafd1,# /tmp/pcaa-corpus-ll/MachineBasicBlock.ll._ZNK4llvm11SlotIndexes14getIndexBeforeERKNS_12MachineInstrE round 0,19,131,17,15,16,15.947368421052632,"[16,16,16,16,16,16,16,16,16,16,16,16,16,16,16,16,15,16,16]",303,33264
420-mbb-slotindexes-getinstructionindex-n20-d16.pbqp,d005253efbea719ce5fb03e9d4f843253a46c93782139fbda8e62018e0b0021b,# /tmp/pcaa-corpus-ll/MachineBasicBlock.ll._ZNK4llvm11SlotIndexes19getInstructionIndexERKNS_12MachineInstrEb round 0,20,75,18,14,16,15.85,"[16,16,16,16,16,16,14,16,16,16,16,16,16,16,16,16,16,15,16,16]",317,18754
421-mbb-machinebasicblock-getfullname-abi-cx-n35-d16.pbqp,496de1e44ddaf7e5264d1b20b74831accef4eda338f930d81e260872ac2e8278,# /tmp/pcaa-corpus-ll/MachineBasicBlock.ll._ZNK4llvm17MachineBasicBlock11getFullNameB5cxx11Ev round 0,35,103,34,7,16,14.285714285714286,"[7,7,16,16,15,14,16,16,15,14,16,7,7,15,16,7,15,16,16,16,16,16,16,15,14,14,16,16,16,15,16,16,15,16,16]",500,14297
422-mbb-machinebasicblock-issuccessor-n10-d16.pbqp,2c558973e4774fca7683be89310ed1b29a316f371cfe0ec1985a00fa0cebf942,# /tmp/pcaa-corpus-ll/MachineBasicBlock.ll._ZNK4llvm17MachineBasicBlock11isSuccessorEPKS0_ round 0,10,30,8,15,16,15.9,"[16,16,16,16,16,16,16,15,16,16]",159,7552
423-mbb-machinebasicblock-getendsymbol-n9-d16.pbqp,3df1725b91d04d71d1e060d7a6dd0ff6a5c4e46bfcb1ab57e8c3c33b22895beb,# /tmp/pcaa-corpus-ll/MachineBasicBlock.ll._ZNK4llvm17MachineBasicBlock12getEndSymbolEv round 0,9,15,8,7,16,14.88888888888889,"[7,16,16,16,16,16,16,15,16]",134,2665
424-mbb-machinebasicblock-isentryblock-n3-d16.pbqp,2113326c74291b4f4551514067ccf1d8ce3e4d7a582ecda816addf0843283554,# /tmp/pcaa-corpus-ll/MachineBasicBlock.ll._ZNK4llvm17MachineBasicBlock12isEntryBlockEv round 0,3,1,1,16,16,16.0,"[16,16,16]",48,256
425-mbb-machinebasicblock-livein-begin-n2-d16.pbqp,8540264e2ab398d8e763bdd2f5e18faca1ea1fb2f2522882aa88bb54e52f7e7f,# /tmp/pcaa-corpus-ll/MachineBasicBlock.ll._ZNK4llvm17MachineBasicBlock12livein_beginEv round 0,2,0,0,16,16,16.0,"[16,16]",32,0
426-mbb-machinebasicblock-ispredecessor-n10-d16.pbqp,b7a1bfca43d0bf924e08bfd618ee013967456e3c65351545c5e37a4d031809d5,# /tmp/pcaa-corpus-ll/MachineBasicBlock.ll._ZNK4llvm17MachineBasicBlock13isPredecessorEPKS0_ round 0,10,30,8,15,16,15.9,"[16,16,16,16,16,16,16,15,16,16]",159,7552
427-mbb-machinebasicblock-liveout-begin-n23-d16.pbqp,f070913817f6c60244785b4ad3722e035f5fc91aa2abfe987a726ae503c95962,# /tmp/pcaa-corpus-ll/MachineBasicBlock.ll._ZNK4llvm17MachineBasicBlock13liveout_beginEv round 0,23,102,22,7,16,12.956521739130435,"[7,7,16,7,16,7,16,7,7,16,15,16,16,16,13,13,16,16,7,16,16,16,16]",298,13784
428-mbb-machinebasicblock-printasoperand-n7-d16.pbqp,41800c71a6666a002437134ed4ddf7e848709d8049d5db892741090860fe5d06,# /tmp/pcaa-corpus-ll/MachineBasicBlock.ll._ZNK4llvm17MachineBasicBlock14printAsOperandERNS_11raw_ostreamEb round 0,7,12,6,7,16,13.285714285714286,"[16,16,7,16,16,15,7]",93,1562
429-mbb-machinebasicblock-getehcontsymbol-n22-d17.pbqp,8a9bba50888fca03126a9ef13c2bca739d45d477a7cb3a2e62eb5ae27db3e8a5,# /tmp/pcaa-corpus-ll/MachineBasicBlock.ll._ZNK4llvm17MachineBasicBlock15getEHContSymbolEv round 0,22,56,19,7,17,14.227272727272727,"[7,7,16,16,16,7,17,16,16,16,16,14,15,16,16,16,15,7,16,17,15,16]",313,6477
430-mbb-machinebasicblock-getendclobbermask-n12-d16.pbqp,77205ec785ad6d7d36ace34a99b6409f5778261c193bdc4a37b6414dd9a2046c,# /tmp/pcaa-corpus-ll/MachineBasicBlock.ll._ZNK4llvm17MachineBasicBlock17getEndClobberMaskEPKNS_18TargetRegisterInfoE round 0,12,30,10,7,16,13.75,"[7,7,16,16,16,16,16,16,16,8,15,16]",165,4771
431-mbb-machinebasicblock-hasehpadsuccessor-n7-d16.pbqp,18a1e8f74da8911bba87ddefc5fbe0af14dc32e31f43c020ccb22a1803c9a932,# /tmp/pcaa-corpus-ll/MachineBasicBlock.ll._ZNK4llvm17MachineBasicBlock17hasEHPadSuccessorEv round 0,7,13,6,16,16,16.0,"[16,16,16,16,16,16,16]",112,3328
432-mbb-machinebasicblock-islayoutsuccessor-n3-d16.pbqp,4a5d57e6a93b01d2f4ae490eb61b7e14440a2fa072e511eeb099abf7125d8495,# /tmp/pcaa-corpus-ll/MachineBasicBlock.ll._ZNK4llvm17MachineBasicBlock17isLayoutSuccessorEPKS0_ round 0,3,1,1,15,16,15.666666666666666,"[16,15,16]",47,240
433-mbb-machinebasicblock-getsinglesuccessor-n3-d16.pbqp,9805f7b8dc88ba60b09cd447311e36afa5fd94cd080a20709a4d5524e3dcf758,# /tmp/pcaa-corpus-ll/MachineBasicBlock.ll._ZNK4llvm17MachineBasicBlock18getSingleSuccessorEv round 0,3,0,0,16,16,16.0,"[16,16,16]",48,0
434-mbb-machinebasicblock-getsuccprobability-n17-d16.pbqp,d86afdfaf125a5967ae964fba2ce92610307ee9cdddd59fd513fad1676f20732,# /tmp/pcaa-corpus-ll/MachineBasicBlock.ll._ZNK4llvm17MachineBasicBlock18getSuccProbabilityEPKPS0_ round 0,17,60,13,14,16,15.705882352941176,"[16,14,14,16,16,15,16,16,16,16,16,16,16,16,16,16,16]",267,14802
435-mbb-machinebasicblock-islegaltohoistinto-n18-d16.pbqp,6ff10c3480e27b855e62275952306906be65b1d7ae186c7c20701ceab6db1e92,# /tmp/pcaa-corpus-ll/MachineBasicBlock.ll._ZNK4llvm17MachineBasicBlock18isLegalToHoistIntoEv round 0,18,38,10,7,16,15.444444444444445,"[16,16,16,7,16,16,16,16,16,16,16,16,16,16,15,16,16,16]",278,8185
436-mbb-machinebasicblock-mayhaveinlineasmbr-n7-d16.pbqp,ac5f9bc18f914b4237eae376fd7f57a94c3aed59c6c78c9181d6c29d39721ceb,# /tmp/pcaa-corpus-ll/MachineBasicBlock.ll._ZNK4llvm17MachineBasicBlock18mayHaveInlineAsmBrEv round 0,7,13,6,16,16,16.0,"[16,16,16,16,16,16,16]",112,3328
437-mbb-machinebasicblock-getbeginclobbermas-n3-d16.pbqp,728fcf2f11faae205137ccf058818c622c20f011efec9526caa31ae1cad75951,# /tmp/pcaa-corpus-ll/MachineBasicBlock.ll._ZNK4llvm17MachineBasicBlock19getBeginClobberMaskEPKNS_18TargetRegisterInfoE round 0,3,2,2,8,16,13.0,"[16,15,8]",39,360
438-mbb-machinebasicblock-cansplitcriticaled-n60-d16.pbqp,27e16c8b85fcda927c5e61cced407f4add4fa002e13b5c4dc0044e6225f6011b,# /tmp/pcaa-corpus-ll/MachineBasicBlock.ll._ZNK4llvm17MachineBasicBlock20canSplitCriticalEdgeEPKS0_PKNS_15MachineLoopInfoE round 0,60,362,55,7,16,12.616666666666667,"[7,16,16,7,16,7,7,7,7,7,7,7,16,7,16,16,7,15,14,16,16,16,16,16,16,15,16,14,7,16,16,16,16,15,7,10,7,7,7,16,16,16,16,15,16,14,16,16,15,16,10,14,13,12,7,16,16,7,16,7]",757,35445
439-mbb-machinebasicblock-cansplitcriticaled-n62-d16-r1.pbqp,441806d96512afe7c09364ef8d684f72514a07da730a87fef26f14abf37c68e7,# /tmp/pcaa-corpus-ll/MachineBasicBlock.ll._ZNK4llvm17MachineBasicBlock20canSplitCriticalEdgeEPKS0_PKNS_15MachineLoopInfoE round 1,62,223,57,7,16,13.741935483870968,"[7,16,16,7,16,7,7,7,7,16,7,16,16,7,15,14,16,16,16,16,16,16,15,16,14,16,16,16,16,15,7,10,16,16,16,16,15,16,14,16,16,15,16,10,14,13,12,7,16,16,16,7,16,16,16,16,16,14,13,12,16,16]",852,25805
440-mbb-machinebasicblock-getsinglepredecess-n3-d16.pbqp,1cf6efe6f343ee75ab3e5543d9a3a997ca9da76cbcd470beea297d7f20263b71,# /tmp/pcaa-corpus-ll/MachineBasicBlock.ll._ZNK4llvm17MachineBasicBlock20getSinglePredecessorEv round 0,3,0,0,16,16,16.0,"[16,16,16]",48,0
441-mbb-machinebasicblock-getprobabilityiter-n2-d16.pbqp,818e80d44ba20e68cfd5038bf3113bec34222e4cd270ba7792c78c2eeba05894,# /tmp/pcaa-corpus-ll/MachineBasicBlock.ll._ZNK4llvm17MachineBasicBlock22getProbabilityIteratorEPKPS0_ round 0,2,1,1,15,16,15.5,"[16,15]",31,240
442-mbb-machinebasicblock-computeregisterliv-n40-d16.pbqp,2ef6d106ca5acc066348633ea883905017397bd1eb899ff24f97df5b954f8556,# /tmp/pcaa-corpus-ll/MachineBasicBlock.ll._ZNK4llvm17MachineBasicBlock23computeRegisterLivenessEPKNS_18TargetRegisterInfoENS_10MCRegisterENS_26MachineInstrBundleIteratorIKNS_12MachineInstrELb0EEEj round 0,40,231,39,7,16,11.9,"[7,7,7,7,7,7,7,16,16,7,7,7,7,16,16,16,16,16,16,7,16,16,16,16,16,16,16,7,7,7,16,16,7,7,16,15,16,16,7,15]",476,23771
443-mbb-machinebasicblock-computeregisterliv-n46-d16-r1.pbqp,639f150f66653ca571780d674a10a2150d59eb9ce68651a0b0f8ace5224b8d05,# /tmp/pcaa-corpus-ll/MachineBasicBlock.ll._ZNK4llvm17MachineBasicBlock23computeRegisterLivenessEPKNS_18TargetRegisterInfoENS_10MCRegisterENS_26MachineInstrBundleIteratorIKNS_12MachineInstrELb0EEEj round 1,46,178,45,7,16,13.021739130434783,"[7,7,7,7,7,7,16,16,7,7,16,16,16,16,16,16,7,16,16,16,16,16,16,16,7,7,7,16,16,7,7,16,15,16,16,7,15,16,16,16,16,16,16,16,16,16]",599,20016
444-mbb-machinebasicblock-sizewithoutdebugla-n9-d16.pbqp,80b829c4071eb235fabcc750df75ec396efc5639ec8a98dc4d8e323637ee1562,# /tmp/pcaa-corpus-ll/MachineBasicBlock.ll._ZNK4llvm17MachineBasicBlock26sizeWithoutDebugLargerThanEj round 0,9,28,8,15,16,15.88888888888889,"[16,15,16,16,16,16,16,16,16]",143,7040
445-mbb-machinebasicblock-canpredictbranchpr-n139-d17.pbqp,d917ba83ea7e76216d099cf57baae32b26fd6364c8402bee02ef233d51b0d8c0,# /tmp/pcaa-corpus-ll/MachineBasicBlock.ll._ZNK4llvm17MachineBasicBlock29canPredictBranchProbabilitiesEv round 0,139,1001,103,7,17,15.302158273381295,"[7,7,7,14,14,7,14,14,16,7,16,14,16,16,17,16,16,7,7,14,14,14,16,14,16,17,16,16,16,16,7,15,16,16,7,16,17,17,17,17,17,17,17,17,16,16,16,17,17,16,16,16,16,17,16,16,16,16,16,16,16,16,16,17,15,16,14,16,17,17,17,17,17,17,17,17,16,16,16,17,17,16,16,16,16,17,16,16,16,16,16,16,16,16,16,17,16,7,16,16,16,17,17,17,17,16,14,14,16,16,16,16,16,16,16,16,16,16,16,17,17,17,17,16,14,14,16,16,16,16,14,16,16,16,16,16,7,16,16]",2127,178848
446-mbb-machinebasicblock-print-n18-d17.pbqp,72b3aca7b35178bc11c8cc4e66596af5476c32567ae7f6388ecb330e97953742,# /tmp/pcaa-corpus-ll/MachineBasicBlock.ll._ZNK4llvm17MachineBasicBlock5printERNS_11raw_ostreamEPKNS_11SlotIndexesEb round 0,18,37,13,7,17,12.944444444444445,"[16,16,7,7,7,7,15,7,12,16,17,17,17,17,16,16,16,7]",233,3477
447-mbb-machinebasicblock-print-n227-d17.pbqp,0e484b85fde5865df5ab37e6052ce2fb36254ba1eb67dffdab8127b4a91834fa,# /tmp/pcaa-corpus-ll/MachineBasicBlock.ll._ZNK4llvm17MachineBasicBlock5printERNS_11raw_ostreamERNS_17ModuleSlotTrackerEPKNS_11SlotIndexesEb round 0,227,2623,210,7,17,13.766519823788546,"[7,16,16,16,7,7,7,16,16,16,7,7,7,16,13,7,16,16,13,16,14,16,7,7,14,7,16,13,16,16,14,14,16,16,16,7,7,16,14,14,16,14,7,16,16,16,13,16,16,14,16,7,14,16,13,16,13,16,7,16,16,16,16,16,14,16,16,16,14,16,16,16,16,16,7,7,7,7,16,16,16,16,16,16,16,15,16,16,15,16,16,17,16,16,15,15,16,16,16,15,7,16,16,16,16,16,16,16,7,15,16,16,15,16,16,16,7,16,16,16,16,7,7,16,16,16,16,16,16,7,16,16,16,16,16,16,7,15,16,16,15,16,16,17,17,7,7,16,7,14,16,16,16,16,16,16,16,16,7,15,15,7,16,16,7,7,16,16,7,16,16,16,16,16,16,7,16,16,7,16,16,16,16,16,17,17,15,16,16,17,17,17,17,16,16,7,16,7,16,7,16,7,7,16,7,7,16,16,16,16,16,7,16,16,16,16,7,16,7,16,7,7,7,15,7,16,14]",3125,283280
448-mbb-machinebasicblock-print-n234-d17-r1.pbqp,d861bfdb2a495fdc464a868c8ddcf71d15a0075cf6bf5b2f31d946037629ec28,# /tmp/pcaa-corpus-ll/MachineBasicBlock.ll._ZNK4llvm17MachineBasicBlock5printERNS_11raw_ostreamERNS_17ModuleSlotTrackerEPKNS_11SlotIndexesEb round 1,234,1075,217,7,17,14.794871794871796,"[7,16,16,16,16,16,16,7,7,16,13,7,16,16,13,16,14,16,14,7,16,13,16,16,14,14,16,16,16,16,14,14,16,14,7,16,16,16,13,16,16,14,16,7,14,16,13,16,13,16,7,16,16,16,16,16,14,16,16,16,14,16,16,16,16,16,7,16,16,16,16,16,16,16,15,16,16,15,16,16,17,16,16,15,15,16,16,16,15,16,16,16,16,16,16,16,15,16,16,15,16,16,16,7,16,16,16,16,16,16,16,16,16,16,16,16,16,16,16,16,15,16,16,15,16,16,17,17,16,14,16,16,16,16,16,16,16,16,15,15,7,16,16,16,16,16,16,16,16,16,16,16,16,7,16,16,16,16,16,17,17,15,16,16,17,17,17,17,16,16,7,16,7,16,7,16,7,7,16,7,7,16,16,16,16,16,7,16,16,16,16,7,16,7,16,7,7,15,7,16,14,16,16,16,16,16,16,16,16,16,16,16,16,16,16,16,15,16,16,14,16,15,16,16,16,14,16,15,16,16,14,16,16,16]",3462,146279
449-mbb-machinebasicblock-getname-n4-d16.pbqp,de3805dbac30d5568ec7706489c5fc2855a7728f76b3b538507eeb7f9089cb36,# /tmp/pcaa-corpus-ll/MachineBasicBlock.ll._ZNK4llvm17MachineBasicBlock7getNameEv round 0,4,1,1,15,16,15.5,"[16,16,15,15]",62,225
450-mbb-machinebasicblock-hasname-n3-d16.pbqp,d5c9965522a25d43fce1142489a044ff8f81698faf9d2b053d00b34ee106872b,# /tmp/pcaa-corpus-ll/MachineBasicBlock.ll._ZNK4llvm17MachineBasicBlock7hasNameEv round 0,3,0,0,16,16,16.0,"[16,16,16]",48,0
451-mbb-machinebasicblock-islivein-n8-d16.pbqp,14d288e9e6370de6fd156a497c84331e8b3835ab5e7d7199b5f4836136a758cb,# /tmp/pcaa-corpus-ll/MachineBasicBlock.ll._ZNK4llvm17MachineBasicBlock8isLiveInENS_10MCRegisterENS_11LaneBitmaskE round 0,8,18,6,14,16,15.625,"[16,16,16,16,15,14,16,16]",125,4322
452-mbb-machinebasicblock-getsymbol-n29-d17.pbqp,8d6b8702d7d77911e3065a1fa1eadccce76ef2291592b35032b59feb296933d3,# /tmp/pcaa-corpus-ll/MachineBasicBlock.ll._ZNK4llvm17MachineBasicBlock9getSymbolEv round 0,29,101,27,7,17,13.89655172413793,"[7,7,7,16,16,7,16,7,16,16,16,16,14,15,16,16,16,16,15,15,16,15,15,16,17,15,7,16,16]",403,11684
453-mbb-machinebasicblock-printname-n121-d17.pbqp,70870ba727e78201411a1ce330db5d295138ef4aa6679c5437bab79273d28d8d,# /tmp/pcaa-corpus-ll/MachineBasicBlock.ll._ZNK4llvm17MachineBasicBlock9printNameERNS_11raw_ostreamEjPNS_17ModuleSlotTrackerE round 0,121,350,114,7,17,15.380165289256198,"[16,7,16,16,14,16,14,16,14,16,14,16,14,16,14,16,14,16,14,16,16,16,14,16,16,14,16,16,7,7,7,13,16,15,16,16,14,14,7,16,16,16,16,16,16,17,17,16,16,16,16,17,16,15,16,16,16,16,16,16,16,16,16,16,17,17,16,16,16,16,16,16,16,16,16,16,16,16,16,16,16,16,16,14,16,16,16,16,16,16,16,16,15,16,16,16,16,15,15,16,16,16,16,17,15,16,16,16,16,16,16,16,16,16,15,16,16,16,16,16,16]",1861,48691
454-mbb-optionvaluecopy-compare-n4-d16.pbqp,10f66e6ac8234474e8efbcb223eb3bb4eb5e79735bf3dece9d5acd3f01f31e26,# /tmp/pcaa-corpus-ll/MachineBasicBlock.ll._ZNK4llvm2cl15OptionValueCopyIbE7compareERKNS0_18GenericOptionValueE round 0,4,3,3,15,16,15.75,"[16,15,16,16]",63,752
455-mbb-function-handler-m-manager-n4-d16.pbqp,452c98577db669bfff42c22d37a829a96e231d42eeb86508e53e02e4d0613ada,# /tmp/pcaa-corpus-ll/MachineBasicBlock.ll._ZNSt17_Function_handlerIFvRN4llvm11raw_ostreamEEZNS0_13PrintLaneMaskENS0_11LaneBitmaskEEUlS2_E_E10_M_managerERSt9_Any_dataRKS7_St18_Manager_operation round 0,4,4,3,14,16,15.25,"[16,15,14,16]",61,930
456-mbb-function-handler-m-invoke-n5-d16.pbqp,5e88127fff8566d0c661556c41b618be36fc1c8167a175c394625f0dc8374ab2,# /tmp/pcaa-corpus-ll/MachineBasicBlock.ll._ZNSt17_Function_handlerIFvRN4llvm11raw_ostreamEEZNS0_13PrintLaneMaskENS0_11LaneBitmaskEEUlS2_E_E9_M_invokeERKSt9_Any_dataS2_ round 0,5,4,4,14,16,15.2,"[16,14,16,16,14]",76,868
457-mbb-function-handler-m-manager-n4-d16.pbqp,94d48ce08a9877a9bc760b46c253fe97cf3666e4d74c2f600e0dc56223112ab1,# /tmp/pcaa-corpus-ll/MachineBasicBlock.ll._ZNSt17_Function_handlerIFvRN4llvm11raw_ostreamEEZNS0_17printMBBReferenceERKNS0_17MachineBasicBlockEE3$_0E10_M_managerERSt9_Any_dataRKS9_St18_Manager_operation round 0,4,4,3,14,16,15.25,"[16,15,14,16]",61,930
458-mbb-function-handler-m-invoke-n8-d16.pbqp,027aa59408ce1495810bb09c57ffaa36522fcec7e826c226515e941726fbbb4e,# /tmp/pcaa-corpus-ll/MachineBasicBlock.ll._ZNSt17_Function_handlerIFvRN4llvm11raw_ostreamEEZNS0_17printMBBReferenceERKNS0_17MachineBasicBlockEE3$_0E9_M_invokeERKSt9_Any_dataS2_ round 0,8,13,7,7,16,13.625,"[7,16,16,16,16,16,15,7]",109,1674
459-mbb-set-insert-n14-d16.pbqp,2a001bd3f91178dd5e7521d2a0fb0994aabf7a272775b28088165ab97fa45a05,# /tmp/pcaa-corpus-ll/MachineBasicBlock.ll._ZNSt3setIN4llvm8RegisterESt4lessIS1_ESaIS1_EE6insertISt13move_iteratorIPS1_EEEvT_SA_ round 0,14,70,13,7,16,10.785714285714286,"[7,7,7,7,16,16,15,16,7,7,16,7,16,7]",151,6506
460-mbb-rb-tree-m-erase-n4-d15.pbqp,4ee14c6ff9cccfcf417db0f76c742a2d333ef5c11193b0490e69ae8a1a911591,# /tmp/pcaa-corpus-ll/MachineBasicBlock.ll._ZNSt8_Rb_treeIN4llvm8RegisterES1_St9_IdentityIS1_ESt4lessIS1_ESaIS1_EE8_M_eraseEPSt13_Rb_tree_nodeIS1_E round 0,4,5,3,7,15,9.0,"[7,7,15,7]",36,357
461-mbb-rb-tree-m-erase-n4-d15.pbqp,40c55532f326e8260b55fcb8e8c9ac2fcc1d6153aa1113a5b779f3db19cf7408,# /tmp/pcaa-corpus-ll/MachineBasicBlock.ll._ZNSt8_Rb_treeIN4llvm9LiveRange7SegmentES2_St9_IdentityIS2_ESt4lessIS2_ESaIS2_EE8_M_eraseEPSt13_Rb_tree_nodeIS2_E round 0,4,5,3,7,15,9.0,"[7,7,15,7]",36,357
462-mbb-std-adjust-heap-n33-d16.pbqp,5c8c8bd8543b5e05653acd23c7c4aa648212a55c9faa67a797931d64453b69ef,# /tmp/pcaa-corpus-ll/MachineBasicBlock.ll._ZSt13__adjust_heapIPSt4pairIN4llvm9SlotIndexEPNS1_17MachineBasicBlockEElS5_NS1_10less_firstEEvT_T0_S9_T1_T2_ round 0,33,236,32,12,16,15.696969696969697,"[16,16,16,16,16,16,16,15,13,12,16,16,16,16,16,16,16,16,16,16,14,16,16,16,16,16,16,16,16,16,16,16,16]",518,55779
463-mbb-std-introsort-loop-n82-d17.pbqp,9d42ed50628d3947a7e4f86954ba1c325c05abe5035a66418750f3fdc1b2c260,# /tmp/pcaa-corpus-ll/MachineBasicBlock.ll._ZSt16__introsort_loopIN9__gnu_cxx17__normal_iteratorIPN4llvm17MachineBasicBlock16RegisterMaskPairESt6vectorIS4_SaIS4_EEEElZNS3_17sortUniqueLiveInsEvE3$_0EvT_SB_T0_T1_ round 0,82,402,53,7,17,15.890243902439025,"[7,16,16,16,16,16,16,16,16,16,16,16,16,16,16,7,16,16,16,16,16,16,16,16,7,17,17,17,17,17,17,17,17,17,17,17,17,17,17,17,17,17,17,17,17,17,16,16,16,16,16,16,17,17,16,16,17,17,16,16,16,16,16,16,17,16,16,17,16,17,16,16,16,16,16,16,16,16,15,16,7,16]",1303,84314
464-mbb-std-introsort-loop-n82-d17-r1.pbqp,e4c8dc8c38c155440c27f23b68b1214a1c8418bb4436488149af0bd1042408b7,# /tmp/pcaa-corpus-ll/MachineBasicBlock.ll._ZSt16__introsort_loopIN9__gnu_cxx17__normal_iteratorIPN4llvm17MachineBasicBlock16RegisterMaskPairESt6vectorIS4_SaIS4_EEEElZNS3_17sortUniqueLiveInsEvE3$_0EvT_SB_T0_T1_ round 1,82,391,53,7,17,15.890243902439025,"[7,16,16,16,16,16,16,16,16,16,16,16,16,16,7,16,16,16,16,16,16,16,16,7,17,17,17,17,17,17,17,17,17,17,17,17,17,17,17,17,17,17,17,17,17,16,16,16,16,16,16,17,17,16,16,17,17,16,16,16,16,16,16,17,16,16,17,16,17,16,16,16,16,16,16,16,16,15,16,7,16,16]",1303,81498
465-mbb-std-introsort-loop-n30-d16.pbqp,dee6178d19398a2d33f56dffc2dc1ec24e49c67c05dc4efe0ffc62de482f0f38,# /tmp/pcaa-corpus-ll/MachineBasicBlock.ll._ZSt16__introsort_loopIPSt4pairIN4llvm9SlotIndexEPNS1_17MachineBasicBlockEElNS1_10less_firstEEvT_S8_T0_T1_ round 0,30,157,29,7,16,12.666666666666666,"[7,16,7,16,7,13,16,16,16,16,16,16,16,16,16,13,12,13,12,16,16,7,14,7,7,7,7,7,16,16]",380,21571
466-mbb-std-final-insertion-sort-n91-d17.pbqp,d21220502644a8324d33094e6bf345be14cba7f15f148e5efce3614d9356a884,# /tmp/pcaa-corpus-ll/MachineBasicBlock.ll._ZSt22__final_insertion_sortIPSt4pairIN4llvm9SlotIndexEPNS1_17MachineBasicBlockEENS1_10less_firstEEvT_S8_T0_ round 0,91,947,88,15,17,16.01098901098901,"[16,16,16,16,16,16,16,16,16,16,16,16,16,16,16,16,16,16,16,16,16,15,16,16,16,16,16,16,16,16,16,16,17,16,16,16,16,16,16,16,16,16,16,16,16,16,16,16,16,16,17,16,16,16,16,16,16,16,16,16,16,16,16,16,16,16,16,16,16,16,16,16,16,16,16,16,16,16,16,16,16,16,16,16,16,16,16,16,16,16,16]",1457,241024
467-mbb-std-final-insertion-sort-n96-d17-r1.pbqp,a79ce2b91cb22ad9733f516b42fec3f25da5d0f8281bb1ec38f4538e025dfca7,# /tmp/pcaa-corpus-ll/MachineBasicBlock.ll._ZSt22__final_insertion_sortIPSt4pairIN4llvm9SlotIndexEPNS1_17MachineBasicBlockEENS1_10less_firstEEvT_S8_T0_ round 1,96,805,93,16,17,16.020833333333332,"[16,16,16,16,16,16,16,16,16,16,16,16,16,16,16,16,16,16,16,16,16,16,16,16,16,16,16,16,17,16,16,16,16,16,16,16,16,16,16,16,16,16,16,16,16,16,17,16,16,16,16,16,16,16,16,16,16,16,16,16,16,16,16,16,16,16,16,16,16,16,16,16,16,16,16,16,16,16,16,16,16,16,16,16,16,16,16,16,16,16,16,16,16,16,16,16]",1538,206080
468-mbb-std-move-median-to-first-n29-d16.pbqp,22f5fc653c408aea36baced15aa371aa74c30c2b836791506857643a65a97804,# /tmp/pcaa-corpus-ll/MachineBasicBlock.ll._ZSt22__move_median_to_firstIPSt4pairIN4llvm9SlotIndexEPNS1_17MachineBasicBlockEENS1_10less_firstEEvT_S8_S8_S8_T0_ round 0,29,120,28,13,16,15.793103448275861,"[16,16,16,16,16,16,16,16,16,15,14,13,16,16,16,16,16,16,16,16,16,16,16,16,16,16,16,16,16]",458,29003
469-mbb-0-operator-n21-d17.pbqp,d11e78d40568478edb3d6dfed6b97c09e68941efb5cf346f9813d6c6b68d63a5,# /tmp/pcaa-corpus-ll/MachineBasicBlock.ll._ZZNK4llvm17MachineBasicBlock9printNameERNS_11raw_ostreamEjPNS_17ModuleSlotTrackerEENK3$_0clEPKNS_10BasicBlockE round 0,21,37,11,7,17,13.380952380952381,"[14,16,16,14,16,7,7,16,16,7,14,14,16,15,7,15,16,15,16,17,7]",281,4872
470-cudd-addabs-cudd-addexistabstract-n10-d16.pbqp,b0a042581b5974fc167539d2a14b6979a80d17cea66578743e4b108bd2483f3b,# /tmp/pcaa-corpus-ll/cuddAddAbs.ll.Cudd_addExistAbstract round 0,10,23,8,7,16,11.8,"[16,14,7,7,7,16,13,15,16,7]",118,2686
471-cudd-addabs-cudd-addorabstract-n10-d16.pbqp,ba18bb3049658bc7944ef2811f2dea9ad508664f1ab3303afbc0d5fa50c1a1e3,# /tmp/pcaa-corpus-ll/cuddAddAbs.ll.Cudd_addOrAbstract round 0,10,23,8,7,16,11.8,"[16,14,7,7,7,16,13,15,16,7]",118,2686
472-cudd-addabs-cudd-addunivabstract-n10-d16.pbqp,a76961d9c3881362fa8b2aadcbfbdd527ac8e43b09c8ec0eaaa3c67f171666f3,# /tmp/pcaa-corpus-ll/cuddAddAbs.ll.Cudd_addUnivAbstract round 0,10,23,8,7,16,11.8,"[16,14,7,7,7,16,13,15,16,7]",118,2686
473-cudd-addabs-cuddaddexistabstractrecur-n34-d16.pbqp,9832b223d35ca9a78be378b937b9e6e0354ca36a7434a53063938f2bc96074d0,# /tmp/pcaa-corpus-ll/cuddAddAbs.ll.cuddAddExistAbstractRecur round 0,34,135,33,7,16,11.970588235294118,"[16,16,16,7,15,15,7,7,7,7,7,7,7,7,7,16,16,16,16,16,7,15,14,16,14,16,15,7,14,16,15,7,16,7]",407,12635
474-cudd-addabs-cuddaddexistabstractrecur-n37-d16-r1.pbqp,f3a876bca497b4e8d3ec653cb50e7ea73aa3a3e7508b8697895217b6559c7fa8,# /tmp/pcaa-corpus-ll/cuddAddAbs.ll.cuddAddExistAbstractRecur round 1,37,138,35,7,16,13.027027027027026,"[16,16,16,7,15,15,7,7,7,7,7,7,7,16,16,16,16,16,7,15,14,16,14,16,15,14,16,15,7,16,7,16,16,16,16,16,16]",482,14245
475-cudd-addabs-cuddaddorabstractrecur-n29-d16.pbqp,19df18123e5684f535313f755be01610bd54c7b1f16101c1e928d38c75d515a4,# /tmp/pcaa-corpus-ll/cuddAddAbs.ll.cuddAddOrAbstractRecur round 0,29,138,28,7,16,11.689655172413794,"[7,16,7,16,15,15,7,7,7,7,7,7,7,16,16,16,16,16,16,16,7,15,14,14,16,15,7,7,7]",339,12859
476-cudd-addabs-cuddaddorabstractrecur-n30-d16-r1.pbqp,0f450befd02306b00e46c6e4e1bffa2ec9694bed2c1e1fed892f4526ca3ac1e6,# /tmp/pcaa-corpus-ll/cuddAddAbs.ll.cuddAddOrAbstractRecur round 1,30,127,29,7,16,13.033333333333333,"[7,16,7,16,15,15,7,7,7,7,16,16,16,16,16,16,16,7,15,14,14,16,15,7,7,16,16,16,16,16]",391,13505
477-cudd-addabs-cuddaddunivabstractrecur-n37-d16.pbqp,a0914f1c25522499e475b43d3af91ec639a3c10ea7456a4b2b52cb572d8a3433,# /tmp/pcaa-corpus-ll/cuddAddAbs.ll.cuddAddUnivAbstractRecur round 0,37,147,36,7,16,12.297297297297296,"[16,16,7,15,15,7,7,7,7,7,7,7,7,7,16,16,16,16,16,16,16,16,7,15,14,16,14,16,15,7,14,16,15,7,16,16,7]",455,14411
478-cudd-addabs-cuddaddunivabstractrecur-n40-d16-r1.pbqp,5b05b093a8270989c648385315a732dff623b6d92fa18401a4855735407f4d48,# /tmp/pcaa-corpus-ll/cuddAddAbs.ll.cuddAddUnivAbstractRecur round 1,40,150,38,7,16,13.25,"[16,16,7,15,15,7,7,7,7,7,7,7,16,16,16,16,16,16,16,16,7,15,14,16,14,16,15,14,16,15,7,16,16,7,16,16,16,16,16,16]",530,16021
479-cudd-bddabs-cudd-bddbooleandiff-n9-d16.pbqp,b21692b0ff7b4064ad9fa9f309d44f3e285ed99be0291c1b6e475f4c45c07664,# /tmp/pcaa-corpus-ll/cuddBddAbs.ll.Cudd_bddBooleanDiff round 0,9,19,8,7,16,11.444444444444445,"[7,7,14,7,14,16,16,15,7]",103,2034
480-cudd-bddabs-cudd-bddexistabstract-n10-d16.pbqp,46c7a4f044251b32698a1e62b010bf3f5d7b621a7df416192a6b182051373db4,# /tmp/pcaa-corpus-ll/cuddBddAbs.ll.Cudd_bddExistAbstract round 0,10,24,9,7,16,11.8,"[16,16,14,7,7,7,13,15,16,7]",118,2777
481-cudd-bddabs-cudd-bddexistabstractlimit-n13-d16.pbqp,d491c8c25ec792144259a415516352915e02c8ba873ad14e026bcc1b19bb5865,# /tmp/pcaa-corpus-ll/cuddBddAbs.ll.Cudd_bddExistAbstractLimit round 0,13,43,12,7,16,11.846153846153847,"[7,16,16,14,7,7,7,13,13,16,15,16,7]",154,4953
482-cudd-bddabs-cudd-bddunivabstract-n11-d16.pbqp,6314dc5560a289182fb9b4ccb98ca887f4c492a2d961256e3b3e9fc5cab16395,# /tmp/pcaa-corpus-ll/cuddBddAbs.ll.Cudd_bddUnivAbstract round 0,11,26,10,7,16,12.181818181818182,"[16,16,7,14,7,7,13,16,15,16,7]",134,3127
483-cudd-bddabs-cudd-bddvarisdependent-n17-d16.pbqp,527308d5f96e7d587e9f2d29163938eb601db09a5aecbf308d8b07d24ccd6eda,# /tmp/pcaa-corpus-ll/cuddBddAbs.ll.Cudd_bddVarIsDependent round 0,17,85,16,7,16,11.176470588235293,"[7,7,16,7,7,15,7,7,7,7,16,16,16,16,16,16,7]",190,7547
484-cudd-bddabs-cudd-bddvarisdependent-n19-d16-r1.pbqp,5ac31469f4dc0e0fdb52ee7b4b663b66c05f416f4a6e3d1e328dc5036fad3c10,# /tmp/pcaa-corpus-ll/cuddBddAbs.ll.Cudd_bddVarIsDependent round 1,19,87,18,7,16,12.631578947368421,"[7,7,16,15,7,7,7,7,16,16,16,16,16,16,7,16,16,16,16]",240,9002
485-cudd-bddabs-cudd-bddxorexistabstract-n11-d16.pbqp,76321232f9f5206e62c9a18a7381bd6c53280f6d3b7049558ab97285e4b2f072,# /tmp/pcaa-corpus-ll/cuddBddAbs.ll.Cudd_bddXorExistAbstract round 0,11,31,10,7,16,11.363636363636363,"[16,16,14,7,7,7,7,13,15,16,7]",125,3309
486-cudd-bddabs-cuddbddbooleandiffrecur-n19-d16.pbqp,640f8101750f7852101c55ddacdd69c9bfc7d64664b74d9f856ac50c639f4209,# /tmp/pcaa-corpus-ll/cuddBddAbs.ll.cuddBddBooleanDiffRecur round 0,19,81,18,7,16,11.473684210526315,"[16,16,7,7,7,7,7,7,16,15,7,7,16,16,15,15,14,16,7]",218,7994
487-cudd-bddabs-cuddbddbooleandiffrecur-n20-d16-r1.pbqp,5d1b9358fbbabf35029e7e06fc9d2f322317a2cacf19a6c3dad9f127b9d8761b,# /tmp/pcaa-corpus-ll/cuddBddAbs.ll.cuddBddBooleanDiffRecur round 1,20,76,19,7,16,12.6,"[16,16,7,7,7,7,7,16,15,7,16,16,15,15,14,16,7,16,16,16]",252,8267
488-cudd-bddabs-cuddbddexistabstractrecur-n37-d16.pbqp,e8f56718a82f34e22a280cca10635fba99d9f9ab7b05f2c7997db619afa95833,# /tmp/pcaa-corpus-ll/cuddBddAbs.ll.cuddBddExistAbstractRecur round 0,37,216,36,7,16,12.324324324324325,"[7,7,16,16,7,15,15,7,7,7,7,7,7,7,7,16,16,16,16,16,16,16,16,16,7,16,16,15,16,14,7,16,14,16,15,14,7]",456,21181
489-cudd-bddabs-cuddbddexistabstractrecur-n37-d16-r1.pbqp,e677e53bef4227bb12995a3532ecaf2de2b35dfb6959fee95f000e438c295df3,# /tmp/pcaa-corpus-ll/cuddBddAbs.ll.cuddBddExistAbstractRecur round 1,37,188,36,7,16,13.54054054054054,"[7,7,16,16,7,15,15,7,7,7,7,7,16,16,16,16,16,16,16,16,16,16,16,15,16,14,16,14,16,15,14,7,16,16,16,16,16]",501,20453
490-cudd-bddabs-cuddbddxorexistabstractrecur-n38-d16.pbqp,fb986e8d5ce0aca4a76e2bb7e1f885321105051419fa5b9388d56ab8275dbac8,# /tmp/pcaa-corpus-ll/cuddBddAbs.ll.cuddBddXorExistAbstractRecur round 0,38,328,37,7,16,11.210526315789474,"[7,7,7,7,15,7,7,15,16,16,16,16,7,7,7,7,7,7,7,7,16,16,16,16,16,16,7,16,15,14,7,13,7,15,7,14,16,7]",426,32359
491-cudd-bddabs-cuddbddxorexistabstractrecur-n53-d16-r1.pbqp,2b87437c7c5c0afc4bf8afae31f73240ca8bd3bb09e927612564788fbca5490a,# /tmp/pcaa-corpus-ll/cuddBddAbs.ll.cuddBddXorExistAbstractRecur round 1,53,295,52,7,16,13.716981132075471,"[7,7,15,7,15,16,16,16,16,7,7,7,7,7,7,16,16,16,16,16,16,16,15,14,7,13,15,7,14,16,7,16,16,16,16,16,16,16,16,16,16,16,16,16,16,16,16,16,16,16,15,15,16]",727,40861
